1f8b0800000000000400bcbd6daf26c771a6f95dbfe2ec00066c40922b5f2bd3333040912da9618ad47637add5a741beda0d886ca149d9d0bfdf3c71
dd2df5a3319a83596009903c514f5546646455446464dc997ff77ffdf6f5cf3e9beffafa59f8f9f5f46a7dffee4fefc7fad9e7bf697ffcc9dffddd17
efc69fbe5ddffdf0d55a73cd0fbf7eff4f4fbf7dff6ebc5e3f3cfdfde72fbf78f9dddb1ffee1dcfcf2bbf1873fcdf5e1aefffaa65fac7f7bfbdd5f6f
79e6f3f4f708f02faf7ef6cde7affdf35d6fdefef087f3ebe30f4f463dfdcbaba7fa7ccfbfaef7dfbf7df7dd3f3df99f5fd7752e7cfeee8f7f7efff6
dffefd877f7afad9fff93f8f0dfde5cf2757ebf5337ff90b317efef4d91ffef0643f7dfff47e7dbfdeffc79a3f7f78f8b1a5576bbefdfe87f76ffb9f
7e38523fb5efe6d39fbe5f4f6fbf7b421776a5bffdaebdfff3d37ef7fedbef7ffaf49f6f7ff8f7a777ef1fdb79bef8ee4f3f3c7dfb6ebedd6f477b6e
eda74fedfd7afae37affeddb1f7e58f3e98fefdffdc7db33604f3ffc7bfbe1fc673d36b1dffde10feffef3ed77fff634de7d37df3eb7f0bdb5f0edfa
1ba93fd585ef9fdeed0fb28f77f33cfda7ef7f38aaf8a19d3e1d9e4fadbffb8fbfe13cfea2ceefdefdf076ac9f9e1bdf7efff487d3ec736b1f8bf3dd
b446fe22eb63434790f187f6f6dbf5fe7f5fe7df3f2bfb230d7f10f8686bfee974e2ff3f999fa4a1a9cfab7d7825fef1ddfba777e797f74fdfb61fd6
fbb7ed0fdf3fb6f19791b577c3daf8a8873f7ffa8432be5a6fade5e787be6bdfae67e1f9a2be7bf7d7ab36aa6fcf3b7dfa45bbefdeff8d0cdfb63f3f
9da7cedb7bbafbee697d37cf2da7b9f7cfd27dfbee87f584464f23f3f4e17c174ffbfcf0d888e9f0fb77fb87ff7c7ef13ebcd4dfff718de7b7fab4f0
f6b4f79fef9fdfe7ef78b3bf7ffeda3f35da6f7efdf2f5d3ebaf7ff9e6779fbd7af174fefeedabaffff5e5172fbe78fac5efcf8f2f9e3efffab7bf7f
f5f257bf7ef3f4ebafbffce2c5abd74f9f7df5c5df7cef5f7ff5e6d5cb5f7cf3e6ebf3eb7ffbecf569e6bf3ddf75fefdfdd38bffe7b7af5ebc7efdf4
f5aba797bff9ed972f4fcb87d5abcfbe7af3f2c5eb9f3e36f4f2abcfbffce68b975ffdeaa74fa7b5a7afbe7ef3f4e5cbdfbc7c739e79f3f54f4d9cff
b58da7af7ff9d8ca6f5ebcfafcd7e7b7cf7ef1f2cb976f7e6f92fcf2e59baf9ea5f8e511e3b3a7df7ef6eacdcbcfbff9f2b3574fbffde6d56fbf7efd
e2e9f4feb1952f5ebefefccbcf5efee6c5173f3f721d599e5efceb8bafde3cbdfef5675f7ef95f6ae674f1137af9c58bd397cf7ef1e50b64389af9e2
e5ab179fbff9e969fdaf7f1da37f987cf6e5df28e6f56f5f7cfef25c3dda7c7114f0d9abdffff459a187c1eb17fff737e789f3e3d3179ffde6b35f1d
7dfcfda31affe685fe1b9d9ee1fefc9b572f7ef3dcb5af7ff9f4fa9b5fbc7ef3f2cd376f5e3cfdeaebafbfb0617bfde2d5bfbefcfcc5ebfffed8d297
5f3f8fea2f9fbe79fde2a787f79bcf4ca4d3ded1f5ebfffefcf72fbe79fdd2b4fef2ab372f5ebdfae6b76f5e7efdd53f3cb6f2ebaf7f77f47abaf2d9
69e70b1babafbf32f51c157ffdeaf7cf1c9ef56643f9d3a7dffdfac5b97e5ea5affe0b557ff6acc3d747e59fbff9f89923c91981371fe9e5e9ab17bf
faf2e5af5e7cf5f98bff65d0be7e6eff772f5fbff887f34ebc7cfd7cf74b04fadd67479a6f4c4dcfc37fe4e5cf97afff66b0f435fdd4de98a797bf7c
faec8b7f7df9dc3b3d795eb8d72ff5729ace3fffb506eff14bfdffe8915f7c373f7ff7edb3a9fcfe273ff94785134ffff821c0d86fbf9bef15531cd3
74228c9ffcc4f9631ac70f1f48fbdff8f64435f6fceb3f7fffc3faf6e577fbdd53e0bef9a73feadea7a77f7c75fe3866f5cf8a40fee118b2fd7cfdeb
f7cf16ed384eaeffcf7f79f53f2d64f9f0fbeb3ffdf18f7f58cf723e55bb768ca3fdff303d91ce57cf66f71f1f839ae75fed47c53384337fbdfce6cf
7f5c4f5e8dfcee37cf8e965f7fe290f7d9f77effc736d6fbf6ddbfad23c5ff38cf5ffffcf43f7e79fef9e76709fee68e9fb8d3be3ddaf7f8f7f6fe27
1f1ed87bcf7f7ea672fce7e7565a854a500baa19356fa86ed4862acfcff92b74a864945a29196a40ddcf94bb025481d29dd528ef8daad6e621a1ac4d
9f2f287b2e350765cfa501f7da8c5a19ea594e7f47b8cf7da836ae68d4f64679dadcc3a8c09d4721cf54d46f0b0a0e9b56a2e9cc9906db4811ca4115
2838a401158c3a6a352a1b75ebb90ad58c72fc562fa81b8a3b3dfcd0a7f33cd73754336a38a80ea5e7e8df40324fff865aa17f13c902722e9e0bc8b2
902c20cbe2b900871da06865db68ba689a98177d881e8a366380ca5026f57448163b141ca2493dbd5a99501e6a41c12fd166a09514a1682599d433de
50054acf990667824342168d6642168d66825fa6b76943a1b34cff6e5ac9b472332ab78dd82cc872a3178ded8d9c0d7e37b268c46e5ad188ddf47dc2
fd46168dd88d2c130e057e0b0e057e1a4dfb1adbdcbad35a595787da50bcd7f582a20fd55a598e37cbbecd4321997d9b6d691cecdb6c2bc0cfbebf43
f1f634d3d28aa24c9625cdb71b8ae71aad24de90869cd27547964c1f3abf355ae9f441fa1cf64eacc16f03a9a5dd61da5dd2e7404ee973d0a6f43968
73d1db895e163a9bc8b2d0d9a47f1b0e13ee5bcfc1fd59f3c734cb02ff1726d94debfad6304c7b25b6a30bd33e871da09687628896a97347bab0780e
c3e79675764bd5cb3ab43382610677e1b71da0e8c28e50bad3866857386ce4ac70d8a6c0dd4521278af798c88d81f6176dce0895a00a147d40f1fea2
cdad3b6973ebcee73ef40b83725c0814cf3967143a7bf62046e9ce6494a71533b4fd0abaf386522bcda8a83b3b54831a50ba734299a33c2ecba87443
c13d55a80035a1a2513835ef912c23a72f4615fd56a1f82dd0269af76676fbd5edd3f491df3a5247e494ae1392ad00c59d2b41211986dd67d38b9396
b27178b6efcf9419b0ee226dde26a7c3447a336087a2153360dda97fb769f0d9fe19459b37775a00d15de10db100e25068a9d04a8543a115f5bd58ff
5ca30f6542e94e3874b89b71eb8e8fdf57ebfbf3b76c5480d26ff47d6e287b27dc42ea8a2cd2524596ad56e0b7e943851f819537c3d7fd856466dcfa
f3eb665485e20d690d4acf19078ffbf3cd7aeb31adbe4d28643113d9bdc6a16d287eebf6752878f21d7e057e9d36092ebc19ccee1b6fc84016697020
4bd79d3cc7f7ee07b21086f8812c8421de4c64f7841adecc60f7d343dd50e86cc20fc7f57cd128dd498f30c27ec14fdaddc621c816983d3b14776eeb
6d209cf0db3804e9d36c560fc1fd8849f616f1f580728319a91ef20d754355a802d5a14ccc408c17ae05452bce1411880a026629101504cc52605082
a30b4dcfd185a6e7e0408c102c363cd482422dbce401631388df03c6264ca4f6f0631882a7477342d1a3a55690856822786459e28e3a892d82c5943d
3afdb6a1f82d989c9161081661f6c86b1d82718849d4806a50b442041622ad1015048b370f0507cc60c47c068b370f852cd134112b7d8f098ade4664
217e08f186d273054a1c90b38bbb8d431ce247df875a416a8d51426a8d0a26391277848464d275a2ef6b43c1613b28386cb50907693e1b8744e41db2
f53d691cb2b5923c6f08a63c49f3b7f14b0409e1e64e8d43a195222a42d126e63ae96db508f35068d7e6743d499f98f2247d569e93ce30bb493aabc8
327527b2607643b3fe651c7a680e8a3b9b49963d6f484b506817b39b71f601b39bd5774c6b4ee260fc72d66f0b0a0e1d7ec49ba17b28eeec018a6fac
6728c6afdbbb9471d3a1234b579bc832d58a69296f71e850fa0d3935eec364b9097b82c5b7fdf6a28cdf1dd004a6fc66861e2ca2ed37a14db088b66b
8e1ca6e9ec56df6786d29d26e77dd326e6fabed1ee349dddfae216bfe1a60326f9c691040b310fe5a1e0204d6ca41ee9474c72b0e8f3dc88aab1f2f7
e0a5c3cadffac4b0f2b7946b53f97e4bb918f67b9b28f1b2e70aea8c167df64214199d095d888822d16089fa6d4045285344490e6a4199ca2226b9e0
892366b7e40d655d2fc44711d35a888f22a6b51011450f3f3eb8e8e1c7471531bba58bc386e24ecc6e41d531d0a38164214225a80405770c74419f31
20e7549b050ac930de85d82906fa40ec1403722eb5899c8c43c4781762a788f12e78f788f1ae78f788f1ae78f788f1ae4e94c959bddabca1f49cc952
3562966438947e1b50488629af913e60caab4613735d31139108ba6a3413b2e0fa6342964c1f2cc9d02bae3f2664d1d862d86bb1373966faa7b1cdf4
41a3990b947e43b26153e48829af1ab19be7344698eb8a9b8ec4c555dab5897d6fd22e71719376898b9bbe009bf41f8a3784b8b8117d469bf4f726ed
5a42ee507c558d56089e22116d939630ad8d0029763848133d41c10163da08902286af755a1948dde911316cc391448c62c3f9468c625b6a05a9b7ee
446a9c68c460f64b777628ddb9a0784330a69dd448c49876bd91c4be9db0275a7aa077bd9f961e3854858a50f4c87200bd07b50207d257cfd181513c
b7e04032322e5ac169c795a068c5f203fd784a28fa47b81417fd2bba734035a809f563898bb8508b866821347140dc085de91e017bc76b46bc439701
c33b74a2acb8e9905ef94d873a8ac0739c46a16cf8ba861d17d035ec9b2e90eb89b8804ecc1571019d9443ba909317245dc84976275dc84904962e64
d97ace066c5c1e6a416d28e33078411231fa60a0130e61783810950f629284611f0c74c2780fa2b384f11e090e18efc1d0260cf46030134678148bf8
12867610ed26cce7601c1271ea201e4bc4a9ca1e27ccd9408329c1010da644df89d512a66e489f18b741bc926c45a1cfeb86ca50f40f533731360953
3789f152b6177212d92462d889b149965d3d14bf610695cd4d965d3d947e833b914dbae14e64933098f3d66fa6b349b49b0ab210f125225a656c1311
ed6ce893e4c4ecba13a9bbee446a9c6fc2084fa6c809233ca5418cb0b2b909233c49d3248cf05ce88c087ae2441311f4c49c250cf494e6495c2cd65d
12898b75a94d936549f398ebe578b388a797474ecbd1f615746781a2ef18f6454c9930ec8b945822da5dd2fc3039179162c2242fe91a63ba881b13c6
746119120673e1d412a983a52f9564c15a7ace34bfa41722d37dd107cce726c84bcb24db0402c992a687821f667013ba25cce04ee80c5bb771d3097b
b6099e12366b132e25ecd226244ad8a54d48942c343d4643770ea370a9c96cd6b892ee5c50486636eb503f6692b399b3a10c63b605a8434da86c145d
c896c6181759b66c91f0b8c803e50b31c9b2658760441ad9f31cb145b664c15016317b9e6391307bbac7f250f6b4b2ed05c966dc86c3bfe6e0a068d3
b29dc77ad207337c874296c86f21432528b85b1c371c0acc090e283027386018b299ace1f8f8b3456787d29db452e097790e17972d563b14dccd801d
6a4399261c4b9439c3411a34737628b8673874b5b9a018a36c03adac65bee9034e2ddfc8a271b8d1c4d49d68828f239ba93b947e434e8d982d1d0d4f
9c936de968788d834dfa87c78d658b2287c78d659bf48fe704ba51050a59ccd40d8f8bcb66ea0e458f0afc3c6d9aa91bca68e60a3f3ebf6ce66cf8a4
df6e28fd063fbdd7166f1e0aed5aea60f85bbf218bc6b6d13f16e6b2a50e862ff4a8d13fe2cddce89f46ba218bbe8e862c0433b9210b2e359b191cbe
e94e7acb5437777a4bf8923bbd257cc99d563462833b5958cd833b37bab698720422cc6c31e5507e33db047d04d680b299c111b27e334d04e9652e28
245bc6211451190a0eeb86a215339843a9c9bce0876bcc16538ed0f49b69229020cb0b59ba5a4116428dbce9110e2f9bf91c81bc6fde702704cb1b0e
38b58cf954c231633ea3ac06e633b2b499319f513604f3199919ded8c84870715bc837222eeeb6906f2835795bc83762d46f19aa40999ccf93b94f9b
e41bd31ab31eeb50628e987785424cfce4ed10b38a424c86e1768889d7bc2d553162d39d114abfd105a290dbd185aedfe8c2549b36d09148e376c8b9
f51baade6a05556f9b2edc16d19e303540792838d8f2d7480cc36d19e943d1a6c5be87d29da6a5a461c03d24163a6f9be68f443471db347f24e9d362
d891a4338cbeb29637463f31bdbc13cfb1987963f4933468ebfe23498396873d149ac02427ccee7dd307e90cb3abace56d4b5c2744a7150c6d92062d
361c597ac1b865924b37662907e4b4a5a343c1dda2b3437528d344267ab9314b592f2466291381dd168f8d8cf9bc3b1c309fb7651f47261d715bf671
6469104394317c3786284b4b03ee643bef01776969d00ab1ef3d798ef8e8b6a9eea1786ef21cd1d23d915afab4586d64c2897b21b5f4b9688594d16d
53dd91496adc18a91b537063a49425bd3136b73e7e9b7b1e8a3b6d7e399433bd6d7e7928a4c610dd1a154ccf2d538079b9a37edb50f63d145bb61e37
a146b115a171a3f9c2d778136a140f3fbee9c21770575a21ec5106b5d87cef50dc19e0c01b59021c58032a01c9a69e4332decf62eb27879a50e88520
a11058dd4b77c29d712811ee3b4199ae0b2143b179e22844b4856fac78fdd6a0369469b00407b5a0e060eb1943e9d562eb19a3904e2a190e840585c0
aadca2e0207d66383cd7547dd2241762ae526cd80b1f71c1d0166227e55a0bb153c1d7979bae13f1951b5188f8ca8d282d43210a5141b1859643d159
2bd01985a8ae140fa5df908545bb52908545bb52e0a7012bf0d3a0108155a2ba425c5589e38a4d2147258e2b36851ccaa01662ae8a2f2c98a58af72b
36851c558ab729e4a1f49c69b0b2305730609548a360c0aa860803a6dc6721e6aa44600503568b7e33ed568d832dd71c8a97c0966b0ed5a1e8ad4605
535789420aa6ae0e51f01b7c54c35eac4acc5506bf2d743d6893d8a258c66f34e91303d6705cc5164c0e85266cc16434bdf218b7468eaf60dc5a502b
a6c196440d289eb3ca9ed1706a85e8ac499f18be76d35b0c5f2b7a0eee55cf99cedad073f461f01610653562ae82e1535eb460f89a3e770c9fb2a4c5
d65d46c7b4169bdc8eeef45c83d29d1d4a771af7eed12e26b2f39e5522b0ce0ca11281f5e0a14c133d3aa804a5e74cce8e06eb852ca943214b529bc8
42c85009b37ad173c852edddad84591d175709b33ae15225ccea833631de9defaf124a75de9e4a28d5099eaa2dd98f8196aadb50360e15a33fa40966
d383e5d9ca6c7af0be54e6c103f75e7108439ab0759731b2ee849f7a6b459a87ca50034aadd85b3e6e3db7a0cc86541cc2902670088390a84638482f
110e5d77d20aeebd12740d1c504db4f2ecde3f69926ba27be4492a5e4555a715af32b69a3425cd4b777628dd699d554eb1e255a6e305c1ab4c0a6d2a
53f9491c502d4f39946fac789c491c5099e64fe2b1ca345fb9c88a3752beb1e28da606056fa4ec63c5e54c96fe2a31e564e9af32cd9f78b1ca347f16
51c8594521a78608773489c72aee68128f55dc9132931577a43ad34a9c3a3544c4a99308ac921098c401155735350eb82a651f2bae6a128f555cd524
1eabb8aa75a99506a5564c96e5c46f402135c9828531ad38ae457456715c4ba382e35ac40f9584c0d238e064965e729ccc927671248b3941c5912c4a
a3aa954d8d85ebaf389225cd775a69a2e891b4dbe911b9dddae1205d777a247d12332f698998791349555b723a147712416f66471507b489b22a0e68
4b4bb8951df49c8dedc64d571cc9a672a9e24836954b9569fec64d5722e82d2de14854225a99e66fc2a5ca347f9320ab4cf3372ebc32cddf84441507
b4a5335b1f1a5b3ab3f5a1b1a52562f44d485471555b861657b5a541dcd126515271479b20a85a42605e97384c28b5b2a090d3dcd131212667337774
a802e5a00694370acd374ba81e6a4265a3829ebba1f45c338a1942337774a80a859c496d22278140bb9033a94de4c4a234872cb7286421a1d36cd67f
285a71c84298d56c663f554cdaacba6c3e43313e6d929b434c86af39c424866d36793f569726030a249a6801052efd8628a40e9a550f1cfb8c02cd8b
4de774a7f17341d484e2399bf44f2795455a91cacc1b4dc7d2588bb4c2d2588bb4822f6ce6a90ea53637143db2d4c17452aeb9a3e9a4322bd33a14cf
256469fa0d7e3d40c18f1c584bf0eb0d0a7e78cd96e147acd62ccf3c1d13b566e082e988c05a46166930230b66b799e39a9e05b6668eeb50bc66e6b8
a677e2603af3944635734ed307fd36a0c46f42a133734e8742bbe69ca6273a6b96839ecadfb6dbe4540d6a33c7353deeafddc87923e78d2cd2ae39ae
43a91564214dd36e64a96ad3f4e989499a39ae43d14a414ebd9f053929be6a0559a4f9825e061f8e39a7e9a9556f05bd10f1b5822c53ad20cb143f64
d188156421ba6e157e1abf4adf357e96c99e81745933c775287a6bf3a819c8b137cb2ccf4050d2ac3a6206e2dbd6690503dd3aad489fe672666095a2
5942670669d0123a53f9db66099d43d177734e33b0b4d9cc39cd40c4d706b24883b64c375568da26524b2f137ed2cb841f615d33377628fa3ee1b7d5
0a3d92ce26fc366f9dcd954ecca55626143ab394d18c8475cd52465319db66b3aa19499735738633eafd346738a34cabcdaa66d4db6ab3aa43a9cd1b
0a59cc19ce78ab1564218fde36b250d5de36b250c3d536b2105cb48d2c046b6d23cbf8b1e5bdb611538adf8829c56fc4d42b687e724656219bf9c919
f1a16dd385a53b4dd551c3800f55a6b7e143a38c0d3e346e75c85eb3847fedf8d044f4d2f1a1ca02770380cc44f97bb729dda12a94f521e15f3b3e34
11e3757c688afaad43c10fef9718cc8ef74b0c66c7c3254a8ebaa31506b33b5ab975277d20eae91eee0c5ff73cc78075cf732c90765bda3c1472dad2
e6a190c50af2a6aa5c3bce50d9e36e53ba99a67ea30f94c6771c65a226bbe32813b9ba1e6893f1eb01a919bf8e33cc1a07ab523e1477e2e232b14cc7
c565e9da266a87e2399ba8cd4c64d3adb46de6a0e76c8cb2c601f7975972ea96e33b1452db6c6ce6a8564c4b9905d98efb5346bae3fe547fdb717f99
05bd8ee3cac4321dc795893e7ba67f4577c2819451c771658d98cdb8662649d433dc49dd759c5a264eed38b54ca0d3716a59a38953cb44ad1da79659
c2eb38b54c515abfd1120bb91da79689683bee2893d6eb050ea4f57a8103c153c7556582a75ee0a0712f70d8ba132d11fb76dcd87de9b70ea5564c4b
37d16ec755dd7a270cf5376fbd1396383c143dc28ddd7a272c39386f02b28e1bbbf586e0c66e7d9b1559887d7b451662df6e89c37913baf5063f9c5a
b7d58d799354ec0d7e7a271afc98bbf4063f42b7dee0a76f1ab779ebed69f02312ee36a79b37b3956ecbb3f3d6db834bbdf5855b5aefba9e934b9f34
c9ddbcd8258457372f765d370a9c80a68942ba79b143a116f3621fe0d5dda66d1fe0d5dd2663fef219cae0ce024677f33f1f80d1ddfccf076074b709
d7076074b709d707607437dff40118ddcd91b42103bd81fc02b3eda0fe461005c498f8af83fa1bc47ffd0330da5a190246e3438780d1948e0f01a3c9
340d01a359f61ce0030753f2013e70543d87644dcf2159d39d86471c68770850ddc51da9fb821230da430918ad36058cee500246ab15fac7873a1cfd
5ba2e81fb0d0e1e8df829fa37f8ce600dc3d89f806e0eee9d40ad0647283c301072629351c70602f0e4093832860d241fc800a473d075418b33b1c50
61d0890330b9524dc303152e190a487341169be1b549c67d78faa071f0f4a1a91564c1280e80e673881fb2907f1f5eb065b41b900517378260cbb419
900528cc00a03e29c41c01083595440380faba440123e65b1936bf3c14520700c018be01947d61f80650f645b67a0400c0a4fc4604008ca91bc0dc17
c66d44019c752700609ce188008029271b1139339a88c8a9af2322e7cd38008f5f98ac013c7e313b1ac0e3571107d3f5aa92853e54c9421f98898e84
9c841a03e8fc9ac8928065ebbd063aafc2ba01747e49f340e7d7569bc84970386ce67b625e64013abfbdee047fccd2dfc8a083995f0e73fd4de9ab91
8570a6cd0c3659bacee0889febf43f69924706b69cd4083062a93323a68c0d48fdcd7468dc409329de1937d064208ee3a64d727ce3060a4d3dec00c5
bf89dcc60dbf250ef0932900047bc914dc8234d34a11a499cfa108d2cc9d45906664019b7551a33928f6bf98268e02a459af2095ac57549b808aa517
2a59afa436813b67b5899c597722a75ed68a9c32e554b25e45bf21a75e4f2a59afaa3b915306854ad68bc9fba092f54c79a1e80331d7006a70695480
1a5cac760faa5c2f5cdca0caf5d28b0ca2cc31691c20cadc250e4077f5b20abaeb68930a5887c31b20ca9e37b0300aa8b0b44b75acd3074e3dac2310
1840701d93c6d105708603d00615150e70624e5aa272d6494be0c4946a1ae0c49cdc1f3831c71472801373727f9dde32791f9dde52cb3d3abd25de1c
0339a54160164e661798851248435061bd91c02c3c6b2bcfbed428fa47bdafd7fb49bdaf679e3104230e6a459066fa2e1831f5c583ca60cfac630838
0cac7e0097f07a7741a979bdad021533df1b02156b1ca813f6727fd4097bd902ea84956a1ac02c3cc990b1d00449beb1d044d76f6882f9de0082a194
d1a0dad82f3d879c5b77222750b4012043257f834a64bf258bc0cf68974ae470496a90ca0a27405d049221433069695e3069b938901581da8c01b222
c80883c90b727800ef826c88e0d51a07c1ab9fd3ab9f36c9425e673118507c8c803582066c0b342d31e91e11ca04ac11c0a94cc01a81fcca04ac1188
5ea645983d1045ce0b28344b395300eeaa3be91e9fd1bce81ea6675ec8c9046f0adccdb04f27e835ad3841afe1c70e1401ff3a4112aada710aea4d46
6c82248c4cdb26e090c8604e76928818fdc94e12aa619c80bb231fce04461219be099230e2352748c218d526fca2da04629cf41b1063dcc314809b31
9a0270334633202713ae29383735b613304ac4dd4ed0829105b629a837d3af29a8b74645506f22cc29a83799c929a837c66d0aea8d2b9e827a4f51e8
45e320a83731e514d49b7af429a83719c6095a305de2d7a1e82d68c1e4450950cd7349806a512659a2046fb2c346c23d4c20348929eb0442a334d404
4293a8f09849a069c62f214b130764196a1359989f4c20e249ef1910f1440270662463b6320511a7c676824054a1e204b29348004e203b99106502d9
c9ac2f4c203b99587b6620cdb8d4098027ebdd05c09399354e708c596fa425660e85d40078b2de41003c4a0b4dc2a5cc047d122e65eaad6611489b1e
112e6562df49b894c95d4fc2a54c5837099732d9ea49d89309d62661cf4db036097b6ebd13843d372b5793b047299549d873e3fe2661cfcd6c7a12f6
a8a87012f6dca4d22661cfadaf91b0e7ceba53406cf442d873332798043337f3e0093cfe1e3f567131d9a2e4c6374d5040373e66120315d06d931848
157f9318a8b097d724062a949a4d62a0c2b2d20463af1abf09c6be0471000eac57028c7d61796f82b12f206f2618fb82eb9840460bbe7e1257a91a70
123b95a256e027f3429c53f45111e714a98c38a7e87521ce295d770a260d872198342fc1104c1a0d0ec1a4e92d50d3422435819a96ad3b8103cbe803
35add235f151d507079cb4eaa3024e5ae51e404755bd66c0492ba98339057e86df14f819a98981aa744d0c5489a4e6042aacd70c186a9559223eaad2
2ef15125d29fc447b5220bf15195e69700ce8cfb02a8ac8f98f8a8cae8131fd5aedfe843d773f441e3407ca4b2be497ca4b2be497ca4b2be497c5465
ea888faade72e2a3465e74121f35e2dbb90585a60f5b5068c696d8a931499dc44e4d2e80d8a9e9bdde8249eb3700c7a4ee26b1539383dd82494b4eeb
5fbbf59bf5a1e14417415023ec59a0521bc1cc62a79a463a7011e83474bdd8eca0e144179b1db4aee7e03774e784b2515904338d44e5229869e4a717
7bda341cec624f9b46b26011e834568b165b6d758ce972c09d799317fbdd749cc562bf9beed5264065af56002ab3bbdc62e385ce0c61b1f142676eb6
1c285f92600b0c6e2709b608b33ae3b008b33a9a5f8459fdd66fa091b12f8bc0aa6b1c08ac3a6ff92278eabcc98be0a913be2c82a7de7f6c8f8b455c
d5350cecfad5c9a42d00c09d1d2f1600e0ceb2d262f7864e2cba88c7fad49d289e2cdb221e530de3221eeb4badd0bda556e81ed39345ac36984c2f76
76d0b69a2b08fcbca0047e468151e06751023fc38f386e10492de2b81133140067960916b19aaa1617dbf20c66088b6d7906466a45819fd54a87d26f
f4a1aa15fa50250b7d68f496a86e681c88eab491e622aa1b5377222719cdc58e10ca172f41a8314b4b306922b0458c37304b8b184ff9e2451c372ffd
b6a1d0125bfd4c4cd612bc1a77bb04a10686b088c766d473c09689ab5606b64caa62096c4d94b504b6264e5dc46af3d66fc822cd0b884d167f0988cd
4af8ba8134e31ed60da499f4c712f4baea3781add1f52db035dc05cb26f65db7c0d6f4fd16d85adc05b6e63936289a24e4161b146943cc45c437710f
4b506f992c41bd350e24c8160e6101e75e4e6d0277f6fa0d1033d9ce45a4a85cf222525c7ae7890617ae6311f12d9cefaa024da341223ee58497e0dc
d2b5e0dc24dd1689ae25c34ea26b91fa59827a33db5c24ba16c99ec5b64adaca7211e42de6430ba8f7964966eba44da8b1d8b14ee5878b404e39dac5
3e749b187611c86d195a02b9cdf2de229053c1e12290dbcc211781dcd65b40a26b4f3d07481b78fc22c85371e022d1b565c128bd5401e0a2f65f49d3
05b0c97669fcb4490624a02ce9b2f86f282fbac043a9e66e0d01aa51c40018ddf49b00d57a0e6034fb2c2f6a3b2f99796a3b2f96a316e0026de0b8a6
a0d7fa0d0e4cd41640d06beb37e0dc1a4c2a449d5e4f8007daea7101127dde48d828c0c81482ad091899e9ec5a0254f37a2e01aa911af882937901a2
e0c8172f2a4b95df5c548f3a7dee4bc0685ec82d80337782d472d2c406063ef51b406c19da2df03343bb057e4632c00c5e7107d5a3ca4c2eaa479599
5c8019bc3e5bc00c9ec2fc05d45459cb05d45459cb05d0c1937c59001d3c1ff806e8a02d1bf725b8f30d05fc9869f006e8e0937e037e4c367e0374f0
e8730374f0b8b80dd0c193f6da60cf3c4b401b6883b296db097ebca0e04e3cbd8136785cdc0609eaa79e833b9adf401bfc542b7007babb41897acccb
0625aa0d1cb7434b24193698d140ba6583190d04101bcc68c0c56d30a3c1e94e935339cc0d944239cc0d94220471007ecc0c68b3f94020c9b03d5068
6640db62b511083536c8d3405dca666382a0710090a1b4e5069011c82c6f107a8199d30ec8594421275fc006ac11a84bd980350211fb0674a114e306
6917f8de77047abd75a780d1fa4de067f402202392a6d92064a3f409423692b8d8a02e226e6c2790c3c4da3b811c0efa0de430b39c0d222346b50972
586f329b2b44e91a9c9f928a1b4446c47e6e1019917062b3d542bcd78f98e49d013f9361dc992e50fbb8816ec4aadf10932cf006ba11350c4037b40d
e466878648fe6803c888c4161bd045c4106df08171e84e41a8e10020439b3b6e001991dcd2067411314b1bd04524d2d8802e1293fe5d04a88603a08b
e4440950cd30b04343c29c6d0019ca4c6e001929e837c0cf4c9536bb37247d1c803512867d03d6486cc4bdc115a6a43601389393da15396f3e5b7676
48c4241b046202bdb70172a8946e03e4d086911b20476202bb41206ac3c8cdae0f09b7b90179a48e64a01353d77300b8a72413109bbe5701b1918c1d
2194dfdc825e13236c41aff5e1087acddc65032ac938cacd6e1199acde162c3be837e0d532f30d6074529ba6cf4c9cb305d22e6ac5e4ccd21960944c
94bc05e0d6dbcabe122a51dbec2ba1fce6ee025ba3a58e9ccc1a7717d89abe035bc9444b1bd84ade6a055031f3bddd0115cb5c1357dd32d7c4553751
f226aeba65a0099e6e56faf700962d4d007eb9f5661120dd5977027026d5b44166ded212c8cc5bee6f208b0ced44163943f6cdb8f5f5b36fc6adb70e
78cd4d3a70133cddd4076d82a77ba815249b7a0ec9a6f821990c34c1d32d1747f074eb0b2778ba597bd8044f4aa16e82a7e2f45b80a24d203b45069a
c04ae9d50df6b3e81d04ce53a46b82ae22730d9c47c9d60d9ca7e8eb27202b7a5b09c80a21df06ce633b5b7eda2483f4d1a6971ba48ff2b71ba44fa1
ee7313e315f957e2b82283421c57a8f1dbc47145de8158adc87813ab95aa5604b6462d5b606bb5822c361d729c7e72a80e2520b6288661ea4ed46946
e350a873eb4ea0c9977e03267de93960d296b17517f118195b77b11740b52ca2bb0097564f9b4467d57cafbb88ceaa45988702b21de0405c55131c9c
80d8bad37a4bc6d65d1eb8b3191b771173d5220aeee6280f057733d08782bb656c0f05f7060762aeda908598ab367ac40e06b523199b41d54edf89c7
ea1077fa60499443d187892688c7ea847b10641b7ec46375c38178ac6eda241e63bbca4309b2dda004d946ce20c8b6ee14645b6d02d9d63800b36d01
bd10b9b5c4b803a56d09a981d2b6ac5636147d67df8596e10eccb665a4666f93561807f6366905c988ff5aa1efc478adc28118af553800ba6d0d3901
dd368d11715ceb484d1cd73a1c88e35a47d7c471cd5c87bb88e3c8fb1e8abe4fa46693acb6e83b315e5be88c18af6d3810e3b58d2c046b6c9de9387d
e85070203ceb66dc0e05b85b9a273ceb01ee6ca0d523630bb2b647fd06b83bf16611c8757d1d206b7b461602b97ec39d40ae6b1c08e47a81fb2dc038
fd2358eb0d3909ba7a833b4157efb442d0d5f5051074f5ce5b40d0d5875aa17fb244045d5d96a8c26fd10782aee72ae04f9a64c7714aa36fba40ccd5
350cc45543068cd8893cacbbd84d6b04bac06e5a23a24ee22a8e453a14b8767d00c455cf857f468102cfb4425c356e5140bd6fb81357711092bb88ab
c68d9288ab868c1440de519193dd22a805761731d768e22eb43a5237a1d52527fd1be24eff067a211e1b137ec45ce46fdd45cc3516cf75c1d5792588
b98674dd055747ce2eb8ba2840da32fac088a75e72e2b119e811f1d88cfa0d9076821f311707131d0a90f68d9c6ce04356f650010a7d128fcda23b01
7017dd0980bb2019c9ac59c48f3e54fd461ff4920f01cd9193786c4abbc46373f0ea92cc622b4b7791cca2c2f750c661c978138f2d1906e2b125034d
3c463ef55080ad0372128fad48ff88c7963448ccb5642688b956a20fc45cebe67d21e65a32bbc4554b667709f8ad36e1d7d526fcf42e1104ad819c04
414b010441d0dabcad24baf605872de037df83a0d08efe090aedd12e01d20ee89344d70ee2074c5a9a2045b5b3da04889d8d3bc7990dca631dc7998d
cdb8739cd9d8b662722838f0fd3942a26d6196e338b341c6f65080c2f9e21c61cfee6a135978271c7b716cb4e40889362ec71112ed09072750b87e43
13b60599e3f8b44959ad73023f5ff013f8d9d107819f9dda046c1d901330181b703a8e5d9b14c41e0a4c335f9cf300b1712bce03c4ce3f02a83e370a
a39d790c0835d199f374818fd179e1b7518ba70b1a069068d4d13a4e799b17be8953de267966c7296ff3c2bb3b4ff7062a13649b78cc09b23df51b72
e2715c40ce8dd4013937727e007723e7077037720660d917b208dc6debe9870226edc40f983486cf816e73bcd62e029326e6e28cb9c901438e33e60e
a53b81491357398baba6231276828f135739c1c7a55d10738ed897b3e90e852c8296577110809b3605181f3c27c0b8f429c0388ec409304e44c46974
d3496720e63828c83910736cb9e91c6072efc401c0b1340862ce630a388d6e929f3e1440ec88d400c67d849f40e1893633e0675cb813281c27e3040a
d74b2e5038b19313b8bba02581bb2bdcc1c179bd9137fc9a2880df444b4ec06f99895b406cfa7e0b888d9c02854f6411281cc7ec040a976110281c27
e3040a67bec0c9783348d7a0f0c2c53b080a2f489fa0f082e79d078517229281c20b51ad0062967641e185247e80989364b13e04bdbb80c94311bf05
c5975a04e0a6b720f482cc6ea50f32b4953e10e838d07b81789333fb66907601a1878164953ee8fd04d9176476055097760550972d00d91716725681
b4e94315489b11ab0269a341507ff192d4d6bf2893dc00463be404114899ab730d60b434df403f4bf32002a32c0388c098901344e08f6ece796e04fc
2cbbdee8021335d7e8c22de6744183d2e8424514a083d4a71e0a51ba7ea34d2222d76953deafd3e6e0e300b71f27d4004bbee03ec092ebb506d3cf41
418e430f6794491e40a12f380cc0d632c2e0fd93140fde9fecb17303c0b1143f80507bfa30803bcbbc0ce0ce118abd00c8103b8e479c495e93bd0092
b4cb5e00648f1dc723ce245d4fe4544c3291539a9f8265a317f6094855bf21a7c6610a964d6fd92720c9244f20d47ae527106a1914f610a072d639f6
10488b8f8a3d04a89c3d147d207273ec219089dc1c7b086462354e679cd9ab4d60d28a341630e9a03b013133b975ec2890f5ca2f40ccc4b09ce338c9
2c3bb705a1a6cd2d083563cb6e031c68e438e3f1507c8c5b806afd065059c69bad01d8f0d371c6e3cc8af1d81a20cb78b33540d65bced600794816e4
34908ee334c89949f6f84b7067078506b72820bfc4719cff386f5beb709cff386fde3ace7f9c54ce3ace7f3cd48402d69bf49b20c6b4c246011c6fe4
38fff1507a0e00f02d0e408c6f3d07c4b88802624c90c0d990f32621c0f98f6de0a639e3b10dbe31af43783d7a01ff38087b3ce8c44152c383bb1bcc
487cd261c1190a542af3139fc1b692acf399df1a77026f1b7c0f1e08dbe87000c2c6e10f8e731c9b66c59cc7d8ce04d3a82adc2b5ae260d8b191acd2
5b66be9cabd838fcc1790e869d58224e4b3cd48f2cef390e4b6c532ae324d8e911ba0390e5c3f19cfd3a23627232ebcc08c6c9acecbe762840a9e47a
fc120816952d816051c4025c4a64e33777da9eac2764a64d5b80729cf5d7a62dad9c001a882a2f791078163f19049e35dc8f0b02c15a5da40b005d17
514800e8ca4e692e0074e59c0617044325260982a162a08360a198174e9c6b8ba40d27ce35ce69389400ab1b8a937cf95402a71f2f52389c46d738c3
c171e25c5b190e19c828fa0ce02d17291c4e9c6becb076627a20a318e850a19830870a8094882fe8ac608c466882a8c25d270793210e9dfe2df80d00
a4441ae1c311b9f4680120e5130b3a3037c06181e8648a1c16884e0c6df870982e6d0296df7626e1998298d4db96e95c042abc995545c648d3d9c838
6cab87381312b09117cf0174b80c3177281d526bb2e8e025760b733a5ce94ab422c4a3ada61c0ac4a324a310cc4e8978a626141ca8cca756c9458aa8
2ee24d1d99c4e10f4ec7145d6481753091e6893a6ee8c235eab82136fa3ad321b08acce912d5c60ee39da805e6d80697a8f775bc9f89fa5bea8a9c4e
bd71040289825836e53a14d848e67489b25357e047d9a9e67489b25387b94e5187c6c2fdd671af70d021b5cc1e12c5818eb482ce81d14c4de7ab7000
824b14eb693696aa8e74e539c688c3119cce5ef1d20478091fe8ad8e668dc8a2035749d32421250990929092d2cb07e422b250b5cf065a679a0807f2
0349b8c2063fe10a5927d0d9245611f44993cca922dd3379c820e63cc982ccb0b3f395e31c91ee5926e01c91eef1f59922734dd4328724793c7fa6cc
3b1896c8651d2c8a9fe41c911e5818c80ca6a6589cf9712864a18a973db25ca65297d3100e2524211c404051a0e338d7a36bfac5f91c3de0513921a3
07bc660667c43e588702fe48fcce29183de0353905a3b30f96cbbc0401af99a9998c171c80a6445c1ce73bf488e9c97c8c9af2644017111797015db0
6795e3d4864e698dcbc017222e8e730c7ac48db1ed7f8fb8b15b68411cd72db42066f7165e0f3776531fce4651ee162a0ec7750b1587e3ba853dc355
dd3a9e9448f8ce42cc0528507198825b8795e29c6eea841306ec0650cda6fceea67a3431f1bd870e16e54e4c56c23db08d7bcf0e7ea04bb3e7398015
6c81e40ae73166dea5426f3331171b94f7cc2268e1edc9ac36942c4499e9a5087f85992f80896e5653ca87233ae10044882d745c01c47213f1b17773
67131b57748625ef67d119968c267b291faa43810c6bfa8d3659faab4e67666628ee245bcd2ec1fde66bac51f02f9e8b827f59dfd9dfb7174c1d5bec
76aa0e5cc5c515c2b38a96a841706c79db0b669e2d6f3b9bba3b369ded05e3c6a6b3bd60f42b78bd72c39d6aea82d167c3d65e7893abe05f030e80ac
0a669ecd557b21a951814015cc7cc59816cc7c15cce9421382394913021ae102d836b4574c399b73f68a296f00472aa69cdd320f651c1a688d8af16e
a0352ac69bdd327bfdb1b3f75c8b425c99729b8eccc4ca371d9989956f404d2b2987a6832931e54d0753326d6b4918ab0905c6ca4adb1cdb551e8a0e
f11157229b06b8a06e51b4823ad95ab26b8d9ead1e7bc3cc37cafbd956dd354c64e3e3683a4492e950031fd898c036cacab59ecee687bdb1e0c5e687
bd61e6db10568ae77488a454cdfe020d33cf9686bd3189634bc343d10a2659abeb6c6978283408eeaef1c1b1a561d75a3b9b181e4abf81b1c275b089
61d7ca7bc32f375c4717c20b43db4155759c452792620376d739abbbe33a3a6775b3c9baeb421d11fb76418bc8aa77418bf834bb0043b89c2ec0102e
a70b30c438740186a2380018e295ef51c74d9ace3aef59c701b1db5befb8db9e859ca24da01b9d8fb8b3430a1bb03bf63feb9d4f9a7dcc7a9fa2780e
57d58136745c5507dad0a541000b5aee6647b03e705c1de0c1c0557576e618d2273b7368bacefe607de0b83a98512d8cf7a9d319b973ea7446b8832b
647b2bc7c65b7d1099761081a3c29d786c60cad96aab6b62df41040e627436de3a948d269b64752d770fde9781331c18a281331c3a6fd2005f8e4d96
fa64e6c4264b7d921d6793a5cebeea87d2398eb4098c6be24487004a14050cc18e70a243201d9ce81048e78603867d9201d7de346c3ee5b437cd648e
a5dd6126ee567bb0b0a594d37e29134ba4fd52d844ca8da1530f6985787a919fd67e220b53ae3d4316b331ed19c2d6504e7b863cc3043f6d92b59d08
9b971f4a08211810862f8c9bb6f7604729a7ed3616d92bed86b198ee69370c4dc9b51bc6229faa7d2cb46a3d2f21841a14fcc85e4d5e8945fca0bd07
169338e1f6b5163d31e59b25bcc9f0692d7a327c1b254d3e54b62477028c6fbcbb00e31bef3e851ee295102c74e397050bddf8657054e775e64e0a5f
2ecc3c489f7161923fe07758eaf800d2c1987e00e9f0822c2a12b4b429108b16330562b9880304f2709e36b780311d0a600ca640200f87e717c8c361
18362be88e04c4be745ee10d452b18d3ed04a1e13927084d86e24c421c9ee0128e9116b4c1e1e20443d0547753b0e6301a821a389c9aa006aee93941
6f2214bdc5a9095cc0bed56e73a882c3396d9d57c84c667f383f107e54aeb361905305baa78a637f38079036195b8fab522539bb511f0ae008ee4855
d11eb7b2a975f1b895ad53f348dd6d6a56b428a90a5f8f93d980acd8dcc7a93697dda19d6a733d0e48b5b91e07a4fa5b4fc24ac5ab1e07b4a9db603f
68a70255cd7c55a0aa99af0a5435f3dd020ce1aa54a0ca36405e05aade968abd0a5459bef42a50f5f6b67a959db27ce9555acafcd95f407658bef42a
cb0c91df28cb0c96e8f2974025366b3c14a0195b77f12a230c371c281564c1d2ab908f3da6fdc521152c437a15ba05734087025e33e1004a80dd6fbc
ead0c28203f5fdc19c93570d170b885e355c51bda5aee8f948f94f9a64af329f98788c321f3680f62aa689370c28a689e69bfcc580b1a58d57e14b34
6fe4292119d1bc91a71a634433369e6a8c611b391f8a8f2a9a6ff254390c36a3f1541d0c16edbca39a335d70d09976e6a93c6bfb2339f8a178f64bf6
acdf1f0aee37bf0551802e02cf090e72c341200f432b79d6a90f456f05d6283cf701ac11a004d6a04794f5a506bf2678c60d458f061cf88893cd2cbc
a3d08d0536cfb2e76081cdb3ec792864e1734f7c1c2c7b1eca3e0ea733e61cdc2919cb1eee948c658f762919cb3609f72c121e8a3e50329603a342c9
18fb1e7b1609070b73de2dc13a4409d681647ceed926b09e05af912d3b7e2820185660752864b109ac67196bb0f8e659561a6c69e359561aec4aec3d
75d7ec35ec3d9f74b6ea08ef7907d96bd8b3ac34f2841fd5cd792219f5c51913e2a91a664b9b43711a9d837bd659781eea86821f6fdd8d5e58721a77
44322a6e6fc3d61d8a3b339ab805f2803b6f240b6cde532b7b4b4b98909b2fce532b7bdbd2bbf71894bbf11b8ee49696aa4ecda3150a5bef4edf293b
bd79077d13ac03599a601d36ee5e00978d260470d970c0c9901af17ee82c3c2403a85230c21e2345a2c47bdebae291059753027a11582372a70019bc
599e42be92914528085bbe3c030d7ac266be3ee0108a85053ef09e155be4f58150a3d8a2b90f4ec7d82d28a436d7ef0361413167ef0376a9f0fd05ec
52d9b4998482e0b9a403e87ecc24078ac5abc5083ef0f2540c58207ea811e63ac52ec35ca7d86598ebe4b89b2ee8e4b8429b5d608600c59d150e5d67
ccd9408721c002fc86000b28976ad53a502e26a44efd0698c17cfda1e83a3e8d25a751179251cdd9f05b8108b339da24c26c56f8e22366a2e1b3e325
8882f18b00249acd027c14b800bfcc22d39909f21ceea1e1892305f66cf9e2230752b1e5cba1743a9cbdba2c471d0a0e201e9b6d53ef2328c386978e
7c2addc381fae92ea9a983ee18da08f6ac5b5c7c28eec41dc5aea27d380c9df28626f8a8d8bae550dc890b8f43e5fd367e9158ade3c223baee188da4
93e370d34927c7598ed6b300353a4e3b116bb3978a4fb8f08ed34e00553a4e9b45a63170d32c320d7641f149e79ee1a693ce3dc34d278015c340253e
019018b8e99475ca5b80a2023dc13dabc29e3b39f17b5825c3a1a894b7f23ccfa2d61818da74eb5c37e404be306ee42caab7375da70f75f37050357c
4716be95319085aaef81d34e7c0163d35bbe8079d15b2a9f27862f51f93c6d31cceb7cfac93b91896f27ae3813df4e5cb14e8f9fb8d48ce6276e33a3
f95968135d4fdc26ab3e83bda97dd6c16e96403a5e8c3a769c21ab3763e20c3341d0dcb409d281f480cf201d96a34d8299856bcc3a340cd7a893bb57
8403f3d28533cccc41d801fa501c6766e5aa87e2383322ef3c7564195a52757a4116d5a3179ee39d5f38c34c10bbacdec3df6c37b07e6c79cfdff891
65a520fe067fb5f07e3a8979a1a43ba8707d4051446fb9dd4351d88df7bb41396d8c1bcb4363e3fd58101a1b7f77f35a6f3cdc7debc4b20245c9394a
ba7975371eee0679b3f1703a5179e3d3eeaae2747a84afdf1d7e4dc5e9f4015fbff17737be7e63e66f20a31befa7338d37de4fe716ef4dff28a9ba70
63b74e17e3b52e3a5d0c5f5f3e9c0ba6df742e98f12b2a47c7e11595a3e3f08a2ac279418a2ac279418aa7a8dd96487c519d37aeb1a8ce1bd7c829bf
f3c21972caefbc708685333f2e9c2167f7ce0b67c182d7bc26927122c7c5948e5377e785fb2b9c9e71e1fe383e7772ac812f54d5b207b3e7a8dbe92e
b853f3ea708d1cf03aa910f085c24887fbe3d8d6e9307585f2438733e470d4e92afae4441c8733e420d3c90ec99e834c0f456f297b7344d795323487
33ac17cfe10c3986737aa6a5952a738f33ac5499b39f88e7e8cbc92e219e532b0f459b89ca67dc5ffd50856d7da8aa75c6a9551d338553ab3a66aac2
81ca598f8bab54ce7a5c5ca502d6f3ce73cee1f456dee539d9f050fcc629181ef7572926650f0f5fd1357b78f84a5966c0fd551ddf84fbab93ca6083
cefbaae39b2ef449596630089467b96d2a55c1798587424b1454069c68653483b44b41257b7ff84a8163c08902037fc6b23c971a5b69f0f3557b373e
badab9ea1eaf2eaefac7ab9babe1e12aba2599f4d155c7d5f478d573353f5ebdb97a3f5e95bce5f12a7db399ed47572757dbc3d521c9fa47577fc4ec
83657f86fc3caa673e5e9522d6c3d50fddd88f57e9c6ba1eafd28de51eaf0eaefa8fae72452af70f52adf87815a9567ab82aa9567ebc2aa9eec7ab92
aa3c5e45b9ab3e5e9564eda3ab5c91bac3c36bb7c6e355f5603e5e550bebf1aafab51faeeab5dbd7e3555eb0ed1eafa283ed1fafd2db1d1eaf32063b
7e74952bd26b7ce8d7ce8f57e9d7be1fafaa85f278957eedfa70f5430fdae355f5a03f5e950ce3f1aafa353fbaca15e9353df6603f5e35a91a35c881
98bb5d3a67cf9e6840a18255fafa061829102db7c89d44cb3a93923a21afd32403b1b3ce730cc4ce3acf3158d99c67f1fc50c802b0261057ebd44476
07f73a35914d7e7cc37d46a2ec0628251265b70e6c8214824e0e8c097e43a7d9c181aa7f76f2f63aad8f9d750e058e8198bb61e0d9bbdbb3603d2331
b78e828b44d93a0a2e929cd2416d91985b07b5455beff11dd05b24b8d4f16b91e0f2c3016844e02c3c1fca46a547e111e0c7199f89085cc78cb107b7
ef59c7c4dd50b44980a5a3c4128167cf3a260e59086a1281a78e1953f2b4330e89785c077d25b4d4013125b4d401312995da0bcf11abf7c2730da99b
f008b4d98547a04d50228980bc0f2aed719f7de91037382c2afb718a9c1b7528fd46f53e8167ff8032d09d421998d49c7a34d995c67346d0cc7c579c
11343381358bc433f3ceb3483cd987c6736acecc5638ea59329e99fe716aceb47d683ee9a238a8666622f0c161a76c3ce3399165dec4dc9cc8722898
83f4baaddac1730acabce93a2bcd87b25769e88c33624b4e2599372f08ebce87b221e25c90791357732ec8648b1acf891e93922c3fede3f76c2defd9
95fae254623f6d85faaf547ba0fa03351ea8f940ad076a7f4cd91ce6af947ba0fc03151ea8f840a5072a3f50f703f5d0bff1d0bff1d0bff1d0bff1d0
bff1d0bff1d0bff1d0bff9d0bff9d0bff971ffd872756f83ec7bb65cdd5463fb6526796fdea565666203b3f6cbd2667b93646293d5bfb492e9912d3c
7b3644bd288cf56c887a79660a6c73ea2f0c18db9cfa2be8b70a0507331afee243659b537fb140b72c79e339f3d9b399a8770e596c31cd3b71b074a9
77869bf06c34ea9dd76f09ca5cf632f3e21db3b9d56973c2cf6603b68461d40da5e70ad486d2b174f0eb1c4b873b62b1fe4c8bd4ca82b2189fe579cf
ce8a9e9d31cf4fc862ef8467df43cf5e989edd0c3d7b617adf686522196e93bd30bde614ec3ce8d97cccb3f3e0995c1144d992b8e7444ccf92f8a108
1a2cf7ed39e7d2b3247e285ab1f5baa0378b05f200e0fc50dd28468525eac051209e25ea4051b0677bac4051b0670baccd56a681a5dfbf0627160605
96803fba5ab8ea1faf36ae868fae7225fee54af37f7d3a7d74952b0aedf247a15d600fa48faeaacdf2787573b53e5c7d0e593f65da03ebd71f3da0ee
f6c7abead878bc3ab83a1faf4eaeaec7ab127a7f74d5ae38a9fbfe28420c97738f575184f38f57d54278bc8a225c7cb86ab17b600ba78faea276971f
afd25b773f5ea5b7ae7c74952b52797994b53d5e9554fde1aab4edc6e355e9603e5e9554ebf1aaa4da1f5db52b5e7aad0f7af5eef12ab27aff78552d
84c7abf4c0c787ab36e90e6c4ef5d155fae5f3e355c9703f5ea55fbe3c5ea55fbe7e74952bd26b7b94aa3f5cfdc07f7c74952bd2697fecff7abcaa36
f7c355b519aec7abf429b8c7abf429f8c7abf42984c7ab7c2f217e74952be92f579e8d864630e4c7abf420dc8f57e941280f573ff4a03e5e55bbedf1
aa7ad01fafaa07e3f1aa7a301fae0ede8cb03ebaca15e9753cbc99f17abc4abfa27bbc8a66a27fbc4a6f6378b8aadec6f87855dcd2e3557a1bf3e355
7a1befc7abf436968fae72457a9d8f3d688f57256b7fb8fa41aaf1d155ae48a7ebb1cdf578556dee87abea7fba1eafc229b9c7abf43ff9c7abf43485
8fae72453add0f2398d2e355644df9f12ab2a6fbe1ea0759cbe355f49fea4757b9824eddf5c8bf3f5e15fff178552dccc7ab926a3d5cfda0abfd7815
5de5ebf12ab266f7d155aea053e71e64cde1f12ab2e6f87815a9727ab8fa817f7ebc2afef74757b9824e9d7fe45f1faf8a7f7bbc2afefde1aac62a8f
c7ab6a773e5e6d3f167ee4f5f880bab13fbafa7ce5b64af2b82cd23b54869a50b75116011f6a42e9b96594d79ddb284b5884db62ec085af750c92883
b21f0a0e51bf35a32c3515589d8a60700fe5a0e03068f346ce419b37b20cda2c701f485dd466812a501d8ae7261c2abf4d3854b85baa282e69c95245
7135dd49df3b1c267de7f5b917ad587228dc8b566cfe7428e41cf468a1cf298a36ade422dc9b56acbeff50b4b2e9dfa6958d9c969e8cdbe03c81b5b8
b86dabbb4359ffb6258e42b1983a722c6d28164b478ea50dc5e2e8b82db17228dab425fb501c6d1a86fa50a6f96d7b121dcab4bb6fdd59a1e06081da
a168d382aec8365ca178da648c8a474ec6a87864b1ed300e05bf428f2cf089bbaa15e4ac6a0559aa5a411646b37864a96ad3468c936f430970b0d5b0
50021c261c02add8ce3101c85cdc931e990b8f9bf12b913e6c9e8be87aa39788ae371a8cf46f236784fba64d7394090c7528e620d375d13f738ce9ba
d0bc39c5745df4cf9c61624bb0434da31ccf99a34a97cd084331a7933826e250dcc9975acc4ca74be36e06365d112d659ed35b60063581cb3e548282
43a60f597722d94d6fcde425566b0f35a07427b268dc33b268a46f3874eebce180c1640d36511c7f28b4347427fc067db8e1a7b1b5cc43ba349a052d
4d5ab1fc5a6287b0500a9a58f02b6862216741139b5129c8f9fc6d7ed23c174bd22577f1695aa5c6a11830abd4484e036da0a0e41caf84818212b0f3
4399929c06d3164f13475d84628583891afe502cb192a8d33f9487d29d018ae16bdc9978ae71a786b67167d66f110a253524bb91a5f3dccd739de734
ec9de7f4f19b7b48c0dc4331f7909c5e024bcf2457e167e999c4411b874283951e7534d8c4010d36dd89069b38206743b2819688c8caa0ef18ef32e8
c340ce411f06a332e0b7e8eda0cdcd9d9356366d9a5b49249c4231b79238aee35037149259922781353894f58ff4d3a11a14bdb565d043c1c1d62313
09a7431977b00687a24d7dd28b3623ad98cb496c95168aadc9258f2b2e9b36138661d36682dfa64719c96c2d2d7100f1a16cfcfccd886dfa77330e1b
596eb5822cb79ea37f05393792e92dd8488629000f9c281808f54232cc7cbd681353005638b1e1daa1d09995081c6a4025a8097543c19d91ae17dc71
dad5c17dc2ddd1f70977479b18fdea6813a35f1d6d62f4ab650052b8f8cd1c5e62dbb6432528f8d9fc3b71fcf1a1ac1536713bd486b2b7a7dafc3971
58c8a14c2f21f05ca095489b913b13bd8ddc8929afe6b812c783841a9133a1cf889c06fb0ba0a6931d8dfc4c6528fa60f3adc419c7a1e28ec22deef4
8171af913e589153a8b82a4e350e20b113a71a07ca4d52a8c869f39c141a6ddafc26b1155ca0f824058d344ecdf630f8a44906ea9dc24414bc5fd0d0
de501a3e2b3f4cece8162a7e24f231567c45f4a8055f113dc380af889ee7f0159c3f72a80685aa710131f29ae102d824e150130a45e00262e225c705
440d032e80238e03d0f2c4766f87424e22b78a0b887ca8d56acd52c45c57ab353b143d32104b629934d48ad4c4d3b52275d57348ddd067456a22e8da
90acc31d97c3867281aa9f1431c9b5a1254c726dc882d9ad0d59f0d2540425f027818aa01489996b434b4459d5662b09fc49a03ee850f40157c51672
878a50f4165795f489e1aa388024545c550ac882ab4a1a4d5c558ae2d7a0d027ae8a2d210e653ae348e5434d28ddb9a0d4267dc8dc891b4bb8db8a1b
4b1a3fdc58d22736e0d0f834715589c97bc5552519455c5592519c68425fc74413c44ed44d25b6970bd44d250e660ed446a54c68436d54e20092406d
54ca4e6d6e28f8e1d4b2748d53e338924379289eb3395602ef12a8b04a591ab4029a94f53dd8fceb507c7f563093f2ad566cc4b2de721c25db611caa
41d13f2b8a49593a5bf4afab15fad77527fd1b6809079be54870b0a0580e451f883eeba60f8bf1c3c1e62dca64b9e52cac8824717049a8563c926eb9
0edc267897c0660e872a500e6a43993e6fafdf02d48432596ec2098a470ed5a14c9f77d46f3794872a503754856a50a697e79d523e6d921bbe9705ea
d0f0bd9ca1129aa30b183776a738d482a20b378239ba80716bf8ec9b4fa539ba40eaa039bac044b439ba50e8aca30bf8a6e61886260e36ec371ea779
e41c3ce79193e925fb66a49bc164df8cc4892aa17964d9a8ccc36f23a74d6053b9f45c87426a7c7d2131d32c379e0a73826639f1543c1c2c179e8a87
834d7c53217e68c4082588b2212a98a56699e5547032540925f636096ccd910af1035b73a482916a4c608bc68f096cd138308105dc131a13d8a25189
c872ab157bad0bb161239a2845ad2067512bc8a931229ae0109543d15b3edb66d9d354baee4496aedf9085b8914d430e05bf842c18c5c6f4b9686c89
34cad473c832e1909165d20a13e6b2d04b462f0b5d33292ecc1e1a93e27af19b158f270e5809d452a5ea790b9822578d2d13df8a736a4c7c6bd06fb4
89736a043315e7d4ac942471f84a68cc52abc69610a512ff354214d04b878243e6b98a644cfa5b4532e2bf46005199ef350288aa112348a895d1ac48
86116e8651481ccc121a010407b3844600c1512ca1114054a241365a495563cb9cb5ea4b25b8a8ccf09a253f1388a8d02cf999aabee20ebfc59d1d7e
841a6cd792eaa2470410752119010468a940a55aaa5bcfc16f8b03fc36234d00d148ebb1054c6acc1a1b0104c77a1faa43d126810047bf043684498d
f0b31108341c65633edb98f5372b8e4976acf7a74db2655ecf8d6a2443898175a1e9751974412fc8a00b32de4c9f5bd56f36ecec3f13d8a926b5218a
2e68508850da406822944634c84e35878203114a5b7acee4ec4cb8d8c5e650facd64e9f2934cadbb8c22d14b9787237ae94ca61b9146576f89267a62
f888183a59d246c4d0893b1a51419719242ae8fa54880a3a39d3c6b4bbcb2832edee327c4ca63b79d1c664baf319753c71e7e3e878628062a1e38901
8a858e8b031a163a2eae4ffd466fc97d76a69e1cb07228a4269e66279ec4e1d9819d7812b0b1c01e3a6938fdd6a132d480aa50c66f783db7a0e08703
e2d096d0711683f950c75970684be83884917427cf91b5ec38040e74099de925bbd884cef472f0b6769cc5c8e8056731487174a69e1cf672a802451f
7016a3e937fad7f41bb2b0b0cf8e410928daa19085fc6627bbca46b6a1e32c0606ac935d655bdb4321cb84038e84035d02e59f87424bb81536b20d1d
b73248587572ad0343d43372e280bad57ca579f116e080a64613073489df3b79d8a9d1240f3bbd9eab50facd64990939714733ebb70585e6995b4f69
9e1c2d7bd7864e8e96035d0e65e337c9f077e6dd93f0ac33ef9e2c93b3e7d2a1d0ae1516a7c9dcb317fa20cde3f0e6509b36b6ec801bd8abe9506810
173717b254dac4e87766c51cba1dd8b9292de6431dc7c57eb887b23e68bdade3b80ca2f74993dcf1694b8ac7a7718ef7a132145dc0a7718ef7a10a94
eeac50bad3babe484e7403981d4a420f2854c6449b136a42c7172ec2fe8e2f5c91eee10b973e467c216783878e375a4c523bde6869a071398b88a1e3
72c0071e8a1e9113eeb81cceb239143daa7a8e1e110df6418ff482583966025778a80d458f702b4b9f1f6e650d5e0272b44b061347b288f83a8e64e9
0561caba880a3a53d645a690aae6a4253caa9ad396f9c4916c32c41d47b28906a9784e5baf0bee616bdc995072bef9a14c675b9f1f59d92d638a2361
43e1c0865d490b816cd895387327b06157da32bb4c3601391e6a42e9ce0585ce98886ed2188389e826c21c4c44394f3d0c26a21b033d98886e4cf220
47bb6f3d07875bcfc101473998fd6d1ce560f6b77997067958609481cdc3d26ea26c6c374678301bdb2c320d8fce8830874767a4a80633b54d4c3998
a971fe4f183843f67f0a6c48963666820dc9929605a9354f1bb34bad79da4483c31625f37589ba8d624568582d52d662df30279a2fbe706ad433b0cd
408d7abe48a90ccbdfe68b9cf08870c0248f0807d680468443529b150a4d982bce172b0323d18a349f6885b9d948dc69d0be30cc511e0aa92dd99a2f
9252c3961af345883232ad74dd892c98eb916945ba3617973968fe506882d9d8301797b5d837ccc5e58b84d5b8d1045fe3b8e903ae7158e972767c9b
c36655d9d6e93e6992a9cfcfce2198f99fac45bb61fe273b3ce330ff931df99561fe27733e7da0ae3f6bd18ebafeac65ba61fe2783203dd484e239cb
e66636de0a20000e852c150e1ab00a078cf0b0095776c4a9c3265c999daac330bf95d9a93a8c462b98e4d168a5e84e94a4816eb4426c3f3aad68a03b
5a223e1a1d39f53176b4442129f883ecf41274b8e3a5d9212fab10961df2b2d3c7d8e1ce9c600cb893131e037ec4b063c08f74cb306791b530376c0e
92bd3e319b83642ac10f15a0d0a0398bec49be0c7316d9ebf3b33948d632dd30d791bd467ac20f073b161c8868c782833ed405078ded8243e2735870
d088d98c247be2d4614e2683ba3d14dc653e17dc653e2d87993dae786c64c1c18e0d3f96dbc6865f13053fe2dbb1e12763bae127f369ae237b9ce874
6897ca89e9e0c7c7381d7d27769a96accbe1d29d37947e2b5015caf805a73bad7f8140675aa970d642d9b4645d0ecc60a725eb32a71d1dca741df872
a6871fda9d1e7e2c744e0f3f9cd3b4f2d8ac25ae69a5b1998dc5c20cf063fd6406f8310f9ee61e329b8e8569ee216bf96b066441f313a31f488d4c8c
7e604e306de674a808b5a16833c2618ab2d164b3b243d126338469b3aa1cc9254f4bc11d8a1e590a2e47e27ed0401968dea1ac4791a4d4b482c61c09
27a6cdaab2d6b826ce22f2ee4e9c456436c6168e8762542c3d7728b827b893a49d197ef5c70ae2263e26e2f96746145edd895789781c768c3c145db0
029643e94ed4426e70e255221e67e255d82a2dcc1b7e4c17a64d9c32fb8e1f0ab54cba80ff8953cfc18148911d2ab396b1d8a1f2506a05ee5bcfc17d
d33f9b2ae544be78e28eb4e0356daa94c11a866953a54331d0b8aac40af3c40169c16be26412c9ff59e14059dfac7020369c361dca8949f8c4c968e1
6ada7428834a3c94f521e9336ac842de77dadc2527a28989cb49c471139793f419e17252d56f038a970707942a7dc0012526e8b3c30f7704902db3c1
5b00c89613260bb05a4e1af78e26883b00a465ce610a00d272d2b80f744d1205405a4e448300d20e85ae077d90191cf0d348e38012d1e0c49164268d
d396c67226e29bb887cc2c6e62f4b5503631fa5a289b966aca59866fd30a2e6762f4d90aee5026754eba130e4977daf869496d5aa49fd9262eac0b0e
7cb6eb426a525bcb525499339a0ed5a1780e879099ca2f1c0288cc43210b53f9e59085af78d9ca4ed6c2dcc20564c66fe102d85e2e2c5c40eebad374
cd667387a20f241c17ee015ce7a1906cea37b8339acbc37de94e7abbf51b5a22b85898794e813a54824232227d2de12d2b3fcc374ba2cb526987e24e
227676de0f8b889d0decc2c294df8cf422626757fe43d10af3f58599073a1a1666fee69d5898f29b506325a46616b7ac8cf050f40853ce3953012062
b673a63e69921793002dccad04737ce8c2cadf379db56c59bef9f81736ff666201d2316b990e3463d632ddca0846f4b2984a70acd5a15012e981c574
81a304c2bae1a01704537eeb05b95127e61a6ce3a1e83ac6fb26ebbc30de37a67c615a6fb26c8b59c08db95e44f35a8a5b18da82d95d964dca05d3ba
88df0b53eb55794e8aaf3c478cb730ade5562bf65a17ea6f17d1bc16d19665a17221a5b22c9d948bb464e9a443c101935caaeeb4de96a6dfe0200d12
cd177d4644f385c59445345fc8ab81c1cc05830906336ba16c753848d718da425e6d6168d9bb2fb04572ae383c309887a2154b0be5ea74a78d9f16ca
16917e0d7aae43211946b8067a6bab14b992f05898642d942de2fe8a8b5bc4f695aa83456c5f3191cb6a1e72d53b4fa45ff57e12cd6bc16b11cd579c
d3229aaf326e18f64ad5c1c2b06bc16b11cd575cd55af488f9d0b2d5866359e92d2e40cb580b17a065ac850bd0e2d4c2055492130b17a0a5aac59ca0
b118bd9813b021e0a14c6a2d552de604cd210b738226e366a9a6ccd68181cda973f37a6e41e939eb432361b52d4974a809659235e6c1fb4232be9c8d
036ab8b88dcb69cc7cb79503e64649e3bee09e7527dca9a6d917dc715cdb4a1272c3126d9c53e3cbd938a746c271335be1e48443a109466ce38edad4
6ff02301b171478d71d8b8a34e20c7b6d9876a501e0a7e5662983beffcc655f51fcd256f26391d556f26393da8910a257626264725846d0b4299a312
c26692d3c9266d26395a1adb4c5d3a751bece79d3bf11f00e5dc31fa009473c7806d72599d029d1de95e1545f7982a6da6359d487fe30b3bd13c30e7
dc99960273ce9d880f98f3a1900c5fd829e5d94c797a972cf49d4f6ce3273bc66de3273bc66de3273bb1e1c633f6a93badcd4129cfb6ea813c2edd69
fad4b2d9c6fd0d3e9c8dfb1b1a23dcdfc0f36fdcdf608ab599c90c8d0a3399a1516126a3a5b14dee6c60ce36ce907d19c3c6fd0dccd9662633347ecc
64060e6833931924893699b4a1b1b5e5a1cc198f872a50b4c28c6410cd6f66248332c28d6be48cc7b0718d0333b80b3ad347c53c63e0a637f38cc1d2
e6c6510e7d6238ca8193d938ca418cbe71944363c48c645062b8718d5a52dbb8c6b17427ba2671b1998368a16cdb1a499e98ba6dc588590b65ecff9e
2751dd667e32a9e5d924c826b1fdb6b595ac25b58d4b9dfa36ad26e0506a057e11eeb8cd49ac067cff04b4c8c9fc64321bdbb84d2dbe6d5b69c9ec50
19d87d3e4fcae5368e72eadbc4514ec2093615cb937a6d36133b14fc4889cdaa3be1001e8e4dc3f2d4976ad5f087d29da6dd498a837db9f2d417b7e8
9fbe31e64393bc2f3b686576c40cec9c95e7d26ff0d368e236b568c7ce57796edd49ff34b624c826797bf69ccacbc636b2c94166152db2b9c1a13694
e91a905c6433836cfb6a7eca2447f638c82cbe45f636c82cbe45f635c81cbb11d94620af286a4249147be940da45b60b3814ade0a956a60b4ca340e1
45e0f69963372230fbbcecd38cc0ebf3aab489a75a95cee2a9d8b833028fcfcb229b08d43dafa63be16779c308b43d83ad8b40da33d8ba08943db3f8
1681a6e7651166046a9e395d330231cf6bd22613aeb5e0475e6dd9d43a020fcf6ba309dc11676d46a0db99e5b608643bb3dc16815f678e0789c09ef3
d6a83035db81e7989aedc873b8a39d44c12f210b993416bc2250e243e9379373dff02393b6352ae4c7c0d64540bc997d4323e0dd0cb62e02c4cd5be3
8793d9953b7132ff2f61e7926dbb0a63d97ab40603e2d31cbe51cb42f6bf901ccd755ec68b11716f690f79db4680410b09b16ee72b20087387246aa4
3e621d757ddacd24c21642639904d827d10f38c8600fcd649f96bbf90a2ae56dfec390dc832e18927b7827c6e2aaff587f9169f7246a7b29cfd75f35
04fd7790f4968bc477ed0eb21ad4b7ee20ab417debe6a8860f3ddd1cd5f0d182be27a08648dddd1cd5a001de282fd1668df2129a75ca73b8f424dea9
f1e7119a4a10ed49e652a1045ffdd5a0d1e8abbf1af415b8c1abe4d63d89ba37b476835743a3753b7a36e9829e9def6c50db41dd079a0dfa61509e46
eaa03cf5fba08445e98312167a0e4a583c3769dd4dfd26e56dfd4779eacd494b5c7a6cd21257cf794b90329783af1aeba7bef55563e5acd527794b7c
1fb575d75d2549ee491b8911ee7bea2bd1b71c3c5a549dc5f5cf53b25bd4fa653adabd7a4fa2705f88d62f53b85bd4fa19052caaa049785105a30a8b
2a98ded291f416d42cba13350b776e7429dce9cbd20a856c0e1eaaaa9fa6828d2e8d86dfe8a28f60a38ba6828d2e9df236ba6862f7e56cfd34b16f9a
7a48179a5ad3c4464f4d05073d17ff1df45c7c4a8736d3e47dd073d366073d37e51d74d1c7e30bd11a355dfb42b4c2ce93213ca9f1e383f485682514
97832f366b54b7fbbe860a656dfedc4a578eaecd5fe02df42d442995c39cf217788b7b429fc45b18c49f9be21a7dcdf3246f898881fd7cd1f8a48ee4
2d41c65cfe3e4aaffa2f21f1ce0f5d86ee4497a1773624f474dfe79328fd43cf458d3ef45c7a0b7a3a667ed2463a48fed571dc57fe3eeab0292f5287
8d9e913a38ae7a127538facff584c7e749ae67f2506a864ea626c7b7f973df674d8c952ff19cda3af19c51ba9be94ab659fedc4c3f8912dc4cd754f5
164a50ebfa8af2492aef20f116df1d51c944cb9faf289f441ddcbc57d8749f849e4ca65f46cfaee7289db1f2654a571f654a1f7a27a50ffad6281d23
faf91ab226f598af219f441d8c96606afd8c96d8b4a7d112ea15a3bcc35b0a353a9457a8d145b3428d98763f37e1356344a1e07952423a48bad3bf89
fcf19f1bf44a5adc93fc9d39d2ba18d89c2445247acca34c35679e6b946ef411e636fff4fb1fa7e4aff34ab0d38765246298bfce2b2b1d8665cc8daa
6319b33a1acb98d5d19dea75941e54af33c4b09319abf9f9c2f04934842f0c9f4415b09a7950d9812e934e19546fa2b5fb536b9e7a0e3df549605fc9
8acbb00f3d89fa0df45c7c04133dc15c1fb637eb73c1f612867c1275d8d40fdb4b18f249d461535b6c6fd6a734a9c35179d4e1d0bad8deac0f0bdb6b
fa94b0bd8421f387edb54fff5d24ea8e812544993f0cac7dd401034b88f24915893b3186a60f0b636898e90f63689aca37efccbc73f34e50f9873134
0c33ec4ad5f4656db4d66473788ba610cc9855fd6748947068894e098796e8f4e6e19dfa5e0e2d31f8062f25e89b709f69354d059831c2904f42cf45
6d2fe52d4ab89487118d98387317478e81128efea30e1eb8ca703b55f8a972c41812947c12ade4e1e72735a485e47a96a0b70ca48de47a16777f6418
a22a14d539620c0be82c620c4b424f8c21e7153e2923519eaf596b0174450c25dc553962288be99dae67714fef93d0b3a874f42cd20c3d8b4af0f62c
989588a12c55251c24ff0a62444f0c09bc5695d0e693d085f557c418c28ef5247419ba135d58f9c280f5a48b44798cf7e86bdd0a3b56861dab9273f8
24da53fd9e684f8c05cc59b560b42346b4f819174fa23cc674c488167d0518d172ffe6b888d8d772a5186aea03c9a8c9b22d627b2bd344f44d2ab532
4d446c2ff1d11cb1bdf5d3735e85ca223cfad2fa49741f9698a8678e5862b8c873c41293b8f8a483c4e7e92903b582eaa22fc96bd5e78295ae2ccd22
569a7cc41cb1d2b5e839ff3c2b382e1a7a36fd879e5defec48d4080b5e990a2216bc622ca2a127cbaf58d0459f444117d0197466b51ede52280f3c16
0b2d71f5162f814cc21cb1ee107ce5e87edfda226de67edfda92fecb48f4912fd76bcb9487e52777f049ae4b03174398565bd17fde4764fde5e8e1d2
4a8832c78a6698e9087e686a33f00321ca1c59a0378c6f6c6836f41f9a81b9205aab64f63d095d983e234b7972f99e444b807da164abedf025b3946f
07ad3b9ae19c88c090767927cbfc76e97796f95d5f39cb7c2714fb91bccd605ecfd1b3e26ad7b7cbc29e7cbd1c3d585b3b28390227c8c97b12cf154a
074e1086cc50c03d897e004e744c55044e744c55044e74f50320a1abe501021d30135984774d592cc2fbd49d68a6af159040865e8eac8a3b8ea0c8aa
18eeb10c015d857b2c4340573b6ea1b8a891bee4458dd4ba1e9ead43268715f3082ae12251022061684601240c1927400294ed4f4a487c4bac98c747
bfb32a1e91bab32a1e89ba1fde92e94d4002497239b29e1dac6422ebd9219373788be610f741d7219303801815cd0010a352c2a546f52f675ce478a9
ac3afaa2a63a1aa43164b7585ac3259f23cbe7d1694e8fe33e49ff5185ae77d2f0b25b9786677999026a32e0524017f00a5c7f756c4986d4916832fc
47096c317cdb548615f0497a274de631ec27d16447cfd1640cd414d0d3a3ac19fec03a2eff813b6690e4ed32c1a909dc31412f09dc3159f22470c7c4
382570c7c438c1495821927b92eb095bfd935c4ff8e9337c854fe2bf48097888136862826512686232f81368628257126862e2164aa009720e73024d
4cdc0a8945f864a24d91d2315509a44196614ea089c9b49b4013b0dc3f895602d1a6442bb13a4a893a0cfd471da6fea30e93fab1cc9fbebdff49e8a9
af073831f1f727e0c404d924e0c4647d9280139349230127269346f2c0715d813ab0cc5f9fde6248b4195063e1374c408d15f59cb712a47639011296
fa0190b0c0940990b0d42b808455f51ca5374994ce4a3419a5e39e4b0088c5f84b8084c5884beee1af6be8bf85849e0008c2a5390119169370023290
57f824340337269c050ba49800100b6c98700f902d9813ee0188f272f2a0728528ef490b893a001936136d02326c9c7509c84026614e987048f49ec4
9d89fa61a6c91dcc0933bd7193264c31c1cc9c30c51bf307d966ddacdb20dbac5ba3036fc1ae7aae23d14a9862029d4fa274107bc25bb0f10824bc05
e41ce684b7c0730eff3825c3f459b73e79ecf2d6a4c8527eab1b58ca6fec646229bf59aec3025ab72645aced06a12496e45b131f4bf2cd222eb124df
ea4c96dd874578f248713d9adcb0d947c3019b7d5884276c36998419d6d17a92ee9c48d408bb7cb2febb48bc05db7b58b625bcd5475d8bed3de0f084
b5e568d00c77693dd849b84beb51f779ca763d20ccc4e29d83429f44e98dfff04f1f4d75f8a78f3a1a7bae40270ca89563439fe49a71ace6932a92fe
6b48f411b69e1cb99cb0f5571f328bfeab0f127bae605fc2685f169b09a37d359563b4c98acb09a37d5577fce1e4c13d093d31e809837e090f250cfa
554b60d06f932ee8897f33e164b89af47132904d97e17bad97d051c6d85f5c5b19270319734f424f7038ccb0958cb90c336c55c830e364b8be8be349
e80946cf0081bb55022dc8349f712b9069f7245a10a746c6bcdfab3bd18c75697613de203e785247d29d0349774e973ebd73215107f795b7c02e80ec
bef21698ceb2fbca1be48939bbafbc85a43b13d245ca2e653d67487a0e3d09f56707022d98fe6b480d893a98eea40e8caa1cd193af2727de8201ca89
3bf9e673a2b69df64cd416630f5f6f0b18a09ca911b1879cd11af39e335a030e734633f56da63cf5ad1bd8c6719c4f3a2ee1aac8460b5e4994c77c96
8d16c4e7908d16248098ddc0b69f00cf9fa7e4ecf6b5c1e3f824affaf7e995aecac7c4973d82fe249acc23e80d1692277d4834845bdbf625dd9990a8
9e5bdbf6653d879a59ff7953939397a1316e1f83181ae34616de930a12e5f9b2bb7d5dff51236c53aed4880573ae9430f44e6ff86fea3f6a8bf73157
6aabee6be8822f323774c127951bbae07dcc0d5d305cd9ddfd4d21bcec4bf2f661b872434fd07c6ee872541eba80e673a7747047f6c5748b2cf7b2db
f316d57fbe7c6e118c97dd2e3732f49ee49a45f5cae039dc42d997d62de2d4c8beb46e1c9d99f3e09da6e7bc0523880fcae8164121d9cd7423ef2e67
5f4c3f8996708ffb93a8c3a40e20ef3cd105fc9727e569c04dca03ff65f79cb7888b232fde09ba8678ba45f5e6e2395c46d917be4d01bdbcd1139f70
de3ca701b769090d38378d2d695274d3d8124be4eca6b125bcf1d9fde12d693cb83fbc258d07379b2d25bdd3354b6a795fdcb6a4b67663d812ee2448
b05b0241e74b099ac02e2554ca73a3d614a6cb6ed45ad274e646ad915bf7a489a43bd18530ab054ac77059a0ee182e0bd41dc30521f7931612f5f30d
874faa480509cdb6ee44330c970534c370991bb5464e5eb60f5d305cf6a10b939bf9bab465be79f3d566e3dcc90c1df893280f33966979c38c293067
98b19cf44eef879cf5161f7f19c78561e2326e52c3c465e09961e2326e52c3c465c68361c6149933cc989f3bf9c729d9b070197f9561e13868f24954
0f846258b8ccde058b540f880ef77953d00eeef3a6e09b45aa070e375fce3618ffb2251a9785a825aac05467892ab02c356c68661b8c25f4641ab484
9e6c4a33ecabc26d867d25ebef49e889fbdd127aea2348e87975a777838268e6cbd9661fefc4f61acb59c3f65ad49d15892e72cf7933e2f0e69ef346
d65f36f79c37d327815db6a4ff5c17cb7a27ba8057cc17c54fa25db0d9b01666d8e31bc75c66c3662bdc66d86cd3c7636806d237f795378eb27cd240
e283c44c1be6cf0cadf15a9aa1b5be104cb8816560ab6f36e84d8caf61e2acd0661aee8536534f17cac38709777d33c29e70d737f2f532dcf5adb00c
36dfbef6244ac0f816f518c697ecbd0ccb7d2b6a6b8caf425ce6dbd75a61f56018d8c2fe12c3c016560186812d8004c3c01690bef991364d0128c3c0
96a1e7288f95a875cad377ed0bed5608239b2fb41b59714f4a48ba33235107cc74397a8e76c1a05ba70e1874c384571c098609e7d0cb27799b719465
365f923f89faf992fc49d4cf97e4adaacd30fd959d05e67ef427513fdf04f724f4f4e07e5364c73cb8ff24caf3e07eabf861cd13a29ea43b2b92eea4
0eac360d38511bb5054ed4aef2a89f4c0e7042711e034e547d9183fa69261ad40fb7974deaa73964523f56fd060ca984f00c18526548802124a66503
867862da9fa7640f05b406e6327740b4f6a938af5e938d01bd34963c067a6949c579f55a56150e12777adcbf357511c8a6699a00d934d99f852e0499
6c51ba3a6c517ad19d94ced2da16a5b3b4b645e9a009db940ed6b64de9a033031f3575e6a674b09a81961a68c236ba0c3d872e2c876c531e7b330c5c
d5348cc04e4d0307ecd4c06306765238ca0e255c4994205400aeea783b0d5cd559b29a3b125ad7a40faeea6c90337055578f81abba30823b125a57ff
b923a1759900301787493ec95ba26b5081b97ad17f1349e5a1a7fae1a267d573de4a0a479947145ac7675a40609d5e29813a60024aa00e5d775207f0
5f019d7580400181758040018175065c09e809fe2b013dd99855027a6e3d879e47e5a12746bb80dc38f8f149ded30a5515909b8253c5230a8dfcb927
15a48554910e92b735d974b980dc06ceba02721b1f5a83dc0663b380dcc8a67bcbd280644868c65750406e037354704e28c455704e0c02c00554c7d1
924f42338c5301820d466a01820d1c10050836f09c97842e4cbb25a10ba1b102941ab8bd0a506a54fde73d369afea33c6041012e0d7d05c025c5b14a
a63c560125531ee3b60089c6d07f9447d8b3e0aa1884e50b7069e8eb012e0d7cec05b83426fd07241a80ca0224526cac0089140d2b40a281b92d40a2
f1b723ecdf8d7403134a313e1e7d9ec6c7c312a4809d383a33175c15e34ae22d6cec2960a0815d2eeeee6f2420e602069afa2071554ca697e23b0bda
c4a55f7cf7409bfa207163283456404b934563f1cdfe6de22d2ba02505ca0a6e8cc964537063285056404bd3f4968b441d404b93bdd5c5f712b4a9cf
ccf7123485cd0a6e8c89752fb8312606a180b214362ba0acd9a803286b3695879e5dffd1129a7a40590a9b1550d6c23b5e40590bc45740594bb50565
2d4c6301657104e6933212ef04652dfccc0594459edf932a92eef43aaca2125ccf055e2920a9a51a81a4c8d0cb05a3ad6051c1682fd6350577049976
b92c6ac42aa72c6ac4c2b72c6a848faf60ec39bc3297859e6c312c0b3d8fded291e8078cfdd2448b1b636bfac4842be45430e15b1326267cb3e3a260
c277d15b2a92fe6b480c46ccfb0640148f363c89fef36843db9a8830ef5b2de8d18667ddf95a3ddad0362eb882e9df9a6c70a9eca9ffa883cc11b060
13b42bc082cd4ab41cf4d4e83fe8090e2f80844d08bd0012b6463f2041b1a30248202b2e97431d8ede491dd83b5470cc1cb53500027ab85c00104786
040071d86f5f001087805e01401cb6f51500c401401480c001f2555c3187b15971c51c907705081c40420508707e64ae0001ce8f7c12ba00dd2aa6ff
60d02b26fc3063564c38946cb962c20f8e998a09f7b4b13f4ec9f543b1abc7508cc9b462f92fc1868ae5bfe0e98ae5bf78d92ad6165eb72771275364
c5da5ef058c5a25e26c58a45bde0e28a45bde0b1eaf1fba66cb38a53e3f241569c1a974571c5a971f93c2b96f80ebd93f296de7290a803d656e19a8a
b58559ed49e8c212b2123480bbfc49e8c200af382e14bca9382e2e0b998a95be2cbb2b565a819d8a95e640c55cdddaf600caaa6e6dbb72c1aa5bdb0e
7bda93ba4b78346be13fb6f95437863df0e9567708f4002eae1e25ef709e3f89b7243db75cc2a3592b6fd1675df90f87477517400fa09edad01a5c5c
1b5a8381aa9baa1e708955371d5df95eb5f31c48b8769ec319523b35020355371d4fa2bc4e8dd4ef9d1aa9df3b351a2a013da7de729074e77509b709
0c934fe2b981664cfa75a0d9d19d68c6d453079ae92b18d4968d75f054760576e0a9ec1f0e96eacbee0e61da933a929e1b48d4d697dd9d93189fb490
f44eaf1ff469b9fa12b9438a9661b4ec9f46cea43c00449d94a73e9abc5313d1e49d04d8aa9bcd27f10dbad9ec9fa625379b5dc9593061f60f27266c
975d495675519e26b045fd4091b05d7628cb72ddb412d37cdd68cd9e0ef82dbb222d75f316b5b5af597bd4e87033d6a346879bb11e99f4ab9bb1ce99
861926cc1e097e5737555dd11498309f84661e34efd1f4ce8644bbb819ebd154826b16d5f26e9c7a0482d58366ed2fc70ee57a511a2b5d2f4a6b705c
9466b900f1668f20b7ea36ed497c9e970aa9532e159a7a0ea55904d48bd24b77d29c58e9ea0bdf1e6571dcdef5887fac5eaaa74eb9548f2524449f4f
5a485e87042a87e8b3277038449f3d7d7a2e230d24d72c453d37910ad242d2731bc93b054ad09e409feda304f64fb78f12d8b0065d684fa6e7bc9538
42f149deedcac6824af449d4c843164fd29de8d9f41f7a7695809ef41134a31d96b0dc7ce1db1346adf9c2b72b1bab455a89455c8bd4817c4428487b
c2544141da13531614a49d43133314a44f4297481dd854080569cfea158f4bf4ac7ef04571cf2cbb9b2f8a7b56ebba09ef39e9bf83a4e7bc0e197cd4
dc847705619ac72c7a667dd23c66d1334e14484ebb81532139ed10443da922517737efdd98a42040edd654c240d23b5d17633c4072da6d48ca48e892
299d290b22d3ae4415884cbb611ea02eed504965a84b7bf924f9575e8860344c780161426bfa24fac817cc1dbaa827191275f08842571a49c3d817b5
a7c709babcea1099f6828baa61ec9500d230f6853024d4a54fa2b6be4aed455f1d06bd60369baf527b514bf82af549b444a3b6133d1be53179c3f4d9
e5636f1866256434f78e3f49ff2d24de8299961fbd618a2bd122983e7b653d04d367872e2ac3f4f924de89299657bd618a9583d130c51523da30c5d0
453da921fd6dc745c34ad7a4e20612cd8995aeea30ac74558761a5ab2622778ef76aaade45a24293aae3026893aa63552024ed15cc052169e730bb0c
216997bb1f42d25e358cb0fc150406216957920784a45dee7e08499fc4c00115401e952124ed550307545087de421d348c400595e51e64a51d9aa90c
5969af2cbb212b7d12b55dd4efea3feaa7490a3421e77f730f786fa0e4e6dbf37a6381d77cdb7c6ff822a12eed0db40475696fea7610833cfccd97c8
5d3e7dc84a7b93790031349c360dc40095d49312127de40bdfde486d68a08946c0ab8126e4e16fa009a5984080da9b5a1734d186fef33e6a1a8c07ad
9734436b4d52600b79e3a13ced0d970344a6bdb38a6b18f4ae56c2a0cbe30eade99374e74572cda035ed9d4105ad69ef38c83a06bd47dde9edd24152
1d83de4152509ef64eeb4279da39a32e4379dae50187f2b443b594a13ced9dfd25509e76cea1cb509e7688979e4479b459c7842bada363c239792e43
87da95e4011dea937427e5e18ee81866a57cf44879e0fe1e69095c931da3cdc973191ad50e49528646b5cb8fde31cc9c27973b867960603b8679f0b5
768cefc8923652423a48d401e33b003a10aef681630dc2d5aeb48e8ef1e574b927f9f7021352ee18df51f41cbaa87531b0634a42972d095d8e9e4317
b60840e9fa3a6520b92e9329194ad70ea35186d2b5ff90f4fc794a86edb54f96b3dd17d37db209a7bbcbbb2b2901b6d72e5f2b6caf7d16dde94acf26
355de909d686edf549dc89759f4c7cb0bd76488b9e84d2d8c28e759f78b23bd65d9bfdbbfbbcfb6409094b6c5f2c5d60897d5f271d8de5d7d6ffeefe
f027d1b8be97a0af28c9ebb792eedc48d2d3ebb758d84321db9706a36f07ec4b9f84fbd8fb52f7f976c0ae2df51d27c33a7aceeb00394feee08e1df4
9fd781d3c29ee475d851770e24eaeebef9bea5270e888d69ece0958d5ba87bde7ee7d4af27b99e1b9703c4b77db327a0bb17bf735ed793bc1f36c1cc
ee5efcbe9724afc3667359afd4e1ea9daed9d1c78afb437ec30e5a3aac0920daeddacb0dd1ee93d01ab474c0b710ed76985f3244bbfd683ac351a283
a9bafbf4bb8ea2eaeeb7ef07cc05096f87eb2543c2db0f6b028876bb8e948268b71fdc5710ed3e8996c7c172582f741c2c475f644797abe7bc376fd0
9daecbc53c40addb75c014d4ba5d4ebe8ebb057e9527b92e17e704d4ba5d4e3ea875fbc5c30fb5ee93682530de05df7630ded55700c6d3bef20ec6bb
80990ec6d3215250f23e89f604c8ddaeb7fcd421e5ae12a64bfa261cc82525fc43d79bb43b09badea4fd33d0f5a6a219c5f72e24ce59ce10f4a64a30
1382de27e9cee2120e08087a53251407416f129881a037359962876e09bec90c41af13ccbbe45a378d5b876e49c176087a93723121e84dcac584a037
296c0d41aff333bb145d1a7fdb04d71dd539f1b04b5ef50166ee8eea121c7ab93baa73fa3a97bceaca75eb1e4c79eb5ea9e2559f6a40f71f395d974b
5ef579f59f577d7d2ac1ab0e5bdb930e120de13b4b9de6c125af1e871f665885d3d6e7e921193f5ddd25afc3c6970cabb01feceb92d701aaa5dc1d6f
a6238ce0de2b3f34d625af03044a4ffaa943d6095db011fba16f2e6d9764973d5c9383a63af773f9394c3f92a3d60c134b868d38ebd023d888b3f602
c3469c93261447ad9e1fe392b9a48fc751abe781b8f453bf9c597ac2469c4dc6c9516bd6290cb0117bf8df25af9f9690b011e7a209cc433959dbb460
23f668964b178936739758aeea3f7789b9d3da25af5fd5b4eb2eb1ac8d4b3015bff52f5f88e3e2fc3b70dc25f656a07c751ee6f1d5a24b5e3fed3de9
8ea07d5673c9ebf78b3edd5d96a1e1cc301ce7a17671749dc7afd65ebf5fece4e83a0f3025ecc7793009c37e9c395337c37e9c279b11613fced35953
320cc759e61686e30c775b86e1389f4f25781d4ed47f0349cfb99e4a8182fd382b050a8ae3ac331ba138ce07870e34c659e7324263fca485842e98e9
e1583b2be0051d71562ad3f8280fa43f3eca638286aa38cb3442559c0fae8ae1583b1f1c6450153f89b7b813ec491b095d58978e48bbe0d284c638cb
1842639c0fce33688c9fa4ffa803b3cd88d4011ff488d481110ee171be0008088ff305cd4378fc24dee9383c5f7c07101e67c5c686e3f07cc9ba80f0
38cb1842789c7f4eb7fdf3943c32afc4933632afc47706fb71561e15ecc7595613f6e327a198a3ebac1c2bd88fb30e6284fd382be30af6e32cfb0afb
7156c615ecc7591957b01f671dcb388c26635a1a4693b1501b469311b41b869eea3e4397ade7d0459d69e8424001f6e3ac301decc74f42b3822e18a0
51d08520e870246c010fd570246c8120e8800833b07d4dacc93ab251acc93a9671407619225a3b123658d0f27024fc245a02224c05f4c4af1cf4f140
8419b2b4be48b43c449801cc351c255bd0a451a903ae2631310770c070246c32320392cc50742775d0470749a60e771c953a6880c3e71c9acaa30eb8
9ac4e7ace31cc5e71cf42d41a0a92cae011166609fe9800833b0c61a10612a536b40841934c061850e248e88153a2cbd053d979e43cf2d093df5f534
f43c7a0e3d8f34434f5640a3d3d6ec641d9db6d634d1696b4d0c9def45df12c49b9fbe170f66da47907738d6b68fd59f18a33f7d2f30682a10285668
a5718915fa63db9b58a13f42ef0306cd0f4ffd8025f34b7a6e21d166b064ea1c4831467fac98c518fd816fc518fd55fd872eecc91163b40288628cfe
888a88315ae95f628cfe58698b31fa23aa25c6e80fbffd98e889f1152bb4ce6c142bf4a799011ece0f4fbda89f752ea3a89f3ff53b3c9c1f2b74513f
7ffa0ae0e1fcd8e733e0e1fcd4ef0b5d8075031ece887b47b4d03fa740fd654a86311ab6b62caee7a821edb8d162d67f1d89c2a1ef8cf873c403ad98
a478a0a33a6ca3183ee171508ca5d23894aeee83f633aafba0fd54707138fe331de028c668850cc518ad90a118a3a3860a8cd1518d046374041b0e47
60a6c31607b49f8945ce80f633e92387f653f957e28f4eecdf1cd07e26424e036acf840f6c40ed998a9ebb485ede84da33815026d49e0af689855a01
3db15027b6ebcc40794dff79dd53d77f0ba920a10b0bfb0909681a2a1d5d98cea6efbb311da838a1044dac332694a0cadb9a1f6db6f41f6db6f51c6d
068a145b76a21fc4969dc094f3a30e47a5bb2e3a42713aca7ad244f2765136d67494f5249e738fa629376b424f9ae995093da972b326f4a419afe584
9e3467ddd990f44ed7339b9e1b48d4c81198e9d4c4e908cc329be0a6233053de96f8bf73511da81fa64afcdf99ad58e2ff56e07142799a49d999509e
eaecc509e5a94e5b9c509e669c0c3351bfa6b7503f7d0589fa0d954efd306ae21bd7d98be21bcf436fa17e537752078cdacce8c2243533baa8a733ba
3049cd8c2e78a467461790e9cce872f54ed7c5829e9b48facf753156d3d3619de9844371985b942e1789de84c3dc3040e230377c00e230375cb6d361
9d99be10779a3e89bac36f6e401bf19b1b739df8cdcdf416af9f9153290e738583c561ee49567f9c924553aed8b068ca8d858568ca6dea3f9a0c9fdb
04b929e34a14e686074e14e63ac45014e630ab655198eb484351981b13e604b929536b82dce46912bd79c175207af342406182c7caa7774e243e10f0
5801618ad0bc68804353aee8b368ca95d3252a7238d8b2a8c8e160cb221f2f98a30906920f6c828174fce00403150dbf8ed6e42089981cd6b52c62f2
c26a65828f7450e1041f150d4df7455ad1f0ebd46fe83feac75e97e9bec827513ad8a910f411fbb8b2bfc4305ed8412986711d312886f1a25e013b15
0d2ab053511f7920d72a184f0ce38a4c8b61bc82fb27f8a8aa1fc04755c3087c549324d7a5b2249fe0a39af5dc42a2f445e9ea07f7e359c55930dd8f
67953d01622daf1a38a0a50a56136b39b46459ace53a0150ace595359d58cbab460768a982ca276849e1e0e90e39ab1a2b309a5776194d2091c2c173
a3271193b969414d6e1b3d59844fc09342c513f0a450b1b8cfabfa0880d464e2dcb1660d97df74c79ab54f255c249e033c35bcdc13f0d470468a33bd
e1521167ba02ced31d6ba6b4b1e98e356b1a47f0a937d37f1d89b102cc521299f8d45b91441daa4a404f36548a5dbdb17a17bb7a130cb9e84232d104
82e9344231af2bfd4becea4db31b30ab8199c5ae0ed5591683ba12bec4a0de98c1c4a00e0d5a16837ac7292506f51efeb62f59e4ea8a4c2f8f223f69
2219920af0e6ec0ca30572ebf85317c8ad131a5b2037e5892d909bf2c444df0eb35a167d7bcf7aa757afb3985eee03b3ce9e80f5513dacd102d5753a
4c44efca1a13d17b671a5ca03345b4d7872e4c60eb4317508128e195fdb540679d01b740671d8cb040678a6f8b3cbe2fdd499bb13812797c27f15be4
f1ca1313797cc789b240599d497181b23a4e9405caea60fb05caea4c91228feff8d82188371d620841bc29336c818894efb5404423ea2d0b89d23dde
6cf2a72ef788193c6b19f2781b043aa18b37e56d41176f032f3074f14fd29d94c76e9a05ea19ea3150cfa8ba93f2c08d0bd4a3d30817a867800d17a8
67301817a847195e0bd4a30c2f08e96d800d21a4b7a1af0064a39caee5e160839f2d43566f83ddcdab509e7a1a879572b316f04567132ee0cb008640
336f437d0bb85014069a791b4c9f0bb7d0c409b6700b4d80c7c22da4130721a4379d380821bd4d0cde028628916a0143a67a13b7d04c2ae122d12e1e
4ab54954647928d526eb3db8eb6d6aa4025874fe20dcf54f42175c469395e102be4c8d46dc42537d8beb47c9520bd78f4e0e5cb87eb42960017b14ea
5fc09e490403967b834c2dc3726f535324b0676a1c017be6d53bbd3d17abe2e5615653546b016d96c603d06669cef230ab291d6b7998d514f85fb893
a0567b92eb0961da935ccff5373ad47763e6469a0524b59a5e5290f45f45a20a78a116586d81b27470e002652dbc810b94b5d4d4a0ac85a55a932a68
38e0a15a6c3c5ba0aca54f1e94b5349de1a1d2de8585874ab9590b04b6582a2d10d896a50281e900c00502db448317086ce3db5d2030056196c75c9f
446d3de66a3b4a978b446dc16ada1db1c06a5b1f39586dab6bc16a3bebbf82c4040d1edb60bc05e6da9a96c05cbba9047451cb83b994efb5c05c5b53
0f986b830a9607419f44791b5d581d2df0d89e7aae22e94eda73a904f4541fe1cc82052d2f9c599bcd810baca6930317586d6bca02ab6d82920b3c06
d3d993d0532607cc7558dc2e9c593a39707930d3b4c36381c70e186f81c78e2629f09842630b3ca6f3001778eca81f3c9869873d470b979808cc1658
4d67052e5c6247c30f04a63cb185134c74660b0476f0aa2f10d86171bb2ea5773d47e9b81516e8ec0c9540e9988e0d3a53686c83ce0e906183ce0e7d
b48160078cbe8160da5fb281608775d40ed401a7d406822988b6014f8731b6014f87a96e039e9460b60148178cbe717b5dd6b31bb7d78d922a12a5e3
f6ba18920db0ba8ca38ddbebd27fdb77e6db05956f40d7c529b5015da23adb80ae4bff6ddc654a53db80ae8bd37403ac14f1da002ba5a96d809548ca
36aead0bacdbb8b64452b6716ddda9b750defadb19171bcc75d975b0c15ce22fdba0acab6ec02725feb28d4feae21bdce02a31966d70d52591633bae
2a018fedf6bd7a4599681b563965a26d58e5023860c32a17981437ac7281a96ec32aa780d786e45421ae0dc9a90e23dc909c2a4b6dc33fa780d7867f
4e07076ef8e7c443b6e19f5326da86fe3be0cdddb0d10526c50dabb732d13694a70a556dd8e89489b661a30b843d376c740a556d284f03bb4e3794a7
ca3ddb30d505429bbba02753e4860e55c1a90d8b5d60c1bc61b1d30e8f0d8b9df8cb362c76e22fdb10a706a6cf0d716ad05700a79d425c1baa5485b8
3654a9e14a423342a21b3ad4c064ba61b8fbc07f1b86bb4fc31686bbefd37313893ac030fe7d7acb46a2ee8ef88a425cdb115ff998763714ab9f8626
cce41ffb5a37cce41f0e8fed18af28f36d3bc67b12ba34b4d617d2d09a95da86b6f52bfa0fcd30a2db515d51886b3baa7b12cf7534634ade1dcdc0fd
1beef38f297943f7aa730b77a7740dfe4e9b4dfd474ba8df2178fdf0f76f98d03ff5344ce89ffa76a0191bd63674afca9fdb0eac8a32df364ce8516d
0df96b8c7a6e23f19d41fe1a359942f01a59636d085e751ae176d05522c670c3a71e3536217f8d98c60d67ba62551bce7465cced892e456f41174ce3
9ee852f5df45a20448637536e1863436aa57208d8d1ae10b3d35c2e1618f00ce0da1ac12e83684b27148aa48e80247bb1398fd794a86be3d0e294637
b078df1ba56543a1688fea4c7868230bae0d0f6d0a7aae20f149c043abfcb90d0f6d929d84875659711b6af7c4d6eaed28ab24751f1cb549430ca2f7
848b63bb2fab88cd6c3bae2a49c308c6da848b63c3589b34edc2589b348c20814f5525a019bedd0d9badd8cc366cb6a9a9bc85a4f2d053f6154a78f1
976d28e1d3d07fd441532bbcb7ca98db50c2274da650c22756081bdaf7a48103edbb8e3bdcd0beebb8c37dd15313e6454fd0e786123eb37ad850c28b
876c43099fe9a30307af32ed0e1cbc19f47920d3152bd97124553258e6b833ab28dc762088576edd815a3733a80ed4ba1917c7815a37e3e23850eb66
06d581203ee3053e1fbae0613ceecc2a993cd40379bcce343c50f2e6aeff0ca9231524bdb322e99d0de92251bfa1e7a81f18e87cd461e93feab0553a
7560e41ca87cb56ff740e52b2ab003e97ca66f0fa4f399d5df81e6377376c481e65761b303cdaf31fe0e34bf165442431a481d496ff13a286c76a000
3620d1718c572cea9d1b49777afd2ce9bf8b849eb0d5ebdcc2035bbdce2d3c50071be6ef24f4343d879ec09e0375b028bd0eb0ce30390758a71cc703
77bd4e0e3c70d76b73e701f28938eb00eb449c75806eca7f3c70d0175c15c7dd65a560480e40ae80ca0f40ae902477e0a71771d6819f5ea70a1e805c
313d5791c65fa6e403aa536ae401d5e9f8c103aa2b1a00a03a254a1e505dc12b74406e858d6e07e456088a1c909b522a0fc8ad302d1d909b522a0fc8
ad800d0fc8ad80030ec84d9c5a07e456d805706023168bd601b969afec81c8bee0b13d20b7a24f1e3c56d8aa74dc93f61a82123cf4f724fde70d2fb2
aa03ca1259d50165296df280b22a18fd80b214aa3aa0ac8a77ee80b2aa3e4850562d7acb41d29d1709cd3a7ab253e380c72a3b350e78ace2a33de0b1
5a75a7f75105079c4e1d9afea30e5dcfa1e794e4fd5059061f4f6678129a75eaa0c131280f047d06e591da7a406095c5ed71b757691a1ceef62a0da3
7d40608d60dff1048222b2aae301c4a2ecc403026b59ff4524862d084c61a50302535ee10181b5aae70a1203c7dd5ea5819d0ee84cbba2cf44cfa612
bc5d9aa672905b635fc301b9299074406e4dad04726b60d803721359d501b9357ca607e4d6f4b582dc445d75c06322a43ae0b14ef0fb80c714563a80
ae8eebe000babaa6640f4a96fee92d0b8936730759e96a797790159d2a7880679d1d09c71d64a5b3ea38ee202b5ddf35d04da91407e8a693030fd0ad
eb4b06ba75195fa05bd7dc033cebec323a1b3dd96574367a825acf464f36c81d805c9749f58065e98467cfa10e20da03c8eb384d0fd0ade3ba3b4037
9d2a78806e5da61840d697ee4417f53480acb3f63c00b29fd488bf4cc960b5ae61745105cc752eaac84a83ce14643aa0b3ae01073ad341850774264e
ad033a138bd6019d6963fe019d8945eb80ce7434e1059d0d26be0b3a5300eaba7feccdf292fc23502ae605b92915f3ba7fac281c75416e3a70f082dc
0678fa82dc947c79416e832d4e17e4a603072fc84dc1a90b3a1b7c3c177436305c1774a650d5059d0d06f8059d2938754167830feb82ce46d75bd093
95ccfdd0937d141774a683032fe86c1086bca02c25335c509628af2e286b30c02f284be7fa5d50d62080784159e3ea4ed7452457172435f1e65e9094
68ad2e486a120ebee0a3a91e73075999ec6eb9bebdab4cf51fd84939a337511ea6ea26ca034fdf4479ac806ea2bca63b2f127de469af4fa23dc15cca
2ebd60ae3974279a316c2f984bb9a617cc257aaa8b9b6de237bcb8d9e6d47fde6693c3762e6e36d1535ddc6c13affa05ab4db0efc5cda644aa9ba91f
0ec00b8e5370ea82e31663ec82e394b17ac1714be3081ca704ac0b8e5b40868bb36e31d15e9c753a55f082f1445d75c1782beb9d0d4977bad68bbd12
1720b7345600724b7d04905b18c38b7b6e354968d674279aa9c700798b89f602f216b0ee02e496c683efef2a8bbd121778a6b3022f8e3545996ee59d
6a4fa0db0e7aae22f19de174d3598117a7db6606bb38dd44487501798a395d9c6e9b80fac5e9e659b77f9c922fd87083492ed870939c78c1869b9d7b
17efdcce92bc7a9bb8ea051b6e0d15b0e106935cb0a152776fa30a1a2a8d2a34dd4915342d81f894c87b4175cac9bba0baada9070fdc06255f3c707b
e94e4a07855c10dfc60570417c22b2ba203e1d46783b0da8ce04ff89baea82ff3631f30bfe5300ea7a48b41c0d150f893e09cdc0863a9af0820d0f5b
8e2e9ebbc332f1e2b95338ea821b158eba78ee4e96660749e55d247a134c7948afbe20c583cfed821495d27c418acacdba20c5d3f51f5a6b3880060f
08fa8206cfd49d6806b6b8a041859c2e685069cb173478d463a04185952e685061a58bafee00042ed850f957176c78643ac08647fd003654bee5051b
eadcc20b36bc41777a1d94e07c7d7b7fb99ac0407c1757da05f129e474417ccaf0ba203e9d7e78417c572307c4a7ecaf8bb3ee6a3ac359a734e90b1a
bc9adc407c4a93be20beabfe03f15d4d7c20beab1107e2bb38e42e6ebdab6910b7de6523e6c5ada7a0d605ff2951ece29e5332d83de8a2af00f7dc05
7d5ed0e065abd9050d5e829217c8a7531a2feeb94b38ffe29ebb9a4c018017d7cf0500ea24c60b00bc5b6fa1cd886e5c00a0d2bf2e20ef1e49e8e926
ceb3b95cca48e8e9a3f849e8e9c70b5b80188c14af2739f917712ccffbfa91bcdf2d40fe15dc856301f22fce5eb4000b28672f5a8005d4d3b8fe3425
5b8020144e2d0b108492e1f524e78a23c3cb93ce5ce23fd8c5c8e27ad287d49122d245a27a55cf39ef1981320b908712287b1255f7a9c002e4a1f06d
7992db8f347427551f7a27559f3412c4a2306c3d89fa2d49d461d348913a1cf48cd4419de25ebd4a00ea490989d21d6f56424e9e62f723454a877494
5ca927b9665fd65b2692dee2adfb19b585c2fc333e0228cc3f5ffc3dc935e3b0450b908e7e856e8774f46b940ee9e8d77827c4a29f5a107af36ff041
42614eb0c802c4a2df5409e8b2780e6251c2434f42974d1d2016fd36fd0eb128594e9e42f8231d348358f43bb419c4a2dfd573e879a92d1ce6e43c3d
a923d12e908ec68f3ac05ace418c4fba48f41f84a4f1436b084963a45d20248d911684903426fa08d2d1986909484763a646908e46a3ee908e9210f5
24ffce08323d093d3502602d2759ea49e85929bda067a33ce84963a346d093c646bb404f0a1dd6933212ba388aac9cc468017ad2b8685de849395fd1
02f4a4f14842eb43bbc0841e8f34436b4d6005ad2f9ac18b0e01d6935cb3f45177d8ce93c68323cc27511e6ce749a303b6f3942801b6f3a4b1e2a1db
2731c23d745b93a199c3c89a8cdac28b9e0ae5c18b9e0aef84173d695e7217e393e895869e951a35f4ac7aa7b760d22c054b7a6a2a9d3aa81f1a75d0
9c05352b345a4fa20e439a5187f117c78567b1fedc38a902acad69a26647e94915606d4d8b8f00d6d6b45013d6d6a46e87b535a9db616d25e4f42414
3b280d6b2b21a727d1b897777a34b8729ca305c7a2357f7c9e8e456bd68083d23547dde9ba640d2ac8d573a6a92178cdea68085eb3263e085eb30615
74ea848e2c40f09a35f139feabb931182725344a80d295b09205285d09167906ef8f3468098fe3d63ce9768fe33e89d685fc15722c0b90bf12487a12
b55d2aa121a904b4defa0fad37358218366bc284cc9d1c2b0b10c39a0c1034eca621e6d8b09a0c1034b1905c3dc935330d38c786d5d40f8e0dab25ca
83be1d22ab27b966a6e10769aca957208d354d7590c69a061ca4b1a6010769ac15be564863ad501ea4b1a66174a843d773e839281dd2581bb404a4b1
a6f10069aca9ad21882759cab3a55d424f08e26d5187431dd4f290cddae63f0865eda03584b2261c07a1acc95441284bb2d493bcad8b4c1534b12550
5b6862cb879ed0c4968f51054d6cf1dd11f641135b98143fd060a11f3e101f29504fea480d89f298063f105f01247cc0ba52780e40562a2500ba4aa3
044057f12d7f4ff27e284c6e1f3cec44a0ec73175c2d00880f284504ca3ea054a18f3ea01409519e61ee125ac3d1ce319ef601970a06e8032e1577e4
79f6b94b2a811a5dea00473b077e3e09cd2e75002ed5401d804b244b79d6ba4b94005cf2e8d41fa7e40ffaf64a677e50b457a6ba0f8af60a9af8dc8f
572b36ed036571a8a77da0ac9aa4e645a271415955dd0e92aa4615405295e1f78196aa3a1ab454d5d1a02578ba9e349068c08c9ed8bb2fa32793e907
76aaa0890fec543b5a839d38aad33eb0133c5d4f42cf816690b95750f907997b9d7a4b41a23c70555de862d461e94eeab074277a6ebd93f63c7c04e0
aa7af416ea70d1135c55315c1ff8a8e923702f5be5e4ab2755247a13a2f7f6510248aa31997e2029f2afec034971e0a77d20a9a6fe032d35a6c80fb4
d40aad045a6a851a4109df2acf4109df1a5f0f94f0ada119b8aa75dd899e5dffa1a7866645cf41ddc1556daa3c6fb3b6f41f7a82ed3f7055dbd41dec
d4366d06213db959f64148dfc0f61fb8aaa91fc0554d83185cc541a17e6c834bba133dafee743dbb7a05ecd4d52bd0da1352b30f80d4357d0290ba7a
055afbaec9d41d794fe29d00a49e290f48d43599028920ea7a92b74bd7180312758cda0724ea155d80441ddcf80d7401947c4022426a4faa488c7e77
cf5592b39e8466ea31e0521fbad3bfb33ef5ce85c43b014f7d494233e0e00778ea1a3993f280751f50aa6b74b863ad0e4d8aee58ab43fd00b01a9fee
bc48bc136035343a005603a8f101ac86fa086035345600568315d707b01a9a23015623ffe5bc64fbc05c04c39ed490501acc35347d82b9860623988b
80977d602e38b5ec5b54bdaa7a545d9d09021b20cc0f9435344582b286ba169435346182b206c8e603650d59cd8d2e53ffa18bac26086c68fa04818d
4909a0aca1410ccae2a43bfb405903a4ff81b2c6e19d87a6d6603cd4411f01088c6cac27791d66d0731d49770e245a020436f5b980c0a0c3f2534c7e
a44fba1c24bdc53f25f2b6ec0381cdc8f003814d7d2020b09974a7d761aadf416033f34ef7ea55ce317b1275d09006811152b30f043685882e9a6912
be68c6b23b82ce38bed54f62f991c04731a0355f4104b94d16e131a0355f410c683df516dad3fd8d16c17173eb2db4276b82088e9b5bbaa035e62fe2
9e9bf46dc43d37997623ee39c26d4f426ba6dd081a9c175d70cfad809eb8e7160bfb08525c20da08525c4cc911371bf95e4f5a48b40bb87119f5031b
2efa21820d178025820d17536bc4cd4648ed49e85279276eb6c5d88c115d58a0470febd6a51e0361aea1e73a92741948b419087331ed469c6e6ba319
287261fe62a23c4655c4b1c641b64fa23cdc881190b7aede7991e81540de664d1771a541c66511571ae95f1601809b155ec45db6f1f44600e0ced41d
00b8336d0600dc9996000072e4ed9336127702f2366beb08c8db6a79401e045f4f4297bf3154bf1b33375259f0df6e2a802ae0e98de0bfdda910f80f
26b0272d24a982d2d8c208e2234fec49deb8e4895904f171faae45bc65308159c45bb6d599a0c1cd841941835bc3083448b8cd226870b3cc88a0c1a3
ee03f11d0d0e3f53a392e1f5a488c4e702aa83edeb4905897782ea4ed25bbcc30ed359c45b7634c44067074c12f17a1d7c5911af17195e1641674783
030406f7d793a883860a08ec8050229e2d32992c82b96e961491d0135c75f184460f905632999e549128a1f34e7d661ef6ac04929eb491f49cf72dc1
228be02a824516414b17b414414b84809e3490d00cb444069445d012419f2751ded47f94b7f5df45e22d60a7ab6fc237c13d89efc5439b95a0cf9368
094db4a0acaba9d551560bb8cb221c81e193749128018e40129b9ef421f116380243a4b670042a3c1421040eac3d2384c021a22784c00a1d45d80483
be2cd80483a66bd804034e86089b60282acf79f24295441d5883c4451d348a3775e87c679b3a68a2859330a88fe0240c83de84939054268b701292a0
f424eab0f44ef494a1845658b19c08ad70604512e124546427c2491864fee0240cea2338093f193c78073f306c84779033f12cc23bf8a93de11dfc12
9a4147fc694a7628d514e78970127e5977ba9e5fd15b1692cadb48b40bbc831f5183089be0a7f913364127cefaf3940cd12047db598468f0d3d40ad1
e0a7e913a6e26faa381453c34342a81050848df863991861235608284150f8b14c4c10147ea0970441a1024209824205841204851fd36e72af578b9f
eeec48fa6f2035246f4e056f12dcc431e9bf8da4d25deb9825b9d611cb9820368c4c60096243057612ec8511f492602f247be849deba0aec24b88939
05cf12dcc4e40b3d893a34bd933ae0914e1f75e87a0b75605025580f237d94603d8ca0c81429ddf710fba1763f12fecd0423626470a448e96af948e9
4777523a5ee7043771243290dc3fd612b83fc12a4caacf93bc3d134beb04cfa18237099ec384e14af01ca6a2ffbc3d13202139ce6989693e65ca237c
99e032e4a4bb27b96609ac966015e68c694bf008a7c55be01186baca123cc209ac9de0114e9bb738f068495f9d51ded53bbd3c4eac7b92970721d593
0e126de630e449b484c390c639747e48a04bd4d6037a2debab7388f224fde7bd490a8d25871a8d141a3f5cd025be2c2887b3da0cca61453e1294c3b9
ab04f4c449940a7aaa052b7a3209a78a9e98cd54d193b920414e9ca7ee44cf45090e5f9e44e990132bba912027ce18d854d1f3e82de879541e7a5ebd
133dc1cc09e2624e97f3e3129f64ac5612c4c5c62a35b9c3ea498c0e7758350ed7b704a931a7cb3dc9eb6051cf552495e7df842595e0fd60ea4dc889
8d2d10097262c35026c8893d0ef2c72939c15baca04882b7d8403d09de62d3e080b7d8aa8a434ddc1109de626b526c22f1093aca6ad6f95ce0343616
a9094e63d3a01a5401bb9c0655c02b9b067a12b84a033d41c269a0a73ac5fd5cada853dccfd53841ce9223b7a6a04872e4d68a266f476eada8531cb9
b502664e8edc9a4224c9d1d993b8d3bd5ead68c0b9d7ab156c6f72e4d660337b92d7a1e01048133d8bde829e55cfa1a7fa61a20b419134d105cc9c60
7e2e447c13a8ae685081ea603ab3045653502481d50a81ab041e83dbcc12788cf41a4be0b1a2091a3c56344183c7141449e031053e1278ac6a3880b2
603ab304caaa046b1328ab46fd5790a81148aab20a48b03473129c25589a2b4bc8045a22d9e649bc13bf76021155993f1051d5f70922aa3271b03473
f69b25589aebd073e8028a4ca0a5aa290bb454d5baa0a52a83004bb3a20d0996e6aa96bfd4415f39b8aa12264f00a4aa960720d5ab3b5d4f926d9ee4
7a2a4e903cd8d79a261bc05353eb029e5a5209078916043c917a6319f0d4301619f0d408c166c01354604ff2be550c21039e38b5ed49de0f24d458f6
ed648d73da9ee4f56bb8463230ab0d9547fd68a50ccc6a808b0ccc22f5e649d46fe99dd46feb9dd40f039b81598d693e03b31ad37c06663566940ccc
6aa0f20ccc2211e7491989d22189569c2003c148bd795245426b2058fffe92bdf76ef4aa2ba09041673dd280eecb6a3da970af5e0745668f81b6ce32
2abb9fab7516c5d9fd5c4de185ec7eaec6196e4fa27aea4c301ea42996c178bde839aa072ac860bcce0496c1781df49961bdee436f41cfa1b7a0275e
e70c233667bf3d095da62474012d6558af3b683e27da05af5786f5bab3f0cda0c141802d8306078baa0caa539820c36c3d98bc33ccd683206886d97a
30956798ad07b6378306070e880cb3f530dd49e958e20c1a1c8464326890449527796d07d82983063961ed49688649cd86665def443316b719dc3834
8cc08d9ca966d9d08c893d830dc7a104b0e12044990ba55ff474a7549b6a41d0a0bcead99d526dea2377a7d493f49f970e7bcd930612750029cea477
2e243db79168799022892a4fba48bc05a4c8f967963d7cd9a6be720f5f3e89da820627d02657f4c4c0e68a9eea0790e2c43c6490e26c7a0b7a369587
9ef8df3348513ef60c529c988e0c52e43cb2277d48bc13a4b834998214e5bbce20c5a51a8114176eb60c525c1a8d20c545403d831417183d831457d5
9d5ebfa5fab963adc93f9d3db4d948f9f0e39d5da25d40988b8d9819a8b8708664a0e262a59d818a0b8755062a2e220319a828ff74062a2e2043062a
2e8d5ba0e20e7a8beb42ca871f2eed12ff0115c9ba7892ebb2713866e0e0c6e19881835b3d061cdcac753370f0e7c891bf4cc92045f97d334871ab59
408a90243d892ab0cd27830df7a639278ac9e280ffb6061cf80f2a9b277909475507ff912e6119fc07cd8d65f0df49baf320e92d17896902afdec101
91f1ea914af1a488842e20c5932901a478f0c765bc7a47a603a408e98d6590e2a9b41248f1343d471d34a8167500d166bc7310e23c095d348cc08d07
ef6a06379ea13bd165eabf82c4a7b469cfa9b7a0a73e5d3c7750e03c093dd9679af1ce1df50a78f3e2d1cce04d92209ee47a92046119efdc557be29d
83e6e6498644e960d12b330d16e514ae270d2434036f5e191230e5d5d004535e4dfa60ca4b24228329e1967912e5091f81292f8be20ca6e400ad2779
bbdca3772e24ea0e6e94d739831b954e90c18d1ca065066e543a81811b2fed69e0c6cb8635833855a90606716a08bad3900e527109a79b396eec9086
3da921e9bfee1213ad41bf1ab2ca73ce3ef9990dfad560d27a234d24e7f30b45255c24ee847e3530ed9ae3c61e987acc7163577681c1c31e180106d7
7a60ea31f8d4c390849e7cbb06e16a600e31485539c2ca0cb673f9920dd6720e98328300f553bb4080fa31de0d66f20f8fbbc129fe316e0dca53f976
0dcad34f354a94c0fe12f3fd649dc3a0cca043fd5423e850e5dc35e8503fbe4f830ef503db1b74a8dadf6fd0a17e6c5e35e8507fb66ffc794a36e850
3ff65a1a74a8d0963c09a5f1ee1874a89f3e3ae850b585dfa03c8da01783f254dbf40dcad3087a31284f235b790cca53ce89f283fa7fa4acff1a12cd
09ada936ed1b34a3113468d08c467d2e857736dde90320b2b037884523cb4b835834329d19c4a21cb2f4a485a4e7a82da146735cd523e6c81c57756d
b7374847e12d7992979e70a218e4a109e36490872622efe6b8aaa74f6fe948f403c4eb093468d08cc277f2a485c42701cd68225864d08c260d626846
13e8daa019e5a8a627a10bb1616be882f7d1a0124d5d77a20b0b51833c34118737c843e5bf35883e935a09a24fed5537c8dc611c3183cc1dc6113388
3ee5b135883e33e15983b033ab5d20ecccaa3b849d591318849d39e93fd7457bd50de675f96f0de675ed5c3798d73366da605ee778a42779fd326b3a
83333db3cbc8e04c9737d7e04ccffa3ee14ccffa3ee14cd78e698333ddd4d670a65bd39d5eba818b0d7e7323ec69f09b1b3b89cc2143d78e6973c8f0
244a80fbdc88f318dce7da316d709f1b6b417300d1b57fda1c4074a827cc1c403c89da3a80e885909ac1925e30e8e6b0a0cbad670e0b7a01871b0cea
daeb6c30a8170cb339647812b5f5805e2f9a5a3da0f724ca836bbd6832856bbda8ade15a87fce149ae7561bd6770ad177dc970ad6be7b3c1b55e86de
e97d5b88d0187ceadaf96c073d35d11ef4540b5e7491d1767752afc04f737752774ad73f4fc950ad574d9850ad577de450ad57826106d57a051115a8
d62bc3bd40b52e1f5f816a5d7b8f0b88a1f291172c3f87ed3cc9bb4ffebf82e5af452550052c78c1f2c30b6105cb5fabde899e744ac182cb3758a05a
9737b0b8e7a7cb1b58b0ee75e8397461ba2e10af73d8ce93288f4fbe60eb2b7eed02b97a6551552275609764c1d657baa840925ef150152c7f031f15
2c7ffbf49fb7a0fc7f05ea73381c9e5490265245d273debaf21416304263f15ec0088dc57b01233452370a18a1653d779128015bdfd47fd87ab81fac
60d01b2b8b92d153fd87796ff85a0be6bd811f0ae6bd4dddb9916825d8cedbd43bd105e752c1f437d66d05d3df30a905d3df709b144c7f2303b160de
e5372c98f776f59febd93fbd7323a10bece33d4afa90d00c58d0d5f298fe4e18b9c03edef1d116804057eb02043aa8ae00043a8e840210e86a6b8080
5c7e052020975f8161bc335d1718c6395ee7495ef7cefaabc030de35020009903838dd8d4bd40f90a07dc20590d0d5478004ed132e0081be541e7ae2
b12d187bed1a2e0d3d31c5a5a1e7d19de8c986c302df783f7a0e3dafee4417a245c5f779774ecd79d241d27ffebd0c1c5d054ef1a131e6e1b6ae9dc8
c5c36d9d13759ee4ba40dbf024d705da062bf08d8fa4e70a127ac2373e008e05183230f60518a22dc505be71df52fcc729b940453eb05b0584c2613b
4fa20aea30a8c8873a0c2a72edf72d50910f0d23d0cbd05001bd0c751fe86580450b0805cedf27d1d447ff5105821b0584a29dc165a22771ff32d113
345f267ae2b52c133d41ad65a227cbd202b2d11ee202b29941771e24fde7a54f767814779474ed132eee28e953ddeece903e592114776af4a929d29d
1a7d82dc8aefdeeeda0b5cc03253d320786582680b7865aa8fc02b53131f7865821f8a3b3c3a47ef3ca920d182eef0e8b3ebbf81c4d004a14cf53408
656a3205a14cf5340865ca548150a67a1a843209bb14108a760d17108af6091710cad44005a168bf6f01a12c7671140fbef515f4ce8ec477067a59ec
482dee0ce91caff324d77ab11a2beefe781243ccf76bf7a541e521b5ce113ace67f52309245c4a672f48b9948e4fb18081e4412d60a0856bab007496
be56808ef6d156c0cca67e1530b3a95105cc70a4cd9312922115a48be47a72a4cd931a92ee745d36eb850a60812ac12aee88cdc45e71476cbea50a98
d1aeda0a60d9e0fefa511ef5ab1fe555bdc5db058a0567f6fa91bade49dd8944d40f5d3016d5e3514fe23980ce06205580ce669b5df59853dfacbfaa
c79c3a27dc588de84280b4467461155001489c62f324da05f0540148da485b01411b3f734db40433434d948e7fa002900efe810a403a41ff792b1df5
1820e8a8057186fc1c38f9e729b9e22739047d2af8e8a871c1471c4663157c74580454f01187d158051fc94b5a336aaaa93d38d5cfd05b5093e87305
3b1d352ed8e91057ad60a7b3e822f0d151e3828f0ecb850a3e3a6ca5abe0a3c382abe21a392cb82aae110eb1b10aeab9415244426b50cf6512aea09e
fbe9bf8a44537bc8e94974348808a604aba09ecb22ae827ae046b08a8b83c3689c16ee47c2915041369789a1826cb433b8826cae060ec8e61256aa20
9bcb72af826c6ed573def2f08d5b05d9c029fea483440be2e2b878032ba847bedd0aeae1509927fdb4d91b8b612b19a03af2f12b1b34591dfdbc2bdf
de4cd6d511d0bb12f7ef30f650d2137e4eded69bebef15edc7ae8e94de95b7c295d6ee52f12b37aaf4c195baafa9f4c9953766a7eab3feb972f4e6cd
95b137137375e4b57ff675ada22bf7f7caef97e508ec5d597b69e83a0af32b976061ed6a9fbdb58bbd76b5cfd9475343a77d7e32c941f1b5dbef95df
1ee9b4cfcfe6ddabd2ebef9513f454fbe78aa6f44efbd8cf41ebb46a1fbf577ebfbb3effb9a2e9afaf7fae5cdd43fb3cebbc92de7cfeff15fab4df7f
ae000fea08bf573666ab8eeff70aecf55607ed63751f998c41fb58db4b6361a87dde5caa1965d8ef150e22b23ad43e6bff9a9ea1f6d9fb772a1dedf7
ca91e91a6a9fd717809f3ac6ef95df5961a87dee56124b1debf7ca6157491dfbf7ca0573d741fbbcd5bc8e35aa83f679ebedc5c6d33a699f92de28a0
0de7f7cf1519ad49fbbc75e4c6855a67fae70a60b54edae7adef162b933aedf7ca669b419db44ff9e92f349cb4cf5b711ca0579db44f79e382f57f9d
fdf7ca01a4d749fbd437ba657626edf34cafa23875d23ef5c712f67f999fdcffbbf599b45c7b4f4769eaf427e927dbe0670ef9d5df1959dec0d055fa
466c9b6f1873158d60721a0f517215cd454af0055da55720272876ff7d95a3a67f0e9ff8afefe560593bff7e2f07e0bdf9f45ff77254c09effbeaacc
82f2efd2d85a3bb7aef2456b67dbfba2fff5068fc1f53797fe4b078f8d8d11fe7dafc7c8c6fa6f3ae074afebdf6f60c6efbf571979eed60c41dfa283
ff1080edd5c17f08b2eaeeba0c81630caabb2e834e996a0ed8c2c7bab5390c0b1f2bcee65e880011b65364fe488cc5ee9e8d14b2a48e94900692214d
a48ab4903ad276a9e8b9e352937491788beb9202e70b75c70629602dbb0743925aa23b3678126f716c90c2d05b2a92de421d7087f6421d969ea30e47
1275387a0b75387a0b75c07fd02b7adefff56086ff3bfecf7f9eff781de0703f70a852089e7e1538542970625280402704afc3fba9749ceea4538b7a
b37071b9e44e9a18028fbb932670d6510c3e669fc4f7e20025864f77f24e472631b8bfe249838b938b8b8b2ae8fa4529df50be51ba4fe381638d02e7
19450e800b9c4b1438212812147c12d574db19a3cf694fa220377291ed098153800247f5a410d073a0fca01b3f1e1f14e44ef8c4d9668123620267c3
0cf24703a7c1040e7779172b171947be7d7370946be0749610dc0d3ed6477b5e7aecf2b8afc50267ae040e5b791769ba4b37fa0a722c079f81135802
47af8ce5e32f7c1ee57e3fe6173d6ef5a4cac5c6c5cac5c1280e7eb171a7afef0287a60cce707d52e322a5bb1bef497a9c6aba372f70844ae0b49441
a669e07c94c0c128ef22777ad4f9fd50d044250f3e070e4d19cb976b4fd2fc829e9b3b13ef4cbcf3a07ca2ee89771edd89f2be981a58fcc0b9258103
4bc6720778e08892c0d924635daa9979a72f8706ebecf065f4f475d0d88177661ef765cd002a078e13099c2332e0220c9c1512382464006f02477f04
cefc18bb502386f6e753d7bbc83b19e89ceb31b6471902e77a048ef018acb303877684aff04edfb0f4a4c3c5cb45fa88f1ce691d63ab8b2b7a560a52
1f550af2613ff642cf4a413ec20727c2bea9807736de797867a33d1bed7929bdf14e1fe1037417bec63b1dca0fd6cb81c33002a7608cf351772681cf
27817112a5778c94e3e3c101af4fa2913befccba9306715b35e0220c9c6df17e8c8b283f78e7e09da68be83978a7a1fce06370443860260c9c51f17e
50be70e7a441260555dd498d1cc08da3de9c94eef86cb0a20f9c661138c6629c864a8bcfc611d2385317e94d8737834578e05c89c011120366c2c031
1181f321c6d9a8043ce0f08771d51d9b49c0a397e3ea9b67aafcdcf1372eb3f7c754c9590e83d35b03a737040e6a1837f37d1e5472cfddb899d20f8d
cca47ad5f24caa9cb4302e93ff77298899f6aa3d9954393f615c6cc777694f9f46c79dba93775e9477af50e01c84c09107839d4e2132a9462655b631
05ce3a081c7230aeafec020719044e309801dbc14904812308a64c6464a68d3ed3cec0cc10ddeb15385860723e69e04880c0590033541e777f5520d1
7ffe1cd6079e003efc4f8022ba17ebfda09afb859ee41f2f67024c125e434ce8eb0eab1998ef391a207026c00c4377d2063eb94eb260034703044e01
986c440ae4fd87986903e6fbe8536de0148009935fe0148040c2ff0cea964c7533d565d621ef3fc44c8db6eea474a309311724f00732f7e707222073
3f90b23fbf804a46b7f814fd2e5277a32007a0f3fbf43805f984fd2ef2b8fba10289f8137ebe40ea7d20e77e7e5177d2740e24271bad9e34b9b8b948
8d0a0539749c1f331989f821fa2c3ebfcc9da036d2f2e767ba936a56aa691404408b9582183ab15250a346c00432f0436c14840d898d77ba0f677eee
550cd17d2a81f4fa09075f881d953a2a6d5da4913b8f6b3c3161933b3f3fcc451cbcd327ec1903ca3361479fb06754c70d5472d037394835c4c968f6
d97892dc1ac87a0fa4bb4f725c03e9eeefa77091774e3acee7e6199beee453f4b97992eafa24be109f8d67ec74c7a2f445e9833b170db228c8171e81
24f640befa8cbe4a0b64a107d2cf675c28bfe90e0fedccc82c4e6e7920a97cc6ad3b69e4cd3b3733d9a6911ddbce78a811133679e09314d9401e7820
e57bc6cb283ebcd3e7e6c999a9817cee102f7a62d2238097ecee09df5e20bb3b909f3d39563590911d48be9e89ef9374eb409ef5bb38b918b998b878
b898b9e81f03c7a30632ab0369d33315dde9ed494ef4844c2f90131d487f9ec9d7968184e740a6f3e498d3403673208d792626abc4849d1c05cfb4d0
33a267e49d9b3b997e9367b3ccccc492c0b6c9b1ed84b9ee49898bc645dec9f49b987e33433b39d20de42fcfec2eb7276d2e7a7bb2512b24e64f728d
6706df914f1c48249e99b19940ace40c4fc8df42321e370a02df91021cc8fd9dd0b68554e80e264063562405f8fdf8b7c4999d4f6a5c5c5c4425102b
39bc935cd540d6eefb495ce44ee63a7278a765dd49418e5827477e3e898fc181ebb48c4a550579c719288394dc40f6edbb481f8158499f9da68f01c4
9a1aca336053a3e5ddff3c6dea4ebe3a6645c31a92531bc8919d8635240f3690003b8df933816dc9839d6c600be4ba86e46edbc9499c8124d74076eb
2c5117691066c5026a233d3590973a0bb6834cd4400aea2cfdef8022016793cf9cb360fc49220d648fce0a00227b342466c7ca2c9e16faba176f567d
fb20d7c4ec5859fd92441ac81e9decfb0ae48bbe9fc5c5cd454a5f94aefedf7ca73e73ceaa096633c8dc2f36ab46c9a6077ce69cb5ea22056d0a027e
a54d0f38f09d55d306f328b9a4939cd0402e6920897456601749a4810cd1c9e994819cd04032e8ac5d7752a3438d805d648106123e6755cb5fbae352
d0a49a4caea46acecac0251d339087392b533b79988104cc775177662ed21d4cede45a06d22a27474f065227033993b30191c8990ca447be8bae27e9
9181bcc8d9980cc8840ca4404e369105522003b98f138ab740ee63209771b2892c90af1848549cecfb0aa426067212672b54335250a4a0a23b7967a4
46a0a1ccdc9c999bc91e7dd2e4a2f7513bba93d233a5835c48f20b64f74d0e6a7c1277024e49a10ca4ee0572f626f99181bcbc4042de24153264a374
c0696fba48233b1c7d17dd8f93e59b75ffc1bbb8b9685cf4de246932906617c8af9bb09605f2eb02a9749314ca40f25c206b6e76f048666ece95777a
9e4120412e901937d98015c88c0b24babd8b74319093bcb5d97d3f4f20532d90a2f62e7227d330b969b35feade50bea1277884c4b340c6d984e02c90
551648279bec997a122a31b98eac8b7cc94caea4650652c6de8f7f0c838519b9628124b1775177f2d132e3b23f2a901d16c8f67a17d17350907b13e6
60b6c94cc3647bbd8bdc098ccd0e5c2764648134af9001a7839921e33820e9eb5d44a5496f32270fbc7264740552b9e660494c4ad6fba195d471f808
b2cfad93cccd40c25420376a4e8d4d620799a912e2b0401ad4fbf1d2270b5d329e02a94eef222ae10ec8cc8a5303167f28e945736a185e6a742988e5
20394081e49f09055720dd2790e73361e20a64f604527a26fb8702293d81ec9dc9d180810c9d602cdd1718c77c960ae4dd4c38bb027937c18087f2f0
1a4e52031e2e308e312f59e49d601c927182b1c85f4977362e5250d69d141429081b67beaa7f3f14840f8bb49d40bece5ca68b28cfe21e22af40124f
207be75da446cc7524eaccd575273562ae5b2c74c8bb09e4d14c39880dcfa9656af41353f90ba030a64c63ca24e21f48c70964debc8b54374b8bc345
6a8603965c9bb9962ef251b0f25fe02703ce1af3e8622e31e651d26ade45da00072cf93493805b208326902c33b7babae871ef81cd5c62cc8e0672dd
a68b5493d971b30e21a32590aef22ed2aecc8ee4a94c324d8335aac994b93ba5e36b359f39dfc5ce457ac067ce294f2f092ac1981d378b1363416e2c
c80f5326092a81cc947918f7d679dce7c379342088fd19b3e3c1c165830fcde7c3090957202525908b32d93610c83e09a49dccc38c4ba2493026c203
6a33264203721e163c8607955c94798072649f04524be629ba93cf8689f054dd4941be589f071fbb014ec93799f2ca1a3894449329072c8926c1c0a1
6cb77a12058143d96715482d09e494cca3498bc0acb1743ff8b0482609e48dccc31a8c6c90401ac8bc9ab40eeff4e974de4f17f968819c57f3139093
ac8e7935971c9477e439afe9220dc27afe6a185e1ac497f5f36a70b19e37f7b5ceab6f8909db98b02fab4a32310229188bf4c7504097c597ee8b6cc6
40264620056391d41848b308e457bc8b7ae7e1e2e5a2b77c61c226db62c9f948b64520cde25de471d065713cb9c2d4e39d8bc32ffa66b6274d2e2e2e
a23c2bfff2513a130b291881dc8b15b09f85f9bef87cff2e4e2e1a178b5fc4115322a5474abfba48413eb5af8fb159887f9158b1206c0a245604322a
d6c7bc4446452095627d9eacf1a4cdc5c3453deefd5edc6fbb3ed65e245604322a1691ff27d1743eb5af2fe94e3ace67ef45766820db229058b13e86
36a914811c8a258f247912810489c5c1814fa29aeea95d1fa3b8008d499e581fa3b8008d8b5150d3450a7230fc2e524d5cb4a55010f3277912810489
f575dd89f23ecfaf0f84451643207d617d0c58921202d908eb23165000bc2425ac8f65164909ef87966799453642200d61c5a08b34b2cfde8b63019f
44177bf86c915d1a0ace88e2ce8805fb5320c720905cb0c8350d24100432075664bc931d10480b589125116901814dff8b24d3c0c6fec08efe15f105
b34f3f94814a838e634a6767fe8ae050f6e20736e12f1250031bed4399a804be2b4ce9655277cd214ce965a2e7497f05148588193bf4971c9becd00f
6cc67f176942bcb265a105d8b12cb458680122281881e24660c9db5930026ce25f1c2b18d8c41fd8bdbf927a75d1aeeed45d7281b2513fb0437f2596
c4ecd00f6ccd5f49bd8a87a2b8815809ecc80efdf743e99a5c37d53c14c49a965df881edf72ba9570f757773b11288b0e0d4653bfc4a9ac93002ec8a
5f64b53e093d2f7a1edd492b79dc6d25663276a987ead3fee258c1c086f4f7e377e6a23b1717bde932ab5f368fbf1fffd032838c7de2812de12bd31d
15305d1d4c2fa3e9d8fd1dd8f6bd0c17031bbd033bbc9725ddb9b978b9c89d8069767f2f03b9b0fb3bb07d7b19735e65c66517f732d68a6cd50ed571
f332904bcdbcd3e7d82527249bb303bbb21764444f42792657abba38b888f22017765ebf9fc345dec9e4caeeeac5697a81ddd5efa77091a623fe558d
82c0f795f85735de39f4b87f6095c91512a3c0aeecc026eb65ac2ad9641d6ae1713ce7eca00e6c9d5e701905b64707f6452fd26e03fba2035ba09781
862a78999dd0ef222ae1bf659bf332dfbc19d8e61cd893bcecea4edee933e72abebd2eb09538b07f78155cf4ec1d0e6c185e1cf017d82c1cd80fbc0a
088bbdc081edbe8bbce0c0c6dec02edc55f4d531b9b2c97695448df026b03f7615001abb5c035b5b57315da4ee8377ea03032fb33175157d4b6c4360
dfe922ad38b0e734b0ad74716860604b69601fe9e2b4c0c0fed0c0a6d0559a2ed24a3e8d2e4e120cece60c6cdf5c85b5225b31037b2f1749c6817d94
818d938bece2c0d6c8c0fec655084fb0af3154c7cb8be30583b62e5666c5020ed59ec5ba69a5ad8bbc73d34a4c5615105d37ca3359559c11f5d04a57
17f9141d2f2ff9ac2b78b93a5e5e2435877a98ac7cc65cff8fb03bc9da9605d6443da58742c5ce998b80ce7f08c91b177faebd1b27bf16cb58228510
44c51d57d27942f4857f5eacf117a7d81596da71954d3421119bb0883acf6e7b85dd766c437663b76dc146875bcdeba922ea52845faea7173186e9ae
f2af118d5b185e17b12316445dc2691bd158f0e7b8aefde683188b619bbc1b0347c37e2f6a6b1305d6b27ee2368de1b585dc3b2ec27e0b0ebd0a0db1
83373cb9e1c9d233fd1a9edc8a861eade3c90d4f76617a3d1d88b142aebe891a2a1a22ec37eeb3564cdd9f5cff0f81a209586804df46166fc1945731
11cd0119b791711b174d3bfc016cb839fc1b36dcc242311a51be61c30d1b6e791307a2861c560dc76d21d58e5637d15f3d7d93d8dd8421b4e0c6a339
439a90d076fa66dbc458bc2de2441731b86363cb6804df66df37e26c23ceb63dd9cc162db8f168f87d6bbad4549f9ba84b4d97f0fb469c6dc4d98661
b7663eb161f889ebc9d8c39b360027ae275317b68ce106f37a324c6c1822e1afb165346cf8c61d1bb3450bb3c5b8f1bcc663d682f18efbde44d571dc
1b7f6a386ec3716fd12b4d7041c371efb9df3476e2ec3d2d06126bebfa19974c7ead1b3b8e7b636f4d70411b1a8afb91bfc67edb8686defda6864246
5d446b1fc76d21a30ef7997f0dc76d84d38718db982d5ac8a8c3ede6f564cde3b8cf66452cbd2d78ec788e4df4cd903c1751eb2cbd2dc209c6b3970d
e6da30d7679810ccb5851b6c11f79bbef9f9e6c4f308a78d70ba6dd70d1f6df868c7866f72e84d0e75ad763d5d88d12537687f3739f4268776a7e28d
65de58a65babeba921c6aa73ed743d75c49864b74fd7d3447c11bdc97070331c8c0058584f19f1403c116fc498f91d0a7c63993789d52d91df5d7cb3
f82689f56638b88b6f1e9b782236c40b3126f926b102f55b4fc6ce1cb0a37e6f5cf1c6150765ef26b1de24d6413cbcabf9c42ac7d8440d1d1a0aa084
f5a49fb8e2601f718fe0e702c170d9e2e792c0cfed803109686e00ac2216c336d10accff89c81f3bc4f6c6d66e72a8cb69ebc9849043dd5cfadd62a6
6e22e7b4146f6cedc6d67690eb8dadddd8da8b59dda4cb9b74f9eea5484bbf69e9db487a8b0eb849973bc8f5161d70dfbeb9d727d5fdc6d67640ea4d
babca9ee3b20f5e6c0baa9eeafc3ffc6eb6ebcee75f8df7c5577489e639b3e6f0cf0c6007740eafd68e8d19023fdc6006f0cf07d36d1dfc4005fa7f7
dd35d435e4f4be49973795fdddff9d7479932e5f7afccd447b6380efb7dfd41006f87208de44ce9bc8f939b56fdaf94d3b7755f477d3ce6f0cf0db1b
1603bcc9a1dbc67a4f2b24f4f1b1c3616f76db1b578c8ba3ff10286ef1583721f5dbdb11cbbca9ee1fbfe24d75bfa9ee3b02f616a47587ac3a3e47fa
8d11de18e1f76ea2fe7efafb6da2bf1adeb40158eff710289fb0ca4ec878bf8796fe84963e77b4ea43a07cc2a13fa1d8ada703312eaded68d587ecf8
043f9cbf67577f11e372dd0f877830c22758df225e8805312ecbfd9cb40f25ff09b57eee38d107777c823bce1d27fae08e4f8890f3e7a47d98559fac
7587ea1392e4ef09b57efede4d3421c5889c9f0fd9f109d971ca9df27b28f94f70ce2985ca1aac1185ae3f77f8e6c363f6041f9d897cffe0a34f5857
6772a83ea4cb2774fd991caa0f57d7136afd4cf6e82372eb3954b7f31e82e4139c73a6c72cf17f3d87ced3c11e5ead278c9e335bd10fafd61302e162
a388b8e313dc716632e3c3daf9845e3e7758e443f77edc2bcecc010ff7fee3da70268b3f14f2c7ade01decf8e08e8fabb93b5af1c11d1f7771b395fc
b817f0b8580b6beef7e08e8f3bb1db00f704af5c455cf2dc81890f49f071eb755be51ed6cec7a5d6e2a07e68e98f3bab8501f60967ffef714975dbef
1eaafbe356eab6df3deca28f4ba725efea26d92dd3e2487f184b1f97488b23fd11bafab8355af636642c7d5c0add46bd4794eae38667699ba8f56eec
2c3e0fe6fa04739dc539ffe0a34fc893536e92df838f3ec14767d91b161f7d86118d4d34a26144fb6f52dd9f69eaf6e622483ed32c6d16444b7f820f
ceea9c7fc49e3e111d30ebb589b6764889b35e46c476f9bcaa13e1bbf8a61eb2dfdcd18a1d5bebd8da617977425f0fa16f1e7513e39b3d58de224643
5d28530f8d7a1ecee48e01760c50faf0f5742136c4fda686820fce6dbfeb18600f49701eb6762709f6acf38edf4ea3ee594374efcecad9b311f9c55d
947f2f3aef77746cad636b074746e742eac1dde636c07506cd5e4c08035cc7d63ab676387e3bb6d6b1b5c3f1dbb1b51ee2e194617c3d3d88b13e7708
63271ef6d09de7691b761efc1e02e13ced8e8ead756cedac9b381155779876ee9e7eaace85d4b97b7ab87be6e9dcecdc3dfdd4255ba6bb03d5c30639
4fcbbbe3751dafdb46a84e3cec211eced3d1d38599f65085e7e9e8e9785dc7eb4e6bbe130f3bf0828b94d129b81d1241c448fe43a0e8e29c3acc01d9
ba7f9df6db41015c54e28ee775b7f8af00275c4f16854bfa3b2cb2635a1dd3da11909df6db5d84bff626c39f3afe04eb6e3de912fe74dd5634674e0f
71efeb1876a7e8f6fe3fefbc76fca9d37765845b4ffeea70ad9259b5635a7ddf6e0e04b45fc760fadcd75427a2cebfaea2badeda9901fbeb2aeafe03
9c233d04adffaeb776b6c1feba1d9b7775bb2458d17ff753fbe7078648f6dffdd4ce0cd8f76550d7703b3360dff73e037f683d99f9cf555491ba8337
7bec8b9b01e2f71b44a4113ce1917f723d35443705296643fcd008a1e8ef9a7d1019cd4671632cf087d6d3407439ccb136ece651bd1968f2bfc1b035
0ef7eac626eae7e1ba1b03ece0a71d87db5d54a3613b0ed71ca55bfc0d5e83e19a238c94f5a4f3a75b68d7aefe22bac8c5a33bc278f51ba1de3ddfb3
8966296c588b38107df3f24d52c620a40c31883f5c67341322dcf087970c9ad570452559b483ec3004632707cba0590dc12f29b00ad7936f0a7e4982
de068960c41eeb89643d04bf0c9759d2e5bfdb71c3659614304bbfe1a01efb3a89b0b3c14739867b2b24d60125604cf76bc8a1c31d93b1ef98380087
4095b1ef98380087837a88499104ee37ec8eb16f8ee079c39a1ffb3e08e972868ef19bc28bcbbd890f62f4b39019a7e377fef63d8b6056d346988286
4be067aca70bd1dd0de2e1e43a9cc937b9e22743cc4c2e4afc363138c314495cc98c93aa3105e755b2d8b4b9a6e0bc4a169b1488595ca970a44f27ed
dc173af0cf498198fbee86837a8acb98fbee0656395952a6b0b8833434d997e7b12f4ac45a9a76dc0c0da01fd6e7140a3cdd533bb83ca67d3485b09d
2ea94f2eb9193ba79f7ef1641f9942d8a0d6fe260d60ba5376da9b939f6e8a6b8353fb9b36d78cc3b19fe25927abf114ec765220a61d37edb8d3559a
e9a89c2e9a9d73137db3e9bc0d3bedcd696f6ecfce8c988655087fc719a6836f0a619358693d69c8de8470ba9ebc2906ad61bf93b83d859bb5cb5274
9c4d71b7cd6938b9cfa618b46d319fceb819675c6ffb178b179be2c5eedf266addfdaf9bc43a1d6ed336bcede2292a60ce1d6b6e986c03f3ddd1dede
74e775ba6cf5fc5f84b1ff7f81e215b9f5fe443e9bc29705f5156afbd8b82f61fa752fe071b3edb5715f1bf7f1575f868337c4e72556c4c85e11516f
ecb5deed929783e8b5c9e458594f035140f26eddb9f4ba4b0a79eff7322dbe76c9c04b5ef143afd0faf16ea26f8608d9678008fe5e56c45748e8e4d9
7bf956de1d128adfbf6e38bd6e384d7fe07545e9151b0fe66e3d9910178f20d3fd5e8eebd7cdcb49407f29cf6fd3d09e3ace91d7c5a37777894afc86
4abce417d54982af88f77d83fd15a9f9ee484d8cf0759ff20dd9afcb57b19e8c481cfbc719fef23cbf0e2bf9947f2f4df58de3a96f73d56b97bc76c9
c7e2f3da25af5df2b1e3bc04bb77080d7404bdc39b7c1692edaea78918b6c16d1b7aed9297c90e6ccd7af24d3e8b1f79e41516f9be22b7184b5f87d5
cbcd2b1bc17ad2fa2b904e10c4eb26cecbcd9bf65ae28978b979135ef2d9329f6047e0fdbf8f7fe1e35fc8cef9cf75f18f9f3647ce8ddf47abfcf869
b3117d5cb25fda11513fc468fde37d2d01c4f3fb9c4b1f9f6af18f3e42df97850831427d9ca21fa72870fbdf47e8fb44af9467135fc4e8676130fa68
809f78c122d4f2e320f838080ad5e8b3373f0e822256f20bd56f15e11ca924c18f61eb0bc3d6a896f7c75cf585e838aa73e9b3613fced0ea5cfadc3e
fcf83d2b95f873d67dc2f82a49f03bcd7cc88c437ad0df4766fc2eadf74d34227ecf6a6f7e8eb5eff24de7d24703fc3808aa73e9b3613fdecce3f037
05957cbc994780b8af27d5ef1dd282c8b4f43de2325c73fb6cc3ef1197b1d7921df789993b236bdd7aba114546ec2ed9719f1d77d1693eaec38fe57c
5fb2fbb80ebf9027c715884dbf8f24f809c1b81efd74047d02d3aeae7596e88f25ba51893ef1c1dfc7e77bef37fd8e8f1f397ec73a8cfeeaa51f3f5d
0b9097f5742046eb2de4bbf48b5366153ca449f538655611ebf30ec531fd621fad2266e90e512efd42584c3fcebb3b36ec7a7a107948abd6b3376dae
bb7b3364b855c49bcfe1cd3085a49fd8aee7d27a6c8bf413dbf55c5a0fc16e157ca96d137dd3ee786e0dc571967e3c65cf63ec87590ad96f005d4ebf
4375e1b0cfabf538ce5611fffdf934749a4f115bb2adad2763b76524564b80a212a0a821175a0214b58a1851800bffbf058a043e2ac18d5a47b2d9ba
f457ac2ce4e1f48b8d947e820bfa9e8366106265fba3bfcd1cf0c2f5477f9b4188f1eac31c342b2536e000329c7eb79171b8f5bda66e2be5e6d5fc6d
a2cedfbcaf1137967e8fdf2210006c51fa75f3cae50562683d1911efd63c747e183b573cec9df5e44d671dec9df49bc6ce1335a76f4e630fc170c80f
b69e74890b09a64d0257b50aceb1b814b89eace8777be16e445d0a5bc6802a934052255854035a4b0249b50a0eac883449c9c605503528e4094ed52a
f8aa426a4b90a95212bd049825c1a94a00aa866b050908554adb8594f79b039167276b3d36e72af8806e6f8662b68aedd9c988de64ed040b92c04025
30501334464a55432c93c93f82f894d2f6c20c233a0c737b61de4dd4d0c1b7f233a208a04c809f660e41723da9ce3249cd5e4f0d9173e4d0a5b07aa4
b45d33b663ba4cddc5637269c8c685f8b488aa37df648404bb90d2a33aaccf9abc1992604a4039410f247047abf0e6adf5ae213097f5f1cd6e3ee15a
d6c7d475df6413ac7d7fd32fe6b3a8d67c1a88b149264480f564ecfc0b47e0a32608450942d174513f81184a89d7404296943e5d8ac8e549294d1083
56115da294267040ab885f2cb2703d1d88acc7214427e040092ad0bc7efbcd07b1237e881391a5376c822927dfe435b8ce4df466da487407622c9b9c
e1cb05ecfc7a2a884c8a91ae23010e4a807f9e91550fbf6702fcf38ca2f3c53037c6daee52f1cde29b4543453f0b3365e48e584fc104f28653ab5aaf
be1907e003c336c1ff49107f16f146bc1041b41d1aaafa19cada33023e793d99cfc384383f736ca00488e7194deb71c8a57c6a3d106a523eb57e0288
bb7529a24256e19b8f115d3a7f6d203b5dba4c08eba1549609d84e82b2b388be79e92793a2349709e64e82b9f3887349f932cce69b4343cd8f6baa4f
bfa3a90e246de060b9edeafee6abf5db30ef6d2036218eb30c396dfe4c88e30ce6ce0339743d59600f30b764853cbe09246d265dc21960ee3c33e9fc
e39b40d284deac27dfecccd359971c9130771e20f409e64e82b9b388f73f050a803cab78d5b0c9864531f4b7eaefd0dfa1bf87291c362e5cb4b9d729
ae037b6711fd2b272d609d67ee25390d7702b43b8d6cda101348de65b2a77f052c6d5ebef95aa7afc90ecf5e82bdb30a13d3741e2703c1f34ca7777e
b5fefae65ee69fc50b026ddebaf4a9fea9fee8bc233dc3459b0effec48cf70d1a6b50f902701e479e42b4d907852818b3643534db07756e19b63bfd9
114d48dcab5b4f312125414c0c03c77aaa887e4740c6afa70791cf222cbd09124f02c1f3ccc00e489078d669af9f3604409e54b6732434ab54c2b494
e0f23cf3d3cfb029adc2373f232ac65e7837b061f03cabe00749fa597c13777c93868ace877af048bd9aa0f4ac2226f9cd3a4f672815ba61d67a987f
538140f916fdacbe590104165daabe597d13c386ee934aa8070fa8ecf574226e74c30b5175ccf5b5bc0be60aeb67117d13732d98eb6b7943fe49907f
1ec16409c8cf2a3474f971a7c5709a906644c499c28923b96b820394e0f92ca2ea982be89ee7bdcd52f3668383f8e812b500dace229aa57b137db31b
e6ad4b1b1872af4f3caf6c60c8bd141fbff8517d9a103c0f86cef3eea518b2512a1b03f2d579d250d918907bd591864af7df3f0d7553d7fdf7cf84e0
7590741651ebc3ef18bc5a3f1332ac4f1890df4feb43e707ef5bd24faa46991c6d84be42982a1bd931ebd26b9237b2232e5e5e23dac88e453f5fd55f
3e35ec17b24d0269b3883afffaef9ca1df5e9f64b102ef560edb04cb26c1b279bebd3ebf5d5d3f23af42027093c0d63c9f450bb626d50de21876fb04
c42601aa79bef0a9a51a668404b6e6f9ac4fb035096ccd221e8805d1d459b435b8540246f37cb786b2ea19aee4ad4bc19012309ae7b3682ba9ade24b
7235aca7f84732dc3f92f3260835ab503d0c70a916d50bf04e3cb94664ef2af4b36b1d5f92e1fef930ea4a6a93dafef9c2ce98a4b64f72da3f9f8d20
a77d8273b388c6ce9601e7661135444f9278fef95e5d3a543f54b711649c4f52cd2fa2b1b365542ce8b31120db2429e3fbefa74ba7eab06c24fc4db0
6c9224f1fdcf1af42f8102ec4d92107ed5d08bcbbc4211e3f34f32baa78d69f3cbba76593e8cf9bf6c0e8231a50d5ff32b7e75d3dfa6bfc46e39d553
0518f6c3c52b0b85bce9fd570df7f65b0086c94cbc9e5ec4f02ffc4efda4d74975deff4c3e41f44d3eeadfde3a78de46aa11d39920d5243034fdb7b7
0e656f83d2c853bc9e5407d0f06b8689bd81a1e9bfbd759842c0d0f4dfad9fa43619c5fb6f6f1dec4d2af1fedb5b077bab0328eade254439c9c33bd0
f324797892357c110d7318112c86dfde1053e761dafc86df41be93dabbffa67e92ef36d0cd6f6a7d1a114c9bdfde10afb17386c3845f4ffa09e8e6b7
370496293b76ffbdba84bd498bdd53848a2469b113bc9b9e5813c0de24c9ae1771229e889047d37eb3238238c5dac1de24d9aa7bb29265ab4ef06e16
d137c374ba0adfb468a1dfa483833d85a138c1c24940707aaabe19e25a3ab27009962989a9d386c449872e055b4c907116f145d47ad67aa44d4d0072
d246bf499637d89b7414b8a797a963f18162d3b97b9224d2098a4d4f569decd16963daa45be7314249a17bb21481d1a48d3b233175823b9336ee4cea
fa49ec92d5b927baa2acce09d24c4fd627c099746c7458f208c099242d734fc3846056e0677a9a1a3afdb80d046b7d4ab69c6452ee89022977723a36
10aca5088526819fe9725f27283409a84c4f9f86703039901751979ad641cc64bcf9b84d7230b29e7f8649163be020660cfbc0d60e8ecb4c48014693
36184dc67e0fbc0e26cd221a265eb77167f25ec921aea50d3193a99a321b2748338ba875862d48335d1eeef5642d6d20d8bdbcc962f0637aa64d1e38
d84693c987f9c4c10e1c2c33701cc32f0ef6d4f35ec90c5bc78ec789c0c40431261d3b1e07fb051cb38a03d130a705862fe54b436cc11b2326373bee
35f31bf315fb85189340c574f9c2d38159818ae979aff9d7aa034b98233e38018e491b3886373349079ce0c7f4bc37c2a7f54f80d2de08f44e097d7b
268f008e4980637ac693e5ee4df0631671221e883bece8409c88fa49f38311b30ae0b298ea19825d3a37102c250f704c0207d3cb6f571f88b196feb0
62ff2550c08a49e74689653c81159360c5f4c264072b26c18ae9855a082b26c18a59445dc30861c574e1e5e92426cad3db0b5df164c793aeb71702ba
74bd496edc5e4819705d92a4b8bdb0e3816949f0597a8990d004986515aa63ae605a127c965e2efd0c669740b1f4629d426449a0587ae10382c19260
b0f4c296719e861992dd22fa26f794b4b4bddcfb9b2699d456d8f1c0b424e9657bc19ba5974d405b16d1d8b9a54e3caf58a71059120c96fe076a1a44
23129354d8f160b024182cbdcc5dddd46184f2be27882c4966d75e582800b324502cbdec758ae749aeda0bb510064b9247b5171ae0f9983a3c4f469e
24b96a922b751135c410076ea557cc15dc4a02b7d2eb5e9ff44fa82b8ba8213c0fb04aaf7b7d12e500abf4bad7e7304c508295ae084a25c150e9d2d4
27502a09864aaf7b7d728a496fba885ac7f3a09f74b9ebd793ea04b48a0dc34249274628937d92bb348144e935226292e4a34966d15e699572892649
441751e70968b287f6caea71d26921a32ca286f817a09ff44a8194053449ffd92ba39ef49f49decf5e19f54e42df8911561b4132d0043ca5573e3599
3e93349ebdb2f4014f49c0537a65e993db335de2b02a4bdf8511cadfd9ab8d206367928eb3570a249895240f67af7833d09555183b21e522ca5d3b2c
d2ee80af9260a8f44a8104a592ae1d2bc9a8278366ba76ac244b8ad499e9dae0d7760798950451a5570a24449524f9e522ea3c510eb04aafb60c7c95
2489653f6c19a829094e4a3fc8237052d285d71d2c7d5053929c94fd60e9039e92e0a4f4c396919a7215bec9547791efa4a6ec2e9e243829e9da88d8
943ca829ab88993fd84780a72470297dfbbfe0a4a44ba8e541f3039092e488ec07bf921c91094e4a3fd847e0a4242028fdb0bc61a1244027fda0e401
3a49804efa419f93d3304913d80fa6102902134c937ee0def2fd2528268ba84b544c9826fdc0bd65e24ba04dfa41c993682fc134e9c06892ac7949d2
bb7ed0fc24bc4b504cfa817b033349504cfa310cb36b2844b27eec95cc5b009ba41f343fe9da92fc6cfde09a815b9200962ca2f99cfe116dd2559a04
a9248121e9079b20349274c18dfe03d5fb974001b164157ac124028024811ce927b1fb227e5d20fa4eb6419023ab1055cbc0018024811ce9306d12c8
9155c40f3ce98a0dd769bf0d2afe2236c460c32703075492044fa49fd67ea34036bae2c985085624c113e927d6de701d69e71631e615d6c82a7cd386
68e2729ae426e7b1df8c798519d24fac1d66488219d24f568f4644020fd24f1b022e486a18ccc936d83098761826d6de58a8e073f4131b06d3b10a5d
62dc93332f41ebe827b9194c4782cfd14fbe15301dabd0252bba117c8076f493ae08bb63151a62cb00e191da0ec6e64b6f2ce78039fa496e6e026ae0
73f493dc0ca6233578a2275b46e39604ccd1cfb9ab6b9d0678befa49f069f4ba9356d9e875ed364c0a24b48e04ada39f2c7eedd64f11daa7e5ddf092
2620f5b2bc1bbdae611b1786ddb08de64ec46579c3e0584543d4f9e017a96db47a5a259c8dd4365a3d2f0cb88d556444d5a9706da3d5c765abf5e49b
ff01d37f8866e93f607a9d1f1a22e35cec238db2d73606fd5ef3d8460ba9a6bbabb59e6c990d374fd56c38436384ba1c028d89be6d0c7af691c632d5
36dcfcde085438201afda26a36e24cdbc8f20e81c644df3ebf83a5af612c2d5849bf9c0c8d5ed73606bd93e1a6d7ddf4ba8b5609986315b1182e5be6
c6434071f48b567913676ee2cc6577dcc4999b5e77d91d37bd0e3e47bfec0ec01c09ea46bf6895c0375661ec44f89b891e8846bfec8e9be472631757
4455aea707d13fc2da6f6e3eb019fdb2bc6f6a16bc8cdef0647819095ec622ea27371f688cde48ebf7a17578f18de208286315b1141b467db3b14bc6
d91b5308108d24ef666f56b2bc9b0988466fb8b7a49a0996466f2c7db2692669347bc3bda5d14cf267f6c63e227fe62a7cd3f2be055600d8e8cd4a86
b3b10afd64e9bb2964377355631fb9c509c2e0e8cd4abe99ab6eaa5bb3926fe20c7c8ede68a877334b6c580d4b87d6916efa5c6334b9050fc2e7e8cd
f206cc914071f4c61d09912381e2e88d8c73f327deb7ab1f3454301d09dc466f7bcdd3d26e1cac11cc216b24c81abd39116e82cfbd2f9eece58d83c1
cbe84da4c98d8381cde87f4ce75f0205688d0453a3b7bdf687edc89cdef6da270001c5e88d4e0b1b23dd2c540dbfbf696b370b556345849b91e066f4
e610809b916eecad7df693700960188b68b2b1b71b7bbb1d0237f6060ca3dfac343031d28dbddd7b3f11914063f49ba27b636f37f6763b04e065a41b
8af14da7bd854bdc14b3db7e7a70b2e7b76fe49c8817a2ea4c8bd03356112be5665a7cb037201afdb6751e7ec507d3bae9b44f529d31eac6ef416aac
c230093e8fb831b019fdb675e065246018fda6d33e1433d018fdc6ef416324d018fd66b27904413c18e1ed108097912064f4db2e79381b1fdcf1665a
8497b10afdb44b1edc1134c6226a886206f0a2dfd4d74738f40305fe76083c7557776b8ac9e661ae0286b1881aa2ad3db4b59bfafa10d09e9d38c3f2
7e686bcf4e9c41d57cf03c0819fdc6da1f6217848cfeb02202ca488f2b740f9bcb23fef2c1de1eeb1350c62a62440fadf2a1ad3d38d943ab7c18dea1
59f487e402d42241b3e84fd9443f6e67a988ab340962458258d11fe19b102b12c48afe60c3102bd2b3b354087a7a1efddc592af602c39f9e9da5622f
b06ed112bb9ebdc0885d302afa830d83aa48cf4e5dc16802b1223d3b4b85d8be87e5fc61397f184d805324e0148ba821dadac321f8309a40ac48e028
16514353975ca17b583d1e2c080e457ff6b2c1821e06a38710fdbcf63b73fa83e33eac480f73fac3eaf130a7c3a8e80f71fb61397f188c1e0ae4c31e
fe60410fabc783053d58d0c350f860410f16f4589f1d0beafb8e1e5308a48bd4f7753ca2471790da198c1e4c15e0450278d13b5308c08bd465bee856
32188b04b8a2f7a421dc068cc5223e88b111a059f46ed102b55885641cac873deb126ed369939d42d699813a56098722753ca4e38a502956a175a690
5eb4cebaddad64001409c844efd4c18e87809c5844ade3213de2167a670ae9c42ec8138ba82101a91d0fe9d4c1ee9e45c7433aa31e008a0464a277eb
b38b3dedd845a73876eca23364770cb033647786ec4e4ce80cd990277ab7923be34e776db0b3df75aa5b67c8ee0c1c7028121c8a45dc6f1a91cbb5dd
a2854a913a69a8ffd9effe215040ae48902b7ab7cc3b775fa71676163f8815abd0356bbf13aafaedb758fbfdf14dd6a42eeebab326756a6167f1ebd4
c2fe18198b5fc7c9c058f41d4d0dc62281b1e863af68925677d35e0aef04db22c1b6e8632f5ee25777a3116ac37ad2101fe060d0065591605474500e
a98b62e814c8c1ead119c93b23f98ea6eeb4cace1835583d3a59ac8b62d821d6e02f12dc8bf5652312ced571b24144067f91a059f4b197b930536816
8bd8103524e1d870f883b148602cba04e2ebc9efc0b476dc75ff6c32b78e073bde605a1a4c4b836b66909b06b969d0eb06b969ec743d7dbfd91107e2
8b381135c4b83744310c12d6b0f607b570ecc43e18f670396c48383698a9077bf8d8d97eace421de61ec6c3f4c21032304c5d187953c885de0361651
3f895d83d835183806b16b90b0a60b471039d210c530adcf41c21a24acc9c031485883b96a5ab44344e9a06a4e6ae1a06a0e12d6a4010e12d6c01d27
0d70e08ee3d8d79a35c4ca3de88a136f1e74c541579ccc16833005c963adcbfda67eee443994bdc1a00db4a3efd06ad81d095ac7221a91787b681d8b
a8211ae0d83971e875203cd286f0988c1183b237c4614dcef0c17907dea3ef8069281f69306c4dc688c1b035a4b39d7b25337d0f71583b367a08ad1f
728bcdbedff4df496d3b607a90dac6bd6f841b91288681d7ed28ea416a0319d2a70010c821096448df01d39043d2c0d626fb1d009155f89b7bd112bb
06e7dda4ba0d510c0307dbb1d1832c36c862934031c862c045165143ac5d6367baa1a58113497044facb543730ab8d2af232700cb2d8c0c17614358c
913470b01d1b3d70b0411d7cf74aa60e0e010bef5ec9c4ae41ec7a29644049d206257959e5c6a74b2ce62fb3c560d81a128ebd42ed260e36e5517c19
2366086169639a00da4c93717c92c55e178e26b16b12bb5eca13a09304da64117d135fdaf0252f8d6ab2984331e93b0c1a9849824db2883121204ad2
0625d957fc8092a4290fd86b7d4ef1ebb3fa261303a89155c40a79f941008fa449447a294f938834b18b17ab9cec4d13b2c22b026e1ebe496e8ad8e8
7f0814604cd2863179190e2606333198d792046a92a099f48f6206d4244133e93b461aa8c92a2aa2d9c2602606b363a427a16ab29c7f6c0493e57c92
713e368249c69998c1c7683631834985fb18cd8093a4c946f4d55d3dd6e91494f9597d938c03a3a47fb4355025ab509d62369f5d3d98c14731036392
26e30ee8d0f5a49fa48c8f923f491993dbfc73076e729bcf9d248a123549049344f01152e7e777d84f1f7974da4f93c6f2e18eafadb3514576403254
91f492087640f2cbd9f4d2583eead66bebbcb6ce8711821a491b6ae463c30235b20adfc41d5f47facb92f2b161bd2c29af23fd7bf79b31f6978bfba3
6ebd5cdcafad034b753dc5d67963438c1fe9f2b5215ef7a877d0f04be87fa1abef00dfd759f7c20ef8590cb042d2dbc0585078e081a4374eb7457c10
cd9224173f8be125dfbf10877f16c34b30070bb288a6ce0906c263fce836afa0b71792ef8ed07d05f8bed2f5fceefda6d6e589f8b1e3bc7caaef00cc
c1d505ec23fd07f6c164f352dd5f79767e548e97eafe1fd8c7fe9b7caaaf44393f0ac4eb0c79e111fcf68f9b46048fe0b77f1c37ca2bfbc30eb17d99
14a1832c5971201aa69c383bee1656c82a1aa2b1bb810508641135f4e927e0838487bcec8caf9c3889c5e7e5757d41f0265ac567237cee4fef10db4f
7cdbe7fe74b26ca08a2438224b98ddd563bf7f092889c3ea6352fcd2463fb9117d33f9a66503636415fa69d97c76c7861a49e2083ed16a9fcc66c9b2
f944ab6da89184b17c02d33e991a528bb17f8ea00f1679a22b7c04de6f6736b396e08fa48d3fb2436ce18fa4affa266e037f247d3b0b9905066a247d
c746698965036a246da89184b17cc2763f600a895af0f1ad6cfc91647d021e491f3085e4acfbdc4a00433276882d3492f4eddc6274d94f5c1b189291
ac4f682469438d24015f9ff3e8bb5467b2f9784cbe0b9a0c93cdc763f25dd064accf8f1fe4c32e3205e223057f00ca3393cd2796f7fb2fb79861128d
bfff728bedeac68eb1ecb8db8f73e403a2b0436c3fa122df4e384615fe5c458577b2881a22057f3bb71855f863bbfce4c4d921b69fd31032ca226a9d
c6ffed8463c7bfaf8d7e027dbf9d788cca0144256d10958c3b7e22e160a98c4c4f06a9923eec2defb5ef50dd202a9939087aca2a5467c3fcc6aede11
cd017dfe83ef90f786c0de3ea0e29972f2896ffba62974fc7e0eea4ffe854ccefbb0b70f7bcba01c3e96c90f12c40eb5fd68fe1f24884c4ffe04bd7d
008ef2de10e4e60de1921daa9f5036482e43a86d06e19237844b0e434c06e1b20ab84301bcb79e3ae240fc105f44b843c132335c97bc715d4ad250e8
f31992cb226a280ef855c48494d019d6d317c40d9a1431b2eb29fd7f1bca338807a2ceff87a4a4a150ddf34f56855275a968bd403daa5a2f8659a01e
85f69b7fc1d756a14b87868a2ee164e550bd6abd1ad1a99fd5882a1ca773bf398348f42897f93c5497ddab84c9663d695d5a99d274fef04decad34c3
3c0c137b2b4d43c1d756e19bb7f93ca1a04a2b536e0d85ab24c391198271333899fc3bfde2c7d84f9d872a531ead5fa60e464ce9fa79a90e2346306e
8611937f6d434b99e4a675fca94caddf968d540b651ad16d9680bc94d7d4dd26047f2aaf866e0dddbef9ed6ffa7132c888d05d4fd6d263ea3e237a34
24ab42d91be131c91228009bcc6064f28f2c569386ba054616abc9d475bf43b298ba3742b76506b8aaeccd613ef125c1b8f937fc38e04eb598ba61ea
862eed8d308d888455ab2e4dd549588271f36faa8e59d5bd11a61f27054cdd1be1d579dca61ebaf49a79296004e3662834f927054c3d0df3354ca9b4
eade089f2e41a8a9972e7daae34b8271d7d3ae6e98a166e7144a49de0835d54648a1bae7b45311c6e5a0f5f422aa6ecd83adc91bb6a686c1683d6544
b364cdc3b25985eaa112e59455970246dced7a525d2aad1a7ad27aaa888669cda790b072c297ead0257c09eacd1077bb9e542776d569982176e504c3
aada1d095f828833eaab4be154598559b21152181873c2acea6798985592eda506de544e87614aec72fc74e9d07a180e86b8dbf564e6657b39926106
97ca29cc00e3b01112be041f671c5997cefd26e0b56c44b80d449c7160fe09b74924aca36ae83222125604e3febf058a9c42fcca69e7290c476b4e98
56c2b404e5aea7dd8b17d1202e934d503b2cf3d4f4a219d965b642185b05a0b8a6bfcd92046c75ec158de72532d911b0a439ddbe29938cf8db9c6e9d
076c75dc66ebd6f9c764ef158d93258874c7e35f3d7eb59484c730769c0c46d010409b6104651841e398fa899301005a4463ef86092ceb788d7d685d
4e4191af390dcb870279fe34342c9f9d68f06798433f895de7cf30878676a2c1bdd0a62e81d53a93614e0de17967f6e66b98d89b78d69c5ec3dc3905
ab61e279890279569d7f4d32acadf330ccd70a0136791e3aff5a2164b113cb4c61815985ce9fbaf49925aae6b917d8a7213cef0c577c067094011c0d
41aeeba92056c489782282128cab933987b8b60adf0c577ccec93701589e58664ebe49ff3c43afcb508f7296d255e06c867a94a11e8df3d125521bd4
a3713eba843b023f1a0267330ca49c65cd3ac3b09973b89c7326ca8991cd809156118bf61c1a0a2f4c868f344e7c143e52868834c4c866c048394b34
2846763d35440dbdba14ae990c26698891cdb9681dd0a618d99c8bd629bae7ab9fa1e866a04943e0ec7ad210d4c0f3d3cf900b73861a78d908709532
40a5217036e76a3ea9c4d74fe70ff3893783abca109872966efb4afa19126486c7342ebb23e3cd19e8a068da9c0fad4bcf759147f2a175389d57d6fa
6944b8385cac9c7171204de3c29b332e0eb2695c814497413665904d43386c06d99441368d8b640db22967d9ba2f5b063a53ce72c75ea7113513c200
271c36c36a5a85ce5f3adffc6222a7240739dfba243fa1d0d50c9d6915a66eafcf5beb04c96bd85c04c94c90bcf6fa7c54971156946a06b69473f7e6
d45037760aeef56aa8dbc514dc8b96066c2943501ad75e7543eb1b10f4d33af130c32a6c24d63c2c5a32630bd0d6b5a954c754db5e215397d8efa06c
e73cfd0ee9abdb5e21d38898ea5a3121f235c04c1a6daf10f91a3258df56745ebe069849a305a2670696b48a07d1f2def91a48970252d79311e1b4ed
304b382d20a5d1f65afafc774cb5855d2c034bcac09286d8d35c82c56698498bf8cf5b1eb9d093012aad1add670662fc2b48e3b904ffcd85c54f606a
86ab940ba8d3860dc355cab09346a3988150cab09346c3710b791492d268382e24a55cc2bf345a98d7d6936f924705a6aea7d8b8b09346a3ad8150ca
851950b4ea7a2a887ee0509df25cb0cc36b41ebc3283491a6dea273db9105205a4ae27d5b1cc66edc355ca65276ab5f60b79143ed26854b872a84e79
167bba9e54c708ef9fb1539e0b9e27f6743df91db20fde5438f848193ed2107bba9e4e4470b4cc1640933244a471db25a0907201b47a53e1caa5fab5
d16c75fe521d7bbb992d8026653049e3b64ba025e54279bea970a5a94ee4147bba9e76f58e683ec9a165a75fb54bca6deab0b79b0a075e29171ab5d8
d3f5e46fca53785f86f918e64ebf7a69e8b1c018f76e2a1cb0a55c76fad5a6f3dd02c3086f660b984bb9ecf4abb76f76dfdc9956ef0fd146d899561f
9d1fbac46771b350147268215dde7b7710244bb0be7153e1ca34c9b0c8c59eae275d225dde439768d4a09716d17e9fba8411de7b2513390b4678ef95
4cba2c78de1de151ebc9dfa466dfb83874a60c9d6911751e232c04c9672fefcf3709920fc5ace079d09986d0d50c882903621aa2543320a65c09924f
e03267404c19f4d27858e56a8895abf04dcbbbe275d099c6c342019d29034d5ac49810a049ab88b13f55f5e052abd010bb43cd1ae29e788e5d5d4324
4191afeb494384be87ea56097d3097c683dfc35cca3097c6c31801732983571a8fe55d897215077b58e52a0e0673693c9637cca50c73693c4c753097
32cca5f1b050c05cca30971651eb610ccc3097c643c983b994612e8d07f387b994a12c0d691b7265feab1b2ada9aafa72e31ea3dac72709532cca4f1
3046d4d3d431ea3d919b314350ca95462debc37ad23aa559386c06b294a12b2da211519a2b594c8c6cae4d97f82c1ea63a084aab501d4baf6d57f73b
288eb5e9a75cd18f8d5099ff60268d8ea5834eca309386c8d70c3a29c34c1a9d31a23eba24556a4fbb7aec0e084aa3075a4386a09421288dbed73c01
adf2a5f6bdbcbb7e32ea752a66a5f582401a7f81acff12280023ad22fe550ff8e9a51d58925851a755568a2e28a42156763d59d161e35b44239b660b
d274df6b9ff60bf568745a25d4a30cf568f4bdccdf5ddd6c315b54aca862457d2f73aca862459d3853b1a28a1509a05d4fbbba61325b4052ca909446
b7cc2129e56367820e6ce2f57421fa03b44af848193ed210559be123e583c5afd32a0f62177ca4d16d08c0484bbf324bb44a1848f9e074e8ac73a090
3228a4d16995a09056619836c441538573347a64c55d4faa13a63aebdc41980285b488c68e3f1df853b721402165384763fc4c48f0a0555c883a4fff
3c767e67469383c5efd8a99c6d085048f9d8a99c03103683425a856f3a044021ad22ba3458e78ed33f62f11b91ba22434bca6092c6e08539f0a7837b
6230af1cdc136092c660913e085387108c114810f9a02b1e744581b3196852868f3404ce665048ab888d3ba88507567430ab0d469383590d50d118b7
6ff21a002a5a4463c7600e0c6630c01d180cf4a231ace483aded90fd6144ae840ccb28c3321a0267332ca30ccb6811751ed7396880632f5ad2d0411a
1a448f833404e0680cf63b004719c0d1184c21008ef2c19530f6a2656b3ba88583d5e3c06d001c0de1b019c05106693406030764a35574440d9186a0
178dc9c001c428432f1a72f7642046abb8100d130b025b34e65eb4f4bae3539da67a7caa53f604ceae27d5b1a0c96c716041608b8668da0ca1681531
2193a67a86c4b38a1891c0d9f514ccea146d31190a010e65104103267186149441040d81b3eb4943d8c564cb0018b40a0d9dbb7a7030d84063524a61
03ad42758c1a52d02a8cdd4a3eb18b13bb988cce277601376811758990721252a43dca2721e564ae9acc7f8086f2c97139ad79d042ab302194d1939a
75125284d8ae275327058c10db0c68289f38c3b4e6610ae5531cd6a477820fcae74e078f274311cae765e699574ea6a573a783b7e60106adc284d03b
c107e5939a259a763da92e65c5645e399b99a7664d6b1e7c5006113426bdf30cfd2a9f3b1d3cfb1dc0a07c0ae37a092927cbfeb9d3c15bf3278d0a44
d078e99d90823288a0f132d59d8f5fbc33bfe77f5b284eace8dc69e1f3feb641d0d6debd212866e7ce004f53053894210d0d41b919e0d02a7c73ef12
be80930ef6ee5dc2ab093868bc3455c041f964a17a9901cf61ed0b267b996ecee15f51ccdec8a293610b65a042e3c5da610b65a0428b68b2a72ed1c1
debd4bb0a2f3bf141b5ac775ce9d62c321004d2843131a2fa5149a508626b4881a22f89cf8d34b293db93a4f21182fd322c0a10c6268bcac33208632
34a121d0374313ca17b3bf40dff57420ea3c4df5220d5db435c8c8ebe94134c963578f490600345e269b8b35fea2adbd0e818bb676d1d65eeaeb455b
bbb27f64970007ca50818658de0c1c2843051adf4f978a7e32a77f36c4c5810923687c3455e040192ad022be88fa49f0f9d85c2e82cfc59c2ec037c3
08ca3082c6474881119461040d51bf194650860a343e36978b8c738589687c96f715c24d0607b488ba4472810a3444fde64b60c54507fb68aa1723f9
459c110abc9e74895753fed40c23285f6c439f43e0621b021c343e3617c041f922e3880f5e4f46c40cf4514a2f4c0b70d0f81c028083566198b76172
47020e1a2289d7931111913e4ae94544ba88489f4300b6d02a7489cde5620fbfd8c33f6b1e8c50be98813ec6478841abb0961c0280835671211a267b
3854a045d4107b3854a0f1d1542f311417c14724f17a32227ce963b20123942f82cfb7d73c33108ca0f1d1546104ad427587c03577f5bfb99e3fd699
8b91fc0a6968fef646c082ae90862610e4f5e4c705b799121eaf273f2e4cdff3e764802294a1082da2b113912eb9517e7b77e03657285653bae5dcf8
139b84293fc6c7461a6a72a38878ce8de0d342799a3fc6c746796ac988b0f4163ec30c4568110fc40b51e76d04d840b9499efea3b63636eb169c68c2
39ce8d880445680a835e4f0fa211c5358d0c3028030c9a3f6a2bc0a05598646a6b63066ac52c61fe8ddcd4e418fab1ce8016cac084e6cfee685850ab
66892edb68544d9e748910d793a9abc6ce3ad3f0a5264ffacfee68585093275d76c40cae28832b9ab223667045195cd1fce1f38d211b5cd1fc510b1a
4336b8a2f9a3b6c229ca008aa6c8ec0ca72837d9882232fb1f0245a383b5cb6fa1be364c0b96d1fcb161c2325a854130dd344c0b96d14c7609d8a2dc
8269cd64430031ca608b962260b8f8530b963253325cf69c1612d34cf83d14a20c7e6826569ac64cdd42fe99923e676044b9c9899468aaa089324ca2
99f0fbc6f2d3e4444acc95f08a3284a299f6daa783b5e19b34d5461a0246344568af27fd1cfac93a03a128831f9a8965120ad12a5467996c2cd2c088
a6b0ed0c8c2803239a8975061851063f34d35ee65c73e08766c2efe10ead4275da2f14a2dcb0a2e4106858114ca24554fd33f64f3ff7da17dad03e33
8fdf031c5a85ea0c3137c1e796bb09b072063894810acd44d1852d94a1022d623474e32577f68fa8af37c9e50e3bf314b6bd9e1e44c3fc76f51826fc
a0458c59ba9994a109cd4c7d852694a1094d61dbeb69577f11759e8c73cb5796d91ba109ad22e633535f6f1ce20e43f1cc18366ca155c430331bfbcd
64033f68112f445d3a54678484119461044d61dbebc92c859166663617c041f9de99cd2c6f8841ab3076cbfb26cedca183cd4cd1051cb48a983ae1da
eb493f43d499196bbfb9f74105cd6ccd430cca508166a6e802075a85ea583b8ca00c236866ac1d4650be9bf9b4e68103e5fb36f314dd3b849b0c2368
0ad7ce3082328ca099d9716004e55bb2b56c79dfc499fb312114ddfbd96f0e4423c258ee6e96f64a26e3dc184ba6d3de180be0a099f7f2c658e0074d
31dcf9ee7e71d7d05ef3ddd475ff9df111b650061834336bfc8d05ddc33069bf37c1076ed0cc58fa4d21bb8795ccb87353c80006cdbcb70c85ec0ea6
330bed1728500603348b8883fbf58f42db9a3bdafbe6f3bf43db9a85327a0bb9ba43aa9965af793153608016d1d43103dd049fb2d73c331034a0b943
c06f66a01b0b2a8c8f3716043068eeb8f0070b7a7e3a2f4e107c500618340bb51560500618348b8d0030283f593f597c80fbac423f71ef075f7af0a5
d2f69bd14f703e8b18330fd56715ba44437da8594f483573477b3fd42c183fb330d980fa5985615ade507d565111758946f554fd64a67cd88620f7cc
62793f1c58907b6611fc02c067155aff5bc9ff10281eead623f36261ba7908400fa6552c73203f19c8cf2c34d5e7dc6ffaabac34907ff2239f62b178
1fdead276c44b3d2541f36a227649559b176c83f19d6cf221a6e9891f28315c1655e4f861bb2ca229a428eac67a763a49402f2c9107ce68ed006e4b3
0ad5eb7e53f59da3d13a05cfb38a609995aaf9b0b93c5d3ff7ea63137e3083ba571f6600826756f6c68794017b6756aae6638b3f61059e3b42fb217a
3c61059e9525e5a11ac1e59955b8e1430b02c8332b5513204f06c833778436409e0c9067569614803c1920cf226a48a825409e59a99a007956a13a36
0c9e6715669e25053c4f7e684195250520cf2a4c0855b3b3a4745b7c476883e7c9007966656f04c8937bd2258bb68b95ecc95aa26a767e25803c7347
6803e4c90079167122c6cc776ca35ac91d87e8d92fa66a767e25803c734768f7e017ab48888629bcbc8700330f2b1966cf2a629676d87627cec0e599
0755b37386775ad00edbeeac331ddb382c6f403eabe8885a27cef49055e6c1a4d819627a1862e6818b775a5027ceec006f403eb953780ebba313673a
85e7a07f82ee59856fe2cd9d49b9d3820e36978e33f4d337590f3b677827ce48f69d41feac42756b1e90cf2ae2771cd870c7197a539d10dd9994e1f9
ccc3f206dd9381f5cc83aed8b9b861e7cc835ad81f934c7d01829ca1e5ace241344ca247c7438eb1ab1be6a3a1197b13684e069a330f1a20d09c0c34
67ee18eecee6d283e94c89ced793dd81db1c7bd1f27b7752c641f383a49321e9cc1ded0d492743d299275308249ddc43d898e75eb458509faab30902
cdc99df6b3a3bd3bed0792cedcd1de907432249d79eef5c9df0d3b679e74c4feee3763d1eeb8f02e861b92ce226ae8533d98ce3cf7aa63f6ed3b492d
9e0c5e67151a62f500b6937b4820f3dc4b914a047a67eeb870083cabf810633e01f1ac42eb91f2693d5544ade3de839002a4679e0c85b07a32cc9d79
5adec35d989154a73882d7c9e075e60e1607af93c1ebcc932904bc4e1ed9245bf3707556118bf6a4230eb18743b2e71d2c0e6c2743d9993b581cd84e
1e649c93a110bcce2afca3fe4f1c8af5ea50c3bc62ed43d8f6c0de4e56c421ac67e0642783e1c0c946b5d0ec12f03c192ecfdc41e3835404976711cd
01cbcf9072fab475069e3718794efae7a0ad8d4375ac7d1cbb7a74fe621f01e4934770b979d93a037b1b21ffcc8bfe39d873c6a93a2e3ece5dfd4334
d91cec831de7b27506690858cfbce89f83c76c606f172e3e042602eb991783e1c0dea0f4cc8baa09a52743e99997fd04a5278fdb37eda721187b841b
6deef870d03d1974cfbc6895a07bf2a0aded5070403e1982cfbc184d00f9e4f1f8e6de107c6be33175b44a983d1958cf226a9d0a07ac675e8c26307b
f2a0c25d7b43e08ea3eb27ad72f09441f099e092d7937e7e2286225d4b86549341b8e47d0b0d76cb2ab6f5ff448cea337e55c93fd5d9dae08f94adba
4fc7c58c9e15897d9672186b7e06732ddb4c3d31d719c25bf9e1b83046f20c91ecfb83e9f823b20dcd50dabeb76ca2d6bf4dd4f96f137b10034e6d3d
f9668cfdfbb40e6a24bf71dc7fdb5bf41ae66b3fbcfc352f13e81b6a41f94522ccfcda086f9cf3bfdfd3111be21d44e221948f55bc88de74cebfb111
7e7fa98383a85927fb4fe75f4125703df22ff2a766b81ef9dd7757af88f580dd91df7d8f4b18d7cbc4f0ee2b5b87d65d2b78993093c5f05a9faff8d9
74213aa8c17bc475a0201e88fbe68f7e5a60c03e329880f5141f7bc7be7be34d016a903ce2ba4c106fc47d2566209af97d91c0367c1dd4303f727658
bd748577ee8b19fa69d58105c9d96903ec6315d1cfc34a7e794c5ebbe3707fe1b342bee4cdc811bf9ee2956f475e3d31c91f35fb739be8f0df3f42f4
977708cd89f8208afbea1a62fe038691f72db98fb8fd51c10f070aa08cfcedc02dba02688c5570fd5ac98032f257766cc97e737f9387db7f879791e1
652ca21139a4beba03242ec40b91df9a44f0397ae05094142842190ec52a626b97a621cbfb0b55b11457143e2b045e4229c3245b2ff0124a991dd137
63a17cdfeb9bac481012ca76367d96cd17cb6613cb2f8e9ee26a6f4af1df8babbdabd78837a2375da77cee13310e9492364bef8861952bee04ce2bfc
20c5d5c092fe574359436e8aa5b47eff3f048ae21a597113ebbf5ee4e0cd65a74dffefdbddb7c7ffec6f8e3928f97ff5c20594e20e464a717ba6c874
5de493feafbab4d2656735feaf3a46bf130afff76648d8a5fcaf86047817696d57433131d2da16b1ceff559758b6c84bfa7fab3faaf7ff392299414b
dd0d218ad42c3bcb658aed5824bb2c822bfffb57b24e96033418f89a225eb01c5c48ffbd19c75a118b9652201415b1684538d77fbffad4ba2c74f30a
cb6411e3558426fd575d8452910eecff568f155676aaa9ffde0cd34439ff5743e232ca952cb4004b2b5748d1455ea0ffaa5f218495eb9effb37a38d1
0bef797d4d32b779918467117dd32fe636af6f64062d52f214b978ea9b3464d549bb53dfb28905b10631749bc2895e24e159c489e89bdd378f5d5de7
bb7e1ede1cbe397c33e491c2975ef8d2ebdb0c13179076a7be76b3ec3b45da9d45342282c8358d3d44a4f5742236c4fde683381135f41afb6bec4343
7e1c077b7d434f2ed76becaf614edf7c75e9533dd025d693ea9fea9f617e7e47483555f4ca7a3275b1422a78ba22154f9183a77e717e16c9778ae43b
f50b8b74917c6715aafb1ddced854bbd8a1f293ceb854bbdfea1100551f5d84ef50b93729191a7c8c853bfb0ca150ef65514c40751f5acfaa37a9c7c
8583bd7e61412bf2f3140ef60af6ad70b0af423f877ec6c957b8d4eb37b51e0ad92a7c73ea7c9c7c45ee9efabd5aafba1407d91199a0ff9e8c2844e3
45d410f6db42cd3a7e49f550b3567104316bfd3075215d2ea2990f4dac70b02fa209397429a4cb83d05738d10beff941e82b72f79416c7d3f1bb63cb
70a29776e9d2e3bf5f6629fc5f0739b4f093170ef2e3b7a7ee32f321721e3216179ef1d29ace7fa6ee36ccf06a1d29e2ad4bbbbd19f2e4221afbed9b
c1c41731b60c7779e1043fd269988f490e1e72000a2b7cda45ba9dc5c34dddd07a480447c2d678b10bbff591a6b10f7f7368e8d34fa2409bbaf4993a
4c806bfb908fb67058af6206319bf9b9ab7f88a6eeb5bc63871f80ad4a0ba5a470581ffc9e45da9c225fcec11d59f8a60b6ff49123d76591f7a64878
73e4b87db69e2a62cc7c76c6f154afa221fe13d8aac87f5324be3924425d4f0551d7420f594fbe9d7c3b3c7bebe946ec410c63c47a8a252961ce91c3
1057b8c60b9ff822be88be1922f201c7a9f090173ef1a3245d228fdcc1138ebfeba67fc4626262df1fa5a81e6270b943fe3d8ad57763061ce547b19f
78c80b9ff80173a948b453a4d6390af626b5ce2a6298c5cee3f72e52eb1c65ff9643eb87d61f9d3f543f747e98cfb01e17cef0a3844fb5f082179eee
a3bcba749a9038d20ff93ed753ec279eee45d4ba2dcec57dd49fb15fba14d2f7226afdf2cdd8e90734a172375d0a7bf151936fdaf79cda4775a4df4d
f508485ec4d8793766c0a97dd46b135fc498e4eaa8bc1ffd7cf4d35129d54d91e3e6a87b964819bcd907f744e1c62e72dc1c9c0e45029a55c4378fb6
89c68e434834b89efc621ce2c032f9a10b07f4f197413a88261987381ed5a7b14fd51dd4378940569ae3f8f4f3b3e6c3627b30ea155ee2c24b7cc857
5678890b2ff171ed1ff7693decb007b35ae1df2d1cbb87945feb6920c6dfbcc24b5c647b29b2bd1cd7a3ba33f9892d7a5c71d9ae3cce6429608ecba9
c83d5cf8858f2dc64a0153a480395a6895450a98c24b7c340b8c27b8f0fd1e2dfb66289e457e97a385925fa47929f2bb1c0d77e4105e454c5d3bf433
eca1855ff890e5a9f0fdaec29b61ed5a4f0531164323057308170ee1a3750d31e048e57234bc4e4697c2cb7bb4e99ba711d99b2dae50151ee0c2f57b
b43d4ba7097126dfe465695e8afc2ec74d76e0082eb2bd1c9204158ee0c2117cdcd92f0ed3e752b662cddf38d8d3fcb830031d77d54f1b963ff8f863
4f418cb5f4dcaa9fc67eab1e56cee30e2cb8f5a4faad4bcdb2b9ad2547fa1d6ed3c28f5cf8918fbf4d1244eb33f6ed7113bb78950b77f2714fc374ce
3fa1b62e62ec387ee4c28f7c3cc9243bfcf9910f3783cbe3487f1ce92ead160ee4c2737cb8605ab8855711fdfcf39e06d19b4eefbeb70c119e93f8e8
7bea1ce99cc447df4bf1b514c306b9883aff6ae8d5d069ecaf1139fcfba521873f27f1d19df372b8142ee3a3535f9ecf7c7efa19de8dd2697e3cc78b
d81133a22ed9ef72b814e95a8e3f0f5b105f44dfecb1e67bf2cde49bfd43f4cda44be39f311485cbb970321f7dea05aec3ad7cc8e551a47b29f2bc1c
7279ac270d92087a64cb2b3ccfab30af769e5430abe888fb9b03d1703fb3454ce82402f7140b97f32a6ec4d8649ccc853ff918ce3afee42223cc318a
86aa2e111346d550d57a04d21dae0f162ee7c2d77c8cd38808fd32c21c8352da433e289cccc77054f22e17f9618e3fd37e108d1dd7190e7f5ee22223
cc31f7881cfe92bf1c33cce9a5b365f430c41d932c2ec14b91e0e59861842c1ddbe0253e640128bcc445829763ee1f776b3d648063be26e436c9e11c
39dc5b5a4f6629148245f44d62422726bc3fcb06879076651db486e9f0e7413ede6a3ec3ea5c7ab83c8ed7c920df4a9161e5782fdfc4607ab09403ba
7ee13a2e5cc78b6842180e38840f57694a9f5a0f23f2e1824ce1095e85d6492e9dced0e90cf0ed4bc7753aaef33a69b9878b0c2bc74b88ee0c073df8
ccb1357fd9570ad7f1f192acfbeb1f85fde0f8836efe237ebe1912c8f125c3644de0253e3efa27e76de1bc3dbe73134fc407f146ec88b1b53f9c8cf3
b64891727ce174285cb985f3f6d84a3ee76de1ae3dbe7b57f7cd884259c40b317e078feef13ddea44070ec1e9f239df3b670de1e7f06df20c6840cf2
0818f722ff4991f8e4fc256f16d54302397fb40afed9c23fbb88ba148248e19f3d7f111552b85bcb08abc0f98bd0eaf5a4f321969c7f48a77fc443f5
e005e7efd43a1bc1089561114ddd619682419cbfb6df1c883388ce3aaed855e827fd436a9522b5caf9a316f2d6166eda736bfe83e422c3ca226a8895
5b3295f3677d0e5a85d42ae78ff23c429d28dcb48b68855cfa195ac59948825cb885d3f64cf812a76d9184e54cc988c2695b645839134ecb5b5bb869
cf44f0e1ad2d230498339119255a59450c33b11ef2cf161ed933ed7f8405f1c89edbee30983ec7e39b4c8abcb5aba8883acf6cc1777ba666313c1a0a
f9e7dc5e039edcc2777b26aac6e8c6de8d1d9fe7982da37b93602ea74a9145e5142cbe9eeccdd062cec410338665133acdc9fb5606114986953353f2
06116904233b73d2cfe96f06073b73d944d583679d79ff8e697907b33af3fe1daf3743d439f36602af86822f9dc2a0cbc097c6a7fa9fc3fa1f0285bc
2b45de95554383a4a211e69233efc54b5fe2cd3eb329e4cd2ef2ae9c19879077651505f143ac88f157453eafa70bf1413c113ba2e18627aa48cd5266
32afaf86926f063f3cb7d54332962219cb59c29f5c246359c587180b6d928666f0bcb354fd0c2f6399613b398bc53b494333f8e1592edfa498cdec9b
e15b2b937d44f696b360ae13779c1861797c93343443153bcb9ea5f001ae227e4771accdd0c856e19bb4f4c95b34c37672c23b2ef2c314c10567258f
4805b38a18e61fbe4e108d2858df592f9dc7f3e477396bc43bac275d0a2e775626fa495b9ba1ad2da22e9d663e6c27e71f42ca1f11cf93f4e5acc39b
14b379a94ec6998c26221c16310effd9cc67a85be7c17e3b9bb1872fe7146e58264e367132e1864542985544e70f32e3a483cddb370fd5713279614e
e8b04542982213cc229aba90a2d6bf89593a98ab26f636b1b783e033f92a6730b4f3a0ec09d62872c69c074e26594c912c6611adf9ee9bdd37f7cc77
dfecbef9ec378da81bd1632de1793304b493df7b3d99a56e961875273bce0cd6771e7be6d97164a539ffe01a82a8f343e7f73664c799789ed0c0f564
e643943b4f56a41d8c220ae51405b89e3414369e93dbbcec0815096fce93d835c9773324ba5368609914c8f96a88402196651517a2096128963de73c
3767a0404e7cf4247a4894b30ad539c5262bd2fc7489aaf106e72bb2e79c27255ff69c227bce229e880dd13029a5b2e714d973ced362903da7c89773
026d5d4f2762fc0e00ab454e9c55c4b211015764c82952e39c27cdff656f7a43c93bcf4f756cedcd5aff7429f859792308e214adb69e8c286cc1e745
f49067a7bc61843a2f869897d0f786bde91483565e42df1b2cefbc88c62f23d41b0ae0223e8846747893cde525cabd44b9ebd844ad13e52ef2dd8b83
bda4b68ba7ecc5c15e1cecef1e74106fc4f81d178ba4b8a1222dd0793dfb4ddfbc748973e425b5bd97b1e3de5206ad42eb1447c14445e6a0f3faac10
56244982cec6f82849d02a6e440d91da5e521b9cce228fd02aa2a1469316995464153a1b77e48b01be21bc9d8d0b498052796f0d1d9ba821a25c3bf4
f3513de4b4b3dde59f02c5fbf82d61bd3a1b37ef8be7bd785e7300bea4b717cf6b7bb2e99fd21f9d8d0628fd511118753607cb4bff7cbb6f4edfa47f
be61e03adbdcdf345b785ee3c997f76815be49c2162655a43f3a652a2f42a18ae0a7f3de1383bd09773a012e16e98f8a4c47e78ea1787132e14ee77d
fa2639ef25e7dd8e0b798f8a8447e7ed1078f1a737c4bd13126191a36815b14e1f8c50ec54f9b0a2c7a290956815d1a527e22fcb17371dca87153d44
f98fafea4baa4704649195a8c84a7482a92bd211ad42f5b189033186093dae08d92a62b5ce4e03148f55c4639d9d2c261eab88c73a3bb7b9d0ab22ca
eaecec0e5f51bda86eea445915515667e70cff3018515627ecb222bcaa88ab3a3b67f847ab9495e89493b7c83c54be43e749ac1faef3e13a80c28a74
44ab88dfb12d681210150988ce51f493dcf485cfe984a0b59e749e88349c363208ad2226198655d9c15d1f0d70508d3e1ae0d7546f3adf74be69e8d6
7972934442e7b84d087bd317dce31ccc951f7b936441e7e846446efac84d52baae27df2437c9de5a3ec1441f6948fad5225950911ee88437553e06ed
2f0cdae7643dfe84b47c21ea9cc09d8a7c40453ea05302d4221f50910f6811755e9ccb17bc60114d1d2620f6ed9c36ac244145ecdb29ad699124a848
0b74cebdc0c838df50dde9fd3157491274ca605a64072a52ff9c73588a8494cfd69efc201f83b62c3f2784a2f2d1ebbecf379dc91fd3d21726ec531a
cef5642986576b113f44ad13525e9111dfb7bff921fe4d72fd0567a852ff9c6f1c17ebe9418cdff1867bb7caf25365f939df43f5e013ab28882fe289
18ffe83d37b1216a280c85f5177ca2ca0774beb7d6b36f925cdeb84150e5fca9bfe01ae71bccbf4afdb30ac31cba54f493e4f24e9d0f856c15a6eed3
a562ec2417d1c9ebc937492e5fd2507094fa23b9c836597fc158aa2441e7b7e73354b755c42ffe8a6f56f319a6acf30befc67ad250d5d06198a1baad
e243d4cfc38450ddbe383baa3c425502a1f32fc23388bec986f5356f9efa79eae763428221ade240d4d0a99f54b72f5cc6f577a97e693d0ed3f5a475
aadbf71afba5f5e04b17f493fa6b1a0aa673c134594f1d7104f14f5aff7f0b145596a0fa0b41e6fa1dba765b14c175aedf9e03b17692fe5c8275d693
5e04f3b9048d57b97fea2fb8cef5eb7ecba37a4820d76faa2e82ee1752c69562e7d5dfd0a5102196dcbb89a63018c52528b7fea645117acf05a0613d
59fbc121aed4115fbf3a64802b0dadbfd669308a2b4ddf7c351482c125895d9592a7cac573a5d7ff7f8d28ac4257fa8c5d08dcefd3d0de109f3d1abc
e4cad97c7efe6af0922b170d7dd669f0922b871255c5f4d614cad0258ddc7a2a884710e348af72f8d4f4d350881e55469f2a95cfd20e62eb24717129
a91ef1cc55f69d2aedce953fd543ca58c58938106fc4f8c5255c9d55669e5544e74b1c2c35611bd2f55ca5e8a71038e97a2e57d0ab743d55ba9eab84
73a4cacc535370888b6d683da95e556fbe598d3d78c255ee4d54fd503df4baf5a4a14343433fed7b9979ae320c33448f55c462904a6b3dc53f9299e7
924aaba653974e5d7a7d330c38ab880526175695aea74ad07355bb3961062998c155b3df71e967b8c12e17a0ab743d550e9eab661312724c957ce792
f6aa4abe53536848572dfad9fce2e69be196aaa9197be84b57adfb4dfd0c65e8aa871135f3195ce37255bacabab38a5836d5de4cb76573fbe6692ddd
fa195ad02545559575a7a610672e39a6d6932e3daa874e535337f6104b2e37836bc22e1276e1c66d9536a7ca97731d7bea8615125696eb70b0489453
13c67214332fe036853c721d45eb626ba5c6b98ec32c89ad4d21962ca26f86fb6c15be796a7d9aba30af2ca29917702b89ce755cde7c8d3dd8d375ec
e5fd6ae8d5f966989895cc3a8b68ea3e3beef3cd6ebf7fd652985e16d1eff83414ece962c3aa090b12ed7f1db8a268ff2a89ce2236c481186f9e2122
55f96baa8c35d719eec82a554d95aae6724bb2ca4a5365a5b9ce5074aafb04d55d81eb9caa933224a0b9dc25ac12d0540968aed336ccc4841c62c2c5
92b29e6ec4f84797bf29f7cb2ae29b6c195562972ab1cb7545ec6995c3a5e6b0db5e57d7a55343a786763f4fdf3c7dd3fa94e6a5caef72c939b29e7c
33b6fd2515c87a32225bbb9dbe19fa47cd76716bba64c3e6d03f2ed140eb49e71dfe6d20c6fe5b457cf3ce9b68e6c3f07adda127d57c6b28948b4b90
4e9592a5e6b0505c7f9181ff1228a46d5945534383ddf2094bc3255bc17af266d85a2f3908d69341842271dddd9b43755bfcc6b0f3f00742bbb8ee00
14a8d2b6ac227ef5fdfae6d450ecdfeb2165e4696262ff5ecf5ebc53ebb17fafa7ecea13f143f45b5e5d8afd7b3df8a8d42c554e96eba93a4fcac8a4
8cc7f12befca2a7cf3d22591f23976e5f5dc968f48f91c36890b407dcd64874c76784899f2ae547957d6da7d102f44ad93326551a9b2a85c20e2ab84
29ab88a9eb84140953aa1429578f688b2a53ca2a2aa26f66df2cde8c5b09b514df2cbe49f02d3401394eae1e66d5eab24e754be70293bd9e1ec4f81d
83e05388f2254ef6ebef9ef01ff150fd503d1c6db538a88b8d3b30426949aa4424d7c04b4a1cc6b5d88e7fceb43fe2653e9dc9d096ab0c24ab88df31
938608e825b6ea359ddee5322136ee74da9466ea9a6f3aa88bdd2c3bc9358bdfd18cc86e9e71f1643df9e6ed9bd6924424ab50fddac48ea8ba93a138
698b9376626f25f6f62ae26fce3d4beed0c84e72fd794582a84b21de5f13d7292ed694474336ac042655e6926beea5d835d43544982a5d435d43afa9
eb1aea1a0ae74895b2a44a59720102ae72955417b8ae37f9a6735eca92c5858d7df847cef977af257768e431b95e42b4042655e692eb3d8c1dbb28d3
374faddbefc57e7f6fbff835f314886f57a740140ac4779a1027ad8b6697a8905ae388ad3536f3f5f54d7c1063d57dce644943aaa421d756202bb9be
865cdf7e71316a3d5d880df1409c886f10ad64d942aa34214d5847952da4d6ec4d26864aaeaf21c9b75f58d0aa1422559a90f6a7a206b121de881dd1
378b6f8621bbba4857dda06be01eaba42155d290f6ebfb4d23aa461466a0f5a4f355e7c3485a650ba9353480f67b7589b02f23484b7b4228f93594fc
26aca3d6d39bc12e5aa21fd7d3884ed5fd62d94256d18348e8932d6415314c5790aba4216b0809d12fc66d641269e932f32402b9435a62c7a9cd2c35
6fda71528154a9405a7afd4deca206bb68e9334b34fe7aabfe19e66d98c1439a108c2a5b489526a409c1584f6629648796697e95ece0ce63cb6131af
328954b9435ac6d2a5105945ac90d07aff2150c828b20adf66f5aa040a69469a4ce555469155180429a33231d46e10b735d5fd9660290d225dada48c
3af41777947ba4d660292db365482fb28a8e680e866f0edf248fd4e10f049f69796f5c0ca606835944239a1a9a1a6277907364151aa24056da854424
ad30afc94052e51c69a568887a20e7c8225a68448f1aa24783df562bb3854424cd7592f5a44b61096df26557c946aa4bab4d1aebb5b962442eadb6ad
511fc1adaa4c22cd2d8f2a69c82a6292ddf2a84770ab555c8831f3f28354f9415a250d1fa48c23984fab66fe08db42951fa4d5ae21bc449e8f76240d
311c1cc152da81e7c9ec51a5f46807c147128f2a6d473ba8af327454376edbf16ca27e8626d04407d40387384edf8cb88c7a84e3b3cad0d18ea9a160
0df5089ed00efc49da8e2a6d47031c54a5eda8d27634810055da8e55c4b2110850ddf75d45fc77c83ff5207a1c11bcd64e4c4b668f555444f3d98c3d
c49226fdea7ad2f908aa6d276ba7ac1ff5c021a4e1ac87d35ba68dd6f226fa71b1c75a23b5c9ad5125d568edf0e630a2a13a19476e8d2aa9466bb435
f799ab8bccad356f3aa80ffb4832c07ad8324748f24b87da6ffaa67dd4eccd83a150de8dd6f63fb2b90e9babe1a3726bac227e9cdc77f5a07bcbb4d1
eeb8585c5daa5e0522edf724984b9cd1245baba7dd71da1d8ff994316315f1376521ab6798e3ea198107ed61283c59e5ce30e6b7c72f3edd413d63e7
34d9bdaae41855568c269157951ca34a87d11e87d5495a3fe3bc6e0ffdf3b48f4efbe879bc5955afaa5b212769fdac5a0fc0da7a92d665be680fe5d9
85f22ad7457ba86e525e54b92e16d13029e467ecc6f6d0a84f0638e9309a5c58f564803b1dd49d3424f3c52aa24b7dcfa71d77c629dc24b3aa276bbc
7418ad13e14fc2fe19d6b5d6ab11d947a77dd4c94deec65797e25ba7cf9db6cc69cb0c92e0495a3fe36c6d833a289fc52a62d94894534f0af919c7e8
d2f18d88b42e49c5225e88bef9f826be743ee633ced436ba7fc4342f73459352a79e5d435d4338ed495a3f1da603a795c0a2ca5cd1c6d0bacbed671c
9f6d308548595125a96883c55cae8a2a4945dbbad749303f6387b7491e919da2ca4ed1e6a5f38c65676cd1b55fff8943514f679ddc13edfd19c4e7b7
8462ddc0ecd493800eb9a0fd85bd2ca2ac11f5b271b71b4d9e882a334473557ec977b1faaed0a8db87435cb18d57f121c61c5ca15fd72b14eb26b8bd
5efc75d24cb48f395d46892aa344fb1ce9977d7fd9f71f73fa4594bf88f21f73baa413abd03a0b85dc1355ee89f651632eaafb5554b77ca492a87248
b4cf76bc88ddd245dc5be5b888dd5788ddf75639248fa8d2452ca26f1e662978c2fde318bc0ef3193ce176597d3dc5cebb62a7df10fbd7936f865a7f
ff3806658da8d245dc22de2b20897a9dfa59759e2c7e5dfab9278435feba3444e8bf1cbfd7a521e6dfcbf12bcdc4fd8bab54559a895568fddcd5cd7c
d3108e2be9c42a6a10c3195ee59e58c585e89bcc01724fdcf091aadc1355ee89fbd754670e907be2fe3d561dc3fb150ce6feedbf49b20671716f47db
4588067171a77313558f9d7ea7dd4fba37348b5b2878dda01657d8df17d15274a44b1e7127d604d816f58ad3fb76017e3d9990108def3435c4f00ecd
e2762bbe4a1051af70f3dd42c1ab04111570c59d59e5e482a8b23fdc997b4286870a8ee2ce781ec8892a7dc35da8312de4d70a5de22eac09d025aa2c
0e77b1962465a89232dc850201f4a14aae705792b5b4081594c37ddc8824d61667eb0d88693d9d88f13b0e6c58ae840adfe1de267af80e15bec37dbc
be49d16db1c7eed384349b0b6ac37d32eac987506540b8b724d8c8b6cde63ac90e301caa9c073770c4f5b4ab47eb674374a842745844b344d185e8b0
8813b1226a88f550728455e83c8fb31c0915f6c37d6256ed329f972e39001b81f7ff1476f7cab6e3c61986735dc5248acd45768344ecb233db55be03
2efe542990343596eedfd8fd601c28b0825338c4261749103f8d46bf1f8ec31b713eda31210842f426de812e44d838a13755d1c60923a96ad36e6f64
466dff843e97270e33eaa3bb91b1eeb028465da2373e2cea1223f146a644078be0a826daa91ac661467dd48cbadbcb7eccf1159d066b3ff7a0191154
22fafefa4d8deba891b6639dc3ce074125a21f9acca171d18ce8f6340f3b1fc451036e17011914248266449f263c5d88b083413f6681b0828f1a68fb
31abe2ebe15f7767b5d9dd6024d50c0f8bcb0797373d896eabe9201631922abaaed2128b08db1af4ae719185084210bd6b86dd14931044ef0c1f0a10
4101a28380a35bef26efd06b27e07f6250507b083b20f4b96a40df6124f514a77510520e23a9d73d75aeb63e088a0efd145863978320e5d0bf46303b
0b8ca4ead4651ed2b5bcaee5dd461b120923a90f785bc9a78d10b606e8b6e70ada084114a13ffae6aeeedb05a0dbe12aba6ade55f3c7a72698107601
e82f43adf311f5f211f557ef48f8602415abd5b8ec28e1079182cd1e8d71961b6124550417c726d180a016101413e3f4a94fd3a647d77efad4a768a9
1926750a93a22b108f3802a2012321c4a4529c5c0c1401e2d19ea8c1c73905790cfe1401822240d8b72a4e5f932240d8a22a4e5d3b61807879fce803
04ddf878ad94a2fee3e47e0005066df8a00110efe591d2dd75e6af25599c7f4cce7fe1f5a0df3e12e239a2424e5ec4c9e4c3f202933f924da687ef1e
69eae498949e3a2d6c7d7ee68d7cf7131dfbd1979c7ab2738ae770ab9ea63167f906f3b3fa70e28650f8f9d1eb20ede39c8a3ae6b410fb9850bd5d54
82387b9c40d8cf570de195c3d6e7748112608f13086bd390a0c33e12e2390cc9539f07b84f3b7404adf580d127aa6b1ca921f8f9e93dc4cfc7e4e757
ab1ba7f907c9f5dc9699a9dabc74522c4fa0e24752cfb971bc7fb50e22eb23b34a09001f13809f712e34d303c09e3f3b9cff64aa98df323d727ad0b0
e341a03cc3523c81f2916c32ab94c0df23a115c2edff65984ff83b3962bec2e330e0997d93b9c9247422d683de78101acf69f880bf4752e5d9f80449
840789f06c56f2bf86f46f19d189310982e13189f0c6aeff9a907fab774b8c49c0c46362e24d9f0c138f898913860c28787cd5f9c6958cfa0e42e339
ad8caf35b52f8d9826dcec7b7aa45a45cbc6c101138f8989132a0e7c785018cfdd00484c3cd0e2b9af33d3c36b087b532056c6e986e7becf4ccf490e
66e79ea60d1e44c173c62610fe1e0959102e5af4764c7a7b0efee8edf8d6e09f872032f4764c7a7b062cd0f10e02de797ce799aa0dc1a8e96b436f07
e9edec7a064c76d0d5ceee3711da01cdcece88466807343bbbba84c98ec964f7c21e82a0764cfcbab3da2eaee46b23746265fce217bb2a0a25cf6566
1e32ab82cda002dc755cd59c724605c0af834a769ef1cf3d1448ed20a19da7f92799ec9154ef386d071876c0b0f3d49e4861079c3a4febb497967735
67326751d5233964facd362fafaf7ace8261ca83ab73fadc50d523f19b3cd2172b03249d5fce888b857d1d535dc4dd591994adf3abdb20541d84aaf3
62b922a003fa9c97600d12d341463a2f8b3870e3919072d019c08d03679cb7d1fb12f88533ce7bde5d2b0118e76d1e021b8eeb999a116a1f47f14559
655a58d0e080fde6c3b987fe8d8b72c1c3ad7a0909bd88263de6f380dd91d062b0420edf0ddc6e3e1608e0bb23a10461b9ef6606dd1f2a036cb1dba4
f4a654f2eaf340b923a9527a0bae1d4787cc7aa4d708765bfb45e3e6ab27bbb5925b2b798bdd184721b3c9f4f06c236c6ebecfccacf284e8e6cb0d88
cd8dc9e64e37d01dee2e6c7bb13e8fb88d49dc2ebc7237dbe816b6bd14a21230dc20f5ddec531838da91103ee062c0d1c6e46897f9f08620386d5b5e
67b29bee0369cf277c1f6e34e17f363864366ee8c787bbf2e69db927e7cf06bf55ef09c27e8cc9b731e49ef4be55c25b58e47d4e7ede738acb80beb6
75161da7eefd85746f6ec4b9334956fae6715b2105b4b6d5ccffe6aabd277e6f9e7c73d5ded784d49527636aa2a876b80aa2e701296db6930a6469dc
b02c9b44c56d0cb911589b4095dbb47012a29b19000a34e09f2d8c0c28d07880ef331cf6d18e30a123d3e5d3f4ff60b2ad44202f639297c9ba7c841b
3ea086642f3f6a3200b3cda8ca679bb31104337f381c33268e998ca9871fe70146d9cb631c4d0159d02a5ff0835f806ab6568c49603463329acd8840
e93d9e74799b995e132d352d97a7cd0912685508060e330098adcd87e7fa7c88683493d1473fffecee2eb0029c5953a99f4c0e0e82ef01d51c990a99
d5f63bb8c9c38fd81c096cd42a211c33268eb99be4937f0f5865dbb9819e6a2bf1c0c4f722c54af6b6325799eeaec92027db34679e29070c8c3ab892
9f73fe2664d20c00c218cf05f1d459516c8fdfa145115b74d8e3415af759c83c924fcd155a67f83c8f33a1d27d5645eb890f54ba5f325f97bf2e1715
f04e49dcaae5ed6753b17f66500014039938aea84af19a332013db59a47da00fe377fab08459e29d2ab82b7891a146063ef086edab46bf26cf34dedb
97814edc3da8bab72f3ff33ba7d2346dbec2cb817f81f86b9705e137e754fa9159e5fa5ad9fb1df553ae2fb7ffdb5c7e292dd5fc05df5cf73cd373a2
8e2f860f44305e75ff9aafa9f2be2aef0ce37bad90bfe5456cb741f53591780f689a9567fc5f20feda6db5e8e51b7ce926dc824a5ef3e449f5ddccae
d74c00b2d71e960b1e6f24982dde4eb05d4cd8ee61a4e0ea826e7c7b19a9b8ba985cdd5c6c7a75d8ef3da9299733fa5f9cbf5db00350176fc596b457
357f4d74dfc7e55dc98b679d5c9d7da8c791332174f68cce65e19a00b3d8b539416c0962db97ea8a4a78f82773c5ec94be60e2d512afb67fd2e5cc75
68dafea9c591c4a4e52268fc53cba7e3e82b13f253611d892d4b34d9be163a994b4e170a6a6673e69444ce09dd784e93d905fab17e654ea16361a6c4
654b0bb932eb396df1388eba4c30cb2ad30c77c16e6ccd2399a2e2b8f6edf49b94cc96ee37bff34cafd927cce2377960705c7bccbb9ba2e2b8f6a88e
30e15c25c8fc93193e1c55c4e504898402f9facdefe4417ca3afcf31d98d5dc993375bbe58988a174c8cd748fce6eb6bb2c8971bd450ee8071e472e1
da19de9d5b6679601a354b4f9056a2b376baa7b9102b9c58565bbc3bc5d24960d1b648e855f9be7e320ba5194721b3e26e5b19a709b6ca095bd96662
1cf153554f3b32ab403ecc7420d6de6af23c8e0e991ea9fb4daa639fb25cf656aebac46ae5672215e5284c90d6483c922683c74a20d6de5e6fc44cff
945f73b7c3d138ea3281124525e487530873b5eff335638a66231dd26fd20efcd442d46e979ffc90094452ed7bf5b4899dcacfa427340444d448eaf2
a3faf9b475457e262831cb93f8dfc49d8ed3bbf3647eca30df85f32488293f938978e7990a4414752f79f471a4403a6e215c4efcefa3c91027487b64
e4e7c42d1c1e5e43f89c935b90a9217c34042e8671a4e8ca06dffb33cf74a3af28ffc5235102fddcc2f40f97df5e5343380fdfe8f648937098d58650
df048e84de24386824559e5f1dcbc72cf48331a8d9f9ff6f5094b6f82f3f4995d6b76602b992cc5bab0eef66e9b97e3844610540fd5cb924b142bb21
3df1403979a0ab68a45c4d3c574ca1213d57134facd06ef44ec850628576a377a2837255a3af12711c475f996e547ed1840c8da42ebff5792bd1ecd5
2070a7bb87470220dcf3e1d38d54f3fb74a66abe36f1f6dae85a464a4e1ec82e15b9aafbabba6f93a80409e55a4d60643a73e7b4de45a7d7bc2e9143
39c921ba92e34879c2869f5a9e483851aebb28fa5474fcfdebe137cba99b18a3d271ffc9347e828b722d53671769328efca6f6f4163e388efc262850
a4c938f29cc0e257b7b1d2cd5c81c588eb441c259a68677ae47a4ec1f87aa45735c716e5fa75b9ae7de5255d35b25707b36a6410a3639925fff54635
041df64a483bcfa42d678e65f7356fd55b64a19d0512079438a0e3f3f1487311a04ca463da23589f5c5fc1d8bb337949d75730b6260ef949c8cff129
0420371a97789e63d5436c54ee37d1fe768e1a47b74c01d3a733f93ea13bc75a36e3385a65ce886797ff2e532f8eb9564c12dd93dbe6f2f28b8e2397
0b225c0d2c1bb36b1344880cce8dd985033ab6d56f6effb7d651d1c9f5ee9b8165ab81e5b0417369de57e621d37332d0b610dcdcdd5ddbdc44fb6ffa
bc8d777413cbcb9b909b7169ab067b442db0e7665d02237444f39a53d0be4cb9635a2ea8a092d3af9863676a869b70fdb8dce870a31a898e69a4c07a
12cf73a48e65ab35b5dc8406127c2f6dfe9fcc9ae81e64cac6916f248cafadcefc7af81a5f8ec63cc4d08ca47eb3edee7ea90ce26edbe9392fa52462
afe9695133899a39daab2ab2c53671b79627122033922aa57d9d67bafb2d3e78f3f0b7df148cbb6f1ec90adb5663d6c8f4489cab309b636f2ea748bf
6932bba167e35cdd6aaa71ece5a1c8b0081065371d9d2917dc9b2156ae97eb33612f39b1975e2b7a199bd53061e5bd4284c651caac1bf57b661e32bb
cc4ba6df1440d74b7934112e390997f333335799a269cb7f9760969188bbd57b835972c22ca74f1cd6e262c6c896ef32c3d013cd6f32a211271933c8
953913bcf751f38fe35b4b9c8923198948cdee4c02ec510100c7a5ce8344724222d77c4d2bc0b090e3fe09f4fb270645583f9bb0c8cd440ed57ca21f
b71e17f33192aa14745dc6912f20e6fc597c553b274479ff8fa77909b38b8969d85229611a39318d67beaed905dce278f479a19e867acac79ef1b8bb
f8703a24e34811d694f878e7dd55de5079dfaf2a692538aa0e1fef35cf3c6556b7f196db3f537f8f97e804761336311201942aafadc2d21e617da9c0
8a7174cb142fe84669652057c18e2a2fea22737523859c84cd7375a3775ede6556a4c91c009329973594f44f39f7c691e5e11a4afaa72238326bf018
89803fd53c35b2dc660ca21b1919324401ea9fd2c800e1e89f594a06811409c71f9e808e4cb1a72b3b340d0299ce64a4a03c4652d14bebeeccb938dd
c40b9a55e2334652453747459846c2343a6627c11709bee85b2a646617f8a26fba37f045822ffa9ce4a7690cf8a2cfb12ecdfcb30b37bc3c679fcbed
7e53ef98423752908eed5a6aef90ca14ec38bf7b5774c2ce36fd7d6a9b596db3c7e2ee66415926598f8f6fc416cbaf60c7e6bb5bc64e516bc1484983
55969dd6e7a00a12499048cff99a97a22bc756b78f49824446529f2367f59efb9f087aa3be99696d1b16d20958666ab0808ede7867f271f9238890d9
05ef485c476f3ad7d48af31587b7f8705a71562beea407c6916a5313ac915985dc380e10207daff5857154376ae594ed3b774013cf010be93bff48d3
de9bf66e8bbf7174ca1405e8e19b6956d3de77f38fc6e86bab87f7464d7b6fdafbfef84dde048c49171d308e842facdec88caab1193126fd589ca969
a34afac1e8c3918c44bc60c5d967332ab6102fc85e6e764a8193f4430d69e1eedafbb1fb4d5eb9562dbc1f155891cd2e464de4eba107c39824c6a4db
dc24c125892ae97d75b93d0be024bdebace0242339642a4fb33400499fb643b3ff491302de2f9fc3dcabed6e540174d94cb39a68ef6ea6d266d8ca21
24705120ddddbbe0c150f296c49b50bbb36894c4838c4408a351061d92b0907eea04001d23a9bb5302487847e23afab796e013de31925ba6e7bc66d4
4bd5a5efc76b3224a11ffdabf36f1a6cd360bfeb3cd36bd64afcc8f4f0c6620448ffea939bed09da2d1cb2ffc35e1eb9fda33d0112c9568377ff9aef
34437213ac7a711ec341120ed2af4d11b0275b35df7ecd1ac9350807e9b729c3ae31ef353debb722d86ba1255121fd6679eef61ec08874a109e348e4
8e662f3421ed8a99b6c31c36a6cbb570fc48bfcd0e302289111935caddd71922541ff5bedc4813457ef4fb71b96d0676c1e937e36d67cd0240fa6306
b7b366e1205dfce418e25caedddab3721ced320594eaafc121890ae98f99d16e489e38c8538b8589034900487f6a39397120b9574bedf68ec83d67d0
d322d36f6ab7a8906e7fc98483e4c44128ca250e2401201d4993c88f9ce407783f811c23a9777fbbf2e487032c2ccba932081edc6bb05996afcb6f77
af7a36323da721c496970b39b43c0a14cca32ac3b2e8c8a00623392ad3907ca80cb6ae5c3eeb3cf392f9542617162821ed59b97c4cac0eddfd511565
417e8c23b15dd5c12f1f5dc9c1bc3bcabc5ba62bc3969769cbcbe5d3dc7deeabb5ba7b2d3cd7de593f9915f1b16c8a0ee890d08665ab18ad4438a4cd
2397edeb4cb3181b2f2e61ba7430470e028de09e3c6664590db49bc8d514483e92b7327942ba42eea446173d4317a538b7b05b6afd2a4556a7c8ea6d
79ffc12d3afe7ffdf9fcf50ffffa1fe7afff79fef9f9e5fafb6fbf3d7ff9dbfda7eb6fbffccb4fee2ff7f3fee92fcf6fcffffcf5efbf5dcf2fbffef5
d79fabeadf1ffef8c77ffbcbfddff34f3f47fff5ef7ff85fd43bc53d001a0300
