1f8b0800000000000400bcbd7bcf1dc775eef9bf3fc53b07089000b2d3555dd79c8300b444db1cc8a286a4e2630c0607754d0858a440c909fceda7f7
fa3ddbe656027230030c015b6fedeeaeaa559755eb59b7fabbffeddbd7bf7c36dff7f5cbf357c7d3abf5e3fb3f7f18eb975ffebefdf08bbffbbbafde
8f3f7fbfdefdf4cd5a73cdfbd31fffe9e9db0fefc7ebf5d3d3df7ff9e2ab17efdefef40fd7cb2fde8d3ffd79aefb5bfff54bbf5efffaf6dddf5eb9b5
f3f4f774e07f6f3fb477ee97df7df9dadfde7cf3f6a73f5d6ffce7874ff6cb13bf3ce5dbbbffb23efcf8f6fdbb7f7a72c7af8ec35fbf7cf9fe87bf7c
78fbaffff6d33f3dfdf2fffdbfc78afefae793abf5f8a53ffc495f7ef5f4ec4f7f7ab2473f3e7d583fae0fffbee6af1e3e7eace9d59a6f7ffce9c3db
fee79fae6e3fb577f3e9cf3faea7b7ef9e1818fba5bf7dd73efce569bffff0fd8f5f3cfdc7db9ffeede9fd87c77a6e3fbefff34f4fdfbf9f6ff7dbd1
6eb57df1d43eaca71fd687efdffef4d39a4f3f7c78ffef6fafd97bfae9dfda4fd7ffadc72af6fb3ffde9fd7fbc7df7af4fe3fdbbf9f656c38f56c3f7
eb67bdfe14093f3ebddff7be8ff7f3fafacf3ffe740dc54feda2e96af3a9f5f7fffeb396c75f87f3ddfb9fde8ef5c5f5e2db1f9ffe74557babede3ee
bc9b56c95ffbfa58d1d591f1a7f6f6fbf5e1fff998ff781bec8f46f8dee16bb4e69f2f22feffebf39346686aafb5fb92f8c7f71f9ede5f4f3e3c7ddf
7e5a1fdeb63ffdf858c75f67d6d686d5f11185bf7afac4607cb3de5acdb78fdeb5efd7adf36cab77effff6abcdeadb6b4d5f7451effb0f3febc3f7ed
2f4fd757d7eabdc87dffb4decdeb95abba0fb7de7dfffea7f5c4885e95cc8b866b5f3cedebc1632536863fbedf3ffdc76de1dd17f58f3fac715bd557
0d6faffafee3c36d3dbf6365ff78dbee9f9aed37bf7bf1fae9f5cbdfbcf9c3b357cf9faebfbf7df5f25f5e7cf5fcaba75ffff17af8fce9cb97dffef1
d58bdffeeecdd3ef5e7efdd5f357af9f9e7df3d5cff6fbcb6fdebc7af1ebefdebcbc9efeb767afaf6afedbedadeb7f7f7c7afe3fbf7df5fcf5eba797
af9e5efcfedbaf5f5c355f4dbd7af6cd9b17cf5f7ff158d18b6fbefcfabbaf5e7cf3db2f9eaeda9ebe79f9e6e9eb17bf7ff1e6fae6cdcb2fac3bffb9
8ea797bf79ace5f7cf5f7df9bbebd9b35fbff8fac59b3f5a4f7ef3e2cd37b75efce6eac6b3a76f9fbd7af3e2cbefbe7ef6eae9dbef5e7dfbf2f5f3a7
8bfac75abe7af1facbaf9fbdf8fdf3af7e75f5ebeacbd3f37f79fecd9ba7d7bf7bf6f5d7ffe5c85c247e625c7efdfca2e5d9afbf7e4e1fae91f9eac5
abe75fbef9e2aafd6f7f5d27c0d5c8b3af7f3630afbf7dfee58bebd76b349f5f03f0ecd51fbfb80de8d5c0ebe7ffc777d717d7c3a7af9efdfed96faf
f1f8fbc761fcd982fed9985ed3fde577af9efffe46dacbdf3cbdfeeed7afdfbc78f3dd9be74fbf7df9f22b9bb6d7cf5ffdcb8b2f9fbffeef8f357dfd
f236abbf79faeef5f32faeb6df3cb32e5df55d63fdfabfdffefef577af5fd8a8bff8e6cdf357afbefbf6cd8b97dffcc3632dbf7bf9876b5c2f529e5d
f57c6573f5f21b1b9e6b885fbefae3ad85dbb8d9547ef1f487df3dbf7ebf96d237ffc5503fbb8de1eb6bc8bf7cf3f137574fae1978f3d1b83c7df3fc
b75fbff8edf36fbe7cfe9f26ede5adfe3fbc78fdfc1fae35f1e2f5eded1774e80fcfaede7c67c3749bfeabbffcf9e2f5cf264bbbe90b5b314f2f7ef3
f4ecab7f7971a34e5f5e0beef50b2d4e1bf32f7fa7c97bdca9ff1f4fe4e7efe697efbfbfb1ca1f7ff18b7f946cf1f48f776963bf7d373f48c0b858d3
256efce217ce5fac71fc742fda7fc6f7978863dfbffecb8f3fadef5fbcdbef9f4ede9b7ffe41ef3e3dfde3abeb8f8badfe45a2c83f5c8c6cdf7e7ff9
e1c6d1ae8393dfff1702c9ff32f9e5feceeb3ffff0c39fd6adaf4fd97ebb18a4fdf76af8127dbeb9b1de7ffccf12ceed0d7b41828de49abffdfee62f
3fac27af9afee7772fbe7afa3fddf5d2938fe7199f9c77feffd2c33ffcfe761c1f941c54dd4ee81f7f68637d68effe755dfdfc1fc7f5ef9f9ffec76f
ae7fff7cebe3cfdef8853b0e3eed7bfc5bfbf08bfb077beff9cfb7d239fff9564b8b568a2a254acb4a9937e3be95cee3b452bad5e20f5729397b330e
4a9e6785d2492d7a16282d4ac5de0c8152bd3d73d5536af42553ea94f4e6a005d5a95e772b65b54e3f73b4679d5a72a2047d39db9b9ef6327d718d52
a5443f73a3c44864fad2d51e7df1aa735ae93c2831827d5ba9304a4da5c878d25e51cf18b39279460ba558c9eb59e519b417f58c7129f46cd0973268
4f2dd828b9e028d1b3a93a6d6e5d6424ea415ff8aed2eb459dd5db9b27b5d4933af51d73bba9b346ea641e2af44d68af36f2d76aa754e8276ba9564a
d057b50a9887bae919abb5a99f7c37a12131f2cb9eb94c5f96a3c4fc2dcf0852cb82860445eb46c3d5317ab6a041ab7541c379ec75a81556d0616f3b
7f7eb4975c386d9fad42297cb4975c88ac12abd7d9dcef1d0e4a37facf63e9d9b0d20e94a695181b6773786a6c9ccde1b564a8c5e6f02ad1339bc3ab
442d3687a77681b3393cb5f29ccde1a9b97736875789f66c0eaf12edd91c5ecb50ed154a6a0f1a06236173789532a54ec966cd356867d6dcd6b850cb
66bc1b3ddb8cf549af376b26764aac9968a37bed45f684a7747ed4c2c56bacf5aa67d0c79ef007f4859312f4854809fa42a6047da15282bea2efa0af
e83be6efdad037f62c2efc5fb0657f30b5499530b541dd646a6193de31b52151626a43a10479818170226f5382bc08b10ef2d89ede415ea4d30ef222
c43ac88b10eb208f81f70ef234f00e1aa2da8386a4f6a02141838786040d1e1a123478fa92a1ddd3974ccf3c7dc97a93be64fa72524ba18593455e68
e1a49642cf4e6aa9d07ed2ebb22869e407258d3ccf02bd8e2ca5407b304d1f682fd27a6053455a0fcc4aa4d78159898d926685f6826645ed31125aba
011a92da8386c4b80446223163815949cc58cc1c0af42cb271b69eb171964a30dbc56cc6fe11cbf691c364d1820485a1920e13661a41e1d8944c18b8
4a8cb584810ded12069aded4514d7b4907227d49d03019cf040d93314ba201fa24362cd684c486a53aa161ab96f9500b342c463741c3a29f99830696
ec3307222cd967d1472d19fa163396c3c7a36ba2c835aab4205164417b86beac16cacf0e1a6f42c6de875a9994f4362b7643b109197b3b282e9e3769
a56884e9f9c3b1e31139c46cbd891c7b7340793b92aea38c393491e37aa616d8218885de8e9db026b3a6c344635361ee8e156b87c955a2753b4cae7e
526755ebfa8e75ef5492c0c31cda61b2b7764ffd5814f31551ccd39e0e9a93516ab4776dfdcfb0e54657c4ee1a032176d7039de65937f224d3f8aee5
cbc0772d5fb64bd71654893a9dea34f2bcb67c873c91de5904c8a4be6fdaa3344c1ef727533b6e8be0da5ef465784ad43958a25d259b06a7e91b0ccb
62c806b41faa93be1c7aa605a9efb42019f8b128b179c6b692a7bdc95642aaf7937eeabb493fd5c23c6dbb0c4677064a2c90c9561ad03e1325d59929
a94e93eaa358ccac94d497c6868486d93fde9e73506256e6a4c43ccc650b4b4b69b20134ef26777a61186fb2a5773a6816dbc1a9c47a39d870265b7a
afb5b4ac2fb7d3ce4a83126c64319e62549bf6a64a8e1233b63d7542ed3e29d1fa0ed4a967f405c9d59bdc751da7aa1359fd50a95062ac4deeba562b
a3bb59bb3a10f7647d42c35eac4fc6736bed5ae93cb4762325c6cc774ae19fff86a74e93d7aea361534a94544ba6d428710c20e39e0773cb31104ca4
38024c31d8417a897994ec100aab0e4ab7166284d9043b84aec57352ba8d444db0c16087500c48c3c10ea1e45ca7746b3d09bf053b8462ddaaf3364a
f51265660fc79c87bebf8d5609083dc10ea372c205821d46b92184043b8c92305eb0c3289d1c2ac10ea3b46080c10ea31439dc831d46252080053b8c
cac5231f7a618752ed5bdfdfe84d85b51c0c1fc7ec3325a357bb2c183e4eb773d24a466faf8c851d5db14eb56074a6ac67373a6bd9e1a117c5e89d37
b1e793ac3ad8c99727f024d8c9577b51c986c26b22cb6d28f2a84c9d9d8aa5a02208762ac65e2a259bf205e00c762aa64b70a4741b8294aabeb32128
c8e1c18078154b0a06e26a2e0cbd81b894835a5fb6e0965ab80d4110eb0c9ca61b693e18880bbbaa74a32f0a82040371316d4f29d8209fb46ee7ee35
e481526211333976eec6218aecdc4d92f8829dbbc91d2ab1a4339362e76e4ab0b260e76eaa30ee60e76e16840cf5465f8ea2d6007c8eaac5007cae48
2ea1317f0dfa9ab792b66cbbd1578e417b2dd8e245fe098df94b7a664bb9c3ae829df355b826d8615e6fda1c2bd9123e4fb5ded8f87ab35ba9a9644b
386b5cdab4be74b5b0accec17836a3afa8d71d69480bb9dfe88b05b93874dbaaab3d6efc7e5a6d27abc8048cdc80c3c1048c72b191c72fd8ba052a4c
d0a8e362be0fefdce88e52fd840edd9a03133862e0a00b2670c420066202474c4b6fb275355bfd4677dc4873a16bebd2531346d25cfda117269414c9
e9c18492123ded9a505253d2f7c14aeae188566a2a25db4bea85092c311c2a199d2758238cca4e66178c66ab12012298307355a2d66f74963d1ee7c2
849a9a50e004136ae299f4bdd13b913bc384256bc59b50730d216368424dbeb34d136a8adbfa2ec0a0e14a26d4c484da344c8e1e84af60424dea1c98
c1849a129ddaab36e75ac726d4c42a7e62424d3c5b7da0cc849b34c5fc4db8c961aa4fb69e2348399870132f41f2e1fbc5baae5068cab57aad014ac6
77ef9cc804a0726af79b0054afcdf2b7da3ecdd24d468af7f36c31249ce9c1746f97f0a62ed9d46f9d390bd6ecf5cc5857d2b230d92a150dacc95669
68c32d63cde3fee6b26142ee0a2677e50012082677e534f8cee4aedc50130493bb6a41160f267715af6d6f725729f75a6c4b37a4fd607257f53aa14d
eeba0e6406d2e4ae1c9bbeabb4ce0230b9ab56b46d611b7dd2e1873d60876add58d72cfa8ea9beb7b08d8973604693c9ae85332919eb722853a2e9d7
62463e8c26afc5c23cc483a307555534792df6ae92cddfdaaac5e83b908ae2c1d18a0e389a7eed12adf49dcddf4031104d964bdbe9d9b06d7defb52d
65777f66478f8baad3e6cf4d1ba5684ab47c22bd4553a2e5c5284567ace986d0adc4fc4d3db3f98b1cfad1146c550a9ae8983fe6369a82ad4ea792ad
cf824a269a822d094f44077d2884a229d872f4eaa7b160b7f51d2cd843ad29d8624d7ad3b6ea2ef4c5146c71b3a9a329d892577bde8e9e8812269ad6
3a35af92b1a48e5c77ebc4ada4f9f3c9c68ca326fa6c2c94832f9ad2aed4f820414693b4ebf46ad7d6e9e4d88ea6bcab6ba86ea37334d5c63eaccc80
3729f1cc6ad7e874ecdf781a9d03e6134d05981c1c229a0ab0b8a192d15934aba71dad422ef144ead74a396f745efb81113933c725ebf44444d23c9a
5af162e02a35b8006beaec1c5427a5612d1ceaa7cde3e9d41789808ccb890888c812032220b8290644408d92a91c2f3e410ba672bcc698913795e355
337d091c2d8879d1548eb11e7a06aad13c9acaf1dab1e933ac39064ed7a5cf8cf4aa4d12900e3979a36923530652c580f4ab290ac6627bd0b3cd4687
a0685bf466f9b3926dd11303438c76aa5624ea184f2b21f9c728a9893ae38df42c292046a425d432d134a3e586fcad644bf8d4c232cde8b5e8f45db3
9286d334a3e59ceaa7b1d8cc691a4d335a5a573f6d8b262d10d38c96818e2d9a09b5ecf5b865924e536831ed69cd4e25634509f61d4d7b7a3178fa6b
c0358ea5ba936d78649068c035fb581f5be248416e8806608b436e880660af71627c0dc096b4d50ba3770cd5829434f49d1d29155c100db8d62a969b
911a50e8c4cc52468689065c4b45c318336866d29e01d75882de343acb504947ca83a4190db8c6bdd4125b560cce806bbad92aadd4d8cefef17b5bbf
6eaa34184b66d4006cf2f767b67e6f7cc04a466f47ce8e065cd3f5efa16e43a9a974958c154fad3243a9f9c87a66eb386a6f184acd4947b0a1d43c51
10c4c23a6e2ad93ace3a320ca55ef21c636128b5261d978652cb0051c6a2a346bd3716e5b5a70a478d1896a1d418b44f0da55e2c43251315a6de3494
9a1c969d6828f51231184943a969620e8f865273d18e36945a82d68aa1d44b6862940ca59696558bd177363d33fa5a577b368f33318286526bd5ee33
945ad264940ca55eab4134181fca9b9e194a2d09656334945abd0e3143a9d7e1c7778d752b5e6328f562e0ac3443a971896734f6a7b8a7a1d4143064
c786a245fccb50ea55a2d78652af03997131949a4f8d84a1d45c6e28e4d3acdb006c6e62ac0660cb352e948c4555f489d1006c997ad3006c91ce371a
80ad321645806bd40076009c369901d79a756676142c62971d0584168f01d554b3ea446f56d5ba91d791e9a381d14b6ad133db862d33610646af2d46
0b0646eb38a8d34068da9828e360fa3480064263d47630109aee9bd14068baa962ad64d337c53a0d845e28996937109a968e4203a1e5420d0f4cc0c0
68a94e25db865b32f34052900c0b081d623002a192a00712bb244c03a1a99dcca381d09acb832e2d1a184d45acd0c0e825c342d3e4d844c51227fa41
1d630646ab9be3b1369370cfa2ef4d7248927ea7243f96ed4439e6551bc727eaa26860b4043c4a226074889519188dd2914703a3c5eba831109a037e
297101ba31a0c58564a46db9a053929181d06b3ee80b08d3a3708b204c8f574c04617a4c9e118439513c444398316ad718c28cf771358479b114f50c
fda746c91066ec552d2cfaa23a8dad2ead464398578999dfd2f342d186ad62e48b86302f26ab67b66e9d18b721cc74aa0543982926b560eb366ba56e
d84e542db01dc9c01bb673aa4edb97fdfe26085accd910e685fed582edcb2db404c2dc7854a483f9e3204c86307344f9910c61e68438900c61e68cec
9c0ed629cc391d887748c4c910661e5e25137b26e6d76408f312c7132543d07b1f1fafe86448b31c70806448b3f8a42f6c9d9e7551b2e3a376f5d078
681b8392c43cfa6b48b3ca2d2119d2acb23624439af5762e7e9a6527077badfa2cc06c3d25f463c0c00408cd9c3309105ad986c94068f11a6403a161
9d2aa107f4ea74872deb992de129f20c846641f5642034a7a06706b233675702840ebd692034ef47ad6032305aa626d7a307048c2403a3b538958cce
82874532307a95e8a181d1203b7732301a641f4f5efa4e3d6b6c5cf5d0e84c49b5a0e765d1270fd8c6e52779b6ea215a6cab7664ef24105aa1c840e8
c59e68c1406814634a0642af2da367b655cfa567b655330c3c9d6c554cc6c940688a18fd122034b3fd1320b4202ba513567bef996dd516f5a6d1b74e
f5d3b66a879d2603a1d7c0ab3d9018077132109a23c76b32109a2b968e6420f43ace596f064273d3dc1a08cdf79906845ea2fac3fc1b182db5a86e93
f49a56a881d18b306831c459242b27439c6569240347a8537f4dd22b1a2d439cb5693518e2bcf6adbe33b0bd509a24439c514e7a29a2f4523f0d715e
d226741ae2bcd838b518e2bc5632344444857b9d368f61e94df4b89a63439c59903d19e2ccf73d1e41d4213f8c56446fad1d25e4c99194eec8532d19
4bea59dfd97c9e380e2690e709864a20ceac5e18e2bca4565a30c47995a0da106794123219e24cf7fd08e26cda8f897954eb20cd82522919d24c19ec
920c69d63518f384be3aab4e8e4ef139439a173350af311d46b560c8ebc0912009696a158134978e1d439ad774d017439a170a65cc419af771016906
f1479066bf395b7e9a550b7c0281d31d7caa71f47ee2fe80cf8c6e27013a073e1b09d039f203304d80cfa173d1c0e70517cbe33be8a93565584f1b5a
af8489b4e1319a0c7ce67e3c7e0f089d1a66994ab7beb0d3568683546051c847a948c9c0e2289862ba4ac68287a6c040e825db31b0056b31f2582a80
eda5be18bd275ee6c940685a5ecf360b807e1a082d0d293219082d1337a46420b47afc921320f47e541808cd156d7932105afbbd4ed303aea6efecb8
dca0916440336c6d1a039a510e70a902a47570600e6d5b2dd831e274185574997ad6d0b96b4319d08ca7641980e699ef863dfd6adbf344d1919ab627
9b1cc05990819301ce0b3fe83bd62806e2d4b09da0604900ce43cc0cc02997c7d4b02de071910c705eb3a337276b9bb96a20b2a09e719ce858375499
3daabc64a832cbea910c55e68ca22d75ccbe9a394395c5811b12e6506183841934a2364b9841e561950c5556599192993fabc07dead84ee2239b35e4
599bd64107916d3d33b1c0696d61061d5e25a3f3b6cd6e25cca055a365c8f3da03d462c833c94c96068a11b144439ef9c405210db1597d87847b6fc1
e6f118f1a1f798413d86d68419346b350ef69ef6b321cf7a62804c863c536cfa0ef1c0b37e068a5af1aa018fc1c295307f56f569221ea03a4c983fbb
d6c184b788c11ae22c1eb54702719e3ad00d71962291c39066a91263307ff653df9958b0b5f70c695e485525ccd95aa18634ab1dcc9f66e10642c38a
22c1a6588ee7098be8899e342db6accef3c55296cc6620349f1831d202c4088c2c485f7a66a42f3461c94068ad43cf90e031342603a155ea99040875
9288969c8ed41774b678122740e825be3e2c94056bcafa023a75540046bb70c406c468111918ad0917f7b43951f1524880d136fb03a332505a9d8e8a
8daefada441ff766c3a22457024ecfaa9249100d8f9d04381d92c5307f66c90c1b4930a9ddc18107851bf360516941855ad86cac8703371b48bdf673
a6849930eb19ca140ef36c20b59ee81a336650cff6ce9841038a9a7cc0aa9a4a92784f4a8054b66036905a241b6503a7551ec3f94052e228ce80d302
2d1933680dee91163333eda13ed9fc2a98231b488db2176487e48b422a1b488d11b89f0d89c60cc3cb0e56859f7436241a33bae6ec3033697c1c470e
aa878c397417b5c09103fbcb4e9e4650e6d0c5e3d99e0d895e58b552423ce8aad3585438d51763c551f3e1a58bdf94d0c1236a65cca14b3360083447
8dab972d096a0d815ec210f4610e9d412da06ca8f4cc10685e416fa26c482a614b028f648f328cc3371b022d4933ee91e839e23266d096d44f137fa4
46cd8640cb22a82f1b02bdf831751a02ad1384954fccd920fb6c08b46c74dbf944fc597a86320c6d7606817aa75a4cac0d08171904bab108e5131b43
7db036659068c1369241a2475549478dde048966f51ea51142510e1267c367587806a44e4ecd6c20b594a0920d41e364cb065253d620072cc1486419
4be9c14993b194de02073e260c8ba9023172104b665118488dfe54ddb665bd2630c092315c6403a9316393cd0652633954a76d556997322075a1a4c8
51166f9672442f88bc94234e8f58a03320f57c441419b05a9dea06c461aecc11891e389cef60556fda923ef144c880d582ce3a03528b369b81d43cb3
ea34d6940fd5624b5a917f19f36815fb00a47664ff6c20b50c207d36905ad65409a7398dab81d47ae60799282794645a5449ca23c6d7c06abdb360fc
7a17f6fe8c5faf0b7a66f379720c6581d5ae672857b27a6ff3b991ac7202b9e80030b07a1ddef40c7fde53ac3063e6463ecb192748b59ed9ba48edd9
c06a91aa25e3cfdb767ba0da406b1548ce864c2f20acba59b728de32febce7522f50066a156794645a71f8f3cad49ff1e7ed49dfd9ba9d5bcfd067eb
a02b78a4a004c89841ef3b033368041f669c7533e2502e38c9114a9541a032bf66cca003793263062da88b32665005176543a0e57e781658f0562d88
4a1a1743a0a589ed153ca6c4120d81d6fb0c1802ad09554236045a8b0e2a43a0555a805c1191b0876543a05789d55b31e3639fca38eb9e08411967dd
80936fc65937a085cf66068d0d9c960d9d5e072a3366e834ca4f2463063db46a71d62de23b153b5a519da65108e09e8cb36e41aecf98411bfaef6ce8
b434092a864e4b4710cd864aabd3fa36547a09d39f539ce4c6e94360686e02df6a00fdae166443bfab05821faf42d1b301d6a8f8a06c80f5dabe7a06
30974cd0b0706b581aa6a6ae376de97a6dc38e948fb127e3c77ba284c91d7d9924a72e7d99be039003e472473a923c841934a3dbca984165f8ccf8eb
769d79f8ebf6a867465fd7698ebfee048d64fc7527527606a8cefd006d3380f5cede3a5b54e7f8e068119d00d6855f7cc654bad1a96500ab621f33a6
52274948a6d2aaefb0744f7d8754afc587a9541e2879e0b479a84e9c36c5fa061e45380466806a065867806a41519201aaa53e522d53293af28ca974
0027b301d60ba8423526d289b13a4f8550e84d5811e6a16c803547704f36c09a65fbcf06582ff6c4884cd0cba95aece81ca8b8b201d6ab47cca001d6
ab478cd6e4e804c3654ca313dfa53c393a9dbeb3a3535178d9506951a281bcf0bbd6770ba738ad2dfc739d569350a94602547a6a8e17805c73bc60b5
497502c875bc192a2d432bdb5069195bdf99c2e110c336545a9de47e43a3556123d9d0e87514a867c66abd6a018d4a519185468992c872bed5781a1a
ad55523928b4692d1a0aad32e267d0a7d4977963fad5d1b5e557cedc6e427d24306e4cbf53eda1ccbcbf69eb746ba671be1d042865439f458e08d9d0
675d709f82f3ad033d149c6ffda912fc06bc500ec57d4c4aa015c4dc62a8b34a3b500c75d6991e3400c5d067952055409f67f89c745df0cfdd87ba6b
53acd09072e0bfeadc6343c69af6bda3b6658f2922ec546de8590b7eba72ca2b0e27398c1ac5806992b4519ca6faa4c4a9cad22a064c63e2842f02a6
f7ef6caa0bd0b7004ca5eb2b4efe9df40560ea38e10bc03421a31780a962170bc0b480140ac0b4b0e50ac0746ed542080c0ba678a29b00adc58069b9
c5225b891026606af1921a18178fd48064573c52c378805cc52b84801e1a408d13a9bc78bc19969e554a6a17bbc4564bd825d842c5006a0ef89c1603
a8b91cea2100f5de275bd2527f15006a2184a66022cd7a5326520e85829fee8921ba18408dcaf8510ca046e5bf28005487cb5801a066d16e00350684
89620035161869390991e86ac18ed0def51deb34e93b9cfd825a581c5ecc2ac0b4a01a28064c53d7b818fa4c0b16510c7d6699154b403ad29ac2442a
63610938c1c1d48ba1cf5cc010c5d0679636b9048e4ee4b662a8f35a45aa05e916dfef8269b4a07b2f815017ed5c4ca3496b0ad4e9b54b409d19d781
62a833dd670c67dc0d2b2b863a8b7cb70ba65187145e0c75c6ac351c41615edfb10fb5f6318dd6f280600a4eb9c7bd36586f576de8b211b68aa1ce98
39220aa8b310ce550c75d6b9d5128ab0a83711f5c4500d75c600062d863a9324ee92d0d96b44122805cc5b125a0462258ba1cd4b4cd5339bc70e8229
38e34e3c640a68f344c02898468b7a8669b41383510c6d6669bd0b68d32c639f66d50051e93c4b628a01302549c74be306449347f551082c0d980a0b
81a572b62a04964a0758082ced443f1580687c8c382a02a280c6624034a7aa6736047da6c72f080141de280648eb79fcec9dce00f5c75f6dea531755
b68513524cc9b8da6bf903500f74cc05802a0ff35230d7208d1400eab1f4a6d11faade24b016f5432932d7d03a00d569dc3091cabe5c0afed75edfd9
16ee48cdc500ea2557a90500aa163300b5177d8754a1e31280aab44705805adde3996f4035c94c580ca8a684a453f0d7ed5afe02aa3aaa00aa8b38d2
6240356c6d5e4ca51b734d01a8fafb33494ff409a07aa2192f00d508962a98519368c18c5a964a78e30c95f047167bc78c5a31e915cca85dacaac9ec
c65ac58cba7460613e5d3a6a309f6eac37c5d06852caaf82bfee79e819de38dab44d688df1c47c1a9b9e1118dd558b1da551aba8292e42cfd08126f5
0c735b56cf309f4af0c07c7aa22c295dde388c04e6d32a666f68f4c23eb44734e9747a1353be68c77c7a20b31743a397e8a592b160871ab1181abd66
91156d68f41a2bb884a1d16bacd4028a94a437d165a3a0281d51410247c7614e47a2a1d06b45f3e640ba1f2a21f289c98342bb449ac1fad4da1d5a9f
7a93f5295101b3a9d30a199a3fb50edad651010a75a8630a28f4c4a65540a14ab251eee6523d43e1a7d53a14d7420973e92dd1d0675837965485e616
2ca951db0f4beafd54c777b76ac361493dd0b1162ca9c7c9f46149754b6fdad486aa3ab1a4a2e1295351690cd2245a4b1b7c222569411a30bd161483
4400e97d611930cd4dc3b964a6e04d03a6b16b521438aaedbe603d92edf1d93dd12b167c76b3e4697c76eba9678a666209e2b3db018a85a8d0a3e899
d177a788a850653029064c73144258b0588d997c76abbeb3a51bc55a890aed4b25a34f89ac0a3ebb1915465154a836bf01d33880d385a8d02889c480
e905e2e9cb26d443320fc0d4493607988e432d187da7900c665179ee1480a99c208bcca2421d064cafb5a4d28669d858d703c502e0ba1a302d0a4aae
073a790eb77a4827bf289962419ad20a3055ce8a4a54e88161a91e1c1d5bcf8cbe71aa84e3583c3f3eceea4160771e8fbf7636997a8aa20161a21afa
bc24f042c9d6abf046c577d7a350ab98453b2241c52cba5969d52112106653853e01e915f47992aeaa823e3bc6d9ea508805bd096ab9d769527d4758
ab863eb35f6ac1e83c595b9528d186fda51afabc70adea44678daf7875880451342012c0be2b0eba8ed0a6ea516c7200568fa20119bf7a1c1e39622b
51a2a728224ab42199569945112faaa1ce2a5456419d69aa4e44018c8f15c7dc905427a8acaa2f44876a9470cc9d53df21cd2f958cd53a58743d25d2
f28ce8d089c2ae9e3a2ae9d94908210cbb121d3ac3e7728e5403a479215d5403a4794f352056ab67f2bd66004fc242aa1ab753b490d1af1a20bd6428
d582b4777fd3a676e1eb504f74485e75e203a94132407a2dc407d9b81a30add280d700cbc5d3a40a98563de334d5f06016dd84b656cca20e09a46216
3d83dac5b28f6f4635609ac4ae6a40b1c01156831c1ef59db12405c8d6808f79522dc6929427a11a30bd963ce36ac0b42a02ab462d615a90cf2e124f
95cf2eb8a0620e9d20924a94688daa1396abcd85197400926b24903beb996d515755a72d6127e64594a8022a2abeba1b855435401ab6982551a2f22b
a8f8ea265c46ab01d29cb59d120e9cc8cb1533a8777a86ae535b145f5d053f57a243b7586e92e3a6be0378a7879c21358915317600d3b9d52e47a798
08e98d366a839a405fda72099db5d333cc8318e1aa7c76d1fed6cc7a457f5e331e0c1cc7d5d067148aaa44872a7954057d7a749ed5d0674af8155443
9d49317e3513a6855744c5fcb9baea4481a29d6b68f3922f5492ed01c664e8f2c2b78fa36528f3027df9f157a4dcfb97281a307657a14df50db45951
1fd5024a412b5f0b3103e200a04d65b4a98636ab5cfd6a01656b26c85da4d4c715875c850c551c723d4e8c1587dcd3ab05ccda41dfa168d05a212af4
12b21fe8243a348a7f111d1ac587880e4d1220880ead62f2e43052dc76258791e2b62b398c3a8abf8a5974683d6016151eaaca61e4d41e2283fb5c14
6405882e74341520ba74f2024497ce5a80e8ce2aa113cc6adc047d7fafc5b6ae74d7d58068527c5c35209a14505e1bbaa443a59392de0c3000260720
9a7087aa00d12cf603102dc0b64ae068d31403449b24a0a61c1a6a81c0589ddf4dac97a508105d51cfc8a1a14921bd9113230688ca35ab024495f2aa
ca8f57e73040b488bd0244ebfd19ac17ff996a403457b14903a217bb53c914265d13dd31a335b587194d320840f410830288dea53180a8347c15201a
83bedbb06cfa09102d627aa42fba8f2ee98bee8b75e0518451ad0e3c33b4990d8816c9f6d580e80516993f03a29764a7ef4c11a678b33a086cd64c1b
10bd8e6f6605bfdda4a37a905eac3e6eca81132b918d7548f1a5ef097b0153d449b80400b84e9cff24794d45c8522711a35912db24301f2fe03a1598
4f9f485fd4d172d6491a35bc3deac4c642e05135d499820e0c5067d66819eabc24fe07b55f55faa2a076ed88f162e49374631a7ba14f8911a0cf80eb
5bc52cdac5e4419feefe0c674e3144d0671243bba34f5ac759b7a8f70b2739897c8b68e64325a3b36b4d1afacc77e1d0d0675e5a3f863ecb214e01fa
f4f77e12adada310b3a8ac2ad5d067c9f1c1f3a96ea2b6b1455543a151c9a2ea26fc45f3b2b129e978de887c62c05bb624fa8479b4697c40a15d87c9
5662107614e6d14d5471c53ceaf0b4a9a050d37d7f9a5513541abb9a33969b04a0082a2d88ff0d7fdd8aacd60e047eb4a10d7f5d392735824a236a91
86e534627f6d04952abeae11545aa35ac00cc304342ca6f35e8b7268a8440e8da65a8c254524b086bf6ebd97d08d9d2ad914cb6daa01481576d2144c
0a846904932a14a1610ecd4c511320452bdf9ca47968770a7aa69f3287228735cca185f3bee1a73b0eb54e849a539d8da5a4d68d3e4d6d03905e43f0
f1526c00d33dd412fed749bdb0a52c9f8e8659b4230337cca28ddc6dcdcbeccbac1231ead09b362fb32f75ca2cdaf4a66dd5db2d001ff7c9cba98a99
07a0e6a2da1011eebd40a172af0df402f36b5e69a81819cca26262cd006a1e1c38cd006a964f40935934aba4dc2fb48edfae3c35da094b727a132747
8e8386df6e425e6ca0d0a0f57ae2dc38540b665fad11cca2f27569448ec67b5f60bd4d7db1f99ca2fdc46c8898d364164d6a8fdc191ca80db3a81058
33f4594ecd3fe853bef52d28f297d60369d260abcdd06792b7780b4454e6c7b5050aedc8dacd50e875c0b14b318f1ea4a16ae42a8a1cf24db98ac0d0
0da75ca7d1c229d79faa05db192ea80df368253ea2e194bb71956b38e51eb83a369c72bd660ea7dc885f4b038546f07cc3193789efe08c9beecf10f5
b09bb448b0bee88b1c2dda4911748692aee18cabe3a361168df7166c9ddee731b24e91c61bceb8ca60df308bdef49b9f66d50d3fdd829f4703a05664
e546faa246cc5c4b4849280a5ac27f15fd4b4bdaaaaa052909735bc3629aa34a44731175d600a672b86b584c15f8db485be40e11c412ee6a0fa738af
f66c092b317c9359544c0fb368243f45c32c9a80b74d6651805a33609a95ffab652cc2288a5ac66ff55eb22365a1716d1973cba1f6e44ca5bed89132
93da43a7cb79dd00a60bc363cb786600365b561e0d1664164ae119698a4e51845f6e100bc2ece93190b622bf797a4d646843f1d2f0cbeddabe0644af
99a6d706446b427fde307b4ef04cc32fd71f7ad3e8bb338f4212d67b3f1555a9be90412da87525e754eb98b5d17f3600e8c098d500a0431b0700aa38
d14664a8f77a26c502636600f492391e4ca9cd80682a4e2db1457524904c7760896824d39da8cc1ac974a5556ff8e72a6543c33f57de098de8d1eb58
7d6c175496e7e3af84bc680f35854a3c282a1a49767b7bfc52c976d1cb3643a37905956c9eb7583fc9765dd633d2a939b5886d42476923492991b5cd
d068b936da63bb380782275a633de343d10c95565df5d11a79b291891b49773d9e11ade11c88d2a7759c03b52e0d95d68e1b43c35957fe3c0d67dda8
63c55069922cdc40a54eac1f675da5b16aa0d24af85b0395aea812226057eb76d4dce9c3593785074b45c3695761640da75da5886b5d1e478cb6a24b
7528125d2ad7bf465ea38a175b33749aef3b7c20ea4a3c20bad43c873ecdca07c05cec73480a664006433055a50dc10032b6812e0d70d0c8bb2bb0d6
487524b54723ef6ed38651be5da0491be4554e0f6e848dbcbbba4ca04df235e0efdc00ae5e722cc055e1a46d2a501a2600703d50783480eb5d3207b8
def104c0b5a2f76ef8f12a897d9bca2f4c7fc9bb3bc49a957757071880f5102e98383fea60984cb1b6fb244f8316ef82354b5658289074642d3c72d0
82b7855401e86a0b05d256c9e89b6add006baaf7efd0fd6a11015895d3b92d74db4b25f263eb6805b0feb53de97c59b48a2ad5c18e1fefd04a2189ee
94248fb974a2c6680055dd17d40ca85ebc941630979e28a51a497443d2774a55a512d195e8d21be6d22289d3806a9992700da8d6e3507b44570a7f6c
02a3b5a2370a16a716c82782d1ac6da266ef14d9d153f8ae83461d4e7a1d73a983cd77cca511f55c37345a2698a61b1aad07abbc1f00f1a1ef309722
1576994b83dac3d326eb4dccdd78477492e86a3cfb21c58a9ea100443eeea0d1d9550bfbd0e94d92936222ec98470748a33b42b4b06974cca3bab0a3
3b02bfab9e611e4584eb8efced28463a6854d19f1df3e8391e4cbeddc96383d172ec438c9f5da8f4504b46674005d371d2550446771c29713cd68da2
6caa7da47c84bf8eb9b47a956c3f0e5653278f5153dd984b23225d0795caadb3834a6b5329c10d540b0a246c46dd93e7e786da3fc9aabb478ad26202
a8d6a812bac2a006488208c0e99ea58c47639725f5de384b1979b993e2a873f6f493ad0aa4e9f8ef0e344cfd945315138fffeee6aceca438ba2f6c52
1cc9cdbd2bc094c3a013609ab66a21e05b8304505d537d41d73b5442ca7f947a3a66533f55b729584a51bb381fa1f9eb984d0f7d87b9f4c010d8652e
05e47700eb023c7503acb5df4b4491c2723be652459b75806a051cf6804e5b5bcf806a95477337a05a1572d10da85e272e1b58e6d2a937b972e15e27
d2b0e611a01a39803b40b56b3e00aa5e1b494015ff9faee851b12b80aa823a3a407593a5a3632e0d5ecf14d04e5f0ca85625d1e95181c2ac1492ea36
ad2925d5bdbf89b4bf540bc93af78386bb633655f0798f4accc0f8245d9dc1ea55525d54291d54ba512776521c55fc1c3aa854f75b76cca693e3b1e3
c7dbd41e298e767f5c69984dcbd43ba037dc6dbba1d3ac3c34ddd06955ba836ee834b5733ed6a6944e2ac19a4e5108bd9abb8c994dbb35e35f9f5462
5e39043b28f5d44cde6f85d19be4fb7e441b1d33aa706697199540996e68351f48e21d336a5e2a910f5bab24e3bf8c98d571d29d5db570a5c6a9ef08
6d1aea13797e4035bd280a115a0cadd6537dc16caaac811db369c11ed50b7c480c1927dda85e93c728e90032b49a1a1ef99d2b5f6486ec38e946cd27
68b5dd5b200790678d195acdb718aacfb06e806c3ed59c6ed510412822308d75fc7615c2dcf1db1d40de5e710ec428d12b59d8746a91e268a39feb15
00777fd3a4a58c1eb157d2e604b547ae11c90115ff64e06cafd2a1c19a2a8a16b1a64aa2569d84e4d90d3a70aaa409f5daa4c1aa2d2bc08a9aa71360
7a02c03a7ebb4d4b10809a75a429c014b5446f0ae0572d98a1aa5a505e687d6753ab1cd71d7369c2a0d79b4260d41eba5efc767b234783e40d6e8329
00d34e32dd763e78dd7400aa74e31d80aab0fc0e40d585489d5b61eecc13b3e9cf120e74cca7a7a410a54112a3c48f3744958c450d2c10bda31345de
ed5d81ed8c2f51a54e9b0ca0aa9cd11d80aa6ba03a00559ad5ae68d253b4289a94168826d5450d7dc8798e5a144daa3124f1eeee7a936852cd20d1a4
a7539d6c55312fa2493328ab134d7a5fe7a0505d46d641a1110b4be7f6977c2fc9dca6d6c93227266b28b4c89fbe1bfa2c59b2e98415e14fd427360a
94867d92d552c72cb7bec87ba61bfaac5eb2b0a1cf1ab57e48b4ab80aa4e82ddb1540b699dc4c6319b9e8f89ab3ad1a48a93ed329f4aee04850e8cfe
1db3e9090eec44930e618c49e8164a936e28b426a18aa56859ea34141a0b08ae8342a531e8a0d03a1ee56ba24a1508d8319f9eb53dbe63da8528618a
9c47ba98bb2f8572a944b64b8d174ebca7d61157bbe8bea2bef0b80aa282c4b412bb16360be242fb56c8e1477bf8d32c1ce01ad11bf68d2e4d9d2000
5539dd3ab9792b80be939b577e251d0b6b961c8285b5e0e3dc65615577b7142c2a2155881d6c325e09fe005c6590ec00d7bff60c694267e006d8c1a2
0601a8ba94761cf2638e94a4433b29d9d21e55df91f21c996690f6a870228e43acb851c22380ad3b00aeba7c6b1c98dd9a9ee199c3480cd21ee97ad3
01703d8afa89674e572d2856ce87a5350e142cb0dbe148ef04831c44972a43db705cdc8443da00c0ea769c41daa386597438422996be43271af41dd2
300b749080b7216d0d477a2724f3e15040a04b1e8e406950c970cca37f900e0700d64dbd6347ab92de0ed21f89750cd21f0564c50170bd9d981fd7a6
5b6134cbdc0ab36024833448a9a884ae1f2165c8ac8a1171e0ef7be2563900b0ab3fce0166d500831ff8fdeeaeef01ec4d2de13489be76900e692f95
d0016bf4742b0c8c7a80560bc7cb20dab492d56608ad828e87d02a0a9b41425ee5f81e72ee456f3a30ab46944003e75ef9530d9c7b17eac56168b5ea
8ea7c1ad30baa57e185a0d4a543b0cad26b9a40ea24de5a9314e3c59100c07cebd493d0b0a107f90d387a1d5189c4ab0e6333ebe83548c8030b825a6
62a71924e81d8f21e203f4ba11cb4620f449e345146a169f08ba0d87fe6366d5dd8e23e8ca1428250a75acc7f54c34ea81c03048d47b70500c9c7e4f
ad04ae86291c42836854c5910e9c7e7d5389f9c50a31148dea3ee77132223a1a648281255657bc8e885fe5bd845f65547348551a50f9030f759af44f
2216801b35590670a372e90e80ad725b0f806dd5946189ed6295097316319b83dcbd13b96d10a07a688912a0eaefdf61ce42661e494e854c1cfec045
0c5e80f65e0b01aa9a46006d9aea194e85624700da95f4a62ded59d53312d7de9fe1544838c600c84a09354887145527e9902ab2d230209b3b1acd81
b955395306e6d68ef437646e45a73730b74e518b1fb0d736c3dc1a925a378017c5da30b7c6a516e4e102bb05c0f643cf90a682da33a971e1ad3a8a14
4cb400803deecf4cc114f09618058f08a4cd51c885ae19c3efb7a9d7f8fdde47497ebf5a75f8fd7a62384751ee0a6613bf5f494f03003b445151a63d
c69a44bc41c73c8978a753899cefe0c45141713a7848c4abbbd287a1d4a21b5146254448335d918a8bbed36d46d057c95d81d568e0ef2babc8a88a37
d033d220ddfb829915e97454794230baa0d4ac99c6cc5ac58831af76cd3466555d183140a9ba0864dcd32031d638f52a21c5c0a9b761cf1844972a35
db680a10d7336c32a83e072875607e1ddc597adfe198513d4172835c47cae03e0ca556e53a1adc0673b8c723829c4749c724398f86f62151a607ea8c
d189124685343aa29104ad4ec0bf789eee2c7dcc3639ba72f73316e43ed2b507a383e2ee2d99c8e0d1d10f721f5976f94fb368f2f8ea468c2100abe5
d3f11cd069d1a54b547771d5472530f0ffedc7e3301990cdb74b903efe158beb89026610987aa2bd1ee4f3ad8f17490dae35ad48dc03cbebd2f2c7bc
2ae037063a6231f9a1900cd5827421a68b5fb0b45c63284a134a07746b9a86a2a65422239d0e1c80ed46f53206ba443182a9005c260b60aba8c901b0
4dda449855175afa31a54b640e268a1860e398b2a0eb193af0a2f614e5a75af0e8c1003b266647c93d98552b1af8a1285431baa900639500784b34a0
687af4de18dc2053711d1c8a46459132489314744890bc573182c3806d7692d330af2a246b108dba51960cccabbab970605e0d424032af02b907fec0
034f9bb1b47ef58ccc82043d0f80ac528b0ea251f3d4339b47a9478601d9a4ec8a831b6464461c42a9da745b79b655920e5c6fa230146bc4bcbabb5a
202fb3982fe6d524d91d3fe029d64f34aad7cc6d49f96a0f6758212d9c7db3f605cebecafb3870f69d6871a76e904145380f498181120ac3a067367f
1b6c33894695f7c8241a5532f03c74f7e34909943a54426138f51d0a18e4e2897935b27fa7ccab30d6c91da5e95e0bfeea8f5e20f390ce5bbdc0f90e
e7dda91c48e09729a75f78db2439ef71a8847ffed69b76e448a13a1d8929e090932854051c4d43a9d9e1bc301d6e0e5b7562c3208c68625e951be2c4
e957c7f404a5de6e74f834eb9eb2bcba871c21d3006cc9380b4e27ddf0c3055613bfe0cc269df805070d8ce7d2270c8f130bac87e14c2f8b33034ac0
aa87714c2cb079e83bdbb2b2624ff2f8a6ac3795a38361f2dab26a81cb82b41801ae722d9a77e0da29e1bfae6544c0aa3c5ae689748119679ee49b06
684fae333d9b4a1c2de3e1d49df8050bee4cd225394d2400b6c3b6e649863afc42e78919b297c7da489ac9c69c00d98e7267ea6699a5122c2aa96ecc
391c43534036ea19e9af38daa6802c407d626ef530e419c8cbac5ab85946d68f89b955412a33200d2f3d630b3bb590d9fa2ab185abea643ef1ee9998
5be5da3931b70e0ec8895ff05f5b175ad3336e22415a9c00d5045e9a1133a49812d1a9deab84871272de04a84a1f3ba302c81fec081354bab43a74b3
8c574b02e68c32fec1f7bd84d975886de21f3c824a48c59a55fc8315b330f10f3e97faa47954ef6d1e17d1bb9364bd5e7dc10958de4133293d944aa0
36ec419364bd8a529da44d72496fa20b07674f9c800bc6c4092a3d1fcda513749aeedfa3f347a13a7106becf1251aa65ea3b44428edba99b651040a6
ccaca85767d6151d508d9935a0f89d44a9567cb72651aa4b7b879b6594bf7462663d3844675642007a8d79552865727d8cf2104e5d1f8383f1e4fa98
8e53c3d4f5313a40b21258a805fcbcd1e74fae8d295a295c1753c18e93eb62e6cd0ef46916ce4d329b537a1a702d87b60e7ec2459d2ef879f747665f
888aeb7a071da2962bfec219b7a26900f616db4689a8c6e37163902e49b7b84f596291f0679114acda9082351400d9ac492a027ad452255d409301d9
9c71199c985b37dae00990dd382e4efc86b30e10ae356d8f41279300d6f3546d983b8abe2f3033369d002d306c56322d563d43a786917256cc5855bd
874e64ff49ba2405decc2a16cce200d076494a5c6f7a9c8fd289802d919e93b44955c7599394a112ba7031df465254621827fec1ddffac6e92f92231
cf267a193dccb00d85c89419f6542ff0933e44852df1b054228709feba933b4d8b4adc69dad0ff4eee341df97175e2277c21aec75ff19c90a0801936
6a4c15c58a92606286d5452013807b7ab54f94a724a8ae4410cc13e99492e69e5b6874b7cc04c5067c672666d89df49dade3a8a3123fe18956761a6a
cd877bd0034fa259153d3b89661df8fa4c506bd17ac61c1b7548825a03ea88495aa525e973905f5cfb87b44a59b2216995aa579d26452a35d41ce4fa
10eb02b5baa65a30371fea19e6668d16699594ea7992d4d7679588d3107f22a96f6c8fbb90e4be0983f104bdce7b893ce312e748eedbc5e8954329aa
16e2354075931c4a5ebcc7d06b516ab0c9bda7a3e93be9c055274e97a0c8490ea5e4f41d2205968eb91029c4c196d2f431ae3805eb528849725feff4
a69c663fe74c38b1d0decf4d2cb4ca7c3749af34f021980a7045833717660f4d1c797f8324266ea3b9c32303b441e9a32657a27a812500ad6eb89bba
12158f9409a0cd5a6e9bcc67986726fec24ee72680b6a2319c00dacaddd913b3abc20c2666d7edf4a6fc2ff58c100e8c7073735fa6b6bfccae9235f0
17ee825a0668e35d8adfe44cd076c25f58515d53fec2e82b97fc8501d08be85525835d5c89aadb7dd621a7353de3923654348be85585982fa2572718
6291ef576971d7a124a29912d27ed477285e9ceac46c05805e24f375f712d270509d6cd1248a983f60e6c25f78639c5e985b3392e072a4c8678b2d03
b2253eca774bf79e8a4edd7b8a996d3974fcf796901659a70b7fe163eb4d3c08869e61c3886a97ab2b608b8b7b4f3d66a6c5bda7b9c5c73e9140e031
ddf102bd7656dcc26ff880852ed22c554489e509d5c05cbcbca4e30746b530bfea1282e5f1a04039b03c0a19a4c0e5e5c1352971b476b54bce8fa176
61c1be3eb684795de386b3707e0c165a1e4f8aa936164c46fd27140724b630c36698f722fdd2c9de5aa75815bd21fd52e47858dc4a53506aad137a31
0b2e506c23406d9df8bfa31a5d44b796aaf648de7c6f0f0594d61ee85512f1921916ecb50cbd66a92317cec2722b5d271943c9d9b902ac189dfec2fc
aa6bad57509e6e5680ccaeb8952e995d91f81766d78e50b730b7cad579e12c3c403d8bdc4a3735c4a759f8e2169a551f1cc716e9977c5727709641a6
5bf813cb617d0505dcab8348c9783bac80670106a5455e60dd2bb8b0c42a27da8a785010acbe2251659a6203b8e510938a38b1890d469cd830522dfc
892fbefb400b7981f3a1ba494ae954c22f13c8b6f02b96396545a2ca50902cf202ebeec96500b72a767519c0ad034de032805b27f2d64aba52946949
b02ef21f2ffc890ff4d08b344c5eec057fe2acbe2432177260aea41c19fa8eb9d222c4b49ab0232c4cab592c1dd36a06ca2e6e9a29a208f0aac8d9c5
4d3313fbfccae8f5b193afccf1a9be70d34cd75873d38c8c3f2b0bb9d13312fb7a24fc95395e34e3985683572d88075eb59072486c23ebfe4cd61437
cc28246a71c34cb9f78c4bbeba5ac0710bf5ca02bc7aad6810aa7ca017779d4a1fbc30ad2aa1d4c237d8a39f5df8062b9bf5c237f8cec831ad168d0b
a6d5857ffec2b45aa3fa8203a9a835449ab70e2045b26acf14c0f9500bd027b68869b588f173c38c4cdc8b1b6616087a11c99a874a8807dabf55f984
1817225933f2ea2282b5133db174c38c981d11ac75aa044f113bbd2351e853046bd533db63f2f45ee44bca5b2dd81e1bf1c14eb630b12aefce6ae4a3
d11e35441a36f6aea57b5071165898587569cb226f521687699a47953826c7833a79e95a99a67689e44c2a55c69775de1087102857d3a574ac42e54f
2aaa132f9e7b2f241e9c9f63d9dc38a3c4fa0beb6b160b53102b52f0029cca9b74e1232c7f90c58d330a175f585dbb965697afb79ee1c62f56448edf
80c96f915aa9e9c405943a62d316bec1ba51631928cd43ccce40695226ae65a034676d7f7c831592ba8622a9184003a3d98931297895d8b445f06a46
fdb30c8cd6aca53cb8c123e93b4c1a3aa6c8f1dbb26ae1b224fcdcd790970e630618558cd8028c86ac12397ef1895843f912542726d4adbe28089916
0c8cd681f16b11995a25154dd1470bba610635c2223255c69d3531d9486203844e2d486e9899f821ac4952042dc8a9a5abf68c1585ac9ea1b7d75803
4265f85d931cdb45bd26d1ade6614a39c6e8623a3d750471efa92eb35d4b0eb02a615a14a31708d5eac174eace47664084aa2e1e584b3794e80bec31
e866172995ee542f2edbc318bdb869a61e8fd23aa6d481067e2d1c464f5141a46a5e8f5f283c8c9221d02865c8c2a47a907a6add4daad486e36f1453
20c1af32472f522b2955c30281ba7b2d98c6b54bb7228e1f1c28d706a99dfac2ec164e2c1c07e02dccb21586c208814475d5dc02896e10f352a25f9c
1336897e95237e13b9da30086f25fa65cf6f12fd66049c7de81a04bda9bb0016251315c263fade6d883439d0d00691bac72bc937a6d6d1f58e109ba7
44cef1a5dee0308a2278834c95a77debfe5374f71b64eae0b05bf79fe291b249f47b72986e4cacb7c0924fb3f08df575c13ab6235123da9e8df5d5e1
f1b0b1be2a23dd560e600d013980f354c7f0a94cea180e4d48621bb0aa10996d60f52a3d40c70d685532c6edd08b463d432f8ad4b5bd22ab183aaf54
44f482944bbaae739372e9d8face587202c66fc069d6e2e0069aeaf426fac1a21600a718d1b647b902a3dd5c91da8a9e7526956904941634cc9b5cc0
8a3fdb5e979b313ef8042bd7f15604ab16d1a9cbcde80b60f4d498eb069aad92cda3f4ae9b08d60434dd44b0568d1211ac32a56c2258c50e366054e9
4637a6548721799f04d37b7d67f3d830c16dc0e82e6a012f01cd2d91abba1d7007b2db0d956ccbea4eeecdfda74a4ebfb9ff54990137a6540599eda0
7b32194f03a3b5dedf64ab22ebefbb295575928208c97f833407a6b00dd2946e731bd2cc1b6def2672756f95702c248bcc0ea4cac2636147b2db71a8
eda83c438c1991ab5934449205807377c4110d4bc8d60d341cda1b13aa94639b44bf122736083380c776243237a975a4c1ac3749f690d53a97f0698f
45ae05105b8df24a527be48e47edb031a12aebe7c6845a51446d1c7b3d8e0e3be99241564852ee785ac7b13763dcdd38f60a3b6d6e9e09a825b79950
b3aef0dd89c8460e8a9d48483dd402898cc12b3b118ba0f9531ea5fb77e8adb3dab3fdb7b16bedfb3da7508463aff23d6dd06750afef11aa8c208ebd
51f46552d789332832357c4ea7bd15b40a5cd904ad06315c8256a3181141ab0a1dd804ad0e00f4ce38b80006375655457ced4cf885185f269c46db9d
144b4ab0bf49b124c3d1c6749a00bbbb90b54f2d14221b757e162ebf12932a985eb4a501a6f7490198f6a5ef6435863e80a92ef5dc85add9f51d4708
c1355bc0144ddb2e48f362b400d38694b231950ebc7276d52566d482cf6f4321b1e5f32b065d65fdd79b623d8c4b95f59fa5a41b653032ee4a0a29d0
ca06981e5ecf502ce818bb0353f58cc4a15a744aad84e264ebea53c93806488b0378ef26072c461e1369c2f1741b20ad03cbc6e6ead3453ef04deaa4
80afcb6e8443e131b1f1f9d57de1bbe952287d87c91b4dfc6e1c8d782e6c80e8d6a1dfd0cb6b8be97ed3aebe6057111bc4d7778a7dcad757f3a71b65
90d8b76e9411c3c4d757690036bebe4ad2b0f1f14d6aaf8bb5d233439b35ebe8c004aa309b8d095477c1ef8ed746d3777835e8b0006d4abbbc31817a
8d7c27e901aa808d236f19aa13bb830e431c770f5c2637a992743dedc671f792692436315aa04e17eae3afd859ce0784b03189cad17193e057b10d7b
4879c94c92e057dae3ad04bfa888b650a8761b097efbbd169203680e40a172c8dd43919bfaced6ed445fbc41a15987b2f223a144dc530e925026475e
9c16362874ebd0028566cdc194e320bd9e883cf541adb249f03b75584e5d16a93ec96ef6b9ab153657a1eacacfcd55a85d623ed652a5eed9ba0a5572
0957a1664d36c1abca0eb2f1f175687836397f17e682bd14e107d100d5431bcb806a3d35905c85da24bd63123d746e73e34c9084ce55a84d7202c1aa
5dc3824974486e5eca4ec8202fdd8fa9efd0bfeb3c24e7ef046cef8dae4c6c64a39716f3e32ad42149199368d3c18649344aaad58d3349df4991a2ef
383a35ba00522538da00519958b672fda2b7df1b1fe67beb8392dec487590c5591a8c22844a22e6370ee38a0cf98913b0ee833247095d0bbdb9671c7
c1d119f51d47a78550b983144a5ca77695383a4daebc4a44f2d9b85c2582e44dde76072651eff49de89b94e46bbf28d1ebc69b8e5e9bd2e02ad16bb3
6eb84386ce4e3fefb79652cb3d4d2f2d387a6d2bc41d8e5e0f7d07961a6a8f5e9bbf893b1c07c6549dc8aa4b752aa72223e89895adef30ec99587495
049719098740734291c7f01519338f8636d282dc702375726be90e2a91613a438327b155618ebcaee8a26760c55df50cac98d59ed1c71d9d57890331
ab671c88864adce1713448aa13fa8a5a87beaa12ea00477b27f44d46fe843e8dd9097d9ab113faa6be83be493f4fe89bf4e584bec9789ed037e93537
9212e27e95944944750e9ea92fe05daf37493ee659c9324e1e94649c74ec9c000d1b6a314e1e9e9e619c3c3e6756bc5e246f9e579590b7190879dd2e
06292846520d607f3fd438f25a603b0448d702012a6231be4a901e4510a447868c244747609048727468b14685afd31e5eb747a2d778dd9256d21d51
c63aeac4ebf6a8aa05795b6c82cb4ab988f42ae96e0db61f719e87363870f0d0d6040e1e537d81066d4de23c8fa516a0411b3529b7217512e7792cbe
030e6266bd4ad0b0a945f7be68136354748ed693ee00d19b68c1b5b01201545a8206f9a2d302e1b25177ea19378a9ecc18a9739d18b40c8e271b40f7
b64446028f582ee172071eb164b77607b00e83ca55c2c6bf99a34c3f13b467057a3163180e9d183b86c3a4cd9875f3a9daa39f8571e12e162766c35d
2c4e4ca3e80204461ee3a06b1f4b38ee008bb9c6b81634b862fe44553aad061c4e9d8e02f2fbb8ce0c90a8d675669c44b56ef08c44b56ed05fcc7b4e
8c05f39e5bd459b95c4dbb84c849b7f41d3dd39a0245b9adef580d5a37a028a7dd0c8af207b35315b9acd691c2b56e7034e586a7ab44a261cfdae05e
4e2f66c5bd9cdef326f772fa9351c2ac47ea5877e060ea03b383832981fe57092418550bd1ad5a45388ffaa4f6a021eb1934e8d00029f9acd6a121ab
3d68c88c1976395f287568a8d4d9a1a132ef4a2e9b59452497f53adcb0cb79ad3072f69052d71dd8e57663ccc8cbe33bab96b0464b69f169d62ca034
d400e4498ec057d44b3a20658f170b92594e6c06b39c5f2c6b221c8b160f297bbc161d297b48627495204f4b09d3db29768fe9ed3c20762883964a80
754954434953d5025e000793821fe829d6851fe82966a5e8454f5f480acb8dcaee00f49c27e3a2a4b05a744a0aabbe007ace40eb24853d033410bdc8
95ab5709d9cb319e442f9258f32a71a75d802292c23a317f2585d5d2257af1d482c4f4768ac9617aab924626f449fa59d097691d44738a01928ee794
4cb3a0af4191eed014cb5aba1a018a885a24e18f3b4034a7581688e694bcba74671f23a8a845c9c798dcb86eeb2a41df830fb53b403669b3bc31b939
1d6b4b19fc28616a3b1763c05d9aa7d622b798a0a177c7963e9439c6d486ded61d9bc063cd2a7974820e2b2214831812e8250877288f8e87161c3a83
539d3874067d67731574946c99f16d5c1d79740218c191472798d9cf3922148930bd4ad0c0ac3ae5d141a675e4d1e1ba69e7c8a313580d8e08c550f4
26f4215f3bf2e80443b4ce815eb872f02a415fd19bf22d57ebd0d7d41ef499a5e42a411febc661360bed63dfaceb57e804b738cc6761f03d36b2d054
82ce062d5c4b12109c1c8960c9047395a0b33392387492f2f72a41e7549d24d6806f388709d0a91668310f2fe748ee8a72e6ea26b4b0c21c4e9a8115
e67417e6a267f7e4ae9592d110c367d2445d2f9267da3c639dc3341691861cb79044afae187964d7bb4a95371972aec214037598bfb8c5e62a710f5b
140924feac7413f357d442c1fc151a83444a9c08e875a4c48955cf204fcb8d88c298e9e7090d8034872f66ac7a060d4d2568c85004dc2145bb73c09d
d8d44fe82b2c45e04ed47201eec4a97e421ff29223923002d21cbe98514b10b81327ad0377c8e37195a06faa64f4252d177c3123f0d8816912b2b403
d344e42507a6895a58609ae418b3007d48eb4e918441df918f014ce3b8e7d2dd692098fba42f609a047b72609af4e039e11cd826696d806dc853e81c
d886bb019d03db70ebc9554a3c637cc0360929ca91df26895190df266915817b92d60db827353d83ceaaf6a0b3a83d7ce0c544a282d61911704fe2b8
71e01e1c1f9d03f7243108704f121300f724042087a32521d75709fac6f1305a60a324c604364a43bd80cea9daa073aa36e8449c7260a3242602364a
9a6bb051beb7079d9b31c8f28d8632256c05b5397053466472e026dc6faf12298c10991cb8293b7a964921e7f45da6c448e28c19c5e2c154f8823907
a6ca5e6f9291542b14dc944fb5be790645e0a68c9cee8a92ce42439143a2de8406a46107a6e27e24e7c052c4aa5e256828aa051ac0620ebb56d60ac3
e192bc3357091a745c1002981b2b1387cbdc3fcba2958c55cb06b096d1b839c05a16a3009095830600641939cf71756546a67600b2a2e90390150779
00b2825ce1aaae96657903c80a10dc01c84ad23323af04d5c90d129216f0b7ec1af8aa5452fa8e7013642307202b99be00c8c80fe01c80ac743dc37d
5d470280ace8d49659ab3312245c2da00b07582b5d6f429f2409c05ad1b607ac153173c05ad18603ac156d46c05ad1f603ac95a97e429f2401c05a41
bde2006b45870060ade81000ac15315ec01aa1c6cee144592409701348d106079ed583d1956ba4d60418ac82661c18acea48205eaf208b3b3058458b
e7c059f5a44e7056154b07677137bb73189e30ad3a470619b2be5f25dcc874b00c25d5d177f254a69f60b01ad50234689d81c1c843e31c18ac26461e
0c56756880c1aa363f18aca26473727f2ccc1f18ac56d6e0447f0a267213fda956d654a27c560118aca27273ca20a3bd0906ab4bed419f661a0c568b
da331a9ac61a9cc59d9ece81b31a4a4b07ce6a6291e0ac26060dce22c1b273e0ac26a608ce6a1a1770560bfa0e37548d2e58aae9a0c57db155956c1e
9a0e37b05493f44bc01cbe13ce1130d7742882a11a2a2507866ae24460a8a69db395529911044335d4460e0cd5c4cf7049ec077d512e52f133ddf6a8
43060cd5b576c1500d1db703437594410e0c75bb02e0332c1978d5b5e481571dddb1075ee1177d9548e0c33478e01559a89d075ef5a83749459a5482
3c96ae0742f5ac5a202fab3dc8cbfa8eb05516b92715692c2a419e453f3a0f84ea45754203d2af0742755881073a7558a497e7e1d09bd0c009ee814e
e4e3be4a787a733879a05367e03dd0896c665749be216a4f97757a4ad007f3f60efa609f1e58d5cd75c9796055df6a01fab6ea843e5443deebfa2d6a
013a0da4170f741a4e6f92f3cd5327f868787a063e1a98443cb16bdc1c7f95c85b87aac6838fc86e7195b84e29aa05f29d45b5b079d336bf977b2070
dc838f069bd82b6528ca198fc967b1893df86800b93df86870a47af011813357091aaa5a20e915f2b1071f716fe95582bea612f47595a0afab3de8eb
6a01fa3a2b047c3438523df888dbfdae12f4692d818f0687a8071f91f9c479f0d100d978a508e530f48a555b7a66f44d510b3e1a4b6f920c0aa6e1c1
47d3a9679d92fa22f739d53279c61c61f3c15dcf79f0d1845d7bf01137cd5f25a36f6af5808b26ecda838b26229807174d64660f2e9aa0720f2e9a51
b5409f5616b8682282f9a89b34f51df4896b808ba65688dc03c1b71e5c348b7a0d7d45ed411f6a180f2e9a1c9b1e5c341bed29ef27a2940717cdae37
a10fb58fd785165a21e0a2a9d5031eba45ea7f9a257ba0d21c6a00d291d53c50694e751ad239473c506962c4f040a529860254c2abc179a01221dace
039596160f50696932814a4b93a9a42b5a1240a5a5e5021c22dbf25552ec16bd060e2d1d1dc0a1a589c6c4c4edd85789444751b5909d008d9ecf0a7d
8606a0d202707ba0d2c2cce98b3cc5a181d49e4bd350944f8e3a81430bc8e3813c0bc8ea813c4b6c1ec84378fa55a29f1a79700df7d15c25fa39993f
0c4d4b4700b8662d4610ecb2163d03bbacad678ca7d83cd865e94050acd886f6aa0cdef41aecb2509c78b0cb3e540b592d90b2bcb29644f5136f5231
86a65072e616ecb235ef60978d4ce2c12e644fbb4ab83679ea04bb102e70954805a063459745043d23cda81883b2946885805d483ce63cd8654bf068
a241ad4303c0d7834f76a22fe0932da6013e21bf8ef3e0932d91a1eb4e25660c7cb2b55ec027f88b5f25689050d2952a55ad438318114866a3bcf320
998dead08364f6c3fdf2ce2b0389566657da06b5049d0dca741184d6b72e82d0cad445109b79d445101255403b5beb6640a7561f68676b0d932f5306
780fdad9285afce01a34afefcc07eb00d178433be910f7c0cd8ecb499c1ff86069dd18da4907664eafcc2358953c99470ef119328f1c3adcc83c8273
aaf3047b1d285a3c194748feeb3c6e760746768f9b9d1c1a3c6e76c7e7fc9caf170be4e93348d722220eec10b3220e8c008fab04e992a1744321462c
4f2acd03bdb5270e4cde1b9e1b0a0f31399291707fb5f3242391df85e76e88036da4e76e8843db62413a00d113ff4500b5f3a4d0e48ec7ab047dda08
c47fc95fc3e35e77e82ce52e884312152e744755cfa0018bab579accc29b8ae91203dcd020797c43032650cf650e870ebead9c5eb4aeac2262875bcb
138ac82ac2f54657091af008f0a4c93ca6da23cc54f3b0c9c8ac85459a4cae3376a73287b0354f32879075d99ddc7b7f20b39d86849283e19ec46bc9
cfe33ca081cd781eba994ecfc8a6c0017692eed281ca4ed25d3aa4f31324e4bcdea49f41ad2fbedb9436255b2127973138af125eba68bf4f6e137428
ae4e070dacb393402b17f4268156b0d193402bc70e38099f22dba03bb91bd0657d47af71153b1dbd06219e8e5e830d4eae5670eca393ab151c87d4c9
d50a0ebc7172a5027952dcc9950a0ea67a7a7a8da9f6f40a0fa39f64a4248bfc5522ec06a47072a502e986ae12b35254823e18fcc9550a0e14717ae5
f366c63cf40db5007d43b5401fc8f23ca10f1bc8490e0f72b5bb93b02952d8ba93b02972f95d25e8432d781236c5fd42ee24870791875709fa10274f
c2a608cd77a772782cb5007d5bcfa04feb9a1c1e4e6b9eab141c47c0c90df5e4c1742737d43b4cd067107d8c4b20e78ef65120673e68f5e4167aaeaa
7627b7d09b17cc2759f249d41477245f25a2a69c9a33f2bcb69ff273a02139718593bbcc497e0ed2d45f2523c13fa4dc7627b9383c52c979bfdb4f25
ee8083899fbadb0fffcd93bbfd7c522d9099986222a43c86bb9324931ec9e324c924b13857095ab2daa3bf5ade444171ffa23b8982f2457d81162def
040de8a8ce040d687ecf040d00e193eb0d3cf2eea9eb0d34e149095e699d28a8a0d6b9dec06b0927e5f4853e12487a6d0be5e0d0b620078747cf7692
838380d1ab047d553d833e6d206e933fb56c749b3ce6a293dbe4bd582cf7f49d629c8a8242b77c724f9fbc684e12487a34d4a7124882964e429d4e94
1c6756a24cb547ce620e94930492c1a967e48309aad3e89327c96938279d45b570b34e510bd02736a3dbe401bb27a14e271adc93dbe44f8c8067813e
ad9e027d55cfb8f48b43f12407c729b6cdfd7cf29b39b99fef44ad7112ea44b29eab64f49d58424e429d4ead09ae3738c558b8dee0d48c9183e304c3
9e64853cc574b884efc4b07c72095f707a66f4051d59dc261f7440938323a0ea3a759bbcd733d6e7a912895cb1099de4e00828474e6e910f3a68b9de
8038c0ab444eeda43707a507ef9b13db90fc43ce4aae11f10bdd1e2feed3b831a832030d3a31c39d6483940fc8490e8e80f9fe24074700719ce4e090
9fc6d9b40fd542a6c42873195f18aa133ab5bbc80219b4efc9bd216f8f93dc1bf21939c9bd11b49f1af4dd44c74fb36812447a60e7c91d7c5ea72f49
1f83160a97c4076dbcce35929258b8d52068a1905f23e83cea90877ae324e249ce2527114f5153d4214f675547ab8c76ea24bf46d48655d24734ab67
d7f4d11e114f1197b8938827b26bb953091df1df3db95f2f6af1914343de2527b7bcc7a0efc81617f48ca8c2a8ef94fe9cbe00aba2d80cb02a467d07
0d3a968055f2583981551103e809ac8ae8d74feed0eb927474d580182ed0491e2b27d0298a21019d221aaf137c1425b1808fa25802f8889098ab040d
dae8e0a3a883017c14b574c147dc56e74ef05144977a8281a2162418288b3eddd28eb9f0040325c9e560a028491c0c9425d38273e41772827392d604
77de25317139db49320603a5a09e6d4af40c0c94342b60a0a4590103c973e404e72449bf840a25545e273827613b39c13949c73c382789318073920e
14704ed25100cee1b2b1ab040d55df414355cfa081190b60a084c93a8081d250091a38260218489e23010c440283ab047d20be00064a282b02b92a12
0c2c90ab228106c3a1fb433725e85bfa0efa96fa027d5bdfc9213252823ea4ed003eca30f8003e923f4750f64404c94066c4ccbe0d60a0ecf58c7c2a
ea99924d9caa856413ac8240b289bfd6420a2bf844002de5a0ef484116d502299e102003682983ed038848fe1c014494f3e73c31026029377d465a11
a4d00058e2a6441794bebfe819e401e6832e50c7b816004bb9412c6029e3ef10004b193611004b19361f004b19681f004b79a93da608cd53002c654d
3460296b29019632baad0058ca98da026029a3cd0a802592b6b8408e09ee43b94ad0a7450e58ca43cfa00f7616004b5c95e082d2f5577a0d582a5a3c
80a5a2a9052c15af16c8cc85663c00960a8c3d0096c8efe702e9fa0bd2443023522a1a178054e1000a00a9a20502902a496f72f918803d80960abacd
005a92174a080a6457c9e82b4d3d833e3045209b61a97a067d557d813e985400413540720041c9072680a00aea8210451fab070455d0850610943c62
42543425fd044115945b218a3eb5577993f5499afe32544be7196b0974253f9700ba2299d6555a94984dd015b91b5c005d55b048005d158077005d15
5052005d15ad1ed0159962ae92d157c5424057e45e740174550fd5027d53b5307f8852017425af9700ba925f4d005d15b156d095fc7142127dd00eba
aa48ad0174559d4a8e67b407baaa60ed00ba2ada2ba0ab8a422280aeaad620e8aa627708a02b79b604d055059904d01519005d005d55cd2de88a84bd
576930826a8ff9d3ca025d55545d017455b5574057152d40005d55ac09017455c592415795233c80aee48113405755fc1374657e359f66c900afaacd
51941c505d81f4ce1401bcaace658057454f1a005e552731c0ab8a816198eab8f1048057d506007855b1488057051204805745aa0b002f52a75c2523
bde92c047855346401e055b56dab62d99968253f0400852afa9822805715f30678c9f92800bcb8f0f5963fc04a4efd646a515204dd2b87fc17005c55
1b00c055c10b01c055b51975af1c727f0070d50e4500ae26c6ae7be5b0cf07001759fd5c007091c4df85a66b15d417a5dd57eb1c1d9a4d0057d3a66a
a24f25a3af05b5b0a993f124a36143f60ddc27d7c44274ebb9361588aba1690e202eb94c051057d37600719146fe2a415f502d851654823eb1481057
c3261e405c4d2c19c4d5b426405c0d593480aa5aa567a4d04f4e2568d08a1cd0a01509e2928b56007135890520aea683124356037b061057d33a0371
35946101c4d570590c20ae86bf6bb8e78b50091a964accd1563fb506594b5cfc260ff78021ab81520386acae358121abdfdf34e9b3630e0ba0b18ecf
46008d75cd0368ac4ba69c64f343f916a6524831b786c66a91d8031aeb5a13a031798105d018f7805e25a3afa3fe0aca5aa8f582b5aa8b4163adea28
418352e7836b0248ad8bb56275ea5a05589de4bf1594d441ab0734d6412b0134d6c54340631d136b008d75fc950388ab138f11405cfdf32c198354d7
e6c720d5b594006a5d122d40ad0bf200d4ba4e3f805a47391f006a5dec7aeb9219750cf224fb02d4e41216006a72fb0a00b5ae33db805a5d30fd0850
1bc83211303660911130468246170163036613016323aa162eea42e5100163033611953090132e1eca46a667dc22c28445c0d8a87a9304a69c931130
36aa7a46de6bcef308181b68c9a36e0e07a0478c55248d721163d580d9448c5564fdb84ad0877a2002d4b885e32a411f46c308501b485211a026d7ae
08501b536f425f533fa1afab05e8d33c00d406726ad48de1a831a2575eef4d09fa506a44409c5cbb22484d2e5ad193ba1d8410416a13361f416ad3ab
85cc33bd49ca18d8c4ffcdd8996549caf3dc7a2adf1000e3eee69f8bdbf90fe1107a3681c97a2beb5ce4ca6520b064dcec2dcb9287a9c945cbc3d4ba
435b985ae7c89387a975a6250f53eb2c391ea6d6839e242b0a364c0f53eb18353c4cadb3dbee616a1d34e8616addab4496100c171ea6d619e01ea626
ef050f53eb49f7d06fea2d4403dc75cff4231edf5552482edd53c82abe3b4cad6356f030b5ce42e2616a9d31ed616a8487bd4ae8c742e2616abde91e
fa015f3c4c4dfe5b1ea6d6d5cf606a9d05c1c3d4bafa044cad4b77985aeffa1ddf4ffd45d1008764217632fe381ea63682ee0deea9346933ea83a90d
e08487a9c90fcbc3d4067b1e1ea6363487c0d40688ddc3d4867a244c6d601df75e0192910ca636fe95397cf7903839967948dcc0a9c343e2e458e6bd
54a7c92071a452dd3d246eecaa1cd5353820710a66e321718395df43e20800b4fba0d8c23419246eb0207848dcd06403891b9a6c207183d5c843e214
86c60705b254ed0a7dad27d1818d010f5153881a0f512332daee216a72b5f21035b96f79b27c6fb85a79889a5cd03c444dae641ea22657320f51234c
e8ee15f10f04ed216ad3a90674d0e406519b4e4ff28d3438206a535d09a23641bb1ea2a6e0391ea2a6e0321ea23671f0f310b509bef510b5a94506a2
36d94cf3103505acf1103585d9f110355293ee1e3626e7310f1b934b98878d916d6ef7b0b1e9557be54934828dc925ccc3c6a6be18db60a41ebb4ae8
07b8f0b0b15954423f0c6b1e363641361e363631a278d8d8d424051b9beabbb03185d9f1b0b1a929043636d50b60630acfe361630ac1e361637213f3
b0b1a9c90636a6f03c9e887fdb26c92625eec1c6a6a6ba425a0bf5cf42ffdc547294901a36a698389e6468720cf3244353901f0f1b9b907e4fe8f94d
e3ddd858dcd8f5f1c6c6e2a605d6d858dc30017865f956ff2409daa69e4c12b4cd4b4ef4d36248c43f52e45d25f41360a9e8a7d14f7c79790179929e
6df0134fd2337947f98a7eea21c6c6e2261852d14fdf96f8f21b80d357f4137ca9e8a76585f8f28a66e315f16fea494ecb7e763e7e9f92c9e6bd6be5
201f9a5c7bbc42cf0b45127a7e6793c22b08a00600c1ff14a2c673f64ac16cbc91b8b87b3d197952f712ef4475e25fecd02fdf88030cb1f046e2e22e
34d150bd48168255aae19b0e0a33f534f4d310ebe8278cd7d14feb39a1e7e5dae33bfa691875f46bfa1dfa6181f3849edf35fc083dbf638ef0903885
91f15dfae949f413ea21a29f9c723c11fde45ce38dc4c563577d8312ad44f6ee038b9f27f4fc21c440e879128fee9ed0f3f292f144f43b341c081d7f
60e5f664df3ed8daf4c4b13834450e220f6a680ee414ee1fc8a98996f81587a6f2819c3871f9899c1a54242b933f8c2754fc51740f398b7e67dfe1d0
d79ce4a1d3726b2c2e92a964f7c6e2a2bc5cbc42c56b999ee8a7afa96465ea0513fd864ae8a72f3dd16fbc3c8bfc444f7d4742c51f2c7c8143589a00
0359b8c9eb72954c4f07b20d64e1766c55069296394c0881a4658e093090b4ccb1c5198ce945457409c6f4a2637f2218d38b0e2b722034bcbc5d82b1
b94c3ec23d189b8bce4b32d3c1c110c34e0054d85cd8d1816dccb0a343d43d74c0a52fece8407084b0a343d43bd1a1e977e8c0e418c8b0edf83a6147
87aab7a04353edc4781faa8f00bd43bfb36fe5ba4a04b0a54f0512909d18760269b34f60453036174fb51909c81c902a9080ec64cc04128f9dc0d770
90fbd1eb77817b7a27b1a5bd4a0458f6ff3a4a12c8a87d82030319b54f4cedc1885e2415ce5532d515122518d18b27ab5938505d1ff34075607c20a3
f6c9f00d64d43ed91e0c46f4e299750fd51986c1a13ad6e7e0501d67b380ffa21cca0299b449c3ba0732699f0ca7e0d08f2d8f40d8f773a806f463b3
3010f65dc1480261dfe52f124e74d0273ad141c3cfc85cf46cb804b2647bbc08c249e86c75022373d1438e8391b9e871680f64c9f64cc6c1c85cf4af
94a17b205bb6dff5ee4249bf5708fbf0fe45e3aa6a542a0295ec9bf953724f4ad46fe42e7a7c860349c53cf6bd4052310f260e2415f34ceac1a3afd7
efd057fdc7a32f843f10eadde32c153cfa06bd133d8364414f0d7fb2657bf52d65c48e7a273ae0a112023ab0ef1d023ab06c84800e6c4f063262fbac
dfa1039b95818cd8e424bf4ae800ea0e8473f74def44074d300ae7de544287aab7a043550d7c23305c087ca3fa0ae813027a62440a013dd9360c8475
f71a27847597674c80c9c9172644f4d4585058774d5e115d800d81f8ec01841d149f1d7f89407c763f551f31ca41ed81ccd641bd98ccd601ec18480e
1640d181e460a4c4ba4a9e12dfc37856947f4d309e150390222424231a4620ad5750ef237a7ad0eca5e8e9408a602c2806f537634151f1560229a2e5
351332b563d808a4860eea6fc43d0fea8bc682ae92de425694a4b7201936ea90912ce97748a6391016649e38bf4fd510a4008209648d0e58d3022428
10312c10f65c415b02d446415b02d426a8f3406de45e13a036419d076a13d441a036817dec00b5095a15a13641d32ad426606d0ae47756a09b00b509
a0ef00b551989500b5899bdee229a103d4260a73406da2ba0bd4468e3801fa426ebe3d2805d6a9779a9c51d3133c240a733465abe377f090a8494e29
b0602c011ea27029011e12b5bcc1432296cb000f8949f790539f1d1e1221fe011ea2c02a011e12b52cc243a2be2d3c2472fc38c043e48d12e021914d
e000d7884235708d881d33c035a27a015c2376dd430736af025c23b24514e01a8aac12e01af28c09708da82904ae91b4d8c1351256e200d790874480
6b248e9d07b886fc09025c23116020c03592da13ae217f9000d748987f82b9f65df7a8dd5cfb62d2046fae7dd793ba67fa254de97014799504384a2a
fa1d8929a0e5018ea29828018e226f86004749d0eb0047915f4780a324d86180a3247685021c453158021c45fe27018e92869e443f8d38384ad21783
a39045730f7094841b6c80a3648d31388a3c47021c2563640970940c670f70942c2031f5fdd00f6e92f1500a7013452c89c64d6206f347b84906a346
b889a2a044b889a2a744b80989adaf92e997a39e0c94f416d32f27dd433f16ef0837912342346e92278c336ee857f43bf4c3581237f4abffc819b847
684b86ce47684bc66216a12df21988d096cce78bd096cc641aa12d994115a12d854931425b0a2b6a849a14864a849a28784a849ae4a47be44671aa61
504275a84981a445a849614738424d0ad6f3083529fa7c5013855289d08f1254b2fc12530d0ffd28aca8118e51a29e4487a827d1819531c231b4bf1f
e11805734c8463901eeb2aa1038b618463149c15a3536a9bd771d908d728552574a9fafdc92fa809ae5120f251f98e9954a3718dacf38f11ae519854
235ca33060235ca330c546b846697a0b7aaaa738e5b1e19d708d82352ec227142426c227c8b5769590135c16e11315bf97089fa81805227c429e2e11
1e5137bdd3e4ac4eb59b2c95c534c2112a1b7f118e503103453842656b31c211b4eb1fe1088abe12e108a460ba4aa643856944388282d9443842c5a8
17e1088a2e13e10835be3851842b28924c842b90bb648f70850ae68b70851af46e7461a32bc215aa7a2f5c413e0411ae50d937897005791b44b842c5
6329c2152acb4c842b5496fb0857203ffd1ee10a35e99de8e0f54e74c0321ce10a720d8870858a2750842bd4a6dad14f3d0c8e508180118e20778308
47a8bdbf5a12ae5061c311ae4026d1ab44de955d6f434ff54962852b4a4d8447344dfff08876d79029f13da242d7d2efc8f324e78518d173eac9ce93
2a0dde426bc1312cf2cdef5335f4439e0c11fad1a01f91dcc40dcc119354a7219352cee849cf937c0e884a63073d42549a3a2f44a569224da88ee34b
4ca87eaa06525cb17e46488c42e444484c83c444524035ad9fa4806a10eaa8145058c063463f0d8b8c7eeafa50a116750ffd34a14185e42b11a142ad
a806f4c3c33742851ad6ae081552c09c08152283f355423fece8112ad4aaea43bfaab7a05fd5efd04f6b327c8714947b644348be19910da186c52ec2
85e49b11e142a4e7b94ae8874532b221d4baeea11f4837c29adad03d4b1554b580c29ae49b11614d6dea49f4036f455853e34852843529784f843575
4dc3b0a6aee99b0da18ea536c29a14ae27c29aba26735853d724096b52509c086beaecdf47585377aa81145e580f231b42f2f0886c08f55392997e0a
a613d910eaea676c0829244f846df5a81ad00f7e15615b5d132e6cab6b04c0b6e42712615bf21389b0ad8e19272ad513bc2cc2b6baa651d85617b080
6df5ac27d10f4f9b08db52b89e08dbea45f5a11f0c20c2b6e4fd11615b0aec13615b5d7d9e5d9fa1b9805d1f850e8a30b10e738830b1ae7e0613930f
498489752d3677c261fab5120eabef76a560537de887f7478489c9db24c2c4fa949ce8a7de0a13eb02a230b181b932c2c4e415136162f2e288303192
dfed112636e011112666d9847e9f92216943132d246d602d8a9034851c8a90b471a802537da87b42d24650a950b97e5729a110246d38d5d0798b1442
754df390b4a1a132f569690848da10aa80a40daddd9034a5408a90b481bb5c84880da16088d8087aa774d03d7480bc4688d8608b2342c486a66b8898
dc7c22446c680018114b934e9e20620a6a94205b030a9c205b036c92205b83252041a806383b41a8947229419a14bc27419a26ad94d8ec994c4b09be
33bd4a9ed2498958042c71094e3369dd04a791df4682d3c8c722c169e4ef91e0340ad093e0340abb93e0340ab493e03453bac3692696e0c4768b82f0
24b65bc469127c6782ee12db2df2bf48f09dc9004ff09dc9a296e03bf2bf48f09dfbabc077c8527995d0af4a6a4baaa67878094e33e116092e23df8c
049791374682cbcca1dfa103582d29ee03182fb16f227f9604979953f76cc153b0d6645c26297f50322e93b64df5354a951289e1980a122971c972b8
2752e22a10502225ae922c2552e26e2c47e924f91ba33819cf498a94934ef2fb31fa93f19cb479d59728e99d99927e870e5e35a043d0efd021e877e8
c082974e25b7d3939312a38394b81bd6e1444adc8d119e3cfa311a132971378d3fafe476b4a0473ff5648f7eb82d268f7e2c638994b81b4b63f2e8a7
1ee9d1afa83ef2f268147bf42bfff2d4481ed5bbaa43f52151509dcd8444b65c398d24b2e56e50e614501d7b540aa88e8d3919654a72284901d54152
29a03a1b79c92853dab1e426a34c693ff43bf2deb11a25b2e5ee87de629f763ff5bb8fea59c6f6649429edea3c46999282e824a34c49a1639251a6b4
e3bc9322fa61db4c64cbfd18591602958c3225a5494a468b9282dba4882e9a9e22ba687a8ae882052b4574497a27ba68ca8be4282cba872e98475244
97a2fad045d353922eb48f719fa4f44a89f4b73ba69394d001c49112df0a2c948cfb24f9b5a4847e9aac12fa818c5242bfa6b7a01f083c25f40389a5
847e4db5a35fd35bd00f0b6b4ae8a7de97d00f2c9432fa3595d04fbd8fe44cf295491939710f4bc653aec502fd8ca7a463d3938d92ded2292199f194
245f9944aada033f8a44aada43fdd4784a3ae08ba990ca550ba6f194a4044cc9784a3a6081c9784a3abcde1228bd0c5ac9f84a3a801ec9f84a3a34d9
15f226ea8b17f48429a6829e9afa0a7a6aea5320061843aae8a225a8226fd43de4c5109248a874e4573a844462a503849c2af2826d5345deaa7bc88b
7755aac8ab25ac222fe6d15491b7eb2d7c17185c2205ed01f74a155db4bc3574817b258e0e398d01e31fc96d2aa127783935f4d4b2d8d013649d4835
ab3c4b8954b38a64938c7f24a779aea19f7aaff18fe480a5c9f84792af4d32fe91cc2be7f7a9daa8492225ea551a946832b2d02a9552e2549103f7a6
8eea5ef7505d388d180f72f449464d9253e735fa919cd6a58e7a5a7b8c7e245754423d7de88e7a50a1d4514f789234b24a1c954823ab20378934b24e
a86da08326c9810e20e434d041d3d44007addea49195bb50328e919490299146560170d2403fcc1469a09fba126964153c260df4e3d84d228dac5c89
1269641d9b2fc938463ad5b106fa69d2328e914ee1a6897e58f6d2443fec5fc938463a35319146d6e1df924823eba0738934b2a7a629db084ae7a17b
91927e877e9ab049237b6a6232fe91bcbaf5443f0d07e31fe90cfa1dfa61384bc63f92923b25f8877c41b2f18fa45448d9368292922de50dfdd87acd
c64dd2098ec9c64dd2c9a29a37f46339cc1bfac19a3269644f96f66cbc259d6c5865d2c8cafd2adb46503aa37e5791da5342bf26a9d12fa83ef4abfa
1ddf8f7d81bca35f5609fd18ee79473f96b5bca31f135fded18fc52aefe8c799debca31f7d22efe8870d37efe8d75542bfa227f97e874ae8372519fa
d1aff3ce37522b196b4a1e3e9e8d35258fd1291b6b4a4ae3940f7498fa9de9e0996db2b1a6a42c4bd9585352ec996cac2929824d36d6943cbe67d958
530a18c0f2810e80b86cac2929ba4d36d6949449291b6b4abe48b2c13dd5807e6cb267877ecc21d9a11fe33d3bf4a35f67635449fe41d9a1df0783ff
3a256787ea4315a03a135876a8ce564176a8ae0160642b29a953866c79a07b866c791052866cf9aa1a501d937f76a8aeeee9505d5d0922e6218c1922
e6c1ee1922e687eea13aab588688297552868829604e86880526c50c1193235086882939538688c9652843c402d34b86880526a90c110bbb9e34fde4
fa9321620af0922162816da46c44ec1cea2010b14ffca3058d64089902e76408991c8232842c807432844cbe351942168a4ac80b65cf10ab50f44ee4
850565d853d080853dc94327c39e141c27c39e12cb60863d055053863d05c87d863dc92727c39e14d626c39e025bcc19f614c04919f614badec9501b
ba67df2342d933ec29eaeb187b4af2d0c9b027a553cab0a7b8b9572bc3a2e4e1936151916da40c8b5292a50c8b5222a50c7b52e2a66c1b4e29aaa7d9
86538a20a40cb352389d0cb352909c0cb352b2a40cb38af8d96698957c8832cc2aaaa7c1ac144027c3aca27a0acc2a6284ca30abc82e4f8659295553
865945385f86594536cf33cc4ade46196615b5acc1ac14b027c3ac223c34c3aca2a653989522ef649855da5e5ba2198615015c198615b530c1b0a216
50185654ef856145b61a330c2b0210320c4bc9a4320c2b6a6eb1dda52c1fb29cd153bd17f6153522327ab2f793337a625bcf3033c5cec9193db54866
bea3fa2bac2d027932ac2d0ec9d268917f9d12cc10baa4ce07a18b9aae206d695389cf08c5c890b6a40e0d694b50bf0c694b5a31216d49131b644dc9
a432642d3995f88c4e6f2994e80c90b5c4466586ac2575ef820e78f066db5c4ae9547df6f994762a43e414f027e39297b04b67db5c4a4a6c95217949
580c9297385e9121790a9693217729ab847ee0ec0cb94bd8be32e44e4e551972a7245b197297d421217709ff8f0cb94b59f7d0afa83ef463973c43ee
92ba3ce44e217e32e42e091f40ee92a661c85d128683dc25b61f33044e6e5b199296b46442d2142c27c3c494842ac3c492b0114c4cee5719269638ea
9b6162491d1926a6c03d1926a640411926a6c456d9368952d6c26b9b44299f2a45eed14ab03485f8c930b12cbc0513cbea3d30b1ac9e05135380a10c
13530aac0c13cb9a006162996323192626e7af0c1353409c0c13cbecd3649858c62491616259e80b26a6f03819269685dd61620ad59361620a149461
620af893616219935b868965e14298989cc6324c2c6bb9878965bc3f324c2c0b59c3c432c6b20c13cb0437cb30b18c0923c3c4b2a656989852676598
5816888389654db4b0ad2c3e00a3920f59865165fa52815165ce241418558169161855615e2a30aa82b9aac0a81415a6c0a8141fa7c0a8cafef20c29
302ba5ec2a302b458e2930ab429f2a30abe2f5b64ae9a0d478f25f868d02e952189902e92a51e25a13143a4a817429d357817429504d817415cc1505
d25592eed10490d102e92a108102e92a7cf002e92a5925d4c3e8512056055c582056721a2b3b3a34c9890e4db5a3039fb840ba0ac68402e92ad8ac0a
a4abf0f90ba4abb0c75b205d055b798174d55df7d08135b140ba0a9e0c05d255a6dec9e7034f164857e992c5f453d6b102e9aa9b7ed7a94f3aa0df90
2c937b7410485755e78374555c790aa4ab1eba478051eca1c51150111c516056f5d03b0325dd8bfc0e1d605672522b30abaaee09b3927b598159557c
100accaa9e7a0bfae1ea586056d5ab76f45327875955cc1c05665583eea11f38b2c0ace48056605635e81efa31ad15985565f92c302b252f2b30ab9a
f416f4c36456604f15e35a81213536640b5b554ad95560480d0c5d60464d230e66243fa60233523aaf0233927752811929024c61ab4a11600a5b55f2
392a6c55b5a81a0a254966df41d1610a8caa61942b30aaa6510ca36a4cdb05d6a4045e05d6d4344fc09a1a9378516c7216a9026b921f538135b5a277
a243d53de40472149891127f1598516baa013931d5149851d348851135ecd70546d434fa61444aee556036f2ec29309bae1107b3e9387416984ddff4
3b93b36b8c19b3c9ca8d5360367d57ed9253bf1bdcfb5708fd02e9e91ad2909e0e752e909eae2919d2d321d205d223d7a102e9e949f7ec3374105c81
f4744d91909ece565381f4c879a7407a3a468f02d9e96a4ec88ed25d15c88ec2ac14c88e925f15c84e87ec14084d872c978c0efa60109a0e9e2b9096
3ef5a4c932d4f01013f9b31488c9008f1788893c510aec6338fd6e50a2bbb09d34d8ed2e6c27296d5581990c4d4b3093a1810a33191a9a3093a1210d
33195ebf331d9418abc04c46d0efacadc7a1dad10ff259602632b214988982b5149889c2c11498893c580acc64e8bbc34c0666b10233191ae03093a1
85196632d8ba2d3093a1c10f331960b60233195aa66126431303cc64a89fc14c14ada5c04c86167b98c900c11598c980291498c9809e1698c9a8fa1d
faa9b7c24c06ee870566a28461056632d4eb6026433d1266a21461056632d4eb602663ea49f4136460db4931580aac656a0a61db696e92c5f49bbb4a
95125f0c463339ee5160348ab352603473972cf815a997c368a6f0238c660a32c068a6166d18cdd4f20ea3994ebff394a81d4623dfa102a3991a4730
1ac58329ec3b29295861df696a74c076e6a9dad14f93226c67629a29b01d25362b70989955426acc27050e23af9f02875192ad0287910f5081c34c62
fd1438ccd42c058799185c0b1c660a9ec161e6c784fcfb940cbd9943d5d949fb4d830a7a3345148cdee44d9dc0284c5628956214262b5756310a93e5
a0538cc25cbf433da330d79334e0e418841604a330592e40c53693aeb7208b6d26e54d74c1e8cd55527d8d121f8ccd24651bab1b726284a91b72f269
eb869c4ef79013745637e4f47a0b727a3d899c41f790130456391d24579e6ad42587a2279193c9ad6e6a6b9506f73a25da9aa9ae1a3fb94a1ba59d52
a1847ee09cbaa31f9eac9560e29b6adfd1afe81efa55d5807e9856ea8e7e74a5baa31f28a412a3ee38f54ebe03534f35ee92f74dbf33fdf65da54149
729a7e3b9bced5b8cb55423fe32e5989a6aa7197ac882cd5b8cb55a276e32e796759a9c65db2e2c154e32e5789fa3856a46452d5b8cb5552eda6dfce
f2508dbbe45ded69dc25cb6fa61ee8575442bfa2dfa19f5af7403f9687ead04fadebd08f2315d5a15fd593e8803dbf3a74609aaf1c19dab19656870e
40948a9bdd0ef0a80e1de051d5a183be91430716846a1c242b8b513d911350528d83e4032e588d8364c567a9c641f2c178afc641f2c15c508d8364e5
2baac641f2c114598d83e4e3d4ef1225b4350e92e55d526d7727dffdcc7677f291f53bd3e17092b3f324fad9ee4e3e802ff5443f26e16adc252b764b
f5e8c7d25f3dfae120573dfac1c6aa473fa062f5e8c7fe58f5e8c7045d3dfa0ddd33fddca6dfa1dffcd7945c8dd6648745ad1aadc90e579a6ab4263b
0d23a335d9611bae466bb2db25f4e41eead946517690b86a9427cb71a41ae5c98e35b41ae5c98e55ac1ae5c90e54578df264f94b54a33cd9b1f9508d
f264a7811a50bdea77e80092aab8d2393560404e6c993522276b5a8dc8d9750f3989855023726249ad11393538227236fd0e393581191dcaa75ac9e8
503ed5c98d0e65f96754a343595e17153a24ef896a74289fbbeab3efa0c43fd5e8503e312b54e33c597e01d5384f3e591aab719eacb02cd5384f560c
956a9c279f58bd2aa9654ff509e33cf9c474508df3e453df28a15fd0efd04f8331a15f507d0c3136b26a42bfa8b7a05f94d4e8877db426f4d35295d0
4f4325a39f7a48463f2ca9950d9e538b5a463f3c59ab6df064c5d5a8b6c193b5e55d8d2b65edb757dbe0c9da53afb6c193bd86b471a5ecf1cba9c695
b276e6ab71a5ec8bde3928a18371a5ec393e5d8d2b65cfa65135ae94b51d5e8d2b650f46afc695b26266d43b661cb21474506f2de80061ae051d9aea
430736d52b47843cfb05d5b852f69ae60bfa75fd0efd34cd17f4d3c829e8a725dcb8520eea75c69572c0b4558d0fe5002eaec68772000957e3435959
68aaf1a11c34d11a1fca417dc2f85056cc8c6a7c282b0b4d353e949585a6562091d73b71abc59a5f8d0f65c5cca8c687b2a26bd48a0eecc6d4860e18
66aaf1a11cb43c343612d9fda90dfdb41437f4532f68e850ff95c5a436d4d39add500f0b4e6da880e3566da8a035bba182d6f3860aea045d1b202aa1
823ead519eac3dedda51411d8420dddae1ae4679b2e25b54a33c59bbeed5284fd6ae7b35ca93a32637a33cd73da42648b7f6d7ab519eac7435d5284f
56ba9a6a94e72aa976d34f1134aa6df0e408e9afb6c193a3509d6df0e40846af03abaca6b3810e50ac3ad0412bff400775cf810e420c031dd4e9063a
681a1ce8203431d041dd0c96a33df46a2cc7cbf7b3c27214bfa34e74787b68d7892e387e559890f2cf54989032dc549850d49407138ad82b2b4c28e2
ae5f61428aea51613b51b805b6133591c176940ba74e74814ab60d799b4ac889b1a1c184228b6283096997bec184149da3c18422c7c31b4c68320934
989076cd1bc77a14bcbec184e2547de8403cc106134a9b9e6c94549fe9909c24b33e95e8530d26a40def06134a7869349850e2ac5c830929fb4d8309
25490d134a4c5d0d26a4cde906bf51fc8fb613ae1ea6d0e0378adcd1e0378adcd1e037dae66df09b54553b52b38bd3e037495f057ea3181f0d7e9340
8c0d7e9330c934f84ddef43b4f494fda5751cc8d06bfc9bbea4b94684ff88df2a534384c56ebc261323b270d0ea3e81c0d0e93019e0d9e921987cdf6
5872661c36f65832a8bec1613208bcc161b25a1e9ea24ddf064f51ac8ee6908510590d2ef2d9c9ff7d6a6ed094ac2e084dc9909d064d51ae91064dc9
a0c9064dc91c0b68d08d3cf5bb4a494f5a93954d4f764aaa6f5092d03419ab6e836e94cf86f93379346847011d366887a2663468475143423b8a9a1c
da514ebd2550a26b403b1489a3413b8a9a15da5158661adc423bab0d6ea1b81c0d6e5158991bdc42dba00d6e5182de3929d189e0168ae0d1e0164583
0b6e51409c0d6e51405d0d6ea1481a0d6e51c0600d6e519aeea11f04acc12d943fa3c11f14d9a2c11f0ae6ac067fd0a668833f14c20c35f843c1b8d5
e00fda066df0076d6e36f883326d34f883a25e34f843d550833f683bb3c11f943fa3c1112abbdf2d29d306ad0b9eaf2c870d3cafac180d3cafedc506
66af1c276a60f68a39a481d9b5f9d7c0ec35eb2df6fd94eba281d92b76ee06f6ae2c2f0decad880f0dec5df51dc0de15bcdbc0de1564dc32ba6b5acb
c8a92f06f6aed8a41bd8bb6a9480bd2becac81bd6b5769e71e7282bdb511d9c0de550b5141077d3fb07725a249037b378c150decad18140decdd34a9
82bd154ba281bd9b1629b077d377077b2bf545037b374dc660efb649ce4989fac0de4d93aaed5364a5cc6815fdd443c0e54aa0d1c0e54d9338b8bc01
ad1ab8bcb1b7d3c0e54d3d0b5cdeb42882cb9be609707983b93570b9226e3470790b7a27fa45bd05fd3e9bb0bf4fcd40f686df4103b237fc4a1b90bd
e91301d9fbf69e2a81ee5d8d0c746f1accb69571dde353d95646560c8406acefe0d00676ef87ee5913e80c7db3ad8ceb9ede624da00c180d5cdf3528
c1f58a9dd0c0f5ca56d1c0f51de2de0cd767454468e0faae2607d72b224203d777906e03bb2b934503bb770d74b07bd79a0a7657268b067657b48406
76579c830676ef10e9067657a4810676ef4172a203d8b481dd7b56091d707d6b031d705e6a031d70496ae0fa2edc03aeefec6637707d87563770bde2
153470bdb6661bb85e19301ab85e1bb50d5caf0dde06ae57ee8a06aeef04406a03fdb48883eb9571a381ebbb102e78be6bd100cff7a97ba6c3c042da
c0ec03b34803b3eb287e63f742c7e61bbb17daac6ce0f981db5803b3eba07c33e7acaba477926187a9b983e70747c73b785e69193a787ef01d3a787e
d09e1d3cafedc90e9e1f456f817704d5800e98223a287d30fd7650fae8baa728cc83125277bd13a9f114eaa0f48129a283d20706be0e4a57ca860e4a
1f2cc29d3d8901b3ed1cda0f58563b685b9b8e1db43d990e3b687b825b3b685b5b7b1db43dd94de8a0ed8951ad83b61540a083b627bb099d7d8019f4
4e7c2182de62ed32317d7430f48c7a279231557630f4e4db76f601b425d8d9079818abbae16b9f3832d7c95593f169eee0eb8df1de15c29879a21bbe
3e64bee9b6603a77fe2b5e73b7b5d43956c16e6ba9931db9db5aea945cbedb5a7a3dc9e7b3b5d429b57db7b5d4e9c063b7b5d439aca0ddd652e798c0
baada54e41bbbbada5d7ef5443e39dfa5da7a4770e4a95d244323e83ada54e76eb5e918ca9a757246347bedb2ae89495a1db2ae89487a1db2a78ec98
377a45b2a6279bdd5337b305e8128ccfd068176c9bbd513b83bf376ac708d06d013a7418b6db027468b3a4db027495d0c816a0e3d000b705e8fa1d1d
c416a0eb49a4b605e838f038eeb6c878e5e2ee2c32f215ee64781b6c5af52e1ca1df91168825b56bbfbce949528b7d7d3891d71622ef4a7e5ffde8d4
53705dc9abba2d4afeee962c4a796bef5f91180114d3e539ccfe41d7e24428d18ee7b0a24f74b2bf6de178bd8d2c70c7354dbdae5a0e13d917bb2d56
de5f93fb00627476e26549ef3244e137d26dc1f2018f8f6e0b965388a23e14e5426f215287dad1162c3f71feeac48ec9a0b36e0bd6393551da82e51d
36f08e216ac3e3a30ff97ff0a42d58de5795c8e807cbedb660f9a691761ba0ce573b1043463edb9d94729fa8cbaf67827d45ffc952450b28d64c503d
9cf504bcf4f9fde663ea8ae9bd691c9bd1ca97f6fee6a49a739a2cb5106a9ce0a5ac3c85dd1642dfe1604339c119eb839ce0d7b2b8be7b684184b90c
16c40e9e1dc4a6f1fbfefe85b65be3fbaae5af9157f7203d5d82e10fbc963d8beec0e055b1ce0f0c5e3ac63d080cea2e6ef07a77b32f3e7fc861fd40
2e8f43ae0061bc9fb1bc3d3ace338818bad17263572c219e648955e08a41dabad09711fbebd230c86c37f6720f928167b307330f3c9bbd3e8c790ef8
93d57d98e780bf70c04b74b2dca572bcafea78a9146297ba48216c9c596fd5392a3e016bff6393d5dbf098c023782870cf0f39c87e778271c7210f96
7727c23b5a59c107f9ca4f86dd200b5edaddfb17e45461621804f4f944c47a3d83b774d03399c95175e031a28f6748c31fdff094ba6ac346db948300
3fe11ba45fcfd06dbcde8a5904a433f09ede996806c8e3ea5eafdf8340fc79beaf92f669ccf755922a1cc7b78fe0591d40dbc33195c40b3b32990e27
4726496069a0527f0f0eac83ed4cefab2448c5ca3b0880dac0e3036f6b05a41d0440d50434ccdbda7fc8ebeb6d368c044406d9f532e877604a543082
7182c8fc330ec8b07732d10ecc893bf96b0619f64e8c1ae3541a36bdc9c648d217c6eb2179ddb3be90d81e1e6686f422e18333adaebfdb1eefec3654
6f47ca779b117055c9840766c90beabf9e21f0aa82310dafd458b4ab99257d88efb77a794fbd471e66ca9fa3c2cbdbe8c7553cd237d5426a29cc5783
cc7c5993200159b3469e074e60781a04643d347e305b6eec480d4fcc65cc49c3b3b7c3d6e350b05638d220fdded4d70cf2ca51c96083539f23fdde71
be40cfc01bbce0ad3648c3177f4cf7046f2d9a9530636e04361866c6bc569277ffe44c6d3df48ce93d306e0f82b8cacb6ee046915cfdf64fbcc7fd2d
3531dd8b9eb6e5b4b0d93fcc4cea158e6d90b6af8df777e55ceda99910736902ac0dcca54db30be6d2817fd33073a9976fd7c05cfa89b8f08f654731
5ee37bd5934786563d32fced188406b15e837f2f2bc47cfd40f1d755d26ee5f7e486e3fab6bd9789a8881a7436f3d898ca493e9401508b16015f77b6
4186796ccc9c55b2ee91f1531849673af990e9991e375db129e213206895c4bc3778aeab469b2e149e699835d87bf7e35795abefa167d6e18b22bc5b
c0acc43ee86391b73d94f7e263d6629fb67747354f0f5feafb7b99c747ff04f618709a91854e1926e6f5e1afb1f3fe95b5d596dfdf8cac822ebcb523
bbe0b9bd173fb20c7a18ec20cbe035abbe9f311812cb8f5f5a9f8a53d25ad6c1f46350927d50090306d907c70f7c6656ed0b3d6fd774cd2031cbb67d
bd0e871b049f75edfd4b82d0faeddd2645f980de4082a0b44f461f5d2551477eeb4b90da14dbfb2a53927b0ff672c75d7f5f25be747e7f01527fb4fc
1e350a665b7ee846d0d01fed4970dbfef359a250e6f77247b0dbd97fb4ce1d60ea755581a6d25b0b4e031cfd3d4f702ae0a2f3efab8afaf36e5f4e09
f8fddd3f392de031340d4e0bc4f4a3168ea3ffac9bb39adb7bb1e014412e6ffdab0ed3fdd05487cede5f91d305fd07acd22983edfd15abbcf17fe82f
a6fd7e03a70fe678bf0113fef6037a9829ffe320fcbe8ae36e7bcb8b49dfd777ef502a1401014cfbd76aff7e063784f0ee8398fa63787f7f4cfee9e7
1bd8a1fad183d802a83f6622b602ea7c7f45b604ae8effbe8a0130bf479d59680eb99a0fb3d04c65b81d66a1710a0a38cc4273dc8bbc5968ae12f387
59689ce2600eb3d01c729e1f6699993a7d30cc2273dc50d8ac315749ef9cd4ce8c6cd694ab0468302bcab44cb5bf2fd7031584accc9031e7ae9219ed
368c0dc30c19578905cc0c19570951cc907195c04766c870f2ce1f936609fa9d19df9430619801c329b8e598344bd25b22259a7a62fac3103826a6bf
a2b7144a7a4ba5a4b7344a92c58c929b40c044bfa112fa61ed9e1bfab1e73537f463cb796e32ac664a32ac9e9464583d286140c4043b370cab9860e7
8661f5500d185631c1ce0df32526d8b9615805e1ce0dc3aad7ef30ac6eaa01c32add65ee1856013973c7a68c0976ee188e31c1ce1dc3b1d33d45dfd3
5b086f869be1347eef83d73b31837ccd88684d605e452b9cca6a1f750fecbebda69589ad5f796126fcfe98eefd0c2e210ca189cdff9922783b017b77
ccb79380bd05b63ce1f7b5e89e010d39214f78fdc3d0f436b8cbdb40398de75fe09cb63a94904192730a07e3f584df3737debf9779b0bcaf1a38736f
40301de6c2b799761aefbfe0ddfbbdda79d87f3c6b402deff57df5d34ebe1defaf60dcff6229dbfbaaf180d1e6fb6a647950c9805a782f0bd3ec00a1
fdf8d6d801c67bc19e660ff8a4157f5fbd13c0bcaf92e80213f574008bf1436fc0fff1fe769ccefe64f37b5dbd03bcbcafde815e5e7d0257a4024b9d
a7f6e7fafb97de6651b8eb341bc29c389c4fb3215c25bdedd36ebb720a4fb3211cbee92d36d9fbaadfd996c23e542f1b1a9a9dcc76709518af6633b8
4a7ae7b4b7b06d30cd567028cad5345bc111b0674cb3151c81fda86936822304fd8e198f3daee999f1ee7732ab7ddc747f5d6aa699028e1daf8ce999
f0300d4ecf8457758f09afaa0226bc2a3199f03028ccc03486fbe30c4c6359f7109a4dd019101aaa3cc36b9a0e4cd3bbeebda6e9c034cd3a3ec36b9a
0e759d60435b27e680d4a76a406af69c6698eb741b99a621ff33324d130b68464dd3bc33a21fc69d19d10ff78819d18f1daf19b58fc5d467e4fddeff
9ac6d08fb0e92d2ca55a6a224be921593efa6d5a3ca731f24d19c4a731f19eae0ae5e6318d73b943cb94e13277001766e31ee8641a0e733af8330d7f
5d25be93e12ea7a0b8d35c329c82e24e73c9b84a8dd24e0db4b061b1eb1ed281c50e69d5b5e3c737342c7695687db09802ed4ec362d73ddad4b0d8b5
62ea9eb5d4a105a4a39fdaa6a31fa6f5d9d10f9bc1ece857f44ef453bfefe8872bc71ce88743c11ce8870bc11ce8871fd81ce887997d0ef4d39719e8
a79e6ebb5f9742c869bb5f87a29a4edbfdba4af42edbfd9a432d6fbb5fd73db4b5ddafaba4fa1a2549ddd7df19147c4afe55d2de2e6f99da75e6ab18
c0db3676dba601bcaba4273557d0ba003c07f89b003c27b062006fdbe2359a82df043aa701bdab74f5d490af3fda09c07758c4aa63db3493244a36fd
91d4fcd80cf07912501fdba6fea392fa72a4c4b7b665f1d80c9c1db15032c87510baf12a6982e52db6597304f3cb34d260254709d700dbfbbc4af625
c28ed406ae0eb2a81edb2e8da8c140d5715af8c9ab6456ad0f26fc759abe1e3cf5a0ec91c6373e93c25db22a7da2ca83f525218ee1954f606a4a3ba5
4609f5cd33fe2a394a086778e42039efb139d64135b7631d0cd46738e1f05ef71a25d5de7952ef44ce40e39fc83268e013596c853eb613591a35d89a
7e61016ac0a178b385e22a711cbba283adc293e3ed5789ae57f53bb8c5ce273ce11699273ddc22f3162f4a490d1e3eb6a1911735d4ef1225dd831aee
74580f35dcd1dd96536b642b194adfbbde22132a6d6d4bdfd5a53ff91bf2fdc79df4bae3e97e217fafde57581662d2e0b23feef4d79da8e7c7f7ea7d
c5fa10bb5ac766cbe1b16f6862cbe1417e8063b3e5f0aaf9dcb693f6b225f1d81d6dc992482a8aab64c3686fd4c2b2b74f7a802d5f3e1f0c5b33207b
8cb8c716358ce8c566380e4c92c786e1386e395ff3cb393fa1571cdf835027adec3e0c175af727fb46c79658b6233226966d699bfc5fdf17fefa3e26
4e7ddd045c39f52bb14a5a273171eeb440aacf847b95daabd45fa5f1aa61ae35e4ed55da5f2526d18ddf65c1157a6846ef9d1a3270c5f15d737895e2
ab847e9ef6cfe8a7af9fcbab545f25b9234916f4533fc962cd8cd58c7e1a57657b95f65709fd0ebec3ed6ea5d2f92aa1df89d472b772cc4564161b9a
fb08b19235c6715d76276d86ebf291542274b3c671c10545cb0946d74d3393195baff543f5d95ee92704fd3fa67ebc9a096e7f6c666f0d846ebd4a46
2f89c271953eaa9fe34030b3ab9e63509dd9534f62955ca56062aaa9cd8e7a95f828663f3da73eb4d94dcfa969c5eca5e7cc7c4cb3939e534d56513d
abd42931e8cd1e7acec6e0353be835b0a8ddec9ffe9ecccdee79cec940347ba7bf2757b3737ab2ca1c9bd937fda605c9ec9afe9e80ccaee937d56ef6
4cbf4d956c6b70ebb45263cfe7446ac3c77e0f7a52f95990ba316157c96253d53e68cfc656a88691e1637f6861317cec31dc5c2533131c0da90d1f7f
f6d828997ef700e8e09bd7c6f275d5f47407121a4ef678fc5c25d3938409c7266fb2aa7ba62727ba8fcd70f22c5ad00c27fbf396d7f43cf5550d27fb
b3d01b0c27fb535fc770b2f709cd0c277b02e45e25d3330a3b194ef6b150039e6251a8ce70b227c4ecb1194e9e45933e5e62c99785ee1fdb60cb5f18
d1f0f2856074cff4cc1b2d8ab718298aaf52a5a47b8d122d82b75816bac35b2c175ad98cac3e6ba2c75bac6a4418b2f655df934c63fe407a33b2faaa
9e6646d6ab545fdfd3b0b86feae186c57d535f312ceedb5dafe9d9b4541a16f75d4b25de615d7a1a169fe5e58f756c86c97dd708314cee890876ade4
a653075eed6658f538001ffbc61c634cf02a994ee4feba4aa6131174ae92e932cd89f92ad95ee2e6558399a6302a1fbb195d0361560c477c4af7ef0a
253d6926a8fd9064b657b8d9b994ab647b85fb2e396d7add9d649994f89d195dc36efceed8774c99c0c07d674f8536dff1e872b4f28ebb16a7ffaf12
6e289ff9e0d7297bdfd9466d28b4b37d7aaa84556ed32b4df5b0abbac2bd4cc9540f877ed77872b5875d573bcff071b0ea8ab0ec463cae020d72e0e4
c7f0dcb1e68678de7c623f70e68c34ca81635bd6d3d60ca1e8496b86c080dbcd827b9526a5c8f2c487350b6ee01cf4b11f6c117f37faf47bb6882152
bb596e0331a5af125bc35e4f9aaec4b7be4aa66bda5e9d7c3f58554fdac3984f487088dd98cf2cfaecc67c420e7409633eb3ecfa9ddc0b74cff4e5e0
e155327d8b3a1616570ee45d25d3b7b040ed585a8b5a549e5691b6c0b25aee77364aaaddf4c4f1f1d81d967a271d4cbf661b51c78e87556302de4f3c
4de064bbb1a9400cc3ab64dfb383c177635381932b570947e5fb77a65fcf7aa7e9d78bea33fdbadad32ca3813320c76e9c2c740d4de36481807c57c9
f423a9e355628bffd6c1f41b8764993cc93de36461a86f79dc43c05dbb71b20b07d1d73d9e741ab6a4af269ad655f294a881f4d5a4b4bb4a7849695a
227df556f89a7849ed9b6a2f946841bca476e98027d4fedd46d633b6abb2377a26e9abc96a7595cc2de1a8ba7750d23d7343d012bf93befa63c5ba47
2a29ac5d441fbca0481273954c1f07fedc4961edd4934861ed06fd9114d6aef3bdf07e3ad546a4b0be274152589f87de3228d1af48617d1ed4470aeb
53331629accfd74ecdb193c2fa4cfa85e94a4a96632785b5bf9f343d6563d849611d12f292c23a005976dc9b4256bd99125f9114d641d3bbdc9a9a5a
f3f7691c6fa7a8e10c39c59a7895ac1992d648325c274df1a4b14ea0c89d34d629d2607835654d1fa4b1ceae7d3f2ea9acb31fcf156b864f508fef15
6b0abc9fae9235454ef3b99fb84f0390d69a13bdc74e5a6bc2151f3b675c3f6dfcfd2d9b3b43bf6553470dabd4d675918df4ba10a39df4d6ddb7d707
27cd75174620cd75d752429aebae0e4a9aeba1e99e34d7f3d4efc88a59f44eb262d6fe95242b9597ee93eb2ae84d6c9642eef7ac5c507aaf72414902
7209ddfa289710ed9c952b89e143cc4fafe594989f5ecb8011d259b0ffedc4fce474c1b113f3f30234af362aa05ef5266525d0605456020d468869d9
d18cd89f459887d89f254a2685bed63d9c7935c510fb93d01257496703d2b735f1002a6a95aaf0c9688ec74f8df7d623bfc0e38723a75789d0be30ae
1d0f9f2e99f1ece951ef0e68ae771327530b8c31d1ebdef96a2bced96eee91b6cac91b4dabc2e6a129676d2fb8fb3cadd079b427e76d772d3f1caadd
b56872a876efdcc32367d77bf19c3936b4c063866483c78ea70c69098f1d0f19762fae9242afe94942af69b9c313e6d02c8207cca11ed6147a8d36e0
50eca1059543b187f4e750eca1efce99a443e39d80368734e2502c09ef8e9d43b187384057dbeb49741026e750ec31f4243a74be208762dda1271543
0da9397744d2be63c753a66821e650ac4c3a3b87620f78e6cea158b7b3c47128d6093e722856bb003b678ccc2cf5fbd4ce795907c1db392febb049ee
9c9775fad09c977542399c973db1e1ec9c973d31bfec9c97bd270fcecbfa2c31895594c20bfb0e35011f602aec126a726e3668b9511c1c6c7fbb8e21
6137db1507e7d43dc5fbd15b14ef476fc1b14b9d8833b5d1fbd7f0e26c6d126be06c6d12a320564e1acf5243bc9c349f056c2aea897eafa827cf60e5
0c6e66493938835b4e95082941873c387254b0ac1d1c39aa763af82a119200c3c7c151a3caeec7c119dc0ab63a38835b6114c7a690041b25ce424795
380b1df42467a1eb97211d3ab1bb4b3a9dd8552dd8cf8b649d56021d1ea7b668915c9679f0c8715be33b257b8b2cb50716f84df519b6fabe130bbcf6
190e59e0a3ee394ab429dbcc1b8ce830a4b4edf4ca23b26fc054711852dab6a227d9add8f54e494ddb24d58e9c0659b68d05fe30b8b26d15fd0caa1c
32ee1d493b2785d2ba737224ed9cd0120959f4d512b21c7aa7ed2f6d40a8236987876f9f69a5a2d2497b525f9664b499018aeb1e3518a0d8f0a73a0e
0313d73d74cf928c76c948c65c71646dc6ab066ba59d8dc6232359d73beddbee809b23d34330ed1c05a907ef3430b1edcc318781896dc76c7314be2d
b3d1616062231bb29d6cb5fad0dd40c471ecfa1d3b4a98f18e92d6de5ad40bf80e859e0caf3a8ae4e477031d30871c367b6d7b44169bbdb65d3dd966
af4d3b17c7440776fd8ec9ee90fac444874f6ffd75ca3e26eab9ef16e831e95c4ca6ce1dcb3073dab233879babe49661e63c5ea06ce9388f63102bb2
f3bc938d3fe7d56c7a0b1dd6fc17ae12cd666e6557896e8195de79bac55089c133547b5f3e93f33437ebb3f33437d8d405ba05538c33cab89178fb2a
31e82c09c955a26d30bb38a3841b6e9957292e03c4856547ff2aa103f8db057460c275413aa09fa62d7881d3b435f44e74987acb5cdfa2690b43878b
e8c0eeb7d3b435f80e9ab6c08c2e4a3fbd05fd401c2e86b57523fab1cfe198e034f9394d704f9f71f724a7f7d665527555aea7fcb6e15e2a791aeeb3
fa5dc37db6e849363841f88eb3eb1be631c7d9f5adea2db8cf3239ba86fb2c13926bf8fc3025383c75f0b5381c9e3a5b557db8cf36d527f759d5870e
8d5180a7cedd9ff0d4d9300e38c36d7332981dde311b0b83c33b0627e3c375b91cd3d7ba5c8ea961c8e5981a865c8ea901ef18dc8a0f87778c4c2d6e
c8e558bfa3cd829ea4cd98f21c67c3b580b9419bc1c9dda0cd805c6ea003d0c70de9401f95db34d0c7c96d9a89d3c96dda2399dca601404e6ed3a070
27b76976109cdca6b1703bb94d7bea93db34539e93db34160127b7694c9e4e6ed318224fb938036c4eb938037a4ebc61b6a82791850dec13c7e5cd0e
841e278ecb1b86c113276302975f25dec22ed1b9cbd97b5052cb374a6af97f4dcde78e42f87f9c3ba2b0d29d3ba27804dbe9c85e82f1c13c0aed7c30
3bbb7995f4c1248a3e18621e34125df73c500fb27f1ea807623d0ff9b9474a7c303c214ec764c4c73cb57cf0314f27f4c33b5d5b86ca0952f10cf033
e1e3c1c47082547690ca69069359997aceccba0ece3e336be241ed6608d9f6a0126b22f8ea04b7ec74eb13dcb2dfef8cbc853603b7ec41a5cc5b9013
dcb2ebd316101cc8f7acc8c2f6ec59910594765626e2d3df38ea34026fe761ac843c50f6b332199ff9791a99405667452696b4b332197fb69eefa72b
f7d1bc82a7025fdd88fbb66ba054b048d33db0c84efb35169df0c86c93b99dd6b112fa4275cf86be6e7f9ea6fde16567a3fdb1949e8dc5273c3237be
41a787377d03daa3a1af7a9c4dea9b48fc6993baf9965aa951924ce83a25af4002bdca26f5eb2dd46793fa53da5fa58312b5dbf6f2530a94d0c108be
f9b25aa95042635b283639d39d5d189796b685623b3441d942b11df8969d7daea5b1bd4ac8c972730ee464a1380772f275fc21446f35f853a5408911
0cacf3b6e371b3278fff98d893c77f4cb3893f75f02751e28b46dda30703203c1ede5a7c3c4c4eecc9cbb70cf6e44f31403d29eec63bbda4ae94543b
727a0132de22500940f0f21f03297bf98f312ebd8705c19ebc814ad8d3af53b517deac12053199aebce1cd9b5879e14d70a317de2c2a8920218a5024
38c6832245ac3c2852c4ca832245ac7c90d034995064932ca048889507458a5879a148889507458a5879a1c8aadf9dcbc0f1a048112b0f8a14b1f242
9153ef6410830fbc502488dd474515d2ef166fecab249a8c7e511d844f94586020563e494e7ea7098905c66b42629df79a8cd4c9998c44ac3c939188
956ff22847324d44eac8ed2712f66d5db87c5b172edfd685cbf775e1f27d5db87c5f172edfd785cbf775e1f27d5db87c5f172edfd785cbf775e1f27d
5db8fc58172e3fd785cbcf75e1f2f3e7c2e5e7ba70f9b92e5c7efe5cb8fc5c172e3fd785cbcf9f0b979febc2e5e7ba70f9b92e5c7eae0b979febc215
b69f0b57d8d6852b6cebc215b69f0b57d8d6852b6cebc215b69f0b57d8d6852b6cebc215b675e10afbb98cd4b0c3c6f0c30e3bef752ad18e1662e108
475a7f77e4f57747597f77d4f57702634c8a01b764f5d4805b324964ae92d8eda0c4311b806870cc21ee632298d77fdea625e4e368b85e654e71e7fb
2a7238ffbecad8bdf8f9eb2aaeac2ceee1ccefba91f62cef5a74b5be6bd155e6928b41bfae32a7b8f4be2abd8f7f4cffe19c6fe5f74dd37dd01af5ad
6eb9a3a6c97fde51f3eccb1dd497c1e5abfe72e7fc5302ddf1efc659ee8477032d77e2fb532c77d29ffae84e7e37e172a7fca9a9eed4afa61f9ffb9f
77db9fedc0a093b1e725b9ee8c3fe5d39df9d4f5e71b65147addd9be5f448bf65746c7d51fdf496f72efab7af67c7f395df5ef6719d032347dbfa5ae
c6f7b39eabe9fd5e5dcdef37e8ea8f61a2abf5fddec0d5f66e615dedef6719a282183f2684f0634c705586ab1f1382a0c78f094186ac1f1342fcd1be
89ab3ffabfaefaf77b7535bcfb88aefe685fa680f8a37d7535ffd7842323d88f094750e6c7842348f363c289fd3f7a2177c6df669838ff36c3a4ed6f
334cdaff36c3084efdc70c2368f51f338c762afe6386493fda7fb913fe36c3a4f8b71926a5bfcd3029ff6d86d18ec75f669854ff6c0746716a7f4aae
3bfd6f334c1abfcd3069fec7b7fd7e11ed7f3c403264a023c6bb90db7706ba7fd19f2b6893c773853ab51f6257788ff644ec0af34a79e636cd08e578
ae30eeb53f62571885e57cae307e8a7faed09b4bf8f62549a8fd12bb8284e5195fb784cf127f4b589e2b92b03e5724617bae48c2fe5c9184cf3c754b
f8cc516ad5fac018c95cf7e70a32d7e3b982ccf5191b92b93ef39164aefeb982ccf599e725b3ec3c7605996b7aae20737de69e5be6675ebf65aecf15
c9dc9e2bee5f70a6f6e761a9339e2b52673e5750a73d53bbd4690ffa933aed78aea04e73df812675daf95c419df64c2352a73dd0459fa0c5e70a32b7
f45c41e69badf947e667cabe657e50e32df33315dc32f7efe475cb3c9e2b92793e5790b96fcf1564eefb730599fbb3e449e6fea062c9dccfe70a3277
ff5c41e6fe4caf92b93fd3aa64ee0f9493cc3d3f57247379ae48e66739bb657e10f52df33345de323fb0ec96f959b624f378a0b2641efb77c297cce3
78ae20f370cf15641ee7730599877fae20f308cf15641ef1b982cce3596e24f37820ee2d7379ae48e6fa5d8a6e99db734532f7e78a641ecf15c93c9f
2bc83c9fe55c32cf874248e6793c579079bae70a328bc1db15649e0f0c7d1698b8c9fde18fc38e7173af3bf89c4558f272d831eeda0af8e3c065dc8f
d71dafe7ddf7aaae1cda233b28698fccda233aed91f1a4d31e59a2c496043692e8d88d61cf2a3a76636094d1b11b834d2a3a6db9784ada728994b4e5
82064e5b2e9592b65c549fb65c541f3a04d5870eec59c5535b2ee8706acb051d4e64c15c1c4f64c1241c4f64897a1259d8b38a5efb52d4e0b55b480d
4494d80aeff4c88271350664c1081c036f618f3e125f622be8477c09592d63d05e2cfa05edc5d29e417bb1481db4174b7b06edc5d29e417bb1e8407c
09db4fff75a98a849e903935066dd34a146dd3a25ed4362dea117a62e3b0548c888949272a4c046e79516122ba9e444c8e96c5a45849d490686acca2
317350ecdc4f21ba98f3f70af6fa98cbf30ccd60a8ef73c507d591dbf7195c9363eef7333b078da2213fbd8786cff37986f718f2e3197553437e1f59
3e57b9423c5dece4d1509f3f3734275524b94c8e6868cf7b0d2902f455f64762e1e023a7df636d6b873768110e0d4cb906e0921b0d527c5bcbe0c4b7
a538c078b7120718ef166a1cd054eb7080f16e99c6014db50a0718ef1631c8f06d8d767f2f4a7995cc60c223597d49d65e92f59764e325d95c25ebdb
2a1907186fc90c067c25d3014649d6cf55b2ee57c96cd9ff4ad6e32a1907176fc96ca9ff4ad6cb4bb2fa92acbd24eb2fc9c6fa6d6d49ff7edbb1ad92
8d7d956c1cab641c5cbc251be72a992ddd5fc9465825e3c0e22d992dd75fc9465edb6c94b5cd467d49d65e92f59764e325d95c25e3c0e22dd9dc57c9
086f7f4b36dd2a1907166fc9e4dea0e9f2766f500d719dbfcc70fe6d5d050d393e5c1859e7cd20ef053ced0b24deb9b240e2832b0b24765c5920f1c9
9505127bae2c903870e5b1c8013cd23e9e2b892bf3b96232a76381c4ff3a37928e052da3ceb1a065d43916b48c3ac7829651e758d032ea1c0b5a469d
e331804a9d233d57504776f70763a76341cb7c826341cb927941cb927941cb927941cb927941cbc8ec16b48ccc72bc78307692bdffc1d8c9b9e70a32
bb052d23b35bd03232bb052d23b35bd03232bb052d23b35bd0b2645ed0b264aecf15c9fc18c66e991fdbfc2df3829625f3829691f95cd032329f0b5a
46e67341cbc87c2e681999cf052d23f3e99f2bc8acadee0763276d773f183b9d6a9f17c64e51de544818857691250aed526b12dae5fd84d910be4d49
68775292c714ed908476d13809eda25b12da458b24b48bbc4968b75212da557d42bbaa0f1d82ea5b9784948476d1210beda203a12f846f5316da45b2
2cb4ab2785769185a015c2b7a908ed5283fcedf0df4cf8b81d99b61e9cc7012aa6a1c0279498cc8fa012b93ad83d4c369907c2e05d253b125939399d
98cc89c47ca4c999b2444be08f7664bd85885a594f2aa216724e45d4a225a6226af1553851bedf3528a256a3241daccd32f94606702d73da3cf1968c
8fdb41cfcac6df6eb8968db7dd702de3f4af4818d976370fb27e5f25db09579c82bca51f0b4edef27365e7cab2281d5ca9cf15c795c5b4298916d3a6
745b4c9b812b8b69131df7c5b4491bec8b69f31fe9a58e4cc8aac871b6bc2fd64354d917eb21aaeccf46a854b9d7b3afed32df8bd6d776998fc7c22e
558e67574faa1ccf6e9154b917adafed321f8bf590e63f16eb21321f8bf510998f6767e896b93c5724737dae48e6f65c91ccfdb922999f1d8a5be6c5
ba8acc6e311122b35b4c84c8ec16132132df8bd6f995d93d3b0e92d93dbb9c92f95eb4be06ca7c2f5a5f0365be17adaf8132bbc5ba2a99173c249917
3c2499173c2499173c2499173c2499173c84ccf7a2f5c555f97c76c624f3b2792e99cfc5848acce7027a90f95c400f329f0be841e673013dc87c2ea0
0799cf05f448e6f25c91ccf5b92299db7345322f2654c9bc801ec9bc801e645e76d325b35f400f32fb05f420b35f400f32dfbbe55ff094ef5df22f78
cafed92594cc7e31a122b35f400f322fbbe0b7cc0be891cc0be891cc0be891cc0be891cce3b92299e7730599ef5dec2f78ca6131a1227358400f3287
05f4207358400f328705f4207358400f328705f420f3bd3bfd054f393c3b75b7cc8f77c02df3624295cc8f27c0b2dc68e9073ce5a248dcc8520490a8
b50820f1fe2207ec4e49aeefccfb45208876280241685c0482d0ad0804a14591c90f798bbcac59448bbcaca9afca2d9efaaa4c7ed457e5658d0e555e
d6e850e5658d0e5526bf7fb9a664995fc055b92266d44b10135c9575de025c9575de025c95bbac813475d7a90d9e542cf8a2276529a406628cca6e98
bb029ba37a973510d5bbac813475973510a985eab01b669da2c06e986582c06e98758a02bfaeac531420beac53141807b34e5140aeb34e51601ccc3a
458171300f99fcd05da721300e669d86e87a12593017649d63c0389845f4310e169d4700a716c36a41011b8b61b510c17105acb6614a281b4638065c
d908a877e8493ba0295fba6258cd474ecb17c36ab7b9ae184ebbf15fd9883e96540341279b9ebcb119a50597e9cabde54d69c1645cb931d94169c163
ba726fa5525ab69975e55ee8292d5bccba72ef03528acf7d5db917304a0b3ed5959bb1535ab0a9aedc1333a5457f5db99928a5457faedc80f0eb7a51
6e40f87542283720fcba0a94e37171513bdc8070ff6a7e2c7b36e87a03c2fdabddf1b8b4489f6361a1687003c2fd9179d96e97cccb76bb645eb6db25
f3029825f3029825f3029891d92d801999dd029891d92d801999dd029891f906845f305cdcb2dd8ecc6e01ccc8ec16c08ccc6e01ccc8ec16c02c9917
c02c9917c02c9917c02c9917c02c99973d75c9bceca923f3b90066645e3c2a25f3b90066643e17c08ccce7029891f95c0033329f0b60fe57f8c4722e
581a75cec5b6883ae7625b943a0b96963a0b96963a0b96963a0b96963a0b96963a0b96461dbf60693e815fb03432fbc58088cc7e312022b35fb03432
fb054b23b35fb034322f1e9492d92f581a99fd82a525f382a525f382a525f3624094cc8b0151322f585a322f581a99c382a591392c581a99c382a591
392c581a99c382a591392c581a99c3624044e6b0181091392c581a99c382a525f382a525f382a525f382a525f382a525f382a525f382a591392e0644
648e8b011199e382a591392e581a99e382a591392e581a99e382a591392e581a99e382a591392e585a32bfbddd24b7f02738b9087f82938bf02738b9
087f82934bd5b679a7a4438c00832a4322eda064d5e0e4a264d5e0e45285a1d142b8159c5c044ec1c945e0d4ab3e6168d5274322f5351912d141478a
c1c945478ac1c945fb7818198b8eff02868b8eff463d29a08c2c82b880e122880b182e029980e1229009182e029980e1229009182e3a8e0b182e3a8e
0b182e3a8e0b182e3a8e0b182e83b4c5aef5b1a94e8165da540015405c045001c44500b5aa4e8165d5a9fd71ead4715d0071d1715d0071d1715d0071
d1d15a007151462200715146a2ae2705964d96aa83b600e2aa83b61f40fceb5253893929745c0d51d2180c8c4a266121e44adc4921e44adc4921e4ba
93fe14845c0d4dde08b9ee0a41bd5132f47c10d7b5ee2b7aaefb8a9eebbea2e74ac47a4549aa861eed112bdde891d262d1d495db41d44ac762cdd495
1b19515a9c3475e57642a4b43868eacabde2530acf7d5db9b70b292dd65d5db9972b4a8b655757eebd2e4a8b555757ee6998d2a2bfaedc7b3856728b
febab220675acc2dc89936720b72a655dc829c6907b7206734770b724657b72067b4730b72461fb720673470cbf42b9917e42c9917e42c9917e42c99
17e42c9917e48ccce7829c91f95c9033329f0b7246e67341cec87c2ea666643e17e48ccce7829c91f95c9033329f0b7246e67341ce927941ce927941
ce927941ce927941ce927931354be6053923b35f903332fb053923b35f903332fb053923b35f9033322f076a24b35f903332fb051e23b35f4ccdc8ec
17782c9917782c9917782c9917782c9917782c9917782c9917788ccc6181c7c81c16788ccc613135237358e0313287051e237358e0313287051e2373
58e0313287051e237358e0b1645ee0b1645ee0b1645e4ccd927981c7927981c7927981c7c81c17788ccc7181c7c81c1778fc8f64c1d7c30b72469db8
2067d4890b72469de5ac8ad4890b72469db82067d4890b72963a0b72963a0b72963a0b72e613c405394be605394be6053923735aacd0c89c16e48ccc
6941cec89c16e48ccc6941cec89c16e48ccc6941cec89c16e48ccc6941cec8bc9c17b9655eacd092f97d364d720b7982a5ab902758ba0a7982a5ab82
d980a5ab02d680a5ab02d6085028600d58ba0ab182a5ab102b58ba0ab182a5ab102b58ba2a600d58ba2a608d577db240539f02d680a5ab4cbb60e92a
dc0b96aec2bd60e92a132d58baca440b96ae32d1463d293333b2dc216aa8e10e51430d429d60e92ad40996ae429d454fcacc4c0df294024b57794a81
a5ab02c180a5abd02a58ba0aad6258ae42abe0e82ab40a8eaeca9f098eaeca9f59559fcccc565f9331171cdd145c061cdd8479c1d14d98171cdd144e
061cdd3621674f49c8594fcacc6cb2b45dc8991a769999a98178e402cbed500617de6290f106ca8d58e402ca8d58e402cacda0e20d949b41c51b2837
838937186e07e996bdde425a8ba41ac86604a46e373c54e9e779a676c343d5b9c0435db92190955678a82bf7391d4a0b3cd6957b69a7b4c0635db90f
99505ae0b1aedc4b16a5051eebca7d7882d2028fff1536b37dbda0f8e9d234ba729f17a0b4348dae2c475b69cc73b13bd37ce7829e69b07341cf34d1
b9a0671ae55cd033cd702ee819c5cf053da3fcb9a0673458bd9f907939c97dcbbcd89d25f3829e25f3829e25f3829e25f3829e25f3829e91d92fe819
99fd829e91d92fe819996f74f845c66d39762d99fd829e91d92fe81999fd829e91d92fe81999fd829e25f3829e25f3829e25f3829e25f372964b322f
7667c9bca067640e0b7a46e6b0a067640e0b7a46e6b0a067640e0b7a46e6b0a067640e0b7a46e61b1d7e91710b8b711999c3829e25f3829e25f3829e
25f3829e25f3829e25f3829e25f3829e91392ee819996f74f845c66d39be2c99e3829e91392ee81999e3829e91392ee81999e3829e91392ee81999e3
829e25f3829e25f3e29d2a9917e3b2645ed0b3645ed0b3645ed03332a7053d23735ad03332a7053d23735a203232a7052223f30d01bff0b7a5c5b88c
cc6981c8c8bc1c1d96cc6981c8927981c8927981c8927981c8927981c8927981c89279f14e45e6bc189791392f101999f3029191392f101999f30291
91392f101999f3029191392f101999f3029191392fd68d67916eeb79acd6d6f358adafe7b15a5fcf63b5fe9cc7fa7d29eceb51add6d7a35aadaf47b5
5a5f8f6ab5be1ed56a7d3daad5fa7a54abf5f5a856ebeb51ad769f67507deb51ad36d6a35a6dac47b5da588f6ab5b11ed56a633daad5c67a54abcdf5
a8569beb51ad36d7a35a6dae47b5fab61ed5eadb7a54ab6feb51adbead47b5fab61ed5eadb7a54ab6feb51adbead47b5fab61ed5eadb7a54ab6fcf51
ad4f693d8fd5b7f53c56dfd6f3587d5fcf63f57d3d8fd5f7f53c56dfd7f3587d5fcf63f57d3d8fd58ff53c563fd6f3589dcc3642c69d8c3642c6ddd0
e48d8cbb23e30b43ac93d146c8b81b8abc917127b7b8907177eb99a8eed63351ddad67a2fa173d525adc1274e53624525adc1274e586419416b7045d
b90d64947e4601e8df6d654a8b5b86aedc861f4a8b5b86aedccb16a5c52d43576eab05a5c52d4357eee998d2a2bfaedc6c9cd2a2bfaeacfe605c7922
67a88d6e18f805bcfd5c6032ede017988ce67e81c9e8ba44e391767e81c9e8e317988c067e81c9c87cc3c02fe0ed370cfc02de7ec3c02fe0ed7e81c9
927981c9927981c9927981c9927981c9927981c9927981c9c87cc3c02fe0ed370cfc02de7ec3c02fe0ed6181c9c81c16988ccc6181c9c8bc44bd71ff
da13ea6141d0a81316048d3a4b109c5b9d255082d4590225489d255082d45910b4d45910b4d4591034ea2c816ef409e282a091392e081a99e382a091
f946885f2cdc97a03692f946885f2cdce382a091392e081a99e382a025f382a025f382a025f382a025f382a025f3120d41322fd11090f946885f2cdc
d382a091392d081a99d382a091392d081a99d382a0917909362399d382a091f946885f2cdc6f84181f9997f35d927941d0927941d0927941d0927941
d0927941d0c89c17048dcc7941d0c87c23c42f16ee3742fc62e17e23c42f16ee7941d0c89c17048dcc7941d0c89c17048dcc7941d0927941d0927941
d0927989862099976808927939df259917048dcc6541d0c85c16048dcc6541d0c85c16048dcc6541d0c85c16048dcc65b1703c8bb4602558b80b5682
85fb1de99b5aef48dfbcff8ee60d60928b8040834ca500de2e532980b7cb7d00c0dbe53e00e0ed721f00f076c151006f171cf5aa4fd058f5a143507d
eb51ed2ed701006f97eb0080b7cb9b15c0db658c05f0761963a39e14344616815a006f17a805f00ec14a00ef10ac04f00ec1caa227058dad8621e808
e01d8ac30de01d32950278874ca500dea118dd00dea118dd00dea118dd00de2138fa01bcbf2e4b4348b54a14a16689827a4da228d83cea2946375878
284637587828233d58781c8809161e0762763d29d45c2929ec3e3528740658789027515878902751587838b22b8385c79d2791b790275158789c4ae4
844686226f2c3c4e22099c2aad07cec6b91e381b440d9695789c648f26ecfe38c98e4d20d2a1509064f81e428dd7aaa38135088ae1d41a04c570249d
1a4283fe9af0194e8358c20a9c3ac8537fd72b14181cb1ba88c13508a5e1f4cd3cf93608193b3c19b1396e373c19b189413d3c3a91f77290e75ec15c
8727e37742434fc66f8e0c0e8f3ee48c1c4279a14b26fd82e9348cf755edf7f83b0afc08db1f576e97fe6f4f23c88723cfe220c8872315d750908f72
35c9a8df6142b00fa79ea3601f257d86df776011f4c36dfa053a112a7528e847291f57f84faa87cf90fbc873d57291b2d99c92538ca00cee0c4845fd
b87fc7f3dc51b6735a501140ca2571bb2e92a06b100944e19247bc8f2850e7283c6befe42d440771bb7ead312e591719a332d023a322857c5ac25a2c
f02c692246523e75da5a07785b748a663d38c4ab845f438778dba7f5f57bc506c89f2bd482d3d1d0c1ddbea93ed5c0682048ecd001debea3c3a77da4
ab0ef37e7e3ddaf7aa410fe7588c473e34075dbfdca95f5a65f7dc899f76f9f6ad3beb3d6d9eef790bc9ef67d28fabff29a18e065f4bf935217f6757
8e083b16f591ebf38ceed37f9c6aea94e885993e43c8dc6150c3293ec3e0ac9072d40f9df919fa96ea733afbb3b403e77f1cc1b307fe974eb39ffc2f
3f7dc24609bf901fe6e7eac5b7ef45107f4ca7194bfe98cb88c5eff21eb135af23567e973f462cfe9736627f5fcae49af96330e3a2790fe63ad6c12c
17cdff8fc1dcb675306b13fd3f06331beaf760beb3c3bc07733bd7c1ac0df2d7603e5f83994df37b306bd3fc3f063396ce7b30cbd2b90ee636bf9f1b
c3e43d9865985c0633c6c97b30cb38b90c6621c9ff18cc428e3f063386c97b30cb30f91f434548f3c7600647de8379dc80e28fc12c4cf91f83799475
30dfe7a3de83f93e27f5fb60becf4fbd07f318eb60969bea3298711ab807f3dcd7c18c11f51ecc380ddc8399ed7e0de62923ea7b304f19539f7698db
b10ce6c916be06f394b1f53d98a78caeefc13c31be6a304f0cac8e38f21303ab8b920139499d3041c20e043d37823fb91ac3f98944e8cf4154fe69a8
d8d71042fae41a5eef107828eefebcba653fcf3ba8d3dc090ae5cf3fef189cbb4aa9b578cebdc44c66af6908fb73e7faebef3bcabb7b219ee15e1218
f2f635c7e07d7edf3157836d5e50b1cee843f19fb43e7627fc4d53bc73ff4b533c75ff53d3fc574dcb5f35ad7fd5b4fd55d3fe574dc75f3585dd329e
e7edf9ab9245e6df092c34cda46dc1d6ade428d1bf948667d793f441a2fd4fb933903e72ca95e1d03d98fd59aebffd86c7d38cd296a5dd4a649f2042
fe248d8f32b14ea30f87127a4f19a3ab7e47eac5aed2a4444fc608eda00fd3e883051ab59245a3ff44a1b612b9e4f0a39e322e931b629ef155520a3e
bd25bf4accbb4eb5d757898c1dcc68d393b18358855364806cabd348c0f3a47b3d69529f2772ca04ec1b09527e5d6ea7575e411a1f8e7090b8629220
ef2051d8247fa538c23413e2e1604fd3cc87d73dba8e990e9f27fdebc9c03d9a866c968ed47693541c0eb23dc958e9085532cdfcf73cd95f4f0e4a4c
8d71ae4fa6637d32b9f59de97c3de95f4f86f59d867ae724dfccbc335dd2b9cc8466512b3f25339f3da5fd553a5e256085865b3ed761931944048999
98c92669fd66e61b018566e61bc10627b92d0fb57526b549d6ef183cb0c169b8f450089769b8f450e89769b8d4525c5a69ae4f9af9cbc2395bc9f4f3
1836a699bd0edf74cf718fda0b691e864a9e12b290db722769e22cf05420ca2c706f4d0085c9814868b39026812031b3c0ab1bbdce10ac791b5bc951
a275ed44bbf91d5bc96af060d959c90606969dc2b24e6fa147aae50554ef7bfd756fbceecdf59e3c3975cf40e873ef78dd73af7b2675d4146cc7e42d
aaa7950897a39e6c9e9c1651d84ae575afbe4ad60bfcd4939d7b2a0deed1ba0644af7b4c319d5eae89b1efaf927a015277ff2a8557c9be742549cdec
f464a0e634e86a6747ac5428d127ba8e8ad33f3b3a08349901d442775b091dd4eb0cbe5a10ef4f6930d96a3122114d24fceb1cc7abe45ea5f355fad4
d7d36743dfe94de38f2bf37b0523ea9cdbebcaef53b41c426d00ba4dc8cf06b545167c5566c9fe3ef7edb39999d64afc56515827bf3543cc2296a5b5
5c6ad29139d5547fa8f5314a73ffa4e4967a77594aa97797c5937a77c34a6bbdbb4c42d60daf12b95e6d95777b60a573ba77f2b155f24f47b84ae1e9
0857293e5393db0383bc22b94c15e8b96364909efbed08b25392fb346f9123c8c9efc4b72c57a6dbe5087252bbb8d6899cb72388de296bb7dec9d74d
2ac94ead1a64a7a606f1ad84b6e2396a613929d3c287620bdb20bf4a328f394ac86909d8dca1d8c296f4ec2a89c5664a3207eb7732e45252fce0c15b
143f78f09653ee0f83d2da2f8ef37c952c8e441b6949a37e5d25676fd133ca82856686a594c9ca1d6cbe93c9ea2a9189c932595d253231054a6cb863
fc7407c88a4c5657892c4c7a279bec64b272071bec64b2ba4a6460da91d32be318722a655be42d4159a1a821282b146fd10eed37939523fdb7325939
a5ff269395bbd37f7f33595d5794152a51525628da403bb2df4c568e84e1ca64e5ee84e1816f1395154a6f223357d33d3260edb49f765fc32273ffbf
6f26abab84be1dedd9757d3259b9835d57325939128e2b93d55562b72c3c32b3db4a262ba784e464b2724a484e262b474272a5607424247f4ae95542
d789bcda511df42a765349b3e84848fe94faab444a44afdae7b7f4db14ee8eaccc8da8c746e8e169da1c5e2568853a9c32809eba672a909dd1297339
19189d32977f4bed5542854c73676575a443b0c179e8c3f525b7bd3be692dbfe2a2db9edaf12046be32d73c96dfff17bf83f08082552bc5976c6aba4
e0eebab7e4b637ebdeffeeec8c662afcdf9d9dd16c76264ba4b4e4b6373bddffeeec8c6691b37bd6666e57ed8ed292dbfe2a2db9edafd292dbdeec74
ffbbb3335ea525b7bdd9e6fe77e7b6bf4a4b6efbabb4e4b6bf4a4b6efbabb4e4b677eece84a9d292dbde2c76f6246d762cb9edafd292dbdeb963c96d
7f9596dcf65769c96d7f9596dcf65769c96d6f16bdcfbdae7732983d2d712cb9ed9d734b6efbabb46ba05362e23af99d5b72db5f8525b7fd555a72db
5fa525b7bd59dfbec4da6c6d56423fb710ebaba4e4979ed292dbdeec5bffbb53305ea525b7fdf5ca25b7fd55da6941de9294ba118dd292dbfe2a3db9
ed3fa51f09ecaf2bebc2e5d2ba70b9b42e5c2ead0b974bebc2e5d2ba70b9bc2e5c2eaf0b97cbebc2e5f2ba70b9bc2e5c2eaf0b97cbebc2e5f2ba70b9
b22e5caeac0b97ab3f172e57d785cbd575e172f5e7c2e5eaba70b9ba2e5caefe5cb85c5d172e57d785cbd575e172755db85c5d172e57df0bd7afd3b4
abeb9ae6eabaa6b9fa734d736d5dd3c82f7faf69aefd5cd35c5bd734d7d635cdb5754d23affb77102b57cb814c779e169568e283e61fe7fabbe1d7df
dd7947548aafdf8d75521c73fddddcd6dfcdc526e8c8a52e9ba02397ba6c82eecea5ae6e3b179ba03bb7c5267895169ba03b6dd2bf7a4cba06d5ce95
cfa74ef55ab935ccc8861e3b48f4b4c93f8fa692b9140c26ffd36cd631a7fefcd6dc0a2ecef25c31d7821ee3f78ad9a6c3d5b99e2be6989b47a1648e
b9c35c13aed247ef94f7ed79da8eb4cde378ae98836e58dff86983e0c7f24c3459cfe5994f5ba40030200d7b8e733ef7cd7efc7128f85ea9d6562e3f
57ac3d9ced313852b2874fde6a2b7dda2226739570a4648fe57cf4e0485fade5b9b223e3f37eb30ba79cc373c56cf1d7407dae9cff87cdfab9f2698f
4fb295e78a45c1d8c7f3a50edac32f572c107dc84f4fb0e52ecef8b4a22d79a15b36d1abf4698f7834ddb3b6d8cf21b641ff3a20f071f40eaf3b6df9
8bb52d2d3191e5d1d296417f319ee78aed5bb4f07c0d5b0efdc7d1ca4a76ec714f4f2bd89298faf67c711cb9d98db94ab60f11b6a5d64f9ba4d32fb5
dabec364093c6d790cfb3c5e1a1ac7cbd7ccfebe5a191b8b3c9ff6c9f5e360b63e6763a8a4a7d56dd9cdd70078aed8184ae9f99ec60fe3389f5f1947
0c01087ce2a6e3fc72dffa4d5abeae71c5d4fa530f7cd19fcf1830ae78cef26871e2f01efd4b0bb3cffbb4f46eb3d1fba3fd3fc2ce2c4b769667d653
b2e9b93973a1f3fc8770483d91591bff6bbddf4dad023b31a2550829f81bcb862dd38746c052760653da5fef98652575b6b710e0c70e7fe3d3f06772
7652b3531a337f5f8ccca74b23e43fb7a26010b5a6f2d7f90653f77230fe726c48cd49931a54ad25fe3585c1d594d0ff82c1d5f409e3b7944daff984
df426bd6feea834ab3e659a3fd0bcd4364285d2c7de619946a39875be4de8e1ece5c5b7a7c1867ae51a3a7d9cfdcc73681528f5cf324aa7ba3386a64
a6a3b8b58cf35dc716f19cb9164371c5736824eec568df12d848ccb454eb35ceafd93255e2595f3335ed764f67ae2d57a33f6709b68cbb7709b6a53d
e33e736d39ff44b51f25d8344de32505c77fdd9fb94b5bd959c273f61bb959cbfd59b30c45683afbd84c1465b4d7bb769fca1c671f67c6e57dca6666
8bb83e5e83ffe65afbae77093656db6b01335346cc219fb9366eaffafa9ab56fcbe798341347dcbae1993be8cd76e64eeb37fffa9ab56f2baf9a715f
4b3bbf56746fcb295b61597c5eef9a8a51dc294561897c9760dbeb8c671d8ab6d8733c14c8a69e5709d946543817fec2bd2fcf297161cb4d67eb14c8
a8f239df0a774abdb62333afc43ace196b88a8f4fb55078eaedbeb6bdc31354e890d2995c79d75a83011ccb37d0d39e5dcce763004b51bfd956bea5c
45550f15eadbfcfab6b56bbb5fdfd63d48e5cc65dcbe7adc6c3ba95ea7fc66e329573efbc06c3da5be5ac56c3ef50a676b57d6ddf4aaaf8ddbf07ef7
31f9fdd93376e297e73865b393bf72a57384728fd7f57ed7dab5d5739e71afd77bf671bfd71dceb5947bbeb23f25b693c2dd3a674bda89e156f9cf91
dfd8cfdad9bec6b3bde7fad9be8d75f7b5b2980f5e2ae155aead0bef7966283a4d7fb6baa1e9b461fb91db356ecf5637649d770167ae632d7d95607a
c0d55fb9d6beeeb733fe0fc6eefd03b4ab7a2ec906cc77f79f4bbd81f3d230b60403e77b3b381bcc407a76feec4a03eb65afc867ae2d15ee7abd6b4b
457a753057b9ddafe5d5d07a1e2fa5c1507b9ef7597b43ee7b469f921a822fd19fdbad21f98fe7ccf9ae675a9d121baacf5be13a73ad5d4b3cbb7280
785e8bc36048bfdacc887a36f43b17263be68d5ba53d734d454bed1c9003945c5fef0e725f524ca6f6ebddc5643b87b41d0ba7f5ca9da0a3724e6d5d
3557cf9a4dae2c7ba98066d998652f509f585ecbd1f565679f4d6e8d9967afdba95d8cad1e3d69a77731bd942caea7cbaf85d74ef3b6f6ffaa952d17
759e63d74ef7627bf519d7d7b5bece3a989a365f18d44efde206a167ee833a75ca66a7807b2c9dad68c7d7f17961373bc68e8fb97cec14cbc43c479c
598dd2ed5fbfb431bbb1d8996b10c2a55709d9725f8bbec502a5f8dad02d2628bdc7acf9756ee47c2e608b6091d7bcb173cf8d235f25d89a90dbabad
6c19ceeb6cd785fa9bcebe354b57aa2f85941b99ea6b65d3cd4ce15c81b8a1a9bdd6cf07e6fceb54c11f4e3eefb3172d9e292de7cf77ad7d9f9702cd
b57cebd543463a959ed7c663e453f97ece3633afd4bdc59cb3d40e7d72f0675fd8e14f0eaf56b743a0bc87e4996b6b6ebc8ed52adaa1504ed99db958
945c3b734d3d2ba7d216b991a0f6d7bbb6e6b6bb9eb97623d64be5886679cce379d501289cfd996b6bee9cf3ccb53d6df957b9c0b713a044b34ce667
dd67eeb07534bea460cd3ddb375e5a735f357bc83d5a3d9ad572e7a633d7f6b43b9e259805b3dce5ac0396ccbb9fb29935b36c9df8cc3578f152ed23
5cb631be4ab03d2dce57aee90cf9fea70effa99e44338096e25f029a3a51ead9f41842cbb9d445338696726aded18ca2a5ba7ee65ad357ffcab5a6af
27fa896628ddb967e799b1746382b3e13098ceeb6c0c339aeedc5709869c9f73b388184fd789702306d4d55eb986ecae787693c3c87ebdca35cbc47d
2e80d10caad56e05fe37b7937bb6af1958eb9d5eb299867cbf06b1195977eeab6666f9b9db99eb89f76b67eb98c175e79e7d6146d7fab23e45b167bc
960e33c0d670a2abe85129ea299b19636b3eb7c96806d99ad3b7cd1cb9d6be39eb1d6bd7f25a0e31ca9657ab9851b696f1cab5766de16c5733ccd61e
5e35b276edaf9e31036deda7621a89a3ecaf05ca0cb5b53faf5c6bd719ce72cd685b5fd83006c6edf57ad7b63c975fe5da96974e15349a1137ddaff9
6046dc52d2d93a66c8fdc7aa471f9831b75e27cc8866d4cd65bdcab5756198b7ed4ed979e8b2309f9dc2ed6d2fd733ea6dac0f3f55c36ca1d18cbb1b
a89cbd8c15f70ae72a6296dc8f6d9114aa6e9af3e1fc3d62c975b8ae45b3e2d6d8f55b536dff6c8d486bd6dce45f2b5bc4d16e2be7e3d1b76cfbbae3
b95962d5bdd239f3cdbafb8fa5525f32f52bf6979ca6d63ee55582a9077f564d9540fbe5737460ddcd276a8f5877fd7d8e5bb3ee960fb1f9916b6ba8
9faf12384468afaf11fcf15a59cdbacb5110ae813161191be7d832cb6eadf7eb4b581870628c5874df9bb45974ffb1d2aa3c0ea67e6a35fd9ee699cb
387b5b7455cfe7d7d31c5246acb97f365ecac49a9b39458ff8f02fce07a2596ff7ba778e21b3de523247b4d12cb77b137dbd67eba32fe7b830cb6d71
a7ad3a62b9edf35ce5cd729b433f5b2cebb0f71cb166b9ddb3b2ccf5ad15d6aff24fadfe5b9dc0a01bebab12b67ce6d720ca18c6eedf5950c498eb5f
8b99197337443dcb3463ee2797943fdf51aea1db178e8e058b0c27ddd18cb7299f46c668c6dbd45e9a63c108f6dada0a5bd17ad5affd3f61ed071f80
88e1369ee8379ae1b6a47876509101ec9ca266b8dd1bd7b9fc62b80dfe9c8c66b84d973b0789196ef3bccf12aace545f2518f272af0155395f7d69f0
66c0ddcbed56ed71ab8b35fd9373be9b7f83dfd307186f1fcf24c3687bbd5ac48cb6a99e76865819b27bbb5efe25d3f86d00f8f6c64a9b9e66c95819
9bcf71a014cd685b6bcc47ae196d532a671d08d758b8564533d69667bedeb14be39f47294357f935fd64a47d8d2e33d2eef1718ee1c6e1cd6b236ea8
a0e15582b5679be796839136be308c19699f7a49165b42affc3b818e4dcbe7ab5d4cad7fc6ab8e362eff0e8d78d70cb3e989e7428761f6ef2849ef7e
efce3bdf359f18b9474533c8ee563b9748b3ba6e00f0fae56f2b1a4dbfb6799ef1448f585cafd3de113bbe322f2cdcb5bd9fedd7fb77d6afc4d662d6
d6d2becfadfd9c6773e89cf98fb3bfccba5acb69058d665d8d4133c6acaab1e18e15cd9a5ada69bb8d8383c3d312110796a9f3c838624d7578c847b3
a226df5e35c8ccc073368f9f3af4dd0ecd829ad679641407872ef7ab360629efd768300b6af12f80357498f5fabe8dbdbfc33746ced09a88f239813a
af993541f12f65c22ca739dee7a835cb69795e0ada0cbf3526d0a3584e7d3dd7ed997eefe12810b19a3ee91c536635dded7eae1d66354d3dab260d85
ec5513db5bfe009ade356b69388f3022d65217ceb5c3aca5396ae3372b69e81ed519eb68fdd7d2f5df6a0086d3fa5a54319cce874e599c5fad73d130
c3e93fb9faa56947e33551563a73f5ae0dd37e9ef2460ca77fb97ab7fe0d5ea692194db3c72f37aedf747e84633094fad3581b3194ee3de7cc7d9db3
ea9b7f5a253e9bd18ca4d9f9531f7eee5fdd1ce53da0f0d7d43503e9fe7bca6b06d2b05e96960757a879b62306525f4e999e7fb669647f30de9de79b
f1e1ecfaa5263c5890ce13c768c6d17abdeb3a6c730ce78261c6d1525e1bd4c356731e32c507a3fe89b9d3856fcbe9b494aefbcc75e4da56e3c275be
6b2a507aca996b5b4e3dad0ce962cb3915a374716872b643e23ad7de5f35fb4396d993639ee78b888374a152ee9a4fbcf9931943f7665049d9d89ce5
555b3332bf0eca928ca0f5552fc6e6ce19cc8704a5c0e7820f4bfdc6e488cab176bb4e2c92cce8f9cf69bcdec567e534ae27337afe7346af77f1ab7a
d58ff881651779ed94a93bc5283e768ab99cf630c80f391686958bdeee36ca5e6d0e7357791a299bc7f344d1e95ebf9948585abaf1a53acdf9c92c96
6111b390dcfd6dcbd990c9ac94d19da7dac9ac947b7bef672eeb206ece09ebe44e1d6d8475f279b5bdd3bcad73e2fa9c64990ceefcb585acc59bb672
edb7454595d37f7dddf50b3bc478f995252723fbd9530e4b6fa16fcc02b9159473769905b2b453a1485820731c67ae3b73a99159207303af275c3fef
133425591efbeb2b1c5a9c76be6496c78f93eaf99542ede90b2c8f69b5f39720eaa89a7456937cbe63f35307870917d0e7dcec93591afff116510d18
6faf7119b4be9d5f81b9cdbd24c335f44eaf1238702fe788344b63323a8bffdce693191f7322182399d171a3e3b39303c6f2eb14333024d3ab92181d
ddab0486e6de1084a453601b39317b92c1f144c7098fd271bd72d7994b336384aced9c5091b0e2bd3d7d58bc2d872de43aeb8901f272e7f21631009d
a7420963647f4d25334a6e347e7628847301cffe848be9f57e471efef5cc35e4a210986406c9ad12bcdeb1a1fab984cd52e3b7d4119e92cc08f98f9b
112d6546c8945ecb3346c8cb1dda7c3223647e4e67a96446c83dd5ceda981172f7759a3215a724b2c173fc9801728f80b307126e64cfeb5ddb4ac669
dd481821eb7c95f0b70557e4c700f9de36cc10f98f4f38ad6286c894cfc3a994fedaf462b14db4e9e9fd92cc08995f4e8b09b7d27ce2a68421f22f97
ef9b213296530d4db8956e5dfcccc56df7b404a50c057a7ae57281d03a9709334ec6701e5ea48cdbeeab0dcc38b917ea73bc639c4ce594380b599f23
c38c931fdde1cc45e5795ee5ca8b9c318df5f113df75bc63e7e9e5b41a252c90d929a52d3ccc45ac4e2aee373e343fccf218e36b249ae5f16920e284
dbe8c636e73bb65ef6eb95abf5f23066a7a2c3c573c460796cfef5edc6da76ceb7c29a79aad309b7d1400866822ef073c39aa5165b06f3b0703e7e7a
82a58acaf352852b7e33e7e976aa5829ca2bf7d37e4f8dcc8c8adbedf57a27a24c9c6b9e5918ff7107a4a52abe5ee7a164c2c2e8e32bd7d6c7f81a7f
b8873eeb1c536669cceb7ee5e277f0aed964a5a5e5700b7d5e2b1816c6fb3c6e4966610c8f3f6bd4d8d25feb2a6ea1fec4f1c92c8d1bb19f2b3316c7
185f2510caf09a69581ce3e992991ae3f274464e0dcbedbf3e1affad329831b23e272e4d1823fd6b6b6a3a8ff07b3302ef984172e355b42c3346c6ba
4047eda7a58fc45068689da7e344320364fc104f5acab6a1f8d2a1cdf0185b3a1b118fd0f8d2b7f0089dafedad63b17869bc3d9db9d45346c8d7a0c7
1859cbab0e7627db3a8d91a9e3717b1a2313ee9fefc989fbe7f35288cc30593e9e2d96b2a97f9d883cc9edf3b5910e3c6d4fb7a23474467bca6486ca
3cfc592e864a7f7a6f243354c6797af026192a5fd30683657e6d2f66b0dc4bfc89d270fb5ceef5ae2d05d73c7b11a36538bd0c126e9f573b7b06b7cf
bf5cfad68c961bf3bedac1b6a4995ee52ac2e1940db7cf75fa4824dc3e9fd31727e1f6f99c8e9b697290f36af5c91d81af056dc633172970fdbccf63
bd6446ccadf6bfbe26b7da57b9a646dd2f0b8d193373798d283366d6fe5aac266eb52f1c67c6cc5d83571d6cc9fdb379480a235b09c43727336ad60f
6d95a56c1d582f406216cbfdcdb3e5b05cdea7f361c2e533bdb6dd05449aaf1240eee7515432cb65acafedc82c97515c1269a1329d2e6269c9b8fe2a
0f14fa5a6bcd82b9b7d8572e07b74b6db378e755135b4fd76b0317eb921db4b1a6e2de59f209ae70ef2cdf5f11b8799dfdf6fccec5a7e47de25f0e2a
82592ba33b6dc1e9d11afa2acfc6a23fbddb1216cbbf5cd50fcbaf36ed477bcf9f35e95124c8b96e9a9572ef13e74c362ba55b82ab0ffe6de7b161c6
3a59cf75385f360e9f33562be3baf99c871cd9ac9365c1b491cd2af954ec3919574d7f2a26d9ac91f5397b309b35f29f5c955eac3c184df2c5be6d3c
623b85ebeb099e3241e37f4ef22ac7da6dc47f6af29f2a423683e53f5ef52a864804e34ddda9c72a87612d2bb6fcf411ce66ac7c2a382e63a8ccbf29
825878675efac6cdf08b757e789d2dc710f975066c66b84cef133b65784cffceb2f42e1ca6277ece3256867b2e0e01b2e2ce5f5d0367a93b0df6f906
51ee9ccf35779643bcf5c7b3bfd0455c3b10899bcd37ee414ca14c0c7a3a231fb2192ce3d6c28e9a62b4fcc32ecab52d3b60eeca66ac8c8988f0ecb0
62d86d1b3b656dd5eed7b7acadda70672e2e2c9901ed7e8733c388f0770ec80665309b81d2e7a51a995a33967e6baae13ab7906c46c9b0022d6e46c9
b84e549b3d7e13f53854cafecff0ade9c64562ee355189470f2f693d06b5d351309b61320557ce5cce0a3fae71a8a8d9e386c6596ff6c4ebc7737610
a3fe97cbe836a3644a49a94eafc7f37b1a4b633e46f9b8736c49db40ef7c8f2df5353e8951af30a4e520f728a568b3ada64ff50a46c87e6ef7192364
3d37f68c11b2ab4eb8393ee7a96cc6cd7119fbf74ee1d15f5fa513307c3ab466b3347e7249e15676bf6a6088ef3e8374b35919f36b53cd01c4e7545b
5babfc6b1410bb1e4efb64968be3626646e00864543972160dc0c96649cc09ab46e68a8aa7ab145bee33c4343912d887474a8ee2c03857472c860f6e
6a1917c61acfb98f0be373faefe408c7c1e9979fa35cc5ced964d6c3dc2128ca71fd5405d860b2590cf3386d33d92c86c1e14191b1148ed31f28138c
3e4e97dc8cb5709ec76d39fda91589b6344be15e3acebe354be13fb9b482590af377d548c087f3b0362722184ecc9c71575ca7fb5e4e3a5829736595
39bebbc1e4a83527d6f38f2b9efa34ad5f4e7eb5c483ca70ceeb8cd5f5df35e7bfb7dd8ce6b18e93878cf1508c56d98c8621a83bcd58585c44083c18
3fec77964a4a7d9910b2bc16f38f1a229b51b0b8d7024cacf9fd2d077707082e3246c0701e10e48cbb483f9726330296709a53b3190343744c305c10
e34b4b322360f91ca15bea778e37a4149811b064fffa9527f79c2c66082ce5c4b61983607ed518836082a8249b21f09fc80cfac30c81c6a66229a237
3489cdf057eabb546bb3365ff5b236eb67485356bcf86926cb66082caf509e8c41706f52472e06c1ac05df0c81659de6ac5c6544dd6a167eb59918f1
e7f420cf1523ffab7730063e279340366360bdee539e8ad1ea0c2cca1563ea6b41c118f80c4673c508fdd2d92bc8bfbcbe3dce5c7a4aee86bf5ce60c
ee867fb98cb1fa9cb98cce769db9b469c3b252ce79dadc99cbd79a3f73f95a0b67aebe16cf5c7d2d9db96cb53206fe726933b91ffe7299c158fcfe72
e9f1d6ce5c949bd6cf5c16eb36ce5ce64763894c1f9557b5b2b6f5a70746362b607df9d6e72ed4eae7577de870c39cce52b9ebdcf91ce56609dcd008
093b7e0da7c13877719d9cb3c62c803bf7551e8751672c4aeee5cca5a7cd02b8735f5fb3f66cea09b3fcd597fb72ee44bca4d7576c9cb6d7dcc335b1
dfe7f68a6b62178c20e0fbdbcf58fce6e9ac99071694f348359bc5afbe1849f27845b820af59fcb61272ceb92197badf414c1ea0d8d36d32cb3d31ed
b5e605d706f062af026bfdd87df268ffe492032fc44b991bf0168c97b458034edb57366bdfde4e5e6d00243b0f9133d63e8f252563e5abe7a14d362b
dfd36ea5fc57b9f95c636d39a63ab77fd7ebffdefa274696cf09774768792c7ef0e9f73370139c24097972a62ca38319eeb616cc645e9c0de1aa94cd
c01696367233ac059956b219d4c2c251272f5cd7608ece66400b0b4e846c86b3b0300ee50515c852aa58ea512918ca1f7d012a152d330b57a09b856f
e17e96548a69f28fd79ba62e3c415f3703ed036b6d7e38abc948f4e0e15d594c70bf7bd49a66c40a0f1c57f9815d4bf57ca0d6b9f9ba19a1768aaf3f
50e938953948a94c43b8dc18b95318ec136d863b9ce86ecb056f0012950b6aa7f290825a84b62e6650daa941ca50fd3594c212b2f46622554965522a
138b074b51b950e72e7ddde4bb91b6e0be2652c9724171c55964e1669c3baa4cce22e1de2eba01070ff0828bda3d8f73c0c28d373793b870cbcd8d4a
57b0ea703dc74e6150a48f0b561c075569c17ae368d7c2ad33aeea77586c50188a2c350f92dd446a787d9da90e3568714c71e2240a5617afef616df1
496f7230d2f4265c0d109315ac2c5efd8195c5c35b5eb0aec863a4605509d09b1607bf8524c2a21292bec00d399956c2a2128a7e67fd113452cc9212
83fa034b4a68bc098b5f60c61618fc02f4bc05f6be80c25a3c56a4a1df997c11668aa2ebd7594b0aac7dd1239f5944628454adc0d61799bfc52c213b
75286ec513edc0c976f144e2147d093e148d57b368c48419b8984523265059c1b52a69a460cd48ea47b362c414f4261631b5721053a57e070361d29b
56df44685c314b44fc1c41fff7925d706b4ac0ff823b531afa0022e0255922222c3a3572af275a58310343cc2c8425e2b5e918de1157104735cd8810
b3867084de0376db02ab5d2e7a6622642d22662c8819cee5028b9dd04121be3143a35912ae172cd88518c5826e510cecc7cfccb194d5b37061428169
aec07d5d0cd8ef7ed69bd6d4a5a91493a1c0685b12e485536f424d02916c31e0be53b412f185458b5d8269ebd2f7388376fadd2225197027d3d4ce38
d163ca2cb8ea5448438ba1ecad6322118c6f55fd879b4d43772fb8d7347d9d98bfa61e0339377c548b21e7d830d11658d95ad29bd0a87ceb62323418
988b21e4d8aa5226438321bce01ed3089e29852014226a4be1cc9ccdb8e0162366e642205ec74fb918fa8ddc42b253891475297846636f284506617d
8f384f4cde05d79521d90b6e7e5a2e705d195e5f371986643784ba53d4055795a12f100837b808a3543c73d52b8646e3d0166228344ef5bba1cf9d62
5c1bea8c33e87b85949e5552c8602833ceaa2f74522a7390523da1b8694854a1b621b2b95479bff3ac4165034378c17544da6dc1656441195c08385b
b7de24061af5a234dcb8a29ee15fd094c2af00e36931d415d7e9c55b08fe5a6a3b7c2e1ed063e99c5d6ba12780eb717a3392e24b8696e243b854e904
cd4891e9b89e40945c3a6e7a51a9464aa5587d1fcc8945fe0f68d8a51363add50abf8747a3ddd04e7ce0c32f04607d2e44fa1f4b33b1598f96bcc191
fc5021046b68a1c6c5e1416d2f03d1b5cc0c44d7e238109d80f362a0265d00d742bc9548f58b0198c4bdea3b6536ff4b4bd0503c1fcb1360e5fa917c
d074032ee7afd066dfbf307c95c9d988a6878193c405d53b452080869de18774737940c151e0d62423cae9965e4174d34d784d99f8556aa0199e48f7
60684c02baa7de24924e5b1707fe0ed6f06207fdc969021a0e494e13d070c84e5197c5290e2eef052e2717f526546fea39b89b9c7a00ce26b1901742
8e3c868942a891d7b4829bc9632a28dff0216a4dd89097be05af92788a0b7c4a9ed3bc028f92c7d0513860ffb0d85bca91623a71b0ce3d7c3bc5c9d3
a4d6f023056daa84fd04e9e21ca0074d43789042d4d7e1978233bb3cf04a69f3308c9242d6332810b9c1a6180e49c1ee45dcb5bd48755250a0b2ad55
c26fa25d06be53385ab15d54c32129069542f476520ac6ef7293caa42229b8b2183dd570488ae8e7d57048fa4454598a93314e6f2a61342928653224
6650e5a439a12f5718ccd3e9105639694ecca07a1342044aa8b098274e742aa12f19035cbd1589ee49e1d0e095325972502995944a315932a7a6f5c6
0739ab865c06cffcad84b764c239ea0d8fd7432bdff819e3755d3921ce93670e8203b59d138d2a5f77e2e1e37b8643522156b11a0ed929e48369bc80
97abe1905418df1586f1d2f4a6c950544f18c6a5a855c7e9e4445ac7a9246e2bd5c198fd5933ff7389ae1cde162673e5d0b662e8a81cd656750387b4
15e0510d86ec14c272305b81e09583d99af43b9847d510447e54ee7ca91cb056e052e560b5e22b5221f456b8700d50a2e1365e39286d2c799503d2c6
4e5939206dd0e7570e461bf0b37230da827e674ddd58e4aa1d72ee141241c6ddf0f9a88631768a41001177abd42c523316960a6776e3aaaa1aa99906
397cd91d585fc5978dde546158e96add488c260b758d84bdaa9e5134e20c02052d109556614fe95d5fb05af7a57a5aadfba3940d90c192570d712491
1054431c3b455d122c1e389854431c697041514d90cf69c2117420c794aa60032d418638362c538aa368748d9a3882d6b026a060803f2a810443831c
2693b1f4263260d8a80402c8aa5e612211b963355491a6c67586d7dce9195eab1abb7676b7537a8663359b5435c491a6dada10479ac0f96a88234db6
c89ab92660a82e26c3940c72d447b9a986389258462a7ccf2baa9e905f0e6a668863a728135ee70582abf039cbe0570d7124ae95dd295d17a114ee03
e0b20ae5c7a37e87eae3897ab390d21720fec39fb8daf95a7ab2be67f23d857e2fc476153d33f99eaadfe1008e5e5f0d8da407b7a46a88233d389554
28379ea967c830a90b1cc9cf739c1c54431ef942bda895e020cf0833e4915f1e6bd510c8de73a88da18c7c25a52629fddedc18748f543594912f6db5
f017ebb2bf6a2823ebb2938ab3b9ee3daa8632768a32e11cbeafff155b5661b8b881fcd58e96b2ae44aa0dc22540546d38a3fdd802f40b796f286562
ea50b9dad151d62558d5004cbe4f92f76a002673f1a9af0660b2aecda9388ddf1ada7644949dbe6b4743d9718d553570939d5329d6148ea8fa0a07b0
03ea560337d9457da191a2d13a376e6870753c50b47d1880c90e37d60a5fafd3e4c161db49e3c2f95a575c554322d9ab45e1d8f568cc75e03ca86160
4824737ff94e593dbdb68881d3a486c1c0ef45db9c61872ceb6535ec903d776ad40911b3060c9c0b1e7b6e9dd40c6b799dd44c9ac8a4665a46263503
92d749cdb41ce0861ca45f4e6890b44c4ed838b5094d5838d52ef020046937860f72d0f4327c9003271ad5f0410ed24b71f40d5803abe1832c9b6b35
7c908316b845cdb4f4e2d02b7b6c857e40f6d86ae7143964fd8e5a63daaa900684aad44d0a191e6aad8de6a1d64d6f526beeadac0fb56efa1db5568f
3dd45a3d862badecb81517da20ad16d7d9a0650b06d4a0650be6d31894b2b68e9a87309d7eb577319c2251c3e53532ae1b2ca5712945340b9a6bc3d5
355dfa5d22d548e12e7debcd466a91b27a260c4fed22b899edbf11349f980f0ddf53597a9b21829cd81edb0d032b68a81922c8b2ed36430239d17fed
c67f0bb4d76eea39544a263548595b0b25b45b2edf4a990cd9ab944e2a91321972d49b56cf8c0ada4ca3cf99cdab71e75066de3627e27eda8cbb86cc
48fb9f4b74e30a22c182e670416332360302b9e045d0b876a8385505af7fafdfc11ea88627c6bce0a3df1cdc0540dbc6154265e819017c6a323b74c8
b2ed363b74c845c3c534fa5c007bcd34fa5c00a58d38f0c212d988ffae2c8acd34fa9d3abc579ac755ceeb178d14cdaaeb7fd0b49b69f6b916bdc9d5
351ca034aef2a94cd81620eced4a3952fc8e2b7c64296e816b9fa65210f2e2edd14cebcf0d78df021451687f2d1080a9a16f870eb969e8e3fed8bc7e
6732082d34dc1d1b50b305ae2d8afa9dc9d74e86c3869ba36ccb0df7c686a35bc3bdb1b11435dc1b1b4b51c3bd51d6e4860b63e3a0a8e1c2d8b11f36
c309b9e306dc705dec4ecf4c96ae1ec455b1073d1ba46803b92626d585eba9b00a37dc12bb64208059043c4d81cbe0a0861b62e7bec9a66065407433
9cb0539489cba178351aae86e3d2ef4cbe81b2d370311c58931bae854312e1523834e10d27e411f56c90d2f74cbe915417dce7e1286cb80c0ece6f1a
ae8283edb7e1073858e89be1843c2451460649949181738ac67d3263219f69ff7982a25b26e6e4d69b56b3e9f48c5813d4a04658ee440d6a855b3224
5181bc4ea3af701b11e684c62d2e13d7e35674bd021215a8a855b3028b0d88b071f3cad4565270d8e428b015857ceacd418a79611a7e5eea31d3f0f3
d238330d7faf9f8c97caa55d6a7908f816fc2e8d1b53e4f8d04cfbcf4b238b50d8a515c2b4ffbdb832e6d1fa9ff0bf6cd1adea62191509a3f6f70330
69aba301028f165080c033f50cca51ac7a0d20f068776a0a4da11b9ae22928c58040b9d4808dcb73346d8932bd9c5244ed6ac873d9c8e55526a1795e
df23d449d3964b452eedb08d685cec4dad414ca2cd038e3a5dbbdb080dd575b6ade3e48af5b175c2bbb0dfb60ea988ea4258a79047239c53577e366e
efb8d1661ae19b37f6ad0687dc2d6d86db3a74a567eb70a06908c217e7b4a41396e99cca14390803abeb6219ca240c5356eec6ad1b4e1a0bfc708eb3
e936b89087d3ef3670e26d4ae1c48b5edeb84dc3753d13eda8be80f3eea367269ff0431b72daa5d63850790e229bb8dd3451e174f39a0070b9797059
33fcb053f483e187e239ca6df0b179dc479b6184cf3574a44c86a0516718a104f5185e4c01d34d338c50a4fd36c30825682987672d10d3d2268ec7d8
929be18712a4f84c391a2383e1871239a06d130763f5d1c2b118e3425bdc8c82274e33a451a25a9e10c3a8d908295a04f135c8d01287788d50c2c4c9
4733a45152d433eebac424d90c699404aa6b840c7e3555431a2569315d7092aa57ec94a224ad1a8bcbe5d42b863b4ad2ec7fb84c4f2df1e010ad0dcf
70479175bb3d38404b2f37dc51b29413c31d253b7d01467baf67268348c01b2463b9e84d9321579569f5cca09746085e06b1773b8928990da1db4944
911b4237dc5114a6d809b12ba71367bfe4d4add2222995c665769f55ee3f97e67ee1dfcd1159bf60e18e2a12bf6e9c9ffa05971a369a7ec1c24f0774
2e3e28a8ee9d4b0c0aba62e7f282c2196ce7d282c2715de702822a11b836a0a24375ee04a8e8e79dbb002a1dd0b903a06695625faf582dbb38ffd5c8
e2fa67d3e8e2f867d7ed70fb37f4b92e4e7fa66f87cb5f56ee0e877f033974b162a1c175b16265fd8edbc2c01fdd1047e9b79e997cddeb7b5ce81af5
269ef080e50e9b55affa02e49241bf3319867e077b9598daba218eddf07ac64d7ee849ddce178abc333b2c558383d2eee1096019ed1e0a251ce23a17
938ac5abc342a500966e28a428d8af1b0af95ccc40cae413db76b7b38732d9f8ba9d3d943994c2b37fe8eb78f4839aba21949de27b014f7ef49d6e08
65c32bea19884355cdb8607465bdc9bd0a2c2c1d8aa8c502df0da194c5d6d3e1a15fe8ffdd104a591c637643283ba59a997c8b0db343fbf47018de0d
a114790cf4005ba06437f4519e330caf7303e88375bd474522f0253bc928cfa3dfe3218f83618f78c66328ea118ff8a0dfc9139e3e8e78c0ab3fc40b
cf32d5e183bf2a2da920aaa62f1041d05526910368e25db779a27b77dde2a9b19fb8c3412d92608dd43ac36d9d32a4766894a4dc74f8db6faf324dbe
9b23c70e5dd2cd395187ab5df7b9776edfbcb53e25eeb640bde8893b2d349fb86553c7fb3d890205693324ada0909e91812db6676400b377a88b6e30
7be7264ca7b504aa22c7e6d1e14f7758fabb21946ae6d7ff5e9aed90a3ca7fa0672e17d522003b9174a99ea1f34faaa689e7860432f11c3a74372853
e523d00dca54af45cea0cc4ee94d13cf6b31b6838ceaf5f502bf2cfb7b2fd0c39f0efd1d06218ff76f8739c8277dd764f11a6e858b67bbde3459a461
75833bf57301bba52629bd49a0c5522d4c4e8f0ed02b72a20374833b559a5937b85303da5037b853c5d1db09f651447137b8536507ed04f704007827
a8276252e804f3444d71c33b354a0682785e8ceb9d201e59163bc13bb1abbed0204cc9023ff3ad67266702a8768273122e46bde96261ca2418471e00
9d209ca43a117c93b429b73f7a034d5e026e12d6d34ea04d5afaadc99ab489125893b51c1150932fbd6932660eb53a0134193db073b9a2ae2be804cd
646d6304cb640ea77ae7fa082d4704bdc827a013f492554f825d64fceb04b9944ba564527a13d2ce5b29b8f331057482580aa7259d209622c5838094
12f5757164b358108852309f7502518a463501280594db093c9109b10f05ee30e686827098cb43c137f4fd20e826ea7b8d94cab47a565c713bd42e15
0faf6e18a636f5113cd40d9cd9ed0ca4361070b73390da34ebe1916edac60cc3d4c6b951370c53dbef588ffa1a96a93ad6ef50a8346d9150a7743065
9f5c71a3ad1c1a94aefe5f5c53837dbe437fd27187eb86496ad78ab060301c7a66f595e1ab1b26a97d299549d1ab86496ad7526e9864a7e82bc3243b
459b1b26a96630fbefe57ac130a1a683c964381569dd217b5937a7aa3a3485ed08a50e6c4ddda04c959768876b5916b26e5066a7f8824199aa40836e
5066abc04a25527ad3449fdf320b291ad7a04c9d1cab7583323bc5608727f9abcfc13c3235c0ec08a5cea1326112523718cca93a731f308c8837655c
c467d10de3e2e62126ecb888c7623b1a066f766a9232f956d39b89542195490d5226dfa2db078c218aa21a17a1e4785e0c98421e20ec8021441adc80
fee3011a0e3b7aa93ab91f866fea831e3f6e187cb05b0fc337f5a16f871dbdec1412d9d14b7da27e479c19670ce326be2ceb7730a464fd8e98328ea4
067cc33ac71f378c282c8ee316b9e6610b1f86967cb854da8f08725c2a032f7ea7f2bf9eb4a43eb2ba85d63870c8ba4e8afff1e518b6eb2fc8317f82
ee5eefe157c072300c45a58517fee0dce646ef1e9cdb38d7bf117183b39b766acdc3c1f27486590c87a92ebf7231d99db7c90d50d8b3b5c0df97d00e
4f5a9241e0c9444b1c4e57c9bcca22308be3f94100cac546350840b9d024070128f7d09b046d600e1a787e35f0ddc0f3ebfb053cbfe65429e633b298
f303cfaff5fd1eec424ba57034ea548a995c23dbd6f09c75453d33e49209e1199e70ff0f2d07d870781da7336a0d9d998dc5525c9103b61f86ce42c0
04350c9df985d7fc08e13b62e638c748601ea0080d436aa12f7d8d79d055a2c5a0afa9128d47ba83d007378429f06d18520b31eb4d0bb4bbaaeaacf8
dd3c5fdc66c3505bd001ebb0f3a4707f36afffdc0646843542c51bd80b09703922b70501c8862e070b7b35445f1a06df1ef9260e836f4fc1b0300c86
f9eb52b98b1443c66098bf389b1d06c39cd0c030a8e51c9ace30a8e564ad1d06b5dcad320d6aed52f89e412d7f55a58afd8e238961506ba7e8683bd4
718ead6e189c72f2811e99ef493e83453b45931a8671373ae8300cb353d4cc308c9337cbb0a31a276bf42848a4e5aaf0057c3647d11728d390891328
1b86489c62ea4641a2a8373bad840c85af034147e1ebda880ad272503c0c59ec3229c5908513621b957a6af1afd413203b0c3db85b8b78a52eb77e67
ad7b7fbf402b815d46a595503286a106b7d01587a907fe0a7df71a72988ab073e65f4e24e7f9cba1d7e3fd9743cf47ffcd9981d1d6fa5f0e23aefd4a
9e36ee77cef39763cbc1d5efbf1c47ce5fc9913af7bf926194b9f682f1cba1cebbdfbf3936c23750cd7f39b099b83127e712536c269f1cd0dc6464de
4a19d077f28f9f36322ff9524d03ec3ba56799145f3254be538354b5141be9b4117db9efefba3d63144d1bd1d71d55ca24b5482d4b2595f2580aed77
1a62dfa94eeae67bc86088fd73db1829cff728d3e6c52553c9b47971c9236b16e40339cc827c4965221f6bd034a4bebf800c86d42f4550cc827c6c54
b3201f336f16e4f39201f958ad66413e368659914ffd50251f32d87cba6ee6d3acc887523babe4bb48d17f51a5205fd633c947cd2af2691454f5dfff
5ad6674574f49b5911fd5255243a8d54111dcd7156894e535744e750683644c75a371ba2b340cc86e8516f223ab0733644cf7a86e868f7d380fbee30
bd89e897ca44746c70b321bad3d7259f52ea5abd897c4929e4bbf405e463719c0df988a99b1df9bc52c8c7b9f9ecc8979432f99c2432507f393c5666
67e8824966473ed5c540fd4ee959e14d6ad619ba6cb6b3333501a6d340fd7e9336b3c3ce0f973da9c9ef182e06f82f87ee3d0df0ef37a99901fefd75
7e67807f7f819e1e4c4d8c4573205fd59b928f5a0fe4635b9a03f9347407f2153da3ff58fce7403e34f339908f0d650ee4c39d6f0ee4e3ac660efa6f
a866c807fa9c03f9402873221fe6a439910fb5624efa0f35674ee403cbcc29f9e887897c9a9a13f934b226f269199cf49fa6f4443e8e06e7443ef4c7
39259f6a867c6ce573aaff68eb897c5adc26f28196e6423ec2c7e752fff1e6a2ffaa9e697cf2f5857cf8b44c333a5c0a9d9f0bf930edcc857c7880cc
857c536fda367f61789c6674b8bcd689879aadcf3d0ed4e7a176ebc3bc40bb9a6de0f29a6bb6f9ef145fb28dff52b8d77ca8a1e6bde1fffd8cf631fc
bf7fa737a985532d68658c6bd3f0ff7e469b1bfedfa5d05786ff774a5f7848d99beba22ea887cbb0faae8b52283e44032cee197218a09761f50f04fc
1f4bf3bae8f0a422e9f0ac8f6bc2da445837cd8acd76dd34299eaceba6c339075fb7266c2545877338b76e0674d59b7478572974383071dd7438a7e9
eb664063b95ab7345c6a7d4bc7d43369d4d645cba163327d9743c7e4286339744c5cd996416aa7c8ca6590bae9ec7919a4be7c57299f7a3631e22d83
d15fad7239ae7b0a2a13fd33aa141678f4a4e559e0d177966781474f5a9e05023d69793630f4a4e5d9c01882cb6befd6efa49b209fd7deaddf4937a1
573c1b188bf1f26c606846cb4bf75229d2bdf4a6742f5ac94bf7d2efa47b519720dd0b19823630ea12900f7d6705e95ed42c201fface0ac877a914e4
43df59411b34f50cc887beb302f2a1efac807c2c8e2b68835629c897f50cf9926a867ceabf20dd8b2f446dd0481ba57bf1bd28f9e8a3887c28352b4a
3e5a30229fc66e443e949a15910fa56645e95e7a13f9a2ca946ea967c897544f29582a450a16ed1991cfe97bc8a7a527211f9bcd4ac89794927c7c3d
493ea44dc8c7d2ba12f279a5343ef5a6c6a752768d9730fa4a42ec8c8204867af47521765a30839db4a20cf0d71f8e5bb6f1ff8be3966dfeffe2b865
0ac0bf386e9912f02f8e7b1cf8eb0fc73d0efcf587e31e07fefac3718f037ffde1b8c78119fb3f2553e7fe4fc9d4f98be3fe73097fb805ec1f88f7d8
12f12fc47b3cb7c2fd41bc275cffef84780f16a80bd3fd1310975de9c102a5267f0270dce97706c7137ae463d3d029bcf6b1a9e66ad7efc63f4be513
e86296dfc7a69abb80f18fe0ef5f373e82bf7fddf808fefe75e323f8fbd78d8fe0ef3fddc8554cff7663ccef6e8ce5dd8db1bebb31b67737c6feeec6
388e6efce4cc775f31053d1ae56350dce94efbc7a0f4d18f18572e96e6c780e2f3a0053d1857e49ef51850fc42f4c780a20b1cd23d185e3c3e230fa0
4e74010f06948b65e6c1807261257d1a861ea6fdd3d88471f87c1a9b30069ba7b109b3743d0db3168bea6313d2c9efe1d144d32818e3df51601aee21
ffbadee362ddef71b1dc7b5c2cff1e172bbcc7c58aef71b1d27b5cacfc1e17abbcc7c5aaef71b1da7b5cacfe1e176bbcc7c5f37f647fd65bf6e73965
0fd7759db2ef9cfb943d5c973b650fd7e54fd9774e3865df39f1943d5c573a65df39f9947de79453f69d534fd9774e3b650f972989ffc8be73c6df3a
b25336d6a29d7eecd4ab5d76ceff6917f77fdac5fd9f7671ffa75ddcff6917f77fdac5fd9f7671ffa75ddcff6917f77fdac5fd9f7671ffa75dfcff69
977f56715bd777ce7daeeb3b67bc7f25e3f93fbf8ae1fdab8831d810eb4ec9c8ba488135fcff7090dc2fcafeeaf999968f424a3a7cb754424f775490
d06dece03b95ff969d9d92359d6a9a9e203bf84eadfff7b383ef14cbce8508d82c9dea92b16e3b3de30b8d32b3be409959f6fa4c0a60658075a79028
ea4d16bd1b19325f373d3d5c85afdf4a21ade77bb2c2274a91153e504f59e183decc7fcbea4ed1ba1569bf5678fd8eadf6fb055ae962fab051b00d87
8b8d02c4122eacf0b70601567836919d92f5966927ebdfd43334d089ec32f1197e09d7d7c4473d31f1b9efefd040d54a32f1454a91892f32e864e24b
9422135f664cc8c497194b32f1698460e2c3ce1b2e4c7c609b9d42038d7a06e21cb48b4c7c913693892fa94ce4cbaa272694890c32f1656497892faa
d64210f4f4d7c4870c32f15db4ae4c7c17a57469d8b459977cc88089efd678e94210c8d0251f7ddb8520548a10a09e493ed54c080969bbfa4f5f9075
1ad9bb4cb4fa9ee4a32586acd3c837241fed89890fdcb353b24ed34a98f86e8df22184ab3785205426f2653d43be443d65e29b7a5308576522df4deb
62e203057d2e8afa7f3f14b453ea3fbd897c891426be5beb1226be5b335c263e470b4e215ca5647dd79b32412b25132612c9c457189f32f165fafd6b
e2535d30f17d94f0ff5e9265fdd3c491f5afd02cb2fe4586a0ac7f99e694f52f534d59ff0ac345d6bfca5092f54f9351d63f8927eb9f26d592755aa5
207ad59b121d6165fdd3b2bb105d4377c9baa96774ad16b725eb2d0dbf904f0be69275136917f2555a021b2276de9d92759396c076889d77a790af50
e623eb2635c376889d77a7647dd717241ffdf0c87aab67c8a741f7c8fa4e4bc8aea8298d5d113b6fb81e596f999a8fe453cd649d3689ee4bfd3749c9
3a1d49215fd39bc86776de705fea3fbd29639e9e69e836523a5dc8a4b09b26bd29635e21857c66e70df725bba9de14de794861376509b96566fcd979
770eb5fbd979770ed65ba7e798f11c5fc2dc889d37dc981bb1f386dbbc7e64e70df72debaddea4164eb5a095cdcebb53586f594a6ed33a65e7dda99b
145f7058a0bddea42ea83fb7c3927c2bc5c6eef882436dbaf9ba0375a117df5e672afc0e9322c6dc9dd2ac4ca46493a707bcce1ca82726458cb93ba5
5989ec981431e6ee14a3b6ea4d7ab5ab147ab5338a302962ccdd2946edd09b52d3a87590a244ff07a985f483ec0eccd13ba02855da25a02835cac426
813137dc6693903177a7b0da7795f2a9a78cb93bf58f8b40b8c33f2e023b8512a5b12f131fcad02d131f4acd2d131fcad02d13df4719facfa5f996f5
0f3de996f54f43f06bfd5391d24d105dd6bfa4df4937a1c364fd6331be65fdbb2482742f9522dd8b37bfd63f1af06bfde377b2fe69a2cbfa87be73cb
fa87be73cbfa87be73cbfaa70927eb1fface9d90ef5229c887be7327edddd433211fface9d900f7de74eb24ed361497bb74a91759a6719f9d077ee2c
eb34f265e95e7c216bef46da2cdd8befc9f3017de796e703face2dcf072d56f27cd0b096e703face8de783f49d5b9e0f516fcafaae32a55bea99acef
aaa7742f4a91e7839633793e6859c2f3411ace2dcf87a837912f2925f9f8ba3c1fd0706e793e686995e783574ae3536f6a7c2a0573bba42d30b76b9c
1598dbb5801598dbbf7581115da3000ad84b23040ad82bd02e50c05e0f7d0b05ec35e9772860bfa30e0ad86f4f4301fb95a1ea2e38a5604467d3bf0d
fbf8a005050ad87b506b2860efa5af1b55a9fbfece1c21bf5b1d14b04e4b0814b030fd841b0ad8ef76d4c4304e3d756b308ad2cd6dc1e1e67b867d62
d0c2073d2c3e733b0503b76607f4b030b7849b5b80894fdd2918b8076d0d756cf2aa99c997b4ec729d2f91113b254a6bd5d3e4cb19d9a193cd5a2774
794708f3b929174ad93ca839d7f7e6c518edd0456b85836eb6a03add5d371fc40935c2ce81321a9bc00de56c59484d4c77d2488172d6e83dfe7b6986
8db65615694d500762c246db6ea5606296de031b6d5313c046dbd0156fd868db504a7ec0698e4e27403bdbb352b031a34bded0ce0e753ab4b35b7cf9
e1ee9cf46d94d555be35c3d0a26d50290eedf10695e2d03e3eb8a2afe94b9d947e0763b326d3d095851fff4f7d0556632d88dc8f31b538732fc6d480
e35e8cd9f81db7decea6374dd63918180697e2d26637613c7ee87c6eb57d24f5846257dbcd845dd82107b7d73eda4ea7d885f575d885d5d290d45e92
01925a280f3e776990624241527b69c180a4f692b490d45e9aa490d45e18a66e486ab180ef94f92cdf0e6921a925866ea720e1ed480b49ad73c80749
ad934a0049ad90c06d98287d97166e91f59a7a22b095ce0c816d90ba00816dd09884c036a8b721b08dd28221b08d920f02dba44d1202dba47a42609b
241f04b6493a3104b6c9d34710d8266d0d0ff7be8431a7ea03516d126a792079ed2a57b7b82a6572a4a5922046a5671c24b69971e820b1cdcc2b0789
6d46c37490d8660bb5db299323db21647090d816364307896d692a055651345a07896db52b0782bb746de8fc4ae520b2ad76c6121c44b635e9995847
2329584759229d396b58a496a5cce6dd59931c24b71514e420b9ad0fa5dcee5b034e8e8283e0b6b1c0bbfbe75ffe2495063329b8d94172db54274351
1e169c9d82fff35649f07f82b7dc2dfe4f7a0192dbde5443f83fd97e1c24b7842205778bff535f803bf3a3c2fee792ed08b718c01f07ffed50c71262
31d86b1da11563d09084564ccff0801b77a2b33ab871a79a0d6edc195526b49a6a24b87127cba6831b774e7d4fb49a080b372e77ec040737ae163b07
37eeeaaa8b68354971cb29e1383b65f23de8890e725c386382831cf7c16ee40891780a9d4288c4d3540ab49a5dcfa0d5c41eea089178d0721ce4b8cf
a3df71fb66d0172c44020e979d829e9285de79e8299752f036b23438c223b83d2638e8b56ea7147c8d68c50e7aad1b538a835eeb2e7c0f7aadbb50eb
a0d0186a0dbdd6ad8907bd16fce3c12924427d0bbd96d3d40fba526aaff88f6a603212e11b1c145b1ecdca41b1e5312c39dd248a39c5e9065149ac9b
43036f42ad15c0240e6a2d38ba838b6200d49b6200a4b7b939340ca56000d47481762bded49383ed27eb0b26a3b43c07ed56baf40c663dd08483762b
695182762b690185762b55d513663d8d7b68b792962868b792be07ed56624b74d06ea5a5374dbea4b686762b6b3985760bde919d321972d63398f530
6438a8b5b26624d45a79e9996ee7dc5a46517da0a603573ae8b50a1aa5835eab60da70f9fefe169adee00c31e6a2e52b43f776e96de8ded0e41df45b
55a31afaad8af2e4a0dfaa1a0d19ea3a366697a1acc364e672fbd680a0b7e020ebaa6a4dc8baead457acbfea62cc41d65597ea0ad59be64e412bff5c
3ca339026157539f41d8d51e7e0b615747097505aa34a76726e787c7e27f2cd3f07c75f41607cfd7b8100a9e2fd89d832bbaed2dcfd9f41c26354d11
b8be861a0cae2f69b80eaeafa1a100d7d7d0a207d7d79834015c5fdfe5bf8aaf8cce83eb6b16ea03d7d7d49484eb6b623176707d7131f84ec1f55599
8430fc3eda0caa88b2f4751165e94da2eeb4e45688b234802b44598fea62916750e50667e0b108703b038fe5464f720da22c9509d9d7ad9dd6c063e0
9280e020fb72df322192d2766ae0d1aeb85e5a6820fc929dd841eae5b44041ea252ba583d4cba9bd21f5721a52907a794d9d0e61147aa43380b853bc
09e19747e374107e796978107e710dc34e991cbee999c9e1a54341f8c5550b3b6532f8a51464521a8b107e050c070ec2af10550a645259b5864c8a73
1307e157d00483f02b009e1d845f419b931060ec53164707e957e48cde41fa15b53d42fa15b1423b48bfa2166848bfa2164548bfa2367c48bfa2b623
48bf2248cb41fa15b53440fa15d5bf107b25a91b037fb28d04b94d2738c8bd12c8c84d48a5bc52904a610471107f256d7386ee82708483f82b497580
f82b7595023196f46f88bfb2b6794377212e2486f8ab68c380f8aba8e6107f152d6853dbc09cab480e388fd4e6907f55a97f907f55f50ee45f556b0a
e45f5ca3be53701e693c42fe05e76670907f352967907f35490cf9579bfa029c47da1020ffea52f120ff82ed72a7e043522b42fe35843820ff1a5296
20ff9a8d5e5df0057dc6ff7f2fd30f54425a281e510931c4e10c5b406b0767d8c2e2ec1ec0c406bb2bebb776936291be0b6fd87ae82a78c31e0d7178
c31e4d7878c304d9ddd3bee53e43cf094606f2b9074aa1a592a0e1913643c0fdf52d171a1e16674fc0fd8505cb13707f5928ec4e59d0f935f4265442
7663e24e41b58399c013540f1b61f004cedf4e6f42a7e3f52601d345dfb37adee83d9ec0794f377a82e33d10d3131cef2765121c0f53f64ec1c3e2f5
263c2cc69eb753f0b0243db37ac24e1d3cc1f1dca9b753f0b0547d413c2c8394f85790ef867f8545c4dfe25fb9482d52fa9e050257f4286f086d3fe3
7b0efe1560a577f0afa8751dbc25416fc25b52f526bc254dcf4cbecc92ea0da1d50c62f286d06a464ff60eee15b661efe02de1e8db3b784b163d4d50
7b05e779c765bbd88c3dc1ecedfb05b84200e1dec315c252e33d5c219864bc8797036ddb7b7839189fde105a18e8ecdec3cbc168f51e5e8ea832e1e5
482a135e0e1632efe1e5e030d87b7839aa7e67f2f56fcde016c120e43ddc228fea02f90633dd07116cf066804423e819241a1c30fb008986be4ef0f9
acd43340a2c1f19f0f90686864117c3ebb5244a6a6bdf054bd0d91867ac690565d975256d725190d69d5c542e72344139ae551c6d66b6bff8c86c86d
b6ea8fc86db6977e6bfdc1956bc11bda0acbe9778914df34b4152091dda9f2fb4ad36fb9d11614eb7121964ae163ff7b9b1e34d41556d297ec6c64d5
ff7133ce7ed1ec42d0dfef944db9a5064d5ce8ab019ab8d01750e1134d004cf08926e00cd3279a400b53a209b027790364e1d16267c77a819bda76aa
580a7dd61b58db291acbc05a7834add24ffc75ab761cffe063e213fc10e8513e73712f70d11b200b0f67cddec0587886def4a490cac05878a6de347f
cac07193cfc8f1e899d9922fd5855b1a2f409ce79646993b3cb7345e516f9a2df9d202cb2d8d97166d6e6984532e786e62bcb48c7113e30570f6c57d
5be3c154e0b98df1c214e4b971f102a4796e5cfc6e4cdcb82864e0859a3e2515fd96fa6af2975fbb0b4a7a6e6594adda732be3b5f48cb1c539882fcf
efb7d8e33dc772b796aeaa6976cfa1ed87a339e1145ffdf7393790ef1c8ee7d09dbd8ee7b439ea780e67286f286a2f10f4888ee730ef796e68bcd5ea
3a9e039cfb0a9f8bdaaa8e5f0db430734477abf57444a7a9af233a8df4767d7f6b2cce9f1ceb4379c7788ee9e4c5e339a693bb96e798cea112798ee9
e443e439a6936f9517d2fa28ae5ae638aa9317846ff5f71c2ce439ae735a449a8e1cf54c478ef4667b7ebfe584c173cba37bf81247721e6cea3992f3
d8a97df7dfdfc27fb473c22f073dd47313a44f2acde4f2a012cfb19c572db909d277a57e322d290e9cbf71d9c84ed91cf3da40faf8befddcfaaef593
07617a43597ba1a624ae76e4c291e03963e31a919de22815d4ee0d61eddf314f38630bdaecb8da51a63acfd95a50df72b61634af395be3ea8ee0395b
9319cf73b616daff72daf31cbb05893fb8c7593a0e476e414bba8059f8041253018eddc2a2721cbb05e9551cbb052deb1cbb050d7d8ed6a22626476b
d1ab144e8b837e67a7e1514271b416b5071af8dacf6852035f5130d50b7c7dfed1f262e02b4680bb37f015a3268281af187136f3847d442df206be62
d4b2befcb7dca54e58e1978351c41b088b1193845fc82acd70212ba7f47e21aba6cce2647caa14dbc1a336490361312ed562fc7d13790d88ede7fa8a
c99a34d8d6afdfe40be10d71c5a4496f882b0a7e7b435c5187681eee92a8216d886b3fa38686b67683ebcd444a659a9c49baa4a1ad98b43473a77d52
6b19dadaca03adc99df649db1877da27cc0b9e3bed650df6dc699fd4fbdc699fd8a60377da737b4a08dc699fc072813bed13e82670a7bd0ef3c2a5a3
ed3017a69970e55f4e5469264b46470bdf23b7fd1c541ab8a73e077d6dfe3d0fe4e0b990f4453c17305106c35a31aba4ef61d9fe2d671ae18ebf1cd0
72e0767a181977ca5a36d326811be8f3f7cdfefb2d06b1705353c662b87f35851e77e7ac5f4ed0f7a92da82a70533d17bc8440d04b62330edc549fd1
f40337d567cec40237d567d5829bea0bf83270533dfc8f2170537de1242470537dc16012dcafe5b93d77e798bc25e879278574dc565f924a32390a87
bd01d2af82b12540fa55aa9ee10f82ea14b875bea02805ff738490993870f37c61bd0cdc3c5f34eeb879be308303b7ca57467df05c137ea57f381b77
ee2257bfb73a57ac0041c139fbdb6637f9cf253e107d0945fb4e99b8dc491302d197091fccc0c5f43a260806bbf633a51037f63934f80d7a45882e77
aa7cab24901202be2cece1212072d5db880cb40edc505fbbde4454b043e086faaa66e4867a1d3f046ea8af40b6c00df575e959f8d6e7010685f873e7
79d03402119b098b6de016fba606e716fb76ab6cebbea6a1c82df6dc906346ed4f0ae81ab8c5bea18b046eb16f689621e2b3838f6be016fb06800bdc
62df34b8b8c5bee10616b8c5beb12d076eb16f6c30815becdbd4336498fa02322c95820c9ab0dc62dfd45adc62df1ebd6932c86810b8c5beab25b8c5
be63640adc62df35cdb8c5be03d403b7d8772d75dc62afd398c02df61ddc100c3b45991742563f7d8e8a984adc72df3512c14fbde99b26870c0e018c
d4a7deb4f8b49cf4e624455f70933d777f86c04df65d8b92e1a78dd3680df0d3c02c13b8c9fe3b078a14823c07069ec06df643b3a2c8378a362fe5fb
f6d4d8f962a8fc55aa4269bf1c7ca8c31747ed1cb4c2a0dbed8b9e4f528c0070940c53e18ba37e275ba15ebf1c8d43dd728f1e1974cbbd46a56eb9e7
8423d4f0f75b3dc73f0c0414c05143a3b6e6dfdb5dbfc7370c6528d43fd997befd937d61620cbaf55e3358b7dedf7a1bee47506cd0adf7b76a827f18
417841b7de73f216c05272bc0886a57c960a00969a496f0652b4ac61290f8d710860a9a99e6d3f5965620e86a5fc779bc3ed71aac70c476d94aedf22
2306a480dbe387a4e97f2ceb4dd497aacefa550047fc8057e444bb0cc02f59d943bf7f6f631f0f40b0294d03af482e64dd29832b052b7330e8e58bb4
04835ebea00506a0d7baf5a675f7c22813f0885cda9f3b4d00840dc0aea52964b0cb177542d710fe1c11d0d5b8372eecb901d8b5b41c00bb16a03300
bb16fe3701d746a838772a7ecbfd7619d0ebab1f0db9fcd165a3fcded660077efd7e8bdb9fb63ee0979c9c02184bbe11018c259f9900c67a384c0eb8
353e9a7ce02b79c904f095cc4d0167c547fa841c12c15701d454b5601b6a4a97d39b9d14fd6ca8c92e09b7140e895acce59008ce097248946eb9b488
ec8d58df9453a2b62f392572ba11e494a80d1da7c44bbd8053e2a56d08a7c44bdb104e89b7a63b4e89f2810f3825caa327e094284ffa40107cd55683
53e21d54b3498a118153a28c46e18b94f6f6c94175c0f9f0d6d4c4f9f0d6b8c3f950c69ff0c4df6f9b7e8b83e5d4dbc832f536b248cea77e7f3b350e
1e9c2cb18d079c13156015704e54c05ac03951a15801e74405c8059c13152017714e54d05dc43951c13711e7441d9cc7cb7febb338208d3828ea283d
e2a0e82f9564727a7a291a224a9e43ce8803a2cc3c1127434f4f444342c9832da221a1e4317cc6fbfad6e0a1a7228e869e23caf87534dcca280b7ebc
7f75e6428f9d6375e69eda9da2ce92f74ebfdf3313a29d57255f95b2fef15d65e3e4ca2615711af41873234e83817118f10c0c442e443c033f50e5bf
97f288d36060818d380d06bc6f234e838113de88d3a03c00224e8321eb99891038b78e380d06b4fe88d360a8fa820da1a0eec631304cfd6e7d9b46a6
93887360606b883807ca092cdad1935d20682993235e7a6672c45bbfb34da4a9e63807cae320e21c286f84887360d4c0c0393046a54c8e880e17ede8
29c91b21dad1538a456f0e527a6632c6ae2f2c52c86fd06aa718ea015f64b4eb18f04546638901f9b05f47b0938edda261a7c4b5b33b857c7814c480
2ff2a5dfe18b7ce97b265f72b4b51d59ed14b5b623ab94d00c63c04739ea4d7c94356160bc694bbffbf1434b838ee1f9e5b0e8c478fd72386c8d86ad
5242db8911df6a969218f1adc6fd2d46e4a94a210f1a61c411b0e3be1623f2b048c6883c6c1231224f8fffc2de08b34dbf558b498a76e4fca969a446
7caf31d5c484ef35f6f498eeaf74da7663c2ff9aed2326ff7b8e1d38a6f097a35f98cc32e544c359296b1c1aceda293d2b7fbf458a547f399a37a9fd
bd430f18e64a39ebf9f87b8eec86bb5256bba63fce6f8c5731e1d18492110d7b25f9a2c48cefb97a3f233b1b70ccf89e4bca8cef3987d531233356fa
98b54cceef294bccf997a37198cbdf3b2aa352137dad91a2ce86cf5201fdc43c7ebf053d47c368a978d57b9152b90f294656415ecd0dc36849c69f68
182dc9f8130da3a512f566208584e64c6897ff580a5f7bad2e86dd921c35a361b754b2ca44c68f01f9bf97f682f89a2a05f101b2b130d4b53f570402
94c54aa5d1ee63a5d238dac54a80c0a3d45f2769a8d55f274d6d2295ca6b38542a8f7d34566a38f45d6a8876162b1db0f48c0ed0e0680402480b6804
025c7a66a0aa6b2b6afe571fedaf06acece2204b993c323b450356a972361d1b010fdac51b010f5af00d5425854e4540556ffa02c10e6ae946b003de
21b111ecd055ca22a52f988c9503a0d891110c15bfa8e973a102b5ebbf800719bd62f77fef30010c3da5cff5f096429e4729164b8c5bb1230f003376
82371e869f21a4c485cd3b35482181b905ee944a59df1a3c5a360d21a586ff793484949aa6ca2040432d3ab8e4409bca203803bd330e8233d034e3f8
8db1e7d257ac6f64ea8a30e1758c4dd1d0516a9820e2e8bfdf7e4b439ea6df228fb42f434889cb9e77cafaa7690b368494e4d4162772a263c7f9178c
226565fefae6c16418edec29c9eb384e2d65eba7154ec24c60128adf53a5fddceb170490dc2acd0265b89a394482b6ba943af051d7320a3eea382844
f051d718071f758c4f117cd4d53fe02399cd22f8a8134910c1471d936a5cf55b572e09360fc6cf73b52ac8a76bab21e4aa83c222a867e0b112413de3
d29b8194deb4da7181ce4e69257ae6204a34827a86b650508fb05534d493643b8f209e21e50dc4230f9a6888c70fad5e201e395c4710cf00a145108f
cc5109c433709c4ed0958da9143262284d84638df5bf34f504101a4b1f885f81a5bd24c0d02f45180f83290186b8737ba708d5617824a2b1a657754c
c449432580d24c2ad34494dd2919104a72864a445b7133d04e116e04024800a0c96048f7afab665049f997f3a8b4f29753c9a9bf1cb4a644e4d564e2
2680d264082622af64a04a445ec98b3d01a2a6d73364423f498028ee9d0c0910c53d4521819426beb009a4b4bc52dc5c73eb77b6b34f16cc04525a20
8c4498d40a2a9350283482a45028b4aa6468679742998442adaa675697856d34817614139b088592375452281430388176e40d95745b8c5a58b7c53c
7a462814532f8176b4dc26d0ce839695403b8fd31726dfa35d403b8fc696f83a771fca0495403c0fcb7c0a0af742aaa0702fc64820dc0b8b7e02f170
ff5148209e870d3705857be90b847b813e1388e7c18c92403c4fd333dbc427db420ac881193209d5c46b8eef57acaf1e505622e4e9d2dc23e4e952db
11f27461504962a98b1fd4a11c8bb1e052f19db2188b2be85922458b10f674a1eb26d0ceacfa9d85d25ce8b289b0a70b452611f674a14d26c29e2e4c
b589b0a7ab28653124721b4ef1f9d5952d3011fa74a935097d92e12d25f77b1bc52111fe74a1c225c29f14f791087fbaa67e4b089b5ac4104e169d41
328493450191088d12a5464af4192a5322344a2ec989d028d166244334f98efa02217a51f5b4cd73b2b127c2a26ef57326440ff4990889bad9f61221
511f5683ffb174132d75635b4d0232bba1149398888abad17c135151e2994b0662b298fa928118bf38bd4d4444392d65444439af524c4417f44d0b07
1263433200939d169aa2108d7bcaff3311f524229d44d493635f4d843689c22a95fcfbad2615e14d4e0b7121e210ed3711da04dff94e218b2638a14d
62914876b064d4ca965aa4541f64418f4d8436396d1c843679b516a14d1e609e0cbbf855f43b9343444989f025912825c32cd97bbdc9c559e85dc930
4bf65ab270bc5b6804a9123109884b556118eeb768186ec91e97c4d4a86b518aba6a3b35dc9265134c8659b2d7066a98257bd05a6ac8a1d66fc8c119
446ac881412935e4187a1339b0e9a746e4e7525d90034d3535223fb54d1866c90117d2d4b8fc4baddf89fcc42c923a919f9a729dc84f6df99dc84f2d
739dc84fb56927f2130347ea447eaa950cc364717fa45ebe2dbc82de3619e5ca993a979c6939331c930376d864382687a6722729daa62363935444b7
aa4d07328287d34046f05c1ac888592e0d64843e290d64d4d6ab13a05df327ea6d45b8aaa4fc7bce5942328c9323c78a6910e52af5ce30ce4ee9b736
26bfdbe8c0d0113fd791e84b264f544f188ec9117a826438268b4d25198ed9295ad3304c8e59a9408af6b333a12c73689ad415efa9c499105717ee14
75d55a8827dd831124d999508e5a2d0cf3e4c8016e5ad4531bd1a29eb84fa4453da5182eea09164b865b72d4585e440eafffe59c98162270469f0cd2
e4a4fd6911542cfd6729a8581f20a8f852c56c197bb418aef5ed8a752987c0624da6c7fd9ee35b9e1e0288a55b3d0410e35c970c00e524ddca005016
e7447af2af246caae921481a6b727a9087e390a4b0a3cfdb40e8f42053d0dbc814550b649aaa2181d2d22d1ee4e1e02e5f044a33c5f245a03467fdf9
421674af2c3413c3d7da972fe4a1be59ce709fe751655bffc87d2ecb196e3f9f1c36e68ba069e071be089abe553641d35802b3219e9cbdca5dbf929a
be6d3efa171b45d6f1d0e739be2df9be7f391853b221a39c81d859c743fbb9f041367494451a94ef9fec2b28c77cf6afefef6dc8cad12e1b32da29da
ed26509cc9946f64c60c956fe45a4a2d522ae521c5f70cf56439c965f70b041f0480644720384a4736e4b353b487219f9d4272eeec2cb79e591f16a7
af981c055d36734f67617466b9d47dbe39f55b93a5143db7fe93a35c76dc4f2939ed0c29cb6d2e3b02ded53e8e807716ebec0978c7069e0d51e542b4
45f6c881e69a7dfcd647ec3dd913d48e8d3b7b82da6f954b50bb53b904b56b1c4322a130ab6cc82988aa2e43225193be40403bcb6b8644a26a264122
5135932091a81a9f904854d05f8644a282753324129563fc0c5144657bca868c8208dab27ce83ec1f7df727f7df27ccb6efc82b6852ca28172326411
0dda890c594453fb706fa628dd3264115c1a1d32c84931a519e4c465d13b45603e07af19b28886db460635357c9d32a8c9f8a9fe7359cf00aaa66107
a052986a3640951b9ed91940d5340001540dc0990154ada92ada613fe4273414514db79a0d50d5bac4407ce0692674e94643cb49bc04940b9744d312
07986a5868b38e8cf637e5a19b53fccba1a153fae5b08d6580554793cd00ab8ed690134353d3c1c05350c048063cf5ac5a9a3c3da84cae41c57e9701
4f5d8b34e0895bbb77cae4e900ec0c7852945f062171db77c8f9278bc29f32614c4241194e89aede003dc916990d3d198f90a5acdf7a577d3a29da17
f4d4879e2123f034676d03f97bb494f3f3cb9104a0a8ae3e875342ee7f194e09d938b33825b4f88a5302fb74065dc9c52f83ae64e3cc228ee0a0298b
38420b0bc86aa0e565914644fd0ed208fc34b248233006649146a055e6f29353d17eb9fce4944f5496dbde2707f34206658da6e7eeef39bd55e32f07
ed3783b606fed259a7449fe75aa8405c431b68fd91622c8d7eb9e7ed1c519fe58a8c1aaf0a79fa3cd7025191f3518d6dcccae492ed34c918053e2950
d90425665099cc6eb9fd647bf0c1c83a51fae4a8e741603266661098e8e172d3b25ae6c06491db4fb6471bae21b1205ab30c12d3e9590689c90d3083
c46480cd86c48218da33486c6a8e8a89f0f35da940a031b90166d0981cffb24e8e3e6f83c633884c214f1944f6dd0a41646281ca20321de467436459
06990c1a93e75f068d4d6df0a0b1a9fe3334163c76ffdce7af3e4b35b0fe5b57fd92016650d9e702b7ffb1e403d8969a01c0c61df23b65cdb09c9e79
527414806d69f20db84fb45500d61656cc6c60cce2ab2d65622ee96b06c68207e866036359f6d06c874d3ba5df2d522ad3c47bf43b03693e6038c9f3
fe36cfd250d081d327074b5e06903d1c71640099eca519d640d1e7e629ef80e74bfc930d9465d95333a0ecc1dc9001657244cc53cbc727ee99ae9bd4
1beb7306b43dc0b40c687bb43d01da14999ae19690cd34c32d216a830cb7c4057ccd704b5cea25b8252e828632dc12b29e66b8252e6d31704b5c921a
6e890b6340865be2928c704b88dc2bc32d7169f0c32d71e1b1939feb2bff772c40227169538144e292c60989c4a5216f68ae8866373fc8a8e50a0289
4b0b84a1398badb294c92842d70c81849c11b321398bb2b294c92882dc0c798458a0f303b78e5af1f9f5a3a20db321b922a2e66248ce22902c05f70e
1b4ab1e3ac10985fc58eb32cc2c752c8487c73319467113a96321915dd5a0ce195bbeb193232decb858c8ca962c8ae88a3ba5cc8880f49b9b40db48d
235473e444492a5f74b79fb319970b394142e586638843d972232747b8458e7ffbb73329c7fad3e15b551434f579ae6fdf700d8186ca0dd790a4bfff
b886e8bb72c335e4551393d905fdb691a21d1550f5f92db8a2d87997052b586a9242c21b2e221485723fbfdf629e2986fe8a227a8ba1bf22d370713f
99176698e2e85f4ef68aa1bfa2fb138a435eb6a0e290b7a8a44c8a3a3964ad7a06af52ff5f1e2dc58972890677502e751589985d6258b73a7c948b47
447489e211115f92e2a15562772e1e5a255cad8a87560918533cb44a4c90e2a15562e12906fa8a68f08b81be22ffd262a0af787580a7abd0ff8ba7ab
a6de5c3ca35902d450e8b525400dc58e5c02d45098474a40067c114a40069519904143322003a68b1290e151295043dd7a268dabcf91551fe8a134d1
03f4505ebf851e0a68580cb895a021f53df2eabf4969e0ad04b4c962e06dd78cde31845642d66fadbeb2fe164368e6cc6b29ea8b0e53225456e8a425
5257b5329c1351cb5784ae0a6b6149d7b776d26e8ba1b012b01896842c5a2e0c8515451a97841ca0ab9290e3d19bd05569ec2428a99c525052a9b512
94545a54405e31a876d6ae1187b7927f757d308514435825b2a9950cb596a663865a4bd33143ada596cc506ba12c944c5d351d33d45a1a69196aadaa
52eaaf064458164351256ade65ea8bc1a1188a2a114c550a75e538bd14eaca894329d495adb114eafa28057d167a5f29d067ddfa1df4595a420b3cd8
4ecf2a295aca10d24e51330536c53d22359a0c2595a4f16c28a9c8b85abe28e973b5989edb18520472a9d08471d2512a3461a0a752a109c3c25d2a34
6145a9408a322bb2709c5aa0d013eb7881422f694384422f694384422f4d3d430e548e02855e9afa1e74674bbf4306b5b9a1a02057e402bd5ec65055
a0d7cba0ef02bddec752fa3f966b3bb62a199b5981792fe38d5960decbea2a034d2503ed0aac7bd9eb5925c52032b054b21a1e46beacc902235fd664
81914f56d802eb5ec6ba5660dd9305b6c8952e7efc5b99485f40f4f3882db0ef65b4c002fb5e56c7c1be978b7e8b2c9a4cb0ef65acde451c109f72b1
34160345e66b6529e4d1b2250e88383788d3ef9149c30016be3cf4b67567d6f41ad7efb7d2210632abf361da933db8c0b4576e3d33790ae70c05a6bd
8279a0c0b457f0662930ed154d13433e41671f05a6bd12f40518ead41be38fa14edbcd587f394c584340a548cb9c3f7996c6056c7c45cb266c7c45ed
0c1b5fd1a2644755a50c3d8bbf92d44730f2154d2018f98ab607434e412725c590d39eee4ab56f490fc8a9c0ca5739bd29f3d77f325a14434f45acd8
45ac7cd2eac4caa7de5a3f79e51d53c4cc979482994f2310f454c17705f4a478e7027a92036a013d556973a0a78a91a6809e44a95a0c3d059dde14d0
939c470be8a94a4f063d55e9c9869e824e760ae849cea305f4d4d4c35ff4b4e61442003d35ad0aa0a7e6f50cf641f071013d35b51de8a971085c404f
4d630dfabdd6f43b935186dc027a6a6a0d434f453efe05f4d4f0f029cff8d6559c8a0504d541acc510d44ea93e0f29ab4f35f454144950414fa23eab
a0a77ce999c9d859c12ae849b468d5d0d35e5d12299351ee9815f4d459812a0869b055d5ab7f6bfeb099d40b2645af1accbfe7ff6b49af5f00b55f66
8faf0028d9282b006aa0d95400946c94d50054911db2029ee48359bfe0e999831da8029e0653b4029e06e7fad5c0d34ea9249ba219ab6c05380db4e6
0a701a80c56ac0a98814b7dee3fbcdc9b2516f4825d1e7aa5828f6f375eb39c4921c7d5580938c2615e02447c26ac0a9c8d6551dec91ea64034d41e1
b915d034bf299823717daa0e90983e8c6e8d1c1bbe5a22ab1d9bed94deb66e9531abbaf9fb2dc75fd51092e1504b992c7260ac2024f9965710d20205
550f13260b4ff5c8a27e033d2d16e10a7a92d76f053d89b9ae829e1696f80a7a5aaa99afdfbaaea2afd85652827edb7fcf5980aa8709139db01a8a2a
8a97ad86a28a28c6aa1d9d950785a1dad1d94ed19a202c91b5d5801a90eeafadb682b21e0c411594a5c3b01ae2ef6d4e3b2a48eb6173ae20ad071b73
35a4f534a7dfc2fa39548b468a1605652934a882b214b6534159626baf01391f3d434e4c461566c04b7244183fd9966afcc93993de36a64699cd6a84
1114ff9b6a08ac5e2cd0d51058bd8aca3596c38bc5b41a02ab171b463504669a92a58ce1f0ea7a13e6526cc635c25c3af475984b358f84ce765dc53b
5313b2e01d570d9dd50ba5a72ab4eaf33628ac26640149d404bb2926c79a6037d5184ac8c9e65713eca698766a82dd54b332c16e7aab86b09b8240aa
9d8dd55b2d6d676355778355436755b72d554367557760554367f52620ab1a3aabbaedac66eaa91ec8b0b06a293774566fb564d63c717386ffe54f5e
1501652febe788822dac1a78ab0e5da7ca49f0f3b6068d01b82a07c36a00ae3a4d2c037055776e5603705561c3d5005cd5bd8cd5005cd5fd91552c15
9faf14e558d3cba6540da455dd2f590da455ddf7580bf5c51c500da05505195703685577fa550368d5e1395e2b75c5f2582bf5d1b43510561d1a7635
1056752f633510563d9a4dadbfa6973dafd65ffbcaadb256ea8be1a9568870bfcf9edfdbb8545531f17d7234311b64b9d20e1a64b91c1455036555ae
87d59057f5df9222299562edef354dc51ef1f98adaaafdfa606949320456bd7aa421b7740d4360d5133c5e0d8155af25df1058f55aa04413f129176b
6c6d7f326318aa86d2aad702d791578a46173930a3b323efd233c881b5311b02ab5e4ba121b01a402cd510d84ee959fbd6e0bb6cf75f3f3e1879aaa1
b0aa2b2baa21b01ab4e175888035510d81551955ead032eba75843eaf0bf1cf58ca1b01ab5d8c929f0f35c75d78d573b47c416d5d0d85ef66885d17e
cfb5911beaaa325c54435d3569e609757dded60c32d45593365dd1ec7d9e6b1934d45513675955e74efbf9a3d634d415c482540d7555992caaa1ae9a
ba7e1b49d18a86b842d5223df3af5c8c4ad550574d53a94a4a6f37522ac9b699a685da1057cd528f0c6d555915aaa1add034df0c6dd5ac5633b45533
28af1ad2aaba59a91ad2aa59cbf682b499f898ba206de678b62ef55f984b0ae54abf9caeb2216faefa2ee4cd9a2f86aaaad07f5dc88233485dc83255
ca22859c0b593eadf5df4bfe8398d8dcea83989a6c06b6aad8d0aa81ad2ab7ae6a60ab1635ab81adfad5230d6c8506d4ae723c4c710e69050f1cd438
47d5070e6a35ad81aa5a924a32118b9665f8cc75fb4885cf5c7795b4ebfa7e6572b4d8e0342f00b906a779c1b7a0c1695e869e25529d947547a1459a
1d3bd58289a4d9b1532d98481a9ce6e5d133ab6b45e36c868a42f72af3f9d66e7110d77474b4731e0e839a82a03e3951ef584d2ac68d0617f9ff27ec
5c9264d775eedcf768c43719e1f8e7c2a77b6e78fe0dabf0adac942aee3da7b1770591920850140980c0428b6a81d5cd36ddc1226fe8c61d2cf296f5
141ba706486c078bbce113ef6091373ec10e167923f2a88345aee27f1d2c72d55de96091376c990e16b960d0fac742c94b95a63a78e44d928347de8e
eeedb4262d935101641d3c72390abaf0c89d7e038fdceb99e0916ba48447ce594b171e3981941d3c723902ba592e71685698e5726f66c86f964b54f4
4f078f5c6e816e964b1c4bf7557e43a28fe592ef6d5bbf9b8cca19ed60922b4bb48349de3f4f424674fb0e2679dfba121951357a444692913a78e503
ddbe4730d7d9627a04739d58960e96f9e04bed6099cb0dd1c1321f58491d2c73458675b356e2d47883653ea2ae04739d03c21ec15c4799eb581d43f3
0dab436069fd637594a58a611dab63a07875ac8e81f5df13bcb214f604affaf6b048c6d295e0c3b31d742c12455a752c92c146de13bc6e3d737ef891
0bb2a7f54ba9ba7fff5270cb75ac1345d277b3379a70603ab6c6e480b7636b08acad2b16efe749c44075ec8da9596cb17877ebdf0218bb1d2435b95b
3a66cae4a0ad0b6dfca7134d95fc1540838e493231edbb1d28dd2d86b20084cfded63157266660c75c11b65c2f70a1295fe082d8986e4648534dce6e
5646539856c7c29847f7d9945f97fa3b1f5e0ffa76b700bba63cca2ebcbb5cd724c3ab574a0a68406bfafd5dcb0696c64257e96669c4b9f434e0faa3
ae04ae5fd255e0fab3eefb85eb9f5ac6eafca5545d63722d34ec8eb5b1f01376ac8d8576dded38a80911afdb71d0adc3d02f96c8c264ee8dd2035a68
1ab268f1c64a5953bf210bfa51c74a11ae5dc74a59dad2cc4a898b839c6e16caadfbe83e951d4022ac937da93fca0e68e930cba40976b6774113d4fb
43621e61996c72e63a96c9c67ced5826bbe9dedf77a6d27d1deb644bce8f75728b8a49ddcd3ab9b521460ccb44d59a3a96892aa5f68eac45f74d7e63
1cb04c0e674add2c93a62aaaddac9226f0a78e457238daeb582407874fc72291fba8ebcce8e675a15275ac92a32f48257df3cfab81433b37ba1528de
22568b22b63a56cb21beabebdce8e75e2d97b25c6afc5520cc72091925ad0bc8aeeb6996b3b1d025bb592de12cb52c183269a9b573a32848e66e6746
7114fd66dafe2472bb9b3513a754a7492d056d4a939211d845ddce8ca25c779d68b9f3b9927a09528b889693ebae9bf572b7d4bb9d2b1c2d98537514
90765247013dba2fea2868fb06bcee42b1ed8083cb31d6010717ec5ca726efa5550098bb4bab00c0e1976613c0e157557fd426f8f44e1d85fe6fd12c
7da96401c342b9de8b18950ea6f8a589b4285770d481e1f6a95a7b0725dc91f8d3cd3cb95b3c65abf000a26f151e508bc203da6f41075745c90e3ab8
9bfa8d704169da9bc2035a4641ff76da8b41ff76fa383785053812e9207f7b102a3ac8df9e23c60ef2b7d76b07dddb07dd47e1000cda0ebab7ca0377
d0bd55ccad83eeed4945ea20782be0a883e0edb5c880e0ed357541f0f66c99e352b100470b607d968d0182b75c3e0304ef80613ecce6482ae4362e8a
04b0f58c8b220141bf5124009d6980ea1db27e331942112f1408e0f31b17050288fc18a07d0b556e983d920231b903a4efd0c519850378b7c34e6852
c0dd31c0fd16bedcb05398a4dccee1280ee0751fc50182eea300001fce702a005068a90080ee13cabfee13caffa025947fe403e35b9136038cef88ad
30cc764989b934c0f8563ccf00e33b39fd6632244e410618dfca8c1c607c278cfe01c6b7626b0618df29eb3710f1716b0df0bd13a74f037cefa4f700
be77ea6a81863f7425c8ff7ce103ec6f65308e00f23f7efe11900f256d800b9e70c40e70c1137aeb00175c8989035c7045ca8c807c38510698e0c2b7
1f60826736f41140bbf7ea01b4fba02b41bbc76b3dc002cf51f781768ffa382268f76ced2382768f937500f69db1054604ed9e257900f69dd98e4604
cd7fea3ed0fcb1360740df992f754464c039352268fe44880fb34b92aaab0e00c015b1320000b743d67f5c9207f8df05857e80ff5d3448e07f1776a3
91809267af1866ae24e13b8f0434be3e69b0bd55cc7580ed5d888a1c607b177cd6036c6f15fd1a607b17ccc301b677d9bad25e91dc33036cefcad23a
1210f37a61768072b7e013dcef2aaec1fdaee213dcef5af41bf0f39c2f0f70bf2b077b03dc6f45570c70bf9b964170bf1b3eb701ee77e3906380fbad
e2af03dcef26d9c1fd6e5ab2c0fd6e434f01a37de93730daf5a2c1fd6e9af2e07e777d7e45b8e6fa0d5c732d2fe07e777d3876e09254e17b08f35bb3
4098df5efd997c23e89926dfd0b4161ef8520b3c702dadd44c9a1a256a264d2d4be0814fcd33f0c0056c34a8a7343582c203c7de1bc203d7fba39692
422c0758e08bd39b61b65112e6cda0ced2d276044ef8faf460f22d6d3955d8d1bc076a2c2d1c69a3821d7d749fc9a7dab0035c7061de0c3b99b95bcc
643b99491b2b73505b49d00e033c70e52c0ff0c055627180072eab62505349f9ca032cf0adf90216b86c88d100864661194d60c9fa0db0645c14038c
efa319d28024d612021cdd851b600047776919048eee228f7374c111c359078e78ea4ae08839ec1f1d185fecaf01149dca2b0ea0e89c660850744e73
02283aa1970ca0e85c560fc01117f53e68a93fe088f5850345e79a7e038e58df0a507482201940d13982a987d940778bb7398029466d1d66036545c4
0fe0e794b437ccfec95e0a84d93ed9c04afe794906b5ce6bb29a5994bd165350eb3c9ee6016a9def6205e4e2a52b412e3e620c34600df5005557433d
4003d6509b399443540b24603c610334bb80693840b3d391db00cd2ee01219a0d9050d3c687601d7c198a0ffa2a70ed0ea82a6206874d1e9ca4d0bf9
40a38bf8e8c612fa2ff22da1fff29405c4af3ebf05c4afc67301f10b3edf5840fc1270361610bfda2cc0ab8b453d08e257bddb58477d460b885f7d8c
207b47edd2a0d6c5a3fb80bfd5b20b6a5dd212096a5dd2760b6a5dd2e7076a5d42ef1fa0d67db43350eb1289d303d4ba44ccc600b54ea6ee00b54e87
6f03546fd58d1f20d6a9dee7d8c0fb6a0302d53b6b89342b27ebd06b98959333a186036cbb8f6603b65de12464806d27d88101b65d496a0185aaa50e
34ef225d145cbb4202c600d74e29ff035cbb225d1b5cbb32f44c205f253b48de0af11ce0da550e2ec711f2266fe50879d39e32c1b513befb04c9bb61
7b4e70ed1a5be304d7aeb1cc4fc0eb5ad65340ddecba12d4cdae2b41a944119817a89b5bf709a5d2d102d91117de04d4ae275d09aa63169fa03a16dd
07aaa37a00dd7b60e14d40ed74923301b51b41578280c819d404b57b70983f41ed1e6c86d3812fc8323801aa9b977e035f10d56d0254a7ad7f0254a7
0cdf0950dde46b9c00d5c9713b01aa5359f80950dde4fb9b00d5cda12bc117e4cc610254a7221313486f95ba9b00d599c3f11f97e409daf7e2239ea0
7d2b4f7282f6bdf1844e339cb23c8553d877ec461324709d444f90c055d17382f47dd06827d8770757fa04fbee907833c1be3b04d4cf205c387a10f6
1dfaf40cc285d39560a9e93580e070793d132cb5a8fec05243f79d012c354d02501a9c6407a541396c139406c796334169f0fa704069f02c75139406
4f94c704a5412e8e690650918b6346c0b5d09666045cabe899806b55f5677c7a3cc413740645ae4cd019fc87339341a9b7137486804f7e82ce108868
99a033a872fd048121a0494d101802bed009cc826a244e601662d17d2643d4e707cc425c6a01d8447cc80466218a4f70ebe211678003b1854f201612
3afa046221e9b305b32ea12d4d2016126e9309c4828cf709c442c23532c1ab4b53bf017084c93ac1ab4b68fa135885b4f41bc8415b4f01a8698b1790
83b430642107e93e5076b03a26900b190d7a02b9a0caf33383b2a35907e482ca9f4d2017329bf604724118e813c805c5604c20176468cf029a108bfe
2ca0efe80b076e216b71036ea15cfa0d041a826027700b453304b885c226338b5077c4995077f44cd069829e023a8de40366a1483e60160af6ecac42
dae13e601614083c8159289a83c02ca81ed30466a1e85b014a413119b30a4547f72183662b500a456b08500ada526745067d7180d4295e6302525734
d6c02728f06202525739df980d741d2cbcd940a529ff16973d1bc03b5aa4405ba85d1d00bc33d40278077d65826d57c534d8764a7d98202c344d4fb0
ed64e6cf06208d3e31101494d630415068daa9c0b56bb84626b8762acc36c1b5fbecfce0da357d70a02a3434e109aa42d72205ae5d1767e0da756d08
e0daf5a0fb406a897a2620355557025283d633c1b5eb4d570aa5852908ae9d50a127480a1d6ffc044941e7e8135c3b81ba4f501406c1401314059d87
4f50143eda04280a03336a82a23038269da028a876f90445611c3d0544930f2f207d48d300d36eeaf303414147a713f484a93706b8818e7327e00653
dbf40483441b2c287493a38e090addc4b33c013e98535782cfa1b904f0c15cba121c0b7cfa13e083a58d04e08385753441a7537ac85cc2b0e0ca250c
0be635e8744b9c814eb734cb0143d051ea5ce057a0dbcf057e85b646d0e9b64609200485d64d8010b6e61240088a7c9f0b7c0a72582720081be7d914
080216d7140882f462812024fd66321c69c966d71415b09e20d79daafb007400f86b0abe00437b0abe40aa8de00bb4850bbe40cbae592b55a5bba7a0
0b38d49a822ec07699822e202268927c7361d3cd0f7401e3f9812e8017926f2e02fd26c9373ac79a822e90e64df28d8a6c4f4117e89b167441d26fa4
f46be449bc5171ed29d80246699178e3b05297600b9a7ef3b4362d93cf4dfd066c01aed725680236f42568829f0dfd1f97e425d4023c8c8b9c1c7f89
1532de2f7547ea3a510b8b841acf02b648a8f14cbae5949dbf689908d2f896d008d0a79723339f8f630989a0eb9964e6b3f42c9269fc528bccfcad2b
4121407b59422190444e69ed6ad92b0a7c008b449a70d4dab4262dd2afd11417493491349f45128d0e8b164934916577914423fd6f813c9070cc2c92
68927821892625dd473a334bc8f24a6756efa4d5b20c2e4f5aede799a4d562ca2f926b1459ba801e909eb3801ed0c9c022b1469acd22b146d55a5650
de293290585338945c24d6143ebf45f28c224317c93385b0be159453aadfc88f258664013d202d64013d505876174933aa8eb2489aa94ebc980caa8e
b2489aa99a8324cda8dec92269a6e2045bc0122851679130a37a278b84999af414724cb3ae24739408f3450a4cc557be4881a99a75a4b9346cc1459a
4bc36db2cc3ea94d3d243224d19d162004523c56224392788a050081d490050041eb7aa63224d5224372e84a3224b5300040a072160b0082ce22b500
2090036299ed523b2ea365b64b95e2b11219924d2d322449e85866bbd4aeb709304147a75c0013a8e4c40298a07364b80026504dd50530c1b8f44c32
07c9d25d99cc41a7679a7c436f1ad002d5545d8016a864cc02b460e87b37dba50e8d27a0058a1a5999cc487d7f540e1a1c12aea27441de5151ba20b3
1c3083a96f053003a91a0b308309cace02ccc06a7bfef3920cce817c210b9c83a92103e7407861ab9045c82eb6ccaca93a4c5966d65461892df00f96
d3958b969e69a22f4df942f6a096e44af6a006026c0415335860232c1c090b6c84a5490736c2e22070817fb0309117f807aa20bec03fd8da64c03fd8
fa8cccaca94aa55e66ba5461282fb00d54a260816db0f551816db0f11fada6cc40a627d8064a5f59601b08306b353203d18b572333505b15b8075bbb
34b807aa71bfc03d1098d602f740650f16b807bbeb29643f62ea2e700f841eb7c03d5034f602f7e0a02dad4e46a01645700f54cc60817b70bcae241b
105fdd02dc40851516e0060a285b801b08bc6b016ea0fa9c0b708343d4c102dc4001650bc80295275884a529706911967669b9262ced424f5d84a529
8c69119676255d496e9f163e42d22ebcf86b900f871771118e764977221c4d6eaf4538dad5f514f2fe343f07797fdaa6cd22b98d463d93bc3f8d3cc9
33823f5d24cf388d35c9334e4bb99dbb34a7e5d3ce5d9a2bfa8d3cbaaa167974faaa48a8719a3d933c3a293a933c3a0ee6d6541e1d5c4ff2e8880d5f
66d7dc2d3dc5e4fba86e24d8786cac45828daa65ae49821729da8be41a21e5af49421a8e84b5489ec3d5b4489cf1c4892c1267bc7a2771c6734ab116
c95b524316894e41f7555af44ed28c1c728ba4199d40ada5a42da425694627508ba499a0515a24a9e1f65a24cd048279d756b2162341d24cc4425f24
c644ff6f8e8b65c7354d8144cb8e6b5ac22059e4ca24dc188b5c1955475c765cd3144cb3ecb8a6a956e2225726499b205726e1535ce4ca0868669110
23889845424cd6a248428c7c6e8b84988c11b748885118cc222126eba33203a8a97ae13ae46b69e00f794d553d90d7c4e9fa22514660308b44992cad
8044992c8d8f4499a20d884499a285814419e1aaec8b841ff4d44d928cfc71fb22af29e84af29af8e03609348589bc49a02938043609340589f6a57c
a6464bf94cfacde42b383cb65940ad0c5d49aed3d433c975e28d6d926bcad6534804bac41989406c63dbaca3266c92ed485ae2e0633b2501255a24b1
303db7238905ad672bf5c6e94a1258825a24b08092bc1d092c493d90a493d43b493a5bcf24b90317d52649a71355bb49d2e92c1adb2b8185fb48d2e9
492d92222eb5488a60e9d924e2a840d826d16638fd46e2836420d1664806126d04d1bb49b41959bf199f0307d926d166a0a76e126d04babb49b4199c
b46c126de4ccda41891dbc3f126d060bd80ec870f49bc920ecc81d48894079da412911f01994f7c0c807e53d8833320e504a36493653129164b38238
23e320886b934fe0aa9b241b15fade24d9c82db449b25151f24d92cd229e799364b38b9e427cba4682d419e5bb6e5267a4866c5267364ebe1d159fae
1e884f4747df91f874a7a7109fcef7be49b939fac249b9d1b9d926a5e610f5b349a9393f1bec3f2ec93b292c9dcec9b65168f526db461aca4e2aca75
2de9cd3b7d4b095cea767c2882fadc1fbcecb39430b1957953f6bdd3eb39fb971225ccf9a568b11136c00f8528c3add2ab3f14bd381525ba298b8cb5
6d8652489f96929deb27b07e9bd1f3b3eaa8342c93ca8c9f9f6fee4d1d1ff917fbec06bded94f0be8ef8edf4e76e0b8bba3b7a532d3ccae5f1a20af9
2dbab58628162af5838bc0758c24216feebc9f59c2e7ee8db5b3097ff339beaf23f2bab8379508ece245659c088b0be1bcafd578fec0168923450a5f
efeb043a1b7e47ae28aa76beaf5374ed78f74d84ead5ded712a9daf7fbdaf3a6c255bdbe7cf2e17e000ed607417a135ef75371efd90b617679ffa112
0ebade6f98b0bb1ff0c51795f0c9f4e69e30bc16dfe349385e4bee251361792dbfc794f0bc5b9b79536d5cfb6d5bbca836ae23fda1dab88e3fb397f0
bddbb87f536d5cc708af71fd6085dfc388ceb815d217dfcf1466f8cf684bc95078df0e2f4909f33ba1beefb6713dfd3d4f09fbfb2910f8a2123af767
54a84aebc67b4e539dd69d3fbd5991b1c621f1a6e25323506e0be4e127b029ea19eb2b994640314fefb9615668503983dd7fbfefa38d9230c294def3
4c78e43fa1531cd56e420a532defeb8889aaef39a674ab644b0e14e2a3ea9f5e8af136754da5a5fe8893daefb127ec30e73f5c0ca87f9e4efcd47ccf
e9fe1db72a8aa529751c479b90c49f888de7b3084dfc39357f516decca7caf6e842ad6eb3d1308596c7fbe5155cefd33fa9f14ae1f1e190dc218fb9f
55cb6ce7a07cd54dcc62c719be3fa95ceb83e1b9895b9c7fe638f18bb3f7d728614f1f7d5bc431fe14bffabdf39fb77632bf96747e421d6fa5fdd531
218fbbbc8789d0c73ddf0b3121907ba5f7b5d4a35cef2d8c90c893fe50d39baae712abf3677b2254f2943f5441ec5f9f520d9b63491fde2fcfccf8b0
0182da14c9d211f9e67832ccf760734cf913c2f87a0eb126e90f959813fcc47b7db717593f1c5de63f63cd1166fe2327479939bf3fde15bfcf4435e3
58b384f747c7f166296fe939e66cfdcfb554ae19efcf6771a03efe3c8183e7fdfe0039229de97a8d1c47a5ebcf06cd91e91aef99c5d1e9fab3140b47
fecf3bd451ea7e2f1d20235eeefddcfddd62f00b6c61ccffd9a4b770d8dfbc829ae8fc1f2a2767d7fb730745d1bbf7cc064dd1ff517cf6f7f3e76875
83ac18d67b0e80b018afb73ab0e7efdd4bb203bcbcdf1bf9a7d2d8583aaadf1cfca6f47ed31c00a7fcde9c39084ef3dd3707c23f91bc2f2a80b67fb6
d72360db37571c14d7f8e75ad037cb7b667270dce21f7e399ff8a3489ff6a632321c288ff47e57e6578942a1dde7d7149904236c0e9767fec3b93990
156eb939649eefd5e270d8bcde5be0319f8b81b05b0b87f215ded7e0588ef1fd3c1ccc33bda9389ad79f6b7138bf558c836fe6fa1d595d5bdfd40015
97eeafc2207e71edfebec70215176fafefde80458beb4dc525badb9b8a5b31a43715f7627d7d47c77dd7522ce763a7e0ed27d5e5751dfe3adfdf54fc
76adbec600df507eaf86071f5139e73532f88abed408b5fc7245b8c691dfc8bbf733f11fa5f768e3471a7f46107fd2e8fb4dc55f33de23887f695e7f
9e60e33a7d7c53c17c08ef71f51ad77bb12654e4e07b9afb318bfe519d3860c8fcdcff7a30ee91e9dfd4f8db1d6765077756dde7f56a3c481954ba7f
3f811829b23e0f61c702e23a9e482402080fc5e354c7fe503c4ef9a18783fcee2432493e597d53feb8a807f266395f3a148f13e0c3c1fd959b7e6369
c42d7838c8779c839d2028367a275f53991287a272ca433e94e3ae24c41ddc5f8313c113c80b9eea8fc87edc5f8790e4e4d5a286a6d3338971c3a638
94e30e9c521ddc5f178ec783fbab4db5b03e38693bb8bf940e74707f154eda4e54a009e3121549c67b5028b3fa03115365040fb507e4c43ec298d15b
11c68c577f64c66b7e90cbe9967a20ef590b53c452ddba8f44b3d93f35834e223b438b71c24a70e5fb3ba5ba09353d29a8a7efefe4dee2683ce650cb
53d27d2acbe94a95f7f8399a851b4207aae405a726e9ed8253a3ec8f93be302e382acf07aba6adedd4db8f6cd7c571f8314fd87575b57ee4f24a243b
e601bb1caee763deaf5b53d26fd15a04191f0b13b85b7c51162670398d8585095c2eebbeca95c8621eb34b9803c73c65f77dea6fd062de9a77ecd2a9
de31afd8a5f4b763deb0eb97eb438b3765deaf9b6bf834cfd7dda287827c412dc9a7fb241fcf2c928f312dc847a6c729c847e0c329c8a7efab205f51
efc847e8f729c8b7f414e423ccf714e45b7a26f27148740af2e1fb3815f970e59f8a7c5a252bf2e15f3d15f9505f4e453e0e7b4e453eafdf249f9e82
7ce1dfcee34ed5ab65d256448f6213d1931e89e8b8704f45742d7315d18baedc3621f552cc71e43dd128c71c46770ba6cd09e45530e29843e777929b
23e777929b03e77792b7f69ce4ad3f27791bcf49dee67392b7f59ce46d3f27793bcf49deafe724efee39c9bb7f4ef21e9e93bcc7e724efe939c97b7e
4ef25e9e93bcd7e724efed39c97b7f4ef23e9e93bccfe724efeb39c9fb7e4ef27e9e937c5ccf493edc73920fff9ce4233c27f988cf493ed273928ffc
9ce4a33c27f9a8cf493eda73928ffe9ce4633c27f998cf493ed673928ffd3bc97f5ae73993e7f59cc9d33d67f2f4cf993cc37326cff89cc9e6adf89d
c9e6a5f89dc9e69df89dc9e66df89dc9e66db842d595c699c03a8ef90aeedfe0d3fc04778b1ecc3f705fc998995fe012d6ea31dbfd0aeac16cf62b70
3a77ccfebe54dcfd98dd7d85a1df36bfd183d943e1c29a3c660f05d52b3b547abe0077396603dd2d9e6936d0ddfa798a81ebfcb4ec9ceb6e255ad95a
4e05113d2de3fab2b3c8bbd568858be0959bd2a18c377540f5f7bff4a54ea8f73266870d3765fd522c98295d24d15100f46ec1f5804fd38003e0d177
8b9eed1bbb5b43adebb2af205d9ede82fb52e82df82f6543095f0a1b7588bf94c0661dd297e2a0e42fc543295f4a8052bf9408a541f9a7653d5d6065
ec82e05183cccb43bf6a965e6758483f5a4f65f84cbfca54644f97e957b7adaf164013871660195ec30e5806a05e77cb3fa7800af9dae44c570238aa
c35962ea9411aea8df397daa080d980681c5e95238e6e6e59b4e95ab653ddf2dbcaa4ef799d9bf3ffc0036e17425327e7a3019fda7775edffdaeaec4
7496aef5135cfea18011347936fad62de4efa444e7328a395e6f4afc521813742f28ba2bdb484cb842ffba7e2af17d7ab50df0728c9be960df567fb5
d6ef54d6e4cefb4b1147e74b81a3727d297054dc97c2938bff52f8c04af852e0b3c42f0559d0c3a0f01ed1c5a0300bd1c7ec6313cfe86450e019bd0c
8a78ee5f8a781e5f8a78fe7ec61f9ed797229ef797229ecf9702cff5fa52e0b9badfe5403c57ffa5c0730d5f0a3cd7f8a5c0734d5f0a3cd7fca5c073
2d5f0a3cd7faa5c0736d5f8a78ee5f8a781ebf0bd687e7f9a588e7f5a588e7ef32f7e1f97c29f0dcae2f059e9bfb52e0b9f92f059e5bf852e0b9c52f
059e5bfa5d52c5b31445a3c0b39445a3c073ab5f0a3cb7f6a588e7fea588e7f1a588e7f9a588e7f5a588e7fda588e7f3bbe88be7fedd06c473775f0a
3c77ffa5c0730f5f0a3cf7f8a5c0734f5f0a3cf7fca5c0732f5f0a3cf7faa5c0334ae7e5cb6bed40f9fc52c5fb7853c5ff7c5325c37a5325c77e53d3
bf6d69e8afdf1b10153df64b455cf4d92f1591d16bbf54c446bf85fa5d7ed073bf54c446dffd52111bbdf74b456cf4df2f15b1d183bf545ee1686faa
64eb6faa641b6faa649b6faa647b0cfd77991afb4d956ce74d45b679bda9c836dd9b8a6cd3bfa9c836c39b8a6c33bea9c836d39b8a6c33bfa9c8361f
e3fb5dce667d53916db63755b2f53755b28d3755b2cd3755b2ad3755b2ed3755b29d3715d9d6f5a622db7a8cef77d95bfe4d45b615de54645bf14d45
b695de54645bf94d45b655de54645bf54d45b6d5de54c9d6df54c9f618dfeff2b8e69b2ad9d69b2ad9f69b2ad9ce9b8a6cfb7a53916dbb3715d9b67f
53916d873715d9767c53916d3fc637ffcab6f39b8a6cbbbca9c8b6eb9b8a6cbbbda992adbfa9926dbca9926dbea9926dbda9926dbfa992ed31bee557
b673bda9c876dc9b8a6cc7bfa9c876c29b8a6c27bea9c876d29b8a6c27bfa9c876ca9b8a6ca7bea9c8761ee35bbfb2f53755b28d3755b2cd3755b2ad
3755b2ed3755b29d37d56473d7f5a616a8ee4dad50fd9bdaa03ec6b77d6473577c531dd4f4a67aa8f94d0d50cb9b1aa1d63735416d6faa64eb6faa64
1b6faa649b6faa64fb6beab8ebafa9e3aebfa68e737f4d1de7fe9a3acebd4d9d7f544d9cfb6b0539f7d70a72eeaf15e4dc5f2bc8b9bf5690737fad20
e7fe5a41cefdb5829cfb6b0539f7d70a72eeaf15e4dc5f2bc8b9bf5690f37fad20e7ff5a41ceffb5829cff6b0539ffd70a72feaf15e4fc5f2bc8f9bf
5690f37fad20e7ff5a41ceffb5829cff6b0539ffd70a72feaf15e4fc5f2bc8f9bf56900b7fad2017fe5a412efcb5825cf86b05b9f0d70a72e1af15e4
c25f2bc885bf56900b7fad2017fe5a412efcb5825cf86b05b9f0d70a72e1af15e4c25f2bc885bf56908b7fad2017ff5a412efeb5825cfc6b05b9f8d7
0a72f1af15e4e25f2bc8c5bf56908b7fad2017353ef9cb73ff52c4f3f852c4f3fc52c4f3fa52c4f3fe52c4f3f952e0395d5f0a3ca7afb3503c27ffa5
c073d2f8fc6ecb2ec52f059e53fa52e039e52f059e53f952e039d52f059e53fb52c473ff52c4f3f852c4f3fc52c4b3c6a77e79de5f8a783e5f0a3ccb
1bf7dd625d765f0a3ccb23f7dd5a5dfe3a53c5b33c728f2d551eb9c7769af39702cff2ca3db6d15cbf1478ceed4b11cffd4b11cfe34b11cff34b11cf
eb4b11cffb4b11cfe74b81e78f17efbb457ebc78b6a7fcf2fdf1e47da8f0fef1e67da8f0fff1e87da8c8f0f1ea7da8c8f1f1ec7da8ffba75be1c7fbf
a23e9d7fdf2df4e900fc6ea34f27e0772b7d3a02bfdbe9d319f8dd529f0ec1efb6fa740a7eb7d6a763f0bbbd3e9d83df2db6ba3715d9aa7f5391ad86
3715d96a7c5391ad3e86febbedd6fca6225b2d6f2ab2d5faa6225b6d6faa64eb6faa641b6faa649b6faa645b6faa64db6faa647b8cef777b6ed79b8a
6ccdbda9c8d6fc9b8a6c2dbca9c8d6e29b8a6c2dbda9c8d6f29b8a6cadbca9c8d6ea9b8a6ced31bedf6dbcf53755b28d3755b2cd3755b2ad3755b2ed
3755b29d3715d9faf5a6225b776f2ab275ffa6229b1c957effca2547a55190498e4aa3208f1c95464116392a8d821c72541a05193e8ecafde5bf7f29
e27d7c29e27b7e29e259d6d9fcf2bcbf14f17cbe1478fe781ce72fcf1f6fe3fce5f9e3699cbf3c7fbc8cf397e78f8771fef2fcf12ece5f9e3f9ec5f9
cbb3bc8af73e6affb278aa6fea82fab5ba9238d541e077439537f1279cf54399bf94222e74cababf14c6297d574b790f7f6af515ff33ca4695f730c6
37f567bcc2d567a0fc6e72e6390cd7b8dfc3bea91c0e3af31cdead735357b84dec70d9e9f7fd0be7cfa3405dede7498122c2c9cdf4fb6bff81b674df
7e38641bf5a624eefdfc62291cd72cdcc713f9a5f2cb4d99e1db4733eaba7eb8fd523bd4f0be5667ee4db23c7ad5f9fbfce1050a67f0fbbef6fc3c81
b73e398bdf1d6adfefe79fbfe3b9aeff349ecbfdb7f15cfe9fc67385ff369e2bfeb7f15ce9bf8de7caff693c57f94fe3b9ea7f1acfd5fedb78aefe1a
cf7f563dd6f84f43bde63f0db539243d909a169478b78062b232383f775e3e80c596dcbebe14ae91337130ec722276b50836712c0f5bc1422c4c5bc1
42fa4d415b7c7a5bc142ea41f1787a26c13459f7295888c5602b9806c9b68285d41fc1349131c1c94788d3dd2298e6a287a378437a388a57e3433f8a
5783cfa378357a388a57534bf2e93ec9a7674a3ec614a71c214e774bf1862cb238e10871fa498ab55651efc8b72403f259704bf238d908714afe5230
54a2a560a1484bc142999682bdf414057b155ac877f414e4b310a7bba5602f470bf9bc7e937c7a8a82bd362dbdbf494bc16ce205f992ee53bca1bd69
ef14ec052f38bb0871ba5bfe7f7e439cee9605e411e274b7e2fffc8638256fde298538252fafd3506b3c66b2376fd367267b3c4d9ac91e2f9366b277
e73193bdbf1e33d97bf798c91eaf9266b2c7a3a499ec7d7ccc648f274933d9fbfc98c9de97c74cf6788f3493bd6f8f99ec7d7fcc64efc763267b3f1f
33d9fbf598c9deefc74cf6fe3c66b20fd763267b3c439ac93ef8c74cf6788434937d888f99ecf10469267bbc409f998c07e83393f1fe7c667268cf99
8cd7e73393f1f87c6632de9ecf4cc6d3f399c9613f67321e9ecf4c8ed7732647f79cc9d13f67720ccf998c37c766f23f2ed91e27cf6792c7fc9ce438
773e931cc7ce67929b53e777929b43e777929b33e777929b93e67792473226fb33572d79c2caef954f81e237c532a8b27b502c4560149e6a0e9a4845
94bb450854427873cc184e81b5322da672029ca021450294a0eb998438e9c59b83c592e0acb568e9299b96eeb3da79fb301699da7992cc9c29963264
2dabff779c7e0bb4e0c51c2896fb60ad440bf9cc71621906d62ab4f414eaff25b5a8ff27d905a690c519f5ff0a532b53ffaf30b133f5ff2abf1564a8
fc569081d02f5f90a1f2cc820c0dce0a32347a2fc8d0f41464688c594186a1dfe06c327f0a9ca120f802670487f90a674b2d38d33baa7046389daf70
76742595092fc61a58814bcb14700297de033002976349013e40d68c070a4016880702e0d20243eaffa5c595aa3c57423e52f8afcc53a8ca7369c924
6d5f1686275dffd23b224dffd25b69f05219a54695c4aafe2885a8f740559eab31933bbd6bac3bbda370f94eef93fb3abd2fde5f672488eef49dde35
d69dde8957f59dde0f9c757a3f70d65588f199cc7453297be8e0c92c403bd5b0166516b5e80dca2c623dfa419945ac423f28b318f414ca2ceabb1894
598c7a8af1e4927a20443331c306bc68231c94602cccef01988866fb844fd4533f011099f437010e596a29f585b9312923b9d542bea32b91effc5b04
aa9f546e74303da9dca8fd7352b95153d18ca67b5dd2958396985655475ef8545547eea3d0a76fbc380a7dfaaedf022d262d853e01c0bd5bf0a22945
f94e3f7945d4e8f4fab4a9d1e927bc50a3d32f5d092ffab4972a4caa77559844a24da4ec86cf0dd79bfba8e6496986bb05d79a9854f30c97aea4c2a4
634a50cd336874a9e6191c1f10d53c833417aa79060f67d4e80c5a20a8d119b40b53a3336811a04667483cf3503732a7d76771e0b0c213b53a83261f
b53a43d795704158b63fd4b91c707fa873a9f7411dcfa031a7566720ec3c50ab33bc52d26f2a7c1b42660ad4ec0497ce0a79feb488fc0dd4ec8c5ef7
a9dee5a145bd4b039cb204336be9999596ae04e12689276a6166dd472dccacfba8856978993fe6b1b5581e0375392363174c27bf5b891632b0a1056a
76c6a6fb90818d29a86627ea4a50cd4e8355bb5bc8c06c0a0e19d8f603353b137a77a0666742130dd4ec4c68a9819a9d5462b2e2a7d6e2376a7626be
dca0ba9ca83c417539d95c83ea72a2c804d5e5ecfa8dba9c13f954979368f1a0da9b7affaabd79d48350815e7332508333b35906723a330b77a00667
466909d4e0ccccfe400dce1c790a799b4043df2d2a4fa25a8640e5c9ca1b5765cd0abfaaacc9ba135459b3eb37381bc8a2ca9a92539535176f4e9535
595b0235318b83336a6216af2b2928c9ba1a54f79288f840ae6409ff825c7e5f688c95a487501313cf62504d4c4d68d5c444430ba6e3a6c2ee1f489f
2c686841f5328baea45ea6a6beea65360650f5329bee433c4d6fd5cbecba8f7a998dd7a07a991a6ad5cbec7a0aa2b3a404ea6596a516f26daea45e66
d167a17a99171344f532d18603f532cb8617d5cb64710eaa97c9021c542f131329502f13a4edbb65f2d5a0df4cbe9a7899d4cb044dfb6e997c35ab77
93af16b548c540c70dd4c4ac8dc90ad457ed6ac119db5b00daaba2030420bd2a9a6ba0d2655dba0fce346654baac921de8ae76e94aaa753a5d49b54e
2db154b36c9e1ea866d9d87c02705b4d1f233a6ed3b8a0e3b6a8df80cad2fcfc4064f1c63ed0588cfc07124b4f81cfa2fb480229ba928aa31a4120af
5ad5339141f30cddb8699ea11bb78eb4e8c60dc522a01bb7a12bed3d342d6be8c64def01e8aa864516a858d9d0b0027a733bba12f98e9e69f2f54bfd
01f575c135d52cbbd353162dfd66f275af671e5abc153bfbb95b2c1a68df5def080dbb475d99683166767693bae62eda77d75b41fbee1a6bb4efde74
2532686340fbee9abb68df5d6b015a771f7a0a324c5d890c9abb68e41da5210c6438bc233b8b4943db839dc3a441ba4fb0339834c4359afcd0ea8626
0f1ae6dda22aac6608dafad00a86463e3427d0c807567a40eb1eb8c9025af74f75ca7f599251c887260f0af9987480423e242c9af5d05442b31e9a3c
68d6538b149ab532a4029af5c40f17a60ad422dea440adb483a902b57c0e4b056a11083d7bea45a3675349e66e199f5492b95b369cb3f14c73f7df2d
5d6932cca1df1a2d6440239f4b4f41860d9f68dd4b531ead7b619605b4eea50505ad7b6922a3752f2db468dd2b31d668d64bdb1f9af59276b729882b
0d675310179336986f3d2d4d6bf3ada7a52564c327066e40075fdae2d0c197740474f035790a3af89a488b0ebef0ed0574ef8d8b201c0ae272ee100e
0571a523a0976f4d79746f399f02baf72eba92a2be9ae487a2be9d913814f5e52829a0976fc3a6bc956d8afae2f488e8e31bae23faf85efa0dd4bfa5
df9001ab29a28f6f8e7222faf8619389e8e3073d2ea28f1f96b388ce7dbc9e49515f16b0683ef2749805d17ce4e944dd67325099e736114c8683d323
a28f83897ab7402564f38de8dcc70060ef167c923f19d1b90fcb5944e7a63ce1ddb2797dbafa83cfa967c20b166344af3ed888d1c30bdb43343ff8dd
a20774ee83f32252ed518ea248b5c70b8b3152edf14229899474bc504a22d82a170ebb484947a5ec464a3a5e7c1d51f829452d8a24a3e4454f91e40a
9f947494fb2752d291ca43778b22c9ccb34849c70bfb2652d2f1e23b8a94740495fe6e2143d37dc8d0d51f3260ffc7800c6cc511fc946bea4af8c435
14237cee7f8b548a40a4e89c3646ea205f7a48a0457751759e75a5ea3ceb37d579d67daaf38ce811904a16da1801a7c45b1423759ea37ea3ce73d46f
d479ceea8f3acf453d50e7595337c127c64a4cf0d9b80f7813d79904093e39d08989fef4d926fa431b8ca4d33accef483aad43bb8e59b5a39974a64f
67cf4e1cb36a47f3a233b5a31dbc646a47b380c54ced684f0f9902d11e193205a2f1a2c54c81687de09902d1494fa14074d26f14884eeacf64f06c5c
d13cc8d90f382b70c60e1e0bbd6b712bf4bef51bbdeb432d9476bee8cf74e64c9dcdbb65bdcb99130be5a949c88e45e5a9c50be5a9f1d3c64a796a34
e158294f2d89aaca53f3a62be5a9b5b855ca53e3338c95f2d4f87063a53cb56648a53c351b57345d3b87a6de4dbed0d51ff2753d13f9ba9e897ca82f
b122dfd433914f0b5f453e8d67433e3cbab121df518bb2d65adc9aca5af36e1b65add9e262a3ac35ee9ad854d65a4fa1acb5de7b13a8147c02071bb3
ae34f9e492898d92d755cfa4e475537f94bcee7a0af0af5d4fa16cb74689caf1b1233b90afd4bbba5bc847184204e6352e9e096c6be4082e521d3ee9
3b027435692e01b60a38d4dd22d55deb0b35df536004014d4dd85811b0d4a46f0590d4a47906386ac2251ba9eb9ef4ad00889ab44053bc3d690d0108
556e9e48f1f6a49100043575de3be0a7495f1cc5dbd3fab7e3c0081e6a5aea1cf1d613c63045c049339a5104683473c61b0118a504ebdd327633fa63
344dfa6ee94af06ef5894e706eb5344ff06d39e78cd470cfda4ba9e12e3f52a4867bd6c74c0df7ac0f961aee59fa0735dce5718ad470a7a8c4dd8ab4
e89d1aeeb930a1175c375d09d7434f813369695466cffaf0a8cc9ef16d472ab3678e522295d9b3f4322ab36734f04865f6a28d8fcaec458b3895d9e5
a98a546697a72a52999d02b0778baae6dadca8cc5eb49d51999dd2ad778baae6d21ca8cc5ea46d99ce9de5488a54662fdaf38f1082e94195d9f5a9a9
32bb34545566d7e6a6caec409b445566d702afcaecd2c4a8cc5ec160885466afd257a9cc5eb5815199bde2778eaacc2e0d5595d9354354995d334495
d9d14913d5d72bb320517dbd628725aaaf57b4ad44f575a06fef56a6a5fbc0a0e3334c545faf4b5722038b71a2c27a65ab4b5458afc89ea8b05e31b8
93e9d559eea1e4a8207fd11fd5d71bb12089eaebcde94a2133d3bb03919939911c15e441304954666f59f751255eb2537dbda18f27aaaf37c94ef575
b0bc7fa051ad35d5c3a6a5df90e13ca119efe5d06491fb255185bda3c024aab077afdf02ad48cb64e9ac1009bdbca7f47e36c8d299f1453fef55bf99
4c9ded26a18377ece3849eddf9aa13ba74e75039a14bf7a3dfacdf81ca9ad09787de0bfaf2c02594d097a9716bc7023f2d62589279b8f3e004209987
3b5bc9b87f5caa13508423e9361bde81d72ea182cbef92d0b307266942cfa69a5c4ae8d983638484be3cd84d13fa32e576ef16fd01159388e398380a
12f11b938f33010b38318c9240fe3026135af0e4602499a73a833a6da71ed6d27dd6fb944402a341a74a68cf728424b4e7d9749f0de0c48398d09ee5
084909ae71fba40cd7b87d129af5d4a78a663dd1c1139af564994a68d613975042b306d9f56e655a7aa6c9b7d024129af5e2e82ca1592f4d1034eb95
749fc9b7b29e69f2ada6de812cd71bb3288ebc865a8716f299173b2f0eaf123af8c2484b16c591a9ce72b7022d7a473f5f92cffcdd595138c9fcdd99
d22477cbe4db7a9be8ee3ba987464bbc987c3bebb7410bd9d1ddb7161874f7cda693d0dd37fa4f423fdf683509fd7ce3cd4ce8e77beaca488b1ed0cf
b7de3bfaf9d67b47073f92081d5cf13a091dfc5cbacff83c5a5cd1c1a92273b78ccfa39140073f581c091dfc685ea38353dce36e795abad264386cd4
091dfc545d09ce7b530b7c7774bf840e7e34e7d1c18f966174703942123af8d1c642817245be240a945312ef6e19f0a9e2ef5303d8550b2ec5cb2fac
c244f172b93712c5cb2f5c8189e2e557d39581165c53bc5c512a89e2e542164b142f570c49a2783965efee56a5a5fb0cb8d669ac295eaec0c544f172
c71164a278b9d36a43f172a7d94af172c5c1258a97534a2f258a97ffa4e2fccb924c5d73d7749b89eef452a85deeb4ab50bbdc2d5d8978607225ea93
7b2d1ad427f75a34a84feeb50b529fdceb85519f5c312089fae45efbbb05ae149fd4323ebd965673a1178f072a51c99c22c82951c9dc6bd251c9dc6b
7ba05ab95f6ac1271a6ea21c803feacff80cfa8c80ff97a99e80fd0f78c613d5ca030e9b04e43f05925302963f70f69f80e30fd2d680e10f44b524e0
f715379180dd07d8ef4745a045efc0ec072da6c0eb032b6847e4d6826be0f403872509187d2196252a92cbc84e54240f1cf4252a9253f12f252a9207
0e9f92e9f3251cde0315c923a7d2c974f61235ad4d2f2f511bfaa6ac02a673325f78513443325f78899a83a6b397286dd4f4f212c5b5e9e52572429e
4c2f2f5132985e7eb7ea4ba332fdfca778042df8d5c272e057daace9e725eef3bedfc63e4a7b3ae02c4bab353dbd242914871211e8f7e9501a025b31
9b6fbc24b4a76cbef192827eb3b197099e4d87bf5b8596c99b925a89d6a165f2824bfc5316c95aa848d9e2514a6a6a81158d8b2f5fc8802b2b9b0e5f
323264d3e18bacdf6c3a7c91bd9b1d652bb069b3a35c05cb69363dbde4a42b8dcf2c5eccff5d648d66d3c56fb30eae4d172f8a7fc80e5e5e45115276
f0b4d52f3c617364d3c54bb9d4b2712d92c5f4ed223b347bca66a0d2654fb90ca25b3218e325ea3ee3578110191cf182229ac10a2f75bd38349f7729
fd152e98c10ea76077ca01de867ef3b41821d3d74be1bc2707f85effa64de780484b0f412416e46c6ef1522f756e2255a7ce1b2d843735bf54bd7260
c5ab5e2bb0e235ea998b16036aba7ca91a26d3e5ef16fd99be5e2a3eb46cfa7aa97cfad9fce2a5b22067a0c32bfa7a063abca2f9e6880c68863922c3
d0539001a0c41c9161e93e6420862147646001c81119969e820c2c003922039ec66cf64191719bcd3eb85bdc07b4a58cdb0cb4a58025b3f9d3ef1623
61964469188419b870816ee644751696cb9ca8cac23692cd92284defc12c89bb850c6649dc2df162f2358e66b25912a565f560f2c928ce6649dc2d38
334ba228f6219b25511a0b72cec8c7869333f269f9c8c8a7f797918f73ee9c916faa857c6c2a39239f3ee38c7c68f639231f9a7dcec877c40bf2695e
67e43be2c5e4ebd831d92c89fb2be43eb324ee16bf992571b71809b324ee167c9ab55014df900b90eee882d9ac85d2b35a2643d708162ae6543dd364
e81a41b316ee96ae3419a8e87eb780e7d78c2cc8b0f51b3270e8972b3268242a32b0f566b324eef50419cc9228435fb15912778b679a25f103ae4a2b
d36266992551060e875c29a150f5dba0a5a74c5a486496441968c5d92c89323876cb664994a1afd82c89bbc5950d3ef54d37f89cba123eb17f72834f
8d125a3f3543efd6a4059f68fd535f235abfc21d325abfacfc8cd63fb17f325aff242836a3f54fcf7d68fd53a384663fff353525a3f44f4d1e947e45
496494fea94511a57fbeca3d5990e00fb58809c4e4f434a3fccb499051fee7902888a90f0fe57fe2c7cd68f853130c0d5fc67e36177f59da18ccc57f
b7e80fed7f79b5322d6441fb5f5abaccc55f143b91cdc57fb7f8f0b00c963e202c0339093296c1c24192b10c96162b2c8355f54c936f69baa1e1cbbc
cf68f87212e4092f5ad2290af6531bda5af072f49bf1b2a51fa0fd6f4984f6bf094bcb68ff1bef6c46fbdf582919ed7f736492d1fe37beda4ca1af2d
7d8d025f5b2361fefbb2a5a1611928422163195091f26e990c073f67c63238f515fd9cb110147f90b1108e365c2c0499dd190be1602f6415dcc280cd
2ab435e8170be1e09cc858088a54c8580832d033c5b494dd9a29a2a588834cf12ca5a664b310aa52c03345b064ae678a5f5d41bf59c5164523640a5e
c978cf663dd42bab7568d103c5ad947e92296aa534924c312b65f1668a585d53f7218354088a565d9c6f648a555d47bf155a8c27c5a9aea31e4c3e99
f99962544e33cc2c89aa7cc16c964455ee5ba600950ef63385a79c6c000a4fc9e82f149c7268fdc52c89aa04b742a129c77a512830a53490426129d7
f41b85ceba9e9969e94a93cfe18a29761a50ddd46fc8c72950b9e0fae84ab866a32e663b54ffaadc988a9d0354a5d9153b07a89eb951ccbea81ee762
31fba27aaca2e2a837c33757ccbea83ee9999467c3e22e8eb26cf9df52538aa3521bcb4d31b3a40a70bc9859523d1ea06266c9dd52079b166c7a44c0
d7573c22e022291e11b67e4304b28f8a470416a6e2a90687e652cce4a8819da850ba28f0c91473fbd7c0c254cc1cb95b706d66480d1835c5cc8f1a30
6a0ae58902664c3113a3caf550cc8ea8a1eaca4c0b3ecd8ea801cf66313ba20634c1627644d5d97f09c8d0f51b3210e65e0232e03f2c0119583c8ad9
11353af5800c38308a9d09542567143b13a8918fa4988d51959c51ccc6a831ea3e932f6a4a988d71b7e66b2a9aad512347ad8532454ae02894295202
47315ba34674a462b6468d455752b1afa85f9333e2f52e912a7d2cf1855c5039324a825f969492e017174b31bba0a64bad4a8b9134bba0268ece8ad9
0535393dd378495ecf9cb4f494450b19cc2ea849b328512510e744c95407642b2a99aa806c6fc5ec82aa88806276414d6c53c5ec82faae906929033f
545c5e25234b550b59d09f4b46167d491959d0284b4616a2af4b461636ad929165887b64e170af143844bf2c050ef5759ad65f93be4ed3fa6bd29c2c
708d25580a5c637314d3ecab92498a69f635a35116d3ec6bd6489a665f73507f871633a5aa78985ac64bd6ec330dbd666cb862b1383593a25d2c16a7
66ad45a6bddf2d7a30edbd668e394b854f7d9d153ef55d5578e104a698865e339b64696431636797069fda0c1a751fd9244ba3dea3c6b3210307e8a5
218346b721c3d6539061ffeb12dd108f13ec62c700b5a0f41733086ad14e6206412d5a28cc20a805ff6c31a5bf2aaea098d25f8b160a53fa6bd16e6a
4a7f2d9cad974ead327cb0c5b4f7aab493d2e1a587d764eff034d48227b48dd2e1891cad62da7b95eba698f67eb77801037e3590037ed16ecb805f6d
22037e310f8b69ef778b496bda7b953ba898f67eb7e8ddb4f7bb859c4335cad4bbc9a9988562dafbdd52ef83969e3269b13099f65e2b466631edfd6e
219f69efb572a451ccaf7fb7e0d32273ea4f6debe7485aac7baddae1272544b5d04c4a876ae19ed4972bba1259b4dc4c64d1163f91459bde4416bc92
65220b4e8d3291050f6959f04bd863310dbf560e598b69f8b56ae1360dbf36ce0c8af9feab5c3f6551da54dacda28609510ec534fcbba5fe8ccf46b4
5031cdbecad9534cb3af4a8229a6d9df2df5be6921ad69f6b569669b667fb718734ae7363cf3c534fbda8a7e4306628e0a9a7d23cab9a0d9376d7668
f68ab12894c355ba4c41b36f5accd1ec9b166c34fba6051bcdbe11d95fd0ec1bb66a41b36f5292d0ec1b9a76417b576a4b417b57dc45417b57dc4541
7befd8b1050d5dae9f8286deb528a3a1f7a8a7503352f3140dbd4b854143ef5230d0d0a9ea9e2a1aba5c46154dbb33eb2a9a76e778b4a269cb8154d1
b43b565b45d3eea812f5824fce7cea059f2865f582cfa6fbe0b3eb37f8ecfa0d3e398aaee8e24aaca9e8e27dea374febdf1c1e15355d19381535bdb3
c855346c85a15487402c3ad551a7f752e726d0e06556b46ff9ab2adaf7c050aa68df03adb6da61c0dda2773b0ca80a4aa968e683295fbd9038181634
73f9b92a9af9a8ba2fd1824f3b28a833a887420b3eeda0a04e16a96a01f3774b57765ac887463f937a98b4c40b758531ef2b454529a5992a9af9d404
41339f6c4815cd7cb6d7c259d1d0271a7a45439fecec150d7d4ef5044f53cf86271c48150d7de2b9ad68e813dda8a2a14fe22e2a1abaa24c2a1afad4
3b464397eba7a2a12b6da6a2a1afaafb122d7a40335f9213cd7ce149ad68e6abebb7460b69d1ccd7507f83169f0c9af9d248a0992f4d7d3b05a86bea
9987164f49d477e69ca182f0b234bfd1e8176eb68a46afe8948a46bf34f713f2e158a968f41ba75b45a397aba9a2b5cbb954d1dab766119af9d61c46
fbde4dbf455abc31f3ca5725ed54f3cad7cd7656d1c837077015ad7b4b3eb46ea5e954b4ee8d13a4a275efa3fb362ddd77b892decdf35e852653d1c1
158152d1b30f7eea8a9e7dd8142b7ab65278aa79d7ebc13954cdbb5e0f966e45073f2814151d5cb12ad5bce4f568d6a1672bf9a65678c13aa8955adb
d8a8151d5ceeae8a0e7ef475a0839fa5dfe0132db8a2831f62cc2a3af8397ae60f9fed02a0a19a66dd2e2cab6a9a7513766335cdba5d5a054cb3be5b
bc07d3ac9b1265aa69d6cd525cfe79696e14029f7a0805c0d1386b83314d56d39e9b7c5fd5b4e7e62e31bd693180e64e6f42f1aaa65937873e584db3
6ef26fd54ef5608e20aa69d64dd04bd582689af0b0aa05d13479c2aab9da9b63d7ade64f6f0244a9a6913701a254d3c89bc3ef574d236f0e5daf9a26
de1c5ec06a9a78935fac7664c0815307326034d5810c184d752003a6501df089965e07bc68191cf072f41bbc10b0544d336e9e03896ada6f13224a35
2db4796d28a685368fe65727f7693b331f74133e4a352db4794cc46ad1dfcda3b355d33bef967e2bb41817d33b6f259437667a67f3d2314cef6c7265
d545ef5dfdd13b3a5b35ddb2797d461b89b4bc6c38e380a79a6ed9bc9617d32d9b9ffacd66816271ea864f22aeeb864f7d541b3eb5016df8e488ac6e
46508bd46604b5ec9a6ed9c2a5d6a6a5a7980c01d74935ddb20534c66a5ee3bb8544e6356e410b91e99d4d2eb77aa8f38d7ba49aded902a73fd5f4ce
163812afe6356e21ebbe4a8b77643a690bd89dd574d2168afa1bb41879d3495b28e20cf9d0c7db850c552d64e0ddb60b19d0cedb850c7c01ed4286fe
2c617f5391852fa15dc8d27507b290c3d82eb8e070b35d8cf2d46f8c326fbc3938245ea73938e47b6a0e0ed9509aa9952d8a17532b5be4cd35f3feb6
e890c5bcbf2d720cdaccfbdbe4306ca680b618d4bb8d728ceadd463926f53e684d5a93969e62f2293da89902da62162f8796bde3660a68fbc9b3fae7
a5b9996eda04fbd24c376da9e821267a42376da67f3605eb34d33f5bd29099fed9125a5af3141727b2a199fed9287a7eb74cbc8c67b099d7b82955a5
a9a83d2665a3707d9640a67f36a59534d33f5b169fa67fb6cc7977a370bd827c9ae99d4dbea716e005ada9057859fd35dd4cff6c4a3669a67fb67c74
87f15b88a46c14b02f6c3a8d02f685238466fa672bfe3d9529645fa2eeb0f12d2ca4cd74cd56581e9be99aad60ac35d3355bc15bd928565f30c11ac5
eacbd053062dc6c974cd2640d816e19725b025f8d55824f8e570a525f844cb68093e97ee8bb490d3f4c92637504bf0a9d1a2c8bc1c388d22f39565ae
9987b855af1e262df8345db3c965d3cc43dc1407d4cc43dc9490d24c0f6d72ce34f310b79af59bc9a05492663a6aaba820cd74d456092b6ca6a336c5
d734d3515bc3e7dd4c476d4d1fb5798d5bd3ec35af716b5ef7755abc3fd35f5b63a96ea6bfb646985d33fdb5b5a81e4cbea6cfdff4d726d74933fdb5
b5a696a3c5c85be4c8dd8233d36d9b903f9af997ef167c9a7ff96e319e05f9b4f415e4c373da0af2a175b7827c38989a69b3ade3f46ca6cdde2d3833
6db6c905d24c9b6d5da364da6ceb5815cdb4d9bb052fa6cdb6ae91308db5f5a41e062da435af71eb1c16378bf9b85bf069311f774bbddb0876c96e1e
e5a6e49486de2b474343efedfa3ad07be53f68e8bd5d731ebd5771320dbdb76bcea3dc768d12caada2661aca6de758b2a1dc767d1d28b7860af258a2
6bf9bb42a3be0efcfa0df57568cea1be8ef04add69a8b143ab2aaaea2056aea18e0ecd2fd4d1a10dc51cc34d11380d75741012d15047851fda504795
05d3063c7162d9063c69ad42551df80d9a397f9bfc1bcd9cbf4da8250d357634f56e736f743dc566c618ea0119b4c60d64d05a858a3b8eeeb399312f
716d336362ed36d4dfa9396b41dd4df023cd82baefff91dd1cc3f7ff706d0ee1fb7fe6b33984ef969e62f2cda496c9273092660ee136a5569843f86e
c1a73984dbd2da882abeb41aa26e2f5cb2cd423eee16579a43b82d0e149a397d9bbc1ccdc23adad2ce8e62be303c1a8af9c28e6b28df020769e6d8bd
1704fa43f95efab650beefc9fa9a6f28e1f2453414ed8593baa168afad163ca114b70d4f47bf194ffb52cb466463ab3754ebad1986fabc9b7e3bb478
57a8cf5bfca23e2be3a5a13e6fbc4e0df559392e0df5794b59447dde98a80d1559fe86868abcf54da322efa3a7189f47330c1559fe86868a7ca42d98
dbf66ef18ecd6d7b7364f775d4e7c3a151477d3ebcf18efaacf09c8e6a7c583f3baaf1c115dc518d0f73b19b4bb709cbb69b4bb71d1ceddd5cba4d00
22fd420654f97e2143557ff0c9c87794e883c1da51a20fd9d5dd94e8e0f1bf7553a269fd6775f4fff5fffb7ff6fffadfd7a54a82aaef65eac175a992
978a36d98e707d4a96ab069231717d2a8bdb2eeaa951717d4a89dbf679005eba3e95c26da7f49f8e544d87f2394157aa400eb56f82c5f65d9fc2cc2a
6a32b85d054a547bc4d6a7eb5320594542a6aefc452b376231a26a5fa848c5827995b655cdd9cdedaa35ab92a89bdb550a55d5480fb7ab7ee7a798a3
49a4228ebf85f1ec4a95c0fb543b639055b38c0a3f07309a4b357c28da13ae2322f8dd952206f6755caa0f4341989f620a1041ec6e9427303de452c5
174abc84cb02a62f9576a1964bd080a88e0bc55b7e4a2b4084a50e4b0ee6197250ff7dbae85d78fd0796cc90bb3e60fc4715137e3e924b28fcc0efdf
cfb4db81a7bfc0a50fc0155fc28207ccfd9e20229aec60ac0730692ee1a803841e809fb904760eca790084f8f2d46b03ff3b5c45447b8d007e87cb3e
df0bb0ef0b84ef7099797e81f07d01ed1d2ef3c05c407b5f607a87cb6ca90bc4edcbab6e99396a2f4f692b5f789b0c1d58d21720d28785ec0228fa02
213a908d7681f47c01f11c2ef33e5d403cdf7f90a841a4661230ce774709e286c857ec1825660870cc3711e69921e0301ff20e2f70982faf196219f0
1720cb971fe1f1dec12ebe002df63e337494820667d8534fe60222f8021bf81c3e43b0732f4073bdd38ba33406a8b7de579e494d0cbf417aaf3c9382
177ed3bb85c75ca0cf5ec0ce7acf5c0252f6024bd603357381027b01fffa59c18078bdc061bddf11442a7b023e7a0e8b00e0a317889d0707f615a82d
0876df3dbd2152cf09f4afa09516f4af0be0ad2b98ed7d01bc7581aa75053b28b940d5ba22852482ed0f1720597707f6270c6ea72a28905257985c49
690530a1ae8844a0405d60125dd176d80b14a20be89e2b9a4ff74a141d222db05573615e992a59d994f5b8cd7b746d6ae76d30308f3903ef95f28725
775d40d69b44eeb2cfd75de65b88c7ec00772588408452bdc5b149b90b044e671b8a633f72ec4789ea1277ab4004933b73bb6d3df71fe0b04d41bb5b
5c09d2a4ebba7240049a7bd051a7779011bde56c38eac03b0abf1bbef80f71722568dafe20bbb90d1d858b53b42040477557474957c3d4f8217a8842
c73505c451f2ce51e3cec2f77e88668f394aa559d0c20f1196a80f657ec61fe2e44a000b9b7a5f3c13e8eb1fc5157d02f5e13f28148eba358e823509
bbd351fac551f325619039aaa738caa6a491209a7fccb1c2a7694e01479d0e47818ec489ac03afdf01d49fb6cd3e07c4be035b3f6d738b3b30f29dc0
f139feba5bc788a07bee45efb62c3ac1da533ec10109ef84018fb6e7fc8608e60829c23fd51f8c08500761c20e2869c7ea91394d716033df7fc0f832
8f940ba60adc7f048c25e2826819dbde56470712ae030237e3c57780603ad02f3320d00ec449079e644ee61e71c1ce10ee3f60fe546edfdc0eda4bd2
edb6aade7f8095e16db2143910087336bfb68bb651df7f005331bbce016be7c0b3cbc50ee41d383df71f1ba56e1ba0033ac609330623d88119e30416
832d7cb77826f82ec3cc26976cc1760245991680ee4029708227d87658ebc869754a66f596017fb7324432865921c89d744a9a0c66713a72df9c92de
a2e9628e442ca70cac645b9023b7c829a9281d6ee71b555650b2b373473e8f53ea4ef63cd3961ba7bc9c6c168723dbc629cd269b1bc1916673ff2149
d3dcd38e0c17a7d4966cf122770b964855c9832b071d91ad512c25c6919fe19498a1b5848407a74c075c9e8ed86f47d0776976caee88b0beff902665
0a85230cda11ff5c3acc1303ec08fe2d7d71bb39731d71bea56faeb4ddc611685b869ec9c813e35ac00c71040139a27fca36479fabcc904acaed364d
d01194e388c629db92de1c11378e509bc229bb2380c6112b538e39771cb1328e4898bbd70b6281a84c8e03b1412485837744fc87ab648b0280e008b9
708ab54017bb0d001bba4ae0aacb5cd9e89dc84cb7e8c83c678ea3e2ea58693901beffd87935f87bb7fd600b4b251e11c5c7710aea38feacde920b1c
878c8ed3c51a0c7ec17136e23814a949448b5f76b8a56b66abc42dedf0475780d25d335dd3354568b254e2ce714d817da68f383c37ae29860f350117
8a6b0a98b3e33a87a7c0e122a8cddc8c0ea780c31b50f1b4bacefcec0a4cb250e3dbceb1f7de891e192caa9de5b7132832f88eba39c55d272a639a77
ed6ef1ccacc01b6e37a7f1fdc7ded1e47574de66e76d2e73f0bace7ed489c82589e96e712501b69b1da19b3275ff512c09bd2f6edf0a81a0775b235d
2715e61c986793eab8402e3b5f77c3144937f07d00f6e986194f6e7030e4cc92be5b0b22c1016677ba6142bb814b9e4480bbc595f8db8399986e34ae
b488de66b071ffa2500ca6e4c0059a2d8ec00df4a781ff2fa37e0d9b22f71f8e9958de86190b6ee01723eddb0df330b9816ba954c68081190c4c311f
d6ad0dd9949c9c2782bde526ead7e46c0de47337ed33beff706810442c10f1f333aed3eccffb0f871476ace426dffde48c0b7c713723bd73384534e4
ddaa10392d383c93373079037dc17ca6234e43ba7908efd6828813dfa28bdd645f9a05dfae1711963888181e3ed9ac66955f9c675658aa3891237cb2
2f4dce00c8177593456be2fc1f8df16cf4dee4594622f3a7de7f705a269e89ea31e53d3493f86e713beebfcd02b34cdfbaffe02fb47336b7ec38f9fe
83bb915567b1602f273f23b7a3762f4e870f7ae8b2adebfe234fdf8148471cc292abe716ef7dd960c915e2968d995bb6367bd24fdce26b5eb6107a27
22737e613c9374f373b009d1cc6ce042dcb21dfad6cfcd69e20d9af36e79887801cdcb79b76c8558b6897b6fd1396e43dcaa17caceb051fab729fd32
f2efd6828837c18c7cb7edabbaff60be72e5b12df6fe83e5cf0a7118f9e3e42358103344bc33762ee14e82685b49006cd41d56dc634e93102acf647e
9eca78b2a51f94fd630b8c2757e76ed926704cfff10e35e1743ab2a0a0e0ed14dc1d94e8639b8e8f8cfcd97464cba927f8c19d839878bb8225a8f8cb
d6518f57350463e96e6588e6dcf1b659f9eb92b3c5dc2bc31c31fea2c4e26593cf679b36e67a31e232a23962fce571cb785c2199677a3ab24c319f2c
04ca5f417e15fb2dd920fb2bd091ad4b3e592095bf022cd9c1ba4fb632f82b72bb2d413e159e694bd0fda7f1e260de5c60f71f3cbc0ed913b7273813
f376c4ecb1d27d310f9abf6ce9baff0cde111215ee3363ddbb09f3050f4c91b78b913f3c1360f2658bbf77a61ede7f004fb2e82a4fb1614f75e1e66c
51f55414f6940e6ece5c0c9eb2b89efab70d6dc8534cd35336501e738ff7d053cf4ece5c4f7d398f852a8fb9a7789ca76a9c3ce61e4f9f97a70f8fb9
c788f538fcfca7a38af38a32e94157da12ebb15ee531f738e0bc5791ebc1ed03e6559fda54788f8fce7b15919ebad206597e383ce61e779cf713eff6
8279ad288bf381cdeda62c7aea54c963ee71d579f9e1f0987bca4679fff4987b2a3d794af4dc449b0cc1f4114f119acf2053a4c5539d0577ea3f2b14
3ed8bcb92dbff13fbf3ef6bb25226eea23a2bd9630afef4ae6319e7d50c9e4c5950bd6540fd9b65f4f01041f54f0d814204fe5031f3e958d1bc406b1
ffcfaf8fdd536dc0536640ae6f0f7cbf0ff29cf3dde3f1f3c0e2cbf5edf1f87970ede5faf698e71e407bb9be3d40f11e8478b9be3d08f11e37a05cdf
1e68788f3750aeefbb45479ecfd15cdf1ea0780f42bc5cdf1e84781fe5a2b74dc003ffeec176d71ee2c176f700b7eb80c0c7c0332b8b16ab2350d31e
8c69798f3da8d21e38e9fb7b82f9069fe6ecbed78401912bb5fd26ae34abd983b3ec2fdb437cb4b30e0f6cb2bf2abd2f467ec9d18fecbce2c8f9904f
bca3cd959f696eb727a63968a37608f74364690723f333cdc1babcfff4c75a0274a54f7612f1594b12cb70b265f8b3960064e941b0fcac25a0467ae0
223f6b0900911e2cc8cf5a02aea107d0f0b396005ae8c127fcac25a9b24fd4f9584b001ff460f47dd61230fa7cd2e11d1f02207b3ee9f08eb504943c
9f7478c75a02d29c4f3aae632d01c8cd83e0f6990c60b679c0da3e930160350f6ada6732809ae6814bfb4c0600d23cbea1cf6400fdcca7f39c0c406f
79f0b12e8a707a30b07c764864110e774b576a0fd910274446c9e20f3c10581e9caadf677aaea4f0f0e7995e579ee733ed53f359eba89e8946006cd4
474c80a23c484f37d1d63a109b3c704c9f51c2dfe4736b4f96ccd9e2412c9086e5412cf040157cb67400083c780052783d59fe9e1cf75b4f9e6b397e
b0ac184f12fb6711c431e4c9dcfe2c8238867cf99cd599fc245b7b32a93f8b2099d41ea7d14d3c46e46320b33950c8fadef121163a9a22d251a5a345
47ecd24567b49b8e2a1d553ada74c40e4e626ca0c48127e3d493f2f91953523e7dd131b58866ec7812cf64447812cf7cbd584acd3f74b722443ab200
574faa99afa679076f86b32799c6578600883d4f968927c5c2478bfff6a45878722b3eaf83ec068fcfe9f33ac833f055a7cebc0e52033cb1fd9fd741
6cbf2754fff33af04ef9bad099c5d282b8619eaf8e80714fc47720bedd1381ed09bd0e04b67b428b3d31be3e1a92852738d037ad62e695f4c4c979bc
534cc71fe7debf2816c481dd7ff2637008c8f244547d0687c8284fa0d36770f07e79a2913e83d358d19a0c340687e022dfa458305789eef104f27ce6
2ac13a9ed89bcf5c6d0c0ec1339fb98a9fcc372916ccd56e6e018f1bea333878a37c37c72183c3d4ece8917dc487fc7d429cf5217f6781eecb3de4ef
eca57db587fcdd5422df6576227fdf3c73c787fcfd403cf5217f3f7424a9901f67971f0a3430f7f2dd8a10db6350062bfab8f66350061ac7e8e93128
c35eba1f83d53742c4a8c059f519908198436266116d51c059f51990c11b1d7aa30cc83075d08f7d1e03323042c7498f0199483425d114d13a9ace3f
06649a557effe90fd9a76d4e7ebae7849898d5738487ec73d0d15c0fd927b6d35ccf857bb297cefd5cb8a7790f6e9be2b970e3e8b9ff3c17ee69feba
fbcf73e15e1cd2afebb9702f07d13d17eec587bffc73e15e76dced977f2edc3873fcf2cf857ba10e2e850b213b8e17bf6c9af231b0f72d7489b5af87
fc8bcf719df8907f21d59254c8bf99a3fb4a0ff9378e847df587fc1b47c2969e8ffcdb41f4f121ff46aa2da9907fa321ec901ef26f54832df51bf937
1becc6d475186adb36d1fb8f7d21c1c277fd6623d9eca5522cb71dbfdf7f32447a6777d966ffded61e7c56586293098eded1fab76da921a0f36cf6d2
6d1a490028e76e4588f8c9ecc8d36f14fcdd7966e04ad33def3fb06411a6778b8e3a1dd921feddea1007445862bddbac77e4fedc2d866e94a7ecc4b6
6c339f7f65c76ede7c211fd9591d364bfb47f6c528d9f6f72b3bdfd26611fcc8ce66b8777bcaceeab04f7eca8ed9bd4f7fcace26b0998a1fd9f1ac6c
d650c97e4cabf0079353b21ffc4fc7b3e258dadbddea10d96d10f3a0c11e4d457c45070df6286c064bf0303f4f5054d882e821e21ad1ed764e71ffc1
e384abe9a02a1e3b53f71c8efac34c3e8af5b248797fd00a4fc2c561e5b3fcb113767f98de1f89cc19e94fbe9e12996bd29fec9f12a1431d8b903938
8cfdc1c23ab9fe3ef35f148b93612df75787b096e7abc305713f3b2c0c211f60680ca105bedc7ff03c74c6802fefa0e5fd12e9bdf6e71ba8f45ee7f3
0d60e71dbeca0f914fe774fc7a4d44de005a1ed0641edfebfd079768e50da03f1dfb9e3c39fdfe4c66dfc40a43bd3bf8600e5f509a3c933df4eca777
e160cb1d6dac1f22127d7cd90c3206de512896868ebde99c47d0963f7c25479a867d3a0177f0fd479be082c8527bc1929d09191376099f8ed964b66b
e8613f7f0eb747be190515766e97812393a6d37b9293082606576a822ac673d0519726c576691ed5bbc5337bfbca1e08a4b5fb7e65bf5b4834fa53f6
c1f0c8a32631072c699410d3a188b9cb3fc474a6bd0477ad8798cef6bae0e4be424c872de3b4d723a6337b3bb8d41f623afb9aef3ffb21a663949c8d
d2d916da1f5ce6767d71622973bbbeb826e282b8bf8bd6dde299452b443462414cb3297fafb493e1fb4f7c5d992012596cdaf5dde2996c801a7985ff
12e57513a711ed8c2d383923ed6023b84deff2266a3c319adc27d290dbd14e3ec1b976901d08ce0d5e5e3a4b9c0f8aa0f5414e531b3a6f9eaafb0f4e
fac0ed4c616f0baf7c30b7492acbd41608bc0b778b2b3f9e7b5d696fccb39ce283b95b1122ce1eb30603f15ce113e66a0eb9a06857c2bae4900bc4b7
dea6e5c38f7fb7b022cfc38f1f0253315c0f3f7e084ccc703dfcf8774b7accc38f7fb7a4c73cfcf8770b85c93dfcf821788e8dfcc38f1f28371fa825
2fdf5ba05e7c08f1e1c70f048e052ac4cbf71688370d545297ef2d103f1628852edf5ba0147a08f9e1c70fd4320fa13cfcf881c2e12194871f3f5097
3b5090fbf3de29c11da8bdfd79efd4bb0e14b3febc778a590722613fef9dbad521f4e77ba72875a03af4e7bd87099f3a99e093913b3ee864c2f4a620
777c502cbfe94d41ee78fcf0f29305b9e3a90ffcfbcccd95bb3d9fb975e5783e939d24ecf57ca694b0f35091429012761e2a52a0186f08e7a12205aa
f006dcff9f358428e010afaf8af4cf0a45a0286f206e581b75e01421508657fa5300ae2a80531529a413c0a20a8050c56d79530110aa00fa54dc86a4
148aed9fa1d80213c971b95b05a2c56312ec1e08a20ae0082562940278400120a0146c4f0e40d40402a5ac6ec10f115f20203186f96dc401d1a25733
cb1b882cf71f8b1b2da6fc85ca0253ed833014a91f228b3251579659f54364fd05ed238d42efeca6a05ba4cd2a8e5f2b005691b6952f09f272e1de4a
9b759470abfb8f851d1f46be6217107c959de1b005101002d0071984cf003440001320479e496e7e20293f673e3232ccef3f16b909625b681cc7900d
9eeb11b143b48e9a855e0612b00399d7b9d9815620573a90249d29071f487d0e6439e7ce5689ab2d90809be7862516eca63a43768c7eb7e85d057f58
8649cc0c4d5579ec8c2d90c518485f2cdeec9040aa6120c7b0508135900f1808272b84100439db9a4abe34868eefbe81ac1cf91c49babbafb0670233
101afb675315139e493a59e82af561716481ecb0405a58c98e2bd163ba8a6658a8c30f180344ea4d980a1f3aee896e9655a906557daf8a36209d1a12
9505bbb327772a3690d71c3a69299d9204a4e30662d302b169655a5ededda22320ed2913163ac9261d34f955b99d559c30b4fb8b414c36d50ebefab1
2cc4d00744f00cafc533f1fd7560f4c2404cbc5ac4add5cc64e84c6f5c79b5f0150fa6379eb94aa18830d86907c8649ac9839093013a7063ad1b98a8
03acae61d66f184cda01f0d3b1f4ed40145b50149beb74542016b0512c893110a81614a856743b5af0204d969219410e4145afb520225782fd42206d
182c02f80cef0f80de711d0e505bba3a62f91de4860e96b5c97b9fb6d61d7013c3345520ccf4d46d276ad74c4fdd76126e3371e790ae1308310bc496
29df26106216882d53be4d98a8bf13bbd31bacc5ddf21089393077fdddca10391bb7609830998a130b95749d404c5a9818aabe7165854f054c781111
b362cf673ab283e140689a127bee568248c842412272e8a65463d46db923a7546334c1c5f7be649759d0ebad7298444bc6055371319e0b9d8ae0dcb0
eca4f5fea3d751202e88447b2caec48058c4946ef3e3dcad00912c3dcb24090b2d1f77e3ad8ed8802c548f7538d935d752c0cf78ff21e1c98cfbbbe5
21a287ba7f0dd20cf253e2a0bc02bace26e0699322e52d26356c9ccc9ba34f10b203eecab03dafa570251ea36daea28fb8725e6ebf1fe2924914c824
facce8cd806e8c36cd689c9061cffc78ab9b2f6fbfdeea61608e5782a40d21beac80dfe9f3567138dd7ffae3ad1edb38ef3f4f53f344ae8cf46e5954
77ab41b4790a8045382c45c79622dff44c26138e234f31e8806f28e01bf259cfe4733cb223c5275afb216ceac3272b99dc398076dfcaa9bdffc3414f
5adccef1de699c834724426bc7c713c8c80bf87182fc38fa9e0e3ace51ac118bc1c1752a1f8f168333e8088f8fe6fe619f3f442585a18e781d785733
d3e6f06e7111ddefbd416494667f8efc44f6959fa384c27bd67a8e128bebc1a7ffe99dcdff9cd7edac10e73c6e8f44fec5cbc5ef95f132b7c5fd673c
aff45c195e5706ae0caf2b6d9f8fc4ec6982dd1abce9d972187d6eb785295ee4ab7e6e4f3c93801096f688fb282a3c8fa53de2458a7891b4b4dfad00
317edf6624f92e2aac8fb779b71a44e2966c698f04f9c52b9374e961debecd786967685c69ebdafd8719e245447685d2653aaac8ce413c4b7bbccc28
8de4ee692ac6cb56fffb8ffb4eb078353a227f82d5265e8d51227d91d5263a72139d32936d718df89b22d97a5a5ca333753b2ad39bc5f56e2588f977
71fd695588edbb7e46e7e988880ed6cfe84cb1bbffeceffa1949228f0e2f37ebe7dde2f6781e12395b51ee3fee29d18179ca54678b738cdef6a5fb8f
e977a0664732852399c2d565ae340b27127058bd798da3b745357a0095b3e9e09184dafb0f908753c40a11203d8b3d8f785262106e58e6ca0011e427
2aef467c2011e7475b0c72b09975ffb1c13a48144c77b8ff989177353a32dd3606d36dd365685b3198b33a0633d69217d174b8182c7d2da444478bdb
cd4a4bc4a4452ce988259d285817c9c78d84e52530c923d17991e43903adffff859dcdb2e4b60d85f7f314b3f13addd4017fd6a96497a42a6f205154
9517b6a726f6fb87f77c98789245bc98e2342ebb2552140880c039163684f6659b772e91502712ea0c36f9213cf8ba5db780664d24cdedc61782d34c
54eeeec66e2b18cf12afb6fc6a0730c292cdaedd5863828f2e797a7663a779f2dcc58450cfb71d5ceed306bd488c0b9032f7a78ad045a1760bfebf41
21cafb94bced6f9e156ce582a6fcee3a6f903fb7e4e20f1fcfab1e2eea13bce04a42f0c3e57f82025cc9fd7d2c7a7a5bdf8d9d5d4d84d697229dae56
03728a4c3625636ef76186e0c85592e3769fc00a7a5a91f356fbe2eadee8049f6a1d768f04f7a9203dade7c1505957b0885668c00437a8a001add78b
b12fc64e25eae5009fe0d5546491a471b7f663f693852fb2c2eea4ca0aac10b3df8ea6897433c1875897419655ad9c767322bc104e84befa72d84ed0
f009febd0a7190a88754d643c238234a1f951c66a52274b8564911961a12722f25abd7913dad5d942c4de19a1b55165b122b454b215f87f528ec6e0a
f622415bd4c0cf133442823fa841ef20f87504b14ec33115cc318232a6359fa78b8435b574ca1d1b15ac24828ea40d83a209120cc17ed1a8a4113c0b
8260a14d675da99d7c1dcee19b61027f2f70efdb62b306877e37fefae3d3320147af964c534c08a0d54ab4eac288c0a0de8d1de8e39542afa5c47b3e
5c402090939590c9f2e98e804c56622503b028908c4584adcb8538028a7837ae618bc26f567e33893cd03cc0ff0adcdfbbc77670d1a7bd715bf6047b
b82e50943f2acb1fabcb374489a37a722db097f4c950212168ece283376480c00e5096005414488a7d39ef41e0f0eda6fab6eafbbe59e640d629b1ea
5e2efb15b8724a4039ea1004dc9b860738deae76d46054c3a31ae54dcf4e4ff0da8a93a9059a9a8051db7750ee9b7d0af034256a5a61a99386a60404
53feeee4b6c0e28aceef4e060060563db8adc51dacc43e640e1e7a5245d7515c0026edc6db7177a849201e29a18e08cc083823258ed1e096402e1221
b101b1a628d7dc0d887f5847a7b58b28d0dce3e2422ccb13e4c50b7b8f3acddd0032863e39b1104eb0013f8ae93e84589b27907db3a6b021044f8c6d
ee74c86137806fb9fc757fe2ea20e2dd79757b273aed966819fe5a946b8a72cd78fb18607fba10822971d3f361421ee2e2aee5d2f9309f3e3088e26a
795d9e4811048b03e38ab0972e6c091d0801d2b86c2844357a962edc84cb3318806cea6213bcbc0906d593ba80f1a09433a8abd7c5b2b9bc6cea817a
a7145384b6ea81b549f84a84afaad843afc5d517e16a8718353102e79b9d91176cda8b12396bf5429b4d4ce56953b91acde10f0c0caa2f358993e2df
6ba2a7277aba605c4ce660c2f59ab6f97486a8287c6c8d578798d16ebc1d0ddc9ac94b3609464f4700f7277e73a2e683e1daf5dc8d83bcf7c32d7973
da8db7cda7714bbc8ed30ba63d0e78e8b6b9b91b4abfef144e8436c36169d76df772372e2b06d7741b6c5ea03730fbddb080fb135f07357ff8ac4537
c6e00d50fa8d6d72777ada40ea1cffe8b64ba01b3e9ce744e8bca7dd245cb4c77e3b9b6937561b7a71f3bc1037d0cee1ba502d96f90235b8e3152dd7
c1f9ed7248f446d8100274c86f2e3fdbddb88673e1ce2e1ef10278f571b991969ddbdd50ed891e7dd8cd48087a4195a6070390b0492935854218dff7
e42dc9f2c26f3d71959e99bfe9654e1acb6e88d639eabd3f9d0841f19929f45bf270222963ef8bdc1691d4b2850b211772c4e22596e2e378a0085c6c
213df1089f2793898d6247364b7ccb6601b0973496c8e246f20703149f78654e2248e9943a06718f4c130dea18779307af080f9cb1e3bbfc8720d211
af3cdd4ea1030991818424957fa7565de5f7998f627d11e55d7f9ff928a8c54271c6b79e1c17fea7a40fa103255102042310baf18da360c83d703417
10850a76cb73a53035753e69df7c0151a87094c8897950e01714f8056933510638418e43c40b88c932b84f6b9bedce3e08fd3d921be205fb0bc85cbb
e15181365b4e2e64ab2892a9b2386617d407c61b0639ea03772384f49c7cdd2f7310ad096a0077c36481190f085780981347fea6f57d80c5b585ccd2
c3d781093a409f2c0f3d1f7ac25440f645907d11820800349d386c264480ba4f4ec56e3ca28090f70049e828f4047496f2c238ac1c4d5d6e21f77270
ae0c702b2187ddd0132a85c38a65379c2bbfb2e78910a71f9079a21271d474e5b93ae85487a35fe657b0903973a0cb40e91f42d0a9085c44b2861f27
b7e4c3d138016f3ec09c3ac079ba6055a1ee3128788c0b5c772a1d834ac7b8a03123a762377e9a17d0e3943f06e58f3179110ef0a10e074d6302dc79
d8bbda8de7e506529df489207d624f3cbf49260049119184bab2111e844de2618564a08432c678b8ba78e0609bc50324b3c819908f5123f93b28550c
4a15eb0be0ce0c94e84008983db586bb5908ff306211b2cd19b20f54df0089cbae50c8fbcb161e0801f80a10a166f664b83e95ab49ba4a802608d0d4
3720c762ddc83e452d60fbaa31310dec28de3c91b9209bb3b5c076229214649d5005df16c58dbbf1d503b87da11ae4707e0d0051816d0a11ad888727
00689826805200cc6a7221dbbf152b33880405b59135e90b75f304886b54381b856a00eea926c03a059301dc53ed709ac62b5f78876f3aea2d6cf8ee
c6171ad9d3a6c06ec855009c3712458d45715ed9732104a48aa90be26c612fb99ea0d5061a220e40aaa0220f5443082315dd1ca886103da1e8a1a273
37bef90b54f9600b0a654cc7cb86805450d859133939086686fdc5ba2079a4087337846fe0e609b478c0f49dcc268186884c9fe0b9c7a427c669f287
c4a427e91325c78e1608abfd76001d0e98562498d601226db00910ac6a49af4af96484cf589bd03ad541be2058d52239c16d490451aa56c175afdecb
77039c55874f994d800acb5699e48af6af360f5b7bc31ecd26403cab359401f1ac209ed508c8eebd80ab1b96aa25fd60455357bb8ced4c266b66bee2
165c49ea0df85e02745d103a0089184022b6eb493e7b6e6910124a66695e58c0bbdaccb1a3a9ab1f55bb67b295d37312274a7a6bf664a2622d69a22a
f07cd5dab8bf40456ebc470d56394e8f020c2ffb831f0e445228bec9938276ad24096961e783298d64adfd89203614694772f6f11e112aebc737e65e
1ccf8c2801444e35e76e8828cd64b40d84f63fe29594b40861bc0a769bd6f8ba95e347ec0821238257aa266563a7271452158a088a3a77230b9376d2
1e4e50c6d96b321b628435ce451aaa92b0dd6e3c21ad27eb2563b7aaec5d493bc9d79dbdd8fb4c1e47beeee7d7c73be915994fd8d493a8802cbb20cb
ae276300597641965d3f4b320d7252005df899d4322f6c0e78c2cf6498c15e06cdac032814ddafc56e3cf699047b3e84d88da76e261511c654876e7a
26ff1239771d96639209f7a71321e1b564d7096c23f88957b2e7556e1e2ae2950472d8e01dd8ad95248618539de7fe00474f3a5f2488da9364559856
1dc25eb29882d0626468f1c9ab03f5d9213f78257119667a87f5e0954c6ebcc51d8cab57b21c91f1472c72bc3fa0e6be372854fed79ec86cc00ebcff
3b1fc0c50c82e4ff5e493ac5490fc0fc25a79553990e067fc174ec2c3e629f5b98bc545c08e893924448d87e1d10fd92ec5d9381819e5fb03cfb640a
80c62fc984c9c6d0c95b22ae1f14f34607f01eaca2e89887d4f48e92fc7318fb1d28ae242b2738bb1b40c6926182e3b4016c3a41af20bf71371e5124
7f079a7d78098f5a8093f7fe1ea4408edc5786f5d26e1c0da86c0c831d7d78471fad25170c86b955d768797556395878a325ff40cb833730bf56d27f
f075d2c8067b0011e0c808f078928e83b103b075261b0beb8c64c9713e49c0b1103e08c1bbc71d1cf0b45d4929823b38205abb72ec64ab0e38d5ae1c
3baee2803eedaac9cbc07c92af7627dd08dec1b8098b460a1b42afa53b79a96e26c46b62dcc9adb3b84f98c4925e71b05711821eeb9d5c065c1d9eaf
95c40a388e03c2adb512c11f9708aeab4709c17f23f4cc7fc46ffeeb6ddcff9f3f9d5f3efdf96fe797bf9f3fadcff3b7af5fd7cfbfde3fce5f3fffe9
43faf95ecf8f3fafafeb5fbffcf675aecf5f7ef9f2f12dfffbf4c30f7ff9f9fe67fee9e3d33ffefae9df80e24427df7c0400
