1f8b0800000000000400bcbd7bcf25c771a7f9bf3ec5bb03181803925c5579f70c0c50644b6a8022b5eca63dc26231a8abdd80c81648ca86befdd489
e739765363b017bbc01220f9e6a9aacc8cbc44c62f6ef937ffc7efdffce293e3fd76fe22fd727af9eafcfefd9fbfdbcf5f7cfabbf54f3ffb9bbff9ec
fdfee76fce6f7ff8e23c8ff3783efdfeef5f7effddfbfdcdf9c3cb7ffdf4f567afbf7df7c3dfde2fbffe76ffe39f8ff3f9d67ffed2afce7f7ef7ed7f
bcf268e7e5bfd281dffc6afec5d79fbe591eafbd7df7c31fefc77ff5e4258a2f77f1a53cdefac7f3bbefdfbdfff6ef5fc62fa769ba7ff8f4fd9ffef2
ddbb7ffe971ffefee517ffeffff97145fffee7cb3cc6f48b655a26faf1cb974ffef8c79778f4fdcb77e7f7e777ff7a1ebffcd1c73faee9abf378f7fd
0fdfbddbfefcc3ddeb97f5dbe3e5cfdf9f2fefbe7d6138e297edddb7eb777f79b9de7ff7cdf73f7ff9b7773ffccbcbfbef7e5ccfe3c7f77ffee1e59b
f7c7bbebddbe3e6afbf9cbfaddf9f2a7f3bb6fdefdf0c379bcfce9bbf7fffaee9eb3971ffe65fde1fecff9e32aaef77ffce3fb7f7bf7ed3fbfecefbf
3dde3d6af83e6af8e6fcab5eff1409dfbfbcbf9e7ddfdf1ff7d77ffefe877b287e586f9aee365fd6edfdbffe55cbfbbf0fe7b7ef7f78b79f3fbf5f7c
f7fdcb1fef6a1fb57dd89d6f8fa8e4dffbfae38aee8eec7f5cdf7d737ef7ff7cccbf7f0cf60723fcecf03d5ac79f6f22feffebf38b2374b8c3d6e792
f8bbf7dfbdbcbf9f7cf7f2cdfac3f9ddbbf58fdfffb88e7f9fd9581b51c70714fef2e52706e38bf35dd4fcf8e8dbf59bf3d179b6d4b7efffe3d798d5
77f79abee9a2def7dffd551fbe59fff2727f75afde9bdcf72fe7b7c7fdca5ddd778fde7df3fe87f38511bd2b396e1aee7df172dd0f7e5c498ce1f7ef
af1ffeedb1f09e8bfafb3f9dfb6355df35bcbbebfbb7ef1eebf95b56f6f78fddfe53b3fdf6b7afdfbcbcf9f2d76fffe993af5ebddc7ffffeab2ffff1
f567af3e7bf9d51fee87af5e3efdf2f77ff8eaf56f7efbf6e5b75f7efed9abafdebc7cf2c5677fb5dfbffce2ed57af7ff5f5db2fefa7ffe593377735
ffe5f1d6fdef1f5e5efd8fdf7ff5eacd9b972fbf7a79fdbbdf7ffefaaef96eeaab4fbe78fbfad59b9fffb8a2d75f7cfaf9d79fbdfee2373f7fb96b7b
f9e2cbb72f9fbffeddebb7f7376fbffc7974e77fafe3e5cb5fffb896dfbdfaead3dfdecf3ef9d5ebcf5fbffd43f4e4d7afdf7ef1e8c5afef6e7cf2f2
fb4fbe7afbfad3af3fffe4ab97df7ffdd5efbf7cf3eae5a6fec7b57cf6facda79f7ff2fa77af3efbe5ddafbb2f2faffef1d5176f5fdefcf693cf3fff
4f47e626f127c6e557af6e5a3ef9d5e7afe8c33d329fbdfeead5a76f7f7ed7fe1f7fdd7cff6ee493cfff6a60defcfed5a7afef5fefd17c750fc0275f
fde1e78f01bd1b78f3eafffcfafee27ef8f2d927bffbe437f778fcd71f0fe35f2de8bf1ad37bba3ffdfaab57bf7b90f6e5af5fde7cfdab376f5fbffd
faedab97df7cf9e567316d6f5e7df58faf3f7df5e6bffdb8a6cfbf7ccceaaf5fbe7ef3eae777db6f3f892eddf5dd63fde6bf3dfefed5d76f5ec7a8bf
fee2edabafbefafaf76f5f7ff9c5dffeb896df7ef94ff7b8dea47c72d7f359ccd5975fc4f0dc43fce5577f78b4f018b798ca9fbffcd36f5fddbfdf4b
e98bff64a83f798ce19b7bc83f7dfbe137774fee1978fbc1b8bc7cf1ea379fbffecdab2f3e7df5bf4dda978ffaffe9f59b577f7baf89d76f1e6fbfa6
43fff4c9dd9baf63981ed37ff7973f5fbff9abc97237fd3c56cccbeb5fbf7cf2d93fbe7e50e797f7827bf3dac51963fee96f9dbc1fefd4ff8f27f2ab
6f8f4fdf7ff36095dfffec677fa744f1f2774f19e37af7edf19d62c5cd9a6e21e3673f9b979b35ee3f3c8bf1bffd9b5bb089efdffce5fb1fce6f5e7f
7bbd7f49bc77fcf94fbefbf2f2775fdd7fdc6cf52fca207f7b33b2ebf1fb97df3d38da7d70f2fbffbc8591ff1952cbf385377ffed39ffe783e3afa52
e2b79b3bc6ffef566f69e78b07dffdbbbf926b1e8fe3a9120d02cd7ffcfcf62f7f3a5f166bf91f5fbffeece5ff9a5fe6e96529299597799997ffdb87
fff4bbc739cca73f9b21e771347fffa7753fbf5bbffde7f3eee37fbf2b9ffee1e5bffffafee71f1efdfbab377e36df8dc7a7dbb5ffcbfaddcf9e1f5c
d775fcc3a354d33f3c6ad91aa5fc282dfba05428f9acc69b6ba7d4ee529aa644a9532a94c65d5aa639535aa3bd7252da785629ed515a28b58bbecc51
ea53940e5aef73942e4bcbe3bb25f15d2f519afdae4669ba28b5282d2ba54e09fafae04d28ea2b75dac2469d7e17fd5c56e8eb07b5583a294d941e34
2c695ea234a67836686fccbcb9518286857119294a151a468e52de29415fa69f03fa12f337a06fb6047d95be0cfa39db02fd4cf47a5c9498a335fa59
33bd5e674ad4b22ecc8aa5e8cbecbcaf35e676b296c60ab114e33925bfdb78c6e8ae319eb3ab608d7ed6c9d249897eaed1cfb23366db4489b9dd664a
d0b72d9468614b94a8738bf12c2ba3bb154af46c8bf12c1b146d8d1223b17568b0f5582ff3f019340cbf3b6207cc519aa711e372060d73ecb1bb14cf
1e131763b6533ad9390ba58b52f473c90b6f5aa29639685f4a66576d940aa58352fd60ff2da57db0c796d2e3cd642dd1cf9355f05836f71c65db63c7
e542693ca8bd09b374c46c9e96ce78c63c2c835d7cc6e82eb1b2a69971595676f139282d3c8386154e74764ac189e6c5678567d017ab6e9a0f5b60d5
9d8ce7dae359f6cd01d7b0f595ef186b57e46509faaaed41dfb55282be83515aa1ef82860dfa0e463756e45d82860dfa8e3558b31cf83f61c94b2cd6
fb454888c57a376049d2e94a2cd67bde18f858acf3e9646e924e3763b1de25bb02e9cf4e07e9329be57c74fae658b17152ff70a253ff70a253ff70a2
53ff70a2d3f870a2d3f870a2d3f870a2d3f870a2d3f870a2d3f870a2d3f870a2d3f870a2d3f870a2d3f870a2d3f870a2d3f870a2d3f870a2d3f870a2
d3f870a2d3f870a2d3fae144a7f5c3894eeb7f4cf4a3f4e16ca6f5c3d94ceb87b399d60f6733ad1fce665a3f9ccdb47e389b69fd7036d3fae16ca658
c8a5645b78d037eab3ce077da5ed8c522ce49a16ea8c855cb2731b0bb99489166221dfcf988758adad0eda8bd5da2a47558ad5da4bb2f4a0afb5d33a
1ff4f5a5597ad0d77a67fe62b5b6fbdca4b446af873d7bd037daf3cd077d757ff6fa415fd9bafd7cd0972f6773833e69d81ff4d53a58e57bd0b76fd4
b23fe8ebcf55b03fe8abddb1de733c5be9f55ea216d875da83beea98ed0ffaca7356f6077db514d6cb1ef4cd2be3b23fe86b372fa7f4a0aff7ce4cef
317fd3660b41dfa885d283be3aeff633e8bb38b8d231c5e8ae8cd23107edcecaf1a0af2e853a8f077d25b9c78e1c73ebee3f1ef4b58da3381d352872
af1c0ffa5ae1784fc783be725c9646b4e0ce391ef4f563f73be6af5967ccdfd2a1e138627467c6ec607d167b76c577897938a718b30a0dc1b3eef5e2
b325e6a1f1dd19f3d71012d2c9fa74d59d317f39d78fb0e474d6584a8d257fc6d23d90f8d2d92196c13d636ad799013cd7987637c7f920bd3d87fa0c
d2f3e27747d4d298bef38ce97b3e0bd27ba7962b966e6b107441bacbf3626a2be45d41fab253cb9583064ef774c5d466a49074c5d426d9c4154bf771
904729b6e6e932bb1ef48d87a817a5077de55c7c738badd27d16f48d61eb31b5736704af33ea3ca428966e8741e74024adef85d283be5efb4ee941df
28b0c83cc5d29d6005798aadb92f9952b09ee53829d55858cf52d097265b78d0d7c76ceb2368af3e8ba55bba75c6d2ad6ce93ced319e87adc7d6ec8b
3d7bd03746b374055b1abc39c7fc2de09a3cc7d6144be439e6af6eb437a7a0a8d1defca06fec523bc7fc2d6ccd3cd75813f5a2145bb30f5b88f5290b
c973d0971cc139e62fb15af31cace7ea9dd21e63c6eac973ccdf31db7ad097576b09fa6e7016a525e66fd9a96509d63a265a5882bee9dc28c5d131b3
ddf312f3d7579f95f8ae30124bccdf7242dfd2825a76475e627d6e8bed057dc7629dc15acfcbd663ff95c57e72745c8cfc12f49d95f15c62ff5d9775
c6fe9b38c6727ad0372e50404e317f1bac2ea7589f4f8a52d0b7cd3e0bd67a356b89f9eb20a09c82be8c389153f09702a6cba9d302fd4c83922dac94
fc6e8bdd88b096531c1d67b785236877ed06ce18e5b4858bc389528ea3ff9a564a317f97bb313048bf06f31018a4f49df672ccdfbcb3ce7289316bbe
5963e7804f726ec1ca57db8bfd776df42c07ffbce68fb1e49c39555c043958cf92ed0a5b73b3f1d89a09e92ce7930d002b28c15e2e175d89e99b9022
73e1e477e916a6af322c01b1fa8c4c920362dd7ccf5290b73b2901b1eadc6d01f6b2588ae55917ebdc68018a4a2ccf22e32b713c5cb2c81227ff79da
1eec6583a2806d357320e41ad33737a6af86e43603de73f564647986b2279f2edd50f6b4b15baab033fa12ca9e362169e450f6b4e20209654f3939dd
73287bda43648b52b09774da3ac79f8ba072fc495185bd6cd619cb733fa1bd4dcc1f63d682be051936b7602f19654f6e296a7141b638f9b701b5adc4
0a597c338ebf1344921b9229eaa4dc6279aa9cc86d708cd97a6cbfd323a7c51adc779f3de81b6bb367415f2a50d45c838c6728ba4a46decca1e8bad7
126f06ec2ecd310b45573e65b43db1dd69a1e76005cfef62fe7624fd1c4ab021c6caa104ab2add7228c16a3e2dc5f64b333d0b25587f6ef05082d556
ec0b929b7ba5733c2c8c7520c35bc4b3962b58ab2c3990e19851cce4017ba93e0bf69210a57220c35e3c5203198e31d37a20c3929cdb4086bd0e680f
64583777dce0f893d50532accf910864d89e4c2a90615f76dfdc5905b67ec4c81f8c7520c3bacbbc031976d5507965ff594b20c3b6cbae0319d671f9
2cf6df539c0864d853b6047d5214c8b06da0871cc8f05e2eb41ec8b0ccf2894086f5c8d01ec8b0ec28f27220c3fb88b3f598bf244759e191eef74086
3dc95b0319f6943eca92372453f45c394063ebca321b5bd3332d4063d90e862c4063d9dd9a011acb014ccc011afb76426c80c65ba265200234d676f9
5d6ccdbdb18d0234d6873019a558ba0f2419a598dae65007681cc3e512a0f15ef1b677c56984363707681c19d5410ed0984fa72140e3a82ecf008da3
038e7280c61b26329c011aef2d060d011a4b4bf40cd0b82b6505682c27b02607681cc5c51aa0b13c972ea0715a6d3d4efed4ed67b09ee28117a0b195
cc1c05682cc5451ea0b14c6eb8008dfde8bc296854123e60ad20841ca0b1367b1da0b1d444eb011aeb557db331b73e0bfa72b285603dd3f059b09e4b
79ece07857be3d3c3aec0bac75656b021aafc66c1e806225da008d6372bd0468ec3308289f48361e8d011aef79f03be6cfe33d406311aee740867547
e59003198eeae11bc8f01e41df1c30765601c8302ba3830cc765eb317f0d45420619aec51682f52caeb393a3c3f60219defdb314fb6f9d18894bc99b
5a408697b319c8b06f28ac7220c31b8932d617470756831cc870acee1590e138ad258efeec7114c8f096377dc6fe5332bd589f8a1a810ceb8e95225f
48de72864086e5e2602e810cef2375a214f3a736be800c2f7a5d021966e7bd4cf017f65801191e35530ad6aa7c5b0219d6b25a0afa1ecafc28057d73
f659ecbf1954550219f65aed4bd07720381690e1b6da6be6ef5967208b9935510219b6d2e85920c37e4e3e0ba5c60a272a810c6ba8657f92259719a9
0708590234decb8b8e0568bcc1118304686c6cf712a0f1de223325a41eced00268d4c85402349619e9a50468ac6bf33b4e95d516626a05242540e328
188b4a80c65139434b80c67a22779405d6ea840568bc8f7ada0bd0d83ac6a90268d4285916f48d980c0ba031cfbe09e847ea2980c6f1ec4b6ccd0463
28011acb01cc2f011adbea320bd05847f219fa46a72840e32d3f30f2011a4b012f94c4d1018b2c011a5b41a758008d2b9ac902683cab6f067d27d267
09d0788338fa9250dab85592acd5d661adcfefa00f19bd04681c0519b6001a5bb7bda0afa2e82a011a6f6a6d8fa5eb6c021a8b4b3e40633dd0bf9700
8ded5cf92e4063ef488a2540635d926f1656242318a0b115504009d0d8d54f978cbed81512a0f15e3d6c1590e1c5e1544086eaca4b20c3962ffb1952
eb86ac560219de1234239183f52c328d1252f981ec5b0aa09f83b214f4c5d53783beec0e0035d6cb12521d4a9b12a8f1de8df4335063168394825477
f85dccdfee9a08d4384494255063db1df902f2050f958252c3d51aa8b16da7755eac33c64cd458a905d478a0b828a0c669f5cda06f96868a3e15c65e
408d3b50be046aacc7e977c15f2e904ca9886ec5ef62ff6d1c5c255063d9e44b811aef9986da276a64cc408d192b5309d4581fe6902869cfe0bb408d
a370e494408d35a3082acda39f3a1b4a1b144f05d45817bfe3682cb4076a1ce8ca4ba0c6f2715d7269e87364c90128efc1b5ca95ed60e3e873b0d596
009437acb10420914905a0ec47b22bc17aba0ba4a3cf91b107a01c131adbd2910a64590128ef13956101502e9e8c9da34386d2d117179f8554303961
00cab4598aa36342622f1d7db86c1740b93ffbc2d2cd3e8ba99d4e9f9d2c25960b8072439b5b06f4d9b381bed8e51280b25c4e5800ca7b49504b00ca
fb4864b904a0eca9fa2c966eaf7e076b054b1400657a3e0bfa4ed9cb402a47975c0250deb8c6be04eb198d391a480518024b00ca9bd9d8025b53c906
40f970308812f327452ba60e8fb80094e5da2ca1b0926904a06c1589af04a0bca1a075a2d041ba2e01285b6db61eac67032b950094adb9c5568f7efb
120a8f6958521f6e7b1c8d9919c3d478221b96408dfdc2085a0235d682a9aa046a6c9b4c1153e3b2fb5daccf63b514f4293796408d77abcca6a8d183
6403550d4bb1ff9a231fa8b1678fbf408d6d5bec0bfa54c51e4c8dfa5f94408de339efa246d927a8b12bffed98e26c2150637d0a64811a5b574808d4
d8269969a0c65b48f3591cfd0d7d6a0135b6d5120a39505509d4788f3cb382a9b1246b81bfb8420235de3b8efdf73435da6bf6df6e29e66f43bd5a0e
ec3520a012a8b124d7f581e886eeba606a9cdd9b981a178f8e408df7b8584bcc5f46075d02358eecca0ad4d8f7c952ecbfc3a33f50637b0a5d0747c7
435bfdd32cf94021a0448415f252da3d50084c96422a5087594e0097246085acca6301284b92819d0066c90b4039baed05a0bcb19f6f22d5793605a0
bc17290301a0dc56164f00ca1bb85a5aa384e6ae9c6c4dcfec00943dcbb200942aeacb09eb51663e31c5011a0b80f2c9420250d6499073a94bb614ac
f50026964bd64aeb02ca01b501286b79d6096096ed5e4cad4780a6c6d93759ba68f14b00cafbc861940250ded3077d00ca0dcd56c1d4a885b904a06c
0b32490d40d9b76ba3144bb7b3716a00cad638a66b00ca7e64bf43e1512cc5fc153048d5d4c88c554c8d27e6d21a80b29e1c401540395078d400946d
65f5d40094adb1066b00ca5192fd84becd7ec6d62cab6fc27a584b3500e52d00d0fa8c2d0099abce2aac686f4621872eb2066abc0f6b4bc17a329277
9d393a1abd9e01ccd5163aebda3a83be8a7aa0066a1c1923680dd4d8ea653f393ab23d43a103b2a8811a4bde6d21f6dfc011b3066abc8f754be8ca39
6e6ba0c67e02d02ba8b139b7981a8fcbef30153f9f05ebd19254418d1388a4066abc4528df0cd6f3a46141d78a66b9066a1c67f64da572462250e3e8
8e04a6c60d365f0335dec73adf258e7ef8444db0568ef09a50c86193a9811aef1164e403358e19bf941aa8710c672550639dd0b8574c8dd3642da08e
e49b886e60b39aa06fb6f58d3aed671c1d076ac49a104dbb752a9a328209fe797c4c7151330e1e48673500e52d85d0b10094f902cad70094f97c3e0b
d2ebe4b3603d3be74f0550a6c3675859d188d58c54e056c10a59aaadeba0c3c20250ae93cf603d2e82009423bba5335e0e2e2500e58c4c520350364f
db5a985a806805505ed8942b803271ded5c2d20590d4821700d0ba16cc74d55a1ab4d36b0065c3c3a306a0eccb669d48e52ec1a22ed93731f3b8248a
0e64d01780f2967959f20128f379f16685b56e9662fe4ef4ef3500657de813a2047d68d56b00ca7b5df92c584fe178a89821fbe133962ebaba1a80b2
a4c516068c9d91005066504ec50c393dfb825437ec27ba48b04bad2e5dc6a5a2d0e148ad004ad143c50c999d15cc903b526b0d4059f4d4a800ca1319
bd06a0bc6125ad07a06cb3ccad317fb82ad5408d4d3d7305358e6c0b1cfd520b6abc9c0750e38c1c5e0335b6ddb90dd478633ac60533e48e30533bb6
1c64ca1aa8b137194aa0c65b0ae4bb408da34cbe89688352a362862caecf408dcd43bb8a1a17eb84f53cdfd40bc03757d692a50dda1989408df7ae82
be408d593fe8da393ac0cfb57374a010a8811a6b018d5550a3beea15d4b8c9dc408d8b4c78888ae935a8f11a8cc4c08c2cd3c70cb97bc00ebd54ac05
a97cf259ccdf85685307665604ce3a60add84f6aa0c61bf3307f811adbe8d602eac7afa8aea06284a78a19b2483b66c845112550630ffdc04fb3e415
07322594009443bfd6ba22d5ad36175b735e7c130bba72c78a87c0f0bb95670c2016ca030578c57755a34f0d4079632306100ba576ceba32b50e19be
ab130a8fbaa16b757037a51e5a175062e9af1b0e2c4a7cf8ae1e4e1f8072dbfd2ee8db50dad40094a3e29b5b019443e965e3e8704b07a02cd9e502a0
ac2e2c00655572c30cb99dd280838e8c08dfd50184ac0128471e3e5321409df8ae9e328d1d5db2921b66c88289abee389065bfc3c10aed630550ae32
941da940e965c70b471a7674ad8ed98ec243c94d3364b575e60f89bd62869c31d754cc9006dbd403fac03c350065bb926fa2b052e23b64adbe19ac55
9d69c50c79ba220fe803dcd683ad898dbe6286acdd3a436a5d5d3d0128fbec860bd4d82eccd6f580b52a6a046aac193c54f15d2dae727c57578fd493
a3c38319d4989d777c57375107664803322abeab862b5550e389eaaee2a0aaff7b3d5108b8424e3c905c05811a47531a0cd4d8b3ec1307d59e6c3df6
df539a0fd438eab32f415f75242ecce462ac8bfde7c10c6acc936fc6fe3b1df9408d777b96d87f2874ea05aa52f20ed458eb652d2a746c81a3436106
07d526bbbe38fa1d791c54bb2b2450e38df66d015425e2c20cb92024b409a91c31ab056a1c17adb709d19415d9408d272243c30ca9b1af056a2cdbea
9b15769d2869261f1f61c90d40b9232db509b76b8c0d6dd241ce120a81666967530d4a41fa72590bce2d4f62917a988686857241dfd800948dadd9f0
5d6dc09386efea811aa30128c76c2d9e9a0c048032edd6891a1ded5c9bd99add5a383591575a00ca9be5f82ce8d378d302509601036b0128c7737001
94e9f4cda0afe2b4d53043ae48b42d0065dfd1aa3700e584cf6b0350ea47d116153a8c2066c87a5927be8fd2b7a04b5e7c33e8cb1ca20d33e4029b68
004acd356dd182ce5807a0ece3590270e11ed4162ccc87b5c4d131b1fd1a80b2dbb3a47320e392907ad03eb684ae0ead650b40d907dba8e1bbba3912
98213d985bc2cc230d49e72be65d3324ecac25d7a7cf589f48754ddfd5e6b398bf0979ba05a06cb9d9c245cf984dcc90cd55076aecce51d616000d81
1a879eac0dd4581c97ccfac4dfa3e1bbbac1061ba8f1392b595db96fc6feebd916627d36e73623da9cb610f377247bc6fe4bf61a0f88ee9be8caf1cd
6885f90327b6408da3e0c7de745e3d7d965883965058b9e3705eed287b1aceab97ebb3b0fff0de6e811ac7ba59c24c57fd2ee83b9adf69cb61156086
3c577b86ad03b4d90235dea0d1eff480e01966c8d9fd57b17580095aa0c6d1c0eb2d5063c948b4ad620b4025d6408d2a005b256cc59108d4588aa38b
f3ea55fc8ea3035cd32a1e3ad85d5a65ff3ddc1d7f9a2563a12c326100e58c6db161a13460a105a0bc592a5d094079b37286050be5ee760840794317
06a2a1cbf2fc0940d90d696e00ca8e14d2b0503e70509462e9eed5373143e28adf1abad6c33a83f58c66895373b66738ef5c9600242e09fc5a73b375
9ccb90141b7eadc9e502a04cf87b34cc901da9ae05a06cc331eb4424a14d6a98219f13d63513f85db09eeab47774c9c8beade32120c3ec1e1d2c3acc
90878bbcb335d17237fc5af53a6d0128c7e9218319f240fbd830431a5bd702500e035cdac0c3c3591998e990765b00ca9b69d34200ca3ac97a009419
634a1b7808b8393043aecefbd0b9ccf682be4956875fabc14b2d0065c932cc0094b700609dc17a2a08a805a01c462036cc9087ed05a02c5bf719ac15
2cd156a43ac502cc90c57958993fb7347ead0973775b613d325afc5a937215a8d1c8b0865f6b062b35cc90b9f91dac27fb0c339d9b7fe5e828d619eb
f3e6f351c20c999df70d85806c3e50636fe0d2266af48025e251afef16a8b13e8f6250e38587400335567b8619b2605c6c1ba2db6a0b28745023369c
5755dab44d859c75c6fa3498a86dec3fc5b30d5dabed056abcc7da121e56ae4f50a3d26edb515861cc6ca046dd555ba0c6bec927408dc391c00cf93c
b888789c269fe1977cda3a52392adb066adc16db0b54955c21a0c68eb9bbed3a07b2ce76cdace9632c3900654d40cf4630a41e172d0065d1fda905a0
6cc553fa20a2ecf95d483d3310a401288f672d98e930f334fc5a4f2ce80d0b65723306a0acb33210c190a79b1140f994ce3043360f840094f744590a
d2ab676800cafb8463a84fe87359130cf96c0f4059b106b71385c0f319ac0787fe1680b2ef6eb1130f015908118f092345c3aff5728307a02c975279
00ca9b9d413b66c88a5ebb9d283c0e5bc0f90a87ae861972025036221e679c93da85aedca3f1e9d74acf304356cc510dbfd6430646c4a3cef7ed22a2
132543bba04fd9e2025565db4397ec6171a18b445bdd025036954b2d00654f1e0f9821eb64ebb13557594f00cab121297600e58182ac4f3acf354ac1
7af6ec33ccac6cd43ea1908329f600944df36cc70c99366bc103824ddc418dd3619d7134aa6fec4fd4e877f82523df76fc5ae7cb1662fe1a0ca54f04
ebb2767ba0c6aa577b7ffab552cb8c5f32d26ec7af758010fa8cf315e8afcf045b73f4f7193356f519522b326cc70c79e19fd067cde4be19f46974ed
38af8ed33a99bfd35a50e84c960e0e194bb13e5bb7162356a168c183055feebe10f2c13eea3aafa204eb0bc1d61c163d50e32d93d0cf05851c624f5f
f02b474dd3418d09a4d63143ae046bf4408dcd3884aef32afcace3bc3ab33b3aa85181b32f283c2e7b1dac3583f33ba871215ab7e3bc3a3f4b1cfd48
ec3da1f0804f749c57c302f5932cb9e3d7bab80112ac0709ac63a13cb255c25a61911d0be5b6fb1d5b1320da936602bb19aca79cbe194bf7427fdb01
941560d81366ac2141174b82e1c40c7972f6768221ab4b22a3f0708b110c3992cfd89a4e5806906c2c828c851968ddf56b2db68005bd5bc2b9c52d96
75de81a2009423bb5c327902b27d39d862509b31f3c8500094cdbe145deaa90533e40a13ee0128eb865cd50b791e641af8b5367b8d5feb2e7b29442b
b9f989863410a007a0bc8f23dbc3a5fed942ccdf8452aa63865c38727a41a1230b0940d94c34d48bd14ad057d89ab2826a48122d544392a02100e58d
1af88e68c80587ca0ea0d41db0e3d7bab9012a470740bb0328175055c70c39836b7af5e8f7bbd89a03836c0f40391664ca5e411d0423f74a345db2f5
a06f382b155d320aa41ea8f19617e94b43d7cad1df418d930c335063d7c5b037f69f474e93b5d2eb86ae7cf6cd60ad67b796383a0e990d66c853a60f
6a9ca40133e440fdd1418dfb64cf408dd9120ac762ebb1ff0aeaa40e6acc68e37ba0c66a9c6dc70c398a6f26763fbb03d49830f9f68ead0ae567271a
b2caa03b6e0088131de755930174cc9063f2bbd87ff3627ba062c7baabf060363b0a2bd9bcceabeecd408d63454dda418d2bdedb9d68c88acaa10fa3
5919cf810719425e073536d07b1fa22adf8ca35133720fd4d81e697d3ec292072111c0e71e80728c662598b1929d56ea610902288d17eac368338633
00e530fcb863a13446a7af9c9a9d0d07a04c12845feb8acb582750d2bc197d656b4aecd3afd53783f50c3c913b66c88e04dd57cc74c937015cc0d90e
a05c565b87f56060eb044a761cc27b00cada644b2b2ee7b2900094ad29816d9879ec357ead874b09bf56c3497b00ca7bac2ca12b07547500a560ac13
0d593cf94da1e348904247cfd9be0998196b01e56ecfc883f0fc2e588f8aa08e1972c71cd501940796818e5feb86d1b5638634014cc70c69c042df09
5476036086345f4a2785ce70bb63867cca9bbbce8fccd18ec263f73b143ab8a175cc9097cc74c78ce5710ba0accf7e62865472db71ee7cf633509549
a43a7ead87870c66c85d3915bfd645f67210a82c03d3afb5fa8c405e252250a39eba1dd4a8c9b7e3d7aab7493f08b9c258d449a1f36421f8b5ee1ef6
f8b5aabeeaa0c6d323e7c016a0048df3ea566d2fe8abb279a2213b6aa81ea87134f72d66c8eede0435160c571de7d5522c110d293b3b09d9717d120d
d964d0982157254cf3e4c843408db38736d190ea7dfb49c8d5b09f380782d07ba0c6b63a9e27a29b82d585c2431e72419fbbf1627d2a0062869c9c77
f2e49cc537393a40efdd3c398a289821cd46d3418d45c111d438a3baeba0c645567ea1b07aa8657f9a251328b92b075ca4f04023d603508ef6241681
1d403226cd748312ce1f40f231e1bc03e92300e52dfff9264b974537b050eef8b50e2c94b95b225af0f43b962e72eac00cb9af9690ea8a7512c8cb21
332662d0ab6f6a819586603d33ac756086340a6f04a0bc972cdfcd9841d08e8f194002ac19b3d9ada0760670314583143ac6358d19a9bcfa2ca656c9
6de0d77aa23619f8b5aeb3ed21f5c0b20680b2256b41572e0d01286f6401ed00cadced191e1e9833c6428a20542a8368c8c406180b521d7e9863d183
855a16cd747e47c8006c62904267638b8d0094f76e603c179d03e9277ead09ac3416fc76579f012887fd44973c5be2e8b82c11f2e15a5a0869e1881b
498507cf12661e74ad83143a2b9ae58119b2b8ea408d992d3d888654461f89f5b9fa1dbac8c9ef5058b95a49a16320cec0af753efd0e0f1624cc016a
5c26fb69488b25fce6dd71f8b53670cd003576542a033364c3416e6086d40170640279ed4b46970c5c1fd96833bf8ba36319bea92d80b584197282e9
0f50a3c9780766c8e5f23b582bc6ef11a871e807333043b6675f484176d83aa8d151d20c89a43f0aa8eab014f3a757c500356a881fa0c68e5fca0035
66d76781b53e5b007520700ea32139d08739749225cce48e04a871436019851456ae09cc90c55d8cf36a43653b408d53fb982e79542cccf0fc51f5fb
64a201942b32f300504eb2900094c5b0c251897671531128a9426000280d3f1e044a2ed51216d8ddefb0304b5ee55439ed8ba7a6cf3013e06d3caa52
b9b5c4d23d517f8c46fa1917087ead03c3dc005036193b6648e59c8119f2c9bc035076edfe0333a49aec1180b26db61e80f2862e6c4d00e5852c3a00
94fa7d0ed2eb6c1e329a21d1ea0dfc5a37c7ba11f2819268341402c86a2300656b38b38dced64c3ec32fd9ad427a9d199bf2e84805b225fc5ad5640f
cc90fbe6b3a06f5dfd2ea4564da2a3ebb70b0d0128c7866e77e0d73ac9ea02508e81743688863429eb00509e486703bfd686d679e0d76af6e4314cfc
6829e6af0221877eadc8be43bf560cb983f43ae2933100cc1e394443365bc70c698ef011a8b114ec122350636fce1166c819643148af73add6c2d6ac
f61385cee677b01ed4186335109b370335f6ec3186197245153356d377312ba0c6e70e00356e98a3c62a7db487197206e18d408d555fa5b1926326f9
0c5deb65eb41dfc07362801a4d3a3b561556b60eea707d1a0da988026a14f40f50e3c00e32408d0b32e520878e186b046abc052a280235364cf66343
a1eab86c8a36be19acd5488061e25590cc201ad2fcd3235063363dd9c079753c7b1d0a8ff9d902f4297ee2bc7ae00630769c3b1d1773e8b86fcda1e3
fe23874ef9a82e7900280b3acc01a0ec0e0b395975321ae6647541925ea70dbb125281d9c2067ead137aa7b103b89a2512079eb6808552799340c9e1
e0ead7ea590fa07cca719821fb6a89a905a40ed2eb981960e0d7bad9028072b9fc0e8507517803bf561ddd067eadd94507a07c4a28f8b5ceca789821
77a0fc00508ee4b3383a0ccc1c00cae4314634a4f9d6c68954e0a23bcd71c1b41b0d692da4d7d16a3dc8c9da65ec00ca8442679c48e58bdf355824b4
9f1c1dce11d190176a9371a22b57d60650aebb6f067dbbf30ea0dc65d7fab56eb6aedf27df0128b38c0f336456a604505ecf127ec98e1266c884ea60
e0d77a017c07e9758acc86c4aba7cc144039e1ab3e2e2ce81ee8265ec5e362905ea7282962869c3db42f42929488f06b9d94a4888634b47c05359ee4
8e58418da2b815d438d3b31533a40969d709a975b344341d4a867522c705e6a83550e30d942ba5ce1af4cda0cfccbceb84c2ead97ab0d61da6b84ee6
80b02fe40ce65859418dd361095d32b2e88a19d27ce52bceab7ad8afb339200e4aa447e2385a678f7e4be40c4639b8cecc1fe2d98af3ea79f8260a01
fcae5750e332db1733eb590b523947c70a6a5c56eb8ca343316b9df160493ee368943e12aff6cb120a0f6c32eb82c203797a5d8816846bac38afeeac
c8355063355bf34a34e47c5822f171fe982e79055066e277d6055dab03bf981412d2179242c2dcd60094a35e761abfdd6ea7490ae9f20c40992f24b7
35112d886a64d5af15e6b6925e6742025b0994accf1299a1309fac044a9abf784d02124b002ee4e215406910cb8a5fab96e295f43a63f34d62d0d109
af49a98e256f4ed6e277004ab6f48a19b2ba71328019497125bd4e0346ad00ca1977c0f5e9d74a9de46475bbaf9821f3f399663a68c848adc8b02b66
48b5ea6b264782f320a084b5ae98212baa833593f3b959674875ebe477283c26bf43978c84b902288d875af16b557fbb120db900d456fc5af5e5590b
7ed728515600e54978cd8a1972e2c859019469b33d9ccb909957a2216bb6f5381a77995bc14367f81d1e3a7824ac4443b6645f086939ad05851506ee
3550e3d09f790dd458bd036705350e4717bf561d1c57a2212bf2fb0a6ad4777c251a726d7e87f3dcec77317fcac56be56894a1801a4dd8ba821af76a
0985232a95b522b53eebc439b0f88ca4ac08566b33c70c3316a8b119c0bd120df9dc39a4d7314a74c50cb9bbc748af93666b21e40a9972d50cf97c93
f9731737122160de5bc9a19340d36bc3d6217d44432eab6f620b40fdb836d377d902d1ac282e56a22177d760379ad552accf8d78d21533e493f3056a
ecedf98c1c25e0e0d5a4aca83156a2211fd9cda244dc83471cceababbd36292b02e08a1932f26afe344b265febe1e062a15cdde0dd74ec2c6b032591
b256f2b59e9e1583a91d96b0a0031056f2b5564f46f2b5aec0853500e5589fcff04bb62fc3a5cbb00ca472cf9fe1d43299012887d91456d2eba46209
40e9193a48372f4b265052497fc5afd5bc0b2b80b20205d715bf4874916b00ca5e90a7d767be562802506af4590350d60bfded4a7a9d1da975c50cb9
3cdb0b85407abe49b4d9e533fc929fed11c87b580bce654a2800ca7faf05a95cf968c54300fbef4a52d6cd139ca4aced590ac0656e857593b5b23537
cd58f48ca4ac5e76b4e2d7aa6cbf6286dc658a1b492f913ed78df9cb9638fa575b27d0d5431bbfd6272b1750367b86adc3d9c40c39cbbc77b72633b6
ab6be5cd1d8580bd16507a8892947553fa04355e78caaff8b556d42d2ba8710359aca0c6b1d902b60069c00c595082ad3b99f594c7763c0450b7ac98
21f36409e72b0f66cc902b768995f43a15b3d94a34644101b1821a9f0cf3402a77771c2a1cfd0e33a4ec3a50e398ed3566c826d30735eef2029c572f
692029eb3efb8cf58959770535ee986057a22107daf1f5d083c537393a14cf0235f6669d44436eae4850e3e9218a19b28b41408d0d0f8ff53473202d
801ae76109d48fbfc77aa2f078d6c2fcb953418d97fbe8e4a6127738ceab86bead9a215d3d98219f02d2493ee8c77af969960ca0d4e36225bdce89db
d44aa0e4e992b8702e7b965078a0af5a2ffd3e218ff43afbf39999afe826f95aebb314527951eab90819582db974ad33b6a6a1c92b3779b4e19b8444
786ee1d7aa0e7a9bb84468b204606e96f06bc5fd7d0334aa81db0234d675b14430f9f04d123fb2c5364063466bb94de85381dd9ba6c6cd6741438361
6e804619d106685415b39193559fde6d96bdf026b77598e2739b899803386d33c802ff8b0ddfd57df23b94366cc6cddb3a0e6b31a775a314f4797dd3
46c4e3891cb0e9bbcae6d866f4e1c4826d80c68e9cba9142a7aef62ce83b91293752e818d1b9616a9c7d86a9b1e163b12d049373346e981a1ba07823
f1aae6d20ddfd535fb0c7bc6650b1cefa8cb3691211abf2d90e1c8aba5983f3df3374c8d2b8c6123f1eab9f90ca5cd6c7b3838669f21be70746c810c
6f098516408683e36823e231218f6df8ae966409c91b8f8b0d53a351a21b0eaa3a976da4d0995dbb463c8280b644ce6ebc943790e171d833ec35b097
ed890cad2590d3cc61b8810cd7d35a82bd98456323e27138d359d0cf48800c8dfddc3035ee283cb66c4e64faa9a9d135917170c42cb865ec51c96724
734015ba91787542c5b8810ccdf2b211f1a8497b03197a2bcc06323cc12e1b7972ba638da9d1cb1f369061b23d1c54afcb671cef20e62d90e12d32d0
4f90e1395bc295217d2c13dc5698daec67c4d173fe6c80c64d068615b2001e3640a3f7ac6d80c6927d13c9dbc9e4260f73146fdce4e1fd0e1b3959bd
b468c3d43803e2b66ac4150b84143a0b9e0c1ba6c6fdf91d5b136de02668acd652d970be8917c0e6336fba60f154f48dc51256729930a051ffdbadea
9b6b8960563ca637231e715fdbaa5b933a9b77b0b1781a893b650c8d88240e994d53a30bb921799f7e47ced9d337f172b87c53d6e39b443c22d56dcd
b0006605d0b8a1b4d98878345e6fc3d4986591011a8b39b9367d5757bf23e211c8bae1bb7a5827a0d12bbd367c574fa0f5d631153f4b317f19d5d6d6
993fd97c677d22d16e981abd18762385ce857d610bd0589f4c9188473dc937221e0bde111bc8f02a7e17925bf5f80319768faa8e520a04b40dc23a3c
6ef15d5d164bb05670c63648d1e55a22f1ea497ee68d88c78277f386efea93650df69f0c5353e3b04ed2cd779fe1c0e9c1357420b38590dcbc5b7003
191e87ed317fa725ec1938826d204375c91b0eaa4d560e32ec78b56fa4d0391c8995a3c355609e1c79c12a6bb51652044911118f056bd12632f4b027
f16a47eedf56441b794820c3363d7bc64d4120998d3b1e2f773f3779989963031976e9f3ba0e0f2e13af22f76f38a81a96bd9178557f962d90e130fd
da86a93129166c5c444644c686a9d14bca364c8d8ff89f8fb064ae7f6c04566c80c6a559529f6357603ddd6eaa2a67536185dc10df37ac900508b9ed
dc04e1e6301812fdf4464ed6a7246530a47d31858e6c979b3c26dc9f366ff2006c6ef8ae6e284336ae7fd48b63f3260f071053e3927dc62542c31289
03dd9a981aafc97ec6d6cc68653740e3c08d69c3d498d1c76d80c686c16b03346a53de0ef4a944326d0729583cc1cdc9ea463dd89a320d7d578bada3
2f7603001a17972729749e98e030cf038ce140ea113d10f198b1056c07399f0903da8878dc1d3340a300763bc9be2645245eedd24ec4e3534e0534f6
649de479c8963055e189b2e1bbba03283753e8146b411f5e6c9db01c0fa013d0ef263e35a55a02f43f7bcd253bca7817610fae414c8d0d6f938d88c7
66af41860d67afedf2a612562489570f257652e8e84cba994247e102643829c3820c9bb213c8d0709ecd3b1e95bc4186a66ada48a1a3317abb90ca9f
3dc314cefced93fafe4a09d4010ede27e60f1bc9ce1d8f2a827612af9a0c7ec74175b0577650e3562d05ebd1a3640fd47823f29312beb960821dd468
c6921dd4580e6bc1140e5ed827941aece99d3b1ed761097d3f5e4d3b895777d49dfbac9703adeba08ad2749fcd6301b5e6c9293e637da224da7150f5
169a7d36bb1ce349c4a30946774c8d1723bf9b2707b1750735eea7cff0fd877fee265e1d1f535cecf8ae1a0ebc63853cd006ee5eff886a7e07502e4e
03c19099b3695fbc9fcd3761adc82b3b39592f98cdce4d1e5bf33b4c7180957d312cc016d417fb26fa6236cebe1831679da440da6c8fa3234b03ac15
17f7ddeb1fb1f1eefaaee23fbd275304d10280b2b38d767c57cd19bc27f48d80c69d8847d3aaef004ad3aaeff8ae9a856b4f66cfb305529474eb8ca3
a30f6b416a05c0ee463c26ebe47e3dbc24776ef258dd38dce46176b93d9b18913731354e68b676221ebd9b6ecf28047062dcb36ef3be6944128b9588
c7e3f44df48dc367dc3f87b673f7fac7c367e6d46556320e48e8dc7612afaedd67ccdf640beac3ed0ba61cb70a807272c3e1bbbae2d3b1e3bb9ad1a0
ee854b8400a27b813e58f24ee255ef8fd93135665701297496d352cc9f6aa8bda0b092d571ffe3007feddcff686e851dd4a81972d7d458fc8e3c0880
e2bd688ae319a8714298d9418d0950bc831a4ff49b3ba8d13bbe77221e2b286e0735eae8b6e3a03ab95303350ee3267750a392e2eefd8f1c713bf73f
9ad163e7268ff5f99dd901a1a112b60294df71509ddca9e4c9f162a9dd3c3960f21d07d58a0cbb076a1cfa09efa0c6dd5eeba0da7d869791bb03d4a8
acbd37b3cbd942d0e7ed353b0eaabb0742233b2086c71d07d5d31dae83ea619d98c293a5a0ef7af685a303b5d7ce751dde99b97bffe323c3cd4fb3e4
8edbb59b1140d964a6e464d5697f0750ee28c0777c577578df0194053dd74e30e472590bbe816ed40ee04a7e174b77c1c76fefc4d13bb8004a7339ec
00cafafc8e14252e3a4d8d2851767c57077068d7d48864b3130c590966d80350f68ea16c1f987256eb24a7ae034f30e48c0fc93ebc3ad1ef907a0e9f
b174ddc4981afbb3448a27172bbeabf5d94f22ae56ebc4d4a8f4420a1d439a7772b29e28197672b20ae27652e898cb6b27854e07b6edab9778b1e800
94eadc767c57afddefc20ba0c976578e46f0c94ee2d5cd51c2d4b8b8c548bc3aba7512b6a28c40c4e3229b5f61adb607a02c6818777c5717652e52e8
24e71d40995d839a1a3d6049bcda64ec1bf3e7eac17755cbfb0ea03475fa0ea03c65ad9b0a2b68f7fec7677bd802140b48a1a39fc84ee25511debe91
5317c5cc0e6a9c5166ed3b0a39bcfd774c8d2665dd7772eacac0768e0e50cebeb3ff882fdb77f79f2d04ea188b25a43a00f3cefd8f15ef8f1d075515
8e3ba8312b61821a8bf22da8b15c960846f688dbc9eee88c1ddea443af458da89a76ee7f3ca49dc4ab5e09b013f138bb3703358edd3d066aecf60cd4
7828da881a31d6eea0c6e4ba3ec8893cfb1d52b92be43022d737f11d77df1ea00e947c3ba6c6ecd14fc4a3c6dafd5434a52f981a571cf2f6408d2d63
afd94f52ac29129127e7583f969c73e76ac88ef964d777d5cdc84d1e49499860c83ed900611dc4ddeddce4e195263b39597725be93ade932e3260fbd
faf6535d24538ba971761ab81a72731a009455d98260486300774c8dcbe99bb8952bb5120cb97bfa5d26b6a4d700ca59d071999dcc5ab492db020e64
c57ee2dbe9998da9f1a8b6105bd378b61d4059904c8fc9ec798512538b7c7b7093c7c5c63900949d657d984267b116d2cda31e3848a173a0643848a1
a379ef30e291c8b0839b3cf6d9920e3a89128079b53d221eb37d214f07ca90633218d95eb335618307807241ad7010f1d8508d1c982135f91e024a0c
a4c74c580032ec01a0945d1f00ca8101ea98f5edb485589f262d3d66925756db638e50941ca4c9d9274bc15eccf57d880c61ad07c87020991e2457f5
d6f203536307bb1c8ba6384610649891768f0564c1417210d5e8e174705b87296d0ed3e4b0220fd3e4b0b20e9c50f5d33f48aeba77eb8ce3cfac3207
c8d010e3239061d3b7e6e08ec7491a4086e6363912e67cbc9a0e91214cf8d0d48882e50864d80a4cff20b9aacce6d009d5954c72d5d39515c8b03514
0907c8b0a2713f408686f31c20c3099f8ec33b1e176bc114470ec5c35c38c93abd2d078a4486a0950364a84be3917182436d72900b67778e7042adf0
890327d4942dc5f1ae2beb9131855fb687ffb4ab3c23be20f21d810c473f6c3de87bdc59f0d32cf9204dce366cc0eb1f6d80bcc088fd07fea90d7dea
51b8084962b142ee4e34a0f1b940f04f15d61c043cead77a081a918b0f021efbe99b5eff682d5c8f78f91da477dfd4ff966920e071c5ee7f142ed299
7d0628deac25b6665d2cc13e5d1280c65a2d1190cb7174545cc791538f0a28962de19f3a73581cd58b66982240e32eedf8a79ecf3ab192834f0ea31a
91458f008d5d2f8783db3ab667eb48dec9672835807b07a0710c9f057d9b5b1affd4cdf16cdec1e6333300329bdcd6915cc8cfeb1fa9b379071bb403
1a4de078001acd857d606aec1c554780c6ba214f1fdef1e80184a9f172fe9ea09191c03fd5dc1f07a6460d57c7334d0e14752e229341935cd5045a47
f7360b6685e4aaf3f03b3c89564b71bc57349a07a6c60aaa3a4086976c89a8c6365927a6548f15a21af59139408666283fba5e38b687ffad4c91a846
95674727b40109ec20aa71f1a0c40975055a1fc35c15ac1092ab8a100ea21a0daf3930352adf1edcf138293278c7a30710b970a6677b286dc03c0751
8dfd5927fec538901de4c251c172900ba763503f30352e97b50432d4edede0b60e43ee0f90a1f9a00f4c8ddecb72e084aac2f1587182ab3ec30b07c4
75acd86b5cd7dcf1d8565bf0a22e5624518dcbb32f6638b405e2171c25a21adbec3390fd6eeb5e44c68c11d51879dc7f9a256fe6cd65c2008d4f0686
15d2cc5787fea9383e1f1ba0eaf926fa546504d2e44cdd3af1df547632ef2a0af0833439cf539334392a2e0e031ed15e1d1b0e3a6e80cde479d68217
075ae703d03879fae19ffa64a6a4c9e9dd1229bb9d5af2ae6eb279a21a3762b30ef3aee2f872e09f9a9d3040e3526c0f7d2a46c903ff541df90e40e3
8206f5c03f55e879e09f7ac9f80234b6c34dbca38f535ec1d4e8050107a0d1bb260ed2e408cd0e40a3bab38334395e0975001a3720f981a971ead682
7f2a76f803d098f13d39bcad03607fe09f5a65c944357a77c741546395459a2607a87b1cf8bf1fb687970368ec20aa51cdebe16d1d38891da4c9d123
e83809585d7d46ae0359d6a9ff2df4011ad3f319f60c2ce807a6c62c6327b96a2724e9c0d45830941dfaa7ca6c886af446f383a8c663b167807e5716
c95597ec9be43d16c970c7a3316bc7a59711e38213eac0d87e606a3411d611c8b0253c0b8ecbd00d461053e3e9c11cc8b09f0a02dcf168a0f201325c
3cf03035aa623c4893933c1e4086fbb3847fb8c70ac955075e2307b970dc55a7c810767de284dab0f39c981abd7be5f48ec7c59247ff4689bcce9867
cfc984063e8ba37fedb6401aaecb521c1dfa5f9c20c37db1645463a78454ce117e7ac7235e4d6720c32e663d896a54b83871504d081e27518d0935e2
4972d589b57412d5f850f4ff344b3ebdfe1186721af0e8b0001a55559c58213bee6b27a0513df38915522dd43993c18a6576725bc734db425821d561
9e5821bdd1f59c89aa82d99c3301abc8cc27beab890d7e626a3c6c7d81f5b0b04e00a5d143276972bc84e624e0b1238b9edcd661f29453408939ea5c
888a6bd662f2519fe19b0b9b3817bc38d838277957cb697b84a670589c024ad8fc09a05c91144f6feb807d9ef8aeaa793d0350762f7f3d896ad423fc
c4d4e83d87a7518d98dbcee4d6b4166e43c0e9e74c0454e3a6759226a75eb61ef4c94c4fd2e44c48e5a7d73f0e4b9a52ad25b6a617199cc93bd82819
d58846fa24b9aa4aa2339b921c1ab280997e66d238554b041c23939c99e487a8704e0065725c00944a4b2769722e10de49725533169fded6c1a1763e
6febb00502aa776bc1b77ab63dec19c8a267c1ff1d8470626a9cd08b9e245735b9d6096a3445eb096a9c8adfa1ef7713831affbd047df65a5363b616
7c73679f056bedc5f63cfa5983443536194a31efb1ad13757b580afa2efca6ce6a8643a825aad14b8d4f4c8d29fb8cbccea8184f1c5435e09f552f2a
e69ddb3a268c84674521e0ca22b9ea701eaabec7d682be1fe1f0c4d4381c6b73e170a09f38a87a6deb59719093b5925cd5e45a27a6c60361edc4d4b8
e3157d9a0b0791e804357a149f44356ab23f896a3c3d72bc92c355076a4cebc7cc7b67436007269e0d079666e3a459c1487102283d0bcf864260b263
4c2da7f4c96d1d7bb596603da6e03b09785c64d7e45d55c23c09789c815127d73f9eb8d99ddd80556b21eacf65d60d58652905a0acc3b310dfd5b15a
0b01e3486727a646af0b3df15df53e82b37b9b05cb054029643dcdbb9a6c2f96ee2a63c77755cfe093eb1f3b12e649de55034f4f00e5b03d4c8d7bf6
4d921f02674f00a5be2727a64653059e43c005b5463582104e4c8d939b1f53e3d66d8180e3e1331c7492b5a0d029f613df5cd41f27a6c60935d4e96d
1d1e8da6c99125aff8e6e23971ae9872807b27518dde18737a5b47b7163390b10a4893d3ba75e2c5517cc69500ca47f8ae7ad5d2f90494d6c96d1d1e
b7f8ae1a187daece1f75821a0f540ee74658004e9ae786ef71f3cd589fcd99c6d4781d7ee7d10fb544357aabdc096a34abe0b99932df92f3070d811a
efcfac93e4b8cf5a881a737d6e46fdd94fe85344d948682043d95138ba8b3135eeee001c544d147a925cb53ddf3434cc1201ff181e4f72e118f07582
1a9fc711518d455687a9717bbe092a96be5d2f074b419f11abe7ae2d805580a9d1444a27b97092c7bb518d528ba9f1542c20b96a5508c241d59452e7
e1455dd6823d63f33b141ec9672434c08670821a8fc93a09cb41af7d1ef0177cc04f92ab86e7d94fb36400657e56c2d6441d7112f068fea5132be4e1
561150e22b716a855442c177b53cdf3420975ab8fe31d94d00e50e503b4f1dac20fdd4818c0572920b4039f53420d767f8062a1171fde376fa8c5c00
d93ac9ebaca48fefea22c3e4b60e7d4fce0ba9c7c56a9a1ccf6c4c8d9b6c89db3acc4e7b9a7775f8268012a07d9a7715b79b1340b9788c5d48ade8ea
cecb5c073ee3a2996209df7117c165ae119f1131a7647391410ef3c9e9f58f48c217518de610b830354ec36798414e4b048c234d5c00ca19d3ed05a0
6ce4aab830357a45fb85ef6a475aba00940d15cef54c93e37748e52cf98b3b1e33c7cac51d8f65b19fa1d059d0f85d981ad7c95a00cc080217a6c613
f9ef9a7500a4d7a4c99959bbd7ecd1582821951f7ec76d3930ef6b261787e3026af452858b34393b92e935e365d42dc5fa5c9fb5c4fa54357211f128
23ba661cc8aadf113187447bcd5e4446cfb8e331a300bc448decd40b33a4294c2f1c54ab33c66d1d0bf2e6b5684aad943063a140ba4893632aa30b33
645a6c8fdb56669f85e8760d6b216f75b72fec3ff6fbc51d8f17919217a8511bd0452e9c1375d2c56d1d090f8fcb88477b8d1932c3aeaf445895634d
c463c1a7e322e271ce96f03242b0ba1279ab1d4fcc90a6bebf1261399bdf799b8ccf98bf6289a3118dfb95f45261cde3a07a389ea0c6c8ccf1932cf9
22187245757061a1ac30a22ba3ab634b5f00ca4464ca45ded5b4f826164af4949780d28d83efea00e05de45dbd64055933966fa28b04c85ca6c97191
6783596d81882ba0cba519127dce95f1cd05545ddcd66118f805a0dcf0feb848933300f65700ca7a22b15ffaae56dfc441eef04d32c8a105be8878dc
4edb43ea01065f443c6664aeab98a18b4507a0eccd9ec5d2f50aa38b88c7f5d93a5e2ae8a02f0065e6f8bb0250768fa3ab92dc11579ecbdb3a709bba
2a521d2a9cab7a9b0c23cff58f1ecc1780b2e25d79e1bb6ae4db8519f2c010786986c457e2224dcee106e7fac75aacc5db2ca00140b93d7b86194bb6
5bb105b8c131437a11d2459a9c4dda499353dc70f8ae0eb74af36864ac9bbee38c0b6648f3fa5d0ddfeaee9bb01ee4b80b33649a2d71bd2532ec15a8
714cae5dd2e43c19266648cd3c57a0c6be03752f221e9f871aa8d178afabeb7b0c45a046e3e72e1c54e7dd67c15a77c2172e1d5465c2dd5c2aec874e
5815c8e2c20c59ec7547978cbaecc20c593cc6ba77cc317fdcf1e82dcd17c955cbb3d728049eadc37a9092af81542e4b1635821e2e50a312ed452e1c
6d2bd790bf40bb773c82802e72e1ccb8c05e9a215d13e6c271368978bcf0d7b986c1f29660ad887557a0c661b6966b186ccd58831abd7bef22b9eae4
1ec30c39c0dd17a87196a3801a67bc312e221ea7eb638a8b0bdfd58492fb1250ca26ccbbeab463a19c11fbaf15a9ce81c077f5724b130c790d4ba491
01145ff8ae9addea5a3583d87a9c9a0315c7453064776b9277f5542a005076a5ba8d606b979280521602a014845fa4c9a9e8b5af0094a36394bc0094
97121f697236cfc90094dd4b392f221e6774c9d78619c4b317dfd5e2c98f19d2acc417118fdecc706d4a75d4c9f58f07aa980b40b92a6f0a2871c8bb
7675e5b400a03460f502501624fd0bdfd54dd61a80b29a4effc20c5990f42f221e93721c6972a6c93a0370d56a2de822dd2a9821bdfdf8c20ce9359c
17beabc54d8c19522c711d7808f8e6c1d12f7df8ae76545417697216fbe91d8f8e2780f292bd905cb5808eae83f9438f77e1bbbac9343043aecad3a4
c939641af8ae6ecad3a0c6bdf89dbee38cbc118fb2337c5727b0cb15a8b15faef26772556a214dce8245e1e2b68e130f96eb2458579919d4981d8913
85ce622d86adf8265239c6cc2b5063af1e0f38a81eb32d106cfd7c135bce930692ab3e7bcdd18fd9f3d20c896fee75e91c489d811a9bc9bc2ecc90d9
9e5d281c9fcfc885839ae62217cee191c31d8f15abc8056a34fcffba0c4666bd5c2a54995bcc90fb6a2da00ed9200eaa4f1c452e1cd58817b970c89a
334f24579dbaa5104dc9183e4f245745749b2750238ac3bb8487472831ef5261ed1e9482be6bf63b50f1c752d8df3fc4a9422cf93c05a06c739872e6
094099bacde1fc11daa4bb04600e39609eb8ad030bf35d32cebc522243972d0028c9ad304f331173d6397bdb03ed61a1c4fa3c4f06432e0cd9ecd265
c80094237c65e70940d92288659e6653e65b274747f53bf202aff49abcabdc583b4ff8b51e01a3e669e68ec0645fc813b0d81e80eb823efc5a4b041e
dc254ecd462d9821f16bbd4be4954d5044de5512becf13118f68cbe689bcab38b3cd13b775e466090f8f6c9df81edb3353e8546613332421aa77095d
dd0245f8b58e03da035016a2f0e60933e432d11752e8244790884712d5dca590eaa6e79b48adce3bc955b9eff82ee1e191a02100655b1c1700259979
e7893b1ee7cd375158155bc7efb3411f66c8e4282582ad5d599821d3e53374e517b493428738b1793285ce0ceda0c663633633ce8fd2875f6bbfd89a
d96400d682c2eaa0bd4c9e958b51e2b68e6bb06db30a2bfa99f58da767fab50edbe30e3d4789db3aa6628960e4cbd6097b38add31441d452589fae82
02ebe9d0470a9d6d40bbceab27fb48e7d542af0335d63131f28588395701118f93234f9e9ce3b205e78f3123e2b19d501ba831e393334fdcd6818aea
2ee1dcf9ec35f337fb1d663a9fe1bc8a50799708b696b5066a2cd7f31952f9ce1ce1bc8a9fd63c553d90e052155df9cae8566d1d7e1747633f7c3350
d53cd91ec1f23b14992767ff88e2629e2a4b37db4d14023b0301a0e4aa977902506e0e20b7756c2b1b87143abb0babe992cd2061a1245bc45d8a53e5
ba987652e87039ea3c05a06ca79b3100654f0982088644897f97709e3b5966cf143a2c4f006573c36186ac8921c30cf95cba9821f3cc003632c8b96d
0194e8b5ef92c901e90b118fa3d2cfaecb3923c8f58f64aebd4b7174543715118f4946cbf58f8b1b9588c73559223960a3d700caf3f95d4c2ddaea79
32e271612961864c1b7d19b24fc605d0d864de83b4e38e35a0f1a8cc11a0b1eed4a9a9b1d1336ee4e8323e4c8ddd038f343975a19fa6c93918dda1ef
38e332bcd18139224d0eb1917789dcd4cfd6f172d82c21d9ec3006d2e49cae3a6ee4a8b2484063eeb4aeefaa6b8204aa8747bfc8d0cdb8e29bdbfc0e
50bc33662b0e568ef54ac071b32f468df90c2f95959100195e8a0c981af785f9031916e79d04aa93bb6a435fbc530b697216e71664b83f4b28dda481
1b3966f7b437724c9658833beb1a64981c974d2f1cfa12c8709078ff2ee99beb3390a173b4994b85f1c4d478edac251c548f136a31359ecaa220c3ea
9b3b51b79d95b5638a2bbe89d246360f325c26df242c4736bf93e6e8f0bb06a3b514f6a8dd7eeeb24fbf2383dccc6c6a6a54be25aab176d6ee8ebebf
43fb8ebedff9db599f1e6307c842391c07d547ccf547583269728653abef6a67f1e8bb7ad24d40237707ccd3a195dcefb82cc7ed07685c3ad38e1572
529ec60a9995a7f15d9d6413a4c9299bdfb1743deb0f246f255a4c8df304e9dcc8b125a6f664e9ba784e2437e59c008d7db5d7981a0f191f377290aa
fd2e554e3fa6812b1ebba726a071f77838495b5d199713f6a93c7d32b5320d4c8df36a2da401cabee93d5d9650da28775cdea8c2e89240355dd472c1
5a07fd04345667ec22a2ac304a011a4b73215fcc5fb24e4c551e1d44353ed90bbeabd7c142f68a478f5b4c8df3b3964016932c0bdfd52a9bbf944c6d
c12b2ca32ff3440639f0c93c11d601839e277355144a1c7f9bcfb89183f19c3535b2266640e3f46c21e6af4ed6826feeec9b486e4859336972884ebc
4bb01ee4e2596458fdcef9f33b72551cbe89d286953507321c3312e68ca99148d0790619b6cb12fbeff90cc97bf63bd338d1bac955c3707c9770504d
be49f25198e98ca9710a33dd3ccf5e36463f31355ecdef589fdd12f7e42db687f8b241adf738ceb48e832a19d1e79988c703663a0732ec07ab7c5e90
4c9122671d5439d0e740868304bff38ca9713f7c93dcc69725f4e1085633d76eb873e685b4ff27b4636a946bcc20c3ea7ac141f5ec3e0bfac8667797
381a112e66aedd78d297707004a5ce5cbb31236acc49df6afa92bc8c8bbe606a5ce68f0454cf336972f68b8120ef2aee5df36cde55b8fc8c15b20f4b
41fadc2d61cab92ce1db5925c888329f9db05d3bcd3d5d9280ef6a5be84b461f878c37636acc2703c88d1ce562b964d3565bc201c9edc7158f63f519
5e1c1c1633a0112fc279264dceb4f92652c16e29e893b9cde45d2dcf5a305575dbc30b00e63de3bb3a25261adfd58d3374c6d4d83880667c5737e92b
1c1d40acb9c07a86df21d56d8c27a6c6bab358f15d2dabdf91eb603082981a0f47972b1e77373f118fd5ed4e9a9c2e73c37735399b80c645764672d5
f5a0bd008df52c5054c9c5e1cac277950b5eef52e8c35750ce8ca9f16a968c28634d606abcdc1cf8aeaa4a9b35353ab780466e469ee78a29551a008d
e76c2daccfc537917a0e46891b39a6dd3771000463cd810c073ada7926e291cb3cef12a62a471753e3221b24b9eabef91d190051b7cc20c3d955ce3d
8e5806e61953237ed777298ec6a9fb264ac5d33a116daaed9141cef5a2832aaa831953a347e38c832a37dbdc9c9ce49cee9c4e5afc99f6bad7365822
1787f38ea9f12896e2e848209999884792cede2522e65c05dcc8512646975c387db185d87fb36c971b398e19fab8c73123a7ce5d2f0e460907d536a4
81884e04ce19d4b8a103980701ff13ed616a4ca842e7e1b5063e431f0e5e9f0335f62c9f18e6ad66b5821a9bc734a6c64ba63fd0f75f1f09a89ee7c1
d2ed761ac085c03e9b26c7b31edfd5e5b4d341fa56ed0aa726d2d28c15f2747009862cbb2522e690b266ac90db6e094082966d5e75b0b2c4d43a6400
ca9cfc8e6056d904beabcd738b6048acac7729a6769e2c1191e400ae6c4d748a3380f27cf61a7d5c6603606ac4cff42e01b826fa09a0dc00f6338072
71c36d840578e06d002e993780929c21f3ec158f2e177c5737e4cd1953e3214bdedc9a2c33d2e41499fea6978a257d73ad33e62fcd7e17f39750fdcc
98132f3738518d27dad59904aabb9b1173e2824e78f6d60df47f7380c63694110234b6d5f67668f010ddf19f9631604e2c68e766ee6a3c0ffb82b9cd
636ce7f81b8ccb0e289629ea9f8aaa6906345e1e019813b36c4273628376ee6a3c3d8a418643f6721095baf99d3a6f9f71bccbf80e6c16323013a8ca
880ed3c6db029e36d28739f148d6823911b5de7c10b5295ee0d68dcbbd89397192097beb86638d136a7694b875a32aed8a0c1d79f2dd54d727c87055
a624816a72040319566ed2be4b98133d9c4ecdf9b6106b303ddf246183a2144ea8dbf33b433768817c372b6aa8997c37936f6a4e747de284baecf493
a8c6a6500232acf6e5c2092e590b519b68e3e7cb840dbe4982d8672dd0e7317d713c2cb6cef12045810cdb56ac850ba932f34e54e32371d04fb3e405
4be300542d011ac78a396a21e0718930927909d0d816067721b7ea72f91d5147b36fc6c94fd6d779f11a47e0c932618e02382de456e56af77909d0d8
c8b07197488583c4b010f078c2c0166ee4e86cb865d2f5dfef8c258f215b30279256695e66f571bc19a0f166a63ee3645ca8931b392ee99b916c9092
17a21ab9087d5e66249bc9124a8dc916626a35212cf8a726747c0bb95597c312b91c0a234854230e3af3e2358ee1d4342f33b97f51fd2cf8a7cebe89
39b1601b5ef04f95cd2f443572d7c4bce09f4a029fbb64ae0afa8239111ff0bb64aa1feb24f40608b9001a4f3493cba2139c6f129a526ccf8063df54
32f5cda08f9cb37709e4840269c13f95bbbaef12b9b739809664824abe4b82fe4629249b6db21690136aa8c5a8465732518d8488cf8bfea9d83a16a2
1ab975ed2ead1c71d682648a04b6880c9bfdc466c1665c30272a372ea4c91940f2259bf69f7e12d5980a334d02d5b2fba601e3aca56c403c7dc9d82c
ec67d626c3e8e2849a379f415fb7056c32c937f124423c5b4086cd758d13ea05b05fb2a11b9608f86ff625e6af72dc2e20c3e3a4d7810cf3e56c820c
1bc7d18239719217e0847ab97ab891a33dbf33aa911933170eea96a5986acbefd87fee009d50674b202757324ea84420de25138c5ac25c3aa4c804b1
f49abb1a559a2e5ebb21afc39c58e560e4c27984057f842513f0383606a2c25a9176174063b2635a1a11e617031e9149968a50ee9220e031553b4d06
2b0702ffd4ea82acf86fa2fc5f9e69726cc1b4f82cd6008d8d3c1677298e0ea590a5610947565b1aa423032d011ac765eb0dfa9ce8c6a9e99035e8f3
006aeac39906cc8964a59b17406371e00334963ad99e69d5a108d0985c2e9813d3b044d4113ab0c5dcaac8408bfea9987916cc895c337f97bcd1815a
bafa46e6afe31f7ef926f307405ff04fc5937c5e886a4cc99247231475e7cfefd0a756fb19f3b78033966e6e634609ffd4c5230effd4c51532084d41
1db110b9b8789070ebc682f671c19cc8355377a9f2cc37916c56c61a60b8c8ca31272e321b6fdde8d66212585601a9709ea2c6f04223bf8be3e12acc
df60fbc9ce56cc3568b997156b3e1adb65650d62aa5a8c5c04ad2c2b3ed228a51693a49ed669f802b413b978cd3e53f2b63d246f0f66cd89957eae78
2b38ef2bf952142e407f1798755991dc267b4d649f07e5860fb1f3b0c13e41780be8afa0da5a36526dc93e37d927f320fac32b66d930b779506ed027
03d39c98fc0efad0d12ee6bb01052ce6bb41dfbf6cd0e7d1b1411f9e59cb067dddd6a14fae61e4a202e70e7d2b34eca4be5760d9a16fb5047d18d417
cd891e329a139de91dfa141976e8f3d8dca1efe1d5f4d32cd9a046fc28961dd20fbb622a1c06024be32533dd21fdb22be84c1706c954386eb803d25d
58877771f98c935176860fea24d308d05826b7f401e997cf74b4b1964e2d9606df3110981335392d80464d1d0ba091ec6b77890b8d8adf119e91fd0e
fad0872fdcba31c992b9756372a2018d93ac15d038799e930a67020e2d80c6c9c3101f54aef89917af6a54d6e6aa46b220cf0ba970a6d3d6a1cf0582
0fea2426d09c38d93aac67b29f9cfc877502aadc1c975b13da2fb726145d2c5d3c3596008d8368ac79e1d68d1ddde7820feaeea6baccefeb7741df21
0609d0389ecc2d40e37d30db3af90c64adf8a08ed93a61ad97df71fc29339324759576221713077322727186292652e18c7950c2bd9f55902658ebea
77e633a89460adc8b789c845f272cf0964d801fdc924a99b757aeb86cfc8a286d364c2d17474db234b63f24d90e1647b1c1d28a5d244f8096e5a0964
38a39c48a4c29931cb2792a4cee8b513e6c419f55cc29c38a3744b33c809955f0219ceaceb4492d4cd7199cda1bd52423981122c2dea6fe999c94e91
fb13a6bf8db5944861bab103925965e04409c3dc86e896167dbff80eb7cc0ded7802476d709b845be6861755c2f8b6b15e52026780871256b41d5123
25b12eed0556ea3b6b2911cbb74f7e67f22228ca3af5d202c940770ed81428a73fae28f969969c00403b56dd94bdd78381c74b522fd784d76242a64c
5e098fde3071f15fb596028ce23c4f858093850552b07d274b24f759ac8564dbc95a88e543b3958875abd93ab17d67fb826d1fc926913ca5724a27bc
162b677d02669072f32e85ac5d1b7556021660218958b78a949cbc121e6937555ddbac13fa50c52462dda6e7b34e89493179cab0166cfbe8f1523516
cc9ee1758aa538059618d366cfbca7814567f21454310903946c3e8125345826ee6998ec67608931b939c012dc3531a786ed1b6d756a24673afc0efa
4001890c29935b9adbfd26704d6afa2ed833e83b196b33a4b8e11af41dd6027de80d13ae8993ecb3431ff68c84016ae2984e6089d96d448694d935e8
650cb36f723b1c2699448694d915c995f0f3620b9d67cc112937f59149b8266a7c4b5ec6c08190c012c3d52a9690b989171c5d6ef0cbc0e7445acdc5
b1164bc8a4c412b21eb0443afc0e23a14c4a23138a9204962037c65d02ca234fa761021fe621b0c4d8a41d2c915c5960092e50ba4b063db1ceb8c1ef
7056b0243504b2e40d7e882109d7c4e6ba5ef1ec46404a5eb8e0611158a2a89a4ca4d5ec87dfe1dfb55827f17a8bdf710d9a1c852c280d6c96b870a1
399b643a69c5ef2e9eb1ce366960c636af3ae33b329d34ccf989fc98adfa5de6196346605a43f24e5a8b1ea2db4fb3643c130dac48cf0bfc984c5267
b6660390d7200fcfc4b6fa26a9ed940a3024b56e57207d933c48971570df02170ccd8998b526ebe1be8506bc4c18999ae73246a6866e3061646a0734
10b3d6087b48bbee790c2749509a3209a9339b2c8b5bfa9a4b77873e97d90e7d976f429f67369e890d793381173ab268022f7437eae1059396a0efb4
c4f2447397c00b5d16025ee89ebddeb7806e378117fae27704fe20d126f0825ec309bca0635d022ff46e9d415f1f8c1978a12bab1da893d02ca7c00b
e3b22fb81fea9c9430329113ef2e2d94a00ff7c3a5f92686dc6e89fc6e38c125dc0f17db2375e6820d2119b3869f4f3a090706ce268c4c8b8721994e
160f3caf76578ac4c8b438ef663a9145e27eb87870714b1f771adf25e8c3629f703f5cc097e982bee19bd0a7a478411f6aa8447acc059376323da62c
4b1743770086a44506764983ad4303eab90426d0c4952e6840faccb8182eeccd8c8be182122593cd24a1c6c8a4c75c22a87fce931743f85de1cd8b52
a5e49bcc11076cc6c5902cc877c9f49f0b255d283ba58d5afc0efaf0b1c860021284cd191743b2fcdd25ac2928ebf28cf73d8832cfd080193263115a
e013198b50025be7191a30c5e5b0fa74a298ef52f4934b78ef12fd4c7eb753823e30414ad6423f11c1b2561f144119bc103e1d3fc99233508298fe39
0325b81fe02e254a0c0b5e84e49cbd4b9087e23c033ad2ec770479549f11e48102220348483138671296a4640b908e0e33035612ec25e34598383af2
e214413a4046f93d3fe3cb1840804cc22c91012be4e998333164641498336025ad3ea39fabdf3945f413b092862dd04f4ecd9ce867f319fd44d2c8c4
89198a9931ec24585606f224d84406f2704df95d621e86cfa001f365265d655a7dc63c2025e7cc3c207764101017e2dc2542c4274bd087974a265d65
72e370c94177fb71c9419e7dc6a5a393fd843e0ea75ca0efb2047d487c99ec22d9cd81cb1f8986e65cf05675fb155c8edc70c48991d07ece64175152
ccb8fc659946913e668c5830fd5272618e90c032b7df25ece9395055cfe8df7395069e914124c9ce2a3420656562c1b21bbc4203526426162ce32496
035575b2a8dd25fad97c33e62177dfdc78c6b8e0ba97650c586172b69fcc833b80a02ee33b33415d19012913d4c59d9977091a64280d1a10c83237dc
65d70bae7b646b9933594232d27c26a88bec8773c60a4340f55d823e592bb92533875a26b764c6832537e873ed922524cb5a71ddcbab7d813e0cab19
d7bdcc3196b9ac207330675cf7b2eb1a2b0ca99aee12b9ed3c1070dd2b084f992c216ace33415dd95560969064eb411f77afdc25aed192bbe1ba5750
7465b28494f431293913ef2570ca1dd22fbb89c3bb4b09af3e92bcdca520bdc8228905e34eeabb94f88e6927ed6471d171c31d774ddc254897e963bc
e1facebb04e9b2a501e99ef5dc63506444241021cdde9c8905e37689bb74508b349c7c67cfccc200b5c48215592bb1607a3466ee31e07af3bb047d32
765cf78a8b2e00572f2ee415fa941f56e873ac71ddab8b75920c7eb275dc6e165bc76b180f96bce2f0eed62416ec04bc67af4cf7ac078c0ddf048c71
03f09c37dca608cfcd80b181063503c6860c053036d02c67c0d8535a028c91e0e62e91e066b1964ec9d609f556b620eda4e6bdecbde81e9bde8b3e6c
01d74b0c6c19d73de5d48cebde021ecabb695fa1885830aeffb94b7a9dd24f62c116348c792737a15b6c37771fede1d6f7144a7633deb26dc912929e
b590a08818c74c2c986abd4c2c58920de2d6976421b8f525d920692713eaabbce39a087ac80719c365bba49dd4009cb9ace079f8927692db80ee12f4
81f0f2017db2ba03fa5c91640949c8daf980bec316a04fc9fb200153b1056f2864240ee9f3cda02fe3c9900371d5ec1af4863b0f74105756cc22b764
06fd65724b66d92759429ec726015f19c56826b76496f7e0d697c1583910577d1e395c569087b5704f8a33c65575198c95c904f23c2cb890c098ca8c
15e679385dd0e01a24a82b8b33c81f19b7dcff344bc6abaf085d30d0e80896492dc9853f73c64073398018682e0109f15e65b616f22f29e760a0794a
d7cfbb0a7c86be4a494a03cd692df82760cbcc1a68803505034d267aa860a0c9b0ac828146b9aa10ef95b3df99f0d3674439b1e10a77d339b585fc1e
7a2d161346723815cc2e79f13b5cf1937d21caa95b22750bb6da82d925e3015b30bb643671c1ec92ab6f9299ad5bc2290da9a7ccd0502d4103fae932
1bc43c518286d567d0804f40c1e94ed9a2fc2fc2ee2c5d57954902f09454046438b6f31f427d8737565deeff92c706504832b28994a9a5daf2af158e
8b8cd31c84e2d7cd381d9b75f375458dd4d49f0313abc0ba045fd504d6d188aa6cac5dc46d55120075faaf652c0edf1abe0d9a77dd8c85d9ab0a9053
c165ad081cab2d5d43e0280baf0a90ab3678c5b7b15b75555655e56eabeac8eddc43b5a4aa48fa1369635dd789956addd283cc5336cc2a08aeb65c93
1e75e42d483639fb2a4e8dca2b5205c15542a3ee0a6e116015a746ad796ece2199001513631524565511af8ee22a3d4ab5f3b5eef88bb3032020f503
7f2da32e798b51d7bc2555247d5da16d6172a9cabc55310f95cfa9722e563ea7a836155346e5a1a942dbea913b8dda515c6b0a2ef8b798322a8c5585
b685a7a34a7a8aea5685b6d5276f3187ecbf947223682b360cd5357f2d7360b4a9c2d7ea9d3be5c4d284abc4a6caae5d956b4b147d6da999649c7812
6bd6ae38b47aff8faa22bf1b4de14d777e1145bfe2d64fe2414d45b62fd77c6a274005721226527bf8d67cce70eb2f794bd7f2a3e52735f0b986b962
cb5bb0e846f00935ab5fde29948ee5b50a358bbe59859a258faa0a356b74bc7aa4ac954f2dd4ac45ecaac8d6687515734593d957859a2539b80a356b
11d042cd5a96ae50330549d72ad42c8ec78ab9a231fe57a1662d42987ba84540730f354e832a9c2c39f6957ba831a254eea1262cac720fb52c10eea1
e6ccaedc432d0b847ba801e17584643d3d9803975ae51e0a7744e51e527fe4d7627f5fd21ffbbb68d5ca3d146e85ca3da4b2daaf85b922a28e7be875
a0d7241a4544720fbd1183dc436f49ab6a991f17901a2a6be5027af3e5b980925758c34e4193aa5c406858d7ca057483f9153bc54d77aa61a7e0e4ad
10c92db0ae4224379dab422477440fd4714784401d37bb7d853ab0f6fe5a5047c47550074459833a18046a50c799e7e462b295577e9e3b42919fe7ce
b1c9cf73dfb9660ed05fe5e741f8b9567e9e3b623764f7d9effc3cb7388acacf73476af0e53cd98d7c39c994ac7c3949b3a877f249f3ce398764e855
be9c278a155fce93e3962f275902952fe729798eab111aab7c398f8081ca97f3306956be9c276b822fe741a755f97212685af9729eec46be9c274a1e
5f4ee2fb2b5fce03c954be9c103654be9c59b7e4df2239d4843939924b149d6b828ee366f5aac2c29efc3e61610f7b5c1516f6e54e61615fb4416161
5ff4466161df916b5269d9ceaab0b02fdb415858d81bea1beaccdc2955310b5958d8c78c5185857dd10d85857d59e4c2c2be2bcf092b8aa07dc35f67
b14e40d2b7bc452e519c3ef54bc2894f2d5f6813ad5a857ec579533149c4d152d10f6e77de3991451c1f15fde096e36f228b9e4cc9fa2925053dd489
2cfaf6e539a4ee5fc682143c673d268924953449411bfdaf4d64d1cb9216765abe80b648895d730d1bc696b7a86942ec36c4f46abead0d8f6038199a
c49f44b537e15d311db4454e97a3b121a62f5bee7cb56e2d7360d56b1367f438539ac49f42376c2a9d1587685bb17b3b6edb9a4a75b9d3fc6ccd8647
30dc764de24fa19d35893f1b51d060909171ae78dadef4203c8f786930c81052d5f0080e91dd0de7dfb0511b668761af34a5c706ff42dbc2346ed44a
8fa985b23624f2e3c873a796bf327d32bf96b7400f6fde023d84d1a3410fca0aaf0d7a781d2b0d7a7885bdb592f48cbcc58147f76dd8fa12e4d7208b
97e1a2411609156cbc304f4d4bfa971dd05285fac9c81cda4f46e6d0b63b1a6411a6bbc60bb35e6991368e9506597cb4dd06597c74ed06597c105743
bcb0643f4016c8867fad104be49da40d65a6eda4cd9b6ba4cd97e74894bf71e291fecf9dff4f91dc4090c41737647d0b7da5c9ae59e4763714ef8bf3
ae55d517b258f12e24beb8d54ccf92c0bb9098e5168af72dcfc98eca0657336c29798be4ee8802dc0a89fe6d15d730eda5e1565024f3d73287966be6
9045decc218bae99c3c89de670e64e731869990368d6524d7aa43f73709034847c097b6bd2641243dc54935eae5c7bb4cc0febdef2a43ff3e3606b3d
c5958c1ab7c2c282da702b2440aee1565801f4865b61cd1f43e3be46444eecd21208d6d4055bbebc65ce6f5df2963066596658f7d6fcbf8e7668cf58
e6fcd69e1ee6fc567a5c534d7a1de9016d14d348c3bab75e69cdf9ad34fd36b14b4bd056835dbe7ca514ffca7617da16c29926b4add2f49bd0b6ca5c
d684b6d51c4e139f8cca7fd2f027048db5239cbabee0104209efb52114326b1e435e634a6b43c2508e15dc765bd675ea32e73f8c44846b29a375d3ed
db893a13fe6a672af8f9d6e1b6a3fb36dc76f791b76041a1bf37540477befc440f2d28a09deaf1e478c05f773390b5d00d1c694965e79a6e6a2fdf4f
7a3087fcb1cb1cb28fae70f0f9f29771c26ded0a5b8b6f7619272b77432970477ca214b83f739f08e177a77fcb2f71477cf24b0421347e899b9fa7f1
4bdc149dc62f71e74ff34b3c5112f825a2e9377e8907b26ffc1221526afc120f0f5be39778963c57b57c177e89e77fd20e352e8b271b8ecb2269af8d
cbe289dec16511d0d1b82c9e2c252e8b47584ae3b2784471342e8b872ba071593c59745c160f5b56e3b27872827359044a342e8b479c41e3b2787266
7359847baa714b2413ad714b8402a9714b3c3dd7cc21da0bb74498015ad80644dc366e8960829692576c988d5b22147ced0dc3ae51734b3c5966dc12
01e12d3c74ec4e8d5be289b0e1967884ee356e096538d7f6866cc73fe29648026953f2ea3933965433cb9de6d7726dceefddd342c3da72a794e66c95
2f644266c465f166a3f23dbc257756fdf94a08ca634868e19a7bf296430fbec4670e224a9a3ac96fbe19aeb98f19aae19a7bdff4670ed1e3be50c9fa
635fe6309febea24270baf23287f1d011d6d4068873a82f2d711d7d106bc34a99e3ac9475ae6c736df9770e9e5da9c9f6a16bf56e69077ce3984beb5
ab85fc320bf589109a9a8bbfd69cc3272bb5ab85fc01cc1d9f5cb2db3a6a0015f57e2d4cdc4c465de92a75b5d7aee0717069c727f7d1a73b3eb9a0d4
8e69fc13efd12742681f1f42470d905cb78e1ae0ebe9ddfc68bb1d3540f4d48e69fcf38f3a3eb98faeddf1c97da293bad255a1f8ec98c6a399f6308d
13c21d3540e838bb82c76133e99bf911c21dd378989cfb441d7da194f40de91815b36f58574a467669f963a801963def9cc7ed52d3fbd48baf23bd7f
5afe51a801fe43fdff14c9bda4a0a58181359745dec31a2030ab4f58d343fcd3d5423e89c88e4f4e6dba5f0b6bc09bd6a1953b67644188cd3b5893cc
9b0ed62465bb0b2ebb96b4b0b0e68795502166d4f8acb895bae0b2ef4d0b9f5c7a175c1698d105977df4aa2eb82c89925d7059720ebbe0b2a44d76ac
0161cceabb748925ef942ec109dab106045974a5ab1622b987841c96e86a212f6bee942e0121f42a258258ea55ca47fe4395f241f07569390b28dfa5
e52ca262bab49ca5a6659c111ad2721676b50e9fb46c1569394b36bfb49ca08e2e2d6739f216691d2ca85d5a4e90459796b380c83d64e21927f74992
6e7b78e138a0ba1254c924ec52fcef92b770129e69b1b5febd93ad95bdbf73ad5c2cf59dffe46e19195b6b4b7f738bc5b4d553d338a2aea57a9a772a
4195c3a2f7c464fb4afc2e1f075b97967365d46a1adf8ec6ceef9222009ddf65e49bf1bbc400d1f956c6996b0c2582bd3adfca1089d2c30a9eefc2b7
32b253f95606e7693f52a6c8ffe35b19575aa27078293a7c327270f1ad0cc689ce7f32a8139dffe484253affc91078d6f94fc6936be690e388ffe4a4
5c74e935678e9523acc419d9a7650e7c2b677615dfca1941cbb772ae69cd399c02773bdfcac905dbf9564e18a4f3ad9c5ca99d6fe5ccdfe45b39b373
4698cd732792b33777cef99d67de697ee37f05c1756e97b36760a69ef38edbe5cc87e77639c185ceed72e6f7a536717eadac9c1390e9b272ce08762e
99d032762e99333f8c4be604723a97cc09ba742e993302934be6ccafe5923979ec3b97cc959fc92573b192762e992b828f4b2694219d4be6e22cea32
76aefc3e416277349bb86bb8aa3a77cd2564ac73d75c2d772ab5c4c6deb96bc213d5b96bae9a6b5834f2a39592fafbd113708dbfbf3201d75004ead7
fab46c873b75593c3741d5afe52b4d50f56b79cb9d23d5fc907b9f0c3a5d1de193d6da1f545439a6b1a89dd1731e45a7a21b86454df4684f95df8810
fcdaefdf5b8696513fa1f33116957c638becf8cf926cdd5f25af00e6feea3deb0cc7d99fb6fbea9d2db2e3318b2db22b8b149689fe4a4dced1c887a0
50d0da718e25c4b0b3f07f4c159d153f3c2b9d153f29349d15ffb3420e56fc30571cacf82a46af070bf847033b2438bffef4c1025e7beee46432a383
055c75f55f2b39a3790b0bff916b2cfcb0e7a1924e82e70e957454adfcb558f847fa63e1bfd362e1bf73270b3f4df85049273c82c7c6c2cf9c74a0be
4ad4f781faaaf89bc7c6c22f11e7509a35b1f107be64e5d3d68355fda0951ff4db9db9f3a0df264eeba0df963763313f1af441bf4dd4fe41bf4da8e0
81fa2a51edc7d46ffbee283ef025ef1496035f7242f00e7cc93b64784c25b6efe81b0e4aec4efd3ca612dbff4ba9f8b7483e14d9d959bd8ea2885016
0f56ac7dcdc0e6d413537860c54aa0fc31f5db9e90b163eab77daf19e6a3e5931553efb9d3d405fd1cbba973ad1cbba973e11dbba96799eda6c7b971
60be0a0bf2b19bc3c89dc649f41cbb719e79ce381d24876239893e3c58d593167a84b38af83c58d5558c5e0f56f5ce9a74b0aa27f9f26055ef04d1c1
aade336a56f5ded21fb6df9e1e2630ec23efc4c995516333ee3def7c5ccb9d618bcdc83ed77c5d16f79eafc4e2def31f58dc93fa79b0b877d8e56071
3f1c71078b7b32250f16f7239b83c5bd6773b0b8f72b6f41e7b8a407f3cb866371efdc43078b7bb22f0f16f79e0dcee29e4cc983c53d198f078b7be7
663d58dc939979b0b877068f83c5fd606a3a58dc3b87ecc1e29e0ccb83e5fcd87367b809f316acd2f0c9c1727eb4b4e6388f2363314e6ecf230550b3
3b58ce0f3afac1727e648f29807ad0e30eacc46a12fe5ab8ed2292b1121f74bce340682fb0ee50afe6d8d2f21ff2ad0ff3638a3914403d68fac7617e
59210aa01ed0f48195f860e83a0ef38bb89e5a6b4bcd9d63981f4bfd31cc815e7c28721a97e88179f8c8aa9b9a691bd0e6a15ecde0a83ea666da46a4
8d7a3507b5ee402f3cd6bc65ce61f43c37e7304a7a7f8d3377ce392405fe60d30f3fe671a6de8971b2e98fcc9d4d3f2ed8834d3ffc2c079bfee86961
6e2fff2b08ee60ee1f22440fe6fe2142e060ee1fec4e0773ffc8e261ee8f17f960ee1f3d779a1e17d7c1dc3f2250c22e7ce59ae99d69995e440857c0
a0031d5c0183f5f1e00a18d94657e66041720584fcf0e00a18d11fb802061dfdb832bff4677e5f9e9bf33bb7b4cc4ff2f3c1dc7fd2840fe6fe91d396
b9ffcc4665ee3fb37198fb4f16f083b9ffac69752d5fe24ed9a7f430e770e63862d30fbdfdc1a67f968cec366a8b804dffac69bd9ef3a7d9f45389ef
60d38fce7cb0e99f5c39079bfe09221f6cfa67fe18bdb8945ca3e7f01a1c6cfaa95073b0e9c7ae76fc151d356ab6f98b767da4460cb877a4b0683680
24ed2f47b8f4ea583b0fe9d589f339a450c7da7988ad0923d8214d3a4cd58734e9c4001da9d29283eb63b0ca16c3b0fb71071f12a35396ec600fdf22
42d8c3b735ef940a1345873d3cecc9077bf82612e5600fdf18ac0ef6f08d0636d8c337026cb0876f54a921317aa51b0e34ba3b0bea104db37f798e32
f3e51a5d7b496b2a3389bb1e4b720d8ad69c5f2d79cb1c7573148f25b5f086164580d579b08037910c231555a0cdc1029e50d621466639726dee9c26
7668b080874367ace175361616f0b0e60c16f0c6fe3e58c0433e3fa4492f4bae31cff1910c16f084ab0e16f0b6e79de6b7e74ee4a30c6b231555c469
8d2d15638c9a05bcf5b4e6cef9cf27fd6f913c18c71b93fe601c6f675e62eaa20ec666ea00e5c08ddbde0cccf4e84743baf393cf22ddf961491bd29d
132938a43b3f4efe81c7f6614b1ea970b2e7ceb9011ebac5282193d49f74e7c11537e8d39b537a60994d2ed8507f6473fa0dbaf6e6901974edade54e
4169b6eda06ba774d5a06b6f47de2228edc873bceba231c62e1b8b5d6d60922d0c25a3cac6a2450e5af9ce2b3f68e53b5d7448388eb57ad0ca2fa135
83561ee6ab412bbfe87883567e895618b4f2f0600d5af9bde41aaf35bbfda09587f379d0caef25efe4b5cea6a26bdf44c8a06bdff4b141d74e8db941
d7be41c1d152efce97a06bd76c1cba765222065dbb12c92324b05913cd5fa9798bbf92add2fc15a071483f4e5cf96021ded6dca93c415688f4e30536
1b3dd4f0be6e4fd1b05c8325229644e62fdc8943fa71a26986f4e3c53136a41f27b267483f4ec4cc48e5102680218d38044c431af142171da90022d8
6b48235ea08e218d78116c39a41187d469d0b53b2d721cc6f9e44ee364d019d2881766c4218d383139431a71b8098754e1e5cbc810eed28b47aa7c64
bdc8075ec5a50cf9c03793df900fbc466ac8070e51d4900fbce600920fbc4aea1faa7cac594bf281d73dd7ba569e9b735861dd211f78850946ea3fd2
a7879cdf95063de4fcae90ef90d7bb520b86bcde5485192152cafafc33d99abbbcdeff4aa9fc0f912ce5376cb143caef4a771a27bff893579a02dbe0
90f2bbd26546aa75d0b5077dbab3b68cd3f4eedc697ab4e4a15ac74adb1d539f3e567962833e7d654ba75a077d6cd0a72f1064d0a72f6129833e7ded
790b2115e1cd461b2af34113beae3cc79593e34150cc950d3083627ee0c69db4e44aa71cecb729223968c9359b98965cb38969c95530dba025d76c2a
5a72bdf31c4194ef494baef4b1414b4ee6d4a02527af69dcbcc14746c61b1cf1a206470200c7d4927b82fc861a1c09cf1b8f1a0eec7f4375c63f31c1
7afc275e68c97fa28796bcb0d80ed6e325ff7d86d4f735a2606ad07d8d06c6b2bc4644b22c878b6db02c87a76d4cedbaaf3dcfcdf9ad8c676346c5f4
b5a5f739bf5522ef989a775fa3b9a9ce98d0bdc13ebdd2b507fbf4da736dce6f1db936e7b766bdbcd8d7b2e15ef33b73a7f9c14383ed7a7dd3323fe8
6fbce617fd560d8e35c7e6eb788f6ec8e6bd6de9c1ff135b3dc4cdff092971f36b548dd4e0e0ac1da9c101b70d11335b142411335bf691b8f911554a
dcfcc8ee60551fd963e2e6c79e1ee63847041fab7a92f3cf14cc70349eacea31409c53d3ef31249c34fd41413a69faa3e54eb55e7ade39ffc3a05d9f
34fd44689f34fd31d23287336f31077ff3949f9b3891537e6e2a299e3041aa019d30c142ad3b618210ef9f30c19271c2040b5dfb8409fe2bd2fd6f91
7c0a985918204e70211bee0417c2da7b820b2b6de9041752e2f104175650f70417d6916b2259efbc53246ba60e2e6c7f3d385f099413ab526a059fe0
c24dd49de0c2cd0973820b8f73f94c2d8dbf6b45ebd09abf36d6c793432156d293d3e000db4ef5325228fce4343878d74fe6fe03f43c99fb8ffc30e6
fe03d83c99fb8f2dd7f4ce1b7c32f7c7c677b2e9c76a79b2e91f2dfda5773362b73f183c4e76fb03b238d9ed538de464b73f58ab4f76fb8339e964b7
8f6df064b70f13dc09671ca0fc09671c04fb09671c8c0c279c719c798b3970f99e6cfa075170aa6671b0aa9f30484aad9f30c8f1e44ef3bbd332bf37
bd9bdf971e6cfe25ef343f7adc596d7e42ff54e73056cbb3dafc34b0b3dafc25d7943cc85742339b10b573e28cdee88d6755506cc973a7963f367146
6f7fcfcd71763e9953bdc2ce547136a51980fe53bdc2549f3c9b959cffae5e6187254ea527ba149ab3a5e69b3f369145ef44eb0959f4080dc822cc8f
2764d12322218b944a38c59ef4ecbf660e4746660e9cca67ca4b64df767380bbcf6e0e94bc5345faf8174e7507e34338d51dec57dec96c82c0e79ce8
a1d73dcf9d5afe5f57184c70e0392dfc3d4c3ce7b4f0f75a730da5a883f9eceaf231009e1375f424859f07172c93df79a4f099394cd4d143d17f222f
3ad31ff2a22f5f77a28e9e40c553ddc159e9fddf225949c2ef6f6073ea29e0771e3ccc2c70e761998143a762f58d7ff404560ee0e1546830eeb673a8
7496736b283b2370fd9c506284b7e99c5062ececbea702f109713aa7c17decb4f2f3d403f077aae7b74b4a382740187b04c34401235c0ee7d4d14798
164e25da777aea29ae618f6010d710d3c129ae6107214f910c3b67d1295a61674838452bec4c38e7d4687f2dcf3de6c03e768a64d8b36da7be3962e3
3b1f690f2c70e723ed412ed8f92a4845233aa71e37c2ec70be9220b2dd5f491011faaf24881c0f2a9dc53678a2a20f2bc2f9e98fabe3fca45944147c
de49233a551eab39023eef6448b8166fb11daea9a1fc5af38f5dabf9d181aed535dbef1213d0e98d9798804e245f2b9e6ce2fa121330609e4b4c40ec
fd979880045f5d620286ff70890938290217d68e98cb2e47f8b9e4b95dcb8c1ce127517e890938257e5f625e4fb8ed72bc9f25ef9cbbea84a32e9976
8975be9269e7a8bac4049cca455d6202c2d97d890968477a9ff34b5afd951aca725b2f4a422a315f8909107570252680c67efd05b6faba025bdf2dd7
9a96b9cfa37f2402fd9a47ff4862fb358ffe91aa3ed73cfa7f2da39e47ff48d2fba58cf14b47bf763df0bb5cc24013297f09037df3cd76ef64ccbaaa
77d2ae2f8768d2e3af1ca254cc4bc8e6cb1c7109d97c293a9790cd17e2ba1c8d95c1f17234861be3723456f8f272345608e8723456eae7d5f0c99144
5763a93fd38363e5fa5f868bcba919f87c39354319723935c37876393503ad2fa766bd3305270ef87c39352be17d39356b36875333bc195737bd37cf
999ea8e1cb899afcabcb895ab3519da8711a5c3951692f574e543af3951395a8bb9ca80d7cbe9ca8712f5c4ed470b15d4ed470715c4ed4c65d733951
e3dcb89ca88d5e7c39511b81793951e3ceb8e689dae306b99ca88d30bd9ca8e177bb9ca829027039365bb68a63b3ed699daef9d639364bae991ffbf4
75985fc958cc8f2675a9e4dbb25586f949e0b986f9b18f5dc3fcb20186f9718a5cc3fc18122e9c7f71835c48d6c3da7121596f11c9835ac0c471a9e4
9b70c76b105234b04b1edc79e4daabe55bcf23bc9f0ef46b1ee1fd6404bb94e48d63f59a47f8af659c2721cce4709d84b0c3fe3a0961e0f63a5339c4
6c19f9521bf2c2eb77d0c02e46bea3e72d2a87d0372f46bee3c89dd386799c69a5a664463d71e2c1647431f285e2fd62e40b96b8f0fa1d94846b1af9
8e83a1eb9a46be231109d734f2fd5abed234f21d4776ce34f21d83367f5de6977d74995ff6ad92bcc7971ecc4facc4359de6c7d8f2cedb3b33ce472b
6379b5ac89a9f61c23bb2aa6422ac3354d85c790f4744d53e13172044c05e908c3e1354d85478210ae692a3c46cf7364c891165b79be8472bd8d2277
ddf6d895de2909826caf692a3c963577b2a3e760bee1fc35bdc3f96b9ee30bf86f17ff5b243fdc04d9fc0f2705bdea7a18ff59afaed4e7cdc9f89810
0ff3f530fe67bb3f8cffd9eeeaf32eec4ed76342d9e08f0945afc2a9b164913f315ca43f3f0cb0b8a66d701cec7fd7b40d8e50ae5fd336388ebf3b8b
96774efbdf48d0cfa506ef91b3901ffe4ff4f0c3ff091b7ef85423b9d095370ec40b5d79cb8643579e2acd178f7deb79ae6bf9663cf62da2009579ea
965ca9899bc583cabc4584a0328fd3f542651e87ec85cabce55c4665de208b1b9579f4aa1b9579636aba79ec9b449c1b9579734cdfa8cc1b7879a332
6fb6fb8dca3c15556e54e6ed4a7fe6e778bf5199871ee946651e6df74665deee5c33bf2bbd9b1fd471a32b6f34e17b350716fe7b3507f6bf1b95795f
73cd1c688a372af35418bf5199a71ae4ad8451838e6e1c178d99ed4673de97bcf3d4ea5ae6f0e5b9dbb5b41e2ddf85412e268e1bcd79c8996e34e79d
69ebc6659e4a17372ef34e47bf7199778ac08dcbbc6fb956dda93f5ce6bde4da9c5f42366f5ce69de0bb7199a7b6f48dcb3cb53b6e5ce69db67be332
ef0efb1b977977c8dc9cfb31ccdc1cf8dd9abf155e4a21e15be1a5ded3320788ebc665deedb19be33f019c37c77f42526f8effded232879eb7988343
f4968ad6f9956ea96831d3dc52d15230e3968ad6b35aa5a225d0f4968a963218b754b4ee10bda5a2f523779a1f2bf72d156d86a4fe5324dfb2d43ad3
c1bd67ea068602bd331ddc28d0fb9b0e4c9d98b851a0c72a74a3404f2ce9bd9bfa9db798fa936ba6ce7e74a340efd90028d03b27d35d3375cb0c057a
6748b84524f437d74cfdcd73e6277bef46819edad9370af423db16057aff72273d20dba8d203d6f447cfd9324e7a0ec87ad798707c1756c4a4c4deac
881f83c08d027da3b1dfe0d0298bff06874e91133738746583b3145e34ef1b1cba324e98e7a24ddc30cf25c4e986792e00fd8679ae9277be9ecb5b3e
3d9811cc7365bbc33c57b62dcc73d1df6f98e78a988079e29ebd619e8be67dc33c57c404cc7345d8c03c173bde0df32411e78679ae3d3d985f4f2bf3
f3e5619e8ba1e48679ae880298e7ca768779ae080d9827293b37cc73f5b4cc8f9270c33c1727ef0dd724d3f5866baeec0eb8e67288de70cd950d0ed7
5cd9b6704d02006fb8e61a798b399c198b39646fc235578e31b8e6ca3e826bae3b2d73e038bee19a4bc4c50dd75c22c26fd825913d37ec928a73f730
87ec95610e5faeddeeb4eae09a3b3b0eaeb9978cfa73cd9d704d62726eb8e66647bfe19a3bab15aeb9e9c5375c73438d77e21a3232d86563efbf13a0
c0087607bbecb9a62e0bb47943241b17f30d91c4b17a43245bf61844b265641049ca42df50475ca937d4f15f69f1ff219201928d6df00648b63daf54
9665cfc0949dc9e60048b69a6bcab2b40c0ce0ea190ac0954507901c39470092233a094072445f09200191ef0948fa97657d33a38fdcc98c4e53bc81
8e0f04b9818e3ba766e213325bf109214dbcc527dc7f3d583cd90ee2136e2918b7f8849026dee213429e728b4108f9e12d06e1169e778b33b8652bdd
e20c6ebc19b7388310b2dce20cee3777fad61121d837a25ddfe20c3ed6f15b9c418a95dee20c92687e8b3348a2f92dce20ac01b738832493dfe20c92
687e8b33484afa2dce2089e6b738833bbaa13883471ce62dcee039f3ce532b6f91a197e3419cc1cba576bfec7f116e2ffb5f848d324c0ffbdf0dd73c
02156fb8e619696d5ae607d73cd1d8e19a875ffc866b1e16c61baeb93332b8e6ce7a51b635911ab7b2ad2b37ebcdaabe461f9bd8e5d7b2262676f9b5
d2fbb461ae74c36762979100ab6762975febd3daddb96955ad5d4bc5c09ee7540ce4527b16e3b4e31e56fc75a43f1503a1b167e2939108ab67314e07
c23351c74844c9b3aa65e83f3cab915db9737ec1bbe64e1662bbff813a1e7ff3813a1ec6c807ea78973c37a5cd4b877da08e548f7fa08ee76f2c8f96
af04753c0c3a0fd4f1646450c703ef3d90c5f3e49a5500393dd04372231fe8e1a1fb3ed0c343943f10c2c310f440080f8fd093f0df2f6f311686d847
f8efbbfcaf888b2791c1f4b107b00857ed0358bc6baeed5a3e046011aeab07b07869520f60f1825f0f60f16e79ce6fe0ca79008bd709f784e382bef9
00162f63c80358bc256379b52c25c0e2b5711e00e1b5711e28e0cd0680025e5c570f14f012d70f14f0663b40016f360014f066914301a19f79a08077
e44ee3cc068002de911e8c93607fa0809bf1e581026ee0ef81026e2ed1070a08cfd70305dc23cfd90ee95d5c7225dc1e2860b0f03f50c0c812840246
9627143058cb1e2860bce98f3530db080a18d2101e4592920af3289274d16c1e1c1781974f4acf12f34f4acf7eb9565cf34ea567fb92b7542d7f5ae9
d918041ea567fb92e70e2d63517a3665311fa56713c9f0283ddb59dc1fa56703ec1fa567bf23d75e2de3542636b43c8f32b149b67e94894d81874799
d824693fcac48633e4e97151e6b9d95f03831fda7c8fb0510ab6c17b8f52b0a93bf828059b7a7e8f52b0a911f828055b32237c792975f6e0cb2b775a
730e252b195fdefef71cb735ebffa314ecdd73e7fc9e7fab95c61e5e89075fdecdc8f070f5df19f5d46847789d9fa94a8d9b0af64cdbeeb8d9c31f4e
f318201e4ef398009edb1fcb9a9faad48891e199aad4e87f3d7c5a46c6bd9e2aa00ff77a2a7d3e210a70683f0f2a0206b987ebfd64d37fb8de5f28ee
e17a3f99fc9e69cefdb57cdd074d410e8b074dc1fdbf222e9e079bc29dce2f2d539fdad9af9529605300871ed6dc40c887353791c10f6b6e20f2c39a
7b45608a10b8d8b29ea9818d8bfdf661e90d07c4134bef9b3bb1c56691bfd8627304bcd862734a8b3318acc08f388333bf9d0676bee9015b04ddf011
837046304c0d6c84d1e3f9f03ce4f4fbfc3e16cd47b4c29973f233bf088dcffc223444325c0c258f48862b471c0deccab216e9f996f4c7db9d0d40cb
0ac7ed4bcb7a798a5f5a562adcbdd342fcbbf668f17643162fbd2a7c6b2fbd2a3c6d2fbd2a7c6b2fbdea254c5f7ad5cbcdfa2e464678bf0bfd16d47d
e95cef9b77ce517f2c8cefb409ff5ab7d6aae54edad9e7607e69671f1be64b03fb80cd776a60655972edbf397c1f54f54e0d6c8ba3e59d1a58597cf9
776a60dfb7e4ce7bb6281eefd4c07e20c0d79d1ad8af956bdf6cd18fdea9812d498978a7dd7759d8e6df69f7dd521ffb9ddad916f2a9776a67dbb2e4
1a27a8f0c397ddb77e798b18db352d81a68c672fbee493207ad97d474d0f4adde68f89e24856e3bb295af4a5bf19635b6baecd7f74705cbdb4ba0fca
7945713c7b5a589789eb5714c7234eeb2d8e00eac44b750bc7cc2b8ae3a000bea127fbf2cec9f97294bc65ceef1a69cdf985f0e9a5ba05cfbe6241b6
3b3d843f3cd766ae41aac0bf05256c46260cf4615e7d8581269be115065aa19c77976b70e44eacd22d2db1437c55af1892e5af87f9ff1e12eca5f2fd
67cdf8b7487e6983d7df4b4c3d3f9a36f83989df5db26e1688909540ba57846892135f11a20b6be72b4bede3d57da30db225bfc952cbb6c56a9638d3
5796da7ea635a7bee523613cdb6ade89eafb4e8b6f98c6f7d206ef33d7149dbad33b9b304bef2b4beda27dbeb2d456669a1777c45a734d1a0251feb6
9463d49f92991bf8f5623c5b96b4103f82512fc6b3945f7d319e856fed95cf160cf2623cbb5baecdf99dd90eb8235262ebc51db1f75c63d37ff396db
51e56fca67bb22cad992a3f7bfd3963c5266f44dfc8cc3e29db6e4511d6a6fe74acd58549a39388b5e8c678952796998358201e3d9baa607094af0c2
abd2ccdf6181adb93112bdd3963cb6353d402b34beb7a73c812f810ded60677ea7f6395acf1cb88ae1a1972df98c28085bb3c8e7571e5c22355edae7
b9e4ce297a969e3b51d16783d33ebf9a6bd248e4bdbef2e00e56ee571e5cffeb2fcc8846cdce9c9a92af1cb9373b959df966397fd9999f7c252ccf2b
6cf6d25a5369faa5b53600fd65671e399c30a5250fee95233718a55e39728ddaf3624a5b32dbc4cff0adbc025b137df5624adbf21fa60d7a9435ef9c
f37bf237d9a01f7ea557fe5c0a51bcf2e7ceac5d3533efec7035331738f84587f641a22f3ab412e542cdcc505fbd89adc96e143a5ba2169c6154cc35
84fd91136744ab399c6af63db95331a748cc935928df5302dd2c8af66f919cdcba7c883344e37e3b2377c28a5e4c691ffdf6bd84b63101bc72eb762e
bcf7a28fe57410765359855eb97527d0f1caaddbb36d53d826a7e625f306947853d8268be7920175a70753dff29639f59a452043efe5ce78451b87dd
f49d56ee1e36e3f716c5218ef69d56ee9fdee84e856d8e6c0771c9edcb9df85a334e0c6b6b34a909cd8e13107d85dd84b1ee05cd5676f417343ba23b
89672e5b463645cff9772db443e96f8a9e94457ff158c41aff2a7ab30a467cc1b638df5e16f02d9b58865eea7fbf13b61d617d7d45e1dc6fde62e9ee
6901bef966ca69a668eccb721e5bdd0bb6b57c41456f92a4fd3e297295dee7d111a7eb3b2de763fbbb13d164cb5be6fc8e6c00b82dc579de44e1649c
b831ce689878ab971c2b705b02b35e956dd6085396f338685eb86d7071bd6fb6669e1336d5732d11fdbe60e2c3230a58ce478e5bb86d8d46fb260331
2d2ebc080d96f390c8bf70db116586e5fc64a6793f5a6b4424dc764408b39c9f39b8d4d3fcc343b19c5fb9d3ffcb37534ff3c86cd5d30cb5d08bc363
3d334e1e9afc771141a14c7d717824b3ef85f75257e783f70e3e924f665f6308fae0bde14f7f32fbc203fe89083a45fb7f2cee3793d8272228f2ec13
111404f4e1b44edec32722e8733c7c22826e4ad797cc3e5ffe1311743ba63f11418963ff54de3c5b9ec32ae80b7ea285fecb9df9b748fe80c68d0ef4
09248a68fdfea8020d4520d143407f4cfacf5f77786ce9a29f829d5bcdb5297a3600ef43151847cbb7a6de96cf3901e5487dde4f66dffee5ceb9741f
6137df04942341d8dfead7d20dbf09286bc2f33e69014f3ed206143b10be092847a71b7eccfd71da7d0af06c8e800fdb474c00df169aa3f4606b667e
5c01815f9fb48070797d0065dc74df26cde2c9736cb40c48df049463f0f17e1bc0052a7d255b53ef29e3f3e69a88cdcca8483b27eabe92bc34fd490b
488def2fbe803bd71c1d1c5e5f418174a707a88305eec377bd11b41f40f911fa1f40995acf9f323e3d7f4572c1222de0935c90248f4f72416272be1d
953913c027c82868ec937850b3ea26a01c4f46c68770e77b86effaefb96e2d198bbcc20736fb94f13900fb0f6abce8f6dfae2400d4f129259a2ae21f
1f4279d383a8fd961e3e5fc98c6ab6a651d768e57a504af420ce3e8c8357cb9de883d8373fa871e1dafc266aec0fc1fef121240ae7c36d52debc33a2
c7b7e64348b5bd4fce619880bf300e46d854c9eb5fee9ca2273ae5c7871052dd0f6a4c9cf727e9e275887ea28cc203f905353af03e514605eaf89aff
f7f796244d1b351694fdce3badcffc5b1148e79e3b63d2ccc8e6fabcf6dc39d7675c7f9f08a4ff1f0bd4f1e42d68d428791f169498d93e114829def1
f5a07effa8477e7a271694ff4a6efe0f918c427b63b3f994fff99e74676bb28b7e0852ce352d5a0f47d22738298eb24f70d2b36460e8b533d96ee946
f0019447c99d0009ddf78b3b83ebef43afbdb0b27ddc19c9dbfa90185eccf65f123222a4942e3db2e124645cecb05fcaff8cdc29f6245b45e0d2f364
2ce6172185c4f0cc1c9406fa9b3b12c3f0c37e4857922df8718384a4e743bdbd326a7c48572acbdd37b0afd157be215b90e6f68db859f50050a64ce5
877465647e32254b9612d295902c7d019459e40065528c3f04879fc09e0fc1e1172185e0f01334f9e1d70e5dd1375205c36c01ca183cbe101c467b01
288738ef0fa0bc72bc7301a540d497a0a6e82467aa6098c3c999024c7ff8b5af25cf31e8d01bbf93c12387d3998cc08c73aecfa40c7ca73a79114427
834e4f0baa82b13ea1515f8e15a1515f9ebbb82f8f5c4be099396064f980e26fa2c6fed45c83aa72c85c6c91113d1335fe9093b9438d0bafcf27362a
9c2f1fd4b800ccdf15de0cdfe59230f4a607044c775a73ff15596a1fd478c1ba1fd47832e47d1335f6273b076a3cb25ef07297f4702b4110f992640d
19b2df2de3f14b7fe291b84bbf5bec578e15a83154fb1fd4b865e7408dfb933ba1aa2f6381fa33f73b47a3d5fa04551919d4f844fd7ca836dc741fd4
18f7e527a6ea611ff8a0c62d3be7896a635771f6855bf2e3ec9b892aff16c9aaa8ae39e138fb8e3ddd5d449dad22142ba4f5dfc356776528a67e67b2
736bee59c84aa5bed1ea902d8e2c9700ca7ca4373c4a3e8452a96b0e0480f28a8602508e2c4f8590e299fe00ca16cd54a9d4271a2d40198fe8174760
f43885900236bf376e101b8723b0667308c50ac7c50750c600f109c50abdf63701e5fe27428462dd79a750ace4387e285fae25d7444e044629a37a73
9e7e1c81a124fa9262b2e52d2950e3af4831b9826b90422679f60328c795e7b274334e806bead3db9232aa5360fe5ab4d6372d5ac10c69dc960928eb
3675bc6d512409e9e5b62892c4f8b22d42b8f619a5bc2d135056a190bfd69cdf51f316a1822d6399ebb3bd798b023c5324ff5ae2c367c2c9b670355e
3319e5d7926c7de69d1ca4c3c826a0ace5f2ce891aebf6792782795963dbb20675e439944b53dfdc1629e2ed3207a8110de4af25adaa199940b0fd35
16c9e4ca0d6d8b12ab93e6fcbf1683c08cded9961450fabb932db9e44e6eba2373089997b94fd43810c56f0b3e986df14e7c30eb9e3b193ce6fafcb5
8473be66bb31e8b4dc0975644d6c31c8e95d3279dbd332bfeeff418dfb9ade11cc77df5a70d9fa669c0c3a2577cefd77d78c25aa9b2f51b88a2796d8
9602f5177398a871488cf9b5e6fa1420f76b31e8acb9c61790efa9f8eb76986d114d73f8d322c8969e3ba77c1192fa6b09656d465db8591fffbdd87f
ffb9faff25927f370ac2b932059cba6b26abaac86eb21350b6bdea80879235705b0228b30411d5b4fc4c80f2e879cbfcb5c0dfb6841033bf680f2031
167561df2f6f217a6a9e9bbff6ca22e786bc6f8b4001251498dbc20dc94eb92d32e741b36d91394f47d8168561ef5c435423377f5bb821d7e6370094
ead06e0b40f93c794b6a3fe42d446bb651e561ee468dc46669663b01e5fe665321cb2c47aec5206029555a5dc4c40494fb377c796ec8e7cd9db4ba88
8900cac79ddc9092adb74516ff77d81c82d29623d7b06f6453495bb9f32504a59d59c82d5a812f21a5e5c9565178e9bcac17292d7b334e292d5285b7
a5492d1a7927adf5cc35069d37ef9ceb1343deb60094f7e58f714372e56c0b5acdfbf51f7ae6e72d525afefae3861c7b9e935a547c6b4563dfcf7781
1aafcc1d6a2c9b6f1d3764353f6ec8fbca73d667feb420b87ad801a8ef97cb3f52944961b06d811a4b8eb11465dabc851bf25a8c25456377df0c31ce
18798e569eb11c3178e44e6eac8810d4f7efed4ba0be5f4f5f42105c3d892c0565ef8872a8711bbe04f69b6b4b0faf719a2dd488f7e4a7f342c58b77
4a7779225ff0e4b4fcbf891adb9e1985aab3f96668f197ac41456aafcd9a801ac7ea9ba1c5df33f75075664668f16be4d9e0abba8d7aa2c671bfbe0b
37e4d273e7441db846b6252c3d39c2b1f4cc6a2bff16c900e5996d2b4ba6749d63ffbc225a31e6ef5fae293b18cd868752d5dd5f0be08aa0e5a15cb3
0800ca2f279c0c9a2f1a0a40d9f20165ff9f117c28f3af9a77ceadf93cb933449a3e0b37645b2d10149fdf6a735c181ade5c1360152de48a1b2bad29
5a5bcf9d737e4f74b50b605e7d7880f2c8417271d365130394f7699c926db82cb6851b5298feb648b639a3f1a1cc47f8f96b2538c95b54cfddf3cd00
ca2d42981b7279bc2574fac53f92fd7fe55093fdcff5b72d7782cbf216f3cb06bfd9caa3694c40596bf5ff1085de3972e2865cfd0789385b4f0fb49e
2f3dbc44962f217a74c9d24d224ef1dc0494c7956f2d7ab44410891edda23ba5446e7a400670e5ff4d40598f9eb7c417901e0e82dda89fb8b18c0c19
00fa996d811af7923b89d6ac09093ce79ee7e6d6ac3948b821971cda49e0f98c4502cf19c12781e7bccde10d05ad71be44eb996b418dbec41bad356f
e9fe8ab14cd45897cbdf7ce346f6c7266a3cce3b77d2ca235eb821f7bfb1601709ce78a54444379ca8b196ddce811adf08b0848fe688133eaaa8eaaf
c5e0917f84289405fcd76250fdf4207cf4f97b2e1c83b9d3d118012d8167d4dc2902293224a1a5c15fdc90ebe5af48eee9b73f8698e08c5e0c353e0e
8b7549498e572bbeaa434b5e87436d1576ba4d1fc9af8520ecf85f5af20a507e74b515f7e84214ac3c94390b5780f2a641af3c94f797eea69b671919
d865419e5a2283e99b2beed172e42d440f1d61c53d7af9d4eb2a6e90205a577183afb1a41e81136e15bb5af34e9945cdd9bbc60db9a4a5021cc1b772
436202de568092a7f8d7c2714bdb5db1932929bead328beebf6b53b496fc14f508ea9afe6210c83bb94136d7b093a9cefd6badb6981eb0934977feb5
1078efdea2e8c0fbe91d9f8150ac5fcbfc5adec2cdfaa43f806bc6aefe5a53f4f05aff5a2a96d938ab8204b2feb615a03cffde997a0be94f427cbe67
2af2be7ae0869418bdad00e578f427ae752350d6426b4d0f002532d75f6b6aad47be2037e418e9216ec8b4c4b566452a4b567a7a578965cd5ba08e7c
5d80123bc5af251b6bcd3bd9ca89dd554ad2e1385aa1c6336b026a3c1d8deb448dada6f79d9b67f395a0c6f6e4b94440d801e25a0fdad92a95093dd2
b6fed19be63964fe59d7e84d23b256657711066d2bd478fdbd335a5de6607d36df1a6a548c6b5be3865c8917c1ab689cb635c1ab9fe7a432b5c53e92
caa458e9af657dc25fabe0d5f6e42df3e80fe85fa1c6e7487faad064468257af8c5389853d73af723f197b566ec8bd991feeb792f5023596ee1fb5a8
36de0935466558156358f75c1397bc99514b1840ee1457ce06b0b6c84f3312bc7adcbe8be0d5490df06f913c01e5ef9ccc6373ea3140ac6aa2c967fb
b59c2a594a6aa2a9f5bcad896bddf216a28796b5764917ac42ab3a0d6ca6db2aae75cb670128b1fd6e6b9733f3e44eb5c686df0050de57ee4cd691df
9eb8d6cf4f499d869ee7d85abfbc732edd2dcb0547c2938f0b501e119faafcf66c5480f2a09dadaafc7636a95556d541b359b9211fdacb2aae5558df
af25f82a02532db598545680f2cc6f57df41e8d7b6aa00fc454073432e59820025cee75f6b8a1e7515b7f548dc677a8856e0cb1f090ecc38e7fc7a96
3cfe848d2168554bed83955671adcf993be7d6dc232255005ed829571580971c782380d9ca1a8910480f89db35328052d8e2b6e25678965c4b84407a
98069dbae79d7c01579e737444447243be9b71fe71c6798bb8d6faf8d6685f39a3b715b7c2c25abd9e44cfe9cbe38c5b375f1e675ccd1f13d77ae4df
9ef2d2b25794f9ddb2aba0c6f3b43ec5b5961c9b27d471e639be80882c6ec82f4a02d2592efb6d5568edefff095e7db21bafd000f912181a24e26cab
32bf7f4ad7448dfbf7e63906479afe2a78b5f11aac7143eee95dca47744ac1ab6f4424d478e760be62f0b05a51e5d6bf3908038824821a5b76c7448d
bde4d09ea8f127767d336e4879c4bf96fd977f247875cd7e40d1f09c798eaf235f176a5ca325438d670eb5e4153266addc908209b6156aaccd17bc45
e8dcff23086e5be3a18ca6c84389a1ebd79a5bb36dba7bb841aa1fa63e9ba4cd6de5a15c33947828193cd609287fba93c9a6f244a6c7437945a7e4a1
dceebc45dc2e4beffac4036b5371436e57de22c2e3484b5cebdf9d0c02256f49708b4f9deac78745f0025cb9f62638c95be4232ed9d218215a74278c
104f365c00e5df9ddc04d10ddf6875b9738ad63be225f9886cfa6b006510c99bb8644b503ee252d33b37eb933b1974f275e5233eec9beb0494b546b8
4d40b94beeded6c4b5e63f843d395f575ceb9b430da08cef6105288fac89302be780fd12c16215886b2d11dedc907f5b8c1bf28c862257f1cc810750
3e119f896bdd73a7c259c4e7b68432f5d19212d1d362b0f2e5b7252949794e7d44db765b44e858f39bb8d6cb26de821a591137152bb692b7c420903b
d5786ce9ddd1e870daa0c65865376ec8edcc3b891efad8b6c4a0a38735113a8b161a2e7aea2678b53ade37c1ab2bb5675b237a9a16c61207d08605ef
74a06fdc90574f0f440fb567c34711efcdb626c22a6f217ab6f42e61fcef2de677a4657e10de26781557e0b6294b716646418d8e8e4df02a26896d53
c52eeecb8d1bf265b8d86443ee2dd7d0a8395237d9902bb3c2c60db98e5c0bcd98ff201bf25972a7a39f12b46d8efe2bcf39faefcc41b6a055be85d3
3a5f221c17ffab1ceaefc639f595eb682b1476ae872d8092f779032885cdff5a73ea855d6d03289599ffb512926d42452af49a6b4ecd9afee6d2fdb2
904b825bbad69cfa932501509e23bdcf5f8b8fecd702489cee1bf2bc2b9b71a7b5b26b6f7b42ce736dce4f6cf5b6edb1459a2d40f9ed694dd1da3906
b60928ebcec9b44d4059d1406e1b408994e4d79a47c7d2d23b4009d66cea653cd938e1c638323204faf99900e5df2240e0ddb2ac2ba21afafb56b941
8651cb865cc0af0da0ac10c226ae751d794e954591135b00e5e3cbcb86fc88f9ad26b82cbdabc018f1c20df944d4e1c678d6bc454a52b643cdfcd29a
a2f5e019d890899f22043680f206deb79694a4dc29c2634f4b84070d734b5c2b4be8d654755cf24edc2610c2861ba3e4afe0c6a859c9cdd1c883b1e1
c6f8f23d1b37ebe55b438df75f0fb25961824d5c6b2ccb5be25ab38f266aaca8937ead39bf8332b3f51465d23b37e4e3c0db04af7e90e196e0559af0
d6936d660d7243de6f7ae7c6626ed93ad133d292ed79672cb71d6045428d01fd9be0d565cd732220b237b921d71c0f095e1555b1251b32c758b838ce
3cc7a093e341f02af69b5f2b6cdb790bad354780e0d52b071ed4f85212b6033130b5609ba8b1f62f2d113a395664433e995182577300a9c0bd67c709
5e7d85396c82576f06ab4df02a12815f4bf06a241fd6bd67ff5f5af28690ef6489d9524c90cd66032885c46d1b4079e51c0128df2fdd2152bf32b0d4
7ef5c946b49e0c9368fd7b2e66f4bc3389ca9e03287b7420801273edb62942789fde799a7a44b244c9843f6d1225c7e3d79e525ab271b8218fbf1e88
9efcda33b6f25c638bccd181845c16ffafe5d766094e4059c7486b9e9a477e91b8d68de363bb78607358886b7df2752f290340dc26ae5512c4af0530
67e3c8860c14dc64437e39b3d101de11602a77e395d8b6cbd1f1d703ad87b965bbc2b091b7d0ea721cfdb921ad900beac8974fed951c8637ad3cbd4f
40594b363f3764c98c004ac5877e2d2949d0c326aeb564fb4d40594b46261b5224ebb64d4059b78ce54edcb5f9dd525a7aae5d84695a446bb44fd990
4bbee7448d756578da920dc9c0b2418d2b37f2f6506d8afe266aac2bffc93651635593f0d762d0b9f316c165dcc1db9344736399a8b1ae1160dc904b
d675780473c03ea95492de6543429bdb9308815c63f0f8eb6fee3f55017fad181c7ddd37b664d704af9eecccdb5f36a41e5e71e53902de943ef2575e
b6f22d7752ddf6f4003546ad13bc7a46daa8377e46b40635e6d80c6ae4c2dbd42257d660dbd4223f73c471439e39fa05af9e5174bea4ec9891e0d533
47475063cb35a85f94d1f665ff5991c986647cd9bea00ef3930d790eff0f6afcafe8d1ff10c9018dec631b7af433824fecea9945102f2410bea1473f
6936053d3a82a25fcbf440a5c20b2920fcd78a51e3d21205605917f4e897255180c6f3cd35d323ae0b7af49303a370359eacc745322432a15fcbfc44
819625f34b2b013a8796009d91776235a37d16c99097b88db2260a60d11280c4e25750a75f44485913e590b798dfe4bff8b580624bb704348eb41c7f
2def041a47de2236d7f22c6bf2e833b2884fdf6c4d6c675a341b7a6a011ad503de8ad85555167f2d9ab7188b823a3df6feb2d14c051995091aebc3b2
5cb6a4e518cb26ca8195b47035aa7bb1958d2beecd73a21c9e3c37c5677fd383d84e16e202341ef92b1ba34dcd3b1d7f8c2f85ab5105901fdc93b642
4017ec87891a29321e6bd627f6c3c2625bb01fee4b5af3ff6164d90a64b8bdb986fa1e7a286257eb96779a1fedba885d45dcf96b01fdf99bd80f77f6
db0219d6ac10ec87f5c89d737d564a5041a1b36585c8787c05071601aa95182c68d5ebdf35c8295f1032dca90c45c6e3fe776dce6fcff744a1a35cdb
af35d7677c39654f948aafb4677eb92663eeccb5c75bfc07198f2f75a9604dac0474e16aacf9665c8d95b3b64086277dbac4d598fda0085461ef2f5c
8d78567e2da50bfedec228f5e539b90d106c91f158df5c537e21b26022c33a184a8a00d5bba407a10cd9c50254f7fe3f68877e3752caf301e3851471
519484df592d4b40e3657af14266d04063cd5651125e8db95f0b8f45c4674ac2331694091aabc244bf96b06b9ef01257e39d9693ff4c0fec397fbdcf
ad89f8e7d7121b78e49dece134f6d205c8312414a0b165294dd058ffb6a664c8d6d242a1c3dc5f80c6960d8e4227a0aa008d6dcd35f383414a174026
aaa274f3cb37ebd16c3232ae8025a39ef36bf9f25c8d8d265cb81a954cda8a52f2099b2f4063cbd13841638d51a3885ded11360776ab5d0f018d7484
72e04188d048ec6acd73737ecf91161e129a5b41a1232fedd79af37bb6bc93512a826f82c65f2b77cef93d23d7e6fc12315380c6445a9711d06fb643
0d3deee08242e7cb3b479275bd13328c03aa703522affcb526722ab4c882c6fd6f53a1712f59599061a16515b1ab7f870c6438e88d657015e7bf0fb1
d5f4e97286abc2fcb8138f7cc133366fcf9de1e230eaa0bfec2341a823a24056e360382cdc8923fff634b23dbd8bfa8ea883e9de1c86186eeeb43809
1391508496ae4c0ee54ad47eaeb1f4965c9b9221e69d02d3fd2909309dbaf6bfd6940c2b345d60ba248e9489e9dac2ce5c26a66bc1206562bab6302b
94849672be150c376b76e315069fdcc91cc8485be42a56ba76115a5a237bd4a0af8719c174098c2c7742dbf480e126de86c2495899490b27e12cb0fc
6f917c871432ddb1a49de94040f8956bc853b2c171965e9be5c24958c51e1751a7f5ca506209f54e698c2af8fd5a99ba4f2deab46653893aad4c0e05
6769159855522e34da6ecad367d1893afda28b22bf59f8b70bb8b7b0ee9487253b8785a8d33ff132e15e9360f96b212faae94fe85e162427e1c21550
26dc6b31e8144ec22f0273c2bdf644e88b3afd7aaec9058b9efa0a4d8c4091ab88b5e3d79a424361f25fcbfcc0f582fc6661fe28aff94510a18d9fb5
bffe6bddbe447a9f963429b85b417eb3043da43c7d0eb590960613883a5df2cd449d6200fcb558b2457d978fff9e71a27cb184fa63c86fce2fcf4da1
ff87bfbea449e72d124e5ac622342a7ad5c47bf58ab09978af9e11fa13efd5b88ecac47bbfe7d212bac785b74fbc57d557f9b538995818f790df589f
7b9c8450c7be247e2677cef51948becb558cb167478b3a9ef447608aefdf390931346cbb5cc573cf58e49ac2197b424b5bae219d5d321609514bde82
74d69ad8d1a29e8218770c3709cbdcd1a226ae7c175a1a23c32eb43406ce7dcdfc8c1a8bcd09c9ecf211cf96fecc8176bd2b6e7b73d3ed6bbc29e98f
3597596817228af7eed70a93c4ad25cec73adb9373c897b373f63d25cf89a32879a7381f66af9db30f31c1af2504afa40766bd3dd712026b7e9c7de8
adb61df5e903c9ec0ad82ab1b0ed0ad83ec4fcced9f71f99f5bf45f2aeb6ed030eed6145258477b56d9380b8871595f8dc4b72d67c6ace3e141edb5e
4c7de42d124788f9bd983a6ffe5e5279c21440ba478ce65e4c9d2d722fa69e258f1535a9227b31f5fc68cebec7a9b983746f4bcbfc183576aca81191
fb9e74523f6ce7c7b56df7ddfcde5c13fd4b7bd9f7fc5abf48f428a2ff6de7ec7b81a35df4e89b0db0b3d882f93b67dfbba60724283d77827425fd89
13a1dbefd5fcb2e8927308eeed5508d09e3bf167e54fcb397cb959f709e9fa5bf39644371b7535bf9e96f9b1c7edd5fc1c397b4d88537a98f3dbf36f
458feec0fb9ee8d13bcff1c3e74b881edd1de83b67df9eed80c466175bb3cb39dc21a75da9ac3d2b12890de6835f0b117e564f88f01de87b88f03933
77243649c8d8519f26da78477d7a647e42448f27bda3ae8de0e3ec3b46462d2796c96fe7ec8b996defe20c68837b97b81531cfd97766b69c7d2362b7
8b13d9f3dc3cc2474b6b6a9fe3ca9d5345894b6def487a98e776d4a7173fc13e715bbbb25a3b26173e927de2b6369869f62e71eb6f2cafe77c896e7e
6cd7fb617ef90fa84fe349da8f30b9f812986a12a7b51fe697d59310d127ada6659c13b7b58b5b7797731803e02ee7302178fb617e9cd13ba69a8b11
650ff569568f9cc3377f4cce613201f643210ac7fb3e824b3dc7d9f746120d892354be5d88e87fb480ff432487c4e6cd2bc519448071f6bdc0caced9
a78ac2af153f7caee1970283f721272fcb7308cccf6f1ffcb8ac6c3be6d32fa7df195fb40f7f22728978e1d043d6b2ed275ff49ad6fc7d1b4d781721
5a97bc532c4104fb890d2347c78474ad65c9cb2b4c18fb7e86238b883c93124b1071e8dd39aa4488de11216a78258e620ff8132bb123aa51dae9d7e2
d0cb292d42f48eee2442f4ce424e5ee193e74234644920aa0913c11e875e968b225e23224411afa426eff20ac799fed411c9264e55e188ba5415ced2
4d55e1bf19611e1642b9cb2bbcc468ee13fcb53bff6182bf766f694df1b93186ec224413a9bb27af90fd7d476fbae64b70e8a171ffb592176a4522aa
514e69db27c23bd6087d05beae9a9623e04a0f1224a0b81d8a5323fad76256006077a19e5f344c28ee8b6e2877b0320bed423dd79677ce236ecd81f7
08c56298d9a1b8847aee4f1294f21cab73769c50cf9135f8a0f83c726d1e717f0749186722d89ff0085a91501cf2d86d7fc378612c505c02e476a19e
714def50dc0184ef8a7f1d3902a0b8e34a0bf17e70061437a2994271c7df5884427e79a7b4faac6428eef81ba75a2ff9ba505ccfba86e23a04bb7f82
02f2373fc5cda2a77ea10df09c00cee459ec0238d7287929e9951d97925e5fae299595717e7c39919f5fd80fd35f3256f31665b4beff51e8e977a3b0
72e0afe22cdd08cc2ab673a36555b06da3c7d5240b1228156cdb965cc38e648b55b04d49c25f4becf1967722ee5cf29639f5447a56b00d73d9af25ad
a3e49dc2ca09ef9ad8ce9a774ad6153d50c136e50ab70ab66d7e5f05cd361a5805cd7676e60a9a2500a9aa66a142e1af650e7bde690ec06605dbb62d
3d9843c973730efbdf58cc8188ac89df3cd39f390839aa211fb5e1ea164a723d70c56d444f15bfb94b97ad5b123ad332bf7cdd908f8a09ad9bf911c2
75c32007f4d7cdfc46ae991ffb5f4523b3d9c47593da6009d62da1ffe9ddfc7ac629abeaefb9a436185949244a5a296874695983f234ab20cd7dc935
6b502e5895f5b79db953e83fb5a0a29129f90f25e4b1be8420cd626bd6627e6c83b558839c9935d52c88ac8a2b667bf34eff8f60a825bcc05608f2d1
0d36ab02313786bc2ab36f234cab8a15db9b3b7153670e0846cb926b02f93899ea6e0e0eae2a1033e9ce552066c94e0d1f0c1340c50753b276056216
e6c02ad8b2407f954bad30e854c19685a9a2c6a52634b10ab62c92b46b0dbf365920d8b2b4b4cc21abbc9a033456ab391cb9d31cdeb4cc81e9a74efc
35f62d2d73383216a519b27615222b047b5588ac5c69991f15a5b604eb9903ce97e268acf057612baff0d7bea707f3636aaa8842ffb3f1fe5b2457b1
960508a838444b1608ca9742c3ac285f0a3daeaa3cb1d353ab0cbd1d78af285f8a53a5cad0dbf3c37a62f5f4d02306f35cf5394db62783c66f97a157
beb4d405cb9240f9b2b3b955942f3b285f7bc4a08f8bf265cf92106b99e4cb2ad6b200e85515e384b354b19637074d95a177675325438fa651c55ac6
3e56c55a3ed210aaca13b156579527de6c07b1964fbea0ba674f3680ba674f04830cbd67cbb539bf18742aca97e46655197a0fadaecad08b11a5aa3c
f1883aa8285f627ca92a4f3c399c50be3c74bc2ad6f2f9f29cf97100d7617ef966285f9e8864942f0fdb675579e261f0a8c3fca0958a28f4c956e136
7b22ae47386e3332f3936651b9cd9e8879942f8f18a08af22531ee954bed8dd0e7527b80e2caa5a664e6af657e11bb5c6a317b552eb518c82a97da03
92572eb577497fe6f7e59d02d62230c3eb12b124432fd134f544a4c96b5065e835b6d62a0baf454908774bfeada0c9c64559afc4f4e64e15407ade32
75d8e4ee5681918994aac1515905c151518282a3d8536b7054847070540ebce0a8cc4fa65df8f2aa62c84b8e00c5901738aa2a86bc64f70b8c4c7473
e5443bb2e378c3d48bffb5a4ecac790b6fca9e6b5cb0513879c38e2879bc61c79eb1c051d91dc1512cc435388a25a10647f15cd52755768c138e3a60
a5fa847e6df95f22193d4b8f26259b2e39f67542aca3ffb524ba46bc3c2950936b0243b2e89e1418b290917af69c70e22293ba51c54576c0b03e21bd
f401c54576c157555c6417bc53535f39a7118875e5d404b1ae2ce437cc653e19887545a0a4be72747410ebbad39fb8cf081b10ebce9207b142eb5241
ac50ef548eb23ba207c4ba01e62a2e72cbf21417b9f1e657719187d4861a881561a34ac49dcdff214dcc97ffcc2f1ad8c70a5c724d7dbd0829719149
a8ae0163777a00c6721403636f74f42f0586f21656b67c7981912afffd5aac6c9e6b0223c327d20446be23d758d926aff3afc5ca4678378191af54da
2630f23dd3624a6bb99329edcc3b0fada6c54c2376a1098c1c5faecdf9f59ae7e6d6ec0eae06717518ab415c7dcf5bd40f74a0b7d40ff46f5bea07da
9a2df50389b396fa81d65283c63ee8af41635fcb35f44f564f83c6e29e6dd0d80be637682cac740d1a4b3a4f934d77316a34686cef6951b368f30d1a
bbfe7af8b4cc0f1abbc4b33468ec824f1a34f6d70334a6b0efafa5809215d2a03105c57ead39bfec87068d5d1cc00d1abb9846da96da7bbe043476e5
4f4363b1173768ec6e790e292b54d5a0b16be4daa777e384c62e26a3068ddd59bbd0d85d72cdfc60dd068d65bf37682c616f0d1ac38cfd6b99df9d77
9adf7fc7df3f45724b365d7e34a076b1a73660ec7a3330d323f81a301696b8068c5d044393311796aa2663ee02f71aa076319c3740edcac601d4ae27
adfcbebc734e2f491e6d0f0552de395ccb9da76be91d7160166b2858b290533f70cb5b70b2963ce7f771c53519733738d480b89bf1a50171b7d89356
f3fbfc30202eacb60d880ba75a03e26eba4c03e2ee92779adf9e96f9b1ae3620ee8e6000e26e3a6cab599efe4a0d8f45c642bc5c99d1e79a51b76891
c602c42556bd017121f56c40dcc9cad680b8500b35202e91d60d881bc2e55a883b23965ae27c8cba45bce44e5ae4976bb4b3882c282eac6d2d28aea4
35e328e27b687856304e6f4dfd4055c4b706c57d11ec821f1b7dac4171e1546b097ea46535282e31ee0dcfcaa0abb58e8e9d79a04171ca226dad278e
29bddb6359ad32e6beec80d40f8c60efd8d71cda2de51eb2ab42dc2955b8097e0c234413fcb88a2b6a9c68aa75fc5ac978f44ee51e3a7b7843dc990c
d276c40be37baa1fd82330a1b897d6da043f8686a11df97f667484c22afd095183c99b8cb94e476fea072e105e83e25e0681c6898649fdd74afd4733
82e27ac639a82fd49e26f8f12d6971f2e6d086e25e3e923604af326ab491ffe77b0e4edebf3b15f1ca2a1f892131ea89e2f6efcec838e9f3ffa0b899
84fe6f913cc4b5f24936002f29118d832d69850d71679c3e0d05cb9d1f7d862228add0791bca29fee24b4b46608e8013bb157b559b8eab25142c6d02
ae4d55e15fab6bf94513704d5eedd91ab315713601d716be8d3601d716ca903681d31612d13681d34cb59fad6db672fa4de0343394676b8e65635b6a
531bdcb224fad4f1a65a365bfbbc9323a24f1daf2c8e873e35a912fb66575fb9d0fffad4814ae178ec53072a0526e853cf298518ec53cff99b7b4f0d
e58ce5af86b2b74c3d670b154edff45ed2da7ccf45abcc71f20df7a9af9404e4f579a815b4f85b9f87c5fe82cf7d1e01fbcbf3de7137bf99ed3c02f6
17935f9f827d0f014c9f827d0ff14f9f827d7f1d6a7d0aef3db983bde9afe439acd2fe749fc27b0fa7759fc27b7f8531f52992f7977edba748de1389
d23b7e0f1bbc7723138bdfbb91d1ed7b3732c74a3f5cb3e6fb708d19aacfedbe2768abcfedbebff4bf3e8c5ae662b76ddfac82e19bd1fffa6964f20a
fbe93918b29f664b68f4d373765cbf3c272aba5f66943581304885f15fcb3b59cefbe59dc467bffcb1ac82cb17e45cec73e7ec1f44d9275cdfbfacac
47a186fcdb89a6f72fff6fa2e93d2efb3ed1f49e34f03ed1f4fee5ff3dc4195db43f78c0292cfd75a7ddd85f77524afaeb4e0a4bff8cb3a5659cdc90
fd33320749ff3c27aae9583c274af9583c27abf8585288a26b15ad536bd7bab59033410fc7c4747bc87f8fc59718ff2b7bef584281ee95abce9de7c7
aa7320e05875ee9c3c8a41139f47f19cb3f0289eb3248e6260f4e9a3189853e5287ed1973b3f2defdcbd85467bec926045781c7b92604d7d97044bbc
1c3bea0fa2fc50cd6c61b93b10cc2736f7a88ae570431ea9116d111c4d5d0800f69062b2ec69a12215677ae0f95a78d00f6ccd4bbee025c3df31765c
61aed592e4bb88bb3ede14b2f21cf2a28521e8986693ba72c91c7379d6950bef98cbb3e6003a9010adf94a9fb45e86a0e3434693ef226e77f525c6aa
820bf03e5649be6c8343858c95001b084d57b074acc6c2e6365609c7becb909397048221276f75bc0f39792be136e4e4ad40e3508b61654b1e984e14
b4dcc62e89d9313676da20e13654cd5b89b3e1bfc73033aab9136ea39a2d4039ac89d5f137aad9fa2ba3e94f04c490aeb4be6919199d79485752d97a
1b347695eab6215d291efb612d258e6248490a71fb9030b4b1840e093c9bd885218167db720da1158fc29088b3955cbbb5f480832fceef31a496c39e
63aa60352ef481b46023c08675bdb1a08e539124e68f6195874c68e08cdb98a1065eb88da9625c9e235f86b4f3500a0c69e71b9d724826dff28f2493
6ff9478f19f1630dfcd31b17ec50b56863fd1ff6d1963fa632511cdcc39a2f70cd2902bdb0f79f22d00b89722e12f7e18c13d97058ba4fa44e85367f
4e05a9963dd7d424a4089c6b78a4e7d73de5bdfe9788f86f917c4a7b5563f8d7ea5a8fd61421f1a49eb65878814f5b2c394fa7d4d680a3536a6bbcac
a7d4d602189e4aa8842ff9946a1ab68853c591c24674a2fa891679a2fa2944dd89ea273101a77293054c3c6b0af7187575a7457036dc0af4cd136d4d
98c44eeca66a86fd5a9e73909cf20a8b2d76ca2b2c5f9e9bb3dde98da7edb71391a7ed9784dc53b66022044e80390ed2530ee06e339e7200f72c0247
c06e6b9eb6ed9e2501eaa664d209ce26aae2441bba3b564e70368eced396de89dd534e5eb8ca4e5b3a399ca7dcba9de5f594151797e8898033aedbd3
e6df994d4e15167696c95339849d65f23c3d9755707a8e4e722abcbe83cfe769b623cf19d9c873666bbb9f8a0eececefe7657ed0df494c2825ba9d8e
c6140138d59f0b8de74984ec8c3d279e8e9d603f6f7360c2396f73e0e93f7171ec9492131787b298db89c722ecc227d1135af593e8a94bee3cb5f487
aba232d69d8edb4a333d1db7953fe374dc868bed94965399e04e82a86615489aa90c2ca7a4991a812269a632975d0b6a7fbae8a5f6722a805c0e6de5
5eb78b20aa3dd7bc456ccd25c9bed2142f72a2dae15731772adf85ef3ab96e9783b93a60af12f6b5a6e52d9c84174eeba4965f2a212531ed22519285
77edbeaedd7f51ddaa3f769121493ebbc890eaff5d15612b15f372d85792e1522928645e5735326ae445da8447fa4a6ef2fabfb4e4cb59dff8daafd8
d5d84caf240edbee571287c18c2b89c336ff9574603ffa92e8da78de2f89ae6178ba461295bd657867cf73ded973a7646430e352beb3f53c2719995e
7521136a36f1654b3776c3eb4a6d2ccfa1bb69c4f5752735d94f514f22fc6797cd91d23297b33794f9d78b3dd9c6b9deb00bbbf685334e7f167947b6
78ab4dd76da37be293da89c8db92efac96b725df59fc6e8bbc137cb70adcdd17bc911876b6d61bf57d97e4714f4b7ded84d46d7976416277b8ed00e6
db81d705e4dd104977c4dd0e2e15a3b7db5195348b9b8ed7dfb4b04cd0e66f56cb10a2df12a3d52bdc6e5a56fcdb372c7148bdbe43b944f3be2f3c16
56cf4daf3a6cf71b9dcf016cdee87c0e6ee49b7e740c5f10ea08dbf6fda56ee46c3dfe4a22919f2564a79b9619f16e3cb0c4e1d07efca344ce3e6aad
1f924a1ee82169d20fd54689d5ed996ea55febd59a5f3e89d10fd133b6dc89c28a79e7217a542ddf1ea267d0991fe86138a61f7f3ad4428f3f3d88e4
0796487af5036d86ecf4219686fff0103d835dfba1da0c7bfa51a17a10c94ff51c07db33cd50553de75fcb58ecdb87b41947ae991fc7f143be248afe
918eaf20e9f60c77c2e48fc33ee5101ec7fb60ac7b1cc583baf44cc34c3d1d78cf3462d6d47f7cc882734d6bbef3b4531fb2e024f91eb2e0646e7969
d7c94e7cfd95d3d1f1c25f496979e1aff85d5efc1793a0e89f22f99dae9c9afca4b72745550b70baa8ef2fa11842cc97500cfbd36b1b5d6c3defa540
14ebce0bd65c6281df193e53532de0b5e1e2e37de924177dfaa5935ca0d24b27b96cbf974e7209017fe924175dfbc5ec758dbc530f23774aa59555f5
e2d6ba243abc8af35cf4a317d3f1052abdb8862fa7e6fba502883be92b57bee097e2588f56b8a2f5271df802605fda4be23d5ec2fb26e63fbf3d6916
1f501567e6b7484d26f43ffcbeb770c00fe0ba6df00fe08a6ff85bf467837f304f7cdf1fcc13b7e0b7a596c6a365648ecd8ff67283ac1fb472b39ca7
e47dea2d28645f9326a390fdafb56b798ed6a320fdaff56ae91dae497df3a4c2a86f5e138c98eae3b7386855c47f2ddf6ce0d4e03550d9ba3e5b5a5d
6bae6b358d6b02f9521e38c17a4ae4d68736af686c4d789ea2b155785e51d6b4ca4a2dca9a56eed2a240687da615b828f45905dd1545397f2dd7a046
b513cb5f9dca19d15fd4a9fcb5ba163e8a55aba6468cb7d8fc323a8b4a8af59d877d5193b0be736f16b505eb3b23434a6af671da9525bc275d0fd84c
de23d7f43ef4e0b895b5599690570e73a79ebdf3302c2adcd5f7344e7e2c96f3a2645965f32e29593673ddfe6b79eed3bb83597c494911af6f3507a8
43625a4911af6fd5837ffbade6aef8f2b719b5fdfecd80bca25456fd8a776236fff23d1558fe8a77c22e6cde4541aa9fcaec9b49f8476f5a9499aa33
b5e85f22b9a8405555792b2a505586f3a2ca5415bc53d48eaafcd44581a85fab6a19f43c354b0a3da9b055946ffab5e6d4956ffab54e2def3cbc93de
21d7a628a75415fa2c4a26d5cfaf5532a97e53b416e586ea77b99308f92efd1121dfb414160571eaf79a91330dc7455130a6b141174561dab21aa7f4
d565a280a2fe485b76cf4920551caba8d6d196a63ffca9f85a8baa1b4d6ddba27e455b86fe4e770edf53cee132f420e77019794eefa777aa3bb89cae
2187592ee3440eb35c7a400ea3ac5551ffa02d53ef28ea1fb4e5f1ff94615701a4a458c1424c2856d07068170502da4a4c20d06feb147c2534eeaa1f
1734ee6db53c91acb7b5bab6a29f998776d95297b9e55a4a11cd3f8dd8bcadf3082f38bbdb7ab856bcc5f7c470ddd6793c140cd76d3df5eedfae8422
6ee3261bab60106e33c7eabf96b14c9343c120dcd6cf5b4432b00217dcbf6db37a70ffb66dcdb59925ba4dbb7dc1e8dbb8910b46df2639ab60ed6ddb
a63facbddb96fe3e2db31da915b26ae9611a200a3adcb6ede6ae6a250b71097dab8a8805116adb86ef39159db60da3be8df334ce470f97773eae5dfe
183e18e92e05fd67db6e7390492895a9a0ff6c6cc205fd67db1eeb05afcbf61acbabbfcf377bf5f7991fee1655c40bcacd56a66a53705236492c0527
652bd31c58f04eb6b2b936a54d63f72db8175bf1cd701ab6e2a8c254d818690ba6c2a6e662c107d8ca34c8159c7fad4cab7ac1f9d7ca44ef05e75ffb
8f2bebdf2219c95f2bd3395550f035f6db8282afb1df16147c4d0e4b41c1f76be97cd7dd0c1329a8f45aa131a0d26b85c6804aaf95cb30d57a962553
10e4b5322d77e58fdaceef0b835c79dc8989405e4cc1dad6ca8c362e58db9a1cb282b5ad495b29d8d79aa23005375adb97b4e635e92e0573d9afa5bf
d4c4b5557080356484bfef8e3daf780b41bb13de25256489a5727a67354e2272affac36eb5db38e1acda09766c534da5db82fea9b1c316f44f6d778c
a1636a48134b688e76622934477bfed1eb9d97af6b3bec579ec3dde7884373d4f6fc4d5b65cfffb355585e4b688ef63bcfa5de82a54b5c63b528a88c
da9e7ffbf9824424baa2b63b2c9010b53dfffdd3fb9be7f4fee639bdcf849a8222a8edd604aa9f86f4b2a0fa69fbb4f815043e8dfdb6ec8e874ab4ee
6b780b73edd0ea5ac8fc1ddae8755ab5f951e134b6dd82d2a6d5e2391bbc16cf153d4c6341c1ebd25075963d65e66bee54d59182842fa5d55996ace0
4b69b51bf5eeb9e9cb2938435aa5d1e20c6978cc0ace9056a93d38431afafeb287eb110ac00bd2ea699cb83fea99e78ce5cc73c672e63963a13284a7
8315b88461a3de468629a3debe9970b9ea4fa361686dd1a2be282b5c42ae8035b1a0376892660a9a82d61c78e8061a5ec6826ea061a12c210368c55b
281e8d922075bee18f2cd2e31be6c7223dbe31c496a4ab33b616e9e3add9a9f2a4db7fa16aff16c912801bbaeb2201b821c42c92675b9beeaf22f1b4
b5193e532490fe5a730a12411b7b6a91c2d954aa2b12335b5f73edd39a939560d9ba734b82e5af956bb3bfee93496a6c6cad45e2e2afd5b58696b158
207d1a518adcc1d6093e997d8dadb5c8ec6b9dce25b3efd7326a04299d362143aff5c358109df4c357a203f5c357529bae5be432df5aa777c87cfbb5
2e2d6f71e0c9676b62268b7cb6d6cf3c67d4e09e7cb65fcb1c86af4b98ca216bdd22afa8103bdd5716d7aff569b9d3929747d53a2d24394fddc12577
a9491f2a7297da6103c85d6a127f8adca576008d5261da51f4f7b9337fec73e76e6484f091ffa7523186e42215a6e1442ed24fda415f910ed20e1b40
424663592e12321acb729194d00e38435a403bceb4dce90b8ab76fc74c202862e39b049e2236fed7bab5e697c7075d447d378c104584763b68d7229f
dbb03b5ae883563d5805c381de609e51bd05b1e5b0dd85813611dabfd6dc7fc36a15b2d9065dad39c20751d0e8beecb7a5d1618795d5e8b0784f4a53
a17a4c935169fec37088f6d465869c0469b6f1a595020ff3b95e100d6d69211a9a8eea5f0b6190fdde1d40aa72fe7427f4480ea0aee4e9490cf69017
c1439db83e298edd1e53a7b208eb6b274350c7ac723286f4546c670c113cd72e4a5757424c01e2d289cf8b3942805cbb663c4b391cefd7cc2ef869c7
a88c8cf370f85e6c00872250972f7f6c7af84f6afc53241f9bce0fddf964179df970825f04ca61415e742781674d9e4a39a609e0d7f29669d66e1763
c141b45e8f29a4f22c317f60cc922a520efaede5471f3da573d29a139200520ec602f6d472008d523eca01344ae4f8b5aad6a335e7272be7d7ea5a73
e91e04e69d4fed5c969ef153a0e787bfe924076df7a6931c0c0937c170d846375170108af7619c4ee29bde71d83837bde3b071eed3fc6ee3a4771cb7
71da3887fa88488fcae1ccbec144a174ed26760f5af20d0a0aac6becb0bfd6fc2b3202cbe13cbff31f68bb2814cb616b622c2e82e7dab31a99a52bf1
bb0cd5ced5c92b83f6f9b0b98d69b06a48137fadf9ada57a1721784d6d922204af3d908510bcf6301209c16b38987f2d3dcc68a15febd17ab45e2d23
b392d124fe5aa7963b29170f2d72ec46c6643452fcebcc35239beed232e894d8087f2de3f4e50725410a7c1120f76be90ff79b44ec5f6bd532f71efa
d6ff23ec4eb260d775edd0d6dd9a10733547197fed17dcff82b93179ee79f6b0df2e69001162261204407061a06274a111e6935812039e4f73de75fc
45458f3e82efe4fef892b1e6fe90c1399f540671de59805c8331984fc05b62b2f369ce8bc9cee7a34cf3fa046bfb911327c12e8f633e59636e512eca
3fb9d24e42ffe34a3bc353df5c075994dede46de36fdb1bf4e73f0637f9d6ca58f3e7db295be570d6c25f1da8b525fc4c864616f8b7a5146828d75fd
768aa68e52261beb3a40ecda72c4a13531d959ac59db3e68b1666dfba02fdb91b8eb45010d2e7f09825b7f9cfe180371d16fa7697dd103b6f758a859
dbdee38b7e3b09a9cb0e3709a9ab6e9cde13e5fe4ee48ccd175349107616ecd526d17311bb330e84b210a736691a172fe9a4955ff7c605be50d07ee9
6a4295babc6059a8d2a2f44f1eda1f1dfd0aadaeff08e86b630d5bee4287faf609df526dfee8d3777cccbe3dc4f74f99f4e9fb503b8fa610a0be7dbb
37bcd69ffedd50587f44eb0d16551a9f2cb0a7ff6c5c3730d09f057e0303ddbedd1b18e8efd34ec09d3f4bfa96d05c8e9145c123b38dddee4a498bbe
2829b6e8a9776c47fd300b6e09b70eb3e00ec74c3fcc825b52ada3ed7f7acf77bfe1196cdfeebdd1d076df371a1acd543c4b3fe8f6e259faf6f48a59
e907edf3f96d6cb4a8ef71755714efa2a4d1a2813d4067b757f601172b6e373fc62c11360f00d5443b7b00a8a6baff79a33e54f42fd1881eb0a8db47
fb186b89a516a5bee1bd98d73dd1ca9fb0b87a22889e9dff9b2efa84c0ecdbd7fa00d74f9499c73d319044f9b9c0e947f4407e2057645ffa91975972
acfc3c1b945f7d0f507e5be3134eb00e92283fbe4a762af2800d0065941fb001d97a78c00664abff81be26e8755107ca7ba001b2d5f18006c85d1fe6
4e09a07f52e40a885d547ccd6ca37c0fa5d084c5baf4cce9f61efec9ae79a120bb64955f80c2dbddf90206ce8151b228b5c7d5f2fcfa9ac551ea1b8e
d15ee2c6c2a24ed489ba50370a04adb11651d20b7fbf1892be9d98afac807f906fff7b912cd8a417deab77a8c0627cddd093b4320b36e98561f8ba77
570ce76b8214c3f95a9a8599f18236290ee65ee814db6ff8c29510cdb928a5bcfb9f5ab687d304d95ec4d704d97ec3772a85f7f88b83a45e69d75fe8
6abd12d75f84382d2afaf0f9d0329c2c2a4aa91106933f60db95a6f101dbaef6c20fd876cdfb9f1faaa1262a3edf076cbb32de3fe0d795e0fbe0336f
ffdf079fb9d2b53ff8cc52d2e40f7eb1d8cefcc12fae44dd07bf1828e4a24ed4406935ede583515c697c1f746151a0f933b15c54ce5fd76adfe8ebfe
491bfc24e5ac360b113a5d16854529851efe995992e5e44f260f3954f247d8489693c5f2f4e6c0ebdb791c9d847f0451134bf09983dbe3f7816175dd
795103e5bd0dcb43e3fb362c0f21fc6d201eb3fcb3bdcb1fb328b5b75dca0605d2cec77b1c021f51d7281762797a23423ee829f2c0e4cfdc6dbcf1a2
703ab8d8fcc1287119397f6672db234f6435c75fdf54c367161059cd69cadcd9b9099bf953bba3b1299376a3f1cd9f526c6a9370eb549b191649dfee
c74981e8b44131391d806a1693d3b78b71c24eefe6fc849dde19fd93e083209227c1d7e3ba739ed0bd8573e61997d07be78e98e6d276e489bbe90238
b3b89b45a9c116b75d777328c5c1e334433a3b51dccda29429f3662792a7d9d3293a13c493c4a979ca30399c2fcc885c5f547c9549f11814c0190ec0
456999ad715000a7d913d9c7ff5b913c4dac6101cc5791a6fca4456e6fe084013b989793d623556a9eb05cb73770c272dddec009cb75d87b271d68c4
de5b7e3f28ac21d817054d35a6f5a2bc77fae7a1eb61e62f4a3b2fff245a477865cb8f9e3ae2632e6ae3bcaa81301d71d4587e84a9f8d4f22322474c
ddf2b3179ee1fe28bf3888e8623bcb8f2092486751f189e060959f7bfbe2378b80a07e366d2196ced03416e59f5dffe8ef50891715a30b957851b071
c3a45b94f7eefdcfe8c3f9f8671c442cea421594f700309d9f1e01603a3fe3b2316e3fef6d8cdb6fbfa7ef9f56d373cee9373047126816f13a5dcacc
72d068af706a94e380321681448bf2cff0dc15d1341dc87a114db3a8a8ef908240f68c72d06f25ad2c07a0ff6b2813d0bfd4ba8b524ab88c8a689a2e
bf793900e1cb38520e40f8572cf022b6a65fb1392daaa2e21b1d96bb6c908b529f71396c2bd7dc54b44ceae0457d28f549fa7bff9449ed91c7715127
4a6fa936f71ec1b013fb9d9462cb91d5a788a6e9323e2e2a5a7defb1b6c9dc79fff346e9edad06f3fa605ff2922e0a7c57d11672e28ea3e972d0b5ef
aa7f8f56572d7bd457d5470fbfab3961b6de5687789d7e7763fdfaadab5dae1e5ed97250e4ee6e2428649cade5a0870b732dc99673c7d9d8a2941267
6325912160804ab21ddde1e228491e917ba2d8ac907f16a586380e2e49320d0ed522077de7342d72d0f7272945fa85a7a006aafd05c2be48eaddc5a0
969d23fad9ddb3c73c11065376dee2c76495b77851270afe5978348b609afebc06e2ddc86507ca6f049f8cbc5d6469919177511d355006f0ddf01e86
e5dd296276993b45cc2e538e118241f6dcfe1e5a0d258e27b4c820db5fd333319cdea2cc29a74951e6dce95ca29d8269fa1b5b4e91d6b4bfb1d71789
45fb6b62e59d3e86d0c83b450c3191779e94b01e8ae4935da2c8229ea503932c92337691ac455ac5ce6b59e44eecefa706e2e5fdd4d0f42fb4a5224a
a583d52cf21c2e4a8f185ce0238b6c7bfd3bd46e5b11f35ac49e74bec892ff8175d15b5bce47b4ee9c7630278aec70fdb3a4e559ebb2fb15e9c53aac
b922bd58871257c4972cea43c9a8726af5bbc184f4d6ccfa2eff34b3c4bc969de08b4fb148f0d5a56d28127c2d4a5bcc2c79218a045f5da28622c157
17015b7682af79a82fceda3bbf6191e0abc36b283bfdd63497c49774d1aa256f90f53d9768d0f01a8a74581d08511151d2a1cb1569a6ba1462459aa9
ce7158c4977461a74532a70ea1a148e6b4a813a514632d99d3a2a2653bb99264636527509a149d9d4089c3b1ecd447331c0965671f9aa1a7969d7d68
3e4a31e72739b17303cd477d32fe4cb37ce7c0999ffec9810378a1ecec35d36c959366fc7e7e0b07d2f81dda120ea421b0b588fe18bfb47f9b286d09
0ffff8d9d444860c89cf8a0c2ee317567191a565510f6aa0f476f8a7592e17caa22a4a5bea5f90e08a3429e3e7b3efec207ca6656707f9ed4f2be7c7
6f6c0ad6e9302c7270c079283b07c78f7ebb737088aa2d3b07c78f98df99357e97eec9acc1f35a76660d51b56567c8f8d16f77868c9fbd70679ef8d9
02649018bfcfe479d44e97298fdae77ecfc7b405c82eb128ad7ef576aa0fdca8e4f1454687c12b5b647418c7e13d009c47d607e9c6256e2cc26006ec
88225dc010b75ba40b18bcb945ba807158a8d2050c59290a88fe7184695d40f40f48120544ff90cd6251cab46c01ef8f234ee50bc8fc45a95d16ea23
5c2345a4cd387c3f90f2e3a05382631f87cd42a4cd382c3190eb035a44116933646d28e267960db729357cde6b4aa19300055f94565b54c9760b147c
a4df7e2f669da40a05f2f710195c44da2c4a999698c8e0026d7bf03a1768db43d281222667248b514cce9054a1c0bb1e52171478d743f46f11153352
f8d88ba89845193319719275242a6680e12ff09247dadfc15ae1912ef09247da5f456e99641d89a619521e14b8c78b529fd591d8581bdb584471d9d8
c6697f3f38c48962058778a457995655b28dc1211e60f88b989c912802e26e8618e2b2017ed3d45b00bf89f8dcf0bbf9a714f0bbd91607627764ca93
989c91f757b18ee04a14313923ef6f141bd7c8d61878da219d6dd9e0b1797f31eb4fec71d920b099f8dcf0ada0240af8d6910313b980141d02850bd8
d091a9526043173551de0be74b11cb33403b14309e238281ff5b91dc242dcf745f009c235b62c032074488222068c8b75040600ed0f705b8e380f350
803b0e380f0580e328061eecdde0bb2ee0eb46d95d0f036f404c28ffc1a13380a6b548dd02876e94aecc4b0d5d29a1db0fd80a050edd00845f1aa1cf
e75d1aa10f4da140901be5d43222593eee45a9c186d0604c4345288d80167fbba8f8ec8539d43ebddda3143ec55168670d4272f9d40e8718f2c1ea57
8c049f77e9a1878f4aa040901b9571d44d0928058b7a51f18dba2901a5605115b57ff3cf38b42b5d4a787eed45299308e911493ee4ee5d54469d2835
d0b2fa4ebc4e8474c2b4467c4281ef362aa1018b6d884f2d9d6e210d6e818d36aa6d1302d9e0592edd26da689fdd260aaabdf470cc8c5637d55031ba
f0c146630b0a6a1a127c15785dc305fc025c6b346e8c9150b6fe91d4c00c16e234848896611d355add0840dad1e6a662cc3a9b0e64d6e887fac2f932
048c169059a3dbde47385f16a52d157eb84d66f80eaeea2f05cc3f6de8229746f7dd4787884ef31e2045bbf5270269749bf608efffe8dc4263403d8f
f38c32a480eb368b61b3108859806b0ddedc32a41e936aa90c1b42df23684300c7b9a88d96aeb7561cbfefa2368ebbbe13f3dd5a191b659d98174934
c6cf7be1181d0231cbf83602bbdf26144aebe8248487ed56d4cf109659c4f28c6194c4f22c6aff530d5c31a719222cb39c66c830cf4ea27c18dd33a9
bdffe5aa4881c2b5fea8721ad1181a9dc1aadbcfcfac021fe52c00ed69bba7c93368bb4280c6608240c51a83583a6921830922406788d15c4a79744f
9eae4555544541a7b5179ef6ec93f016a033dcb82f27adf5dc7df0f94eae83f3f39bfdee9c3bab5cbc776d98738216fad3382308a75c3f59149858b0
a0863bf68bd2ea77ffa66526d6e5839dc4cbe5839db4f2cb585f7c8a0266c645ffbbc27b35e4182e57988243fee102b8695ca699d09a45ed322fd483
ba517a44bf758bbf5cc56f461738d3b888f28b2928e3f0a2bc176701e5b2f95e748b2bc2bbc6f6f402601a97290880695cb6466049e3626381401a17
317811c917adfc1ada42efb8e29c7a5c4e0d2e42637b812fc9272f06f345945ffb8bb1e92ee2f3b2bd5fbc8897edfdb28902445a945132072f9a22d0
a371ed6f2b93e2f5a94126c58b6ffea2c34a025ac01c8dcb2cbf6cf617fbeb929f43b6ec453d2835105917510e1069dcbf5ddf448568153b34ee3d27
ac879b1577d16101212c0aa0fd9e1371da30b647fa92d6607b81afa9149bda6dee022628e2830630f84529d337bac990dbea072d346e5fe54efa70ef
32f58148bead80db588b391a8009ca6d05c0392fb71520854481c4331e8ac06d2e3dbb2d66cfb36b377b1e7aea6df63cb7326d39aef1975b3ad4ed96
bda543dd6ed95b7ed287ca006d67516a671d4921b12865722a8a5c1a8f1972ef5c9bbfbfe025af3f267f349cf4c697ebfa36415ebb8aa0a6b57b194e
495ac47d16703ee325226f26cfcb7cbec30736de3d10e1a31deffe443256bc0ed81edacb6b477de493789ffd9b327d3e903d0332407908c59751fc1c
ea8b48cff2c8b0200bf5a2d4e770eab16f89fb2c4f963d236d4af60cbea587f5f0319c04518d8f6f102ccf90cfb93c6c822fc2838ad0a8f1f5fd4f39
3168210fb3fbebea23dc3e1bc9438bfc68a64fdf3938064a7db6c68746b47dad8f0d0fbec0a26e943e10529f8df2b1c0e5a8581a7e9432691a8fe53e
2dfec7d79c3fb5d35327f780d0a8b1bda4afef372364acbc5c31dbf7f972c508a82ca07e8680caf23221e5d25894dac77e4fed7afbca23321d00bff2
88b8645f40048d495cbf1c3af3522687ce243480028d4978bfe6c4b4185f2e9c194169e54ddac9e679693d935efc32602701fd1259206817a50602fa
25b2b65f5428d6f9b3e284629d6066cb2b85c4f67dbe72fdfd88569044a770ce023ee8fc5151c0079da0640bf8a0f3b7bf8ac409aeff2f2a80db7f74
e65772841f5be2951ce1674dbf9223fc1cc5bd9223fc2256a200133a7fe6f52b59c1cf31dd2b5981144d4538d9a26e94fabade4a48f063adbc92c5fd
f6b79566e0674378258bfb39e37aa519f8b1675fc9e27ea7af22cd00288245056cfc8fd2f576e372e9ade46d425217a5bedb7882e8ffed392145da6f
cf0240f8e00616a5ef9fd92a11d96f7f7789c8b6d3f48dedfd0c50ddff56240b583be1ed96f796a7754f895b9e567bef1b7bef79f0eebcf2581d8e79
5e79ac0e3a171ca573fb4ce1289d072d4bd8db79d06885bd9de25a8bb0b7f3d81f3afc47e7412cbde13f3a0f62e90dffd1a2e2337cd2e3886b0dccf4
a00a4a7d06f73b767aa381521f312fec6d51fe2941cd2122e19306e620d83f69600edeb26fa7b7a4af7c9643a28b0a5f3be11294cf144c96c327135f
32753f39f4d2f09e0f0d73b608125b54475d28efc94d9708e1efdac9439522abdcf6307eb2ca2513f2334112d7c167166c7fa300b233edf1bc95b2c7
f3dee93bf54116b4647a7ef29e2562e9335f928df293a32cb110be38665de6d0818adab36317104f8bf24f09a9b6a750e8d799c5ba08fd3a61d51690
4b8b8ae530774223f36ceef4abecbd295bcef60dce9d3cd451d5dcc9432de2b993871ab3b993873a829dbe7466aecf9d78935e35ff49bca9949d08d3
b29d3bdb25512ed8ebcc669660af339b5953f68c6294046d9dc521d394c1af70e14cebb630bb67a852a78bfb655aa9853015537516ead2940fae5020
402e9d85c53c3fff3cfdf6c9a04928ce4f06cd73ff532974df198e84d3d5f945c992691b9bd67bf97629fac05e98e1d63b5d492f009fceedac9b3254
d7b46b88b1ae64cf0ce7c4097c3480d8ff50b6a339e51fe14b9ee19f3eeb1e25f2a53a7c9be48bcbeb8b8a3e54eac494cbba86d2557f665d8d339945
f96748a2fa33076bb84217155f85236f5103f51724b82a48ec14adba28855c2a906f0b126920bdffa162e02b74abb3c614acf0accefa6a8addbdc65e
517f767718a28109bf2818a2f52779548b2d605113358222ea5a78d21675a00c8be4512de9ace44a2dfb4d7225d1aaf5474768450d44642b7a24bd51
abda29bd917bed8b52435303ada0356db1d7b7ae06fb721b7a24892b3f65fd49e2da861a2cbf16d37a510f4a5ba4436d97f724326db7af629706295a
e16e9ded569f44a66d7f238bb8ddc65ab252becf2ae8eee4fbac3fc2bb7dfa70a961fae7a586e99f4472dbdfef962ce7a72d113675f26f56085d67cf
ca7c77de3a236f71f4aa14a295d7b21e32d5f15306c67e501f2afad04d6bc0548b8a320f73d045f3459d28efc9c80660b41ee6590fc745e0efffa1cc
56e053a7f8d4458598e86163d5435aabf153bbb456bc96f530274698d68b6aa81bd5516aa0c78da4b7b6e291b5da06cb4f59814f9d2382261725dd50
9c91540172e7186a2092c71e251bacf0d12a78ee1ca7fac2ef7b0a265d9474519771b9b5ecd63fdf76987582e0cef12865a720b5fa8f9d3cf435123b
09a8b974bcfa6ef51faf3e7cdaf96ae754fb27f9d71e4f22f9348282d94e61a73599216704e0d644b13a63cb59d4856aa889f29eac8092b1d62447bb
90d445458fceae1473e9ec6a3797ced0e6236bc01fca9a4eb2fb9d666bb2d99fbe4322a504afd6c4b2385f35d8a6ff5c7cfcef45b2d8b9f37c55402c
b9c9be280311bb7b4df239bbc95e93257d25ef994a57688315f6d4796594cf7e1565865fedbcf6003ede6b1a1db18fa75c63915ee00f6542c2a53aaf
b1ffa9943d4832c8f245d62483ec75a9c124b8eefddb8352833d9bdfb0c2973aaf38beac8908b976dfa50be529ac82e0ce8bc8ca268fa8d39a09943b
0cd19a4d893b74e64515544355d440450d77b8466ade89148b7fdae2eeeab79dd930626422bfc01f2a7ce535f79dc232463e5bfc7c7c3533aac46856
4169e71d47b71520d2a2fcf3da791563acc1232d4a7dcfcea4a87fc6fa093dae0a0b3b9fdd5bfad19337257f60d62363fd646db1189f6c3ca71c8816
5c9e3b8565b453b0d7a2a2f6c2ae79c2ce08f4ffa06e94f7c2fd5185702dea4155d444c5483cc4bc80ae45bd286552518ac5e862fba2b4f3daa5a8cf
3c2b3bffe3d46a62fe0dd74f05cb73be8752584e2f55a330d0dfd0066bb9761e6f3d0a57e1f90ea598f3af392fce672de2f80e85a6f83e7a64045fe2
532ccfa2a214b835a770c75a39513edfaf72a27cda52cd41d7b21715ade6c8abf06e4e19ee021dff0f55fc66b67e71f01858f97fa8ba7f6ba88692bc
d7bcaeb26b7e75bfa7867074d52a13a6845b8b5243573b158c3bb056a3ebaa77dd99e55dd9ae3b7fbb8bd8756757ff6c2b3b83faf769996ce7ae57d7
9dd1fca3beec8ce61f592046e6143459e5143fe74f7d56d5fcfd059cb34a377e4214add28d9f1045abb09b45a93c8e254e77bbeb4eab3d2daa9d567b
5a543badf6a407c8427d4e4b4c56e87336c3c92001ea597706e0dff3cd8fe097057815fffb97f3a785f3220464f45d4ad3f3efefddef1315dec676a4
7f7f3fe3f7b4df8f2c7a1f23444ede7794df0b95a2cacbbb39274efa0f278e87aafcbcc9edff2a3f6f405e0555832abbb4e69f03d551fa6e979ef72e
2572efb9775705da6477ddaa409bdc7efbb74729bb2d91974fa46e959f37bb9a52e5e7cda7afb9f3f34e9a37209e0c62a6cacf9bcf77539197efda3d
0a7b68fd663463ebc812a0563978f3b3eb8b059e9f6ffff38a965d5a160b7c8de2b2abdecd79b467b74e3f8842714085ffb302062a077d5b22de241a
b94ac45bb839aa44bc09a242153fb4eabc963cdaef460a3217732b50a192095c0977d367f3967037c29483fad39722bb489570b748d85025dc2dadec
52cc6f821a5051e969b767a2fc1662a6f4eebd1033a5338025dc4d1f1d5fc2dd72ee39153a7e9c9a075551fbbd68e779ea6df88617a547b2269ef72e
e545e91127ccbc779933c66d993daf8d587c55715fa18aa82a4f5752a80805564b95b0b6bcfbebb45dae168404f9c9f7b8a819142b51bcd3d28d9512
ce96f4a3ca8035fa497b56c11afd7edfa652fc1647b58bca7efba14afcc622177ff4fb5134c021fd0e16798f59fdfbb19b7acceadf91f66fa7df5ed4
15bfbdbb86db6f0fea89dfcafee7abb7bbf6cf7b09a5ef1355f4efffb852d2caff21b97bd1739b412f7a6ee3ed45cfa7de153d375f7bac83df6153ee
45cfdf5d4a47e941ac817fbe502fbbe7fb9fd1f3548d7bac81e3a384f7b27bbedbf2a2767d7afe4fcba2e7c9dae9b1067ed2f02dca57b71ec57dadf9
5151f97ffbad784f7db106f26fb725fc22fffe33e4d5afecfae418b5927a9cab642730b5c7dac9c0922b10acf59b39106b273bd9a8328ee6df1e8958
3b59647aedb176fe43c5ba59a5e87b983fd9e94c959b3420d283920b95ed253769c099ff0f994c82d2eab0ce17b5dfd3bf7397a97f979635fdbbf67b
fa77ed32f5e1ded4f7bf51fa6065ca629a7fd43d9173f99fafd2f581452c8b69c09207a50f9fdabb3e7cfb3d7d98fb377dd833a4eb0305a8777dd873
beebc39e9fe7de0963f688aa4bd4a8e6ecab9cb147f763fc97d9b3a8f2efccea7c18fffed6fe9d598beaff9959ff77a5ea7f5efffffff7fd8ff5c2cf
daacf3df09fde394fbfdf697fe6d26b910439e1c1b2eca7b31d6c9e9e10fd2fd7a783d14b6dfaf5be87b247e5eefe450374d4399fbfdba8aba6f7ba8
7d783d8620a5d0be7f40ed7fbff0dfa414bbf9a29469905353fbe5f50889496e712c6afc23c9230db08ac212fffd7626e47333ed00c43b20881f57db
cfc5d6246ef6e762eb7a84ba569ad7e7ef1f21f727a7f01ee4a922e9910fff8432ff03289f8ef0922c8ae40b7ff29cb19dfcdc6ffdb93e3a67f8027f
bc63bfe36eff0a8f45119573febbc6d6878e8ad2cfc887a85c548c7c8aa3945f8033ffa1a2ef1c37bf1ccbf0c771f3033afea397fc808effdc50fce5
c73f6d12bc32731e2a22e75308f8e9f0ff07a5fc079efc9f699348f654e67f993689f84df5f82fd32691bba9e6ff326d52ddc23fa669d9cc90673f37
227f65bf3ebc6ef6948c19214d3fd8dcd999e92f7dfeb9f35a5b1da0b67f995a5bc36efde5506b7fb09a7f6e19fd8a9da4d41d34103dba2364613d36
927230dfb0007e720e8d14f6d2c1117df0408f12ebfd38227a663ddc25095172a470441f4962ae14bbcc01dafbc862fbeef0062deac614fc149afda2
3ecc1de794821926c4c149335c5e3d72d80787ab8d0344e0c17373e41d5ef5aa3d86e7c83b92eaf3cf984407f0f0e19aebe12ee47a885e0a236a519a
14536a3c877616af0bc57e0eaf17b50b0d7c02d9e4c8459942879fb0d917b5cb8c6e3e598fe2e31ca0c117b306d3c867393752c8dd235fcabc64f9da
65c6f9d1011b7a007f3fdcba3b5cb71b10850e00ce07e4e62163e65142373c5c9b1b39ceca8f12c373c0631ef2521e5c28ebe132426c3d4769ca6c62
e863f73dcae79fa0db4a28d3478de9b61e913ba3c4d5a5a386ddba1e910fa2c4d1c851c3e03caa3464106d1635304fcc13f3c68c541ae5c28c561f75
a7e34b2a0a35eda8d2904183396a682c47dd49ef2274eb70dbe870cd6899e237e68b19f92eea5466ec4747eddb1a8f6fc4a5b11ef1cfd6bd7ee9a6b4
525fc68c83f083aba13e71da79b87f73b87853df9f8ae268f170e7a527e3d9c28bb41e98b1f71fcd3a6affb8c1fd3386e768db8f1dbbccc10a3eb6c1
7b86e7ed60a61decb3f60b1174b0890ec65073f7ef681121b81ee1a0720fe068fadef6f1d54f992443db67533fed0c58d9f570b076783db6d6f5706a
76fc13f0477df8bf2814478b4df56850089fa669c6d53592e63af7d122387d3da03aeeee1ad7b68103431d3d7a20731c5d128d19eedf83467e50c5cf
9f354ac13efa8e4a0a4df7a0991d54b20ac7f6e8a13ead47cca9cbb8f6d8f58f7ef38787a178b84ab11e5cdfa1b52daa61f2cdc7a1cfd1c3ffbe1e5e
0ffb75512fe687393135fe1fa7bcd763240e29e1fb173bc321d1fbd1dd34fe1eb57f9ae452f147c0b8bab11e6e527ffb9f9af4ed2bcd1fa632818dc9
6e7fb8eb714802df79ee169531ddeefded7faac865f9f9334ad320c3f1993f4d9ac6d365f9498a4b10bf1ed14d5eba43bef76380b09a04b6dceec7d8
f795e318e5702be418654374fd300726542d43e756c8e102c809eee67091633d003393f7c30c1900df4753e6a99de7065f56bbe93d4cef93701d11ee
786c645801ec87bb17eb017077e866c446ad4788e1dbb419af6e02e0bc49dcf1e9a65b1ae02017a5cc4fa0229109e8f590567d00873cdce738f6458e
b96bf735c7dc3190215cdde73836d06b35434ea2fdfc07cefdc67c3085c71abad36675daace0212caa600ab20d83fa9017fd80d43a80c41ca72d5d26
f4c5547bece5c7b9e1043b66f54f09029e43995de3bb2bc361b31d70540f39c5c7f1d34d92ec14d62cd9ce71860bfb90457c1ce1d23ae4ff5e0f67bd
0119b8288d271920781fa78570ca01917637a751824673dad2a5c43ee4c2eec30cb96c9557825714c6d3018af490e1ba8f08f739aed8380fa9ad97e4
0a010829f400117a7e534576860b005ab7362ffbe7053cb1c731c3718541765c10673ab974d1712e110db2271ff2331f12339f6568e7a94c816bf0ef
167561c6286dddc16d8643eee6b3840171b8aa70b8a3704afa715c11f174b8aa70caef71c8cfbc1e629c6eb5c78d854346e6b3c4e1dde1aac201c3f4
2caf6ede9ae4c395578f88f4cba99d6b860744d3c37584d36dc343d6e5f5106f6582b987705ce47cf9f6ebbae98041628f0312eae1aac2626a3c397f
3996af3fdd8c58ac43b6e6c5f4dd5f15bda2a1cce4ebf58d0468b9eb785c9fcfe1d0a21efef929d3b1227cbf43cee7e3fa27a62aa6f745f85f3b602a
6bd234203b362aeb26397f39faadc5284d653aa3ace1643f60bb1e405dcf6a2bbf09ff7b4751fd07b3f1ffad50dc115475dc3b9aaaeeb22f4c514ee1
955b54cc947b875385e5bfa886e975725496e8e3fee7f42ea6cf1d32683d1c645979776c3387a4cfa7547e07a4d843eee7c56c9837a6b3b570c01dd2
3c1fb7e8a82f224c8edbc2bd85267ccdebb4f61b264ba5dfbb9271b88bd12f7adefd2ad3f5975f44b41cf7a79d62f1dc6c3bee386b3e6e87ccc372bc
6d17f7b7c3558c278de076ca352eddb487c87cbc9851910cc6ebe10e29dd0144ec011b76c880713c21a9d763e39914cc8609cf893efad0c51e2833db
2805d2ba1efef9a9fdc2dcd7f3e9234fc88bf5706b9e42f1c491e0f1ec2bf85945b18c8f8dd53a491dd9860f6986fb43c03c76ef8ddcea00ed80a4ba
1e02874d73770f0e970ece43df5f53519ae1f3a0dfb93570bc87d8e2cb3fc3a43af6cd80373cdfc71bf6f5b1af04bc764597008e1dfdff52a2a5043e
5efbe79e9f6fd124f7673f5af0cb34da01ed70a217a5cc1d15a7ef90518f1d98feec7fd2865e9bc0c36211ad7eec30f5279cb98bea98021dccba37cc
8a434edfc5d423db2fecd5a510a8e852a6488c678f929de17574fcdc6abfbcee601894fea232a6d71f4db233bce2649f67ff3366f2fb08d660d3be8f
cf21a8ee790db29de1b5333caf51a2ecefb8f87e1a64aadceb24f9a298bf53df89cc8f4dfb12992f91f951243f06f927aaf4a3767d07a6b8bb29c173
8a3293089c7145ed29c7782619bfce9da43a87aa9a762ccb194a4a92462a713f9c9734d1252cd52446a4bf52cc97d8bdd763dfccf982193b5f2a3b04
edc20ced32951daa2fb536789354058f25f9cb453fa41df650e4c595e627ed2886acf61ae23049d7736649db850ca40a91ae15afc77a4f2037ba1beb
093c46aacf0e058c763ad24dfb1c77670f66af26166a3aa4dc0574902455f9a5c73f439348ede6b795de58fe9424714a4a6d33e3dcbc85c04d526825
6006a9f97e828a538bcfb81e5134b8db04da603d3e1d8bbe4baab21ed1ce2a11728ff992fa6f7b4e5fcc18ba7e380609a9b8a884194ed21ca736a9c7
044be012723e55145ec7d4c3359865b94b3df9a760819faceb5db0404ffb3444ed613924300bf9776e66f4ddf9e6fce2742939df4c0e2fe71797ef93
c3cbe4cc6f0a7e49cefc9203bdf9856b2139c24bcecbd29f68f0bf2814c9f159725256e4f84dcebf92a3aef2c95fef002b39b92a827c16a5c2f03b15
f13cc93151723e54ecf3c9f95072f853be082459943188238fc5ec98f1a97bf8a017d3ebce3a7a78708a409ed44328a71e0afa626a67f873520f3dbd
7c7226f753ed2186e38249307dd553dff7a73e957929f352e665a684342e9f7cd1fdf2a92f65ee2979e9d1a547cf7e5d99b7325f3db29e7aaca7228c
6851cabc95297d3747cc7ae8fbf4a91fdd8c6555a6fceefd31cd2310b2f03b248e98c4e752a4244e7c2e89cf653135fed5a4b81751a4245e94aff9aa
28ed7fea51a8dd4bd6990c9fd73faf17dfc88910d74b91927851fbf588a598cd7a9a0639246799fbbb4fdf3de4e8621a906994a626f5fdba991c6263
3155445ec847545c744c3210253e97e286e3a22e4caf4bae3d42bf5b0fafc7469d460891c4115366a88769c48694c661e46f15111b231925d366083c
820a5220bf25a82049fea3e282e4a24ecc1bf3c68c1537b20f6763192144d6c32885b596e43a5a0f657e5e27ef87d89c39fd53340ec091221746e253
4a9c49f5f7d3cda249b225ffec4b2046d208f5befee43a872d92a451aa5b0c0fc7faf227d55fd2f86a949a7f86636b511adf54943753e3c3d95d7f26
d870060bbd643163da8c38754d604baa6c1b89b72b716c5571498b5266489bea7a66927e290dd9c67f76b031f4dd91c7cf541ca7a173aec4f99c78c9
d6438fc29392809fac8732ed75e354e6a99b4345a7268524aaee6c2eca204b212fc42071c0ad87269dfa6edb1e215feaefda4c5f3374bf2a29f4a2d4
7eabfdd678d206e6ca626a7cc89ec4b7b7983ec7a3ef32a68b2d5894da1f7ddf33992a30e44fffd11dc6a32289ef7f7b263fbe66c8a5fa7b4d3047cd
e3d5a3d7fc7cf54836f5dfab49afb9f46afc67e85e8dff94f9f9e7a79d9f764eedfccc10b9d5452824dec334c2175c8f1f26b9c47bb8f43aaf934b43
8a75f87a8b527b88a02a362a9d349753e67479b1936453e994245de452e28a5c0faf87e996a49e4ae7a14911cdb9a88499315fcc81199f98959620d3
242034f5089881742665264db21060d124203471fbe46f0a05849ac4675a1dda275ed2f55061d78ab093136c9a7ad8a861d3248ed4eafa6be24f4d1c
a9d5bdd7c49fba1e2ab2204eaa927458555698c4c99ace6c08a95fa728c3b3e8d9a5224a155f6b65942eeac28c39755825675166d1a35bed04e14910
1e1169bd286556b59be667d3cda69bafd79b6e1284c7b7ffa99b04e1f19929c49bdc5a35d1dace3066d7a3629a3e64de19da57754d77512645e86215
fee0a24c8ad0be6a62db9c11779224eaaabc09e91c6a0f2119d75682a99b44a6ece3e92432f9a017533b87a1730299ca7eddd09d2a6298c9ecb51eba
b9272fe17a12aea91aa55337439cd6b46734397a860336aebb0453eda7836b7ae849bf0354b49886ee32f2246e62059d24ee79697c376d6eed2471dd
625e94d76fafeff9797bfdf6fae99fe4e8f978fdda4c5ff3f13a817d32a24ed231ddfe496b3b5fdffdd94c1585cf74311f4c7d7fd5fefaee04a11c67
357dba496b93c0aca63deba6764e9f631a3a86ae74668b6940a6d7a75947a190e32c4960563385c2c9c07a4ccc10993297a52be461754f7a511d7360
de9827e685f9613e9831937344852c2a66f22534ddfdea240dda7a244c65b2002f221366e3a26ecc0733c6f32232afe4f5e275662150a89a03fd2b39
dd484e37aa0cf109525402035573f73a55eeca5ea7b142834a4e3e1653e3c5665f458f4cb08b37e12a9ac4d0b9c2f7b51e0553455439805155d2a345
193a62cd5def7409e9bca872f9567b9c2a27072e8ba947ac49e72e359b8a8e5f12bca92a6752823795246aab9954bc9abe0b6dd80e8e8bd20792aaca
069f9cd7a48bac2b874126d62efa5dd9df9d3529eb5b15ca94ae61829160a598604ccc6b28937609b56a3d6e4c4d62775ee492a449c9e14f72c0534b
3393696d50ab2a00c904b52a81abaac56e78b126af4be3f727be349eb42927e66de8ee1d93e275aa1c10aa5ae27e4072ce93a04f5549e1d3c57074dc
530b5dcc914e8237558bad07de5472c0530b03c2394fba1e4da24c39e749d7ab49ac0a473ac9594e5c2a0aa6d7e962f577fd55a1b83eed0d31559df0
a48ba9797d6268981c4e78d215eefbea2a7d72b4b31e31fbaacdca09cf7a1c98a60fa175115a923c25273ce922b42a4dcb614e7298530165268739c9
614e75cd3edd9c518e6de21a52304f4c613d75bf1e4378efab3336ab9b7cbac9a76ab392fc2f39d9a995e7c7c9ce7a6867dbaf3f982a32fb6e42eb16
bd54c3a1bd288da7fcd53831493209a63b693c3bf90ec52ec10dabd24f25b86109605895853e81084b37ad4d32fa45554cd14b97c6d3da6e5a5b2575
6e46a933a75aefcdd4a4a24926afec84eb61a23dfb9f9a54f49d21e1e8693d94c9bd7293640ea26a9dda59954992553e97bbea11a1d5cce89bd676d3
dac40f2549119303acb80f15cc0bf3c6f43942aead47cc4f0002e916427c771599b43799777715251591793755aed9976eaadc4d92b5a29dc3d0d1c5
5a314ac328054a5a95342b41494bf70e11e3bf93bc31dd1434a0040982da7aa88849ec802edd0461eb9b69e82e3d62fdded4aefbf2fa30c871bab11e
f135db6940b8d56e9185000b16a54c1a56dbb3eef6fa6de42953f76de4a95d300d16a547ccd7c665733f0699dad528fb37e978938eedd623d2f1261d
1bebf7261d6f366d63fddea4e31d476b8be9755adb4d64361be0cdd7268d6595ff2b496399ee578f5e4d7a0d0839da28683755eea6cab5cf37fa7ca3
cf20d3da6e86ae33d1c5d44ef2d399e8629260dfae484ce7cf28919f77e87eb53b4ab899c437931834eda2343e9c73b5ef39cfc30fa0ae026b4800ea
d21d1ebbda2d043875eb91302b66c1541153036a5d92bb336e0d05f3c67c301fccf81c0fa10a0e625119b3600e4c65d2043b5303cc5d826f5761e02e
eac5d47882fae1e97b68829d01f110aa00f1e27e453007a68a78911e42d57172758e9c9c2aa787ced8a9090f9df1a11eba7eb6a813d3eb4c8d87507d
8ad7b9bc81ec2549496b277ea5215d0f3da2503c0cdc87d2d729140f51f954ffa4f43d8e101c7bd7cefe70fabd1e46fe3520943ef87d8bd9308d5253
118fcfd3f48829dc29290ff510705ffde36dfe9b4201c72f3d4ce24ede3fe4e84377ec537743aa26e07eb55b100fe1fab0933b7df4e9bacb4e1e3f73
8a9d2c156b1d3f5f9596e978bfee53b887f1fc84b95ce10e2f4aed544f6152e9196a279b47dc2048d2bb26795debe0627a423b4d2207ead84bc739c8
c3df38183c72beae47cc685180e961273f977fd29b0517a487bf7130dd1f0719620c963eb19915538f9c593dc4f0c3b538e8384f08e5249d6c8534b2
28653e6ab7b1c823bb1e31f2a3ef7f7afdd5f76e40c851010b75f0223df4d187f50bb6243daf0f47648ebd4a4847f967ab3c778b52119d71b097249e
4d0f9937f6d2e1067ca66eb2d29fb95f3774d419308e49d4441d71ad20c1684ca226167360463ba12bd66195089e580f8db74a5e42cb7d893aec0c90
17d7438f225025bd8eb8a5b6ad83d6fe520f4562d411811549404682d1588785f03274e5c25dcc0ff3c48c0f77fed44e92bd24d96921bc3c7d2ff5f0
a422bdd4c3977a789af3601c13fcc67ada2ee03726c08df5b45d88fc48423eea69268bfc580f15654de2e97b79faa40f5c943299c467d9ff7c313fcc
906412f9ae478cd269677869972fe928d831c17d4c001feb19282609e0e37abc98be2693f80d7d723135892084ed58dd174eb01d93acc01528cca27c
4d8ae4697a437a4c601c2b509824ea25c16faca739ff3a9f7d775c38654a44cc7a68e7a9497c82201eebc9730ae231c1765c4ca3c4cc7e99d9270deb
2500252aaee76d40e8a12f3d5476c54519f973bfae762aa7289b7a3e6608b1f6126b922c2e4a99c4da499912659344d954203649944d1265534f47b1
a26c920cc78b79621a90dbd0312004d4a497ac938e31bd6c6f5136f5621688b249e26a2a18f024bc663d04dfd39b5e2ae74be5bce84da26c92289bc5
dcafab88548490b028dd24152f4125efeb7350242f06c44b917c430ed62b1bcfcfd764735f8e125e36f7fb6927abe2fdb4932209683c01b64c2f47e1
c514866899dee975a76f2ff550fccf62ee7f1a25a212f04ffac2d85e0f65b27abf1f1007c72840811655312fcc0ff3c68cc9207830c90a9d3e42f5e2
80fb0855199c6bdc70f88b42f16d2809577f2e870e5f829c40bc5d34ad8f78fb88b78bf5fb71ee7dd9185c5a91415c70ee5d8e8e3fe24dcae80aaf28
49199d3e07199755f2116f9f330bd8e9e923c93e920c687a02d999be905df5629c40ee4c724cd7eb551149f655b3efddff5426e54f3ace452993f277
459c70fa1a3804ce3d3049e973ccfb3543c738f9d8c99fcb4c17e3e46bcaa4e75d169914d5eb11afdf5ccab251a78fd4b92d3278a309d06895d433e0
37fe3009989bdef411309f73da9b8a0468347d64c96d0ff9ce0d77e1f56c94dcaafdb8ec6eaec54f901668d17a174da222494a5defb867b12803c27c
bd45c4c8549d24a5ae77dbaf7f98b14a24ee4c1fe7de4799baf78c264bbe4799cc0370a5e9234b6e66f6476c802badf7a57662e373be00292a7daf19
42c3020abf28653a74b86f83cce3f7c5d943bdc53b7cd4ae8f808137b5285f93a57aefa948c07cfc77f76b8271d5c99a5d6feaccc7aafc5895f285a6
cff9821cdaf5e1b2995c7533a4477d8ecd1434456c80a45f54bc3e498887a370921093adf8046e7992513b49a55d5d9d5c9432e310b6ba3ab9a81353
45eccfc9aa9cacca47181f18d73459950fd56302bf9914b487ea31296893ffee215ca7c3dbe928f6e1c79974b11927b2f5e1a69eacca492e3d5d99e4
d2e49583999566040aa6492e3d0e6d27b93459952077d2143f32433cd587ea31f9ef26ffddc3a50883360198ad60b5d224aca40aaf0f3fcea461cdaa
4c8762935c9a5c75d0b5120cda3489a087663dd99f93087a1e9f83089acdeb7487c92b37491be1b069923693b47984714d2a1224dbfa304a27156952
911e9ef349459a54a487774612f3f5f0e1cce4c95537a9486e08a649459a2cbf67eed7759357ee75100c39773df61d4d93d6f1c4a422bd0e82275c80
29d244ded74529d399050cb2349d59c8ab5e5f218172a7af47b4f3a550c0e64d32a9d737ed7f2a93ac7bf74220eb64595f4cffe495935ebdba2d95a4
574fd309e94b7e4e27a4938df8f2adc3fb5d8f07d36460234e8acfcb7739858a48975e5f4255baf4f5880ff772d94cda1088defa768dffcc904fe3c7
666a3c75060c5b06999b814bd43f5ae95f148afcfb6dac09dd8d139e2c3f7b9698bdbe1176b62821a504cc7ba95098ea8f0623e3c3a24001b0d6def0
4c2e0a3007bfbdd0fa45c19ae0627a436fcebfbce1597cc088b6c9bfbc9135d41ef1b78bd22486d91bfb7c86b99b81ed56697533b0dd0c3b773135be
68271de79d2ada30083cfc5f9c12e75f51116bedfbe9665111b7ff17a27d511bcfa562ea66850b41c771ed6551caa4e37c49edff40c5c4a70661977f
1b238680714126fffe018749982ada3830741c1764f26f03b9b89b0dfa2eff0312c25a13e89b7f1b8285b5f655e3b9d15618665fd3a40d12c2dff435
658effe0cefc610ed366f8eece02be3d4f876933943954746a1259f2ed59771a3a2ad2b767ddb9a39b8dd2a5ef97b94f45fa4223c88047f28f33ffbb
0df2f51ff49a3fcc08765c947f32b7be573737a00773eb8b939d0ca924ffb896be57e36f1f8e2c91d03883085e0f8dff8cd2e375dad0b7a7e2632e39
ea74a77051be3b1509d4c8a294494502e6b728651230f3f0355f65724289bbcdbf5799b421978017b5a1779499d4fe29d311e7cce6d267e8c2295fdd
89c8f08df38f676a1665ceff80f4045393e67e3d64de0c35211f21adf24104c9339261afac47cca519cae9a24ecc0b73fff3c1d4cdf072e7e3502677
d50c87763e04da1f24986bb8f9389449459a61512d4a997c58f3d4ce048d848f7dc6dda2452993ac9b615165e0ccebe1f570d5e5237b3dfb9ae6e701
48ef20eb646ace0759779075f3d17760790715693efb75edccfafe6a7cd873f9282a7afdb3a888de345f1585e45b0f3dfaf4a8e811bd6986532f1f45
8f48c51900228bba31cd904f37431ce6a3f8c4539955df695833ccac7c544d620ece40735a54c58cabbda27e17a5f6d0be16d320939f47c8cf067726
1fe4e711f2b3fd0eaf43d53a42622ea6be035982dcd3c40767b8d6198475fb45007a3e80641da1b5b55f56113caca32bd3ea3808d523846a93b76551
caecda59cccfbe5fd7cea249433b8732abaf399439b4b3aa88a4053ed57ed580009f3a42d2b6df5e4724ed3134bef99aa1d8adc70c6604b5e7e354fb
a9f6bd8e4e33e454d1df3d14ebaf5a716ac550e1a915a7560c53f2340621b79b30e34565cc1accd307bc7c0197ff21296528e019fc77fb5dda7bed32
8deb654eddcabc0de1bd9986f0d6249acb418a1fb781d92bef31308fd71f93e2f1fa63a6bca6cfa39d8f76bebed5a3cc5737f72223c58f57995345af
3243776c4282f3f15af721ccdbf1dbaffb80a12db6e3673c3f322fa4783bf682f8ace6709335c1c38b327440698e43df3fb22494cd76d8198e8f2c09
09df0e9acb314dc9a9ccbd4aa632a732b3ef3e9519f2be091ece20b072fa29334e4a1795309519b77bf246c9028fd524fcced0d1733af43d8cd29cc8
7b58e98bd9300ba601b14a52d8c9eb11830cfe2b4355cfe0d4db6195249b0054ae266d7886b11e58627f98964e4a1a9ff4bdeb66f27ad6a4305f7302
959ac255d70e8a4f22ef53f6faa9f6bc5f57fba9f1d4d814527c3163c900f5ca40bdda71799dc04e458f6c4189c04e306d8e5b938a32ab326f8dafca
0cc5b51df4a6041b11b6573b1eaf033e4c24ee119e940cc67d3d0c32bd3e81174c4d373f23df74b36912bd2901144cb042a445cf09ce5f8215026b2b
4381cf89c8742f795115133c04c527118489204c6632a8ae0caaab2593369dbed1e9f53d694f8d0f41d612299e48b0147a684b7b7e9e1a7f695255e6
658684745b4c3da29ca610642d51b7d3a59d977652b7138d358569dbd29e75b741be554460a75b45b78ae26a528679bf1e15f3c2f43543b76d69ec32
2fcc1753e36fb53fca1ca6629c2164b0f82d9d1a4fb74d8f51ba2c43ba6d7a944926a74799afc65fa6cdabf1a4a214ed8bf235e1b9a45b99145e70fa
2d3de612010827aec9c6be285ff353e69e75a462fa94f91990cfc87fbe26c53c4d830c1729ffccba693ce18f64e2374df39354cc3f9381544c61a5b7
cc464cb46040768b19df281380f9a7a238465954c55411499b232c3967a252daf79c59e7f9a7ccb8bb91b33ba839846393f63de74345211c9b0c4f39
ef3ba8878a8a26918ae0e95a0eafc7a262ce4b1eb098da490b8644d7b2490b822ee7e4f5a6a2b45fd7cefed75b1e39d39b73d609c235d39b41d82da6
81214773d60a9317a05d0661d732fd1e92dd7a34cc13d33f4947d88a194c5d0653d764ab5fb5c6f7cfa4637efc93929a29a999ee9029a9b91a035a7b
86009b21ea645a7b66cfe7e6fb3335337b3e3715bd3e20399a89cc4c64e6b6cbd4cecf3f41b1e6504b17d31780a59ac9d14cedceddb78a8093564cf3
4cb866c2b5fc7ceab1af30434c3cf49dc4cdf4d1721825fa680e07401338bd28834cf52cd4ee4cf5ccc47049fa4ef5cca7d7e31270ce14c91c82b795
bcffa9efa732f734277133895b8a8a2eed247165f1caa004d723664821b0259dc899702d0476a648662213c8e8a23489c82ccd27bebdfe78bdfbe7a3
49e428e0d24569d2a3497b26d31933415886da5f1f8e2014a1bd28b38e2084fc9333cb3f03b62a97da59fef9d324b259ae8bf5f0dd1fdf883d9fa7cf
61f7ce641e88c5c53474d3eb2419949eb5b6e26b16fa5de1f52821d772d9409bbc7285782b3f6592b885915fe214b5555b7a0915703d3ecc5d51f4a8
8491df2a315c287d85d25769c1527364400b0d4a6886b7904b286fad92b865a3f3873ddf2ae15adca6978ca3551aab641cb984786a95c65ac0e44392
6c95030ea0642e94be5ab4939713bc64abbc72053e7e0923bf55ba6da1f495a2a20865caa5a8a8a888c42d1c9a8558ab9c268543b384e9de2a575d61
a5976a94225c7b510d33e4671dca047a0dea72317d23f8d685d2270b5b2e845569ca3c3753ed3441a9d616a57672a992b485f3b174aff38f14c2aa74
aff38f1458c625c45393946d51bee6304aafcf318cd2304348da325434f4e8d5a3a149438fbefd4f659ecaa426143a63397d4d0e8e72fa9aece4ba67
3253b8d0192ba71e5c8f0cd7a3b59f41a633163a63dbd39b7a582254a4b53d932f6532851b7bae30850b9d511688459936245863cf1512acdcca4cbe
fbed1387eed75ad62362ad30851b492be9cb7a244c539197b3b07a1bd5b8d0040b4db0ede94d13045fd25ad5239aa00c328b69e85e32847ad8986ee5
3520a110b6d6b493002cece3d6fe8a94b9feea0bbc2aa44c17ba63a13b365a46a13b16163500d35ce88e25c25016d318b0a837cc6ba37a1416756151
375e8fc2835a58d46d2f1d16350897d5073d9b2a9a3ecba949246e99a60f0bb092b892e93481e88bca9805f3c4ac98be7f1cb0e70abfa492b88dad58
d9de954229ff5eae144a50b54de2bd0cb1763d0c085bb192b835a988e2534195c0af6d8d8e530957f8b58ba947846b255c65eacb9570ad846bb3db54
c2b512aecd1aad842bf8dbc57c314f4ce3690b924828cb20d4a4fdcb95c4ade1486ddd16249150ae6cef6ee1d6a2221257747a963a28c3d95df36bbf
ae22da65a70d01ddc9b2043581e88bd24e6676b71c2b33bb92b89dbfb13a18aa14c94ef1a914c91afecdd61d0c55b219a06febd668259b61fdb46e5f
aa4d45bc9dbdee7fc692a9bc9dbd1a79f0fd95c01688bea886d931b593e95ea99cbd6927edb212d802d117a54cda651fcaa45d56da65b7b8aa73a5ca
9e973f31431cce95c0860db5287d279b012e2eca04a348f67bffd37892b862ce73e57c0451dcfaa3766636f0a3d6dfcddcffd44d7b486551577ec6fe
19107ec67afb9a7bd2d2192b34d3be272d9db112ae7d4fdac7370ac9d9c69e9f5c8a95ce380e1f8ef15c5f00ab7bd6319e2b913968439554ac21f29a
c0ee4519ba906e4d0c77ae74469999da70465989b51afec2c5d42312ac520fc1672eab27e6670b2bb60d6eb5c67c6dfc77c36468a1c3ad8776c60584
45bd98ca8c60a22c2f53967aa909adce909fb39c4a4d0ec82c8b52963ea989b7ceffa44f62a9ca0f99614467a8d06d909f3bf1918c476d98368db491
8468317593b89053a80dce323983b284406d380487349d37d2f478f73f633248ecd3c45b67897db28c3e4dcec92ca3cf7a744c7d678c6ea0eae1bc46
9e9edc9c830c9a4b730e22474f1b8e669a9c21ad19a5886f5a94512219cedf7edd28910c271bb151e55aa864ed3cf4c8e9468bf38cb5c569bcf50e3b
bb9d7173605137a68a587e00b5d74399d9eb0cc7b6a182f9efc06be766bd9fa6623b0d086bf2a4ad43d9cecd09c459b4f3323f63d92fe6df63286098
ad874e30201b3f5ea3939dd49ae678a23135856de7c68f07abbb9d4dcf081848684d12cfdc9c5934dadbd94c4952a7913a62b973237560a6b5b3fb56
fc7810d49a00efdc9c6e342a9dbc50b971ee35cebd73ec7fea26a923c03bcbca94a5636ae7e9fbbf86f055e65e79e45323754ee641639436071927d5
a3d1c51a5d4c42d145799d1fefa48fb4cf80f0e39d7cd7ed3320849600ef455964fc78e7a3cce9757ebcf335f2fc7850e09a58ee0c0c2e37924c7ad2
dc493228704b153b303be68d39301f4caf473c56de08719dde74c69d88bc71df3a997771c47432af3b74b82cb29ed44e99ba1c8a827fcb00df9a00ef
45a99dcfed621e488495a1c0b52bf9270f9aa455ed22efa5a9ca3252b58b3e222355968a6a313589512ad3d4627a9d510a44aec9c29a258eca32462d
85b5625e981a2f6400ce5c863adfae62e4e94d5237b58b6772276b9297a95d75ffd3eb04a100efbc5330c97ed42e4acace7e24995193e735ef6446b2
182da6a173cc2b6151bb2c999db008f6dc121e9a44f1813dd72e9a0b08baf55091c5d559aa90e81a5cfb45193adad0e5600880fe7a683cb3a0d3863a
9bf6b2b820d8652875ed621600abcb9df97a71bc77e62be8ba76c5ed890cc12ec3ac6bd7bd5fd7787a93b8f00cc82ef74b99561c04bb0c7bae5d8fd7
9d4474c2ea7a37d39ce72c93e336f7c73f293e176d08be5c06eddfaebd64189060e61653931890a0e49a18ee0ce13f83f66fb7809a4ef101eddfeebd
8e8820a073ed667b039dcb60e6da6d5b83fe9f41fb2f66c7d424dad06d5b03f49f81c735897617a547a4cdcd6f3f0896c174bb2d99c1741ba4cd4d85
072c97a1f8b79b0a0f5f2ec3976b42c0334cff3cb8fd6f4b06945c0625b7985e2782061174c7f58745793d74aa7653e101cbad470cf2dd359e08021e
b7986ae7c41ff4a6dbde014a2e83926b37ad0d865c1e59939c2b0d817e10e516d380904bc309e9cdb5046d2ec3976bb7c350a90b3298b926ac3c0fa6
db60badde63c08ba0c7baedd36141074eba147f77e7d57e413d3efa43cc800e9dacd3305896e3d8cd2fbf7180a3075ebf1794385b4b7e12ce0164700
bb6e3db457042424bb3c286af7d4330704a39be6f43cd875eba1bdac5f4876792765787e5ee7731b0e081e6191834a07d0ae3d0e5a21d96510764d86
e545793d24527bf27e5d93a8740f4b15ca5d8672d784ac67f07619a0dd629a7d8e6441d8b567cf68ee351076eda1760da181837bed61a90e070483d0
7a9cf90f426bfc93454545b4b6416b93c63203c2cb83d6f6d819e0e1657878ede11b1a8208e1e1b567ec7f1a2582f0e106828e97c1e2b587f90a1d2f
c3c35b4cede4881b8e129ebd4a849f80be6b32412f4a9944e6438a0f5adba0a03d8e4f61dead47c5f4e15e138c01f938de077d9777368d87de04082f
ef6c1a0fb7eaa0dfc1c36bcf9ec9e4283cbcf63089e1e16529361673ff9328225c1f11bae3f3399cd3ca0b9425dcc82364ec621a250719d26f34d1e9
198e5e1e943ed1e98b3274a2575ea21d9c5e1e7c6da2d33338bd0c4eafbd5c36a768c5d339ed4bb49f64f34936bf69bf7e61aa48d4ef493603de6baf
2503712f83da6b42d6338cbdf5f03a53e374900155afbd0c88937a7832895f06c4c92406bcb7981db3626abc390f546f3d54e4004b22920c62af894e
cfe7ce214cbb7c2d04487b198c5e7b6d0260f4d62324d82b2206a85e86a6b798fbf51bf3c1d477a21d9a5e7b991a40f53234bdf612ed40f5d6439944
3b6cbd7cd22e5fc12f90f63288bdf6debb4c1591e22f1de774e67b5239a536cf00f7d643458ecf4ed2fba472be968c2c2a19185f7bc58b41e1cb70f7
1653df89f49372fa7efb9fca24d25faecfb3ed328dbce3dd93570ee05e7b99eea7e35d107bed6340c0d65b8f18cf1dbf7e3a1c3943c95c4c3d1a0659
40cd779821e43cdcbdb623dde57e598f68a764ed19e05e06b8d76469cf90f6326cbdf631dd61ebadc7c05411390f5baf7d7b2190f360f4dac78000a3
9701e7b54f3ccec9103f19e23bd2fdbcf6eb0684ad7012e912d0b4cff1ee4926cb43b398fe49269f24edb75707497b3e2a1a9be91b514ec1cd67a07a
eba1f17bce73d59d24ed47f803d5cbd0f41653e309d59350fdaebf2b14277516fe5efb38b84ece3df87b6d87d69fc4f0295ef013cf7c92b82789fbd1
8a40f465107ded7334078d2fefcc3cdf5e10a200e1efb5efdd4c03c3a206b99f2f671617e1faf18bc2e6cb17c57747d183e8cb20fada47c781cd972f
c2f5e32c05d197a1f135f9b53218be0c7faf4d66f6451bbe2216a6c9af952ff18240f9dafcedd77799312093797011c320fada74347791b81210b569
e95c5464107d6d320f641eca90fadae456bd58e9179139e94db0f9f2451b9e421b2edaf0c54a9f71992903eccb20fa16f3c3d424daf074c87cd1862f
7274da582e72147c5fdbe1fa50fcd6e3c58c4576517c21f5b51dae7f31c821f53559b332c0be0ca9afedc8fc8b7484d4d764cd5a94be8b88995609dc
be0ca9af4d3bc32588f02208016ae78be97e39649e4c62607e59f2a5b663f841fbad8741663340f8cb17d37d5e6a67ba03fa6b3bb0ff72f27c39c898
34ac8b7085fed7e66d40d8f380fedabe027031dd2faaf17cf6eb068474dcd1fe523f65e87f6d47fb5f0e992f22738a39be884c69a116d3b4113b2349
549b743118825992a8b6af008012cc9244b57d05e0225c81072ea6d71d47430d6c3bdaffbaf59d9b72d2da24895a8f3fedec3bb05f92a80c3c703195
c94d295754ffd9974009665082fdb71717372544c12ed5c2a27cb890c65d62e60c58305fe198ec3fe7deb243655082fdc7f6be8861b9a2fa0eec872f
98a585ea3f2e65f882eb31317553cada2bc46897ac3bcb0e954108f61f835c76a80c42b0fff63224692109f61ded0f50304b12b5981a3f357eaa682f
43976e2009f61ded7f497f0c577031ad0ebaed3535de21385cc12c1bee629e980df30ce6d8ffbc30353e506f3294c10c5eb0ffc4894219cc7005fbcf
820528b81e35984299e00ae6fb30f24299e48fcad002fbcf793798c0f5d0242b0e3060060cd87ff7fea7266573c9e2ba0955f880fde7fe1798c0f578
83297ee4e6e594a1aaff2c1989aab2d454fdc75d051130cb42d57f7333d55e7c4dfbd14d54ded580d88fa005ae87daa7c6938a77c8c17ef04cc100cc
3000fbe1705912abf57830f73fd51e72b04303cf70fe322cbf7e50d06e49d361f9f53f7792fea650dc0e6f21fcf543740884bf0cd3af1f829fa0f8e5
fbd4093ad9cd09b9f36b1d6eba40f1cb77089fc5f44f56fa1d617cfd105d07c52f83ef5bccfd4f33e552a6e83a287e197c5f3f4470dcf4bcfb3684dd
603b5bb943f98b24efc134cd6f3dda339a7c82e9d7652acfa0fdf24d3eed187e087f19a65f3ff68c269fee47935c6681db97a518eb87c346287e1952
5f07119e61f3ad879167b180e85b0f65da586e6a22dcbebe63f8e1f665107dfdd80b82d2078dafffb9be124c654a567a3cfb75654a567ad86d6ed12b
20fa1653ede20541f42da6c63b1006d1d70f272620fa3234bec50cf9048d6f3d94693d41e35b0fe3693d3dccec877c3aac27687cf991c1f4b00581e1
5b8f783dd9821e02e60917684f2238c0f065a87a3d5964c0f5f213f66e875a9e1f312940f27a0a80860c242f3f048c1c688bea98319ec909e4c3a685
95b79831f28f639447a65558e48b527bd1784be6216060e5f5e474e3919efda95eb7641ea7c44f98af1dc27806ae97a1ea2de67efdc4bc311be683a9
f1d61118be0c7faf27c11a60f832a8bdbe6f1000d7cb8f247bc99281b197a1eaf52432fba1ca3ddd78da19c0e8ad87f17468ff883401a3d7139b068c
5e8698b798e612050d465e4f0eed1fbad83334c992818a97e1e0f524d6030ede7ae8a6d501f22e3fa726d1c540de6590773d5908b0eef273a99d86f5
106b0fb1b62f203c02fe9e4b997b7a5fba7969a79d01545e068ed7b358a4c739f2133ec8c5f48d04fc3da18bf57d2be1e17c8491d73323ff710a0331
afe763ffd3040b91d7ff64a10fa6f10c91d7f75505307af989639b9e39b61ec1cdcfa37647878f7364807b1dbe797e840602dcebb9ec7f9a6014b46c
4301b897250aec79af0e52f1a1a0e5bd3a286800f73a78f4451964b22e739601dc5b0fe3b91702090662af678acf43c37a6858fb8e81c484190a5fcf
62911e1a1630be9e293e50f83214bebe6f234861b81e2a32e75f06ee4bac490eb6a80b53372d04e87d19425fcf1602a0bef53074fc62f0faf27b683c
bd097adf7a1810c6fdeb0c086c5f07b99ee1f565607c3d3bf29032314b99b89837e6c0f4fafb778502605f7eb381b17400f6ad47c8bc6cbb80c6b71e
06fbdbff8cc196957131635280e8cb30f67a7663ece5f17b89cc6c6700aeb71e517bb133c0d85b8f86a96744e64be6edeb0fe0f4d6a3621a2d3134af
8c9bc5d279e96400f47ac9fb757d27f3f6a506c8791972de62be986aef6ab74ae0e1e59724831b9fc1db65b924fbbeaaf072c441b9eb854f18ca5d96
5272317593230ed8dd621a4f07c250ee7a6133bcb4b6f7327422b7a0dc65b876bd88240768b71e37a67652d0e0daf5c2eb05de2ec3b5ebc5711f78bb
0cd7ae17a7d92f512451642fac74f9223398ba5ec8fb972c8156d7ff4437ff6172c401a65b4cdd2436c0d4f5b26734bbee95f95d8ee30ca62e03a6eb
fba2c4cb848341d7f79d88972c8141d70b75467eca0c7caeefeb0f1f09016eae57a76f50e7329cb95e9d6e7c2ec20291eb55acc767ddcb5dd9e523ce
5258ae47d45e9d597cd6fd67ddefeb0f9f25fe256592cd40e7d623164285eff0b1c1be58e97ddf74804b9701d2f54a9df99c1a7c326b4bc7983f0704
1fbda9f23741b0cb50eaba94c38b1a9821082b1de723043e4260df74006b97bfb0cf7ae5aa0556b71e9ae478e2e3c38252d72b572db0ba0ca5aeefeb
0f1f6bed2319f6f5070876eb513155c4ed0fb3ae57177681d5658074bdba74f3f1617dc445bd37533b898b7dfde1033d00a5ae03a6cf1f15e96b1a6f
7e42b0cb5ff7e144167e1c5b5ff7e198af1f1902c86e3195c9b1f5112c9573e723583e7ad3bee9f0c1230072b7983e9c03826f683c1dfc7340f00d15
3989808ab71eb18a9b93888f5cfac2545c4c8d77cf02465e6f24ed47c38298d71b490b2a2fc3c8eb2dedd70d086bb291b49f83e08f2ed638773eba18
6cbdc53469a95d1f09b62f357c02fdbe10648ba99bce17be7fb2a2aa9ddaf5edaca85c3600f732c0bddec8e4cf51c2c7dbd5a81eb0f5326cbdc5f43a
0deb7b94e97019d25e06b1d7dbd8ff3415c3e9d5db9e9fcfaec8288dfdba917fd52e0403265f06c6b79816176719c0bdc534eb88caeff38d784e81ea
e58f0b6c5f27f804e57dd4ae7d9de0fbf6ebbe1199fc3957f89898cdd9f4c7c4fc08d540c0ff8b42f131353f12b7ed55c2d484dbd71bbfe8e778027c
5f6f56c9148233e9648d513a5d4d9bd4af7d836052bfc0f7f57d8360ba9a06ccaf375a0630bf3cb9c2ba83eb496043f85b4c653a7400bcd7f7b502c0
7b19d45eef9c3c33ed7fc6f7efb40cc07b19f05eef4993685893c4ed4ee1c0f0adc7c07c312fcc10aefbb2c0245c01ef75a8f519f0de7ac48040adcf
c0f53254bdde9dad4dc27512ae9d7367428001b5d7bb78d6e9a015aade626a120d6b92a39d149f5c61931ced1474887beba1493c9310f732a8bdc554
3b910978af77ba38e0bd3c43482ea626f18fc1df5b95ef7feed7b5130815e0bd0c78afef6b0593a93949c74ede43dccb50f57a37cd81ebad87c9e0f8
0cb85e9ec45b27dae1e865007abd3b5383a3b71e5ee77301999727b50b06fda20cc8a54c817490f3f2644076817493249b8416b8f945299301391c8a
4d06e4e42c1b7bd2125a93d01a548f49684d426becf9496841d55bccfdba7672960d527c125a93d01a8e8e27f934d98a83923245afc0dfeb634f5ae0
2980f7fa602b02decb93241b6cc549924d426bd04760f365a07c6b7ea99d5f6cf2760dee9549044ddeae7da961124193d237e2fcabc0ed2b50f8fa88
c8884555cc867961764c9f23667201cd577ebcf1ae3f2ceac354d1a9a243993441c8f205a4df7a6867cce44529f3506608ec45cd6026237fab3da454
81fad721cb979f9cb33f3ae38860a20211703d8c6720e92ceac6349e114c540003961fbf3d0cfa45a988b07227625127a669f3e97b88ae02f5af8f00
1029bfacf16cc4f11990a24c3ae388d5512002961f0fff98fa1e8a64810fd84768eb8b3274c5d04d4d2a86ce5900b4fa0226b0c007ec6e4f945ff5dd
c3a8ec6e4f1430810530603f7f06b9ea51c8c17e1eba296b36d4bf7e1ebe66f389c3bbd6cfc3ebcd20138067b8fd176590e98c673220210e0b60c00e
d7be00062c3fa706ee592c4a992107fb59fc73e81163f42c9a347c23a70567d5f8e1f53054bb0b12e53734895404615f7ea76e928aae3d14c080ebe1
f5eec39d5e678c9edde708c5ae8002ece7d04ef9b57fdc6a7f025cfea25094dfa513943fa0f78bd2094709e7a915b7b21d109ca77f3e0686d3ecbc74
f731d8ccd7f3daffb44a08c2f3365a8fc94be69d0fe66b60286a00ea0b64c0f27380793e66df6b4ebd26c56b5c5ff3944a77ee45f69a680cddf335d8
926fc309ece7a79bf26cc302ece7b470a72639ab3ca7d7a7e9433a9e7b4148a9fde349bb7e7a340d324fdaf5d3a3e9ab12999705711099074fda15e6
418121b81e05b36256cc8639303be6897963de986a4fbbcc58b8c003bb8b128bf23a4fda953489c8041ed8afec9f493b39cdaea2cca449b43650f68b
f27ac8c3c5546618cf057860bf42c32a30040b48c07e593a90010bf4bfeea64301025800fdf52b4ce202efaf40f8eb57d7a4106105985f07505fe0f6
15107dfd0aeb625105d380442c7701d85720f575c0f405605f01d1d7af73bf6e3c49b2eb527bf3e19a322f7d6fca746ae002c2a29449bfbb6e43d78c
52d3f75be3bbc693645768588b6a98fe690b02bc5700eff5eb556618ba05d4de625e985ea7ca5d9fc6136fa0f63a0cfa02716f3d5e4c4d0ab956a0ea
f5cb6e739c3ec7a9efd3eba7be33742f1b0b50bd0246afdf3faf5f1a4fe6dd3f3dba7c234709f761da5c1a4fe6dd114351c0e815307afd3ef6ebbe91
f3857b2f84db3722ebee3de76f653a36bdf79cbfbdce7c757fa140cc5b8fe8a65b098b324a8cd2bb9a4b64dd41acdd7b26bf6a7f35be99f3af91a7df
dd4d45af55fc1aa5eef5cf28116b77d7cd4f992cd57be8e667e43f03328cd2a747e232ee3de73fed64a9dea7d7a7329d1adca776927510f3fa7d7a7d
1a79b2eebeb473aa88acbbe96210f30ac4bc7ec785b80231af24b2eea6a025b22eb150ef085d2d60f40a18bd7e53d020e61518791d02fea21aa6f18c
eb398bba31b593da0515af80c3ebf7ab9d645d62b6baa25080e3ad47c6ec9805d328591d897a98b814ef88675dd485a9f6a94949eda4e24d1783ad57
12f5f0895bd18b3a316fccfd4faf53fa9e08df2b40f54aa2ca3d87761643c7967d087f88792551e520f597445482c35bcce7af0a45a2d22586ae3b11
2551e920e7f5a7a890cc4bfc784f31d8dd68d1c99eea03f6fd4fad68c6a0ab88cc73d3a124e22d45bcef621aec61fa50d49ebeffe9fb3b2078badaa9
5f892872a9a1c0c32bf0f0fa631348e41304bcc5d44d3a1904bcfe5cbe00f9942e5f209ca5053a5e8187d71f2a52229fc0e275371d0a74bc02faaebb
e95040df15d077fdb9b593d08280d71f664c0a0bb740c0ebcf5e25b74f4d417b2853a0efd6c3eb7606407805cadd32d28dfce3f55793d82189d00261
d79fb89ab6288d17acf1fe54f4990ca17df5978e933edfc8a1c37bf8ee9fda09ad3719f9cf7727b4de3d4f09ad4468b99550d2341908ad9714076857
00daf537ab887c825dd75f9a4b269f60d7f597d20fbbaec0a0eb30f30b28ba0283aebfe1065a54c68c6ff492f7a0e84a3ef488d20f8aaec0a0eb6fdb
af7f989a14813f25334a73324a5d9342df5a8f18f977ec7f2a932c7101a1409b2b99b3eca5d7e7389e28992c7999d9992cc9d4aef7d4a46240c48dbd
977f86b8590fddbc0c5dd14d52e725c573f8d30aecb9fed25c40d0955cb5f3f1cfaa9d8e275c4028b91a4f56e54bc7814b5700d27550fb8b5291b00e
17100a5cba0290aebf2c6ab8740520dd62ee7ffac4b4b697459de3b0623d8c127506585dc984d56bce83a02b40e7faf7db4cffa476b9955040c91550
72fd4b0664a88801f991cd79ecd727a6016140c297eba0f64ba661651a966b0505da5c0133d73f366d3ecd10cad4579479799d39f845a4e6a28c27b7
da17f7fb0b60b9921d107c7bcedf9a242ee3db739e08822fd73f8a79be75d3b9e7b7a7f76d323835f8f6f47e94192eb7fe75153d26eda39b5c4b99da
95b9d5be3dbd599399dae5ae41c9d42e4874fde34502415760cff58fba9dd9885990ebcc9ba9f13cfcb31825d22673e60b402f80e54a266de61eba69
3c499b6994e0cbad47c2bc312b668ca758f3450dcc1bf3c27c305fcc8919dfa81056938f0086dc7a68125f5b61e48192ebf35411bf58e1179b2c7ec0
72a5507cc49a2faa615e989a44048192ebf3d64d2208945c8f60f1bf281420e54a717c3aed6020e54a21b426471c48b90252aecf47cfc82720725d24
79295c61d0e3ba48f2451903b6a2a0f102526e3d0c0c3daf105a857c9ac406d4b90259ae4f2a1d80b95288a219a7858bf27ab8fd87a0f14565cc82f9
6176cc114caeb0426f2a218a165399445109e7d7f8d92a4b37d85d45240428ba02836efc286885d08241377e11c6b7288d0f493660bc17f8740530dd
f8d92ae1d315887403f0fba27ca3a14c731f3e5d8133370478173873eba19b7bee9ffb9f6f30f734e70a832c37846dafefe61387ec1abf61402eb587
da357eb635e871a584d01a3fba58a14c9550a6c6cf66054b6e3d9419f14305965c29b741e6998225b7668dd7f7ace3ed2a8f1ebd9b69901f03b22718
f904056e88912ec0e0d623bed1f1f335c927d070e3d8d386da5542ed1aa2a917a59ba17d8d83f55bd88ae0db1653935880e0dbc6c1595aa67f86401b
47563b6f57099b6f1cd9e7a04cc16d1b87dd06365b01ca368e80d52ab0d94afd69a7c9009b6d3de2131f7183b9d4d0a20a34b671f4cd54e661400842
d86ceba14736814a6faaa1290dc1cd8bca9886ee54261b0c44db003b5e40b4ad8726f1e3d4b4cb349e141fb86deba14c2a3c34b6026a6d1cb475186b
a5164d7a365337ff5761f7ae6b4b8e1b6038efa7e86462af5545dd0067033bb30df80dea0a4c303d8df6ccfb5b879f001b939ca0a12e9e55a54b4914
49b1fe1dba692e21ae059c5aff663ecebcca09568ad7c1532daca19251ab2ee73810d766e11db17110d70263ad7f1fdda4824a55bbb300c8b459e492
91341c90690192d637c1c722728e87d637464a69eb97d9f82db36ce695a14bbf6c0acd90aef1e9a5f52d3c93358480d6b7703b6ba80cb51703320c5d
6a8dbeadb9c4752bc3ed75fd5293e8908db95de81058b4be891e16fe5c3954b426187fae1cda297a58c4d8e1d4fad65544db94b49bbafce079a5a2d3
33398e186bb3d8090f428da76d369b2ac6da2c727e6ef412b85aa0aa4da1f114852f978a6c91186bb35011cbbad04b855eda6c7cc06bb3304a991510
306c513234dfb7c728dd9e797be6aba2db64b8bd8e359784e6d1d8a670dd7e13e65444188fc21d2c69687530f180689b4521d4a4c728a5d9d5771b5f
a1ac4a7a7efd872ff43383a2085b95b4c9fabeafc718ec34cdfa2ea05d5ed327bdc329cc695e196a35ddc2be27b5615e1542cfccc4af7995b7c3bff5
dd614ee516d654687dcf2498c0849b85da052310e2021aaeeff991edbccad7020d37856ae71642c37549b9f32a080da10db00a46e1c57588f040889b
857115b243880b4cb82ed5366a2656444d5bacefa776b2c56a46eafb6ef655679575d7782e5c75560922d777d1b92a985fc380d079950359c3789aa7
00730129d777fb6715b6aac53313bb30af3c9376c40d0f48b9a8c5335fdda41d6b46ada6f020bc090d883d19526e16392021e656f98a20723d4cdeea
581244aec757e31d4bd6e6f6af67d2a3952d169b5f0a8155b658d8932b5bac52aee100b3b6f5cc9750dfd962887453e899342e225d8f5ded6c3144ba
1e4c3944ba009feb21ea013e17359dcb1ec5d0f12aeb70bb505d1d5e71aad31ed533799538713de851b8b80088eb61f7ae6cb14a11c69ac91c482cb8
1e9c937a6afca9767ab40ad1a3bff5e0d7550e64a5de8272c57b0ba0b71ea759c716c374eb41e3d6db9cbf35694d6feaad6650bec7b57ea976ea2d84
d540e002fdad87e033085c20bcf57034531fe3f97847b67484b7a8af1ef13f2a57b3befaee8c12cc2dc0dcba14db689455a3978af3f926b1a231bb4a
feddbf40710bf8b65eecf34d60abd160851a6e34584b9dd58b4346bcb759a88845d07895406fbd389f6f34584b97b197cc8899578dd0edfb129e84d9
cd42fd36b658dbb593fa6d6cb1465915878c8db26abb67e677de010217e86f1d763c40e002f6ad17a164d8b7807deb855302fb360b8dafda295d02f6
ad97b66ed7f85091a399c69b6ca99ea650edf412ec5b871d0fd8b75978268b15042e1abd542c8426b0d5aa679af38db26ad53b128946869bc541a847
9415245c472d0f2cb8807deb452804f66d1639bd8b8580f716406f53689045e181de7a91fc82f0360bb573c4a1dda6f7a976072ed06e81e9d60b950e
ed16486dbd50e9106dd198724554ae31e5dae1c5313d1a53aeb1daea5a1df452e323562abd09cdb7544ffdc71efe3383a209d1b7b4ec7ab50920c4cd
a2106a1a3bafa542eb752d9dd46b8117d72bc7aca55e9b45f6acf2e7b1e466b1131a6ca130f4b85ed77aba8d412ab45ed9388df5d6e8a7cac96f42f4
4071bd0a5b01c5cd2208bd014788edd1781676a3b480e27a15cb6abc4aa0b82934ae72281aafb28a7237e78ae871bd72f6d0e366e1763b037a5ce0c5
4de143d808d59ef09cc0848bfed5777e5de755765ea59cde008a9b8549919fa2ce2bcffceaa663492cb90091ebd5f93c965c74b69844df79a59d6cb1
9a449d7955091be145d809f5fd5611a714676e0ab593ceeb0c34b9bc013e17e073bdca5e019f9b858a1eb733d0e0e63a9878e0cc05b25c97f53baf72
32749e6a753e0f3017c8721d223c00e666d108d72f5594aaaf4bf08dce16ebdcd7667a77d9162072bd6d5e9c6c0b9cb82ec1775e9d8417e1badd2be6
d3828907945cf4d487bd49e7ea4e1e3babade59fbd9a576aa71d1b4f15822ef0e57ab33abab01acc5c07130fb4b9c097ebcd6ed3596d5072bd95f54b
b75399cdc165a7327b573b13a9f37ef1e57a1324efb22df0e5a670109a0c5466b387742a135faecb0f9e573b6110ba9d9fdc87415eeb48ac0d66ae37
be42a75cfba19bcefc81e50251ae371b4b77c4d979bf3289e795671e06e4503ba3af0bc0356617be5c74aa52267100cb05a2dc146a27550925d7db5a
5c02709dd1d7d6e2a22afb654044e580e5024a6ebe1bddbcac38fab3adc5c53c4494eb8d2dd699875da80ef43ca0e466a19d925f80e5024aae37ae06
94dc2c5464b382920b28b929543bf50b25d7dbabf1bcdf4efd76e1bf4efd82c74da165c8250688ebddd6d3c5ef7a1e48f42e260810378bec6667b561
c105165cefce520707170bae7731412cb8c082eb3d3ff10b10b8407febddd6339c440cd6a53ce6c0828b412777fec7a0930743b20b250f862440dc5c
388530870e12aecb630e64b88084eb3d21b801fb16b06fbdcb9dc17b0b84b7dec597c7ee764ab55b47786f01f4d6bb753452c5c6a054bb7584f0360b
7d17f141780b84b7296c3f3528062b13feadaf2467dcb78071ebdd0e36e4670cca75253943bc058c5bef76b0c1a01cc51808680fc91a8341d94f1531
2841dd3ac6fbbc3230f46817ae1cf4e8a8e6547e8d12486f81f43655d787d00b7466b1329f71df6661b49cd3e2bec5608f76dbda7090311c64742b0f
136e16668a34044cb818fce495e48c10370bdde4e40f7e32505cef16d9e02743c34d15abef7433345c1fcc4484b859dc84fa2e136eb05c573e33185c
c0bf4da1f5c4791ea978fbd8bc23e1cac19c1d76c5c19c1dd4f058cb91e58a09d707277fc8e54581eb635fbfd4f7c3339dfd8ed333f9de43007650c3
e35cbfd44da1c5e1746308e60fa922431411db3d80e20228ae8fba7ea9767a7454138c713a18a72bc979304e81e2fa586b542eef10451c9c28a0b800
8aeb43be03165ca0bff521580602378b46e8764925839bbd929bc763da3063c758cfd4f857df05cb8613ddc1621da20983c50a09d78724082cb8c082
eb83757950aec747df6d8087a43748b829dc092ba1c65bb0c870b3503b93f360f01e1f15498346860b48b8296c8485d08b732c7550ae072f7d3ceb97
d9f8836d3b847f0fb62dfa5b1ff6ba836d0bfbd6576ef441b9a2bff595067dd0a3073dba929b61df663108ddce38857deb87cc08d8b7007aeb87d581
f716406f1ddb7d5e69529aa353f8100ec27cef80ef71c8843b28d5c30e7638703978e980ef7114efa8a8dd41c6c18c3d68dac3e242860b2cb80ef81e
073b14fd6d2a6f8d77e68bfed68fb27ee91d51aa80eff3aa11ea91b0c5e120f8e0cf1fd520f3e7c1e3fa6119a2c6056a5c3f9adae94fd4b88e021fa8
71811ad751e0e795da45240f471ea871811a37854689a6458deb2b8b1a2e2e70e2fac14b3b84038e6ee824171cc201a871d39c34200cde83c17bac75
e40c084a6e9a9ae6bc736428b9beb2a8a1e4024aae1f72e5a0e4024a6e0ad733d52ec4b052ab31e4023c6e0a5355a2c6054e5c3fd68a730674b0828f
db823d8c9268c2b1569c3499c319d0e1c0e5f07d05be5c3f9ef54bcf14fa84860f0cb9008f9ba674ffa94101301747860a3a1a7ce0cc05b25c3fd772
944373a4de9e422f50eaf2912a7ada13a6b9631f64b97e8a5d1f82a587e3e873ad3ca9cb90727d655343cacd6227f45a1cfbe0c5f595620d1b178713
1e34f8808d0b68b87e3a183ca861f8b77e8a489f342e0a5c5f79d7a74f2a50e0fa69959ca209e7c780d475fb20cc8dfae49821c40534dc1416c26c27
265c3ff3c3b838054ba1e1a6f0212c846e97c570d2b8278d7b5a4f278d7bd2b8a778f8e93b0ba0b8e912693ce57a0a6c5e1c5ddcb73805362ffa09f7
2d00dfa6f020d44e7af492c77ed2a328701d8b3c4e69322870fda2c9c0e002f0ad5f8e644fdaf1e4cf5f6be4f9f327ebf272fa0a06370bb5cb063b39
e4f06f53e8991cf293437e890d9d6c4614b829d424ea0d05ae6391cf2b8de7a5c38e07ec5b9c94d6cae53d29ad93977ef1694f1f4a9c94d645159df4
13fa5bbf58c1275574d23a1783170b2ecea1f1d63d325c9c0e992fe7f35870b3d07866ec293209fbd671c303f62d4e1ef5ed633b10b83839cf2bc516
042e4e272637b710f62d60dffaca6745789b45f6fd16bfc37b0ba0b77e0b7d9f525a4e292df75a1dce934fc728f75a08d405ecdbf4964d45eae264f4
ddebc531fa60dffacd6a837d0bd8b7e95ebb9dd177d221d8d9f34a45fce4dbc1d0c94f467f9b9ec687d02a16a65cf9ac27e7f9a4586e5bd0c94f4678
eb80daf3cadba46d563eeb254c89e936858db0111a25913e30b759781db68b8b0eb9f8c937ef07ef6d16ba29a877d12197d8e5ca5205810bd8b77ebf
ebf66c27ecdb14e68bbb9c0e5f4e61b0b3e3e2275f14cbe360e81291bcd8778fb974b1ef20e1fae3b408192eaedd33596d0071b338098330df26405c
7fd862007171b1ef1ea79970718113d7b1b3e755256c847ac4bebbd877d8d9713985b9d8770fb5062c179723e3c76926bedc2cd44eada1cd054e5c7f
04f5e0e20227ae3fcc2eb8b8c089eb8f0de562f45d8cbea7ba9d298713d79fb67ea99d74ddc3ecba1c195f5ce1c792818b0b80b8e9f4ea265b0c20ae
3fd2b52fb6d845ad3d3c15b8b8c089eb0f4fe5eaba49d73d3fd4da4f0c8a8b22bc28c2871b833a370b03c32603988b8b765c59b517971844ae3fe278
17ed78b1b41e213b80b9c08beb8f78f8c5fbbd68c747c80e3d2e2edeefb3960eef172fae3f6be9d08e17a3eae1dbc0c605265c7f84ec2e96160adc14
6a124508ead65fc6d4c544bae83c98ec80780b18b7feae0521367831915e87a2106fb378083d93cebb1c1dbfbbdb1d1d5f326300b5e3121bbc38ba80
da717174af547dfd150e40889b452ec737d6338dbc2cc057200e362e2e66d7cb4cb8985de871fd15fa468f8b8b2244d90e88b70075eb2f8d0bea360b
4347e342bc05b65b5f79c2106fb3d04da63cd25b20bd75a4e9407a0ba4b7297c09b347b7d8e09b74c380780b6cb7be52816f27cfd86efd356dee6ddd
6e401cb083b9c5ede4f9b527df4e9e6f01c3576809e16d162aa2716fc7d1b06f6365fd22bccde24921ed78d38e77aabef131436e9fb7dea9fac6c764
b8a5c9dce9e80eace7b8196800716325f8de4e9eef5011cbfa163dc4891bb0ce0117370bb50b0301c4cd42453cd59b22bc8b678ab562c8c55d3d93ce
bbd97777f54c677fb798e05db553ce1c945c80c78d8fcdfff679ebddd4ee44ef96b27ca745373e6b2e09ffdda908a7d0d031e5eed479e3737a269d77
a7ce1b9f356da8b5bb7b478eb86f91bebbab482ad3cd53bdbb8a187d4874710f7d77be70f35401e9c6c73e0f41378b91c2c78bf321ec3d0c8880e6cd
ffbc0fcfb4a5e3d2cd428f5e23ef68069e6e7c04626e4e294addf8d060f074b3c817b732896f86e49dfee7147a716cc63b95e3f8b2196fa9379875e3
fb5dbf747b3aa563a517dffc4e20bbf15dd3db27b3779a8e5368402e4dba3c532006d62eee5b936cfeb703973b95eaf8ca0ac1ba9b85db6de9587701
7237be3e28c7ba8b3bd5e85889c89077713fda29bc728b1ee2e08def9ade02857078e32b6872f350efd733c5476e814270bc2934691992f76b3c1d10
dcbe07b95fcfe4cfddef7ae64b9816018cde2c54649f07d59b8501b1101eeaf749853bbe36e847a0f0f91a10662cd25ea0e94de14978116a92d0fcc3
437d36b54bd680d18b673374765850bd80c39bc29f7fe50199172079e3ebe419242f40f2c6267b09242f40f2c6f651213dfaa4e69c42ed655022e78d
4d5ec6c3d145ce1b9b8d1a392fb0f2c666f282e4051eded8ccd387227c28c22dd13df188f861e54da12671749fa29d26ef43653e69268ecd39d8c34c
84d39b424d121b84d39b423de21203e80d0ce579a5767a7493c181a317007a53a8f1fce4a7a95d68115c6f163ba1be4b4cc4d81b10cc81b1370b15b1
7131f6024e6f0a3589c67d52c78e954d0da717007a6313ccc7d18b8772dd84421ee7decfd0246e21645e3cc380088520e70572ded8c4ed91f3022b6f
6c6be970b3b1f2c626b1ffa1329fc3337d710b9217787863737cf65099787853e8990cc987cac4500e3cbcc0c31bdbb57ea99bf4e8e650eca1471fda
116d795ea9fd723b7b04f32ec0eec626f909f32e50eec64ac686b79b8567da041e9f933c54e6e62ba4871d0a7637f6b5b8a4303ea90fa7d0ed1421f4
ddd8bfda291b08016f0abd236ef6934a72ec8eba9e673d33d726da7200e10502ded8450f81f06611846e7fd5feaa9de10380370bb5b38271f066f110
e63321ef66a122dbc54b65be79e032859db0111a108b0b002f90efc64aec06c00be4bbb1b38600f06631082fc283d033ed212f3dfa66a46fece28ca8
78b3d077911454bc80c39bc246d8090fc293f024bc095fc29cf32f350ceb3caf54b41b90aeefd42f70de5869e52fd71d316fec4eca5ea7d92f3b7465
90bfecd0971dbadb82a0f202236fec320b5f4af56572eeb620c4bc59e826bec3ebc0faa55477e19597527d8b6efa9406462f60f4c62eef16462f80f3
c62ee6f2f2bddfea1d492b87d10be0bcb1dbc15eaa121c6f0afd52a0f06533ae64f1975a7b53678d70d4f5caa246be1be123e0972588833742d00407
6f168dd03387be330f57b2f8cb3cc4c81b015f0295172f4b70659043e5cda2129a0c2c41e0bcb192c5f1f302316f844deae534bf794a31828f889f37
0bcfe42be0e7cd42df85575e214538bc116bc90814c2e18d70648c8317907753a8493418f2dd00699e574689068bf6535266a0e3cde2748771958203
8b3782a1f6729e5f765e50c32f05f3523045441af32e50eea6f0c7d2299f5430b3c8d907b05b30ef6611848d70106693a4ef1678bbf249ef77945c4f
05d0ae7cd2df1d00bb05d06e166ecf5c8f8264378b9c14259de702685700ed4639d59e665b81b01b25d7d3bc52d1a6a24be337eddc54943bd8bc52d1
a6a2cce92d9f4d45bbc6df2ada3d932e81e29d578dd0783edab9ab282dba21d1b77cc2d065386fc87c2de073057c6e0a4fc29bf02154516852aa9451
774d2a6a67b5a1d9964f517baa94518b1e15dda46064beceab87f025f48eaa76f2696bf53653dd940f03ad56435735be7a665bb77b66737bd3a4e615
d33a756852d3cdd43353e899dd2f699d7a1890e115b39b6abaaff3caeb186ecf0cedf2190684dd546f93611890a1f6dbc8a7375a10e9465daf78683c
63aade9a74a89d31551f73e93020b44e7db4f3302087917fd57e1879aaa8be6e4f7b6b165fc28bd0c8a7f5351067e7958a985deda39ba71ea5a135da
5745a78af25b91295c15e9513aac53a89b699915ccba2175755eb9fd72fb46095cebf69750376f8dcf3c97d136aff8d6f8f46247db0df2ed6da6ce1a
6dd7f8dbc8df2adad57e9bde8f678659f718f9c7ed61823d6ecf438ed18a6e3ee6523aac53a89b8f67e6c9c780b62d5877b3c8b9d4aa76be06244db2
29b43a5e23cfec6a19f129407605b36eb4b45c0a665d41a29bc29b309bf4654c495d2db87405896e34aaf29ba655f97e0d32558944370bb7a75d5fbe
74dd77d3f8b4470a585df932a6daa14969451578ba2121b57c374dda35fe543bb5064f3724a41678baf2dddd4e7f7ed3609a851777a9285dd3825937
1aa58a595750ea8684d479e599e277ed369e741d66dd6894eab7b8bdb8fdd1a4d467e5cb1a92665ad0e6ca3735d1e8e63cdadc2c6e42e3492f7dd32b
1cfdab9dcd78f2117b2600946f533b65d5371535cf4caf70e0ddce2b8d4faf70e0dd966f86e36611846aefdebbb05adfddde3569b83d5434dc4eadf5
3020d4da97dd244f745e69120dd64defefd0a4349fc68fd4f19f18140591ae7c05e2ba05f13db482ceeb79525a10e966d1080de1e1fd9f86f0d05d4a
eb7bfae5e9b59cde15a3aadbbdc1e7caf772fbe99997db1955fdf2cc4b77f98afd3230f41306dd907f59bef4d3977eeab781a19fbe626edd468d4857
10e9069e6c81a22b5f9134a996057cae80cf0d5995e5fbe811fd04083bafd6ed37a157fd68677a8763ac794a1561d08db1e62955f4a58a6455167cba
024c375062e795da85d7c69abcefaae825cc6722d2150cba3168f18d29b765aac818ac8c2d7dc559e4441be97f962dcf770b22dd18998231aff2bd03
d38d91c6f4bcf2cc3ce41823233e6563f46d74de4863bac0d4958d7d87275b10e90a06dd184593d2862b707363b4f54b4da2de5062e79526d164234f
c8e7955fd26483c9b9d1649be38961d26e34d99687b7631c6acf205b81941b83ca84942be87163b047b634ad66e199a6e2c698dad2151bc3acdbaa5f
3a0b18d4dbd6f49d8219af673615e551e73858045b86a466d10855c46eda28988345b0f575fb4b982b6e1b2a62e31c5fa364bd6f96f641936d8767a6
01330e9a0cc5ad6c2c9763bde2d3285102479860a7f79eb6ca388a269dde3b2570acf74e096ca776d264dba59d02ef4775fba59da920c661a3de6886
8d6638ba097679a6c0fb31cce4dbd05102c77aefb7394f091ca741bedd7e6b12bd84f75680dec671799b8c948d66382e4d7a3c5314e9b8d6eddac91e
396eb553029bf57e3c6ab7dec1dc0646e9bc5ab76b126505e656c0dca6b01016c293f022bc0873869ce9cf97dd2a46781b67c6c5e65510668f4e7309
e1ad60ba8d930683762b3b87eccceffe0a98db2c3c7373bb558ce936850761f66817b239d98c286eb3507b7e6731af3a61be23b97265b78a31ddc699
01e27995f313d36d0a0d8855bc0b799f453b8b26b132cea69d199629506b43065cd9394f706a43065cc1519b45be8e937fbc377dcf88f238871ef17e
00d4c639d4de54c44c38f3c8635e79a6cdffa482a0cf0acad900049d5746de067d5e9e79f8a508efc9a7d9f91fb86603fbb3c09b155cb3713ebac9ff
40391be763da9c9e6915fff853923f332820d00abed938d794b470775bfaf531d816eecee5b8f8363067b37809b5d7c2dd0575af35fbacd1dde1d895
81a3b25ba3bb357a653675413b9b4510aae8b14ac4472e26dd6ef7deedded76e0cecde1068e3e2b1ec36eaddc2bd28425cb459b8dd3c85409b85dbb9
d9106805ed6c5cd41bda5901361b17b32b728b2d5066e3cac0d1bcba09f59dcb81685682cf2089b0009b1560b37175b5e76e5a80cdc695196605d16c
16468927005356c272bc2e4d12f5402b1b97a049887a84350ab45990cc66e1c53dbab96bbcedf7b22b86ed3742e3054d50ce0acad9b81ecf4c5fa3a0
9c8debd1f75091d57c710f60ca4a386cba4db0b07083cf707f55644f0eabf9a6b4c29e0c3736ee3ce62d91ce420987f6370b0b67ac044fe0b67fc286
cd42ede65258e261f7bed94d9062052f6c0a0dc8f0cb5ce9e3e6e8028515a0b07117ef88090f1436eee44d1584b01294c1cd5a8fc380d8d26f3a2f0e
7dcf0d77dc4ded9791b76081364b58b06153c5d42cc1dc46ec1a37f506dc350b1531bbc2820d6bf33e3cd3da8c47df79aaf1e8bb0317a0cd02f15540
bdc66d4f8ed7eae0a5036d9662c5958f8aee25dc093529795305a3abe0708ddb4e5b58aca85c43bae1bc6a8406441ca73063b1b6c6fd7aa69062113d
946e38af8230dfd163d6e169cd22dfa62cc0029d358b1c90c7b65672b2cfe2227c09dd1e6ea719f0b40a82d6789a8aec75085ae3e97a9461c3599c84
3ba1c60b143ed405c85681d51a4f66afcc2b3d7212f1980ca51a2587b64f7e5c3baf0cb275f41c6ae77b17beb78cbd02c0558ac5f59821c5e2c2e11a
92f20a1c57c1e11acfa99bf9255c29ece5e7d4f8ae2271c6e734745d3b9dcf3e6bda746f53f0f111522c8ce8c2887e6eaf83118dd8359e35c1b8eec5
39c8c3bec3ef9a8591a7ebd0bc0a8cd778440fd1bc0a8cd778d6acb3b4f1bbc6633305ee9a45defeda4c8b2d1d956bbc99cf3aafcc64e7b32f63bf08
1416e7b3af4874b9fc9265fd6e26ed65946cd032f54ab117e3624da1f1bc759311fd8adf15913e78acf1866923d2878b3532abee270645e17b63678d
b7e884dd1b3b6bbc457b39e4258f6bc75b4dc974cf4b11307cab89664b2fce695fdab1bc2a7224fb5284b05a052c6b0acde877dd9e93e2cde3fd82a0
350b6f203363e6d546a8f163fdb21036c24ad809355e3cbcf2bd6be64f8f5718b0b20800b8de838984bc5520b7e60f7742b7a79a7a8f6d092fc28730
07a4dae791b0c66b3d55aa08c36a5b8bacd225b5acaf4737428d2febebd17cffb56aa723cb8b8d5b6dbfd5e9e4bdda99fb6ec132fa7c6cbff5367439
c89f0ffb0ef9a7b48d507c0cec65163f9eb97fac922664d75251ec92080bcacbd42f1fc27c9b282f05d765ff320f5b5ae653f79c29a4b49a358acfb2
495d2e302da5e51add1e7d876929f82cdbd2a3cdc26db9e14ee14da8491948db96ca6c563378ca149e8417a1db8ff54bb7e7eebd3d4e4c10550a86ca
141a254bbce512df1e51b96689b73cc7dc9ed33373d79f2ab611e6c26d82f9f025dbc3e5802f2978197b5045781953c56e29cc3484022b517c93bf47
9e3c16dfe4171f08ef25ff0ac0bcca41f681e95e4c1b1f98ce225f47150a39d8cb87bf945c3f7e69a3f6b5d40e46537c2d557cd4b0837d147fb6be48
f0dd3ba13ffa5cd69f641e4b6871ddfec2e70ad5dd79dc5e6e7f1f6d64f66791fe57e4f6ed83692cb7af487adbfd459e22e9ad4873da0fbeb73f1e5a
1ebf3c8cd2eb97fe9adf74dd727efa6b7ec5a1ed7ee642a8fe3459fd64907cbf3287bb3ad1ab4e68767f3ca07e3293a6fa333d3b027e75ba51450ff7
3b2d972a7a58c51d76e64c1577a858cff9e714a790a35363fd99ad254ccba546fe32ff78d61432d06a597fb12635d8bcfaa6d02fbfe912554ab55202
b1e52bae94405d74ad7d09337fa45ab0b1e7d2aeb84ad5124dd4f70fe1e1765f76ef19f19957670a55b4a79f5cbb8ae036a66bb2a7307dd96a2607ca
593593ab491bfebe6f3569eb21e1a42e617a4df5f83feadf0f611a76d5a44d26df149ab4757d95d7d266ac3eceabe74298a553527d9c574f9a166266
5ee52b5e1f8c39969a5784efe25b65372d846a21444f33a15a08f546511c4b984748556e74f898beca8daef7022c64e64e95295defc552c883e0eacf
6cd795e3ec73f62ad579168b127011aa486ec948f55bfd2dec6a1d856fc7ab75542d9938b67f3628e29fec896a39552b27bf3afce55f9b95d33eeb73
992544c2767c1d57eefdf36aa4f0591f6b440a81d42da74cda9f42cba97d57f2767e0ed41c21b5f5078bee54cdf32a6fb7f08e4faad166e1b56d09d5
6ee1350b6faaba145a78cd1a3b36426bac594ec74e683935c6c2114be86f39e0501ef12321eaff8fe0fcffebafc7efbffcf93f8edffff3f8ebf3ebf5
8f3ffe787efbfbfd97ebefbffecb0fe9aff7f3fee5b7e78fe77ffef68f3faee7d7dffff6fb8fbbf2bf5ffef4a77ffbedfeeff54f3faefeebdf7ff95f
7c3deb5f1b600300
