1f8b0800000000000400bcbd6bcf5ec771aef9ddbfe29d0d044800d95ebd561fb33702f4d12646163524156f6330d890252a216091024525f0bf9f7e
eaba97633901399801464062d6fbf4ea7357d55d555dfd77ffdb972f7f59bf7df7c7d7bfbc7e753cbd78fde3bb9fde7ff3fa97fd775ffff08bbffbbb
f1ee9b9fbe7ffdf6c317af5f7ffbfadbfbd71ffff1e9cbf7efbe79f9fac3d3dff767e3d9db371ffe61177ef6f69b3ffdf4edebbbd47f5da8bdfe9737
6fffa3c8a39da7bfa703fffbbbf7afbf76bffcaabf3c1f255fbdf9f0a75de23ffff8647f79e22f4f56f69f5fbffff1cdbbb7fff8147e751c61ffa1bf
fbe1cfefdffccbbf7ef8c7a75ffebfffefe715fde59f4fae94e397e7e10a5df9d553fdd39f9eeca71f9fdebffef1f5fb7f7bfdedaf7ef6f1cf6b7af1
fadb373f7e78ffe68f3f7dd8bd7efafaedb74f3ffdf8fae9cddb27e6c5fef2c7376fbf7effe7a7efdebdfffec7cf9efefdcd877f7d7af7fee7f53cfe
f8eea70f4fdfbffbf6cd776fbef9fa51db674f5fbf7ffdf4c3ebf7dfbff9f0e1f5b74f3fbc7ff76f6ff6e23d7df8d7af3fecfff7fae7557cf7ee4f7f
7af7ef6fdefecbd337efde7efbe651c38f56c3f7afffa6d71f1bc28f4fefbebbfbfecdbb6ff7d73ffdf8614fc587aff798769b4f5ffff1ddbffd4dcb
dffc653adfbefbf0e69bd79fed826f7e7cfad3aef651db5f77e7edb756c95ffafaf38a7647bef9d3d76fbe7ffdfefff99cfff898ecbf9ae1bbc37bb6
befd690fe2ffbf3e3f6986bed551fbfade12bf7ef7fee9ddfee5fdd3f75f7f78fdfecdd77ffaf1e775fc65656d6f581d7f35c25f3d7d6432be78fdc6
6a7e7cf4f6ebef5f3f3acfa97afbee3ffe6aabfa66efe93d2eea7df7fe6ffaf0fdd77f7eda5fedddbb87fbeee9f5db6f77915dddfb47efbe7ff7e1f5
1333ba2bf9768f619f8ba7eff60f3fafc4e6f0c777df7df8f7c7c6bb37f58f3fbcfee6b1ab770d6f767dfffefeb19fdfb2b37f7c9cf68fadf6abdf3e
7bf9f4f2f97af5fbfa623eed7f7ff9e2f93f3f1b733cb53fec1fe7537ffee51f5e3cfbcd6f5f3dfdf6f9e763be78f954bf187f73de9f7ff1eac5b3f6
d5abe7fbd7ff565fee6afedba3d4febf3f3ccdfff9e58bf9f2e5d3f3174fcf7ef7e5e7cf76cdbba917f58b57cfe6cbcf7e5ed1b32ffae75f8d675ffc
e6b3a75ddbd317cf5f3d7dfeec77cf5eed6f5e3dffccbaf39feb787abe7e5ecbefe68bfedbfd5b6dcf3e7ff6ea0fd693f5ecd5178f5eacdd8dfaf465
7df1ea59ffeaf3fae2e9cbaf5e7cf9fce57cdaa3ff792de3d9cbfe797df6bb397eb5fbb5fbf234ff797ef1eae9e56febe79fff9733b387f891796973
8fa5b6cf277dd833339ebd98fdd567bbf6fff8d71600bb91faf9df4ccccb2f677fb6ffba6773ee09a82ffef0d9634277032fe7fff1d5fe62fff834ea
efea6ff67cfcfdcfa7f16f36f4dfcce95eeefed58bf9bbc7d09eafa7975fb597af9ebdfaead57cfacdf3e7c396ede57cf1cfcffa7cf9df7f5ed3e7cf
1fabba9ebe7a393fdb6dbfaad6a55ddf9eeb97fffdf1eff6d5cb6736ebcfbe78355fbcf8eacb57cf9e7ff10f3fafe5b7cf7fbfe7750fa5ee7a86add5
f32f6c7af6143f7ff187470b8f79b3a5fcece9f7bf9dfbef7b2b7df15f4c757dcce1cb3de5fdd55f7fb37bb257e0d55fcdcbd317f3379f3ffbcdfca2
cfffb468cf1ff5fffed9cbf90f7b4f3c7bf928fd8c0efdbeeede7c65d3f458fedd5ffef9ece5df2c964ed367b6639e9eada73afef9d96374fa726fb8
97cfb4396dcefb6fb5783f3fa9ff1f25f27cfb6d7ff7fd8355fef88b5ffc5aaac5d3af6f65e3bb376fbf7d2ffd62b3a6ad6dfce217eedcacf19b0f37
69fff3cdf75bc3b1ef5ffef9c70fafbf7ff6f6bb774f17e5befde907957d7afaf58bfd8fcd56ff2c4de41f3623fbeef1f7e7ef1f1c6d0b4efefebfd0
47fe97a92f7799973ffdf0c39f5e3ffafa74dadf3683b4ffdd0d6fcde78b07ebfdf57f5670fea384141bf41afbbbfdf9d59f7f78fd7497fb9f5f3d1b
4fffa77b72c7d319ae2b3cb9d39dff977efcfdef1ee2f880728cea21a17ffce1eb6f5ebffffaedbfbcdefdfc1fc7feef9f9efec7dafffdd3a38f7f53
e217ee38f8f48fdf7df3af5fbfffc55f7d30fee941c507751eb54039a3dc0175fed3a385fbb7ebf19b3b4f28ffa0ceb9a0b2956c09aaf15d86ea9bba
8ee3825ab4108d4af4e5ea50d6fa292ad37a735097518316b2376a890af65da4d7391be52654a14e0f55a95325878d483dcb93f135a38ab39ecd00f5
e8cb193d632f1714b51466e214455faabe8b0fea72fa2ed96f8728fa793086423f23a32dd5a8a0929a4f95ec368397fa69638807f35926945ab7b90e
9d92f58062c5aa836296ea09450bf582a2ce6ae30b959ed500c568ab8d2f3466b026287a5d3314fbac1628d6b6daf85c51c9653bc4514b3b59bf0a75
b17ed4d2986b278ab9be186dd37cb2eb1af37930f6365923d5b9a0d8d7fd64a5e94b67970f511e8addd369ef60ec3d42d1eb9ed8592a69e7e11c8cb6
17a334bbbdf21bfdec0d8a11f50e453ffb80523f272de8bbc56f8c6f1cec10d668384ab2d283f9bc58cdc17c9eacfbd07cea3b8d4fdf45ea64442371
56e8cbc8ec416662b0b65db55428fdd65877c63e3a94fac2de8db4300f2856733a28be9b9cbfc85c4fc650e8cb647f76e6656a7faa247b50fb6cd217
f1a5495f74aae680a2677342a98545eb7cb7e8a76669d1cf83f95cf4d3b1ee0b3ef1e0449b358b03ff572c79c1ce342d8ba92e4cc4ca50747315283a
b6748cf45d8352373b9d66632d0dc13ae64c045c675a50ce28a7df6c080e06fde08dfbb78badeb0eff5722c01d81df4445a3d8d6ee600ca76d09e72f
8e1875c600654b74523270a81ea7d7a8138a8d7574283696534916d3652816d3792816d3e93b16f31405533c29e9608a972898220268f79ed61d144c
91e37e3a361d9be0746c3aa7df608aae41313e97a018dfa9928cef12c5f84e7dc7f82e518ccf8b627c889c87a4334a7dd1f8989753e3a3f553e3a3e4
c9f860a69b41f01b759e8cef0c508cef529d8c0f61789e1a9f28c60743797058a32a94d6af4069fd2294d64fed313e0ed5835719453f3d625a73ed4d
745cecf95d861dc96a067eebb41eb593197b64b7c234ce2cd586be98cab077b2a84a497a664ac2fe8d7528d409f33e4d11d8143358381d837e16b527
2a413113a608ec92ecba42eb08dfb3a0b0dc148ac0dd428741333e53048e7b0ca6086c89caaa9822b029c66e8ac03e94ac514558706e4f53040e87e2
715694ae460b152e3558155304f661a63d5304769d949cf40cd17f1afbdc14e35b88aa462dcb6a39e00ce7a216ed9e85485d8cd6f8e01e1f3bd9f8e0
1e914a562866d7f8e0a61891f1c1dd33d5c22c3df6ee4759f2b990b64b953081c11ab80e8630161413b826141388dcba8c7deee61a9487b265bfbc74
5151b6e58fe4a12694b5e0a9d3c388bc1dd4c30728ffe84bed877de7c369148cc1870b4abf35a3606e3e74a3bc4a0ea80635a106d4322a504ba4bd90
a11c14751a26a83da96482b22de1133d2bb497e859a164a22f955a32b5a04d78d3ed3745c91ca1683dd342d777d9a811a00a5482a285a95a18d1a467
85114d6a29b4be2e28ab65209cbc1dc64d518b1dc64d45a809c58ad981ab838decedc06d8a5edb81db14edd981ab432b66076e5305ca46342e7d475f
b47ed546343ce3ab034adfd197a03ae98bd6afd117ad5fa32fa00edfe80b5a9637edba8e442d8d16b4233b25337de9f45a6b6b7a711de88ddef4e23a
d0ff7c6706b59a9d19d46a767a0dc3f49d5ec314fda0d7931606bdd66a9a0e5bc752496b61a2f77bd33e37c54e36edb34ea7efac8589e8f7a6616e8a
3d615a649d9ebe9816b929fd462d9a5dd31b37a55a26147bc2d4ba3ad168bdb1b34dd1cf459dcc6e308e5227f3190ebeebfa8dbe3067e1a0bda192b4
373314239a36f6e0a8730e289bb3b9a8c5315ab85b30d56653d469ea4b5d87beb35e2f94ae602a4a5d97a80675427528b5b0a06cbf045320ea62cec2
492da940514b3e3ec192c3490399064c47d81443b86cb00b9d395c0e8a015d369dab89a22b9adcab403165172d00f7c2450b9a6a6f53b63481a6d16e
8ad6fd63cada71e8b704a5efb2519a405fa054b21b75aa96659487325d665315ca4151a7b1f94d4d285a0f098ad603931b683db0982602da91e94ba0
75cd67a0f5cc82455a2f0eca43d17ae2370c3321f11bb034a400a592c328cd679a502a497b1ce990a913734b30a6df9ce6cc1874739a2533cc6c8a16
8c4137e769c118f4a654d25a70b0ba50a90551152ab560320aa6d93497f41bad6b964cb3d9149bbcd25e66bf54dacbccaeb1dd26fc152aad6bce1aad
033d43a3f5aedf6c351d5a5d30834793c9e181948d62551aad4f7d47eb4bdf3528d6bd7528fa69cc7b53f4b35b5f64280966d46827f82418f36e273a
7a30e6dd64da0a66d46832a505336a3419eb8231f6766aae8db16f4abf595f649e0bc6bcdba9b936e6dd1e2ab751b4875a10cc3cd04ea07c98f41a6d
374c6a416508c6bcdb89592f98796053d4321991e67ad282e67a32228c3d61d26b74fb30e935ba7d98f405235158b42eb66bca617be8889b8aa6acb5
0b5e104d01dc5486b239bb10fdd15879bb98b36888b25d288ed110e5a60a54846a50096a42d9cc5f285dd158f2a6a8d3f05ebb102bf1a46788e978d2
33e63a9eb450f51d2d3c66f7a32c399e34def51903c2a6180db635c1a178d115f4b178d1152c5bf1a22b4c7cbc9808263e5e4cc4542d7413c91f2fba
c932c4cb16f3428a4563eccd3b7d57a154b241a9a42db43f557241d117d3ae9b67cb4763facd07511e8a3a61fa1edd29c2f43d923fc2f43d923f7afa
027b899ebe64d5425f0a63374cd07c557b134a25e9270720222c1e2a9b510e8ab946587870460c8c01f117036340b7882140d10262c56bfd102b7ea8
05c6a05509f4131017111d1ecf408cf4653928fa82d88c66086a32e144c48a4c31d17c014d268798acbd80fe105383a2a481f716344b861e9a6c7cd1
34fd265b644490048dd620790b88a36890bc05586b449044a7920d4a256d8d22a69168b07b53faced6286a0c08a088388a0820593b23024836c58800
8a58d52302286a4486025a44dc4604501cfa8d7e2e7d473f977ea39f9a6bc451c23310113949bd6e36f684a9299a1dbd25446a44e4248d019193bcbe
b3b127187b341bfba6f41ded697c9df612a7c3f0c2a6e80b2227e93c2072124a491c7c87108d83ef344ba6dbb784e2114db76f0943654474240c2c11
d191344b888ea4599a36a28cb2161101595cc3b4f94d312f66c6d81467d32cbd2da39444b3f46e8a5acc38d132d83a2e5ad07c2e5a00bd47334e6c8a
79419064e6331926d89487a285b83ec1929381879693e3b30095a1225487b2a9ce682fc92caf2d579564084d5d61084d5d61084d2599242c5be96008
58cb926308c8de6410a465184a724c201b39398607d34fc8c28cd6939085793222473fa7eaa49f4b75329d683dc9aca49b529dd6cf72a83deb67e148
27b392b682084848c6e2457928be3320b3295a476a164f3f919a85a54d88c61254d2e6ac6869118d05799e4efa82a53e211a8b560cd158b46288bf92
13948daf688d2eead41a790745cf3c756252499e316855103205e19b102445738d782808d88478289a793312b57ae8371b43c57e9b60f315dd3099e5
b555cd2758a2623d4e6624da14ad47eb4b45a4a6480b9ac16463afe83929f19d66098150352f664eda14df659b89aa59caf40c17650267d446eb9916
b05aa64c0b088b64c6a54dd15ea6bda516acbd76a88501a5ef2694ea5c50ac0ae2a861244ae09aa61d690ee74dd182d9995bd3fe3413d5a60a548062
0ce0a186d84c889c86912821721a46a2546901235f42e434446a02f334ad83b9755bc3489410470d4527218e1aaa4d421cb5acef1a947e6396d03e53
6596aada6396c47b10550dd526819c9af635c8a9a1da24c45843bc279053d38a3566492bd6189f780fa8aa616a4a88b8a6d50439753c5009c1d5b562
08aeae1533a354eb0f8bf4c7593290a76bc19069fd64e2cde7da3a1a43329feba6e83432ad6bc1cc5ed53a3a5042a675807d02f2744d3c90a7e70965
c3eb38101332ad6be2cd0ad5ba2610b9255b6b426ef54e0b8befd0ff1292aaa33b652455c7509211407de937c6b7f49bb5378879c80899814f392364
06b2372364061a5836f75e1ba7a801a53aad6703f692113203069d1132b2846604c940a26640d54043c9089281de911108a35c50d48971292310063a
494620c8da9911080366931108034199110843738640907d339f8c6f3213e0a8b1540be35b6a6141518b99bdda84f56430d6c445991124138d2f83a3
a6661741224b68062b4db7a0ac2fd3ab8501453f113213c35346c84c0c4f19043435bb20a0a9d90501cd68e03d8348261a5f06914ccd3c26aa092bc8
0899899290c11213d491410f137194cda1d7163e920c965808ed0c96581a1106ab1598170c56aba824b568fd1032ababa4addf1afaad41e9bb0e455f
307b2dd4978cd96b4df5ecb17efd403466337bf50395219ba8da14fd3451b52995bc8c4281c8268efaa15e9bafa31f45df75a3309b641347fd201e29
1b92e987466468a51f2802b9d0338dcf987e3f10fdb9d29ee6ba520bd157b9d21e86a76c8cbd3bed4863ecdd210cb331f64d51a731f62e235f36c6be
297ad6f98d98956c6c7753b46e31395d0ebd6cc6a52e235feeb41e3e65b8c8832a31bfe74195e816d958f2a6a8d2587277998e997ba1bba2ef1a94be
a32b4463e4c1600b9b6032200274f264b05a9449ebc8bb3c695d5b70d23a3a4936eb557730e86cd6ab4dd14f63f35d36c53ce9a7b6e7645a7470268b
32f51bfdd4421bace90ef75736ef6c57c05336efeca6f8ce844557b0503661d1154894cdcbda155152cc22d64f34946240a69f88bf62c262530bcac6
270b633161d14f8e6d3181d0cfa0df3a947ea33d0e473181b0299bdd6202610b697e73f485952e8ef1e1d42a8ef16507c5f88abe637c1cb1e2e84b61
448ebe60b429862cfa09032b27e3435f2927ed618a2927e36355ca49af319b94935a309b1463f3fde11e37ca6ab95895620cba5fe88dc518749785b1
98c16aeb16cc847929fa15f59bcdf5a5793176bda9138a3a61c9c55327ca4531c353974db1185ee8170a4409b437f41bed61332da140314be67be817
62ac9801a9fb4394b527d35d3164d13da2bf98716953b46002a17bdc51c5504797b1ae9878e85ebbc70254bb8fa20a946ab1be78dc5125d297ac3ae9
4b519df405d15f127d41bc97445f9a7ea32f08f492e80b22bc9890e932821513329baa50b6b314f1544cac74453c15132b5d314ec5c44a578c534174
28c6a9203a14cb530ce57445121543393d1050590c2ff480d02e66f6da143dabd4a29930d7f4a6286906ab4db1af111601df514158047c47a5d2c243
79fa284b2ec891a0c9458e28ceb42047148f571a14acae98a5a92b92b5743a0de32b480ed9f84a67e8049e954ea7713995cec4a37315a44ad082597c
638f5a144440d4a2c0ca2376a002f38e9a78587224f8aac0921f8669a31a148b024b8ee82b05962cbb6131bf718f626ea6b17705f21598708c4c3c4c
3862fa2930e198549216b4988b1638d2d5f4f74d152846848babc2bc2346a27a30bea2ef225487a22fc453d683be54d5495f0071d58c3d3d6232aa66
ecd9548062b46821d531daa1efe8355a483de9352b564feac4d8534d0fef0986524d0fdf94beb39e251c5ed5f4f09e707855987082d9549870626dab
e9d33d116454cd30b3297a6d3e8b4d51e7457b6828d5fc125df6d46abaf6a62a5487b2f5ab6698e9098dafc2ae655dadb06bd9532bec3a6140aa9e31
a0b054d86e02fd55d86e828155186d2ab41e2989aa51232d688d607589335661758933566175496b04ab4b9cb19a98170c7935312fa81a153698a64a
d2ba5633593ff3a192154a251b14bd86f16502002b7a71c63452cdfadfb3d6cf4c383da35c5474e64cc8584567ce20ed9a690f0db366dad3fa9999a6
67148f5a682f89a23dcdbc99627a26e2a916dacbf413ed3a6b1d2a75a2325433ccf48caa5861bb1955b1c2766596ad6698e9b9ab16c6d7f51bed69c5
d0d133feb60a6fcdf8db2a7af843effc384baea8e80f35d028eb4a41efa86635d9149d36c7402fe87fd57cd15dd6d56a16955e904dd59c06bd20a52b
8a7ed1e47607c57728fa054b53353f752f30be0a2b2f682f15565eb428e6a7eeb29956187bc9a2e84bd1770b8a6334e88b1605845034d5a080422c69
452014ec4715ddbea0c755044241eba9e699de14b54cea9c2c0a22a0601aa9e66fee55b38b1e5e91f5d5dc0bbd6a3e2daca857cc4915f15083becb50
face8e4a15d380e9d764e36b30fd8a3c6f30fd0a636f68e515adaec1f465096d68e59538da06d3afc34155a80bca56ba4ed5425f38eeeda02f08d866
7e82de38ee0d8dbd21601b1a7b732a7941a9a4ad4a2392b5a1b1374c150d8dbd05d532a018bbf9027a43eb6927ed21c6da497b68750db1d2864adabc
b4292a402528fa82c6d72cf2b9778d0191d335060449e73c340449e742464390741488866edf51041aba7dd7f83c25110f0dd1d1352244472736b721
3a3abba0213a7ad277f413575c33f773ef9a09504047056b8116342f08998eb6db10321de75b0b8c16e75b33834eef43b5d082e61371a4b0cc86deaf
40cc86dedf11ef0dbd7f60de69e651d81425cda3d065386c88b181d3aea1f70f9c760dbd5f66c4162b1423b24b6b5d46c5062618286b0d4c30827eb3
7e0ecd3c825246c586301c28640d613850c81ac270202c1ac2706451f4f371fe3eca921b7252d6c7064018e85c0d8030d0b91a7252b6c886dd499197
0dbbd3405634c0c3d012011e0652ba215f871605f92acb6443be0edc6d0df93ad0c01af2751e6aaf42a9ce06a53a6d0cb24536ec55137dac217ba716
cc5c249ba21664ef441f6bc8de893ed690bd530b869d6ba22d3524f1c4ddd690b6538b82b49d888e86b49d809c86b49d68c9ad3222e47943da4eb14f
04e5c4ddd61ab5683e11784bf382c05b9a1704de42b36908bc8545ac21f01670af21f0165a4f43e02dcd92c5d1f68566d3062d04512714b560e85a84
1c3544dc22e4a821e21622b58179966609b3d7024b34cc5e0b035933cffba6d4027d41976998c416ba4c436ccad6da109b4bfb1393d8126300552dcd
2066af8589aa81b1162a4a03632d446a33013b8e432d7428d5398c42616986bf36a516965198a89a89e271683e4d140fd96f9b99c4c68183ad9928de
143368a2781c124086d43645eb86d4862cbd6dd14f3194455fc4a0177d611dfa415f30517513cc43f76cfb415f3023f683f6303cf583f6303cf583b1
33d7ddd16bc47477f47aea37fa82a9a21bfeda7cd6e6a59ba01c0e45ae9ba01cba74d14d506eaa42d9cc3b66a29b7763537c67a6ad4d2d286714aec6
7ed10282ab5fb48002d82f5a48a26c265c569d114adfd94cb8aadf2a947ea32fdc5fed26603715a018ede3f2cb475972f70c0159d83d434077ea9e21
008eba6708683ddd33044dae49f0a1ebc0dd24f838718d7593e0e374aad386705ea21a94ea9c504ca7d9eab6b8633acd5637644fed16243614a3d9cd
25334ea4580ff445d319e88ba6d364fd387186f5405f8a6aa12f680cdd64fd3835f126eb8722367ba09f0435f5485f348326cfb7203ea1183b11dadd
e4f938d11f7aa42f9add485f866a61ec9aebc4d835d72697c785a3ac9b5cde142332493c2ecdb589db4da9960a657a5537213a2e02c17aa64ef4879e
a9536b645100e3caa21614755ae0d95634f8aed0ba66d0dc359b62ec1678b6298e9f059e8daba9165a403beb8516349f95be20debb79fa87ee697613
71e3c239d52b7dc140d62ba35dfa8ebe683e2bed11f3da0d500e5d50ea861a87acb9dd1c3bc3a38175f3d80f0fb4ee262837459de6b11f5e3bd23cf6
c347958c502a99a0546786a22f863d8717633053e1f0446ff74e5f306df54e5f306df54e5f10e8bdd31754a9dee90bea52eff445f3d9e98b7664a72f
da8316233d3c8ec06e31d2c323c67aa79f53256d6dbde6dadc584316e2de19c352af996bd4ac6e987504845a3761bf29be33613f644bee26ec87eea1
76bbc03d82d6c184fda6544b87a2d726d047c045d927ed698d26ed698d26ede177e993f650babaf9b13645af27eda14e7413da9ba2ce450b20f4be68
014f5937e43bccf0fb7196bc685c4b84940e847977247120e0a9238903f6aabe18ac960849ac98d08e24964d781c7413bd631c74138fe8404a073ca2
03291d0f7d17a132944db5ee8b0fe47244ab1b069837a5ef1694f57318281e112d6418281eca4731cc9eba297a86748f04580da47bf4aac56622b2b4
c3d1177492e1e84b500bf4054d71a0074434c5811e10d150067a40c4ea35d00322bae138e90b4b3b4efa52f41d7dc1f8320c308f88456c988d7644b4
c881361191e0036d222256c6493f9b5aa09f683d034d2312ec35d02622b6b381361139e0036d2262d4186813b2418f8b3160571b1763186a8131a049
0d348d38f51d63986a8f312c95640cda4ba81309ad75a04e24ed1ed48984d63a501992760f2a43d2ee31603f124ed781ca90b47b0cd88f84ae365019
92f6122a83acd5039521a1df0e5486847e3b2c3870a4a09236be84b16e20fa13ac6020fa93f60ba23fa1c78d407b68bb23d29ef692c1fc91d0764764
7c208b815a90b49710fd0943de88f4457bc9a0bc5f97a8611491c8c3a07c90fe3e4c65088a6418a632042933c36cdee1c23d3b0ce6078fd964983a11
fc14f59897100fd5f258a350c182c36cdea191e86198eb2f46f0e530e522a6bb85c718a28c59c3707e52aa8561383f859b7a8c2129d87218cecfbac4
324c45c9ba8c320ce7e74cbcce309c9f336add30f52557222e86a92f59f76c873910f3c0e437cc8198e7520b8f31644bedf051963ccc3c500a0164c3
cc03e1bc5449b5c9d5b29b79608b26518fa1c783d0a161e681e8a27e9b3649e839c3f4aaa41bfec34c07d9917b6098e9209726ca865e1008c34cfa45
2943869915b6e81565cb771eface962f73777d98e61614a93b4c730b854b10c3fcaa6126b550a1d812a6d56d9ecf32985617e5411fa6d56d5eaa5a26
5b82f199561733d10ac35c087111d637cc8590228159c38c1a29710976985123c98a3f4c1b4c8adb1da60da6ba54e7637ca993b5639836980f1d2373
2fe433aa85625452c96a9b67aabd66f349f0dc30d78397f165985b3784bb4e1b5f94d8342d32ea42ee302d3265ad8a6991a9123d304c8bcc8f1bed46
d9d62d68ecc3b4c89c3413a645962461615a64105e18a64586bf94b4f5cba4081ae6dd080a231ce6dd888e00b9d1583fed02f36ec4537366de8d1822
ebde583f09127354c72ad66a86a038b1530ed34c93aec20cd34c93d22a0dd34c539ca26cfde4b41ba699a601d01ea69996473e25a31e6328ba133b3a
67ec542d76c674e57e98f69902177987699ff9100b31edb39c522e4cfbdc6b4b3f072c52eb60da6790d36e98f6b9179a16cc9bb2db63262cde2a0c74
d1619a69984d94add1d288ec46e0d6b944659bf9a4928ff1c58ee96098892a85a492cda8cc39328d36750966d368d390083013551a4d3d331e22f3d5
98f0108938d376f3bdd2a6ed6645398cc91ef4a26c0f36adad69c2e55caad3d6e856c12ca2ab740920336d6d48a0ef8a513a1da625874367da4c5bc1
2db5d76de6d1d8c784475e9f8a4b1e66f5da05d9c866f58ab2b60c53c363c0003e4c0d8f858c09c32c6271490b318b58928a3e4c454f51136f7a788a
4394b197267967d6b27cdedf197bf11abae9e8e5aa2a596dd365fd66435758cab01b34e161c635cad84b92466bfa7bea3a468ba5451b9ca6bf17d97a
a6e9ef4117b1a7e9efe142539c075bd7ab245b77aa64b0c38f2099a6db475dcc9c16cc163db9bca6b9cd367f4e50b67527bada34eb5c92e56e5aa05b
2a41ad3fc69707f8641a42c8d3a9053b9a47d26f8b834a3fcda55664f098e652db8df39da187bdb122948def88fa8ef12d95e468129c34cddd16dda1
ef6c7c056d621ab2c80e81300d59e4c8c199e68acbd3aba489872ba9bdc7f84a454f9d863ab622a5d6d1ce8aeab4fd294d715af447948f7e9a0b2f28
3bd93444124e80fd3444124e72804d4324b156510166cacc9b0bafc8cc360dad14c51e4f432b5b1ba49f8656e24164c134b492d7529db63f758d7f1a
5a89aeaa6776341504370dad448f53799e8877f4b8696825ca3d3bcd2e1a95b4609a5d34cbbe392f580fac751a92294255d3904cc898b6a62199746a
bf18924932c84d4332498684694866b3487a6d4826c963320dc96465859c866472e16c4e4332b925d5c2fe04134cb3a796c1d99c8672a22e7e4f4339
51b962a687bf68f798d13429867f9ad134493c4c4340b922d4a621a0209bf034a369544aa2696ecfd4503ca6a1a3dc9c5a37fe726a277bf667562da8
2f9a250f7a186a8ffda9d3e8410fa805d39053b8cf8a21a7703e50c04759f20c6c5d2e5d4c8ba7dc7a31dbcc0057b80f406069d153a7d968c324b067
06a4a60e4e90d454570a1b920199fd36faae4e9b6613a27eb3adabe0b269202e0a3ecf20cd8d250a6c5d74d169202e8e2cca349b0313c0b418cd7420
b7a601bce481f9d3ecbec95795b4a3791f0e037f2900b4a781bf94d54fb30927dd089c66134e75a84edbba55acce80611a6291060c932e79cc88d6e3
f4db34ea522d06aa1cf27c26401571ded380616e51941d4d39eda601c372d769c0b0c8d63a0d18968c0d7a1a302c0a479a060c4b0d8cdd2cd2a549e4
9845da2fc0df34d01842502dc67ab20e8781c6a0fb88d34063d0bdad69a03174af5edbfa2987c7cc1c4d32ba4d038d9bd18ab2a3a97ba1d34063ccea
9981c638c9d0300d34a680063d0d34a6985492f5d3ae3364b8012c7bde9061eac0cb99c57a44d9fac93d3b0d1966219969c83057b1414386b96bfd0c
19964848dc346458e40a9f45c05e14a29f288e5900f66221860c37e8a70590619468041996a1df1273ad3a4d7474b0ee143294203164184f74bc0932
54b6be09320cdaad20c300a29c20435d189f20c384de3f4186baed392bac951b04136418d04527c85006b909324c5212840c358320435d93994286da
bb2043251f9d204397f59d89c613543c0d19e673a92fb67ef22f4c438639dcbdb6f553b0de34649875ff781a32dc2bcdbc1832cccaf5330d19968b68
9a69c8b04490f6346458721465e7af8e4f455c4c038d455ef90968f492e0061a63c0ee340d34c6283d00d0983511061a932ec14e038d7b7baa2bc336
64d46f938d25caa48a6ed54f038d4179c5a681c6a8dcbfb3eb68ea378ea60449e7684aab03347a69bb061af3e33290510966a3f66c7c0a1d9a00ca5a
455563441a3b8052ded9698032dcdaa001ca708acd1ba00cba6a3a0d508681ed6c1aa08cf2994f03947b788cc10065d495886980320a214c03945121
eed3006552769169803255e916062873c4ac300d50e62e6dd00065495a3103947e5efacdc6d7c4bc07a05fac6760b4d1160450ca0534019437630050
2a29e40450eadaf20450ea6af20450de38c3006551c2a709a0bcb0e94f0065162b374019e6dd82ad5fb96bb1a31930f64c0394e5d04e16a014430150
b6a2ef101d12b0428d1224a0c62c36086a6c20cab910fd1201861af7aea37550a3c71433418d4d2c04d4a86c61d350635602ce096a2cd28497d68f99
003506cd3ca8b16897831a95f7782e8c8a84034e438df1d4f8165a2b1780a7a146bfb28d6f1d687558c017a8f1c220b0408d8ab15da0c689d166196a
8cf20c2c50a3f2fa2d438de9286a01ad1cf1be0c3526a5225d861a93421a97a1c62c556a196a2c32892d438de18afa0ed451f49bedcf1545d9f894b1
6e196a0c4a10b61c061dc4df721adf84b2f3779cfacdc6a7e49ccb0915ab16438de5a6e02f184a96a1c6d03871cb813adca758f202502a03d9324099
57502552d83d946ddd63a8a4b11e25cd5906284310658032b443940d7d701c16807200de9701ca1834740065e0682e0394316b4b18a08cca6eb04e96
76ea375b5ae924cb006592f17f19a04c23e837131d0bb7c4324099dddd33a4e6ddba49cd38548b49cd85945e0628f352490394e540bb5e06284bb94b
9ad4ac5c905d00cac6115b0628fdc44eb90c50fae95532b19506946c59ccd985d6aacd6a8032c88eb72e8ee652cfd8ba08ca65803228226119a0dc94
dab3f5f39a41039441297b9601caa01433cb006548b0f965803234f5cc63f0c8a2307868b37a0c1e684b0b4029ebf1f2887eb4eb6580322a19cdf272
e5b062062863c1b4b50c50c6fb101ba08c8dfcbecbe3cf986acf586b47f35e017b31007605582bfaf432d4984e9c92cb5063123e590154a5b50d3278
b0430c35a6bb9f861a534dfacef6a7127e2e438d5be353493b7ff7bc04b43a8c0ccb506396c764196acca7766440ab8b1a91edcf4600e732d4989528
60196acc4a81b90c351605ebad08aad2e937d45814b9b422b6561c6ccb5063919f6745509576aba1c6d23576438d6568060d3516e994cb5063903765
196a0c4a9cbb408dca31bd0c351625285a861a4bd2c931d458263aecc29de89d7eb3f553f4fd32d498963898a1c67c8b15438d79a2d62d50e3218e62
a831641cc72b813abcea2c880051a06214b2056a6c9573046a94babb70353e6ee77c8225cb0b795782175247132fa46c282bcbd6ca12650c1e928519
5bdd126547f3129b30401974a76b19a0dcda20dd344019757d7519a08c4d5bd000651c5d256de8baa9b570355e408995f1b206fd066b8d6acfb6eed4
e10050069c99cb00654cc0ee65803256b557b06561b459052f2b1aed324099275107cb0065291216062863d4d80d50c6a6e35ed07ab4950c509676a9
16dc3c53b5b0754fb5874140220040a944e30b405996bec3958abd7f555c713a38b81a6bd36f6cddaedf6ceb76b1720394595ef265803217c97a0394
594e98658072cb1f95b4a3a91c6eabe22a56cf0c50064524ac8a9be7a66cfd1a386a551d4de6a5e2c672ea19ae38625d569356470b0d5bdd4dc9964c
0b0628e389237019a08c5902c100652c1a2da831f250c302352aefc26ab225b37eb81acf290a57a3760faec6709734d1912fd5395831f505d401785f
861a53d3180c35665d3b5f861af3bd433aae7050c732d4b859b24adafa2d294f5dfb53bf21fac5f83aae700c800bd4e8c5763ba858ccdb5063ace20c
861a93ae6c2fdc9025aba4b19e82e162196acc2756e73570e74be51b02fdec6443867e895de36abc19b421c3adb5b20e031e024a5d860c63170f1988
3fa7efd04ca54f0b198a990e215f7d676348609035302a56f573d233b507b2e0918335d983e22f137f86f470438641b86619320c9639f0e32c79622f
0614af09fb04a82d038d9b52952c9f74a74924830e9581c6bdb46c48bc90cab1b4008d4aeabe008de31e90696e431a9f81c62007d432d018968ee692
2b805a70350649625c8dbab2bd0c18c624bdd88061ccd2ab0c18465d8d5c060cf70167e20d186e58cad80d18c67eaacec6b2b3cd00869d78d105301c
d2147127de321477a2b74de778546b5315ca582451a7ee3800be667270c781bbd458b93b0c18a6605ad6a64c3bcb76003665da599efacdb4333ccc9b
32315692dab363d4ccd3ef8e03bbb6e9019bc2dbdd5412f097d5ba89e9e3600c06fe32d71edc61e02f1fe606d914c609c7770e36e1e9992358c8eb37
82854c70b9c3c05f01226f2a41792863f379324b06fe0ad6ea4de1168c8cc8505c994525f1d87746e43846893180e2bce9a99bb2bd74ce0985812cd0
baa1b8e206ed198adb58b041d959e1fa823b0cc585ea988913b7d2547bb6cfcece4ce0162413b03b4e0c2c5a774371b92ef505df4a512db6462e8832
5145bc873b700b5e9a6bdc8297d6fdc20011986b437111f3d5a64c5491717053180013755ed8e62f7d17d92facbba1b89c13736d282e44cdb5a1b870
ef820b36e855a7d8a0ea94aaa19218c896fa826fc589325e50d43350dc4cac116e415f68dd505c2aea0b288e8b3f9bb2f11d9135f218203aad83e2ae
c4da7a6cf3937e7a0c104314a2b8aa854acfd4171bdf3ad959a0b8c3314b86e2920f9fd092dd6100af146d3a00deea0c3d106cd258be8059bbd18001
bc88ad675376fc787ac51db80571756c8a78c349370de0e57a324906f062d24408e0691904f0169bc0005ee0ad904dc122a76a01a0dfedd9d24eb117
0378a13851c65eae8b7e1ac0f3f3a267918884a6df2c22617951178791a3121163da7411b76767c122c1423a3806f0226f8d39de248c4107d500ded6
3b18ad01bcd81a23328017a767ecb805d314050012138e449438f5cc44c01850b805636776710b66b12c037885e7783665ace70a2a695bd73751b675
57539d7634efe36e002f85c64ce0163cc4ce0ce085a09948d292194352c09a6ab1adcb85057724dcba9a4f4371714cf6196ec1a97ee2165c913a710b
124de378ab31051d7062490f310662494961e578ab71f3605a2096b4649534d653d5174371b9057a9d890872ac434684177d070a08a240019a1750dc
3cf41db6dda0be6000d4093014b7e1336b845b3007e61ab7e08cfa0d1470d0cfc2fa1556ac60009caa13b7b58493a1b8d487281b5f6af41a14c72d51
c7fb8f7e4a0408c5496883e252547ba66695537dc1ad2b566e282ef4c65c5758ab4ea3a1b8c0ad4dc7fb8f914b648ef71fa3d72ec02d78a99fa038b7
5815505cceec10dc825dfb131417b34a32bea192a89177ebb0569ddb0a6bbddbc3802b466b282e9c526d0cc5052ec2b90314971ce303c53dd21e7e82
2503f0b2646823d8eb60721bac5532d4005ee84b0d18eb191a3a006f56fd665265e9f0e316e44d0c7700f02ec7e402f0aecc3102e079a7bed8d1cc3a
46c492e6a59200d84e0bc492925a72537634a7742edc8253c71db720176b1dcf5b26279da42b588f7e766c8389f63adaa7b65297c79eb11bc0cbc46b
3b9eb7cca5ea3bd37aba986927986d3122e24ca774842eb78b7e33030befa4389eb72c870ef8c0762d5125f0275637f0f8eac019f82b492302fcb5c1
9ce116bc75df816d5ec71df077569534f07745fd860129aa2f04eb496803fe9a669738d3599825037fb9490019f80b59b334717b8af14d1090c4fb04
0169b406fe6294783084b7d10ae33384979c849321bce4ba5ae0688a994e346fc71814672ac63eb10d0a8318c2f373e837dcba55edd9d1745dbf7134
07471a84e70f4a82f05c657c20bc946861492b675e166eebc17c9a5b300e8d08f4b792ea84b5ea5419fa4b37335dec4f292c4baa0dab62e82f7bad9f
a1bf728a11114cca1b31ee00fd85a25e13cb7dff46c4050288f7341369c61cef69268931ded3cc575249138dc4dd38ded32c8753492282c05fbca719
ba455f39ded3ccdc2a76ee20161fbdd8995bb01c885477803aeeef18dfa13ab1ed16b507422ffacdc657eddda04d2d760f23326498228aa3336498c8
23bd09e2a0d9f34ec8f01065e3c32de89c23e2e2c1ae3fca929d81c64072b94d01b860bbcee1368b6adc8ea6a498c32d18d14c1d6ec184d6e30c50e6
bc342003943c76e49c43eb711a9e0dfd18b46080325de878ce0065e2bd34e74eae215c4ca00065a43d0394a52c95c46d8641c001288980750e40794f
1980b23995b4f11d975ab7a379aa9f00caa8ed6280b21019bc29222eccf3be29633d0b20ea4e222e38700e40c9dd25e78833258da07300ca86447597
4407ad1ba04c1de1e40094b3e83bd30a028cc101284b647c06283356bd4d01986152eec2ada463449c6946e373004aec8d9b0250eae05cac9f66de00
6522dcde398f61e6607c1ec38c0e8701ca9cb42a1eb79256daeb1a1063c72d2888ec88335d95193440b9c51fad03281dba8cc32d78dd25b9a210d517
586b557b363e8923e761addae5c4998a953b50a38c440eb76075a26c7c5d75e21694fee7700b7680af33d4984fcd44208e16d1e8408d4bfbcc506371
5d25cdadbbc06dce50637097ea34adee0492bbc0352eaf3a59bfc9aa045de3523f6dfd4eed72824943a7168249eb607623a80385c5114c5a4efd66ac
072ba97311b7d9c9fec42d182aeb875bb0a2cd3bb905b57b700b4eb148dc82b3ab3dc6874077a0c6d89989885b37e93b13fd87537b937eea3bdcf26a
1db760d22c196a8ca417de145af9214a61078c08d4b86e0ad12f960c6af459948946f2873b9708d6d3ba2754b7f98917aa774142dcb1763a0394e5b8
1b37d6737926903853c13d479ce9a9839a50d8c58800946471da141e6d491c5d4e44bf75b805a70e0071a641c736a3d569cbe3165cf777002e6d2ce2
4c6fb69bd17a24b732c16c8023875b302eb587c757822423356fcab6eee13406dc66186d9c01cad4c4a00d50a625996d80322d6dac22c04ceb455a81
7ec3a30d347305b79284a101cac2e33cce156975a2b8fd255105a05ca015479ce9421f7305b78b66d00065714ded618b143b03509e6291c499f27495
73c499f294d4a64e8e2d2b0da05c41df790e87be0b0835363971a6514cea8e33650cc49946b1c8aa2b26cc3c71a603338d23ce7489e91ba02c09e38b
3340599a0e006ec1019c750628cbd40ed10d44b46bc70dc482a5de196a4c438c9d1b8897f62771a697043a71a6f3fe2ec25e989786c1038380d30dc4
a192c65ad75d0b1125d2a408263d6ecad6cf8b411b6a4cc2acae616b4dcc3cc1a4bccaee9ca1c6c4a5a74dd9f84eb1256e2066895bdc825da70ab760
174b36d498bbd84bd7fea4679d88200951438de1b8bfb3f1356cf38edb895333d1717b16e613b7a0d359c12d18c5300d35a624c6def1678813196acc
5e8a8050631265a8b16906418d2b530b2ec32c3584db8955daf590564eebb80c2b38ca713b71687cdc4e5c189e1ca89174bf9be21ec2a9df6c7c5342
149761709f64c900ca72a99bb6752fb133039485ac0f9bc2a32d79204029590fa04c407207a02c3afc9338450ddd0065bc753c0394e9d0f00c5026b9
5d9c01cae4b505019441c0c2006522ab85730628538eea27b787a47d1aa02c594c0340e900a94e2ec393df0c50162e176c0a5b32ae15b7b8dd26d9bb
74f194be0028c764c10094bcd6b129eeb54bb7581874c43e7127f2e8a873b813b3441c80326acb03284fcdf5c21b7cd78256277d65313e7389baf320
849fb19f02944ebfc17a9a7e83f580334e006584819d0628fd62439e00ca1307c6698032e0cc74a701ca0dd71714b6e4432de00b88aad38ee681e838
0d5046ae50bb93385372d56e4a5ab97a8d568ed67a022889f3712780d2c3d84f87bb149bf0e97097e2243c1da843753ae28431519d8e2b0a4d75dafa
c9b076723b31c3224f6e27f2a0d8a60c30df33cfed441e6375276ec878b78ee8e8aa93605274bc93db890b467b821aef5a408d5e730d6a0c889cd350
63e6d2cca6583f14a4d35063e99826cf53a28331801a53d16fb01e7c0f27a8d15faa055435d5ba8d4f56d2f3e4fc71e24edc90f5aec5582b8f4eb9d3
5063ea98344fa146f0c979095531864bbe009524f900669a13d498d5978b8892aadf6c7cb2db9f17b72ff18a9c97dc74cc2e6ec819d891861ae3523f
418d3cbbeb4e6e2792406b5342fd6adda2312656fc1337a4cc88276ec8aab34230e9e346fbc759f2499ce9d271304019090cd994b1d6eb5203c67a64
c638f1504624d5499ce9c48b7c1267ba6060a7c72080f5ea0450a6a2f66ce85e8b69803207a792c67af2a55a3008dcbf99e8289ee9344059ba4a7271
3188f5e08624906853880ef52c608bd4540328af432571f3688300285312459c70e53002284b661370033139d5a94806e63310c9a0ed82abf1d4f624
96f452cf8825bd402467d40d3de64cb1a4681aa75c8d3a00b81a8b468babb1de2de045d601c7d518d1264e5c8d2459df94ae0131bb80c6264684ab91
6c269b1ab03395e4065b539d36be8e43e804341e62a6061a4bd3fa71039147763685e68613e6e40662c42c747203912b499b82bd54d5c2f802fd4c5c
03d27e49d8c3b52ac492461df784781ffacef6a0acc0a790a1585d427d29aa13f1a7e3970986229ee5ccba3ccb3ae806e24dd91eec8519ccdc603b44
11eb2cc69025dee919c890b4b6ee24374dd249c5d5389b5ab7f59b5d54e35431f359f670fd66e3f387c6807848a24c3c44895402464976b529922b68
f710307ab3f9c20d3df5ba30be42eb8533e6f49d9d318f8e7e1a32cce9aec5c62773d209323c258e0c1916e9ef67c1e896550ba993aa7acdfae90414
d9fbd502511c1843cedbd5c8f840864eecba721546755622ba748e2af725c02767c530da550b86511c88a7a1bff438f69f60c9159b695495c41b7a51
78fad1a04f038629dd0d284885c9e502e22929d694558901710191e71f3765c7af01aacea6e3a7ef3c0c53bf05b6aebee36e3ee133a701c3140147a7
01c39470089d8d0bce5e942d1f399f37057b016c9eb8136f99dde42916853be3542d363e2f36c82dc30b887c763ca93aa89db42e77490c33da04dc32
bcc4dc3a220ec3c569c030f202f0a6107104589db8136f76dd75819b99c09d78de1477f335835ddab5fa826166aa166ea9699b75729b88b173cb902b
0a9b22480c77cdc92d432f31c62dc38037ffe4966101c99c72276a5588256d770bb67e02da27eec46ba9051b5f2006e104184eade6e02a8584d3407b
2122e11430941005fd55698a03f1203601fa93b1e034f457e4b3388925bd7574437f650e5126fe0e31b7a9d457f48580512fb580805152446e8a489b
acf648cb830bf63484970f2119109e62024e101e995cdc39b9a48d09e75ca416921284cbb04b207093f0143b03e179ed2c105e95f05db8ec31009e0b
973da8f85c4a2dc4d914c2d37e01e1a553b520c2b1799f048c16a960048cce4bb5100d05323c09184d52820818edf4f3c265b82c0e7a53c643348317
2ec376e837e3216be9375cdaace685cb70c2bc2fb90c9b4ada193be8f545fe197237bbeb5012880665e3d36a5ea0381e39dd949da33ef51b064ec4ca
058a93d9eb02c559ecd04759f265006f9f223aed741b8b6e124b4a4ac34d9984e3250877e1163c39389703c0e2d1be9ce230f59b0d4f70f672e4b840
6fbc0ce0c574a9755bbe8a08b81c43efaa9378dfaed689f745d7be00784d6300e0697b5e06f01299bddc05c0736cf9ebc4ed829df93a0986caaa05b7
cbd477a625cb067d9d64cfeb2ccac96d3a8de1e4ca87570b5c69d14c9c04eb0dd5c94557a0eea5f433a728dc2e88b10b804776ab4da1a110a878e116
ec08a74b6e4122272e001e096e36459c293afa459c6944005d97449c7ec3ad0b02ba483fc34be19b3216c9abde9b22e242bdbe8875867d5ea49f39ef
df8c45a6a95a70bb10077319c02b1937eb6500af28d2faf2cac1c2684171e7fd1dc15e687c17288ee7093685ef8108e6cb333eec8d97a1b82c807e19
8a2baea924e967a2fa6222ae6a760dc56ddd5e7d2118ea1445fa19ac9617e967927601e9670a6cfe02c5f55314c16c1e36418e999544d9f8c81fbe29
1b5f807d5e86e262000f5d049306ed4872cc90f47253b04f0c5d1739660a90fc229874a2a75e010304daf5258477aa4e54b0aa11918305617181f078
537253646623fae302e17910e5855b30a2825db8052b8cfd8ae22f8c3d2a7b1e7b09b760c46b70e1165c45ad1b4a3dc44c23be95a5d609d6d3b98d8a
b860e623e76fa82f76feaea216882841e9ba12b73db5ee86f092c36c79715b306a7f82f00e9d696e0bcac67e255cefee5371c9175ec1aea3825750a1
ce57c23e0634bb70fdc5a8060008a73aaddcaaaa852b1f6283c4922674c30bd75f162b3010571a52f3e2d6df9484c3bd57d1d52e409c80cc0588733a
9ab8f7a41f5da491995eb5981619349d027153b5d811cb5a94cc1824723236304946dc7bf7f8482313c40a881775d8142fc58b62d1bc8817cd4d2531
94e850112fdabd283b625decba284317ad173258e160bb0cc46552d86f8a78d8a11674ab8a99205ef410fb04c491cc7f53b6465987983432e4647017
eebd8a85f1e2d69fafa2d882441b5f4a307aff665b30ea50553cef58502f03782511037e558970c65ed1c070f65db8f79ac426eebd257626f79ee605
f7de7197647c44bc5f55ee2151a661f29ebabb0cc515de5ed914f1e83a6204859203c25d04853a0c33978242898abe080a9d629f0d431efafbd5c8ef
ab7520574cd2fa11147a33be4606403130dc7b4133817b2fdc25b915279d8b5b7f95f0bc0b14b7d0fb2f4371a560feb80cc595aad1767c24fa0e1497
c5763beeaf4b948dafe170be407191b88d0b14d7f00c5cdcfa1bd21bb9f53731f25ddcfa5b49edd9f8e4abba947c54ac9ca0d04b67935b7ff7d9c4bd
5730435db8f71a0ee08b1b818b80d16b303e2980241f3d743a742350271cf7de75d7427ee6a216400860eb0bf75e12d307c5719b7553d8d8934adafe
bcc415870cb1ea998deff1d2f12758b2dc7b38922e00ded2c1218dcc028c5d00bca24d6e006f2b8a6c5db9f7a41119c0f35c6276d7c43d8413e602e0
151d0e005ed7169cc42c639cb8cc8517f3500bb67c8ac6bd263799aa7ee352aa96d6005e9aa216de592c709701bc9c74e016f7fd251e0ce01539d12e
0378a54bda2e02ebb4288b4ba9626006f0fc925607c0230fdda6b8e92306b608ec91ec25558c6ef65db8f0bc24bf128c4a50e2c22bf7884c03ab1804
3ca962747dc1932aa6c1423ca9621a32db2b554c11850696540b1a18ecc5936034545176fc0687d103f064bff5a48a11cef0dc166ca7283b7eba30e4
b92db8ee926859c067cf8d4072ff6e0a2d0bd38f27eef3aaa2b8d88e38f2ba1158f51d11025cc4f186e232f9dd9cc74d37b863e571d329b6c6732390
27e837851a022bf0b8e978386153b8e9bc6a31374f19ea99191914f6e6c9f9229ba9e7b6e08998f6e47cf1a83d9e9c2f513d23896886417b6e0bf26a
e5a6f013681d08ee5c182ebc6e0b569504a5de2575319a593a11e149bfd91a91bddc79dc740a35f3b8e97a563fb99234f41d579250ba3c395f48f1b9
295bbf8eb0f7e47c21cd98f31797a683beb3f12dcd1249441746457f71691afddd1b8a0b4373768945aa16441cbaa8178a4bea0b99fc50c8bca1b822
57b1bf4802ebd8c99792c0aa05ad1fbfe1a6bbd0e6bdd76d48c6078ad3d522cf6d4185fc7972bef0b0dba6b814de3ee5def34a0793d51ce96060981e
37dd9944d9d079c4c479a583b99bc37ea443ac7430e8b09e684edda0f14473fa8bc106f955699d684e01584f92970c5cf7247921d5fea62294ea2424
4ed3a23b80c0521f88a69eaa85244b622824792157b4f3247971da042479b9962860b7b62eb04d1e5f0f6cab40481f953a936507b6753cbe1ec79c20
8f27c90b17bf3745a0fc5049f2f35da26c43466df988df581b04d8b6eef6b07a6551b62a55075cd19c68981ed8c6f38f9b32d8462a23e7b903786843
26e21a305179601b0f366d8af169dde5982340cee398937bd67307d069351398e0d27784c4616ef1dc01ac874a12d2e8d51e77c8b2ea24dab8882249
967688701b7aaa4f6429c0a2e993ae57331386dbfc1aa2c8e422564726977b1710b279a15c78305d10a325930b97fa37650c336a3533496ca6285211
e8d8665d3f66b43c1ad1ee9224b1d1e950c8268e40af90cda5f6c0a5a7be231581d80b8e39c5ed7a1c73baf8e371cc058969305dd00e01d325b4640f
a64b127160baac5d706772d16f3856efd6b19ce3ebf060ba89b1c783e948c0b42932d5e0f2f586e9926e2efa42b4b14e2a995c8a4438995c7429dc83
e96454f4603a1eb0751e4c37240208d91c5c0af7dc013c504d3d770075c5c457c5ddd03a219b7ea8054236bbea34fea270470fa6e31963e7490d5ac3
a782e03c495e9a160ca75d978e80d36e481fc369b7b40c8d68406c4b9eaca119eba3276b6851c788e624efd6a6708a787d87530bd5de2bc90bb61eaf
242f623d447376ee3c79a239032e048fd3aee31ff54d4fbde83b9e7ad12600ee85bb2f247901a07b92bc786d4fe09e2324ce1bdcdbb09bc935b8e705
597dd7f5559616a75d9306c61d4027b66b702f07697c9db80d6d48e05e923004eee5a9efb0f8692b71079064a09b52b4a3faa9fc601c0e9c76729b79
9c768b98074f34e729f1473467d6612401ccc464e4817b3c84b9295bbfa3ab2409c39d2839b5d82f06f742d00e31b81764d4f003d6a3434502982e51
35603d53bf19eb99f817fc80f54881e00ee094964c0218d9453d77000fb1aca93b728c1d4c57a328323b48207007f0c4f3eeb90378ebef53a92545c9
e2aeef80b340794fc8666b6a81fc835251a62e52a967c0d9a5df704a26fd865352fd04efdd7a2a219bf2f3f8a53bb8fa8dd4a0c4ebf8059658a2101d
6221846cde33c11dc0016af4a4063dc5b21678e8a60849d5ba2fcc2d988cfce20ea75613bca7e81d0fde9327c283f706410101bc37310804f09ed21b
04f09eacc7e1207526e73d08ef71fe02788f8cef2e08ef21d003782fa21604f01e4f8f6d4aa98733944252d53a787da9051b1fd97636a5cc15130a73
671405961085b3eff13ccbc75972c00fb898ea004c3cb85f1680893ab6019828191a80890ab00fc0c48a252690384672399038868c599bd21d1dfd46
ea3eac5ec16062284ead939424aa2447f314c5450e4447209a9364922ef0d644645b0792ca242d2649657a10654b3bb0d50552839298d405bd35b154
0bc97d60a6e1e40e19002fe0ec53b44238c97c708a42abd3b2ebad098445c0d9e7b80e12b80328e76238c9ba7ca816dbba8de88180b3efc421147407
10201a70f605f505671f399137c5f571ac7a01671f8f806e8a3b4840f280b3cf67b540b438d10a01675f442b0fc0c402db0dc04485d4079c7d8afb0c
17e172d88403ce3e9754123306da7cf0c0608c67c160628ee093a03b8098a182c78c819926184ccc63aa16431da4dc74c1f356880ea361c1e24f7d87
b356c716679f2e280592ca48a70c2495e941b518ea9059217839a345114d7d6a0c64e6d09e2073cc49985d20730c39c937457eb74b14e3d39ee70e60
d55c1b6a2c718a025561f20b3c28a128aa20671f282ee0ec6bb8d743209e85e8fb006a4cdcd70ba046dda20c861a4b008986c045a3a0df7046ebbcdf
0f4ad01e0f4a38948b1049edda4519ea28a0aa403867030b86a8dc6f8cc850633cc00b81cc31ba841414ce8978088473469d621e94b8b40e3c28712d
51986940328170cea4f310c55ad5172eaa607e0c648e39c431c91ce310c501d458511202996314821712e65cf74996cc2384e7d467842addcd614544
b309899bf3871a27e1b40e0e919ee35257c8ecd0441167a06344a467c4001e70044a7b09447a2af54e20d2b363a80f004a859e84acaccbf493484fe9
32813b8097360f4e422f76cd1d405d8c0ea40695e52e901ab44b662b3528ceb0a0484f892392ca1cda04249539aa5ac0ca3dd433b472acab01276190
1ec01dc0001c0adc018ce816813b804da325d2b3a13706223dbb0e78e19537093592ca0cad0a919ebab21d482a1324e270124642dc43e1953ea24642
e10ea70e63c189a603ce1dc0436bc41dc0b3a916b2da02758301ca52314e0403947e0d51b67ebaac11b80398748c88021d629fdc01ec45bfd9f866d6
77363e5d420f00ca71535888b5464a2a037a08249519e88d81a4328acd0da0468f261caa9202a93d1b9f2e8704ee005e125c249569985442232917b6
f2406ad024b149a8a7524385c6f56af5b3a1da1067101aaa8dd844e30ea758b952836a76e524d439c24998b5b31a7770c5761bd1fe38aa83a1c6e2b4
2a0d838ed8a7423df51ba19eca351208f58c12be380975593ec8497897e48e5cd76f38d174aa480daa7b01813b805d33cf1dc029b1096a749a0950a3
cc0aa1f3e082572da4aebd5b208e092c11408d017f4600352adb6220d4b3eae410ea29177320d4b3eb740c651e5149328fe0120d648e7178148232c7
4c95d41de34f24e77401ffa1d7d1240a54216a61e88e9c864094b28ee690ff9709e4ad891a548bb19e2a096e80327549e949749ed8d2d4f555a6cc00
6552c44598bcb045a05b98e47b92bc9bbcc5a08920a98c5c6361cad6a3d6796be2ee0bb61e6dcf89ad47a20340d9ee5a6ceb2e00732042f4e0b26720
42f410d35fbce027f602a03cd5020e445d54093810a38eede28aea50492ea310f616968e1fadf39e44b9eb3464a12bcd817b7e4d5ae452981d9b47a0
51ac404e426d254063e368463909d184a381c638b096c543afa055285b23575492a4eea74aa27933da68a031cbd119491c73715023f7fc94df2d72cf
6fc1dc22f7fc56557bdcf363e623f7fc78097d53dcf373fa8dccd1513d5366659ba5e8780f04cd2d3ac6873f231a328cb2ca46eef991e8df45eef945
f4c6c83dbfc46e8ddcf36b68d7d101fa11fd51af109eaac5f6e0e9f49ded411e16d81497a596bec3471ff51d4f4961758e0ea3465749db834e7366c8
b05cc47bc4933042acdcf1e45105eed2c65339e3e80b61a059b34418e8c21517f50a21fa5f3c71b01d6a8ff53b45d9fa0da2a122d9613c02369eba07
c72cf16844027544c240d7500b64dfd05ce3405ca8361107628199461c8825e9375e91d4d87120ca0c1571201eb0c88803f124da245e64bff1fa0dcd
1bd41f2f8511ea3762b8343eb2c3f096a18b170ee0a0d68943cb6a8147239cbee33da5eb535a72542652a06ed4154034be886fb1c39622be45056d45
7c8b5d1b52be458cf191c4313c95ba2940075ecfe895ae52dfe90e1913810351b7dca31c884ded11c1acadebb1176b939389344d7d27570047dab3b4
18276290bd985a008d1e234a146884f14581c6280ad0a84551e2183114eef9c9921d0339c780e4d14063b87bcd3d3fb93d23896314ae138910558a92
c81dc073aa67243d3f44f15ec6dd4fa5ab6426225770317f4440a372bf455c8d49fd2442b469eb12213a751c6e57237dc1d598efdf882fd19e8824c6
c13e1d2311da9a1712c7789c3e9108d18a361f89106d4db59018e7d218263b4425314ae910e36ae40d8e4dd9f802577e2311a2ba3e1e794f62dcbf91
8e537b97f7249cd86e42bc17b5207b3feb478868e8face586b3af41dc8e25049633dbc70e722770079266c538877ed419061419d8842863a7120c346
d44824dde82141023294ab2a66e56ca4055c8d4aaa1b41865dab02322427f9a694c240df113e8a408f19d101168c848ff28aa48b19572a2a58cc7aaf
46751a72925536921d46e836669e5a42b18a0557aac48ac24703fb93f0d1a0f5e3154225f18dbc42d871a8475c8da7f80bc8f0e4825204199ee22f20
c34bab2964a89d0c32ccf777a8674edf115b43b450041946ad1fc8500179116438f0084590e1c0a01349379ab543840c1f98fce32cd94063181a4285
b562538c5c1d3c74c4b83ae8b0f446ae0e5ef76f2483174bae44266a3a2b6145f76fdc2f0b6a81c8601d1512c7746c4411d0a8b0f94826d25bcf2113
a9a23862c38bac69013446228a23a0317b95e47aa70e3f896322ded948e29824090768542af308686cd20d892c0d55dfd9d2b643144753220ed0a814
8a91fb8141da19af10f6aa5ee3ea40678e80465d908d7a8510376424718cae18c7aeec14f4d3406391f326021a33fa7424b254372c6397ab8a9937d0
5806d7176227ca41da128963caa992880e1d3840a392ae444063cb6a0fd1280d8574a303c41579d6fec2f71079d65ec68238646fd46fec4fa7ef7805
8de0ab086814ce88dc0f1c622880c6acd51c725531065e218c62c2860c4bd29ec7d57849a8e9154242aae2d02b6f6a0f7b318832820ce5128d7ad61e
301d091fcd525f7035d6a5df788a48abc92b84f7187885708a614e422fa57d123e7a68e6a772e2d1333d28218585d0d2030b6a24b4f412a39dd8c331
3846424b4f2933b81a0f69a62043a5088adc1d145c8fbc4238880589860cf3893f2a1a32ccca071871352a13775c5cceba4b9a689c5a318596dedf91
b869aa05541b2979dc1d3cc45ab93b788191237707e5fc8e4a371ad5c2e454e93713fd85b0834476185ebd7649a8113196c80e237352126a0423273d
36811294408d11552af1d844f9244b4e875e093bf8cca426cf23ba64803217366be2814205532732912a83693a902a498d13b179a816633dbac59f0e
0274606709402996950094ba3290481c1381f2094059b0b2255c8d15d99b9c128fd0ba53e2115ac7d5a820b1c403854e7de15ea13672e25ea15c4089
7b8535ab4e05c8a924f7b6d81289c431f9523f191fda7552e21884453240b9f52a4a9238a6e2b24844a4360e7f3a75e942b528b25b258972b8549200
3960693af5d68b28a5ab54eb36beb144614fadaa93a3c9664db81a5d56eb2456c13a974eec8d1c8074712f0d2b62c2d5a82c1349f70ad118d2a52880
00655bb7687c0628b312b027d28d9e5e2531785c6acf58ebbad402179bee168cb5168e5fba948e532d90647de83b1b9f120d25d28d46b49e44ba51bd
1c9248373a55d22bc0915a3c51ed980792d72b8bface549b48b065023566607e22dd68c1b79f78bf42b6e4a4f72bb49abc5f31975a206a1fd7740235
5e97da136b6526e46acc6a0fadb5a905633d033b73224075e84c07580f093f13d96174052311a07a6806095075b0eb4480aad39e08ca54ad3a75a94b
751a7fc95eb5702f54f389ab5131f529e02a9eaa0557f1a992d8c311718900d579f7cc44c7a9758864bfd10c46a10e5a8818ac6e0ad64a8c4c224035
dc14974ac45f703526149dc4dbf587e693b7eb9d784154e22651a43e489f325ca448d600f1f528ad4e0332d6aa54d889070aa7d8ae002510240950a2
6f26bc909e80ae9408d0416348495a391b3201b892be43eb01dc265c8d5183c5d5587438482aa3b49389070a6560498960786c8389f72bf47241e2fd
8ae5d59e6c59b0255e213c9cfa496cae3641667c3a0ea41b75da04bc5f7149a865588fb6044965f45e4622a94c244d69e23e6205212400a5923b26de
afe0bdea4d19eba9512d709fadeb3b5087579da4abc47a95b88f3831042562577975d72562577985da25deaf10e649c4ae46cd20b1ab5dec9ad8d545
d448c2d57849f8e26a4cd8e352518015ad0b506ac5e46a1caa53ae4695546c2773264019d517ecfdda83062873c769976e57a34ae26a14a3adbab2cd
0ce26a9c98af52d57d2feaac5c66e08e5caa0a00a46795a3a9b9aeca6ac188b88fa8bc6989fb88413b8b5708b3660257636efa8d2823622592a1c6cd
a01911f711f52440aa441981d4525556126a69a836c4042450236f756f0ad448a2a824d4482479c2d5a8d4fea9e9fd18c6405619853b26b2ca287d7f
22abcc85c9219155e65e155063d2ce0235ca149a408dfdd277c65f9644b150a3f8048f54e8ae4122dde825558374a3cacf970850956e9f78a44206a4
c423151e7b78d22315127f5dfb53b570fe9c4a2a5dacea245335d6ff046ad4edcb046af4e27cdc47f4384813e946c35da7f19787eded132cb9cbd64a
957abf82fc1089d8d588ad3511bbaaa09f8417720244d360e853146f008895031a65694a037b1c7ecec475c47b0b021aab5839f1a90def7a223eb515
95e48d11e9da03d021ed93372a860ef1d4d506eac49de87550018dca2b91a6aea6b041884f1d53df91b29110fe843bd1491fc39da8ac510977e225fd
1d7762f76a0157c0a9df30da60114b93e78d96c660db736551788aa52593523469432ae14cd46f88071c88e94e29cafa29e10c96d0b4941448dff186
8ab61209676e1d16d0a83b4f09d038b42796828c18bbe253a503e16a544065c2d5e8a4a32b3e55020f5763a19f1957a36cfa99f8d40273cbba8f489d
99fb88833b9c59f1a94408e4439136aac5c4bb47e065e2533d36c57cc7a776289edf82ed66ee233a985be63ea287b965e2536b564952525695b4e3a7
cc1599f8d4899534ebf542766be6aea24ba214e4472d04a1f2cce8a60c3929cd6506190aae6790e191f55be2a4322f649c7149adeb8549fd0672e2ee
6076dc75736addc45f616d33aec6d5d417aede0c51b67e075a643e95138fb19fca89274a462951dc55642767ee2ab6268aebeaa86e99f7e91dca45e6
ae62814b65a514854f6490e18c6a8148297070d65d454471e6aea28faa53f717d49e22a55427417084d5665c8d170a60bee48fa2d7860cb3cc5799f7
e92fb5c7fbf4f640c7475972d6d3f5e8a299a7eb95ac25738df1e0d26d26dba83bd59c1dcdabab63c46f6241cd3c7a782d0d41ac95490234b6a1df90
8ca73a8de4c776963dcfe3008ab397e4a7248f1e0a9e648f975c9bc0231e9069d94b33552dd873827ee3f9264c15d940635262cb4c4ad1012ccda414
5d58dc332945cfacd6f19203cd322945e581cd4a297ab74ea4860e2a29450f60620e5c4d21322407aea166fd264f317d095ca5d5a653c2191c815931
a8d8f83231a8627c1960a8677c32c0b05eaa9340b7aeef4c7b915b22070c179aa5a0480646440c6a430065bd4341cc4ae61d0aa703873b51e9ed33ee
c453078e84337aa92e2be10cda5256c2191d3f12ce28ad66e61d0add28cb0043b9aa722412453311b9d977f78c40c5ac92c4d882f77254ca4dfa9264
f36606f53c3d582283fea48767d05f22fa2383fe52d56f0482a14ee444ca54b5a794a25d256dfd947c3e83fedca5d6315ce80480feba7608e84fc18f
19f43793fa62eacb3d76d09f5e87cba03fbd5a99417f9eb8a9cc6313a7d82eaf17ea7d95cceb850be352ce8887a83a892412abcbf2c93022528aea22
7626d054fa7406fd0dad0ae8efd439ca443260aac8598643462bf4375492abd0e0ee0cfa53768a5c24de9941dc89ba259a8bdca5d4c9cdc55b50e24e
8c9a416e2eea864456361a8938b2d178eddd020f918005fd3dde9afb044b06187a12dd6580a1c7129a0186410b56b8541c4471a9584cb112a4a20357
958e936e566c6e6891d98061517edf6cc0b028b94fae880749a38a78102b00183a6d7980a11e7aca00c320d60330d41db90c306c4925110f557de1f6
17311d19f07710e69d017fb29de5a6b49a2c66534e2e46ab1b885a4c12ce242dbb12ce48c7d32d43317d52832a9028f3d2e0bcebe482b30e7fd75181
99e2de0b62369decb4629100b5217da5eba148c6d7c94eab16b849982548006ab5e8370c2504d167d27f56317d5e139c3ad2dc249469247762967191
64bd2678a975c491d60134a6c77232684c8f2b65bd26c89da78c7b2f6b7671efdd027de812ac7e23e80e2343e626a1c34495872e3133226e127631b0
41621ce9be047e5e00fb4ce29863ea373b0f0a04cb0343891365e353cc799eba4e208af4a63a632035bd5793416a8388923cc9bd880723ebbd78ed48
1e7f3800da7992d542e29df49fad8962fdb4af27b9eda4410ba949db9d882ae9dabc26e8a5254fdc9720c3cc4dc2204644e06714cbd24d42a960047e
eae669e635c14bea04af092a87765eb0729d705283baa116189ff6043709f57c6e2628545e91bcc8fd56f41dd7b12498f59aa010c912d266e671ef39
1cd519f79ef05039f4245b8722f722616f85a0d0d645f138026328b8f712e32bb8f794bca81014fa4870fe71965c8817d5562a3c3428bda3e0decb51
0d70349bba69475371ad05f79ef28b96031b665649b4aca921e01e42032b0e904ac07b714831425d8ae33a081a51216da8de282b0e1b7410a59b3e4c
0bf1a27a5dac102f7aa9755e130cea35af09eaddbae2b889a6b1132f7a10bf5900710796c2e2f4ae87873251754eb56e5b574949cac92558b4eb827b
af63ab2bc48b1ea087c26b82191da8e83541b5ce4dc243b3c44d423dd15e0cc4a57553b867bbbe23bfc712857bd6a924eeaf268aa3d9d56b72aa1dea
a76921b295176e12eab26ec1bd17b9c452789efe9ec14b498f98f94beb274a415baa85b49a30e1a2e7e911b7e576efe93b8c6018200aee3db9600bee
bd1445f1ee05f13a8578d179a89fe4bf086a01109ed4ba8d4fcfee16909a62020a486d62282972ef21e20aeebd8bd0bde259bfa65a5035342fb8f7b2
8e3beebd826e5870ef2995512128540f7d16905ac5dd56406a17ca4c01a97574ed72bf26a85eb37e5edf1194a699276da8322b17d2863694a74250e8
895bb004e27d51350a6fd0cb7e5b40719e9b990514a78c75859b8445ac8ea0d0064a2d0a0a452b2f04852abf5bb98342191141a1bae95af4063d6a5d
e16108250c2a86e2925e1a2c51d7792214aa0d09060a282ee0702eb8f79419b144541bae631550dc21966c282e0bcf96c8fe04d794888fc4a905ee44
6826a2549b4f192e0aeebdde550991133ad2515b571439f997ba625b378a419351547eeac2438351dd245e546f6315e2458fa6df3cec93c1f2d0a002
f20af1a2a70e9c01bce2bc6a01c012ef51125213a056789ebe015d0a002f138a550078ada875dc7b686e05f75e040015e245bba41f2945a3c6a7e7e9
251070efc94b5e70ef75cc3b058097310f14009eac962513d4046c2b99d7ccb0841652d35cd80d0ba969f2a516e41e52eb8d03ce96cfba84ae16ec68
f64375921f426205803725568a829a5807a5a69148c5bd17d13e4bd14d3b4604c053bc4001e0296d7c01e035891552d32856a200f04eaf5a78f34307
b570d500b35021354d15d327358dd21c15509cf29014509c9cae0514a77b5405147789f181e2bc66a9f26412014fc5505c56fef042bad1808bab909a
26a3c795ff9bb133579a6405a2b3afa729a0d89c1bc1fa1e3214f264e8fd0dd1f99d9eeabfe7ce1d191d1d500b144b9209274f424d339d9e637c36bd
d3c6a798f56a13e84ed7acff9cc635569cf6222b569c8238541def49cc73bce76f3d07e5adda0c0baf80b8a858780aaa5039de5bef6b9c014d5d235a
62d6359b7f8aed5ef1247c0b29a2098ea614c8176c97da890689b95e091aa13845154f42ef5502fc175200f1246c5a1ef0240c5219e4498815500778
66bd134f42c76641c593f0c60aa8434eda4a01ea65dbabc23fe32584df412394627f5aa21cbad126d10aff8c02df563c09054dacd08d2a4c44e5784f
9c7155c77b92671cef1916ffbf4532c77bf264aa30917a0d649848e5135e2764d45ad32643572bce0494262185413938eaa8537843dd29fe0bbdd386
ee5b400b2f0a96a0821715e744e5e8cfcb24e0e84f918a2b477f72dda850d374f66f2b477f377b5975c98992afc5a054cc818a41e987526c08486471
f4d7341d38faebd2d839fa1bef6b9cdc4a47879a462c6355477f59cfa1b56a255e5a1af9223c096752e918ccfa3ef0a2c2a7560ccaad351b6a9aad1e
c3a094a95b3128037b8375832c60cfb49a4179bf1727a869c4e15b6550625a578efede6290a3bfb7981015a9f45ba8484b52792c1d5a98b7960e26ce
d6d2a17772be205d8da3bfc5264ac3a0bcaa526c08b089d230280b22b2414d237fc4c6d19f4a689790058e14a02da67b03147a7bbd13abea5d025655
d05b140d526fc1d315b5a071f4d751201a477f72b66ea2a66173a971f4a7a0110d6a1a51ef348efe1a62a271f4b78352c4d260eba7119e5e64f78da3
3f8f486e1cfd05c8849a13bf077571da9b57cae65fc17a68f0cf88c2aa41535a9d4a275e0d8b7d23d88408c21afc330acad4e09f996c8d3440a1427f
34824d34c67c23d84447cd6a9e0d1dceb11a477f21e91ab150d89869804215e7ba792dfd948ed57875956efd3754338f55c5f17a239a602f7aa7a9a6
6b2a051e9dedcea6601359b5b6f997554fb31a8f9ac53b83903d3c272fc357bfffa7486e1894f2e26f7240cc7a090609e6420b3248e8688efe3a5efc
8da3bfc5915a53a0410d3a8efe16c2bb71f4277faf660665ba86cae3d383de8917978619477f91b3e12683126dbe61502635cb8d5687d068c4a11095
4a230e454dba8656c75e64c3cbb0632a35bc0c87be082fc3a9e182413997dea255937a8217d5e97ac3cb5031a91b5e86179a46c3cb50947f0d2f4339
1cb708ff855a0242d3cc82d720342d2c710dbc68d55bc08bb64b77dad2d1b2dec9d2a1810c5e74be9f037477eb9d6c087016d0a20c2ed585a5a3ea39
36acbc4ab0bd6477eb4ef127d04ac28b724ad1c08b2aa24a3383b2ca266809d6bd4b7772f6109512a1a99ec3cb50f514a1293bb60d4253313937084d
85396f109ac6acb7b07470c4dcf0325c787135c5a150dfe26578153d471c8aa95adbf814975ec36ad452dcf03214eabb61352a5c6f83d0d40d5d432b
673ba9e16528b68886d5d8c03337bc0ce5d4d5b01aa57937acc6b7e0231045d23246208a1c74a75cb554174069ea3f119aa220b577a441da539106d9
3a688a34c89e69c3cb5011405ad18615759197a1c43c5e86f2ad6b7819ca97b6151d5beb9d1c5bb385d38a58dbf45c23a53bf1f255ff99d5984a550a
077c2cd186976155eb1269501b6b0d42d3adc510fe19c7817a837f4678b206ffcc7b3902147aeb8b040ad52cae8216fc0d97dc3831ac5a19312845ab
d93028e504db30289b643e06e5d0da2483f2fd1c2162345ce03a5d596f01502281824119b54a635026308c0d83b245a5707096d6834139d93f6a1894
4b629ef815976a8d4179693a6050ca95b6c9a00c2a9da1cb8157c3cb70a8e1a1a69101db8842a80d8106a1e9ec7aa7899ea085ab8b609e690435cd40
b76fc4af10b6b3758530e28b302883061684a662c56a5df10f9422fe814424c78917a66ec3cbd069024068aa03bdc651e37c970720c8eb2d00badea9
456faa9e585518e10dbce8e2a8b10db16251de0010a4c18a97e1c21a6b781906f66f9b1994f5e670b80da17ef806a869f23b256e0c0483a869d8c668
1894e2e06b18943ba974f692d5d3830d39f661db40f448331d00ba341ff032ac6c5534acc60b3baae165a888ca8d63c85b8b3d84a6518a0084a655e5
bde357d0f21c438a84a8710cb9a6de295633950ec180da7a8a604029448fda1a2f43b91f3779194a4462352e89dd25c2564a00302a1ad686d518d832
6a588d8a7ed7b01a05ee6c028c6a69c46a9c5a72b01a05546c0046bd9638ac4671b1b525ea2ba5c033832869b21a2543b01a45d1dab01a371b724dfc
336a25f1cfc802c26a940377c36a14fb61db2214a6848d6a2331bfa1be92964c000b9dde34598dd28bb11ae552d6b01a33a8b4b6c585bdff26923128
157da1e180986466e080d8b4a2724239355839a114ad5fc7a0dc1c5974c2d3bb4b29b6d1f1d1e99c50368462bfd86bc5a8ea042fd4315dbf10ad68ec
fd020cc5badc2f0815b7dea9d0477a0e424c34b77e718cb555025cb5b76a8d563774a78eb19402ecc570e97819eac4bee3653858b33b06a50c99ce31
644144760798a6280598662b858333bbc09d63c88bc9df750ce954828e213329081519585db4356cfd748e213be66c774208e81ac7acb7be01b010ba
6f074baa20a71d2ca9d8a1bbb0a4b752683d681a1d42d377cb7bb49e4bd7d07ad4ef189442c574b0a411a1d115f7422d089634a3d9748fe861c1eb78
197600561d837224d50c2fb5aab7a0f52018ba199439b3c076c2d317af14dc186a33bc0c2bdb731d2f43b17e75bc0c2fc44bc7cb5044019d634807ea
a0730ce9f50d1c438a2faf435b9359807a90e8513d45887993a2ffb06b7a00c192559e2d8d894db78e9761533d6f3604380eee004657d49d8011b3ae
89865f29b894a7eee41852f30fab51218c3a56e3ad79fbe6a651e968ad1a67588d0595a8cbcbb0ea9a1cf0559e084d551ef285cda58ed5a818965d61
3058fe3a56a3a2fb75acc68845d9b11a15a1b06335a6a53bc1e263c176ac464528ec78195696fe8e97a198cdbb084d9dea02add2d6730062d54af232
4479ea7819be360dfe5b247722640c76183b113216c0974e848c8dced5934e98e9060c4a3919760cca84d1df3128c558dc3128b3ba5db435ea060cca
b0553abef9121318948d838ffe362895422b60f5ebe04cc55fdce13a8d1ac844c8a818401d2fc306836917d729c7511daed304d8ab2b4286ea824139
31b43b06e57edf094d36d8d58e9761c600ea59b4437c3b38d3ade92e42530961686b14cbb063508a89a067d19e28851b49570902eff045455a0fad5b
14554e29bcd4d849eb189422afec18948aa5db152163ea9a4dcd29d14a848c09c4a96350762da218943da93c42ee681185d0541b5dbd083ca7f2d07a
86ae217a924a80865f776250ca63ae6350be170b0ccaa66faf8c4fb5a71994f5ce4ad9f89406dd3986bc35ca750cd974270eb29a9a588d4216741d43
4ebd8563c8a1d2b11a816c76acc65594226452570a3712f50a56e3bb95b01ae7a5145a9d5406c0a4157fc40e98b4a2b576bc0cc538ddf132ecea4db8
69e4d4d5e1a6c9525f086b3fb18e3ac790974639c790b2fe3ac79025ab048d41ea294f420e3a7b6779c01aeb8a4faff9477c7a116875221b2ac6487f
5b868c2c2c43afe501cb5030d04ea88b16541e9613ba7def507b65a56c79701c937740a8a239ea805093d44840a829a866782a6b291ea8675a1ee09f
59eaf78113ba642400d580bb5207a0faa2e9fb8b48c6c950e4f31decaa5367825d15c75207bb2a846107bb7a83b8e838198a45b79bd118339e689dd0
f5dab6ef434ea20cc18178492a81e9a7f5ce8cc65cf00fec136a1395c0516300bbd075d4a8ee33a3f1e8be083e331aabdb7a8ea32a4c9e3e119fef6b
36fd7a5479f67d43038b28184e0dcf516305f3d0311a2fce55fb94ab88de098cdde92d38314b5f210ac660a7a973d42882f90e358d77baa64d0dfa88
2818b784f002238d51d5c1ae2e2d1d188d7250eff232d404c7685cd230c1ae8af8bbbfb1ab7c9fb0ab9ad26057c3adbad8f7450994252f3c7a136a9a
f7928397e1cda941df38696b0900bb3a35a5311ae5f3d4b7f6c3291d6a1acfc16adf626da3c7c0ae8ea5e7f83e892c084ddfba2184a64263f40d8980
74a7cdf2a7b1649661cd5a0c396a74ece60ebc0cd50f032fc308dc6a280a06dad9e0a8f166436e70d4b88bde229491aed9f769ef7a00509583c4c032
5488b401a1e93554828dcfe154baf0ef8b14f877f4b871c9c957295b1e7257ca968781553c386a1c2cb043478d08e181652816e421cb107d730050ad
2adde185a79a611906fa616019faa8b760193237079661c62e1d109a36e6fb70e263570ad63da7b710ea026b6570d4a8c88643478dea3f2fec385f0b
4035802f19e29f419d185ee719ba862f057270784549a23c2cc384f53eb00c275bbd03cb70fd75e3627879985c3ca6a31c15079539abe6e014f28a4a
c17f819133c0ae7aa7cf43f4308d06d8d51b213ca0a69153e3809ac617a5247a6808331a53616d1a6057ab1a9e6089da011f709d360d56a2605c5577
daf73904fb50b04476e78642de63760fa260548e87065130ead45be083bef41cfbe1acee435130384e1c50d378766c075130a4e30d8cc6f84e118007
dd6998d1584482328882e192ae01b0c2a81a44c1704072c60d2126dacb200a46c2e619370ea4e83983a3c6cc96c3c0cb50fccc032f4351e10c42de77
a5c0ae6e0d41a869dec3132fc3abe94e62d341923ac0aeeafc7e805ded2c7f8390f7a2fd1f7820baa2776214b3580c198d12138a9d9875cda6a6020c
0d8e1a3dac0803eceaad568a2c8d2cb023c2ba87f530f0407cb744825091bdf201358da81e47c2ed415f9b382ad678210a46d528809aa64948110563
49bc404d9338c21b50d3881c77889a46221280aa02a78e44ec36ce33466253e35d17f653b7ea096b9be64ad67e2aefcceca7eafb32281c16ae41148c
c096ca20766240631f59004ebdc5c6a77c3f0700d5a1d9910960c6a6db20d4458c2a0fecbfe65fc6b2d82a01948a465606a5a2250780ea922432cbb0
dc2848a360d9a3380eb30ccb9210c6037169249b6578a63b5f4ba88ba4d1c35163054c308aa2ec3096b00c65058c22cb82ba14a22469b100a0ea6ebd
132883642b478da3feed786f603466adf585d86d6ab282879ed6348555d47a5e31fad15a47653f15e7826146e331b8740da35853ba82e2400f1f95b0
9141ef84154b1d5d8932807932301a15207e6034be3f160f441dc90c3c10dda5b7805d955802bb3a9bea291a70eaa22818688ac38cc62a479501d7e9
a58e869a46c6ca809a26e0633544682a9da4c9f9920ec303f1ad7734710d335cf040bcbcaee181b89462bf7faa9e6675ac773d4101e01630c0ae162d
7818940ac63a3028a76a8d41e9a4cb74f6fbb5c076f6e3b652185c80d906d8d586fe3ebaa893a819d43413fb64404df3d6cea0a6d119f6809ac6bd4b
b0fe4b4d6f91d6439b756ddae81a5cb5ec2c0f3328eb969605a1a9502363885b817619f228631470d4a8f054631080476317ec6ad6520c76756b2c0d
36dd34e6396aec5a80143b511a11478d437d0b35cd94b816358df454b0ab62891b432815d593a362902103806a56ff6135568d90c9a68de60a478d62
641993efd3fc9b72ebd07336ff221b4183a3c6a2654c1e8fd85f83a3c60bcb7770d4e871811f1c35fa7709267ab26631478d35ea2db8554979c2e331
b1f134cc6aac95dde301a1a90e56c762fe691e2d967e95bed80fe7986ec8e3516d86d5e8395e1f4b9b36f4181e8f490be5a2ffdee5e1d1299d194253
c5a01f4b47e17a0b9ba64125b05f0c9e7970d4f8be86d5f88a07fd17916c06654c1a748455cc4929baf6d62b39aad2aa29da1a767307b4358a313c08
ab281a92b1999a120c1894c26d0c4e216bd23bd92af7bad3ba36484bde8a8da512c4e5aa12d80f678a4d0c4a311d4fb0ab37bb6513ecaab61c26b435
9dbacc0b5839abfbbce451b649994119d96099979c750729ed875fa4d80ff7aa0b5cae5ed7d8cbba553a475598ba93081923eb4e8eaadeef04bb8ace
35455b33949256ced762504e0cede9d00ad8259d60570b437e72d478233e2706e56e7a0b43b7ea4e8ee22e5d132b964a87a6dea90436ac30bb270665
bb742734f551d7583ab2ea0921261ad804bbda11b413eceac4f167cae39105618ab686b13b396aac6cda4c2264382cb569066579f78a5700256a4dec
c48292308990a1987dd3333ed9fd9f109ad6a612e052d6e8c16a148ff434abb1f67779ecb5a2e84c8e1a15f77d9ad55823e26c06cd3fbe16806abb75
cdc6e764199b588d1e15656235de4d25885649d7d0ea50ac66c0ed01b13403b44388e419e4d6c1f76135de41a5b37404956e5aeb7ebfd3e69f57e958
8d53bd79c3158d909a84c1f0281e933018192ccf04a02a1ec109378d47f64cb8696e4001f396db0a2d78e3b6c2f6d52476a2e8ede7cd869cfa81d889
4204cd5b01e8546b00b89ad337281ccd77acc6f70c88c2c6531e5663d40881d074707c39231b72fa228e1afdab84ff14c99353488fc933398594949f
44c8a84529f6eaaaee24384f528a550564c184d246a4d993534887893531289d262a9436bbabd20090000b4d0c4a0fae61e20c291d6826c1ca950256
ced6c8c4197273a037396abcd88f9b3a6ad4e081d246e7d41367c8016bd4e4a831b3584c8e1ac5be319350004c690c4ac56e9b18940dad60e2f128c7
8389c7a362c54d286d1647a2134a9ba5a902a58ddccea7199449a12827478d57d735287b589c26066544ef9f189489d3e78941a905766668a3b06426
1e8f41df9039ca91782176e2ada583d889efe99ec585ad9ae1d6a114478d97be168f47afc15ab42140df123b31a8cd8a781074cd448fa2a44f0ccaf8
7e0e9a7a0e532684a6a29f99109a3a8ef7269436fe7d8d0d01093e8e1a15dc6c62358afa7e62356abb6c160056a0be67055bcd01f0ac881ecd23b31a
6bd7a206a5cdc29c9d783c8ae17a8ad266ea39541b091451da68c9a9f4dfd65b70cbc97a8e632c8dd6cad28f16392b5aeb3b058a4a63bec2a5026a64
72d4282d729ad59885e19f1c359677ca96fea16585a3c6a2d9c85163419b9f6635d6c616c014a129dae76c70b56b09e7a8b1aa9e0dd56deb9d6254e4
fb00a8164914c26088a877367161235ae5f108926836967ef534b113939eeb7c9feeec2cfd12a69d006d5a3a38861483f7e4187273b838398654fc98
09dfcd90922042d3f157918c4119938ac323a9a8629c926b95c6a0546cac89415925a0bb0056fa046103a9ca90470bef3483f2de9a7e384306ad7072
869428903324a8be89419900664d0c4ab1454cb84eeff73b3986d40ace31a4f4fe09858e422ecec15e79544a5cc37cdf508413bd133249f668e750dc
3a6a864199f416b0ab9d7dca09858e0e6f2606a5022f4d28742e0d7222645c120544c888205126c790432bb11994697bbd0514075b3193d8896f2d12
0a9d775b133b5191d5a68c46d51aa351b4dc7361f403b79a0baf310cc389d1e8247a301ae50b36311a05c89b0ba3584b0e5130747833311a9bac158c
461dddce25248ade02eb9efa0f4253cf4ee85c6c6aa8a797f8bc992a1c35de58555346a3c612513092fa610b69c3f7814f8db2173654e6b241a0c949
ec8b4ef0a962bc988a82015e60824fade05226f8549dd04c2cc3296143148c4b36c196e6ad6b263ec5da3101a116a9285b7cc2f6ce05085514ef0b10
aa3cd8965986451e8fcb2cc322d78675213e5998d705174753cafa4f74610bcbf066c62d2cc35c95c2328c7a27f85b34cc7541fbf57e0eae8aa19ab1
a941ff2d2cc3f94e89af9ce7b00c334adec232ac4bd7388a63b42ebc1a1b47b70bcbf02aba46a80bf4e285576363b42e876b111b790bcbb0a805b10c
a55c2c27f54cd750cf907c0bcb50f1fc9613d5fe20858c7c09fdff14c90b7ceacdbabcc0a76ae558188d81a1b4301a15e869e91492b3c5f5a6c9a1c9
3c9f8e08598455ac55d78882c15ab8888251aade02741cad6ee9a831a866acfcac700ba35171c1165ca772545e5e510674a70dddae460a3058b1c5b1
301a15c47561346ad76b814ff518b72b0082c3e4596634d6ac41274253a6edc2ab716ca5ecfb36878b0ba35127f60ba3f1fdb58153f2a5145e7f4d29
beafe89d78fd75952eaf3f7a0c7c6ae64068dd02893104c1a74ef495758b818c5682d074690270d4a8e8c7eb86eb20ea4e8cc6a59419fdfe567938e4
b2d9b36ed1c8d07f1c353676e3d72d7c38ad7b8b0c5477daf2d7d02d1634393a35581c352a4cd88226a76276af486c33168b85d118ded76ea63bf57c
5b864a095f4cbf63193a209b2b2a761b5f1b318a39605b1187e3a09a298a097d1b6120bb554f689c34c7386a1402764545a1a1042cc3319412c08a6f
480a30443db10ca54e2c2cc30be8de4a44f9a87a4b6216f3b544c1b83576b10c03dae7822627eb6b396a9443fc82ecf462895b70e15cef3badff026a
c182ecb4aa254476ca19c2c232140c74c18573a96fcd324cf2915b588649a25c5e8d1ce12d2c43b9bb2c2c43a76fc7327cb7ae8e1a6f954e0033b54b
566c48c61996a11ca9169661d92ac1faaf62912c2cc3d17527fdc759c0c23294cfe89265885dbab00c8d16ffbf4532466352436034760986b7d14843
28aca206240e8f2baa70001e1236e05337874c0b87c7f7a42ada2ad73b113decb2ad42ecafa93b4df4dc9c88ae8251a595d88cc663627127f854f183
2df0a9155d66e1f028ee8885c3a3a2d9ae0af41f137955005668ec8b2818b7843051306e365896a260a8a3e14115806c71d498257ade513068dd7714
0cd5059a95a67a6ec4125fa428181cdaad26a250ead90490a39e188d4e2570d4d8d44a1c3526ac8ec551a3b4b3053e555c1cabc1f31a74a7899e8ea1
b6386ad469fe6a68755325704afe2e814d0d4cd6d50038727ebf74d4085e6771d438d0ca173439539a1b478d175af2e2a85147c5ab13004ba2d58cc6
d2c0922e62274ebcbf16d855614217d8d5bbe84e18c8deefb4f1d9824a67d34dfd8e57a33851165e8d154b66e1d528b0d7eaeca7b2a5b20634471c08
ad210099ae81cdbd9502ff2e018657e37bf460192a7af5c2328c58246be059ab7a0edca3a4d501428d9cfa2c40a8e2085f02a16a9463fd2d29338050
2f8956b3fe52604f784d827849404f452aa15d0867a138d70beb4f1e046bb23cbcef644f982dbf457c44b9322df1dd48f180ef46313f167c3743b280
e3c4774f739cb8343b26ea8bc635c78972ea5a2250952c0084eab01a1796e19246cb71e256af0042d5e6e702847a491d0484aad04e6b896a5f6f3139
a803d2c591e1ebdcf92f2279899381c14378c4c5f9f622d2c57b0537c330ff2a0e118909b936fb32ec3a2f0cc3ce8ed122d2c5d03a427844b9112fc2
2366ad9ae24f955eb5a1c2d60430c3b02ec05e6b8b298d5a63188ac36d6d716ad0615b9c1a740386e1a52fc230bcb474883f55220bc3306130ef4b40
a940ca8667e3db374786729ed8605077534a4c5b17291b9e0191bca1bb59ef14da59d773682f1ca6ec4b8ea74a613d305cf625ba225d830ea6a89eb2
1e3c29e898aabe08ef44a6f436c3b0de1c606c27aa76ea02496ac244de60503b8be8c63b31a2076c8e0c2340becd91a1b0129b2343d943db291284de
c2c6c55009b671e1836a069aa6ab66706a64950010f3d65b3897682a81730904c3f6a2a2a7adf14e1447f8c63bf1669b6d7364a8ddf80ddd4d646f70
2bd2050bd786ee66173d07c69d3dfd0ddd8dd3e801681aa6ae8191bef44ee8b4107cdbd37fa06a3724a90584ce06685a866a0d09a57a8c23438753f8
c63b511e659b48178af8bd03863de44c1ba0690219b2f14e8c1a5970da44dcd5374786a2e1da004dc566b2f14ebcb167b7c2596039eda0e541298eb4
87ee64df37ea9a5ca06825386d82c6209c3649bd82f527aee80dd0b4b1c9b7019a6ee0b81b925431a26f4852b7d39d1c89b2146fc2595c801137e12c
a2faef66fe2595c791bd7a059254c11cb6597f55c8e72d92d4773d174bc0df40709bd3c4c04ab5151e11c57b477cfa55001854ad461bc330b18db131
0c3b86efc630bcaa9ee34866ea4ef6a424dce04fd531c18e8ae4c12788eec6a92e9d121858f0a7764d008e0cb5e7bd310c053dd944c1780bc5a4efe3
398e0cb76a96e087554b24bcdb3809df66184687d0df84478c12c909209f841b74370a8eb593f61475a7b433be56478697aeb131a3a18b77a2530b42
77e335e4a1bb51dc92ad18886c2e6dc540d45b2042f59a5410a1d6770a301b5af9ce04b2625b684369a310b9db0c3c7fa1a16c33f02ea169b61978fe
d2283003cffbf79daf7aeead7a9a75142e8902b38eb602df6eb380f6564b9805b4451fb4cd5ad95b02daac95bdd57f66ad6c117eee4d5dd08fb62db7
d795955a96c272dab6dc9ee67ca5fc65cbed496d52dbeef4e522b687bf6cb93aa9fafa91e37ebbc7ff760fefb16d297f79de610b99bf4cecfb6435f5
9789fd93d2b5486b3b52e947ca7a02d27c7f99c0f697ea6d02db1339d25f811a4eee34a17c9ea33c13c3d7d579a789e1732d904a764d353351ebbd21
c4fd65e2f4b4a84a50fb52eb9b126ccfd65f26163d33e9a4ac3cb6354e2ad252947ec3ac7e714ddb5237d74cc25c30bb9c1435334bca5f26377eb584
c98de75ab351b1a9599cdf7d15d7775fc5dffa3cfdd6e7893282f31c209f9c468e7f72981b213c39b459b89f1cea7374d25f39d427a42787fa1c5dea
9d93a94f28e4fc97483f37d3f9a13e8f7b0dc6d7079cdff56b28e6f0f38a7baedc3faff8e74afc79253c57d2cf2bf77325ffbc129f2be5e795f45ca9
3fafe4e74afb79a53c57facf2bf5b9329e2bfe671bd02586ebf097ed3d79782e4eca592a30d08aff1e04257c0f82727f0f8212bf074149df83a0e4ef
4150caf72028f5c72078e5b4ef9e2efd4f3d5dc69f7abacc3ff574597feae9b2ffd4d3f5fa534f57f7a79eaefe4f3d5dc39f7abade7feae91affd4d3
adfd9ae8b7fb35b55b7f72fd933b9edcf0e43ee2e4be9fdcf5e4c627f7112b77fa95dbaf27373fb9cf92729727d73fb98f28eae1c96d4feefde4f627
373eb9e3c94d4fee7c72f393bb9edcf2e4ee27b7feca3d1ffc2bf769dff8b46f7fda373eeddb9ff68d4ffbf6a77de3d3befd69dff8b46f7fda373eed
3b9ef68d4ffb8ea77de3d3bee369dff8b4ef78da373eed3bd7f7dc9ffb7beeafeb7bee2ff73df797ff9efb2b7ccffd757fcffd15bfe7fe4adf737f7d
c9d867dcaf2f19fbccfdf525639fb9bfbe64ec33f7d7978c79e6fefa9231cfdc5f5f32e699fbeb4bc63c737f7dc99867eeef2f19f3ccfdfd21637ece
fdfd9becdebfc9eefd9becdebfc9eefd9becdebfc9eefd9becdebfc9eefd9becde7f94ddfb8fb27bff5176ef3fcaeefd27d9edae3fc96e77fd4976bb
eb4fb2db5d7f92ddeefa77d9fd9f6a8dbbfe24d69d6ddb780e144f6a91b2467568d020934f0abdd18eb5bcf33c67d6a777d292d14c5d408735489e77
a6337b1c824f0a9dd936a24e2a5bcad0272745098d12823af97a77b20bfd6b183ae9d5cf3074d2ad9f61e8c2fa1a862eecaf61e8eeeb6b18badb7d0d
4377fbaf61e8eef0350cdd4d59cf02e96eca7a16471729eb59185da4ac67517491b29e05d149a37f1643171908cf42e822bdfc2c824e9affb300bac8
847b163f179970cfc2e764133c8b9e8bf4c5b3e0b9485f3c8b9d8bf4c5b3d039d90fcf22e7643f3c0b9c93fdf02c6e4ef6c3b3b0b9a409f4b44fd2c4
79da2769c23ced9334519ef6499a054ffb2429dd4ffb242d044ffb24da273d75963d933eea4cfba48f3ad33ee9a3ceb44ffaa833ed933eea4cfba48f
3ad33ee9a9b3ec99f4d459464b7aea2ca3253d7d2a63253d7d2a23253d7d2ae3243d7d2aa3243d7d2a63243f7d2a23243fed23e3233fed23a3233fed
2363233fed2323233fed23e3223fed93699ffcb44fa67df2d33e85f6c94ffb14da273fed236344f24a86886dbc9e9494c14c4a4aa027c59e42405e95
47e933a9fad4aa949f573e6a577f5ef9a8e5a300be169cf0b47061b7c2ab7e4ba9276793e3debb1dce0c89f73dbfee9311d1f832190e1eb92c63817d
002703e19d32297dddb4412d3faef51fd7c68f6baa17d7ecf4da9f89e5096e7972cc408c233f39817bdc93636b42727f01f69e1b2b372288cd02d1ab
95b39e572b6773cf23f4cd0ef0b1bf160f9647b3014e8e7f726c0864c7279ade7f528994d52162ffbaaef7db56999b6c4e35ba74f2599e3bed20f349
f51fa9d75bc2bb0bf76393d8f07926dd4e3faf3c936f7f0dd36712eeaf61fa4cc6fd354c9f49b9dbcf2bcfe4dcd45b43812d45afef355d2b5c8176da
f4c560a1674b31dab1bff7978689236543241886defb4bc36392ba7fa48a7a9c14ea89a1fbcf1f7531a0c6ab27ed9d8c14ef505d22a53b549748e90e
05c8e91a5fbef37b2c7894a760e067db23b42d3feaeaf90eb60abd9782a46b2ae522c564336883ed00bfde69273627450dd800f45eea52bc88957e72
f84e3bc9f3def39d85fab0c9e96dcbfca4a89d6d149fd4a645ac077c4064328a7d60df26520354bba0960c121394609b9cc1575a32200a022548357b
29c681767f2b62fbc9a11683b7ddd7670fdeeec735afb94a4ae380dadff7e788b9e38f6b49428754667eea2de56314fabbfeb8d6b8463dedecc81329
c8fb7b484a909aa4546b8d6cd5c5be2f7bde19afcf7746f759b3c8170ddadc54bbc0a1c5494552f4a3a97421a8d6a6ce9d2fa12ef1d917f8291dfcc7
56ee4fe9e0e3fae7dfa583ffd8dafd291d7cbafef977e9e093fbe7dfa5834ffe9f7f5f2c7d0afffcfb62e9d3fdcfbf2f963e7dc8c11f8ba53795ce83
3cf4de54355bdd2c65bde3266d6eaa9577ea0f53ab3c0cc127e5b8f32f3153cd007a757165989ab670524c015b6f7dee746aa562934e654d75127a55
6f61221922ec578a7513ca8c93a262122bac97ae53bae1bc4e8acf339cd7495142e72d1ade9db72c84886d9579e8bf4e8a772e9ab3eb9d7c11cba11b
94605b564faa7fdea9ed21b384f80e6d0d9925a41c5930e1c99105733f39b260e293230b263d39b260f293230ba63c39b260ea93230ba63d39b260fa
93c3b4314b4839b2f0e693230b6ffdca99b2f0f693230be67a7264c13ced3365c13ced3365c13ced3365c13ced3365c13ced3365c13ced33b585f5b4
cfd4d6d5d33e535b564ffb4c6da93ced3365c17cd45916cc479d65c17cd45916cc53676df5a5a7cedaea4b4f9db5d5979e3a6bab2f3d75d6565f7aea
acadbef4d4595b7de9e9536df5a5a74fb5c5979e3ed5d65e7afa545b7ae9e9536de5e5a74fb585979ff6d1d65d7eda475b76f9691f6dd5e5a77db445
979ff6d1d65c7eda475b72f9691f6dc9e5a77db425979ff691fa989ff631b571a4fe6b77c49bbad8cfad4fceab7d46d9e3c979b54f6fe5e39e57fbf4
d757fdca79b5cf4ceee39e57fbf4593eee99f6e6eba3f46539ce3d39aff6192f9b4d39c154c41e667d725eedd3d77d3f39aff6e9e3f3a957fb8c5caf
27e7d53ef31a1f39aff669c37de458fbc43c9f9c6cefc91f6f7eb54fcfa13f393800e78ff7bca3103c39dd5afefa780fc885170aea9d0330a57dbc87
5868f1e34bcd3d61ad5f3b5e019058f14f9d018a1df1f1ff71061ac091ddd7c7e384f65bebc91165f1c73d8abe399e1c2238fa8f1c9c8ed2f3818ec0
14e523c7209ec72c7d724423eb9e1cf374d8e5694c071ef2a373e13decf1230702c0fba3ce0a25f7dce381b7b6f8e4bce3023d3986230c577e726076
9ae9c9c1db233c2d06266d27ffe4d8d02a1f83c4f4fbde9f2dc6609bae9f93311846ed7332068336fc187ebe7f0f36b30cdafc680db30e465c4f6b98
8530f2fdf1e6cd647c4a374b61be981e7ee5b8ef616c16c3f9aefb6d2705b31a7acee3c979b54fafa33c399109fbf194b5cfd53e9eb2a917ef8f7bca
33a99563ed33fcc79b5fed33d6677dfa33f195f36a9f7966e093f36a9ffe0acdfe2be7d53efd6aebc9d98f1824e7be1e31a81cf78841e5f8470c2a27
3c625039f7230695131f31a89cf48841e5e4470c2aa798402bcf77999d23c1a81c6b1f57e693d31f11a71c13dd637fe4cc47302a6751c38ffad8f8c9
fef952b381dafc681f3ca81071caf9daaff865c584f8b55fe19f2b5ffb15e1b9f2b55f713f57facf2bf1b9f26547a5e7ca7ce6ac6abbec8bd2d30e66
37691121275dcf72a01c79fc8727c7232dfb9313ec3d9f4fdd8f34500eb3e663242766cd78468e6d690f179e31605bdae3e8614f4e451a7cdcd39e79
ad1c16acf9f1d460f67d9465ed533ffad76cae79f5675498dd35d2c7e832db6ba6f8946ef6571b1f33c2b6b44fab3eefb12dedf3151ff7dccf02aa1c
80f81fed9cd3b35c2a273f8ba3725eed7324ed4daa3e6b9daeb7671dfbdbd95b20b6c0cb43e7d7e3e35988948367f77e3a3faf672152ce7e16227270
f51aeb694882d885f17c5cf1cf22ac1c084ffad3450582e9fd08b6f2b1582907f293faf16622685d4f9d0bcd669e0d27559f4551d76da15ae9a3641b
527e7ed48e21f521526df77be48fe15b3e162ae5d890aa1f83de76c0e7fd31a4aa86d453baed80f7ab3eed67bbe0fd7348d94ef88cf1e39ef8bd7499
65ff63e932ebfec7d265bbe63f962eb3f97f2c5de633f663e9b2ddf51f4b97edb0ff58ba6cb7e0c7d2653e643febbcbf1706db55f8214a9afbee9de6
bf857e53fb7ce4dcdfc2a5c5ef3e6de95bb8989fd90fe1d2ca772fb7faddcb0641fa31360c7e7496c98f7bc6b7f2d17e13497614f0636cd85180d41a
723aedf3d13bb667f24321e8fe5b21b0bd931f8babed9ffc1875b687f263d4d991c28f5167c70a3f14268312fd109afd6bc9fbb5a116fad792579e2b
5f4b5e7dae7c2c793f36d4028713dae10a66f5facc666b586ca8b1ab14161b6aec2a85ad1da74c4a3b4ef6cedbac2a9f0cfc7f5299d426d5bec6d88d
a534c247ce4065194f0ebdfc284cf78594c81ff7a08e3cbd7c9ba53473f8c8d1b9ff2f63e3163ef9c118dc4ee7fee1c911f8e57e72047e894f8ec02f
e9c911f8253f3902bf942747e097fae47c818b7e61396ef7058271cf952f108c7fae7c8160c273e50b04733f57be4030bfa02ef71babfd1bd4e5f65f
2098fc5cf902c194e7ca1708e6ff07ea72fb0f7ccc0fa8cbeda1fb78b6286e8f2e50c69393b9e7696ef821d2ec4f8e7cb89fce865cd0a5f9e4e08b7f
3d43048f21973ede03803b7e3c455cbafb197cfeddd4afdc57dd7f7d4db87e5c29e3b9e27e3e539f2bfee3caeb9b9e2be1c733f5e9ec707f3ee35e9b
64ef2bf16739cfd009e9e7331fe5e41fcfc48fb7bd7176af6f795d7daed4ef7e0bedbbdf42ffee37b3e87ef45b98dffd8627d367bf85fddd6ff7f5dd
6fb7fbee37c8103ffbed0e7feab7fbfe53bfddf14ffd76a73ff5db9dffd46f77f953bfddf54ffd76b73ff5dbddffd46ff7f853bf41c418d7230289fb
969fbd829b88e1d747ebe246353e44a9e8fcfdf314ee542f92d45f3910503e5b67b7ced0ea45aa7fd70537a8cfbac4f95b5dd66f75d9df75210af867
5da0e7ffac8bcea458186f9d49692914748893e13bc9d587a5d0ecab93a23d133010ced0ef375488ef4ba004cc29c8df020479a5bc5d7ba774da3648
dd3c47e96674b4e1a8a729e76db0517c37d4e79be7061ba5c0ffeec19db8b0dc9314c757f7c26ee33cf6b62df23638128bb691db86398a9dd4b414ed
122fea62a4133e3a4a375ef593e29de6027f52f61c64003edaa2d1a6b9409d94a95fd3686d7dbcb9f3a6bc1bcb1d2862c4da868dc6c7cc7399b79815
d95ea48bff83a3de576a72a71d4bb475f1457624d1704cf3c95499b638b94da66cb4053e22f145c43ef7c9d48546c4ce934aa43629de62ac403e79de
62ae613e99446f2f2291ff5e16930d97b680402433691bb42e3e99f5d4d6a2d27676d63687cfc9cecd1a51707db253abb6f1714a7662d5b651e8f86c
82ad11bff6a422297b6736adbc5fe66aeab369e427d549b1ad66cec13ea3415fc62072523729eba2bcd0b78d08f5a4b893099eed7ca6c3fae5f39666
4e5d3677722e9a37ef347fbd97ba6b297357f78573840b9841b165a61320eaa4ac9ece9c527d31017f525cb323faee989aa57067e14eb3203b21b64e
8a3bcd19d9179b2a1ddf485f3616c6e64ebee185a339a97ab1f50344a3da39c54959bbd4cc26b151e19c542575939aa4ac5daa598fdd73065db1efbc
b1769c14b6dda4bcc63b8d73eca47827ba7c356ba9fb4d5d0ce6d483a3743bd1e9c188027cd3490d0b42a3d6c19c754f8aed4be3033ca94caa91e234
c9689c7c735c43bc3413f59d00a1be99983f29eeb40dc24ed08893aaa42821f24ebeb6d982d00998e68925df6f706b44eeee37a280c8dd2765ed49b8
de7ee3f044b8de0e03a027c0eb59076da2129ab5e39cef09cdda6fe395f0c4c5ec11600891225f473a96620f82c8789e906c3d02a322b45a8764d313
6cac476631dce9e7cd76273cd23d9bd3b487c4f7d8939ed44dcabe0822db9e9955d0bef6cccc81c2b41369dac311d9f3e64e3bd73d75e74e3bd33d29
6b4f58057b613ec097d7a1eff2f0c2f562744c1ef2b75ecc5fd6430dd5cbe04edba6ec909d7a28907a61ae4081d4cbe239dbdbe9902579b87e4ecaea
02134887e9c44387d1e1a9f7d0619c94dd092544af46a0e0a1843829fb761cf73bbc2e1ec7fd5e413ee048df8949e87181ef75fe4d24e31d7f6ea4f0
9be28cd5cce33ede2b530cb7dede70eedc6c3735106238f99e146f61da36a6d836df9fdef44193145dbb11a60d20c95e3cd7758de35d8372045c607b
b715f5a4ac91baada8e1322db3438f1e2e6addcde32fe05ada712d0fb896f66eab6dc091b4e38d1f70ececc47a0e7880f461ba4cc017a38f8b1218e4
83bae073d10775710cb361932a3844c830a7d4e01ce71736c50270f63e8cd5220038ef16f4e69572a4782eb305d679aeb0d13728bd91321e92e0d81e
9a176f616b08129b00a6af4fc32405307d7dda864af09cde4d5bb80200a2be2eaed9a66187982a00a9e9cb16ca00e8a543b51500bcf41529cf16e6be
8c262700f6e82b53ba6de0f465d33d70ead0b74de297856f299b70812d8c0e4557b8ad8401dfda493552dc69f096711997ca4971672765e50da8a1c2
cdf13e343927b54959ada38982e1cc053ea0b99dd42265ef748cacc8c920ac1621de5cb3311f22671b306c9c141b4595775a6f9e14efe4fcc019022f
c44eca34cc100727248cb3c8b77bc6599c6c5a33e6a3899701d5fe494d523c3739110b7a0e2083a952210ad6609c1a2139de62fa66488eb798be1952
e09cc3406521e91cd016a0934aa4ac05d3fb4484b7980e3bfce62d996f60b4263bc118de0466487c43302aaa904dd119c108d042312b7fdcb6ac8442
eb465b564e8a5323437c8642eb4653eb42c99cd5323e8b1d829c94f54a29bc851159d8f68e8cc8c2967734b52e14dbb83e29ded2b9b353ba792b0ef0
9b27e5484d52d46550dee02d2fd9fa5f223994c92b8d1bf7a4f884c54be8f66814e1a1d8ca311213a7806301b2fddaa6b294ad7ea15e1c901b60f7a4
3c297baeda4ee248b63286ca204fb616866a1b182315ee0c94607a63a891121a25444a6894902861f0ce44094ce94a7302570fd5ce0006e1e9436502
e4c073a6799f14cfd99ef5c8faa2c1353aba0eae21caabe1f5468e7cc3022b53780e5190999a75b13fcbd4ac8b9a19fb46a89b77226c9a10370894e6
a8351dddcc8c3a297b67b3257514833c9f943d571c6fb9413119583ba00d1e8b957746ce1198a88dd31be22b9f1447be85b754f04985b7d829c12808
94d6291d81d298fcc574d193024a61ba68e886181ac4e50bdd16ae4134e940c8fb51590c89373eaa112205e28d8f8a2820b6f4a846dc14880a3d8806
7952ec871b1555202af4497552d6d395094ee4e701bb70204af380c939108e7834165f82958e669a69206ade6843296bcf66d0da40d4bc93b2ba1046
6110e23840223f86c5f10990c88fc1cc81e27d100238c06c3e0622046ef1318c332ec02d3e8651fd04f8a0c7a84a5182293a0142e131cca60b100a8f
611a6d8098744c6631dae798a6c306b809c7343d35c04d382673133eb931997ff0c90de21c0608c9c6647c423e3508e51b209f1ad334d38092371633
0e8ea0b198719b9e86742c6c3be91d2bf19c59086331abb6d99763999e1a36276bb07487cd1c5bb6dcdeb0b58c6dbc8cf7855c224cec0b1441eab614
3dbd6d76dcb0908c9d780b0bd036bbedc6e9fcd81ebcc514ce93b2b7e0c43a2f53006f27b49d2980374ad734e2880f919cca4f897ca38ecdabf354e6
8d36ae6ed4b179d958bd9d8d9649a8ee93b2333e7773a7e14ba78bdc69aaef74b675767bcf73a6e29d54257593e22de626717b1bc7136e961becf5f4
b6177283bd9edef6426e1078d39b1bc00d106e7adb19b981ff4c5c5a6ea03f3398c27703c5990407b901d4cc600c4177304b77e2b67203f39821f04e
ce2f43e1daa084c6b54109c6287a736237897f7adff410d4cdf74d0fddc66b74b34d39efc435834dccdbf634eedb100c27d5484d5256c2bd3879dfa4
36e7e7b6e2dcd114e1196dadb8a3cd8d196dadb8a31d00cc6823fea42a297b4bb44de64930e93b16ceb76d17e38e3aa19f3c572961f25ce39d8cffd8
78a7a99b77b413cf9918ffd170c2c732e62db66e9d146fd9dcc9884fb6664f08d6eee4b9d3568093b2f292ad0077b2357b1245f54e91e7266fa1d6d9
738d5a675322ef64e7dc3333539249eb23432329aed9ea702793d627455d167756deb928c1d68a3be3d082fbd99d716821cae849b185ffbe66dbccce
36a4ef8c430b942e373b77e289bab3a83bb2523aaafaa3a7defffd9fffe77fffafff716e793bc4cbbfe45589171afc1f00dfffd886b43285c3fea0d1
bade344049ac4dc132e5f16a02e26416320580c6f5cee4faf526dac9146402ef7a33e9d84e4c8062fa7a53cd14bcae12778a25a68831cb93c9a7887e
6b517971a3e08ae8aa32a93cde88f8a55c6f5e13bc32bccd80eb4d348287a13782d7ebcd12d2e5f695c8a4ff3afe5e852a89cb63f04ef366bd2ea1f3
4d19f129512541e417ce515399b4fcc20faaf1ed828f6f316b71a76814f0e94b66739e8165ed89cfbcb8ca2ec7d1178ed92222bbe4828d576970813b
0d1b733acc4e2ea0893da94026ed692bf1e5f0d070931316bec8e102e140fa87ca3b41f93b00f8506a9d94751c2e8857b0cd900b17c4cbdb06e5156c
6bf8c263eec255ce4793c217ae72977ce4a2e771ce523dbc07ecf15d9ec3521ff0473368c5e5390df5f01e44d3882e9ceace1f2d1ff4ce4e26ae6716
08f3a42699f89c05bd937aca998e46c699ee7a7bd1d92275e14577bd5ddd6e3e93833ebcda42a814044181dcd2d474b8a55df88f8550291dcf309cbd
4228948e1b173e5b2198a272527cbb199421984ff285bbd6e539b10a9d7a7262e599b0a128b390493d4dc45e1ef7705f789c19e7f1e766672584a1cc
4426a5171e676afbc23b1b95676afbca3b1b9fd9a83ce31392b74b0e4e78c99c062473d247c0666eddb994891088b4273e1e386d18bfc2c9c421e102
961e0805710149bfc0357b987d2f30cd17f05e3bd77b65deca9480f06432d84ddf3496ae5726fc1280b78e36426663066c0e251b9910aa04a60c0123
2f768ece9f23f326d3de2980c76d2ac0257c0687f11731092f0ee22f4edf5f6029cb64d072607e323399914cce1155facdcb22878446257b71007cdd
91934a5b5a4f2a91092cdaac8e93aa64da51d73043fdbaf157bc7f8170c9a47493596d64aa044104fa521b4577363239d334ffcc4b67b6b7c0ad857a
b248dd9c310e7a1375ebfc51cf4a3de155b833e7ab8d7a4292f03eba6dba93ce299caf76ee8406e12e7c91e9b4d70debc0fbac9795eb86d5ec2e3a82
e533610fb82b8f2f0a822fecae3488ed8d9c542693ca6fbe086a80bbeab096ccc6b737ce57d5478cbabb71cc1ade2e98a80fffa650dc7093ddb6e0b6
7933faa0faba01e0cdc4bb59546fc3ceb599e91616d5bbe32391691878b36e3bdd6a935972b3a8deb6a8b68924bb7163d491f85407e293c8ae699b48
9d1b07c37bd00648881b4fc09bc35418694f8a769db4c1a6b1f1e3637fb5ad4b77d25793f3ddc03bf1b0bb1767cc810ec481eed611f5ad3b69105b2a
1b51f44e8a816642abc17e7e528ca9adf36732115af7e6103c524fd4847b738a9da8278c02f7e6303b2bb39339c9a4e5615f6273b82dd3b3af886489
1705d9c9c4492532a9fc50662193826c63e8a43a99d6c5cb74f02b82da8b9cbd6f044c0482171da7e00c49200657b4a3ab463cba97a3a6657acec411
99c00f2ee10e88077961e89c3fabe78e7a9c823c05a15d463338cf9f7dfb66058bc0b662e0b89dd9cc1ef885d5d4f6a0f27026455b0b4ee624937722
5cf7e271188fa2c9d84690b42ba2a0c51b84eaa54cde694b4997120d92e20242d12f665c640d891c865f2c6b11e11a3972b9328fe38e1e3905ba0a99
f88e03c4e830209f5424b390496fa226c4c43b9beea48b395a256ed11541c2b0d5dfaf4e9510ae9183cf6b5079148a9879a7da13969a98812f306123
723416cee79986110e995838ecbf281d2d2372a6eaccd23c290a3278fcc9d4e334b25915dd393d4e2b9906d29da7f2d0b6444e895da0f2f0b5444e06
392539a94ca6359d63bec7ca17010470519914c469af8bbcb35110b000c7848d283ed8d5dd1565f2cef6f698b24c381523686737e962681263e7710d
45246d0447e02f4a87743072e6e5d59e685871080ba13ba93c87f61e691371ca8e131437da5044d2464ec7bc040b92364e30d89a7148da3881226b28
e210cd814ff74d7752790ec3717db840019d3f501a83c711aa11a08a9708c21a899c43fb4595f0ed8d5bb070be1d169788e72dc4f327c5b0e18c94b3
9d2ba18b25b02c81599ca08d4b826038652632414d6049035a3a7ff699c4b93aa94526580f9453004d1748a61e6c73ed4ac0a5d925e901b19610aa09
b8444099e2ccebe2b0ab4baf4fa08e4139f580de94d01913c7a8819667afe5fcf14e667132dcedf9a3f2837a62baa520b7e1bf2b14ecdc5c29081662
7d95d04793901c4c1d8ee32ecee1baf4fb849f5ae200fc66ec27dccd92e10e3b01b0af04fb468a604c16774288918069448679c24e4e2024221222a1
7a2693873d7add490772a81eb1fcc17f9d3f8027a809894d138e0dbbcc428e0dcf5f22937a42fbc52162e788efa4e840801991652d618325533d3b07
7e2745d32132a33a106aadc4a17ab4ddca2bc1a9954c487662215c09d2ac644a6a8778e54a90f226c056117536a1a4261020502f5d096e2b36d93a67
822745d3d94e434f9a10c8bc84cc4ba872097d3499e8eb898525b18f9300af654d32f671125080ac61831e9a80b2654c8e04b76cea42e9e84e4688e9
a13d6be6a172a6c13b3575503993a99c2f371132f922a000b92893c120e84ea174482cd2e49d76b87a25d826d2e49d2caa097a8934f170d7b7c31e91
908eb953cfa977da00cb1ac9b038b031d9f35626052dbe1ddd36b15793409e1474b104a1425a207f582a13ec0809b05cd19887ea2099e6d9896d7f52
541e3c4961554c6c5725446661d066b4cb0c694049ca1c64523a2a7cc68b2303492bac6019978c6cfe17bda0c267acf46cea61afe88c19a195115a35
ea4e0a327f804e4ce8174184650a69c40a9601e3677ca56b516626b39059c9ac64024d622326b347900388a84695d830ca822da15967f686f2fd76d3
26936fbf05775a64f24e1c84ebd49d8b4cc05693d2d945cae0f7386f3c29de693ebfbd6ebe08f999c1e85596b58c536e36d5b1137ce1458861998076
1af328a333e6249c94327927a2925034574654664389f486c69aa15ccc19d0152b584691cc88ca96a812a2329be9de89f97052148422d958c132567a
ce82605125acf48ca86c4cae8c2299512489d67a52f4260e944d8d5c693af4bbce98cf952faa20aa02efac74075e801d6d3d370a3213fc64da34cc28
681905ad6b24631f67134f275377f2455df02cddc91721ac065a5b465865004b83e52cc3d093914bc3e94eea09e27230b533bc38d9c4531fac5c991d
de8c5c1ab7327927a0dac1ca95b18f33e037e0eb57866f4680e2a179845cca686da35025e452061f37aaeea44180528dd7d6e75f148a8c24cb48b2c1
0298b1a833cadf600b3463510bc13c580041309f3faac60298116f19be96a1898b459d81e10ed63a60cde70fef44265941f92b006fe7a54cab5231cd
ae038d3fa940a6f5c08ccacc645ac3008dbf0a82b0a0d24d8b3276528b4cebd589865dd8142c662e9fcc4a6621d3e6e89c5489edf4026304c8faab20
f34a10404e99940e0c1764fd49f14588b7c5a25ae0f22d88b715291d55aea0ca2d54b982f55bb07e5756e620739119c8a4203090dacb286c420a1fbe
58930b32af00565eacc9053bb960272f4c8e82cc2bc8bc85fd5938372bc016d7a491d9ae2ce88c0be15ad86307b4d5377314d0d6f9b38208c478529d
cc49269547672ce88cc0fc2f505ee7cf3a6e4765d271a88780feafc2c67b31356f10f7fda4f8f68283b40603d66fc11bfc6acaa4745cbb2f16ab4284
84520538a4e9308981d60f19f905e958e489ddf538f5047176753d4e2383f3b958eb4aa3a0464153991484cff33569a5c6b0018c7361c2954623e3b1
7c69c61192a00072711ab448dc827faf8cfc826faff06e8e23a4827a583a9046afc72799c24ef24518cf02c13956c502b75a19c24e2a93d201383af4
fa82ce58ccab67683ba0209b05a573ac8ae0e5ce1f05b12a029b3b7fbc53631e315c80ca3834eb827a5896809854095eadb2f84c0d6f943e3c2406d1
194f0ac9b0418aa25d16ece4b205e05426efdca02c35e6d9672c6f7e296b3ab07b97407b1e151e778bf307d89223b96aa8adf30792928950919f158c
9a479104e577fec06366656632a9273b29957dc6eac08d72ea5ad967ac20973c13a1223fab07f1d9756722d3c63c9e1c17a8c2f3473d910c153bb942
02a42d86ca696685bfc7b3f857c46f0d0293ea4e0a828f8700682755c8ac64523a325960466d3154647235993c02eb7cc5bcae269a4750cbb32359c1
1ce12b72527c11bc35212b932fba0565a57454ce0ab40a479093e29d91774efa1dd2996a327984a53ba93ce8c0c02c065179feac4188467852340808
327c45ae8a7659e14dd1915ce534b302cec51fe4c283e7fc3532f75f158a8aee58018645b516ba6335c13b6250265f56de041464d284485cc2429ed4
207391c99771fe5991b81115b922712bd0b368ce3e27c52ca9b03d98cfcf4951bae82f58542b9b9078238d9895c9d817e297451588eaf9a374f52a12
b78a56a22893c66e820f5325302915f05ed42c215e4ced4084d1b041bf9e3fdec96e42453657306e912da68a415e8537664d06127b090b1b9732e955
b0f21193b8b25d594156824c3a29ea39694f24596567b24e981fccbdf1aa6c425610db09495611ae15e19a58bd2bbc8b750115d62443e25653754762
0da99c01d5454181964763ad0bdc318b7f450c57c47092cc63bbb22286934608674055f48298d915315c11c38989db38256e178fa36103f93d7f54a9
29b393c9e3a8c68d9d49a18213bd092af8fc090acd9d503234b08d0925a5c1afd01c6c4753991404283f2d3d3ec9a49191100d23bf790adacabcc904
c48c66ddd06d1b18efec9439c884e206404dc3f26f10abe5a04c2a8fe74346ea34846b0be0aa6f65524f409bd998ac4f8acf4464e2f97535d4d876bf
8932c8b461d3c0a666ccd7463c8a86c8cce8f50d9189cfdd8bc7864caa14c50c95c8a48f22186ff4bb86e9de00a86740250da8484bc27f53254cf786
b741eecaa4205150a1ca35a0612df145a8728dbdcb96c17fb371d0d8bb6c1970b75326df8e502d86bb3c29bab8c06a87d6d6d8bb6c050a3faf4cde09
615141a836d4d8861a5bd4476c53b62aa63c4a47637da3cf8b32e938bc224aa14a68acbfb0e836df1b67e90dfa9da256420f6de8a1058baab177d980
5e170d6fa462432ae23b7752bc13a9583592918aad0bc3ae3bf94cf4509ced5ef4479639c09b27655225a422ee7527459586d0ee64c29adbd02eab66
31db94cd84e3c96428a2723644659dba931182df469d341d1cb66d0a1e5fc9a4f260f4ab8400db016d51d052267d84a8ac80201a273b6df145120260
7cda12825e990c30e467637fa4212a1ba2b26984705cde36b0faa84ce412de268dbdf54e10a10ebd293e7b2795c8b4b1d4c6f8ab42d111ae1de1aa2d
a6ce09797700f8914f1dcd154fd88143df49f13822b34765dae77610f81d79df3d8f7bc0fd0c9f8e3eda4d1e8ee19439c9948b80239377221d09567e
52914cb90f50107b041dfac7c156183ebae78f82d0863afa68471f1d183cf8ef9e3f1c0dd0713adb011d82449c04afce6e6787ed50b89c4e989f8eea
09fdc14905324d360ff4918e1cedc85102845f9dc3f08e330f7e8427c567bebd16c8241e4cb70dca219c4be788bbe38485abe14951799c33268b6a47
92f5223f05de89d0ea08ada57e47e9ebf23e08caa42084d652bf23b4bad8cb344e115a1d335ba8908e7ed7d1ef16eb5247927524990020dd8e9ccf9f
2d028bd5069f974bce2eab2993caa3f42d16968e78eb88b7c5c282ebcbf9a3204cf78e78eb88b78569d431c83b06f9daba93b1847ab8d8a6ee5da55b
d36d569b8e20ec08c2ed94c93b1184429a7458c9fbc0ad027bbea31e76bcd3b6c627fba27dca394399541e41b859583a4a5fc7cc163ab923c93a1e5a
028074f4bbbe71ba604bb973b6d24d4c4d613d3a28c06ea2685e8cba81f13c2e1ecfca0c64e2fec1a81be877c3f4bb49d0f86b2082c6f5a6b8237391
b9c9b4613338791e8e8290f78393e7e128c898f54f2a9289ab08a27da0f40d53fae6b59449e98e2f42b40f6cefe1f11f61cc0fcf3b715f10b06220d6
86fc47d87c1e66749fbf4e260581f11926c8a643b40f84d5c009029fd46b20ac06e4b4f0fa5f03629f611addc4eff41aa872c36039d3a31e0ea4cdc0
71046fd26b206d86499b29bcc3604b71e0948337e949d19e093f1734ac81081a492e2dba937a9a2e36856218e86203fe4fbc50afc131cac8f2815126
ef346135b571800bd9f98398d729937766dc5dd8b2192868a3f04e4ce181581b456e32cae4dbcdf89d811561b0f938cc149e81e13d50e546815b5123
99cdc761cadb0c4599b412fe1c81cddc81293c2aa5b34c0ca4e2a8f8f8b04c0c04e068bc13e13fd8671c78180535320270e0c41234681180a3514fb4
b681b01ab88adc2cbb032781d1f1d5c9d493f39a3170d941171b089631e5b9439538081e265fa679fcfe45a118a85fc3d4afa9dd8481a635267c8b2c
170360e2c061252665d2570b0f1e5686c1dee058720752268362f14e8c9381513a6c8b704635217b8363f3cea94cde89930faebf47a2589526422b31
4e27426b22b40419986c03ce4b6cf736ef27f269229f70fd3da948a63c8d94d9c8e47144fb44ea4ca40efec027c5e3481d1c818f90b3b13f6dcb6ee2
e57b528b4c6b90c4a0989ce8ce1baf207487097dd8349132055898eca44d7caef000be2616e08c7246a24ab8004c6449363fcd93a241a21c95b81375
669a48993235e121397f383f31fa26c6dec4fb2c337526fb63d3ce1752ee14c4de355ea2f5c6d0dd2c95db96ca52cc35e9da6c146f5bc85236df0d77
59379ebfd73b73bdb3655a77b8cbbaa336f3cf75de3ee5fcbd32e3b661e3bccd51871760629239a24438d0fe799adbac83e8df89dd3fda0eaa8398d8
c1465c8a29140efa5e07676f4e161fde059b01e7cf5888c15d3be82e1d1c9705189f0306efe0544bdd1c8f5db48f76d156ef9aec90d165b39ecedfab
f4dccca9c115eb5bc791556583c315932ce7cf98f296759ce320e3fcd9b78380749c5938ce2c524d8ecc6d9926607230b4bf435d73e869c9991070d3
2cb2f3f7caacd17c76dcb22e3e7faf26c8c5bc3cdc5a645abba4642baddbb6b09c3f6bba572036cb2c64be6a2672348767adc3a556fe5f27c5e3b616
c8ffeba42699af2aedadccca9d26da37c41927d5c89c9669f0b8935a96a9d0b40470bb2e7cd1cc3e3b052d32339985cc466625f3a34a2785e3def566
6bb54c27ffb6f42393c71d8fc31bc5b83e7feb3393a86217f15ddff52440d8c55e948750e9225ceb25aa46027d5db8a15c8afe6583d65fb81f5d0ae2
a530d084dfba6eba033ebacb86dbf98b4f779c142f8be3e9387f990c397ffef333130e7fe9fefca24483241a19f2b78bf84b17410933745cd7a0741b
7c5eac4e90c59c3ffce9140cd7416e4b583794a99382d5d636fc2c849465c2ef67badfc9e49d8466738ac9060995235699c3e312f0a0778ae2d4f247
bfe3c07cfee0e2cd0a6b6755f28e2a79024439eac298f010017987132163c257458b23a57ac2c7e44d967b649dbf15d62ac903d2aee1c9686e8a9689
bb68a5a0415df03a743037c9d328d8b1f73b565930fbc323d6ce875d7f53283c9e3c1e379da0a8c4b8e9781c73c205efde4d7d6fd51776621c6c3c9e
356dbc190fb9537e365008e267e3f1ac69a0583c2e35feed5243f0405c6afcdba5460c8b76fce2f1ac69836eb9f117bd45421e28bd5279b9d4c0d575
571e974b4d80fb91706177a37488a0eec6e338ca8c5b3c8d854c4a873410cf98f3c71745581bf141c5a7e56452103d770f1816210cbbcd6ef538bab4
97ba6e997427048123d34a3867cac365982e7652143429a850d0a420dc5e46e58b26df3e7927e3f496431dce2c03963b9c59bc9c59063120ef4517e3
b732a0b6ba17b36be15b0681175e2c1ef79536e01bbb37edb979e7a0f4cd3b378d3c68ba4d23e3a23220fec245c5e37fd206ac7311292e6f9401bb17
de285ede2803beb8c86c8eb044be94da5726f128a3a374db62f0b8a878b9a80ce8d8a2c38dd3e1c484c8c461c5cb45655e3c4e84c968f3be4d78fb22
8124a3c735c9c1c1e9e5594ad00e684823e121e5783219f3b8eb7bfc4f4e2664982c09b89a9c4ceac992106faa1444c5c967421a39e1cb8c8add88ab
df642244422ac68857171c68789cf818f1962278674492e178d226132122d762a27426424c78ea26dcc720fa8339eafcd12048c788cf393e266d660a
2272203e266d661a3953f94ce9c83cdc493cee242793ca9b98397f7234e3330bef44864c66472c3c5e694ff855234106f1d66893d80bf11d4797c7a1
27c44de3fc513a631ea78df347e98cf948b0c068dbfe279356eab4a71ce226ad84bcc74da34d38d471d3387ff4e6a2f2880b3c2b4e26054d860df31d
92148f9f85c7cfe264f24e56e8089becbac4bd4abf2f5cbd44f98aab6d94fb98833595a8b2b83fb4c5f84c62a197fb1832196788f387935dd0e39d4c
de19c4d26ae22239f9d36532c565cfe30cc584da951c8fc38d99d01d127cb50bb2493c1d3c9e0e6db17a2782c04235d1a084f1b83f9c3fbe3d4d3229
28e0f7c7f8843fcc2726ecca228ead64e2360843600ae205c01d8fa188cbc051017827914df11cf0897573316c20153b7f7c26fcb83802783c004e26
952f3c5ee48e474184b906d0df1634c08948d660f74f2695479503c2dfd6a6746268a68ad3e2fe2b28d327db913e7a0cef66a081f63f7fb8e5113c17
460e9f7030dd0cb404b143b281ddb6135f2efd3f70cb43e6a541b74c9ced34a658eb122e9e5b3cc08a0b6da3fd64d25a136a85c53b35a6509cd2c225
5174c04460488c7d087b7c66ec83716f1bf904d4fdfc517a862897b19f59ac36fcb599b10f0cfe644632ad4a99b1bf0bbcbee89c60e3db26026b66b1
ca90346fd4c4ccba94e5bc58a1fe654802596f1b2a4a20ebe78fc7bbeee4f11b87488624e8740f3abd6d0861457402f4bced49e5d14701949f4cde69
184b9f5919f6a274ac8b9cf84cd8a781979f3f3e93d107bcfcfcd11d90b08224f742928b641b24f9f9c3fb109513d0b81768fcbaa812cb05d8f17e31
c080907be1c32fc45b56dc597c612e94d34c58f80c77afa2796446726e7873c2840d758bcf8a6702ed7426d62b88f07e110d1a60b867ffa05f8c3ab6
113c98ec0e1d8c079a7dfef8228d25443bf0eb9349e54d873b7fd453c3467146169e971a21a87240a4fb45506c40d11e3474bf30e100459f3fded9f9
f6cdb7c3217a31960a134130e80bf6eac24428308a423775528d4c39834632ad4a40a44fa6150452da0391ee170b2048695f02ef5ca298ee64e23a49
bf0359f68094bbc32406abec0b84ab8e2e2eb03d0052eee0443d58e5f3c73be977b0ca9ecd9dee3c05619115fc2c5c1097f52093c721252e91c7c11c
bb9b6fc72007657c3229888900cab83b387f011b7b50c627937aa26181323e997a9c6fb7497232a927ab0db491dd25dab3f0edf84438241810e2f347
e5d98c0042ec8b5c66d1c5c0079f3fea09fb31c0605fe41d8bfd0130d84345d95da59e446506e07b3229080dabe0d4e0e06c0638eb81ca76c5972e58
3f055754c5842eac088529e334c0b07ec0c87607df7161ca145c151cc2aa60519725e75a0a6299003fdbdda620db0ff560644fa6d8c77527fea9c47b
0738eb01ce76859287edd2039c7d054b7865029c3d7f38d7b2e70262f6fc7532211ab709e401b9768f0151d95ea9b8787a9648f0ac1e9c68f75800e0
44cf1f05316cc0899e3f5c66a3eecc645a7778864d652280f7ec702d79609fe78f3bd95ea98cf9aaa07b79fe55a1a8ac0ca0403bec4cbe32212ad07a
6d5bd4a477d38455cced34219cc3daa5012f7afe7827fcf60045cf9f5c91a165676500127a32690376284086768f490c40d483d4ec9ec8e220353d48
cd0e59dd495532e940062f484d0f28b3fb298a78de8997a487a51b50a60794d93d2a5d456faa4d4ecb8c144c0e4099dd8bf49e50e470917618f33c5c
a41e6c660fac9f9575a9e28d1418a720353da0cc1e449d8f1d0206b1076cda0a7955dd726fb6c71bf63cc0c41ed89d039178fef03a86381c60a26f72
9966d3a4b13234b94cb369024cd18341ec81f0198d95a1bd1da121af47456a6f4768d8eeb1191a5e33105b79e086e78f6f67d834f66f1b5e33814d13
4084e78fa6433e35d8a7400176588f3c2840df22a50ff1e953baa94f2793c7b1bd0103f6802403fe77fef822060328400feeaf432f7c52bc13d28780
59080af00c6b5a8961038ccf37781302da7a33e9ef1b04e9372a12e8baf317c8e471b6d500d9f59b7e076be7a178edb7d7e37c3bf4de3781525ae34e
3cdb6ee413f8360fbeaddf51f1022868f078d49d7a9c8234c026830165ea56580494291066fdc6ae0361e6818f7548187d630fab6d65122100310c1a
acdf55993799f8a3b371d05167007cf59b8d83cea0ed0cda5b510718b4e0befacd08e9ec3701f1ea37da3a48aff3878b3c8a79b7d17afef84c6cc58e
6807f0d56fc612802fdf71d4bf194b20bd3cd8ae9349c8044e223afe5f3703ac634000f8eaf7d2e33614c176f59b081680ba7c4799bad1eb3bca5467
2842787d52341d7156a1b1f400b0ce9f7cf1756721137f740618e0acf3872bbf91f89d542413c777f61d806a9d3f3cec196020b67c97333dfb621de3
b9cb6ffe560c091e97df3c7bc11d15a9cb6f1ec3b1b313dde522cff8eccc8e8e47786433a24f0a4249894d99ba535efb3c8eb2dff1bc8c86ae3a297a
13653f2a62c6e29da83391ddd88e3a0324a9470d1bf8083b2e9351c306031748528f28e620937c6722447470b0481ea051e758df8337f2c0724ea6f5
11e81c3f188af081fac15004a4d31366d680fc0f584e4ff43be81c3f88e690d0c1074c7b60754e260531c006ea767a75f15f148a811c1d8c9484860d
4ec6c3bf7c86225563a48007e9b0307a6021e7cf86241ca57e60ec0d480a12811c47a7be5d1c07bc934575e0f79b98f7e0488e2660dd92884402acc3
03ace809cd75a05082afe809d51398851fb8df278ce7495f4dc84912db8013dd11b445cf2cfea02dfc54c87394d449074e3a104ad5939a6442d0400f
4c56c589ff7c26c4d14496809ae840eb3de0093fe9d58cc133e95530142793482b1ce2819ae899304680273c00890e32e2a4f822fc3e33fa287089f3
c7e3f4e6a4df814bf44c6f8293387f7c3b4aea4c7c3b1eec19db7b722637d12e33cbc544144dc652c6f6065871fe78a7d191fac9bec344bb844ef6a4
7867e69d183c93cdbd89285250d059782736586e8a2bb3c8e47184c164736fb2fc66acf4c9f23b4d79eb193d74722c35a103ca6c034ef699a7583018
6013fd6e0e2aaf01860d0685782f1a4b93c7712c2f9cbacf4923b39751b06d26e20d6c422f68199323d989d02a18e413a13559bd0bc260b27a4fdcc5
0b06f95c74317ede45e313f2c7c9b64551f01eb62d261a6be1ec6f62834d645e617c4283ee1753060704bf58e7172c3d25124c87bdebc5b645898ac5
7393c917313e171bda0be5b4303ee1543f7fd06da0f02e96f4e5291ddd7671c8bc8232ed33170bf542912cd8decbe0277e419a53503d56a4f290e614
cc97c556dd8234a760beac4495207d288ca545a8bdc59a5c5063175b0c8b2d86824db3d862582cd405d563b1502f264241ac2d0e82171b708513bdc5
06dc6222140cf2c59abcd0580babcd42635d68ac8541bb2adf8eed5530c817b6d7c278aa183a0be36961275596a0859db4d02e2b6aec62cc2fc8142a
21db162ae7622254c6d262222ce2c4548d25c2fe2e96f48a5883f7de2f7813aa023a7114bb165c216c142e8e66c0eaf48a410e64c72fe256550d3022
032ff6efaac242b17fb758502ab26eb1a02c1694aa01c68202eb7eaf0cb0cd44d8f0b95404e0067ab3893b56cd6bc66fa0371b8baa1a7cf3a46e32a1
594182c1e47ffea892e22631bc376a4265286ee880376656e5a06d63666db6ff2a626db3fdb78378524cfc6e5699cd06479d54895566b3c151d93ddc
6c70ec9b77aebf1f796cc87e37765d65481279e0fcf1ee4dc344decdcc6b97c25259ff6f08051a66f666926d9193a0226f36e23684760d4906a0eafc
6d32291d6b6dc3ced46edaa0d25aec3b3476a437e735a0ac7a8b8a8d65c37c13cfbc6159edc63bd98c688cbedda827da5063e767a30d6dc27d3724d9
86887b138bb061baefcea0e894cee8db9dc759979a6285b12e6d54a486e9bee1dcde68c30d656a337536b3a475be1d90cfc6d86b8a3886b1b7592e1a
da30b8c6f3c79dc40121ca438064bd37c28f10de215c0cf34630a6cb039a221e55338b3a80060b171c1c5d41b83c2832c888ba89a270051e674477a2
ac80060b171443dd5125dbde3e7ff0cf380abaa9a78de1de3d05091bc6f8ec0455ba22958738a807de0919f515c57eb3c9ec64c27e732b2ad9b64c38
827aa42018aac18d9d4cbe48282294a94e682678e60324f2bd1b3a2040221f207c3f997c918de4f3473d0b8f57eac9be432fba9346e668a657aad468
3a54f8dea852a3e908b9d81befec341dec61bdf1cece3b45ddd379bcd39e28539d305170c2878b6d8b3e287d504fb62dfae0f1c13b5958ba06d8a041
5858fae4f1499508fcd7093b736dde096d4ddf0ae146d3415bd335ea36f5146dcd65b1689c0de1f307150e038ca0228168221daee7938a64c2d26310
c6e06c572e38f8bb06e1ba9c1d5c9e3f510c11c9cd3638824345029c159ca948c139f10e45322908a6afc1500428184008f641bc3b80820184e0c9a4
74cf3b998620b602e8c1e0584306e3d3051ec7801884dc7126a1cf1f8c3fc47f71360382436f82543a38268243451a445c728c7918f74f6776323399
341d71639c89f4f3d7c8e4db894decd09b064391882cc11182741095cc01b875581540ae4e4a8f8b9988cfcc740761ef805c9d1455426f1a53b1f71a
99b43c62cdd9f2121ce79e6352255b5e826bbc7312e40f38a563c60da29939669c43f80f86a2eb7c11f3080c7770cc2387293c1d95ef946e08b83e1d
951f7c263b299360766ed2f2a84893d0476e3196300be6cd3b17ef64d7636ad82c5a698b9589c737b3837934356c36838115619a2e16886770fea812
81a53c2b82671e4da22a79e6916778bf30f87f5128cead8327c4f8c4bbc1177b313e15de2d0e7b4f81857887ac365e8c4f8479f366cf07822bf45989
7718a82f0b0b38a74004844024833e4d273b299b4f0426389904416411203e419f0c1f6f4bc2f9e371860fd10ace1f9567f8f84ce55904e6a25d5904
0845d0e7a674c6becf3421d1e27ca695e0bf9c8c3e6f673281f8047db1d2129820108ae06452cfa2c7a181226a982f34324bd062487a96204f5050c0
4f274595e095c49bf3a4683a4e4c1642cb775a895dee7553cf413d07ef345d2cf8010a97950136f0e059193c2bc3d2406365f0981c4b036dd2c8f0b7
adc46098bc738a568b2a4daa447c59d04b27c567b28bb80adfbe782704bb4ba38ef9447085be148173339698258bd86a815912d08616e22d303e034a
3f90a693aa645290998527658336306817632930680331531701d7027a53406f5aa6ca0782399c4bb4a729e681005081d80c7d5f94ae281ca8331bf9
146c0887c058da040c0d0a798151ba897d1a10ae01e1ba6f2a8f700d8ca54dbf07c652a862fae271d4998078db84660b88b700586313d12f98080bc4
89e89bb9498088f3479588c9769b0d76fea02923a0dc6d3b7de7cf26c29e7adc7af3b6a5b903e739a94026dfce84bd6d1323dce22e5b442d651603d7
1e57e04e6bb3705b838c8bcf04bc1d406d8f0b4d90b008e70f46b2c8e39577c27a7325ea897e4744817111c4ed66c6115860807309c41708c0ae4f26
5f445c1162089c4c4a676101453d2e42cf113c2080a21e971a99c945b880f1d20b2d932f8238e6223a24c10302c103c6a5ee60c6114360808809a0af
03b0eb7111dc0ef4f5f983e54c7dc48c035a3dae496f32e388133000bf0480d6813801e35a7ce6a6e9e038b8980891b9192f18de502461ff0fe0ad87
437e82b70e20ac87c35201681d2274308ee89040ab43746263e371dbed0aa0a84f262165d1ef00530f87a502fb7f80efff641632239954094512a075
00613d40d99c145582dbc03114a1fd0f9190ab0e8d2006aa04638143678c2c7c50fb0f00350186ff00c27a00a80900ad4324fa25809a00a77f004c3d
1ce33346be08c60247305838fd0308eb93497ba28742d83f1c7132c1549f3f73287745d178e90e28b0dccbd0f98b4201e03a40dc7f9e20e0af6dcb05
40d5c3a1a4c2df1f20ee1f8e0911597ec15d0f47084870d701a4f5c9a40d503de1e11f8ea903e03a40b97f32696ca638ccfbc3a1a442c01f88377732
69834ac3406c05d627c0ae1f60d71fc07a4e8abe82e3c0b15cc4c6e38d2f62b9206a5d00bd3ddce2f1c6f081cec03175a0dc0f91109ece7c0a0361ee
ce1fdfbef9a2ceb71341d76bea6016c6017b9ca60eeb3c7cfac3638341ab1f22619f81f504d8f503ecfac363e447441100efe13575168f6f78e6b0ac
e2a63dcd101c9e25087efb106dc76f786433e1f802a4f7c363ba03f00e00bc8747f105e01dc0720f0040017efb00967be02015a0b20f50d90f7ca102
00ef90debc7d3c8e0508a47b782604acf521898d0f2d182c7780a07e00fc09e0b5035cf4c363f983d73e7f3408f23ea12600d43e995429e8714a67cc
27130d012cf7c9d4e336c01234509ed0dcc9365b02b4f1c3134719f6f8006dfc00b973529d4c1813198a00c303e0ef93c9b7671a8469e8899f9d9871
50c39fcc4926ad043d5d60d4c1021f60813f9954092505c2f7934995d08281890fe03c01b47800267e32f9763497042909189f005a3c00131f8128f1
a9d29ec4c00dec1140ce1ee03e1f01d5189c7600a03d4252e06c9a0e8aa1c03610e0ed906cc51cc188ec024ce80126f493c9e3ac9f40b94f269fb9a8
12fc970135160af400be7b048c7c98d00368ef01442880f60ed08e8f80f1946d60862c6ac6a138df8d4c2acf9e20dce001bcf5c9e471c61278eb1188
140c377800767d32799c0196c5c2481461224a0648c14720f63bdce001d8f5c9b42fca0493cbe25664a1066f1d004c0f303e01c074000d3d6eccecff
57d81decca6ee36800dee729b2e9f59c2ad2b26b694bf66e6680798320b903f4a2d341bafbfd47979f020c7a9345a048f7a84449344dd2bf7e21d48e
bd306fb391f06e830398ee19bad3ba9d8281f3c44ec176263d83f04cfa8e4d26d9a5bd12c40130dd217766cd226393c9b6fe7275ef1a89c413c496dd
53a0b3771b87423069c8de75a775803f81e77a16baf319774615c6b9e7da7737b76183ee2914de1f8b4c6df272613ab541bddcf372e5396375bcfda5
2d3e64a60e044cb033b3f6d6b8582ddd915e909d8078eef9b8a79dd61d746913d3003707eae5d94824ba04e3dc37fb0eea3c9f8a2f8d7f8aa10884cc
01e4dce17202c839809cfbe6b907720e20e7ee3ac600720e20e7ee3ac680670e60e5bed194437401badce172024ff22ccc4cf08c2e79168821bdac0e
398283c904c18983c93c16cda7e0f9704be9e250de281a38741c8bbc934e413e07d6e4be3130c893031cba6f74ea10d72d0ee58dd581910e18e9beb9
611a383a0eeecc268c01870e04c9b39148a7b9f371362a892739f00af4ed34fa699a9719f1da5022075e810e3f14489063f11d6f4b4f65280ef7d243
0505bee3c070dc376ed7d1fde662dfe4760163c7c1de6f829363f84b9ecb26b9038c3d0ba33f16c49387ccb8b7a5d13791b0c735960c423b8e45b4b9
d4fcb6714c7b5b6a2eb987ccb8b7a5b4927b80da1dd228e0b563511bb7b7813ce28bdab8515ad0ec582cc6ad702eb3b66b24921c016ae300dbee4d8e
006c3b3e8b539321c4691c9f1791c4211f9c031f2e5293bbfe48148274f7c617c3543c0ba3b38e988a6741f89d48ac0e8ae2de58474cc5b1b889f165
ccdaa6d1e8d4fb53be51008df7761089d559e4c24df211847c1644a2c918876741249a8c553820c97ba3b490e4b3b02017e11d59ff6c8bb8d47a96ed
898f20aa15e36c009bcf427701391ee1583cc24d7ee4d3ac27aacb26f686278fcf6e4674fe234d0941de1bff0ee3707c589b263f02411eb8857b63ef
e1c96761df05e4f0e48146b8c376cd1a39254dc0b8e223698231b837f1c747f0b4f883c1b8027f70c0a1cf462bcf6bfbb036bb4706f23c1601f02efe
803c9f456ddcfe3623c1d36205deb90900e8b10880778f0ce6df59d48cdcc8336b6624a2dad9f9cfb5ba134994fe91c7f96078dbd723e3f3d907bbfa
2e2047073c0bc4a50272acc0f1113cedebe9103ce101ee5060b3464e04967bf3140f1bc72e818605e6df40f93b1b75679750fef6bd68a002f3ef2cca
d6ed52f30880631100efec3c02e0585cbfbb4f48487e67a17b9d46085cbfb1b87ea1c066cd34d9a55dcc7d723d4e7669f774c0d907107ddfa5ab70fd
06487d070d0b24bf0144df770f025adf580cbe3b3b0f601f8bac77f720c0d2c71f64bdf79f3b146799b040e8db77b1375edff8838ad7537272a631f2
76b0b359330964938730fb94a539394047514e04d2de3853f7d7ae71757f349a84d40d647e3f84d9a7d4cdc9141d741f323fc0eefb2143754add80dd
f7c3574d1cbc71727c0e192a54bcb1087661d166ad74ffdccdc837abb3dca080e1ef87b4150c7f00e8f743e88e0537c0f53b305980eb07b8fe6c5c7f
6974e99563b74a3229270ac98393729e7ef3243c7b7f9eba9f968edf8cf03690daf6436a09b76d2c8e5a58b4592b8d86daef87dc108eda59105e6e08
476d80f2f7436e08476d2ce659b0b3383da38b64f6108321999d0591d8660702e27c56a3819ed5e8374556a797bf73011d982c9c0b0864b1fd23f676
4a20164beca7e821c2b9807004a07f647c1c0108c0fe0e761680fdb32805fbf0972f6fef4bdee123b2baea153b8b5a10b8b159db35eabeadbfd49d7f
ff613291a8c645933f2018d7b6feb26b34ba97ea8569fa23657335c2a34dfdd025e0fd58b4a97063b366a01d61b1940df07e80eb77576905b8fe2c6a
e53ff23870fab1d84c3f52361755bc4ebfc992a1388d4571faa1369737d8e565f5a9cb0b034bd62ccc68d823f1e76233fdb064684c67414e1a82cd34
1671e9a748bd66ad8cc0e5a3c3470887a3341647e9c7dbfb820ab95c1af291c7b9bcd61647e9b974a93284b1e84831a7cd1a914af5fbe973a4c302b1
9847cfa54bd41b86bf9f023218fe59d4be9f9cd34e3f9185f69361c1191ac842fbe96338ced04001da4f0ad665f8bb37c329cc42fa19f0fdfdf4a6ed
b2721da9f02978c2d319a0fcfd1427754a8bffb29f7c46fc9781ffb28371cd1a9168dd2911830d73168746bf291c4475d94f809a4ec1905bf605e3c2
7119d829fb295587a4721616d9fba8b39f1d1bf8294aefa56ee13c40bfb85dce03449717bb04259d823924d02fbbe9904074ded0027ce1950c8704fa
c517734820b03dce5fd62805d619c085d8ea0c20eec7d9487871129ac7be605c9d3f82edb15f2269a48fe134c26cb4f210469d825d2269070f0279e3
6cec1a6be51d20e89750c33982c094d82f11c0f0821e28ec2fe915ac86312449bf3f017fe6500c3982e14a90cb830ba71fc3065e7cf161038780bc7b
c8861ce6f056ecf60aa63e06abd3edd5607506bf1987d5aced1a4b297a5d40346b9746bfe9711c65836248707551e560600617b9c3e10d0666f8e8b0
1051c34707c0fede059080fd81cbb1775b3dba7515a577bb3a1898e1a343e72203efcf82f01edc3108efab66dfd75fea6eff3b17f9f639faf656ec80
00b7b7e2ed5342b7d5b74f09377af42e6d71f347a1e87be7e342d1c7cdea2c44144cfd2c0e8d1f8d1f8d449288bb41c46e77f8743e2e4c7ddceef0e9
7cdc1be200987e36d616dfd26bf7a232a74b779ae6a232670c6ed12fd87def42b87b5b8df59b83c70a843f8b4b2391389277e5cc66a3df84b2b95ddf
b06052379ff12e7b381bad1254e5cd675c302990fcb8bd7e87c00c243fc0eefbc24edd0ce1ed4d3b7c53bdbd696fd7730d91d55dafd859d47a0e6a73
f3046f37202cf0d3eda57a7b7f0e7ee84dbd6f59d92188ba656581e9fb908dbf7982a0f57d419940ebe316c2b9e66ed656f7ae919cf4138abe0fd904
28fa8086ef0bdf04143f0bc27b5d40bccfc282c811c0bfc743eb06b57968dd233b33842f8feccce313f7a0214f296680c1f7856f827f9f85dde45d3e
ace3e3fd798b691eefcfa7c02fb3d140be6a3d48f96f6a03063f8b1a7da19680e2e3e148de827c30f80083efb7170b187c80c1f79b2e41ba07a47bbf
e9d223247a58dabbc8c766cd6ff2ef6ed6e6e1df6110ed375d5a44a28f8f0e0bdf843a7416bafb74f8f880f5b8746941991e295ad0f8d948241f1d1e
f9919b1f0a0c1f6845fbcd0f05860f28f8bea04cc0f0b378349abb6cecc3cedfb4eea1f3cf1f5cf944e25d3e6cf2cd823d6cf2237170f35841d56761
e924491ffaf9c826dc4b976e73973858502668f640c13bdfe166f4e80e00b2f04d0f00c823cbf92c5d92e58474ef5899f2ab0c75a24d9d06ac69fc68
bc340e8d5d636ddc53f1f1ac3dd5c8503fa536b3b66bac457e2a3e9eb5518dae3b7bc2e875a023c1df3b245482bf27f8fb6c5c7fa93bf3fb6c442a15
9e0539eb7be2ac9153c4ffec46af883f61e2fb776dfd138762fee94b0ff2eea4d8c8cb8a23774a0cab091bdf9fc3242a1d9010effd39c8bb93d7e511
cf49b45d77b9c1e734d0615b7c4a00fc4af8f7845cef4fb7d817398531405af975e9cecb78eef597abbb75bd0d74d94069ffe7217c59ea845c9f8d84
efe65ef1fcc0273b6b573596351e889866cdfe976d1e5f2f220d1b58cee6f87a19fd21fca37b21c913aa7d16473506911e2a5919b1f1b5d4e7b174a5
d103162d5f65c513e27d7c557a2581db6741f8729113b83d81dbc7d7b6feb234059c7d7c55c09350edb3d8357e34d682c0a30fa8b5044b4f78f4f155
966cd68cfed67d5f7fb9badf1a0d5409fb7c95d91f68a0f25529fa7ce10dff2a6444becacb48e0f601ca96c0ed09ce3ebee812547bc2b18fafd32ad1
4fc8f5e9bb5b904624bce1f06d09c03e0bbb49eb5ee588e4cb1d04f06db346a45df741a45df7ddc60d33a2f390eb03b9d3ac99fb614694168e3d81d4
c7d743a4c3e8a73d7a4cf3b44715828fd79781baed28f51ec064f9a2deaf52efd968a06e952a209f8d974622a1f17fa5190ddde93c3059bee8fcab3e
2b8fd7d2a561ee95a01aafa54b379190f2bf1a916ea3178e7dbc9a19dd56a9ecf678351bf7505a3a8f9d29a1d3133a7dbc6808747a42a78f5785d909
9d9ed0e9e3556e5702a02700fa000d4b00f404391faf53f73a8a9120e7033b53623f9e85eee5adcf5a2d1d00fa6c24274d7ee3ca7f55e89eeff23912
827c8071250479bedd91f17a8c5eda9aefdd8cec3b0479028b8f7779d6092c9e6f9747bc5f06fae85e01e078b33680ddf9fee81eeb2f752f67784057
cd9aa5ab206fbcd32a55909790e003e42a01c2f34deb3029cd9aeeae6d7837bf79dbb8c2b98cf7dab8db2ab9cbe1bd36eed69d86bcd7c6d190779d6d
18289066cdca3fba7f6cc7a37bd9d6d948a432b1b330a3d3dc291860f778db77c0ee0c0af62ecf3a838245a9d44096346b4d2339ebe35de2ed9f8555
ba56f75ba3816848b0b4f1f29b3d34ee1a4db36e1dcc28cf3ac3050fef41ce379198df375d0ae617ba7c361ae84da43050f9621941f8b04aac4d7052
a0cbc79b2a46b9db1969f43f67cacc28277c166521e2cb80b97ea61626e869a499b1f751df2c66cd24ca1f19f1261a7f2436bff9f69b156acee2d268
b1392951a1e66cb4069b815c1e11743f3c64c1de477dafcb60efc30301ce356ba1b1161bf46ad6c87992938b1427394fa3d3e8b8e8d46574ca1b9c94
b874ff10fed2dd652cf058b366e9cad19ed1ab81ba45ee16e42452b720dd8c2ea377332a0b3f1b69ca2012d31e4b2599f6a894ebc0e3346b1f8d66e4
0518c37ade663488749bd16d8b974a7a4683e313c5ac326b06e2f8007e65707c82e3138fdfe4f83817301b6b46e9194d8e0f34d8ac6d1a6be9b2c283
742020d3f30422366b255256d66364a51866eda5b154313953499391c8cf46a36f7eb33e1e8c64f3b2d42dd39d48c945cae637cbd918c910262f232b
7b31b26e0198b5b746a35716319397818a7ea417200efa59d42aa1c79f35a31fba1f6674e85eef8201f8356ba560591fae47326f7911a9fce591dd40
65e8d39183815e29d1bf2736f7d9e8373b91ba69b23ac9cb700061e46d9ac3820c7272cc1d40c8a48a79eb4e151d391849199c3c48470e46ae7dbffd
e6adfb63eeb7eee56c8c8db7eee441e6ba0f6829c36d9aebea9f2fa37b87606c1f5b5d7f938e15243ef5b155ea33d1aa273ef501db356b97c6127ea3
4b0e04e4c6606f74692bf722e1fbc7569fba12ad7a42fb0f80af84f64f7ceac37dc9b9f1321c01181baddb987627016663d3786a3423de3aaef57404
604081a52300b9b9fa67130ee25a9fc5a5d1e849cefade36b6839c65cb73e3ceb89925c1fc733b2c1d171e963e81e8c7c6b0602d9f85a5a38a00f609
443fb661e5c5881b7766e36ec3d22710fd00ce4a58faf9107f6934234ef4c67a23774a14e889df7c6c0f9158efadc2cf01b195b0f409443f5cb73c6b
56a9ecf500e34a58fa447a3e9abc03d2f3447a3e20b612e9796e9ea326efb0798e80e847937780a54f40f9d968eec3d209465b105e30ba79649ac011
a47e16b59e6de967396189257d3692b37cf7c4993e1b0d741bc873d496d27a8e360e1a6cd7acd938370436d124247f82e9cfc67f63cadce2dffd89ed
f1d39ec626f901c29fcd3b00186cd642a35d911181f24ff8fcd1849f60fa89797d34a98c564f71b675bd1633da840c40fba35168e4ecd9d6f55a6c2b
ec7e36cf6d135c34cf2dd0fe68e208d8fd04da1fb8b2b20539dddfd76442c0f4b3a55da9fb5ab3c906c1e70fb8af6c156accc2567503f1ba5a12c9e3
d4785d6da352839cb240cdc30c0c964de8dd785d6d58795e57dbc829a46df5369c853d12d2b6668fd882e6c16b6c81030403182c1d20c8b613497206
897c3a403080c166cd167b29ee92334d6484367e361afdb0c815578f5d72a61d56c9a57ec060b3664642efddd3e8e440364667f734e2924fb4f1b391
488c4e637476699cc6e834466797c6698c4e6374764f63e332e2901fc060893c3edba5bb344e93016b657bc6eec1731a6116ba6feb2f8954e1d9d8bd
039a0c58737fdfbe9ea3ee37bb69aee7887389ac7eecd238c8eab3c91beceb39eaa6c93c61144bd4f5e948c4d8c57a8e44a42311c38d4ae948443a12
311b8d3e087f9be67ae24485ce3bcc4603b144ce34ac4bb3d29986dc5d62fe25a4758020773720d65ffe7fa333ffffe7bffdf4db0ffd3f7ffaedbf7e
fadbb71f7ffed7efbf7ffbf59fbffcf5e77ffef81fdf5b7ffce5dbfffef5d76fbf7ffbc7dffff5fbcfdf7efcedefbf7def55fffdf097bfdcbffef23f
eb9fbed7fefbf9e1ff001e2879d2773d0200
