1f8b0800000000000400bcbd6baf25c775a6f95dbfe24c03066c8092775ee2b2ba050325b228154c919caaa235fa98b92f7601224ba8a26ce8df7744
3c4f1c896ac365cc004380e479774446ae15b1ae19b7bffbbfbe7df3f317b7f7e7fde7db2f2e4fafef1fdfffe9c3f5fef3cf7f7bfcf1677ff7775fbc
bffee9fbfb0f3f7e7dbfdfeeb759faf17f3e7dfbe1fdf5cdfdc7a7bffffcd517af7e78f7e33fb4caaf7eb8fee14fb7fbacf59f57fad5fd5fdffdf097
2afd3d4f7fffdd0fef5efcf3eb9f7ff7f6cbfaf3dff45a6fdffdf88756fad382a741e7d33fbf7e8a5ee75fee1f3ebe7bffc3ff7c5a7e71b96ced87cf
dffff1cf1fdefdebbffdf83f9f7efefffe9f9f36f4fce7d31271f9f97a5957c8f8c5d38b3ffce169147d7cfa70ff78fff0eff7db2f7ef2f04f5b7a7d
bfbdfbf8e38777e79f7e6c543f1d3fdc9efef4f1fef4ee8727fa62fc72befbe1f8f0e7a7c7fb0fdf7ffcece93fdefdf86f4fef3ffcb49dfee3fb3ffd
f8f4fdfbdbbbc7bbebd15bfbece9f8707ffae3fdc3f7ef7efcf17e7bfae387f7fffeae0dd8d38fff76fcd8fe73ff69138ff77ff8c3fbff78f7c3bf3e
5ddfff707bd75bf8385af8fefe3754ff572c7c7c7aff98b45fdfdfdad37ffaf863eb8a1f8fc6537be7d371befff7bf79f3f5b93b7f78ffe3bbebfdb3
56f1ddc7a73fb4667b6b7f4dce0fb7d1c833ad3f6da81172fdc3f1eefbfb87ff7e9f7fec9dfd573d3c096ebd75fb5363e2ff3f9a9feca19bea754c91
f8c7f71f9edeb7920f4fdf1f3fde3fbc3bfef0f1a76d3c8fec908dd1c65f71f88ba7ffa233bebebf1b2df7877e38bebf77e2d1a81fdeffe5d731aaef
9a4c37be68f7fd87bfa1e1fbe3cf4feda926bd8dddf74ff71f6ead4a6bee43a7eefbf73fde9fe8d1d6c8adf1d0f4e2e9d10a46b7fdb4a58fef1f3ffe
4717bc29d41fff78bf76a96e2dbc6bedfdc7872ecf3f20d91f3f7e8ac3b7bf79f5e6e9cd375fbefddd8bd72f9fdadfdfbefee65f5e7df1f28ba75ffd
be15be7cfafc9b6f7ffffad5af7ff3f6e937df7cf5c5cbd76f9e5e7cfdc5df28fc375fbf7dfdea57dfbdfda695fe8f176f5a33ffa3d76afffefee9e5
fff3edeb976fde3c7df3fae9d56fbffdea556bb9bdeaf58bafdfbe7af9e6b39f36f4eaebcfbffaee8b575ffffab3a7d6dad3d7dfbc7dfaead56f5fbd
6dcfbcfde6b341ceffd9c6d3375ffeb495dfbe7cfdf96f5ad98b5fbdfaead5dbdf0f4abe7cf5f6eb4ec5978d8c174fdfbe78fdf6d5e7df7df5e2f5d3
b7dfbdfef69b372f9f1af73f6de58b576f3effeac5abdfbefce2178dae46cbd3cb7f79f9f5dba737bf79f1d557ff69cf3416ff8b7ef9d5cbc6cb8b5f
7df5121a5acf7cf1eaf5cbcfdf7ed65affcb5fcdeab797bcf8ea6f3ae6cdb72f3f7fd57e6dbdf9b275c08bd7bfffac77687bc19b97fff777ed8956f8
f4c58bdfbef875eb8fbfff6937fe8d44ff4d9fb6e1fefcbbd72f7fdb59fbe6cba737dffdeacddb576fbf7bfbf2e9d7df7cf3c518b6372f5fffcbabcf
5fbef95f3f6de9ab6ffaa87ef9f4dd9b979fb577bf7d31486aedb5be7ef3bffadfbffaeecdabd1ebafbe7efbf2f5ebefbe7dfbea9bafffe1a7adfce6
9bdfb57e6dacbc68ed7c31c6ea9baf47f7b42efee6f5effb1b7abf8da1fcece977bf79d97e6fa2f4f57fd2d52f7a1fbe695dfef9dbbf7ea651d246e0
ed5ff5cbd3d72f7ffdd5ab5fbffcfaf397ffc7a07dd3dbffddab372fffa1c9c4ab37bdf62b08fadd8b46cd77a39bfaf0377af9f3d59bbf192cb5e9b3
21314fafbe7c7af1c5bfbceadcf96413b837af14ced1e79fffc6c1fba961feffe8925ffe70fbfcfdf7dd567efcd9cffed178e2e91f6784f178f7c3ed
834145b34d2dc4f8d9cf96b5d9c6eb8f138eff5dbf6f61cd78fecd9f3ffe78fffed50f8ff74f1bf56e7ffaa3759f9efef175fba3d9d53f3ffdfd3091
ffd02cd9a3fffecd876ed29ae7fcfb7f7efdfce39b3ffdf18f7fb877e29e62fcd64ce2f87f7b538b6fbeeec6f61f7f1acaf4d25168144310f3979fdf
fef98ff7a7c5467ef7dbee5e2fa01d22bbc7fdf8c7e37aff70fcf0aff746c52f2f977f7ae29f5f962fffa9fff2f9a5fadb2fbff8f257fcf6b2fdc6af
bf7cd97ef3d72fc7affdf75f7e597ee5ef8d8bbf79cbcf165ede1c61a385dfc67b7fb93cfee969e94ffc75d1cf96cb456adfddaeff767cf8d92fafeb
71e935fb1fcb3f3dadeb5e2f0344fbf5c29f07bfef03dcdaeffc75ef3578f2418dd4c159017580decc52eb3a800dc5003c13fd155b94de56ee7f9ee3
cfd2fedc631094d2d601cda614038c8753ee0f9fb5f08efecc1917407bfbed524703796df4de165acbfdedf7b55e46c5ddbf97bffa3b8f0622014fda
8b2c3c1bdc56c195b222bc03eb804bdd81bc6fa1a1688131f031e0721990eede36416f77839ebd6e1d24c1a8062d7b6ca38975116620c4ed7d343bdc
846b7fb208acea2b8e13c84b4aac03a655b80369a856f848bb90675308612bc3560d88c88bb0b7bc57c14119afa907ede6244cc02c1c7d1b05224212
0b6f8df1ec3e01efac90704400293d6c37283d0fe80d08bcda6e0c9a626390f265548e3c4ad70bdc441e6f6d7015f6f7d2695146b7d065514677d361
8d8eeb780a021abc0369332a6d4a4054de183474abfdd9347ae8bc8eaafbba55e13e609e300f585761ed7043fa1aec9d128d35611f8a3dc167832770
bee83a2aaf133e06dc7d16dd49cf700c710a5f348467cf9b640c198d25766119a5fb8483c89c6461f4d49e270b312c4f7e6ef9316489513faf8a4092
856303ced24186c2d5601a7092c1f85cca7cb6939196e7a6624046bdc1132891c31ea62566e96308c1a46a287d5ae7909d88c86cea5c076ca2d92dbb
16f93fb1d1a36eefaa26ff76c63968dcf6d9d2108cfd32e1202a3dbfe73e6091e421d5295546ec36e4281524b7c14154a99b700316e13e60ccd2de91
a9fadedb10ba5497090b70561e346bf21a1cfdaa816af018709b54f56ece8b2386e4e705856fb071d4527f07f0364432373d010ed39ed7c5d221a10d
56e13ae02abf43421bf4bdd139ca699bcf768e72dee468086c83f6c610d806e77b8f01f7f9ec6dc03c611f855cd4aadb90df06a56ac86f93755f348c
4983561ed63b5747ff36a4bbc159ba0325634877aefbac3c58a8c57e1ee2dc4cd9ac3c688ec9d190ee0667e9e8f648f34583a38809efc0f96ce7a85c
2ef23b64bfb1eb700f616fecced2ce42592647e73ee07cd19906ccb67c7616ca3af9edbab02e97349beaa350b63a9b3a060c59181ebbec532687a694
7db23f34a5ec73b8bba6accd69cfca83a37d8785fbd094b26b9fee3dba68306fc2c160da93700386703098d2224cc05979303815f63e14a7c15d5881
451803caef7d284e83b3a913382bdf3a47cd1108fb90959a26cd0fa0cf0ec529354f383832a2687070149bcf0ec5295372ee4371ea65f6c6509c06b3
b00ca889bd77c55997acf9ba0f1fddc35d61e7a81a01357802e78bae03eeb3e5db8075bef70e9ca59dc1baae3e3bb4acaeb3e5a1564dab6470a855d3
2ac9e86ad5acc636e160705336ee43ad1af44543ad6a5a66533dd45da687b977b5ea70561e2c3433fa69c37f1f3a57f3653e7a072a56c3a3d4ac9db8
77255bd7a919f7a164add4c11f4a56f31cc0a16475daa7fb50b20667cb63c47291dda155755aaffbd0aa5aa6b00fad6a703edb85ae75dd7cef88d6a7
017e7435ea3084838526dec2312645aa1e438d6a51ba1f438dea74298fa1460dce67070bd5f17c0c35aad3883e86a2d4399e8fee52d67553421f43d8
6bdd8b70bcb7da938fe0bd6996a6f1ecb0311b79dad22d927003666008cb80b4dcf84fc20cccc20a1c959b9586e66172b6204f6a70bc377674ae8e68
bbc1e1341a5c062cc37a35b80e1887701bf0447e6be645044c0d56a19579d195d1af851739dc75c8c6765caa70050e162a0e673b5646b00907703635
d83fb6038e4a060e7bdce0a0ea48e86b1d914b87f03ba280edc8b63ccc468341e50a55d9ca15aa32e25d2b54d59198360855c7c1f856a83ab131b542
d5399f85aaeb7c2f54cdaeab5075b3e580aa073a584780b89d17056904f80dfade114f7508fbc36c6ce7663f0f07bb9dbba33f12cced4cd83612cced
cc548e11c4b72c1a3d8a0bef3d519cb8f05ed2e44a36da20ef8d0bef3d4fe1e80d538b067b6fecf5826cc490e7064f4beb80cbe17b634012db4ad0d7
72d92a5c06dc313231ace65e3376318676b75c37acbc0fa8cd89250da876c702558f435884077050d5320ef81d36676f8a0391eba0aa698a7050d572
b20a1c54c521912350edf00e1c54c5c980923c77e8b359484f0e75dee36a3f3783fc09c3bfc7cdce5821f9e6986c90ac638b119836c54706638453fb
d4395c758338e3186eafc14338483e761485c87b6f6a047fc3ddee538d62a499fb41625b0910f7a3da9123426a50fe76a83a4e3a6387aa539a77a83a
0f4ba1ea747877a8ba61806387aa1b8e2e8679de9b2a5079b8eafdac83df7ddd2784c1116c7578a33403c958579b2203dfd71112750891231d6ad0be
9aa587efdd85b43ce190a39d74af430427f9a2c1602b1d3dd904058e9ee1c849c90d3b447e87a5ef906733544590dde72c84aa0cfba12ae44dc8b3c5
6795abbc0b61a1585955c84548c7162b9ff455a1f4a8f05baa10aa4a0821c3f71e7c8258eb4548537513d2ed927184956d4a4b201947c051d814d63a
4a12d2722c425ba6af8e83964316b41393a3133b31391a867fdf2eb280698f6acbc395f951a54384bf52198bdb4ab31041925f3e5ab6d2221ca3b061
269b796614ea2eb4d4ca6a684dc207a5d07c120544f5bd87957d7630b813f276b802a50a6715d5a68810c35140435b655b965f47e124dc08bb9dcf53
954f691d2e3c0b1957e29a08de4bb8b16f98203f9b54a2e70ee9c9cd671d142c929f421a0c2183a229b86aad83bebae915230b372a6f42c657d9b869
eb8217f16960dfb40c24d20d5a790852f3beb68ce26caa24f96d2b2d9f34fc66bbedd1450843aa3e496873eb9b907ecd49e8b35548dfe41006cfee42
c4aacc96ef94cea618133592dcb0956621ef552349155b6911c2ae224932d82adbf288635aa954a1eb5b992dd391f866b3bf563a5bbe52ba0865c117
1dbc57e91ee95087b270c2fe2acd439c1b94aa137e5550d292569a85095884772ac3c2c3de50151ef606deb841745d617f0403aa743f0232f0c60dc2
514cc8a0a8198fe1e71b948c934151151ec349ee7c06ec70034a8632a8a23c8672b752a91a52d722405940abf68b442284fb45aa4ea81a7e3e99ff34
b80a572a67215d3794acc34c6911220c230ae83028adc21318c2d139fb30931d3e78360111b37df14543ae5aa94df139795fa4eaa0af165b3e18b27d
42684ebee8407292fc1eb09fe4d75148be1733c927a6d4bf4c0cb85d848c42da85487b4a425bcec207cf5a3918fd54848ce0e6b37c5cbfa42a64c836
9b92fdcd670f68ce8b10f6f32ab4659b3a68396f4268ce5225fb593254baec7b1524656365d662571808545be522e4bd0ac35a518d5c858cbec3bda2
74fb9e85be3784f473b90861a1c0ef2abfc5671dd022196a4af1bd6a8ae3bb8eb0ae41891c6eb055f6bd8448bb033aa6395b698b7a3e61f8534b8e20
aa2e42a8a8ab502ab210d148bc76b333f245e8b39b1059c813d2af751742b2e3b9d9373509796f9e908eac9271d019794214a51621d6ba5621039867
29bd5e65e144e742164e2c8183bfa9557956e6d9b0af30debba3bd137bed65136218ca2ec4e4c484bca824219d1342fd5e6421b6ad4ce87be168d7a8
28384cba06df853a2cc059caa02838ccc2b652e1b0e52d51962302b531393fe046e9224cc055c8a0d459ca8bea2ce5458b549d18064565476017cd64
82fd652942c88809872558d65548530183e9b07208872031cbd8212f5a796fc27725d94fa72defc2d1725a80192b926421a338cc50769829cd42263b
d70999ec94a33c673727bc515a8512290c0645d39e9dec5c266450b4f419f39cd6090b7011562a4f7807d293cc2db7ca13dad42684053b87cf260dca
fe090b93e6d39621b2a01a699d10c9d92f42ba6e9b30808b9041d1edb350a0c155b803372173bddaf282cd5934de05ffb368bc0b8a9374380533b2ec
4578035a4a809c2619f26bcb55d9b0e54a1cb7e8bafd52906cb92a0ccfa577201cf9a52069f8abe3fb5c0a83cfa58caf6ea112c7f5199e4f1a7e5637
ec49e35dc9d192be3924594318b88545c31f152a7c36c82b539ea574e46c8ae9f8a4218c60f0f5fa7e55481ac2204c5f741aa1aee7f92c8b04348421
bb1ac2703c35847c7bde9306898f0c7bd22005ee76d12d04ee366990e2940c9bd2304c061d7c5d599cbe08160e0d836ee1b027f55d87baaec3391c5e
43043f32b092a1418db75dc7a78006ab708c60bef0ec4956962fab70036ec204dc85ac82d04b9ce85c367a3eb54f7a093f1464a3673e1434588583e6
6c04cc37fe58ece75335b263c9fd1b940cb285acb922f76f508e08e3b206e92a0b5a4d9797644dce553ba1639f0b48ece7ab2c6881ae01bf46b1aedc
c85a82abddae9fbf62f9b2c6ccef0659eb75d56786449eae36d984585cddfe95f8226b455815d120cfdeb48b3aba9b346b276e2e5c311663e2bf412b
bb70c5409c89ff06a19999fe16305d84d26ce53164add417f1b52aaba17e64586236353a76bdcca6ee409f250ac82a0e1f90f7ace2dc4e2bcf52d857
53f8ac10abde98d9eb3dab1a7e29588d4df816d0a0a5c108965598299d108e0ccdee769d6a453edf2a5b0abfab6e9fb9d05659aae4d728c0f47ed575
93deb7f051224ffa4a5ffd5025b548a6f7abc2ff4062d77596f25eedc6c3454d06b98fe0bdaac6431d8cff46c4ff18e1637b14761fe8ebaa5f7f8cc1
8f55bffe905de31833f4829d888b2386ab0e12e70657204415faa6c11b3080085d59adcc97ad02550df22c543548df6cb314aa364b4fc948c28d6727
84c14d9a499d5672d26001650bdac72034f371a1b40a574a17a14d8590de905fd2ea06372144eeb68c5f2fd2bc2874bb2d3b28bb4d11c4afbb4df189
69dd7dd62123f868503226948c2c64507621893313111d4ad58474dd641f7b5c26bff6e43e4ba59952b3ec22cd2b21c3cad78c06196e59584987566c
5b9874af44390d5ea99c84f4559a2d336472b4122e331fd2604846114273b22942c035f9acfd9caccc92bd22832b1f64983ce9907e9efc1ebe578867
5bb3fcda9393231567b2805d2c93667b92a82748c25b29549939b3cab241c29ce28b4c950bc63b4c95572c6e83bc175b1ea6ca6bf15915a7f82c2152
21eb6e104122cd8e4dc5293625cdd8d430fb2dc453417e1bcce174c890f9dedd2123e88bdd21938c9d987e25ca6b1061f0bdbb9a527c91e24d4cd420
4a87b56ef0c1b312a9b44faa4868991dea909e9c5469daab5469cbab6468372432693708731a441808731aa473a439a90bd29c885c56e2c706a51916
129ead4864225e2e529588979b767dd2f0079972573d211cc8503a7c8f1c90b0af551ac9858b0c990b1749cef287af6a9067c3525d7558cad79bf20c
87c36142abc34115ab3b1bc45c6d17df7b5a99960b5ff236dd1179657b761516e0260c2ac37e81aa8d582448245be55d78007d112ab8119a3478a5d4
f7ba2c78b68c8d615eadc315b8086f408924d3d8168944ab36828fa818d18d68239863deabcfd64a6ff0cda1c1a094a698268f4d075b6570b68c5ddc
d65999be9a2fc24e6cbadf8afbddd6590abff3bd988dcac78d067d51154a7308e9c97542f8d5fd9a3a6eba5066a01b848c4015ea6a6532c94d671598
3a56b376780257212fd2a5900d369885d06c6f048e6ed3878452a75b301bdcf40307aabfe9e80e874ccfe6fc74b527999f8e4db7c00c7483bc978d02
7bb59f4dff369dd5c12797ba4e88a6900e3576d18534a11c55211ca5096d0a164e2297ea2898ef55a39e93c8a51ae69c76bb5e8289e1bd6e13c2914e
e324f1a8db840ca8de8979e2d8740bce1357839153d5d02d30f51b9b7ee0547234ed573b567b6c72588da7dc5d50f75919060d46d821b05787db2d01
d5e1664b406b39847fb507a04162844df37c5508d3843cab5165294e2b5d84b0af51bdcabeb2712597a8ca0693caad32fdcc0afabdaf15fca4e1bf11
a66f9a67e6a3f79a664ba87e9aa5c88272c422f8f6ec84f4ba6e814472af86172c0adfab718c7965e5eb4d9048ee55c1b929bf4aca4d050d9bb2338c
27588a134c677688b0872de3b9ab11d24d1b13f359845da1bbcbbe42e7747555caee4a8a5276977d32e530cdac0add5d55085be67bea7eb16565df68
c379e25dcf76c7a8ec3aab3bd2bdebac4c15ab11038b4c63d73b3d3093bbdee921cdcaa0f3c4d510e1c19039331a0fc4d9d9cd784895ceea81e1df75
560f4741096572b7954ec8702b92cee6eecb84c89552f760509c0a6d9041a99221fbf890e3a274f3f5e6707297f58c1dd2d46a2931d0be5a4a6abc63
f80fd2ce0637219d13be085fbd639e0f276859edd821fc628f8f8be2cd701f64b0ad340b07bfac85ecf0004ad52119bef7b41468dac98af90e652184
c3e4b09eb141a64776ecf16162c9f2c60e574a3721bb9096599996f1a887f3b52c6fecf00e84a3c51d4c8b64281b9b9551ba7014163e6d85a3b030be
e1282c8eef66cb44cfe1a03023bb87a3e08c6cd8ed6bb5e52c3c680aaa567b034bdfa04d15a164542164ecbe97ef604efd36c870efbe1767e55cefc1
7ced1e76ac095ed8934ec1b282b1c5d27c8c65056387b61c4218dc264472f852d0204df169e0709635647093c1c6c2a70cffe18cec9e6c98c9a1905d
26685ba9efb13392a50efe2499988f258ac935d30dd237bbf609a7d120b68d68e3d895df59ea8891381f2cab0c67910fd33d161276884d25bd3d98dd
dc5948d8213d874b6910dbf65c8ae59ba5647f516c8a10d059e4c3f94b560e76080b599ab55e598e14e72c0b0e3e6ee130dd63e560875085c33948e8
1a5c84bcb75a9929ba5d32920a8a893d4ce1f6f922372062620fe73e5976d7a12d5721ea3ba992fd62cb1aef62537caf60cd5a870cb75693e9cc74d1
b63107d9e02a0c6012d257d5ca23604aac59eb10e32dfb6483e9a25d6496b1c12a6440ed8d2c0bb26f72b8e3521a948c09c71eca8b469419ca06a58a
6872d7e11422a65d87439ed92aaf42f66e926835c87b6396f25e9ce4e1fce51eb3b26424219d1356d67887a50abfa3e09ede8b66b2d8579ac9723028
ebac3c24363946c59ed42e9603f6b58b85343b3982ac4d6f509a09c4d3c5f79ebe378470b4d9757c27498e20096d2b850c6646d345df55ed586d2a8b
a62339464c85b6d25db8516a530119baa37a586a65c54c9b5a113327ef0ff2dbe45ab2a3da57fa3d565887b3f54765a183d3f307096d72e1598374ac
2ec584d6e9f983bdd5e17cfc11b2af050e054987c33c6a385b7f8482a4ff612eb4c14f2ee76c750f5feba3c3302457a5354857290ba15869e9c3ae5a
67653ac30134714e0ea013a5c9010cb977c4cc8593437438bc0601077e20e9328f80489d9533a3cece37c820e8320f3eaa240781ad34c9d570878973
da273c80524514ebdc7d83b46c37b3843ab91aaec1a1dc4ec71fa763a22b3b89449d7f3f98374dae863b58421dcea91fa78342b274b066ba550e21a3
a01b3c95d0e7677991ee88cd41cda15a8a3b728afdb82a749a76e64d93ebec8eab1c69e9af72a4bf25174eaea43b98280da7d81b840cbe5c1e26bf89
d4f820f9eddf428508ac345f1524fdc0559353a54ab9aa92c1f4bc53ec87fbc55d9477b841dc657787f3a649bf67ca9af47b6ca76ed0caaa91ecdfe4
48c3cf0ee9e4c2bac389d2a41fb83928d2ccc6e5e482b7832c34b94aedb839469af69b5673127942c624522b3289548ff40377475022d97ddb4aab10
9af51277bdb1bedad9cd64d2c21e9ec86629ec0a4daee93a98dd4caee93aee1c25b0e8e858ad9c168dd98341593457cc5f26972d1d8fb0348499f75a
79443d69d16eb003315cbb70b83cd9b50bc703c971edc2e10264d72e1ccc497a74428707d0179df23b3ae764c632b99ca6c11db809af540e20fec7a5
2a6ea38b8c773a59f99b5caa7292762697aab8c92e71964087109925037576cdc4c904667231cae91465c6959d8bfd5c3ebdaaa7d55d7834090b300b
a102f56d90632510f6d3bc32e3f6ce45ee11f69385bfc9851c0df26c95c6031aabefc5e1b023ba438677f1bd0a5df5bd9c5fe1528d73b133d0b99329
c9f6ac9589ea5c6ed1e0500517909c2bb6cd0524a7a9a20b48ced5e125eb3c9d38cc8453a76b79d9d6dc21a38d0b3dcd1c5d7c7292393632ac8c4775
2dcab97a7c47f82cfe873dd01dd2d4e67b27bf211ceaebfa8a9375c0c9f515273b591b9ccfde8190b12129abc2bee19d5ce5726e32b8598ac0ae046a
e776f86c155660088367676559b0325fe75c21d3e0907d575f3498819bf004eec21b1022cd245d5d73b26cb69542b3a9a3eb67ce1d11757dc5c9c461
7241c5c94ee570754d83c806414183b0bf4e485f11239cce32e65daa0837f22e197c34cb7c303e39daa8c12a8466e56a3f7c914d9d3e2bcdea3ad6eb
24756c7013de8134c5c2d8d6142f4ab3e5100eb55a379bf2581802b7333946442e67f645841b67b6db09371a8405a2bc9309bde4f28b332b48da45f2
bd0693900155bcb372a510662c83ab314ed3bf9c2744bc15b3ac99cc13d21b4401a773832e2e6a90a68a1ce1165cc9d1a02dcfca344500753a37e8f2
a1b3a838a4d927495a7271c6e9cca1cb874e72b6e45a8d063105045f272b52934b374ee6155b29fc3a559809afcea2a1d03e93c2a5beeee19386df84
ce55106721a875a9d14906975cab709aa3658d37d38a2d599890ced09657fcfaeaf09a94ad8e5855c9ea8436558448a82356e5bece52f87300ab82e3
0056fba6fa2c099d6b151a449bf521d5ae7200c9e0928b135a948e4d75c4cce05c7ee096d9c8fa9faae0384455fbe41091df25d71b9ca1c5d585b26c
b6cf780be9765d68d893bad050b97565a1c3094bf1b72e2168107e63429f4d42a872c8c2ced1ff389d592ebe089f592ebe8808a9e8529cce2cba1496
af862bbe4e32bab4eaac98ce4c9bceeae0bbd0a6b33a50a3a28761b2336d924146979cf86f5022abd096a52a6c59aac677b0b44daab031db7c116949
d177b1fb368a71db81a86ccff0069466c28df20c6f4069c6df3ae37eb2e4b6956ec295d222847d1ddd49b85174749c86d0f2e8456853b64c10efe4fd
e99c6b992da3654ede371894d27524965166cbb805a7d8cff3b4d4a6508d4d2fe1ac6ad1c3b083366d5aebabc2a0c3e18c86b469adaf8efe369f857d
7dc8d5d1d70073845bdaf4f31ce116ae9d3bc93393d3f39ebb969c8f3faf879577219da387f1ec34e7e33d2c2dca648168cbe979b7f946992c106d39
3dff9703d0e4081fe26cfd3c006dd3e4de541c19e45cb22832e841641b93aef3e431a7f63d6a2c3979cf51631d7ef2c886e45962ed3d8b1061d757dd
30c05b9ea5f46b9ea5f48dae8b13bf5aa910a7e10cfbc9192369d3889ab16e1a5132d6e4fcbb0753856bf43c7a2a3987ee5953c949f3b9bfd685751e
a79436ed31272445491332260ea019eba6a9bbf385d885751e46d460124206a9b1c70d252777ddaa9b9ccdf57ca1280e1113b4c9c95dcf08f2f4bbe4
56dde46cae5b75dbb334452e1c2ed9e3249f0ee9d807d6cb19d90651505da813b44517eafadc9267e531a04edfba19375cefe676dbe46caefb6bc3e5
6fe7438eb46d64ca899dacb95ec89d58b396dd051bac59cbee824dcc0437480cc4d46f76536c62aeb743866c04231d62ae8657ec103b517d2f7e9ed9
dc0e51a3ea8b0e9ff545c48b4cdf664f8949ccd7e6b9479665691d220c558e08014b852337c596588574ce30750d62add950db21fc6e8b109a379f45
e99882cd6e8a0dce2fec90963768767d2ecbe11a24702b0191ab1e26aa9017ed59383a87c5721df2de7d3efba0941799dfb2a42dbb57353137d861a2
d4961dc164cb8c202bdcf2dcc95a2f5245c2c3745f837c35627eafc385ca13f2a2c5f7128bb14bb4c30a9466a6dd38dc31bbcf3558ff96e766d5aac4
6e764e2e423a47116592353183973d1428aa126baa5c95d8cdae5b6c0a67c5745f871ba53665d72db314992c17212daf1249e4c2ec5f9efb5e59d3d5
e029fce437fe5e170ba4829274070bbe3aa45fcb84c398550576c757550576c7cdef7542f8537e49c9d3ae82ba3cb72abfbbb25f4348af6f49e87bb3
9001dc8a107d55e7ccb2eb56858c987ab363f93871b241a52c24836f0ecc9c6577a3a65dadda3dab54ad62796e625768873b7011c2c2be096fc05d88
68ecbc28a9556a2493bb29a928c9beda274c9456e141e984f4d51e420e5455f639792b25653f912ab258acc393529bc22b264532d157cc4265b7bd06
2bcbf2dcf6ca8aafecb6d7a86a735618d466a77e993bca6e5d0d4e83eb90f72a84191b9394baac6ca8ebf9b034090b300b196e2d4126aa4b4a4e96c1
ddf7e2f6595ad62087dcb259b3c30c5c85b6ec8b88ea92c3edc47072b89dfa4d0e77513654eec217c5aa361765a3f0a2a261289b10235a6c99b8a6aa
bf4eee262d6e9105c7b74864ca420e6576c89c644d0e19bb515372c8aa439669ca143d69ccc8c95b4b17211a5a67655a96c1ca67cf24835585d53238
c95af5d52e22aefaea7af8a25919c9d1395707d4ce6111714a768e53b0552363029f346e9cab17ac16cbee5d0d568b7588786b645853ec49c41da265
0605e6e4559b13aab33182bb53ab56859c3c25a93227677958838c6f6864ccc9432313f23b69262de9134d9f34fc9c8f151cabd7219d31f9238a4d93
03949b43f73a4470b49a9cad15719990d1d6881eca91ecfa29202eb39421d2a6b2d039e2322b3f8096620843cb67ee9f65c1dc3f0c11d8059bf27c11
2160183198ce8776d1743ecff7b2042834932c928e304438e8e63ca9c2dd86210233c1294f22e9c92c5566f7d9964dd8439b6a861e86ada72fd2859a
65677d262b9b53d6f2397d1b46b126dd59377825950a835a163aa7ac1b74fa366b08ddf61ac61357128fd05a9b7467eda2497768ad9dbe0d435ea66f
230c793d833c6b443d743c6b35d9d81aa1a537f90d19bc4d22abf00ae4459cba1721bf376543cbc7b6d7886d56862af9654636428e98918d90489618
b7a62403bf17d2cce9d0296b539daf0d0dbfd96fd6c49adf661d9d2762856e818397139fcfb35b57230c0a4877238c029cbe0d7be36e6fe8e838d52a
655d193b5953d659b193356563dcbb9a62506b221dfa10e77ac39ee430e194cb8456a637ee9a8204194eee660df043ddb727391237650d30cb93137b
643b6450ec584fa60a7bf221477a18d2dd94f5121e3615f6b3eb91c38e7d38bebab287fa6b40c17ae494b5d664bfc15ac11c1765928e8d8b44d2b141
7e9bf872db21c38d518d8b2cd0edc14c70e2536d87280ea3101cfa94f8fada20dfb1037f1b1cfad44a6d4aa56b83f229c31f9c7a1a9c1b98e7c656ce
0dec70f8d782bf71636b8330b420387c03ee908e64c48285bfc1fd150df245822fc41d22bfd5a608c5f860dc21d6abda328681efc7d91da5c111841d
f2deeab35a3e063f486f83f58c1d4a3344bad297e58d1d5ab90a19cf3a2bd31b18fe06792fee369ccd0d477be58b135f6a3b446f1cfc551974b45916
9cf816db20b175596d19a3c2c7d70ea9bcda14b135870c36f1c1d2b3e9b9c302cc42df5b8470b40aed0dbe0c0493bb897dcc1d726702f6384c5183d0
84239dd7cbe5322bd3cf64836102cbb7d806bb30f4ca36d515b4432bf37599af9e1dde289dcf3e80f2db0d70874908cdbb64a0be7cc9cc6e3f4d7cc9
ec9031c278c7ee0d1258eb06575ace429b4a42f92dc203588512090b23bf6d907023763b67b7e52e66bd7411de28b5e5033288111ae4228bdd171db6
2c0b6a4ab2f2e9b372a4e4245b3ee958be57f47552c02c1ca69d0f8c1d423356b32f7da2324d25a280a2211c196c2fad425ea44c265543db96c852d8
aadba02348d4de2095b52ab932dcc4357d4271946a289c63f6bb5f702652f2435f70729177807488cd51d9f3243209e949d5d95b71fc94e786d306ad
8c63af0abfcb84fd86166321706f9917958af0131305eb82939fd4dc709afca41623396c95559ca2986db3f283cab68cc2f6cf629f34fc2391ec2df9
9ef08e13386012d91b503adc80705f8844fd3ac5b1d3bda92c1c8a52b55e2692d57ead724fd21dce04576dcc58addb4a55df911b76b809e91bb5794c
d0f6d22cbc514adf98eef9252446bad72bfb5e321c3f8cc498afeda5548e2eec1d8690f124f8700b69f2e3468c29d85699af9e11dce9c2198b1dc27e
b265cd242151703478f24b488cf5b8bd340979912ac8f6d3e4878256484faa912349eb70151e54f6bd277d455813a1ea1bc78412aafa9a8655758e23
8e9329791c12a9fa1e982bf3e818a716f752a182a493648d6d328f6e10935366290caa6423efeaa5b33264e8330f0d7fb1b2e35b662923a81531efaa
fabd71e2712f95dfd3f7cad1e98b64c1ce298cbe8b79cdc1631c82d44b43c87beb2ce572207d9793ace6c61cb2de2bcf522b27213d69e4c252df64ba
db205da73173a9afe96e9c769dfdcc2e58af2ceaf00aa429d6f626f3cc60463685f1c5559363e8c9146c32758cabc26fc7b20b36992b06176325d3bf
700ad6f42fae460176fb98645d2f8b56f38a782f06054eb29a8635b851ba0919947d427a4353e024ab995578ad94a914bb607b5354be31a08ba3e05d
50265a316f7bd250906726139eb839be6a37072825339cb8e1611647f076c8600879af633476b676b808afc055080b6936050bcb2757f5b4ba58ebc5
98806dafc9f4c76dafc9f427cc5867bec32ed834f39d315fdb9b02de09201603086764670a73b7e7340c77e548d5bf579ba29bef21913e6b37abdcec
914da172df9532b599a39852a8af77f955baeff25b27bc0379f64178b128fbe6a4337978281ac6310f3463311679f85eed130720a719973f08e316a3
6792d01406100f42de50c91ed8f2c5e8997dae7986bc9c5a9c67c8fbc03eb1ee391f175c28b72b36184819fed62da4d968f2b82838f8db83c9ce6c34
798ce4b0974e78020719c73801b8c324ccc02c1c778a71847566fb692f2d4258a0270ff2bd6c84742c84f89c93d8e024238499ca130e8fca5aedcc36
d00e17211c61720ee63e335b87329b447be55598289d108e50ee83b9cf6c2876307f998d7a8e910df6cabb108eec76d2bfcc01d70daafa1806368976
6853f686ddceeadd6ce47290c2e58b346f0a619aa5888a346faa1576a2415a96c84dd920fa38c8f7b2d1875b3bf345aab6a0370846dce9992ff35959
20183936cd5596486e5833dc3848d2b2e1c641de950d288e5d1de42bcab12b667c276910aa3023ec12eda5f35946e1b91441c2c81c5cc47ae164c40e
218308e2300d5b263c185f6ccec1dc6036a0387665f2b914329e4be9e722830a2116e94824960bdf5c0eceeac9976728cd70941433ecd5612ac5fafa
0ee9d8fac9231b32b70eb547094d1a4441ab2de96fe67bb8408fed211d329ee45947d2fb12b834c89860ea8ea49d20ed3a3201f142a472640781b4eb
c8a4c68b6464852e66e9889016c9184959871099497e59b89fdd069a0d201a644cb0c7ee0acdc6130dd291d2cce45f369e38f28827b231c191b53193
2ac24796d767b78166238623e315596ddfde4ac2b3da32e95ee652adec36d0cca55a1d162aefc20348cb850b218d098eb12cb8975661064255c1e170
b8617667673680380ac1162be6b31b3df3a2e12f740e0be8f36182c78af90e7d569a657f3685ec2fcfcf3e803c6bfac7e1861dae941661a234845235
2b0fb9622d7e762b672bb5322103671d667776e6e5b9f24ee92a44189e2b077096fa227a8319caccb1ccd95da199739833fb3e7be55de8b356463538
96b9434b7dd6bed21d05ee68b53227e466a38023ec1c9d64282abac1c0dfce2820bc77940f054760e9d767885c91fc1f2cf5cd1caddca0fc1a148482
a4a30b946ed5b3055ab6ead9c85133472b67b676f6525b96fd5d8ec842571d9d59e86a7cc154615eac7cd839861b879de3b3075e71c62687fc1a8c1c
8ebe2ef470f49f2197b21a6e1c21554242a4d58082c5bc797986b0af373ed485678829d01b9b49aebadf5311d5df8e7ba47a69081923fdad19ddaa83
3dc97efb454a9f34fcececcc33083831669c0c98bdaf2acf20e094645df5d56e968aab1a291557afb3d5cd5f43a28a10e5f64557be38adba6a7685e6
65be886c77d5735f55b2d994dcebc8d9d999a7d727bfcbd3eb5f95329df1d55ed719df94239df1f38dbcbb103f302b6b716765e548efebddb7d3919b
d0ad7ac5db413feb066fda896acb5adc592a47b3d441d149de34a23ac9bb4694b4e4b8134fac3a58eecec9d32b7273ea65b5a9bb63349b7214c8430e
e60233bbcc3aa437c296b5047ae3bb96406f7cd7f2cdf7ea4374bfdc6193a757bc1341acba5f56d1e655d7cd2ada066d8af19d2e9455b4793ac9bb56
64b2405f4d9ff9b0afe488eb70f27a9950168af0a43484c33c4f17faf07a66ddef43236a50c006d33c3ddb831c66354678c0ef26fb0f3e4f6df26b0a
c736867c5eb0f46c63e8700c8a9eedbc48c66a654c1dbb1ab21b4cb3beebe4d2ceac773a2f7836f63c3478583ae14e69064e9a8bf0af6e98ee30535a
85774a432847c005a5638344669768878b9067f15de74204cc7186d93da459dfe5a6d1acef6a1051c13b9d0b413cbb293a44727056e782b3da16a922
26d21d9d0b1abaad128986ea9d4e7354bdd3c9a1b75977742e8af7ee7b490f3687cc9455ffe30ed3ac8739d76ae55528199b10694fb3f28dd24f47fc
e76acf61da1b44e81c6d261db3f6b8c12ba559c898649fc5ed6980cfd5c177b459359b39f5b44348c6109e9b3288a93b378ce8b64dc87862f9cecdf1
c4b69d9b5a856d3b9d3864c747873c8b05728369d60235c8b32119b84cb68774085561cb0a2c81cb69d6b9291acef66dca82b37d9bb2c09ed1ac729f
3b91e8a66838f9b7291adc7e9a557df78ce6a9faec19cd53f559dc9aa772ef2191d0bc93746fca111760e6a9dc26b0539b77c20b8e98ec70f85bb6a5
3488fc4e7dddc970d896d221542d92418cc02e957c266c2a7b943ab4143258829aa75625a674d8a5d2e146e922ccc05548b72bc0ec46cd538059919a
a7c4262c2e57d53548e8c936950e772a4b245e823d4af9ccd5caab909edc26b4657a233bdc0a214715e5295726b41b71cd69423be58a55a579ca55b6
db95abacd950cbf2e9b33665b7975919aa885cce42b83ca5ae3011c15e9aecf6d3cc1ea50e6d2a0ba14a6128ba14e21a37a7e6290c45f1e603c569da
c93e9c0eb14f9a82a200279b527fab641cb66c53e8ef1ceea245aaf3599a728c9884cc73500aea3cbbbdd87559f6b557d517d9930441a76927bb833a
a4ebb42a5565d7aa983a7284686687692f858c4a88c42992992da51d2621fdacadab8ebeb6ae2aa2f2cb14659e343b45d977257dd2f0b3df343ff387
bf99fc0521d1a6e58bc97d155a390b6fc05919b341587306d1e4aee5e3e695fcdc14d1e47365ccd5ae31e350a0fc177802e99b603eef2f7050b51b40
1c68e4ae6de3d89fbc1b4f1ce1b34598295d8595d22a7c50ca8b98a1ccee3372df67deb56d0703b86bcc58fb99dd58741e989c67326461be97f1dcd7
090ba59b1006d7096f94d2392c14cd6e4a3a4fc2a949b3938e9366261df3aea93b89aedc67e4aed0ec3e23b681f667ad4cfcb413c59ea7fceaab4f19
94df1381dd0dc54ef99541f3ccc91137afe4dd40cd3c737274c5dfbacdaa41fa4aab792524dab5f44e3a4e06d9069a776dea5506b5a957be92710e66
8307a2a237be12f2cedeb892744f8eaee4309366a72477a349e720b95d307b816bde35935719d44b38cbb8eb25b8a625efba508ed3cdbb3ef3a678cb
fe4d8ef499370cf0e497dd9a79d7c4de1c41d9bfe16f27bf37c55b337953250d28386c37ef5acd1be1f26e7c713ba40a8e384e37bbfbe9bc115eb9f9
8b9b623b9405129e5d0f7353da8d2eefb2af6733a19d3dc9d2d7bcebe8385d37ef7ab6bbb261e7dc35057a272712dd38e685ae792f1362827456772d
831ee64eb4e53eb2f36e4fda75773ea7cfbeba6bcdeaac6c5352a55cf139e3bc6b3734fccc4936384be9763b963da4adf4933b777b5d745dc3ffb06f
f4550f4cbbfb9bce07910ae74266b79066b73b9d0f3bc331617633bbfb89db5e7be96c0ae9764cd8609add0c7532d999dd0c753e0e2b57e183529ba2
6f9286ff616718313c084cdd56e605aead72a7aa4540d5678b100b34c6a478276be628c0e29dac99cd50c5eda799cd500da27369f1593a87a3008b77
b266cefe6b9028966bee0a1b4cfb7ba54a06572b6b45aa446a53879befb050d967d59b31a01d62544216647fa52967643962b243c8885578a5721532
0a01838b663276210c6e36c5742647f475e8b370b4c8fe6653b21f5988108644e2e739cfaf43942ca40aa3c206aee2adab990d5c1dfa5e7a6365a610
312bee64cd9ce757aad3b7485d874380d9ded5215db75bcab74af67315b6aef667273c8130c8494d99e3fd3a44daf722f4bdbbf00e4c428421f95e84
610ab069365bb43a3c28a5e50dcbc78ead0e2dad423a36cdcabec8d2189233a57d7340f38454cebcd735b653173655326f42f428ef42c85866a92dc3
ef4ea832158755b4ad340be9ab6556b6e5224462332cec93059f25b5601f5983a4169cb059bcc234b3adacc30c84486773d91a56b8a4b43dbbdad469
65a87261ecd4ee24cdeb2644614b16427309214456a48ed39632071616366ff6a67c964095f30b3b2c947e72e76eaf4bcf69ea4cba39ebb054678da7
ea3b6bcced8285fb4d7ba924e3bab83bb3435a8e0969591b630e9eb431c9c1d7a864328d6945b283af8dc9241ed3a86405563b91d5480d03fb3e7352
f559bc9bb3aa9f5550cd068b777356f539202a67b5d969638e012d5e3b9ab3ca9d957d0d4346f6b3da9cb1d6d34eb0b3336715d4c9ddac463ab9cb6e
af0e2172df843cab9295ea7b799173bd59ad62696fcecb2c4506f7240c6016fa22a9b237d40c73f0b44b245976da2592c9dd942e42244773c536d09c
75385503acb9e2d0a79c15b38afbe59cd306e548317346769aabaab06bae2a1fd7d96fdae1b06d5999ac44665c34da20a1d8346626ddd398b149b43d
6b29aa9ff53fe6e059c9a9c4f4d3d485fc3adc41603aad5738a09a2bce62cad9510887cc510887ac5c8430a8f50a194cb3f4069ca58ca0fd6c223d6d
9b89345bd23a4435f412a13c6bf9427eedf6204c9f86300837a6e563e367ce0e0a9794e6eca01cf68696ef70b84b11223985678fb0b2cfda1bdac543
d3ae5d3409cf8ee021830ecaa1c2ea7fccc9b30ee774c81c2333e7ec18b17a37675dca49803c2da1a932c7bf35a8c43a64a72c18d69d240fd9113cb5
480e0a2726e56cb79fda5883be538935e873ea3719e59d8e60f9e437fe56d701d43c9b744ff36ce23c2daed3b7d94130354e8671cec866c7c4e5b9d3
e25ee1605a5c4e48ca590f73c5834e237a85aa69359d73cdc6403742cf6cd0e3246b96c89b7a235537bb3966e5cab3457805d2914ec14e8b7bc3d267
237e6e21cd590fe38c6c3624724636c76cea41a9546936ec0de76b8bbdc1b2d95c74383746211bd6704e6f2efa1f97cd66e3983b46749a67b3dd625f
ddf9b6c339a71d06a5139ec0100ef92df26bf2cb39a71dd2b2fcde093e38e7b44306659da50f2a4b861d6b0c7427c6cdc64026bf657284fc96c91133
6765b2a06c18f4dced2b5d8ad96e9964f0917b1a6fb690e622190f94bb48c683c82c6fb394aedb66291ce99d1e768e7e802da4b9e89db80c35171d0e
e729e5329b5217b6223c81b62cbffb7c968e352d79f0952ccf52f2bd62b8e1c4707e869081fff172d4cc1eb40e376016d2b1cf9579169712ce0473c8
55f126d5cc4eb1c24daafd595bc6c1e6d9b27a842b7383697bb602156faca69b463317337648b76326b9feb43525558b028c0f89852f7bbab23047d5
958553bf9c1fd5215d8787e1fad35ed9527c0827357588099266b69466f67315368db6d2ec7b09eb385ea9700d692fcd42de1b13d2cf589558c9ca74
1a5e439a396da9700d692fa53756665a741ab19275b770ee93863fb88626b3e7acb0fdb4b724c9b81f2e2aec7003eec2044cc203288d8a73b132968f
c3963ac45c159fc510b271ac435a5ee48faf37d9e15d956e077045bad95656d8c9da4b25836883a3988a179a66ce5e2ab13926b8b2e064a6ccd94bc5
8dad99b3973aa473f06c616acc514c255c06cdc1a61d222964616e7bcd9ccc54dcd89ad9fb56dcd89ad9ec56b857b53fbb0919a3d596b122dc1f58bc
5735b333ae70916a7f5606c9ac38c6a941ec0457f395e078a5ccd14c1d4af32c85668c59383fcd26bb0ea94c8c109cb69439c7a9b83935738e530993
ee1c13a2916a06a72d658e662a73afaa9edcbdaa99939acadcabaa630f0e5fca1cbed4206683fd7a85bdaabdb2cfea07543253727d759883b39baf43
ba5d1b93b0223a672f43cd554398ec1c0da18974d50225c2745d7724dc6051adb81d27b37dafc39dd25d588036a596e5d9d449290c723b4ee672ba0e
ad2c830abf2636e3d93805b5781b6a1bfc2c948c2a448f54ba8c21340a08174d57952e23844595e4b4e45cd532e7a78b2ae9fc7455da5de95cd4d082
73666360e162d55e9a843c4bdceac5aab92a932e7c36a0084e4bce55212c0ea8fa6b6e5c954997451b6e78cf6aae31a1cf4a9523181332646a2877d8
e4d0c67280520e05a9902b1a7db8ef35c7653e4b4faef606031a9759f90a9ca50f2a7ff23cfe12e6e0a158998317ed848ba40d5cd850db2b5b8aa92b
ea7a25042ceabacba043b1aa7cd70c65a162aec2c1af76d52664894838f8c1e087a3edcae6a2ae9b2987c3cb09490df25e13e770004322775b0ec9b0
29f281191205e66a86442e650ecdb34b998b714cc8a0e6390e5fe47b8962435908b2ce70b443d1707803afc821a1c5bb607368dab9ed358763e452e6
62a4e252e670500e47d048e5b0738853c3a9eed0e29a56172d1037dcb4525fa4b01bd61cda27e318f7d7164d0efb6b33d7cd156e7beda59281279f41
9efb6b6790e7ec35e7ed14b6cc7648e513e71c06a6dc7f93d9ac59bc293687e37b3afa0ee8e9703ba0ce4fcf78d12c3bb4e5a6d533403c494bc24171
45f58c175d515db46da7ec6bf85d605d0c194e07d448d499ef70049ddb0e87ec54f50d284e5c5931a038557d87ec24d6e4749ac21db4bd329d73d5a6
1a14708e53e6ec9a0e197d3e5f848bb5430f73e583cc8c80ddc85b8c11d8c89b23cf67e90dbe48c45543a1f1be8644da14e9c18c9e9d530f05e9cad7
8ca29fbfaa470a929f0666f47cb5af74ec2ee50ee3639772cfe8f96ad7192e3ba75e34de370da321b01f1d66807cd3121ad53a893e03e41b7e7e06c8
1c6a9cc320f7a6982975b7c3678b10a52b13264aab10012e13564aa5f9f045ff8d88df3dc033d4f623c30cb5394b39479da5374ae92a3f1484627527
6208c5eaced7b8193ddf51b2193dbb0a3c94323f05cce8d945e1333ee644a81c0a9d13df335cbe930bcf70f9ae1155ca9c078f98a590a179769df78c
9e5de71d7afd07c25ed7097d7617fa2c2c7055500ee35467af6730fd60a27f46cf0f398a0979910e96b9ed7251ca1ecce7cd609adb6dcb45b132bb37
b6f60edac246de0e6db908196e6cea71617ec070f9b8b0f2aaf219e1e034a9c261350d3a287c4668f03a4a172bb3ac859bac1b9466ecf13126a47b65
9f1da6aeb063b81caee4e6948d0e13a59bf001b474849e8513661a547270bfc7a26c10a637c82860cbd904dc9f85fd8560cb30ddbb605b29bdc1bede
16a55f843b953761a17411d293b885630d9f4d425f34a1cf66a1cf0a0fc697acec580fdf3ba1cf5621a39f2644725659c098554cbbb7bd16761b17af
772d1cfcd2214d61e9bddeb55c949c4d06b3cf8e90a15c14a44dc9c936c5c48b8907fb7a3bb4b24386db6f90cab8fd8305d7ade559cab3451694ba7d
56664095c90d3fc0c1a61dc2e03ea12f9285d396a579049be5a2c4eef69532b9ab38d8e306e91c028ab927d884e7e070e1c22132656e02e6a2ebc226
e00e57218a537d2f3102879376788ca694675749735669f142d77251bc13deb867479f32fc47720015ab44c86bbe7324451263e605ae85cdd5e57072
b7c68474338efc3045e5f4d1e29ee0725116d281fa2a0b497b1c96caaea29164376665465b497126d83cebc88e9892925541dceddc136c267538b96b
ea74785093a913d7bb76e8b3075439bcf9f0d92c64108a6460f94c780ee67a0b87b77488722b0b26bf1cc052bc0bb65c148d82c931593a3cb7c964e9
e0d8de728909e96787cc9cd4dce960beb695c2513930c08e51d16cd89385cfc966385ca4dae1221c8ab2e09dd87ddbe1224cc05558819bf0a0a95d68
53135e294dc21ba5c2f1d1ac2c763b6ba6cb623fd790c8593aecc4a277aaf68636d515d5a111ad98d8d06a9a8572a44c87779a9205c777935fc677b1
9f9deb0dbd7145bc639bcf8e5158ecd8b0ebec586782cdcae6de5cb3322f612dec272edeba5a3837a443ba8e24ed88b0a922a4afec9c3864a10a912b
2d2e396a59d60919237b831cb52cb21f78f2457e5d611dfbac0ccdb2cf5c6f59269178a7d86753748e341f68b7095e83f4b33493df96459a0fc5ccf7
1e8a994101c7f89645d37e8495772163a4893db40cda54967297454b7fd875860c1e3615060566bf2687ecebedd0674977cdf78e43d9d00293ee9665
92714a06fc9e841b8b2f7275b639db713abee993ebf87b5d86d7d79e7cdc30bff32ed8b2ccd7aa287afd93d06499afc5f02ff359e5c820e0c46a2ecf
cfd2f27329fdaa4b71ca399e2182a34b39b540cf106bad4b39151c9dc65533a987b9ceae9aa588863ec414d5dcb04144d2008255e06599957129cbac
ac92194f5cb540c61357fb793615a8d173658ccaac8c835d745657d2bd7886f406a9e2716516d9ecef70c978e87faeaaa00e87138fcb62a9275185fe
e7a651b1f2cdbed2ffdcb431b33251acf91e1b977ba92d13f470ac46611f73af0c8337190c9be2933087a27688b50edfabc5d5b3b90a3ce68be477be
88206fd1efddb4313ababb7aa3a3bbeb700c37ee8eaff18573dba67f072bb9cbaa67338335c13b3812aaac3ababb7a34df8b1eadfa3df3db98648cdc
bfacfa3d26b3cbaaa3632577597574774cecaaa3bb8fef42653564b86b44e588d3a5ca6aa2c511c765d53b71c47159cd9d58acbd5c6470cc4f77b80a
4fe026bc016d8a01e5fc8e0e174a6df9900ca91a96619999a4f9ed6a1af61821fe729141b6352f17191c93d91d86f03e208efdbc0c2fb198589e1786
9bc33e3a842302a873acceee70133e803bd0ce596d190d658774830ed96a53a4616c892eec45ee90f78eedc5bde509d7016d79b1db6d7909c82026f2
8adac29d961dd2939b2f1a966131b13cc791c71d7edaf0bb157931aff476dbc216e8c266e35e5a8530b4f91e7b5dfe5824bd7002568756ce42861747
eeeee285f3b18af7d7160ef7e830016d1977cbf6e9060fa8da26a4e7ec0ca69c0bbba93b44cae4c84c99cdd51d564a9390e1dd8598c975970c12ab15
677c32f55b38afa3b0bdb835b55b8ae5e3bc8ec26ee35e6a65592019647b71874508916996220b4c179cdb09cdc4132719ebc2615ac51b6adbb33635
69e6594ec02a6cd4ee906ee793f0c9e4ee72f1bd3ba136fbb68bf7d716366a7768e52244248b4dd91bf3bdc3102e97f95e05093fd020434602db200c
1241b0ebb7c34d88c412329c49412246f096d9c256ec0e7d360b7d3684744ed8d40147c5f7e260d9b7dd212616b7c0fdb5bdb22f22aee11486e28ee1
c246ed064f54bff8a293ce29d24c5cc3deeb0e03384b19df220bc4356cb62e6776c8f804c155b81d42243b860b9bad3ba463cb8443d937ad2697dd96
4dabc95ae6b26926b39d536765d87704c97e1b4c422c439548d9af1289b3da348424b40bb7c97738847fd39815ed31318257d2b6522bab56c408a7e9
eea645e2c2dab269918a42a86c70d6702bf5451a0a85a16009372d522132ddb4484cc1964d6567d7ef62227d3223bb98489fe6c69bba5f1d32e58a79
d4c5ccd93b69cba681623d72d9b448e35ed95e79c285d210ae94fe370c7f957b8d1977d0964d636602bb696338d3785994232e9d2d9b26877c7631ad
3e397a6a5994a3a8365585be378495cabc88e3a316cef4ea1019d41270494dd9d4f5907b953be45e871ac44f5b99f041a95491b1b2b9ba70cb6c2ff5
45aa6099105950d70f0cd2a2841e18d14de526cd6ca555e8b3b3f28dd21022562af7a1beaacd9c26b59865bbbdb86c2ab719eba6365fb52284e95cff
d99f5d8454264cf736d006a1f956ad5c848ca0b27f9305959b55b46553b94788df2a2bdd2c9b5d167d3547d12e66d96e035d161d1dfb3e9745cfc694
d5b228ce46fc9baa7f73c8d47516c6964d6d36e2df54df9b22aa46b22b74318ff63ad0b2a9a06c035d16a59d0b3fcba682b20db46c1a7e6e40299b96
9e1b50caaefab230b670b566711b68e16acd0e0fe026a47374bf4c7f955d3fc036d0c5bcfabc1f3695848c91aa7157bc75921c8254d87a5edce8b998
667b1d68d9d55096be2e66dd272717955dc3cfeda065373e666b67d955d887ec2ff359582001384d2dd8f3dda164cc5259b054615061cd077683696e
4f29bb01f138c7b6575e8477a034232abb1a6af2609a7db2d6b5b0c9bb43583004369720afae95a5af854ded1da2924343ab3b3d0bb76576485323d8
6c104d619377873c3b34b4bad3b3b0e7bb72ef682fb52942158eedea10aaaa4d291bd567edbafac90d5cbd2eaa30dc6d8774e4c8a33b443436219e9b
fcbd7a0b69616f798719b8087976973f2215f687d76a36b4efbbd0679310aa621122653bfc992bf129a072656987b61c3655841558853615422434c1
c2624786549d42a9c28ab05bbe7a4769619f768344c07c28a85e3b5ad889dda11c8570b8058e25ab6cf4ec958b90aecb36450ec376eaea46cf856f0e
1d9ec05578034a15910a1ba61b2452d915d8154fce4786cabecf5eca7bb7ea8b92509ab310e9ae8b909e549c37049623cdaadb40178e34ebd0cab64c
1cc317890e31398ab309cfbad8f269a92dcb9132c9045eabbc09197d05695326633675a732ec9bffec0ad24e6ac197900ee91cc77757ae1c50d69c96
e428b0e674e1f345e5fecf0e67e5a0b22fc298254781cb544ab2db77948e6f0e1dfa6c163228eb22bc53caf89a2cf145a2ba8574e18b44873ebb0b25
a30a6d0a9a9363b4dab20cae569685250b11c2d5674f2a6b354d5a925465b2d02455262dab8630e36f934472696761537b8708ff5684b6ecb361654b
b19a7c5668900c2749557604b745c87b378924c359b584e630aba6cf29bba4e1cff2ab2564bd6a49fa016ee92c493f5064df9659be5a922d734b6749
36551c32cd260b544bd2c69a1df50f169f34fc855c78d5a69a2b25cd33c7292dab66d2a9c1345fab2c68354d9d92c6bb60aed26c995c38cda6f0307c
27e9100e665384267c27e910194c34e5c4217b37abb78116b66356367af667ad4cb49134cf356cd967b1c77c09a9de065a92169729ba850f231d5279
be48152c49485f653872c62e193184346b71837c366962a3fa2cfc868322cd21917917fade10220b3909197c1d0e8b4c0b3b1d3b448eb4d671d8b254
29b0c5caa7956d4a9baaff615569614f61f5e2cd928c205864da2aaf42882c9b103ba1f13e1c32bdd3e190699e4d7856fbf9b037ec582e8029296629
221a966a6235cf87fa6afcc4014a255f26dc8036a55ba8138e96b3fe879b5796d5ce3971fbabbde1341bbbea3a3c815588f0db57a77a646fb0aab464
6d3957ad2cab9eedd402c52cc5f2d957a71c691759ceb9ac3a2b96732eabbdc17cd7b2197d70f166c95aafab2c68aeb84bb364cd1547152d9b1e86bb
345b6916d257dae3ab546971399b68d98c02583859b256858593cb6614704353b256e58669cfc6713724677350cc2437ddfecd01d5c898fe65adca0d
9fb9e9f639f4b695f2ace9dfa6dbbf33dc9b9ecd8c2e6b6438c7b664ad0ae7d896ac5531a3db1c5033baac55b9f3492d6b5538ba67d9747477be9b6c
0ea8495ad61470bcecb2e97e4dd2fa3eb24f1afe87fce99b4de8b266c30c8eadc80d6290367de4832f12b94cb853ba08e98c32210ce9411f7c5fcc1a
0613baac6130a1cb5a02eebf2c5953c7693cad2989c400676ddbc3ae52e81e7615a62e2e7809f637754865fc6b5c24038d0c572c6634322eca6f5899
70994f77d50d88850d4d1d06a5ab1061c7a386e9101b9a6a7048cec287bd0e2183d03316ac26dff91a7414f0a86e402c6c77ead0ca45484f86cf6a54
c267f1d56c68ea9021c34e7001666b0a6fec6ec5c20ea6ca0598bd5422096bd8a3d461a154aa8872d8b2d47cb15247eee46ec585e338abf761167630
7508bf6855833ba53e8b1b640753754362615352e5c6cbfe2c1cb121b1b029a9436412150c9325ceeeec9067f1e4ee312cec72ee1069c757b3a9b095
2e3e7bda9444e234d8b254d936d8e12e844194ae415e84c9098eb52dec42aaee312c6c3baadea559d86754c3ac6ccbb3f4a4348443eab8d2b3415627
b0cbb9bae570e1a36887c86499a58c2061bad76316b61d55afc75cf8285add3658d87654bd2d73e11b69f5b6cc858fa2d5eb314b59e5577b5c26f445
b26fc7e2f6b92db3c32294e62abc03617f9ffc5a992f051c12da210c62a0d863d8e1268405cdc8ae20e115dd63d86012a20b9b4492a2f3f5b54318ac
b6ac5a6d12496cb269a0b8c4a5140dd4ae20697338f4b6148d4ce2334abf4af453863fccfef8705bb94ab33fba0be15e9393c286b3d0ca4548376bcc
385c77d9b45ec9bec155bb3d71d934576c405c36ed938b3dd9105ed98fd84b7dafa2a1b94aa7efa5e5ac2c10d644566fb44f26927c8bad5ed2598af6
695cd2d94b6765ba59fbe4cad0a27dca5a200d52669e69d75c65be75ec97f92c2aa80562dde8b26bae3216b768819c2adbb531e686452b521c6ded04
d7b42cbb26a73882aa3ec7e72e7cc7ade1dacfa2361762a0a2a23829c567dd0e21527355143a659fdb53965deb5535574a77e523e8aef5322b2b7542
18d4989977ed1ab3aa0aea7e396067d9b56dce60ed1a33165d2ebbc6ac2a397596f2acf6a9e27e770d92cb2a8b9e3c30c0bb162864419313ea828e3d
f44e4a7b6035778d0ac7e094a2103ab3e4176237e82d1cf459d991d7a14d11c85445f4a0ebaafef6b0ebb431ce1d55fdad73477e30760b5ea9ca3367
d12e9c19dae0e17babd0f7fa2cf6c9cfbc6ec15bfc541ba7a3afa1709961d5df7294cde2e7d6064f4a79d189e254c5db85855501363baa4a2c374f2e
7eaa6df04129fc9a0ef9e5b6415a5662cd8efc90eb26bb8563403bbc5159160818f734e19d52fa997b294b5562af9a91344b2ba590c1dd23cb9e26a4
5411bd22de557f7b2554a97ad4ab96c1e8e38a15dd8d3e58e0b7ec861bcee0f98938b85d64d99bebfea4e1bf39805a829b964fcfcdd523a5aa3737cc
46556f3806a75415e5a6a92bb33243a4de700ccee2c766b7a095aaa2700c4e61bb53f5f2c8c54fd171232660f753873cab1a71944da9aad11d0b5455
236e805cfc6eeda58ecb6e10702706aafaf5bb16c820e0aed069eaee72a49b3747abaae05d19d4f2711ccdb2ebd7b97aa4419f2509ad2ae85dadd22e
72b948a92aa8e99edfbcdd74b6705867b38a8ea066d2157c759b10d1d01072c2cce247ee70155e55b91fb2a0fbe506c8528d363814b554a38d071170
35da709dddae73360dabda09ae8b2c553bf150ab08288e0b796625a0f0bac885d339abdbca163fae1f17ad1736f5b83828bb955114cedf6c90248dfd
5c957d64bd7411224869c2a074154233d1c7b1a8fa44105e35b9f89dfe70928a0d5c1d1e944e7807c2af491a673474485fa1eb87491abbaeeadcb0c6
beaa0e6d8abe5a549c3ca1cf16a195854c76b291aa4346304b0651001ba93abcf12c95576d1b81f8b16acb89bc8f553d42610f17e9b1a1a97a11e5e2
740117513688a56f106140cb0ed7ec712a6887f42496fe5865b00ab50c68d9c1092c0be77e5676a875b80b6d2a0925230b11a42a0cc928c20aac4286
0cb53a368510b53a9ca46237549d5bd2d80d550ff39fb4f82c5140c22d1cce4a55a57d5326f11287935435e6b38c2f4ec37b29973e5bf229c37fecb8
ea505176fb06d3ee7eb5c5a994c3057da1de7069e5e254ca61eae454cab1874dc181e94f28b04e7771b2678707a53e4bc8ebbc0b7758f6529ba26f42
39727ecb9995831b414a28566643a11c25ec6228472e0674dee5488e36b6fc4864bb9cf15bddddd66011d23998d8c384c7491af6bef51741957363ce
d91ce9900cdf4bece514cee1dac050429d2a730ae7480ace6ecba86f28bf4ea4390f3337bb85f29b676f54e1060c215da71c99f070ae4483848fa16c
643ee585b29127833685ec87b2916550039c89bd921637cb912636cb91b261c2130a4346f6d939d5a1cf42865365ec9c6a100b14ca46e16ba4934547
514435c04e5285c25088ae9216973355164e0fee9011dc26442615953ac92842a43dcf522a2b0c95f838e559197e15864a4c1f8e7e25160b47bf3a28
0eb7abffb804bc43faca41a9caa4a360eec4619dd5db234b382855854db314aaf47b6656a1a373f95f380ad5ceb19fabfa9b6490bc8b733f3b447108
090ff32ea7ced8b0d661166219f430e65da1cf7472cca9b323ec0de6ca0e5703b2b3a8b27fad435f64c8a04b71362c74926e670b9d64f06133265584
3931a992c16acb8aa82e85c3491727c7d883d66115daf284b0af873934d74528bfa4ac87095edf78f349c3ef6eb6d065ba36908d361da219a4b7c761
cfc9d0a1e0e8e70e6db97eeec0cfc5732982334b093e422f78a8eb61cb7664d8557ce70b43404e4cad179d1527a6d68bee88acb35e8cdbcc3a932f22
ebac1703b573442af57299a50f206470d24bbde8ac38e9a55ef44e4cc2d58b1ee6e4e395f388c7c9b7ba3c893cadecb3c398d58b8e9cbb46963cc918
0171bd6880af32a811e5d494c53948379d2df9324b7d96178d63523aacc285cab3d496436853b3329da36d635b59bd68dbaea40759f77b25c3c9f606
7381f5a2e51bdbca1ad4d499a266bd31dbcaea659f103274ce1ca2b2645d283791d48b86d0b9c0ac0bbd55c948425b9ecfda322cb80435ebf7c612d4
5e79960ec9c98662e300965e5a8457207d4506dba04d11b9647d265bd2ea458bcb1eb47ebf9e9051d0a63207592f6996320adad41b56c4e95b6edaec
a559486fac13ca4211c2429a90de5036eea4255961b82b39c95285df3ce46e6fe815ef4a8eced954994351eb7991230c30572f7638183c170714037c
923b55b65e7488a8e0c9cfb1deaf9716210ce2d8cf4506b1d627174a54b66dd4d3bccbe9eab9afcae96aaf6dac9c07d021b2b14986fcf265e45cd4fd
2255584227b3b9b6b143c938ec1cc92082e07cd50ea98cf09fabc60d1fc26ea85eba0a25a30a61103f303747e5ffc6377eef5a5c3840b59e4e867180
6a83a4c6cea19fcc5155b6e5d7d3e57e4e9abba1a9b2cabfc1f145bcb2acbf7ab96265597f878c18f1c4c9d451e5d6efca6d8abd74135e299df00e64
0039adb2b2e8bf43b42acdd2049ca599ca1279f0de55221d22d4e81c5356bd549a1db1e4b3e82b8bfe2b772d3688ec37080b79429a5215767b4371e6
eac525ab199cf551976d429b8223b285ba6c135a390951943ce149291c8d9d441d162123a8a2241474512433b19753fb5e3658172534cbaf2299d52a
f526ab552a0ad72054d6f1d7d3f4c0a97d3607f5d25d58814908fbc56795c962e5d367b350aa8a105151804bf5d924a4ebb0d667992c6421d2ae8872
3e635d94c982575c14b3a2e2f091d00b03eba2d4151954ae8a0c6280dd1c54d91f5fb930b037e5b332a8d415bd22e1e359d541c247ee006c9595baaa
5cc5841806e2b8b3aa474a9d73292e3838abaaa1d4552547b9aaa72dfbec896c68adab7215f3d903389f950c2a73cddfe20a83931319eb922744da15
d1d059c584d24ce77004e3c269e71d22754a0e672e2eae4e38b9f37d710dc119aab3a3cf92b6ea4afd931be1179714b087a79756a1efcd42f4487b7c
e09d5c70c00e9f56aaa83869e3820376f8f45288e42089c565012707252e2e0b380f6c9deb00cee3b0f227377055ae04ec75250adbe62281d3156dae
0a38b9aba0ba7de03c113a17099cc6c7aef23f9d9571cdc0c9ac4c7569fec915028b8b04ce53fba4d07140617569fec99defd5e5f5dec5b7b80ce034
3e76b5fd79ad288a6275d55c2956ac59abaeb63faf938c096fc0100e9a5d41ee7d7a4bd1b41bc5ba64fcbc4224bbd69b6c572b2f42a44c4b6f60ea9a
81d3c0d4d5d8de98b7b866801bf33a4cc21b956729fd6c78c1d44a5ded9c9ba261b4c17d7a954bb1ab57c62dae0a38391bafefdb10c2a0bd71c7c3b8
1a9b2be33a5c8450b5cda6a04a5bee3485ab04e65e2157099c4e53b84ae0e498fceae26cb70e55975f9f9c8db7704e7c75af507581f5f920dc7081f5
f960ceb5189b3cc8705c60cd1572bd149a1fb2af697fc8ef3e4b11158db75b879cda3f1fb22f836c1daaeb64f084a3c92056d399fe9333f5ebba4fe8
8be48874c825d5de28d7179d0a2123cb11e9c13a3bc77e1e717978c15c5f57296404070be1057395a5cdc12ea45e7917da720819dfe107626e3b62c1
418770344b0fc6a808653ffb5e9cc65a7cef6953134264f1bd23f9af5cdd1dde28d76f561b70c1e2b25cb7430c610e21bd5178d6ed402c740836fc74
b80ae9f6b02982af52e83a96c35556c2760847c5ca8a8afc8ed3117a655fa4e414fa8a9996ca46ed0e137096d21ba5080f4ae548fb6cd72d04e67d71
eb270c7f70fb5c7f348434bc5e84b4b44232e7fe2facdce870a17442485e3721ecae74c67af86c12664a8bb002ab5032a44a7754b390176dbe08d1e0
66f6a81c4158d9891dd53c84b59fc13ea375613146b893a8b2f633dc3a54d9a7dd21a2113625915b08872ab01434e63e230e7d6d5022f7456865decb
5ea1caeace0643b80b7d3609e9c93d0b070b2cd5083607f5d222f44590b12b567b08779e9da53720a58985ddacaf6850aa12efe5d8f8ba6927b852ad
b2f8b141e227963dc4dcb3c371ab1dc2515e8499d22a0c2064780c415508597955372d50c6496e1a15e625eaa6c9c9d8a74da362e25115e02c471a15
ce2c68d0f7dab1ca7366f4abf29c9965acca33a7eed5ad4c6865a9c21eb3b221dca45337d5b7904ad57542f9ad42f82d13c2af1a6af2c03ee60ea9ac
3c1762beaa2e14f5283621c3ad6a140745dbc669ee4b55539c97a8aa46b563d505cec6abac9deb107ed5057389fd32212dab0b95af82555da8c49e55
5d607ea0ee9a494f0ba8aa06978257f64077f800f22c9b672a2beb3ab4e5224426550db6d6d45d8bcb717775d7e23a9950551cceb7ab5cce1d5e7c56
77f52826bf56465376f5c84ffe558fcaa1744bd5851ed2bcecc20d988410a95a991e5495eec002ef6a19dff86b5ffff649c3ef0aafaa46721c40dd55
413ef9d77d9defb902ad4cc8bbab282ef8aa6a24dfe9ebae2a981e5415f4ac36352103a82a9c7c8aae79423a52cd3827cd1322a1aaefa994e9d759e1
d59eb5942f3f5537cfd171957576fd1a00d457af6fe2c1b2bb0ea179a3d4ed30556df64bfcae3b72c157557daf55aa20c34fefbb0a7a9523e398abdd
ae825e49f7aa610dcbc1eaae82faadbdea8daff2bb4fc880aa55573e04b10a22dc955377b5ca5d39b54e8874eb7fae442a55d77dab3e5b85129985c3
4eb074ae4107b4162144a655285536a5562588e4c886ca3abbe02eb356590bc4190d958575c1f5641d4ac6e9b3bcf7ceda054e8cedd0cabcf73ea90a
215da792dd25326cca515071ee448455b76fb2b41b6adf8908e3322156c4c89b83c4ebae6a981d85c6eca12550174c697685ffa1c951f81f087f6845
1e0432bbba604a131a9587a2a22e7856426863cc7042a3f2e0d3c7ae6ab85b86935b83cbbc3a5c84b6bc0195679c64780c0113ff0d1e8c20f1718307
a5458830142b3bdcc5522208ce570df7d25496f0059779f5d2d139dedeb5b04aa043899ca55446d9bdcc6b61954084c703b04a20dc1e5359c2d7e19d
5218e4a8f08589ff608b4b83bbcf32c1c57c7c87bc689f95519c3a2bd332415f18d3b33830c26fb3ac060c56b277f8c94f3dbd2e6285467a29cfc241
a61d62bcd1c8c8f6cd3ea1dc87501a2784c6a09bb3831fd24888c0028306b540e1b384ad2cca6b90e88a55781d32da4922891739b934bca367e1a8d2
f0529ecac2ba0e61108de48e9e5e9a84e80d2ae82d3c0be77e7608fbd917e10659a4165ecab330efdfa0838fce854b4438f733a2faec0219ec18ae2c
43fbdf8cbd49d2f4b0b25c39d76a48f4307b9b21c864cd34d0fe0745f8f1f8eac94ca5ff8e920e32d10622d04433095ab33f8eb75492d98caafa7edb
0c7fbcad8634c13383d0b0039db5e908370325b56945f68192da0e437300a721fff5e4f6696bf5e446a162a0f1350969b3cb75566c9ca76795552670
12ba212df2449988149c844e87a519d5f3c667b1d3936cb2dc40d56a43faca13659a183c33bcd89a23b282ae587a4e2b5410e761c7ca7125bb2113d4
c47fc1cb2bf2c77168ce69e2f7f1ea34b55f6ea049d416c373ba5cd3b329f6323d4fe7cc6c46d7684386ac3967b708f983c6fc7e6bc8e6b09ac52e53
2ce2c801604675e72c9666d5ed95c2414a876799cf57ab9b7f9b36dc5e5cd30e143b36a473d85a4c290d7c59b1e49d04651dd50dbc5d49b382db7301
69ec302da3ba81ac6b120e37376c40978b08ad6e202b9774781edd262473959be6377315f9adda1fbb56f44673f36f488578db733ec3ffcd8605580c
5dab6a38781b70f2b619de401af8d09328674cc7744987a7a434e8379c868d8fe3bf37303e7ef471fa67ccddfded8fbf3a63b1ab7478363fee66cb66
bc67a5c3c2f8e1ecaa79101eb87573afe32f371d16c6565d68ee662dd4f65b970bb1b7e83936742dba6ad15516d53f044e73cfa18b3f9abb0ae7baa3
b9ab7e933a9b8bfcb8096e66663f9395b9c8cfedcdce1971d4ccea7e2c3e081cbba16be572dd7c4e06ac9a9f0ef31859536f580c29d762fee5961135
8f0d5d90df4e06c5f21683e9d13c28b8cf4d87e5ed6b5af01811b565348fc2eb6eaf015daeffeba95f03520d773b6eab76446243fa9915d2e5036334
1936640439162300cc07390ab838124ee8756ce89c2bf0a2af10bfd7e14169ce4a77bd09ed8b4900989d733724abee5a31f5d14e98d6e34f28636cd8
81d990f6d6f82fe3db5d499d84245c6a7e826c38ab66484fb287b9140b76bfa5ce277b099406366414863f664d84c1ff44ad7fbfcd86f42443f6416a
05f346ad7fbf7541ac9e5129d890ae1bae336cb2b126b2d2ff2034f974949a8186c1bc7cfada3c469835ef981186fe989c13a2ac79c892fb19417711
3a35e1437343c86cba20f7f37441ee67c4c295ddcf88852b9be322e8ae6c8e3b03ba81c3909e9c011914e48095ef4733a9a04f9f080a312fab6e10df
7512a665bfa55685f532fe00266aef1bf25fd4de4773b7177839112436f47f03d2cf885f6bc127546436647c11bf5731fb1a7eeb31f2a06013bc7d3f
fe93f17fdfde7c9b0d7f40b700e67d9eae949653db879b60654c507ad910a29b01076f932152c2835f61660490d8906ef6105566c60923fc20e3e911
43813ee116735a813e115e625abf7c70b3bfe1049e86feef347c789b0c457468e64c94d137f47f9112a8e26c58f96f36ecbc0d38785b0c19936cb868
3ee2c8615a0637fb1b36deba45ac45886f3a2f2c7707014da7c3b424147536a40966b198ea0e0cfe27615af65b67e5cef1f85a53a57b7cbb3b1661e5
202e839bfe0f5e8c3eb2ebea977376416eaff931be98067a001b3a6717e4e69b9088f89250b6d9502ce7344fc5807874d3d5706f989050911fdd9483
89703acd537550bd21e58ec9f89a6be2c7299de69ac37d653639dc57c9594d7236d7c4aded404b60a2e6bedfba56c89f6eaae3dc3a9de6a9c3ed3513
45af3d9d66a2de8675531d6e6d4737994d8fbea5a2cfadbbc96c0e46c142129598749ad54d564cdd4438cd9f2ce8a629c744e843ee6e329bee9c1eff
65504c753ee4ee2633398cda1f3b2b4f1c4e23adf73dba09e932e598e35e9e29ec24af6bf9e3660847b280653b945098d990b960f68cb5713a2d6f39
7c4ea705ecf2c431f35ea60d33ef355dee34f4c7d46a9951981f2f330af3e3e5f6d680946b3e89b7a5749a312e538ea522313c47f76264b9372c2439
9a4ea78524614cf6a9c3bf193f514c52329b24ee664a6693f7f05bba99d899892010d3a1475232bbba9937c9b2ca47d1ddf395c89a29995d798f8606
c586fe9806dde6041cdc5e37ed4b6639372b86642e42ecccd1bd9c227c484ae622f8164ec97c02274fc37a0e1767cf295986f8ecd96a0f2876efb7ce
d92df27cf5762899133c977376560c423227f84174c9531f7deb942c61f0f934ac14810af57e7b1ad21b5ee570d89c9227f7cf73ceab1ce252a6e409
ea5d8a151b08f2b1dfc6c7946bc6405cca94bc4cf72e257936bf4c94e4d94c548f61a588eb85c724cf661c3725a2226c8834eef19641b148e1ec3925
4f7d9f3d5b83e27acd18cc9030114e28cccc7578b89130eb886a0cc31b380d6175b0ab85bfdc61fd0ac7de18d6a0f82063c47c5d87196177ce3033bc
0c6ee8b72e88e563aa2e88430662ee6e5879eb72d969e00b63c31f6fc9ca9a2ad6a840737dc36cc8b44258add3ec19ee45188ffdd61fc390f0f6371d
b72359f7c60ae509f77e1b3246501d6ad13be76a083140758e2031ac7ef14157d2ff6563896b8ce9b00f89c00e1bf2318c70150f19a3bfbc5cc681df
749c87640521349df77f9321bde1312a6eaf074536a47b46ba1a976be5824c66d305b1f84aeee7e23182c5ae8abc4d6e6ff50c9d012133f621cb2b53
9cf04df4af3727380c99746ebe752670d8f1412807871d1385ebfd7131648ca256a69cff80f1afe616b88e0de66d35a5d5d87758116979059c591f7f
b000b3e1a48ef1f6e66d317c79eb8fd9498d78cb54b04ed307177018be407aae0fffb71aaa33f0d0f741e62b1efa26911b362c869dff36c3c95b6775
f963bf8d5eef86e49c5c1032d35a4cabbb92ac35d770ad10291ff45b7226307db252d3c23bcdc03fc90c05ebe116612638865b8497cc84abbce9a001
63b8813ec61e6e1181ec86956d1681ec9215a28821b061316440590212256043468123f064a5a675b927cf80621bd6715a38cd1cd6ccb1fe71b28ed3
c287e6b0b2cdba4c48088d0fd2de14906a14d78a2968fd990f320a960317b7b956a7595ef359e5692d96cb56a75978d84cd6805a0b96630da8b598cd
c3fd8c87998167900d2115d635cb2b421c856cc8c4615db31687afb8ac9b683aef8f6902de3953ae01a995c5c2ba9cb3218ba06cb1b03c8fb25be4f6
9a5bdf1e6eb3672febacc5b46e0f37627fd9f4cf9a39cbabbc6c06ec537c6be62c9fe25ba969dd2c46b2f9f1ed6965896ad33fabf17c906a58c0de1e
5ff363e2a7a76c31682d69ebfc2cacf952b6647ba2ce14f420baadc6b31ed76a0484ea3cdc3ed6ce2320c3edd1f7b22e8f8050bb5701c48cfb564801
99bf5e0560be97ac79b56cbe374c2a8f477006a420cb1f1f7a0f538ecfb187290723bb6445ac6523bb61caf97950e63ffdf1ef6f9964a6b2df741dbb
2104cb09ccfab9ab3872b1da77b2d2d6fa41b0e8617d3b349395c1976fc6ecef437b9614acd13ea45cffc0a957d528e96ff1eeb7df5567b97817a8eb
5d33da53b8fa6f7b32644e8caf25972bc979c8683063067861f757dadf877bf4d4e11736809993e38d76b754ea48e834178c3270757e3a56d2b1c245
d0b4cce9f2e598699abc1771ce0af62c17867d9973e78d76eeee00a907640e9d376afa9b0bdbfc3f7302bdd1663c0da0b8e099d3e88d76e77340f521
4def3e0c28ba1beda2fb34d87d8fa5c84594b37cc4dff61c291c015dc438cb47fc6fcf81c211cf46bb4786ffb6d4f9c3af96fa679c4697fee69aecd9
9e3912bf30234c6eb6bcb3144e5836dab2690610818c6c94f5e134da6d9b01d49a518cc64687c1d2ab6a242aa08a7952e166a43c92813aa4c4871a99
e10a9b0e0c78e50a6ff681b3e20d28d955dc1d87a7e20bbbc2d24ddef28499397bff9068a99bbe6572983d683ab52edd14adc0059953f88ba86ea5d7
f87257eba45672808942f7c5623d731cbfd16e4b4a067567d10ea3b65f6503118f27960eb559b66ca01e98d5683733bbaca979eb69a1d36d7cfb6eb0
b944eff16a0f7476599786cfe4a1c807ac6b3610518dc8431d6c62911b18d63417cbfb7ccc40bb52c5f55deafbe9c24498e711ef5ebdfbe7d5eab5e4
1bb374975035414b3618caf334da0d283440e7e3d9bc51bb8c7c9ae47456ceea6783ae57ce50fd5de810e96417b4ac2f62cee17df7c230b40c0fbb22
a81390ebc2ee339b72b4eb28c333490e34333723177b8e323c4cf21793cdbca47254868749ce323357261b29cbdc8c7687b761f0ea43bf520fb469b0
c71339bed1d2877ea769666eab43f97c7a66e9103e9f9e4c3a562fc3b4d9a0fc13a41d46363bd4fe229f67a09d8919a034aecbf8fb50d3d8fd28a731
65980b695792cde4e440269fe69b3a94cf264e290ee5bf3f3dfb3bf350690d65332b054dcf664f9d8679aaea38bdcc2390bad173b5eff12cf308244a
f264958568363bd1e6a64cf75587dc93cbd6e89a81c872b4a04d7811552e7b6ac9e74c99e6423a6dcf267cf99ff932ec467bfe783229ba42991e091d
cac7ca429116f2699eaf3d543e4d8e3a9f2fa646a950e5d3ac46d1ebf269ee229df232231309add38c62ec8e2c33b2dc3ca49852a56c8e16f745e8b9
cc7dcd85996a7157498baa4c730d39a9c9a7e95b4a53657a524fe82a772315ed392e15f34c24b48d54400091bb39960c59cbf4fc97de55f158cb7d68
3e5d93b969ae78a8759a5fd0c6db68f78807570aea655a20e8acbe4c2f7274545fdcab13a165e6a5c8ecdf87ce714bade2193f9145d1eaa5f91fed14
4b999e84531d39bd2ad35eb5a0247761399b4f375496b26547bbfe27c7bd60ab253255ef99755cf04bf783b6b0657a52c982369fe6918ab55ea274f5
4ae4a8b5d96986a90d673dcc2c74c750fc6aed16d4c3c328b733c5a27cede950d1a8b9b08bcda7b9aee23e142f26b509ad87e78db4dc8bfb5c5bce7c
7ae0e4f1b41e1e2b858328e6c7da50162f9fe5ce349f91fd1ed37a98647417519aabc142240ad34ac4cbcc051bf102403bd2e2115d748e97ff52962f
1e5ee990e5332ab55443aa21c5f87a7835addb87628eae5d69f11af966f85c8d1b66ef92a5df557a006ae80c77a56a2c9c6e08328ade045963757423
e32c766e6adce37f1a33af88e426b59889cb94b7c6da46fa603596330a7a5e460035d46b960786e0bd8654c18a97810fc2d09df0c0220f833d6621fe
1e84a177030ffc0cf0633e0d03f588d7e03f11a379f38f6a5856fdf6f4a9e6cd0a4a5e63126a0b59bdd8d006b29afffee0b896558a0a984f37e5b7f4
613750bbdc94977e1b06aaa14742f70af5b460942e140ab217b1006b14a61b876ae9f12222a63fdcf3bb7a6abe7494d7735290aa9e9ad272afc96d7e
91101e3e59e256b351dd41e4d3c327335c7c1e7ef37eb3fa4a58ae4534bf8c0df922981f0e0e37a08ad368d723c5775b62528f45543f3c1d6e90f5ea
34da19e6f8eea71a36a3571f26d0a53cb28bde8be94c00b745803edc1f2ec2f365c2b52dc2f16d85dc7f30db85b52dcab98be07a38365c98d6562e0a
1681f67072b8c15261dd6867510e03ba20feb59b5668b43cec54ee0736daf3b6b8600d3477050bc35c82442dc2f255ee0d1646ba99abca8dd4f93dbe
7cf6df5c293ab50752a79eaea33ab5b88af4e9e93a6e418133c30d54d8e95a492a12f36d2391c4f4dfc435710cb0b6e9f2f7ae2603fed68df6df6a36
20ff61f4134d184d729c46fa321d46bbd9cdf9ef8d41cd51f4c53eef34ba84fca5b6069cf36cb4859b7b5c9a5e39a5407b343a15916e5665a7b7b0b1
cd5cbb6ef4ea1d656b9b8d86f1c2beb6e612685772660311bf3b59f75328136fa0bd6872861275c9f34e1b6bd48c3f51ac2ecea6a522ce933c0be59f
27274fbc2291933cd7a4975559862fcc6d7372dbb48bad84abfdd09e5dcd63af4ba59acd0eb4976cee556d2573cc5ee954d5e2695e197bcf5edd3d35
775d65ec3dd7648e5b8be9b3c22b3cd9b429c41dd606f706d94073ad186daac6d7d5069a782990eae8c1d016b196a8c8a683960328fbf84ef3c925cb
5ca416bf93b508e199361003707d65a6db3cb11bf46282d70eb116b30a76889cdb6d2482affe9f1a5de343f5556d46bb8e951e66f3c831de4675bf72
852514ca1f121954575f831bb582ccaaabbf7ba745a574d4c525ed464388a2b5e56caeaf222c6ce5ce7f325cf695c9b3571bcbe6a2a5b0f5319f62f4
75568bef249fb90fde688fd91fd09c69fed725b66ae9a4907a1c936e202a68aeb1dad9bac11edc6a26a838e4f877dae0d62bd763d304ba966b4859ab
99850c46d3650db7b21b3531c4405f15f19fb488b65743804a490b75cc0d5429cfe30111b4f850b5ca91c9aed5480622b9167f7bf5a1b3d41c19d940
5cc3ed1c5052346d33c45a3db506acdf72461b4b94441736cc39e48c768fcddc45de8f72321f9d1ccef569b487ba9a94a48dd5cc78e4cb2813356e23
e518402368163b694c007556648fe41a81d459ee71c53bcfdc626fa48ab8cb272462a936a1f749bfca2569c5926323cd27b3746dd96a357f941ba416
1f6e0aef5e125ddae4b4235e69cd3269b7bc8bd6661a94814e8f0f25319a69f07203fc6ed371379fbe18a8a8c71ea86e812dddb26e317931349e25ba
82ac2dc5bb777f48eeda0fe6ecea6b43d82daf75f9d82d6975f598f31128ed57c5608f4c33d3d336af7b262c0479897fbd42b452778cdd042e05b5da
4c8e6bf75437494b592d672ffc96a67f30666d1cbb79bb74cf3217f68ba880b579b5a43bca8c47928d9a50bcd349afd725d23beb96ddf2cb94f31168
779c79b6ae2abb39ac3c98e67cc6ab5d2b7358e9a2d5e080ba86ccd934205ba2de023c7a45efe882722b83fd93dfca763aa35cb0b095ced9e4728bf8
9bd796bad6fcded16c6d476bf39cd77eb49be3b2c9cca6839bfef14a4d36d2397ba5a6fbccdadd77524bebe6890f4d35fdb027ecee4999fed4eefed2
c566ce5e6fe85eb39be96abb98b39774bae3ec6e8d6e38734ef1e1263b3746d79b3526860c7e72f67240ea6fddec40579b397b6228d2463797559c8d
1a84fc1b543110450fa33de7835c659edd47bca2e869f4d387518046c31340f7a6ddfcec27e1124b52dda1f619dfa943220f09d45ee24372a4a1b20a
eae65f3f2e1fbc88934950b718fe316dbc86536c8edabd20905577ce2590bad5f4aa381d39bbec57346f9625ff56b55bf0c8bdd53802a88e9ebf3219
1a662a2fadf6c24a8a79b57b01fc6e3a1b47fc4bcbf71e68ee57f12f8d8cb756da518f2380c8d80ce1dd1438cc011427649888657e9eb3a7b954fe86
c9560a7fc3542b8758b55b72c98915da326b1e3055d673537ea6aaab815939aa310ba3f28c67998d9447355047b13c9ada26a332b381663c9315d3f3
8a6b970f6df2464f6561779e713eb3b033cff89e594461ac28406ca489c0884db6c928382c02346642e36da47a75ff6faa3867496bbaffb68702bf30
0bd3f38c6ec6872409b9d95fc46544896503edb1aaffb6d7bb5ce16ca0b1ed2e6c4ff83adc097248c585ce22946346d5e343d077776112852332d1de
869b8e4fa6ed611bffc1a1c2f7a5688475d6d43536aa331ba813583d4df9b3cdde8ecdc4e4853910cc918ba60d348ad3398a3a9992535b5e02de6ca0
216501434c47c2db6ca03e9e6e8c7a84994bfcc69c23f74d16a8cd6cb0e9609a7275874ddc9a45a8c68c66c72234236a2d1bec82994b336b16b3f922
ce62c6d5ce4649fbe2c348337c3a0f6da7a7075eb7d6a8ba7c40e4cece666664c07461126933aab8451a1e653e208936a38a5ba20d4f2d5d2a0f4f26
ee94bdd925e662d0518620583711707178fa68d75de71fda9d8d2b9f8db475f7d49287dc8c5f9f0f69c22314898e58a709a7b0e337adc8fb55e6c268
a3cd357bfcedd52be7bf74d83002ed7141a0113231e3cb674d36ebd3c4a23087d97bf00fbd7a4701bace1d261db6e7c524a1ebdc204c698c361cc67f
486772c51c8b9bd96226a5cd75c6bbcf223ee170b7ca6d03915916f105b91a5c84139cee546d7da7dbccf6961ba7850386698eaaed6d3b3c308dae3a
5dd466d20df7d96bca95d57495e47921e32568a35dd819dfa995ee60d9244df357a967669c092d9c2ae46276ab0d6de646eb439b5db5d3c3d93539f1
1cb4d1bdb374fe8c7b72b534558bf9a64c8d327e80f685dc9efcc5b369701feff9c34da40f33a6b6a7ed344f92f3dce92cb53bcdc5bc72d038e74f03
cc921446a39d96108aa23123fb3d34edb48050448d19196e2a9891c56ecc341fd306b1711bb20843987790be7f72dbe9860e23f5b9999e22c1b7d313
4aaead329e8136dabd6c16a87bc369a6a76bc35ccc4414117eba9dba0d6c3e9e9eba640b66a32d5bc669cfc2a542301b2988369f687da8e9c378d7f7
87dd40835d03e9a0cdfd28b5527c8c2c9c30b4e4a6c80703114c3650ed2d23657134cd2b2f1444aaeb0137307bd44d1d714e36106199ed69eb44cc93
0df45d3510b57861b0288b764977b379bf356fa69357098ae1305b00b5d94b861bf510af126e669017068a03988ba5b37c3705c3bd39c6730fcbf026
178b78b9b19d66b1b76b1ce8d2a1a14bdbebd9e9c6dc9c0596c8ff15a2e88799c6d1061e12668f57bb562e994d0ede783e2492302b7ee0581c4ae093
607aa1217dcb96e343d5decc46db9396ff3edc336bb82c2dc68bffa5bb33fc796ca0d1f4bfb4cf6821dfd0a33c4cd0b2c269210470e274fc21f5be8b
d31dd979580a28a25f2348ea4643efe83ac5e4cbc575c1d7ed61a120db9ce6b358c2f59d874584f60c2d7822663b87b9b37606e761868cd3dbc34cfd
651eb2239af8a93dcc835f914990bc7c017c5f9e46afbe549e97eec332a1023752fb5abc538b107ac4ef6b78abda48939b55913d061c3990261c8b9f
0b2b1e5c3a6ca49e67f82edd6d9d84f158d8ff671f6a12b7affde5a229cd7de7463a7c9eaea7da87a7a185e97f8b5c08e877c0332ed44b89fdb788ee
f7bdfbf7f1c2a5a0121997431b9dfa63364a3aa97611d2c726cac7c29740f3b12aae043251fd3e7451b56e34f42ed0121a463f1d7807d20036e7c941
7672736599870eee4645b9c43b1d9be7f89f860c397469d19fa39ef221db7c6be7b07fe8e47e08223489b096e7eef6439aecf81e5af6497098601204
dafd4e930cb744cb01fe50e6dd48bd945c17910101a236a2846ca41260a9381f6838cad948e300bbc21341f625302103cfc3796688175649c0c08c87
a40f41bc70c08b953b11f136a2d6d348049a9c8bcc2c50a5dd688f5f33d9e1cae0f014d022bfe1a36639a8208ab51ba966c375d19a2ea820d39fc375
59d4cc7511bb6f1e07794338515cdd487705ee799cdaa272b12e344b7ddc7ee9baad35f799fcdd669fb0e352a1f9968b908427ca191b69fc4c6745a6
de87198c22613402aa6ca4d1fc437c998da6ded15a5c291c6637d236cdbea6fe10a5bb2ecca3e23648c6a085beae0a3330dbe0dace17d00e1d78986d
54d1c4697653a109162f977610cd1722977610e769e68342a82f9d2fecce4e8fbb2ef5ced33c441104b3efa00920789ee60c8a10d89afb8c901fe711
5f6afcdc4b044f4791f2439a0f7889d8483ca4c63b957ebad6da9754b3c5c6b8b37abaa409da7c4879e1bbf7f40c6fdc05b93c5d0f66df735fba1f6c
dd7c5001d473351f247efa9902698c585c5d72da9babc748ce1ddaf61bf04fa62cf7bead9b19345467ababadb5798f02d19d6daeb6a6cee9a9da983a
cdd55e547418a96a66b532773b4f4f017451ab596d9774c44bfe464d5f06ea7a578d2efd2fdee912ce44d8213b4f88ae2bd66eb2d38de2878691ea69
c9292f77ad7b00b9452494e1461a4e0f5287459bed13b8e4ac81441466f45d8cb7bbedba1f6c3d5a2bb671462eee25d74cf2b7bb7d8a0d7f9e1602f8
7d382d047497789e66fb0382892f2554bb9932f78cf5ef7f1a5b3365a99b9ea785c080b4fef214538e77628b3e9ebc06d3831538510bcfd3e2423ef6
b2d526ecdbe1b4b860cb56fd25fef64ed7530aa10dd3bb8dc8c5ff137b3b87bf648ce27f1a239fdc5d68705a33e39a4c7fb3375df2b561cae292cfd7
8117114faccd44d4c2e603ae4b2a9cd9978304296c3eb9220a61f3d19583105ac5e8d2955ff389d4a52bbf2f976c74ebcb6aa4ba58fc5e1adb648626
33c3e6e3a5eb82f559205ddc6f9a5e2e58bb05922e0bdb3025b3f3ac1633da79b6611ad4f6b2f98009ef146d9822755dd88669e2625164517241131e
4d6c18adc5839f8a363c7eba4c3cadc673e932b1f9640a1716d95a2bd742b070c0e7388656f1b916c29103a7ad61bddf5950cb74b1f9fce9926fe41c
8b06dd139ed6ea2128618e4583eeff72f388a1f5d93c2ad8215ae5878084a7f57a702e919bc708678156cab9d8c8fa0ad7a10ab78ace3f99b2ac159b
cf412ef94e3ead9683838a364dbcb823b45ace85e3e4e455033784cdeb5fbc0da6c853e4d32c9fb0614c91275d61f974cbf23979eb212716cd670417
1e92add0736993dd7c2c70297a4cf61d35510ddbb4f0d0ade0994a20dd81b7f8f2d2ff5c8218e1340395ee696e96cd52306dd3c4fb30e53c1db5cf6e
dec83bd4a1957a3ea436b4404b791623b5c10c142fcea904d2a89881caad46c67fdfb2578de47e7920bbd3356354dc2fb2cccccdd303c34c2bf65c0a
48d3bcb7776444ebe15c8ffbd368918b6ba6e9186b55397dee8757538fcd5528fdc764b180570cc4ecdb7c8740b406cfa5bbc82f9761a4ba788c30cd
b462cec54562f352e027e74156bf211662f776fb43a217b32979853ead6473c9d0323753398e08ad2283878fdc4ce53ffac563fb63727a347f8b5c5c
b32d7efb91e34b5188c756070ffdc8f13fd5da63ab983bfdf062e3651a7be6bc4ce31e4823ed99f3d2bb3d907a37472eb2fff15ce1f232d6f0af9420
0e530fee0ead278397911efb6429fd9e5694b95e66780ea47eb120d3b5646e5edfbfcc708bae17d65702a9661672c4ee49239068a90752ad8beb2975
92d839eab8e4fb5fa0a42f5d6b58a6f7601c9ee05762ad03968948ff9066154bc0a58395d34a3c4b072bddfb3a2c71b395e7f089d28fbf3c7f7a1748
e54de789b1557179f0cf4fe8fc8b2963d19b71acb891488b2dc4d2cd693fa208b145eb5facc3dd3b8d1ebd8bffa97ba71b41f7b2d958c75273a71b21
32b7c6c5922fc6eead0e6141b3f5fcec3dc54a0a44f23cad6080596fb6dadf92e26fc7446aa3dd4d5615c0ad4af766c3313dad2bb0b807b53edf923f
efecede13a91871cc8ace49a0da32e25a36234946735e27fd3e8a777f13fa919459e0c206cea434dba4aa7d1124a46eaf9bf77ea79134ca2edb0a995
646cd9e27f52a8c267d946ea798f9fd47f3b9ec31686ba6776ad338c02868635ee995d4f0c70ad5fb8a41bdcb11af8d0a4f46e94f53f7fc988c1de30
c83df3df97eac1bf7762062df2bcf5ce08daedae8ba8d5ab53dbe41249726193dbbd1ec52837b7682d23ddfd4e42dc77f498c676afec3eb459ad8fa5
978e2fba576ff685e373695ce174afde8808fa9510b9fcf42e72d1ece8ce05ba1e2e1d613c9c8b84b12fce31a4ed5ef82c5d949ebe385f054a86312d
8e36b247a56a8f69a5c12525e46eb1b638daf005f9aad42cfe47cdcc19aa04a0c5c587d4d7accc178719bec4c6a34ec6a7e47240535f55db6eb54579
128e3e95c79b4e6e511e7c62ba2e8843f325c51bea29726134cd7b74ecd1d35f2ea225d7ace9d8ca5a8a4b9ef3bbf5fcf0b173faf67a7198d15c3334
9a9beb228de6ee4b9ea51844dd6a743673c57c7f1109f52cff8ed8b888929abb49590716a76f8a71d2937b1428c6eb6bdf0ffda41718e8d597aecca2
78575b5b01ab57dab58faf7a97b49c4f5fe1daccd61a6c4bb18fb24f80f0f2937de6b3747b9c7dcab3f072e9ab5f0c6d3bd6dd1f9a94508dd44d6e1f
7ef87de961a3596b5c2eb9dd3f7d138ceb9f9ecdf639bee86e5fb7e263369afa9f73a12792bfa427dcf64e4fe440cad33dd1e9178b92216165ad9f0f
65bd2b4645ef92916a6d91c0d1862f6b17c717ddbd2435e91ed31f85e79ee27f1a5baf0574137d120066612edbb3571b841ff025ef1ae88a7ac20f28
cbbdab6bea1eac41d7d4d91a7d18ddf6ec498dd16d4f918ba8c03d8873cce2b5878e52ba953bb0adcd56e9c3b6b65b8383e0b067f1d243d6b467b1b8
976bcb6ecd892565e9b358c4caf8b5077dcafab5079da1206d8dd7253796190f981b657d998d34d216878a4ad0636cb178c555e6c25d53ee1eb149fb
72fcef15a23cc23df9567429da53262ce7c253d3e99bd00fa9d616db84602a1e3ffc69168f18871238e6dc48b6ecac6aede0c8d77738253a7d2db6a4
319cf1d1b9d16e9f6f71963c58e66eea919de8e96b31ec44b38f2b972ebe4f5fae1186b5fb2e01cf45d9aac0382eeabe21f8d0a9ff9d46b71079cabf
64f749f85280805e2317c6cf731a255f9f532f2ebf7d5cb950ebb51631169b67b40fb3ccee051afefbab17a77238d46da5f4a1ac77ff0153d666b8fb
6c6ac993ffe9ebadc53577aff14e0db4d4616becd3d20f89282c711f86d344c8a6b67ba545e0a26ad6f763ca7955c41db22fc91677c1bec2221e6aee
3ddeedeeed96648a2474c6006afbd4433e11562806f08519988549b1335bd974b16142bff4c63632a3757c63af78721974db5e11b5e3db813db9feb9
0757a5982fde18009e8410b93100ccf864bcb1f23bb151bc6dca8747c61b53be93f0211b5dd250769e5a03a2cb7c1393b3a307bad1a3ffb90426d9a0
665c64d61248c434b291ea598c34ad085276638977726d74db120f878e1b69c4c42437a266817e4203b4d94d1fee4ff9d3e9c33d287f3a279146ee91
21f3d98cd4f6de8d54c20ca41e6ce499459fc3a56728723a4f319fead25945e3fbe4c600efacae8b7c43f67914a3ae77fe52748d4ef3465bfcd611e8
d2ff5c8204042ace1bfdf465a057ef1807ae12abfb93cbc33ac88575731dcd487dedf6c97964c68be18d555f1eaeb57ccef4698a94d3993c5c33399d
e933c7ff7e42fe9fe80595e58daadeb93cf9cc6c51ebdd2fdfbb6174eb9d4bd06836e7c23a9d73d58dd44bf530faa93cbfd3cce1c0f0c67430a39d7d
633ad839aedc4863548b51d797d368281797aec506badb37568627c7791fd25280e3ca9b60a07d9ae6ebc24b8acbd3f289cbdf8d5442a204adb7fb34
153471302256dcd805f6e911935de0b98fa6fec1946f1b0d0e3702d7f12d07d290cd6ca4cef684d762bc13a36723756871d534a9e7ac463430fe275b
034f393cc873c674636f98f19f78636fd8a727a056ed27274037268627a73c1b5d52f2f7ffb42a6a662238ce6c661bba4accc3dd2bbf362747371b69
0053fc8ff2a8355782cdc414de6b9ce7eeb381d2cf4653ef8cc45c9b894946877978c8b4323f9b498bd5378e173752cdaaebb909e69b71d46c40e62d
1ba9772d2eb8122454c546b28bf8431abf46ad07861166688309d18691a8c0043ab08ce88791faa543ca18008e1c4893da137eb8452efdd21899bde1
2cbe99d56a353c0e13b63cc79f6cf637d2c4b5e85234afb3452e0bab0ab79d8964da25506ab340c2c67098c10c98ab59ca1c1a3f53391e6a4609a471
188134b6a6c1094d98654e588329920bc9e6e938a1028ba7499f7934b5c21e3868da48f361d03e027fb1bddf48ed2bf14ea547ad37db1f678a77ea25
cf31ada9c769ca924f99b37956e97a328f1aefbabeac467ba4fb11ef244a2af5e40ab21f81865032522fd54097ac515c9e4efabb45c985398ae71fee
53bb050b6bf86e862dedd48127968df6f96f779f61b18853c78d9aec585c6b09556c1b3792654c8bff4dbd736b75d13efe4a78f525ffd335631ece53
178b793817192a8ed394bc707915ff9362fb694a5e708df6cf33e5fda92ad39a912a6349cd26a59b496a93f2bdf397daae0d4f713629c3935a768de3
1cf18e464c2391cf749e62377821d968afc97a8e77ea8a1ea8eacb64d4f465fc4fe59940154c6d9c1617daf89cdd5395dbd1eec9790f59f598986e98
72cf46ea17af9b75c999639d2733c8918e40229f12885c5c9e5858f7045404b5912ca9b16e8c3520f68cc30378bbedf49922a08d64f6f6c086472019
2d792249d5f7ec1602ba4accc3a329b7367978fcb443cab1ae7cf08b66b6f1c036cc1ab04d1c1e31d9268e6466ce0561f78478688347531784df3b97
a069954c210fd3aa06d238b8af510d1e1e69992e9edd22481efd4772bf7095d84dbb3fc66fc697aa99e993fd5977e93fa687294451664772ade59a35
0fafb0095dd64dbb3ffa6506529ea64f69188fec959d2e014ff67537b68667b720c3d6707a25f94291a63acc0bb3453a267fd963cbe55a37bd680738
b2058b7cfb9fb1cf7a2500b385c7ab7dc13c93918ccb4cad5cb5c57e491768df9781d4bba6170526cbd3ec8deb34ef89a6b48807e67d1b757d19efc8
65184dbd0ba47a32b61f12c386ea26fac6588a6e44cde2dda65d22df7e488bbe999c0ba3c268ce03fa9cae998e4bb07ef910f439fdbf452ed5885ce2
cb9fcccf5c1efef958bc4d3493bd779b68261339f7c6f4f0f46ecda687db72e55f4c99d0b7194b96dbc687c59d86f5a1373753db6d470bdf48c3398d
706d0d7bc3c6301311f7c6c6f0f4466bcae5ed28d9d5d6492a662f1bc93a2ebb74dca11ff1eea72fe37f5b7870ce796380787a1b6423436fada61ceb
7c887a26dc2c1f7ec750b3a1ff50920d5f35d2204509b80c3f2297aa77c548ed639d8e0962c6f4e543f8cb46a6635b78e20c7e23be745d24ac30eff8
10e170ce401aceeaff111ee574e990086c183bc4ec8dddd4d67f1413285b7fe2e96ea4d134b9a2c34c70dddbf686b800bcb1373cb1afbdb137cce8b6
6c34845c82844e752f2984444663e5c61af15b68f97f441838fd0ed7e7a62c2eded066b9b1403cbd7bc204d1c1693792b3ee3f24a7e0891649fb7854
4f1d0774f394d391c1a89e3a681fa321734fc77afbfb9ffa05a63c1df82dfe47bf24ff0f2a48f1a5fe07c39e7227347c0034718a4b8ce00f61b2599c
a7d83e218137dae3573d9a18334e534821f494e766819df640fa5f8b2f557a8b77ea25f6b4b3422f2c3626facdd8e87c4807088418dea8090d23d585
3dcae4fa6e982957c67d04d2f8b92e3a24d8ce908c9690cb63860fd74533dc873511ecda7dd6a8a7ffc7a5dc709f354757c9466afbf497b428f2dc54
ee08b437f694795a7834c7869946a2eb19ef341b47bcd3b8bb458d7eb12869f696efba6871baad4affc99423004731ba64911b996a1a7be2caf76df6
61c687babe7493600d962c3a087074d38d76b5a799b2f4861ddbf44322ec6926a9381bd9c71e18757eef68bc62c58d66462f5b4dc704dd4826c62634
2ed7421a73b9366720e5c271c9ec48470b162ede421a77adcc9b19b62ede3e5149093a24282882dd187996c30269d0da6c2421d7ccde7449f67d998d
d483ac39a7bcc89e2104e445d641306fe2757fffa3770756d3665af212f4bd732e12793e86f8d026d060d803036b331879a33d837de38df6b00024a8
f7ac91a7acafcd60a47dec5097b743780733d7d6ffcb651aa94535d03e570d662eed6307bdfc90c4a18f1a88f47d0633972ba2e2a3a9c94140304939
0e72c4c79bd0dc6730116de1cb61b1c6b558b0146de147773da56f5c0e0bb94b82cc9bda794dde05dad3d83bc7c9a63d588336e6e53803a92e9efeda
9897c37345a6a7c3bb3c4c4fcf98c6dab43b50df4d0c7007f9dee8562e6e03d4ea1927dd6087c3bb31312d8729599b6f87bbdb68c712081a5400bb72
b8454be16782ceb44d1fdde26241e516804b81000e2f83e479c8d1da6e8c58d3e139bd70b1ecd5a9f6e5a39b2674ed97a2cfd6a511b3c8234c5df419
bb5fdff010493cfdd59ad65a3812942eeaa99db1e36e6d24bfd0169cf20194a266da27177cdfde18c73a78f58d75acc3576df4d3972e419e760f8f98
e2d88d58dfeb82301d1ce7115abc6c5bc37f3265690aa7c3125796b42356a7b2a47560e98de45ae008a4c1f57a544e6acb91e37f1a5cb34ce9ff8e58
494aff371d663e0f6460829156ef87bad1d2ffe80a6dbe47acad1ea6aa99ab36df8ef1bc9106d7044a1495c36b3939172a7fa58b2dc6aa48dbf411eb
205d563a7ef3466a835b8ba7dac32b65b9aa1dc3adfd31c5bd52fe41f46edf8f8177fb7e7815f74a59ae6b47ac607e0c75719e90b9a7bf36df0e74b3
114ec0e37fea411385e2a038dacc46228aeaff69fa8f289d2960f124d35f478bb91d14fcb440fa69dde5b3b729ffb8e9f4147f69bbd7e2d296fdde0d
a34dd83eee9adaa63b5ef046ea09b37622879fa617b9f7493e73256e78395cbafcfb0c1f2acd17b6d8e27fb7de35a347b94013d29d7514e18d28a118
918bcb13db384d832f3ed6bd22242cf9698a5454f24f3ec797ea6baf0f7510b04fea8dd40656ae981a0f2f5930354e78d4bf31351ebe74c4d4b8f816
e05214c0e125cb75d02f08328c8b870f2c3e448b3a48f30193ac8d446708f18b60813e53262af9f066ff92626bc2e3fb8d8972f1ecb8082388cbf79b
78e5c57710982f17b48f6f82970f9c4fdc0e568e4f891b83e5822ef28dc172c2b0ebc660b9107be67618733cb66fa436f440ea7968e2921fdfe19df8
75c24ebb11aefb11e2582f0fefa8b15e2ed8bbde582f275caddf582f17df8e1007bdf83e8440e7c5b71c44321fdee112c8bcec682eff62ca18410faf
a63ea4c11d6e12d331de4168c34d12d3423b77a3bdb29b2dd0a577e492b491f456ee92d75e071ade48ee593c6404e2394d763a5c185ef96004edd8bf
1ba963d8425c89ae982e8109d8e27f222d76021f12699908132bd7e9d215d2ef34a129a08f0304df98598f19e5318da3d6f419fb898bf03ea7492bb1
c29e6e910222a0a37d5fd2f17538df9be0eb05ffe73706d28eedfba12d7fa757061fda82ecf4c0678862c69753ef283d33c93c9a0a8b332d46315f2e
66a744739f16a31f12bbf1484b93a09c660d85c9e29ed0b140c1c076a3ed70c4a20433e482d6f9463f39d5c9461a07f78b8e05e6615a92766e3add4b
3258fe72e946eab31968eadd30ba855cfa16b1339881740e8a19af63bb9fee33b93f2a66bc5781e6a773d93d51cc782f05c82918e6de97e2d7cca0c1
4ac031f64b04662f0462df68e81d6d57f899192daa44e4742fe92060468ba4c75b88dffe21421cbb7dd5218d0fa35be834528b924bd86274fe7fe8d5
3b4a683826fa43446b4e46e4598df81fa53747a96f469bbdf92af16a112edb683b190986ad4382823def467b8c82f13687c08d5c6ebd2b4644e98dff
fd948bebe9b8b381d467d979caeb7f8820290b94103adaf94fb4ff37d2887976485577a2ef7f1367be441b1c57de63abb837f3b448e80eb63b8cd467
2cb42ea2e0ec08f3ff64ca787e3acdf7a5c75b4276751aef4e93eba7795a267482d345819ba1cd60149dd8b6eed04ec7fc2191081bbbabd315c50d84
b43c713be4c32af31a0455f4c455fc9b19643e9810ac9130192ebeef8d08f2ac7c08203f83ec74b8507cfb4b34f9ef5de4a9013483190cbc077030f0
969cd2b29d41303a94280426d948aea752fc4ff10b3dd4036660393a9872166bc4bd097138990216338a3053421c4eb77d1869fc6a7cb9fb3a6a3d5d
337f29c1e2cbb50f89ec588162865c7c837dc99f70f19df535a9a75722d2a49dbe78bb265141bd12d191c14c16103a322821541df3d402e952748e10
a317ccdc2dba24909259f405b3f38ac9d14f7b7ca936b845448b0991774183f1a5c45336bbb9104fa6dd0b775e6637174c39daa0705b38e2ba310b9e
f86dbd23b0bd73d121c1cc66a71c129c5e1828eccccc66290e796f01a8638199cd5216adb55095a3e1942cfc75255f42703a98e9f4ff2490b2e99a80
3221463932c0e6ec26d27df1b57bc4aeb7a85cb4dd4b16a2c8f8a2fd62eb1fa3e2a0a51695372cdab93864a905e04d8bfefe472ed44c014a275aee1b
35a178b7394ab6c823ca0c213a6ee2d5cf1c792ace67f63201af59396aa65945fc8e8d7e729d165fbe7a47bf683fffbd6b46a7f20c74e9cb6ab4e473
2d1bddfa721a91a7ffa75eda0e94ffc99465c23bcb197f4ccaa61b5df2e4968c963275f178834b811ebd7393c4c282e81fb1b064e94fc49a90f78a8d
3a0b5bf14bfe834b722e3a244898a76c74ea5d3552f7bad6dafacf6296a2ad7fc2c1f246ea26cb5fddad97e45aeb6ebd246fd07e1217c5d3f8275694
bc32d0f67e164f6a6def4bf2ca4046b4299b29cb88b6a41ce816a20775d35e92a79c22decc628251c49b92bcd1d2d67f1693b2b6fe0e4bfd21ad8d89
127163c6ea28d41ba9af2d2a15e76656f7d20b61a740f23d77462e53ef0289ec3c2a6cda43c46a2bfe21958771eab4ae35c6a90513f31be3d4695d6b
4c4e1dd37aa39f9ce265a357ef9c8b9c04fa7a0bcb51478ebeb11c9df85fb9b11c4d78a3bbb11c2d0971b8b4c14ed640580723569d8b4409fe496eec
488b97024b9be18987908d34b6aecbc918fd21d58cfde052b49ae92baca50bf3897f8b8df85f7cf9136a46f252388cc45cf1607c63715a8856711367
3659c78138b313fb828d9adeb93cb948c4f7c5466a4373ade997e6bab85f8691467306d2685697801bc319a82a17d75a37125e147d68b329bc486ca4
19e01669f75bbc4cc036d5d1aa37d2f8b90d899ef03868a75abc64598a53337d33b474455eac0f846d6a49ae59c295618977ea0966f162dfeaa5ced2
f5f9f78eba1053d64b9da59836b379c4a4479fb2475afbdd92dc860c95234657a6b56e832eccd336c9fa1753c654b56030b9916402ebd8a54839b3fd
bd5345598960b8eaa0d5b7a3c97afdb432038f8c75c858af9f9614e9a7752f57463eb92bb4359ed6bd5c05f9e42f0b5300f98b716ac1befec6383559
562e05d299d662fc90448989495bdcef9df39428b1aa0b415f533131b1e1f5ca0733d664a9ba0a2df2b0688b9b2c559794ec2716681b89983c39b5fd
9d56f9fbd0d4ffe86bdd832782426e4409d4454aef09dfc03786ab25798c2a81afd9c6128bb560c17f63d49a8a7b428177a615b39602ef7cef5c026b
0f4f7105de49d8b8dd98aa268b6d4c554bf2b857a69c479ae8ac5ecb2df9dd4a58876ec4ffb291c6e8ef7fea6b566f446e9dfd2f17b5d6e32e2f5c09
7bd01b33d6e2f5da6af452729e1248bec958d2794f041dba09de3aad13b374d59db0f9bcb1464d5879de58a316af01b1462d5ef5ad2e81647d8b25a7
c425b37723e86bc21e7423625d52ba02f2a4622ad05577c2be6fa33d463ee9c75634e119f8c656b464b7a84391d9e5492065b7a8d386ecf22482acf4
ba14412759fb8938add327fd046a4dd67e5a83f133ebd305f687a80b7b536b3f113db5e433dea9e72d66a4e55ebc9423b2eab422e6d2be35150b4e76
a3586bded875162ff3b0eb2c5ee62d5d6e4f9fc32fe9a7a762818be3629fc3afc1dcacf1a5da50e3dda33ca9a71c66956c6ad50576f182102bcf69a5
3b8749f5228c30a9d327ef1f3af52e19519ef39428d95e8dffc994b5399dd35dcfe6b458424c6d0cac32867968c95135c9206b0bacc9c4e5046f4925
7dfaf69ea0a7a99829b339cd6e843c6625af4e9714d4a7efebd7c5c09bf1b271f55a8e98a7a99865ca0fd69c513aa4ec81bf36739d56165a17ed334b
d156b5c4ea4d9bd339e37f1217de481211755a618690a8c9aa6684444d562e5b8bf67942283c4e8935e0a2666630e85a1fbec65dba60ded0f9488e67
af33f14c751c511dcd9e7a04fae9d36ef4f22935906faa542d321483a658bb75b109ad160bd2befefe58fca9ce76f0a5bcd1e265c04d6ed593445169
0a11406e0c5693d7e71f12b3327d711fedf5f952e4992f532fa3e43b2a5513987c47955822cb0f738945f1c30cf26cd67ef2cbc69422a74cc9ca704b
57bbdf4b7352dded269b66126874bf9c86532f93913aa03a57adc7728d3faa937d24bfe4a529c586813be2d822b0e1ab1e1d367cd91c0425ecc367d6
4b5ad8a97a747eb8dcf411f607ab5e4e230d80bb5c21644a36ef910fa712cb7b857ff9b271e514ffa564cf31f4b08f33eaaa3559f560e92e38d90474
fd90095e0effe0921e39ee896d10fa218d87ef943e284af62a179dede3f4b2f30767f432f785583dae2fb2ccd2e485584b7c49f9f48de2c06cb7d07e
09aff00af5c571ea6906c45d7136b360a3592d055f2481d72dafdb4f57bd7675eda5c32b51503d902f2e7a7d66b3b8038e8de0ab8d44ee813493387c
79c60179d47fae9f1fc2b116e2a33c981c7f7fec46a2076d791e42b016a2a03c84602d843ad948632c02d8486d6cae8cfbc67932c935c60f46cd0967
9f1b698c3903d8500c49bb9c0f31019a0b64fc87bf5c644a11f26ff465530f43cdce1e68f0f234d4ecec465adae0bbf2c18ebae0346223754d0fa4da
b8dbd88b56770d7b51fcc96ca4214e513eac6bc4a785972e9fa0e2a31989eb0fb78ae9d087d1c91fa761d2cb40f2c3ccf6e2c1063bd53f5479e92275
67cef9de463f5e46999ad7836c51123f92bf959678aaee9e04e5b8d18979e5562a324d61afb59166d9a4fc041dcd64240ae050ef21386b61d3f4109c
75bfec86a2c7e94f995751b78b3ffa4bad356b340311c939d0831d78c13bce633bf003f1fd8c4cab9c8fb4c10b7bb18710ada578ca65041da2edc112
bc10ad74234d4f64cb07452e785adce8e4a50b11f3c0d5e2430cd7c2a66e230d0f5cf8c150bcb0ab7b6c287e644f42a97d271c0e3e588a97e27e9543
ea52dc91dab696e2ea14045ff62450b899c21e6c2386c0b340cadd094be70f6986a03bbbd1d01f9d8ddcfc1d31990add731a8940f147f860d85dd8d9
6da46624974f33dca88aa48b6ce44929e1f6efc15ebb14d78ddbd966ce52115fe5efd3572f9d2be1eddd8c2ae985e5f383c176c20fdf469d6ce2a5aa
9a8711550d74ebdd3412e99c469ad9eddf0bebfda90607d72e0f71640ba7cecf901a77c289de831d78e1d47923d5cd04a82d6a613bf921ddc916cf87
2639c706f2215aec57609b866a54a2fd5cbc36136e4396951170cb327cc73d847bdd2f8761d54b578e19593c4165b69d9a89bc21da8ab987fc24252c
a01f6cba4b8ca3fc24250e9f1e2cbc4bf1902bb2ce79b0bcdd5023e021efb89caf9e665d8c3f865577b1a959267668d53251ead4a578583bb45a03ed
9d6ab314ec4cb9021a88a8eaae1b1251cd42511bd7523c8ed2c34ecd227240e39689838a7a5407e358aa11b9d08881140af1296f45dfcb695478e9da
5c1a9ce65ca1ce78a793ce62d13ae88c368c2459424449693b3553ce40b2848090be756a6632d311232c2fe4ee3935339909e95ad4cad6ba148bef09
219bc8261d60da98c812fc456c2846e681636bdb7a7c2a32f2c04dc8da4b9b0907f630ea82f6432e1ec20dce35a58bdabcd2e136b559ec6ac35a8abb
eaa24d96c117b22338c705e772c75d0efe90036a70dc8d17cd70bfa1905dbcd2b890325e4c5c34ca93f3821d79362a3450295e845c089920f10b5ee5
91ba088110342efbebd446207adc4426eded523c8c171377463e1affc93bae69f13bf7100bb6941e28e95d35ca14310d35e23d5e527e8f5c35012dd9
17a2abfd652bd165592e55efd42dcb51f5ee16deb2cf2ec5e420c5efb46ddaffc9acb91aeee6380bb162e258ec209b574132c22ec5336745148f6428
92f7e28eebe06e69bd109626325d07a7eeb5c38d78c48bdc869b21770b64dc4b1fdd82fdd646b05b92de70a011ef269f1643c9ee11f92c5e56c31748
6f79fbdf2d4cef4910100b45a995a76ed97e2394bba5d20dc7ea164b6cf98bd70fba87fe507cdaf9d4858ab8bb85c20d51764fae075683a3af0d456b
9e408fdbdd8cc45c3c651eb683ddd2e5414c5a2ae1b3f9e835bed5887970b9f1fd2b113af0d8b291efe6e0daab97e259a1bd7aeae6e78aad548ae7c8
0fa2f4acf8d191668abfa9ee18477caaeea881349dbd6ad656fd7be76cd87f8d335e2ebd1c46ea0d2f857fda9b75b301d95397e299f663fb313cae5c
fa760b302e7dcb8c3f52a2c79c5d7df534d4ae3e75cbba1791392ccfe549b954cf51f4b8bbb9eb2bb158cdf85f66b33906dbf85806a0f1ddcd31e5b6
abc42a4046dba99b2b62b47d8c1a9f6a32992bbe08d051e3dbaa7caad14fa8191189c6bd2aa7c8a99b8169ff5faad7e52f33dd8ce745808e68a31828
8ebc1ee2beee97015575b8c2d4a6be10d86823cd74e636d6e00583d3076bf02f1b9a35b5ff2f589c3e187917622e6dc4c83173268adf1516413cd9fd
b2198a58865f4a078863be0793ecd447208d1c04384f26c00834f4ae83e02c58a46da89e4310131c76bfcc861a8ff44fc5bb0713ed84adfc83897621
2cd287982c084d82c7160e161fa2c726ece11f0cb60b7ee31ea2c226ac6736d23812526f438de33442bca2c6bda1ba23b973980fd3b9420070000cb8
131ecb1e0cb8bf6c983a530ad809b3f78d2e5e4ec33dcbf128f61036f67bd9033e7a49ed50c1c646fdc186bb7024fa1061b66011fc21c4db745f4943
3a61c0fe1013b67094f960a85d38ca7c6626b60726581baa935935130876bf1c86aa007c1573ec64a6873976e198f1214e6cc2ffd8833976c2f06823
fee7021971d6de5341a47630a178f9ea5317eff84129a0c6aab87ced0587e7958cb50bc78c1ba9444f2b85982a98363f44924dc3938c3d3ce6ee0fa6
dbc57b069b6e9fc7df1f358ca72b4e6895e3ef5b0da367a78cb7d3f0042ceec5614489cd48b39a6d0286dddf3bf22cb003f8e15490a91d4cc9454845
7da4783978e912756d66f180f9761a9e63855eacf14e9452e39d28854de35498a92f53739502ebacae3861590eb315aeb887e72a57d5c3845b213124
f7acf44d0aa4f13f4db852eaded06fa11cf6901874171f7a4eaeb58769bcd22a760d53fadf5f361e56eebc7d063a75c2703aa0d4832978f119e85490
aad311a536d49897c8564ca7c53b0d79895c25833c003a7ed8d9184273a6f90acf69aef9725d038a3c4c568d904ba767802ec5379c86aa1d6b8bd908
b3848ef8869a672d32a29f59b24dd4c97770a37ff2ebc65caeae014cc89cadb99f3d25e56f2e614df610e377bf74f5b4e71d1e3d5988179f03cfc67c
f5e871c8303c5c9d39e18ee554c167c4938bf2e19ee450c127c653bae069b8fd1d56da9d0b73098dd60de9d611ff54b776d7460ad1788edc4883ee7a
cbb6bc10ef68230d1d5b0c2ccd4bfd436a8517138a42753aa8d186a29dbf97e2819e5883e962363f589379d9c1fdfbb0485470a98f364cba83b963e9
35e0ba5e930ce68e6519d7eac3c28b8b7474c736527b5d51b9843b1db3e6c1f8fb74d89807ebef52bd98e02a7d5ab071955e2df539aa385389971a54
b7514715695a064ed62b6e23b7eed5827e6aa135cd3b2673259918b129af16fb73b8aad570e99fcde8e665c0472fa9ab2eecd3b448928d799a961e9c
78d4e9aaaac7a799ce64a93b5d39f8ac57163af148f38c775a217aa4e45e2ee14de0c1c6fc740c910df70c9be6fa3aff28ed08a44ccdf4e5272e4d2f
9038f06847bc53115ef4e884a3f8100793f334cdba2fc473326d28c6559ae6dd17e239993814e42acd14481d654e2583f4d23c529c8d4c332a8e3f9a
97155cf54ff329f98d2bcdcb0af98d4bb120e52ce4cc669c3a0b49b120bd10cfd9a25461ae125e821e0cd4d3f482488718a59916a4a55eda11ef088e
e746c9e55cf1b5c25c7091ec364a6b3d4d53d84222fb9ae383aaba290cb5f569262f4f72a599a614052b4daf16d03df804fabf193586efd3cb0505cc
2acdc4b81032394a94b48e05f2cd8463fb4ab0e7e25b8d891ec2ac81440ed9ccf8666a78458072c134f79737ece273bb8972c16c811839b35f05ad4a
b194d6d9c2e960111b6ae42c73d1359866ead235381dd9e121e873c249ce331fdae115c9433b2cb7e417ae344f8e07c6e17b265bb1c7fa1c0fdca7ef
99a60257a5d9033dca87ee789856963ff2b25d9a27122714d3d3f8615af9eac636eecdd3ea41a8face65caeb769ae6c70f42d57737f381918cf854b3
c5c48a5ac41cf1a53ac75245b1ab8a2f72e603e598712b6675f1450e41abd334e37e60dc258a10e36e9e733f220a16cf07e94ca4695e8de6c39cf129
7fa46e3f78d50cd4f5ae1a89567cca3ed192f765d187b61f16bcabbcd84d6e675cdd504ebae1b22fa15e4f3b6c7c2f7b5bc20ef075b0d7c63dc74bb4
d7d35ad21b6e0a291c91be18617e9be51a058dff1d2a62038e87369403a8fc57ee3ecd2bec7137bcf5718fb772edcd0afcc5a273bb214d86386f9c2e
089f706c7b5f8c3ab7f3ba788b0fbce982e42d7ea094b6a1da8b96ca86f27e8a72e24b40dbb3b1d47e31103d1bde455e87b4ed1c9ebe98887e396be2
6fa8f6f6bf82d45e8c955e2c48bf9e8c319287b676fe15a4f612736c43b5973dffeb70b983cdda4bbcdcb36209b861529d8f782be7991c58bd0ea7db
71d8b7a1dc6cc3e53694ff4c36a51bca77298bf097e0bbdbf7bb6b25e72a15d1f66205fb755d8a9ce55f972b8a37ec607bf415314ff2bf17defb5b22
47a4c8496133feaa4c74831ec52efc6a07c18adfb71675d4796183c5bf18e09ebdfcbdc53be370eb7126ca49c7862276ece75e0c74bf4914730e0778
38fedff06288e22d4e67837e71938833810de59e0f9dd40d7f22ab200d3b01cbd40a17e37619b2e1a9b97e74c3a4695486a1bcd9e71c6fd5de64faad
78052d35dee273d99d5335b93ba1dd371cf08978abf6d611d5b828373edeedade7dfdb5b8362c251c0e58f526abc15b1a330fb3ae4724767fc25e6f2
d7391e50fca68f9ae2addadbccbd7413bffdaaba92c4d6a8d1044dee52a32735b9fbe93162cbdd51107d31a4de8e42dd394cee1a3dc9e43ea2099adc
951888ef15aed7cff8f8d1c77f75fec153e3ade2019c85d12756742d26ef8a5bf31ee3cbe41ed1404d6ecb8f1793eeedbfd84d20d44e1e019b8861c6
c75dd5286e02febed3dfc79adcddec8ae3809efea098591b51679877d024eeb3f134b821f43c23678def0c8887e97404d4f8a66811f3f7afaf347f2b
62efc530fdcb393a76c1ccda346cf495c757f3b7e4c3b5221250fd2b77421bf156ccecf8839abf29869bf95ba3af16e37bc4db1f822e9a00bfb21c68
8e2f93032ad0cff4a0c8c1fe9eb087a1dacb71e28605d6de0c2bc3dd0d9b48f488ffe25caf44ce08e7731ae2b52e05d4fcad1e94c6fc9d4754127a1e
51aeda4b30d90d15f001d38617ebfd8fff46ce8475a835a084d5befefb27e39775ff660cc350ccbb7a461274bcf51990ce18510e9ea08b3b83c9cd65
fe4b88f2eda83272961fee90218dc98dfdce8bb3808f0197c859c45e6bbc7de839770693bbffbd951ff46ac2c1c960e74c63c3f3bf4f054e916a8e21
7228128b058e916a8b8ec44ffbe9654d4372270b4959716cb611ff15b187e4c66561c1f1d386d77fe7403a92fac633474137d5889cf18dff57c91fa3
10396b7217cf2a82243846d2869adc256aa5c93d6af48626f76841ec381a6de64fd2e339adf8fae251618b505703e18ccae88b4f85ed5923a0985989
01d5e4b62dd5866266a5459d6f7a23cad54af4fcfbaf883d96ad048dffe3f4dd8111bc32ebf6746f5edef159dd3d6f3a2bef6cf94398888f348a2101
50cc62bb27f75f566266d5d44e18898f06e3ed14f73a226756667f95d4caac783fe03013bdc6c71adf51232b31efe38c3a239ccd62d1661a41933a78
3c7dabf8e285e29bfaeebacecabb7a4ae2b9d2ea5f1b120ec9e2b7471890f858e39b3c17ba230d798da088175f4147bc85791f51abf5df4528c1e946
ac71bbe7af9775ddf337fad9c2d9c34d308d3abca0e8acbca7394347381f5ec874cddf167cd1c1367a89ac1c6721fe0bbf321be95e798f805a8c0c33
0a62e18d1cb4a1f93b8231760be7bf6a687c4b742c2bef98bf9df9db821822ba85df327f7b0fc8e22b4894f9db47c08c4871ad347febf49494feda5e
f4fdef57a3f3ffc0f739157674b1171f213b4a4264a4be38fff215ef4e393ed6d8a318b4a1c6be96a8a2c6fe28f1965dc8116f59a894688004777556
043df115d5860eb5350c45eb21e58925d8b16dde507d71984b124db045b9a8e8d531a320d37a40c6decd1f5e78a7f8af1666b1331e08ee1cf06229e2
552bb14b8665f1f2e90bd1ed5e1b53241436de25bd83f3e4c2e12598d80e515f0c1b6fbf8fdf63bea8f69e04cf788fed006ee20466ef4395c0163049
36ec84690f3625fec2fa26613cfa257c35950a1a16a34ab874248d29e84ef0ad0cd6a04ab8ed7b664ffe9db070a388dde7979066c28389e4aa126492
bb13a869620bb213a8695a5c9d6303aa04fbdbd02afd4bf896d8cb793427e8d82d61d4b913b815d809d4345f1c8526e9e67e0965e8a83261b3a9841f
ae8864a8b913aeecaaa7e48431fc971c09784492c2ed97f06d0fdd85a93a416e2f12769b4a5050828409a612def8829a567cdfed84f997c0c8e5c309
28fe639ca904aeefb0c854c2cfe490a969c57030617bf9eeb13fe30b6adaa6bd2d493b5609e8d06092f9257c7322f2a0a6dd7746496ab24a40c33449
1b76275c5c6360aca904e9ae25ec3577c2ca1eec929d60b736527e55c28dfb282d6bbe8431e426712750d3e1ab7e4c34770266bc3b6144c2e57a50d3
4948a72fa11e9180bb2ead5977023a0209fb4d25e8842d61b4b913aec33456a9e985bee54ea0a697f513be84e684e94eaed4d491d7760235dd5e265d
0f6afa9b15374652547d8f757c73ce09ffff6a2fffebfa9fffcfef7ffc57fa4affafbed9cefff8af5b91f7f6cf769ad094d0486098071f2dd2741aae
4bc55b3378ff6099a214b25af0ac7d2f784bf963ffd09ea112162560c0509442fe1ce8cafff72dcffcdfcf6454b700bfe5fceefb61a4a57e744b6962
ff8860a4747117da5060431295b70ea5f64f266dd7a4524685fa74617feb5065ff2cd28ad27ea451c63e14ba75eab17fc86f2fc6ee4ab9d5e576e5b7
3b6dff3ca4edb62ddab1b4ec3975677affa6ea87f91cc645b78e94f78f8656577bf78f76fcdcdebd48b85fdaf1428a6df7cb23fdadef87ef742df048
fb6aff90a68beb13a9a107095b7b183809a4a707a7ebc0e3133791cec2fb93af43e93dd2bbd375ceb81568764fe9017d33a7ce48e5509dd419df6a29
2af19bb030e3610b5eeda012b6653c3c128ba45e8753253b93f3ddf4cdc39699c97558519a683693af2cc878d095ce3c9c2e5ad683d3c93b0d9798fc
bd16c80993141e744fc23d662244200f3fd2a94d8d9a73ee63f7eb0983111e482fa46b57cf0331d3953aa2b759fed8017ac2e88087417a277d771e0f
d4465bb044dc361e6ed2fd7df4c2406f802ba60def487f48e77bf1361eb4b9389cda22554a365c506c7845fa229dda5cd1aacbad1ad5e92dd29d0fa5
8a1bf2a07db5fa06953e3d88421d2539cd184182839c277ac789e8207a40c10865ac7d1feaf4e2daccecf4dbe9e443d4c2346b7ccf996cc2043aa1a3
c203744ddfcf66ba9c6cc71387d489e0053c74d293d3ef487f48d798cc1ee5b2094ef8a7ddb0453ae5f6e1f49fd327df0ff2d75a9987467a73fa2fd2
5fd2c967463f2bc8dd973e8bd373a457d29bd37ba45fa44fa7df91ae76a19995e613fdf0d0cfe812246266f3c059b052e57f8c873d8a1315fdb41ecf
4356a73b5ca24a5d3fd706e3e5cd1fabd35fa7134a844bf20d47a473ff00bfc0da98079ff375a73f4ee71c1dcfdc3bf2e8e6ec7a48ec094ea70fa773
6e37489d2552d9c43ab545ea4d1e99f4ebe7746d3f1241c9becd6b94795a4e4ceae219b1a3544ad612b62c6385c983d641a82b7ff0723e897c38b3de
c1159d4f663d8b8a641e48633de83083526b7ccd99faa08ef5724b2d87b6046189c382e6ffb4c6f9e51053fbe1a7bf65aa3a22dd0c8f61dca1c35ca5
69a2129bcd18bdf040faa009bfc80723fb84bbc94ce4333db8ba9572dff85eeecd4efb5dddf075ba0e7212a72f9908633c20de2426f2944d0c0f8ab9
c23d445e6931348b65941d867feb9da9fc0bbe933e99a62d7d59ee87fda0132376ef1bf648e7b6545bf18213151e1ae9fe1ee15cf08f72dacf58219c
3d0f227304d186f1fdf2f74de91316bf1f32e9d3e94fa4eb2c003f581f8c72a7cb9580da30be9ffedef95cae3fcc677035b2e12fd25fd2a9e784c9ec
072e697aa45f91fef03dfd708d453a1133ed8ce983d3fd80dd97dd24157c93f0c0fdfea0fe1753a9e092e4b483a20de3fb8bfe9fcee78a72b9a34505
ea83b0bd828b92af9e9d7e5831ee8b71e70464c32bd217e9e4b3a29e8b7ee68af48397f35fbee23a9d7ff4dbf2654f22ff9b05df7e20ff349ceef1ba
39b9cc99fc6f84da7ee084c874f80ce78f368c5d786ce87c1ee753e8cf67e648a71fe6747ae4a373cd49249c420c7a1e348eb8c4d8f02fff97ef9d7e
797e1154f1fb9e763d41e70f416a8e23d257a43f4ad7d9f386bf4817dd66d3f96fb8fef0193bb3d8f08a74fab393cf2fe8f9c7257df6b8eb888107d1
4f367dbe31ef5ee76ffa7c63bce057f64c50709bc103f5f7389a8f7d0fe2639328241be64827ffe97263feca9bc6fe3e3b3df2b918c7497bdf68d7eb
76691c2b529107cd17ee6a36cc912eb1cf8163650fc1c3c5f7c5e9bf487f49efa45f91cfe5c3f2c3e92dd207e9c9e957a43fa457a57b5b51bdadb019
73c5b7040ff443a55dde6e547c369c363bfef6aaf17d623ee282aae24c8107053e62715843645744f64ea7bd89c5d57ea09ec5f9b3f8dc0fe2c32c92
eb27cadd6f197a4065e183b33a1db980b56c8d6de57ed0386270ba618af4acfa4cea5962bcd0ff99f8c6dfb047faeee749b8908a53011e6ed29dcfe5
7e43af66e291bee25a8007f5333af735161dfb817a8ee2f41ce9f4f3684e5f912e7e8bfd5e6597c74327ff41fae5fa57ebd01cf4435deeb7b8053f69
976e207910dde2dbbc12ec9c87447a737a8b74eea312e93deac96d52c127d107a7c7ddd72c68667c30f2e786a154d35b5f39d2a9cf9ffee7ff65f955
b18ee7816bed42f163b8baec436d8a52b14ae7010d91da9c1edf13630a9fdb1bce4827ffea7c96d9816cd7f7f7ce27ba89bd812d30beb11d26a3e96e
ea0cc30c76c0326212a6e28351ee74b99d6eba627a5f900beae51f0cf664f18f12f886f1bdc9dad3f582fd550cba4fab696f98231d859ad99c3e239d
76cde1f43bd27fe44ffd574c5734860bae472a96ce3ca8fecd6c7405fb58d33a5fd4675d2617690c9ff6495f093ecd43e17bfa612df7f3a2ff5186dd
f017e9d6d1a09e774ccb1b36c16ea06272ac078999827e5ec5d898874e3afd79473d6fc449f3b4b997dba5b3f81d318ffc9f28f7811de060a37297c0
03ed2af17d8ff48b74dafbc4b8b3ec28b8c6a8c3cb854ad4e5ad7de8fc83ed3ed06d323b7b420c3c5cbe73abb6e188f4c5f78ccb2fe887aba4d23cee
bfab463ae3dea9e72fcafdb9dc93fcbd7bdd0fd633a23eeff43c7addcf037a7b2fb7974baad24ce76fd027f18c4b33ddbed10f2f62a69b2dbed1de97
b87f6853d479b8ffb16fdddf47fa88f48bf4e9f4dbe92c07b184dff0753afd4320bc0faec8876d091a021bae48bf49577be719e927cbd35ec887b372
3df07d757a7c4f38da89e3df1a674cfb817a6a9b54318de48171d1366fc316e9f40ff43073f44386ff60c85db958e3815b75e86d96c80705e282726a
9dd5f38280a2fb7092fe6c9c145482899e936d49c52a8c07f281efcde6e582edc44a8f7c2ce6b935dcf9f87bf39f89e64fc146b6122f9407fa197e38
9bf9332144773eceff8afc119fe89a558ed878605c5c6e8fefd10d28d87b7e30fa811be9821a692534a61e58e6a2d1510953c9839617d9f433a3dfb4
bffdd259f64d6f6b2b5124773ae3ee6d6af519d9c4c5d48633d22fa517e7633eef33b2897fc33a2f2f73bf07be476ece15f4866f8d89aa74c50e8507
ea6f3a595e667d0fe203233bdd72792ee4327ef43eb85c2ece28ade054095bc803fdc03214130f1ee87fcfa33be8470e28f6f7e47f4fcf0bc52cdcdf
d36f77f4cfedfe19f4cf13fdfcb05c1b9e17cf743f78bb888a6225721f0ff483e9f689f115e33d276eca2a91f078a03ef0dbf95a2ecc97750ea6781f
b45cf81ed40fc57cec0dbef4c2978890bbe113e99253fb86fcdfcb2f42c1f1c030302daf60a3c483dbd90da7d7489778184cef2bd8eb65f63a987e04
6dd303620c13b90d4ba457d2d51d844be361913e9c7e47bac81747c31ff4f28828685baf35936e3173e168af10cbbe5e3eb0dc0f27f944fa1de9e40f
7911278c072d3bd0a0afc4fae201cb09a6eb9556e4bfc8bf387f2f6b08f6b5bfa7bdd9ec8c105da195bde11de9d48765c195a33ed9f571fed9e2e4ca
d6ef459c5cc1d6af6cb2a8cedfe34e18affd3dfd56bc3bb1394521da6dc5608207b4c7114b57eca26c9d300bcb650c0e78207fc40fc6043cfc48a73f
aba78195d50baa481585733d30fd886a5bafd84585a238b64615e5671ec87f387fef4eac876c25de8a122f0f4e1f4ebf239dfe87ada013cb03d39265
3d3aac3c6c365739f5a9578819ab84cee27a36efeaac1c398be75d37bbb17e5e4599afa290c703ea499e8f3dc60545ba4a34b87ac5eecd3a731585f6
8ade1b0f8cd774b9410f6cc366f57c1c66af565e9ad5f37144b903b151593611988907a96612907543f381815a1ef1e6ea35bdfbbcb0679dd5f59cd1
0f3a6edfe98c5788b7cbe2ad7a3e5e163fd7857a3f414637fc45bac467f5bcbe623e725a3fabe7d1b2f8b9164a62449ffba0b70dc4f9d9b7a5d5e933
d21d469a76c5f6e6e2d47362ab5f09e2c303e5367f1ff5590e47cd36efbaa37f14a4f7ab0fcb3b02e2f0403e6c7bae105784a5f9be679b7a3d315f1e
74377dea733dc13ff155547dea43741a1ea01fd3ff13f48c515fc5137225460d0fa2e76ab9f0043f641b5371cc508946c343e2fbe6f41ee9d213250a
e3862bd2e907cfdf5f8ccbcff4e6f91be2f6621b537dba73fd820f70ba595128a8972fe72ae167763af9bcc11f24a7bf74d3e73b239df9785a1ebd41
6fafb55133f9c7b6e7c26350f5a90cd16778a05ccf8b37f8f97b59c539f289fc2f9ba2389fe027afdbc571c90a79bd90d71323e10d7ba463fe039daf
c3cba0ef81fc59f6add80e115ce6cb876dff8aedd03aac8add5caee97349b164eb648bfed719f5c11d6fc555f2864fa44b69dbc704c46ce1a1924efd
93e99c80285f3aa76b2b990e5722c43cd6641bae48a79ed3f978b9466893b37a3b8d62991eb05923a2e2273ca29ec59614ac2b5631ff5fd81dd6f4e7
56e8ffb6fc5ad5d360610c361b6c6bc5e1e1c21cab62bff1418b8185aec8c4e3655db1eb5a2df261189aa7fdc2e462fa14615913603f687ae30ea1ae
ee531c4236ec74f2ef26df85def497de9d5e239deee37098380e3c487cb6eef415f9a0719c5cff38055ca8084f9f22acd85d2d765795103975597b65
3f64d2f95e8a8a3ca0a26e329a51ff89a10631dceab21ec97e90f869268b69b6455c82ad0be07c7c0ab2a6ebcff282bb3f1e348dbdebfde08a741bde
d0decbbba2ef41e4c225da073d8dd70539127da2aed87571fbb6d3f93e765d0bf153b944dbf089742dfb5021dfd064bd10c3de7dae1057dcd6ed74e7
1fd3cf62ac27d7c7bb9fb5d8fdf428d7a7a7bed4ab44ceab2bc41bb106763adfdfc186e45bf07414990f069de31bb07a17bbee19dfdbaaa0389fe8cf
dbfd69f6f7c4b4e4f2ae7a17bb9e68d7e376399f27f2799c4f8bf419e90fe9f45b88b765f186c94b5dbef4af38e1dfe9dde923d2e9b712e957a46bbe
7b578a7f7d1eb037427cae5ff4c30f738a6cb6f8bbe27bcc1db844aba8a8f000fd985dfe629efe98a79d6d46e8a454eba44c5c18d6b8d4abbed4ab18
0f7dd0e2905bbcef7bb6072b4e017d7957f14abde113e92fdfd3aed8c5faf26ee283afe2c99e879bf49d4f0bed9666ed9689f5430b9dbf669d3f5b44
b5d0fadb0f27e9fe1e7a6ebea4ab5cd2b5d07bd90f187869be349cc9f300dd0ef239995f0ddfef5fba96290d77ef3c889e7131dc70e6cec345baf3b9
ee48a7fec5f5b9227fc4124e7e3f6ec976bde1707d973b9d7e45ba969578696bc3dbddfde0fc07e933be879fb0eddcd0e5269bbc56977b45b92c07a5
abbce1727b137c1247b91b46b9c89dd2e8873cddff6c83273ec2367c22fd477a71baeb933d8e9d7ae6e5f1cdcbe9ce7f45fe9cca604bd986b7c1fb81
f69a7ecaf0b8e018a172d9d786c5ff7e7849a7bd25faadb8df26f52f2c3bf683e617a7561f6479d4acd7547192d986b7c1fb4174583d5e35c6d1eb01
bc517e70ba9e35ccaaa87f0d3ac72679e2a072c314e91a97aae39216978f0d6fe53b9d7679dbdcb885dcf9b8dcd5225d7cb2ca96a60d9f0aef871fe9
e4df621ed96816e7852d7453f7c349fa747a8a74f113dc6cb5d1a2bd9cfe562e2b3f18fd6c0bc81dd8e49fcbaf8617711e189e069be8310cd8df55fc
f035ae4279107b1a26af1edd81c1937d616cf8443ae4db19e611f90f0fb3a7c7886939585db26b6cf8f7e681ee6bcde925d2199ee17c621aa05355ab
eb39625afad293d3be861b6e1e3008f63498c3f94cc418beb836ec910ed90dea69ddb8fda065e830fb9b7345fa4d3ae55ec3d3ef6259533d0daec887
cbd08ae7861697a1cd97a115e74c0d2fd23c88adb493efd770ff2c763f58776ed8237df27d76fa15e98bef87d3ef4877fecde966430bcbe916df07f9
2e7687cdec6ccd16e994ebe9b1a27f16bb58dcea7c30c400a705b5797a2c9689fb8176595cad18472e496d7cdff076cc030aaf161b77d027979bb599
ce9fe1fa738939a7a7d913ec8f43f22f3dbe773f3cee07b39b27d80ad18f6af3bc78a23e8feb53e9b75fb05deffef16fdff072cc83e61d569c6dfc82
cdfdd896e04e60c31ee9a22b4c185ae85036eb50d6e6f9f206fb7eed1cc2f4fc8698e1b07d4ed7d3cb948617dffd3dfdf0061fe052b2a203fa31398f
fb5656513af302a7b73c68fee2c069c32bd2a143ea3f0fd3c34467a8e2c57cc3d7e98b7a32dfe7c9b66a3fa81fba4e413ee6eaf9f53d68598333f00f
467d12cb144c6b377c221d936ae87c26d39b15e22746dc0d97ac3c900f621bffab3c904f229f7cb93e9971ecd9dfb3bddc0f9d74ea5fa27f0aecbe43
0fb3b8ff27ba3b1575e40d7f91fe924eb935ea8323938a3bea0f9aaf4e8c1a8f8365e2ac318ee8ee7cdf37a78f489ffa1e713843dce2cd737fef7c62
1c71bf51f118fdc115e5e21ec3cbdc59bd7cc1d3e64e177f983ebd6ebe6cadf876fea0e5c50c170ea33a7d453afd66fa6c31eecde33eb3d3e37bf7f3
6c4e37bd357bf4311db675467aa21ffcbdf9b30d0faa97a1b347fd892c79a00bb8e18af49befc9a7073d60825d716cdbf062c9c324bd3afd8e74ca65
1b30bbf90fb7b75fbac76b447d74acb0eb339cde22bdf37d73fa8c74cc47527c6f7a1b56c5cfce9f6ded7ec06300db8039625c7080791c25be8f7cc2
98ddf95f91cf45bfc1cfa78d71f683e80447af1b7abcbc1ee032b4cd11fd6043082f13e332bae1bb72a793cf0cbac232f338fed29f48d73c1aed3f38
fd6a61ffb11f2017760f71b7ddb8ccded915a7df91fef0fd74fa2fd229bed37dd3abd7e9d39a61363a834d4ca6939771d3ba59fb81723d9dae2047a9
6c7fe57ada5fd11d9787995dc2075ba493fff0f75e7ecdcbf5b118f05dfb7ea05b3dbd5790dd82ecf0f1f2c1202342521cc788f42bd217e9cedfbbe1
8925619d9e4e2ba6cddafc747f3f9cfe8bf457e993615e51ff657f01a7cb0df6c45d7ec563d986910f6c779a8dde211e882f711cee87dbe29f4bfded
ae8cf1ba831dfb3408679e1b3e914efe9e6677b05d8587480ebab8618b747c7058ccdc214e881259f1b2d9e613e3fe30eea7fbed89e9ed4b162f4770
91c803f5313d3f31fd7c4a344db74ff4cfe3fe315dfdbc4cc1c9e0f6cb40bb7e21667e8899d3fdf98bf1fd797c4d3fbf28174ba48a6aff862dd2e987
c1f8c6f268fa52032bb90d5ba4532ebbb7f9467bb54edae9e4ff46b9afdb3b9d4fcc472e29ecf4a485b24143d9e0cb8771b96ce5b91f32df37a7b748
efa40fa73f91fe231fa77b79f13de0f5e374b92bd2115778d5d970443ace594ed7c762ec7b7848a73ea7e7efc52951e372f68333d24527ed6019749d
9ebf1711099ac5e495223d39ddfd90a2fec9f5e794e84a66f768236c6f26a7d35fa7e361cfe2e14ade365cc9fdcfa9cf15cbb58be55a3b1003579cca
a0a5b0d3bbd39d3fa642ed68fe3eea935d1f9653a16cb01ff0f6029da37bc083f8f9c976f78a5396f025c92566c3711f0fe257e8aab6ab46bfa10cd0
b0536c3882e38172a1f32b4e47ec93ade110bee10c8d07b956e1f2b15db1fcb2e7b12f9def9bf903da025f7d9c4f2cb3ec7faa99ff5c56cd6e979747
67e4633e808ba27424f8fc15cba070f4739ace6d7fd970f1b3bfa73f6379844b9a2f1dfe7cc532825bf8eddc8f7e1e41e738c56ed83bb76b7a597349
e9f9cb87651977f43c3ca4d39f33e6e9649e120076c311e99374e8677a99fb3d88ff73fbd4ae2bc6fd62dc71c3deae2be88de05507b74c1ba648a75c
a72f2fe32e74d7dac936e00af9e8cbfa86cef78677a4d39f9572efc8872049df34757ad00fbac2ed8cf4a01339f94d0ee0b9e113e9b4cbf46c13a5fd
d0494f4e9f914effc3cfaf27e8f941be73bbf5c1e00f5cbe7ff9fc27a75fd713d54555cd3ee3daf50b768c25513b39cce44a9e07c8855dc2654ba2fd
0079b11bb8de617224484f4b07cd78835c10330d0bc70d5ba4e3df90557cdc8537df857fe91ae675b8fe5c427fe92c0b56b0e3ef018f8490ef3a5dee
2268eb41f8f60d57a4ffbf8c5d49b6e52a8cdcd2b54da749ed05dcec7f0985a27955b39f39c80371fc74b110421642ba898b8eb69345677ee3cdc7dd
5dc6399d12c775ca6a5e27c58e371cb35b8d739c74a2aed3e33999408b879bd90de38b78252ef5b1a0d6f738f5bea796f16e609949ec964289b3f111
e7fb5e1ee725fe505daecbe344ecf0a972a7d90de39877de58dc5d6d6fbbc1f1501daccbe347b9d3c4abf0dbf8439ce3f7d7ff6e906f43e3915ce90c
bef126635b456a71311171e34dc6dd9dfa5da7b7a5bc2d3be117b31afd58677b77b51d2e668f6dccee96dd613c889fc21fe32f71be97b799a56d8687
b3bbabcf9885e49ef9bb5db89f771a5ece8bb799a56d8687b06d357d962c26826cac149fdddb38c743efc8522c5a36b00d5c929f26337735f181deee
d5fcbb4cc5f7bb243f5d7a6031835dbbe81d5c5d6a7d2979db2579566c5936283fdc6e57f7ef32db9912c5edae7f5799bf78a8dad6303f07e59f4567
b3fb09a7da6506c1ec5ec6398f92e7e1791fcc83e8f128054536c8376ef3bc50cc4621cef78a304e6f10732266771967da369ab34b57829a6e16b742
6f876f1037dd206eacbbdb1c54908d8b38c73fbd5e26334e17e9ab29336bb15ec1aff0d06777a771650d241d7bc1176f8237de346cbcc0cb86d2cee9
79bf2fbdd7ad685ddb1bbd163fbf7578bafc99b7f899d78ad6f56d3dc350eea6c3cde5cf391dee371d62ee6e1887de60aee7ddb55cddd40f8ca96d3e
f4cf06f9a071de9ef75be9f4a49fefe5f130536d917e560c5c3606f1217c1a273f25b78fe78509f27f1ebf3fff74f3b73116b63166800d664f969c3f
964366a86f2cd1b98d4199050bc1709bbed6d7ebf9625efa5f913e796536ad57d9993be92b362e1b588f1effebf5f232cd61913ef73eae1bc14d879e
ebf37efa715fd3e1e6fa3cce4fe3a477d337739b6ee636c69836a6a56383e3d138bdbf2fedef3af45cfe5c64c9fb7c3ee9f7a198b66c30e53bd64b77
52a0ce2bbdfb798cbff3022f1b782f1e6e761ffa771dfa371e56f6a1cfb63ef4d9c643c9dde57c6503eb9109a6bb6fda76d5296f99aef23fcdaf3e14
92d675b1b6f186e3ee2e0d4bdb390f13b732e6b2cc06d8c1b3deec0ee37a9eb842b63b0fa73333be708a633660edd683bfcb8c5668f0f9ced7ab662b
7358fd188adb9d6fa3abe075637ef13eb45d755597fe31877776c338e9e3eb6777a7d8cd346b3f9680cbee301ec439feb64c47f9237fa4d3879e574a
551e02ee6e689c4c5bda988d7e77a7c488093c5b131fbaf9e37c9b700e77566e66837960242e9deaaf2b9f55e3cdc43d9aa1e707bf96988ab3335112
1b9877de40ec2c94cc0693bb8b0ffa4acb06f9d044674de34cdf7f0de18f718ebf900fc1e5da593a39718e3f2c5721b96a43f8304e7e4a3e154b970d
26ec977ccea1799c4ca5cb1ad7bbbb447ff26b8f659a3acbd2b241fabd0a9fc6f195c350e2ecdec6c937c9a762c2b241fe4413be8cf3f9c179bcbdec
b56d302b50772ea86c909f83e3b997f886cfbbc487f0d738e73df8becf90bc3ddc6e9bc6ff78bdb3acc98f9987bb0f43bb0e431bf30eed6f7ccfd73b
94209aeff586716e575d74de293aacd0fa6b5aa7bab9d9757353e9a03bcbaab2f1f079bed7e775ca840ead8b8e62bfb2c1b4d227c7f399ff4cf9f863
15943e14e3950de69dbec8e76f4a1e9897b4f1b0affb066836f8bb92e7cff2cc5aa7ad536ec3db80ea9336c6d2759eb1b2c1f1f879e9999017908783
3d94f32d1b1c0fbc02dd87b09da7ae8987f057383f4b786898ddc3f8c9df1dc22fe3a40f73bc873e533bcb9b6ebc9fc22fe3cc428c90fcec56e3d83e
192bdc5901958d20cef73aa4ff59bd34e984708d5f9fb5aca1d143a1d6d9a8c4bb70d3d7bc0cd1919e64edd253d5bf3bab95b281fd8205ec3beb8db2
41398c22bc18e77b35feeee971f2ea5563bdd1ddd5fa0d793d7938d87976cc06e8b3b0e3ee2ee31a0fd7b5b3b06583e3e7ba0ec5726503eb91371977
d772c2ca2b8d456bb2bb8c83cf8cf1da5df341954c781897dd6e9ce32f1cbf62bc3ab3bfedf104f929ef66e7a974a6fbbe842fe30f71d1f138ebfc7f
45153aeb3ba241b91d4d74969f771106f2473776bb6eeceeff7fc2a771f24772dbc66b9cf325b96d96c346b39e37afbb0f8bbbb2d7359eb66577180f
e2a223fd1fccebde78aad6c3fb7b687fcf53b5ff36bf425fb1d9e0cf84c8493df1a26fe6cee3b014b3d579e89b38a75f5fa599be166a853716bbcf5c
3bcf5cf7f3547331ac0e06adda2e31f2f61c21fa12a3b0b807b72bc63a749e81b20133ae4b1d28e43c1b6053689cde9e63f2909117c8b3db8c639a19
ebd37d88990d58f75d6234bd3c26bd65567fcbcb5b4ed7d0f89797d9e23263e9ecee43ccee434cabb965b1662c540ba9f56575c004132dc487e5f962
2289c62ac9dd87895d87892d24eeb7c7cfccc03f9643d85d2f9b9b5f278c81d85d2fd79bcb9537167b3ce61b6baffdac9e1ecbc34367350b82741ff6
751df635a6b2eca1afb76c803f8c69d85d9989f1aa448bd4b1b7ed7869864690cee765f67199314621bbcbb89ee7783eab4b260f6f3ca4ebbe48dc79
8a77f49fdeeb9399121fcd05a9c5e9ed73fe98079fe58dfa9457351b9013c61cecaee4791e94e7c16d7277fd3cd4a8ca1874dfcccd06cb1b20d66d77
a7717a2358c2b5fba66d3648075eccbdaaa5b67663fdcf5fb1a4dd95fa9817bd3b527ff392baf1e11483043a4b96b17112e7ef2a26a9b37c964bbdf4
a9bc415de59f3a63263a0b3cb10179933af34dd8ae9bb09d3710bb0fb9fa544cd2a0dc4ec524751745fad5217c1a27dfb87ea7d5374fafce1fd3d676
5e746583f34eb5ce6a256c907ee7389bf90cbd9c7442b8e9286523cd8bd9cd872e3ee87dbbcc4dd5bae80c42e8bc00cb064a71f030aefb066b67cd86
fdbbfc9c63550636384ecaf3ec9e1796b3fdf12678673a7636308f21b992f7b1eb666be7a15bf70dd6ae1bacfd38381e250cca46275e852fe30f71fe
6e98cf417966eae1ddd567d5e467d5c6f5bc3e7727120a6e9cfbc854aadb6c900f3473e794993827e52ab4ee66f87916dee26177769bf1cee7f9be4a
18940dfe2ecd943965fece49fd70f8f9659c8798a1f5b82ce7f43e76e6bfccee34be88f3bd96f9bcc467d3311f96f8403371fa736eea732e249fb7f5
03aa7166110a3eafa08e6c10e7e7e8540ceb6e50de7898db7db3351be48f70ebed29bd2d3d3c5feb9397558e0e9a71f3b3fc7f94fff367bc1987fcf0
342cbbd338e516a71cdd37313b6f629ec78ff2b6fcb9b21833da4fca954fc93a4fc9f2f92efc31fef179f06d29d342e795ccacd6f1232e7dae53b243
7a789dfadc5a27abb0e561ee7f9b5f3cc362e3e29f35e1b7f1073f432f880fa7ba0ea70e86e6751f36751d361dace8d27dd8d475d874300622bbaf70
8ad7496b7a5d1e0f3e17f2f9105e8cf37729beab48ac172b6976e6e9c9ee34ce69681c7f319bf855d17948b7bbfa2a5dac05b9713dafed70693b6105
a4ec6afc2ca6d8791897ddc338c74f75bf1433918dc9e749bf4a7d2c9612ec3c74dbdd109fb1af249d2e7c19e7f4f36b6055a9ad55357e9a17ab7a3c
ac03d7995fa72f7f252c6d333ca4db5d2db3856d2693f7ea792de3c562569d87b6bb6bfa4c73d72f2d83e6f96211aa7e49dcbd5d2d9690eaacafd597
b7aba5edea925877cfa3b6a54bcba37b79202623c7c979d1cdd9ae9bb39df97b76d7f3cb02449d87777d2964351b419cf4fd99b15828fdf869d92bd4
341b98c74b72aeab21d948b3fe38c4e7617943deddc42fe18f71beafd6ddb05cb1f04cbfaae8ebeb79e1bb25e974e1a6c34a3cac10d97d03b7f306ee
7e9eea6cf9f36605d5dc25f98cf0f35497cc27945d3f8f6de9608effce2cbe6c4ce2e48f12436483f325b90d8f139f43e7c1d897bea6f93cc9e743f3
3b2de7f8bcd974f855baeced5bf0f69d59421bb8f2bd6583efcbedd96966b3c1dfa5f77a3d7edf47ef4bb37ef9b3612198e33c0ee9abc76afdd17b49
de1eebc947ef25bd64afa10e8f0e9662eacb5ec3f54a1e2a7ff7b51cbe94431e4a76672befca56de79c8d8999d950d562415ff3f8f9f873ebd687dd9
dbb790e9e03c98206077bd1e71b573e3f8fc1be3c76d7230cd79d219c2ab71e82ba6451d43890c06d39f271d3d4ff371f05468e398c7ecfa796e573c
ac1cbe593974b352e507b37b1abf885fc2ab71e8c903ee8331141c3298293d9f272e2f57363af110be8c43de583d6338537a364ee27a9e729e0de801
de7cdcdde5e7a90f79f3718c8bf2998d429c74948e75301deb79303827bbd338e48d350e76776afcb89391389f2f9e17ed8325387e254418cccbbae9
1f4df8340efa2c8139460dcd3b13fd74a6391d3e7d1a3a7d3aceb30a2fc62b9f271fe4fdca4623cef1a83a463644bf0b6fc6394ec955a5fc6763f279
f24d572eb251f83cf9a3fc73d9c03e5525b7cd74e0cddacf9753f8631c72c253afadfd43f3dba9df986961f0908a0df0b91a5f9a5f6654e8b5fe43e8
fd18ba01317498d5abc45a5f45836541f6cfffe1dd387fbe0ee1b771be7623fb74a3211ba42fb156286236f8da8daf3da6c6c33222bd4adc879799be
aeaac43dfc3cd4fd1e671bc25fe3a43ff4bc97477079d4c1f128e4301bd8c66a50eca6a78169f13aabade63045072187fb777b175e8d53ecc278370e
f5744a0d4d8f7f6afc1aa7d2b16603e36f5a1e73990ed571fb35e1cbf8439c7c5b567f8b5f33bce138c6f2b2595c363c0ccdee6b9cbf2b715f7e2fa6
ef53fdde3c7294d8e12ac01ebff8a3afb4a1c3bb83e6e0e0991d1b2fe970fcb7e5ede6d761d3b2b92d3f37cd779a8fbb3bf5bb70d725ce79bcada66f
9a294ca891dd621cf3d2ae103e8c939f5a960abd1c4ad3da792372384d6b36c8cf423aaf9f7ff57ce5785eabad976aeb92ba79adfe5e781f8f4b7c56
3ad6c12b8d1b179f5fabfb97db7fd3fa7a97e68b059e8e4bfcfc3c9e4fe369fcddcff43f9a1797d4d6e76defe3bae021ec701ad5a134aa9d0959b2db
8c77d219c26fe39cdf413a87c6cfc3a3fd7c19c29771ac771e760c1f1e6583e3e4361ca7e42ae0decb221d97f0651c74fac1e72f7ecd0f15513b2eea
8750f6f06ce0bd780331bbdd38f41b13910c9ee9b0f110073f7d58337458735cf8ac1aa1cfa7c12b8189937ea599950dcc0bbdf8c3e94f074f55ce83
b165c337f2066fe425de850fe3a4d37ec2f5be2ae3dbc59f2efd16aa06dbc507e587cb06df8b7a95871e6c54e2457818e7ef76beaff791600c9fca8f
0edf981bba31d779c898f7c58d8770d219a63f2827a8a3f866e881c6a3cf037ae5b3bb8c73dea96742b1774337d13ad3b7eeaee50d77c8923ef9101e
7f505f15ae8b501aed6c404e06f54c4cf379523e992772b0c80a1b8d38c7a32087c17ca7e7c1841a23145a3e98d774d3a77e703ad36c703c341f7963
890dd2d1fc5abfed06e5a455e1d338e968de1fcfef23b9d27aff2ccf9f7e97fb60e866f4e03142e2f85ddea46183e3e7ba769ecea13c9d2a85babbd2
87bcfb927827aefd743788f3bde621fd366546f34adf988ab1cec6499ccf9f92ab7952aee8951ff3f2f3979ee7be6fafffa0d73ff12efc36cef1930f
f3d27eb71b7c9ef2c643003630fecc6ffadfe6d72c3c7c1cccab997fc6611589d78477e73c58e37e4c9dc50e558aef71fe840fe3108b4ab163164a36
0671be9eb21b0fd511ef3c1c1c53c501068b739f87cc419676664378177e1bc7f6cc041663aa38c060f9e1c44947176b878bed06b78d29ef4536f4bc
f1621c62ca6cfbd96dc6a1a643efab58a841affbd179513fad38d191fa60dad2ec36e3e48fc4252cd6cc13d679232fbbcb38d407135e64f7318e6d2f
34ce301f18d2bb712cfb39bd3c269747d01ce4c516360ee24df865bc11e77b4d2f0fa6afec740e8fa9c3d3c12b2dfb9bf7675ce36431dca34a7c959d
391b1dcf73fb9c4be6e96e2ce297f03f3a2f71d191f935650e32a62abba68fc3d3c19b71dbc6d7573eafd86cfc24fddbf3c2ecfc838777d90de31ccf
457ede9e1786fa8e9fe44a373407bdfa59459aeb4b457e06f3619e07ab0e64d7cfe306d0c198bfddf57a64d19e41efef9836efe6cb42e9bc893cd621
bead437ca37a5a87cc97c5440c1b07df966efc6583e3e138978ab164837ca69cac5372b2e81518bcd196dd6e9c7c18a2aff1f3eec831788836e87467
a310bf8437e39caf101d8f5fe697cc5f5f3119f4d6e7f3e0ff52b6fa6c803e8bae64b71b1fc43b71adbb0537c3c6e92d58cae734e89e3f332855f832
8edfa5576fd82b9f8d4abc09efc6f9bbdcfe579199b80acd4499d74b3701b3f112279d6abe318df0e00dd3b174536fd03dbcf1caf9ea320797f42763
1687af440ce647dcf8e0ef0ee973ba7b131fc2354e66931f87c6197e2fdcd44b9cf31232f757b0989bbc6b4b951507ab9c9d799a0e5c37d9b371100f
e197713e4ffde0ab06d9e0fb4a0e75a8970dce0bf5d8f2672113019e79aa04fcf6f86f7aefbae64bd9db87ae080c1ea28de5cfc2c51bdfe3fc898ef4
98f2ff6d7c080fe3e00fd378eeaeccb2c5cfbf8d17e1af71d2a77e588fe58a319d8357d086bdbc835ede8df3b3cd570a06af149c071397ecaef9ff88
ff341fd7ebf7621adbc1ab6cc3b52477039f6743de2646e2b3213a7c5fa5931d8cb53fd34d247c1a875e3a71581cf6b666037a8c57d6c2ded690b775
f04664763fe1ac49c92b6be13c7ca13c7c83c5f7c245b44245b4064fc362e8a676a8faeea0fb6677e9a60996dcdd78e7f3cac3970de290b7ec4ee37c
afadf7fed3fccaa71fff19a70dd65f38f23f14f93f98de33bb9771be5e1cc26fe3a41364930ac86683746208f7efb286e0f5d36bd0bb938d415ce359
a64f35c71b6ae1b29ba1747f83876241df321ba4730ce1b771a81be689c92c787e5e623a4487ea3898df6fd339ab704d3f2f960fde108ca19a92d978
4987e397f3391b1447f1f332df7438cbafbadd9d9ace8b5e31e69bd9dd653a342f98de30ec640e3b991983b5bb1e7fa1978e5f6fbbbbc4b7c2ed84a1
a3e1ab0fa15a5d83370477d7f4abe81fa45fa7c6c39b7dc710ff75b32f1b9374c8ffeaf9ad9adfc679577e9d50dabac1da7cd97d8d534eba9e5f5a66
3cdc1cbc019769e5b45c3bbf3e99de305cdb2b0bd673be34efddf38e20c8c4bbf0db38e54df325af403648ff221f86d70bf3d28d4bf335ac0e64be33
6f4d8c613e0cc62230262c46783d060f6b86f81ffe5dd481de8f8bff613a213a95bf3bad6e26bf5687f83c97e6116ed44de7e47c695b8aa16d895f93
616f65d05b9938c77987e6e5a6f9c5c3a3ecfee198af52389ec7eae9a17ae24db4dd359f79838ca5ddb3ebf7d5d7f9909e792c27bc3ab0718e535ec3
dda0576f685d2876301b98471e2ac5f8ac1f3e6eb7f1333e8ddfc439fecff2cfd0fe83315ed9bd8d63fc7190cf1fb7d56c0471cc7b78db881fcd2cc6
5a65f7325e88633c71d0db9a0df299721b4aa39a0dac6be69f8b90d91d742b26cedf9537311b902bc6a44634d36771a1ad3e0ee11a67e3675254e15a
efca8f957a47781827dff0d9bcbb344f8331cb29cea7f0c7f8cbe7c14fe7bb8a5050016355c3a1cdd968a4c3df553aee6c803f3c2c0be77f0abad3ce
8379e322c2f459bc6e54f15f5eb490b76cb026604498cf41739c6e887cbc0aa71ee30db88c4c163e692eb0885f76a7f145bc087f8cbfc4f9bbd3efcb
5ab78357e2827994d880b956a91f627afc3cacdfb87ed77c982ccdcd6a0de904d43c4eee23117a7e99bee496fbb81333051333a59a398417e39df825
7c19e77bd1ac09558fc806f9437dee58e750acf3609ece087dae07839e733c9493e579592a7cddbbf0617c12f7f392e7c5cf3f9e8665b719e7f8077f
f7f67b313153267013de8cf3f9f8091fc683cfff43e87d3e7dfbcf3efe19a7fff13433bfc5c96226bb6b717f28ee4de2fe7a7a9065fbcccc0dc28b71
bec6c5e979ad0edea5e743f830ced790f87e1e276e3c25ce717e9e9e8fd5cd7f12c74f665ff090e5fc491c15521daccd943897c1276b3770f89238e8
4f5be55356396f08868b2f858a2f0dde10ccee639cfca498ce5f980ebd14ad18efc607f14a5c6a6e222f65d2e9c4c51fe5431afcfa8fa952b5d91878
9ee268277036b00c782329ec040e3a81cf935e8dddd5bccc43f3329af0cb38c783afe1fd0dab65436feda6df381e2592c806e584cb6c779bf134e34e
9686cdee34be88fbf9c7f8473a85b8ccf179b1747aeb1c4f91f9380bbfc27958162ea6948d4afae44ff1788ac643799e364f27cdd393a1c4d9bd8d3f
c4f9beaa12910da8f546b380b592d8201fb85dd92b1cf20a9f0c31de5d990bb3d1abd77ffcdd66fe377a3be81588a99bb6c1d8edf3a417245cbc2814
b23d3acde2dd5dc66f3ccff5357578940df29febc8dee26c906f921fa555cc06e6a5f3b3c421d8a110ecc1c3bbdc35c407d4d43bcf43f21ca6135c2f
87e42442e3097a19bbde4bb165a1a24383371073b3107f982861f00662769b71ceafe4d9e6268bfc9c278b90c4bcbdaea167cff3941cdeda3e590528
71cae12d3d49b7e8799e921f254ac8c645fc12eee7a79eafc25fe31f718ee731dfe4ed60f6ff988ff50c63daf63fd27fbdae79d87d9ed2574ac39b8d
411cbfbb7e5a5feba7dfa59e5c3ff167372671fcae13f76483f4a9df963f0b19a47be40d70e0aa5919f4f6ede7f959b574ea920df281de85a5539760
4cedc607e9ab3a4b305836f1425cf3ce2a2c89739cca2b160c8a3d06d3a26657f4abe8d3ec583afccd06df57cf2b66281b18e7c5fd71758fa7733c72
072c1dce0613ac24cef1e83426587625a745cf9b3e8b7d0dd6b28ca5a09d6cdc7c9eb80e4983e54c36ce7d76292f6636f83cf7a3353d5fbc6a3086c6
333d4eb80ff7f35c476beab396e54ff6f3942b3a11d978890fe1e227d26ea758f1bd6c4e2d9953bca29459295fe194b74b72a534dac16a251b6fa2e3
f75dd4b70c36087b2b43d54a863e6bd7ed79bc398f4ca0134e44124c4492b89e37ff6fcd2ff78be5cfc5a5cfc54173d931a3c198d17c9eebe8959e67
75908dc73f78bfa6d3dfed06be4ece06b3632e991dd9e0f623f434ba27f3e249c77461a9c9c252a5e14b60baaed4645d29de4198ae2a355955aa3008
67f7c23f483d69348c26f74d989fde93f71f546e79f768b2642397e21feac1e50c1406f164ef369c9461f5cca5e4d9bb815552f47bcb8453380be37a
b267cab9e75c2cc7365d066b52859d90c74935c60686514ddadc4833a23471f430a30f72b41d82bbe1c02f0ec1e2077462619c4ff6aae19e70bf0487
618ca437c11a09bea70bab3465af1906af879e5e9a2e9a69ed27d4e3832fa6e907f9059c0d90088efab488f1ae776b42c368ce8bc67cfa0d4f084dff
91d5ca5d3e993ead302b42f6aae105583f18b7e1243d7e4235e588b2a533792e793db39153de0f519ec370aeee51853e467312bb56cb6961c2811bfd
c7d931e594aac2d38fec79cc294c85e6cc744db2c95337fa9aa78fdaa62ec604b9a132cf93276b8596cf74cab6c9946d1b3e056bd0c825537825397b
ddf04811bb844ea3e07f110d690fa66dbb7e55e8691494cb105c0de30db5309428341bf8413f2cdee1b08f59d7b2631258719a94cb4b0b2781173314
67ef36fce4c321f4358a3791be2b4392540624a90ec1dd302449eb50e902264bc05dd26c3a40dc8d944646e165e7328a59d1e22ce668a18cf653f063
18a2d445daaa0d5f098539dfe72a56628848636ebde96b41bb41091b9cc3c29d7532d7dd255daa34f9d9006549a9ae0a4d5e155265edbd257bcdd601
d2510517c349baf8e16934593d7e9c7045714f9a4e6568d1562f5a38da55537b3aa15e3640e410114b1eccab4b2256adac2a74fdd09c57b30947b9bc
cd32799ccb06286bc5e9b252364ec05df0653845affa618f0e6c1a5a72d5eb1335702e29f566194386fe4bdab199772d79b74914c1c370aa7a69c766
96e2c26e199ac4e6b58c1b551bd60f5a3de263af0ccd8b0ae7642349f34b347bb7e11c74ff091597e0f7dc3444da9cc615ad32c40f394127f30b96a1
5d4e671b9337b8ae43cbb9596fe2e3b20cf3c9828a938d8b6539a753134e9ac4977686e6c58fd8f992557bfedbec59dd720c339a47277375efbac876
58867ea2dbbcc1898aaa754f9ff36703bfdc2983dd860cce592e6da30a9eca06266e14c1af61d008325d3edd6c6020d268dd1ab493e95a7ddd4cef94
7aedafdd528fb8824b1b77f7f6838c8b25a4e0bb8d16145d64a4ea5cddccc54779a1cb7fae61eee1e3fcd2e8c6b88c16a8ec2ab81a4eeec5e1a7bbe1
fc41bdcab0b2c4a911932566a719c5988f2e380c63745aedc32a14d70a0acf17261345b27101d62fce6218c276f9e9691844b4b087cd1e24f228525d
c33cc5bdb8c29388ecf9cdb1a5f320227b7ef3e479314f6d08a2ec5209add530abe1bf28625e98d5b84957b440c2bb127c1a45ec082b019ca7a948f8
e4553a36c03cedc6612580320e454c0adb48b8985ea412c3fb3c2249aec343b66a40b6924dd94f0fc37bda78652b3b8fd11c73c8900c6fff089e2bd2
8961d58c8b1bfb6171c3fa0247121bf6d3fec1851f6c4297d17c41cd49d82a08725f86f5b442c0bdfac2dcfbd92b8693fdc568189d78b808be0de70f
16a3fa415cb92f21237cda2a98945d2dda69d99d945dadb8697d808fe6125a44d35b3a2e8454c6f165cf03c1a786b6cce55744aa96ebd0e6b8bc6a71
8c517f12a6e597c1e738efbf4d7f83a74f2bc5437bc1f2aa85e7abfe4efda0771fd4bd2a9af0e5458b538efa93782c0b1e6215af43d6da323f10aa58
e9d39ffeb64f97da2f614dccf2f2c44595fad3142cb3095ffcf5a70fc3e52d1d5ffef5673e797d22b169fd69bddc5e9f88dddef025b81886566986bb
61bc7b089d466fd018825fc3f845d99eb7d733e223372cd266eb9d0a6dc3a2edc508ff43fde9f3e6f6de80840845a27a9b7ff001d69f7681dbfc4380
7991ed799b4f37f92499bc2d6548745ef491f5d8f479b8b35e4287d1c00e2a741ac590b59d3db671e070ac87acc9c7ec4098553db4653c66c7431b47
5bf963f586c3f622abf6f12e8c90ac7ac8c67cbc35e0049ed1eed3656127cbc2d6431f218f37615cd255cdf0b91e5b3e0f2d9feea7fd3210c9e3d42f
5a933db47c64523c96546469af87f4ef6305f740c145fb17cbe7f1968ed443f590a3e5b51a40c2f77ae853e2b51ac055e27ac8de7cadea509da41eb2
375f9b3e7046d5df21f4320abb4022f85a3d20dead1eda975e2b02c433d4430beaf58a4775b76a45f0fabb08e96baf431fe4af15e30ba93fb4a25e4b
3d4221ae4302f75aec71145899c13f7ba64dae6b45bde63a0e08ebcf0f4fa3f845ada8d75a0377b4aaa7ff33b73fb255f3fc593de0e6569565f059f0
3f319ba8798d2abbd56ffe99ab1f97833ee73e9b4ab8c3510f09fe67667f147c89f867c1ff6813c9bff079074776c6aa2de1b3a584eb63f5d4ac7fb6
9470b0594fa37e71c8fda94f8fcf96128ac1d4d36f6e15f3415659c262395071f15a38cb87aea1db68d958783804bf8641c34f536d2c5e09af8cb15c
0c596403444e11a1da588c556404c4eed0fe594c1e5c5912207b611834b0dd64ef318c8114fde2f24020657417666f184efd75fe346c8a593640bb9a
8869935195c33ecc28a4915461f4ec15c335dfa6096d46319066f8134c463591e6a25e8c82648cc77269e36ce007fb105c0d637ac74f70379c1f744c
7693bd303cf1b461cd01e2772acf5f16afdcb3018e849e5e7f4fe78c89abba49b47821bff28c655b404373808b44f5fafd0457c313f029f8360cd245
a8f8049f64ade49eca3a64a38044086e863be449946318ce1fac7ef831fae261fd60f807a111610664c7639ea4dc059b32966e33ba8c263b34b5ba0f
908d9cda5e857ac890531e1fada1cb00d9008f4ebdc932e59c0786a02c878666e3c3c37c93cb628a10d17a692d5e1653048cb2dc6c76bad17c937109
9d46b1402f0e435529b29193329ad0d3287eefd2ef79ed230bc28643b07f3067a70ea36114af5234bae91fccfdaa865193c869a897a45121078b11ae
957ea9ec894b17b924012b43a3864fb25eddf0309cfc882674194dfe4bce554b291b9024adc362d185abb249fa15b0b018585b2f2dc36219c5b96993
5e2ae1df4b616d3f72b4981b054eba53b352ac25904595013cd96946f17ec334c230044cfc2f165db840f3e6fa7fda3ecbd9ce7703bbcfa5e9916334
1b188f7e7875a3f9a2da4e8a157081bab9c2f06d180ee18b93532dd9383d6692f0ec54a3c9d922bd522dd9a8f7cd4bf1cbe1c88b99d8f7c3a67c1bfe
00eb690b3cc23e78817e393fc6627e8c76fd8436a3c9f0a2ddb55ab291e5e9623da6ecbd86f18387de654a7522e5d386abe0cb7001118ddada09fed9
fd7417ec979974a7eb6596e40421d37b8f313c0ce7c45c46a7510e3b047bd8b9982ede6958a3796290c2a369a9b77119c50f5e97e061387f507b5db3
0581b8d1a6313733b591a9d20bcd4c45dedb0d8bb2553b9cab951785b3370d83d7554fdb5480bbb416ed0f6d55c3f849edf2cd9a198ed1cacbc06b74
bf397c9c95296396a3c617c3c42bcb3164ef369cebba1a7d8d82b49470374710f2b361fda2f52a5c9fb5686177db54882f6782f8ddb16e80afb39610
0def5ff075b656844ea30b9bbc693c865fc07a45b30f9ecf0d8b88c5099ecfd68650bf22b85725eec3dc83b373c35570319c0b4c3c1db6a8e0ebac55
2a647845237b57a569bc5c2260317b4aeba6fc1ac538a44286598d60fb6a1b7878a123d6bec9fc1ae6293c9fb54a0d0f2f4694cad97011dc0dc32af3
cb580fc3215a6d35ca21ba585d7e3f2d22b6167007b7d662d86f43ae6a230cdb5f88cdaa551b617839228fd865b3312caa8864ae36c0c2a21a3c931b
26a2cd0d7ed0cb6663d806801f749b6b7a3aa661d0963484d729520a54de405eae7e900d1011abc2c20a4f67d38e15e614ae01d7eaf179f381f3b269
4b0af32f28abb25cc26b1a51381bd6f06c6d456e438cfccb8e074d6607073d2dc29322aca7a74518f1db4deb6edaae4278cfc593e6ecdd86499aaf38
bdfbe0e66093d531cd6a4400d5f6d30f5a2dc0035a6d494c9b5b7085f6df21f4310a4bf527d23630e020ed2661c146e877ff7b76188509ac153dad43
707bb16b135462d3c5d43bb5699d4fab1054efad3615a635301daeb615962d3644866f11eb8287e1c85ff4c3d3286868ef5936d910f654594f217b92
6a443df5f31f120de4b397ff28d793bf679627827eda267378d9d0839fb64bc32c4f04fcb45d06c69a121edc21ef5230cb2a0391e8b569775b36dd10
81d5a54896bf3a1088d5b56f2e1b618892ec5223b745181983baf6f4dbeca62b962517d6b8ad2e1050599b74ce6d2d4cef6a93ceb92dc270b3322f7a
762ea3f97efaeabe2daaf0bd566f61b775082ea86ed8945fc3f841ed61b77508e2346bd367f76d198603b7367d9bdd1662ba735bd7abdb80ba190720
71bd6d40216f79e585e3356e6b919be2aaedfbb6bec07dd7daa4731e331b858fabd5d9e38d09d7e86b97303dde811e704a2ff9f8f300fed72eadfac4
1f89140429d5c76b9ace58afc8c72206676c97aa7dbc4e514db9eb051fbf37bdab0cdec95e35dc006b1866073da25d5fb6afdf1b170aba98f47a4f82
67b4cbc4796dbac3315abd2c5eefd288c9ab5d6bfaf5827bb1e0bad6f46b1b910ed17e99c86d18736b2266133ca35dfbc6ebad1ee1b6b5cb567dade4
e80fed5a1aaf0d255c2dae5d4be3b596a3e3b3cbfc7c6d28c1f1795d1e9ff7f497ec93b87f661fae27574bc2e76d060541bbb699cf96123ca0d7554c
230c4fd0188297e194266d339f99fd91d95a1a9f0512392a87c4f4b3e82117d67589219fd9477f689711f679317ee4aac4ecb37ea3e7b3cb3ef9bcd1
c3f3795d524f9f15dcc7f01b71f5f34e8fdc97b56b4bffbc18e9fa647d94adec65290522312b331a2d67e85accd07531a675b92a4e36409bdbb4f373
65835143863fc1a903077d526147294be9ec0f5a9196920b3a4ac7a1f1697b0884686eb8119e2602be0eae3c57dbc90668d3128e9f945cc093ca80e1
ec2ca34fa21ab414002beb5406f12c96d76103942f51d6520ff8512b6382b367d2693f5d0cb6c99e5f067330b84e5dab67b1384f65e0ef0a7b55599b
e76292b1ec4dc3e008b7b0d0edf2c5eb8d0c725ea1e0f66c80343f6243819cd948c53528517168ffd98d91349ad0db28465d457afa07277e5094e574
616eb63aaae1d73068340d5a8a81572837ac5f946407aee65c8c6cce9e470dc91e66c8f2f8e02a9113ca1581b28119e307689c661f72a36e83f714fc
180657c73fdc35cb8725e16772ff62484cf60ec3f8e93f7819865470e37329a2dda02c6b659ee6241dafaca490bd303c016bfcd3e387d8f2ee6df6ba
e194fca287977900390cadcccb1ca3db34b4a82e2f7a784a2bb343652f0c838824ee92bf22708faab2e04bf66ec3b9d8aa68f8d5e9f40c49fee5d58d
c0cfca8bb58ba597d8e849433f6886d0e9197ac76bfa07b1baab282fbf2296316357b2370d8386497bbd22c673c35cafc53a938ed39072b4e334e038
bd8a26acc8ae6176c01a92717b4303d7b75817243bcd2848d32a09555b5c2c1f551909b2c24ed2ddb893c610aa5123c6b38604bf4cff602a49d65bca
4e37ba12d5ef69c709e47b1f5a7fc5eb0f219e3524d6f66bb2e4941754b166845ff3923f31ecd78c429672770afb35037e4d06b365e7329a43d6ef55
eded4c935819bbb242f7d5b29113aec555bd1411245a99ca6a3993e2629dabf6d35c554b29aa5e7925561d8c047c932ce5949dd368030951364391ae
e12a5a5b550653c051d998f22a7b8fe10f30c5a05a2fe21245fb6925daf718f03d36e6af5a61df63c0ddd87e5a72cdeb16cec7c65a07cb49217783ce
79ba2a77cf4fa7ee6f3fadd0e66d19b7d71b2f97ae6856fe28abc998bfec9c4641ba898677e5464e358dcf2c413067c80e685eb7b82eb81f26479a25
123e4bc60dae68de28e0b20c5af6d1bc572394b3317265f9defce245f99081d1ccd3469e6a6975af718470b69f1691bd9abc54bfe121f8360cd22154
72033f66c818e9de929127a3fd24d5dd8cee94484975f7624660e786353cf31f819b1b16111b3a9dc277fa69bd23f239b7836e8dddf3cbe40a6e87d8
d7bd72e1a96c8718654f65c037d90ebd8e7d9281ec52ed90d130bccdc2cdd80e9907c356ca204bf4b0650f7199edb80c87e1996f736920d67a48f7dc
0e6d1ac32c415c66686d0cefa2a8d7dd0e594bc3528632a961cae6135c92edd01a185e8d83ece3977d0cb36f904fda1dc2bb2842291baf8566af1b1e
f98b43e8348ae149ff86ad11045eb6434269d76304cc8da27d31ace3e07a6c8764552556b30161d0c668d76320c8b21dd2b56146c1f5d832a0e31f0c
a0f0e68bcbab8df11ecb09511713a25ecc58b25c552e2344f1d3218ec963c90c10170309b3678ee1f3b06836c27b35bc90ed94eeb1179215e82e1d71
c4f46c209b433ba538a6153dfc80ac6e949dd72848cb3e9f364766eab7c64b632becff0b78fc9aceb562fadde1ff0bbdccb4e181c8cac6eb61d96b86
3b603f1d86316abdfab43d8280cb76ea1d975f1d2ebf764a10973744c4585ea51d824504debba6b00c6791c80646d245db6b700568773f6dda41da45
b06943b614ae11f6e605127e5fc53f699143d065e3e5a7e57c13d9c0bc3713998631393cf589e5c5097f5f3b2581cb8b1341991bd64f9ab18bc22373
c0febf80ffcf06dded0f3078fc429f32b7151eee4db74b86cd6d330faebda6088cb8cd56f8eedaa59dfc36a3eed45aedd257e6ed0d1499e636ac9f34
4770c53ab47fde66085c77edba4ce38ff40b582f33a53beedc4943dbeaeda5870ce6ed920ceb0e6936f0831ab4c50f89ec18bbbc67dcbc7b78f2a9b5
fed8764376bb90383d661eea1aee87437018c6ab5493d60f3ee4a98c0fbb0403375683ce93786c3a2352b35d12f7c7fb2a7c821b160def1648ff115d
e330ffe12a6c978ce4c7060c4235db252dfd58f92191675300453c3655e0428ca137f74a47bc64bbfee0db702a2209f563a3041ec476c94a7e6d94bc
3a64fe09be0c27abffd06a14ac9641f19ad52f592d1dfcda8241e5b1f87b5842037f63c8f850fc6536b09cf52aaf27007e475bdaaff9ff7201c865f4
7a01bcd8c499993c7bfe41a496fc49b9bfd6c0f042eea70d0fc381a7f52ed6c04c50f59365f97a778773b2293c215e2f8117f7c37f5ab8afe70b3ecb
566405bd562088cfdc7013ec9f84c34747d2f17ac5c095d98a56bf5d990157662b32a53e1b0388cb6cbc15b17bdede1198d91444109f350b7c8cadc8
68faac6b918cb179d7fc6cf07ce4c969f8358c9fd467f2e7ddea43ee839fbeed3f2b55b8169b7794cf320c1fe37e1a2371a2996c1c804370378c49a3
276df7a661d0e6d273f6996c404eb8f4a69d88cc36d3186fbe9872860dd2d648b45b4d781355dd2d7baf6028e132447b9a366ea1fc5318f462561b36
204645afa53d8e054c9b4218a6433a270aeb35c9cbb44b72b22a382f1664cf4ce02c0d717279a0d8fa4a68fccb23a14017316199efc8b3c36b08d933
df39a7dc28a7ee8b6723692b1262aa4c78361ae05370379c47fc95eb731ed23513319f4d0112f390a26015d7a65088693fe33c384b3463e6e15982fb
b129e8c1b9ddb391e2afa007667a6703924b819e0e186581d8a6a887e9c8d089c8d05625b98e0c9d07174bd3cb2ff304fcae9761bf4e72f862bab4ec
0dc3e077d3cb9bdf70626e221a89340553d26f982fef40d20927e68687e06138f09397e065f8066c22e2201242b72a81d0a5f6c5acf64d4112bb1786
c1134d839d9793cecb7a6824d2e313eecac614eed9331148ace243e7690e9ee4a096ad633ee7c997e78e3e1dc6c93cfb07d35d67af190607b5a42ebf
e54561e301d6bcac2910a4d9149d301d9bc9744f8d29cbd7d44df3c5644ead49622f6d34f3e2463344441618533c35051e3ac353365ec064ece5e50a
27e48645dbcb152ec90d37c1fe498a8f34846e9b6723df921573b67d6d9ec025d914ebe7dc518bb9a39ac2f7a6833967a19c48061dcdc972034d617d
4e34b59868eab268eabe7936301289a6633127bc8fad4985152fc042c64a061d8cc9da048db9bf9673552de6aada76df21f8328c91148ddb0b10aec6
d62483763532b1d5211fc92ce660210719e73cab571ad2f16cb80aae86415b82ac2be78b75919b82ab66f5fe83984795455cae969c0d1061e4f1ac5e
3b08856c3a369f8e809c95ac927c57cb201c8b2a95983dbd0eee93b7461b6d564b55c52620dfceac661522205b975aaf5e80087a6c3a7b9ff6374efa
1bbb564333abe86f64928cec15c3fcc92a380c4fc043b05ebe21e9382f2c65ef340cda5a3bf64e32cbd8863512eb2ac43d6e983cb17772c23b795929
35efc570383645a0384159361e8cc4f06b182f2f3bc5319313a5419b8ee0a7632627bc8c4d47f02c5fcd066953be1d33a972d5bc239cbdd3305ebe18
1e8631f3a2eda0492544931f6c3a3a9255355ad792ea16cd4ed1d4baec56ebb82f7e1c5a97dd32c84a3dacff98bd300c39a9ff724a36bbad1a5c2057
71c8ec79fc905c26cec85e31cc9fd6f86dbeb0161073d4677d4d717290935a9fc39c1ce4a456f3f06a460065eb7f4f87614cb56ccf613b659093fc48
740def6c60aab59a8757f3e0d2a25f6d0eebf1013d7e68131bebefe95cfb3a1c9f8e509c7017369d82cfb0040425807e9519d6e3acf6cd2a94bb2727
eb444c621ba761d346fe5339fe5cad241bf8499946e1b7440463d339f80ccb0b4b231d4323f1cbe36277638e8be5b2e38b154fdad08e12b69583d215
86bb61bca5ecd9b09ce00e77d3a9b9aba06403332ff51e3631e86364428bec55c30d7008f64f22e72c2b0164cf6f09c5a773d3691fe3a48f51374858
239d8d7c1d5e58cbde349c72a233cf39bd6c11eab861d1b69d323969f475cce94943f6dacbc68e631d27dd9a436bc76ecd09b7e67e9a2feff845167a
b9aa186b0726abb1ab4867f6966164f0a2cb74f71ec390d866f8138ca4faba52371dc138e9d8d4c1e29c5e0dac34786a8fb0077322c2b1e9c0712e5b
358bab41fc5e5eaef4770eed9bf6774efa3b754765dadfc9848afb69fda4ad1a383e2f5d52990e529c707c1ea73e2b9677f045f99615b92cdff4770e
89cf32bfe9d8d419fd74f8e2c46df20d6b2496587a3043c6bc3d98cce7b8613ffd1ace91840cc0db7b3282161b735d2f277f5c4cf2d874e032952337
1b0fde92acbabdf9221071efc055f0340c22b2c6ecc39c08446c72a24fc71f4efa30594469391de46ef02d25df76404e9650946f7dde5e8070351ea7
7ef2f15bc2bbd842b6db63cb832925e55c67791e346062c88b3e1fbf25bd8af263cec74b0a8ec4268fe57cac07e93f0c597a8fbf33e11b3ce4739f8f
4d0c5cd36e72fe4d4715b2e4cf8629278f6d89873cd1278bc30a77034464d2d95538e12abc9a44d3618513dec10d17c1a761c42c4b065faf06b8f636
cc9138b0702282b0cb09361d2a38192ae8ef87d79fe4b82ddde54cdabd661844246cafc51e4183fd6722d627b816dd7598bd7bd3300628456d97d96e
a4b63f35699fe51b017fddbe0e7bd22622fbba7d1d9f5ffe4b1ddc75c63d3fef97f0b46dda5570333cf074116cda01dab2661c00381100d83393e13f
98469f17cb474ecaaa717ce08413afdb77e088bfdd008325a29f95ea47a53a0c7ba00875d659f57420e06e8009341a9c727131c962d727eefac9f258
f4d631e7dc62024636a04028b9eba7a5b59013baeba375a9804b36069e6e82c33004c3b4c3b46192b238ebee89550bb7a4fbcf3fa985c8b48c878e63
d64fb6c482a7edd03dd9f593d1b0580246575f9d787131f1e2a6ad712f138175a0c31b6792cd06a69a5a7f398c6fa19ecca10badeb9075b0e03b53ed
d5e5cc8bd948e9d2e7dc7274df42cd990d9bf66df8019126f835fce1ae0179a20a078be91b377c09ae8641fb109130ed206dfda43ee499b0b1ebb368
f98ef5e21d6b66dfce5e18c6482ebdfcf248c058a67b58cbbeb185d8bdfd352722cbaf03c61e5cb6ceeb980dbc0e97ed52d1f36c80b1fc1273bec76c
4c3c5d052fc3379ee6cb3b548fc5d23a133b2c564c6383b44370379cdfb2baa4eb8c8f8b191f0f1d812d5f9d5e2739d83412731077a88fcbaf630e9e
e420bf4d98ea910dd0a6b9e81a6b8b691e0f1d8db9c4da629ac7fd3dac9f34bfe169bbe4f3588e0364fac7fdb47ff2360c81a8865fc318203f87968a
606623d7e541236d396a90b923377c090ec3f84946bfecde6d183fd94c448c85174f7579b3d70c8336bf1f9c53321ba04d33775db253986ab233f9c4
5a0e3264bec87e68cddbd5b7e0eabb7421625ddac19916ba9f523376de317fe4a103c375594320b0b02b11810bcb2da68a3c7460b88ae5bb40becfc3
70318c2916bf8b3504bc7817b3adae55ac7ae1bceba7d44cf19a47646167cedcb58a0519b7af2f79a496e30c177c7afb69d19e1e20fc297254398764
3630405ad6cbf7ae17420abbae2e2fdf956642ecae708955ac21106ad84fa902bbfa9864f2d2dd91e510c405e75d97a5e75cdad9e8b85ad4040fc3d8
0424275566c04241a67e72775d0e155cf0e97505462cfbf498387213f1d31208dc4ceebaa7e88491d90011edaed58bbb92273c6a7225c0c564905d11
10cb578f57e55bea271de7c7bc8f87024c97e3fc16eab876ef97cd1b0cfd6e3a33ddbddbf083a7058769076977c197e10a380437c3c89ce891587c10
357828f6d1792017f3401e7994fadfa691f3446603b7ba3c222f5b041b766fec8e316466c87e69276cfab66242c8ce9cad6bd95bc71490fd3afdf434
0c225a2c2aac938d173005c3debadd20912178184e05220fa6933b66e3015c04eb2d3b96ad823856f7fed3c9773a659cf471b1e263f7fed3cd770411
f6abf8698d1b491f372cda3ab5d80d30565b4737ab3a59c543afe520c1dd807435bd8e351c8204bbc22a9cc8311b10233a3697830417ee2477a6dacc
de6d1882a13dd957945998b25bf1f98af2c215e57e4967f98af21a64d5e5a7bb6188a83868e7dd1a64d5d0b82da283222ac60e6f06b8acacbadbcbb9
1cb381d7093ffd18c6b8433f690d37286cb27eed185c700c5e5d16936f34336d632f7412386de362a6c6eef519de237087f96009b0c52c8e6c74dc7d
3c0487e109f812bc0ca76954646238da70c171d815eab0c2fca61bb1c8be0af39be52d8a8c86306383396065a485771478080fa51858e1558c68c4ae
f8d565c7e062890c651e588e326472c7ae740ecb8e4166773c98142f7b97618c5b1bbb3d80cceed82db1f6003291e3a1008335bdd120aeb05b62a755
305c7d9d49209733352e666a3c8a368369c64eea5a6d06bed6bc7063b92b68724def3f2c4fa508022776cc067eb29a88649057958b16f7f4fe832255
dd1cb4976ec14bd795a46139fc704dcaa016a0bd744ccfd88bf6e4e5ad63e975f4b45f077eb7ae5081e538436673ec8a09604a4736f096e1a7a7e10f
4feb276d79c0d376286881c91bd958b8c67b097e0d83883ee31c39c8748ebdea7bcdf78617aa4d6f1bad0af6b8b13754d957cbb632d2395e2cd2b241
ef0d48d0d895e06bddde1b7059f8304f6e9b74f0d2f57a99c863f8051c82253eb85a7ce992a5d33866033f2915765b7c50cee5a8d227b73fb2e1c5db
b07ed21f7db83cdc6b1511af4b78e97ad547dfedb57353854915dcde4671efb757ad34070a3277e3a13889f59855f0e9751dfeb3162e1bbc211d82c3
30686b13782c83c8deb86917c1cd702e6e652c58be3dccec8d576f861fc3a02db3ebb1c581e8c00d6b803ac4600ec5ae9405cb977f1762f8baaeee2f
7be998bcb0377d4dfbe62ef30ef6bcd1fe0fa6d1eb9f465ac23dfe26b8194e31d2f5f165471bebfdf6e6a7ad26713bf7a81ea8cd00fadf744f7cd9ff
b63ee6b7fe834fc3259fd69781afdf2efadf6cbd7fd68770c41d5e439ff77bc4bd6dd2822dd0b87fdb75b2bd7cff762100ee50a612e729cc067e522a
e1f3fef351ce7930b57c2f979909bb4eb677cf44a03dfbcf4f87e117b05ede1cc495dadee1a1bf9d4df066d9e3ce83e3db558f778397d32f3dcd91dc
4cc0d779dbf97602be9b09f83a6ff1de4ec077b35471e72ded7bc8c7743313dfc5fbc4f738fc93b81cda79e7f71eba149a8d7c4be6cbcfde349c23e1
9164f61ec32f6011e1aab89974aff362eecdcc7b6c40dd5c1a0955f06e60ffe16962f63c40bce510ab4ebf25ee57761ebfed5e18e622c717e4ed9478
d900ed3a0457c3a94046f3d36118b4c5ef739af624ed22b819ced82e5ecfbf9dfd2e1b6948f1325df66ec310b6a291f0886c37502891496a6e963966
e304914bf065b8e1690d90ba361bb067b1cbde432e9c9b09f22e0b845c383733e41dcc1e783b315e36f09635049f86213e7109ae86319276081e8631
c5cd4f3f8621277d08d6cb2375de7e5a2389c330c467fc049b3677ab262254d8374b3a1fb5fb694915c2b636113d4df5980d680831f6f25cd2e133fc
96330c632ea30af6eb506283822c874f3648dbf06d38bfaa434baa98df85fc1ea7e0d3f085a787e06a380718c74f7018fe0073dcc51c447c56e7b5dc
db55ab6f66d0eb3c08cc9e06085fce51c5aae2558cb0adce5b53f79067271b194559c5aa620e2288eba86255997fb4313b6255b1d8176e3041612bcb
2f0fc686f46059c370ce3c93fadc4e8f77333dde7eda441ec3296c3c92bc87fc403753df751e49dea35a62e9076ae2b76e8c6623c7ddc4ef6a8945ee
bbce32bdb773deddcc797734e9c16a7d8220afce3bc2d97b0c6380b50b366da41f67c9efdb49ef6ea6b9eba175592dc84873b77f52e39edd305e4733
af2ba6d9809c685dd62519c4a5d2833903b3570d83555a528a04bb99deae87d64eb320d3f5c4cc43b7f3db65a3e0758ae0661893360ec1b7e1fca66a
12b6664146ec570f89a65c4f37d3e1eda7ffc16b740f55a1ccc6c0883450cf52e3aa08ffb44704bdd2b45b35abf746066bff6966307d4cbce190bdc7
f09709417ea26df50e1fd3f849a09be5bcb12ec629deac65f806eca75fc3a02d79e99e0e048a8d9f544237dfe191da70171c8627e010ac71c3f5347e
1a49370759bebd55c3d33046728a88cd17f898c64fab5985456ed674dfb046625ddbc92aade66e11ed1451ed56dd3b2123c19a36f6befc96c9b3f12b
a26d15dcb1e535ed56dd1cece46025ab86350522c5c64fcb765805c351357e5ab6c3924b471583436fe6ca6303a960b4b70d6f6270361d4d4b6b9883
881b1bbf7e087e0cbf8035406b0adc6b3d9a61f37b90df5d2331bf07f9ad6d695890e9bf6a7edaa2893a2347d3e63bccd84189d56e35ac12c682f88c
22781986c46a2e8735f320bf07791296d8a0c4ca7c91ffea660ebe6b488feb5aeccd647be327c3356c00e2c6eb1eb7e1d370d23eb400c3062022dc06
13f9672f0c7f8045c45b1e82d3f648bae0663827ed90511cdef270a5f568d2276133171ea971486187f98de0b47148618755309c4d1b166d0b725090
f5f2d346039c4de390ad3cbdb74dee6d524ad31c84476af04a75f61ec32f603d6d150cd7d356e33fc17a1d5409d930276d7a5b425cd9c12c79d96b86
41a41a0ec3137017bc0c3f20a2919883736183d4729d36bb58c4b36b1aa6ad03dc93bd86699b83b830bb3f4df8f4b20cb2e07ad727cb326351b0641c
5adccbaa00c16783e7b1f75856a67082edfd85ac5a164d38c12e7f562c5b63b8303b78669abddb305e5e72b22c83746b7569e4650e2e7270f8e96518
4464e92d9b5df06f6d58e3f6be832bb00753eadd4c83c7c60d5844bc8a116e360e597ab7b526fc5bd7900abb6d06dc64950cc0dba2496f5797b0dd56
a60c3eeb12b6db6617dc5ae3d47e79db0cc04ddaa36b2fbecd5878bbc62983fbf6e246ccda86f593d6b1706b8d5396de6d41bec96fadf9db5a13d76d
8f2eb1bfbdfd23946d13116d6f5e37f9adfdf2b6998b78b7716a43bfbde6e1491ba73e846f7fdde1e6ede5cfa1dbaa179eb4716a2e1f0b323c6957a6
5cf907d3e8b175804bb6dbc268821fc3f80d31f8b14a4094dce0496bf6aa6110d127ee6306e35eed38b5f61fef56286d324ed9b58f19fc90c1b508fe
2302066b3b7d6c06c0d1365830207b264281366daf7d44c91d5d66c06333e02127b513bee62482e736dc0517c3108c560437c3188966e9b54a78615f
9dda375f33f62507b55bbdb6af704df6f2f7e66beb003177836507b2f71ac6b8fdb419fb52a0b5e25e9b017005a6af43b07f12313ba10df2b55e8163
70f0e078f72cd0700c5ea17df3f534e0c2ec15da375f1b0d2f36319ec7de4ee2773389dfb8e41bfbac40e0181c972cd4cf2a018ec18bb960b2279500
57e015a2fd79bf474992719d8687e13c2562a5cbec3d8653aa2e89fd67fbea837dd5e5aef8ac82e1011c97ac9acf12fb5162f545f379b7822b7030f0
277b1e20d6fe2505f27913fbb88949203e7310517de39202f9bcf611c7372eed849f35f347c672a5859d8eccdcb7e121b8184efb8a41c4b713f6dd4c
d137787abb7b626c207c6f30e35cf6aae1942a06b9dcccdfc706a48abb5528aa6f375246072fcbdf4ecd7733edde60f6ffdbe9f6b28191d02e0c5d6d
cd068884682f13a1b0d12fc12c7b6c60cd739184eeb0662319cb3be6b713e8656301ee821fc32fe010fc09c6698b3c24a110bb9b39f3064f586f26ce
6323f0f429586f89eba9a39c22a2fd27703df5603dd3db39f4b201da38d7bc432176d9988087608f1bc2563cc065da2c7bcee51aba7e7a3359dee069
f9ed6479d90011ba3f43054bb2d10037c1dd30669e3b7828f2ee665abcc13c2ebba7ad9af9ef46a922629ec0113b7804bc7b728504aa908c22d13cb5
2e03e593f74f8a88a50a954706338b644f9376528515bde5f25b62a5f150f7763abc6c80c8d0eb68a50502df4691c42adeed663abc0d17c1c330665e
eb52b7527723f03a92d8cb3cb9283eb4dae3f2da4128dba81208bb3f9945ef0ab14a816d3713e30d9e2666af18c69a17077559351bc9ef2a89bda4ed
03d7530f394c9c282f1ba0fd0757c30d7008f600c12a1eecdc61f72733e61d726a842eab6663e1e921f8358c01d2140dfb39993f6f304ffc1dc54a09
7ece5125c8ba7e7a33b1dd4817fc7f9b46fbe1e1bf4af53eb4865413241b3760bd96571cea228faaa9b6639309f1066f1dde61c72633e21dbcbe7433
2d1e1b0f603e6d0f66e01aeaa8fc18896a3d8efba887be939d0a2f1bf8c96622c3f087a7c977d5f2b899146fb03c4ff62ec3a05d45dbea9d716fbc90
94bd69383fb99839e576e6bc6cbc785a2399fe491cabe810c6b9f3b28139edfa49af6644d10d39eea35af1554a6e174f2cb9746c0ec9b9ea2a6703af
2395a09bafd9c82c85acf3933dd34e2570c51fecd7e1ec8855cdb3d3383bfc1273a6bd6c60dcf40644f33434ca394dbab01b341081b7f7a622583a8b
1178cc579abd6e38dd71fa32705ebe6c90b606689580e8b9cd6e32b659a9a2b8f29073ddb9f6b28191f0742b9af76404cd8d264dd1bca334327674c1
7e4b44ca0cede07651065d94f25def5e319c461a9329664f3f895479878c4be7cacb06889c86abe1065844ac3de9a26cd22bdd32884bad878e55a27b
47e115572641cd5e339c72d2a46eecb90c44cf6d3d6df836fc82083968172533eb1d3a9b7166bd6ce4a435ad4b7b2e9970ef0869cf610e32962ef496
c35bf520638be16a78e0e921781ae64f1a7e0c434e7824c9647d68e0b02e2e0e70580523a86e30b57df686e1c0d355f032fc00ee825fc3981da98261
d1a443b3696f1bdec4e0d03c6c620c6b649409d930056278cd2327df117e1defe008aa2b3f597af6454690b13248c28ca58bb2c9700d331641751b2e
82c3f0035844ac63e9a20c7e7e4658c732684e6733113603828c1d86a7614c9ad66558c706192b6d1f662c1d9a4deb32cc5854551e4debd27ece809f
b3e84421c2aa977ece1686fd93d0103a258ab07dc510bb30abbc0322a82e0f5d040fc39013e9efb0d945f7a7dc88119e3444de8dae49d325db6c24ed
ae556cf767d0fde9ed68ea682f1879a713a898563370780e790063ea682f26674726ddf4ecd02b2a775c4cab1984e08d2eabc6ced2a0b394d905b267
da5433da32a6adb1c9bcbb5a69d3a605aed50e0589c4f45637c96fed24d3fc4654df90832da68d3464171c72b031c5201b1344fe21d6e876cec16c60
44d259f6a5069ca69b58089e86f15a5237cb5b1e2ee39e3f4df5f274d097dab56c97b53e2207cb4ffa7059eb2f4e47d5483c1d74b176ad66bb589993
f0fce9734ef59f772397c769f15f364816274fca6979f2e090dd23d1b8bd4720e0702866c7890b6f262edcb48b60f38453dd0c3f8621e7b25396bf7c
51a964747d83db7dcb0c86e7ef306c0e7276a4856eab32786647d7aab8bdf9e25af069c6deb622e9be9573236e6b3884278e2ee5643f6de0b6709e39
12f61a829ff6fc9d86bb618c5bdbd26d0d7773d2a46e6e4f1a1cb6e5a755717b69a1d2c9507c0a7327b281b9bc44c4734967afbd01b7351c0aa00c56
3ab89952910dd216abbce2e0d53d75aee9c488371323169d6bc66d55867bcb7be3d65b7a63c72de6f3a785f8d88a44e8e35010803326decc9878feb4
b73dde7fe0bf2d3a338dc78a0f11919bc825f836fc810847626f2e93239e3fede08fa781de5c7ffcd99b1b28a83286bef21eef28b8f33c74741df6e6
321fe2f9d36a78bc55c3ad7bfe24f68f8d4bb87537110dd0c6252e3fefa735121b52f4fd0e7d133e36a4904c71c34db07f92fcd66ef59ab12fc55e3b
f86b2f06dcb6a7ce4c9d09311b20a2d5f07a63c755e953a7a04e7a980d30569bef6b1b886e5b45b0c56b897d29b112fbd77b32dcb61bbe0487e19533
5f4dc403246325c8af194b6fee90cfe3f51e01ff6dd14137931db28199376d4b2c32179e87be1f3e6b7bf86f4f9d99327d211b981d69cdcfa289722b
fbe926781ac64fead3f6b368d29b3ba4f03eaf797864f7c706dff2f32aa67f7648297d66158a478f21a5f459c7d211ab00b1f8bc5ce943556c971316
66e3cc711f86bbe19530c57eda873ae943653687dd0b13819c301f76f62ec30df0106cdaa8b8a16f93a9f2d03713169ecc0f743b616136f0935cf34e
58988d13b046225631abe086f53ad3b427696b80cb034cc918718a88141eb3069e3a1976d6c09b5903f7d321f8319c8a23a891a72a99dccc1a38f459
c164816c907615bc0c63803c959b76c44e3862873e2b9c4c301b2910fa509887ac02e6181cac0a714f07b3324fe008ffe4f400b9cfffd3811a9306b2
81e9a087641eda3a262e3f9fcc9d743b7be0cdec81fbc35703d542641ac121df1eb303b201da5c2cd391b14c0c78b26a7df6aae10e38040fc3b92a64
a63b4d6036c0e066f8358c9fecfa495963cc1e58a4e1a6bdba4c0cb89fa6409fd34f638f8821226615fdb48abf9aaa5a920dc84b6824fabc9808982d
d287d301b393ee5be6c5b89d3d301b334b0350674d87c0ce93aaac9b88df32191b0acb72aec16c5c80abe062b88288e166b8e3e9101c8631126eecd3
91b113e5a143d15abb67da41da22a23d79e2ba72282c6baa10743630f34344cc6ff880f7d35d7035dc008bb60e0299d0b03073c13d1d023be11a0e19
52d3ae61662e2cda0ce6b5fcf2e4b7569c4360e7457e4b4e2ef3fb22bfb5e25443251b27e02eb818869a949c380496990b83893b6ea62f64033f2939
299658c4c286b63c272ccc0688680116ab8492da3564be30ab211ac9f87248333b6096790c4356cdb40399090d8bc28466d19ecccc85f1d3022ce620
3cc5f1d3da2916e442c60efda45501121a1605154d87c0328f61285a6b560b72a5206b01da81cc8486452148b37a6f43646c5108d2acdaaa271cc859
bf8bb0f7363890cff367f8348c9fa46f6caac64a36300d3ce3980e989d88858dc3442cdff0146fda457033bcf07408be0d3f78ba0b7e0d83b676c26a
c501df7078637708ec4485e7304f9a3e9e266e50c7a1b5636f2e131a9ea7567133abe0e40d26e7bb9dde301b2f60fe64334fe0d60d6fa72d4c3b487b
08960ca29e4a78836ce609bcb971683534af62d65361998a7b3a3c7536bebc5683bdb9cc5c586c06346fec08388d43f26d6f2e13169e8a6671c2c29b
090b43c150b37b3b42406a1c12fb6e61c315e9f39469d4bd1d75b24a3ab65bd83a854dd3d06d48214e750fe4101c862760d1b62185bbd01b26631db5
ba1bf9a9c5f452f774d4ea841338cf8f059b36193bc413cb60a70c6a76ba372f5ca8de3067dec1ac13bee15010d7ecb6afe01b3e4f190bddd3d0299a
da18bbd73ca25ae3d00ee86056a6358c430b705862072556333fcc6f388137dc056bed0cac622fc0e17d1ebedfc8d0a97f308d1cd43ae1d50da6b4c8
de349cb5312c46c3cb1617a7c382e130d509f76e9cb29987972d224cc31260af2eb32286e29866788f08bead0ca9f0db22c2745bbb1ca04aa9dc4c9d
18a7ec2b87923259e28687e06e38b7532f2d47983275629cda68ecbe65b2c453714ccc988806155fd7eb58441181ba895c82a761bc65d348bcc81181
1aa716a2034f99e7304e2d443b64271cb2c5066078a3096e345afbe11d3cc86f6d4b8e4765fac33865904c9b46f0d3c6a9fd677a0747606a9cb20eec
a79db82abd7f3204eb7526657108b6c5043f6d39c4aae98d1d655b42c150737a4741fd9662bd32cd58f869e3920138bdf611bdba613fed7143342f7a
76a61db273d23492ed36bdb1231e3514de341d8f3ae14cdd53cca797972d225083e926b27719867292165ad69e70adeea7bbe0db30684b392d0b327c
a8a7f9bdcc4104a6ee0f313f3d0c435368bf5f662c5cab715d26f2187e01eb756c1a2d72504ad55e51a63f2cb60b97d73cee5b8762a4e63207e1fe0c
8537cd65d368c134baa4b31cbd3a17255606a0a3579923312e7d0eddd610f073c625b1b79f73c2b3190a6f7232c46c60807440ccdbaae0260735970e
3c9d7051069353ec9e65902eca4bc6ce2d87cf8453b22860763af074a2a24b5ce1a76fc30f885c825fc3f8496d068e30650ec50d0fc12692cc292783
45e6e3558c822ca160a869efe28477f1bcfee0c770ce7c915a7fbc273fd8238ac4feb1542187e279e973e8b117033914a348ec1f5b3588150dc531cd
c70bf049cd1745ae107b177723675e11bdd321a4cca81845f26def22532b9653e6b9434827fc897b804df0349c8c2dda495eb30afec45078d37c6dec
203a348aac317b177763e027bbe0300cda32d2ec5d6422c6fd74082e86316e7d0bdae938e1668ca20dc6b1a2134ec75030d47cbd2e11341a455b869d
8e13b7c98b2291a74348279c8e51b41aec7464dac6a248e469efe2449594285a0daf3908ef62146d02afd7e54bc64a153828747e944189bddd88136e
c4726a2e3fefdc288792a531099b55b8167e5e322d3eb30adec5a852eb9f972b6245a34abe3fb96d27ae8d179b8b0e216596c6fdb47ed23288e22991
7925fec134fabc75a09a73b19de2985126798ceaf17b35233834aa66c9c1a1131ecc5008d5b20773a1e4caa6dd0457c30d7008ee86739674577bd9b1
c9dc8ee7f547fb358c9fe4b8972ab1dcccfd18ba38bdecef64eec7f3a291b61c4aca248f513dc0f04fc234622abfdb291f6fa67c3c15baeb948f3753
3e86e2af964aaddc4cf978b29c78f6a661fc64152c7e33c963e872f3b2bf93491e4fe64ccade32fc0126ab7c1d9f291f43d79597fd9d4cf97832675f
f69a61fc24cd97a52a2937733f86a29e96e35199c43114f5b47ba64d39a785ba54ba391b18b7def23063e1f8cc3032c2b281d641811e7a9de99150a0
43035c1e37ab8171135b2a5972335be3863940bb2817aeeb872edb2ebb119943319800237bc330c6cd731fe657642327ad497c546d241b2f60b2ca31
a34cb4b861d19ea64d8110bf4f2ddb75723bed26f20946d92e5dfadcbd6218fce609ab132dde4cb4188ac259f64532b56228dc66399494a91343e136
cb4e47a64e0ce6d2cc5e318c9f1c7e3a0c4fc07e7a19266d72f032bfe974545ccdbabc001181bae122b81bc66e2556391e95a91383a943766f7a8093
031c829b614c5a176dd9298bdec5e6d7d1b709332a66449d600f105b87625f96bd8beba2f9426b6cf926fdc295f9d05db9a552ccd9c0ccd32e74eac4
9ba913a34b908b571a225083d52f76cf9a0dc9128339426e664c6483b435126dbe0b11a8d10ffda4751572249e8a41778ec46c80361d3eab78011618
3bfdd400a7070856f553035c7e1d4895128d38196236f0b4d47af52600775d282a6439fa73e17e7bd1f7dab2f36e21cc337445c7590fb3819f94d6f4
fdf555f9f2fc585d8ee764d6c3601586ecdd867301324de0ee5923e3467a74adcbeab7a4974eb10cab7a4955be3c0deee5084da63f0cddb158cd9b17
6e9587220856b332855fee2c9a06a537cc0688d0c4707ac39be90d63682e1d73b9e8a51b3fd1f622699c794d9a2f912fdc160f655971a2c29b890a37
ac917835a0a6710c09445328cf42f065393d406b1f3aef867ed2cebb05e75dd13d9fe5dbe24c4d180a7a5edddb3fee879fba66e04485d9006dedc5dd
8b047eb90deb698b0fea8b44c62bffb769b4ecad63e6c2a26ff0d5e5215908e02cfa185976e22dd4400e1d783bbd6136f0d3b20ebad71022354301ca
ab5b0b215273c3226233806eb9a21dc597c999f5307456edac87d900136833af613d8ed8cc53772d9c0c311bf849a9c961f53e381dda681ca9b9e896
1b127f5f265f88a60c9d6c2f1541ce467e6f16992fbe35bee88e1b5293be35be1064190ac675d6c39b590f4f7de838ebe1cdac8719fd29d8038440eb
72d91acb23c129a83e8b96ef982f5c1f0f9d9a3bebe1cdac87c14adef70aaf668464860ebc97433299b970c34df06d18e2c38fa8e5ebe14c51183ad9
5e613d0e77dd59aae16918b4a554c38b1cd196a123ec65e7dd82bbee2c32bb1c64c9cc85a1c8d8ac466c183fa93d396c90c07977eacacb0a5b1eb827
7e328f61f69a61d02e7e3a0c4fc0e2890d57f8f44ed64fcc9e5f87fcd6144f0b327d7a4a7db27bc530462289f51d73e6390cc5d12e3bef16a22dcb25
7ecf306df8f34bd74f7a76e8ead3b1f89a562008c20c1d8b2fc75e2ebafa74b765d9d5b726c55eb6c4f4344caae0e1a79b6170b0fb69d34e412ffeee
99dead2677ab61f8358c91c83c9fd62708c98c909de290cc45c760c806b26370c13158fc95e41be96b711ae8fe5cbe91bee00a8c083f1d86415b8b7b
791a10d29811c684bd2d2df2443ba1431a994371ab67ed34be7bbe10c598f8297c19875c497538a8915914f3710dc6b2bc28cbd21dcbfb18a31a75df
69d951b770dffcacb2bc1cd5b810d598c561abf06abc11efc2c3f8479c7cbc2d894899b8c90fc197e11c23f31366af192667f4ed775b7f30b2b14a37
395671c11198356945c62612c213133f857bf0c9d1c4f5b2163b3afdaa0c82db5f298c4bac9a26df36674ac64d45ebc581890bcec0c445c6eb1f17cb
b3442ee9383471c11d98f8257c184f5f8c3f8b1f7f7b3cd4b862cd635b018ec14d45c6d96373eb2187251c8f39fc88c3fa1c7dbcd811a6987808f7af
a6bd7032a7dfedf48dbb31f9ab5a1f8f251e618bfb7151b1043f2cf2a983e8f578e37ac86169fac71c7e28d98a815b8f57f643ce2bdacd7920b3f111
e7cffa0ef942fde58d6b625ff3eca5b01ee7bfe43b5aafed2f5468ce3f6bc22fe369d6cb8fee7c93d9e0af4bc9bdb6bc5e5a5eb28e7ccd7cbdd40a3a
c65eaf4d819742cb020eb7534dde4c3599b87ed65af11593b4dfbc36b35056b9c823bf7c799c3928f7e31a8ec310d74705a03827a79bcc06c9ebfbe3
b302f8c46b7d807c568d1fe5f3d0aab00f91a925cbf5074fc31c8e94fae75d07555c4e3bb33e33eda31c2a5467397491592613d768ac623f314de26f
47e1fa28885224be2ebe58ede5a7d3def5792fc10df1fd7811fc1a067556277bc68f2b3d1b27f14b7835be8857e1af71d2c187cbee72ffce46275e84
4fe3a4034d95ddc738e99ca2333d1e8a1afdd1d91dc62122301bb2b70ca7a7963e92ec79945ca5e7a5b7e2fe930de880a6419297d9e08f6287c86e18
87e66180c0e3ac9c0fb372264ef2f2033e4cc49978135e8cf36787e06998642a7970989707e592e7ccd9adc639ccf6131ec649a7693853af7588975d
f4a79fe7b265d182ecdec6213a5da337330f0a269d2ebbcb5d3b1b2433447e990c25709069ba5b9e0dbed508e1d53847197e7e1a27f928c21fe31c4e
70982ae1920dd111fd18c621397109d65b9d5c9e3cd2cd6e318eb91aa26e5e9ee4e525f93ecdcb9386110f8f9ea190c687793c1317794b20fd88bc23
fa38ad67366045c429d83c60ed5ad61c789cc0f36102cf9319181f27f0cc067ff43a8457e38df825bc1be7af0ec1cbf0cbc7453efcab30989a54c8c5
3d261b15b08847330c0575959ff0dbf883c7f54a9e8f8b424cdbe2198a6ccc46c69d96df29d8d429c357d1d82dc348dc79329963f63ec150a24d5a4b
d7db1fa5f1fc717fccee344eea5a6997173e2bb7fcb8533da3588b16caf0d5aaf0613c30f810ac772d5ce0971660f1022f1461abb3129a90c215c872
05bbbb3421456f35049f8641be4877ab6a4a361af12e7c1acfc8f626555cbc8e0b5fd6a3af163e78184fdec6cdde6518622051d5ddf48769363795c3
8fdfc63151a789bf86f9a3da2faa5777a5815334c86a9655ee2fc5a3b194554a9924be5a9a984af397e7c8ff695e3dcea9990dfecad5853fc65fe27a
8be5d1724329da38ea1ac6210f7eb9b50ca725dbfe9e362f340185d49b27a07199977a086fc6f9ab9266955e7e988733f12e5ca36f14c322296fe629
1ca089eb79efe58d4b9487c2bb3b3d1e18404d2bb799d78d1ab6683f518d966c90bcf6f236bbf10132863d7a0a7fd1a26816fe46e1af864d452c1615
f3b28997da65ba576e172fb53d74abcc2e9e6997e9165bb8454b915c756fd99d2bb76ac9756fcd9d82c3741bd9359949325db046d9b972ebc597ea36
507891fcc7ec17d935791a28f51ac21fe378db2add3b2c39836f5b65b80c1b287051168bebf0163c86c890fcf0db0e0a0e8dcc87f92fd9e0306b131e
c649a752908705076ecafdb35d70334ca6c95e1a66daa06e97921d66daa0805469d3e145c8f4963fdb33c31232a8dc5953e061024b36405ed21dde54
83abca164198394109f19e1d5e55acc6fcabb25b5447e561faca522a591f566c215e4ad0c2bc0cf152e64cd89c81bfb294eac7c584e062f32e1ce665
d06e6952e2e155c55a2abf26c10c1bd4b8f25d8a36b8b0a20b0a663b44dee60c9c93a5c8a00eeb3946163204257b6619c592b54b9f312d96933b8a14
c234e727a595e9869f31bd3627cd19ef1dd37a6e525c9bcc9f69bb852ec7263b75da4099dc3a9a16c9342b27a5b5c98a9ffe349962b156c3b43e9b14
d726753cbd0d4f2eda26f53acd1cd457395b187e0cbf7c9c6fbbfcb68bf267b95cb62de0f83b9be4667903452aca7c9cab6479cd2eca9999bccc8545
396b52afcb6b76893be2daf287db127786e89b3b4bdc19a26f7b9a8e461e9f3e6379475d5cb44d7a7759abe302f47e5c6f655ecaa1d8b41a964d9a45
93a6cb265d568c8b92d6b51c6e4b1a5d8a5de6e1ed9df3268fbbecc3dbda1ea557ce2edbe5b640d173d88f2ef8325c0087e06e7891b871138789d265
d1dc213dc158c12e83e6361f6ff2516be1f677312e306f58b4cd5eb913ffeff1c7f84bdccffb4793ff27d3823ecc65c906f9a215755b8471fff964ba
d0ec2dc378a3bd4bfd8371757b6b9613b2cb887abcfc1f2e7fe6fccc6e310e4efc3dde0c73aca5080fe3648596f3633d2def64977525efe4c31c97a5
488e1f1b3ff036eec7abf1d73847dfc8a2c7ebe1e12ed3f551fe789779c823bf9499203f619756786d9fbcf4cf74ed32afb582fc875dbbcc6b8945da
c9d32ffb7af3e1b5e52ed5f55a29c03d78fc8696cfeb4d06c929cf2ec7c46b1ec86d3864e5bcd609083d4c9cd2f69a07f21b0e6d3eaf85f6a5d06a0f
7bbd91b314cd6f685dbdde64705bf9ecd2a3af8d2279138716d06b452ab7e1900be9f3da97db70c834fc2c4f1fe5497bd867fdcaebcb5d7bd8e76dff
e3263364017e66a59c894362f9791fff684c0fd9569ff5abbc8943a6d8e70dfbe3ca1de2fd67e30797994f8645ec9e57e8472367c8b4faac183f8adf
90587e163fba075922e6899fd61af346eec7b9c984ea3e67034ce026b07bd330a97334f1d39a0a790707379f5074e013f20eb22ac8c394916ca49d50
0f91d79a8a1ff712e6987a9c3c723734b3dc349ce1311b789e8996b25b8d77e2a7f030fe11e7300fe975a6752c3c6cc95e338cb70daa3ba773cc06c9
14fdacc43e0e9ef1f0d6f1c3f48e6c904e119de5e15390a3eab5a465e3a0960d91911515f2bbb14cc4130ac4cb065621930e3dcce5c806c953c0e3f4
dc9e9c5b7a7f42f77f7783821c5d64cc05f9d742a2a34a3ad998c443f8329e96246353b3a751caefc69c3c4fd8efc65c8e455f3ea12ac9d918804fc1
d330593ff4a3321f98f1b154cdd4690ecb1b177498c5a955c24c9089eb9d96df098276b098c3de28a44298fdb1e8732b740f381b8b8f87f0d738c91c
fcd9cbcb01aeb3c4bbf06a9c7424c7f681052eee262efae6029d60074f42b3fb187f898bfef2ef2ed2b94467799c7a5d6e0f4edc980d8ef37f0bbb96
1dbb6d18ba9faf984dd61dcaf2b5b82e9a5d52a07fa0870d6491c9609afc7f4c9e73160d02741140e238b42e253e7444d1d863ab726334c007fb3faf
d2abccb00bfa83f4253af8efe42f3954ca812bb6d205a3ba6369a6c7bbc860f3207b8927b3eccc70bf36babbe818e6c161760db3830f57b2e034af58
3cfa5543bf7640ca8dafa52945e9c6d28a1e3f450677aa2df3f1164a3a06bd92be8b0ef608e45d00990320a3b7727e9666a17a638974adff8fb19c77
73a3118ede706cb95cf099e7e5dcba736276d9e5bca55be8e354f471a1e86370d1e34bf45c6fb8257d77a5d389b695c665b87771efe08e55c88a8d0b
151b4ba375dc257e60696654965d3a9a998141179b21fa4c361ca3ac23c03443fd8ee502d31c609a19a7f1c1a800551d4be3d2e7e794a39163877756
d5c6bb112ee426630e1f123b1036339a2f216c28eb1874be54b614089b192526840d151ceb4eefcc1bc0d180082a5f2bfd7ff0b76247ea02bbfc80de
1af91cf204077e144255d4664403d34d3d39a4ce990c1874489e7772a3814546d3ce4fc92c54662c48978bde293246899da40a352e146a2c8a2d58a8
71a1506351687148060794dc182b1c52f283b2a18738241b406cf7aae1201964fa81d5d7289aa1b1a70f6e0c800ef9607c65e6e602ee02d850acb134
9a8aa60005b89bf19455d51aa3f1007d27dd45bf40c78f6a0a501a941f9b046f127c83bda4c569f2d80dea5ae87e9a040f38ce0a55a1296e69b0a3b8
971b5d8d126e061773a3cb45df602f1b1f97b36d50d8c2c5dd14ce3488922213be867a8ba17f85f4267a3ceeb4582e9f9a305a3c0ed1b8540d389a15
2aaccb9724a0569caed9251bc06bc6b3577769602600069daf958973ca8c1aee929953660cc65c710b72fcdcc8461edbe17aca83af95ebc9abbac569
e35ca204ec6685aae38a5b320bf0a653915dab3501b84a2cd15da612b89bf120d885bb794738c308b0cbbd77e87da12e7479a44ced2b8aa6bb66a473
b172d17779f7cced0b3ad9cbf8752e4baee22e37dea1c93cc0558dc4851a89b74da4927469724794b35149baa21ce06eb671cabb1c7387147824ab1a
868b350c6f1bfd427a153d570e83ab21e9008fb38d0e63486707821f9ed5aae8e162d14367cc38a4ca7945b768ef30a4ca03cb95ca30e47981c6194f
7655de70a1bc6125baeb431a0e90ce78e0abfa860bf50d83cedf240d47da9f6df43b434614289d6d1aa55c7526f455a2c13ee4aa0722251ecafa50a4
9437728b53d78626647042a86b536e6a2252daa86b53d672625d6e8c5684d2797e49e61e8d1ea7794ab8aef274d4a70c0512f96c63143915f320912f
3ed5f79fc06aff5d5c35352f93f342cd9a32171311114f787dca5c4c0afae0cb151201c6d3d68d777bef06f47fa38b9c725679cbb7a02c54f41e2283
3b7ddb94b74a80ae1276f7a9906852fe8c4897146251fedc152dc503595df08e367016ef4b0660c100f0bcd99796f8c212a76c962600c09bf118da97
4c32ee09fb212e7aabf3ad58e34b6142226dc569a496e2810509573abd252b92097f956706aa43180d8c9d9677c98864c25fd0f9bc2c2f603dab94a5
603d07ace7b475a79cdb096351b9ad3de5dc4e38374ed4290903d5337c583eba4bf41374b29789cdabc0379dfa29fcce81df69bb7b6a4b9e805dd16e
f794b538612d780ee782ef3cf3ff820e199c725600d80a8f00541e301a319a42301e85feb291322bf8c8d7a58bf8d1888f39a062d73518e444231247
f865a84b5709a291eb067562a3bb8b7e815e93ce4a20d1c87014f78ea27b88de927e800fcdcec564d89b5e92bec427334b8da5fbaf41f15cc8533472
e1a7b02f2421a2365274baa87171344f35ae41cc301a59afad90aa6733af35cdd6a52cc30b7985868a37d7cb2ddc9af242b343622fbfd4f48dced7fe
f6f4e7a7fef6b97f3d9fe78ff7f7f3f5fbfa32bf3fff11d4e7755e5f5ecff7f3df6f3fdee7f9fcf6ed2dfe57fe7bfaf0e1afd7f50fff14bdbf3f3efd
0477f0758e7a5b0300
