1f8b0800000000000400bcbd6bcf5ec771aef9ddbfe29d0d044800d979d6a14fd941005aa26c22b2a821a978fc711d13029668907402fffba9beae96
6d6907e6c61e6004d87ceeb77b55579faaaabbabbaffeefffae6f5cf9f9deff6ebe7cb2f1e4fafae0feffef8feb87efef96fb63ffceceffeee8b77c7
1fbfbbbefff8f5759dd7f943ea877f7afae6fdbbe3f5f5f1e9ef3f7ff1c58befdf7efc87c8fce2fbe3f77f3caf1f72fdf7997e79fdfbdbefff92a597
f3f4f7df7efff6d9bfbefaf9b76fbe9cf2cf7fddb3bd79fbf1f791fc939427387dfad7574fad67fab7ebfd87b7efbeffa7a7e9178fc7127ff8fcdd1f
fef4feedbfffc7c77f7afaf9fff97f3f26f4e79f4f536b8f9fcf8f79968d5f3c3dfbfdef9f48faf0f4fefa70bdffcfebfcc58f3efe31a557d7f9f6c3
c7f76ff73f7e0cae9fb6efcfa73f7eb89ede7eff646bf097fdedf7dbfb3f3dddefde7ff7e1b3a7ff7afbf13f9edebdff319dfec7777ffcf8f4ddbbf3
edfdf6d83ab5cf9eb6f7d7d31faef7dfbdfdf8f13a9ffef0fedd7fbe8d2e7bfaf81fdbc7f8bfebc724ee77bffffdbbff7afbfdbf3f1defbe3fdf760a
1fa0f0ddf513aeff56153e3cbdbb7fe0fd7877c6d77ffcf0319ae2e316758a329fb6fddd7ffea4e4e3cfcdf9fdbb8f6f8febb3c8f8f6c3d3ef836ca7
f6d7ec7c7f42e4cfbcfe98503072fc7e7bfbddf5fe7fbfcd3ff4c6feab16fe81e168adf38f5189ffff787e1a2d748e09b6fd3024fef1ddfba77791f2
fee9bbede3f5feedf6fb0f3fa6f1e79e656c40e3af6af88ba7bfd1185f5f6fa1dc3ffa7efbeeeacc3ba3be7ff797bfd2ab6f634c47bda4fbeefd4f78
f86efbd3537c15a337aafbeee9fafe8c2c41ee7de7eebb771faf275b34889c518798174f7724d06c3fa6f4e1ddfdf1bffac0fb61507ff8c375f4511d
14de06bdff7adfc7f3f78eec0f1f3e55c337bf7ef1fae9f5cb2fdffcf6d9abe74ff1fb9b572fffedc517cfbf78fae5ef22f1f9d3e72fbff9ddab17bf
faf59ba75fbffcea8be7af5e3f3dfbfa8b9f4cf8975fbf79f5e297dfbe7919a9ffe3d9eb20f33f7aaef8dfef9e9eff3fdfbc7afefaf5d3cb574f2f7e
f3cd572f827214f5ead9d76f5e3c7ffdd98f09bdf8faf3afbefde2c5d7bffaec29a83d7dfdf2cdd3572f7ef3e24d7cf3e6e567b0f3bfd2787af9e58f
a9fce6f9abcf7f1d69cf7ef9e2ab176f7e07275fbe78f375e7e2cb60e3d9d337cf5ebd79f1f9b75f3d7bf5f4cdb7afbe79f9faf953d4fec754be78f1
faf3af9ebdf8cdf32f7e117c052f4fcfffedf9d76f9e5efffad9575ffdb72d1355fc1bedf2cbe7519767bffceab93c44cb7cf1e2d5f3cfdf7c16d4ff
f22be47e14f2ecab9f34cceb6f9e7ffe22fe1aadf93c1ae0d9abdf7dd61b340a78fdfcfffe36be88c4a72f9efde6d9afa23dfefec7cdf89311fd9336
8deefefcdb57cf7fd3abf6f2cba7d7dffef2f59b176fbe7df3fce9572f5f7e41b7bd7efeeadf5e7cfefcf5fffc31a5af5ef65efdf2e9dbd7cf3f8bb2
df3c83a5a0176dfdfa7ff6dfbffcf6f50b5afdc5d76f9ebf7af5ed376f5ebcfcfa1f7e4ce5d72f7f1bed1a55791674bea0af5e7e4df34413bf7cf5bb
5e426f37baf2b3a7dffefa79fc3d86d2d7ff4d533feb6df83a9afcf3377ffd4d70123df0e6afdae5e9ebe7bffaeac5af9e7ffdf9f3ffa5d35e76fabf
7df1faf93fc49878f1bae77e2143bf7d16dc7c4b33f5ee0f7efdf9e2f54f3a6bcca6cf18314f2fbe7c7af6c5bfbde8b51b5fc6807bfd620c4edafcf3
5f8fcefbb160feffa8929f7f7f7efeeebb2e2b3ffcec67ff382c8aa77ffcc1c6b8df7e7fbe1f6645c8a630327ef6b3690ed9787cfc01f2cff15d1836
7cfffa4f1f3e5edfbdf8fe7ef7b498effce31f46dea7a77f7c153f42aefee9e9ef1191ff1092ecee7f7ff9be8bb4d09c7fffafaffefcc7d77ffcc31f
7e7f75e69e1a7f0b91c8bf515258385f7761fb8f3fb1657a32a9c38cd18af9cb9fdffce90fd7d334a8fcf6375dbf3e448b5c7695fbe10fdb71bddfbe
fff72bd8f8e747fcf72f4ffdbf7ffea27cf9e5bff4bf7d511f8f2f3eef7fffe72f7ef9e5975f7c39fefefc2f79bfe46fc1f24f28fe6cb2a0d07a51ae
7f1b65c43fd3fd2f4f53ffeaaf937f363d1e83bbb7e7f11fdbfbfec1f6e839fb8fe95f9ee679ad0f408bbf3efcb9f9f71570c6dffd75f51c7e799b23
75b0574105743253ad3360106a1d9ca57f9efbcf9b9f257e4e133ca4b474b05441cf3f1f454a3ddb7c3e04bd8cf5c13779ee5cad49d0cb981fd34366
e3d7f4e75f994f5bea60914ecb803dc032f3f3f0ef0570096a07eb2a807ee1f316d66d005a6cf167ff7ce9c54d8fa5ff4cfc24432f6a9a163e9c2740
16f492a779122c80b97f51f839324174de05903d6740e2f37315f4cfe787eca515e037bd3103dc80fce860b2c83c013ab5b5f273f3ef9d707c224880
24c8009aa7158a4c32532825d3fcfeb48c4a81ad0948d9a4d548b9e4ab755696495aad97bfdea4e43e22e7d47acafc80e3c4f80d30037a3934453a7a
85698874f5c6a319f274909be2f274093a9dbc4a87e2f26a09ad7f5ed6fe4dea35bf69d2755e2a6005644106f4911ea076b030306efabd05f380dea8
6ba21e377d1240d207d966c10d58f9c6c19b06a083129cdd131c6406edcd386a535b01859455003b39c1282db066199d98ce7950bbe97b7aec9eedbc
04a3f3223085421d0a3743616d16ca204d312d00bdd0340d020d408fdd0cdf00b0339f8066ca4df7c9019333cd36fc62c74a609901d56cbda631fca8
cf42a1cb6a36fa2de403d27348bcff4606464e984883fa0528b0b7c051aab43d432415c6d7cd10895c34ddba080a6005d8a86b6fa0541f905e69a03a
098ac06c30de265a6ba5b51402f7ba011639e84d9727db9e71992726dbbd06d7b1fcb523d6ce758ef1db417a00107f77978f1d5039666b9e913c775a
0594933ad7392d7ed3b9ce7981eb5404d4345581e56c00875c3a0159d05b3417c779ba0570808888b10869844400b26578ab766b5e04a6ac020acd30
5a57b3c1684514ddb937626eb3d9e0adc975de05a6d088cd5196e1ba35c125f09bce75793ca80f723faa43679519504de98c16b5c85d5680a44b0264
a895ce6899ad4f89160ded9024d05bb42cceceb201503677e95c97d5b1530e80952b27c0ce2a7d1c8486321b5caf2b8c56b85e95027502649aaa5285
b4c24e5d0490ae542125a8d524301b551853a616011cd42aa0a6b501ac4fdd0412d805663b3bd7213e01bde14b4df2760bf8a65185eaf0470b14f5e6
dde0baa17fefb60a20dd3ad7f5614d5b1630c85b0128ae5a3736a6ace44043d54735a5735dd5e777db05923e000ae676029407ed1298d2ab50e7996f
50577596dad6ab10639c2a6c0bc051b5ad9d9dba08a8c2629f6e5900698c8e9a260974fb6a1ab278db056683d1a4a4c084abf961ca2520659f003101
3f2530f7b99b5963ccee8b9fd179fb0ab02376181f5260cf028ba2ed73a14a3b2d3ce4c34e0b1707e37e08fca60f926814ca39e035861980762c9673
c04e71941db03384ec91047e033bd5b6c7baac43f41cb033dafe387aa18b23065babd6959e3c29a7da06a7e5245312dff479bb60904f7d7e031641ee
601a20be5916a875d30a90051950053ddbea60ac7d122feb29d75d2d2fa16901dda65b12666480a9036ca70051d3a8c7004b07976dd0a7ea5266ebd3
d5728091ad932e8b85f689b214bba4f69e5bea63804eba626654c4ef52abd4cadac13e08f4cad54bae4baf5cbd4f41e7a0a10d025480f5e963766983
5a9f90d1ac66ebd36169ce0d56184b7388d53e07976d6982cec1b6d93f7d502cdb29d77d0a2ddb3dbee91cec8f514ee7601f0dd2cd8c652f52eb86e3
b2dfa674a36539264977c37139e601168095eb1372396e0bedea643927dba0af299633d9d60c97d3e66ddd405c4ec775ebc6c3723994dba39773b102
aa2c3d96eb3a05bd9ceb1ea0d754133540d4747dd8a7ad8fb7f5b18c94da411ee5b40e94299822ebe318203858274cad007307ca94d667d61a26b920
38581767709b5207c7f8a673b05c0314c026e81cacc9fa4c9d8334c9cedc3948f7009d83ec1043e6af5919829914e012740eb2b391055280f14d06d8
3a7d32ad651ea07350b2f5e92a752dc5942e02d6a2fc6eddfe592ba64880cec118e45debfc6d81196bde6ccece5edd06e8ec352ce88a7d1776b4b5e8
ea651d43bbf5c5c6da0e1bb51b2deb361aa8ebf5751bb5e89a6bdd762bdbeda1753b657ced0db45d23a573b0dd52eb4276dd93b5e86a6cddcb24e81c
9c93d9ba4a5a2fe6c63aaf02abd00d8300a7299dc0e56a6586c0c50a2b86c702909d6e3eafd73c0890328f725680d40498fa2b8b800076788234cbf5
48e9ad73ad723d006b12d60a011c655d4606f09b0c07c9155b86eb240799ca65cbc9f096fda6f0cd182419deb28c16b215bb24c35bb1a90ad98a6d50
48a9d6a7c0689583026fd5422d071b2acc21d8a912a894536d440b6d231b04345a9a8536b96e10d04e6985466c526bb4ce18da8536d8a4d66074b3dd
e47a7776ca35423616b730ba5b68851a62de656f008765251bb22b522847cddbac0ff2215228e7a0451744cfa5b26d95fa9c23856ca7b3a4521f0679
a4c0dbe538a894738d6c7c73b39ec5d40a300be04061de2a046ee79c2dca2c896c501b72d51655a5b251b1ba2950d9a80830f94d2ff49e6cc4ae0d56
17b7ebc24477715bb1d502d83accfa7bb17999f5ae67033480cdcb0474955a59aaacae452bc6deea5a34b251e86affd0a7ae1e03409a25deba301b5d
2c05201b8ba5d0405073282f4c0c57349142b622a34c33972a01a0c64a23b4161c541b24c3681ddfd44f094c571191939ab38a0882b4567528148bba
4c91ba2dccdc70ad1029d4a2c90473c38543a4508b6695183e2e0f221bd4581e440a1c38d39622351b08fde48a2052a47698429bb4c128a437cb61fc
613e7700a3bb95437369fd068083ddfa3051347823050eb0640350e871990d464f6bca30d55e0d2381424f679a83f1b4bf1c7fa785a28fee31d31c58
a7cdeb98bd160185de36afc3f4a6d0bed3d2c122a0d0db6a3b80995c910207d85d61b3c0e85d4d819d7b13c0c12d075dbb256de9003360365b06d820
7dd007c8a61480ddd8f55e80664a05ec8206a0da6b173d016ebf491d4c529b208d01122910702b6d9de060b60d26a8cd36fc2a90b704e9d9de4ed467
b67289fa2c562e518eda8d057e7a38a3d70502ab2d9aa8cfea484c30ba0e6ab0c316d0caa6407a247b2ed1204efc75e19b642f24ea936cf80502c9ca
2d7c93e52dc375b67219aef3a006812cb54c158618c9705006010a2d8300e514bbde3e457204804095eb0c07d572ecc6ea80cd14aa3c58ed2c27faba
427a4cf44c238e895e68c426a385fa6c662b7cb3d9888542f7f10de5ec7260ff607b06801d545d64a31c0cd148819ddd815429f4b09c4aa187a42bd5
3e06693838ecb90435a7f31ae2f76f0bccc83908c29ed37bb523c6f4aef07aca9ebd720d8ee0f59209bbe8b2812a1c5d56d6feba1cc09506ba947795
06baec08fbebb21d2bb5b89d018d66b89d83769e2a76b58bc65c6f34d06d33d05f935bed6b97ec019c905d9807707a3781a4bbfc0e60b51b6072fc75
0d1940c95104a39ccef53426311deef14b63e51ea0084cb179e9704f632205c03e752c97e05ae39513b5008b291320096680cd5b4d91743545d2131c
2c4e483a785a3c2040f44c2c9e02508564a14dc01c9c66a88d19dda8421ed9e0da49cca9440049cf94533c7bb0726550a3add9828cb51ac0799b64b4
da6eb3209b02a3eaf16916781422d7759c7e084e5360b40e7600cde6452c4ecda3904960f32223a7667d664111d0bce8f1c826b804b4ce66156caa6d
10a00d3619b5da9bd5b672bb8ccadb3ea8c18e066f9251b5f5b4c2ce6183c828cbeb00b073d8bca83a8ff502c08e737b422c4ea7e73c48c2c9b93d21
fca6cb7180f09b2e7b0ec13c3969a795e6659e364ef9d274cb8e85ded6076a1e1f7aec14c086476dcdae0413d4e671a235522e41e77a1ee75608cc79
b27f468a551829f60fa274f6408a3de6e4d16248c5de54f3223ba8a0598d989021b31a714260ceaba43f2d30e7d572b39fd940524f761e02664e761e
da6e76cd9810307352242064e731d3b2df78b0878099935542c07810ba72b81400d19398f873713433f1670d6d4e0b02381899f873198542604c48ab
502c07313f97411a46c7844494ced5a643b2cf63a62198e73185508ab3662de78c69de2cd406d15e9dac82da2e3ff80613350055601b3600045470f9
0101977c19b93a3b03d88d0ea01440aece2e063356dccc740840a10cfa356391cd6aaac9761b43dba6baadb60da2559a1109b386684624ccda9e9989
bf3c464a018c940ab0ad5168cb38aca5dd164dc7cc5c5f26eb8375b5786e9a9983cbd02068b7450dc2c959003a2b231f96a1411aec2ce34c770128bb
5075cb6239ccdb65758c22f397557698904bb2adb12c16edbb8c19b8a80d38140e6037328516cfed33d36ec9831db261df450aa4b3adc3c45834f6a6
26015a677e48e012f04d911d46efe280e54020c0c8668a0dc2805d5840360e330378e2cd185d5cfccd28db45d530a35f9766c31778d3d89b27815c63
492ccd06615c2f2cd7221b29c8fcc6a169001965582edb28940e762e709c9adcf70cbb067676db00e5b48cb9c0445fd40633237171c4cfb32996c3d4
5c4e6b8a9db59c96e3181dc3dfc1c7f647a4c0b5736146532d6cf8354e1402c8359a7771c417e6dcaa649f974f9d9247cedd9c9d8995adc1b550f355
a95da8eccacede5ae07565b9136001f80decadb3355f4c913d562beb32384a80c56f04d68f05cabad85f2c5056b643c23eec6db2724edff0d208309b
32010601185d6d06ebc34a2a00ecb89262ab33e152d453e02d5928d36e4db63d3a7a755534a3a357cea803f08daba219adbae651a860144a7db2cd8b
be5d5d2fb18b1a607020b041ac9caaa1589f32ca3165f0468ae65991b72a6f2c4757cdb322a36c41460a95738d35a3b057ccb3b558856a1b24a9d9f0
72adadc6d66d5adb2814aec71c44afaf9b954328adaebe6684d2ca2e497c431536274a12d86ed6671be500dc4c991157eb6eebc8f5ee3732aaad56e4
cd75d98cea5eb5d58a1c6850e1d493566da82269d74705e1b78e9986ec5a2fcb4112ae9a5a33b26bbd1dca88abd55dc7c2026b7593a3b0a65a6f5b14
71a5ab53635b3925173e0543203d06e91560c3534e7a8c6f3ae9a4db5ba1d034d9db9822c90d8b4239691adf40da450cfbd2011cfec8bba4722ab2b3
d82072e08a864dea00b68e1c2c328abc4b8b131d059dc63c959d314fd1d669b51bd1d669b5daf2b63a46e5cd1d8f19c326ad8337184d76bdec68a815
39d0509b91ab290d7620adde2bf2960701d82936082bdbe45aa7c8db984cf553a7e491d35a58ee984f2c47d350562c4713d6552c2605486df6d003c0
1ece4329b1091f2930b18f6c5043bd3476d70324bfa14a9a5a556a985a8dadf694d8580840fdd43555d2ee1d54493b1d16946fe2dc345228c77df72a
35571e6cdc07980570ad45b6a07c139e9e0160c771bea06233e33c4002d079956ff2c39ab280cc2ef039ce8f9580e5a068b2ae70556aae2fd8df0f60
1b48daedb70515945541cb6c8af5b11c57ee95b5695e06e90a18bc3580ad330bac0f2a28bb9e58502779351b1a243b4c2bea3fbbb860b33f655503ce
50017601957349be207eb3bb670b12371779b3a62a8005899b8bed8628cd2e1416a467767b1e479300363c323fab0daaada336e08020801c204ab3ab
e36abb6d231becb83aaeb3c0d18b2d9d77c768120caee16d97eb24180460f47024daa21a47153d9edd16c33b2c808d885ccdee6fe12a1640ae11b299
311a2902bb04f99d358e164469be4736181d0316519a95d21c3c04903462b13c46b60cb01bb10a8a7bcc75359b5540d916b795f1250930bea9008725
52adfc9553662aee242f88b832fb4d12f80db2cb73ed489900560ed9555c4457fab4b8c78c9f558091adb75b594736be59951448b1a235853b560067
5632c5cea28375998d6f043655fdd4a14fac97ed561469c90e12747471e551595e17cd26dcc002d8e1f471191385c55329d602dd598ab56025558a83
919554d186c2ef2580e3a2f98d839141523cb9c50926806dcfb828d576645c1437b216d64bc565487590343b8f255271eb69658954dc7ac25726c06a
0aa415f39ca5043805503b066918654fa9717c12a009689d43de1c311e14e13813e0361bed86646f1e85944b0e10e6457306b7c354c6dc702cb1a28e
14819de5f0f168679d040e12870fdbbdcd139372dbbcaca88b936b45e256b79e70b60960c3b36eaeae4156a46745b2072065925104669da48658ac3a
21e079932a7ecd91b2021c6f74569dad0f52adeae48c4f4e00eb8354ab2ce3571c74026c02389847a194b38c14c03a0aa59c75300a692d189c6d5275
1f7745aa55971d78de04984da13e6e4fe18613406ae896ea021fcf9b009700aef3f88642f3f8866c0eff668be2e5b4365bd4e1df6cd162e5909e5597
8666f3baa1d46cd13aa841ba0e6a7cc3766f1080030f673df4a96d10a0a9da2894a67249ee7150c5b7bf790254373b0b8d583707051ab1aa759a4de5
72a0d93afb48a11cf7aa70ae0930a8c19b065493510d283c6d024880c55f550535ab705a8e8cba5bbb2298eb2935b93e6d030473bdac0f42b65ef68f
1c5c0e8a90d29f1098bacf45ce5ef3f6709822819b6613debe010641523c0af17ca94d361d2b9ce6f200bf97004a28963b8da39015bf9700b609e2b7
a978d691a24c31c5b5424346b6c5018c946e1e78e0ea12404691d26d19ecc0b50b7ccf869a0b07fc5e52737980ab4b00394030374f3a570b75f30b0f
92009663a163a220ae5a1a04203d82561057cd43123c48020c6af036a6901c689179ecd434c23c5c6a1e6ee29811c0ce420e35a6437a20391a33a09f
68039a006a630620b275084b38660450f85939560d09c78c008700465d2aafd6d4a5f26ae5866e41fcb67d142a2040e381506acc9a0070e0ba794530
373d125604733bac0242a91d068260a6b7c3729a299683d2681e78accd6ca350183dac360aba7914b2b2726a7a24acb6a8813db84e04b00d103dedb2
7967b331aa926d7dd93a489b765939a44dd3a521d90b6e1e27946dd30c4ce8d7768f7268aa5bae31511b0a2db2411a0331527aa11b9b6c09478c0036
15126ac3266c89b6dea6916d052ca64060b25044f6368f14b2cd0e0a24d4e61eb3e7709b4137ba4e6c2ef03d87d365b079f4b67916e969dbb6d8a248
b5cd001a9d2ab655de1064db3ab251ce6aa1288d6d1d85524eb217b071377d08125db231b3927e145bb63eb3d906e90618a4cd26d7b6a8732ed9a21e
8aa44ffa6146cedb9cd4c2b54fb251eba00e7beaa784aad89abc22cf370f493c56db34e912aa6273232bd974587149678ecda99a6c47779693ede8aa
c803b76d979a4d770c0202a6902769db984208f3edb05b5122db617f21f3b7d3fa20bf37d7e709c37abbec4914c036a6100a60bb243dbe913482592f
e910a8a468ab793eb6eb93e391d8fe703052ceae0af2146c7f0cd2bd0afb340a2545c3cdf3b15d7de4f9d8ee7287b0850052c392dd670716bced6334
232377bd683c46dbd53a9e9ced8bbd8dc0dc0de5d28364377a4b3f91ddb314e2520238a391f9bbbe320981b98fa16de5925c2316f7e4c4976b8f4f12
3272cfb681bc652587bc15db0dc1bcab4112c26f2f4e7cd929162a3bc5de969d31ae91917b959aec6877256cdcbdca1bd2731f5a077db4ab681206ef
8e5b6823da32edaa131d1776acaba4e3c2ce8e5400aae0e0f39c7e3f4d4146ee1e587b46b8e3859608940d504d819a5b4d1e18ee6e1b7960b82b983d
30dcefbfc41506d80490be07d7bd728712d7f3e683dda5e479f3e1d91d212fe950e27abaab277fcbc8e2c331eae9ee318df8c5ce8e3efe8920bc00b2
c3503e14b21e4c1ecb205d00d607917db8a2ce48e943e99911cc8761809ead1eab71920ca4c3b54146641f49d20ca4833da4e499e791fc86417e647b
01dd7f287109490a60c34f9f5c921fd96e65941d2caf93c79e47910986f6e18a3ab3be388aad85c63fdc7af2e0f5a8968baa38ea48219bebe6cc92e2
70b78990ee74e8c595d1eb875e5c19257238663dac3db6c10ed95c1e78727b6c831dbe51fc129f1440026883631f04a8028239798479209893479807
4ece01fce61250e861c0aae34fc1ec39f0a10593d12d076779910daeaff10d8c6ac178d279b8f026d032c060946c1e2a78767cb0f04e1e6e1e48e9e4
11e6a169e211e681c84e9e5a9e2e143c6f3ed9bbea2e191db836f054f9746e7884794e9643379ec41a45b619609fa2dd4e278ac791860f34224203d8
a7a8ba53d7aa8caa3b67fb142be19c076f15206f8c83731ea421b08c6fe06d4c2e44c2a9374866ae9f1ee465d4e3996c6b06c59907350838c867acb8
d3413e63669c6e1b79647e6a2f78307e561945579e5546b146ce6ac333c4ce317a113067b34f911c67b34b187ce7266f0c977333be99e1726a3ce42c
70f031284e97bd390bac290aedf4a8c093f5739700eba37377882d661bd4cc260134fce91e92e7e7e718caac8fce43aeed7a0f113c3f3f4fb9761c9c
4e40ac82f374583a0e5c036714e7a95d92d1fde73552e0edb211ed46cd74cf154f9d093d4c3f6f1b1e5be6d4fece083f2354c2da14581f24e1f5b0b7
e9856b0c729af71ae3ba0a06810270b87cd2713d725a8bea67d6828eb8269b8e8eb8dc87caa8f24b1bde63c24b43872b2c929131c993412363922783
d7a284a2ed2fcd76cfff0c9369fa075c46c47bfe772d8300bcad7611f2fb3218dd43bacb0b0f3c97bbc61442985fc919c08aed52f1786277b9bcce4d
30be811ded214fecaea17890c597864e41fd5fea8982fabf74fdd543e1aa8a1e04b361326941305f2ea21704f3e5015b41ae1a2693164963a627cfd4
ae360aa5e1dba006d76d508351f6a192676a97b3d393b3cb63e982943666a6154c866bf3ca89014e01bc69e797014e01bca9413cdeba5c5117e4f785
bb7022e425809543985f6edd1684b99180b10e82f43908408d39983c1fbb3c24295273427a3e76e95ba227870134ad48cda5b2275ad73d5220704b1a
1969304ca47402c6bf24a25c02586d84acb188892897e43d18c9832fefc1f00a87e4d517899097e4d517899097e4d5174d178ddb99e529983757240f
beee79645b01561bb93a6ea1f0e0cb8b279abe17e37a094fc10cc769ba5bdc8b63073bf2cf774dc0f562159050e3ae890509e53d114daf0cef7c68c5
2a68df2d1c9f8c9b1d3c39f33287e4f9189739744039ceb9824ef6c68500b093ac4f36c506c9a6583964b15729440aa038e28b4002c810ef144804bf
24af0468ba7518f89f3c90bac704641d36e25df4ca30e83d117a928c666f257dd20ff356c115db7e1b3428d7bd2b5d36ee31856c3a2d328f698c254f
1eb9184d933c65317cbc155b9869973c7231483c79ca62344df294c5689af80602a73d89c6bfc714b21d35dc3c31b9c7ac4155dc1e9f1434f1ad1356
c966a38b3c58b9c77cb2236e39403e180cd374b2b835dc5684c5ed9e12a128b138536076619e0d5f69f84864c357122733b1ea9a0509e04d385d3e04
b0e1bb220da014e80a208013b2528eca895396008ee60ae9797c036997e41cac64438d1367297904b6e00611c06eac70eda163a970ad67476970b05a
ed2e3962dd675b773914c0fa2cb0a30ae2c4244013c0751ad404525be04d3f2bdc2df2a3d8a70d76f4342c0d761cf41c2a04a0da386204b09cd56f6e
5320adb187eb4436e024710c10209902b5662f24a81966861f451ea128f501074c8cc4167e7eb8d666d73ec0643681a427cad9259da9b6c61e7bf301
76b351a8c61e1e167984a25447d5980b19763c57ac0ea4437632ec68205647d5314853399513ae13d9f095c4167e80c514089c836b531c3b852ab80f
804b4300eff02970ad6309de05f9710f4039eaa3d5b960cc19de05016c10278606223e04b1ca7f0866808c56818c32908c3649845de4c91d82ca409a
269baa1b6ad95bbc1a7e0701463919605b7775928d36496c86e7116052bb3ac90698a4be19feb70566e4ac7e46b9de92c44e7900875c838965108489
711712e37cf2ea22c23d02ac02da446585bb42805300690ff1eb0a698f232b7363e2c825b1eb1dc0065a05c914eae784c4c5211b8ad2f06a08e0ed4b
8ccc496b911b4df2a45731ee0a0176532090bda489e13371d09f08f7c846ac34bc1af28858c129211bb1d2b83b234f5a98dc9d910d45496c4067a34f
1a176904b01cc6d2e48c4e0e1fed48dc13f2b48d145ac7799bec7d0d441c170234532847559756ca51d5e1d290a7ddfe5929c719cdb67280410dd22e
df929db50f6a94a3764b76d698c44cae497f631c1702586881f49890056aa742a940cdb84f5c0d02c80eb26bba65d4fe712f2e2578bbbd33cd86576d
251adeb092c4ad7ed9e091c4be74362a24119091bd7d2ebe7f009c42d56c52a30a3327f8014819f389a93a7b1482af4200c5159a6a9e0769b3d9db28
27034e121bdb797632b12f1dc0d661aecfaeb6d8a40e20e906a3aea9f05508e0e063aecf6ee625cb51bbb1c71cc0caa1a9e63199d08823c084eb0903
5453e0208d6f001e9fe09110a00ae060cc127973bf2ec95b19dfc05bb13e32aa4d9864c7f9c3352301ec5344cdacbf3e778e64634a1a778e04b0dd10
35b38a930b4802dc0252dcc9e3029200488a2c3b6d7c43e588434959d29b29a8bad999d51d243e2130e76dd08009b6b31bde1301ac05aa6f760330cb
9e47a5dc681260b007af5a9859f65ca465a9b9fac295224012d0dcb7a4d12886a224761d031401f5f36005578abc3cc63715203b1854cb637cd300b2
8318197129785ce4c5cd3cfc2a02480d99e2d58a0d278bbca84eb8f8241b97d2b8f82480ed86e8314825b1cd978d3e695c8912f5b057a8c2b20e7620
eda2865dbaa8a183c4faa81a3292c32095d6ac8f7aa2591f8fd99b5c6bb835d97168e744a1cafc266fc52e410e2d6e31e07e918d3e496ce665634c12
9b79d1c636150273a9f64fa650f7fcb81c25808ca2dd963a18a53ed59a22e6170f0cd9e6cb469f24f6efb2d127892dbb00362f06d5e24a8a0b550238
516c1d4ffdd98b0b30b25153ad38ae4dc98bbbcf6ca565034e5ab3753c4a645f2d80ec14da5a2baed9546e52375bc71d026e89cc8b0786ec9e0590b4
ede62675b3a93c30e4c2d0bc689ee14b12400e906a8bfb77f892c4a8b57f68aaf531a865003292eda9007616126a1da397465cdd9766472a80439916
5d27bb04e9b9baddd6d02deb6cff20a1d631fc69ded5a53fb79ee4116dc2ad2701501a05216bb44900785330b38b15c036a07957a534b79ee6d5c318
f6b7023890587aad6e451744e9ea2137d7a604b84da17586c846bbadfa29e2da12607c43b66af3a268d63a78831d0fb5bb37cb2704e6da060d6aeea6
3557a264ef1f4bec50059009d4cbea614cb3bfdc0a60bb2a80a3d9cedba4667f2998d994caab2b9c82f434a823b10f15c06c33045cd373734a5ed930
4b84170528026a3e86b67d7cc8359270754dcf2d28012c0779b79e5edc89545b87fc46c572d3dadc2f5706d8a82c1c56972e6c4ae5b56f0af46c10e8
13a503b2b995c6965080d314bfb905d4a7eb890ee849ad2b768e02c81b92d0e091c42e5000db1ae197b4ae88e709304b2d0306810418f529804d5001
839dce28c12301d0b7491714b68402345326c0690ad4660b4523a6d97b519191691ed460547542a04e4ecbf806ae177b1b3994169b8a75665a6d51d6
99c98b55d99a09206fc8a1b40ede20e051294137014639b09324cdd8311024b169139a03e147004d280b7b019b3015b331bd53b5b3d0d6c9ed02f74f
927b64ee9f2455835b26a98d1478d3d3cbed8fd4063b30da6c1d26d3b8d4d88d118345ba337107ee7c558665d22e718f223931dc96302424b92d91ba
02887218b0e9b0eb17b3dd66831d27865b0c890b0d1f781f0518f7d652a8db60ee2a24544372572169f2b8c0e712b74e809e73281301918d0249c412
842e76feb03eca1ed3e0fd1fc0d6612ee4d98667c467b7a72a1323778ba5a764c0694aaf9c411cc9e5675eac0f03d6888ee45a342f4e0cb3f551d541
fb94c034dc23e1099f0df7482e3a7337818206bb40d94b7ab9fc25803567559493e5a2ca731ad4e028d945a8f2ec26af6b534344920bbb5c6c3a6640
2ece0034b1b11f895b1503d840a8e55c6c5434712e4e7c268a512189cb170330e85d56e5263b4c94ec11a6aba2dcac1c2a367b62e2aa287b9ee9aa28
6f4e62b95601b8442278a4a798cd42d11379b7c3d1d179b7f38a297611b3338f1980cccfbb8c16eab38f72e07a1fa46154e3c8c5533e066953245d4d
f14a664476d63872edc3f5823d9b29231b859e36089ad8e893e472270fd58014f012cee472275fb6814d75fb0d332dbba2e6bac4e86c53508f457f42
fcb403586dac1ea34f92ab86f218a40be034856c6c04275700c583155700657654d16e65665471e77f2692a4030af5f844cbbc2c8b290bc0e65d05d6
9409e9a5a24993bb7830a9954d284a2740b63509c8b60e025461dc92cd542dae9bb58b4b321b93a924db8df95394f9dce2924b1e55a0dad972686b02
4c3aa0a6f91050b92ca34902328a422b65165068911d26a001264953b8b806d1fa35da2469fd126dd20900aa8d88aa2b757c43a1ee3e6bc91a7a124a
05aeeb2040ebb4c10edfe8e985f374360e25e13c1d40d2cc92a271c76d80212824e010d31d467bb5387f3437cb31998d9a8ec91423fe1302b338d3b8
642680cd8d222d1a541a88e5b4b931f6ca25479867c6a524eebf0b601f3be86f8729e699012759ebaa602965adab72df66ebe554d50baf33e43a392e
d042467864cd993adbe168a18a05933567eab29a22d805bdd0ba8e9404c802cac168c95c0997ab460b37b40490515aa77a29393eca01e49a415fcb20
dd00d96c02d4094e7299688d0e26805c33bd2b071e191fe55cc790c322338e23e3b01c40ae995cb50e0200864f56afd766b59976866e6455796de31b
b8de6c5e2664dd46a110d8fcc64664c865757445fce687bc8de1924cb183e5ed7006303beb2135d93947a1b40eb64d56a51aa0911f72705a53f4abd1
1af9e1378a6c2e880960394cef7ad959cce87a4b9a19dd90d2595dd91e4e1416b7ed61cfb1846d0f39604613c4d153fcc6161d29763d73bd4d524357
b6c942518f4dcb7c12ccf60f13bf2db2c3c46f63c08e140b1d29b61b22a12df61c22a1ad4e4056c76db5750618bcc1b54f0470cf590067162ab5f910
003791e536242efab565e70296441be25702ded68f336b001b1e2bbb15bb04cddb8a8d88a4685a3993e554873fcab635db0d93bb35dbc042db20600a
4a7db2d066e5d0c96df31b2c160332b21ab16d362282cbe88cac7a6c9b6d206f183659f5d80884cd5dd57d4260b6dd192d7bda36b82a66a335b21ab2
ed34107e8bd9008dcc6de3d9008dcc6de3018ad9e0c8f9344b80d57156f5b5733185429d1b782786adc750e0ea956ce4455643b6ab9902695cbab21a
b2b9ecc50731b77b1080b77b7c036f8a6c15696347344fe39b5bd0bfd95c2b70f54a80d9940248a634c0e0c06c8c0b9c18b3c1169142b64976d07646
5ee469645b4d990176ebc8d604a60cd2bda6db2c69ec2ea33532979ee54d1b0a8fc6bccde31bb22d8e25f628b665a4f08d1352bdb7b9069ecdb63a7c
90d29b9612ee8d99988c0ea89c8a4655b78d274458f26dc9461cc071c02a6ff3990e6e33cb9b2f73a8f708dde8d9e02ddb3a887942373a8003e72db7
99e5ad8c6fa0e6ecc4853080830299bfb906c151306fd5916836951377a864e336b2ca76abf682df34eb837edd9cdedca112c09e1bc09753d0a25b1b
1c00369f5141571a9d91a701ac1c2a681b736e00e71c2a68dbad025a673b0701b8beaa29b4c1655ba36836d5091756e7cd2d20eea8ce865d6415da76
dba7d891db982552bb07815ee8feb07520bd8fe10fe9fd61b521bd4fa39c0270fe407a9f1c48a8204335f224e9c9d6411fed635c4b60960394936117
591db62f8303be19e31a45b32f36158a661fe31a45b3fff0b20dd9348626b3f998cd543e6961eec9de47f1ec6334a3ac76ed7edc1b03d8a8a80a0234
3aa028df8c5189ecc52a99526c7b948891175925b2d7419a5a54073d8a67afb6237a63af0e3909a8926609b4918d729af316b3766f3603cbb77d9334
fa69572571a377005bd872543c332a69674b35ab1af6dde64625ed1c6f65fcdb0314010438620e208143e03783348ceee3bd21c0611bc8b52a089ff8
008351aaa0e1a63ad9b5d55427fb213554d07e3a51d07b8688f87a51ace21d3e28415e64e8efb941e0ae020868e7e3099a0f55039ea001685e65fef1
b05084f9e10a00b7d06c884856b21faa06e5f7a1ccc761341ff34811aca6f46a1fcbe0ad00fef2cc52806c4a055ca634c0e01ae0dcc0af341315d201
5c3b3770350fe037a8e163bcfa84643744242bd90fcd33e5f7919adf08ec6d84f9a1305f508fc68b6445f6e12c59508f87b344f97db854517e1f450e
10d987f347c17cb86e596c78d72d4a698345b2b2f8a8231b85d65128e554476232db690a85360b452c1e5a718b5db23976104a875b4d8bbda045a654
33f0232bc80e65fe62971cf61cf6ea71c80132e450cc2b438e53ae6d7817170a94e3b4e1110ec718ca0887c373037c5e03f80dd3d99090ec743e2ebf
613a1fea095c6303c80133eb18231ecd7bbad258d64fc592e7d33301ee8d0fb0097a2d0c04c94eae534b89bb68f2390dea1950cc46b91a474e3b0341
b2d3eec499233bb9880ae9043ae3e7ec38a7f74ff675b393cb4090ec7c3a67bb9565efe9921cffdc7caa789c35e7621550cbe722071895e762efa3a3
cfd5ca613a9eeb48a150768eb2e3fccc3637cbc4d3f7c81cc0a7af8e394c4fd5c9c2f833ac243bfe4e9f1373c89d2ee3b9553f9f1a47b8f10658cd06
3bea16dcacf3594736ca717dbe2c82418d9a36ebc3583a9b8c32484eeda105557ebadc198364b31ca6f7a99e18e360f71ba6c3b98f6f20a0d5832371
003940619f9c44e73142dc45c5ab381b499271b30e3008d020cafcd18d2ed6b9523f1b639247379eb601ebccd305096ec9019402cccef3b4add92138
c7e46235795e831a049c5ca3b334c2b8b2261b7092475bdf7e63f33ad34623de3608abfdf3961d94fa790f6a9df435b40edafa7ad8204cef6b4c33a6
f735e60f6b7a82457a4a2ff4f24c8dfb6af235863f9af772138a6b7bf235863f02e652d1581fe343b2bc5d9e71e0639d8d0fc983516db5c1e86abb21
53ae75540102ebc806017c99f20fd99c8de8e48bb7581f385c675f5bc98380ef068e6c79311b95e3603cff007601952bc96c0238c0933a5f0e7f6eb2
c9970a004fea4ce0474f81374d2b3ca9f3a56ae02180ec2b285917e98bc38adc5da43f21300d04c95c5913401a088b0b4fa2accbf4e546eae0c8c38b
c1c42e47b3a09842876b77717f4dbe34b574e7362a24eb667d1d369d8c3bd3f4edbedc30e32e9a008c66fda70d11c9fa4f5fe760876c6713d02697f5
418d5d2ed6477d38becbdc1e93792fa5a750051728836bbcd83317c604384ce9d46e5592cee1be9b9a57e4104fa5f6940c18df1480ec20a18c0ac95c
0b13c03660d9ebaba559a7ed5b23cc9adef326a0d0d91685b7db930c1e3a08203596b0bebe92b9f13fdf2a0deeafc9b747143cac987d233473914bbe
55275cff9f6f2db251b9345228d493e8511f9fdee4e2967c6b918dcaa975467d7c125377ee7bcc1a14e77812937b57f2ade1b6a245ef3c38806b2d32
3db8ef2269b6886f2d323dd27983b203781b330de3c8b75c3237a5e45b7d345ac72539f7a164df6ec9dc87926f0db751ed313b91df771b0420dd0601
815200617e8fa98a2cbedd8bd3bffddeac820db239126d836d1030db2000079be38055eb3de62902d3009300a6d88836d5ee64aa02271302f33eac1c
22db7703b3aed8b76620d7cd642347b27ed9b70786a311cff10d1c9cbb29127088d988c494643db66f8e3eb21edbf735b2c19b93967b4ab2012699d7
85f3ad72e21e99cc032b1dc09b8722a94bcff2788c6f0ac0e9dc1bb1f8724ae69e92e2cb29198fed62b449ee1edb7f5b60165fe18e9c10c47b3e7389
49f15995ccbd25e5e14a8a9bf80b01279d09d853db71f97e798c795be1550f12ba2840311bdf2c3677efaff21893b8510b175c787d9787c7345c6613
c0421b1cb819810b7879a8e0b8b2a6f0ac4a0754419d86737831e024733b4980f10d5c6b3af6ab4a3a18e5c0a8cb2a5cf48b412a3ec01bc041dfe0c0
498cab79f1f1948cab7980510e35d5398511538c65c9dc53521e9ee6307c0230fe70420f6083aca4e0c498f13b2f0f152957e304d8055461b34f5738
d81ca62b55d8463954c17d35066379a82bf1212f04b6f41408380771282fbe17ff1883f1b0a6896cc748a141342a71352f469f645ccd0bc12391cd61
7ada255960b64c396e241072501e63d6642a773be8335570d68cd17b0f6abd3ec48bf49415601b746953264f731cd7d398425df40470547501538817
e9d9f8c6f511feed65f2009e9b7a8aaf93649cdd8b2fc267bcd88b512019c7f5c21b24f1cd0c816564830337129c5993839c372e0238650a1c8c11df
657100d9e9b2b8f8d248e6aa9542784727c037da77dcbb12a09802d7c96a23460cfcc85cc25226cf869c59531ae5c0a87bcc3c9f118019cc8b1901a4
d6045263d21a1292f1622f53b17f98a793bb724ecd494d85177b00abc03cf5a5918ce37a99c6f067ce19f891b91c25001c70394a00e702b371d28ee4
a293326947e2d25e26b7e8b835a8f88448ee179d7c42601215d25fd985a0ca8a2b51caa451e9ec34f623e3b85ea66364a3280f7df0550f20af2b6da2
4d88e37a2110a4a740da13202e31293e4392b343db05176125019a80de3f076938707265c7acabafb4c28e6b2cde962e93873e29d18eb74301916088
48e65e8f327b6eaa4898b516b9d72380a3ac1b20659ec6370d60732312785fa403be999cc4c96c488eccc09add89e0b19132cf8e0b84c5ec824b6161
f0888fa117df24c978f207b0a9180ab376a462645ecd4667cd1ea22a1f6637f31409b3d38e4b31caecdbec5c8a51787624b21578f39846f9e04b2399
ab2fca3c1e5db711ddf2ceb69bd6a29263768d85eb7c004733727556d128537c9024671b51035101336b202a538c17c9d9e62d83039a570351993257
7ba140cd2d3b0268cadc4636be69d614693337870bd2661ef3c95ed0becb36ef984f48e959dd82ef7d99dd89c8b6f53108c0819b79f8de97592b4ed1
338f89916167cc051bdecd07427802c881bd70da0636af5b0cd946bcc637147a39aa3052668f8388e70930085085dbb646c4cdaea914718beb236597
0f92643cf9cbe22a88fb9f02384b68c465681064d7e24682b26b71878deb32caa2d2e0f6a500ab801495061138012e416f83456d9065670c5839708f
19dffb00d56f0ae010f436583c89513c2d1e2572fb52f171918c8b7e59b48cf227237d8acf90c46752bffd0cf6cae095a21cdac566d0730067feb2e8
38c3d54c01aa293340c6d1d18bd69522ce10915c6ca06a652738f06cb258597cb572b1b29a5ac5ca3a03b83c2980d4305a16ed2e2e4f0a60dbcfa6dc
66a3505d6ab849294016d0934e9422d79becc8b5ce364546dde6e35aa500b601e2d7174e72b150b7f9147e069ce462a14eae62a1ba18e7c5141b6431
45ae91df8bf349e969c049e6aa88e2732719affcb25c9623816b7c036fd72e80da657d56bfb1a9307817f728b229b70d824a5d3c28ca03582852da57
5132def201164106d854239bdf207e57cf86b8c8a0f83e4ac6bfbdac6ee665a9a96814f3eb3ca81580e30d51babaf9c0cd01c5e893cc630f65558328
f3578ff3795021806314c9be8ea98a645f3d01e2b28000b601e277d50853ccfb884926543f80135f76b23d8775b57a68af905d8b4319536bd5d452e2
fa9e4826d23e804dc58c5e2b3a4cb9ba8e89c1a45d756254aeae1ee72b57574f430b3378f5041fcff7b27a82afc45d5d90f0e4418045b0029200aeb9
4929e3ec5e560f4d15bfc6a1643cdf0338d1517506a5643cdf03488d79baba5d90ed057d92b36dedfcc127beacfba81c85721f4526ecbef8204926d2
beacc7a8361c10b09589b42f06b26422ed03586dc4fc7a0c0214ea067abf22e9130273d5c38738af62fc4b2640bf18e592f1df2f46b9645cf6cbaab1
9731e8d7d38e403eac4e551e2d283e9192f1ec2fab5e41ea9ad5dd75e2f8cbea84248e3fe6919d877c488fc19b29f2867c486e24101a10c06c68c8e4
ae0211fec588954c847f49aeb108210be0dc60ccfa104a2674bf8cf015759ae12b9938fe32c2575470691ea461c7d9496c4149ba38a8fa92c7b8aab1
11bea2724a2eb8883a08602332a393f3567de40b2799abfc8bb12c9970f8000e2ce67ad226545325b52a9166011cb3586449154ba459802280808a93
9bf703eca650059520b7e80718d9a882a7535c8f1f32abfa0dd93c83aa4c87d446a17ca35b28b1e425e9fca9aa4b63763237d2d64c811d4f6e094628
494d45005a00bf612426670d316701ac36d6553a4639d4f4f01bac2bdf47c9d5b1e3ae82ba32e991501d2e875dc2e432322657c7ce3948c3b567bad5
0e3ec73770708d6f04363cb324e1e39f893f2849efd166d7ebd2a04a356626373bd89513ef6805d84c31db2130e5365baf767e8c7204932919606f33
9988b3e9d948d10d8278b8004930039ad97a83e459dee8acecb60411d501ac29aadbc7523211d525afd6942ec94e0c82e34a762e706d7dc96e3e341a
3ea7f14d05c80e4bd69c46a110d0dc547567cd4d5577d68d8df8ec00b329907603bdc7537c4260e63cca8509174f445e049071fa2b6b6e12c91dc0e6
4e026b61af38b99a1da18f1b816fc5089cdc6cfb6a17a1890dc7c9dc691fd681e520bbb27624571705584c81b4a623517025bb19c1d3536504dd7075
5131e82673437ec963a631d7b30a4e6b6404dd688d648faa08eb0e700bc8a6e6222aa464f7ef0804293eec929b9de77c6af6d739be8137b718b46db2
cb2a02a403d80b8891ccf3c4b9d9bc3ad669db8c681ac2f58aafbc6402414ad67b82c7a202c80196521e33cd5ef010abd9f063dab11ccdb75d82e2cc
63dad9f06ea813205df2988348a8a2cb2a918001ac0f5b0cc5484d6e520a2007c8e2e2268716d908ee217ab018dc93091e2923b88750c252c6bc45f8
9569b003016d4fadb8e2611971d4a5b8c9415c6121d2a7a740cdc5a0565c596c03149a213c991bfe4b51ef69c595c506c1701bf13c1a6e3e2d930945
09c088d78a2b1e241397528ae7635a7145eda61557dcf12062a59431a31921258f6fe0cd7d7622b9cb08eed1d8f329994c5877806a0abce5415a408b
6aec1597851a7bc51d0fc2ba039ca650532dd9666fab049bbdedbe86565c694d00d7faf535bbde859c565cd1c94f73aca81e9be3c0432c6db3e2d6ba
b659d1786d76bdbbe9c46707b0500cb5e291b2865a1993168556f40ce7f6a5528ef10d5538c63730eaf6470fccf984c02ce7608f5a5c9300f674746a
8e0b95a2269dc13de5e1b8b86d1324a18fce948743c1e59bf69dcfc414827b020c6a05604f22a1aa51141a6e551fd8cacab04e83406fe1aa19485469
8083148642f5ec98e79d625acb1b52ad2e1260901010d401d9c63847de5502970b7143c5f75f0a91cf31fb4f0155c883345530224203b11a76a64d48
4050ff86ca1911a181e8f32d91424d39b90d3103011debb822294031056aba52f0f053888ff10decb4415a30bea1a9daf806b0d93f58f3751be508c6
3730ea912cb1af01ec6d06058fb4440a62d1475a0ab146c577590ab1ca0124808cf45d96f2b0b7ddcbe65ea642d84f4fa19cd3de669fb01ad1af595b
7532d5acadee586bd6d6312c5175157fa1a0668adf20fc08088a1407d265973876dccce38ea50056c1b1730fd2307a0f6af0866f77210eaa1037d4c1
0a702823d5dac36aa338477490e6736303b010065d464010af3e95a645c64d4a011cca88abe60620f72505d820c0786b1e9a727952f11d9642087321
06a8a7f40669c9b6a6b79b469846724bf2c69aca07560a1152a50d91dd04b60e9aaab93ae1eea3627450e1baff00ce123aab19e94cc86f00b9a6e79a
fb751ae3add8257463738f4263bc8d894137b631e2d12d233a4893bb79cea395dddc6fd0ca6e0e650debb6c981bdb08d6fa8c266bb954fc59297e681
a8b675dbe5085dd37627973db90ff6286a770ad9adba596b8f37f7e2b4c7db690bdb2ba78d6aaf28a535cedb696bd92b9782cc8e1882d9a6735f4d73
ba298b89482e86f08419d25308d4e9600224c10ca88205b04960050c0282c39404384d0170f94b21c0a9189b5308702abc97d2bf3185d9496c6f006b
8a84da14f35c8414c076430e6d4e14c2a0035c12805165be96f946e473215829c0620a95d352e21daab2b965a7cd3e0275b4d97d49a51044547c3ca5
10151bc06a63c06f691080eb644dad5c1eec50051d0ab4bfb73ca8096c51eb53ec12ab506c44b9d6cb8edb9702c89b552836bcece86ac0bd4cc53755
ca246f4e2e8dfecdc935c95b1de5c04eb5eb2dc7dd40c2ba8b6faa14827b028c6cb49b665343286d63422287b6260748c24d1b8acb9302d825a8bacd
b58e0b856d1f297ce3f2c615c0b68f726087e54d992c741f85529fc35e90b4fa486b7e3b470ad44e7b416a7a2468dafb424b99a4e6c63641e20198e8
93d42e1bc46f2e1945871144d453fc466a23c50641c86eaaa036807d8a90ddc6a41d40a98690ddee41a077d6fe188556c0f8c6147b0eb9ba8f798a28
dd1f8e10f4defe909ad9260785d9f4267739b08f498b12f45998d2e3583f21307d33a64c838653551ab3e31c79be7ba6db06b0195838ecf36d0af51b
939845c0ee45219afafb323822654c6264f13e26b1d9bc35841b9c02f88dd9f4177279407c524f815a920096faaeba74e1b0ab2e093e2d233e897b99
0228d558cbedd96a23d977f71b5c04ecda842e027c67a610891ac0118398df350389350a608ba2557d33a610791a8b08fbcb723403891b0a206f92e6
268142105100c785e5b0015888282afb98aa16cac67d21bca810b9d401dfec23856c84cc169ecf085005f0a6e9d8e4fa301bc6f88e376c212635963e
b300d2b8e94d0fabc07ec3f4906b76b9a7878ce25d3eb9ecd8d9e52e84ae06984c81da350a8503a6eae47a62bf0607308ae9383dac02db7cd3c32a60
134edcbe14e002a0b60ef60e261717c7c386c7b43f1e728dba3f1e728da622a6a983cef5e1f286d8d70097006ab3cd8b0a3a6649a382083cea8072d2
e0403003a4966c44a9250b458ffb024de15d8c00b60eeae460493eb9b838b2d546a1195e34b984f0f9994218532188a8a75480bca1458f6253c968b5
4b5075471dd9205ded053495714313971f141f992984ae064802a8a95b087d2ac72607d667b3dad667f39b5560d7cbb50b1f82a2025453e05a9b9008
a97268c2cd1c08f8ae4c99d13ac7e16442d511511404509c07bb658598d44278514ff9e41ee671590b9607841b75409b5cf29a4cb127d9ea3c6e1947
771eb70318dde93b33f10d04eec178ffe6d4f223182b802dccb6d8f970d053cea949476456f1059a4230568091ad001c3e28115ea0e9297e7308f866
b1c3919ee762afb0743917ab802225eca78305e09043779eabe30275e99b318590ab00e31bb84ee31b0a4d561be1477450a4a0fa8c0e2a446605505c
214acf31ce515b67b68f31ac0d152ac45b95b338ed506867b1dae8b053f38c40aa004d608afd83763388a8103b55ce3a78839dea3045ef192a54889d
0a605315017390f0c3e2433585f0c3e243358588c30092ae66b372f6c2a650b21736a72a1b593c54d301ec28cc89382ce7e1e442d59d9a5a04521542
8522058de8d3329142b63103d088a7cb1b62f78a8fce145eb208e070b14f35b51626e43944b6dde89a9e272a02d8888884932de242545531ec6772b1
74de561b85763a3108b12ad718f18c834b29edfac847670a5155c507630ab1538537627a36c1644a03cca66480554058f8604c21c4aa5cae4e08740b
90fc06028b2dca0cbe58aa4cae8fae45dee8e06b1d042a60940301ac9cc985cfa56ae09686000e0aa6992fc11422a4ca95a5c6fcb9b25540835caee9
09330b709b02072e55088a2a3c18d353203d467c11d8594ca64b05c0f50b016487f9c383313d85fad4f14dfa94c0bc5415aea47c5aa610b756ae316b
984f173b06936b2cc38d0aa16ae5721d43a85ab9175330107952a47f3301cc8681e8fb228587dbcbbd8e6c05601731327d38a41001566ec515116001
6c2dc61f0f877440a1c9faa0ac8c2499b819a1183c3271334280f10d5c0fa1c4b4bb47af30d3ee620b339f6e2d4c42d58a8f8d1442d58a6125932ba9
7b741e13c54892898b838a8f8d14e2c98a912485a8b100360832f2b6f3082e0b7009e00d07aac26b1e013601bc35ab8d0af2b59242a45931926472c1
756f83005c2bbb5c7df120490750c31ba41042568c17995c7df9d24821e22bc0f8066a6e6812fe557c76a410f1550c1e29047905b07293dfc828e6e6
adf14ac0568051a82983515214642eb88c1729846515df202944620538cc06a3f84c4d5c1c546e8ea50b315a011c214caefb1ed428f496516cb5fb1e
0422a53ef0992ac49c057062f459528d24293cd3114002dd52aa0f753f315a01fca6cf926ab0482160abf288494f81c0a4ecaa1290830a81d93ead7c
338f6fe060762476dd12c036e88ba500f6dc0258946a8d2a685610f115200b2680dfac304a2c58217aab3ed6f10dbcade31b781bd2b34160b5eb5718
d5b066555779dea403a8a541802a106d5208f2aabe755208f2aa0f252e715df5916d830607650038706a12a7567dd1a41055551fcdde6e90568a113b
156070fda93dccc8899ce5ae894abc48a701e3aeff08acaa0f8d66c2a7aaf12213abc900bb8066e01a8b8935633578a41024551f2e06570716b19513
0bc8fa70df86b8a8ca3b263d85ca1e8337aa34665aa5d031d31c722e06b99fa21a4932713f4580910d6a9c164cac330338bd1d729acfbccc580d2b29
aba34cfb617560b9e4e3cdc60076abe3e2b6a91c0a4e2e96b075d296260aa94eaeff58cf06b0da74de340d6abdd0492b81109e00abdf906d1e1c98ad
990dd21a1384f004b80594e3dc603519607c9301366fd7de012e537aff4c9adcac33abd12713ebcc00e31bca5947a1f0b60e02f09647a150cb566126
9bbb9b04d00470b8cc7c53cc861c9a3478590c06a0759285aa5b882c0be0e05b2847754f944b9ddac8464ab34b1638d02e4e96e329180127d517400a
312675d22e66695927addf199932ede31b1a64976b04cc8497532116acfae84721e0a44e7839952401dc2d4af29b31c8113d13be4c8560916aacc7c4
a2b34ea75d82e899b498890f09602322538ce828496a63c423607c1ba424a9b95399a4e6e66492808a86256c00d99180e6334bd800f6765f16d6d9a3
028238aa0f8514a2332ab11efd1bb2b9af41a4459da7418d6fd84e9c588b561f0a29c45b55a3332616a601cc26e93194fb022b806dd0ad826a104721
9a2180bc2177665cf90ad10c755ec737bd3eb30bc67e63d32704e69c06132b6030017bc99ecc70e4e60aaf55d6d9fd14622502d8fb08b2390f6ab037
6640215b19d920509cf8885f823a7a8adfd81168c8d935236f5006909d4273bb4f480c439d9bbd82609edd4f2118abce6d7040155422b3eda836206c
2180a3ac91e2a130610b751e130525ef331d85e084008b0002bb13b20aa04680539d0f5583d53ead8f3575af1e4ffe00bb806a0f996f1b8c416f4d15
f338e207901ac29c388e0e4c518cd806f7f806de6ebb1129bdb8b3c7d23f00adc3d2bffab447c175be2e1e6fe12d5f7db3a3106b5479b3a37f530056
0111e79b1d056ff9bab818c45b3e0095634d5f178736eff456c33d2616f8012c94e9bde8abc0d31e7571c9c7d2bf2e797c03a36ecc1185547d72a310
85144046d1614b91d1c437ae001674d84250dec49d44d5408982177bf52d8d82af7af52d8d827b7a00a61d37b2d4a58d6f6851f72878e72380cd8bcc
5f38cd99d85508709a8d14cd74fcdb2ba10d3d1bd4b4d9f16f0f7008485194b2c510c0362882d5147873c302fff600b2836a584ea931cd7c58a3e0d2
5e7d58a3e09e5e7d4ba3e01c1e204b0076b4ccf1070f60e5ec7a2d099eccadaba21457ec00664383acf3205001b2c3885fc7d86190af6e24b0af510d
5328785f0768a6cc008718ea64d548c6fbbaaeea7e763c025828b6ccaa21d0b73f3e213057452b370f55031a0a4edb01068d02b0e910306b1eb5e09b
6c1735b2293d71cdaeabf603fb29d5b887823776e5098e9e02afae74f1b90e504c8103fd1070c0aeeb18da18dac63d4cdc22547d8fa3e08d1dc0fa30
b45797b0b86657dfdf28786357e31e0a6ed6958735fa3770edf1096ed6011c58cc8055f399cb8602f80d3acd80864248520087299a6b752f8ef8a44a
a4424f819d43469901ab06089ed501e47a32250b60d4f317bca4ebaa69b264537653e0403b851740ea7a5a1f66b4610a13fb43011c3ec514db1aa3d2
57360a2ed3d5573626f687aa21070597e9ea931b139b45d5273726f687aaaf6c145ca6ebea2e3757170518a4a9dc3d48779094df6c010518bc55c025
e8953366a1f006494d6e5f735b5100ab8014489ecce0325d894ce8d97a4d93160cefda5623130aefda0670242205922b5d769702580596ca3eb95170
b3ae49039edda59a9c9dc44ed5e4129608a99adc002428aa26d7b3bc3412609403074e62bcb16bd266c701bba634be81b734b2d106c9d641242417aa
ec210518dfd088daf96c2855231326369402c835ba25b9bbc486524d43d130b75319e540ad5a6d946dd223a1309d936b033694aa0f78143cb62b0f78
f414b3d93a4c67e31c0aefcbd634262d3398773efa3710e0687462432980239e49eba31f135717d5b4396598b4c90530efcbd6a4d18ffb76f5698f82
fb76258021b24d9f7a663772daf64cbb4480d0c40e554d7a05f1dc494db7357700bb9dcd7655007945c9fb6c47c117bafa6cc7c4de55004502e32fbb
f1c34656006b5105d60f6191b5d4d9d50a30b255c06d0ac05def1561616cc1c4854bd5a73e0a1ecf01fc062990d542ec7705906bd4587639ca165700
19657ae73180d169d92d555ca6032c6683d16c533196b29bd6ee77e9f03f71f350cd8e4cdea8add97d4f3c9e6b76d1c98b2d551fffc9cdafecee6645
b764779fddfcd2adbfe0181d2099023bdb2887a6da46397c83bbf0e4ae966efd933b54f9b0e798b7d95316fca72b0f5ef414c16e0aa489122bb84c57
1fbc28784907301ba3cad72f2677a8b20b48bca4abaf5f4c6e57658fcc89820b60a1685e9df727ee240a709a0d46b56db870a9ea6e5ff0acaebe8b51
f0ac0ee08c4ea654537aa165b27f92c014065271f0e1251dc05e40b794c95e408b16f71657b46899ed051467713fdfcdaeb25a0554507154e1595d0b
f19805cfea00363c23b178aec8f540016c3786a5ef554cee7ce9c55e089bab258f2a54800d8f3e2a3a77e1701dc06f18a3c5f51e6ed5b57848822775
f5ed89c9adb332841f3aac547b01e5545cc87149532dee85b88f565cc8f14a6e2ddb204de53c237487adb8e1c7fd42016c5ef4918eeb85b8bb000e58
c4465112e2d81dc07150cd36089032c63532c457290afedfb50c81593fb987594ea50d13bfe8f381db78006b8116f2ed89820f79006b8eee2cb73547
7716b7f9b8eaa7162d75dcc6ab4f54149cc36b19a319dd59dd01e199ddea131513d703d53a06303aad6a4cb8cd57a7c101d91ca65c0254ab363c3ee4
155ff59e32011c1749d04c9901f2868aad2e13711baf3e6b31b94f58d74160056ca6082e01f519e39c6957b50578ca2880e5309f861b3cbedd010601
da608cf32c18df50d33cb2013c9dc29d3b80bdc022adba1cc59d3bc0e937647337b062ec55f735885f0c203bcca7eabe066ed6d5072f263727abaa9c
0bb202d88d4c87aad308d71005b075908475b31ca643752f1b6fec5a1dc05c3654abbb17dc2f547dfd62e24aa1ca1b171dc0e861d7331dea390a856b
d7993c9d1cc0864757d6219819e4d57d0d9cb6eb7076c769bb562d669e5bae558b99e796038c6c90d65ee0e6a100b69bc3d2ed6b6e1eaabe7e3171f3
5000ba8400c800560eb1a8b3fbe49e6cf36c88d0c8eaeb17937bb2cde1ef9e6c9b0681ce4ed32ec601bbeaf93e71a55080cd14be99ed46c462732ee0
561da00af8c68d6d37689b1383a799a2892601bc71277fc1fb3a80fd83246c1eedb875db3c9ce5e6aeaab7fcc4bbd001ac36e2aa8de18fdc696a037c
b96b531bb8f7dbf2289472dcfd7323b8e95842a0656dae6cdd086e5a2c6ef7366709519701ec1f24d2709def21989f1098c3959ef8cc008b00c69d4f
cdded7826ef6bee64cb3c3ddde6976f836ea070117b7cd0ed7d071ffb86db616b2abb9b8e5aea0989c56c90e576f34fbd8bd1e3cb8038c6f28f47094
a1079b67adcd0e7713c7ade9763a141064cd2df0661feb4dc55d41b5796eca256101ec227bdf59836f771d0ef2f8760770986653cc461f6f9ef37057
50f5598b820376dd3c44c5e73ac025e85cfb924521d0b26efa96f0605600db80e6dd541a7856577de227ee0aaa3e5e5170b30ee07c4aa6c801da60d3
fec6b3ba0e9f783cab03586dda6d1b938b25d2a665ce6543011ce7d8369b96b99bf09beb4cf7dd373d1fdc77dfb4cc09b40c30bea172aa139ca903d8
20ecec6d797c0369179ddc5956370d2a9c9ceb709dc7c9b96e6ef43439d0806f7250ac02a6898f574c6ead6feefab89b8ee77b0790ae839ac0ca218b
37179d781ed7cdfd202e010a602fc8a8de897811d7e1208faf70008725eb964d15d4e46da820c4fcb639c410f39ba7536da4d8a7a6ec36150a601b93
099367d35511b7ddcaeb171d5053f6832a817b015601ecb0b8a8f8d60670284b9ac545c5d136c02930e51650e839485328bba8150fdabaa1b62a7eb2
016c6bb4ce46e8e09465e71ed9f886a8f98acb6af5f98cc913850d0bacf22a57f52d8d8a636a8062b60418df9832bee9a47734557732f894c0f4098e
898b91028ca21a6050af00db04c9a14b7be5c5adca131c3d1bdfb8f1c3fd4901aad9208def42c5673480b54059e9d25e09550b60a168aedd09c92d70
6199d87408185fea98b856a9eeeb2814ded641cd6f0635184d231b8c26795b4d612870c351007b05e375e7aac08afb69ddb31d8eb8dadd05e286a3aa
1b7c2554adeaf9de1f1000d8a248a8bd38fe9229b628126a77de7a32c3031e3d05de5c08657bbf0e46e1adca681258536c8ebdda6e76631bd4486956
011b5707f98a2f6ad5417ee21ebababb92e28ea57a2c728d20e34d880e7a158ed12508b2631da433c00e46871dab6d8dd2387473f53ce95807071560
2322ef8e757040399ef378d2e43b129530ba00f62923f1183dc71ed291e50d0d72e8e7e719d4a169e21914bedd1d50a85beb5cd214c06c0ccba33af1
91b8c7e81246e2317a0151ea9b101597d53a7cbb79acbefa0cc4c4854bf570cf9c0b97eab1cb1b43ecd049c4732b7dae2bce926164531ffc23ab8f3d
54fc2303d8a268c4e3f49b49e01865f01d1ced54e2c7025c029a977565c5733280a337999204a664b3c1ce65394c99c35d12cfc70e76492a9e93f5d0
faf014ecc0faa8784e561e77982a7e8a0164340b24c0e0c3fbba03bed11d8b1bf702c8ce2218043ad767b69c4530b22580c3320b76533ad7783877f0
490bf3d4ff935bfb02303708218b058e4dc700f671848ae363002bcb8839c7ec64009f1e587b147772ca527189ace73652f866b319b0a14ed46525d2
ac0ebf660fe9ce3196b060ce7d7c43fdf6c14101d8fb0cb9f318df40edb0b51071e7311885807a90d7a6ea79da740c2c5e3de880424f87361b323e74
50797aaaeae45c0948abbe7a500948abfa355762d0eae9c22e6332f8d041e581a97a0e0d896d73b9afc6bd4cf51a6389e1738d41d204ce41ac916bb2
da0c9fcb4d5d0f03af7910e855b81687028384170c7a36be59ec53441ccf19f414bfd9047e330a25db6a37629a5cdc3853f18f0ce03065205d435335
c1e0ad57fbd2ff8e7b02033842e8edcb459ac7829771291ee45d6a1dbd207158ee804279f76cf2540f1fe59e42a17594c337d5718d20bbd43a9ef75d
6328d3c1571dd424e03860bfe1f2b8812b92025c0278d3cdd5e3ba6b1bd928741f29944368e4e471ddb50f02b073d83f8c904b81e971dda579a6b3e4
e5deaf6777d7e910731c70ebe5e471dd7539941d07b7c3d2debe470a5c3bf83c94bb34cf7462bc1f8e517afb7e3842e86d5e12e8a057e19e47a18253
d000f0a68f9e0f014c5c84546f6d26ddf26e56fb9588af7aaf23db04b0eb9191b7c6906777b7c6907e705ef73f7976771b2ee5d91daed83d9b29b61b
eaf14ef246b57d0860f2ecce87006a7f43ea1302d3ebf2278fef6e17011edfdd4a359de46e4e9eaa4e72b7226eb67e9bec593f43373ce5bbdd7cf594
efd6eed7634ebfe6aa5fdced0e153724565d99abde6fb75a55efb7db035eee4eacdc9ddf5304ce0d84df6de4922776b74a71b672636021e2865fb347
71b74a518737fd9aab0e6ff72dd708e6fbb657908437a7609577a8020cd2707ddbadab00d153107ef718a6d877f76da1565b779fd28dbde6adfadd0f
07605b77469bb7ea57fcd5dae331a8ad8041ad01ec852e23dbf085e63030805c9b32dbd605a028e5f02f80fd532867190404b25328873b7c2aef5d35
efca0f3075b05a4e85378d4a6e860a604d0bdf8c415ff8c62dae5268034529e152011c488506e1e8b7e2ff1440ae0bd9f220407d589f579e9a0a6053
15da808dac4a1c54802430c59a16da00178d4ab453f3e2fca9d8204316db064a5c9e800a700b2854e38163ce009329020b9da98f66050e47edb18d6f
e0cd39c7434f01aa000eb651281c0c595ca9c22ee905d2bbdf2c903ee46081b4c62b5e41eda125c1f965d375b9e215d4f456ae043805b0b31a04ae41
1a0e9c3fb808b5e1d4cc2d4fed71cbce4a83dc235b2f4707e58aef4f9ba60156c0f826016c9d3e1bdba4f33e279b0d9fe49e520083742f745a06b506
58fdc69453408a1ef61c4cb629f94dfa94c06c531e3929d7a5258e336d52c973b4d8865731f73405b04a7de207c8a6c011b7934c1c3ab6c9a50be78c
01ac1fd37baa3603f316e7e30e2847bd8eaf4c9b1c729c4d36efa78f14ca698351ca51e3736ad926653e878e01360185eef67e118c6c70c02da51387
8e6d52e3e3ddd2267d7f38746cdc2ddf011cb8bd83df4b00ebc314d243b8123714c06c0cc6c9d35e8e099beec215079036e9bac399619bc62843584c
8a524e069b17c04f1c0606b0a918c0f334ca6900ebc3009e354471f368def93e715cd766f74f38ae6bf3624d19c0337b9895f0a200c99415b099c237
ebf806763c1fe34ed0a6bb70c50124401350053734b906b4cd9c8f559eab6adeec5e092f0a30b8269b6394c7afdaec16243729b55941c6015b9bddca
c02ba3e1c3db011cb83ec2f7a2cdda919cc3b5594186234680f10da47535e084aecd6e65e088d170e8edcd268143403657413c0e15c0066190cfbb6d
c0789bb52339d50b3008086e01ece860c9795f9b353779f529c0e04de0a0602ecc2e8938ef6bf365372257bd8b7de2faa60076e342b6dbb980a69ab5
4af1e408206fdd186ac36d9763c1009246302fae8f38230c3038e8852e6e0d12ed14400ed0afcb34ca49002706ca7699066fbd411637fc38300c60a1
abc02e61c02e9e757194d8f415aef878b4e12bcc2d4f4d5fe14a4852000712ca6959c7379fdac38c9c8357d8e30abf8acb465bdc91af95064af29ae0
350df668a031ce13bc66c779823d239fb91caa794b7bc599a371177b07145ac63794a38325d7460518d928a70d0ee888318019f48bbe5adc2115c0e6
669c2f1ef072b8d9162d66dc3c02309ab91caa79c97a257caa2dbb7dcc681e2ec65c1bd5966310a01cad5fe2a0025805c6ece298e52caf2deae89501
ece5e713677901ac0f037831de8fe3bb00554039b73565340fa7606e6c6aab11c9dcd8d4d6318031c2d63118510dab8391a3b7b6cef60246d8ea58e2
26a500762346d8ba8c6ca4686172c752d35db8e25bd2d66510e8d5f656f38913ba00831d53ccc61cf48af38913bab6ba3ee784aead632055532e53a8
8247a51cbdb5d5107acec7da70dbe57c2c80a457b33994abd9a4869db21685125328b90985734a4b43e23217d290b80c7f6f479eb8e12880c28fe19f
1cb01cca051855688051a8c042fbf2baa521719918c9cd63ceee5ada460adfb876c3fba325d53d0e1f01ec12a64cdaed60668957254fdc63d4bc1db9
e2c911c02a30fc9316266e1d011cb08c782f449eb8452880956390273741f19668de8e3c71c0d692c115dc2214c0fe615ce7c96ffafa3c4ab60a7d49
deb2116cdc2f1440769832d9053ec775012e531240461996593b12d789e6ddc4156f89e6ddc415ff86961d89b834347d012b1e092dbbffcd415ef3d2
e1a97df27ab7965dc973a5500019679866d7315c29d4bc40b8e22cd0b2b627e77f011653605c4394c3c0963537390c0c30a849c0a180a193ebf80602
6db043cd9584dc2fd4b2f22e218bf390778cccecce11570ab5ec6a8530ad960dd469187b790c3906561e430e2b2eef0e2c6471de6d7b6471d6f6e434
b165ed484ebc9b9e869513e2000e2c04b3d7f7d664b55d9f27ebc3fa7ce604b265f79438856dff2f616792b4a1ae24d6b957f3811a50446d0609f0cc
03ef7fe0cc73b8cfafc2aefa47a4841052aa4b65aba2e089e075a00e9854d34ec26e43881e303477448b91e8bea924fc0f6bf0f8a629a78e0e774fc2
48c5f42c56b091e826f88f371c024c45c28632b50f99a088302341e7106146e2b4182d507647b4a948dc26a8ba7edf509b1318e16624be16d06a0f79
e4999118bea10b6cb23ba2d271e075fe44d239f4cbbbe36e74a0c498091a8a79f289303312cb84c56e8a71ed38a46411590e351a779c000d341a33c1
7fba3de56c39bced77f1d6eda9a83a442f678bba8e67173b876de36c39dca5bbddf6eadfede9614f397574df7b76bb7d7effa16ab7df6e4f876d6369
e2b137deb059a8deb8239c1daa37ee88602321aed9468ecbff40171fd7d702fee3968d6473a8f8b8239c1d0757af1d37a091f03f9c548772832e7ad7
57356f6ed1cbd97228b7eaa2f776b4395b0e37e62eaedfaf18dfbc22b199f8fec337dfca6a26fca94844d32b83fa90106f1cdda7cc2e847f917014ca
9f1b26ee7ba324d7b77313a9dc9bcfedfb5576565dc71d196824be6283c424c1f172ca4b40fe17092be0ac395d76080387fa913b22cc481c260a093b
dbfcc6c163533a09f6b0e39c27f6e0af029aa37c16316124bee6d036e962c4779110dd6cf3a752726cdd06ca92f98616286bc5f02d12b680cdeffc16
17a372e24ef544b0170911c2697076970387bc6a942771b586de844fa47ce3fce6acb8be5cc4ecf9e7f515a336b7f92ee2a7dde60038a73f655f3da7
33867df59cb69aadf49ce28dadf45c5f05d4a6060921bb22f1d566e2eb02385862679810bdec9eaa379edd0146bcb5e354749c0a4409d23270b89b6f
b20543a102c672637c930ff4aa8378221f8bc4ee379dc4f78d09f1c611a442e28e2039128e0f47d0d8bfda78e3250dc9d9189e06089223b14c14128f
099a831573bad520314c50b5930f3970249c07c3c4e91baa9613811c6ee0be37dff09f6f5a82d1e1b4dcd860863c0ae4634355c51d473b4355c51daf
a44355be13c9592486095a30be6fa800fbdf131bba48300f104b0f34fe32c137eeab48a223d1fc8686a2cbb423891ec3098b1c6ee08a37df9098768e
2d5b9fba2792b34874dfd06ad912042489765acc51c01dd58eff9d48d85076247dea9e88d1063e75f30d15dc5f6d7ca3a4f6707c6e51c566aeb7dd13
01db188f23c7ce3e9eaf36aa7eec4ffd4b4a1e25fd1547d278be5ff15f55a00ee7c5fbd5ce7f31eed9113147c2163149aedff74d212186990a38e9cd
6f0e125f05f99f6b73f0d8872eb76c24c443bfbc3b8e762221823878d04ecc37fcd4db2412bb817261bea105eed288ef22e1cc6487baca57752361b7
d994aeea374c9f0b23b613215d241c56ce89cb8582902e12a29b434357bc3b7e7222217a994bfae5dd71371a89af027eea4239983157b36d87df885e
a6cf25330f6bbb48d81c0e8dcbfd1bd9ddb8bea9cdbcb8bea9cdde757d539b6bc835bf625430dd1238682e775c64c7e3722bc583ceb8bed9cc1677dd
8e1c5bdc757fb551c1fd15e33fcf578c378fab93bd4b6fb527f2bea1b7da1dd16f241c60761bbcd5668216609c7922fc1beaeced887e23217a391af4
63bb23ed1d7aabddf13013ab7b37b191f8de643194f1327190f88a9d24ba8941e2b2053b097a8a50784cc974248e91f88a65db667161c0919ad20bf8
508904e38373943115a321981cfa86dd110a47629ae03fd549c1f49fb0ce7644bf4347b1a702c3d9be0aa84d424019e1f484c7394a24bedaa8803be2
8ea79481825b26682822891db9ef40732dbfa1ea6131b6df295758e9214e5ff30d3f1ddf7fa8da6989103812ae6056d6947840221c09ffc3ca9ace51
24c2634ae322118e84fd6161e8c0f554943897ff6161e8c075c7ef66243c750edf88defa57888a31dd7491100f7db89e8a23a7823025903a67dd911d
8ff57320a023d7ef6bd14962991824dc2c58f84bfa4141a5fe584fc5916b732058354b1199e2c8b5db3fd6c6dabf37545dc416f36f794d249e4d249a
6ff88ff42a969a91787c43058a7115612e690102d544c215c096bdbe8d8cfd617963db998cabdbeaee1bb1c39453816fc74f49241c08a6cffaf60736
98e5fe80e7cfa1efd15349e77abee6f08d370fcc3687ae43771c8446c2626c30f7877846eefed63a23a7b7d05d5938fa6af9cd4ec29e82ebdbcbbae2
ef7bf71b307aef5f0ba85a5aed6087ba8b5d006ff7876bb6abdbb3059f23e3f6124d109d483829a0646fc9263c8b8cfb5bc4f6b4bb36ec9cb2480c47
c7ad901bc3d1811e5c16a3391fae6dc161d5fef4b439fe947034bb62f61bb5f15d61fa2ddd55a0c86eb83e91a07398949ee7f766f9869f7a1d50727b
63c6749ebec125d7ae34fe86191e09702dd1af00fe5edf3714c3426fc7b348504dc50455dfb61aea17679ff90d9df33e8bff90a117cf1dff21415c7d
a8a2dbafb5b1e3de9e20cae9efd7e640d83c3f5bc0f6fbfcbe3759dbe3445268ff786860ee3a3e05372c5cc7a3b002a3d648581b9bac4e2b4fec5823
719be03fb295952f3feed20afaf1609909be711815f4e38a321389d16738726ca5cf103b9b0956a312fc47925b31b4da61bb12fcc7cdfcfc33085a90
a236821df8911e57defc5cb688adf491b3a754f999a29bddf3510b5211f3f34d05b6d247218922e667896ef6d56739e5d8571fc527a748555f0853d6
4838fa1ce58f140c76ad91709e73943fb7cde1287f94bf286f7e1e71df4cd802b6d2e7f96a232169828b8d487c2da0d5df5c62bf7b7fd6c616f74aa7
28a77f7f229173f0d5824019f52bd1827f8a48881086e8ddbe6f2a092716bbdabbb902385b5eaf968ab2dfdd9f72d0a0f0960731ff29d6c6d1f0e9b8
29f17e3d27f00e31defab58daa55a550c8fd365b709a70fa3058afe744394d38588c9c1e46e38d09a729e7deeb7e5786091717e7dedbdd3986097742
0618dfa3f9c68455b34beb7bf4c45a35ae3a4e7a461b6fa1598c842afac4351ab80ecd37f4473d1ee21a45e2fba96f9c3bdc8edfcb9e722156c56e57
bbe0bd9a8968f5b5bed1068cba0a7600d7cafb50459dfd5ab8fbfdc08dec06bc53dcfc27f31bd514f3850ff23b70ae9346f1e448155862d7426dd12f
5351a1601370610650fb5724d19c38ba30082830c602ceee36da82eaa2bf81126dd4011b206f7e173ede0b6cb34b17efb93e2e3cb757b4722f34fd0b
ccb480b33ebb967b6681931670a73895e78e5960aa059c2bb803a6024d81bd1670221186c0b5205c0fda32fc11b530b2076dc93dafa2037be1b5bdfc
2c9efcda9ad7f0ff7ef7bb70e85e7e5696646ee5aa1d70a2e1a4ae09864fb2272839416532c12a17de0b1fef05665fc0b92ced6f2adc546ebe01e796
3e0419ed933ee61e59b902079c1d1b8274e6048329ade3780f70924d7f17c34a536e9b05026fbea4253758a81601f527cd7a1c5840b369567225f022
16a0ffa129a980890bb10b9b847a381f1fba3c289efb673d9c90792e17472477d27a38095f103da8e6658c9d8529e329c949b970318f46de05615860
29069cadcd1329c0961f26291b70cfec02c82c60dedfb908399f03a46f493e5db895c76bd7059958604a5e772e535c760598cb147a3ee01ca042dd3b
c86738eff4a9c5d11d20837ffa25c86268f14bcfb17d414016789701e7ef2bad2ae07050796ecd05d7e1d75d192c8b27358fc25d8027456879d2f5a8
de5df8b2e764be20470b5198024e5c55fa90fb79211e53c05949a50fc9a3a828bb5d38b7c735d685ad473d1d875ceb381dbf30e7e05cbd204d2bce27
02b651e627f24f7198740f4ea7ae3ba99e7a8ac3b48c2c706403a69a421353a783d334c0972264e7b2e75cbd20672bc750c09322e427d18237a8001b
d3935e5cb48bb97a2733b09e4e8ac924db80179fd2ff058ac4058b8ccde3ce0b6a3dbf22ac09f172833a962db42c876d809522b48bc5e7ac48494cf9
0adf59828de54e8a84b338c0fcf0fccb3dda859147d95c18b9eaea703a3ce0cc95919c963a9c042f13c2a5916a4e9cc21734721d22e765e2ed342349
1c8ee30b03908ab6ca855f7b8ec50017d90d38fbc22c7d7e56720047251c95d7b3d11490fd24f3d043f3c94b5cc15bfb05e95d601b079c9b0153e961
91c233bef0975f6019079c4339fc7467cc58844faecd3aac26d7264a7917b626e8da5d78c32fb08a2f6c4bf09274e117bf628a1db03fa5b9c96baf68
9004ec8fe85de5472cb7a75a25d573e06e82cc4e563e7627150d930b77fa68cd05c8cee85f73a1e2d5e8c230a5a21a1270f69461c1db7ec5f0fa7a58
9dd85d079cc5c5516772b24f3c9d2e71423f4955a1bf763d87ffa4c68365682f58cda87904cca8434260ca52369bce52259c53c0ccc16a19bacaa2e4
6e52361b3fc0128713762b05fff0d7935455b5ca5cb7d55a2673806d865b4343447d619652cdce23b3fdc46f2e5b54ce027c327ba7c29b59c50ef5e4
9a4441ece216d17e4ecd5c9355c4dc204c9c264ba9fd4464ae5594c12eee05687f05681fa830cfc6f673ecf270ac9d5f7a365a39872304cde30ae49c
e23a5145f44b9721163191a9e2fc059ffefea525f9cb370fb886596ac01c1a59820b05ba5d1797860293fc7a77ebceff60fc82f65680b6844a9295d4
3cb1895b50367f940467f368266a4181877e718b2870cd2f2e11edf76788d828f8724c2498546af3fc7d2b03c2a1fb266f1ec5aa0b2b9be6e9fabae0
2053098480ea5480ec72f6bdb9cb01e680781abccd86f2a3ce2404e40862077b9dd6d070efc962e243084f2cad2ec213a05f75bda98fdd5c04dc1cf0
8c73716f4081eae2a25060b35fc40e289b8d9d14a13b9376dbd8052668c9a225227bd107ce8837293b74a32e2206b4af7226327b29c63305967bc0d9
58d60bb1020accf780fd32c1649cb4ddfe3c7453e4e774c45bcb85614cd9447e4e475cb5cc5f5e6c1beec4279eff0b965713c7ff786609d0a60ce0fc
e76e893c1bf8e7c4ff3f0e5a022c646fc05949b1c4434b3af04b913de19d2f0b3f4aa2ace02c7ee2e91f8f2d133fff05e7f013cffe285d4dac5cd0b2
9a38e5c7edcac4a8a5c1979cb8e7c7014b80933af84d4e37bcaf04681f2c9d2dacb4bb81ce83bf27658597ec89254c8331393184c15ff6c4897f8345
3931892988260206578765ee2cceef1b983884c1c4465bf2e2dd2a4de92062a32d791ae04b25402adff83f5b3daee30366ac06c5b98c61ef367fb924
70a912a0c5f9692e89d6e8dc698dfc342fd7ad888b612dfc154a0c9148c0d9a54e8d29d96dc51f5d12ed3420650905d1c8fc4d68fc9d5fe5c5aa893b
d6d0eefc4bb917be3f26befe1b64fbc4f6a5204609f8259f3fb1424e8a27efbf953f159da360b674d088870929369341844a5880dc2e76fec039b03b
f373c347516c6e3f261e5362fb313cac02dcf61784327363874626133073efe4db8dced0b16da333b91fce2de7384a4f732bf49da587eb7d548c0264
7ed0f52dc99506791530c3c9aad972b3456d686ece72160296330d5383802d4e237312e36220c095205d6a2c840a9c13111f0201b2267661dac204dd
0ee6aa3f4dcf0d781908900a2dc184f73fa929dbaaf939e3f0571d20ebd056259b07ae4980608bf9890bff46e88e89114d81c91130f3b3513e0991de
2c42ff1be8caa98aaecfdc9c9e0d6ce50502759e003b2b5b98a16b34f1a242fe7f31191a4dccc9dcfd3d8c01842c019fc0fc28c9966eab6e4a531fb7
077825015382fa6e70cb04c44d7fb7045706c43401276a3f9029da29fdb025b121e39f1f2650800c50e7f7794340fb26c0c43e3ecc024eec1fb43b69
8fc6191470623fcfe2b9a7740c53f889b3fe82242860fb700077b615e1680a76eb13a7fdcdb361cfcb387a3801f27b16c8be313edd22fcbff869fe3f
c988b9bb56bac55f8a504d9e133d0fcfb97b4cd08b7d67246c7ab2d51a5eb12671028a7b2f4640e8014d4c808a7bef9ee7071a4193700105ded3245a
4081e114700e51636cf1f38f9ad0c4cb7fc10b7dc0d42208fed99c76d6d00782803ff58ba320d839f973073b22b6d3ba214c8bc4ac0b926d9f180005
87f5733f199f419ba0790882173003c41eb3a7267bb74832d850f70930c912144127f6400509d4dc9339da703c1370c9e214c975d550ee0cd846929f
2b05bbf5892151d9fd67ae1ab87701ae04a97bfa21bd4ec65a43d1711205000d9cb92ff8363631292a747126064768c44c2c8c0aecb18981117a2e01
26ead13f9c4408389cb4104ef82899d81935d8b8935001873332575eebcea53c680e67611e2505d959c0074584cf2c42d75e1b2b6c2dfcf485cbf4a3
6f29162d45247267f7d8dd731da2b411e043b670a2821d0e7325586f01e6d0c2c19b041f80f536cbc658b1c5608e54e0e6059cd8ea8237d9d9e792eb
0add85895552416037b1432ac8eb026654a06f884b10f9d9f2022d86a38b498802141d028429c61011aca010177062625430c89dd81135f4b802ceb6
b3b31416164cc1802f8af029d4d361573bb8e3782c298440c41f207f85d428298e386c2f9766848301e70cb0b92c2fe762e9b60b38292904ee93f807
05e161c0d944f627e21d34e751396d8ab03fa24779c635670c964c78440ed01fd123882df49a0206a7ccbb92871cce900364ae590b6b7458828efae5
a0966a116ba11b7982c1740c1094424194647323fc9ed83a15ac890306d39c66983d95e45dfeb15915ee3edf7c6209179bb1f835f52e468d7dba243d
87083c401acaba29794a220c9f045e28303927a1161a8a1c011f59c4d2d08a8e7772b8113b0708eaa1c54bae7224cb93a80c053e68c07766033efc92
0179d8355c5849199eceb65ccca793ed65b4d9de4b2e5444c6b3c2bb46b418708e81bfc4fc0a09f1ac2e3df05337be6c80749ef55673e921350e90a5
c7fac138ab61ea3b6b1e5dc86727965905b3e3595d629cf4846468080c0366ce82f1ca9d08a1e0245243c1ed7ec0b4e0a07ca37aaa71e98172e23060
1d3c31cd2a482d674d667243903689c180d836404872489d9aec2ab8c301322aacc29a2baf9d762f971e9ce2595d79acc80aef194eedc468ab9d7e0a
931926ebac799fc1e83840860e7aa0e6b9860438407a715a84f1e780af2e1a9621511960490708aa5928354583888167cd730da7c3018275ce584233
e0473840d0c2715b735521fe9d046228c5fa92e385ec37c01ca2e1d4c9b30c27c193780c0561e624020372da00f3374cdbcaf280e2ae9e70dc456a9e
700d7bbb595d361cd395cbd170546e7e4f6399f190b9f5516041e5c95c6ec3a624e98821f1ac797eb56153f2fc3a9dc3c932389db70871bcab105ce1
1b5838cb308b2791154ee66acb0b521b1f9c68c3e63a60ee56cce1062b0137fdb3b186380e0888d0b0900a98e28c6cdb2dfe177b2a0ae6ae7358d7cb
37fcae70213c8513f1ecf8844f28586acfc6650b6ba8495484e24daae5ea691839cd96fc29fcef4e622514d8cd01678dcc010225747c1dced6110ab1
0b34263b56dc01d3194e54c21a9c62302735ae7527e10910024ce2110cf177914b755c5ee04c4fec08f19b1b60d2783f317fd1370ee296d7ef8efbb8
d9723a0e7fbee803e773cbe938ac70d10791951b301e5f03443ac5518d7d6081ed1d303fe21c6ec946ed088e0266e8394e5bde59f0151b20bde7086d
2fe22cf69df622c3e2acecf09f608207cc6f99e21d198357cc9ef7930eeb3fe06c3cd5f44dd15a01a6f1d4c82e8c61f6243441c7c958c051cbb0c2dc
913bdcf6805b660326cd33fc30670eae5f2701094afd605bc8ef91c57bc3ed0d6430993bbb2a76dd012732d83e7aeea438860d903eb3387b9236c306
2653bfcb39ebc99574f962f057b0b09ed8fbb97c3b775daffd3d2fbb05bbeb808f2c426b21dbb1c00e18be835dcef98265eac432b0ef36369938b894
0d9016b2edf7bc03e35c7662065860c0070c9ad956883d80cbd900195b368d9ebb0dce6703a4047d805789e974c0d49ded3e9257d925ad0f7895d850
079c28ec82f487d30d13c002f37c62e757b08b9e840028584207cca76417f818600bdbbd02533de09c146c488408281847077cc125a1f6e49d63041b
202c10b075545074fcc9a1c29e6fd8a09c32c31f732463493d0fa606dbd4d1690457438ced302e9dc701722c92cc41f7374ceb7af98ae43ce60a7b1c
cc404be7b18a7d68800c8da59344ed6ef3074a34b8809d4732f8badbe181c9fcef8341abd5e37416dbc94948804ef091804ff2c10ea2d9ea7f713c85
71e3c42aaecb5bc2e7ff866963c027f9c2837c06e2b60db4137d32cc1a27befe0bf28379e03c0acfb001e7383b2b31792b04ed9c5abc619038cf1fe3
cfde7efe687f379f36b3b9e3e3bf63f91f30ab8ba35cabb75f116605706a9fe810637b18303804fd274aa9b85e9d58b215393bf8f6efdfb7dca39057
040cab8c71395129c0347c62c4d6bf6fb19bf8b1504f3627a2024c7cff473e304a05188207bc914f1b9271d8e5179dc400c2f5eac4e0adcb30c2dead
e0da7f9edd7f1dc027f9c213987626dba2cb1bd2520dada889bfff2e73e83c6803dbc299b3b660701e301cbb6279700b4bea3c69bfedc9db57974baf
d77f74a4e689eb088fba131a1031ca3c3931b1139f1acbfd1c47e7332b19ebb882f9f8d4c33f4a5501d377e61276721d0fd7015b27ed779eb30d6117
d7b1710e187cb2d231912b4a614ee7bff5e04705e5a749948082d5fa3c9de730a94ea83ebce8076cdb683f27b1acb913bb253499024efc77e700564b
3fe7de039b10c2cb18026835054c1bd841882050da9f4e91e7e9226303385f1b48a39201d9bbc8c6e01455a380615d8a607c5021ad9c83db959cc1f1
83030a92068b527620a67e5dae37410936249a0133384c9681c913368c7324cfb2e3ca366006ea832d538007f989604dfc50490a9889c0c13076ffc5
7f5116529034f2c0e8a8f1cde1e263810e18f5ca898c2f808a50c08960748126a1068ac2a1511928cea9816109ca4073b858b90a0c162b2a40133bbe
0d659b499081a2a88818031b1a36934002bd8b076c4611a4060cfeed3bb6d9e8d5cc417c19cc1603661137f3f9179bf7806ac577ff1c2e443695912c
912ed766e0290b859b80612b5bff699dd49f97b48ed9de1c033cb3d90c16eee6b8bb70a10cc660c313cfc9f1e8d8bacd911cca8ea9dbc4e6b0e0a220
e04a3ef57097c35bc1c4ac70439b2560ca433f8ce97fc1336a7e4abb868b95cd69e462edf8520c38cd0b505009f8209f76a249d4baf930dd9d032cee
cdb9b7e0ba3beeb9a0fbe1f8b2a0253d8957d00f718b648098040183677188c097b80313c3c36d133fd0d6f86098e3a5bc7d61ddc9acc37ad038f401
db5fdaf0825bda7fb1bed012989a11a225302f0e3444f813bbc1f896321b63c106461883d2bef28c051bd885a50c72fe89656194b11e3630f3a1b0e4
b85c6827107160127e6043012060e63ceb4563414cf0e6e5a167199c2a6cb6a75ae79fccf8ab5a319561d04d04fa491882d2ac2c59915d5ec605bb43
41e6e5226393b85864322d2ef81d04079e172e0f94b51399a0cb2bb80eea61d7261441971540bc812e2fc070030ac42f169617fd0bee47e38a71e141
89b8e901f35f4ea00bad694cec268106bab7f70bf6215e35e67521bc70f02f10c9c64c2c828e1fb080195836dd8b4586f2dd244441f7fe8eb563c7b9
d7bca0024f07193689a2d76b52c681c2ea402135568ffd14ff44fd504a7d4dda2cfeb95f289fbd96eda13c46294aaf2f546b15865c49411af97c1287
a07b7bbf92c5583c1d2fdc7a2bb2262241f174bce09c74718ec24f17b7d80f28cb261ac1a6d01a2bc782eb8d397fd6295cc83f80fd5638fbe5257326
d568e0f3891964c71bd224eac0a61c797270e1dd35e0419d27306db01eaeb938ec98461fd8ad87838b7003010ff21b708e85f7b8891daf92e79997a4
eee56dc27b51144440824e148f80694f1546b8d42d73519e3aa150f143342762367c814c421174d4d302666e33e7b1b9ec5ebd8c50a0f479b288f14d
3431c52c0ad1095cd0f14c143073a60a835b36210c340bfe44a6f699bbfd458116d722d330074aa067b79db4016b0825d03399a1ddab97810c141ecf
2e7e800fbfa50d50b4124133f99b07be6de63cfd176558bf8abf8c53a08879e68119e5a9d3752d6e5dcb81cf3f36b3c909da9d6898f42b5f2696c1e1
756912dd5201f3bc400c0b7d726a762723a4b21261cc444b77325e368afaa7dfd2d8e9b7202949e5039f2a0133c80e5492ca074e542636a5c63b9f33
c9e603472901b3689cd42eee4398417352bbb80f6110e9a44671be3b91113d48054ec4845e85261e56140b63967a78159a7808502e3c6feb14a6bf6c
e413755f4221cce9e6c1e63ddd3c5c10280e2a709cd8f8e38e376026c2214cdb60f3cca4a40faf0f13cbffdd89860c51a9e474b381449f5c5db1579c
cbcd86c36aa1a8a28872e1d855e9f4fa21c3a54ecc5b8aaa1758c31ebfaf9e877c61ea67c3c614b628d35c6e486cc0d8c0147cb004cc584359ae9d3a
fd964d45c1e3dac5c900bec9b73c38f9ea0427509fabd06636f8855b4fa5902b4ff7434a97681a45a50fcd6215eb110a63533887214c510364257ff6
40773ae0eca3e2366c650fa94f4362286f5b2e6828d1857c508a7f410de3f025a6a16de05f79501fe8ab4e4c5d36e57304b928ca6817c6db1802068c
ccdb7ad48b67035869f479a04a1af004a63dc8e8fb970f0e1dc741bf58e3eb62ce581ed93d4e17020687e27f8243d60e562cc69f9ecb75c73e80b98a
a1a8a7362a6a9dacc5bf201cd6edbf683f6baa5806a5795cbe4c2c568c211d3038f9f2595ffd4fcacc901c580c4c827014155a306839a48ab46821bc
c3c4a2e59012c2a4a578bdd24645b136362a86959e989a1c521b3721ee64aaddc8d8a52ab45e96ab86f1f2215541148ea8d36f1ff2fd9689cc867143
362bbaba219bd59f214e87619d27262987a7f84d3877655737fc219556ee6a3dd45939652d53517460f06fae99caa96e28da6e7917040bf46ee0cdbe
c398c6974dc07edb81e917d49e81429421693ce2d5f226c4a3fc426c9e8b57cbfbb03cff3d2c4f1f0ff0ecb72e26163de626c7fe7dcba4b00d2793cb
ffa63ae3a14608e6d19b42a5fbb4fdb4013db2ee7f5958728eef813a071b865626d89f4d428718d6781239a4e08e66627d6284e389f17439ac078f5f
4a5dee649d1fe5835fca50cfb44eda003f49cd194dad95b5dcf08a94a468baa25ec43dfd17dfe2d146090b462a07864971f6f82ded4135588d19cc51
8c893c353c5165e6c6865f710bc6d607d6b6011f94e15f9f2e0b38c1985f910c46279b22198d4e0edb0f05ac78e6664da99373b3a614d53c3f707e08
17f22b70257f07a66d6c90589518103960c682be3f1b6d66ed3c2893115b6262c37da855498c12a3244fec4a0eac5c0306871c860febcb35f5ecd6cf
b73bed618d3ce8d8abe9814dca8165cdd4260533bf80192370620414cc1d26d627470a34ffd8ccb04d29ea81609b72601c3389866208e6893d8ad194
03464308f2f5c1ba178fbb135392c349842dc9e16479e009a999f424c95af0711370a10c48624163e2300988727c838605096e7026d6efe570400e3a
e700a678fef8060d27aa38880d18a442153d2ed04398b6714a3d0815aa830365591d10ae8738d90918432d28278dc565d663ea6d1cdf80998c504e0f
ba5a32851f54260f27020c4d99e3986e14f9370f935ac63a014a0e799658821755b130043fe447bef85492e1fec2e8c7442088b40b05ac13987afc96
2b98fc1b6cbb0f79692f3c45f9372fca1f6a6f6139618cd9a98904612d023ec9a77ca38fe0ea85418fc9c0243ac9e115fec5a191ccee173912413026
861487cad0587a1779422fc681f2845e7409e5fdbca85fe08d6662636d28daf9ba1172721b354446f90b935aa63691410a9e5f024e9ce02d2ce09732
b407953b37e01706f487e787c5c7c6408090a236d00b958c0ad0c244a1a0e7b53023d8e00d2fcd0850f45a86c2801fbc7ecdfa0b30f82cd4237e727e
2e74f60df4ba54cec731cb4239df98af015f6883510f420e34c616d12c0c0c1ef04d79eae4ea87fad8fa89c32accf89ed483636074578308cff1c50d
fa42cb7e837fbcd4b2c79b4bc0e03c379b806d83f0037c269c87897191037e80a9875b130e4d1601278c901c30f50c61f0d0f9f6a6ccf997fbb285a2
7d21c2c4321045f3e78f15d3211662b321c9943cc68f0e11b7a5390808ffd1160b384fa0e620a420e140e721e04919104f64a1e620b0707175123715
900dc2361897c4fb8c5b0b8399a7c532aa054e67d7c68e8f3394856e7e41ef2ce0813a1d75e675a6a07816f024dff20f30e50ba69e3fea4fb52d23c4
2e94fcb76edb927712f927f0229f3a2b7dcc4d22e0877af896c90bbf64a1da5fd0615ba8f61bcb3560f0d96803fc0c14da162affc6730c18bc6dd4cf
6487b7b1b6ceb79db67108c0470958d357ea879243e8123075eed479529e31da885080abd185f6fe31c42dbc8a2eaed0de3f6d0fee06b99e2fe25f18
c334e0977cea49cacc70a6018387cabf582844360dd8765a1e6d492638fafec6235c28fc17fca72c14fe8d7d1a3078a8d40fc5c67538e00bed44cac3
83e43abc50f3371061c0da00531e160457e080c1b3f859d64fdb38c4bae3fbd90f534ff223093d9af0201f9883ae3bbe1c74a7b87dac873643bde151
2560dad0684fb20b8cd619b773eac90d3e6070c566b9b346f0141a304a9a1f0cfef39ab63004306065c0e03f37fe85218091fb168600c6975ca8f61b
836fa9ac8f4ae052591f7e79c0b6997fede099b5bfc322c0b967c00b554dea8445c0cd2a60d6059bf44e1cb0eeb745d54efa55ec237d875d807dc1d2
02e0fc3362611464036081ee95c16162ee9ccae855060cb24f61068d49b4377fc8cf5d884ca8dd85c882c04260e3ca16304872a0924a334865c04cde
93cee1569cab56c074ae9acfbf6c5b32164f2cad0306312c02028a183532600690898fa540c187cbc252c0888f01e700621310301b6aa33d2c62bc81
2e838770a2074cdf9bf0850e2cf5c353e4745fd813183d3160824eb3b9ee86316693dbf38a64e0c280935f7588072474f87309b8a3354bdbe0236269
1030bab7ddf28439dee80b52bcf3abf3a50ce591e89dd6033fe3f4db1bfc3b01b5fbb77c2e5ca3feaddd85eb82b8a9bfd3b69bfa3964302630c4dec2
9a20f229f3b079bbb0a0504f17d303fe9d1b8feda1cd0f633aa887058d3969c049191c8e299a73a78b2fcd8e8dccb7b03330de5dc0d4ef3c79192336
548c0b366e05ab18cf9cc3aafc5002667c0b7a9b67526001d35f28b002fb420a03bb831336cb32260a92d080fd96fad91890842ec29e9c087b96d606
52215a18108265150f521677a9d4cf865190aa130a2560749899b7053fa050d501e39181b12848cf8974b2886752886d12b065f8976b90b5a6d5c009
ceb11a3032dbc26cc0487501d34ec682782706ad0b78a33c75e2ed0d0a3e60f029de90aa237c5a181418542ee04219da00bf1037270b8382824ee932
340af612cbc8284985ffb199154f5c069c082ae76ec3732116a2a4ac02ff03b78f01838c21cc4f985c2517e589b14ac020fba01e4389b3e36b0d800a
ea2a30130f270e26003061976afac541bbfd960eb15060862e62a66c92df25797bc6210b1857151bff7a502677a2c158979c2ef027c6260c221dfcd7
6fa90706ba64734d9edf895a7ec00765ccf7db1378902f4c7b18b44af03f6c365685b2c4502360db607e4e3aa2b7ac0abf61707d40ef7fc30962c0b4
87495191b2a169bb6ab14eca17bf6dc07e6b99071d74ea47244ed49755abdfd21744e2c47c591807180b6e691c80beec22464b414976690550ed2f54
a3d46d6de8bbdb2ffc214ad957f87f52de28fc17c2b6acfa85f9a6fdc9523851945d447029e8d2068cce3be35e75b4f733ffa18ce5737385afb3ea17
ec9b7c4c01a4a4eb099ea11aeb17c29b7c544bd0a10d7847039fb6616333acd330433fbf6de4d35f1d88410562245050ba5dd5f8011c50d8006cb810
0cd832fcf7625c98ff550fbf9b3038e7c0acd36ff9d702e7ce07284822bd040cce9d1be88411f465a9fd8f1f9055f5a5c7a187f67f41321bf0094c9d
79e018c82560f0cf06835d409cf194d78127d479fd824f53feb53ced31b896f3396f6886590918df6f1f8c57b96443ad96fcbf137db580718bc71c6e
497d9ee8ab056c9bffdccc9a9eddbfca40069b56d349ab95c14c97846ec6f8d82d437936b3967c9ad3bb75834f43e89ad5b0cbf16edd205f89551370
0e0efa494b7302bca5aca6636b16472b9617a67cb70cffeae68318ae300d3138aabf0133989c948d2b1ef16e02eec0f4059e048ac0ab19b19b4daba1
148c383a6006c7ff1e20defc3c754eafbdcd85c5e9d858585e81bf4048e2011edeb03c3cbc533c9c9f7f6c60fa0595d9066db69e5c58465259d82f14
42d304ac1359c68283087bd4856143410979b5cf631fff422d857835abb9e0d8e0317328d867acf6b93705b7a97272a2da10300b884543dca4e2d5b2
25d568ac9080ad9f6f73c119db23e06c03d1bf02bec90766910d369586da88d74f2c23229ff6e7c175227d5e983d9c5e639b46368e3b7c470f93e661
251ea0f0bcae367428079b2bb6119b874983c24352bcb093887d3febecb9982a6a050b3b898ac276c0f4852b58dfc00f1b46cf791e650a303881cae9
2824bb29f6647d18216211ab29ca27ae7ac13288cd80784c91cfb7c9e230b843c0394f644df482550febb413fe4636452fd649fdf8b1c4022060ec8a
58a7bd8037e6a4419ddcfc7adec4e25beae4407323ecf0c5ddfc7ae55bd64b6fe0967945d427035f050cae98339d5b99fb494fa56523292c6232197f
2a60bc5fb19177d68b6bb3e741741eb6e70427db5f264a513007c4ab4a1f7e249c0bc8eb43e7aae542ec79a5aa68c4074ca358703d4fa68a46fcc2d6
e394ecc7d6c3804f019fe48300168d0ba8e7e955d1a05f1dc9940b82f84ebab15fd87554544556c7584d32bee3e8f59b44a90c597fb6195fc0df64c1
a20d45c74564a828c37f8972837954c0208f13115b911d7d9785b148250251c0987339c8048afef0f030206cfc1894ec1f1eb8e6c8202686d4feb50d
b74bf25a3abe846d0fa1a5f4de1d30becc38340e3c86db86e307feb9766177620ca485e189ceb1037e28439d29bd0a7807665c188b03efe03f782104
94aa580604ccbf384cb042d14ff2c20ac590440163b3f61306ff503f4701ffc5f2e09f8de7600149c11c3813c5da2060ca308e0751137e8cd1911264
9d1baf032337a981c385c2e6449c286305050cfe99270686c245ea222e54fdfe9507946e8303be80f917fec6d1be0f9876da17dc39113429e08d7cca
b8b0a0c08ed3faa9f3645c6cff697ba8076acfc3f6188c056c9303b7a2a8ba04dc28439b879ee52c0f4e1cafcb7aa8ff62bc6089101e4ad7b90b6b18
e3d72cac617482bb0c0785b277c00ff99459f4050aefc047f2c69c3f387064111c0681fe599e7eb1f919216a734c895d22cb88f850f567fd377866fe
1f37f871bcf2c6757a253ff0a64cc09a753cb4938ded30142554e9f1f8ed5fdea5a3209d70e2e0090d338f6534aacd49943c8993d0a0018348289503
0353c27f064c27a09630bf393d8931bfd971adb830bf39151e607e5365509ef0213c89cfcd7a3a7022c36be3b9d9a144f089ef5e34b8036682707a9d
86296451126deaf43a761a8a90498ab94e75f29ec61d2ec20c2ca7d7e9a2e4f4221cd5e955cb0054d81d2e4c772afa5e0bd39d1dedef85e94ec5e1ee
322c15befd02a69d8730386490cf4a1fd900ceca26c42063de5331295998f79c5e9130efa998942ccc7b767cf82dcc7baa0c59a2595599b084acaa32
58894b757a85212c55c57fedc204e8f4d43f3bf867533c8d7768fe6179dac606808e54c0496d0cc71d8fc178ef5be7499bc5a7c1b85904a7f6b2e2d6
18dbce81bcee9d9ed69800194e2660fa0595790efac2e23e710bbd391f06636d5f886bb4391ff06b889549c08cb5e34eb0b8cdb65d8caff55ff4cbb6
5de0014af4c4d7f0e6584f70cb5a38277392f97f1ab1d3f62ff385fd96f6a4c06078a09d5fe464fee581392c63885ffee5e2762c92ca1c1e1a58ead4
cdf58509a687c6f97ea1998127651227e38b9e3c80fdb601a751a99b2b9637159dbc801fec940b30f8a4bf84e41a9896056c284bcaa72021be3d80c1
c3101ee49fc00b987f25553a5c5f63a79d6c5a46df42c13ee09b7cfe6be0f9f1979e59146c7c44a30a1d82aa1815c48b00168d4c52e26b55226a057c
924fa793a13fbe0e197743c460d2f97508379f04e05a83e0c9bb9d33000cbbfc30e021bb3ce63715f3958013c1ffc02ff9d48959e73fb0517f68e769
3db4f3b43cff32708cfdcd055415188cf1054a024ec35237394c742a3e5b03ce4170d31ac340167ebbc86740f4bdbe5bfee15bda6348825d183c4015
1113acba310f28543763e27e0d14200306e74ce48111324a8f8b7060f56ba701c01c97a43e078a8e6b7cc168f896931567ad6be0f89740608ba86083
384c0133b9d8b0090356bffe26d37fe06d720d2310584ff232878b12131d02da244cbf3e98b183821f1c86386c5d98e8ecbb8be6b56d392e97310958
3457f2208773ec32ba00a73ba6355501cc17b40b6a8c985dc339706db8b2856a217c57e45b0f7866115fc6af01cfd74e9d1c0e5732ee87e37841b9e2
d63560eceb77cb131080b1b85c7c1c14c40033ec4cc0cc1ffa7819c28e0df8e250f240b85c5f6cc05703ffcd3289b7af6ddd3650c6e0a38cefc5e1a3
30092b9caad0e8eae0539cb8d6383cb1bc1932dfaf83b9cae1799dac852e4c7bd898af139cd866fcd87b505c03fcb0995d83b671805fc6f2382c43db
6c275e72ddec2fe7bc6592d73ef0adbeb09ea9ce25ac67068e1703a60de75f16000bb3998af78185d9ccc055d2ba1608b0e2859b033621e28c55bc92
06fce0fe00641b728c53e14a1274e0387d6142533d5dae9bc9cb6947ecb1ea2972b938e0c15cc9d01fc5090879e989723d7ecb7f71b1abe4eb8b20c6
c971bd749a93f882ffa1b46b1ad809c47fd1c33839309ba99e3ad385c2a9303d69bef27e9b6d983b88875f3599ec28042e028a195f674d283f9c9f2e
c2898d623d441343d13460bc49d806263b5e51037ef0f8609997fcec2f2631914f3d49f9ede5832fca503eaf660363fa85b98b71781641c8aa07cb64
31e1186c61ee32506a0d78a70ced49e6fe404730e04979ead41bc52e7c934fdb886fe7649c1c56384d0df804a60dc9dc1f958d7342e1ed7e7bda1eca
b3983c7c26ae793d70661e3203b7110117ca0bd3470e93098b63b76d5063985d2dc2920dbc32040c1e38d0e6049f2ca639f92f071a16273b5ec61616
271593aa80173038c12f350ad88ba865a33a8e506398452d2c4b46752e2d70253ea1c070ceb9b002311e51c0e08dc36126237e34fbcee1e0ba236cd9
406f2fe041be307340dc72b3f23099cc7fe29f2d2c3c86ba6b587854cca516161e43dd35ac378c6814f083c38d02fc92cfb779231af2b9b1d2305cd0
c24a63603fbbb0d2d8f17eb1b0d2a8c4395b8b0d5e411d61ce2ae655015f7c9b7dc162a37ab8adbcc90cec4303665cda9f3c33a29d544fc1e522e09a
b01a4885dc5d4c706c2103b6bc651e6090d17072c2e6647834fc752d4c3e2afe42d772e273d2101665a0601970279ffaf3041ad848064c2738e13017
d971d315b0753220070335841928263e315506d1c317415576cc2716c153aaa73b21d90676880133616d33149b27e272d1703d5983c1b19d04bc2922
1b1e8627f14aa6f990e9bc2ef0639b2703651b265e509c682e2016d6e2dae2c9bd88545938418d74e2c9bdf230195d9cc3172c8ed162f2da4ef81978
eb0a98bed84e7881c5317a58949ca68b3896687607bce3a1c57cfecbc98ae587518996c14c3ce9173c429c7a2da39678d2afd4231caad82ca82ea901
42950c556cee1fffa58c61ebf0c9b5b0f0a8987eaddb45c6817027a5355463217e9df18616214a06216a03cecd43e92d11487694c017a146aa873356
20bb87c6ed61020e6ff87f1e1a44b41b68a307ccf832ff0953325415b989365c3904b020d9899db0887917e5f96ff35fd4d3c01b78be5923787e5944
13a998932d2c42f66a1f93693ed404b893d28a7cea3c183bd6ce9d6b6147897d61edb17b4061ed5171741a30739b3132ba8804c57d5a9ef69c96a78f
2778feca83378808a28e8ce3fb96be385e506358602cac40aa84c3cdda41917edd79b51ff24d6fc215e3097911786428f925b6de8e05c6c2da63c7ea
62dd1e38e34f3d334c41aa14c99d0cc1a1a4f2660111c06f11c564c76c23602342d010164d7560592868ee079c83205312738e1d2f590b738e2a6570
b338708db5882d528b1d7aad93fa93813ed46dba61a02bba27cec8904169303e45f70f14981400614402ceff3e505d8aee890652b1015c98730cf572
1ea831a910a2840c75741ec2a361b6b130cfd831b158986154a913cc30aad4c99314d8905ff8c034c7c3f3224ec8905ff8b8689a65686733ffa61eda
938ba36263187005a68fc9571baa6f18fa434a82d01f431ee103bf4d6ae07131719810c263e0ec2be017986f3928703114f0463edf127c4b4a9dd81e
43a9dce3a281e7f124137c28352386c78edbaa450c8f5a6ccf090ea190883c3894943df0c67025b588ed51a5360c3b887ba2f55ce0d37f5de65326a5
ab4349f7e3c467e162bd51a530081638145011f5a37a5b20eac750224cd88f5d9587c779ce627d381c30735a0410ac52278ff39945fca0dff653d2f2
a07bf053d442948d8adbd345948d7cc1af99aecde991fb7dc509ea7af4fea4e0c5007fb8370a18bc30bf5fe637ee8dd64b14d89fd207cc3f2abec302
9ebe3091a3df9899efc6ec62f4b105d9a5ff5eb8ceb84f5dd882ecd27f6fd2585111e73ba13a76bc0b05cc32668abc05d4302d5ea72c4be5ad6283b1
7d8df8c6c64414bf78c1864314bf5db3096269e40bda4d443fed2608e85771931a30286b7f8a025ebd3cc9577c61634999625db24b8d12b363c713cf
226847c51c2de0cf7d98850a85682f6a083f1971ef49943a910e53ab895bb6790cd81641022b31ad02069f72915ee822cc5c17f13df205bf83b7db1c
0de6bbd61a2f3c5cec5f17d62f5562f165ee6bb9f14e902ed3fa85329212245248bee00f93f64162bdccf8e690b9b3b3dbbecb3f5bc6bfd167e224ff
707e1209a62674123142f2055f2304c2dc2e681aff00fa1e3fa03f8f7f0001aff8e6c47c09b5da1c88577cb3da5e38c2de17de9739710833e1b90c07
a9043ab2a337f1442ace63ef9f4b2ab7c19b2022019fc02023fb731345a4e20f36608621c727609adaa97fb36bd4e3e2ca61b87f2ea8a47f036618b8
c94582059f04f0fd7311757e40542808d1fb67e0c54ea5150c13d03912ac8f43f8f405bfabac8f0398fb363e6bee9f3bffc9df0cb97808f36751d12d
4f97bbe5cd671476ff067d053d7c1302245ff03723429df481db3744f0fd3bac15a4ea4a0dea35123b2f84f13f06997aff5c951fdc7cc12f08e20803
24e0c717fe83457352159a0fbfdd52f0979bdd3ead962e41ad357b01b506351e30537af03797e8007d839183ef711378a4425edf3f1d10e2323d12cc
99412197a8adb8fc803288599a4d9d0c29b7f01b4ba88a9972c06c521c5641ccd36ebf5e4cef3f850437b1496a75eadfbbb5f1cf94bd56a27504cc02
6163be7f70c170d612f0e60bfec942c55bcb4d6c92ca2d206046803decc664aa720db83599fa15d748320276fc9adcd84cd52a12d17580debf896152
a1f76fe296c4c7ccda0da50608f880c534d376cbd5b96339746f1071a84d057cf2011f6ff86274ce13f6a4c29fba3183da71797263ee54b90a044c53
77fec651c655e026c0c9f6fb3e6651e15ee4c6c6a9565bc1a2c2a548c060a67e855e5e5053a7a3363557d88e81d18d91d38eff8f800f3ff6054d2a60
a6db24e145fe0066a83760161baa5c0183496c756fc29e54f86af7c642c05bc78d595485af16303f63361003a572adb837042a5c2502065f3b8d43fd
e787a7c948d0ba9d2e5cfe00588f9bd06691c82d1c1f17f7a6eb424c6b23d17841335c1538e0bc3175da31270a98e90a39170930d0681407d7876e18
c7dce96feca16a754c16630281150950e698e8be1073d9486cbce06bb417709e716fb079719e11302813f7ceee269c17111c63dc9bb39b71d87ff407
bdcd481c14da8099ac8cc39e7a713bde306ecc9a764ca26ecc9a2ab78c80e94e9ebdf7ee444f22efde7750ecf1b143b4d53c3eef5da7809e1f3bd1e7
31a8ba3148dabbf9850f3856765746d2fb370649e93ed304139491de8b983cad89d9cd6add3fe79eecaa3b8c62781f37e6483bde2d6ecc912a46e301
8325a603a64915ede78099b96990f8c736b7c341c3d9ef4dc4931dbf1901332318971d2e00e1206e0c972a3e560306850ec5c118b927ec8457c7d4eb
de5d2b9c455822d52a765c2b1c4bfb00ffaed21d5d1ed7c4fe79f92c26c0bf58e332df451487063e85ef1d4618f659f7ee2262ddec97e5f9c16579fe
7c3114cecb1d16737528f417eac4c47a69c75a2b6051eb5c8112ac8e91eb89d38e5826b53a5e79f5dff1801170f1636a727189ee65add6b458071c64
bb3e43bfa187178de38b9bc0283b965c37164c3bd65b37164cb53a582c402cb96e42a3ec586cdd5830d5eaf83c0e1c2736a64ab53a63b137fc7d1d82
bf80a5ff8d4dd28e2b8b1bdba35a1dddd7bf6599824fa21f6e2123919b161cb1bbe8d213b659241a2f0a3093e9347f58a892e0e039fd7afaa291784d
6457cbf6fdf020a1d35576fa92ac881dcf150133dc788dbc8bab1e3f139160d671d461c014b0850e0bf1135875a85fdea53062384eb80bea3c95e958
aa1de103d72753b034108d8dd14d9894ea464c98947c612910cd68101c65c745c25d3cf8188cc2e50a370737864515bfc50133306c6f8421a9f82dbe
b111aa5cac6f6c84f683dda30cfa86297424e85b1366214086613cb413e43960fa7c8af1a4c9764ca06ee28f54042901d36a160e564515414ac0ccfd
d38180d18c878280edb21ff8070788d5850b871b3ba41d63aabbe09af387e969240e0afd756fbd8948b2e3d820e08d8fa8c0c5c392242449f5882b2e
1eb615428b544f382c9976aca36e2d997ed859468269cef641d0917c6129229742da1502ffc28008587fbda210ee1c2aad01130115d2aeb8da58cf05
73f8df691f92afb1e3dce0266c49be304103599315cd715c3507cc6a63856116553117b9318b8a8f6978254630f62237364f157fd1013b304cf18a96
5d63791202255f74128c3d2b070ba80a83e4c65a693ffc98b5028324603ae7b7ac1b1824776de015cdf648800d4e16e29ae48b4202bc32a1b05ddab1
f9bab15daaf871be6bf7cf20a05b11df76ff0c02d021c0b5c54de4921d4dde8041375ef12301ba59988434c917fc01f90f9e9c03a615ac3aac97a210
53b626df63c75c2be0cb17fc3b39da3b1e116ee29ac48bc3c4cd0bfe07370f03ac1b03a60ac7e726f849c5c8e6ae178b62d85378d75866dd842ea9b0
656e2c952a6c99bb2e9ca7a2a41d095003b945c4927c414db02e609adcd82aed6e17d82a55182837c14c763c27dcd82aed6836076c797e705b9e1625
133bdd1cfbe2a5103fc3b2564fed9100afec725831eda7d395a308064ac0fcc1d90aab1ba39f9b5027fbe9cce558c282ebc6a2a94a486ad1b4fdbe0f
18064e22229fe40b4b310c4c756c9a76b4a76f6c9a2acc9780fd43076669403d62ceb413a3fd6eae25368a8675fd86166c249256c2e0ea26424abee0
0fb0c7dd2e315cdad3e2ea8f4d0eaba68af7e6801978266923c4361c9ebb15079e554ac4942a578788299bcec123d1f8255f547f4fa1ea07748ae58b
baf74d2c95f433cd074d07d10c7d636962d47f63e55465f834962686fc01d36e48c906b76443733912fcae0b775ff00b9483e4feb47ef9821e7586b2
5a152b5b44b3b209a71430bbb078869fb96d0e2bd73f7c00046c9b68dff1b5c904e3cdfc68a76d62cab6d376ec8cbe2b9b83b3b1b237d4ee22c152e8
7e2ed62029daf08754e5926fc20c1efb45bb6c08cba2a56b8c1d95f39ba831f982ff5d0c9e6886772213ab41069fa2997bde29665dd9e283ab9dccad
e6ca16059e9910a22d1922fb69178ccbcdc1d56eb171fab1d8709edd60835393a832154f3101332ab62e4fd38a07e680c1319428a656b57d302de5d4
6baf7f83bc68b0fcdbf7823d8579dc5db46c8b1d8ebf7cb1eea2e50020de4c0c1bf3a7c37b448d3d60868a23b3bb06218a882113f0014c6fa04f3b2c
49acae036668d134b9b186daf4a27b630e55d14eb83187da890114b07fa3d6e2d7d5170c897d602d1229e8ee1ea5f6014916aa0a0137caf067b89e1b
4a25b78655f8760ef86b121d4dc58b1dd3eebbebc17eaf266e5ed0a66481ee98c8dd9859ed44beba097a13b5d224163bcaf83726571597543711702a
9ea16f42e0ecd870070c2122b6615b8e3f5d78dfd8606dba698d442e022cb003cebff49f307f61ffec68c022c2bbb1bf8a32e6f347ce6e6cae6a17b1
68b462691db023e160a3378ea9f54d989e7c013e102e600070638db5636b7d638d55bb43c1ea23bad74d189e8ab6c74d1c9e9de85e3701772a1e8302
1ee4d32208e30d09e68df9d62e1184f9d6a6cbd448d0ee42ad081ab0b00e78522b1f271fa7764774b1f7159b8d7aacfccbee422ef60125f4e144411a
b1c958ed68a10f270adc4f620f059cf3b23b39607e62341d304de270d49c0b7748015b9e8e22b1d8e49c7604131260d870ed1817dec408aaf2440f16
3862d21bfbacf8988dec40d04080a19b28413bb2d180413d13e66051635118b02866f33a7650dc8545311bd9c112c792e13ee07762381df0a010b3fd
7055b3931f1c981899064c5bd9c989215409801130e896dbacf1965420f183f20518403481c036e09bafe9289c5304b6015b2b9de6fe385825071cd5
4dc6ae665d788dbe0f4f5b79b3075aec181bdf0426ca1754eb921535b07d3a73e6409a38c40c2c552c8f03a6794ce983331523c79bf8455526efe172
67bb3b0e9b67a50823f02875632db6e99cf2c65c6cc7e43160fe26ba4f3fa0152ef5217c904f8b10406c32fc0e940c651d1ff897c2d0f63e4b6a5ef0
477cd8dc67fdddeb56c59b9d2133d4d8d9896a1719db7dab705ebf4ff6fb569b586efe5983f8cd61d9d5e621e381bc575d2732e2181cdf27e797f1ee
df6fffdc0e8312b9df669b2085cf3aee355558671192f1f8c7cd6e5c376e6333c36ecc7bf52fa37e19cfa7f4bed98d75aff7aba37f196f2d66d88dfb
c6ed6566d88de77ed82376b9eb7151be9f178b051474c878351f40332732f65b2dae5d5e7b663cbfef93f24fc6b69b414b5b5c343efcb21e32e3cdf3
735765c78cf99538fec978bf12b434a8c355be4ac7bf321cd6f2fb2743a30df9e499a18e933a3864bcc3412bb6f4b85130d9d5ba898c335afa95b0a5
e3beafaf44ff3210f8ee2ae44446eaff7c256ce97ddfaf0355c6978147d3b442b0a581f526c6eaf665bc3f3b576de91bd3c13a6af9321e35e3e59467
06ea0e99414b7b0c54d25b99414b83365aea83a3b61319e546572b33ce7f32aeaf1db4348889fbb6a5ecfb643cce20f6f8a040a352c7857b4b66e092
7957a92732725c6c1847c1d9cffbb96c7ab3a531d76f6750eb5f069e50779575eef38835bc7deda0a5c776e3d3323368e911e3d2fd2d67c3794689fd
cb8896be184ba52f938304fe27a1685e82196dfa847a872e31b0057a0d67d4993eefd0292ebaab91c8fdbfc2247eb1b7da4ec2b1be863afa5702a7bd
388988041e39caf79f648c56f81c9158143b7c83bf4aae7e2f265be96a6c27a17fa841d5fab781f1f162b5950e777ca3b79e41d51bfd41312a12f407
9d8d48e0d10cb5b677e83f8e7bde8bddd7d6b14e7f0dcb74c0557eb1fc8ada12e791a03fc75735fdc1a6e2c5282cb023ae37dcc56d5fd5f487180691
a03ff0745ec33c9d5cfb5fe23c6d0d8ba048ecb4ede71b7c6dc1157cc73f3e7b2a09dc4742634402775bb02f22816f32ee7f2fa1a2d20d292d20e446
83f27b315f0b84ecd686f33b4422ef67c0768803dcdfd5f2b540c7bfbbc570779c2df8ef0f8077e0a7a41dfeaae84fd289c55dbf775b9477fd18fd66
313a5bbf377a7c3ae91fce2c0fdc884682c98811ce8bb15c4cec1f9d85e039f1201b894b74fb46e770ce325c601e98cc4602af42e82346e2612a38ac
9feb94420bea3778b4202f39b1d27e1443925c21275f4270a5db57dfd09fdd59a6bbb0eaaaa93a33b4db44213930c98fc4e9eaf40dfd69ae272e4715
9a3712d99ff6ad686e477d73c08945d28917fd12e12b9d4dda022623aabc2f31bea2db0e09fe3ecf267660744a744782c988bfe61703c4980a3614a7
bfb5891d0409c726aee1b41c6812be1827a60731baddec8fd8412078fe6c689b4e6d7fbafe6d11e3f5e9fc460e92516df99710648183cac8e933b7ba
3608a3d00fc7076ad208432f36919b74d98b5164525534b4eb11dcf9065ba7112e3912073fad3414c5b5be7fc5585c875b021c9fe3db1f88ca54bbdb
6277f373eee0acd780359170be0d6b637c86093d30eeee5da8d8e88f2e12f4e7c3013a360db2f1c580336a1355879b456731210aeda73bd4417fca8f
16e05a55f942248663ea1b368bdf9760fdec0e16fe498e260e0ec7e7e79bc703c086ba59b87b7efebaad0d3e741da2979b732b6e9827fd81711b89ea
b648d5f87a3d7e6e71b0b8cee6aaff5c04556bf370dae8f6a9b31e37143861defd5fc2c2c5b6280e4ee79b8b89888e2701942281b35f34c35fec5763
0fb3361c7eb5e63931d8cc0f0f5b24c7bdba1f0cf6b76420fdb5612257ee8747dfb0b39e1b43c78a95ce22203ba04d5e82d5a5672c7f851fca6fc71d
fac63a4c4c36b26a6d4cc6e6d6836fccdadc57e12ad4e37b8347cfe680ebad0fee5524b67f9ba6978327ba3fffd16ea530ff5a17413ac6dd3cb0110b
1cbb27cae549ec40e898fd3bb9701a53f1d01189ebdfd6fac5e0116bf8c55a377f6a6d3a6efd9af388516b637155e73992743dc34782c5556d019a2d
67b3a78807cfee6444b5e5ecee02d3cde2f09bee71c24ff1127aa263f862259ce6df26d82caa4302ef44938f48b05910a43812cb9efa1f28a5edfb86
c9f811546893fdb347e2f9b077298ba5cf557742242ac7e16c5e524aeed288546248a95aafeaa7dbd572717d15b0593467223e878da3fe62de1cfb83
6b7049597ccd81b2a82e07fd111fcd628ccfe9a983f6cef1735b5c1e4e6e57a8ef9cdfdcb9377728aa46edad351142d497b3b93074d85fede9ad9778
8fa0fbf3fa6c31c667778ede524a9e8837e3d39c07b79bdfcf16cc7f3b4ef020797e74d7edfa9114b95d3fe24dbff39b838510a99d1e9c7a9e1fae46
a4b5fde701fdb0597cbb8d3e970fb791e7f3cdeb37ee072eda47cacfbd0bfd88e37469ea5aaf38a60ffb41f3187e3c9cbe9f323e5554e1d6b27eebe7
919275189fcff5316f5e297367ef2bf1e0448255761e1e00788d3d4f0f00b47bdb7061bc52e6ee62ef47c9d2d3572fbbed3f5398fbf1ffec977adadc
befad8fb76f70aa4681d7598483076cdc301319a4eaa5fa3516adcf2128e328e4ef717d4f315b3bc58c16f8acf22f1450d384930173ddf2e6e550706
88af412c1bfe3e22f1dd422a09080b58f691f8e6a209c78ea571fd249476bf81b0f0867471ab6ac5c4ee710b3d75419b9f9e48afbc356262bcaa9cef
284fbc2f936c43b0f212f92003105612dd37fdbf3cabfef7f5bffee7f33ffee38702743c38ee339dc7403ed266b193d1cd906f705a689a07eb1239ca
ef37ad68aa434c8e554d9b9982914854f3bc209ffc61fa87a9662539d6cf36a9ebbe1f4ab7f1b865130c6acb551f0f5907a80cfcd068cd071c0824b9
bf6de70f9b4c2fe6f76fcb9b4c3e8a799d3cfe8146e9aee678248679d33cbe4d623c1ffe23ef183fbcebe7c3fa72f7fba1389a0fff9b67cc0fddd07c
dce665df76fbb1b3076d888d7e65d0be228f030958248a79f00a9089fccab4dcfaf2f25b742be261fbe0e36e68f1c6c3986f3083f75fcefb7ca8a341
ce30477e66e66c9631f26a27e73487a87bd49377e87c10a36ecf1ca6553c8890473d79e5cd474ecd9d7f156be6e258a827ef4ff980db3d6c6392c2f9
f8f2a82be9d1789ce6e529b883f87cc05846bab213b5201f8f79f957947cf3e1b779a3dbd1cbcd877995bc61de306457e4ec620b37f89b0e07771446
f3719a77645ea2211ffe3569811dbff5f958e651aed0339437232f0fc2482cf36ef328d72dc7b5260fdf00bb3908c2e1d844e2326f9ac75f4f5b7cda
e293169f7e7b7edfe61fcacea817980a7902ee552ce9c8d520427b6306ededeb7f1e4d3b5a08f1a8fe3549de1dc1713e9c1ff4bfb117c483f9c07d7d
c7b9663e0ef376f2accfd0adb8aada9125e76333af93e7b7cb7fe40e148987bcdb72490aecfdc7aceb6cd6fa6d8bc463de6b5e7edbed6f3754276107
53c5d7bc661edff6c3bccbbc41de32cf70b34997a64a55e6216c88559394c84e74a77c78418e9cb7f087176ec9407d727f9db3af3767a23fecefc55f
b12b0afa96717c2fd6007644b1d327151489d33c9927ac9f775a4e8f1dc4a7db3113cac777a93ac863d6be604fcf77e59787643e768fa08dbc933cb8
78395702ace648d990d3cd597e57322f4fb87cbc9e532df3aaf5a336b8133fae60a5910f18b5a8a695df65b9f7cbcb7fb87f970d3640cea70069c7c6
4d4f9f7885f815f1702d82a5b237bedcbfb1c9d55e50c2cd8779b903173421f351a92fd740c1bd7a3c2092774631122f7990ba3b946ac153793edc11
73e7293d89f67ce0cb162e465993de2e4e3adddba5e023f22a66ebdb99dc280f718fecffdf295e1fba591165c4e995db55240ef36476263d54b1a8cd
47378f726ce71583d94d7f0c95a064f96032b0d545c272e52bd7332f4fca7c14f30679b779905eb810a84ff3dbe6b7b9fd45c272ed2bc7b7ddf6b1e4
4e382b9178cc7bcda32d2caf78c8cf39ccbbccbb2d47df9239900f6eca9829d567d8372ef79aae572c5af321dbfca47d4cba8a21eba61979242c7789
bfc1b797ffb864680dfe9bfb5c3eb8992124ad58afe663fb17b11a09dbcc35ab428c56e295e5035cc1cdaccf637dc6e1e38e5eb162cd873ca03c64eb
cbf11d0febcb691709f0fc6efe371771c5fc331f12cecc8db7529f21c334078d84df36bf4d8e4d2576583eec5b6e8191f05bf885035fc295f861f900
f7d85546e2abefb51c799de9fec2268b72b4f938cd1b96336f9a779397877e241ef39843b8d5a8187ee6a39ad7c9bbcc132f07df5e7e7bf92d63841c
2f1f8c2f17aefa2ee63826979b3677959d331f9779e06589d365fbc4fdb26f6c0d03f7af1559503eac6ff08fdbfedef6b7d00fb701c39b69b61609db
fcd8e6c47d6327ce07f314964d248a791c2cdc921af45a3e2ecb55f21ef35ef38eccdbfd76ff6ee13ff2ba79a7793b799779861c4c22b349c0350938
4d7e1a368cf9b06f8d3643d4352c06378d751ab1ccf2e1b795b60cff01db6b4022340f88c6019179f4236f22f9b02d95fa20399ad70f4d5a825a1107
8e1b1cfcf64b0e433e6c4bee394d62391ee01e6b8e48ece615fe9bfb41dbc4b3d1c006de1623719897b81ab86f6dd8b7e56399c7b73b38207a58e6e5
1861e3960f70852e62dc6a6c4bb52d39ff22e17f3f3c9f7c9b34583ed88750da6f50c3f938acefccbc6efbbad2a01f7d3bc0c1f6b19037da7cd95fb8
7f03e77a8d3057f9d8cde3bf9071f190bdb493b76ccb92a952e8efcd186df256103db4edb5be57c610f3607beddbe7babc9a275e5e19bf7964370cb7
f2619bf32c6bbb38c5986a53f1341296dbc5415efe2231ccb3bec6b710140d83ab2cc7b7c56f21d954148d9b3c63b957fb967b49db1beb68775fc39b
6820c27f74ff91fb4b83eace87dcf9dc3792254d9ee751aacffd75dc4759abd1c1374e4123f19267385a74e12251cc53da33e8d265b32ebb34e8bacb
477ba50123a6ed2e8bdd65817d69f39e1a0f9a0f35d5b8b4e6e39327f2df8761257ed1a68fc34600a37c54cbd1f55754be72b192728a84a87c3f9143
b6a5b81c8b4b0f77710d039d7818f215216dc334271f87798997b2fbad615c11afb452687329f677505fb13e971954612b2e336205651ee5dce28a32
3cac28632e338445a91a06948d403ff138ac2f8fa646609f7cd00ffc7f46a29ad72c47fb38fe1af17eb25ce2b438be86dba9d8d145c2fe4a8e20996b
c56d4f83980147aa95657deb1365f1df9ba98d514ae6e53cc0fa241fb6258fa6480cf36ef3a8efb12d70052b1cff8629493e586688045afd813fec44
b29c79a7799779833ce65f9544c1962b12fca3ee4a9b3886aadb63950485151e8969de322ffb510ff30e79a0956f2ff32ecb35f2a67930ea071eb15a
854c8b876d49d2b761cd900f719a947b24ba79f69771abe2b92edbc7b6521fe65a7d6429330f9a5b5783ef52d10f68eda01c5135925591786927e341
448dc8e3c841273c1f7ecb16d2ce619e38f5db01ee51f5ce6f29e711db86e5185fc266e4435cb16fb4f198675b2033bcd53735c10722c7d6dc4bda87
53fff158ce758ee9456baf7d83355b91e3b7ee9877d6ef40dcd008fd900f8e3f5cdb35d490f3c19103f9dad01bcec76b5e8e113ac0f968e60df28679
1779956fbbffe5b63ef080d2fab0dcb01c4744771e74c71c2d92d61d5f8211441e63d96ff6b08e64a112a5b0f58731ea70f4072e385a7ffd874718b2
b046b4807cd8374899c33573b866b88747629867fb58e7077cb946a0802c9738383cd6d4351d90afed10578764013aff0deffcf9608e234b6e876401
3a979bae2bdb719807593070a9d00ec902141b330a3379cb7208952afce098cef60d31cf40153112ace9c328cc846a8984ed637d0c1408db21ae8e0f
57ccf153bce0cb3dcb9de435f3d8ff088c1689d33cbf653ee37c3d1e456135fbee09f72d2539e6653f4e8ff6136e5645173d12cb3ce60bea7aed6cf4
171fe7a90d90637e76fa7b76754898cf271c8414c6f9ad79d6775a5f8cef9fc7fde972c4ad78549d52eb869ff07ca8b4c5b238a5cecee9ef389ace69
97144c125aab9d1ee3a7c7386a28a93b689ecde2083b6fffebd13eacef61cb3cbfc0d86ca3a743787e43c896793a84a7473b7edd1b2a5df9e8e69de4
0df35489610b1e52712a498d0ad5359cdaaa3a5522b034b49bf2f1989778191ecfeadb5464540ddd997838dd89bad28694f1a7fb82527243ef231fd6
c712402d231f2c47f41c1a7a0ef9f8f2a8cf611ddfb0b24487949d6a0403fbe6860a403e726b68dc80db706b55ce3eaa6de126da94480f8c7c1bc2d4
7cc07a43dada909ce6433915cb02f9673e60e7e2ebbd0dc75731674307a70d493245927a2a6dc37153f236302b6d97db8fd2ab81bd67bb1c373c4247
1ecb1697d0f940ee4d409148b0f42e036de33b3e4e12f350c48a6f132f97b7970b05a881fe52bbdca62ec66d20426b975bfae5968e06479c428cdbc5
2db1116023128f791c110896dbe55ac09171e6657fafc5185d48d71b7ee5db25e98b73e2e4f38303717add5fb021fa21fe2ef187b558bb5c0bd7e33f
38da2fc9dcebf55bc8f5f9a3bff30b060f498187df7cf82d64ee1407d320e430ce2351cd5320607d6e49d300e5de8af1ca9b0fc79c3939616a371cf3
461ea4399e79f3c15c43acd4e6e17f0fffcbad734a8e4cd47c86d789e98d6672a369c43988847d3bed1b6b660eff31bebcc4cbf4289990afcd1bf09c
b66f9ac77502cfbbf918e6f12d6ced86c3dd0c7c4f3f24d32624594310d5e66d9eeb03315324c4f327d82ffc43d27722c56fde6cf1c29b0fffcbdc9d
ee7ff3f9743bfcd6fa9e4f8b8d6f5ffbfbda0f6ea7cbe36a715c0d8c64227198a71620f36fc1b18b87f5417a2cd7114e76e35bae5e4b727819ac1ed6
7b2468cbaae225c58b91f0bfd5b6244b3d12fe03b2a079455b92504b4113eee5db825bda967a51c4816dcb6bc7421c3150ff8cc434cfb6b097ac69df
8860d8bcee2caf0e68e1471ea4e06d7fef9f2a5a1c9d372284783096b88d6fb7a4e02d29d89b79d3bc65b9ecdb0d87321ed572b98e6ee7ee7d7edf26
aeb08ac807ebd72bda8d002a1eac194cea52279ebcdbf6715edece97dbf9b2b397dc4f33cffec2b9c05f663e381732e0f49fc7fdfd5ab56a16bbcd97
0172a31d31bcc1dd52d5b761ecf1f3db1e99540f37e5865fdf20c841f9e39440abb16139900fb56b18fe470ae6e97e0b53e9f1487cd07b1c847f6e8f
5b031e27536ac5b7de6c9fc33673743e528f0f4cdce6ede5f166f61c9f365e23cff67d31d1b8edc261cf07c30f63bc3d1e898fd30957a0ed9122878f
9e799493227fee4fbf82fa1cc287211c68c5a4dd0279aaf478db78dcd2e1b7671ef5b90dc87c1f07dbcaf3d837b68671f88fd736bfb619eec3e3d68f
5fc9cccb72af4b1eaf909bfe75db2b23f18591d8bca9bc3212dfcdfeb2d5bc32b330dfc9bc6c9fccf726f3bd7953795dcaafb7a1c36fbbe5bae5ba79
c3bcdbbcc4c1ebf8be6efd68c6b5d731c2db62e6510e59583cc4014b40467b7bddfabd81bc6e21ef50c190a3e49583f5c2ec6d30d01bca2df9f01f1c
25af64eeabd220f66fed955bf5c2ec1dc47e6b4a349b12cd81b7932643bec9906fe80bc64594f185071fe520375f392132df1b665591b8cd7b2d479b
3dda65be0f7c77349c18e6639917df76e5a15d79e840b5aaab21d1d59050c5b1ab23118fcd3ccaa127d065b43718ed5d29693cd4c9cc79da7137980f
e7d0c9b7c97d8c87b108b9c9779c03e68379855d50c7fd5f3e2ef3f8b6db3ee7015ae691b0be437dec4a7d08573acefaf21f7ccb98c703f20647121d
4f7df9f8ea3b336f584e328d2b4624fcc7e53f1affb8fc876aa798d97499f91df5a1c8cbbd2e12fec3adba76fa768b3f0529383e88c46dde631effb8
fdaf1a7c7865eabfd7f178bf3cea7bad0f15355d2c77fce4e5c37e30be1bb7ce783887728e77bce0e5e3352ffba120201e7e9b12efbee59d261fcc67
6efc7de318ef282465b9c4dfc6d5261ecc0d4c4c22617d1e7ff890e95bb32dedd382a47de83774bcdaa52208ff706e6c92822d6fb15de140c7b15de6
d166ae401d19417ecb3f10c0c683bd042f291d2776f978cca33e8edd78a8ec99dcdcae664d3c36f368dfb02d28590f7c08741cd8e583798a10a16f97
b892ccc0bb6bc7f15c3ec45f725bfab6ec071ccf86df8e8ee4211fac5f38177d7bedc76b7f1b6d7eedc7eb7cc9f3b2abe7d315363434c322b1ccb3bf
493e749cc3e5c3fefe4b01efbf3eeefbee76b1bb5da026d7f100970f51445377d4a5fa279f8029d277a709dedcb25ca272779ae0c96d6ba8f677551e
e201f50353a4e39c2d1fcb3cea639beffba94afce0bf3017e3e130301595597465160d939dae50a22b946818a5f7dd25babb4489afdbf14c960fa860
949b23e1b76cdf0d3dd58ed7b27c4ccbf1df657debabaf93679b91b16a7712097125d58f35764792910fffc1f4dc6f71802670c366b9ef8fff909a87
baed3bd47c3c6c33dbb2828aaea042bb8d8edfae7ca8e2c396a9b0a12b6c68689df782de4457b03050428b84e50c433bacafd2b7d2ec1bcbb6b8448b
4b14a78cbd1cfef7f0bf49dd765555e2617f3bff381ff35802282e77240af9702cbb79fec36317c7715d35975e3e3c334fcbed7f25b53a73adb8b5e2
d52a15e669cb63df1e71c056585c7a0a0c1a2a37bd42f5c7c33ce629ae9ef2c1fac0723d129779ce0dda57f7659e7383795a61fcf55a6c0beb88a0f1
f9a06f47de3a7b753e13d73dad3ff8c7e57f317868e8827782b4e743fd7de65a9de0b4ca55c042a057e77855191ff2b0e3d4281f7ebbf3ede37fbd45
1c8572dc223a71d6332fdbd7ec6f437db01d8c5b4336190f2d979807cdfdc050e10d01446fceab56cd631e343808f14835dc1fe1793bf1c2f3e17f3b
fff528697994a4b6686ecbcd63a3794dc0b5596f920f4df2012f65bd1dfe43eb2549a3c695a0e3e326f372bdb5d3fab417c2b3586f1e11edb3c639f9
764cf3c401f3a53946ed1ba3010e3c22144a340c0d23c13c68535346e64643e5aba399987da39cfb95ea874d528658dff14081ee875e47246c33be7f
7fe87574e280e763f92df53996ed51579c7d0de733f918e6d137f79cf6f85fc8c3f63ae6af79e0be73bd8b47f1bf2779ddbcc3729dbc619e0a9dbbe5
981bfd53dc2bd4c7b5231e1a8d401e76b8785d4f353fc2f646c26ff7cffa81fa76bf35223121777b977c351478c31d5224c05ff72c4350d1bbfba4a1
bb9be488829e6ea8eec8e35bb85f5ddf30bfdf97779bc77c9654507d331e8e2524a302a1deb5ec43ddae2bfce9087fb2dc20cfbe75eb3ba84f92a77b
9d25667d24c4b37357f2a19ff6d73d36cfee3f8ffb7e8ade53f4b2ccbad3bd3bdd09491f097fe7718a5548ef52c106db6e1ee3dde9d997283a28b7fc
564618a671d165bbf44f906cf31c06dc27fd7efef71645328a71dad3bb53b6a7e9499663f81fd186a5ff0f75988e7b957c6820b2f10f2968e55e0df3
e748f8ad4727e1e93b02af7cb825d1b743aafaf87d96cf390c87e4d2e194c5594e246ef3ac8fa97decb4e5d85d2adc540e6ecffd707ae2c9a61f6ead
07428486479b4e24eb7c304630263b02b478b4ff6bf3d3f17b920fffcbb43bbc351dde9e710ad37140920fcb31e6b815f98f7e687d88df9548d8dfc1
76bb8917e4b3f1703cd8320fb7b3637edf526eda37b9230834fae1917d4806a1eb1d09cbddfe038afc9032463c9779d4f7f8adb72134bb2351ccc30c
0b7bb1ae5cae1b63f90733b5134c391fc5729dbc6ede61de49de6ddee3b7e4ed6c03a786f4a8f9750477f96079633a1889d33c6dd798570447cec76d
1eff457daa13fb38f3f887db0af18d238fe399a0c6f9a8e6f1ed304f83ce9f7dbb6ccb65fbb83d9f924bc8e4d2048cf639460ae3badbe309072b1ee2
8f5bf129a970422a742288f7d35b2c72bacc3bc8b33ec8aa4e44ee4858eeb11c47bb82b77868f6c65c430a970fb63d629df6e1edf473da8060a16375
9f0fd6397a407d881705651d4dfb8ef5773efc07736db8056b96dd71f3d7b190ce0716670807fa9004d040b913c4b80ff74443ccfe36bff5b8d7c8b5
bb7eb1f6cc87f3c06f25bf86c733a112fbf028fe6c14d104efd828e6e3b55ce265783c1b66f5872561bf3cea905ba5257ee2ea72ae5df821e858aff4
0bbba078802b420476a457f9b8cd4bbc5cd80575c293c6b71cb19764d5c50d3df2727c2fc9a58b006e3f18cffd3ac1df85467bc7fb5ebfe4985c97fd
651fba2eff71f90ff32451ae651ee4e1e57eaf10aba3e2d62ff7fbcbb50fb7b94fc98c29994154b7387ac0fddc7500611efa1af1602f21d044246ef3
6c33f36acaad9ab847e8e8ab45629827fed8d7a6f3cac892869be813ae745738d58971daa7736872146beddda79ca9a9a539e13ffbf4ea3a4fc70df2
90b08ff9707c2105e7621e4caea49d50975dc1515770d4897f1b09fbe1badcffe53be3bf39ee951775e545f1490ecd126d886f228f236cb94d11e470
eb4ea7e5d45978e0fa11e3aa2f6fed0b8f4c3fd4662201ca894598df669796cc980533a63b4d96cc98756a9c9af2934834f36c0bcc9d2533660dd1c1
56b3509189c7342f877fb91c170ecc7fc57e20ab8b0753db29b164d02c0d9d09c4d7d7b22dcbfe32accb6120eedf6e788d48f85fad92d1e0ef38e0c9
87ff6599addb72f7651eed736a2fbc40feb0adeccb1bd7fa0c74216596a48c32a98e567fbf91cf7662f5655e96bbd141888716d24c935be69d5ebb7e
443bea04d7cb87d6ca9b79a779c3bc9dbcdbbcc7bc6cf3ed12b8db6785cd7fa5646fdca4c53ff86fb75cfffcc0244e6f97c5edd68af0a2df52a8c4bc
8bbc423999b3b7db0ad1aefa2db979e362ea878fbba00ed92eeecbbec158bba7f5610fff4338d08939970f967781c371dff657eb6b54aa3ac2b27c38
be1c1bf7e33f3064d6b2bbdf928cf7fbe5657d98a7e4c33cb6900799687fdc9230d48f44314fdc33af1ec7e8d9f5a7c27f1f4985e7c33d4713662cf9
a8e6659b1f8fbfc79b32ae0522617d9a68614a1989c7bcd73cfee1cd42cb958e7bb6aea0ac13962df3689f24de0389a7b17d7f24290c9df623a86224
2ef33ea37cbe957c78241fd0c2ef8fc7dfb33e7b70ca49fe3ff7e7258af679eb7cf0ddf65300f1489a1bd7aca3b2d45fd4d43a5ebe322fcbbd92e10a
acbac281d73122aa59d40719f94a8613ac2ccb519f64f8bbdb37daf23a46ef6e9bd9af5ec9be57374368f077a45cf938cd3bc9bbcc132fcc21cc4ef2
61df6c9f63f47e6304b9f44aa210a02cf3728cdec36fdd3b89fdd0dfd336132aefa7a0e2956c3188d80f6b82fe7a64bfe7f72df5a1fb100fe6fdd73e
851cefe578b0af6991d2b548e90a11b0dbcb87f8e3587bbddebdcbb6c081d15aa46b2dd2d1e5e9afe4cdeb7afbdae279f47a1e29447825eb89da95e5
a2bee387ae423cf4b595f3f4d014f8c0b824ca65fb0ecc49f2a1939124b90f85588742ac8e20e020da553e36f3f807788e07f31e5f4287562087119d
3abe190ecdcd0fad3b3a9afe07d6e2f9605f83717ffc98e3f1a01f083e0e4dc40f05421d93fa83d043f9f01f9d3c74c9e20119d4726dfd9fc6de5c57
83de87cfeb7d156e52e7cca6a54913245d122077a0650670e1058e7dff219fe735b221f8fec501f5f28c345a391429fd58bdfa5df1b1fcdf915ffeff
3ff7d55be0d55be07f1c59aade4bac460e2a4040d503b15c8de9f307f452fcf0756a2b18dfeb817136c8e173e4c5271aa4cba3fad3bc53c0843ff22e
9f13dd03e37b6c94ad0ba81a05fcb17a304d82547934fdb53b7ec011697caa44d049e2cd5486152749924f5e9677f2e90cc2d2e3b67de5e273128690
93f99510364944d0a26d279fc920b6ad90176351f51246218e4be5827412eb97da723dd1322be16c9297f53b11dff55485e23856fcf01d6adf85e974
a2650611d18ce9841724095396c841f59c96077ec11fb8cc95d024492cafd2079f7506f9fd8f2355f1c33ef8ec83d4782b571592d8de3456c68f29cf
e75234d4cb25752932b94f5cbdb51dc47ec95d53bd300a07712c53bda9781e92384629422a9e8724ce03ea7715df0bd2ea1f103455c742d5b150b8a1
5cafe63bda0fef873a777958ab4a35ef302fa13cfec0a2adde4ea8de4e10dda7128923c9f639eabc6c9b6a5f352fce9f2022039dbc77db2fdb7eb9e8
03fcbd41040dbae82b4ea50729f228eff51dafef605e5d9f793ff332876e45a1912c0ae71ceaedb8dd87eff539764841984318e42b5e8b24be37775c
55e745bdcf1f9c4e87c718e9a82818e9e3c721eff41d0dde25cff2524d8b1f1fbc5ba8b454c9e287cfa9cad43c0e982049f2f81c707caa1217234997
479d5141ebad7ac3f985f861fddc6200e5576fe5dacdd982c24d84f86179aaa518e92b512f92bcbe035eb5af2a7292805b953016499c1b9d3a37dfd1
ac73e11dddba886b45108b7a0fc7430b0cc6f78a572509e5116ca0de9fbccff7b266c4300862fd58338f9fb547759353fdf5712c1fc712fccaf831e5
d157f8ee63e069db23202246f0f851e559bf5491eb73fb8edbf591168efa28af1ead508df1781edff1fc1097c85bac4bf9bfd0e02ab106828837d70a
79abcffd37d438daebfaf506496995bccdba34db5ba933cec220f63373e8611b58b94192300ed419474a15dba1e0c08e1f4d5e9747de693f73d7bd60
d1ae8fdfa367ff509178ce4ff6e3271b809deaad92caad92848ac877e0f148d2e5e57814b604099c977939c15f7540541c10f11c6bbfb88eca65798c
65f1fb515c0bf55f38995f858308d2ccd2e16d7968120443aa85636f417e08a9bccecf4b69562b0d2ff1c32a3834f885ab8e8020687b95a1e6a64a92
258fe730f8542fac14a245c78f258fa9ad68d011507f8e0045031e8024cbbcd40fa370904f1e6d73188a885684a8a91ae9ab46fa02dc49bc88fa5540
7effc06dabd5e5830d3e793ce7b2a82e0b4ef0d7ea300854fee7f2c6c21e84a01e7f600a568dea55a37a0104a556b4ef20b4177f5bad1c170bb27d2e
db56fde4d4697b3b79b12004616ae3478b1f3ef7eb1754b2aa58a98a150ce3d54b2c159bf951ffacb32a40d5e8aa0869f64113e415d4d1da5cde4d8b
0efeb1da9c57cd794544f6f8e17345c853346d2f9304117f2dcf25d4667bdbf0bd885b6f8104316f5a566a5bf2385f216669741fcbb181a3fca7b868
aa2d3fe3317eaf0a866f92535ebea3fb59037ff687ee58c15a4d02d020febbda553dba9f21c580b736aab7362aa7f0ab86e7dadd7937e610e8a449ec
bfdcfd55acd049ec03d647579c61573eff0012aaddb921f663e5d47c05c03089e555ea625f81de977969db34efb21d7cfeba2a4afff51f9f0dae6624
01ab0f8377f5964505122eca43e506f82d89ef650e01ec96c4f7a665af825296847ee6dc49f5e645f5e645c5b85dbd6551bd65111b9b7cef50151c97
306cbc77705932c896c73b541fbc8d5139495fb1602779e5e5780c55e4818a1c3cf256eb52ad0ba275f8191fcdf6a21a0dac8c418a3cead27d8e3317
15a74efcb0ceca3a8078eb18be63f80e3e9d839d72904f1ecf4d7913b98be32d963e736d601da940b8c48f216fcaa3cedb3e78ed03f37ebef7f3bda8
1e53357caa8683811d3f963cfb14b57ee2400c228f6dc2e42c4f9d8ffd87eae1cd8b20b6579ef3742ac3944d9393ea750a267aa02a70f5210973f2fc
9357e431e618ade3c790e7bc4a4b66f53641e536c19901c693e7fa5d6c2762a796fda2a5ba62a9cee72abc2deff3b9ec8385e3a32edb8bf5ba6aa9ae
5aaa0f65d3ea96c736a1e2e4a84bf5614d61f718dfa5aa003a4e222ac1c33a5cb50e1f9c7da85a7dab56df03ecc5aad5b76af53d70bcd5e5b74c489d
dc1426eff3bda911e673ff7c323f9ebdcd6215984e1bbf75109b54e40d7976651a95ea76c7b00f797c8ab73b868db6123c9e53a3dc8a516045e307d5
df97d5e753b7dd1deccbea23f6b02e27193e47791c350b22542b628a8011496c07537b3b5cfb375c6885db25bf5df29cd6afbbcac38059b9075cb79a
e256b462188fcfa8ef48d19a604c3ce7a769f329ae3834e20b6b79404a548ce0f1c33e059bb5e2e4881ff62917192bc0b2752b96f7f4bd4cb1ed74df
ebf71c7da01ab49753825d89973aaa973a2af78aeb7e1d0f8c68156379e53647922e2fcb135a2988cb8225f572e426087d7f31155f4e83064915ef38
e8abd77900ead26944b3f8b1e5d90e96c0eb98bfa73c3e9d2f4740835ce6adf0cc2bde3960e1d5db1d95db1da7b1cee247918768c0d05edfc7e71efb
19d5edf513fb1249c29864f57547f83e431eed2df28afdcc1c027b29c9cb73ecb85e2d5d6fb3bd8cc78b6fb762f78ebcec183ead141f118b333850f2
dcc57ebf76f07911922888efc0faf5d98eefd70e54bc4f95f12bf63d62e0e3364b10ebcc3cd0d85bbf5f9d59d31a7babc6de03b0fbfaf969fabaed78
788796b88f4bb815037f1583ad8ac15631dcd74fb5eadb02c7d37f1a6cab06db0acc4efd54af3f76390717baeaa71ac94583e0a5badefec0c368c0b3
65de06ef91c73a077aa701ec98c43a579e43756bd87283977d1f3f7ccef00918fd9ba7ff9ba7ff45a98e1fa7bc4bde05cff75664c991bbb5864537c9
e773f0d8c907a9f23abc298f7900347d13ebad81439a3c9e430508c2dae2b47e03683489cfa55adafe704405b9e591775b3f70430f7cbbf163c8631e
1097b7fdbdd6ef758c720eb5c33e3d94edc4bb6d07e7581a283f515eae8fe6a9fee6a9fe0a967923127d12c608489da675b8691d3eceb49636217a82
3c3e976d3b8aef65775fc1356d625406f99547fdaa75a9d6853107c327c9f0b90e8fb13c38d65db95cdb38929fe4366ff6c181232ac8f6b99c2fc7b4
3cc2858526485ee46e23987b3c77d1077c8a830c9fa37e9c4f0942ff3df2703634e17d2ac1241bb83e4996bcaccb89eadb40db8cf27ebc2acff252fd
6f9ec26f589b8397dfdf7662410d6279cc2b2000937cf2fef9647e031e28c9af98ec4a8dd64198c6dce56d426f36a037a3aa856a155f6724000cc5b1
ebb349c0fe5722b4b7136d2f08e29b087bedc4c812c421ec34dd6501a24fbc23b5ccf8615d44617fba3cbb08bfe1c1118af861fd86f5b32ec36e5383
e6047f3ba779155d04746b04214fb2e5d107dbbab8cbe1b47ee3a87d9247de03cf3ed8be83a978bed6d99d0f010edae99430f4f771dadecf3e50eca1
7a342ce7495ef366fd2ea709c1be93977daf01bd61403f0f54944608ee248fbcecfb8bcf69904b1e7981856897614a880d1f3f9a3cfb852570e11b6a
c200554ef537618082d82f37799bcf359f7b786ff7bdddf7b2942f2c3a41a63cf272d4a71924fb40bd6997a210a37a8637a16dec7cdab57ecf5197e5
73cbf716deb12d8f18d307ea4d13caa75d9f75468c0adbd384eda95c366dc4744e52cddbe02d798e47232f6a41c3001ccfdd3c87e5a2dd5a2e307436
0dc08df8c6f11c62e09ee69de64d75a409d1d384e8a944766f1cb50fa2f8215643fc90b7ed03d6e0c3e9e620b48313f7edf1536730dccae5cb86f536
c996977da571b6699c3d8883d4382e9fa4c9a33c0cdecd20b1150b60138ea761533d0dafd73ca9de8c9d7a0087123fcceb670dcb5ef3a47af3a47a05
2e28a374c11358bfdab66d9db775460e3d7ec21e3f6158f61ac7cc93f88e4a3b14b70fe72bc47e6f9e226f9e2237564f2b7eeacaf1e365de82d32988
6d4bc7602b7ec28a9f302c7b8db09d491c37d66fc189d03cb95d810b6ac5b9c1c1ecd3107dade0746a184dcf83a83dade02f0fc2581226ba15fbaa70
fee8203e59035d354991c77b71d0351078ce838b870dcc9d24a8329cb86fc2ec04f1bda82d9c154e625ec6a32a23eae558a6952c7e0c79e6658c2a96
955609aa7a708ea011f8308979596f75997799976f405545c10099bc7c2f6762935867d696f0344d781a31e75b53cd6846fc21ba57139e26883cdad1
b0a006613c38f9dec0aa4972cae33954df20555ece97b67ccea81418f89bd6c3d6fc067043ad892bd3c495a958f15a53deb7cfe7981b981293503f20
7a1ae1bc927479f90ee25605b9e853e2db3462c824a17e046b6d448f49c2b8250cfc3f7eeec16449d2cc92d5ef8a5b8396540cf70d4c96248842b515
225324f9f178cea6770d11dc196cc45b4872c8cbbcc3a9f88b3bd011ad839d6390df73f26e794c1d8007e347918738c3b0d686537118288b0b586db8
44874b14989df8615ec51997071bd6bd24d6252d17f163ca638972a1307e6c7988fe6e5d14e9c3dd4147240d0cd48d83acc1431de1e86a92431eef70
790f5519e2cc370d7a4db8968ae1aa717435498a95c629f2f8615d5ea704d369bcb60d3523f73cf0ec178e9a058f76bcbfbcaf3cf27ef681ea08bef6
f86179dc136d9c226fd35dd83424df5fee76db743ce6e17bf9bc4c0cb6417c6fee6cdbc4cad3b01d268ff2b861d0b01366688b9cee13237803f1e53c
404d8c1f3ef7b053e66c469beed6406dc9485cf054332606d6c66597b6545557b12e2cef851137c890977db038f91ec4f7529705f06a10fb8ab15c8e
e51af601aac25205150aa471123c7e50bf255a3986f186c52fc92d8fbab8b6840c699c0e6f4bb560a916a85679a4b46120cce71a3cdf61381cac2df1
c3ba804cd6b098b485413e88cfb1835baecbe5ba2cacdff5f90ece6b34ac194d6b5f90475e8157e5f90e3e611b74cab60fe6a46ada76cd6cfce00748
8f0d335a12ebc23cc0749584fe03f1bf6d77b15bf9c2d991e6d1c906b448f0d2c2d6304925e9f21a3cea82312acaa32e9881920c79d9a79c5d0c527c
0ef501309024cc838a5816403bc8218fbcce97d7f9a29ae671c520b683b921e07510fb94b5ffaaea039571a6f538786264b44fcb05673ddae727c223
870d2378fb54f53f76758d186bcde3854d8c0c436ab54fb5e5e3e86e037626be42f4d567a841e2b337ad50ed3360205034edc39ad6b042258ff76285
6a58a132c458b6cda389ed539e7271b37df6dff7eb3f5494af5b67ac5f8de3df4d34fff619b4caddb8c8fd4de4fe3485244f0b0760d4c9a36daa7d9c
f63b0f827ec58f218f757ea613a66b354ad46d782923ba56a3aed5a871fa3f7e7cf0b828d838feddc5b4e8625a3440ddbb80d25d40e98695bb037011
e4f41df9ddea7f58aa3be13e329019cfddf26e793937e2c790679d1b75b92defd7cfa952748f12768f1236b066e2c725cffafd0b20baf1ec328b4577
5e572cba5874a7fac52a883f7ffd51554e5a0769f2a856b53cf1e739f5dd0d54d285cb689cfaee58c09298f7e01dcdbcc46d3eb8039b68d2f05447d0
c8bbd1793a08191928953a0fdf61f0334ecd77303192bce6a57ecb2e5a4e13bb6dfb5e551434f7fef73a0cef94c7707de6f59308ec47d710d67f8630
fcf4a1c451bf834b77075a7a6874f429f11a9297e579b2b28b55dd38359f88cbf0343cb783f2583efd505bc69fdf89dc92649837fbef703c8edf78e4
79882e5444172aa281f91e3f5e798e65e5399c0d419effe1bf857beb07bb8820ec2280fde8625af7c3001918ade387efddbe977e16e73a88f3807e3e
5edff15a5e6aad5da8882e544403dfbd8b05d14f553ceed9764c4d4998079c0f881f8cf9692853a06dfae95201e3e13cb853db0d1dd3891713cfd1a7
a77d7556cb7b782f16a7208c79a3ff4e3ec5fd340c1e51c5ba56997e2aaad91d74ad321dab4cf2b27e17c6b67ee1d86a1894e3c78f47df13e7b95f2e
f9cb25cfa9ef7eb92e2f4e6e1b0ca95fb6e3facd83541fbac715bbc7150f22a5752d26dda0490741d6e287e5e1746a1899fb855ad0c1453e0d2ad431
952459f2a81f6a7df778e1c15980f86179ae99ce9abed86106e9f272dc6ec5e8ad0a80ef3e7e5cf26e79f9de1bab51426e523fe6d58d1a1e84750416
44c7a49264cae31da8dc411873cefc742ecd2741e6dcf4d563bf3c5a923aa25f40dfeeddf94648b12ea06fe7ee7c3e977dfaa06a754e6fe5b43ae16d
79afcf65bf78ffbd3f3ad93807d43dde15a4989777bcd60fcc838661bc7b6fbc1777d9e0394401d4b938c739911d3fa63cc6124376d7d2d0b52a34f0
e77bb1ffb8029e516ab3bd054745f7feb6916b7b69f27e41486fcae3ec48e79e76f26e785bde2b8f77e0930ff2c8a37e9c5eefe009670037dad6ad9f
9ffbe7e11dc3f61ad00784c95e50873b97bb33ec14cf4dcbd3f8cef9a32e3071e7c2772e5fdab6ac0b7effc6b6327ef8de659df914976d7b7fe381fc
f3ec572fbf6888ac5f6e7f27717c5947e5b54f39f764fcc1eec5f05efe5b4c429f73dc3ec78d4f7b61fbd4b90bfe8bc9d9bdf0ddbdf09dc00af08a3c
9f4b6b41f77c59af066aff63ad562c8f413e79ff6ccceff5b118ee169e80a226fe173cfcdb8d13f2bd722c2fc8c1734c9ddaac6ab3aaa99d752e5f27
f93dd7e1f98e6955994e75595596c549288e5eedde6a307aeefc76409193581ed3c463651d6ce4e4d1f4cf3a736ce104ea20b6d5e46d6a769caeef62
2377b1911ba7ebe3c79667b731759a9f21ef6a37c226762e692769f272b8b03a25b9cd9bc3ef1decee1decc6ceacb7dbbc79b038c3a3f11c46aa204c
454e19778d54bd192f8fdd646f8ab356ed83469dabefadbe377734bd39659b5316c89ade142b4db15298da0d2b40e79af479128a237e0c79539ecfd9
2f1cdf8bbcd9cf1e7b0b629dd377da3b06c2204c770ce35d50e34e84fa2c2fdb4b44f724be9779d5558308a09ebc07de92b7e5653bba22cee0df8d78
d2bdfb89309e770383bf6badea5aab4e8e63f5eea7ce70b9d199bc43b1f20b7acb6ead13fd3509f3945d67175cb87b74ad6154efdd7ec69075a67536
79188f3bd13883c7dcd582d5874b99bbc6f1e395479f5654558fa4758fa4358cef7db81318c65ce49855e7dc5912e629f785fbe0985f9069deacb360
c05d30e0c669fd8eb92888f1ce8edc15f7c191d720f6c1cd3bfcb403f29bcf659f7ae4ab8f5fdbd240dda7eb68e63a3a4f404ce3c79037e5e57c9918
2b3bc69e8cb3966d9baac31375383b1a9ecf9dbfe71e78afbc4f1eefb55fa6bb4e100dfb54c5c350741a69ac6be5e958799245fdfcbc4c6376126bad
2f2e3805f11dc897c579a120435ebec34bc7412c0f19b154ff39fe94e13eb3efb7a21aab478637ccf66efb60fffa809ddec660db39bb9481d0b23c81
5cfb76cc09c1d5056ded80b6262febb2dd8e6db763c0f6c40fcbab96c76792dbad496c87cf298bb7b2f842f5d8cbf72edeeb168d833d49a63cdefbf9
5eac4127678dba08ac41986bc435e8dc464db27c0e1ece8b0ed069f0f87e1886ac13862c795997d7717bb5cee180e8afea1786930c0f99e3fbba3d79
dd9e708ba1633e49f2cae3bd38c0fa8b03ec744bf5ba7e5fe5244790fbcb65e7209fcff15ee0cd3ac8a5198f92bcaef39763bf27ceb8ae55a68b5cda
dc9e18722c88754e2742f73267e73267f278ce6f05d696e0213b3fd5ff4ff5bfa16a7996a77396279fcbb9fba9d282201abcfecfc6fc211cc530c0fd
59f233192201defa5304c339e5c4205c58488720cd0390e6d0bf2bac2a8b21bde16c391f0f91efb070b6c3a79c2e277bd082d8160d4e5fde5c1a1a8b
cf6a909cf63f8e15c83ebc712c477ac9ca92f26b3c58c641f89adc947d5950faa66efccc91b6a494ba1710e343c8e8c1c23f738e0c167f125ef75894
ad4b5bd85dec95db8ebae99542dfddf64a6ee5a3f406cbf6e552bef13947da3ae4aefe06482ed2f6cbc31b2b0d7c7c632163e58da0d506a1af1a4f55
bb18f5a050f96a1dd8cb160ae7a64510b2756ad5ccc6e1e34241cd1a606eb14ecd9ae709c61b08e201e475921316f9ba8d498d3e5814de1d9ab48d73
da22920e0d7bd09ce603eb78921c9a7a50d2701c58e98d111d76417ebb633f470f0f4b4a4d133357242d29bfe93796d2485ba7dcaddf7c6687b8db03
bb3921c887e6f2e179da4eeb96dd9b3b869b2ff1106a6100b5102c6abeacd4e67d1719b785e796f8faa306db19b4e9bb9b7caf5d9e3ad9f5479d5e6b
fe52d24dd7bdd6fca5e64ec6d7c25f0af721fb204531f6b3489a2db714979df95981fc6c5f205145da6149e9c5618a483ac21fb5441e6cce8e046184
d39034b4e50f4eeedec0030f2020926451ac7e8dfb63a7e586d31691bce4d09b4cfccd99b0c179df1bff7ca4b72c86b85294cb7f9f64ac6474b1ef5c
ece0580c8fff861243dfa52130d2b7ac271f221bba55104a62b6781c78701cd8683f91b6ea37453113f66d51a968003c1d49ab9eead7dd526b1e1bad
60f091beb1e10d0f110f0e111be767085e11848c071995c37cc2390d12492b9a768c78888a169b9c96564eba0e9c2449288959edc1e320272cda5ced
bd3c06773d3e640df2237c37a6f55622ec4ae1bcae5952de50e0c31649fb203778918d6ec1813c502d80a018a81749a8b89dde1cd1941ec1a270c506
401a77b33fbb45a555e0628710695b9c6203d364246df1a0876f8a1af6d4a028db376cdfa07d48eb3d6c5feafe17677dc756966cc444b3cdd316a6b4
b808ab3084f218284a1752d033d683f3d47702e9fee367762f8737152b4ca703e52a09efb6d8e54c59cc94df53567af1a6cabcd816b5298a3a6fdbbf
e9f0469db7bd84ace134c110893f082f64f50bc41f848eebbcf0b5e35ecae2bb2034ffc07fc6019fb13feb9e7ad0dd116eaa7d03e07d4efc8cadb401
9de4c624380cbf3b00dfbfa80100fc496ec4d603eb9195bd80d970788e7ce0ad23bad2781524c4e905446410ab3709754a3571888532d03e6fd0f386
27c80727c86f6c8d03589424172c4a074a350893e0f2a9218b8c2c1883ff0e82ff72a67978ee7c70eefcc61a19695b73d19ad404236d6b52c5b8ed17
15090210dc9db54014822459b89d70db64540b26e68bb92048ae2a9bf7d896944206221a1c504f4227f0f500902549bcf5b6c1b83407910d6e44c65b
6c4a6a1ad7619514486fa1871f9f6ab2a2a3394a1d499b9272e9ee281fe0ba0449ade44666bc8a28305ee2215a57edf2343e06cba72cbc52389da988
e2f8fc6d5f7234671013e1269671a4ad7963102a95526cbda9d9dcb645cde64d517513527eb0eb489285df722cbc337628606f771a74468ac560fce3
20bccf593d1cf494257777c24e3b2f158c87731691f685691c06f97dbcca8477d1e908f857990054cdf3e7202ff3a5cec1d9f2e19e66bc2912082b15
495f974ac803166ba4edce3c7f7c3b30dbb14a59f1fc397cdb92522fb9003e8bb4ed7b29eae27daf1d93dbbfe7cf0e5524bcb9037efeecbecf3a7c64
4441d7853dd8333d7fb6f9b312a96f3c98f8c6a798f8fe288b167e184183b0228bac2a8bf6743843ce225f83f5caa274f414023c2729b0288afdf8f8
72d9078bb2304d0d76680fe735c6a7c2f1a5c27133653e158eefa474a4dea70820543dd1adc6a776f15db499f96158e94158691c19e3bbad14fa069a
0bf1a59374243f1c9b77532544b3eef5817bfdc16e373e45004ef607b3ddc0d39e84ef2a9f1a617f06b03fb83e86a03f0347fc83296e181c63101c83
9375c3d01883d0180f27428691310657468c3934b83792842f6df5292b5a29fda47457fc5719523e6d5fb5f84af1c821235c0f225ca7efe51fbfb45f
b5977263f300d1393e250201af1f900523fdc82ab0789322e16b6444473122c7605b4d00e0485e72f85e392dba95cecdce732073bf6e6b3b45398195
125f6e711e1796d0460368a38b7b8e91b65a83b29cc1c3911a68e84e84e150a549fd016130d29635e93967f0b4e77277437cb248da35c8a0c3193cad
e9640239540a21c0939edfb82c97daa2280a77c343dc6e22228c4fb5848821cfaf350aa10f2174a06a133c2409b3c589a714e24e8f81938627350627
35625742455f5b93ea0997358647370661469ed3d1f9ac436e8288b510491b8358e2524ba4ede3944ecf696b144b1f320878cbe92190c9d521c2314c
ce7e24993cd461bdb2c8e7534897c9b5a187332b93c32049c8789291302793532078dde61f26d00924d4033461a4bb2cf2a5489d04114fc20b6f4abf
7ce145c6949f916eb272bd9f7f540beb4510ca7acc6859375df3502db638419eac568163a36f4a2fb23e580f2d2ce4c3263939558273701a4f250885
579a53ec8642bf372acaf5fd49a0958b5bb891b6d18813cc02d3982b934b550f46d0c92daa2434a7f354fd3d955d6a375447074980b173fe353b2b05
42464b8665b552137838b5323d65323965022c53246d3382e0a117ba0d4c4110d9e8856ea5724763d8a5294ad704a5ebb18bbbbd9ebb987888c2bb85
231af27b1449eb342c89d11a9694fb9aa7c89972b2790ec3741872ef827f32925609b1807d7682049684f69ed4725a52ea23f826a7e7622647618c0c
35b92c96240b6f4cd9e5e821151af55eceb2c5b4be287bbb8e523501d22b92f61c82823df9f4eed9e4eed94348da69809a092cd9d3e458f1d4508cfc
34ff5e0b4f0d25038267d26c292d9ecb69f05aa9dcd13cec9a236df358ef602e4ea3d607a1a7aaac262bdb97bea4484e39d9514c2863d704613899d4
c4b109923b14ee0b45f29643f398d344bd4fd2f3a1078e65a74820e4dd3cb8f51c24377a382ca6e78682447fe1868d649143bd9bf9ba2c4698be3374
4e9095f9789d92e4b81805faeeb8ace645e1ffbca98d27ab19b21108c44331732066ae2e6bc9c22c74d1b1b70d4b9d0778b4483e72b287d8cf4da3f8
4ca2f87085697a186a023397b1b26159788aa4873dd8f43ee1e43e21d79ca63707273707897f3e3d42353942f570da67120528c9c47ae553af2c0a3f
a8278ef04944a060d1911cbd9a80d75d4a69af2506993cc59828c38ea2718c8a56c71265e7b685d55991ca0e9ee8c9f5c424568b0e55ac7157f1e274
e2e4c2629233f3f150b3568dc22feade2c3cd51cee664d220b25b993c3eb146107228c9d52a4ed1844d87d539232ec48fde5e1ea48a4ad27c2884dc9
3ca6a54f9e42f871762c09c517eaa0383a90345c11991e2a9b9c237b40638cb4dd9782051f4524ed05141034e6c989b3240c4ea32805cbb129cad5b1
2d2ab50eb0eae6f13a102f5faf4ebed7be4a6da314c654297220451e97b55204ec3fc34ccde3b30a6c791ea7e867511f45311f3fab8ef441799aa7da
06973883f5c0ba65e5ac4db368248b1c0a67bd9d389582f07d498d678a2a38b9e7c935b579aaa59c6829a04cce532d853375469b9a1ea99b1ca9c38b
3f4f85cd795229e4cf89cf25488175c3aab2f8865b5105d08996a21e61a0a649a0a6788a8c97cd4156707c681aa669726aeff1234ec8a624d414e97d
620809c28a6b3e65bdd81af9c93e150d9cf6bb54244e3517823c5d2a129c024c429f32234f1ce893b04f0fc78122bd6531d295372a094e76428fcdc6
181224471ab17b565bcdaee7b10ed56ece5d4f41ec9eea321c377cfc449ed50eac0c6ba30ad5614d2d87c30e91b452ec6a380214690b6f14cea8361b
d3901f9d26abdd9cec731e64f4d9ad67ca037c41f354bd3973bb638caa48dbc729221ebf5986b29a5cc0ad7f3446d170b2f3297f14352c3c3740d56c
aa375cc1adbf67ec3ab51b97841285fbb79c938fa4b34385c745a28c3927aa1392f654c6701ff7f1ab742e1b93fa8ac1ab22ed0b5377a9bf877c1f52
a72031099f95e485c50b975328b51a225c46d2d99867262ef5c753a973b2efc1351a69df973a4c75bd6d0b4fe34b5eb9fcc7afedf93ab8e906aaaec6
d76992a2e9e1f451a49d26b929aaaebccffae5aea722d1cfcf514bc32c112fe7a5f8e18e30406c913ce530fe69a8995c1d4ec2f8b3382fc5cf856429
2cceebb0a883a21e38979cac373b0fc13c83a492a60cbef0024d6e241b836b7a3636088523842f4cb5933bca0f1743e6a544ba90489c709a807f26a1
ac4a7330dd04c157c4d4f152f30401f4e1a2c8e4e2721232f24d3128d9bc5298188f6b12782c48ee791e6e7a44fa96954db4a61cb69c9cd1e5226a24
7fd97264102157b1abd82339c53dbf3b39bf8b2f2c92664b8b69b596ea0d57351b55aa76424a12a36d45dab6b0f90107705e6a0957ee81aaad534bb8
525e103c6a02569aa4938d92d412b88cfd5416c6a528b850132a0be3524de05ef6c3a9a348dbe9f86e2e332a0b38778ca36d124e2d0945a19688873a
b9bafd54e7de701858fad5b9e7d2bfd02500118db4039f2ac575598769f7a15e54e7951b992bb50ceedb46b2c8a999cf3a2c9b9342e1f90de0724853
15e188cdbc54382e148eea44db169e12a03937b635c86dcb75d91a150eb0560df815697b1423eb6f9c5ddd5c3c37dcd7bc3ebb0f27efe54275795f1f
0e4ebbe1b3391ffdc7d743b8d62094c567e0c6a91b84cae711aee97df6c97df68b132f534cd72094c5c7c2dbec41f4bbca422a7284bbb1f1bd553080
7f7d1adb99db257eb3c41b3bdf1b6f4c9017564ee5db257eb3c41b53596cd82094859273bbc4ef54343812346f773844b5c3593a858a9d20c13eb846
e7adca71b3e6b95d10e92e6bc0ba6059546e5c2e5c9a91b6a2d84a08ff356f6d2580c55edca38fb42dc41acb299d79bb1be1ec3a6792e6adc671233e
f05f46da06a6f8781ac37ae3b509d2321f5578ec767623009ece5b0172170aa7a462030b5b72c746017217f2219c00134872c2a2f4ead057861ef5ef
56a8dcd8589a0dd4c672e32276b72b186d10ba1465fd56e7b81b19d17aee66ff357a06cdebd6a472a7ea71e1569c46170c42593f9663d1190b942a61
6de7cdeea3399787cd468880621869c73565c9c335e96950c279b321c9bb0cfff8c9bda7a39002057cda09e64292eccdee5457bbb81131dd19eb0ee6
46e1e09e75a4ad0ffb95ee4cd8d69acd0918a691b6835337e0664a246d2d560ffc87d3608813d8de87bb0c13ecde2435f351b8d2e366bfd2adfb6be1
2f8553d267d5d9aee02e8cb40d4478748b5278dcb96d09564efe47e1f1b015c11518e9262b852fb11ee6e3c6037809a379cdc75dc693bb0c60332359
e45014dfbc07bfed045bf8c139371fad234fda4d9d8b8fb2e34150e09c8bb485a7bc00ae379255ce4c0e65bb1179f2eb8f3f3d928f9c5c7db8f4a628
c413146227f0a3987852345c1a1a1e0d1b84927cb8893d1f0d1b4fee599ce58f7b9527a58433fad1a20a6ec683bb70029e9124078639fe3cf62f3656
6e744f41352620c786148bb435c8dd890be1c18f3b1f2402262ba3504e00908d2616695b571829e630b01c49281cfd9b1895493e580c9572e3610fc2
ddee483bc40d6317c69547832ab0c90548c229d0c77cba4fd1425588270da446f39a802527e18d6ce21ef58527f505ce1944d2f60c8a42777cdc4e3c
8326f28d7f54210871d9f9fa705527c9cb4334675af8a4702aa501f5c92d0451f922e968e5b22f7806a7f77c26577b08d3371f950c0260963fe7ebb2
ab5236943f67a74281eb3fc6079b8f660dae02713e613eee2f9ed42c3a9fba4773e9b3e94ea7d0b6759b929c42ee269e4df39c0b1a479f978c4e06cd
1a609d849ee353d63dd58872b03d7b3e2b9a52a11c76c3e700a6fe503815338b7b8692ca4239a8aad828411aac026bc82223dfa8e20e81f89add8774
9000a3129b3f595dd6c89a626830dee624c466e12cfe2c5a484bea0c9cc988a455c8055f00b38bf492959d6c496a06e05d174ee6cfa21705b8eb82e7
3dd2d62ad77401db2ed2a72c2a8a15be68a62c69a6543c17b500ae6019c36b720f2b09556782146d1104eebc806499c5455f1efa9d3953f0dc0661c0
90e286f59ca55053844cf1ab0fc876c1a9368b6e9492ebda805e5304990982ccc5b5c22904f7248a67214cdc2cda27b80476712a21d236b15209bb4b
b364c9dd45e136f914a67b02d37d69012cea065cec2ae969fbc70f6e71cb5072cb00226e241d2b840227f46719f6534a82c281e159b41f945cf645eb
6dd13d5272dd77db31ad4e9eca281c0f8eb43d97dff960f9943d37a9b4add51b52729997d3a62d5bbb78a193c3fd0150e2d75d18050d08208917bd67
de2c0bc21b2b65e9d820c868391df76d59dbb218645738d7ca8c03368b1681829bf4b6f8d706b1e839303bbd7b1684e12b6674f85e3a15b368d17259
9003a7134639c09db46051bc728080a406fb9a55395053235013f0c2dae4c21a571ea7d7d5268041852b0691665c2b5e129d6555310018ba11bda601
4b67cd755eb8c63d8d571aa4c2a2787703600f719a681aac3408455de6fb15f5c2a2a21c0e9f355582ce2741c4a220d9e48b795475a6d68bc2a9949b
819a1f7ece174d018c66bdb1bf33b3aa1ffe9abb04ee694ef1da2778edf11015d7a34118d5e27eae2a2aea43bff011ac5a176a2a00c4358da445a574
281753ad6ab504003e58e4737bc0e53d629fceaa3250911d1ca79c555f45453fe0a277a4ad155f7e5d61554326c15a3ba683aad5b2a62028d78fb564
e5e26552093d3f819e2f9c0a9c550f6cfdb92aa88256082e0ff61fc74aa142705030d256aad15588aaaa21132cfbfe7bc871485345e72358bb657796
88d5d4c741f05855abaae251bb65d353da316b4a9f023259a42d3c5592905d14a524aab9ef28f78fe57401eaf48fef69551209ac0f967da4ed98b467
141d50753acadc5ff97341289d2ad289237fb32a9d2afac8cd8e598cfe0946ffa58fa32ab06a6e498c7f36c5ce9a44ba2d1cf19b55f345453ae923aa
4a27a0fb0b67ee226dbd72235194fed58d04b72e0f6e88ceaa1a01b0bfd1c666757351b90c05ea4fa42dfea32ce7ed67599f65e51bbda519e480d561
5559f42a1bf7a666d1902960864daf6d0661d098cb4d3b0417350b87b666d3f5da0ecbe28daa1684d915317b36ad8f0dc973b30730e2eee482e7c53d
f0d9dc7110aee0e0205ca48b2cde88046efa43dac9a031424d734503d788e37291b6f6682537db00e3f906618498e24d09d52edf4825dcad78bb9443
7591b6732e3ae75f3836359baa0de17f8bfeada653a5a1ede8dff2d2eae4d2eaf530e19b32aca53e53747935c513011b8a0eaee656a5119be58fef65
d320da9058bab3045f0b92d34f7756d3bddab8a1ce99be485b2fd41dfd594d91d550771e67911ed75678231b85a6e5949bb2e5b96459d554712eeed8
47daf94174486e0345daeeac348895d2f4be8009172c1aa4686b48adc759a4cfb57138fed713cd914fe175e9ea232c4510b6478f63eaf60828b9a2db
ab69616d9d36da855a475ab72cdea8e06a6c86c0578bb41911369e1d69aa426df246978592a5b189e1d6fa6c2a3940d81d606045dafe6213f338bbf5
c436248ba7309a92a56dc61165a22959b8916cccb6d9348372ebb814678eba4a03449cf011d37bc8937bc806679b5e430ef2c2a273545f5aca9c6051
d6e74a611b5310954d5f2ca19fa378daa833b6a1d100b33abbda4aff232393c90bcd930bcdc553055d3f6bffa3ef9913868a9e60f3154f1a78eb7972
ebf9729a74eda0fde08d4c93ae4ed34f32220dba464fae46179df35d3102b25fe112f9f4b2f4e4b274280b07ac4b166f4487ee9a3d3bd280ab6bd31b
d5931bd5879bc3aef3b55f14cf39a4aef3b5a3d71434a4ae50e0f675e1eadaec5a3409366258b7483759d9d160b74fc38f0421230788ba5b19229214
fd2d5d09d059db20a546dab28a65f1466d9a9d855cf8d077f72d3df72d879bd6eeda269076a988b4ae57a4a3b5e8bbe9f557d6078bb25cc81da30637
da226df1cde2a9971a092154c47a9f864e999d58f59c728db49dc3da26de5ba4ed42d67665ae76d776ef38ed3168774d1f7d30b40e9a66ce9efa44d1
8be84df6209b37cab2412c77a2bacdaeaf8478e045174ed74ddad9e6e8c221924b12cb627e71497c1acfe5b02ccd9d1ddd42878dd7e427d7e48fc3b2
140ade9277b3de9500403f96eaf4d52bda8960e56eddabf4413e58f4bdf64e82900b3c1f69fbeb651cd192bb9e4fc2c2083b1f692bc19e86ab6c9176
1c3fcba212ba43b9a87f80fa36871a0851650ef7f95edd9f804f1a4f6e0e7d230339517f4f7559f43d4a89c8934178aafe0b9b6003d70461685829c3
7d108000c1caf61a6b3d087d87701ed7efa95c4ffa6186db90c1a643a7cbb8cd789bb1c19ab2f29e3450f773e8b8202a7bece3655916d8615a1e84c6
0c42f17c8a8707a9802128ba5d86ced001c6edc13660b8f4071f7f2ea94de3e64c20350b57d2227dcbe28d5d569545ed518986d260b05fd13923c466
100610f136fcf883ba6950ba39f4708c9413855b6991b678c06f80ce8bb4b54740e80518da3a06b60e0f430e373104f039388d1ce9212bc7516bfef0
4b3f1a65f1591f3a3d88f2132c7ad54dcbe090b91fd9a1cc18ddb26890b692817bf5e16336b484820e7a3d768efb11820389ea1f691b04e01707a023
ed70601d6d45164b7f80b4e799e8a1cc18ec4734a70f5dae032874401ae6506b18983e35b10fb586b1c8687fe90f21c850b098391a500606148f570e
0d28e052c45314af8775a434b93c5f3914230331c285f548dbf79b8e4603198a918101a539b47a5d413f2d3a89869265a4a73558bcd18dcc408c7494
b8e14606008cd26db68ac44091e066d99c7a49003e2d80584d513226881845ebe7d49f3a01e63fd12d26088e1374d4d299d153ad0170d4c215b1486f
592facacd7748b42f8a502caed1433634ef6109df935dd434cb0db35a04d7d9e93e828a7c5fbf19fec0880a98ab419c1dad08266b4a639535c1c9acb
a6fa0090ac4503c9d47931535c14cd215339013a6bb0284b5d9f604f8746b5a96973e298d0f2305dee20b9062bc771ea9898ac6d224145da37a2b26b
0b98da2726de4be060236ded59c81e459d1a2d67e3701273c24853413e58bcd1553b3b4f216aa7eb71768b671c355ece74565437cad36ff8f4ec9313
40fd7c0e4e5199d1f5382719918553cfe39c5402616564ab6964abd38ed6c9407cabeaf6d0b85641262c8a7759cdfc48579d2fd373da735b167daf7f
72e6ea32d65ca42d6b53161fd9a983726eeac51775bad2e64bedf9a24e57da7cc9c8a66a7a72617ef4847342fd7ca29f9f8eb6fec8c96125bd26537f
e4fca83d5f2bc128260014869d8b749365591dd694c54afb17b02fa367990ceba025c8d8a546bfc07cd22a2a80451006d057695100c1c2c80a73b936
57eafa86bc9b825a4c902c0eeda24b8fe54a5dfff05ec152c95fe0827a6540c48a09628561f1a621c826c01587d653616b2611c8e229cad243b90834
e88580a58ab058d45e0810b222488ebc2af7d2abb152530896652d599b8cd4deb3512b8582e1f56242daec9406c162689406005b546e91cda57d007c
8b43abeed25809be4555b55d7efc17f74580c78ab46d2cbc9195b29406ab9211f1b6dcd3afca614244e552ef5f8d7ab12c964afee21bee8125113082
e4d0ea045a6ee017c178c0a89942604cc0a02bd7b62688d0492c8b06795a7211aec40b0c62604c30300ee25945dace19d41e4553a0e80916c6e1a586
a5cc00f9c2987b73e9ce244cdce13d0791a327d01787c66481a327d017b1d1a078bfe1c0605c6efc96c206380c43f54d43cd4d91a43d1cb4f47b8227
1d4fd146fd9e2b3ffe1550a9693cba098246b028de8fff4224012915698b07f05893f6d217ba104997f5522481ad51550845d5084259e83c4b570940
1b95eb63732992c0cda8870b465bc3c22fe231c1e5860118a77aba1edd3080a27168325f3a4140d33076e014027b029a716832dfee21f61f651db26e
590c07fd6504bc098ec605c6cbdcca1ca0322a88c9917e64155894e5194a90a42eb7d35b31b453e6186f701a382f08df37fa5e248d205402956a6bb2
24a25ef58ac6d618092895f107a781f42681f42a103c736b6b0064e3f274e45632819f51551144b10a5239fbca53ee41367b10bd005bc7c7be390fcb
17622b3af64346fc5b5bc302001a91d1a718b45de82ffb5ead611732f285d8ca09d034aac7c1c5199f8063547d655b43dfaed4dee2d5f5c1c2383cd7
b2754fecc6495c84fbf6dc24d017879e80ad7b02e88b7ac9f29c35d017c63689b45d889c000d20d2d6be8337e11bb50f6c4487473644c69820631c3a
0784c608c2e15f8bd743b1d3575afd9c1870700287512f64f4d61c080e460506666e757db02fea75fa949d8350f05298810583bcb018214d06005e5c
157b9d5017412cabc1721c53105c6916f9c74fb1481893d884975693ad91616faa8d9abcdd1d00037f80c53b45c79840c257c5eed6e3ba5374d4cba9
accc001da3eac213373e08dd89f414f822084f6154de6e05f6c764c0fbb81510fbf310766614f9220823cf59af5733e3fb4777a2ffbc6e055e1414dd
2faf7e52b0e9ab32e3d5a7f11e8c294bff552979811dbf2f9faab29845f48478184168361bf8d78ba8c0621c5ef879f5a6be6820deee11fc220855ed
3eb565512f3658af0202788b0a4ef37c3552bcdc44053d69be9a1941b3a8371b2cc3304ec2301e801b4fa3304ee0f7ab0eb257470350fcd5eb58af76
0b70308c571369a6df8bbaa183cce88dd3e88dc0234c413126a018c1aab0ec8987f9c5c7ffd5810a2ac6e175a557df035018d51334af4ac90bb8a237
985e8f5a007c51bddaf56a9100f9e200ae20d2972ceac507e8d5fc00f245fd4d13cd0f005d1c7ab05eed93005dd4df34512401a05781c698e2594cf0
2c0e5006226de7287f1082c2eb05a1a3d1405e2fadbe80f3eac112f662128fb2fe3a5a47c3cb46e6667508cb173a3e7d6f4f28465ec48877b95e1d0d
6056187b70be6e3ec0af38747dbd1e7b7a59db3a9f5e0d88405b543d4dafb744c1b4387490bdea030059549094e7ebe9c81703a28ebbd77ba22ffb11
1d33825a4c00ffaace9457af02d816f5415b7eddb5bca916c4879e362a015eb628602d47dabe07560b1ccdf9694004b5a27ae7fb738b0282c5611b85
b00842599719b7ac175687c5387e0732168550548b2014cf4216d52288c53fb0a6ac0d8be2f53d7c271d8d75f5d3f7f0b1bb206e4fa4ab2c16326be8
d3c7480888fa307d3f771780591c7ad33efd8a005b54dd4a9f2e84eff642080d726d7fec1b34a87d1a2081b33808ed18e9222b5787379e3e4d8bc059
5c44069b9fa645e29ac65364d4b4f815c611ed4f6c8b09d444f516d4a7738008a746e18bfda89540b12fec413e2d718037542fdd80e090e4a1120596
55e523eb1597cf3d3d112caa97573e5576801c0e5da09f9f62625a54efb37c6ef33fb1a37e2c9fcaab0c55bdeed3c6f6a153ab8b7dead460351c4ecc
cf4f26b80d51142c9d755f2eb89ace947ffc141ba6751aa6d5db83423d04e1ed2cb1cfb3ccc03bc45374ba1e3fe01daabe96cf034b1f8a7975466a82
fb723d568078a7c00e1380865ad3deb604685844e9a8b83996413ad61f0a303e8d25acc202f7a072ff63897bb008a951b91eb1c04048c2a2ce49bac0
400892b3b072636281789024ab0ab65ba487ac2c1e8b7ba42d3eb5d28ac57d11262309190f32e2d45aa01d1cacf348bfb05047319c2f63c62ed0076a
b38ddd6623c29f54cc97500441c8f8d0a06ec6d4246b2b3ed56551963d312c6b58165565de2e90072eae042d91071641652bc7aa23bd6431b4376fc4
5cbcfe085cc4d5cd65e4d945e45923a42d110a16b004076eed05364112f49494fd0b6c82241384339a3d7d23bb4f101822ed1bb17e3d367bd9138b71
ecbc71d9138b3716ca5a36087715800b0bc482240c5ab52c8bdf34a8f0c66d83d0245ba38ddbb2b66591110fd6fa73dedb5fdba17de909a71cc76a96
61741f3be7b5ef590acddabf0eda4bdf7786e3b5aaa8a0ad33733ecbfa2c4b96fd951fa04a8c8675b8600e54502ea32e410f825c3cd5603db2b2123d
45f8020021c9072beb75f0b559001b18486e19e6640163503176479a4a806370708d75016690247b8223bb8b202849f28407870596a0060b50030395
2da00b92d0ab34fbe0f8de2260ca81088fb40dba681012e040055d80141cdc645da2142c500ae229336e59390130af47dae289ab50ecc2dbdaa39562
715fe01324b178da88561a24ab5aecc2dbb29026849558a2122ce31973626189411064f014b5579a004550395eb9c0230892cae945f897252cc1028a
a072e472814790c4e2a9178aea222ecc511cb4624fa0a862e35fc64f5ec64fc6241e69e704df4a62d82d200a929091e92b0841103352d5e6d0a65ded
52161ecda14551ed8dda378796a011c539d16d50679a3873ba6511aea35c94d56d101b65ae812dd10a82507cb72c8b67a3cc6ddc7528d20e9c626021
2c010c16c1708ca11769fb3e255be3c6c512d3600160d0fe9c4cd3b2b09e713b2dd24e004ee435bb1053d902e6c0307b8ba0394928cbda2f6b9f16fb
96606ffff4295e8782ebd894ebdbb7bd42ac9de25cdb366ed39293f9f1ba525e32ba525e8739c550b0a890f2e778c9e84af91ce68f6146121baa3a08
730d497c7c362e75e2f677539622e9e0a41fd0c84b248405124203e86d19ce3ac809eb81f5c8a22cd680c1ac97c1ac3998b2c03248c2cd4be4f58902
1c846166de9eb8d11681afdb5f2aad91deb25e5854e260899d08ae224b4502300463ff2dc1101660088d000e0b148424be91a72e1b84f5bef0d110f9
6011b0c8588091eeb218f9dc9a2f801192308be8fb5329050042e32ec802052149ea9ec0a846da36def42aaacb8932bd403e884ac8b241b9516e40c7
45da06a59add808e8bb4f54a99132c32e2a55b844c8a37d2ec628372dbdb80568db423c4f1bbc24234d4f722d477e3c0cc32d2f722d277e3c0cc3a15
36e01d048bb2aa6555cba212cddae7b6b7713025d2f67da3ef59c1a21f2cd00f1a174b9671c41771c48d23b84e850d600621a4a844b7aa83ceb9e9fb
61471306081c8375aa2c8163d00ee7eab0bf529ab4c3b93a1c479425e00e964806eb9c8870e7fdb4784cf5d52e540d02c9e06a96a51a4494f1502479
6a39b4a8415c075fe21d04a1f6ae0ed52020101afe82752a6c403408e149b3b765012dab8e786edbb8e9c24a4f6c2b61a85ac7f1754e185119312438
c1029ca071e863094e10848ca808001504419a543e1ae7e738e20404e86001559064c122e3e7387e8c232a8221ce17d00517517a17f8054968365ac3
c5a67b015d7070513dd24b16f56202006910841bcd5c7059e21804a18d7c342e751ef00c1afe824877590316c52b60402d30a462a46f599645bd141d
17a283e351911eb25e325216bec020f417c25d20834574f646ac8b483fb20a2c3a870dfc2244fba5ee2adc41908fa7a8c46df1371300c974ddb63195
9af896d1c6db0621604e7be2b1ef912698fd236d251e32b249b8d466003e308862a4ad7da10b515d2ef746177a0a87bb22fdcb484f20dcc13f4842c6
42c66ac66a46590e2da2039cf248b3f880416878ba23ed70e0f803c021d236bb517cf4d73f7e8a8d60bf88606fa4c6485bed4eaf20762f7516e0122e
357a43da2fe0121a607691b68e9d1ef6a9614721924ea7f2b08707c38c020c8e42921c666e4247da7aa1c6e0ad58d77498539bb938f71269bb33c5d0
45a0b748db05297f1abe83259c4210ca621f7e2d477ef1146a0c1009493665c9723d6ddf4859db06a5bad270f9aecbddd495eaca01f0fb227c5c921c
f9cbe9b72d2bef3766b8f564297f804f68785b236d591c25e6145da4ad7d6a300d6f6ba4ad446a30ed72d5b99bba7e51b7a984daccf551bcabeeb357
d309d8c05d58822c2c40161a30ebeb76cf05b082211817e80a49f283cdd1a125a2c20245a1e12f58b7da0c71f01ae802917e64e568e3895cc02b2461
b411bbb7f2e74e75c5c08d4bfc84054242037e6e898d108437b2e9bed5536e2e4663e38fb4192f32b23303142109eb898979df563537458dab324b20
8420135685b565bdb078a39b2220122ef782c6f85ba01f188671018190a4f314b57fac7d2a22ed466bb8ddeedc6c7780e25f622104a1ac34c22f7011
920c58f4aa9205fc83765b896a59d5b2188e6a83528c34fc2b4be0832064c4787237fb2b4587811b17b8084918213e2db77202fc83c60dcb7577abda
e92f746a510e82f0149fe27bd83929088ccfb8004148c2aaf58d0a857b5056916547bbdc99e4f7b4f66c64f02a2ca10d8290912fc43ded9cc9a03973
b4badcb8f7c00788b4f542b7b85930b72616400f2e77b2f7b2419bda3b99d42d6e24c08dc6766f3b2725407b1c47ed2940235cdd9e5028807a60a4c5
483b68dc85ec76ce6b83d8bc3c4e26372f37ea863b4631108250d68f6517e6aa6f9865d7ad06020682f114d7e3da060ae17097f7e0d20b3279aac17a
655109549747e309b0080d78b4f5b8b6413968d8f8d7e386030403a32646bac94a91c609d905b241122217b13a1e3c7341a82a7dffa822006bd0384b
be1ecd228f21e92e9fb22cd6362764d7a3c1e3c925de1e34c9c70dc763bc2d361c421a04a1f862468b37463b9692c73d08d0060dc0d2485fb2280bb9
fae0990b42bdf8f83f1a59413eb8fabf70827a098c10e4a5102a547cbb21b2b0880a8d108471405f7c8ae3501879367e8f32031c04a33eae47130970
0807902a91b625ca0c56dd53ed95544a1af8a891b6ac942657ffb1acaad190ed9566a7373a1dcd594c8520d48bddd4e376e7616fc359df485b161ebf
c6a27ef0f82d629d1ec0b344da1e4eabc9a12628f24210cba212dd59946228ba8bce51fe3c6c77b4a489aa108437622e7edcdb00a5d00aabee716ff3
fc4273311c5a4d404e3076ed7adcc83ccb8c347b9931ed2107781691b6785c85ea2922240421e329cbfe4a01d3b8c21369fb1e1b48716dbebef1a52c
14f34745e2612303be4ba41dc7d4278c0fb91ef736cfcb385aafd79e4815e3f0b3fea83580a370682415472148767471596816015ac1e8b74b688520
d48bda172db5054582eb40917e64359e6ab0862c8b97b565318ed8e58b7b1b70188e9e9eee551449858d0c406e916eb23a4f3db0a6ac0dabc27a65d1
ab2caba289b7b0dd01ca2dd2b7ac34c2fb152c0aae7251093e9f802f24a1efadaa068f42842daeceaee216a5e063ec7c2b856508c21bd1798aee1b90
1a0c5419e92e6bc322a32209e085a3b33b288aa48248d2225a703b2e70191aceb648dbd1ec6db8a614e9258bce410816f51422eec653b0b4d41277b7
0112b98af61462f0de9a068b6208c486064ae42ada53406c38b4c196e2382286bacdaef6049ba2c2422e6e8a406f383867bd446f0892c56bca28d58e
cebd51ab76b4c6dbc20e88833c91b6ac665914df1c47648ef65ca2ff064999d3b4481803781903b8a32214759e82d5459341d1785b521a358eac2ce1
1f5661d7c395a7485bd6b02c26b9c65b201f5a75466bbc2dec7af40516773d056f2b17c69790108b90c2c6ca8cb47d9f9b9fa631a0e8a22aa920195c
7809091184e259c8424204b9788ace59d68bbd51753dba370219e2fcb3ef156905434c75de2bd2008eb8ff140a8a3480231a78774be088055844ab2e
056d3380459c1c558fb4d38480b9bff9a5f1172c89565db5ea4f6049c41ba997820f2c89a6ef542c8905964494f5cfbee225d44410eac8b7b2e8c12a
2f738d6fa5e8138bb8c70db8bd48fbaacf57c9b2a3d860555670552e56e46265460a3fb18c976cdf893fb10897dcdc0b569d5af58fb9c6a2aecac57a
080d45f187651d9625abcaa25e88ddaa5119e08aa6bfb2eafa02bfe226684aa45f59d41e05185c8b240c0d564ce12d82d020e65a75ff56b13383d4b7
80ba486259345bcb50bd2c8b8cea784057dc1af4abaeafca968e606491b6aa2963cf3f267c55ed03cfa2e96212cf6281677172613dd2d68b80443a07
aa6a1fb816919136de164f8c5aae1facea2e0ff80a23382fe12b1651a70df219e92deb8545f14a4f302b9abe96aab108cc8a13f0a7484f59ac01a65c
d5f45cd9e53507cd5d5ead0c2df25a4c8b20394d886e16693b3a2566b09800d5e22bfd852416c16219f71a00a855ddf85542adea1c10af2208199d85
7af36b67d0908bc25304a173f868004c9124479b1b68abeaba0780e2fc73cab917ac690d0a167dafe907008afbd7d16a6c80519c7f4e263536c0281a
8884ab2a172b81d1f4c254e5226813ad5996d668d026ce031db1ba3dacb9253cb9f8bb40a14842af226caadbc34a5ce503bba9f81441289e9d86f814
41ccc8a0e948af08ae66afeab5aa48a9e642563dab989e9b0b599953d9e5e981af9f6f449ae848177922c899f53a64555933594cb9a6b986e8e08d2b
62cbe0e00bb48913e4abd53417b734d704abc1b2acd4ac9afa66534e803c7112696c893c1184e25943224f043961f14685023812ad5b555de4e0489c
7a3b9a2a1568118dd866cb58e40bb488536f8768110bb48878aac3dab272f175245373e3071c44536d6c2e772020a22c8ad7f9dd6e2a8165bb69e769
a96c35d546112282e4a0a910363d4d804634000b5753020001d1bac56be70102e2d675d6f4613736685c705bc6475fc647e7c6f012fb6181fdd0884b
1669bbb0d2204447736d83ead080045a4db736e00e27817b226dc65ce227978897400f4172caa98b09f410849eb07835a386e9475dac797807ec87db
e5de9400803bc453cc1c8dbf6d308ee89b4d9da7a1f3a4a7fb1f3fc54d95a80dc614fda769196aa919ddca8ca68bbb6119e2e2dc121a22c848a03cd6
7973e937977e35a38dcbe5def58d37f76f2d9d4fe7617bf57ab794065d05a5e9886a8be2f9da34ddda6d53966b605bd6b62c32ead66ea9e0749ddfcd
2d1d41ee4f2e9b2c61268250166e8ea6cc20ec7dd71f0e0a4592464fc8b25e2fc5bb06b41f8136712bf19abbbcf6517ba7b25bba4648e8c331557501
66229eca9ee8baab7a0a9bae8bbcabba00407172bd65893cb1409be85cd55b5df903dac409b6dbea9a8bfb418390d7c24c04212313beeb88ea2960ba
dfcaaea7bba7227213f52bd2d6eb6484f87c760d4f0050dcfa77bb1664d026fa1f135e9889206464de765d4cfda273b03574ad4c0050dc7a81bbc2a6
df94c5a2ee0a1bd0266e1dc39d4b6941a8c4e953b6f1a657ed2fb7743d558cf3fc9365e73c14cf6ebdeb9bea0ffd85e5b12b7f7a6ed6bafe7063632f
30298c5e1f69db982a46e71a5ca41d0ed40d6e582ff129825016f2baebe906b2a2fb69e9ca9f5e29cb366a54ee29593a100c91b6ef73cf759e2c85ae
5bbb3732a2ea893c11e48545f19e010466a22be87bb7ac6e5934bb3b0106f57262ead6ee838c4e39150990273af088ab2b4dfa24a3534e3b0fd012b7
1fa0ae51191c89989d74a1fb2430254efd95624a2c3025baaee8aec3baa7b8e887f36b3901527938b9df146927d3a2d90898ae0fbb6f8ba70b81e85f
204f64e87a58362825c8a957b3bb75ea6c9d88c0b5baa2a3e7dee8e456f4ea8a8e8ee8389cabca0900283ab808ab6b0dea2f65d9ab7aba7b9a9bcfd3
e5eeb999fe59166f74d7d3d9f510dc25d276e147f188edaea7a97f341b193d9426805174100f22dd6459d6036bcaa25e18468706ea91ea4a77920b59
b180ace83aac05a058e3e4294e720dbdd323b58eee380e85c2c86d497784866ea5819ce0767ba4e9424027bac331dc240cb48693ef2e601449288bcf
fa70df002645e722d91a2e6470288245f15a9047ee2e6e27a698140b4c8a4e44f43534d7804371ea3e1e1eac1b2e77ecc14313f128148f3568a86e0c
24c089563af42181431162f35ff8140fa50168139da0296b68a719043a545d10792208a292c533745e0340d1b9d91669ebd8e8613e7943e7f5408c70
b32dd27641a30bf8260d1594d12c9e2e508c0040d1b934bd86a61b0028eec35ed15c3c3a4383e63cdc8f8cc187918538d459069285fb6f4b7c8a2015
964f59af54443aa1ccd7d04e33a66551095dd123371f5d27f35003196820a74fe9880279a273412dd2972c5630cb752846409b88a7284ba30c6813a7
7efae1e603e489f3d75f6a20238dcaf1ddf329076db3c4f800893c1184e22f33daabb979e97aa705a358204f742ea545dab25e26806fd4610df244d7
3b3d5437c6474667b746e5810672b9a875578d8fa1454518ca0cf0293ab0fd6bbadd99c80caeae45bacbe22924b1601441a8047baea9bb6aa26e7029
2dd2663cc8c8e6766add0093e224d85ea42f594c2666ce54b79827fdd57d6ac9da64bc60bdb2281e89371523205704abc1322371554ffc8253dbf04c
e5a1eb8a9eee5a26bb96ebc7dab27284b84cb9a686e0f9909129377545835c71727332d2d62bb7289dfb604bc88a2064c44b37f521cd141d9d6b5d6b
6aa498a93cdccad8a91801c5a283791ce95bd6c35364544ecc6a250aac212b3b0794e0258a4510cac2ea32ddb5cc940d1d20c7353552cc5431a278da
a89c00eba273d36b4d8d14405edc04be8cb4f5422880b812699b9dbb964e7ce125fc4510cac2d037f521cd940d1d30da35b55bcc34ebde1e569aca89
89ba713b0bb55b008c717b58696aa498938e7616aa6e4ce40457d7226dafa28100beb8a67262b207b99d725a24666e45eed3bed72c3bd983dcec08a6
1260b207b9f8e409921124cbe29255a4edc21404fd717ee9c39e9bd146b7980a0540323a4155d7f47cdc64c3c10db435dd704c361c1eb59a3aac81cf
e88f95d0610d94467fec4285c264b9eb8a5e2ef7f5675905d623abc0eab0aaacec426fa62c371ce0669cd7afac5716c553afa50f09c88cee6d92a50d
04c88cf3e24bbf141de063f4c74a680359d840805d5862652cb0324e4ffd8895b1c0cae8bab597d704c0ca3889f712e9218be29f7f0eabb496be71e0
33ba1744962612e0334eee02477acafa60d12b3aa280d2e85efd58ee5a80d238816088b47544fee8645e3aa240d4e83a9997f207908cae9379793f00
ac8c288b2e50b359ca1f941d713316b819fde1cb256e4610ca62c20b92b100c9e84034aea5ad73a518e9c02845da4a74e09099ca4beb04c8159dfb6f
91b673d8435cd84d97fac062e91787b9ffca7a61d146973ec0169d685a6b790e1f308bf3b2733c2dbbb04f5e768e460a802dbaa7f5973b0d802de229
3a471501608bae877469b700cca2eb0e5d4a03f029baeed0a59102988a93a0264b7c8a2003169570a70126450743712d9d340b01a1a373e9a401a6a2
13b36a2d8fe3af8d8cb58d0a08f0293a3701d7d2fdb25e2b415575bf2cb615ba30c5a7084246abaae704c88a605109a50198145de7e4d222b13ea427
dff0ade764f3f1f750f576c3b0d93078de4b7c8a053e45078b20d25bd60b2bdfb85dfa605274eef5adadfb184c8a288b376ad8dcb9a8633b4cf12e6a
c0284ecf8e09461184b210825b6fc7ceb5dd8965b5c4a75800507402b145daaae612ed5e08147922084f21cbb64e8bcd1e42f7def64bbf1f3e40f4d7
7e7e4fd16c361fc24c04a178e4c4d61db10b65b13bd87a6e8199e8c004467ac9ca190d76434c09fb1ef5bf32c9459e0842463e66dbf5081845d76bb5
3d1a02da44f76ce2d6a6088e44d7adb4fd3a832971de76a15fe7cd42d66124a6c40253a237fbde55bb51d91b8ad7d6db0a68447c7fa8bd96c78dcaee
a5470124160012bdf946fd053b97656f0e9a7ed43d590a56c2250a68443c4559da07767ea46fcfab6e8d864040740f3e6d5576e0204e8ff209071184
b2f8686cb578102282c5532ed18d7eeef9a5edce1f0888db6dc9d669ba5f2bc1ccd118b051d9759388101184b2f8266d1d0d3b576af7e8d176896ebe
ce04658ab4ab836dfe8d2cdc5a08018de87a3b048d0842ed51835e2d842fce4d0f228a231184e29113af5a3cd012dd533fafabf63d2c8b8c5a085f54
767d22af2afb8bca0ef643a44f5964444ebcfa1ede93a1c5d62068c40234e254df143462011a114ffd0b9f623125169812ddc3cbaf5e4da0254e95d6
5733e38bdeaffb454c89206444317f5dfac04c74bd28af4b1fd08860516ded0eefcdc8a3dabe5a0b4188e8ba4c5ef5fe97ef2e001291b6710808fd23
afde8a37e544d73ff26a517853409ca0a247fa9245f18cfcab0bf3c585e9514f012482bcb0e874b702a0459c004844da9e408c7886e6d55ff9a634e9
1e08154022c8ca8cd81a5e25cbcbeea03b5a1e810747e2f440e8ab99111c89ee499bb7fd32e6799ccbce717700a64464a42cb5861791a4afe5d518f9
a618eafa5a5ee5cfcbeec0139baf568417afa6e74d5f7707aff2a7f994cdc68aa0af45e48920837a5109370c2f8ac4edecd6d1f922b874bfbc7a3b80
ace80457584256046168f9c8beda1adec93471b43559be982c41218cb419d95680421869eb85e0d299f2eada00932258bcd18f3ff814a747635f3ffe
c054c452417cbeda19df143ac9a3e16e19de97c175292a8100aac8c778a967da41aa383d69fb027b1b24679d276d3fe5cd971b8413808d256a45100b
63be7e6e1abe943bc9abf0babc4f5ef6c7a75314648a28aec1ba64653d0088887491654b51ad45ae5820579ca07344fa95e50b90049fbb04102c9277
c2b3722975924723b4277cd813dc577dde1dfe902b207b44daa65e5684392ac645104b432a7f7a2bc0bdc8700ee455da7cb779f9a27f9a1980b6b8dd
457c3a473fc58d4dd5ccf93d76305ff94fd5ff43f57f1840a12f82f802b4fa4fabe6f7381f9883e2612cf0304e4017967818eb2bbe817929fa4510df
404e45ce275ebe0e904f3fea871f158cf348db4bf5f2312aa723032c8de4157856ae7ef2788566c9afd19bfa7e3ed597aff99c8df542ded74f7994e7
f5df2f559b5bbb97481c412c8e55ff79d9f7ebf4309fdf4f3be437ac9dd3551506788ee0717e4b7c8e053e47f27885e2e19be645527e1e5dfd26e3ea
34d1f5f92d3bc5d7aab37ccbac68879fe2008c8ee4f10ae5c1b7cdeb14d3ce00c0c67dfd58d6785b3b24d5a7b3f3c3d9e95e5a848d2096c6d6e5d365
01d246f278abb2e47b2dcef9a4ade1fb28eef917ccd89fc6c84f3c7dbd0e9f5b8d0fe7e7e3fa53b501bd23e385c40cdc7ff82b829cf22e788fbc29ef
81f7ca336f6a9bfb0f8b64902aef8637e499375774fcd8f2cc7b92f7f4bda7794fde81f2128411cd4f58a4a7ac34d8b0298cb435b9e8daf3a2c620e9
06611d152a827a12c417a4248c1f5d1e2b1547d2168664033d923c8abb2deeb6382a72dbaedb363cb4e1b1fdca0cbc1ef1c3be5340e0e3881fbef631
6fe115c5ea159fab94577caed8779566b06b09c230a60ab90528096271390563f758e155b3368aab66ad646d34b659e3668d1b9dd2ac71b326dde76c
ad120200bef861472921405cddc09f24f9e5a5bcee287646b1d3d86e8d07afc5bb103fec63140ac2ad6f414ff69f12e2723e0dfb640c793e674da6c5
1d14372d0e4b0427f3b7882641f87a75ba64da2ee04bfe00cadb7fec7336f8252720175bfc9220bee0a24b96dd0480c9dfe5b45bbe61f906eab19cb0
b907cac7286efb065ca1c565872b34c8038bc2b6ad07c2e48fa057f1c321c4170af6c516c324c8e763bce0b5be296deefb8f96be96f64e1fa36eafa5
e10d051023d21f2c644d71557f16c6bdbb3f447cfcb0df3e4b73567f8e82d20401bc0fa509a825c97be035799dca7558b4e138ec5f26fa8141328859
59ea809804397d45e33976221bb49193eb095bb4917d2811c0b28b1f1607b6f61f0e872ddec8066fe424c648a497accfc7a8dded1b6ede70f2524e5d
0661b898360706c50dc848861cf2314bc37d5a4e0bb3a9ca0d2ec9ede3b1979e531e15516e1c8fc5f9d6c7e2f08d62bcdb47b1a9dcaffbc385b1050f
0962d68ba6e2c308f2caa32ad5d7aa1e0032183f1c1cbc9dbfda553b9d7d4af93d6523141b20036e014482581ad3e4c069b10fc506787ef1c39a74f3
32758e6e63bb835378aedb8a6e47559e1b8e04fb1030be226d07284a40b28b1f16372c8e0fc7c105dc0dc2c889cd711f8a9243c5e276864ddf3079c3
23cb9cd32e21e7b4fdd39c88c863d99bca08760bf1c38aa857b00d881f0e62aa177746f7faa7aff93eb64ddcf4ece374ded6dde5cc25baf861c9af25
d389af1575cf4168a52d0448108bbba8d46771df9047235dcf87eb1948ab7db2130962797c1c4f4c1f1b3490db5974629d0cf2cb9ac5890312c4aca9
80ecd3357ebac6818fdaa08224316f9a6536801f490e5e516115597600dfe493fd4410d607c2e654393895184454da227f6c913ffefc8682f991c4e2
2a6f551600ee710253b2cfdb46b89ff02b25ac4710b3f25d39f11b0479e5f15a8e5b6e203f6e0271eed3857faa303ccc0fc13e82f80a3ea127868e0d
e8c77ddb4d8f0d73f7e01743b88f20551e59d5214e5030ffb8f7b5c10349924a14868d7d2a1f4eb70fe5a0b8eac0e2e4c4d811692ba2782854a4da7c
3714c0f7efb3395e9ccd2cac3f814182f882933154d3385b91477d1519a75a054e8b7d768bc394812d3dd236d53d467172aa559c4a0c5c0dfb1cf6b0
e2c1757f2a1e4e371920f1ec735a3d37145c988a1f36167d01a8940dc04792d7c768c5745c536d88c7e839d7fde91ee3377596a52d4ba372cb0a0365
f6072c4dfcb0226e3b7e7da726702a00f02fc40ffb69db083b655b3b55013c0cfb7ced00371ea551deebc062d7c02db081034962565bf1d9ede80284
5b8ab4b5539e1427e7676341e28e6d37dda93c39951d95d979293b400339b9b714e9228b8681aeb205fd08f2f258560eb48f24e6acb02e5937ac0eab
ca9a1626cfc27061e28e8834c375614a05ec648bfab141fd38013bd9a27e6c503f824559d84d8358feefb12def95e773be20f592139c947d29712ef7
1ef84036881f4978c3453d706606a1b608e60b0bea06ff2373f20285d0e50e05c493f861135048fedb6376aeb2aadebc0117e7be94559525226ac8be
9e5f71e47d2cee61e93369aec7e6132ce8af3ef2ac9d1b199c2ffb2ab6d59d07de972ddac706ede3fc555815e2526c545617d01f494e793ca78cb854
21007c8c1f16d72c8e46343b1d11c18dae48db4d0093fde148891f763a4ed2caa64d948f20d3c71e7876497fe531d44a92cbcd4843b802e791c4e2fe
399c633c6ab3b9ebf6d79ccb6e552eb62adcfada427c04f1654e5c65cfa582011065fc30eb322b9da39cb99033dce28ab44d5cf475437114e52388a5
3963b67dbd59c9f860e287334699c28df17db997b8543e9adda8f271b197c075b6afcf1efb4e1fe3150a8bcb8d4373c67c66fdcc9a5d7263dedcb77a
062e96f8d1e4d13004dead9e716b9800ca327e6c795618a17ae307ddb77a0638921b708e24f9297b103d37b6cc7d9fbeb55113ec96fb764300fae316
592308cf7183387ef89cab8dfbc2f1a3cbfbe45115ce416f00356e6c9e912eb26805a1d0b7501a41cccaf7ed7665dde594c72b8aaf55d7c7d7b0ef6a
f5d4ebc182881fb696d349ae2cb133829895e101482309139f9bb7f183a57537e419fb61c03592f806e61d501a497c030d6b3642559f88435b488d20
6675b4bbfd048afe1ff75737981b495247e19c4ca4ad9cdf72eeb4ee5bab01e01ab7faedada67fe7da0c164d1d36554d1fafc0bed5f401dfb81f3b5d
25e0d68ed06deab4835d89f805e287f545fd3f4020dcb7560330376e15e87bd954b4ff833b155bb48d20663d78c5765c598a078883f1c3d76ef33ac5
dcd5dff81e0cc0bbc5d208e2739817eed77ee2cafb811f60dfaec5fb332fcb1dd08c24d605a129784610ebc20648f48c20e645737ff02b0419f20abc
2dcff2f84288a9b1c1d4380e620ec58f5b5e0a2d9cd2911eb2cc8ad41268238859b1883dae46c0379247554eab729a9719f56814782e46c31a6bff03
4ce33800e98b1f4b5e4a9e76fad82bcbd25829a26d6cd03692c773aef7e7b638f4b9c7edfe735b1c0d53e9075ce3c4431e69db959fd8e3c052bf1f95
fe2725c1fdd873eafc006e9cca6c013736801b99d3c7ec7420350e6e8aeca7d8c17811000c89b4a5154bcbe1171a63038d71362487d01841aa8591b3
dabd75c833eb94b7c84a3d941c0ffafdc185bcf8613df05d36e712271b83500fbe1c4261ec2795fcb33993fc743fddc258c38f3602503292477d151c
0f1aff71d8526d048062dcc0fc46da660d9b80c2f068337c5cc3dc45db8f5bf867f98a7fe1c0783c6bbff2b56d283b8f5fdbc7657f381f976f5b8e12
12eed1e4f76ce701e2ecd976cfb6383a56fbde63e04dbc045b808c0d40c6e9674f808c0d40c6e9574f808c203687cf9908191b848ce45111e5c5f3d9
db58339ecfa1c3310918c9062f230975e3fbfb68067c800e352ce316246303927172c9730b92b18b42459f822819418abc075e97f7c9cb0a17757f80
30626ff807eb9245dd58a10567e50608e330dee116026317650a8761b71818bb2853b81c113facc9695e8c79451dbe283f1a8f69542ce8f0074751e3
47934797d87c7503302fe2313ed2e5f6310e36838d12692b4778be836b27f1c3ac8f59592f45451cd88b137cb62decc506f6221fe30d7a1480bf481e
af50328072913cdaa50a01b445f2280ff8e120d48e0d57d1820890453c8685a05407029f23175bb7a816412c8de95aaabd591d57d65fd11901e2c5ad
95a328554af50d08f7a2d5a0343a1d0da2685404cc221e631e16b57f902d4e152d912d82589a934e5744c159193c8a5386946e71ce260d8865d89d0e
a2fa02b81521569c9c0a8c325e7974c0f41d280746858b1fd60535dd806ff1c351444de77049a46d99b2864b11f1c34e0156c7c86d5b5c8a2d2e4547
af28ba0f0aee0355c3a22c018be254332cdb36a841e8b31085628342716b1f2a8a97a278d18d210cc506862279d4f7b5eb1426dc9fd84561525ef35a
93cf9aa4fcb8b523150d8ec540beba1e8a3a7f41e7efce61d591a23a425c9f5df51f802691bc02ef9167717c2cab4683fa47c30e1f6309d7941fb77e
81aa0912a488c8899651dd06081b0190f7163662578509587dbbeab2042be23092d8ae0a93aa32c269d7f86171d80dd49fab26c87ad99b08f0aa7fb2
e29fe43e73a48b2c4b430a8b0ab14185b835ad55dd93555d841b17f1c3c708b773e8efa90a18e01d92c72bdc7b00f37076dba5cca9ca1cdd22550153
d13c388eb3858108f27b43ce9c5a2c8d6b599cc789b43931401e3762b82a4b007fb8b5f189fa10c4ba214baace885a4f793ca72c01d82178b65f5342
c59400caccae9a16417688c750b2aabb918a9ed1ffdf2125cff3fff321af7a38ab9286e03df1c3be0600fd207acfae8a15d0203234362fd3aa50bb2f
a3d56e5f6aa79aec1aaae6c9aab2a215bb6a54a8c356637ba96e4c2a8ec5532b5ed58b5859422760c5bb5d798c926749823e2702f2e70da220893fc8
cdf0efe5d18f58538768ba9fa7f88230fa40dcc48f07de7dcbbb93c715df200d5e0af58fd34841c0550ade99bc210ff3a84fe139fd386dc1addf480e
3979623f8d8a1f114e92706d9f72b6cfa4b8e23aece7918a8f6314077745ff1f039a3ffefdf84fffe67ffc5fc67ffa5fc7bf7fffedfaaffff93fbfff
e1bfec7fb7fecbbffdef93fb6ff7fbfdbbfff0fee7f7fff88ffff53faff7dffea7fff89f32177fffe6bffbeffea7ffb0fff7dfbff2d7fff63fff9bff
139ffe921bcbd80200
