1f8b0800000000000400bcbd6daf26c771a6f95dbfe2ec0003d880643f5595afb38b0128b265358622b5dd4d7bfdb15eed0644b6405263f8df6f3c79
45dd71a8991d377681153063f67db23223223323222323e3f9cfffdb1fdfffe68be3d376fe66f9bbc7cbbbf3a74f7ff9713f7ff3e51fd63fffea3fff
e7af3eed7ff9fefce1e76fcef3388ffbaf3ffd97973ffef8697f7ffefcf2375fbefdeaed0f1f7ffe5b6bfcf687fd4f7f39cebbd5ffbcd16fcf7ff9f8
4334798ef3f237dffdf0f18bfff6ee37df7df8dd32ffe6f7cf661f3efefc27fbf35ffde56550faf2dfdebdf467a37f3c7ffce9e3a71ffecbcbf4778f
c762c0979ffefcef3f7efc977ffdf9bfbcfce6fffdff7ed991fef365eafdf19bf931cf90f1772f5ffce94f2fe34f3fbdfc78fe74fef8dfcfe3ef7ef1
f12f7b7a771e1f7ffaf9c78fdb5f7e36aa5fd61f8e97bffc74be7cfce105690c64fbf8c3fae3bfbf5c9f7efcfea75fbffcdbc79ffff5e5d38fbfece7
097efacbcf2fdf7f3a3e5e1ff7f5d9dbaf5fd61fcf973f9f3f7efff1e79fcfe3e5cf3f7efaef1f6dca5e7efed7f567fbffce5f76717dfad39f3efddb
c71ffee565fff4c3f1f1d9c34fa387efcfbfa2fa7fc5c24f2f9fae9bf6fdd3615fffe5a79f4d143fafc6938df9b26e9ffefb5f8dbc4b9c3f7cfaf9e3
7efeda1a7efce9e54fd6edb3b7d7e4fc708c4e44eb2f3b3242f63fad1fbf3f7ffc7c99fff414f62b09df049bb48ebf1813ffffd1fce2123a7c83adf7
92f8fb4f3fbe7cb2bffcf8f2fdfaf3f9e3c7f54f3ffdb20fcdec581ba38f571cfeddcbff4218df9c1f47cfcf8f7e58bf3f9fc4b3a37ef814e898d58f
b6a68d2ffafdf4e35fd1f0fdfaef2ff695ad5e63f7d3cbf9c3614dacbb1f9fd47dffe9e7f305895a2787f160fbe2e5b23f0cb1fdb2a79f3e5d3fffdb
73e1dd8bfaa73f9ffb73555b0f1fadbf7ffbf1b99e7f6065fff4d37fc4e187dfbf7dfff2fedbdf7df8a72fdebd79b1fffee3bb6ffff1ed576fbe7af9
ed3fdb1fdfbc7cf9ed1ffff9dddb7ff8fd8797df7ffbf5576fdebd7ff9e29baffe6ac37ffbcd87776f7ffbdd876fedafffe98bf7d6cd7f7ab6b2fff7
cf2f6ffeaf3fbe7bf3fefdcbb7ef5edefee18f5fbfb59e6da8775f7cf3e1ed9bf7bffe65476fbff9f2ebefbe7afbcd3ffcfac57a7bf9e6db0f2f5fbf
fdc3db0ff6cd876f7f3dc8f91ffb78f9f677bfece50f6fde7df97bfbdb17bf7dfbf5db0fff3c28f9dddb0fdf3ca9f89d91f1c5cb1fbf78f7e1ed97df
7dfdc5bb973f7ef7ee8fdfbe7ff362dcffb297afdebefff2eb2fdefee1cd577f6774192d2f6ffef1cd371f5edefffe8bafbffe9f4ac658fc5fc8e5b7
6f8c972f7efbf51b6830c97cf5f6dd9b2f3ffcda7a8fff32bd6f837cf1f55f09e6fd1fdf7cf9d65093e61b13c017effef9d74f81da00efdffc9fdfd9
17f6c797afbef8c317ff60f2f89b5f8af1af56f45fc9d4a6fbcbefdebdf9c393b56f7ff7f2febbdfbefff0f6c3771fdebcfcc3b7df7e35a6edfd9b77
fff8f6cb37effff75ff6f4f5b7cf59fdddcb77efdffcdac6fef0c520c9fa3359bfffdf9ffffddbefdebf1d527ffbcd8737efde7df7c70f6fbffde66f
7fd9cbefbffd2793abb1f285f5f3d598ab6fbf19e231117ffbee9f9f233ce536a6f2d72ffff4fb3786db52fae67f22ea2f9e327c6f22fff2c3eb6f8c
129b810fafe4f2f2cd9b7ff8faed3fbcf9e6cb37ffc3a47dfbecff9fdebe7ff3b7b626debe7fb67e0b41fff48551f3dd10d373fa8d5efef3edfbbf9a
2cdf4dbf1e2be6e5edef5ebef8ea1fdf3eb9f32f6dc1bd7feb8b73c8fccbdffbe4fd5231ff7f34c96f7e38befcf4fd5357fef4ab5ffdbd7b142f7f7f
fb18d7c71f8e1fddad30dd644ec6af7e35cda61bf79fef7f8effb37f6f8ecdf8fefdbffff4f3f9fddb1fae4f2f0bed8ebffcd9dbbebcfcfd3bfb0fd3
abfffef2374345fead69b2eb897ffbe353a599e5fc9bfff64ee0fbbffcf9cf7f3a9fc4bdf481994a1cffd746320fe79ba7b2fdfbbff2659e7f1e7f75
37062f26e00ffffee7f365f25efee90f4ffbfae05f13543e4dee4f7f5ef7f3c7f5877f398d8cffe3e1fffbafcfff9c1ebfb3fffdd727297fd5f257d3
e3e15d7c3cf67f5d7ffc957fb9da9793fe31fdd797794eed21a0db5f1ff1cf95bf270187fd3dfe753e5b476f17adf30d6c0da00978763fb5360bf001
fa0d1cf5d965b9ff798d7f56ffe7340d7a735e6e606900f7f7f35e19e1fe643e1e00370de931fa28f3cd45ca00370db3493598b47f4dbff85719ddf5
7c030bfdf72260336099f5cf9dbf57012740bb819400347e1d5df6c77203635696f8e7b3cbe526697a2ccf7f66fd7334bec999a66574364f020ac04d
e1344f008b80f9d943d53ffd030d386f001af2980790d5e59100ee2ee7072ce524803eee8933e01a4079dcc004596512f01c2535fd73e5eff7a0d605
401690018a8021fa5e455686f02a2aca98faf827343411d53b805aac8cd1d5e2848f7e93bd4c8cd16f3ad3355a947b97cdb93f5bcc0f719ac71e3560
16f0a443e2cdfb5378126e3e9f1324d196691f5f8ba4329d0077ff25d1bf482a090afadd654dcf3ef22dc96b4c5f9a9726200da004500670ef6c03da
1358b488afb12ebb312ee03981294b0ed7581306c4b0fbf8640ee01a40521f6ccefc0a188b248b936b1a94166dc86bacff3ef524a08e162980417ac9
626e483495606e1a6ab0bc1ae51a6b532be79a594859cccd0b40b41884c572bdc6724d3d081b1b2f9b3a10f0242c4faf3aed03d0cab9c6d63440a4cf
c7007ab4b8c6520a4a8702cb734cf6c2628b4e9779002d3e794accb691e4b10cc296149f8cf563ba769826b740ff0f36c95a0f22f3ab11cf0154b1b1
0caa73d33c8f259cabf6c43596b07da129490b401590061093969e02cfeda161d310789b02a800f1c960b44f9a8134662094e795d6012c41e9734aca
14f33cf65699a474ae64dcce8f39263e3db92db61f6f203f062033743d6dd613908086262bb3b4fa951380e8c84f6e4b5ea28f27b7a52ce236570049
2c3780a0631d406c957c0ca004f09cb952630fe70b40940e156b7b49c30e256b803e29839716cbab2c00d1220188b032986b293e19cc35a9faab3c27
aaf4393e19bcf4e0b66c00d1624c548f9d5106b7bd077002441f4f6eab391537306cb989430ba6ce0368d1e2c95c0d8fe1aa6900316ccd03281aa53e
99ab73c8a3dacc99e5cfd1e973e6ea121aabae03909371d527b735c55aaffb004240f518402c98fa5ca7e6a9c42783db94c45c1bdca6d09c6d1a40d1
34b4c17e4e22bd2d001ab60df673d6282d03c42783fd57eaa2550051da1a8024d6fa00421e6d05884e3780f8e478726b264dc073b26bcbc1cb05a03e
fa60bfc5561f96bd86af75f5c16d972f77f504a061fb93dbf60889f502a08ddceb00c22cf4a7133c95d0bec34b698f162d9edcb6f019afbe01c4b0fb
00c290f66300a14ffb09102d9eecb779561fc36d69738cb23ed9b77d2cf6d76500b11bd6f424bd2d010cf69758636b01d0b0c3196e798a4e9f6788e9
95dd5c3780f864309743e38e634c2b8f687102a8c5360dc094d2e718b06d7e1e215eedbf6de1732d9e2d0d20267e1b8cbed29c5b010812c63c972a51
6c63165fe9d66dcc628dcdb4ed00d1c773119b8045c73ef8b2ad2160cc510d3af6417a8d9db10fd25f19c13d03441f83f416f33c4e61ed954adf07e9
afe679df9f842db1aac719a2b5a4d5740c3a5ac8f4808e1c2df2e8e3d669cb63b8a94f3d28600128373039e07d2ccb18e579541050008a8006707f92
d84ced56724b3ae0f676ed16f3d006709f65963c8e58064c3730ce0006b8c44c0e0e2c377022d35b852d75461eb76b67807f720f5b1708bb15c35259
0eed5e414b7b38700fdb86abdb642697d618a5a61bd8bcd35b40ed84db7a0ba85d07c04d691f16de80260079dcfb6fe93ecaada06c0af9e4def64b47
0f2852b074b647bbf5d1b22e1de0a6745d591ff7c25dd6036e6fd5b1ac97f77153ba3d9c8e9bd2cd857cbbbacb5619e53e4c2ddb458bdba15ef68961
efc3d4b2cf0e2c0210d0ada096fd82b0db6d588e0999de3181e5c8ccad96f6c154f6fbb0b41cecdb7e3bafcbc936ed8f9b8e73443e9ac208cb791e00
371de7e5c02d318e7506b8c4d28335d6effd926cb503b41b284e47bf01f4b35ce4f4d81d704ad3348e0f06cc37807eeeb78649762406704ad382a6eb
53be81ddfbb8295d4e07aa8015e0a63465e431dd94e609d2e79bd27c3970535ad81eb2dfa9a093e5ee1b7002dc9416b494822306781f450052bf154a
aab30337a5b5208fdb154bb5d2e2569fa9627bfbedbba7365c64036e4a7d233f3d8dffd880a58693d16fd39ddaeac0cd461fa7d3a6738d9d53e1fc76
21926fd97e070952df99b4dba14eab0bfcf617d3ea9cdf9e4b5a378475fbf1693d6034dd025f4f6f7153ba5e8c721bc1b46538bf5d99b4d509e0a6f4
98f8e47643d239f4409a5300b07f3ba1061cb4b83b3d893ccceaf41c51165bba8b0048bf8fa8e99cbd53b5989d8e248051021847efa4c3b9012cc0ac
6147b8d15adc523f13dcbe02465c41e77903d819b7bd32803e8a28cd44738ab8cd505a24a0021d45bc14faa8eac31771112f05e6aa3ea92c87225e2a
d350f54945a6552d1af2a862ae4169152f0dc2828e711630375ea4373a6da2a331514158f74fd4290e750fc23adc76758affdcab26aa334a97d47dcb
56c97465942ee656e625b8ddd058c1ed3082697988b90dc29a4619e63ac26e06b0c59a3e1976c25a880ebcb71ef218bad55a888e7dccdc22957ee2ac
f526791cde429f1c688726798c8d6c2dc4cbc93a6da2e3f44fd4c73562683a3e18300388528c716feaf44207c5cc0ded609f6814b7793173b8620ad8
26829d4d015b0326fab809bb2626eab6f089a05a5aa41c09aa359d490c40ead296d7c2544a5b124333a00b602aa594888a35851f1231afa6834e22e6
659f88b0c4fad01a231a6580861d61a1b4484b112831409f8c4089791e1a856dba481910b1b016faa4c29c540ee1070334ca881498f7224a1b422e62
ae791fed730c18277e6b2de98d13bf0da019682cd11a249cb488119945e901cef3d6429c7788941ee0806f2dc47947145ae61cdfed138d328eefd642
94a26d961aa32070f9259cd6ad458cb2d342f2edce9c865da1437b671c519f8098db10903c174e930688d20d7948317078b416a2749c040d1061fbc9
2762ee4062da6e9cf3cc29156107da2636d3c15a89bd7340987c91cbb54d6c8483a98cfd772e0022ec622a63bb5d83b0f49008872e3140845d883036
e4502ed642948ef384f9d362ee6ab410e9d70a204a2f28bd3d9efc7840d8edf11830f349118090ef4d6d40a14515c092ba7d22033a2d9a800da00b18
224cb74a37e0a28f7c0313a34c1a7638c3d6429d722d9226513a23d349a3cc4c760a005eb2869d598559f2981150963c16049445071e8f0295f981d6
4b8b3a4dcc5c963c123b2a8bb9e4a388f411724f0a76e6476605650919459916f59199fd2c7964267b51a719012deaa3c04b11b7050115715b7c1475
5a18a5887d57c7459456ef548455ef5474549665acb1a17d0d50a70d6e8b286dd0114baab1098b08439fa6583028c79434ac2bc7a28972e55835511d
e6aae4b1f249551f2b135545d8e67d888e0d4a637d8c339a01227db840f689e81887366b21d237167f13613b743411b6336c9308771f5694eeaca0ac
51507dc9cce47f6cc0acb50f203650832926ded560135f076cc44a389d6af17542642c8d138137517d22ac582b271bb249e027b6a649e027131f6be5
648e9a38bfd8e55de2bcd047b17870cb522c0dd78b5d02bf10a7d6cac49573baadb30128a8db181b801aec0130ec6d7b0d40845dc0c4deb93d2803d0
be3500a7e3e6767225a70548ba4457d4d1800a102d984a2d403228ac858071e7da27a9e389839f32730c58683109c800b300a6b2450b866dd1826127
51baa0a0b4e8a6850b76a9f469044d0c10fb19c27a00431f4db34671add7c57ef14fc42d4a4e37ff0630ec2c3a2af7fa21a0eaa3686ec77555ca9300
745a0ee61af33207506821e6f011a73900521282dbe61908011cb41073cd4917d0994a99a7a993923005c054ca5e4d1d79cc0154004de5f011ed9300
4e00497d85fd9886d53b954c57980b11ae883004b4c15cf0b2f928229dc3630ee6f000a724d277841ccc8df09f01227d672ae502913e64804847174e
324fd341ce86acd1842e9c647ca693752ae3339dac2019d209c536254de5d0635d194579ba203d08bb908746218d29d24d0c60b2e5becc4492b24699
3dcbe5558b13e0e676f61c1619b079627dbc6a01fbaf5ab03e64e266125274479a497532eb744fc3bc40ba5c8f19af294b27cf784d930cd89c18f6f3
0cd89ca0a9c4e7083c46cc2c1e29ec39b378e4fdccc49db214f69c51a53282b36b9b127d903424853d674421854d12575232890143a56729cab9b243
a528670eb4ba713780cd24453957274c9dba820af62b74c85ccfd5871573aea064e2e6c694c83acfae6d644867571d7298668e86ca77caf30a612164
ce7953b08ff7531eea631ceb0c10fbe30ad000758ab3531eea94105191cd9bd9e5ba513500cd299b3713442a3ab5cc63db1b20c2c6a64e45278e196f
658a79f12d1bd37021c21032a7b822553a73682b52a53367b42245b93cbc4515e02d9a00e6560ecee289699a9785e354915e5c26e4a1d3c242fe5791
3e5adc4b90c7b3e02528dbc680b1608a74ebe25e4217e98be7b22d02b013728196053aa4d396c49e93fd5e12a44b412d99b99567bb70ae293a0a2d58
7825c819c09292ea58c8a32c523f4b71d2f5c938d7580b0d5b90ba94c1c24167ead1e990fafc884e4f00f551215dbb726113ea52dd00ff245a20646d
c26504a2ba92af0c2083507b6e217034cb595b30f9b37cb3a533d955bc70d099a700e056deecd211b2f6ed32423af6895a0cfbdd95046600cc698b2d
ab13a645c7de579a58e61ecdfc7091be215339278bef7d29c7050b3f6b472decec798e16d021b5b51c484c6788e5808ed873bed563038df0b0b510b7
ecfd59deca322e7eba6eea0d805b796f0b3bbb4a0725acf3bc7c4e16a2b5de687d1399c63551aa925ec2ca56092b8d1b9d54c5571ae10c031601f421
36d28cf49668011b8a3ca4c5a9ce0216fa0800d928d09016d68a020d69848aedac74cb378d7cc9ae0c5e03665a4c02bc5331971067c86344510c10e9
4451746d96472afdb38578c91026f59332f32c5f2f110199e5eba591db6780fa200232cb0b4bc5090bc009933c0a53293f2d1123d16d9d014e690008
390484c9af218fea74440be7452d3882d4e0a5c18bc25d8923480de6c67595b5908088b3cc72fed23882a41aec37649a6314263bb8e54ca26bc49cba
13266e5d1fc95f4c2b0292d24f44626629fd3422cad687d85f510c3900e625e4b13a1d020842cf320b6943eac1ed461fc11c67921abc10ab99e51226
ce243528e570a0e4f49c380bd41896b84895f149ae6d6427d2091db24689e3c32c3b912eb6a9cc42e276aa2ad89208fe56c556d2c5ccc92cf014a0eb
4a3467821c558e677ef8b04900932d3af2c3fbb887cd3c5fa9222c4fac42b9c899c06d151d79f23e342c010addb31ac05697adc9382735485f107250
4ac44217af0620f5a0748139d99abca01ce5f065d76341baeb31798039b1a4e401e684088397c49e0b5e8806cf72c473725ec45c665906e91c4c6a50
cac16496cdcbd949d7b0f844357829dea948af085991b54c4ca3062fae50dae764215a6b380f9a5c9728dc95dd5151b82b8fd342aaaf806165757f6c
c0604349f2398f4b696b212237ff44a30c17a2eb86d9804c1f1205c78716a38ce343d79573ce23786a8064834fd16258e2a32d8665db2f72dcf2c8ff
b216a2833be816a31035d0c5b6013380b8e5c4b1c871cbe3459a01229d3dbcc82d2b630f1b90058cc5d3d44779203105a20a814aa558da291d3ae458
149eb1b418859880eec20d40a6312c572b8b5c8f82ebb1ccd10279041d441d9be25f65f1619b00e7a50b40ea7300c843ae47210eb0c86d28894fe425
14b65b938b59080ce8723c174cbe1e0d18b001484084101799c9c22dc822ab582abc84c430e88bac62a9cc8b4c5ce150bfc8a215aead95c06c00932d
fb5db0f02da48e85d705bb01502a135788d4b59897d53f11e944eada1c00bb5267d6b2b1e77200cead78d9e03607e09d8ab99d1d15338763dfe42316
ae34f432c300264a36af7027a1a71a06c0ad8c60197bce5a04c07290ed2d38f68b4c5cb9fc1331e79b5026ae605975b96f00c3ca3cd5877f5204b0a4
e48956ee485b8a4f605fce5ae54a5439ca06781f4d005b4c96a4fed5c3b05cb9015d645aea4c1f3900fa909d203fd05a4c021090ec4425b8d7b4c62a
77a47aab60807f72cf4b4dfe89fa48685c598fca0941cf1b0c40c3e468c182d1a2e3d9a0f51100d3d03e278923572275ca8a3680452c5faf1235680a
ff555c7f3db9308005a8f5565d312868522b9ccbc7aa15ce1545a995cda4284ae52ca0dc6b0358b33dfa603369115732d5948c6d00f3ac355b1b73a4
355bb96c581423a984115a2ce2cee25148a4720d901412a95c03287fdb80440b0d8bb9569e8301078046d97d58313762fa5d690d067400497d879758
d5248228a1db808b4f342fc33af74849a82794ca18575c6e3d51cad5f540acfb11edb31601b060629993a291a60058c4b1ccc755648f2c867a31958a
f655944b92556c5c032829dc00265bb1bc462c21c9a2b5619d0d508b09e664c0dac428324f8d84526589e736de945a8b2480fda205d366e4214bd278
64aa3c720390872c491b61c8a4c472035600513a3b61a263f116029213263a9233a761f1b095149e1bf78a4996a4113a5096b801332d240fae0f9436
6e00a3c88f68042a95256ec009206e8bf721c28af7a14fd8ea3d666ebc00483d668eadde63e62a0292456ba4adf6984a02fb3d66aef9281ab6f928ea
635c455aa7a29464b448e268dd3bd53474274cd3400831d23cda7847de23aba3ad2c18794d6d65e1ca6b6a781a3da681237b0fa96fde4274709fa044
70037c14f1c281a007731c0894196e009d2a70d4703d7ab07f404730c7ad6192216d07a304b7073295216d27f290116c27eb23283d59b866593fc380
f114c65adfd2eb0fb69b2c64c7f5d70b49037c00b5202521f248fac494287ad139be2bf7da00ac80c2197da42424e55e1b807c65263b4e467ad502fd
1c2d38cf77d9abbeb02165593b09074ab53600e66459fbe2a48b5b029591f7d139e02bf73a778eef4ab536004a65483b99592908e3c242d9c8064047
10e68a4166a167ef54c37ae10799854ed282b2910df051c48bab8ea0941347a49b740e18914cd249c452c2ae012c18e9f83eb67d7e48fbf6b1cb9f59
81023a8046f15d2e53cb438cac845d03303e21a071cacf4ad8356007107384ee52488cd05d0a01b91f2133d937272c80518ce021a5df87a630409412
cb4b32a49d0cd32443da77d897d2ef3b45117454ee3b74f468011d720a3a0907a9c7274e9898db11a11cbe4e4a4252e4a493619a62e628baa1f45903
90a9547a3f99ca393e19bb21c7dc9e485d1abc9f08481abc93b69a63f6b9f0cc72d63a47a12cdfac5f4e87a6e1825b1debfa7070ec130d3b0e4bd6e2
266c1d17275949ba06300db202eb381bf5acb95d27ff24095868a14e270893a95d676fa14f6616aeacc0ca1d69e4f4ac14bc88f4d9954065e4f4f0a4
a8470acf4a9e5464ecac0b33274bb252ac22126cd7042f321c6bf24f4447823039056b72c2444766f675565cc9fdcc5a0eebd03039f269d7823ce6f8
c487ed027cd8f8046e63e6d04139668e4485fc59efc0acf5456b714e7c23c7a4351f516ce0976499ffb5c397ecf04ad242a4e2ac1c63b2ccffca6543
8e2919a7961c49bf2b2a2cc71c711b9a638e888044b2ceba314a4cc9ee9d0630544764deacae3a648cd79de5250761dd592bb2dfeb813c647b57628a
5987d8f56435c9a0afae3a64d0d793615ff5c1b032a4bc5c3543a7169c49229766238f3c5267b6079b49746cb81e9129b33d7cd89bfd6d72c2d48243
4ae4d26cf822914bb311ced0d37a03184527c16d66238897cd77a8ecd5468677a4df6c781a916db32dac4219b08df22f918dbc51ed25728d37f21c54
cfc100b49eecf746fe769601db7ccb868032dcca3c6d194519dc92d69065afb6824c839782f60d5e2af32243bae12564199fada22883f40a61417a65
1506e9be6f65afb6c628413ae789acb3e2d6e045166d734f43bec88663917578dcc613b6aeca5579c36d88a4d46d9c167224a56ee3b6c000b1cf068a
7cc9eda085ecd546b25fe4276de38548560134031a2d340aa1ff4858da08db47c2d286218d84a5edfa652d250356000d7b39b7b78076ac62e4e5ed23
d29f232f6f272f486524f28e558c0c375e8bf722bbb9b3e722c36d9fbca6d34d3aefc9b30a081900e9daa63b463012a7f6c587ad0290874ced4eb4af
c8b2ee58b42243ba53ea28f2c6f6446d292dfe9d337c91a9dd33c36af1ef238e9f235f6bcff4a18dbc17665f7ee68e555499110398ece9b342887b61
796967ec23fc9723556baf10a92dbb13ed2b8a09ec95199047b9730d1049657b832699ffbd790b7d422caf2804b013f557d9c1bcf33aa2c85fdc791d
51e420ececbf484cdb57275d9f707c8f4cb57d75d2d507665275470ca05359f87df34ec5fe30a439d2acf6614873a459ede391a901d1c70920c2768a
8ac5dec190463edc8e875de447ec2347c83e11b7a7f721e6f0b023336b2740a88255063873fa844bfac8a9db4780304722d63e2c6b8e34ab1d7739d2
acf6616a7364551d1cea232fef18770bcf34dd1be00c1f5977077a20d2ac8e093ab4a48e5133c43e9905b0c6e4f11c28864891e2197b57352e035863
72810e9e2614b940c7cc1a93577accce4b13002f5aa7c7ecc3aad3c5fb102fae5ca44a0f32898bf4e241a250911b7564e6560bf7283e8a3a6523cf3a
b51c6ce459aeee41d83ed2120f7cd5483a3c1accc9af3a1accc93b3e1a93aded71f8ae94c23e3a6b4cdaf7e82c076da06385172ded63a55e9e96f681
f35a4a006c202ddc83b05b29012031393807d7ee91c9786c74aab8c8b1b13d96f8c447894fe8545ee4411c3ff2140fdfa68a8b1c3bdcc6b2e4623ef2
148f036e639d1e282579a2c7c1168b754a1caec8d13af0998bfccce3f416e2e564a2624971548e1ca783474791b8785c4cb6fcee83736f91f1a1ca83
9dc802401eb246e78355a8d93f7d236b2a4fdfb72d00efb40a60697fd643666b0de72d3e87734dfc3931259af8937b8122f7f0e41c1da949274eb94a
dc662a4fe4c844a2f2448e4ca473c10a689e4f8ecd916744298a1e399c27552023cfe85cbc53f192581ab2bd27051623e1e7a4f068e4f79cae3a648c
cfcc2e5734e7c4c9880ca093f05fe901781f221d3f3e32804e773264374f9cf22a17f3c407a872314f9e4c46b6e9d950e932a494a2c88b0ce949706f
91213d49d0a9b27994a2c84b0c3b8eca39f271ceee8469b2bb8f226ebb8f22e6c6bd408e7c9c138d15d93627a97c559695da14bdca4d3d574acebe02
0e00f1c2f9bbbe020e00f1829710692f27d1be2adb7b8e67975965240c404032c627d78855c6982a4779912b761edea94619fa28472ecd49d2428d51
5050914b7392af1c99bf14abe83546217417592ee7e52dd4e9c5b0b257149ab01677a7d495c8aa1a6100229411a41e5356d5884ccddc1c8931d4cc8d
52ac9912b9596524322572b3ca48644ae4f648e3bdd03091294335db1c8931d7ec9f2401885036cf2bd146620c85677be4e47a59d9c894a124468f14
dc6b61adeb7ca53ab3e276817d5901af33bbc80a5017b647d62e355d7b0df639d72c4a6bf08aad916d4381d61cb934a340eb13101de8a02aff8e4aa9
0688f48c3c4ab440c8255a2020d94dca9e5a0b01959d5d03a053e9646a76661597c894d7ec910a4cf1cc1c0929972b25c567bc964464ed52e831ab64
43a66a63aff9b3de815d383b35e679f5fe4413770b91d27bb9ea8829e1c411e915d442cc911a41f58a1c9910943eec356671a89f1ca9111436cc9109
41f58a1c991054afb03ed4e9c16a924779b9ea8839e29012590c976b0a99ff8bb4862a4feee221432df1c9581a91f870b92e8989bfa054ba9542133d
926d2f0e2949caf622a6aff20de5c12326e5c5164a4074e5c5164a4064655394c7d01459c913859a1059b9120630d9b7d365009af336e806a0a09ae8
c03951268401ecd0a66167ef43c3124254e243a12c5d569e43f122114a7d358025d5c42d0950b5895bb2806b17a50911dedab73c38a4a8ae8401c863
11e9b81eca6230a00388dbeca304c0288b78e1ad825270cba3b2c6ba48e74552ed229d4dad4b7a03860895a46b0074a4e8e3a28586e5a0a3f4d94271
86aceb7303322d344a67f6b346a1948df2698b976f680f513a9441d6757779100fd4edb601139f04c0b093e8d818b648841c7474776dc0c627228c83
8e326e8b976f68b11b7cef17914e8e538bc5bf437a11e91c965aec86dd879580704e943e5b28019175dd6dc0420b757a38b7d182b55ec53eb14da5ad
1a406df52a6e495a567668795c0e880e7c91147b9fda36ca0e3500218732e0b0a4dccf3271c1a0dc4f0360ae0500735afc5468c82a2f5026a29f4d8b
7f9a9886fb6052f8758aaefc51039c8e2280b9bddd86428586ac0be0e20519daed36140a32e4e705f07f6cc0ac75e373d144857cdd0e1bc056e92272
f10144a4d7bfd71e9e284faf9207062400c9174745e9a7061c001a9664ca96342c29524d7a601aa9115937bb0620f01440a685648382520a6ba17c43
57c6aa0154e7d7ee9a383da902739978a9a9f45303365aa8d342417f2df369246166953c28547ce8ca582d5ef141c9a5858a0f5d7577cbc4094c7577
0be51bb22e500bd51aba0af11a001d5af7135a2fc732e77ca594d332adde425247a7e558911c9694946a40a785e8c005ca4974e002296db54c1beb23
890eb49eae440df051342ce19d1c0b66f35144071e4f8e05e34a4eca65e22da792520d80b0aa615d41558d72a0f4ab46a1d696d2450d8074d989e982
b9581fdcb5e42c5e2e7e6f24261bf7256bb229bd90f54b3f85c20a59f7ac852a095905080abf10637d3e04a03a5a7cc228627f1e199506a885eb12a9
b0999404e5a01a805990b732cf3e6c7cc22a9473427186accbdb32a35074cf6a0052975e9c89bee8e2d50086ed628ed88a72500d6003492fce5ce0e4
a0038f4777a4062020792bb32b14794d5e90413f776440a38528cdde8700d21a94616a400310a5ae1d8217ee6872f052bd0ff152914730c7d92807e9
e80f953f36803526353ef3165cf5900bf517baea211bc0bc488dcf385a2a906cc005a016dce2a840b20143e39620bd7b1f12d0a8e1904b0cbbd2422e
d08c867926c77e86019b57ef4f448e6bdaaecc5903e05ceed0cc2550093648f7520566039c0df1c509ac041b046f4a8c422446a9b40664004debc5b0
f21828df90753b654005906c487c502a6d591ede471300e93a1c2c0fefa30b8074a963afe7a0ecdbb27081a3dc5a031845fa999f75ea4ab62d0b6e83
8a3617ea3974156d368079914aa7c043d6154fa15a4357596793032b41ec2fc949d7b0042b741b63926211873c30f945da97020fbd873cf0017ac883
d4c61edc7248e9413a5bb6641186fdeec14b653948c72f8454958e5ba8d690758153a8c59075816373ca34c8802d8df5514418773e2af66c00ccc9e3
599a33277934242673bd90b0a42b9e42b586acfb9a42b586aceb1903984a1d0e16a2282a186d008a21a44e56a6ee5a0cf04f24314e2d2a075d166e51
752d5228ced07b489d9426dd931800e95573cba9a5c73470f1da43ea443ff5eb5665216149b72006306ccc0b17af3da6818425fd185b5938822847d9
0028952559b8af518eb2ed46d687a6213d7c942260d82b5d1f18c082911548be2b3551897b56dd1618c036d5cca589e5208b96b84ee9f223d2ccfa90
1548bed535958950a62a3717afd0a0cacd060ca7a0ca0852a1c100f18221d58d8301c8545399b0acfa35ba92489ed09d84012c7e856312d7aa55262e
9130a872d0065cb490d4ddd4cae349bc75527ab501de873e694ca51c8bd49c17914e92e0339bfa330c58eade9fa4c725acca3a177e8323ebe6c00088
940b91489ee8b156086bea2ac10076682c9e955162ad604875515012d18b2a8b464183ac7b0103f86456a7c4255509baa471e9915522c4800a20e9f9
968df5b6c3adac51222ea92ace0640876c4d3af8b1335992e4b6576ed9f8d592f9f99f0298341df013a1085d1494f40c763e3f51a74fc5f004f409d7
220abf1b70d022fab800248fa70ff004b49a382d28626f00bcc81a5158212bda6e00732be393392da8ce860133a31401de6916e0f2a802568026c049
bf991b8515e68712dc0d4084b246f9190e7db698041cb4d0283384c96bca33bf5b277b95671f45cce136a86846c98bf7216e1756a1747c5e9806c5ae
7262e614bbcafc189e42dd06c08b747c4ece8b3a25dd4b052f0c703a447a6658ad758a226405c3cd3b18c647c52acc1960f67536ca954fa4067363c1
c803cc844323e69cb9e3889873c6e4478839776f215e785511e1e1dc9d7431d791ba148aff2867049029a6f07ca47903dc5a346db18ccf1c71da8c32
88b02ca512728465f3d3a0cf0f65de1bc0b25ce2938b4f443aca2042aa79fc50d24399f706f8ef1a8a30ae3122829a87c9cf1141cdb8ea11a81c3f96
f2ec542b886daa57fc85ca0859efdacdaf437f282e5248afd08b730390baf67e99996cedecc2f5419332284faffad9a2083868710b88220639425c65
411eda845435c811f32a0bca203e79ee8627d03fc78051f220eba574a1e4418e605679baedd69fa2ed851f8154216c03909e2220254393dcc3927d14
519d591a720f0b978e11ffa26c428e0050a94c897679a9ec727972d440c8fa35270310b85cbb5299347972a5a228a518a89290f50350068c4d1d6195
d2215d8aa19066151190d21190dcb242164344400a79571101292b4a2eb8c5a0474864145678b6884f204c3e40d95880f2f5cac6e2a9d182a5218d55
7c97cb7e970de6aae4b1391de276f361c51c8e7d044dcaeec3460b866dd1829f2295a92d38f611df183f45f4fc245af82722ec40c8f2e4a8d690239c
51dce44b73f2436539c219e544a6310d177d48db14a27dfa69265b84b4901b55796fa437b606204279e9546bc871caaf0f1fb60a3868a14fc665658e
137a25f1214ee8756637685eea3c76837ee3bc8c4a0b4f408491d61027e3ba2cb4580430952900242605c50fb7e538e65612a7e2543bca373c3bd527
2903e893e49d8a7dff655aa9b04a2c2fce9b35f389144acdcc8bf447c57eab9275a9c5d997080b74686e474186272089951d40022a3097a353989383
53eb0c20c22aa44b29519021c7f1b2124b88d324151a729c2647858667a7021a132517a836ef4384718b1a27414a3698f3206e9b772aa977275d7df0
aa420f5c0b351cb21eb81ac0b0d20e95c38d7e29c8142e9dc6f620453bce7915fd1147b2ba4f7c2289b942b19dfd1906aca26d5490db00a6554e57e5
701087a57a30ad3ae8d413aa7504a19e43d6efd718c07a8b4d7db1dd7404a1384389d3421d9e7e89d342bd2e3eb9e968b81093fc9236b166e57550e1
a084cbdd6616a0bc8e363cec122e775b122d02d8006ec25af216594001101dc3a12efa4996d270a85591da009893d41b3f38acf7a006c0ad3675ab3e
6c1750f82480e136e8a14b19d5099ec024006ea506db4838287a0f5a9a6f159d38a85f50f440d400b8957269cd3b15309679097fb1754428f543b982
12ee61ebde87b85d994a29a8b63a61ea74a58f98a8b1554af87a6d98c9f2085e7c69e768c1a20b5e7676b93456db1925483f9c30497df8e0255c318a
119447507a2031f9665427288fe80353ab02da064087d4603b5930d27aed625869bd3e2c6b09bfaa3f500c0aaaf5072b4821b3fe805269bd51c4e0d9
22fa60e65eb560594a2ff68951e457f509c2e446754ec6530033eb438ab22f902e45d97d13be6a0161af5a302f52a57d61054995f6845252a4ae27a4
fe0a705ec42d3f8baedf0231000d2357acf3a3e7fa658ed2dd2aca37eb85bd2f6fb6bb998c4ef9f5713dd83380c9d6a9b6579683bcb75e992869dc8e
673e051d8dad2e67ad77e645c7dcde916910d6bdd368319cc62908eb0848fe5d5fe9435e3505084a784d7d65a2642ca84850c28dea2b320d5e86235e
c28deaa3a05979ba409f61c0fa86d60b36f0c1f5cca9509da08407d5b72170bd7b2a142328faf5e0423182a25f0f36a0f289a84697ccd1e988d49570
87fab1d04284a107f4aac9ce396389aabc74a1b240090faa9f9d161a763c9728e14175c26e7ab354fae59d8a97cbfb102f98da70bafab8692bd3ab3e
2e80bb8f95f3bcca4b1b30d3a20ac8b4e8029cd2f864ac593d842a1412b016fa648274793f541628d3ab4f122d66012caf579f748068e1c3de125b67
86d57982ea04453f0e5256ce027a1955d6d9fbd0270beb5e71da75f116ea0305153ed14a1c6e8e4f12cb5c9675c5d3d753a9326a0f3c010908c7225c
a03531950a11ad99897a05b04e15115a3373abc0ed5a90877ca251aee0f9897829485de67a942b7802a2149da65ffa286bf53e340a1a4bcf8b0c60e1
ca7eafc412f478a8ac8d1d159fe09ca83e74a1664109676d6dcc7ef4d191877cb31535a8fad006b0825e013b8098eb4ea98075285b95722e542428d3
2b0001c9f5585d07bd02d041723dd60df6e569ac87772a6ecf460bc9f4646ee558acb80dfa01d8b21272d7efbd16ca0b947070d68b35a6f3d5eada21
46b9bcd39bb0ed81d435ece65b5dc36e0f44a861b7c9e9a802d01f1a769b58fc723d285150a6187642eaf24536dfb7d1e90ca5724e282f50c29fd916
a7547df8be9563b12d4c831c8bcdf7ad1c0bca0b94f045369cf9293ec92cdcfa5927b02db322e5646cbe43e5a86c9cc5f554ca00264de67f14237802
22a1c068b4a888225a54e6590e0295054a38085bf361c5796353cbc9d81a73247f606b6c95e81437648e4ebb7f223a3a3a4d47c3ad234e8577b69561
e5976cb821fac55d0398c5a0032763961bb28debbb12267fdb9856b921db487b297afb6c400550a7230dcf80e87407883e7c583137ca1e95f012b61d
9906b7b81e7a3f6d803327f639a484dbb0712609b761db1945aec776a018e4135136a184fddeb89cd313b6327eedde580b015d0d409d72fed68bb5b2
63f2f562cd80319561bff70784c918ef9cd0f584ad5036a18475de31f9617b77ecb71eb9957df61601245adc22dc17e7a50a487c122d0a2d9a809316
5d80732b003da077716554497802e2163da027c606d087dc39ea2894b0ce944d28619d778e20617bf7dce9230056a18cf18e315ee4465147a184a9dd
d10e8bdca81ded10b67727fc10b677af502a53bba33fc290eec42396986ce211615929a650c26eeecd3f1161cd09131d8d1d95e393831622ac4398cc
d3cea96589e5b0b2d6a5f47742ff4bcc3e278eb024144228613876ecf712cb616705e99cb7ef502a9dbc63ae4327ef07dcc66413180825bd1f4cb614
eceedb540a76e71e5e6ffc0ca00fa93e4a2594507dfb491f527d3b3e809e051a00a5d230bbef6c796f079182257d4e2dc472709faedfa2366005b839
a7284209e572e0e9ab867739261fb108a87c229a70ec43fd5014a184fa3946d26f09e532aa243c3bbd193d66f6b056e431ee184b28178a2294d025c7
ccf252d8ed2084a8b78be5c0c9084d712cb02fd7ee58a05407ae636145cad73b1202d271ea48de42848d887d893d7c14a65561a66364df96d890c7b8
712fb1dd0edc86457b87d20b25f6ce5110e11c9d2242f97a078ebd9e3b1a90f844a4e347e8396c399a7f223a88292e4b003e8a24d69187d6fdd1614e
8bf8c08f5fe41e1e84335e2de2153aa4060f7c8057eb74a30f6dfb63f33ed4295eba1e661a00a572fe8e91b9575ead646eebf452b35069a1e839ac01
dea9848cfd7eb5a40832ea67c00bb518caab25752053c5ae0e820b7afe69009a531aeb38985b453f0f572e8a4c1da78fa24e512eaf160c070c95fd2e
146728afe6f6a28f984ab4cdab89ba10b22297c705e9721a8fcb47b9873dddd39007783e10b2d4e0e92a476af074fda1b8e428a6f06c711376928fa3
dadfe5f4ad2eefede47240a5d4cbe95b5d0afbc4b10879503ba1042f27f9057a135ba89d505e31c799e415738979917e3e93b3af4e937fa24e477e7f
79fd095a4afedd9987bad0235903a0343acd10169f94854f24a09174585e031b800454339f043028d58bd772b2d5551dbc9c1874bd782da310c2b385
78e1c8a017af06345a8874ae0fe2f9ea391204caf3f9ea6718308a221495fd3680fea46ccf91355fe229ebc945dd2baa49167845e406d5730095165a
809c275407bc9c1c1fe2592e55124a3c873d77a6241845dbc43bdd934b0fd5f03660ecd078db4ad984126f5bcfc349d7274707907c4fe42157e624c8
f84a1e2325a8a8bab601741aec136878c5ed78d95c544cdb809d16f728176e483cfebd1ec8543afe7a40a9ecd5f5f03eaa00489715a04a4251a96c03
90a9c26ed7cc8a942f7271c008895df30a20c266664ebc5c640fe807e10d601485cc2ef4807ecdbc5c3805aa036ec0d8c34936efe28e4345accb85db
a09f373780dd1502cade428491b9f74a1e99999359b83871bc12109ec62b791496a554fae59a428ed655e8543afee29092e4795dc52915b79c38e215
ee551956d79917278e78957c5516bfece6e5da468efdc5fda6aa3f970b5fe495d40921aab6b301cc8becf7c521e595085d63c9f65edd3bd5b0dd3b0d
00cd29637cb90a93ddbcb86b89b7cfd70afb21e4951d15325dbdd3f8c43b15a52beb5411b2cbf5980c1805190c88164c544cc386426901a05064c0ae
1d01c9d45e3bd320cb7a71145299ee42758512ef6a2f12965e4dd4e17d88d263a34574caf688891af5174abcbcbd461a428997b7d7e99f8817149b6a
2a170a3218a04e714e5473db0064aadbba8b44857c5bb4fa78781f5500aaef9e280320ecb68a066c009300089b3ee704561fe8b43c6980f1dabaa8e0
b2010d20df005114fd8a781dc5199e448a0dbc1ffd68787db84e6be28b6c642d0d032a9fa88f8569bdd78a0128b92ece09bce8256f7d905ea1c2e006
405817a50460f5b4d700a6b58bfd8c3eea621fdf468f7f2bc5198aaa271be07d885b8e537951a7aec2ba9823aca2a7df95020f4535950d605377518a
92d31363039c30755a9d0e498c2468adea4a4d88a29acaf541468696b90163efe811b2010839a9c5780855f4e6b83e70ba547edc800d40ecafacb124
4a57b65b12fbabd321f6b927d1663280259545c7f6a0853a451fe901b1012b2d34ca8ec4b23ed9bd8584cc814b4f8c2bd51a8a9e18d75158c13e89ed
76b01c4a007c52440701533d85af0fd7144502bad8d445eca3295eedcacb47b9e531ea283c5b2401c8f4d6e075222323f6ede4aae356e906b01b6e85
5d471d85e727ea83b888de3ed789e447554e37005e6efd6c4001b849a73242d14366035896b33a5dfc13514ac03434ccc446ceb33a4da88b2a4a7d67
df76d30048bfed669d88a0aaa4741d650e9e9daa0fce35aa316d40a585b8cd8850ea9842084545a7eb44de476898293b1d628e3bd23c8bd232345d5e
446961941e00a348b1512aa1e865739d2aeb437a6ce20626d4d684b7a297cd06c0bef4d84436961e32d7c9b7ba741085108a8a3d1b302855b16703d8
fbd25213e72b156aae13e72b3d75ae135732aafc6ec04e8bcfa9c451479584f9110a6ac2515159e73a71e00a8d450d84a287cc75dafd1391401287de
2d1b005f49f2e56ca487cc75144578b6d0b06475a8e0b201701e5b96c08b4a2f18d001b4220f1f5694a25c4aec3f2231398974e22c398974923872d6
1c5d2c51a952ca2614d51036801d2a553a737a520d6103d819b7335ce7c9fbe8029856a9d279f24fd4c78492cbf1c9d0be451b61260a9b8b8099352b
653b137809654b6105eb432d503f7a2d6e00d3a0253a73be0a753c273ed1829949080bdd3a738113aa7446fda8886e9d33a368e6e6cc6457f1427a45
e8d639c37e8e160740b460f6635e383d85f69d89b3e8c9b501ec50d9bc19c722f4f3ccf54c8989e2b0140a7be6b014fa993a0af689a6b23aa59a4a0e
4ba19fe7c6ec578dc2f58c8a55d4b9fb27eaa3233169f0b9b3b4a5c167d72531fb9c6b4a4ca5eb1259d6193f42efb8eb4c14b6c4dceedea928e50247
efb80d6047b5e803655044baeffd986c82ae2aab610094c6ec1fc834a692906a89893abd0f1176b21be444cfa479a8ce8601dea9d8bf985b999699d8
4a989685b848d88985140dbd16af0b510ffd8e800168074dd4e25e82ecc442c034ecc4c2ed89caecd605a740d5f90d48006a8153a00a18069c00b74c
172c7c09d27d1306a5dc91ea1db7018d3eaa801de096e9420645988285942655e737a0d1a9fac0bb2f9f5589c35a23df1e235e7c2e36aaf32512d8b2
35c44996a71e8ad785846e95ee37a0d1621600a3f2f5164e0b615a289b506a08bc21ac49949233554358e3ed43a9212c8e0f3584c52e57217d031845
0ef5c2794285f40d609ee76871f1890823e55b95f50d28005a4d28861adcae901edc92145e8339ae78546adf00642a33b910dfa84118573c617c28ce
506a108672a941184f37cb122d10f2122de056b67741978445a3384351495803204c867439a1233a3dbd0ff1726e001ae5441e29fa601a74785c88d3
9668712164b9620b8920e5150061b2ac8980875e581bb00014014cc3ab4fe843663291f7a162a206b00a65261317382546c1b108739d661fa50a60bf
c8c42582aeaac859a9d650aa747cc24b08fb9d48b1d40fd31bc09e93754eaec2649d13591d2ac069003295994c1c30c25c2742aa2a6b69008a32482f
ac209d16120994610453659beaf890383e84554c0d3a7a004c83b45e6ac39f099b975c1948b1251e4285cd4ba45886cd4b64745569ba4446a55e47d7
44466558c54470413f136fc00290046400713b2aeb173d86ae8924b03093d470287a1d6d00ca512e10451d8a5e471bc028d26389706889d9e70d6889
b9457fe8fd744d9b0b48848dfab44525290db80044e9ee2214a5a3b84b5105ca4a6188a20a9406204299ebb47ba7228c4be46799fccf3060896c75d5
86a9d495282a6059a91a51f42ebc5235a2e819b801cc800ed6e960e2a55b132a4c3fe66e008c2ac898c8780f9f2271c3ac9a9735a1a054f3d274088b
47ba353f9c9768012fd2ad9980a99ea31bc027f2a032115455c5ac547c28aa8a6900f3dc03400f68ffe58929d121c54b40846f430988a29a97d54b40
84b393671f56a4a3b1f4c6bd665258c31dcaa4ae852be32520c239c9045ef40ade00264a5a2fa3d3c217c9095ea49fa90951540ad2003682f462e66c
14de4ac60b53151b03d87f3a7164dc3255b131a002a8531c2dfd72b8011b2dc43e4e927ef5db00ff44ec93a1a29ff036fbd0e8439f907fd2b4ed7377
c2d4074fd8540bb1661ea8850b945d63490fe4b5d342a493a9a6c7f235e3ada8d88d01f4a11d95d114aa6d630022d46921ef4e8724b6d3874e0b7967
f663ad13410dbf2a9361da6269ef2c0729172a4f94166bfdf061c52db96c2d16dde17d88d2d3fb0880c99676c8e33d79d1dbf89a79f5d6635992b61a
ae18b5294a8f4547e4a4ce92d8a829537aacc2f148bdf45874e4c35529a5f2703a0298685104b00aa550467d8be7276a41eaabeaf418900166019d4f
6e2197195eb4600a615955f3330089c9252ca49aa99a5f2d098969391494810af7d4c2ded74f67d742d0b56bb24bf63e9a00485798ac64274c9d7224
0b97b070240b97b0f0ec4435030d9869a161b9447ed60af80c03568ad32422099aa8b2800130aab5523892a9c2a0014c6b0e00ce6325a05c7a4c3c6f
525480a75201a3f498e7c6d2902747498ca2dfd5366f143a64270ae72b95a73760a18586e538a58a3cb51080adf2f5bce085cad3570a5e14fd7a772d
ae6da4170bce4e78c75ef022bce342ca8a4a0e1a7001e8133c175549a885fb1a154530803e62f1a04b7aac95c3fb102f8454c3072f84555484cf0066
5feab89c95161a85c732e1837bf50a951b320001c980153267ab7cace2ea479e7e716d13b34f524b8fc976f5a37057b9580e72b48aab9f986c2e9455
84cf00f491ac40e5399eaa1c19803c1452ad54c152657d03a05476b312fc8d138717de50a5a44ae18da2c20ad50b6fa87452adaed3647ceae4a4ab53
ce68716aa924d7a86e9f01ac31793ca312c7b38546218814a796ba2053393894d528fa05730310728f3e10b20e295e67230e299578b1ca3718307676
9c5a2a4976aae7502bb934716aa9783c716aa9448355f1c1563013a5955c8bf7215eb8775685c1ea8537e2a053c9eb55c941031a2dc44bf161031833
17079d4a68290e3a9568b04a0e1a70d04212e324d86315e224f55885c47ae3d4527b0710b7bcede9b12c09fac4a9a5f2d8278e1d1537aac73a25a925
ce21956be63887540e7e3d9625b7caaa19680084e9605249bd8b834975c52607a7f20258d5f90df03ec4feee7d8839c2c3cf42199f61c0eae16c88f3
7302101b24fff758b3384c718ca1f086a9070117f29535aa231db73e628912de89734d1b4f7bab0a6f18e0a35401ac26598146558038a434defb3545
95dae49ddeb3d8380aa9ba9701fb68a125dac8a96bb2248dfc13d5cd37804eb58847f18e27a04f7c0fcbd6b451fcaeaade870117805a8cfb9aaa027a
a6207d58b1cf8bfe382c35cadac4d96814ef78f62101f1a23f0e4bad3ab792d8c85433b5ad4e792ca332f906545a681452699b4c5cebde8748ef3e6c
00de87a6a17b1f0256d6874ed76d753a02f03ec41c6967aa5f6600ab500bb76d0848e6a9ed502abfb5edcc8b7ca2460435ce796d5ccfd447ac42ee6a
55bfbf8ed21ccf16a2e36015eadea85109338e868d877271346cdcc4c6d1b0f916930bd4464ebc8d122de843c66714efb016b1f84f9643ac752e7054
7bdf00d88fb57ef9b062eef251c4cb78a75b55ffa48e7a1f4f2009609bca92f4072294a3e5d53ce288dac725505589bdeac53b9adc97ce894395f50d
609bca2c742e815437df807574aafdd2490253217d03204c1b68d4ea78b6b885dc3373ab55d83960c401b46778516ca5173e91fbd2ddd4f60090babc
954eb44135ef2bd53caa7ed2dc00b483164ca78a9e4ac01900b75a419d3b9a3808f7ca72d092eac469e320dc5d19684975dfd9f223bc9a471c733b39
1b71aaedc458e354dbd9a67188ed2b94c6ecafde87d85f9997fa39b5106b27992bceaf7d836af9147d43b9c46ada9c0d91b0a13a6279f11c36cec09d
bb963803f783598c95703069b112b0ac7128ee0733102be1c470c4c4bb218d29e19e248eab1dbba94a7695b21ae612df2d46d18c273009c800b38006
b00858e93409f04e03d86991051cb410300a61571533a9d4c8a82a666280931e2d86c6526d37039098acc08ab956117c039817e9f815c5a0127b069c
742ae6b0df71325e4745bdaa4224062cb49080f0f4bbecc4caf54c9c9dbd68469c9dd7511eafaa0088011d20fa40843a4cafd93b15b7198985808a93
2ef649068d73ef5a7c940098b99047653904fb95890a6e793da3eafc06c04bb05f99ec209d7451d5efaf2bca650a5e502e71205f512e53f0d29c0e91
de58964107b7422a3958d7ce4a96f159bb7fa279c1f5ef52faab2b28e9f8b543a9acd1ca594085f40d6039c8055a8969c4a17eddbc85fa20841127f4
75733a44fa0861d42908db9c30c96367f663587c91385daf87b7d02807b31fa390611ac7edf560e662142e6f55d8d080a11ca718e544c8d1c70973f2
67460190678be883515eb540c832822bae477f05b0c6640457576caf002c898ce07a79a7f782d91e4e5813e07d440b56906cdee67a4c266e7bb092e5
136d0f46894f26166e7cc22be238b26faed8e4246d13f3523f2b8d7e9bd8b2affa4385457f337b5876782397adbf0210a70ef8db7cd142b27125a7c3
f94691e2387a6f8b53ad16aee46437375772f109558b55eddf00fa884fc8898fe3fba83bf26ca151329dea94bce152c5017fc3a55241b0ea754754bf
df002c89e23d5b4184b2ce1b31d6389c6f9c8de270be55d6bdecf7e65a4fe67ae328a49a21063073f2c2b6c6e291d3b511528df3fcc65148f53e0c80
97187654e7ac2a0062006b36e8189740551541eae62a2c081b17db552542eaa84cf204d4c7e62df4c9287ff64cce14d000c40bc7a91edcee7ca283f0
365e0156d50dabdb88b156950933e0a907a647b03f62acd323b81db7b9d323981b2f8aa7081d6ce336b7aad49801132d34cae98489d2a1c2a688036c
a7532ae6c671ca5ae89371c5333d82fd71369a549ddf807300725ff6111f9d2230b03f986c1db7f707dccaaddc1f702b6f65d42e790237b73b210cd5
2f33e004d028335329d7639f1956aec72822f2044447764a03980710a364262a46c910261f716757cef223f682d4e536ec2384384560602f88500e0e
2542a638f6ef6c64952aa9a300c8b34513002ff2bcf6ca3404738de52017686ffe89866dccbebc15ea7d4c2a485af78ed4e5adecb81eaa2c66c0d8ea
2a7752f7154a431e2b220c79acf49102605906b704395410c580460b71cbd9481552eaced165d6a5fabed1429ec6bea350e4028d8a20d6a91cad7ddc
7c54d50daba344c8b3c567dd81ed279cebf83eca853c01c9f784af1c2d584dba36db2f18958fb55f6c48f9583b079d59cece7e39a3771f07271f1569
318059d495c6f160538b8e83638caab6d463a20fb910c7e49f54012c733908c704b741c748d1981e41c7c20294453b1656824211c702fb72ba46698e
27b00860abc8c73a126b562ed541b04225580cf03ec46df63e44584684323ea39a87b5903b44358faaaa2d06601664e20edfc3725f8ec27ad32196f2
1e557558ea51513f72708e8a08e5cf1c1c415454c5800e102d581ff2782800525543a51ecd7911e98ded269f88f21e5535540c601a6a00431fa9fc52
3dc68f0254955f32600690c456866df109028ad95f51fa31fb2b2a4c970dc78680742976608c556da91e3bca452ed0c1f1414555ea28ef612de4351d
ecf245aaf4f05d2eafe92084a1fa43068ca95ca44a8f83a51d6b8ce3c3220575b8a98d25455c72912a3d381ca8ca4a3dc675665595954a698e290225
c78508e5e01c2803955da9a7ef6cadd313cb1a719173a45655555931c0fbb8473947eaf914318d13cbaa2a3c95e21d530439ce19f6a56ccf994ea56c
4fa20d2aba6340a60f75ba3073d274e7083f4c1117391778d1a23b9377da04381dea7478e65304394e4cbeaaad1ac0c295ca395106aa9052cfc228d2
1f67817d790927714995b231e0a2852825fca0822806145a6858dfd93500168c14ca894157e95403205dfae31c91026b217934ef237f8e013b31ff11
4539f1e3552ba79eae29a44bce11099d22ce42b990aad238f52436a1d238f55a68a1c3d2358ab44c119aa13883b55804b0ffa43aaee49f54012c0ded
ae2bc1b994cb855950f518039801ed9d2bb356e4ca5c1979c851a1d2c2a46aa595c20a93aa951ae07d885b57fa523f97af04699bab328bd225172730
95c631809d213d40e98529a228972f1e29062a2d4c2afa6e80772ad20933a9028d010859f6ea62f1a8688d01278078190f0f0c102f1cda924e2d5747
84723daeee7d88b09555adc0cbb57aa7e2163b1191986b6577c929b846267155499a4a1d85292231d7c802aeaa186380f7a151b81453091903328046
c1815481180310d0147dc09c8e6417073f157731c0098b16ce9c5a603822f0421d85aad22d066c00a263e4d24c119aa1d2c2a4a2eff51aa97c55b55c
0c60254bb95c978f22c22e98d399e4babc536fd11ee39d41556d1b035006b77668545ab0168b003abd3dfdf6c0cf542d1703e8e3d60e8d620a55c55d
0c40404d9d4ed889169d426953a7336baca98fd9fb10a5333beaf6230c40a677a0c40056d02260c19274b18f7bab8a3106148049007d2431376aca54
557b698fe47d8897e47d8817b7685d9d26966512731c621505320053db354af64ec5fea8d0505520c600ef54dc6215550fa63d0a32eda2b43a204a51
5baa8fd31e9c375565a53d3aabb06b58ac876aa818e0dc7ece1d98b51ef64f7566dba8a3f0ec4f8c1233528195f6e030aaf2298d3a0a932253066c00
12e7286f3b29eed428ac50551ca53d0822a5d808a33ed5a440547b1007572d94f6d87d58096b775e240ad7364d84b9b689ad421049b56a1b951626d5
aa35c03fd128e3c67d52ecca00d4606c158ea8f3a4512e6fa151f05b536c044244f324015d2caf58b317d3104b14e5a290599b38b3aaaa489b881929
86660022d4e299261fe5266cc22b55590d03127de893d9298d4f3a9f68581c5995d530e002101de80145a60cf03e8a00a6f2f6060d386971af8f8963
ae62578d6a0d93625706781fa2233961e22579a7e2a538611aa5c0feac4fb82553b10a0358dab3faa87c221d3f71785410c98021f51c84e147a8728d
016ca04574e056aa6a449bba7fa2169de5b08852ce9b39e8205346c5190c808e4522e4bca950559b384dced2cfd3e67d48c81bdc4a614fe30540554d
1903a054f66a1a2f006a8e4e470a6ecdd1876f64a9f469e4f757155368d43d9814cc6ad3c172904a9f3891aa7682014c94f433550d6a8e517c674b61
4f1c51738cc20d578e51b8d0cad1298e85426606407a74ca115521330358857768a9cd5cbbab8881018c72bb846dd43d78f6a14f88f5aa9a80013e8a
fa18574d93625e6de688aa3a2c8d8a0493826006f0490cebdbf40eb618804c6f4fb451c4a0ea05be01f022bd3e8fa73c552ff00df03e6e79cc049f9e
15fe3fc380cdd9894c029c48b191594d455413909e653267e2cf7af36f002b5286632e3e8ad8f05d5ef549f54fd4694551ca4c8e8206cf16d107132f
0f6a26ee34578982d3e95c35addc1be9ad7d9b3b2b41867426feac222d0638a5621f07618e39c2c2eb69bd01ec8cae1624c8e9697d9b5d31c8819cb9
15d2c37903160075baa1a05a006314153369f38ec90f111ec82324c63db65e8b1bb00148846ebf43a6bea94362986b3dec368051648c47fd8227102d
50c721d3cbfb102f174b4a9675e14647a14c0386d415ca6c0b9ebe9e5cb785b417bdb06ecb784a575533c480953eaa00d897695930b57a61dd168248
7a616dc01090e2926d61cb16a9414a1e4c0a541a006152830b39a845beef428848a1ccb614ef43cc71f9a2aa226dc1d555551103604efecc52612eab
0f4ee88bfc996514139a546bbef1f0bfea65735bf08ef56ed900642a35b870dc5615eab674ef4333479cb6480d2e5cada8c67b5b4646c6a408aa0107
9fa8054765bd7d6ee349fef3138dc2d9596f9f0dd801d40213a790aa01c8b4069068215e08dceaedb301902e93bf1c8c2295b37076d653e7b67076d6
33e5b6e0bceaf1af01854e453a2763bdf5350001c5b2c49b2d52b00913a767b406f089bc84347ba74d00a46b67275febdac88980a962bd8de7f455af
660de8b49805b03de436240ea07a35db127ea6a2c1064098fcee84e3f90c0f7f86014b983b55926f3cbeaf7a746b80f75705302552d8a938e7eaa3b0
34ba3ec1a2e949ad01ac7bf925bcd7af7a41db52650f6bff25a26c7a1f6b40a585282597540f665bf22dab032deff52755816fe335fef313f5d19187
b66c2264a627b5067480e86307884f2efa10b7a435e839ac016c04edf2c4115585e30da00ff9363cbeaf2a336200db4d9e4be2ae457547da7849ff6c
21d27798d32e4f38c37afd6a00dc4ed1a20088397225f472b525dce5a5448b8d16a214ffb9eac0950ee421adc773fa49f1780358e6355a30b73a7025
ae67f494d500b8add1e2a485e69693b102f42d5dc843ca25a15cf494d50098ab01f8b012d0e5c3de40c6f62ae46e80f3d2049c00b780785f6f9dea13
ae66558dde00d897e6cc6453e8296b1bafe79f9fdc12cb78d855069dd7f3066401ec2869ce4c944d917e03605fa1bb8c85d773d896394c2bd26f0093
2dcd990999a9424acb5c02a9204acbc4d0aab45e762527672da3e4f482b665cece7a30db72f63ec44bf64f24d38cd4a54a330131c5f10df03e34519c
bf15d86fbc9e9f14d837006ee5476422fd0aecb7ec8e857461ae4e8746698850ce5a26c3b44af565cef00aec1b506921c246999149717c0390ba541f
6ff40d1061aed8a4e972aff4a14e478ad7a4c0be01ec6c29b68cfba2f2f42dafa80b29b64c302e496d650ee47a8adb32ce899ee2b6f1e0de3e313df6
19062cbb3e92fac9a390c7a49b030358e6d225f9427ab121b9a6d5558201f025073293c3a977a9ad3c7c94240055aabd5308aeebb2c100386f01201b
29dbc22959b70f06f8274dc0450b01dcec26295bdeb84f2ac66f004bb4450bfa90e62c781dba9f30006ee5ca14c25dba8e3000e6a4068b6f48f93685
eb3b3d653560e11331579806adfbc2256cdc4ff0c07c5225f956d85d496ab0708fa657a7ad10cc6af223784f3ec58545e196acc98f28dca2c68505cf
c7ab1eaa1a906921d257a743d3b03a1dea633cbb9ce2f681e7e353dc1c949d15249d56c884d0db5603589629808d161a76549da97acada0a99d57ab9
6a009f683794f1ba638a9b8342204a2f575be1441a570985b44455e43100c2e4bdf1387c52ad79030e3e1173f8e02ac6df78b65df5fab555b2a0f4fa
d500b45e8e168d16376175627de40068a1c55fd9407ab96a00b32f3fa24eccbe3cafcadd5392e75567665f8e56e5fe3b2e296a827db91e95dda0d7af
ad8e1a5755af5f0d60b2b5a32a394e2ae96e00f3a22d56090fc7ad052f9bab4afbb45a9cfd2680c9962f527944a147b206d087f65c254ea427b0ad92
b4a017af06b03ea43eab1b1ff933b531fb724e2a411f15f46f957871dc8d54823e4dde4a5d7d580988fca4b83da95cfca84ebc014ca57c111e3257d5
0b32804d28155cb1467aac6b00ebb4c527dea95af8be954eaef8cc7adfdbaa1bb0f6597760f540834b5156f284f53cd8003897d751f17df55ed800a4
271fab5e484f3e56e58a47e5d80d4053481f555293f4f8d70016b17cac4664b8c9c76a0f6423dfa6f986946fd37064e38aa74d4ea93e61bba9607b6b
9ca3f55eb88d77cbcf169300d66c0ea0d36216002f72cb1a61263d0f3620f14900de6912b0d222801340f2f03d2cf5d3f0399b7449e3a8ac97bccd9f
4beb9dae01dea964ea7bb804e07d4862c53f1140868a9ee51ac0ec2b78d30877e959ae01077de8136e859a0e3a8d58af6a3a1900e9d2258d58af9ec3
1ab0d1a986c53dd40f3718c092d2b66f241fabb4bc01485dd6a8add0a16ddfb8abd50bdad6d8902a1cdf1a915cd58937c03b1573bb1326e67696a5b6
7d3b9c30714bec2acbf36a6e6ae5573537a4dac88d58af1edd367f0cad47b7ad7122cdb2688d136996016b977fa261f1555549de00e625b61857b3aa
24df3a9ea82ac91b3096830a45198080649e780c3dc59d6027ef43a5a40c704a8b00a42e6bd427eff426bd73ded483d9c6ebe84965e10d5869a13e66
9694cc5367efeb09ac010d407d70791b97841d65d0b50a3b07d0ae45d7c76f8b57bd9a3580f5216bd449d1886bc44e329a7e89a2f1c2da00919e11a1
cc42f7ad2ebddeb1f07a9bdb3a163eee267b71c2440737417159d9495a56c1aad689acc56565c7ab8eabc88e7650052b03581fd2fcfee4fa59d2ea33
0c983fbf56bd2b031600318a2ee9b122399df65891b8dc3d1620a1f31e0b7075d9a853826a3d16204e79dc75f69519909de804d554e3dd1416a28805
883fd063bd114bd72b5c03bc0f11b6b333e41f7572c87a2c4002e371c5da0f96a80c47e7aab7c77ae325826abcb74efe977e0cc3009646ac483485de
e9367f50ad77ba06b0dd4ab4e013adb7959c0dd5786f2b67563d986d2b09617a1f6bc0097073bb4ef0a2d5b492afdc75e2582764aaa95c710af4fab5
f17e7a528d7703e85453b9ba2ec9d1024a65e157cebd7afddafcfdb45ebf1a8008352fab2b178544564ec62a1c6f007b583ef8cac9382ea557625771
07bd92e91a77d02b276315ac32c0fb9080701bf4d8d50084ac1b9db5781f1a9660967ec7a3ad1c0ef4c8b4f9936b3d326d2b01f51e947298ee416985
7db9cbe3b9f413d02744d8e35679bc8e7e021ab6f928012020d9cd9560965e78b69518bc0ab61bc0ec0773bc6ad2ebcce60faaf5f6d200b698e2112b
ae470f5edcf590b95e57b687ccf54a864a7fd58235162d36a641067d758522577de599939e381ac00692cfbc8e187c7bc818afe33cd1f4d6b0f1c2ba
e9ada1016cd3187604069a1e1f1a7000448b0b40841d3eac081bb7750688b0e1be34bd133480b995a7b18e72495309d22fff447d8cea914dcff10cd8
f944848d5386b5b899db1eb02fbdbea1b6e22e9fc7d0938ae0b7f118faf9c93dec36bc956792e8e718b00d574605f10d7012ba001fb10940bed2be3c
757e66900a58f8447d105c570d7d031a9f68d8918fdaf4becd003897a3c253e7a6d2380640983c970d05a55f60316f992991c2deb86057a9fdb62527
4cbc241f25faf051c45cf64fc45c8697142dc61255457b0358093af86de367849a9ed2b5adb000651636a2edaa68df782edd541aa7f13afaf9a3e902
98395981adb27772b460e6640536745a64536c8da99459d80878945891cd99132f0de67200484cbeefd698975852dd47518b0efb3a2bf2a0bae96d5d
e341f5a4df8a31804ee59cec0bdcca70ec0bdb5e8663f7e520c3b1271fb60860d1c99fd913732ba760e7495fe48eecc9296d029828d99a3d39a5a283
9c8dc82ed94784aca9cc8f01ac31eda8dd5790e2f87b811779093bef7c22ff64c75d8efc93f14ef7098830ae9955d0df003ed116db1b8a525671f7e5
a01db5fbeccbc4ed0df665d1fc9d6ed18edabb8f22e6b8335631feb66ff0a2edb193701c392cbc8f6d7a906587da210fbdbf326001d027241c47dacb
7ed0c714007b4e1b681f291a4d75690c38013495235ed5f442cb0076658e1619205a143e11e92774485dec44942397661f11e5a6175a7662671ae444
efc3236e7aa1d58e079d6abf1c5cb8442e0dcf689b5e32b5f16af609a80f9e37e8d7750c80f42500eff4e6f628d0b104e09f64016cb112c0468b9bdb
f1d2f4097cd609ece06d9a7eadc780a1075492a61d3c458b741e7e54bee9319501084babfa708da50d7990ec17e93cc7c884687a6ed58ed55ba88f15
71ea2c700c97aaa98a4df337a591f073f8ba97877d6cde8764b339a555002b525be5d8bd0f8db23303322dc7eecca953fca3493be33898126d84f10b
f14f40841d6c5905b5f941786ba1614f48d722e617e29b0adf34de9436d5b9690701a02237951f84b71622dd3d28f9e027f724aadfdf4e5ff75ae6a7
2fe21e00fa48def13921422df3938bc6483c3a67eff466ff5c58a25ac4e3d7dd9f9fa88f853526d3327eeefdd922fa5801a20f274c9f249694dce573
54e86e7a7f6500db4d8bff746fa507e0bcdc223c795fa3df12328095ac557812bc8974a4937a0e912874e269c4ebaaf140f40988b0baf189986bac0f
d989b3391deaa3b16f65384e3c8dc82d3a7d9b6ad19dcd47894e59a78ab19e5ce3ab4cbe01278078e1495fa4019dab7f22c2366f213a4629a929d280
cecd3b15e93beb432bf9c480451ad0c911241e649ddc4d465ed079b03d629d8e5ffb9a220de83cd9a6b14e2fb658acc2cb5b885b365024f99c1c41e2
21d4f560cf69155e0f56b256e1f825f52770b37fcd4e58000740173078897739fce8f9a422f8edc2ff8f6738d7885c36558c6957f24f26012c4bd9ab
0b673ef2822e9cf978cbc24f9a4f911774513225f282c633dae727d18279911b7565789108f9d1f329f282f8d1736b513ec780f173de53a4045d1cce
2325e8c292c443976b649ab478e872615ae690cd0a1b211bca154416d1c5655f64115d9cc5e3e50b6f4a5bbc6bb9b839d02f31359e90b678b572e185
c5ab958be436fd56531bbfeffd6c11007a40c6e7a2324964005d384c7308c837824c8bbf298d749e0b87291ea9f0a6b4c52395eb825b19d2eb6225c8
1a5d2353c65a04e0c38adb8be59502182abdcaf85cbedd74aeb92e080b1192be5eef834e7f70e2afb7353280b9bd99ebfc0278d37b92fe78f8284980
8fd20530fbb7bdeafe2e55894706c06db49899db2a0013a7642303581f55742cde6900905e45c7a8addee65b83777ed3db80e906127434f1c2814bbf
34600012abeac33775551f5c47d42a9962e25432c500167f959047fa5bd31b0103e0b6ea93e29d4a1e23a6689f6858ce57fae981fe18970d4df54f0c
c800d1028955c974a4f1365537e9fcc8f75443c86e3743a658c56516e9e382a129afbe3f705e959e65c0448b00206c963c706f9568df1fabf7215ed0
41cb2cd2d1412a55628013264add6e36b1bf31eca26137fa5834ec0ea58b86e5e0a78cf7fec09b55ae55e7d96853c67be795685331130358305d9d9e
3eac28457f2805befbc352fd4a407f5c909e24e4cb3fb9e9e05168533e7b9f26079200ef230b40eab796ea138fc3958dd5c71bd0678b2ac087bd099b
161fa50b48f4112d0e00b5e095b612a7fa94e9237f8e01eb53f1d6a289509512bafb8403a9f4a6ee2f3555cbdf0044712b4a030a2d44f5a89e3c2901
aa4f842294ef6400b2911a9c1ae2944e1b8f3b9f80e8c05f54fe769fd82aca99eafc26b6b5101ddd99131d7894caaaea13f65b095006ac00226c6345
d600fc13513a7e196e5202549ff0289559dd27f2d99500d5c76f583f01514ae85cb9d706200fa90e5e5936d5fb30804fb49926b2dd949ad47976d994
38dc2752cf95abd427df1952b613264e99489d1f939e94786400d3a00d394f4e4717803cb421670e6d4a0beefc76f4a434a03e1373561a509f1724a6
0d398f3bb0a6122106645a24012b2dd447f23e443ab934fa8db5ceb3cba6c461033a80d8e7524c3fa9d6e7914b632dd4e9b8036b2a11628073ab4fd8
73495b76e6ba4a95f5fb8ce150824e9f09ed2a6bb78f378f4f40941217514e6e9f395f29a7a7cf180e25e91ae07d6858d24595f5d36742bb4ad2ede3
11e4735aa2d31d409f10f548da5133a96b4d1b79de90a9f6cbccf94a99430678a7015c00229d475dca2dea3347b2a40d341fce4b002c5cedfd993088
728bfa7cb2a464f3f8cde64925ff0d60492dfae462efcb5b9939c529f3d70078b99df9ee4f1c958e6400c3ca902ec445949f6480537a13b6704da4ea
260640a97cb365723ab20094819cb565725e6e212f5cfc2861c900084b01b01cb40917f26094d2d4797bd9941bdcfdeda57e25a0f3f6b2a9cc88012c
7e39274bf23e3ee70ecc5a3b5f6263fc7c4f534a6f5fb8a56e4d02cff095c55776362470dfc3597c15f670161b54d4d38f0c747ed5b929e9b78fdf6c
7e0222ac7a1fa283475dfa190203fc13d1d19d524dbc6f486dea85b70ffa5d02039856ede185e4362562f58513a9d2820d183b543f32d0f901e6a6f2
297dd9586fdaa1fe74533f43d097dd3b151d9c2655ffc400d8d7fe5bd87fca11ea0bbe5ed286e4878f27e50819803cb421176a182925c88006203a2e
24a61dea8f2a55e1bf272ad9a9c27f4fbe2175c048be9964f2139b49293c3dcdccbe0e188975afcafa06b0a474c0488b7fa2169cc0547bbff3ecb229
5fb9a7c53bbd45c8af184fcafa31c0498f167c227dc4cf1a4fcafae98998a2b27e7af2c5dfa2c5490bb14fba9752787aa29ca47269ba3f71542e8d01
0c9be213b6698b4f1845fe73aa287da98ecce58092a07b76aba8bd9fdd2a6aabf38b9f932ada1b80f1d156cf6c4225f918e0ec77014e5800107687ff
7a76ab286590b9f0545e50cfabb7501fc478943ddc336ea592850d6039485de48d4527edc04f804eaa57dff9c5cfa6cc5f03605f5b3d7302532ab001
6c42ed6c7ee0735215780310903672e6624dd9b29d5ffc9c94a0d333c5035405de00d687f66d99e8e38e291a85b07f87107ba1828eeac41b00e95217
8540a5d2800c38699105c09cb658e17ca5f4d9ceef683665cb767e47b3298fb5177694d2563bef839a324c7be1be5789429d1fc59cfa67fd9c4a2f44
205516de0018d5762bc4265416bef383964d499dbd7046539e91010b2dc4288736251ef5c2914c894706f828d1294b544e7969de873aed4ebaa48735
529df85eb0355976b3b8add1ee2a44ec5516be17220f2ae3d20b4533ba0e3ac5b78a3642f1ada2534bd9d808b29b65639e65370b67346533f5c2f94a
19849d17494d197306b0116448f999c8e7ab47017c12f21831c5591951bd10d3579659e7f1505352591f4f839e9eff2c0011ead056c7a5d8acf42603
0a2d9280ff9bb17349d61ee491f4965e6383cda4f7e26bcf6a50fb1fb448d94f9ef83b2aea9b5960632e42082152590fe4d1fa4e37348d0ce0386e4e
7e0952fe0a50ea91d032817aa4f5a2d2fcb564e398b26b1eace1661509ea20dcac2261cb4fa869fa05353a68d52ddc7129f14b58de32f84b4e481cb1
22e1ad29ad4d0512bfab48e8f906cdd7225870f7eaaba25c6f7866f58cf95808edd675116a24d03841db6d385f45c29909fee4d227980ed6dc09e25a
d5f3665401b0bdeb66d448a01e2d7b0c3d624dcb65f3b8b4ec310fc39a43891e9177a7b6e65e5fb32de8116baeaccd5d98a6cce61e5bb3c7d034324c
e4d6dc85db5b0f7e9bcb64738ff56c0b624b5121e30d846d5e952a38a3f5bc2a5570358b841c5bc4f1ba673dd86faefb5b53ea914b2dde583d2f5315
9cd1fa2a734c21a45a24643dd056d63c876f1ecaf3fd2d6f5c3994e8116bfab0340fe5955c881eb1e642da3cb6cffb09653c3950d5096f3d28e39530
d50959310f946e55945f73428e0b2ae1968714381b45428efefc4f0b98c244c6db9877b629070d5bde36bd55f83a2bef4e157cb722e1fda493702801
15624b5b297e46919085a2536c297e703cea79ffaae06615096b26cc246467559791cc83d0df861fda48a0eacb5b28554f3f345c9322e1ad3a6dc9fd
262e419190c3ca72bda51722783b5d17b2c61bd4347dc800e08984ac298bcff60a17386153d8bb0da7a148c84e6685df5a4e7b14c8bcb2150954ac25
afb013dcdef9e7b1dd53c8b17e6ffbfb097fc9e5ba79b08fec4216f4edc88ab1e66d4772356bde76646b59e2b623c785256e3bdf42f94b7a233716f4
ed7cffe284b7f9f4e999bdde9d9043c98a9657a5b666a693db4b21705bdfd299aba1732a80e378e3ab69cf437a407c7a7f271043997796367c6922a1
64198d84b70c27e4b8a07ae425a682935d24247fa07af4f2fe8537d27883b74defb9c2e36417096726cc24dc9940d5858637a07949e899c06f7302e1
0f1709c9a7dd095bbec16fd30a8b4f4f5798c8f106f578a71823d7738a4d08ec9e765a7c697a5e732a809cf7bce6548806d7f32acf86b74d24f44ca0
a6fd2d83428509b781f51309e2535cf9ba6eff8c04cac8350fcfbd48a859068d937f7fc173aff79c84f8f47485781c6f90706407b1d4668cc60d6f9b
4868f906ad4db3ec8a06d8f3f86ef5e82b0442010b3d12b27148fe8cd1b8e17ed315a371bc41a1d7fb17ca48efb4d5fc71e530b0186714c70d079dde
efe42056e77ebf7fe1b777f6c7f22f5e88f176560135a4df6f15a8535e0f58cdb3cffb47ea24e08d821b5e2464ad61e2fdf796319390a3088b2a08e4
286325e12df4abc73e25f320e3f75c6af198eb19f3b100721e09d9e12819bad534dea0626999c203a8eb02d278839ae6ca8a4b5024e4ec6215d8e7f7
b79584ec4284febe6419b0f92ef09c0d879f4848f64207d85330e0f0130939ac280519e2b180471e093994f07dc67c2c84768b84b7502a96826185ab
f79a6d595d460e256cbee7010ec8409190554729d873edc52fa8efef948567f777cab24eecef94c58cb01fef27147aa42845b1d87355c4a7aeefb9c4
8158def77786b2b4ec5772104bcb7ebd7fa1d0ebfd847adcef27bc71a7c4629dc808861bbe453d231816dcdf2221990e09ae088623819a0af46ac3d9
a8e71d9d82fb5b24e450b2e4678cc382b75bcf08860554ee908225132612de37be4f74e16624ac24bc9f6c24b44ce824ec59d342827a0c07b97ee456
192fa848783ff9da72cc290c382d385257051f3a12c41f803df723dd6f709cea190bb0e02017094726508f251997a97ee828a4e0fed63338e06687a5
a3be85f297543ced9f74a41609d87324bc7fa150d99a0ae8cf5d175346028dd3f17fc107aeeb96c92883dff6fc8465f2c8d34b7b3029b0df78838af5
b71efc36a7184e719190920e0973a4f28a975c24643d903047ce39bce4fa917b45bce42221fb03619041f936bb341d67d603619041f90a71c9222135
8dd56fe450c622f80f0bd8910b221e733de3f16d76913ad249c61e51195cafe053d7cf5f0e3cfbabf3f7d67a23e1cc844e420a5b04e5997aab9da832
96de6617a973ca8147529ce9466317a9b364df2007cef2bec16fe71c01e6ce9966a6153178e6f204ce7324e4c0a3729fb93cd9c9ee4cd735bb599da9
73ae88d273c959ce527bbe0b07b2f54c6b4e61329d2d5bdbfc46f63a53252fed1430952321071e363f5fd98ac03e53b61241ad67acb7cd9e59e7fd56
9d32d26a002c56cfb06c85a06b91909f20b0af77b0e1a0eb958b705046612bf631d47d92514621217b8cb1bdd2c86897c2ab64198cdc55de9af2dbdc
93acac02d79ccd675cae776c5916aed423c043ee571af7d6ee84645c768257aafea01df7eb1572eeb19672c01d947e520078f52b1d0601f0eabacb32
3ea1eaefd8baa66bfed615dbb2eaae58573decda78e97a70b1e3e295fb89991dc7250b7b24d04182f8dab63f6f9cf90615cb2dbb3dd52e419544026f
28ac44b137e4a503e048606c73436ee7c7eb7ccbe013a10b15d08e43f39f3381df5ed95a76930a9836caa083d286069671cfe867052ce3d82cbcc340
173ef91756c52bb504fb4b5e4f561d45fcfe654d5926efdffbc6f7973b99df0e94772a05c095f5f7620ae864fd4e0701c0c82221ffc2229881b936b0
c722e1ca04ea9147a2f6c5bb7365b513a622758d04ca4896b213a6426d8d846fe4ee9e1cc41277f7ecf5c9099252f6a8bc739b6bf7bdbc9951ec5179
e7623c7cf1fe6101bb5f9e6585bc730f6cbfbc7bcf5ab3c4dd79a263afbbfbc8616545bbf37695ddf0ee974559e2ee745ab01bde7de6b0b2e6dd674e
15d6bc3bdd1a360f5afac4033b1609c991a887776ad8e0904542ce61d4c3fbcaaaa31edee92b61bfbcfbce71ae4ec89ab2c4ddf7fb1712525d06aa37
12de9ad2da97ef596b9e5ffe85a5e549fdd9fe92cf2f070afde8c91becf6ed7b52a106ab3612b293618d677acb5848c889c04af24c39cbd1239e3455
d91df0295931140b5d52198a1cf598f32f2cf9ef9d147b103ea9038000db9fe56d0bbf4d575a3b0c3e356bba3921d91c8679520798372724c3c04119
c92dde70424e3774a227d79ab93b21850b3ad1d352fa7627e46a04d329d6db78c309f95b56d68cf5b6812cd69f3cc00148ac2b0adbf88484bcfabdc1
850acb36dea03fd2177d832d9ffe56cc6f24af63a97bf6ec310c737985a6d83bf4d96b26bcadddcf970b21e31f33f7cff773d84016ae39efa7c24cfe
21276557e8a2cf9d7f8ffc4af173e69b5e95dfa0878ca87c3e4e0c668e36f653579f5cda70429db993beeb0afad2febc3e86f61b835d17d2670e3982
1edd57a9bbae40b92adabd55ca9689f3b31eed8a173d731cb267b8e84f3eec8afcbc708371d70df399c392a0c7bfdc4d633d9b392909bae9737e3e56
b3998393a087d46b90c3e17be61825e83168183df7531bc095baf7ac0ca58bf356ea3ed69f857b80bb223fcf3f7f3ece11976142fcdf57a35d41a1e7
9f0b1fdbc605f360d0a35b37ca3e34a21bd987ba7963c8c661c682016e57bce899c39fa087e872bf0d67f1056b5cd06379ee26c58d1bfd34d6b005d3
5cd0a363ba4975c4c6280d8f20d4c9200f65d36fa7d88daa5fd91406e95269d4fc52af2e7e5d43bed1943b190e32b369cab0d2125123c8ac0b551f17
c308a7b1eb1efdb27a9eddeac6cee763bd5b564fb4a1f7cde688b1fa2dab27d6a341ee14ff88ff3cb3862fc7fc59a57785bae656ceae0dd4cc7154d0
a3a59fb612641d857d5bc5a0dbc89e21c5adccf96b082cf4c020d54fdf366157786ba253ecda56cd1c74edd7106f84a608728837f6e0410f8699f977
1103c06ed7880f81ba18a4987573691a14d84f71b35115776dbe66cec7821e555d68c9ac31ebfc7c2cb9332182f76b1103f9f3b10be7d24d909b5ea7
e5634fce159c5df1b7d108776df3e26daa3e6423ea6090abb2297cc84a74c1fd1a36dd854b2dbb027313e6611736c2b2991f86ec24e8f02ed803f4b7
5d5bbf05b0daa0b321ce1f0cb079cc865e4f4084fd1a5afdb279cc06f2d4cc0962d02a7ea669c36f18ad2dc847af933d44293adcae2de482ca12f4a1
d7c91fca38d10882ac9a86f4c4aeb6302faf7190b46c66e6431367823e551cfd7a6a18dccf124808ea6b18cf96edcfeb9211eef74bc384f8d31e1225
2fc845afd316092c73f3f0b898ff7c7c8db711ecd7d0b2d107831c856dff128e641740c23c59400ce9b474b3eead31b18418d6eda59b591f31af45c4
b8368006b86bcfba7477faa38954a8ea50e551077701292c7856ef8acd8dca15e4a9ec0a3dfa815978ffb2f0153a0a471ddbef49556780ef712865e5
ec1e86a299c8d0bbb6ca3347a4410f41cb54b825dc381fdd15137ce67834e8c15eddc515f10f02eb1ef26ce92e7ec8332ef0ecc276e02eceae48df33
c7a2bb701c40dcdf15f77b015630e8ac1c4d1d67d70b5ecd416765e8a945954124dd4bfe8edf4bd99b4c6ae6214d85f7b0e001bd2b8438376982d48a
e6da0d01071afe2e70880537e5a047cfc1228a36be0022b8df92686008063d3ef738344d3c64f1ddd435688bf7d871706765bfd7ac1b7f5b25b2dc13
9288b819072d0e450d16c4c43cb9e912711de5f3de34bf16bfafae4388c966314f6e7cd748a0d8084b62268ef57e8f5dc7e2df0d99b7b8f4433c8b78
97e5a0e22eb80b226271f650d1eacfe33a441ed74b82bc4776e167976608abc53d6418973e765914eacfd36fc8b0c51d7f69603c8ee3a8a0fe3c7043
c671b963975d809b1c41663ff0b3a183d59f796a28614ba36aa983f9e752c250e2ef945ae83932312c1ee447ddc8c64c10178bc7fcd118baaa8f6afe
55ed194a53059a2c682913dfdb3234704763971161e6007a7f4afefbab8b402bb87d1164d69cc2c79141b536a9d8f1f3e4ca8c4d5fb5baa8c8f13367
d5bbac0b3327d3bb8c0b752888ffb0783c63cbc87d8b5d6019d5fadfb3882150f89e712ecea5875dc819d51add9342892da302d4739d2148ad44eec7
9a2b11e460086b034fcd865199a6890529558595e5c969cc5ee8d92464284c9b3e105e768586e70ec4fe8cfbbad54240d60490ce77d912b8dcb0cb70
3073b4bd2b36fb3cb9a1875ea75b0eb5db0d3dd5cbd4fc54cd3dc0a7fa015de1193b25ee2bec8ac85efffc5c93963551c01833c7dd418f86223f148b
7de6f03be82ced238751bb16f7cbad6e33038c69062af62eb08b7932038c690624f6f11b46bc4a28e243d1d46710600e055307fd3ac8ac7a871e752b
7e7be80ad4ed505c7580b0839c953d418fc267bf7dabe60dfad1ebe5a38b4a9ba9ccd8cccc04c03e143d1d84ec43b1d367825d1f8a94cec589438815
dc923814d01c58eb43e0149573b443e1cd01b90ef250d954654c2310ae83cc7ef0d7a3650bedae1ac2959a8edd0711710fa15c540ed30e815c101ff7
5050f4cad1da21c88b191784a03526abdfbfc6e754b5aa9757d3eae589ba0f23655da87a53274fd47d6806e05507a99f4fd4554b3de1b18316ff743e
976108ec9fe3374404d0d541e6e7546e88885ae9a82dff46e58611b2ceeee79ea5533bed5e7093087a744de36fc3bbaeceaecc9e1b752a3b7c04665c
268edfa17d7ea13ac3b8533d4e9231c5736bf8e8807f7c28b67a65ab7e08df62c6dd22e847f9d4465263e3f3718e5fe77fbaf81a2f8f96752a7a6ba2
79d4c601015742829405a2f067e901c5b37e2cf45c1839a69f2612ec3bfdc422480185449f71e83826adbef87304adb9b451dea48ea063a6491df1ad
61c734e63517148e69563f22a214c61c17ff20c5cf74e334d4f2ca162468b11852641a0b28aefac794331b4120c48cca75fca0f3731a37262bb0a241
9e83a46baa04c1023d261778a1414a2e14d3aa3b936f5a35175db9810c0bba6890fa99dfd644775dc6edc5ba387fcc1e62d2062999e5960c133f96ef
20352acc3d854baf0b324e801a33c6e8a035f72adf0f25bb55bfae7ead0ccb988af8d61f534ebdcaa80cc3026ef341364948d362a94ad376fd8cbaee
62e04ad3c6c46daeaa8cb0386b04bd89a63243456f6ec9a5aff997ac0ad8ba83d6dbfcebd29832b91412bdf96d99117003097a0ce91f5253b1f1f5ad
a5810557b1d0391008520cd3a8eab01ce0d51ee4e000e290043d3860a5dd43a7aee82d410f0ef874c3a30caf1f202b0f05489ff146093afb61856e12
e5a6a3eae0481e0a965ead2b9461c8c4cf3d485515a15126f14bf3ebaaebece2465d3fb5f82829439a3f7ff43ac50fdda17d0adb515275a0274a1147
b8e9e358a7125de2501cf7d96baa0046f0c93f042f327b4d2d43b7c043ff5048f799f38a4311dd670e28821e2c53e13fc55fc77dff50f4f59988dd41
ab7493e201168a2219f38754c7fed37dd37859bdbe51b3a65ef72036b5a49b56cd3d8a29c058ee159f7d26c8f75136f148a7eed2f90b0b5591cecf35
c2a00793f8f571b083cb7d9043ede692dd21bc91198f99a38cc3c20ad078d0f3f89cd787cca95c960b3a1b47fe901ae0491e022f998beb36a408a74a
419e83e4df4716464f8e839dca85af4391daf1743fca293bbd9b36761cf8bd1f023dc1c3fc10c2c9cc51cc2180137cc5831c43ce9dab4311dd574f4c
6d28c0823e84755239123d14de7df54c1b12aa36cf85a188ac9e5943d598f1170a7ad5eba6b7f13addf464434d67e954eed189c48f7e1aee69f3ec41
93edd32a5f19320b07e5206f659b1eddcc2a2438158e81821cecc729d3a180f21c031df324fe41b40b2665e6d429e8312acde4a5ecaf1fe72173f0af
3d849832e3d074081f65c69f296871087abde2ce47fed7f259fb17c07d0f85a1c73937481dbec0320a4a1f3495d79e0430b943b826953b1f418fb623
cd67091d0eb582def53ac56957b1baeb9ac609356c1e8e0bb89406a9daa13acfc38d61755b6550c4c92ae8c1b16eaac490e7dadcb22dd06397810367
90ea59e6da3ca410c7568762de57cf8779cbaa9bcecad033436faae67821b110bd34c8ac0c3da34d09771982d638329fe6a13811b83448cd1f972e19
d7fdb63acea57595bef8f52c9dae189a10876a416a18d186e7713c8dc3e421ec961944bda035ca6846827299c799dd3f2c1eb36c2a7fe68344e0ecaa
9eaa1aff3ac541acc1f3d80fe13219a41a861c99871686036590ea36d4d5791c37579c9a835ec7ebfe5a7b31f3e3388dc6fd30480d397bec79484c3c
0b83d45c4248cde36c082fc263be553518e29674b6d019bbafcd336708c4cd13e71137b29ccf43c0e12a782c3a5bc6952be831feae9ae067f00a3c96
14518cc132a9b40aa94e45262d4344e13118a44414324540351578bb63196a0f7e7787506a6660f98e254510dae822e3238e59416b5e32e28b6c2e38
5d05adcaa3852db24672da782c55bfa7f814510cf9324414287987a06a663cc98e651ce2569c8d820e0ec2352f486db751f39771e4c1296c90e21024
d6322454dddc554344712a1ba4781f09b6e80c9893ce4380367573713ae4e530f258865d0470be20c552e8afcbd093f0000c523db1f975f12b0ae892
420491b58c030f8e8883d430233496e186852be0b10c3d8940a0416ad4d1f1965d75e990ea7654be65481c5c008f457bafd9ff1aa729f8ff053958a6
9bfd875e44b0ce20d50fc8af65ecd4f0c90b72548569ba4864b09b5e526bc28eb10cada9828f14b4440aeae322034c37875caa2a0dd5ac674bbadce9
fcc0cfc7216fedaefad8aa01b8772c430faadd551f7ad0e6793bccb49be7a91c4e6cf3582424cc7c3ae1e590f6a843686ccccb3a0c32b5ffa1c71081
7d18b4ec3bccdb2a332e61d78f2a19836a508bc60866ac459fc37db5e4e7ff72bc112f0fa9bfbaec47df52955986accdf4187056fa3ae7eb345cc61e
d060821eeaa0ad377548940ab0cb51c7f906b12d839cf53a9f4be0c0ab75984e1bb1a48edae4d08274ad9ae4a02c06ad8e4083ab9b8aa3b2631213ae
f250e87a9c020ec5a9ef1ea35db9fc4a06104e8b0f6148118332c8b16ffa79c477f513ca601da6ca46689ba38e69d65dd153fd80ae58c734ebfed9a9
7ef0a08cc595288741ca1307d55198503347d541ab32e882751c33361c6082167ba2bed561f320666290ea55d4b5fac89507b95f1ff9eea08f359d59
70781db4aac7b46ef249b0d9ac0dbb46c30d20e8d1788a6f53ba21cdd06a3c7fd30a0b70e2a150f68d00244147e9dd3f1b2b6ee3243de83ab22187ce
df5dd8e07e421f1e0a603f2f7fe86c1955957fa82d7cadaaa399b84d2b24788c418f8e4654b7b12212243148f52302ad0d95bebb61e350bff9b4a68d
13388b3f813dcd20201ec27ab2f86bb2f7d9acda86c16f061f31e875bc4e4bb555072d3168d980dd8d83df41583b8412d58a1b3a0cf7845d0c522d63
e96fc31e4810c64370503387ec416b8811e58a574f88c620c57f08e736243d011b83d4dbf483cee780350c5afffedabd8ef3b9e6edf2aaf339300e83
1e43d64caa5fd09804073573107e08eb6906abf05058f81964c2a0551cd9b3eccd8c8a309b660eca831eccccc2a010f233a08541efb276f3f7710e0e
f05b90325f332aeba26158ffe98443384edd151facde5d31a986201d1eab589965636daa28662d0129019076acab3addaf8f432daf41824c6af39fd7
c79cc55cb7ae9a55fe7aa872609a0529f6f0d763bbd8bcb4af728a272ce2b18e43a8e6256c15dce6ef0fad21f4ef15ac11acae43e1e2e37b064137c7
41d93a14e87d5e5c3f05870030eb10ba51f31984e2c04fc06505bd29df74573e4c70657d699feec4009575280efc8c8fc1b12aa0039113831e3ce8d9
26c8a2789ff6094b0140ab63fb894759d3b79fdadf9caff6b2a82bfe7b03793468491e54cc4430facda635fbd12237dd6b05b72a688d17c3bfe99222
61070f2111cdb6e82bee7bfb539eec36f83d04ad6319f863939b2c5090874088da9ff284a5f043b86d5a2488227f28467ce443cb5116d0c7a027e553
df7100d67c86b00d1d6922f4e02100a3e64304e117cd847e3fb696f559a137e59b3e44d3be61526e3e274894216e601c8a0bdf7c50b0adaa2fe2761b
b373068032689d24cdfe5ee3c931c6b6a9fdaeffb0fe349fc6678478ee641c9b6077ad3a6dda5be1be716cd2ccc0883c1214e967fecaf98b141402d2
0c84e49191e0b9d411b4fa93f9203ca44624dea0f37fb43fe7374b80b08f1a3884416bfc909c82429aed11b2e5fc77f9c2dbe672c5a128f3330897c7
96f39bc38d4dbb2822a8079deda1fdd2067d4cb409e3851b12418ff16fe65721bcfc3c9f6e1d71b139c978f4dc98085af5455a2b1afd5cff2968eab1
a5f041986e4f3686ca8f03b5d63cb80254e35a42d03a9ef3602a76049e63479735c7a758fda7d33f3abf4b78f9d84a7050cda7d30a7a3fe16916b498
03e6ee828d012bebe8e34cae113a326831cb1f3adf9fa1bbf2bfc14c1828ae32042d664521e825eb43fd7481c08e307d280c8deb50474fe18430eb3a
8cb76f4bc6ace7ca40d06330b913702884fd6c6796be8859d067ba402db81470f4146e9800ba841bd7000ee13c4d38cf1f0a5e3fdbbd45b1eb27bce5
0f05a66fcdfd2b4c341ce282d6f8bb3f85bf887ffcd187257a02222b6809bfea7cd587c5b96b0749acf7a3a7b04278f761ba6eb6ca7745cac0813e68
1de1faff5bfe8fff0f435103d6e9e85de38b70ef127693f933851dda6bef5a8c3cbec31addc0353afa38816bc01a1dc2b39a815e0d7a513ee5cbb604
12eb21a8aa096ff3a0f53dfa6e3fb27e8cafae4fd9c3a7a7706371e843b8356265053d200570180f7a553eedd30d83da9caf0374f3ab84e3e4f974ea
04ddfc398461d0d44fc2d0dbbd3eecce6df578ca3ba06289e9b7c6d7e325673f62dd1f02b79a26f7bff6c6e0d41efdd1f7ee0fc9271f1a09996a9a5c
de93fd477d1f8d27eddf257ff06c3d12a60acfd6639732847be9214caa288ff727f1038bc92e1f82fae77bf1038bc92e0410fc510f2158c5fb2e5f8b
89f3b5e3b0f57c97e72d91ee83d678b1f8edb21fd9852b81a8806a0a5af5f7fb029c9d5cff25fff74f87ebfb923fa370013b4e58fef7a6c177e1e348
add9a6bccb046d87b23d850fc27797f0b1d178970dbab2f2ee827ab56fe7beca03830dfebeaa7c56e27d9c93359b5315e3bed99e9a21eeed60b94bd8
d840bacb2a5d3137ec8a605010b6bb0eceac99ecba410cfcd2a1e0f6cd56ce5d475da0211ffb2e470733e7aec162b1dd257c882d12b4988dc57397f0
e17252d0725861f20885ab1124e4d8b593dacc7c3265db8d6e3ff4be994528047666142257e4f3bf713e36d99b713fd45e8fbfec0cf6bbdbcfac3fdf
0b44c3de8ebbae73dab9621f3bb3c9de8ffba5f163f1dac711d96c4d6b57c863bb37eebae2644d6b9785bb79bce5e0df3c9ec210b0ffe3aee8267670
1402d70c8cf271fcf27fa667e5afd0599ee9d13f368e1d632736d9af50705d8d4804414fca9fa0d51f284b87941d209983567d5dbe4c7900321f8794
a1e2f2a5ec3416d763dc2e8afc0a3df8c176a443587af64c3c86b1a5d97074c86e6e77956398535a67313c14f20170a9a0e51cd3fcfeaeeff99f7686
e0fb1f87dc8ec0820eba299ffa08e60890a7431862cde69d43a847f64e3c24fcc0fe3f043136db51f358d43e84ff21fc3d20a282d67822fc05403683
337d24fe5871ffe99226b0d387e0c8267b281e2ddb477d85ae600fc5631c00369b790ee122d889f068d9ffd06b96477db5b3b4f27f8c33bc15fcf6e3
d8b23ebc2ff967979f43f1fcec76780c652cbee77f291f3d9e290f63fcfe617139a499354f16c191dacff018677cabcd2e471733223c8f5d9d8db03c
a489354f2e6d63edfd27b8b4b97972ed5979fe7f647934eec8f2e8fcb18d5dc1ee0e5acc676619dbd815a0ee43586b933df68eb1ad5d01e10e5ac2c3
933785e36a5acce3c99bc27135adc1f2e4d565f7e6c92a7704efa40eb95cd98c7208d1db2e8082715b6d4639847e6a1fc0e3caff9956ffb1581fba7e
dad8691d299c599c8f14ce1606ba8c65a7ae43b8a584df0c5accba9a567b30df1f63e7bbda6c7008d5b478b2c82fcb5e60470a77b6d987cc70e06a1d
670a77949b534ee2760b3b1544d15e8be74fbe79fc4f301eb3dd918538b7fefe947f2bdfb4fecf622cb8b9d97e65672e062ca6c2fd98c1030f5afcc8
ceed2cfa9fcb93f0b673d759b2bf3bf4a57c7faffefef33ff5373bbd73567b59cc4f85acb3b7d73934cdd53bcf7308ebd90ed309416717a8539147ec
b424f08fd91ed4e738bb5cb9431cf4e82fbb1d099f6ef54eef94f0b4dfd199c2909ddf291f2befec4fed5401298fe995f5a53e43595cb9d77808d263
b2dfd2b9e5f7f4a7401f01a20a5afe922e3fefad234ccf0186b6729d30e84334f5976f68fb93aff1327f75f50ff2f2dcc5effe5ebea380da06adf1f2
f81f1a2fe489903aa6d9ed49f9847c1514c734bbfebaea6ecfeef3547d5076cf2beb43fb256f66bfafcbedc0951f42e398e63fefabbfffe44bfeb47f
dab99c124ea0041ca7b6a976241758c7ea9d40a2753484afd03a566bfe82eb986db649bc0dbb3e0a6f63b2678f2032566bcad7f0db9c7c4073c96fd3
9a702216fa84468085ab35e1eb97ff7779b7f25d9e262bc2f8d2b6d6ee3797b6b5f66dbf260d263b19c16aacd624afa2fe43d85d3a03b083f8b564f9
fc6f9126e7f71739f0c29c97cc62f6b1b9b4b36cfe3e8501c2ecaa1a1ff7a70e7ec1720f3acb6bd0ea1f764a02b898ecdb92001736835d4de3c5ce52
f887b3cd60d79adf53bf35bfa7bf568dafcb4be182f01444c65afe9427e6757d374d0ed76f5c235bed4d2de8c4c90e2fd796eda7bebaebd25c3f091b
9fba5e5d2ecf08e344c5008fe8b814abc48e1f97769a40b01f42cd98ec082290c5c8a77c4521b137c7358eb3d7f90ffde87dca3ff27fd4576708f66c
4f8846fb6f5c3a13b04746c270d8f7f73ab23e942774777b6c08686305082674932c8ffaebcaaabdd905a531f94c30c132ecce7e09b7d42e1c026a5c
41c50b7ad5fbd4e7f521a7bf05626a970f01664c76f948c08cd5edd7ced42e2097e48dfde92fc91bbb84dc3f8df76a7a56fe02bd28bf40ab3d2c6642
c198ec8871cbcc65b3e83da9bdc8935b975dd6e2ef35fe283bf7d8894e84d63c8483b1823417b4c60be5ea96fcb1bcb94bfe9ff28aea8fbcb8751fde
1ed1c2d558411839125703d8a9a0c52ff4f72d0c7820120e2167acc381ec1f1617e16accf69716aec60a0848d09a1c686ac2d1980058085a3700d836
de42ea231ae721a88bd5cc2fac8bd5cc7dcbe6ef1b0af7d826ce60c0073deb7d3a5fc2101884e31ede02eb1fe611ba0590f187903b83a6feab3ac7cc
345c3fd73fcca3c08504760c5a83c74ee04e61b69a567bd0646e39102c660eeddc163383cc5600d6072d901d760e095ae90376c14b4e3ea0bee5de0c
7a7dd0a3fd3e40bd75856d35b3ea40ce07d48289986d83bf35797de07d0f1bf4ea33372151cebee22120cad567688f6227f840fcd1813d5000b191d9
75a9638356f92e4f661edbe08527b9fa4ce6d199976df08f9ca47d4b44080c93db9f100b2b9aef237e2578e121e0c8d5177b1f1da8030f10b4eea830
391f0525f001f323df96b53a5fed637114cae46c9bff23b02adbfc1fddc9b24dff91eb3108ed87701b2700078e27172b34c74707c43eb07e7400ec03
e44707c0209c073dfa9ba827413f7a9ffaebba9117d34707ba7fc6f7967042d83e3243dad3ffd14e16d7fe53900533774b4ec1064c9ca99e091bc0e5
925340001367a8e7afe6ff67688ddf4cf9d9ffdffc3b75df7e0249e0cc0bf5008e9fba503f116d31e85db751285f0e10dc5e095ad74b0affd3192267
aea7aed4cf5c67397f395e8b69f1df46f90a40ca5dc6d8480ffe23d4f5a95bf01367b067de8207b93c688df727dc83cefa9abe456f1f3d948b7573ff
0fb3f6bab9bf658901703b68f5c74a79821de49e48d0eadf467997dedffe257ccba98bf0511895d3815975e5eefc199d2161555dd97180b6f61f9d31
3487a97af0e56ccaad95a08766523df8c36160c56f37e843ef33d843d84dd5832f61071cf739c906ce1949d0aaffb7733827691af5d31482d6603138
935676c0bb4fdda59fb9171374d77521fe37cc1e331763823e94efef6fd17c3f0b06edc7ffc795901517d55397f5a7e6f60c9b76e46fd0a7f2f9dfa2
fefa846fd0b7caa73c4d4e6cd8a7aee7cfdcbd39753d7fc5a61eb4c6af525fd990b98c73eafafe844d39688dcfc4ff35b9b1299f5353798df668f1c7
c61d7442cef17fed7c70e0085aff2bfc6fd3f7f0cbb455e5539e7622dde3299b70f378e8d6fde6fa2b2c1566cba0355eddef3fcaa7fcb17359098e1a
b4fa77a13e1216bd53ff3ddbe7ef755b8dc9ac7bfb1366c85317f767b0c04f5ddc5f71c00f5afdbbf07fed6c30fb05bdebd617dfebcc0cb3dfa9abfa
1366bea013d38fef65e6c5cc17b4c6d7fd7fe6ff698f949f66fe7b3102297f9ca16d781b06dd950f2d65a999ffa42c6d1ecf3bcba7bddae980181eb4
ea5ba9ff30bbc674fdea5b6456052f20688d078b5b91bc20025fd0ba54f787d6f87f66a15397fa37822f06adf1ff16fb5397faa7067feb52ff86f7da
a96bf953fb16e7332fd6736deacc8bf59c61079deda53e45e38b3c2d32b312202fe85357ebf89fccac586e82967c60f12d45ed7379735ecda37fe6ec
2ffa5366577004cebcc93fee3efdc3e25274df8d9b516759c41c4cb6224d90fb6d416b7037d3621e98bfd4ac0c954b61c5642829ac1006bae93f6126
0a5a9d6f66193b990d34cea03539373a47a1a231e304adce599caffab83de3c06b03ad3168753693bfe8d21a708d418b9998ecbafd3f83657eeaf6ff
3679f07400c6fdfea0b51856ea2fe14784bda037d1d45f387e5cc90a7ad7dd48feaf332f34cd5378011b3881415fca673cf62c9fef87996503f02ee8
7186b1ba7fe59d04be79d04db72b698fceb84014085a77379bbfefcaa73fe4cdb4fdf9dfa3f7f95ede4d9bcb970d79737997c6df9329f150fdfd1076
dbe4c994c2cec2e0d2ff1bedb9f47f940f01054c98594e2105443eefdf5a9c2d6cb433dc2c5c6e8dbff9f9cefad3de5bfcd6295fc21018b6a087e6ba
9adf741368b3701a1083db64fe56a89bd5c2f2d1ffcddf8ff885c550e0011396807396f065671fb42e9cc27fb3eed56ddfce2468f51f3b935966636b
c6c217d8308b072d7e5b4c6779fc5fc216efb3731e669a0d0793331105ac492782c0c6f8cea9ac211ce745ff4718cff2c6dc36d3ba6fcbfc9c15738f
9d70d042cc851f66795b6e8cffac33a88df19d6bbe4f7d525e218f12056063bc8502b071267d0a066022c859d06a1ffc304b9ead95ff0dd7f08d33e8
a0355fab698d9fc747de9838c89c020a98d839073deb7deaab332ca0ba4f0105ccdc173ce79467f0bfaef64f6327fd0f8bcb9c9a1dcc38770db61b3b
8455e4d318d9a0095f16b43ab79bd6cf991cf3105e1b401a416b7057ca3f547956f6bccdcf15c373d601d76a66d7f57d0e20cfbc423f9b79ae2c8fce
90b0e0802f6875362bfd3cce94366e07052d98e289fadcba70edc9a2036f6f7b67d980fb645a8365e67cb23ccad781b6b7b5cb3873dab82a1ff4aaf7
9d9fe56dd05df9a6557f9867f969f181d917eddc007a083aebebfc31793ac275910db76336d05dfd89a05c41abfe30ef226f226e659ecb9cffe3fb39
cbabd0599edfbf756f9bffcb55b2a3392f4b96477fc855b217d3ea1ff8332ff7738f32e85334edd5edfdc5fda79d98779a4bd53d72f78fe27479e7be
e80cca3b675dd08fef695f464161f15f869976e3f264d01a5f84fdb2ea2e39fcb96400a69ff36fbdefefc7e2888dfed40dfec93bd7bcc2ef9defb269
7cd9892d193f85f9b8c8159bfb954117dd84a73dc20de9fe9f848b77b68be40770d441abfdeca474c97fe682e6b9487ee03a7beadefe4488aaa0f37d
eab78b3f98ff4b46249d4c6bbc51c69623cba33ea7c6dbfcab9d5947782fa7c6dbfcac7b271de19db7f5c19c3e978cb584f2a4dbfa33de73416fa2f9
df5046b6eafed24e0c6fb853f7f943f7e4fb0c9cc74e7bc98849e6c727bfa7fe9237def9ea0aff86d93468c5edf9432b5ad0772c71d67106b5718f26
68854a62bed6b1d3dbb8471374b6f79f16979a51c5ff14aece65f1a819acd185eb80dbdbdc3ae5f77e5fdfb3b8d46163df6c53acb2b17716972adc11
db14abb68d9dc5a66a5bc83d8433610140fc3e6b061d4638d439bf37adef9bdf577d9af3d5d99839aa5c23b94e1ab4980bcdabcaccd459bcea302b05
4d7fc8e6cb05d3b3ea8c08fc86a0c51c9b693187ebb76ab09d3f3491cd66bd9ac2064dab4ad8d8cc5753d8b87f7566d4fdbdce8c36f7eff6c6358656
ffb093ab5ded75f943d86cb8169fc22a887cda9fa19dd08caa941570dc4e8119cc5c820d5afce3f6cab5bbb318d614462ce6823798c17538eb1bb690
f11caeda1baeb8414b98203ceaa1f162f1ab6327b6d9ac578ffc3fe50d61b4354f4699893a8b471dc228f2a1257c3ac2bbcab5da66332124443eed1f
cace86b7e129c883cd66b99a6021e64f9d9159b9a8a9dcb87fb533b2d9adeade5a67711446c264e5a26a6784f7df29cc8458ebbfffb5215c165c5b4f
61262c5c4a0e5afd8199a74dea7f84711bf33bde9fa1d5df68f24d9762bd78b56186def07e0a7ad7f7df78b459e82808d736ee95453ee50d33f366b3
551b66e6c966e0360bc104f9d686ebf464b3709bf37ffc5ff1e0b8a51fb4f056906f6dd6f830df9ace00bd38b561f989f2f89f94212f564d67d45e9c
daa2f2901fad6a3c991f4d961f2f4ead6a3ce0f7264b90e5771b9768371c5ccea67b65965f6d55d40e16eb26f96179d686b2b2adaeffa6fe9efe05d2
255e1ecc603346ebf9b1e9214c6c366832e35858b561a659b8611eb42a8f306a437359b8617e0a2b62f3b65e58119385491340d16a6695f0b0306943
d359b8a17e3679cf5818b4718fc3e1da4fe1412cb8529f4d2044de9637058afcc3fce392d9f2737b15ebf40f730bb5884b63416b70d10cda38602dc0
ce04adc141b312fe44c18ffc1400457c4ff9972076cc7c63e754fef4ef2d6660b1176045f9d3bf328bf840b58d9d53f9d31e8566b04dbc2986aaebbf
0a8d884b5d412b260ccac3aae8d2aeeffad3f863d611c645e457e8217c097a1cf4adf7f9dff0b609ba408b3fe0875551a47fd8a4d7a2c98a305e8bea
837221d40bc7993d857a51705d0f5a98443fd31a7f34fd75d6f8cffe5ee38fb05f254cac99af0a0a086240d07a1ffe5ac71959d0fc6f78073a10ecb9
0ad4c89aea9ac282c56155e4bf1fc267ad1a7ff87b55984a422606adfabb3e439971e8d4a077d1d44771abb9f11eb4dae7fe5058881f3b9355c26673
7fa4b06167b26ef97ffeb7893fdcfe2deb4ff9da2959b95bbbf801b3f6aaf080b892075df53eeded1925c8dfabbfcd3f7b96cfff77f10f66ea55f266
737d0ef5278bb1103b1cb033e8511f2e39077d2b9ff74ff5073ba355716727e6fb2a65c466d67558620a97928356ffb0380991a34ce6b7212f8a8f09
d62bdbcff797c697f9bf5eea7ff3cfb0ec6c3653ae8a583bb1735c6fb58fc566bdf37f8cff9de5fd4b34e078598d37b32baa0cf0104157e5539961f3
ddb6eef7355868deab80d6b6eef7d578760a820fd9acf9093ea41016ec147cc8660701c1872c3e50db64e3b5e6b74d597e831e9d6bb3d63665677c83
b9293e293794831633a3e96c12663e43d984a766b3cfa6d8b744993a053fb278726e43b32a84990a5acc86a6b3a5f042d3d986f0da6cc6115c4901df
ea141cc9c23d92537024851bcfa7e048160287065d944f7d17b56f35adf182f9b645fd8530dd16097f984ff0250b7015a7e04b369b59045fb2005771
0abea410fbe9147cc9e203c9ad6a31dd9cafc50e4d6d1bc271b399636baa2f3b13c19d6cd644b7a6f167f1125c49fc9ffc35bfa73d12a6dc9b087a68
caddfca9c8a9447c3ab74dedf5f88d9d6021a653d0c2a0f3782a94ea647e1d66a7cd9aa2e04eca647eedea1f76725b577f201c3785f09dccbf5dfce8
fee8e247f3af626d816811b4f8d1fc3994bb32b93dbbf8cfffdfd53f6ecfaefe65e7b7291eeb647e3c349ec883edd07c63fe6f679647fdcfcc379de5
51ffe110d0ad0c6d63e75726f3472a63ddef77e5539f148ee687b193eb561e8440b24c963f820fb3f2b0a5bc33bf0ce56c014cef14e248e11ec92944
9105c48ba007b09a174721882cdc3b0afa16eee00cadf1a3fffab01475e08082d6f8d19f421c89f25668f56f37dd95bf419fa2a9cfd80976cb9f5ed4
3e168f5e341ef46f1f66efc5eb4357a8ef11b1e81f16973e34b7c58b479fd51968c27dd160bb33253c7c00d8ab1a8ba6da1572990845671f07f2fd4f
670cd7cc52dcd98229fbd3190abb37a169f571c0558a3b47c283d83da7e0430ac17a4ec1872cc067043d06f32ffd289fff09aaec2f3da93cdab765f9
b46fcbefa98f844971ff0d61b2d821a07745ef767f0ecdac7bf111dcc8427cc7a0c7e07bf1e85da1cd8bcb3b950f3364fcf0e2ef6f9547fd77f55731
adfe6527d0778d378b6dd7ced08b6b1f66a4cea5b2a035de4cd62ee0402e91052de676fbcefc3fe58d9d5ee7d2d829b89152dcffd2dc08ea78760538
9dd054bb80372716ab2ecdcc8b71bfd47ef7df38c0ef44603b0537528acb1f6772ddc24b7023a5b87f152ff04f7fdfe22776e65dca15811d4fc18d94
62e1f1647b3efed8259cb8a11df4186fcf17c181146e4c9f820359ecd0213890c28de9a0477f9a5ff7492135d1c4f7a15c45becbd7f822fcf692ffe3
fba2ffa11cece3c0bd9bbf76ed1c090519b4b0408bbfef2a8fffa5704259d867b59fc57c5740522b037bcd7cda2be5c5cac09ef287c574af1affeaf7
c7f8fc694fcbfaf27e53ffc17fbb94133bb8085164b103cbde347eeeef944728674210e93e20df57cd4794b37d933c68a6557f16db7d537fbbbd8afb
6e6561efea7f1697bdab3d28937bcff6f87db5c7ed53244f2fee7bce77bf3fcec43b71c14f217e2c9e0f42fce8040c0b5af5ddfee586fe29788f05f4
d553f01e9d9008e77eaa33fdb35350b008ff5d6624a20a067d0b2a96c11dc2a27003fbdcc736af13dcfb14dcc7624d63bf3439d194f64b83ebef5338
6033dfc7817c9f3d99b46db366b1df591ef55338507bef081ea470033b68751e9adf2e1bb4bd750e99853cd882f72884673905efb15813395258a009
1ca979fcf93ecbfbea7b140d36671887263797a2821ec28f80f6e7a19d13c10d831ec27276f963e754b83418b4907e5d5f4d6ea21f067d0b6dd7ef3f
cafffa4f701d914ff963e754e63ff4aef7f97e98813a409fa7e0370aa15082cef2f95ec285e027a7e0373a9718832e7a9ffa8f03facebda9a00f7dcf
ff123db898be944f7b8672533cb90e293704490c7a134d7dc7017d5f58ec0eed8c8acbdbb2fe7c2fe162e5e45078512b23c7503e3a30be41cffadeb4
fa0be5e29099b9b83ddaa9006f13b4c60f6172ecea5f94a1e3d0f8215c8e43f5431912c24521c2ca29848b05b89aa04fd1f4b7e20a73a938688d87f9
4b3b15e0654e2158f4c5f3e1d47878fcb4332110de29448902a240d01a1f9483631c98f7eafe947260f974dc422e9e5c5e57be69f1abc753961b2b17
87e67f4179104244f7bd1a21442cc0cf9c4288e8be5723c487429c95a06f012dcfd08ff2296f5856bacf9885e850669427213a74b0e84e213a14d08c
4f213a2c85c5ffd4626e87a573d678b3d89fe38ca983cd760ae161b172740ecb47070b2d68f147fda7339773d1e0bb3139f9310b9c5583c7b6f3d464
069b2be8fcdeefdfa2e9dc2a406d1607c14514e28c9c828b5888df17b49809cde31c93bd73a92de8a67cfe3f34930e7657d06a3c9a91e0270aa14582
ceffc10cab98a59b16b330d9cf55ccd24d5795477b1472dc9ae6390ee03b5857416b32babddad958b33a537860b638bb98c3eddb557f0fae6cc6d6fc
ce7180dd7d807beeea7fb7f710b3b8be8790b73d595298206c4e9935ac399e87ea876626388ac59ae339948bde3cde3aa39acd2fa726a7db271b3211
4682567fb87d3a939acd2fb784179ada796b3163e7708e03f1defee4ab7e686e429028b3f943ca8535cf5367560425095ac205cdf31cf7acba5ddd4f
ed44aca95e6327d2edea7efd543fde1782442176c829848805389ef34ae18332708d9d47b76bf83569b184ffae4978e5ec54aee14053ec6d77e90c8a
4bd0416b3c510e852851ac3c5ca95c305e97cea0ac3c5cc38cdbb9b11db4f88ff97f0d4b47b72bf5350ec8e3fb6f7c845011f4069dffa37e35eb43f9
55e3c3f85e9217a09807adf145f912c24459dc5fe300bbdbfbf41a3b8fc8e77fabf80979720d7950b8047e0a31a258991162c442e0c2a0359fe1974b
67525686af2dbfa7fe5b7e4f7f6d1adf3fdf6b7c507eaf4de3fba73cf587f9473b15101a4e214a2c56762fc9132ead9fd73083769f115e437e1422c7
06bd29dfef6bfc58cc851851406438af5446fa3fdd73119cc462cdfa1a0752ddde5f9784c9ccb6fd9299037887a0abf2a9ac84c7626693b0e0067dd0
63f07d8026f88742848e53f00f8b35d74bc281901c413fcaa7bc27ffc7ffc78176f7bd864b07da7605bd86d9a2fb40edd281b65d416fed4cac99de12
0e0b9ac3ad9d885d416f992dc08e3a05ffd0ed277f6ba7624dfa564811fbcddf930613cd42f00d05b88553f00c8b356dc1332cd6b4efb133e93ec3ba
75804d34dda017e5f37d0a8feaf7d5beeafc4be553ff211c16b0ab825e44d35fe38ca6db75f9d64ec49aef3d7622dd6756b7ce70aca9de295c502eee
71e0dc095412f4239af2a42c00f91ff4a47cca1bcac2e29df7adf80ef646ba53786073bec70174b737d0bd69f2b1b8dc3253ccaeffa6f16267706faa
1fcac8ad3315c24f04adf163bedc291c10f6f7aef1737df6cce7fde1edd6edfd78e76447d809f161b1667c1f1a0f7f7f683c983fb7a201d9bbef3e25
5c117677ce6f84db2de5007898a0c57f68da77ce5f84dfad7b383f7b6cdcf285fdd965e3d62906610b833ef305aaa82959cdd2637d5f086478de1915
c24e1c8fce6d094b10b4fa9c39fd684e1396e07c2685d1b0d78160241662a1047de40b4e185c5a9975cfa45902970a57a278fff4e82497f088a77025
8af74fcfd86fc40fd0399f5955846d9f596210b67e66753b6cfce4b4446c3c4bf6327cf7d42c901ab51c1704fd33b4f262e884476eab3fbb323cc360
588c9df034751206d3a76958ea3f1ded3f19e9c1675d8f8e37bc03147245f18eef91050034fba02537906bcff68642f107b33ea07d728bfdf980e719
06c862ac8547071ed563a8651c20a2f3e9ea6224e3d335663e3178b40f0006ee7ce4d81a2f50259d77567381e6b6d11c1e9d678213770a8d63f1c6eb
d15c37bac37368907d20fc6827e09dd4233ffc1f98e191a036b1d57834bbabd926576f56cbe7cc1afafdac117d78898b00d98e044d35f6068f9c617f
a06c4782da887c7beeac01c3746701f4c99d35a0539f1c67b4afe7d1389b119e1c6724d0a35353db069e477cbb9ad6e4c6d817db0375f3d769416bf2
7e22f7faa578f996a8a0c538dffe346875f2d727b1bd10e3ac94a7635380f18356131bff9fb28b283f85cdc706d72f85cbb71f0d5a6c80f528122430
bf0de9f54b61d2a8c02c36d9787fce1ff0c345a35a2a3592571ae68aa0b77c812a2d920d2bb4ec8d60b55fbf5ce5376aa4c30cb0daaf5f4a277771cb
efe9c296df3b5f5c505c23ed31d8a306bde40bd448164836a9416b1ddb68f39a7f641033d40cbbc648287ac1b462abb02dbc7e29c1fed0355fa00ac3
c8b960840eface175c0709908d5fc853f757fc85ce68abbb71cb5fd22ddac954f7827632eca483d6f4edd428455a6798ba3809bb732488533a0566c0
2a4274478278bdf3418a34d778cf02785f2e1ad54d3cc46a58222f21c82cc00b06ad8502852636e76ab34b3c359dffe9d03f5e1e3dbc78aa5f254ba7
3ec3ff2d5ea0872e090716d6eba7931280c4839ef205ea2381069278d05525ba008d3aebc825d89985edfd95b033bfd9f261184b0b58d997706796c5
83249f5cf6efd734e4d7c2fe3de81c5566e324a75b36e041e7a8321da721c10a4829d7a44d0e572882de5400054e8a03e6f93d4981e27ce212744c01
4efb1234ccc2163f6835b15023a93b6cf1af49b1187e7f0a94800192fa1216ccb2b8c61230405007ad5e5ffe7cf0e805fed0d4696ee290380570954b
6030054ce8a0d72cd02fa80933bddeb209a64fe57768b1e2042d01c43590a0356a60e145c2986a9cc95c93263f28cd97e06416ce64825685e0dc4993
1f33c235c90103b341d01a934283e4aaff235a5a24a845852ed8b302d0198d8ebd4a248ca5195ce2a0977c81268d33d502824ad02d5fe09743c32940
a804ade9c8762712d4ab954648c1f933cc3a68c5d67909436659cc17a7f882cd45246858cc1719f20a88b94898f40225caa31630e46bd2d12760c841
6b583cee399babe9619000dc38680d137c507eea13eecf45c2aa0f26684d46f8a08cfb3b0534e34bb02f0518994bb02f0b1686a0d5259f8e177496f7
35b0140dabd587a2cdccf2a96457c9c050d61f4ad1b036fe30670dc89f5500ea4549e9f0ede12f01b38c30724ed0e48313cb9ca3b6f90f9acd48b8f2
06c663252c3a50c5e67c099ea5804a7c099e65016832688d02ac2bb896851bb9416b760eb0ab7f58768a4e5c083a1ab4b8767569e25a78a2c842dad0
1805e6b2101731680d915960158f58be96553c820a595256a09b088d6559dce3292b50554ad7985b9a15f9d55b16943732deec048db9474446cde601
90a240ecd3abe89004fc9ba0b386d478cfefa9c09edf53c35d2ce079567424bb980532f69e279a105d0a883841e7109aafb57b5acc23295bd08ecaa9
89639e19a6d1027271d07316c81f52d87898cffca3ff706aeea3ec948cbff7872d758e0b58f15586f029a0e65c427529a0e45c42755916338e8413a8
39419fa2a9808e6a16f3c99d8c848628d89665f14c1466d5ef4fa7c83e0b42e9255c9602dcf025dc956531e73d59a3effd59b1017e842d8b84b16870
5a12f4922f4c2454bd30436b326cceeff9c142829491cd251ef94225e1c984afdbe6e9add44a42064a64359f8759b7802a1cb4d891e866d79c52139c
df48d00c424512a04bd0fe60cd0fa8848e7db8ea76cdb3b80770d96b967bfdc2149b97ec080a4819c6949aab06174c9548d0d8b098ceba79f8035425
1234b870c32c370fe063af3995269861969106b8d74b202a0bf157831673b0d4cce32af242fcd54b38280bc6c34b382865452acf5d7d04a46124a88f
aa690901b623024a897c0adcd5879b477aec4f0a303141abcfd85dccbb5a8c101192ca82a345d09af39b194187b320b2069d5de802b2066614491d20
712f61b1148068ae5961eb7ec0ac45c2aa0ffec5ce76cd3a7e01d035e8491f53580a1044d67c65e1fc3d0508627b96c0b0362464970292cc95c82e3f
70bf2241d319b13c0b14efb7794cb53f22266dd0b76846e8ce98a01e229df0704531e8591f306429819081b360377f9bfb60d88b0ba0aed722a8a71f
585491a04621b316dd90266c6dd09240481cc1c72cc04b5c828f890269f43236580bf81297f06016e2ec069d4cc1545e7433a822c2166130fc38468a
04f125d24308310b06e94b882d657581921518a4835627b93cc90e0cd2d752358edcfa8e04f5321ac622fcba1f68a191a071642208c3a580b17309c3
6521b6edb5b4ac219ddaf20794d7b28674aafc53811e0e5a3d80f05a9a869948ef91a06146782d428cfa717d2712d42748e8451ef5a0e25c4271890f
988acbb03117607082def305ea384e860b08b1416bd8b8a11309975ea04e3a1d02c8e61290cb82953e680d0b5bae659730e8ee359dfd8274732d3afe
c16c7e09a965c16c7e2da7821a72c13812d4ed6c3716816c4e3f33bb4cc218ad2f61b5148b6061b52c18b1af45120754d94b582d851bb541e7f754e0
caef69c138101e615bfdc2a30fa89090e81c053c12348eac3a4273299ba7a354148cd841ab069e8d3a4206c0e45a246036cf4ea92ca0e35c427759bc
214b7497e9f7a700b1011acaa213ade9f7e70bb101d35bf82e855bbd97f05d168ce241670d1ab4c4033b3041bc44fe577e4df98210ae42f69cb8e918
09637f00604dd05bbe400d740ced654d202e6520d6fcc3a22384978548b6418b299978b58829d9f6d73999126956b541b405becec99488b3aa536b70
b52f61ba14ae295fc274596ca2af12775c5b0e5a4cc6f1d3556b06d3852dabc41760a397505f161be9abc417e0a241abcd6cc9aa2cd4133763234155
6aa65bbe4015e4b06fab7d6d7bbe40af34b1d5e25f48227a502511b7c57fd04aea31d599db3499cd647202b334e86c036d5adf3638417c081fd72ddb
c054ac5bd6b9c099291151c0aa24e2c435a148d0f46f2e324706b5b7f6ac14bf4891594d8b9990c175cf4a230eea80312e5cb10e7ac917a8d32e66f2
d0ca66edc38baaade8e6a1954d69f348a644743fcb84e4c38d9a12d1dd9a3a189bbc3a8cd06573176813e7c38f7a652f6f2e307bd9f3e5522fa385d5
4b9cb1fa8fe20cb76868690bd16783d6b8b2cb1344cd52ffd06a211a537db246a8c15547f2f5cf0b92d9ccd796028e65abe944de67252d051c8b7dd3
066cc2013c12540376064d07ee60a95f2de5138a7fd301fbc652dde426834f6cd0ea111ad07400ef80a09750622647e0bc0413b3e0157b0926a67496
f236678df8e39c252e7e416ce13e90cceaacfd2d5534f7813c6b70930dbaea7d6aa853ba09a7ea2b816888791bf4db043a6d380e17601d833ef30527
5c7a81368c63bb02d4d125689ad259199bec5a95fd5f93d0e482fb25a89a857015416793a871539326e74b91f628eb48adff53c8e54bb83593c32a46
c298f8a02a063dfede7ea6f577d6b8a61b8db8265dc2ae89f79dafdaa02f0aab66691e40dd48043531e8e40033a1ee43039b783539084cc55c280701
2edc5f42b329e0265e42b3599a594092a9234c9b6c6078325f4d0e031d59daa40d82c01f74573e2dd0e674c2dbeb121c4eb1922f389cc9a10b23416d
9ef9a31c06404a0cfad01f2970d8db97660e3bb526cd6eb2ae3dfa7cada5f09bdd07ba74ddcdd4f230987c40d874ebba9ba97562d759b49ad4c56626
d6811d608741ab0928570991439882a0f37b3a4d1e09934f009b1c0ebc1111264e01802a68f115cbf02ae188cbd9258c9b2890056595c340471d5a25
0cf1310b5ac30ea3af1286204e059dc3ca02b2160d6b339dc3ca82b24a3c823c70ad3a9f03f030e8ae0f98d96b4a4356e9550a18a06941ab8dacd2eb
106691cf0f5298f964368170bc735ae57230f9647695cb018e72415f2a914ed309208e7241e71fe944d9b23ad262d509e1e443cd84ca21caeeb5a646
e733c85537ba01fa0b7ac917f8658a3777bbccf60d5e5fe551d5ddeb3a2204f92f683589e9bb4a5f033c2b687532d3774d71c912b4aed924ff500e06
4494b884ce333998da25789e029c56d0aa918779cb02a8718acc6e7a553e2d9043c1e4c3a45517ab7cacba2ac6c4ef1bf64710060379752541117a58
2322610c8391c79f9e6099dca48f84310e8d43c048c81074df0c8b84c16d0ba6fb47c80853e82bfeedf625fcef4b4fbcad187560424682003fe73f95
1c36e7057347249cfa64f51b0afdc3aee8111ac340ec2f24244479a792092b8c0de41120c3c045f61b09b4dcf9eda4cec21f3712d459b8c545820207
e0e11d090a0bc1d6e711ccc3d400597b7a62997328f008e821fef249a848507fac7f7eabfee0faee232c8818120ffca4e80fd39fdfaa3f08531d09ea
0f4c444f2f892439510fc5caab5cb28f84a2b6fcfc8660e5319046c2e88f15ace84850941dc4752408591e8b452408ea9f6d51248cfea85c2f8c0445
0a62217f8474119d5cfc17c5c2e0c4ee79b12e56f7a9a2612cf39f9a66ecbbe24f1439f04f4d859c5a57ff65ce883a9e08da79b7e68a8d9d77305df5
27ea8fe5cf1b891dbed17c85fd5909f214099a4c5c3d7f04ad1113d6b35ccbc7461cb248d873e4fc46866f30f32b78d00a58512408131acfff48b8c5
85e6a017f875a6a6cbcb1fd474a8dc216d7e7c223f930565201214306bf68c12fae35accfc0994bf58742c1946c55db8883f009d8b842d2596df507f
548b0ba9ee0b5a4e248cfea87fa49e74f73699c716cd97b9fa0dcd17ae2a4482e60b17879eaed0b1eb6c7650c4a5adbad76506b63a16099a2f44447c
048b125ce8c62984dd52ddeb3a765a278fad6c2d2b3ef98fa05306763e5d58b33fdceb3a6edf7e6e5c3d7256ba62e77fc83161866f7f38480bbcef2d
468282d301b1f1f48cdeb678022930765bcd1fd201dae6e637450b65457c04eb32e28ad0b896f1423d5f64f8a973f727ab2ab6d038b95eb7f2e713c9
8fd5d252b6a1f58ff86c92a7cd2b50cbf52578fd5f1630c59d6b206647424ea6ee2a8879ba1332a04cf13a218f498798880475d69f0e97cb6465f57f
8469137ff118ad296c1bd2469e0d6df32ab0aab3e61f3555942d1f5945424f06f41b12b6bf3f09122ec5dc24c8d4b5bac3d7649e9fdfb8734177e352
d87a457b4379fa2f3a3e58bac7591bd43a7b01dbd41fd8ca2361c9e589df2a44d8faf3d2228bdb562d4a5f74e7c57f49cd65a20bb7c44fb6049791ce
dbf248d064eaeed32d2793a5cda6fe28c5098a65c7a5ba47f040b1b0f82fc2b8afd53a40d762bc5a939393495b2c6cbb169f6a39202f93b65ae3e9d9
1f5ef27b867959e80f1d11af78f24482faa358847545def9b32af644675f9d7068e158fc174da66a91aee8414bf59aa7bdfeb2fe7943f192aa792c63
7660138b84e93f66d49efce1917ba3357a8993e9b236f76986609bacdfe980682d560af654d63cb61922f68f722288dc05ccce48d8ff432eeee28f32
fbb76756cc7fc9505d7faa7ee7c8f92f921f8ba7a9fc731ccb3612243f16d754fe845b758fe9b07d6b9e2f7228dc9a25e791c27675192dd5062aa6b8
4c1bdef98f709c06689813246c17b383ac22be401c0912b64b735bceec31d743cafcf4a70ccd973ffabffc9affae578ab1d29a95d733236a7935d2d9
ddba7a129ea9cc7b65d5e15db018bfcdf8ad9b978533e5c79f42254fab6794a2e80567fb8d2ef1699173a6f2faa7ea525e17cfec8cb4b7567f22fed8
ac69c8ef72fd59153b5339b1e497e3a570c6ff6501bba65c05a8933cbb6bf5085ceaac6a4991b18f1777e795c16ead975c6f80457f22e6299e90576a
fa56a92e314f35135fb9f8fcdcaee33f740a05cbd9feec27ae142ed69faf142e1eb40cab3b999b74265a376b611958b75b84c931a3fdac0dde12b67f
2478862b5c2d8eef37849ccb48616ba977e7cec7eb84dcc3d6cd322d2369cc66c05bc2f68f8cbf5373f9533131cfe26150b49fe58f70b97327687ebb
df4880bcf1e4ced853f649cdd6334356bb6df582ae0063dbe6055d17896ab7a4787267eca5e5797782f4d89341dfcce6198868fa5386169f6261abc3
e386176224883faa17749d1e3b2e6424e44ed0db872795350b6cdd88f449de23f0b5c927c691f0065ede48d07cb13eb3cbacb282691209ea0fe03f23
e1b5142c2448b3e5142612def9e284e40f3a68ffa5a65f5c86345b5b3d76594eeaec8492aa189b835dfbdecd9ac693a63cc2a83f7913afe017f63c62
fe8933bb4781a7a762e5f511af4fdfa9ddf4e856c544c4c0328c57ff47807ae54d98b4652fdf12577e3521fe163ee98981f6ddf518d0c63513da9b50
e42002184399f2b8133486816efafeb6bf094fcddfbeab403c1d89f4f74aa978bab3d0776919b85d4f26bc352d677b13de9a96fb450b7c454e997fcf
5bc65bd35901e40ab00903dfe5c884b7a6f32e437cf9ae3894a53c8298fc9010ca322786e3077d5096edc9dfbe835d16f1e94898bf84a964c25bd3fa
7bbbf035fc96d0afef4c685fc2f1beb17e09cffbc65bd32a20e491d049c8917b55f54848f4cdcfa638ee1f6d99f0d6b41e3dc7e5ddf796aa9bf14550
047f17b0b2feffeb570995e6fdfa6d45abfbfbf5db8a96c8dd20179475faca7f5bb1e6a16bf9ae1a0c27c46cf8bbe49575afd99bafa028ebf1cb86bf
c2b7ace79d65bc8b5159ef84f5fbae0b945577a147c25bd36d1e527024bc35ddd2c307cc8260e92d7bf3959391b0bff5786bda157a37125e852112ee
e4ae57d606c75e3966af381ae731c95dafbd7498d9b362af882fbb5cc647c25bd33d5d9322e1ade9aef3c802da40c990da23e1ade9b95e6f3dde9ade
b5e56f5f9d60feade54df89ffd31ff7bffafff7ba75cf9e9f2e6fba83de5973e94ffef71e02735329a339205367f74384f47389ce1ff7e877f74e45d
4672fcab23e5e077101f098bf3b22f366a72b82647de7e22c7f590a2eb703e3f5de07b1fafe494cedf064fbf8fc945b83cfe74ebed7b1453e2c11592
969a4c290e59d87fd3b0717e8f73e635f2a88b6e9415dfba8d84eebc23f3287398d2bec7accb6765fc292af9f798fffb74d89f2e8d7d8f59cf6f67f2
d37db0eff1cabcafcf8afba548199c708df8cd9df6cd398df0148984d979624bcee67ff3e1efce37ef2b53fea8ef63b68f73b449ebdefb28b5c2c845
b1067e6d1f214b06476ce474e7e419d09733f91b1d357cca41d13de8ef71a80585ff4ca7732e2dd45f0ed3291e67d58e9cea9cb19617ea36bb063277
cffc67586abf479d7076b7755dc85bdf3cfeb53ee46d99f7edc98a98e27bd401211e024511e8bfc73bf3be5aea42e2f798657e36e7a2bb82df63e62d
e475e7c9d2f1a99a03bbfacb5128f1c9418f8a2e957d8f5be6ad5fdee8f2ef316bf9ed7c8b627c7f8f67e6f1dd4c8fe90257e47dbbb148389d77651e
df357f27e3e9b78d0cb239470e7b1cb945c2eebc23f3a8e5e6966fd9f28d966f2e737bcbfc6a3217b878d689cdb7252b8b472783034e589c422521af
befdfced878a3c35dfc7256bf919b74a65f6968c7956085d11ea052da892d98593905291cb45b1ce465e21cfff934da2106ea1c88fed7b9c32af91e7
32cfaccbb7b244c24dde95df7dfbdfa1c87c794dbb01c75e8984db794fe67d6536f7676b59e667371d57179d57338f32dbeabc3df33a79a7f3d476fc
3dc7f5802f4f87e22185be2d7bb96738e99ef398e1cd79666af2e85cac7395aa3c9ecb4f9e45b46fb7559e9d5a0af363dab8b51309c80ee17bc496e3
332f44c2e6bc3c32431e3d87bf4b34e1f21d8614c1767c8faff577258fd9fc68f41c3d67fefdbe356296689f1c403b1236f274ccfccd852017e7a4c9
809ce69c33cb9bbfbc7293a70d5c21f874ec285d0f5d012aad53c77e394f3a21573de6dfeeef9e37efab8bf58279d2a1cd377f82a4fe93ccda8eb733
17e6f2fcca3e46672e9512cbcb439f149ecbe1bc23f3be157cd62da9ef71d1ff3ed9312bccf4fb28335b81fb22e1214fc6b182a96a5604e6ef3157c8
6f2599dbf971edac706531e29f66339f07bd794a7373f89ce5bcbeff2d82749cb6712e9a4a6eaab4ff9396bbdc745b3cca3287c5231256e7a517c067
b8586e58691170da640cd8e5463d58049236198f75b967ff4f67dc1b4b5b24f8bbf9fdae7d794b214f27bd86118d84cb79b2a700f1b9dcd565d62cf3
5bf622c1dfd5f73bca6c6e9f44d9c6915b24dcce7b328f3620aee2314f0b57e7edcebbf23bfa6c3bc8d3998e612597bbbbcf74126388c745a865df63
3acf6cb48f49b608ac6c32946224f8bb3dc7af53e6eebaec7914dba9e7319397367d1cb396fb743db54cd9f215096ebb8cd00b16ade5be5c1759658d
12b8dcb7ff77e791c1c4ff1ef7f593878d9f52b93ca8b5f198fffba6592430eecf94f5fc84e7f2a0eec4635aefe0f967e17fcf9267330bff330f3e35
cbfc8e022361765ef6d9b7f44582cbd4697b27be6724b80d5aa88c7115097ffef7e477e435c4c1a3b3dff88eb6af9bf37a7ee7bcc37997f23ee53812
6ee769ae0013bc08c0eb7b5c32af91b73b2fc761a5ccdd65ee5926bcf41c953c9d0c2d58a697e7441608166b32ded0a255f47bdc338f71383db667b6
cf3c71bacf24b23ba10e23c1edcba308807996e7727f5ed99f33fd62b1fcdcc9139d7eb9ddf63bdbfef144d5aafd3d6ade72b01809b3f3a4d8606eae
da8b7d8f7b7eb790773befc9bcf5cb2b2eb3bc472d3ff29af3b6cc2be4edcebb32af7e796cd06a6ed00cf5517fc8e478cc3eabb49dcd5b150ad36440
8efaebfeae67990b6de8ae8b0e853baa75b52252a5888c3cfa653fc9dbb30d0bff4395af697e31ec44ec0edcd7c967f815d5df55c9bbb20ddfda51bd
498f47f104480991509c37ab9e9fbcae93c75da6af91b792b73a6f8c51276c6115becff778661e6516fa7a92ef5c27c2549d588beb946179b9ff54a7
c56d58b20ddffc8b04d7f31df78d3297c3795a57b8705eb5e3fe1ed7fcdff6e535b7afa52bdd8f3e5be9ebe9f52f9968fbeefed4797c27a8509d0eb7
41a7d71df4bf3ab14d8bc73c742de49d6ec399a77f33fd79c14b531e04e26c55a7c7ff7bf20414be9e1ef7d91b127a719ec7e1496f904f75ad029cf9
1eb3ed9f0e568bc756202f932fe94582bf2bd9d79f512e12baf3f27f953251ccab8061c6779439bb4c6dc57c81ae96051e2c4bf6d9b706d452914b25
d731a2de45a7bb2e2debf2ad0f551680ef31dd883e393f7c5dc84b7d695cb5f9177538de77b1190099207591f090b7e7295da7dbb00854e1a3fcf138
89043763cfaee974a9c54fe2a4744e206bb118292946c02aabb63bc6a39acf6ea7ca10f93dbe8ea6d4f3860d8b9624c79d8a84e2bc25bfa34b1f0fe1
93c7c0df8e26123c84cfeb6bf5b561b6b89b53a411eaa60acce37d947ff482c770158cc7f7b866de370e737199721bb6977a9d67daaed3a5115d9dff
cdfe5f8a2d768175b6d89a976cfbc2775ecae6f4f604492be637ac36a77f25205a756efedf9afffb54a64828ce53bf10af2e1216e7d5fc8ef6a1bec5
e391df7d633b9b3fe7e44f708b22c1fd99ea3e3e9c75f6329720199d63e03a9ffedff93a2e52cf8b292f308a91f7f1b5d026bec76cc3a732454277de
9579fcef761b74ccbfe00f550517f13d4a6ce13c55971fe3270c88f19df336e7ed99d7c963fe2db91500cf2612a8cb52d26510b568f1f2b8e4561567
9f48389c7766ded72fcbeabc359d2516cadc9db7e77795bcc3797261ea44bda80bdbae78cc367c5beabaa02a57e1078cef16f29af3b23fe1b3c5e3be
9cd93e96011d527f8fe9ef025f572f4955e70c0b0efbb5ae7c57b585e8440a8835067ea95bd613d5a76e2e73cb3211f575ebcecbb175991d9ed0d9fc
2893efac4ad69edfc19fb59fcecb3142ced77e3b2fdb80da6eab70cd9bcb1ddfd75abd06d4776c5d97dbdfa5dc0542a1d6c77d26df9105cffbdaccbb
4df2b3e3e855db8ccc6aa9be1112a8366c76f128d587ed6f6d6c63e3f1c9bc8f971a26919ad6dd0e1ae7f00376deaebc85329beb29eb6e070dbbb6ee
ef7a7e872ad2ccd72d79976b2ab5993fdb99ed8307dbc55ad5e4c2b56ca87ded86979a5ca23a10c9b53dae4baa5a785a86be429fadbfec33b610ab65
cf9ab2073b6d2474e765fb90bb2be76bc3d536bffbfa7ab51a9677023bdbdfba7a8cd654a3b9635f1565fe7b942cc021bbae56a3759f6d7258b5baae
ce931add8192adabd5685d028b325957d6d3dfc91d71e15c3ba6bbfb4c3e7e1de4d34840b6aeb2582e1bebca6af9b24abe74aefad5d563b4be63842c
d83c0e8a073ebedbc8abced3fab7215f36af0f5bae0f1bf35d81badfc739bdc459a7374ecd863b5fe67dfdb259e5dd747ab470373b124ee7693e1074
a36e95fe548ceb712fe0e3ddadd19f5bcbdb2fccf70d4bf57021cd329de7ff6df9bfe0cf7f5287378b3b85888e5f7e6ee355319ebfc7bc558718d9bc
bbda8eac0e2ad376b86bd23db7236236abb55baab55cac890437e3ca66a06a6d97eb992a6ff7ff6e96ceedceab162cab9b596d7b598da57333ab6da9
f2122fbc76acdf352fdd45de465e775e5e0e62a9eede95e56db5beb04bea9ef279c72cbe6be45dcebb33ef1b876ef5346f272d3842d68e3b44cd1b43
91473dbde37e6f027141b6768e686bde2f5988ed5d7537e47b94b8e3e244ed1cdfd6bc211179fccf6cd85f36441476efd8f2ae4107a7b0eae2c0f738
4476c5d259bb97dcf4b8ef8bdb8005b1a66f790760afca65f97bd41119fecdb55f2ef34a474ac4889c86bf471d331363bc76f367fa05576e34d5eead
55faea3a4260ede6b37431ed40acd5ddcb47ba5b76b0cdea6e3e5344ddc8434c2aa4eef7288ff71f5ba4dd6aed2eb5b612d73c3418e7e90a5e94f98d
c36eebcdae2b6d9ddb6775f7b223cfb591f7f1c46ed5604fd580ab27a115c167bbac76d1f489bcdb795245f008afbb658802b68ebcaf3ff7135edae5
875f89835e776fa9157875f855d0d71edb5d6a43b7e563f7f8ed397ea0ffd4dd3264bfb32ea8bcbbb7cdfb9365624e387ef4e7f1cb3142355714d2ef
31cb64db7cb8af151c34bec39a72784e1f351d32fc3f2f2d8796966a2ba8a2847e8fc9bbcccd8343fdaa60a19187c940d142bf47cd31dc98eab1ba9e
6bd6132be16175ffd05dab6e73c961cbce21cb4efda19a1f9bfb6ccb3e43f61cdd75e96fde370e87559843dbdf6a4be771b87d47e6612e3938d6af47
5e36b155f2e058bf2a0868e4210b0e6fbb0e6dad2a8e50f5b89c97f205b7a648f0b8bf370766eae22df5a12b02d5164b4509fd1eb39ecce9c3ebdf71
bfb75f5ca6ff77bf772c29f3717f3ed92f58174fab53a7d4a90e504824accecbbbb0ccbf9393b778ccffa1d29f964b0a021a6562d23abddd3ee76c03
73ecf45c39971c87cf3d2f125ccf25dbf0b9204482eb2235bada14767aab73a66313e1d4ebc9696c3df3a2dc8415fbb499e594fb48e7c276241ccecb
36b0069c87fbecd0dcb439e8b44944f114238f2de0e5febc7e79cf0f95f0c2a5231ec5838448af97b780576e015b75dee1bc33bffbfaece224331e97
fcee934b97e7f4b5bd657e6374714a1d8f929f36855d383ec5a3640f504ef5b22953e1e7461efff37cb8723e14d680ebaececbfec4a2aeb874dfa3f4
90b6f67f5387afc7bfcc3b27c5cdb7a1fed2d5916e4bd9e55dfcf56433d895dd3ef4b96521adc42fadb797e33b599b7bc4e9b4fe3de67528d8f7f64e
e16e59268730b755bb5b378f4393fcbaedb6c85674b6e1354599b658de6bb61d95f0f6eef1d6a172b5f5e6b6c5eb5edfaba8953cb74f9772fb8a35f3
c69b3a1ec5be380cd4dbaadd9dd385307ef5b665403e07238fef6c19b8aff7b20aff33abdd62b5ce35a648703df3fe96ad29b75503f92a8c3cfe67b1
9cce0b7d6519b86ff79944765f5d97c76d7fb2ed58bf6fab148ac736f2beef1e8b5e454e9b1c3bb43e3e407c7480586da1797c80f84cd99f2c118f0f
8b9e92756119b0f3424de7856a0bcd6311faa4b5687599cddfb5fcae39af3befcabcafaf1ff3e7932a05f747eb635e52c4b191c777f86ac563f635a2
c20e0af54995c29696c7a2fee979e51715e6f149d1a3c3e88aa341d52da6ef31eb820af378dbfce4f55db099eae3d3a04787d1b193fbc6dd9e82353d
053be8dfd58e0d351d1b2ab777eb6375437e0cf11ddbd1c716fc745ea804b78984cb794f7e47dbadf2a6f3420777ba2a48d7f77866de5b66b3ff614b
ffc3cebdbf66cff1969ee3beb4dcec3b1e8f53e6f11d7ecd2d1d142a0e0acdde89f19837b4bf79db7e38f3b40c92d5b11cb75f7dc86b29973e35b329
a0d5f7a879440892a65055dfe39e7994d9dcbee46bf03e22c1ff5b13d962e17f38d73405911a75a14c78371eb5bd00a0b8fd36ff6f7bffb77d79dddf
e5b60b534a24b82e7bd6a55297dd75c90beedf0d9d4838dc2f47e67d6b5c24b82eb9c42f8d3ebb3c7ee94003d86d245ccebb338fba5cae675ea125a2
44fb3de697e7cde37f8fffa73b9f0e991b09dd79d92ff0e78495301e73ae7cb2a04da861f1f864ded72f76c088c72cf3f3906d5339c893034dc772dc
26d4daa6cb30e3bb6ffc264c3ef1289e07272912fcbf54dfc0806f53751bea7bfd99f6e1d7dd14516938de5317f3fc945bc0fa59259b9d339a022b8d
3cda8ea9a8c94f6394495d70948c47ad012092b769757fa6ce00da789b5033e3316f8e7fa7cdcd372ae271ca3cdad7dd06a157747062dbd4dd2f3a85
a83875b469f718a5da4ea4ca361dce3b72fcbed384369dee179d9c5670abdb74796c53b662516fd3e37e79b23f2b6d7fdc2f4fce874f1f6cbe17d2d2
19a472632a124ee7657f7eea772bdc288ac7eccfd6fe491d6ec5e2bca438e77a5a2bb38b9d73286862e15a4f7bfd4830e2b762b65724a0f1dd3784c5
6caf2840530507a6d9c53b1eb5fbc088df0a0eff4df17c461eff436d68654b1c944e3d395c8cc7640ba6a07d4c5afa985440b39a9d485a3a91548040
5bb1282c290adbc477a7fb53e80f1d48894870995afe2b97ea5bc1b7b6294ecdf88e7a9efedff9feaf91e7b6cbe7d1284d91e0314a2b05a895ada036
b4743ea938834482fb5a7009155cc6566ed725ad0dec8e5bc1da108fd97696713b98b474303130519bb902128f790584a5d3ce202d9d412af8236dc6
9fbca5c347e7d25624f83b590622cfdfd16773cd3e434cce1685738a4202a6b579753dd7ace7b73b6ebe4a108fd99f8dba6cb7f3242a408a68336a66
3c260f36e7b92ea96612cca8f97a429bdf7167dece97eb995ba4c61c9bbde42abac88062a10db7fbeccebe66099c2dd2d271a372c5a22d5829e231f3
98b70ba725f128f902ca6824ecce4b9ea77d4b399d973ccfbc5d38d06bcb9c6d402e2d38d7c4a3fa6cfdac846df17c5fb47c540221b565773d05f353
01008984cb79892cc31c5b0ec676492b36d8366db12c58121a86ed615b4e9779669985326fd733ad22ebcc775845e271cdbcaf7dd5fd59753db0aef0
59c5b72f1e13df0cbeae96d735d5141c455af53caa4be6c1d7154b753c8eebcbbf1f2a7dadfe5f6e2bd7463dadc2d4a1c28c9baddf325eada6d4347b
102ea755abdf35d56f22ddb4baba2e096be62d4bc5b4d184a93ff23e795637ff2f01c28844d3aa5591fac2696d94d90fe7655f331faa79a9bebcd4e9
6bab22e9445281728c04f8ba1e092609cf57ae3835dd4e1c7dc6775e8ff2da61f516a21e2e5317d77ef8cb4782dbae38af3ffce523c1f514be5025a8
48abe6c17a270809eb98c0edbfc79e79f499d78e7a673dd91ed6c7bcfb641e3cd130afc5e39cf5dcc86bce5bf3bb465e775e5e282dfe0e9e6fef05bb
99ff616689c78474627bd838956b89923fee7393e732cb0b11c4ff8acb2cd9d7ac71cddbdf96db5fc24a4402e3d75207c3c1a435af9b2dd74dabfb76
106a82b61f7994c9e9534bccf9d8e73bef729ee6bb556c5f1b8dc7e441b68e762c6a2df113b9f6d6ec3cd4e43c34beebe4b9cf5afe6fe57fde7ab434
576eac0fcd5b8f9673daea77dbdc9fb9160f9df69fd4e1b67978b71c5ec456b33868290e36768fadbb3aa92e02d3d49a77d52d77d5566b9ba7673b73
2856be3b5d661e40811918dde8aeb9929d36e7992d14aae2f7733d2f0f451e7013a0a0354fdd3670a3c677b0efed611268c98f6b0d4d90ecdf63a238
4dd4c53bf5f4c7aa60fd4682cb4c95b0b37cc809eb7bcca5853e5bbd8b5f7f2fd4efc716abb7336b4e5d020044c2e5bcfc1f537e2db4612d2962b0d0
ac584fe331e1da588e572fb9ab9c3a2a68fcc1b2f0d2ba889738b06c2b4e1d2d7dbc0c1ed6d6fa272febc9345b6d655ad37a0a307d5b577fb7e677f0
aea0c4dfc7848a04cb3d12dc9f5dcbf1e471c08f321e935f583a572f57ebf196c97787fb2cadfb38a6b4d5aaeb9adb12300022c1df5d59172c03ab77
dc723d1b79fcef7699692de2a67f24ccce13c6dc8f6d9efdcd9afccda24cc676c3b72f1ee7fcae91d79cb766de46dee5bc3bcb24af2096b744c7e67a
5edb66e70922e9072864246cce4b8440e6d1c675c778bc328f7a72cd271eb30da8ae9b97814d3c18eb2c6556f78b0e099bd58dad3b2f21437feeb3dd
6dd8b37d584f376f67e47736f0f1689f79299dcd9a97c78d93a278ccf1c30aba59c5dea462b71f4be066aba47cd246de4a9effa76dd030127f79b7bf
bbf33b545e3b94c563620d32c736ace6f1a8656ec242d36d5d7c91e671f868c2e7fe1e2577b93fd2bac7211dbc1ac810ad577f57b32eccb1eea53a41
931be1bc9ae087bf4741f9e19cd1ba55e544f68d3cbef3dad8736d9c5ca6d5e1846f6d969ffd705d52759d5ca6b74f3dd5d3c21ad7ad82be88962005
b47efef9eec9efbe71e8564f0599587e4048b6dd2a9a7ca806a6f73746bbe7d82e84f4068a4ddbc12b8a478d514155def1058dc72bf3be71d8c12b8a
478dc3842ab97b1bb4cb921b791f7feedeceecabd63f0ed4dbbe317ebb10141ad1b5da6ecbffbe677fb2aeecbbebb2675d9ce7adc07e661edbc3ddfa
443a5535ae8c4582db9e3299d3f476586d3f526d2f9c181c3e0d3a4ac2e43b0fbff778d41a5058ab0e9b83e45f15df318f0e9f061d02816fdcfb8a84
eebc1c3fd6b1c3f3e8a8d29738856f07a7f02d9da3a2cc8f270ecf95432aa8219cdbe1139f2361a6274e0c0e9b248f2df98cede1c175ea784cfe640b
789cf0f521d3e2b0177f7936f5a543d2300493e77e493958624bf64feab0fd8e5afa1dc5a71fcb9c1e26b9f6441eaad6e965e75c12979ce9727a4a9c
8a1a33d042c83b9c77661e657a6772b6444367593d7dd870eab0a199ed4f1f369c5ba2b07e7e3291509d976de070e3f461c3d9b3bb59224eae3cc4e3
91791ffb9e1677a782a00fc012f236e769ca9bb54f1f449c09575cd8ed9ca7db70667fc286a7d9e21c6c3160b6a8e7e97a268e308814edbc5ccf2beb
89d83a2f7f77ed9947fb3ce54f45bafb010eda4e5baece17f1962dc4e92d44fa4035d02ada851f653c269fc1f6173ed5f19858c8b0fde5c3b7ab24bf
b0fc5f33fd72cd092d3c396f735ecfbc42dee5bc3bf3beb65f1615577d7199a9a777c0974211455da867f377ed0d46f28ded653172e5928bf349bbbc
93bdb6cc9bf9ce87c3572e033396c0cbdbd14b48993fe25bc5ee10717eedd9671c78fd3fc6ce2451761507a25b4a7734cb3160ef7f092582e738b766
7f06a9343d424822341af509a9fb67e78cb8399aa50d5d47d3614dfc188ce78260f613a034ec5c13c9b53e2da68c87b6089918f8e734b83a8ef71fed
abefb1df742417cdacfeb10f627ad6d162f8f1f8e180b6d684f7d1c35a7af615ddc3ed7c10b19f7f6bc222d37352a6342dc9c126d283f8f62c0da901
d7e307ea5b105686fa8b1f1e68efa2b92d684c16724d3a2dfae0e015c963d1dc3fae728fae724088a707d1fc11ece5efb451f961bd0854667ee73211
bf9f257e1b3d223d886f4fff0732edef505f3ce35ffc28f70f2de12328dd1f8e220f2a83e75d7d37ef79fdbc2b922bd681af1e2f6a81e5389570ce78
594bef265ee7f03be9452df0ee6b3c4fd7875ae0ddd798b90f2f6be9dd57df7d1ebd5cf3de1510c88814e9b57f7724cba215d36e686b1ebc575efb7e
2781ca445be81f6be9fdb7967c9d79b90abc6905b0f11e7b3365ae33f5b4a8f516fa5ec45f703079b926bceb9a60548df881facabf325d9f7dbf2329
3ef1a77f38adbcf75a2f3ec740a0490b8126e1d4f1faf96124d7fc590c7b51afbd7df5c19606505fd2427d497eeb915eae17efe2677ffa80bcf42e79
09a78e1735c4fb9eebbb7ff5e59f7db123b902807dfb3603e199051c13df7dfdcb3f3ba6e4850893ecb89171aacacba92ad90123ff7cf58fe4b6686e
8be73d92e2138e0c94416fc9f23f9ac8e92ed3968dbc505892912cf2afd19625f7d82122ffcc0b22a971b1434b06b2362fc7a264dcf1bc79df66f9e7
cca069a6f9ad5524752db93e9e95819ecdf2b3592150fe8b389c419fcd0b7df6e72732195cbb2c779a28f6bb0de4cdc77824c52a1cb0297ea039eb36
60e785bcd9381cc96d7de732ed8318c9ba68ee7ea3ccb610ef7f2eb3f3dd8a3561e785bc0dfaa0f00cc9e1cdf2e6651fc9bc681ed287e1fe172de033
dee4cd5a91482ea4462fc3cdec3c2fb4db64d489bc5b248ca4589a5187f36ee37024b5d48c2c91778b7d79e1a0263b1acc4000d0d698259769634a5e
e027f15d316d405bfdfb6ee379f7ad339265d1befeed3efe23b996767299176d59b7ffe4edb2fbd619c91533cedb65f72bd1486aeba6e4b634ea139e
f4cf3198f3fe52dfbbeacb1eeb97bebfba01fb0950fcc058bf6bacbf9b733eec731cc9359e9f31337e68d0d6771fcbce07ace95847a7f1403328b091
5cf3f06999f261237624d71afcae17f9b0113b0b24644b46b1cc87fdec23b9d6b5fb7724daa988a03f0785c9387ce4e5f0918c409a8f425bcabfa83f
ee7b85266b50ca947953e6adb1765cd60c8a475e281ec4f8891f68a7c200ff1cda341f9d315bd7bc4c99761e8ae48a1bb4bb9d8379186b1e0e8fb5fd
3623b9c20b1d9e23a31d44322d9aeb7b68cbb3dae27d74bc94f9ae32bd574e8ec0f3b7c6f313b5f2c93a3bb7d54ebeb3262992da2b766cc8e74e994b
dccf9fe62ae37c92cffd5f009d6a9ad7d2723049767a881f3668fb6a4b31ed80b6eafbae5df1c36bdab902dd7d57abf881efd615227fcffa66c82668
1237fccc277e28d0eaa2b9efbeaa4672f5cfe2c679d1bfa54a7180c9196c10dab5689e87447deb1a6ba787f861407b565b4ccbcc51d6b99992fb6007
8c48ae355fddf7425bcaea7b725b2a7d58d1bf8a79c879b35e96a5c1ce0bf97ca86fa9288acfa3f385f6ae769af780251dc9d53ff39e0b31ec5ad751
a355e48b3578ad35e880b1f14383a639b2ef702c628fd9b5c284da29207ec8d056ffbeab78be4eda722efef269e2f3c579742dab4ef17ab92edaa2e7
a3417399893ea4ff0f11183f785d5f2b4861492e33f3dd175ad0e309ff5c8830a9649759e84359e399dd773bd34572cdbbf7ca65b55c1622cc84ed76
dfed409317a677b2a36bfc50a0d54573998d7917666fb2653f5fc84bd7f817bec9df21ba5e4b7475a49e0c5a4c165acc8410ffda92ec039ce5bf3269
df7a49566dcc288eb34c2352641c45b21c45f61f3c39c197d2b1eaf31a4cc82f69f190fc1f91253270e0912cebd36ada8026093c9b6d253f278ba486
b4d245c49b5456373e8342fc4053d792b1bf67c6012392bacd652fd1e4a71291ec8be6ef6cf8c80ba026556fc1c4d199bab63c2c1b078cfccf010396
9d06fd93ff6c329245fcf0407b17cd63c6b2482b3c58fdfc72324e0f79393d2487058846b97f59f1627e8e049833ec477e0c93e6ef602379b1112352
e4ccb258c1e17fb0d7eca73539a7dfa27d738413425e4e08c9410372f6ed3f921a4ffb8de5ec6753911cebbb6fcc32a24f6e6b3cabcbb4a63a92daf2
f6ff8a1ff8eedf3cf86a953906f23a06ec309001afc9f22bd8f28fbe232ae765e485d517c6baac28d5bf4f539d0becb52ccb86fdb872611f95b58f8a
458a82785af4d493287e19509848ae087f9fbf752e8c67b9573b7d1c83de12c955e66731c8a543931f3a919463faccee8a4208fd60e7856bc23fe3b7
fdb17235166e5688f449fbda5211c31484fb4ff8d55c6d45ca2b7674b69f5aae88f4758945b065d054f24253c9468fc818d4735d1ad9e2bd52edb39a
ff454dfe7ddab75c2fda79adb1367fa91c57b291ef3f0732c99535bf82b666a339e47a53dfbdeacbee0373a47897b34c8f59a3ccbec6c5e25be52a50
ffcd9fc5943a98078139651bfe33e82659b10aa33e5ffdeb433b570c42e3d6e6fad0ce67b5f3b3d8e5db1ad9ac807741f3fa04f9242fe4936ce37e06
dd242f7493bc7d06fc7c7305bc75050cda655a833616cd6d41fc5ea828d9480ff9b68f73249f45fbd6cbcd55fcd6553c682e33d387bcfae023f746ac
bdcb1a4f5f596e5b1d239916cd7da87c271ff56c27a0f881beaf33cea1d3f37dd3967bb5c522e16d0d6924df45f3770d5ad3396d87b260c9de63b7b4
fbd9a113e2871b5a5b34f77d30d6cf1a6bca7c69e7bbda6991bea116684b2d50bd1f1a2a9fb6afb9b51aa2d9d12e928b66b547f35b8fdcae357f16e9
413e89e41a4f68ecdbb6ce2ace9c662484dc5688e4cd2276b3c63992da9bfb0f5a82a6b56b237dfc70435bfbe8b380665035b25035f6ede735dfe19f
5dea92bc7bed62a1cfb2d0cfefb26903dabbbefbc6badba125f7359eb6de672cf47959e837ce9c5ea94f6a8f6ca795dc11bfbbc4efec08ecf103f549
b5b119e92863ddcecbbabdd9f73b63a5cecb4abd39e06ac64a9d97957ab34359fce035bf426d4c45dd477b69e7bc0dceeffe1bb244fcffe4d3d5546f
97617fd648aea149d06e686b0a3f234c1e683ec6b6681641079a8fa1db40d0fc1d37cbb18e5507548e1fdcfd71acee5b441b6837c6b1baef636ed84f
2d92f7facef5f9295624d3a27dd3342e4fe1b8d6b878cb0f96d3f8b79c7c0b1cb0deb158af5127f2c8d064e8ccc6e9cc831be25847ae1d064244a42d
f3c89dc167fc1d22d390089aed98129224f5096a3cdb29207e606e15113bdb69257e606e0594971d0a3c0f8ef1d1563bbd9506ec60f47fdf79acb996
8cbe96b6b53080ade405b6928d0b9ac7c37a91512bdb99200ffb7e47b22eda571f216422b9d88859d3e3271691d49a38bc051fbf4a8de4bcca6d9be7
e8615d2bd2cca41da60d686b5ccc2a1ed6eeb32f9a45c2c74f522379ac32b3699479ac71b1760314962c1496f8ce6cf9e11af4c8a72cdb41213f17df
5d6bde7d257b10251f051bdd1c792f3f68e69eeb5e348f678296d6bc7baf3c993ecc5b567c67cdd58385e9296b3cbd5e1efb6666f9004499d67cbc68
cddf790cc477be52bf6825df7fe362f1865029915c6db1f5e9655cde7fe3e2abdccbd5f14d6b4d982dbf46b589e4eabbd735c6e8fcfeebbb792bc6e8
bc8cd19b4342e71791e9ad6b5c2eb7050bda2bf0cb6c478a4c2cb0bc6281653b44e4976bd02bad4fb64344c6709c97e1383b0c477eb9debfd2fa6c06
c0ca2fd74a816f04ed5327949ff1d78b4286cd328b691734f15d87e8881f32b4d5f7ecef7c252bb22f07ed5b13f103df094926dbc9a280725116ca45
b6f342fcb0433b16ed308d76669d01dba70d2b3fafeba2d08ef33bd3ac018e645eb46a5a83a6757d268fd94dffe4879e6ddc8f1f2a34f12ca34e945f
e3bbc5e78d3a517e76808ae4b9682e73d03fc55dddec9b193fdcd0b4aecfe27179e8dfb3d6d2b757cac6dc6e4b66383fed62d9fcfea0287248d4f7f1
97025a45596815f9faaea365b3e13f925a4b0eb551b06e9765dddef6cf1a5b08ed51b6b5a70d5459b6443ba51dce8e2b5b889d19c97ff5b97f993ee4
d507afddcdcf782379afefaa695e839b9efb67835896add00785ff8e32bfb1deec0015c9b1befbf6c3d6a86feef7f8ee74993ea7cbd6577d87c7da22
6824eff59dfbe7770491d4fc5dd0ec0c5256b8907c791f6d2ff3278b79b6b344d97da52e8a2a1af5fda16568abbe4f7d51408f28b2a607ed933fcb6e
4b6d24577dde47bbfde523f92eda7f439628bb6f2665052bcdf6cf2818e923a96d6d4ccd4268d1a2d0a2d1c5e46e249a9356738abfcb0c4dde17cddd
f06d2e923afeaf4feb53761b0d22b9965af590c246141d24daf2dd3ae307fa70af655fa13115f2a7dbec521e3fd0bf7bf58f3edc4cd3baa91b91a2ec
8d32d79194bee32a7e600af502383bcc48d9077d585a1fa34e94dd4759d9d75166878ff881b11eab2dde82fb43df974628790bee2cedfd5d5b90f17c
19eb75cc59a42ffbcb1cc9381c657efd3b58f6c76fb5d35b1747832247837df355a01cf6f78ce4b568df9a382c2e46f25834976958f0229f83a8ef13
6fe287026dcd8359c561dfa2b2c28c64a35514c28c4472cdc3e9320bdf95f5dde57656da59573bcd420f5b3622d916cd65fa294811c844d03c470747
a09c10a23eb383c31aa172f47fdfb90f9deffa6a67725b06f53d12ed7cbd28840429c7bbfaee6395b01f6585fdc8065d8c1f12b4bcca2ca675686bbd
14976931bac8501ddf9dfece1af5488a2fd9405a30544772f5c16cf96c94d956999fb85f08ed5156688f9c37be73dfcf757c64efbfb3431b6baccdeb
2ebf428fa4c6c50811f1438626566f90c072595316c9b168df1c611c2ecb38bc1ddf15be5cbea61701344c9aebb3e13f929a775bfa0ae13b8aecb6fb
661fe70212421112c2a4b92d37652e31cc16bb021242594808d9e149ca65e48c48be8be6760efa3e56df7dae5c885ad712b56cb12bd7431f9ed596ec
71e138bee4879eed4851401f280b7d20db91a22444b4b4fda37d65263b3945728dd9e7305712a2565aa2962d76f14383b6d699f967b25347592ff7b3
c39394c49ad763fc59df3766c94e4e4586d97d86d2fc68f6bb8da4d66031ff4ccc51d23b97edfcb47d25596b57d2d2da9da7db6947b4a2681dfb66e0
ba92fd64ac282247d4675e47188e48ae76fa9aa077d95f7295e9f592e1e5f9586bf0b35ac50f37b455a6d752b6c5a0e4537bd3fecf2527ca4cab4cf3
b3dc29b3af322d6b64ae02324e4edad7ce625ff348aebe9b67116ea2ac7013b97c57dc5210dbf56a77d2be3123dc442417cde3526ca98da4d68b9117
4a297c2780b66ce485527ca58e645eb46f3f94ce777d7d67190ceb61294bd6306258212e44597121b2ad72a5204f94777de7355fed1b1d49f5cfa13d
e28702ad2edad7966a6789520fcdede5ab47b53a2192ea5ffdaef0f1036516adb3ebfc6f4fe94ab5723c92657dfa75bf721cd7c50aed10516aa3394d
4720b7813aa08d7f347fc790d6a50037965ca9c6568ce4b6685f99375bf05e5bb0fac8bdadd18be4bfefa09dd0b4251c20307e48d0745cd9e0556eb6
a0ec7741f3ade58615de8b153a0c47fc4099ebb832c85cb9137d58cbde4808f1438326566800baf86140934851e903a2c1bdb41bd547cb6d437cd1e3
dca059dcbf6fbe138e6cd0dc16d8ebbdae10d5472e86b9b2c223641b84ca3de8831c1ba682c734faf0aca5eded723f8c99c4f6a907328d79d053aca0
795c9e3f653e8be6325fc67a89fbf6e58d1fa84f3888c5e803a5a1d5d243e1a07ddaccd2582f6d5bedb478d36c388ee46ae7a7b12ccd568f227be1a4
b93e236e14d90483f6691e4bb3534051f4857d73d4c4f881ef2e6948eddb5e1ada30454a88322d2e36c4f626436e31e84de95c717b5a7d307bed362a
47f25eb46facbb911722b9dae93e7407c88de49a23afc1ce1aecf71a6b8bd89dabea82b42f460a881fdc3fbd6a0dda67042dbdd1961544fce7a3acc3
b316147e318a40e988d17d89d15c8378025b64089cdf15d3688bb46fc5d684f8813e288255b1e6bf743b3644727d674d59870ff6c50793f9677f698b
fcde8bb5ed056b5e24af454ba66568ab2d16b586a36596b1696f72ed1af09e21ffd9cd1123cb30105224571fbcae879fd9151986b6a9e3fb686825c7
3a1fecbb5f787a5904a11fb4cf12561e3b9b15197826ad98e63ec8c013f5b90f8f1d6f22792fda37b7cfc577697d67f1fb717892486a5d671fe38f51
9722b92d9acb643f3c6b3f70ede2d96224d7b878cd13c83e926b6ecd931f54148269dfa7f5fb1f0d6cf6f22e8dba7de9cb8b28b29e18163b05c40f0d
9a78cffe73997e46581636fb54de9956a1693c1d3622a422cfd12b3544d04ed31e68ab3ef3b3d7d6ae22abcea4b99db6ea145975826695014f13cbbb
ce5b030f9697f97bffcd9faf026fa5efb23e15c3049417fef24adb5ed0d6beecf777a921b255292f9a78058f9f348f19d73cbdd4dba7dad5b41b9af8
eefe39e5d49fcfa3488a5f1b26a06265a9cbca528c72113fbca60948ae1826a082955e17567ad05c9fcfb1ba02bd175bfdebcf16d0aab8ee93563e9a
2df4915c6396fddd09ed5cb46fcdc70f37b4d5f7e23e9cd4f76fde3fd1bcf254b0aea782c53123e28703daeadf7f0cd21cffef7cbaaaac6e4ea2cab4
aaacee7ea2a9d20097e3e72efa257d24cba2b91b99faf4aab1180da0fe325328b08e623480fa2b945956999bdb5228b388851a3b724676376d89fbd6
0cd49f8158aad0d8b7a99c348db60808a918cda1fe1a7d6fcf2ad3fdeb4c455fcb9e691ab4735d05ac51a8bf8765f1b445f3727a2973897686adaf18
a0ea3f0394fd83e352e6fe6d0253dbac35885b9ae776939bfae6a71995979975c5962f46739851ca4d5b06f5b2b93eb39fbaaddbb8fd8ae307ca94e6
2acafce66f63bd6cffd6cbe7175e810caf0b32bc1cd96db13f5d24d71accfecece2091bc16ed9bdbcd5a91484a2b62d8fa4a4cfaba8d35ef5e4bdba0
9d63b5d3f34ebcfa48ae75ed79df1edaf2acfabe5b6e0532bc2ec8f07278dec104affbbaca19c7b2eef629abfbf229b31f73fce0b5bbcbc7b2388445
dd6131c2f68eef3cb77ba23e1910cbe9b9dd99a33daffa2eb7d3969b486aed16cfdf6e11b4ca701265ee6ecbcb77eb88b776a36285a8b2424cdad7bf
c3c6b07ac8e1aad8301e3ffca1694d9cdf71550f58efb158afd100ea011f3cf4727f2b9ebf837139feadeb4ffcae3c5bacebd962d0be3ea0f9afc7bd
f698f7ed71539f9c9c8a8de6f5b0185d15333c04831f34fa20ffc4cdc0919520e2753d23dcecab1c3f50dfe23dd5bcf5b026309275d1be757672ac9e
4b54b6ef70fc70403b17ed6be7692bcb0c2daafe791f9d560b44527cc998e0f5f495ac9ecbea68b547c52a1049ad5dbf11a99731a5eb0a505d4ecfd1
c53c5ccb02532d521068ba2e8ce0f82e9956a1adb1fe543ef5f215a9ea65d2dc46bb6903dab3befbe6013cdf7a2da731bf1fa93c638a645a65ba2d0f
fd131675b1c34005b7b6a6a575357e7714eebea7c50bfc023f7e68d0b4066dc0af68b8ebd26207ed6b4b62fe04371b34f3b3640793baf0608b510b6a
2ad0caeadfe9faecbb5f85fd3a69a76903dab3686e8b7d8023792d9afb679484aad8d84133af4b95fe2d71f8badc969bf1bc571f2c66265fb7ab4064
f709ae6f1af52de705bf73a904e0ae02989decd363d6e983fc918bd580f103edecabef1641d3603cffad179f7fbc7daaebed5371cc889a06e339d6fa
345f4a0f73abf738e5ca9ebf87fec93a53aceaabe9619dbd6b9d59e44d563f55e1d04edad7160066eb02989dc0d8a62568ebbb4f1b5d798755659098
df9da67568efa2fd3767899a2f8a1506ddeea0b433d69369f2832d466ca8d9cfe522b9e93b6f895ce862595dfc6e573537be6bffbeaba6d196b6bae8
ed923b5d141b99a8291f8de91554ebbe1b8bb3e687fa9e559f973dcfadaa62854f9a87f4a5ef72c7de0d395d0b37b6b26e6c4681a8c40aaf2b567831
0a44fc30a0ad69f2962888450bf3b5a4135a865616ed5b4ec58e0633bcd12af35bbe60b7d685dd5aacf1aae5a4ccf9987bdf1db4b562f489a4b6a05f
77578c3e55469f7db7b6af168eab92d75817f73dd3cebcdaf969766a61eb96b5751d8aa2168e81b28e81e42d5fac55ae824edd43b6745bb85e2886f7
a4f11df3a0677651e637ef3c278be4eafbe7bb58ab0d8191143bb0c34025a8f78cbbb2eafbc6b35ad312c9d54eefa3cab5a4ea5ab2fb5951fcd0a18d
45fbc6a57294d57594258b611551a42e5124f988c71a54973568f7b3a25a11d1aac24dc484ba2d1c0375695dad0dabd5c82e55afc0f6dd5ac24ab0ec
ba9e7e153b21c40ff461cefb3eadc31fcdc6ef48aef9f39ec65214c935d65e9fb7e1f523a9b9cdbee2f284abae275cc5ce0bf54683719fdaef7e1e54
ef93324fed5be37bd6dbcff322d956995fdf095e5d57f0ea62d4897a5bcb14a3fe53999f16b4de7ee21bc935d6a7db82c8ab20d4f3bb6f6e79e254ef
7f63f619e26b832fb5c997f6dd4162e3871b5a5bb46f3f341b33ab0c20fb6e4d606d5cb79baedb73e24de3bbfddf7797690fb477d1dc4ee6a12d2da1
2315d6c6554e4695f8ce572bac1e55568f4972ff106f9a9ce282f6b5a51bb02992ab2d3e1fbadf9d44f25eb4af2d80894672d5675ede515fe8694ef4
c1bc6e70c44b4b1fdff97a3f18ebf16facad611b361c57bd9d099ad70b0179eb586b77ff8cdf95a0bb55417727edebc340dd3596bacb613fe207eacb
ab3e8b7dc38e37915ce3c2779ce1639de18745fad16967573b51858d873217bfb6b3591d2fed94b564f75b964ae4dc486a8f954f8b5d1f6bbf23d9d7
77a6d9f9a42ac86cd02cbf3c85efcaface67f8c33a7b9675cd8e22f5e1fa2423407ce7fdfea09e79967ac6e81ff5b16351249f45733beda8551f396a
eda8a61ef8e7b3ce4d3f09af8f414f23f9aeefdc4e87cbaa8a101b346b8e89101bc9b1685f995821ea8a105b50cfbc9c8def6ff5fd73eaa880125681
124e9abf4346913521683e535fd417ef525f145f9178eb51f5d6637ef7ede997abb122af06adfe3767891bf8f2bb4ec5edb6a74fec0b366d5affada3
da941d4a2c8ac316d79b60e7b7829dc7fd3f9b942169099ea60c28af3e72791b8d90fa738752a1cc99a322ab8f6ebde83c0d6274778b8f919cece10f
8586cff93bed501af90e69d6f449a3773797babba499d36d38a868fa459df6338d3c35cd133a1806a40269ae8e6feddfddde1b9154f32eaa62f4a63d
ea4cccc6c9449d9a8de4393c998da90e8e56149318bfc94e4ffb9e469eb64fedf0e9406991673e2eb5307b002f5a985460760b1ddd38929aabe2af32
532ff13a7930326d97ae32b911463c89a48aabee55a1383d064faea8d0729917e8536124e60bc7d321b7efee4d770bc0fa342a59e419a4a98508921b
51594ad38fc0deea9165294997f8b185bbdf4ce2f40d3cf3e69a6ed68b3870f1cabc19f229db9e99dd7b53d3bc9ddacc14596a9af2ef698b6ce4e9d3
d4f89e163323cf6ce808acaea9311b7a6f5c3d7a9d699f1a91d392e90d94f62d28ed2079243a9d1a6adfe102078d98aad1e3e7960f76ced01c9e2eef
6149cc7bd7f1739f1e46e2514da7a7f061241e8d049bf4a1118f1ac1478cf93cd26df78a2cc54d35cac1e4be347c8ab7872301459e65344f2d3ba347
9615fbaab7e6e7c3befd91d48afd0c3437be14b75e469f0e7b7d0feb5a2239ab32d7c6c9e21ed3b261eff5c81e5034bb6620c36fa66ebdb33eed371c
f901494b36bb2ad8f6d85560768130e73199b3f1d36f9e5fc7054373f81906237f42bae6472ece77a648aa26ef0e9e65df7a967d662ff4713014a7aa
f24a1f27554d01df81e423cb50cc6bd659bedbfc3d2c6ddf12684fdbee6e1e79df7ae47d5afebb014d8fa40adc5c20e7bc445f7be947960e4f7d7c7c
e40e2786765a83fd02f81e89a115d72ee6063c188fe42e92c736338bf349da71f1112d9f82ea59cc0e061c7d6435c2cd2bd434913f2cb84596319f0a
b928ced361c7d25b62bda1ceef51988ea28160511456e63c1182e446700c0800fe2ccc6fa5aaa99d3eac21893c233b8f019b3c23cbc8de9af9d355dd
ccd4adaa18bf9bf1bb357e960ec6cdf84d7dc7e137d7f7e08c1862f785b16d8ce0e4fcf195471076afcbcfe1d39237f8b7ded99f33c0f37f12434767
79ce4b934db9f7e8ec84ae36525d672774ed843f5fd1e9ae9664aff741554355b9cf83f11d5a00c57d1ecc8ace107b4ddfe36101e8a428e6d2839362
3c9ab0ea063e4cd8a3ba2ca78c87b53115777e38728f97b198f798b3fa90e35a18c9b9d68a8be31411baff6993e1fd20e03ff34038dcf2c74f852279
eab8ba4cba20cd51b799f106bfe09637dbe1ee3e1c08cf541c1a643fb2098afaf45d2f6f620fdcbad99e8e5a77835c700bb9e0b4cdf27e1cf8eb5610
8220b9150e911b492dea83af6e482ad00ce83918a529e3fbedfa0d0ec22d1c84d356cec8334a8746e9bb39469e519ae2fec97c20c83f871a615ef29c
34626a3f4e06fd646825e27ba33e566b4772722d86ef628ce649731a36ef7e2e5a2729be5aba792eca9b02fdc9c0dae5f07ee6e9729ae53f89219a92
ffb1d1250e9e2769e62fbe2a906211f8a97d6419a279069dd5978227d188797338cdf31f8e24c56d888f3c7a9925310d9b41e22b1a91d5084f2e4792
a0224ee6d64f3dee675e37a238930a2351b458b23bc571f5cc9bc9c918713379e6f1141fb97985d998c793e31044964654ad3d5fc49eca32af5a6166
2ecfcd20e9e0a970839bc53ccf85b3b2b11b933885fdcb7eee91a781d3487e5ae478e0e94fd7a2b060f1c0d315d6e2fab1683be5cd7b80310f6e7446
f73359fae973f181a53ff3827039266fe499def9b6fc64210dd6d8e4fbd78fe537a869de1d0e07e88a3ce3f7a8aac3ed7b9890a9dabb7e4c302cfd99
5ad4ebc734beb4fd55815648e03a7b4b7f75fd18db97c64ff9ffb269f07e61f7ef4f7579045f1b692329ce982065481aa76aca0da5abbc62d20349ad
f07de2352046249348aecafae0fb9dac3a48aecb26a55bdab5cb7ef5f7cb05e09d1780d35be4e502f0ee6a854fc517d6fd4a3de3fbc48b94ff1e1a5b
ef83f7a0a6c9aaedf072bf279d92fcef9bc67bd2a7a96631eac48db6ef96b6efb20bfe8d7bf02df7e0cb76befb8575cb51f8b299ef7e2faaba246f5a
54226cc9adb025769db9095a72cbb9f8b2a9ee7e138b228937ba3858f79bd4085f5adfc4f04d1bd065c89dfbb5275524258966bea2c359add8dd0a38
f49bb5342dcabd99666435c3e7ce0bf37ec5bceb7ff30f887f332b53817439f4e9fdc2c1dfa246faaaf9daf1e51648cee500839167408a0af4dde1ad
6cc8798db87e9e15fbdb4752f217cbbdd2e9a95cba369fdd6f6514abaa6283c3dddfa94eba605c847cb915f2e5306e5fe4e9d6adbad8e1372bea9606
82857db3a4a6cbc3e5888391a7aea619638737666c6a91ae1f1f31253a63367678a3c74d1b8525c521a30034d79f75d361695d55b9112898debe26eb
a3706d7887269f51e2907975c86c5619bc83c91fda0d6c3c4e19e1155d1bdbeb61c93f5af2d626bc0fa334af10066bb971b98fe46cface6a7a69fb54
3e5d3b140649c78fc17422cfdccf93e8da19258e9f57678cc37eb69fcf982608a5eb9311dbcf86c048367d544d7a20a93cbef269d1049f74f94d4393
a3ff975481bb0bdc3aa418667bafb59f4db84d617b2e87368c7c85a4f2bea338f203921a78ba15070d3c54e077de46be409afc78ffb95bd6e6475275
5d14485da7a6e472b7ac4a8ae435bb954c61704fb522417a4dba3482c9e5d956daf4aac0ce7aed9718269d0a8e821879863d695d1477d8f0ca919c9a
01a36e469ec1d5b160f576e499acac06168f7ba65b59c354fd55fef3d59c62863db39ac4c16dac6dbfc2644d667e1d3f7f55e8d694b42fbf7668bc3e
687a7de0f03891656cc5c02f8f7a650027038fe23cea954e4d8dd175304a95153325f58ba9afac8aa9218a8fdc884a23c4da3f792ab2f4e95e357995
ddd43475475782d2a0cce163b93496cbd409d9df30b274496cddf6eaf66b4c7cd3b8eeee6da3a67957b0af61e3fd45d3738bcb4ae7f6ebec817957b8
8ab77667f589ab178f4367b775b183c36d18f0ab79757028a9c8328362f8d6113730c89a30c882e4960f1a312f185781c240cc5bc4654570fb3d3462
de22ae0a85e226e7bf0e96f943a7a606e9b27636f20c9ff8b36344b6cd96db486aa632a402698edfe74315d906654e9437d466c36d24b52ccd0c365b
07da36b53fc6578aec0945c3675eb06db4616a7f1c4dab6d1b6d982c3d7d0755db8cce1ac9a9d0b3234ce37d4c2463ceecce19d90445e35028af42d2
8af51c6e3b8d98b70e633835e2a0b5edd06af11c6e07dd3dd488ffa6148d7f673e9c83e10373e3f8d8747c1c1552872473cde1093e19a8795f7178b0
c85e50e68c583f17791a31af32868a6a3c226a0aef161f51138d98c7cf659d590317af0917cff0520de4bb26e4bb7478b22e264b771ebf5a893c8d98
eaaac340c8917f20a9119bfb6b47df48ee227922fdc4a929d0dc811400fc5e249bbef29ae10cdbd23292b9c39935a84bcac9086656fbbca4d873b66d
9909ceab5b9e608e37e1f31d7e3dd9b6c2d8cee3cd5e1491a557458d383c168546ccab8a31b6da5619a5798625fac411b6e908b3c62af24c888eb0f3
744d9c61dbbc735c86aa893cfdd5a163e54edb1aad68faca87e2d698101d3b8eb7d908ccd7369d2086a2693c0e6b7a0b7639aa64e499c67950d81726
b28cba2e06bee1b76dd0c0a1c5545c1507c53654155c6650d5bc0938b65cdb1e16cc23a9acbabc87b99ad27f4a5e9b9c069b4e830b76cb69a09881d7
c5e67e69ba544c175bf8a5aa5755799fbe0c854e175f92da8ef42fd0c4205d269d90e6eefeccbe914d50d408f3b9dd4e5691943cf4dd5c1a510b9b70
160d7316d9078ada673eb7739bd05bbc8beb094ff19a9ee2d90bbaed1c22fbae4ef97cd9ed3314c924d26952862459980e73c0ecba4d20c7ef070378
e82cf3f1bc1f0c9378be9fcfb4fda0c7870ab494b09ff4f8548f2d25ec361c44529caef015fd926a0a917787b5eba5e18120bf73d3d82f35de82fc7e
3186e2e09777ea6e87e248aa2eafb4dd6e4391d4cacd6e211c7c9706ea62786d3c88e45cb93ebef7cce84acb74d1f6ccf44f2d53f2f1bd7307d113c9
0b1171cf4c64d6f22c6e7a6679ce9b8a9dd5234ba7a445f29397c8d388a24678751606a9e83ca81e5a6e27bbf44b976581bdd2dfc9cbed0b1559e663
aa9aaef473fb2a733fd9fc850cb657d6f4e4edf9e74182b5efd23ca59fabba69c45442658ae37a2218cffce71ba670dd4e60319c14c2f0340e4564d9
05ebe202f3e10cd99bae483eb977ce10617b5e48597b6790e6dd22d6acbfea3470de35f29f8f689f4e97e49376ef0cd23c4e2ec7808c3c5b67de48b2
2f49fb60974edff8837be9cee9b24bef6457cbc8d3be79efc8f0b94123a67163421dfe2769747f589cd3ed29c3051fb6c13c862ebfd6893cdb602aa5
329ceea55f53d3942d41ec2fab6c1aacb3f9dcc1f1229c52073a8bec0e45ebf93388b4c3f6ea486a3d9b391e1c2f874e8a64e6786c54b5a9aacb9403
ca1c076b6e08d21ac97959e34c3fecf5d484a21a246a7a20a9113ed40f9bb29bf0552f03d5b48393e7d0c9e31744edf04b84a6b8ae71b5f730d95412
49f94a798b00d2da14f1f532804d3b0e8649274fb2ec73a0ac3ae6c170d97b33f2f46bea992e23cd44fe843487901efb516ad37b6d034e46f64f7173
25f928381253255d152c8177dd4defbaed6b16598a9bd6e14c6f91d78fbc8a739732833e4f8520b9791c0587944e8e33d80ea4f263ea9f32a387547e
4c7e9f2d381e85a53485f2cb88a4ed402a1760ed95cd600e58f721b13c9bc11c88e5c2afbdfc6a27f22c0af9221d1408efd6fb763bbc459651926ac9
4e958db8bb4d90b757662fde2c17b1e8cc5e84451f92e51d5c36f22ce829d61f076d6f4ca3c4fcccbe4251744c89dff89d914d50f22c8fb677866932
f2ebcf02ec2ccd794df0d391767001387401c86cb8412326b72eec8141cba73ae83818252e008aff1be5b9e90f332c23f39f750b171608f065889476
bc4ca39c4f0f18276cf878e508c9b0bf0cd3ab79b4744378e148aa2e8b23a79d4c23a9c1f89e6435f0879bf0870fbfd068c4248ea4eab21003fa7024
977f27249f9a822e2856a49e08fa0a697c15ab8b4e58f129565cac493ded5514c947a46feb9fb0e253acb878eb13fb3892aacb979413567c4ea1df4f
6722dba08c4971a76cb46e8a727cd9b5b29d5c014ef168a38c44be42ba453a4ca2aaa91c3aecf218793a2c5b4331c338b1352830f261bce4c83382b2
4efb954a3bd1ee081fc26f7edac90de0d47160bfc6c83380f338b88a97e7696fa44896599e9b7eb12ca4dd7180dd7672209c498d704d89014c5211b3
963810cea4f27c289d99b99781a2308099259db5a47d6d3c392c4ed92e0a0388ede2944b2b5a5382344752536ce5c4c91de02c2ad0b797b3308f4533
e29bd78989e29cd781c3ee8491a75f3a2eca1f126ba66acdf8124538e8764a8b53d8fb37c3ab43c1d11923cffa9ce7c365f8d8c8d37829782616ca7f
1249cfc6ea980783e336b7b33156d313f5aab006a4fa5347466527a3193a25f01b8f36f2b45ffa9fcaca1ef45a4a1ec7ca8d3c133de56e23f1449651
9435c0fe81ed7c989679125cc64069e7c3729becffcf9a87fb9fd2ff54c6e2a1118f1ae19a5e8642ea1fbb01469e0114f3af5405f33fa72a28481fd3
b860fe97543976e98b7c81340ff1d36be342612328f6cb18b2ed422b734dad8cc3a0463641515596ed2efb8d36c50bbfec34d72eac08d7b411b3272f
78ff25066fa7b9c8d388c9eb1d3e3bb2194a9b14b70145ce35256bfb1f47f68232b99d5df01ad1c69ba28db3c12fd8fb35d9f98142fd42e17f1d9a0e
1fd3170aff6bea81e00a17ba9f6b727776fe85255918f697dd00db75327853f563fca4765dccbb6ccc46d06d80dd37053e4f3fe61d16ae40e83092cb
fea4ed1207b729eac230ad00e9519c6bc2fa7c25ad30eff9cb9843915423ac4fb812f33ef97e32e06ebbe0fb977438c6d48d3c4bb6c8b86563c58521
59e1d693432c3600fcdb55d7571e4144f76b1a8193ddf6da55697c550bad8cbb90cfaf299fdb1f3cb28cd3adaa7c17bd50bb5cb786d032f385e87e4d
d1bd5a6aba6ee66aea59e2230f53a3114d8d70a730185f53cd527d31bb30185f9355277bfa3570979a6096aac5b30b61ff6a1a08f67567aa267f4f3f
762f4c5dd04c41f22ca2ee175493fdcbdb853ee69ad27db548776116be86a697ad3318bda19ad83a685daea1e163ad63fcbd1e15c86247ddafb80971
4fe12bc6628af069b35aed7ae9f0e4ea6963d85f16e094db935f75b4846e254de13c6dee32b1172259444a26dd9054a065ad8406256d1a427f84e38e
4237a4ed805421ddb3c756a82758779ac27932e6464b5880d394d3edbb1f599a3e19747210bcc8774873f2a909093cedea94f762c2db271d1a766b8c
127c5d385cc9b1f122bf435287ed6d9130afa6695e450c4848d982f14ac6e068c9eea191d45078232474f069cae2874345449eb65f5a17de23c99ea3
91d442b3f490d0c1a7a41efb104948d329a940ab0712ee3e69f2de64e7b646848ca6081987e1fb224f5d5975f9ce9ed0cf0b80ecb03779e419c2acc6
335d9851d3d4ca24a301b7845626153d88bb20315d530e4ed3f3ed3f09a409554a9aaa1447a28e2c6b4a4cdc881c2dddcccbe4dac90fd95b420f9e26
6b4e58b7136e3a69f2e6ca78349a3fbdf5939fab479e199bb27390f88a196bea34a388374e9a2c38ed0c556714bb1ac8a2475f92bae6397975a0084f
53bd9df05603f12c926a61765d38d0a4a1ba58bf83bac6aacb8b14ce2bb8b384275b42a39de46679d28c87811253f6c3ea06465a24b5dc1205b2dc1e
4db2cdbd094b6b12bfded910f06be1a805c9cd805f27f16b5cd932fc3a4fa91b491bc0b526c035431336e0d69a02bb24439544deeb33cb5b07a7b40c
bbce9bbeb21894119af3e4c1c9f0ba91df216591dc0cb4228a21e3d73891bda1a8aa83f2fe54f588e40e1b84a1e52976578b2644a489e41cdac3fb27
e39c990f35c29d422992a740ed773a8d40352d9ff2aff0ceca08d4796a4e8ccf185906fdd44058f191f1a0c962f1e8e5322c3e5f9a0f0b7d19ed799e
c275b50a30e3272398bb7478cb65acac790ad7417279a84b048057ed869711b6b378bf9fa9b68c2f4c961c6e60dec8d32b49d4b898650cb0790ad7d5
aaf08c95354fa69d8e3fa40e6932556faa8c149ec5defdeab1653c3df33f5718371dadbb80fbea1f0a9d92e8ee079191a7534553e5a3296380cd530f
53ff7cc47a99aafa6aa12f57da50c57ae82ebe35792aedb94a652e02b9ae3678a6b0bfe679d22447068b3c8d98d78538bb5c15274f9efa9a74fe21b1
3d14b2f767f93273f26401dbfe7c4bc89860f3d4ef271cb57263d50a0fe80783e154ca3a95fc84b1654ea5ac7bc2698d6ce69e909b783eeb82032b4f
154f3ae158986773570b6dd3cda8f1b34e257ca432a7529e2a99e4b78091a75f53f192903e328a17212f6e469a6c19f13deba438ad94c92865b2c0b4
1cad25f234e3555decef97bade55d7d742d01b23b989544dca9034cb56281724fba2b3c231b91ab08e91d462f3de2fe8dd05e298fc18ab155c3bcbb6
ea720b11edcba6c65b0a2e58478b4e98d33a91824a5ea09087717d5b416353762d365b970b3782a273096fad825f4ed9b5d8bca20aeafaa278377ea6
17794643b785d36a91c26da1e8b6709a35144ea672ac16baf16881168aa51ff7459e49393429fff159532b5c41ca3caa12fe6105679fa2db09fe6180
663681661e971944e1ec2af3ce91701d2b1c43452a1f1cc40a2a9f7269a62d2f160cbc4527146e6004578be4dc7eb88115dc358b908afd0631f2f44b
d713fcc00a4754d1f5e462b7e0c959925a68c549c1322c74cf741d90e8f2bc8e1cc66e8e3ceb3e6b3a7df216ae27256ba0cc710a5e428a1917240f14
475bd12975b15bf0e52c02b7f833f285153c0fac03d7bc521879a9a52ed6226a2985a04bb88f152ccaa56a0c994aac07a5aebadc420eaa22e593e3a8
459e027578f026a170a5294d2d84ad70421429858c66dc0a971385cbdb1cfb29f2cc979442175c004fcfa213026ffcc2095186d6a185f8c2092174d7
e45860ad60ce156a6b4aec14ee12e5d1dab018009e6b139e6bc2771d38d7483e227952b86694798e04c975bd701ca985928fd282af677957333c8638
7b16dd401c7eb8556e13f5a702bd89008e6d028e4d787957fc36eb4f6bc36bbe72ae28c660c2031cb4d926b4d983ed50b1e7d64d2df476a8dc41eaae
02cdb52b465b41d4269c9b2bc780a21726830837c06b9bc06b4328df4c3a20a985befb57ccb6555cdbd06d0dc4db26c4db0de55fc5a9b31e6a86dff5
549c3aabee21c9379e0a3317626e32745bab5860abf43fb8cc56f43f75ea7fb6cd7cbe7271a862e60e5e1579e6ebd23af4eaad70ec2adeeb88c191a7
aeb4ea720bb1c15631d86481b9a2ffa953ffb3a1d4acf0de3a796fca3eda2a5e3955b70a7c906afe53d72b92eb82c15629f78dec16799a515633dc2f
6e085591a5fdf039f20cd4b4c16e7edd1c792645bc377b2f5778af408c83e416c27b6b95f3b31d0b2a26817a6b89b2d830cfd629c327bc0241428ee4
500b21315062cbd93262c567a74e0e9d7045aab85556a9937045aa8dbadaaacbfbcb20c1ad8a636fd485d9b64aa6c7e10838e62638e66da32e98f942
6346695ce1d80ae99932db1cefc93a54207c034d5355acf60dbe81ddb62aecf1e6db7cc53a5b1fad43dfe62b1e9275de17e22bcf1797842a9d91a1dc
22cf3a7c575d6e3cee930292de1c35aedddc046edd04d0430331dd148c3465b3941bdf9c5b7c3efff9aa42d2daf0258148a491d457f93f2a516f6c00
b7f44dd91ce746df2440eb207de378a3cfb925351bfc20f27fbe9a7c0a3fa11bb5cd2de50cce40f74981e72ab098d4204dfcdacdfe1b370e30f7e4b7
a9ec90a84b31bcd0a4136235926a8645d59b074e82de4eb803dd384bde8a51bd59fd71c39a6f09d306616b37ac59215b93a1d6227f42520b2ba40c49
a3e1abcc0dd7bea5efc1898850ae91d482f3f176234c2bca6b32da5ae4597093b727a3ad459e6628f88843ff459ed11043c71be446d77f4bd7cfa3d1
1b65d02d86ee57f391bf21cd7588f7c68dc47c17d565b1f8c6a9e6ae5a00deea374a9f5ba00e089d37bcfeaeab2e0f1436855bee999785b31b4baea2
da1e179382fee696fec60ffb23cf4029e0961ff6479e65232b6f4990cc9a6f4510e4cdff0dafbfa5bfc10de2c675f36e6a86cfcb1be9fc96c9161789
1be9fcee2a90f9c20fe796c1a158e6b83138dc3238f04cf5c6e020acf9f8cacdc043f39e27c2c13bd59b63e0d6316000e4c8b3368616806f0237c7c0
2d83436189e2bda9a8c00927a89b13e29ede9a41720b5108dd3a06aa2f75370a2101e00789af58a212dc8d90d61a5e3a0a089c1cd4a9819adf848c9f
b0da36fc30db14d46334bee16d8ec8d91445385573808674ae20c2c99066911f901e91be7e35543b4dd2b9a35837b0f45b934ea57a7f35742a6d8adc
1b86b4860f649b47c0b6d30c84e926cd88c335459e0285cd8f25ad61676d93e56f98cb1a72b6c21d270c080d679836597ec24cd0e0f38a7e1c24d785
8ea3892d63646b98609b1c5bd0a837d8b2a22707e95b870dc79626de5b7dc56df0de2695043aeb861ebec96bd1e19923cf6888c1f2b4b8614c6d458f
7cbce61b62719b5c34486e215cb4557de523bbc10f5b5dcdf03ac4c8daa6d34b46e1da907ddb7a6bc4c246efd06ebd6aa240f8616b2ad06765c3c3b0
3535de875483b33549b13b0b00679436995c46edd7d04cb7c9c9326abf06fb6a53a0cd380735f00bda5875796de097d82627cbf80d35d8571baacb42
67c331b10df5cb926583b3b547a361c9b2c1d9daa302ade46a7898b75723cf9a47efd0a477d859bdf81f363d02c26ba7e17fd85e8d86a52fc0e79bc0
e633fa948eff61ffadbaaa490d9238db7f8cad1ab3ebc5dd378d88cfe68ec6a22b8611565d80eb23a9054753d0840bb97e3b2c8e7478629f7a8dec08
e10d50fb2614fb0dbb6ec743b14fbdc6060e494799d115df16481110ea9b10eaa32ef70bedb4c0ea37acc1840f89a4968e4fbe8e27629ffc760320a4
2382773159004280a88fe45cc1a80a3ade317d4ae341a2ae0e69a8408f066f92fa64e0192d42c73b4698f741f2d2816b0bd83e1bed2cf2d475adbadc
0c8ca7c2b8cf5ca93bc274174e8ec34d459e314c6aa1394e876bf7ac027dbc7574cc3deb51a48fd28e9ea317f5cb6ca5a3cce8927d79f803227e24e7
12c599a9a348ee5391bc39564803123f92aacbcaf85ea9abaeba3c50bc2aed5391bc018c02267e13267e905c17b26fbf351abeb0f69b0215dd0fd094
0eaf170a7ee606dc7163ec8a070c9e4ac78f5130f81bc6f88eed5230f87933ffedc8be82c53f50e0750e0f41e4c75734831525ed088f643afe8f5d47
ce664b7dc7ffb14f613a3bb852e419a8ae16c21311a6bb8e1c87568a3ccd50e0765c093abe915d47ce41bf387284c79fb94082c21f49d5e5bb4ac745
4700fdd97067ad73e4085b3f6f302274e75d7e383c73ec284e149a28eff043142742dbdf7069e838db08793f835e25f8fd2f29b66cfbc340a7327eaa
6b837442d2b2f17c0dacabc2db3f1c2ba30dce14c1e86747868ffc052989e4ba787baaa84a076adac17133e699125fb92e1c2787a073d0e082b81f49
35de57a68109754cbb68066266600c5500a78cc3dac0183ae671931d7aa50d74e702e63f78453a388984b19f11c1890215c9ac37cefe0addcd90ee06
ef8f8163cd38f5fed992cae00818970ab43fd840412e90fd2890afbcd846d27cb13690ce4752819654067c5ea8fb1918858117a400f333be670383e1
c81a0d9a818e43b8f81bef2b066e2da3e8e5b6858ac13b53c1df6f78800cdc5a047f9f0f48e00a08fe3ebeca263195e2f346b78e3ca351851b4f0bd1
670f1d01b8ee8394df8494bfe11c02547e24f5b89c66e0d932a64f6546ec191c1c82c6cf87658081995178f8d96135da40c721fcfb7cec7cc5a48899
035636704419937967449181aa5be0f747b67d0fc8fb48aeba8a49acc3c9bc8f692ef84fa22a88f8911cfad2ad44493e86baedebfb403b3286a6d317
3bd0f223a956fad81e786a8ec9f6f3c15687d70b2d3fe34237b0788e8515e05316e0fb48ea2b1be5072a90f16a71db9b70c0d0c7bbc007be0241be8f
a456b0df6c3d98359f9fa6d3f7950715c8a38b026e400ffe93cf4f7599d73ff8c43c9bd6a259f3c325e1d934bc075f6548da2d1e7970f123a9e1b522
f901f85210f91bc04c0f5e978f6e02a02f017e1f4975b9f2d580a47e59d1f5c0d005699f1dd7be3d28e31f215f3aba4fe419a829f9e7d38aae0775cb
a39b8083b7b70727ca47bc1ec7b2074794675e0a32305f0f7a7a61e16fa745ba07fdcd23711fc7b207ffca477a7ac38937c0f19bc0f183944d62e42f
ed2f0bd30f0e9642c7df80a97af051111c7ee685c7c325e151304d10ac1e5ce8057a9f81147bd0b80bf57e335c77e40f48ea9705a607b5ba50eff39f
ed805a5de0f61b1e5d0f765281dbe73fdb812347c105b321f21bb8f54db8f59b51b423cfa4ac73c58722610823a905e09bc00368e6a320e078740177
1f493583058023ca2385d0696e4358c3f6e818f833f21c038f8e01b0c31e1c5184471f248f3c4a1ae1d36fb8883d3c277ac47b71be7a30500ac63ee3
61f5803229ecfa0dc7b207395b60f5d911e6dbc3ebd147064a1ce61e70261fe96f701c02bcbe29b062c699e7c1db4438f6f9f2adfe41ebf34c913b04
668f211cfb916ac731e923cfda50582bc7816d2f064a21d267307d5f543b42a8df184320ea23a9ba0e0a1c901e91aa495e87efa6b3d91748d0eb23a9
6698c1825e1fc9d58ccba4066988e466e0a3f2ee5a00b61abff8a8bcd2c25c5613bc6861dec560cda35e7c045f49cc97b7f98b164680f51b5e6a2ffe
8102b0cfb851bdb894bce702bcf140c17b5fe95330acbd184205591f759d26254893db8080f562d21464fd911324e64b00309765df1793e69bb40e7d
4b04c3be09223e838ef5e21cf24ece96417e7a11a685c49e9375372f963a01a767c08e849efe252f353e9944972574020df4a2637ea59200e4e74525
2120f50d97c81751f56deb2b93503fbf2b96d21f125f4d7894cc7defc5e6f64a17c01dec4517207cf48d0dfb223a0a2f3daa320967b97732b93c9d79
fe93a8fa2274be123a41e9036a3d926aa559d8cb5b7b41abc7575e0478e0095a3de3ebf3f2d0e7958221b33331c9bd93076607006f00aa3701a0e7fc
d9ddfacf926524e7fab0bb4ce42f937411b74f4c0796bc0b0f3c1bc7a68307de7f739366c3b0f49f55a75dd0e087d160faefa4aeb913b3115afaefa2
2e5d731d5b2ef237a4d90c7b4a449e66cc1b6fb6a744ff79fb75218067c3a6f49f9dbdba10c037f3dfc83f26e99a6bc786c8d37819860a6358195e89
08d7a760e8406e4752055e1ea84a81f3169a4be2ab0a497531f23775ddab2e77d9fbb90b59fb30745307593b92531e355c40e43b242dd1d32db479bd
ffe6aedf0ce118798677eefaec08681d44ee2e08eecdeeb9fd676c8c48eafef0c91cfdd798e579613d0cebd47f8d164afb6844f3c8d34259b52e86b7
33f25debb0ba859d91ef6a61725d9d8192db9681cbfbafb3d864f0b26f40e469c6d04025b7703050ba9196e2311cd435565d2ed01e5d91549799afc1
127d34f26c3d3ffb88a4781493f2b036c4520aa3f1b0d81ead8dea65f3d0655d714bf54e79a9eb5d754162bea6c094abf7f20623da74c535d8650704
3c9287be2a265d9066e3eb2722f4cdce5e5dd8ded97e087db354d405ee9d0d9cd237fb81754178673b1b44de8d1786f766f8ccbeed142863979f7447
fe80343dfeed84dd01f5ee02f5deec84ddb7fd4f5d9a650fefe6e7837d3b34509f88107906ead04099636fbee27681736f46d0eca07377a173c75714
3820cd856d7788c8d38c29a745819eca93d1d0edd79e127d3b69c6b99ae131f4ed3792b3cb89a93ca94ba743bddc0cdf7ebb50b8377b9077b0b62379
eb2b8f06a78360b7b39fa3f6eda2ae79113ecae6ba383804bb9dfd54b56f8966a4d50cf7cb17e348aacb2cb6c4c8eb626c5f8ebe65b6832ec6765188
3c6b5e32623507d8325d96c2d50e1b1db0ed48ae02dde5c2129d36b683b3722b2c515d8c6bf1681496e8f42fdb126bbe325055db819d52a96bdad8e2
2bd7551928295c0d3fd641e98ea49a51a98b6648e16a54d1be71b46d722a33567807c03b92ab40b7f0666dcc53aefc7eae8ba34d00dee5c7266ad425
eb9951d522cfc2d6cbbfc254da44d605fb5d7e2cb6cec877d5c5687446637a61941974eebf88aa7de3a0da86eaa39583d19fa74f2c63480cd6d088ec
5ef70f1ce75181709c87653a8f9820b9039c2bdba302e1382fcbf4d532f589bebd2c1d9d2bc927faf63258f38e5e7ea7ebe2c8d9f4d2d021e53bc8e0
5dc8e0c501e6fa6e9fb348ee225d265d90549779c76e856b17c8f7e6870e7db799ac0baf3b84d8645281a465eafdbcdb1d2d92aaebbb1c477e407a44
72e337b3b05d07558284e02e70f0f8ca2ddce9d7aef9f2b1bdefb4705f2df457070325af8c64210604f0486a05fb44dfed7a1149ade04f25dc77bbbe
4552bbc56b63e73412187831964ddfad8bed02033f1cd638f28ce1a959f6d562f7a5bf0b013c1a0f89819a0ad7e290769167a0a66aa038a45de4e9d7
3c4782e402ed15174931592fd13d315053555a1cf238f2ac283def4b667c3b17923da92e1f397b6652a6df72f1038ebe737808f33b48ae2b53575e75
b9f185d198aad2e2870e91676d14ad0d735250c0bb50c08b817322cf54cec3a3f8a143df393c04e01d87911b5fe9f2ad4939bd366e16c054666cc6ed
8e3cc37bab40f6f2cd7ccd13a16cece59b75a8cb8fe1be3bc8dd7d6f1211e01b8d66c8f52233955c6384dc7d14eae21ab337a16bfa52b77796a8ae31
86f7ede07d4752a301b7e11a2328f062bf91be737808c53b0e590fefa02e859ae66eb90fc670682ab3477ed0785d4832ebf061cdebd6917ddc00c2dd
05c25dfc18a003c21d491568115ca0dcff923a1db28598fd651dca39cf80df7d7f29709e064172812febf0d53ab4087e700408aefb28e6bd87916123
a9e1b5747e58b9db05d7bd19b838f21d92fae5857d5883db85e45d0cfcd3c1ef8ea4c6d042ccc15d4558dec57e2391af906e91dc0c0e0ea17487a0e2
66f81d7a1760f7667d7607a53b92ea97b7de61735c241f15e8baecb31749cd97850a00bc23a966582a3aec4411c9249227c58ae4484a46f47103ec77
245f7de5c69f34e3d4c2f649749c8ce1bc80846ce6313c19281d1c3b237fb136743ad8cd23f234fe5281569a1cdc3a04025eec181d794623692a7db5
38d0491dba3ff83156e4ff14a891b7507164964d5681c905660accab40482c511d01d9c2d261c7bc2e58f062cfddc8b36ce4986780f4c833bc45cd88
f9fa4fa2ea5198cea215cc9c71781c55a3ef63fbe00e2108f1038dc55159a6f3ce501c9c2ff2f4ad6aa6f9ea666274e4ec6cf59b99beb54c7d113f6e
9a312f21879165234fbf74bdb0774b3f1acb74de340ebfb7883cd3398f98a35ab0381a433ccf9562df910edc78245597f5be476705777de5ebc5d159
0472bd30ac62e4e15363b5d0750d066a5e258a5d4b23cf829b5789b8b5baf183a99cdaab72b0fd06754dccc1f8ca1b897345b0e2c5de9991a72e3d51
f76bbcc8331af39651ec9d19791a3f6f19e580bba1cd12e2f896596cdc3a8e57cd80bbbdccf274ce2bc629ef809177819107e99b94131d98c0c78354
4c3a214d01d74f673a88e35d08e3c57e23fde4d6716e2ad07ac4d3ce79919cabd79e85fdb42f4724b57a7d6c9f9c2be7bc4a14e3287570c5bbd0c28b
c3e47530c223a9165ab97b727f38053c6b5f8ec853e0a102ad393b0fbaac77e846cbefe74997a7f2a9185aa803041ec926523669407a44720b513e09
2efc40b777720c08f9bbd8cda39ff6c08b64d5571e8d8bd1989782725a3a3f51239d5223951fa40449757d4e14fd4c4ccad42805c9b3cc0921ecef72
d2f84c5d79d5e5659319a8790c14fbf97400bf23a9026d64380bf335d97eb1cf433f0b2baa684559f439e1f3c2fe2e464aec67a5cb55f3655d00a8de
91d4571655cf9b4999ccbb9c6c07878e8ea4b8282d84999fb7ea4a9058008b2d9b399c8dd19042c8de261d48ef48aa404b2a6763529a161b3b05abc5
29373be358479e7e49a63fcd884e4c1302fe3ed0749e9d811a1a0d361132fd298e7dfae6760e266572ec72b10eb13f082efca88c3ccc5cc8dfc58e0d
9167b109bbb032290f032565d0c5264219744adc47230816782455d71f1253393974b119ba9fdc0484055e6c1aee17bc57b0e01b5abacb2e76916cfa
aa98f44052e37db5b830320826bc386c5abfe0bd42f82ef6e5e8170a1aa175176c6e1722f82511dc2fa1fb65bca7487691dc2f7bc445525df6dab810
c105e55d8cbdd02fcc05c2f2defc48ba5f28682ef15ebf84ee178aff6bb2e172f9467aa1a01182f786820608ef48aa19890269c664c3f1952705dd8d
e0bc8b03ff46fe80a4ba7c2e5ff6888ba4fa6561fac2982ce4efa3fe4704800e3078241f15ea0e245a295f3a2cb940834752ebc3f7cb2bb13e9256b0
157817bc5ef8dfc5518dfb85c94050e09b4342449e1159bcdedcedca8cfebc1814c7218e3c75cd13e1a87f4874591785c2e8171641d122f0cd1eacf1
48aa5fd6665da8912ee98afc363cf2d4250fbc62267bd903af5f32af3bfc44e499e9694dd8b82982501ec955971b5fd92df38889e9f2a470ae5c5223
6141036d3c926aa1cdeb17ba22c18b9764ee76a12b12dc787ce56583354128e29bb1ebfb8542e8eaab400f6fa7c06917d88c431f799a21973eee0f20
84475205ee9098af7958144326459eb5219b4082273eb4f0515d56305c08ee9714428e731179d6e194e14b825da22bba1ead43faf530f253bcdf108b
2fa473e18a6f1879c1158fe45c0009b682b94090e39bdfa17720c723a97e79341216ea24c1ddf04c91bf20157d554cba21ad66401a90b40eed5f91d0
1509b37cab9fe76e4f1c39490a2107888b7c8154f5d56552833444ca263d9034cb665f099377921ac921e2227f429a4e14487b89832a1d6abcc5c7e4
57355dd8e45ba5cb28fed334439f86f0ec09d54e928f60b58c088c7924d542df5512ee4642380f929b611fc12edcf2e2a74e3d71e4089c7cabd68e24
8e9ca423074b6eb2fb60178e79b1135be45900d21519762af21d9226c58762e2fe90646448e61b090b759ac74b7130d19eb03fa479cb383135268e1b
a19d174713ed09fb83d0ce376ccd29b10e75dc54863733f2523e2533d884f249e8e79b71033ae8e7919ccd40859f320b60eaa14a660160bc4ed230f9
614ae4a9abacbadc8cc23ad499825d3b1586779e29058d7baa2c6cbd16aa16c113779524ab05aaee84f13acd93a7f869440766bd2769970c711579ea
ba575d660e18af05ab5e321c00e3759276099fbd847629c93bd3c0bf1d08f648aa19565aa7c6da988aa682d23ae1b295e665270aa42e9a21c5533683
05823d9287bef2a474fa259d54861fa293121afbfe636d70b4251934327c83a34dc0ede70f66ced126e0f6e2f87d1de0f62ea0f6926129d83a04d4be
1b0222f26c8779eaed7ff617467261ba970c17e55e244cf768a1fbc581284cf7828f2598ee5d98ee51d77ff355ed40be47527db38c98f0e84a8ff698
6544d0e023b99ae289c1ec22f4f7dd416722cfc448d195cd4933e765d67999bd338183ef8283df9933f0e023a96678d3669cbdf24f7bcc4c36735ee6
6d8536723336eada565d903224f5cbc776c6282f80f9823f62c6454c58f3e7cf3b337394661da5381d663f6b8da4968eadabc0d2475203e53d96d1b7
65d9eb1db9b0e79dd1d8575d1e5e2c32f95875b940ee7c82983f71d8c8b88865a9e28acd4919559ce0e7f79f1944e63a28fcf9822b15f8f35df8f3bb
018a234fbfe6d97ce21c92b90e0a8b3e0af4189e3463de1477c391f48c964e30f3fbcf521130f39154bfac45c8186bf23c708b431ef6cc292b5cf982
af4fc658235cf9ddc18a22df20897778eb654cf9595abac262434b97b396a8e50030e82339b743b1ee217373133c7d90bcb033cdc89a2f9fe820cd77
41cbef0e58d4330abc3cad313bce21e0c9475205b22bf17ece558bcde725b0f191d4a45888c995164ab76764b49e71711618fcfe63eba1dbcbd31a13
24af0d4c2e02833fff2c006e6e0287df7f6c226e6e02872f8e00d933e7656e3a57ac53c99c97427c2f85bab0f20bf17ddf7cb7cca8fdf254f3ed0634
ed4284ff929a651f1e19b55f9e6abff8cab3cc519a75943a125d07373e92ab402f361c88b30eaac22ce3cd95751a15182cd7b32c537e81c172a66469
e9f048ce2f2dd4e980033108f091dc67bf364819529b246fbd8219a448156748b25e360adc34bce6f305f37a996690201593a86bde9e0af7d8029f17
02fcbe59df06027c24d50cf32810e023b98be416c2cc85dd1e247719576061b7ef78d114ae4c42652fd5d24381990b957dc78b0654f62e54f6f8aa9a
34204da6577d12151478825d2f5c3b0b6c5930eb51979b81536f39d5787b1414ec2a655eac0ad74e10d92339171b17c8828795c0da8b0347f602c716
cc7aa93403bb8a60d64f5cd10a3eb8450a3503b4f58242ad642d1beb11c156efc2562fd5bbb2e0612598f58282bcc07b85925e1cfaa517dc7305981e
757996d19a09407d37786a07403d9273eb710703403d921a799ac10da7c8e4c21dacf02845d8ea276cb9c0b105981e5f79a760242fb7d6a1efb185bb
4ad15d657aeefe2751b5709529b7d6a2ef2b058b4c99b79a135e5f70d12db2c81810ae03bd1ec97b06fe33ff2db0e6b25873a640066bb2e28acf6f41
df56a6c3d5be318e78ef96c9b52b1785820356e96a86a5a2827b6e19aa0bde31a86bacba5c20eeb9655e422a4ebd05555cd1a5c4603a1d98f748aa2e
bbcb14787d9997908abf6f79e089f312721a33ab178e81f2a819f00eec38427c3f39f90a5abaf26a34d8eaa8e2caab49612d72b510cc7b7cf58d7cc5
6dabcec3a3e20a5cb95a080c7e37dc4f0701be0bf1bd1ab2ae57ce1521beef8e0dd72be6f5ba69a02c0700f31e491568065171c0aaf3b0a8c88815cf
dd3a2f05e7e623a772780801be223e560c4302833ff11fad58de85f85e7f6610c0bc4752057a3f575ca9eaa149b1eebc62fd1118fc89d769e5f0a8a7
ea3293ad1c1e427c3f7148ad064d8ba41abff31563786a96992f5471758af7fbfe83c4a45c6a86b5c515dfac7a69be6cf1ac9c2b752ad52afebe151b
8e70e2a32e8f3c46f93ac5fb6a58b7c8b36c24ee1bd1b6831b1f49d56539a0e2b92b48f98ae85339576a565d8c2146f93a4f886a88f2c8b336a60e6c
dfcd522aeeb9b5a8405f0541808fe423929bc1db44c1bc57048b5aa9abaeba3cbc95857dab5f6c58dc73ebad02d97a08ee4280af0e5fd92ba7436d2a
90ad875d45b0ee270253c5282fecf6d8b59e4af452c272dff14704cbbd0bcbbde2325b71b4ad93e5d78dfdd559d85350df8d6315793651d7f0fae0a8
f8e0d6b19ae1a91c07a42907ec66b01595559da7c18e1763456555a5b2daaddbab1c0175eaa176a3ccf6ca115075046cec65f8bcc0e0ab71c17bc51a
531fd5c52ce3b95ba7e93e485e51bceba8efaacb2d44bb54a55dda2d8155ee0fc28daf06688b3c6be3d5f05a06b8391d040e5f8df01df90269d57599
d420a95f36f0de3800dcf32a51610e40ca7741ca571c6d0186eff7aeaffce2eac69bf69e927f651dde30f37baa752a2beac68dea169f37da71e43d95
0282af2c9b1ba5c92de97cb73c7a9fd425debb5b2cbed1a70833be1ac8acdf305861c407c9cdc0f27e4f2dccc9860533be0b33beee3e2b6fcc20c288
df7163bd79a8772fb66cfbf98d69fd4e6a86ad3137e2fe2d8ebdfbf67be32b258cf83866ffa3a87ac3b585f81e5fee26b1aab28eb70489559575949a
19dd38db0a0cbe1a892df2f4ad68a62dd2dd38dbde3a068cc4167986b868882d4bdd5c14eeb29ae121e61810187c35086dbf3185080cfedc187dcceb
77d5d2f1cdfe467f73df1204cdf86eee10b74e08e3b77570e3239945e22bfa352f0541f27462efb8dbaacb8dc765f69e4a9a8af3ebcd4de0d64d60e7
2b1cb084005f0d9c16f9039238a9d9e5cd3120c4f7f8ca7561d410e2fb8e1ff38d924608f0fb9ff9e226704fa37cc8757cc5621b6261169840808fa4
9a715020b33c1540156f5ac0e1bb10e0ab41d3224f5d8f16362dc4d15608f0156fda1b71ff7e55205c00a3fcad9bc00193c56deb7eb5442d82dff07a
e1c6c7575f5d0d355213af37d45ae42b247de5131d70f848aaf1d68135dcb69ac47d83a6459e02371568256843bb2f9cf8fdb064d9781bde766d22ef
94864cdf76cd57e5ab0e69a8c0c3a407929ae193af710c085d3e48c5240a9c32fcb9db6faf61436f5350afb8cc36b43e4d5a9fe30f69409a2bca2088
bd61286f970af4d66bb8cc0a5d7e37d261e4e9d754ed54e38e7520e523a902ed15d7f0956a93ed57c384f58632be4d41fde46c6e1c03429baf8ee91e
f913d2a5af5c207cbee5d5f864d20d694e8aa39577d0e623a9ba6cb568687ddae4ebd5813a7b4319dfa6781fcdf018c2e785515f8d20d61bca78c1d5
c7575ebd30f32666eec811916778a7d6a79e3e9b81af8fa4eab2c1b0e12bd5265faf0e3add1b7afa364ddc278f7b1a7cbe49dc3fd995e8e905727ff2
b8a7a18c6f4d0b805d89b8dfc4e70db516796659370107cfec0d3edfa4bb39d97a68dcdb54e39c3b6b03337493eee6b466a4c1b19b743787453a40ef
2339eb320857e499cac9bcebc5fec207b70dad5ecbf40d662ed0fbf8cacde05d5d9382c6c868bda1a06952d0f0d4a9e1682b68fc7ad1781c6d05955f
2fa61266dec4967199edb0e5fe5b7525932e4849a46a528634a712649e8e824678f8fbf1a7ae07929ae17e757ca5048b5f41cbe9d804048bbf1f9698
3b4780b0efeb45e3b10974d9040c4fdec1c2efc2c2df79e502167e17167ec53db7030f222cfcf8cafde292d0753a4c709bff24aa767c7e058d5f01b8
e9980c048dbf1beb34f20dd22b92471f072c41e557a06a3a5a1f41e5ef86288f3c7dd3b982f36bc7014ba8f915e7d7ceb922d0fb8af36b070744f8f7
519787989b475fe78a2f25e0e177e1e1d7cb121878f891545d661080de7781de5787dcec1d9b6c9fc74075789ec8d3f8aab0efdeea1dadbbd0e5abf1
db22cfa448a772d8fedb91b3bb58736299d63f753d22790c61cd02a20f92eb022f43c0f3fbc1a4f01abacb4e7a302928e305445f41d9e8686204441f
5f795210c105445ff198ece8e9053c5f718bec706de1c657dc223bca7841c8074b84448153e3be3b587bef686284135f1debb2779c87ba183a0e8e1d
e72141c807c9cb06188d3e743633863074e1c65723e7f58e1b507f56e3dd65dc80bad42db82a821b1f49154897f1d811a47c90dc78b8b670e22b4e87
1d8d7b7f75ca5af61d78ec0c09d380030c1427438a13de69811bdf851b5f8da11df901e911e96be180350b27be1affae0fdc5885131f75b985185ec7
64b2355bd309387c1738fcce9b30c0e123a9ba7c280ebc68c6e4b7355be10a6e7c17187c90dc78acab4280af00ea81001f497de5336ce0f432a453c1
cd6e20318f4b0293e76b5c7fbed2f05a4903cc7b24d50cf3f981fbca48aacbda918127a860deabc32a46be439a1cc098e7b1e4591b527f64330710e0
23a9022d9c0df8a1c0e12bde5c832704427cafbcb91cd82e85dd5e71a31a48b1c2728f167a2a916287182c0e5160b97761b9d7c2da808b0ea9248a2f
5a03ef4c01b487bce4d1c0e239a492009410c0f62ec0f620b985f88d8cc91a6b61b1e167399a580a8d87550aa03dbe725de8b3c714684fde190f8c93
8259af3c241aa82404bbbef39410d8f548aa2e0b31036d8510d983e4af6095437a07defd0c34d382593f51eb0c9c29c7b31aef9d82d27a4825815b0e
88ec91545d96a5068e286372cdca139d01ab1c92628b350803f5b3c0d9f7d367e5c00229b0f68a170d60ed91d468f81af360817ce4dcc8c34a70dc23
a96698cf3f682b04f15e79e5f2c0459f6dd5e502b1403e5249e07bf3a09278a49230b67ae477482ad07cfec147e5d9b544ad3b07acbd0bac7de71e0b
587b17587b7cf51f4555b0dcbbb0dc2b8fe81fbc1805ebbe73397e306b3ed273e00604967b2455a0150c0fac5930ef15af9d07d62c80f620b9dbe8cf
9f532bd857ea072ba450d82bae390f7a8e47f2a801db23cf6089a1e37ff3e0ddf24cde5ef1bf79d0843f93a147811e7dbcfe05d05e79f6f1e0aaf8c8
559127b400b647f211c98b00158850d97703b6479e91d731c0db8e077fc4679e089587b700b647b2cf02ad3b7f38211e69472aab0ac80961b7ef3cbc
7d306b0abbbdf222e4297f0a9cef480e2605ed88b0dca340d78574fee8c8c1d7e7c118facc23a6e2ebf370ae3cd28ef0e2f5410bfec88b91f7bf0fda
91679d2b85af185e69c1f1f501013e92b7fae5c6a3387924b89f70011c1c1f1d54b8013d78d108523e48d924ba2c9d4ab5d0f9a03b7f9ab603ab1713
ea2313aaa33b469e02a56e7174c7c8d32f1d5438f33cb8ca08273e486e21c2b470e3779e3c3f08d382900fd6e363f6c1aef9cc8364d23cc0a84e9e47
8b14d6c7c92210f9f9991b09768450e4775e583f0e7b1dc9b9fb7861fd727ebc5341b21b48bf832a1fc95599f7f38bf2e49d67c9a465d32ab477d1be
f17f718e145a7c54574c3a20cdf61b803df209d21a49ab044096ef4296df8dce1ff907d26a8839f78b964428f393b69b46e7e62932691e14f4e1aff4
e1e8b55eb0525f9d1346fc8f3c4379ac0e78ef82491fc9559b4ff7172f17e1d507cdc7fbcb29f29eab4c4bc22fea72c1d09f68575e9c24df758c3094
9861df6b4db8a5e41795c72b95c7e58507647d245743acbd78b1b6bed75ae7de8be0d977e1d9ef0625efe0d9f737ad96789f825a1fc9d51297c851f2
ea01d90fc79a17ffca57fe95978fb4972bc59b8ff5993b87238c30f2272d9946e7f2bb686e0ae6d1b76856f15d7ab956bc657dc7600248f7d67dd15c
1f70a6efbc7e9cd8b340de8fe4aace5cf905b4f4ad9a718ba32f76d0f75ebd631b73b5102c7fd0fcae0a5cfe2e5cfe49735360e76f5b65fa247d796a
fc36ad4bb601ae8f6f5f934033b943bc7d15e95be40bdb1636ffa4b929f0ed77ac32d95ae8c905a47f1e7f48f47cacdef9447a71727ce5e4884e1624
fd48aedaacfa79717111aafea4b9959c05efb3aa63ffa02b7f5f5577fd47378117e3e72b88ba1fde272faa9757ce8e17fc8dab86d0fbb79f83be8f9f
fd5922b92fda61da05ad2dda65da036d95f9dd52c7cf16d048e6453b4dbba1ad323f8e1a3f0c68abccdd65eeb4735f65ee6e8b2f0f91d40afc44afc8
3748d3d061a55ee4e9c1a1a9dd0ff7dc91b523297e94dc015f0f22b91af29d84f1438526ce6887a8415883a1300693e6ea4eaa3b5775eec0c9789d6b
4c2e8fc9c5382fde6e6f99f881b95b0cdc3e31f103cdbc5699c94d49742fadefb2eb4b7c97d6dc650f8bb53b91d4f2fbae9883c007915cd57d5b6ffc
1c882992abc8e2ea32456615593c98859e97d5f3e24928f4bcac1e54be633417077740c1f881095a1cdc118cc7afb2faeabf325d5f65f555adbeeac1
acf4fc5633ed5d123f30e712d4afe2da6ee66071f083fd733307f7bd687c470fdaaa6e73758deaa4493772c620724224256d554f4163bc141ee1e780
7ee367fdd0507c84dde0f383f808915c0d393c059de9518084dfc1b6ebb4a4af96b8fd9d8d3cf548f333573768895c1e13eccd2e8f91bc4472658351
568884d8f41e92c1d293cfa3b1e907311222f9aecfdc90877ecfd3e23c7f1ec987da9eb63e73df1e6a93d7a381eb23ff9aa4b322c1655f2a13aedccf
a243fcc0bcbdab3676ffcb2a59a7810fecb1711a281ac2a45da61568559dab26794cb66dcdb719c366836724579166c19b81238682124c9abfb38666
284ac16e9892419482b12dceed987af103d51d69d1b26937b4f9f62bf978d9ecc132b62594ffe9dd494b4eb5647723fd0a35925a5ede1e9b0d944381
09a2c48dcfa84d6e9369a7328672f17b83bb8ded6276ae7dd1dc01f8fd76adea68e54575f281b4316f6c89a1145edccf2e2e83e002915c451e1e4afb
b844f259347721d3cc255e3b2863fcc0229237e39fde651683f438e9cf570cca62f78e9438083010c9559bb7c1666796b12d76eff885f1033da8ab4c
6f91ad3298752da2e4ef2aa352d704657f77b352a49771acacc833d0eb287024bdf881eaee559d0598cd40a043d10876db32c7c651b02d81fd646735
5ad2d4920b1225b635052eb131ce6d95e8a373ebcceae2e9d68ac40f7460c9eb566fc40f2cbe29ba9f672cbeff22ed8e6d306443337bb1cd077d5fec
d4a06ff103353eab464fde430797aee53a3c2e2f0be95dd51deec44b75efbd681e34f8e9b6f8a943348ddd9a9848aefa2cf4ed56e50f450438d925bb
ad9e91fc57e4571d710022b98afc04fdb1c36bf7c56b1dce68ec76301cfb12aeafcf4c31f69d664e393b9a924d4a90d6405b36ddad3789a4f88a0f8b
1de17a5f9cfdf28900e2ff5888ff3f64c5ddf0cc635f8a1307df1b3b3c5a40febbc31c8cfd645096de04690af8fe48ae222ddfecf60789e4b3686ea6
9f970ec1fc9fe7e5a98311ef4bf0bebcde01f78fe46a8a45c5dd8afb21a0fff3647a2e066c6947905480f78f645e3417894cbe2b6aeacff86063b7ea
64280cc06905fdd8e1dffb528fa4cdd56516a69c14adbc8f3c1d58ec3bb90399615e8a93b4bb2185f5a5b7a9c9fc8dc000915c0dd9bdf690e4f79216
cdfd86b5ef4b5ab7f3cad82bd549156fdf85c833944ba792d8ac48ebfbe2ec762919fbcd8c2ff60d1fde61dffb52aa38f2c9d81bdd5b8a130360c50f
0ca6e46e8766187b637a04df169f79541aeb728ae0f199670e3ebc2f9dca9f2dd2a9adafdadcb94ec71562ece7f01cf1031d58ea963f738704bd2f06
6dff91f881f9196b50988441ef96086d0f92b13f0cf452b8a4e2fa1e16a6f4f276eb18fbc3ea5bfa963fa3f2b21c2443670bf33b32f4bece83c4667d
19cc57ab2ffb5ab1731eec8be767efd6039eaf0800bbf1a4229f2069c01cdd6100ee1fc9479f7d9d3b364adc5689d9a403d229523529436aab326854
265743bb9f44decbeb9069d7c11306e8fe43e8febb83270cd0fd87d0fd83e4ba6cbf8de46ac79fcf06b467d1f88e86ccbbc0ee780ce3e00439960ec6
3e32e33868899c101dab21f20d927aed03feb0657708eb7f96e88670b81c4b73e3080af10343a20bc0dfcf98ec7526e5d32db18be238d69994cd6a88
1a308eeb5f752ef3a2ba4bacd99be3b818e629efc76717347ab7143e76e61947622c9706c6de3c0334ff2134fffd4fc711c98fc5eeb3b9d75128b2ec
8be6efe0e9c712c91da8337ea0bab2aaf3a014168358ba91bd22cff42820d8cf0e38f1038b41ce8fd9ca33d0fc23d9d66797694c417d16cd4b9693e0
58ca99e2c3f8b8a9ee5ed5a5ff26eb1e37c3296cb55f618fa3ba39a4ba31fad700ba3f92ab316c64ce906309ec0e381a3f50645f457a1238270e9d13
46f18a3c43d635e7c51749d0fb23b96a63270ce67c8893da87277e6027acb3c008bde34067722c21bf307d08f987742676191bc7cb0cbdfbfacc4d81
a91f4b3152d8092f45beabc86f0a4e9b4dc7b9e478bbe4c40f059a06cc07dd891c7f2e05ba4399c60f03daeab80fddd3fe8be35c72bce3818e73a3ba
29d29f978f90d3b6d171eeab95c53db0fd739c4bc1e1289d03c4fb48ea3b239dc60f7cb7b898f14ce3870aed5d3477c1efeb8740ee4fdb54239f2069
54aa5934d0f6915c455a3e3be15467da17cd4d493473e92aec3b32ce4cf7963ec298e8f103a3a95737702a30ec23b98af4323a339397c5208ce4193f
98559d45e796f5a2a7f1b1c6b97415f6e91867a12565b5c403561894a5aaa8d9b521d09e4b335d59b595f9a9f7a2b907c6c88ae4bc1bf87d45e4e9dc
92758d6d394eb4d602bc3fb93f9f682acec90783e4a1bc19caa5a9b0f7c638d154081cffbc580c08cfe7d2675786b231e18bf3d97f237ea0df526304
d7752bd15a0b0fffe4227f7686525a8ccd982b0314fc48ae22373765b02ec5fa36475a8c1f68e65865b2b5d0169ff225d90c9332c0b48fe4faceeaee
f3617e0459bcd94f639cf0bef35d659a0d9f2f7d78571f7c88025e1fc9d5072b8c40af8fe42ad31a87cb7e2191bc172d9936a0adfa2c91806d3f846d
bfcd0ba86927b47938d9c935f237a455a44f2780ef23b98ab4e5ea82fb09147fd2dc859d2eecab4cefa00b25f47568b5d073ec8002b4df3607138c1f
3ab47992949dcf1e48ab36731cd0ef87d0ef27cddfc187af7355e7fbdb853af93a57751e30941802b9dfeda91b79c66b8a95ff6becec75e5b86128dc
fb296e933a99f188dcad83a44b02e40dd6ab1dc085ed8b1bfbfd431d7acf070329522c200d57a37f92435247dbe608893930628cc5ad8fc1cc61c310
00fe8e0e0000fe1400fe7a23c5580c82b8df8c4c334730e18afef0850095a7b6e8da9ecb1948fa2948fafd628e0f247d25b32bf31b93e9ce5bd378e5
076877bdd2ed87e30fd9293603c7d503daaf58c20b7bc7272d2ba9f65b83017a7e8e65b02892271495765cbb32f3d2816d5a08f58be67ec3f0872c18
dbc648629b1610fde16bbf2bcf70dd7a48ac780f7c8aa379a931cce6c0243ceedd94ff097850ff675ea5655efcd131d03247b3e18dfd78a735f75e45
96680357df98bd9e2db6c6641a6657e789c59f271cfa55ecc96901a29f02a2df51df00a29f02a2dfd1de00a2af640f8bd53090e8a790e817cd1d80af
8fb367ddd6f771b2c41408e8cb08e638e99b02017d375de5194a5d5d5b6f7cd60618fd1418fd6ed0c50918fd8c1606c48480465fc968da30ed0aed6c
dab3e3810d4320f3fbc59f8b810d239adf9b23868304a740e6d7a6736d68bbd1b2c0878e27d8f2335a161804a51ed083bddf69a75d607388e6f71717
c3e918b2396c3eba5b0f2ed034050c33bab530e4ab9895d63828a603f0be53a1f2746e69d2ab988712c62dd4f8a299df040602c1c8efbe5f6d02233f
0523bf8ab925448408527ed1dc1438b7d0e217cde3854a2e78f845737dbeb6bc92ea9d0d5a81675120f055cc96e948168a62fa0c64394185af64d7e6
6d1cc9ac66af4bf3b720c844e8f107d6fa401a44764bac340456ebb8683158230f9c8e0282af62de8f811543c8f03b1f4c20c357b26b63d31162120a
122c9aab83e7c7b5ab63f7e0588c5b4f2b8b0fbd5b38ef250ed8ac30f6b83d9ae681fe405ba45c6fef5946f8081b7e7d23c824302b84cc0a3e2c5079
46ac6585c14fea0193a06b4736a24cc06d9f8ddb7eb5be1e847d84c23ef8540c648170da77be14633226ad91139b023afb143afb819f251013d16282
b015e0d9a7e0d917cdfd7e30752d0c8c9b320361108f7e273d38e9c1e2fd07fe99c0511967f7c06a4a60c308d930aeec71d4ff68f5ffbdf77812f721
64f5450bd306b4aececa6062b4ce5f34601bc5cc4a73f1fe83f88dc4852994f47aa3b5f8c4bcd1b0e9577bec814d9fd9c2c07707ce24745038e98be6
ce210cb2957f9f22ae075427bb35dff1890b33dff7ac5a3148e20353f181c661ad7c40eada2cc541419f42413f709125e181d9babf9157ea01c596aa
5fea99e38a124121d8f2457353b0c108c27cbf325ec8906c1942984c2228521abe8f754ce0ce2bf9bd25cf1d92416d82d3f2b98ecaf3463930b7c362
3c910502383ff0f1816a5ec9ee9b6541126492b937cde59005022b2f1ae38c493b65d2f6ad183371450aadbc8af96329b1cea4f4f875c6e4074d77df
ff53d14d220eb325c561a743128222e0f34573631007423a2f9a794362d5ce6b37c6a3895927afea9ead22897b33fbe3002f7f62d4ce5b8fa67d0e89
812615b0b7e3ad4ba2f252ac68f725e727e849955c77251a2df77c5819ace40abde326eb93937995d4caf4751cf56098761c4d3b9e34c38056f222da
5301384fb3b753a710166d7fd26ed0e46aa594a3184f45a81b21b4b237280bcde2e9503ccf4919412c6eae6752668919435b9e849f9f0a37df8ccbb8
9ddb73a42ab9f748d5f6fe61e1adcca7dbebbb5fffb8bdfe79fbf478b97f7b7b7b7cfe3a3fdebfbefcbc9ebeccc7f9f1f3e3edf1cf976f6ff7c7cbeb
97d7554abf773ffdf4dbe7f9f777d2cafdf5fbbb7f01fc508fc990d20300
