1f8b0800000000000400bcbd6baf65b7752df8ddbfe2f405022480edecb5f8ce6d1890a5b25d802cb955a5e41a8dfeb09e490196ca28c909fcef9b1c
63ed31967cd3b907dd401712eb909b8be49c2427e79b7ff7bffde1dd2f3edb3faec72fc22f1f2fdf1c3f7cfccba7edf8c5e7bf5ffefcb3bffbbb2f3e
6e7ff9eef8fec7af8e633ff6e7af3ffcd3cb1f3e7ddcde1d3fbefcfde76fbf78fbfd871fffa1377efbfdf6a7bfecc7b3d57fdee8d7c7bf7ef8de4dc6
382f7fffedf71f3effeadd2fbe7dff9b30ffe277a3d9fb0f3ffea9fffc37bfbc60a62fbd667a29a3d93f1f9f7ef8f0f1fb7f7a997ef9985aaff8fce3
9ffffae9c3bffedb8ffff4f28bfff7ff7eda91fe7c995a7bfc62ee237122bf7cf9ec4f7f7ac14f3fbc7c3a7e383efdfbb1fff2271fffb4a76f8efdc3
0f3f7efab0fee5c73eeb97e5fbfde52f3f1c2f1fbe7f213e50b37ef87ef9f4d797f3e3a7ef7ef8f9cb7f7cf8f1df5e3e7efa693fa3f2e35f7e7cf9ee
e3fee1fcb02da3b79fbf2c9f8e973f1f9fbefbf0e38fc7fef2e74f1ffffd435fb4971fff6df9b1ffcff1d32ece8f7ffad3c7fff8f0fdbfbe6c1fbfdf
3f8c1e7e400fdf1d7f33ebff0a841f5e3e9ecfb96f1ff7fef55f7ef8b1a3e2c7a5c3d4c77c59d68ffffe37236f42e7f71f7ffcb01d3fef0d3ffcf0f2
a7deede8ed3e9def7774a2b9feb4a33e91ed4fcb87ef8e4fafc7f90f03d9370c3f27dcb1b5ffa503f1ffdf9c5f2e0cedd7115b9e5be21f3f7e7af9d8
7ff9f4f2ddf2e3f1e9c3f2a71f7eda8756167b037ddc20fce5cb7f818caf8e0fe8797cf4fdf2dd3126cf33f5fd47d762553ff43ddde162bf1f3ffdcd
1cbe5bfefad2bfeabbb783fbf1e5f87eef4d7a779fc6ecbefbf8e3f1428cf64ef60e433f172f67ffe1a79d00873f7c3c7ffc8fb1f19e9bfa873f1fdb
d8d5bd870fbdbffff834f6f3f7dcd93f8cd3fe5fadf6fbdfbd7df7f2eeebdfbcff97cfbe79f3d2fffec3375ffff3db2fde7cf1f2eb3ff61fdfbc7cfe
f51ffef8cddbdffeeefdcbefbefef28b37dfbc7bf9ecab2ffee6bc7ffdd5fb6fdefefadbf75ff75fffdb67ef7a37ff6db4eaffffc79737ffe30fdfbc
79f7eee5eb6f5edefefe0f5fbeed3df7a1bef9ecabf76fdfbcfbf94f3b7afbd5e75f7efbc5dbaf7efbf397dedbcb575fbf7ff9f2edefdfbeefdfbcff
fae798ceffdcc7cbd7bff9692fbf7ff3cde7bfebbf7df6ebb75fbe7dff47cce4376fdf7f3566f19b3e8dcf5efef0d937efdf7efeed979f7df3f2876f
bff9c3d7efdebc74e87fdacb176fdf7dfee5676f7fffe68b5ff679f5b9bcbcf9e7375fbd7f79f7bbcfbefcf23fc54c07f1bfc0cbafdf74583efbf597
6f38878e992fde7ef3e6f3f73fefbdfbaf4ef8fb209f7df9378879f787379fbfedb51d9b6f3a023efbe68f3f1f08ed03bc7bf37f7cdbbfe83fbe7cf1
d9ef3ffb6dc7c7dfff148d7fb3a1ff06a77db93ffff69b37bf1fa07dfd9b9777dffefaddfbb7efbf7dffe6e5b75f7ffd0596eddd9b6ffef9ede76fde
fdf79ff6f4e5d763557ff3f2edbb373fef63bfff0c53eafd755cbffbefe3ef5f7ffbee2db0fef6abf76fbef9e6db3fbc7ffbf557fff0d35e7ef7f5bf
74bc76503eebfd7c81b5fafa2ba0a7a3f8eb6ffe38461878c352fefce55f7ef7a6d7f7adf4d57f82eacf060edf75947ffefefe4d9f495f81f737bcbc
7cf5e6b75fbefded9baf3e7ff33f2ddad7a3ff7f79fbeecd3ff43df1f6dd68fd9613fa97cffa6cbe059ac6f2f7f9f2cfb7effe66b1aed3f473ec9897
b7bf79f9ec8b7f7e3ba0bbbeec1beedddb6b7302e79fffee5abc9f9ed4ff8f37f29beff7cf3f7e3748e50f3ffbd93f5e2cc5cb3f3e998cf3c3f7fba7
8bafe8a4a973193ffbd93477d2b8fdf82ce23fdb779db3c1f7effefac38fc7776fbf3f3fbe04b6dbfff2e7abedcbcb3f7ed3ffe864f5af2f7f0f0af9
0f9d909da3feeb4f83a2f58bf3ef071fa2ea777ff9f39fff748ce9bd14d4759a88fff6b13a93f3d5a0b6fff837ecccf819bf5e7c0cd91857bfffeb9f
8f97e9eae57f7cfbf68b97ff737a991e2f734a2dfc5f57fdbffc7e5cbc0f9626ce7fdcc53ffc79d98e4fcbf7ff7af4e9fdef8febdfafc69fd3e337fd
dfafc614ffa6e5b3837ecdf5fe58f7d36fc7bfe9fcd5cb34bebe37fbd9f4785ca37fd8b77f5b3e3d3f5c1ea3f5b3907ef532e7878aa5ff56aa8ab517
43894515ed572f2dabb4f59fe32336558c89b4f42cae7da4b9aaf375eac56956718c35a9f136a6554bd5e0dbc40a0db7555434f5b0355668846d1915
f521f0f6992dd4c71e58115551c6a4d4c3f1600f9ad631b122a802b3a8b74f1a5b68e207671134cf63e3271af4d859a116e7cc0af571065668e227e6
29c04ece226a16276731bb4bce62760bce627e2ee6f4b8309e5471c1faec639a88beda54c1693dd4c7b4109f932a56b6d027332b34f529b222ba6263
1f4115177a34b1c461833acd57a7aad876ce5413db0ecee389f369e7ca4e1a65e7fed2769df66b11d4c71e8931cd74cfac701f5c86d9a35c5877a717
d69f0b3927ce2324555c58770b0e1b8a2a086d508bcc4f425005878daa28892d9e1b6aae170aa32aae4f9e8b3d6f99875d9f6c7dcb2521701e872be9
1cccdb3a8a82020bd0f4eddec6afcfbec323de094378fc0d5d098fed3e54c4460c4d00c7c48a7cadf774ac0717afaae2249ed562bb4ef2431517d2ae
d59cfbff8d4ef313e02e480e1ccdfa7d1a937eaef5fc9847f3e71c7b71607852e37960ef49147ab1fca47118df167515c6b7655671ac6f292a1e3764
cda4b2253f895a275661d0ecace2e8ec49d07ab18d5f9f9d4d53068d4efa7d9e589154d1e7d6d4be0d9a2d944c6dd0eca8b66d1e45371e33891917d7
75c9fc3f5c3bbd6d5ff339cd2a8e6926c174142cf09350cff3342ea654545c06f90b2a7614cd4fd2d68b7df1e7a05fe701c393fcf6e298a51030cfe8
d98dd7d15803cda3e7e7b1e99fc601a1061a0b373fc9502f6e631a6a9c0676b47ffab53ae6acc6e3d0ceb366d5465751d3003ea226897b595b755e01
a07e3dcefb668b63499376401a743d6867a6b1cdc3f3aae9c56d14d57842e3a4621cc5ac621dc5a2e2f8f649da3bb8a3f1f3deeb45fcaac601bfaaab
805f3510c8607c344d33715f3e2ff35e31a342c724e116888fea4f222a725045e227822e71f757b728fcc4f3a8fc4450a4c64f04475af889c00639ee
2d3c53f241d52d7676ea991eacf0b0273fd14c33f1a1639d32f121b29032f151dd82f8c89a7a263e446752263eaa5098898fec61898fa2a967e2a3ba
53e2a308da4c7c14cfe3c28780cbc447f6d43bb441072395b1e7747a5389bc0d34a9dac656717119450155d751144815fb4a7dd77d14d5771dc7b909
ba3ace51136c8d1814d5e98768ec777d3dce6810d549e09cbd41175c28ea7b05fba0c62b2e5c4d731d38692ee2bad4ac3732162a16dc6e2ae2fed7b8
646d849e0d379fba3a0608b366750c1044a2322e0b6da1fcc0b849c59f10a11c71174c2a4e778a9523ee82274425ec58c5a72c311ff5c17babaa22a2
424838c082f48a575d20474b6cdd54818bb168b18f46be313ec13b96c416932a0a2b348565614550c5d56954c5c18a27928e35b342a3acd7274515d7
2782fc5a5e5d9cc7760d2b58b088a5884c1f3bfb10653e0e3270ba9acf41e693d88473b058493bf91c0b9d74539d63a1b3c03e1f83b5d3b5763ecef1
eb7376e7849e754cce691a3fbbd8173eeb909c836b4ada34e7b841b26e9f73dce3bd2f4d64f023490cc5390d3e510b768e6b3e3f1eee7b3099d113db
46df1eaaaf77d6b57f0ea6a07facbec1e9942c46e01c9c4e3202672041331bd757ff5c739947ef9eda600cfaadf52c0e9eadb7d6d4c65929b3c61e67
a5df3e2a0ea8931b63a6b37e1e375b2f6b66e30eea654d6dd0f19a05c7a0e25537c559b03cb7f2f87a72f341307b5978aac0a2ae8d73f078bdacd106
a79683eeaa73d0b9a4737d2e609b0df93842fdb6527127d6fdf9d8c9d9bb6990be52c4db9ce3b48cdb5ee513bfab3ca85f7b1897db36f8552fcc10db
62f196dac7a19f1fcf8a7e19f4a5796ec05e1ae7a8a83836f3fc9c7da090dc61bfa00bd346aaf33c87bda2a2e2c9c8f58a93acebb3cbceb691c30ecf
8a650cf9146f4318f89c9fd76708db603135a130a8fbfc447e08434a9d831a0f60e7e05f079bf8643342845c114b55c5d895533f5f41150baeb027f6
7a058897c4f310c94434f751c6ec9304e75e31fac851b38865671faec00d25b62b445cb445376baf0023a28b3a44926a293c7ac589a93f6fc1104966
a54f0a71e3f94e4d156369fa56541ffbe8233fc26b2e9810c7cd39758aaacf8f8c4b5a4b1dcf95a8b8f67248b83fcbfc241a214176ebbbff3927b2b5
450a81402eb688a90e64386b7d1eb040ce2fe7872b88df59c3162cebf4149f7ac5cc161ab61440ae7d940ab6edfce40d43c26d1ca53208a915741ad5
47c327d23105323c59a4bf5770d1a2e681c39fa7a73e242488e5455a8690b86852e2f58aab0f7db25107396b62b82c3bafa6898101eaf8d1b0d0dce4
60f0a1a8c912557a055828716bbd02380d9ee9096e4e7c6eaf004e9bb657824e2efb30266c8752b3fb38d8e2590186aaf7a179e4090a235d80bd029c
40d381cc136587277d0d79c6b0e9c94af60a08fc8fc9153bf1a13e40076af13cc298472e5aa88c7d1aabf67a8e6039e353f21d6a119c50ad5c8ee823
3e59a55ec1535ed402424daac258c64e6e92724226e9788856e6cae3119e58cf0d8b1db54ff3428eb5a90558b6bef9352c58b69aaba6bee27824919f
bc4e44a1865d47a7499240afc0214c595807b549a6fb191b37ce452db6c0d3a051369ca8d4dc025bdbc436636bf741840faab4a37650867e3ab6872b
409466c382addd85414d1d3bb97f227c40651d8bc8603e66e243ab3f84827e258b8e6550ba9cb5b5f3899ba46a6d0b54727d94872a788fea162850ea
6593bef2c042252d6579609f36ad5c9980e4aa3357a063eb53d727d8fcb1cc6e8189459da832a38fe489e13474243fa12de1d273ab05b47159bc5daf
e028a2852590e4a427820a2ed25c9b2b022f4155403c4fc52d32e4b2a09bbd80c07662a089419e8c551bb76017f6d908a79024624ef1351758c1d668
92bb4301094b73567f301b944994a280847576fdf9497d806037edc83a41fe2feab4ce0fb6700596353fa5ca500377d353bced1595703d5151a1baa8
b2fe845a48d3848a0adc644948a1e2b8455f3e75f081fd506bdfd79d5b54e7afe2ec34a983423d29706a9d1bf66c5f9867a70d3adf62aad7a0c84dde
6f8d9ba7f893408c69bf35982f7a85fa00b4b908fc86cbb899456d909563d4c968951787b8c4567998746fb636f342d73c1a17eaa9c9ea152b77a446
c1fddda9605105884b158fd5d60b1f9a29cc17f9e14e414beaa403d9404bfa1615f8b07615c917a171d3355d608df7a634a5bd025cd3acdb6801b5c9
be59978bda545790f312d697091c4f718b891c8fc05f6620a8696d97f9ba8dd42260f5a58a0f0b6c557dd8272c0b9492d99ced92386c738b8dbc88e6
01dd5f92a9202c50c26519257b0508c3ac9b75b928850ed0b2e098263138cbca3d26a16281be209be82fb064466fede504197c78a61783e3799c3c84
4d5327bf2b9d6c581fa047496bbb823a54d38f75be3a550bdaff8a0ee10a5ea44af71fd6882df510055fa193ed15cf855aa91ccd492d0a9935d1b1b5
5c7d2455506726366a2d504ac6599f5492f4ac0a2898aacfdc0a21a5df2c9a3a8e58bacd941c71d515b75248093ac82b2878927133ac1b2f1f1de415
6c43ef5418db41721e3a622b6ef8fa10b55c6950beb5a0fdf821496525af5ab54fd793629d6eb48d97b1cffe36813ac8e8d62b284d8a33dfc8bc96a0
4f12e98728dd5669a9d4a9dc2ed56597e65f71816d302226f3691b487a0e9ee4c5fd3c5c81e316b3a670e0a8b4497dc058d2a7f0fc648755bb3d04e8
0ebb5f94c9ad57ecdc6fcf4ef74043b8c4a93d7014ddac7b848acf42ff1ec997b8d3483d8866bad3e291744277f0cfb9e894efe429e2d376d52b1a3b
75c5c261051cb88eceb76a145a821f5af81dd27abfd1f449a5b42025c15e793de9a8ecb4153fa426d92b46b9e1b4f140ba0fb0ed499ad65ec14daca3
b2af11344d877a87ac186711db9d6ad36cf037125b49a43b3d40aab10ea6a08bc39a18b794ec4c6127872d4b54af58b9c7d4076c91d628f50a70b64d
db72c71e4bb7a5a4bbc6145c41d643046a3f215f65d1f81d9aa67e09b802330d62530f2ae78b68eb4126d4133bc08416abaf8e48915dfcf391288248
983e606cc9be058e852ca1eede632149d796a28ebc135f8d82a54cb761215f2599957a0584c7e661b1b6c90cdf0132986405ea15c4ba182deac8ebe4
51b8b641b2e2b1936b721f74e990eab357805ca4a07980b61659bf7bc5c2f3227c505360fa414d7c94e74438205fa52409ecb87822dd24077650320f
701c3cb7b70ad8ccb2970124bddfbd9a3aafeb496cf6813d966487ec15912dd4c77961cc2d2e8c696227cfad6e2318117a8be20ab0403e2fb01c8c61
dda260a6b70ae8012611fd93ee3a7270e81550ccc9721ba0e01efc8c2a3281139f79e2baee7d3ca77e52855805dc09078f7ed5ba82644b7ce6c9c50e
da41279d71644a0b2798d73a492038e199d559b1e7fe38e157556ae7885f71819d1430a4228a0fa0338b84f50a52ac27a0f181bba6ca08171fe48f64
fe8b5d4c60853ea10a5176ae5e7151acf6ace0c52125fd307883c805b7e05e79ae73afa019f1b90187f51a07216aeaa414216ba6a0e06df2b02b1562
4913c3b1ef329ba64e15ed34a9021e5459fae75e412552d328279735abd3936cfbf394c7e9c10bfda9418d13a585f03c3bbd229282575590097db276
bd825cfad32c112768f1db14d42978803445b500dbdefbd028b47ba7499fe4abd32782a6c2535ed4a2005a690ce354af6135d3463a30095ada9967e1
74020359e51cd82b60a1d7ae8e3451f4161a05442e4a7a8a13f67d93d743af38d9872a701092885c9cc92f8ada44f8d9f45dfa3ce571c67d1565f88f
f08819f3d02799babcaa8a92b9e95c817d2a5f9fce1e6cac7802373782ffd4b0c71906aade872aa0edcbf1a13ea06789521df40a10caf824c7713e2f
b59be6415128dd5a80f194eeaa731430ad4cea34cc44f29396c490492867b568dc41412d1acd33da745dc20041d13284ed62b49e130b3b0894d736f0
0019fc406fd3d915bc5ac4bcf68a999f3cfba0035e97d11eaaa026492b17e9093a3f2fd27e0b2756145570d827e31969378ab74f2ab765d6b08d96b3
872b785f1555506526eb49af98c99ca8d3957b2c6b58f819672f655cafbdfedcc971e325287211a16bea0cb02b2e85e9ac0a9c6c693d62a416569c57
af38388a26c675c9c6e9c1a3ee3e60808af299ea15b826e537d02b162e832bb02d65d9ef1554d8245550f02b9da0fcaf2fb07e24b0acf207ea153c5d
4fc9a757800e4889db2bb8cd757124ba1cca1ad32b5652bda20a204bce323151cd1b9e1247af28acd02733109e44b11274b629465750fb195c014e6e
ae9a185c54fa7f5c71dd35cf2549f19a872696c8d9164d8c0aa094dd825b43db9c1e65ede189d13dcc67275d6611779a295e1aa7f4b10a5113cbdcb3
45c316920e6d621af8aa5c6463825817c5fbc6b490b6ea6424faba04af0b7d96a4b98c89eecc927c62e28e9c444ad3418a25a29fb983a41e8e978fd1
dcdc02574b10a5c8d3a5d30faa2070da52992e77663d68488a32abc60c6d4ec7ac3abdbcb39ea272af3878b33e3196576ecbac896dbc8c458f32048c
241551a459a4b7d04ccf8b197ee2b45097208d45af00c723e3783f895c0661bdc4c80af5414d81f999124f2e835a141a4e74b316d86aaba4da4e6ba1
6494ef4c2c705bca52fdc7023f89327958de13661acb4975e8d35a17eb83aa7f91b0faa02657ec4b0d5839799fc69a681c10d1af602bfb42a953aaa9
e7a74c122b3505661bea42676fad7e05e399e4f5172b17aa88a0d49dc36a275732f60f9dfd4a0dd9c39d9eb4f9e8cc354a3ef23cecb7d365bbceaa38
38d327f80d976092ef4cafa0e6a4b905d9fdd92d1033333da5c9d860ae6a5ea8066b6ea733fa2450ac13b96881b791188b4691c1ec7e639081094aa3
0c613ea2d1573456572cfc44c342c71a6b152c305244b32f343074f2ae3e166e076d98864bb0df19028e12584842f241ddb72a16928b14a6d75c60cb
442d8a005de6c8019eb35ec235e2730a0bd5bc49046a597820b52317ecb7ce85355554ee37754adb93af85e5b886d52727c1d0715b27062888a45fba
7489ab719dd94257cb3a5367248e61c571cb8ab6892bd57f4177de0a5791dea9fae02aa6ea0a72b63a4c2bbc7772d09e5deba501d1288d0c93e8f34a
475a1328aace3bdd760555223a3b2b9d3583f8e775e5ca49f05b2fe3a7aec9957c9ae2603adf06b14eeeebbda2b0625205fb1047b95193db44d2376a
722d5d6f74e1512851dc22d9e5a7d6a0571412ec273eb6c40a5dc61beeab2c8ff0b8e50b5a755a787188e5decac524e913ea699b78dfadf246131dd8
a8b86d625f366e5cd3810d9433c9e81137ba4644f1661bb8e3d4747150075fbcb537b0a9793292a9eeba4d0cb4359b40ed0fe243fb6307d398cd72ef
d8fc39ebbcec30bdc52c6ab317b273c2fa5e2eac3fd77607f969d219452aa14b78da377b053d43445b8f9ff8ccf62202278a8ac393b5b931b1a9491f
032cbb1df5f270949cfc39fc2eddf9f0659ddc1bbd3055a4b7e9acf2f036d58d7f3ce0213ab90c0f5dc9fcc7c09f3cdf7a71b87026ffda675e44f18e
c15f1511d463f0e7e6358fc1a014addd31a85011853918e097ab7f274e453e0fb8d926f9bef60a504bc550f60a449649843fe63a7c93dd01f439b331
370355028e54cfb2d601cfdcec2271e53243c1bc90e346cd52171d01feb292b18fc0c02e0d3f248b1caa3f1fcebb41cb0c9a5bbae4ff9afbe818ae0f
d9a00fe59e77fd31884f312a033685249823f02c1a15436049d20d1d91617162d08e614a4db2e8461808d2ede73426234444ee67cd2662ae2e5e4a5a
f736d645dcf131fc1ce429db8bc7287aace1c6eb2d99b80704da9092e687cfded008274ffc0abaf15903452dd9cb30a4aad46e1dec0046c5b129bc27
87692d8b4f3b861dadea923ca886aade02f0790dc654e17d6f700a9d96fd019d96853b063f28a8b3579036892f39ea08cb4aa60ff5eeb0df8b70d817
f8954e91e2cd8f61a3cbd9dd534ded8d064bac05d9034edf263795d812422ad0a5eee0122e11ee18be2659ace2d1e0ae2e65c83134705917390235b2
188e03a2492c3e4f0dc8d7cc1a298c91df3875cdad1d28fb772895bdab874e2819b18309cd521c1c43412467b05ea492d277c0b833cdd32264a49ae4
0f31aa9af841052e87be780c81797e98d20c21abdfa59a1a754fc5db129ac73049403856443c0819ebb5cddd239407c5c8bf3c6a7d150cae288b8b44
98abe51ed8d9fa5af9e7b176baba8fa13bceba638fa19ecf0f53e20d8108939b8f6d2326e6a023eeec7d33b4f9c59479e8268b77c24e58f5f94e72a7
b9edd894be18860aed06f9901d8ad7e220197779dc72be410f8022790f26b85e16288cd2cfb7ef69bc102f7d1c74ddf027436f5abdef4e4cc0b81c5a
d46a123604cce6951fc2747e78a30d55421eceb3afb945ceb10d4deb4e10eee2a178c424cb1e435b7dbb008769b99998d0ddca823ecc82f20489300a
da77bc97a7f1f9ac22b69418d5f341efc9e6060435a80c50b5cb4ef04d56079e0f1084aae23226efd688ff7067fbf8d563e1f2cf9ecc0045a79bb14a
56c2225829cb441819ad64b51ac295aa24c1938a28aff93971ea9adc84a9fb67c67589763144c92c2a4290b2b565e75cf981264827b5e219322ca9f8
8b1dcc91cb831e580175427d2003772fcf94c40422d81bdbf94e70de56189fd04fdd4024bfa38417bd024430bbdc4805840578cf9a0a32566af2fa43
7f2103722fef686f100eb437082766acf611014bc67aa4d7b0571d6a5c2bf6ce48b59d946188c79ae4afd0cb0cd7778f00d1db2282b5f7a2c02f3096
e28ab14ab6309df0017ddc063c30a007c0aa45819c1053e7238888302bc84f785ad9e47942ebaca8fe5ece1045d43f24d287f42eb0c0e7c9870a06f8
dbae02bf655a7682dd7a78d3242e595619f0197e38393e92fbc392f94cc3f227cfe45ec6124ac57066c2afef3357502b9a115558ddbea0acf9c0312a
447fbf603d34bf11a39ce3e4ef11e7a5abe71ca6b9febbc743509704c7136a94105ca6679611468e51acfb39fc6cb2d51d27dcb0ac903b87789badec
388774dbcbfebd02007fdf50f6780b001642a13e90df7284ff44efeff19aebe52c08a43449800628440f066ce82e3d0777dbdb0b7b83b9ed93133083
b7edd8747b224793ad448eb03978df5e16f22a84053102672572341f38a899973e07f79b2df79ff057ebc7d313047682278860e5e00e00a058d07328
b8b25ce4224224fbef9a5023809a3038603989f772c2ef1a1feab0105d2e68efef1172698ad6b87ddd9ef317021ac98d1008659a2d6e67e376167ccb
452135e072dd3b82881ec651f208c336e54fdccbe03bbd01a949ca26292b186dd3d0159ca6e4c393de22379ab4d2374d4032b0da485de916eddfc72a
175f1b609dcd6d9e8377ce96a6cff50a4bd43624ebec6d4aced94495acb36f42f8a859fa3e61162ec6ea46fb885036acc4b9f84c0e97b66c91980e4a
75ba0d00888c1186859b4a6d8448106e14064c25c88f7b5f6e74a4f707845833849d441e85bd0ca9d4fb7ca774e0f690ec7c0d0c7fba6c26fbf2b032
d9dce94c28007702e8dfe9cee0ef09a0c7db50160218a5e773c5a8f8d9fd033e9f3338bd1753cd83f0a93d433ca3979cd10bd517f7811998331842c0
3c99a11b7e31b39d3c4efa5298ed3f4f6439f3a6806f85c3ad7b45408f9af3100c8a3d91ce21183818a0972b46140e4f5a5dbcad4ee4c6f1ae391984
e9cbfa240cd72a0fff757c9054a63fd9b3875e31a630357f903185aa72c1ef2ec3896b3862feaf6f9b0417b83e9da6f28af243e521f6c9c7a1974fa4
029a9fe589180e2acf28fbf780d9a9ffc1e38f44482a0fe844a87a99d069bcc1f417e584eb652cc0ecfe39ff4965e2dfe5150be8f61bfaf3ef07e6e7
f9604b79bc19a9040ccf4c7835df2143f4fedd1e1beaa1fe91e048c9a71252538dac512a133e97019ff13d03be87e63703bed965ae97567f067cc6df
90506659387bf920d572072726a00601001b80a1a0edbfabfd9058ec93d9cbb415783f061c19efdf00080d41b852ce098548dc343d5446f606dd55bd
3c618b68c488145259288fd842c9e58cb2061cf2c44825a472457f427944f6abecf282df3dfe8ab2fbdfd05e1882ea559119bd0c7564f6f83c326a9f
008fbf1fe24551405a2f232756d6f889ce023e73439e28c50860daa4ea351b02c4c851a43221d08c1220485ab24408fcfd8119790650a826fd9eb142
41df674014d4ff10208a6eae0487d7911149651879ab77f94874544371070d030a808c2509da021900252d59beee6277b803e71e111019e2cc355107
8510a97d21049a40c11a790f0d8962a463529910aaff21518c944f2a630f162d59c10a798f16ccd77b7e30f5e161045486119bca0faedef1acbd1c50
f60709699bfc7b19bf574da0d27fd8c77670e5b600f7f286b230c45c4e5ed3a1a4eebfbf26187604adfd0afe998277f0f0e1e11dd5088e7a1f3cbc0d
e5bd9c50167e060f1f1ede0083670f12c17b1959ab4c131ad25625ad4703b43ea38dd0baff1d65b707b45eefc1c3878769c442f40b1e7afc48339490
383024d3e1e1571392ef91c1e1db8f3f217b6b48a6eb83c36f0f4f60851ad0eb3d187afb65f772c2f7420095e10668f0f321f91e194e14f682ebe505
65cd7ff0f3bdbd005e994ad3276e855ad34469380c04055924789fdbbf2b21a3ac9daf7b79c6ef02782340fa7e234042d006804ce3360224046d00c8
3b66b0f70e3f4e484fdb1e3ea1cc6ce3fd0ed37b54bad55e31006ac6d060e77b591f300026f99e1afc7c681e71f0f3ed762f0d7ebedda8e4f0010bcd
4b3af87ba7d94cc88edb6eac129c8d7330d11a0c7d685eb3c1d0b71b151d0c7c2b3e240c538dc1203030c817c960e1dbedaaa2fbc18df01e80c9ab7e
00269f33643c6b5ed591dba0ddeed6e160149ab7ed3014b4db5d3e0c05a1f95c0e4341bb8f8ffc43a69bc3fb2134efaa038be65d30248676a3e32700
f4bd7072cd34ff936b2604d0153d354d600808769fec6528336f9400e680c78d940d91a17fe1f28ab250005ff658cdb2428478dc88114c068f1bb187
3bd3431e9909d9847b9f2e4f5ce9a88a190d9aca813d64554434f0078053c76d8283fdc357f6f4e07979aa20128338fa986a31dc241c173382b07f35
12678ab74686e3683685098e3b2cfe22a2c16bbca74778db68acad34c17c30c98d63c4bda0b7a2f2c206932a368e5f55712233aed00a9fb049d96012
f2b9a687214000766fa031e18e3129fb47af40e6daa48b7c62ee5ab9a6f58ac64f822a90fb57fc26933ac7e2b5a3d5c1b725c367e6dbbc861d22f9fa
9a02d2c669574fb022cc0a1cef150b2bfcc548062713772f0f0f00e580ee652af5660f09a7194d7a30f9f2051a813cc3f4293c0e163f1b49c329b714
17c1f06be8c89b40c502b3af8abcd854c435e06940b5ee5d8c40615f93cc7e2debd8c8f2f42b8409e803b8a0076f6ad8068288fa04db40f02e04335f
82a79ba858d38c86316036e88395efd294fb1bf29e11454edef31d9cfc5cddd91045bc73061fdf9940750e43408e627327a4c5adea6df0f1a1792b0e
4380bcdc7b11a644b71e1a360f9681787f0ba340f2d84c5ce66d0cab80f13258faecb10ad805a11991b345a1c5bd0236184f151e6bf264ed65e434d6
5d38c189e446df0ab309dc2a2095062d5c05f5f2fc2bf217bac87535f1a8f4e7d18c2b73b91ac0c1503753a34abb9ab049ff399f9f2bc5887f871cee
03d8a0b9f2016cccd9ecef91eb51f043e95d85be465f03b766585ff070ccabe9137b69b5f50582816e0bb2401124de625a98044d42e3b4506a350646
687334bb322dc837e90e3688642a32a7bc0104876cfcafcc93e99fa1fa8b3eb92b9306f9d2a423fb10f45f73bd3ce3d834dd957a37b1021354e4562d
4d2bec04937f0789f425bd12a3421093ec5483b44177e40b9511f8cd281d3c6fdf13c2d1c62c61bee6375093d93d427b24417fdab8e935a50dda23b3
0d1bb481de845069771c6a0d77c8d166139833228a83645eff64b67adaaf65d03aef10fd4ce2c0f6de48f00e16f136045d458cb7a1b7ee6c873bdcb1
af5c3e78cfbb823e4ca6a2077d2e548413934038ae00210d785cc44830d107378ae79b069bd90fa37a3c29feba1c4068d501d84cebf67b45ba6781ed
e5a1fbaf2e42a5e5eeae3c92ee8f5b4d3b87b9f114d8dae544e6b3965e721e0c61164433521517a55fee15f4e071036868dc1f2d58c5ede95ee40643
de95d671860bad324ef5325d438acae38e17b199072fa700c05e4412d5e6d63bc51495e1c3d0dc3b16dc0765a673bf3558f34c93b8c003df26579584
bcf5935c477a39135ef7c870f7c915900374b722b7fd64867a06d3a6788384c4a5394ade45f2fb91cdd115346b6a8a7015f1b69f036f3cffce1b4f48
004b17b4c566e8652dc9209ffe004933a683ab24f2f94a78a10122ec53d9ed332010849128f1f734210ae748875a74e3ceccf7a41b646676d4e0fe98
3552188bb44709c07805f3a8c3045dbd1b24d822a27f87e6da1d26d25bb72fc48850c4f4f4f53602e9ab1b80be46f748fa2a94815d9be26bfcce1203
b69d1b38e111832287bf5e067c465066ae2fc92b738656cc7b2c430be9534bb5aab750c695eb15cdd0137b0750abea15bcb4aa9a608196cc5b0e7e19
3726672e50da18e385ccba3b600e3ed38942b5947b841acd2017a8cdbc87e0d8db7c4e2b086df5ef38d7322126bcc4122dadcf834b8b16a56626db91
ef6f9a1b9d8b753dcc83718bd6b2cc83518b56893044beef220d017f84399a9c213c67a44a5645a5f425bc20f75508de68e4d76e6bdfe0e6e51ee0ae
a9e2826b5add2d8ca533da863ab389539917a6a7358c0b1ca2ab3ba0078317121e0ce6be6644b7de3eb8b827716fcc02d02bdc02e4c87b8bdc9349f6
4afa29b45efe039a3373dbfaf0c2f7b67861e93f10dc9e33328e98fa367800ee454d88290f1fbe7506b35466d3ab9d6135920d6732439324d71909a4
ad1d987758193c476494b6e43fefb06c1946bc97752fe35917df523b2c5bdefd3b5e6bf0f9dda1d3f7791f9c51b04e75de799af4fb4179d1136276d3
ea4b090f1e24236de8fb7a59230e7d5ebb5194032a4aaff2414d9651724293659a87ccc00f1b3ee693c74b3d9c978645438275b2e1624694f01ccdca
0ce6296513e9b3dd72e8f7e2f06cf1d118ea3a258c4bc83cd105a7e71284070370822b064913731ac037d91e1d1ebcc49acae0b085b0407bbbd88630
819314746128d13ab7ec320c295aa130b4607a01a017c7c1edf4f715f74d80e9fdd61337535679b93f26d0cbc0846ed33098b0729b18f43f328884c1
7235dd9c61305ccaf3d48b70cd6dfe19fac95b99cf7289610cf395a85a88a5a15ce26340e092dd467b052f330fc9cdae1e0375df5ac800d5b0bf67ee
5139c6f50a4a32d2a205b06c933cf67b05b69e4dcf61f064b6180404243577c8a7a88287240df494e0716410022ccfa2b281beb9fa3c5e828b7f4770
95966430706620030294bcbe0850120f1d109f24e2170633a730cd5e1c8c90f74ae4def048f0c46e9e19c33c456902df1813a50c54b3793110316db2
10a87613e50cd4aa793326d8ff44774282c4e0e1f84ec2edf7710c1ffefc241fa2f1600137a2c189793366084f12a602d2f857ebd942e6f36ec247be
32c40bbe7c7f8aa31749653c00833c1f6e30e6ebc3351831abe2c3e0c3b2bc9a4686319c2635671eba24a626509be6f58143ab1d04021c5aad820d08
8fadd90861d8727ab8027e35a2aa015ea90f637830627a1ba617119de2a3441f4fb1eea1310fbb8f169d3e258c8406e738994890dd275b871ca0f0b2
3a29340823c5034218f18a35b0c286b89173d70234d26d6da0467855660ae52411362c4cf333b905f51e2ec3829ffdc195c859202e34e9bb011450c5
77cb72c5a10948260fb4523e5ca96c7d7d2db0a7f91cc14cdd7c09f0fd90e49db85eecafba5c61592aaf52a205a8dce6e8655cf3ed8d995e64c89340
1e4c61f1b6dc984a5eec47a09368f0f436f80af92490cbb3593a20c8cae3c309d40417fa329fe3a12ebbe177bb528c79b471a5f898d1225cbd89f68b
cf760b6e02d3bd9dcf6f099b3b098536057c3ceda710f68bf176832b4e54738297a703387a05cfb287e44e559764f22c9485e3b2d3a987a1004b0a1f
ed655c23ea70f0807ad4b51787eb8609c1e008ab71340cbec57b7af087f67209c3dcabd8e55e1c5e1b5e8e61fcb5271b526b599d1c0e9044830592a8
6f113e26eb44186ca5853ae4e0aaa6ae83c754444b2f0222adeac9ec2e5ed593f9924cec068769f7ac808030f3648385aca684d4cd595988fc5f4d0b
1a8766ae69b0380cb54dec691cdea14a1b3c12cb828ebaf5e046b5547170a34a0cda8b43ba9efdf160ce4552e350e135e97ee3e05c9b8e4a84422ff8
d76168d7318b13b83d8134b8d6a61d1607d3da827f25713714133d85c5f44764b5ba319f11a160f6628c13d86cb13e71623e99e28a159bda1f6cf840
a8800ad117504476196527ef65bcfa28ca14690a1621c13390e38d0237a05faf713058d86c030e72b6e5f9d6033c099adb238ae8d62141761976626d
da3818e07ee9fb77402c6215c1104fb7f109b1c7879a5cdb3422b62ddb672d2292dfaea6115666bbae46e66854beaa5e417bbed62030b58b0e461cfc
715632c55eaee8f15577490c84df1f73853d3ae0f51601f36cc7d618b8c22e537d288528df6fb2eb728c340b6840b0d776f58d91e00a3a06fc1ba191
afd46a01c060db381311f76657613e1765d7e818afbc26fe00092dedcc1d23dfa209ae208c9e3222f1bd64097b5234346684de88cb8988148be26a22
72a5059f0a30be51b236deafca31b93fe8ac3d9f0c15b12ec80813728cfe1d3a6baf4966c6b3e20170aeedc411195b66d201ce3946cf809cb358d938
58e59b193a16e891bc690bd33aa83d78695f247c91cb9e8b11b166d1fd33d6cca48b8669f1309186695dcf9186692f6a41f491892363cbaae78be0b9
db7c61eaf11217581583cb80d7b417c911ac30880c1f335d67f898ef1b684ccd7546e6bdb10d31325e4cc25084213cfa8642b284e89b82e160a673c8
291a8c60644788d16528fe4c072be992372534b2413c1f1259debcdc222ce94a0a97aef7d0aa51420dedc3b7171e23b049920fa65949151bc5379f1b
4817d1bb12d244306d85353dcf464ae333a2be7f166e43611189148a18c3c84c0ade96cb0584e6b850a6f3d95d1010e58d0a79c2fe5191cf714a3918
a9d3bd7d0f69227b869090a4d78e0bb325b83f986b7cb016a62b104e862891ad5fe21b73564e20776836d71557be30278861d0efac81008241df1e1a
9189c2aa177e854ce8a3b64226f4b2f2c195f89aecd2bd31852b1f0c46c015f74e7cb877c8ccde968c884bfe1ef8306160809c54124c8cea3088ebc5
3d5fc7947d64e68e4c2ee14dca00395f67d46fcbdd820ff6d9aa1da9ef367a37ba9979c1375a990d115d66ebed13a8757c0c86bb40b6dd213202ae9a
1630a4cdc48d292f8b39d49d485283832f7daa8303e139de84074d629ac1419ba56f3c082bb36fa003f13ac6e2011ba04fc5816816df2707e2750cf2
81781d63f1801ad2a7e6403c925172408fe05dcf1037ef9a8319467ca19d30faf9d89ef0b3f13682ac32fbfe61409ab7c9890978d94f98246f654c48
9ab678223e48c7383d80618d9f988cd8c11dc85a5b947a3821696d51c2e35e869555777c623c5bf2ef0513c82ac3a925ba0c0c8b0e24781ee8059b84
14b845998e13de582f3ef5898eaa7aeba1574075933c000462e940f02afb3c79c2135620fa77ee31ffce64965a82c498376384316dc11df0a188e006
0049575e9a988354bb2e5dc284bb98993fd45819d28373df27e4f0ed40090bf335a6663dc38143e439cd540ddd86181b253ffc01f4e7cd231ef8dd1d
9c286b5f20b0ccd4360d71615692a85e46c88d180be4149e6dbac013f6c53760429c999e574d48395c4cef5200c4de17439898ed609802628cc43821
43b1dfc2ec656afcb40801c6b16a78a81316bf9e18b726c625e1896eabdf13e3d6c499a58818a2d71963127d5e3d7a448091670be78a2e9db9015c82
449cd3f56264f5f030fe8b8f4a0c736bee00eb5b5c86b1fff63dd7573348005ff75f62989bf80d246b2ebeeff9f66af50589e4cdb3d22ff5624659f8
1d3afdd94a7ba4729e1d7898d2c5da6bc6f07e551eb35e1e33f68d86d4cfb3520ea6c4b0355d4f2973070a85439a99edf09a32d7c4df734d343ea515
a5904b89fe16de2119d93e6fc494f97883915af8c4994fc1e54261725ba005f631a4cbc48dde161a7d35cb21300407dea42130d4781b12fbdc1b6708
0c351a6a86a6993c565820bdade172e1409b04978b87cfe5102082dd1e53a5facc047b080cc13e1ea92238b0f90378b118e20adb4e7119007b1911c9
16bdafe078fbb8f577e0778f072f696f1b7a78dc6ea4469bab308ae0b5684ad6100ce67d30e48960e34e42305b342562f09a290d83d7bc4d18bc66ca
d8b88202a0c18c2fdd561ab687f0f0491bb2438da6cc0b6cc4ee9fc16ba604b044441f3ca461b38889dce5359ab22f58b0ecdfb160a6140b75d2c90d
b8620268c18a99982158ee71eb00d178de920b49b1daaf0cbdf25db0c2bfd2335eb127cd03acdc936e7fbdbfac19ad00d9a4e1e2f63dc5950ed2be0e
1120678fc5c4572cace64d0c8033d63744f4798e1b9f7cf385858838eb93d2861c66869a11723e078c80f3c147049cf54b6930f461a4497ccd7dc3f0
3883c3f038ef413cfc7ebb0d377ab37b7208ff330bb3117a7dbf137a4d16c1729656f18ab45f3fece580df05ec4ee005dc709569d696e2d1e9666d69
62728cea09d172a2a48cbda201029717a0cb231003fe1d119dbe6d105d77dbb47033aed92cd9e54da3291d00d9eb7d10647580d8b9db8d4e5f1a892a
698822b35768482221994784abcded50f1b98ae62538f81482717860826674914ec3896e139fe57692d28467b99b559ce9643a6f5f99276218bd0c27
e2fdbcac27fc818cd413f17da6dd7c9db4f9723861a034ad3c69a0f4ef08f8f3be3c11f0a7439347645cff3da93ca1bfacf28c725519018da214198e
d0ce159cf0a24250dae75eae28179511c1d8dc0101701913d47599274c50bb20234a2e3be1429e38434d604288a26e973ca48d60ad3b1e7468b65ce7
8913767f5892eaef579485918913767b449156f787cc8c0e8ccd130263b5cf324c2379964c9d67bae6c99494675a0a3c065f2f52cab5c467d6939258
f70a04c3eacec933a22a8d8599f1895e07983b1ebe95f9507b72b86c1e024cb453460eb464eb83c01849cf212046d2802399fdc3bad93c449268bd61
668678a776c8ccde675e036fc34747dde77081a1ed10102dead567ba3e5fe67c4cfe6176290f3925da849c23a303bd23235dea7c2660c878dce60d4b
c62dfc20475e8f6ec0a8d7ea0604cce706e2c7785bfa35b74f8e04db9b9071795653679a369c882647ae9e3644a45ad8a84c4cbeef2ee0535494d1bf
570474e132df9f96c92e0f09245aef9bd305a5061d0ee1d13ab69caee5f3174c0724a1312706a348d79ce1e53dd9a330e3819a5b286ece0893f5d6cf
97594d7d6684c9669711092bd93f671a9e64facb1991b0d923008cecdf1199258d491e724bb4aa300f234bb4d748869165d20bb8bde20ab9718b135f
08c87241ad052ff0a2ce2ed3b8a6eb3a97cbba2634149c46efb861688937ba5718ff6baa5308b52659b878eef0b22db98206b7e41ee853f8700bc099
7cb690ac6fb2c887a7719213536424f6982c34e6ca90619f2de4eb9becc392ebe5e1aa5191adfa91fc0543887d1a874435f2cca8cc07cdbdc0ccd167
ffb75cf9a86a741707bc683d2642a1bd291be112e08d49eebc471ac1309569c8b1ed3d0223ca7cef025eefb731e1f53edf075d58e13e36560830e4e2
9b6fa037e63f92b62f238175ccdefc74869fbd0ff830bb130ee5210f0d2b91caf0e234c585656476684e8669645646cb5e8179469f403cb3333b9c12
0f242573a799d611c737669a43ec9a95610f996d70c9b087ccb6e0e421e574c2e806890d342d785fe5e82e0bca422fa4a09a6e0d363470077ceecefb
680839c9eecd790839c95ef979c838c97e9a195ef941a9e67b054c6f932f76bc431c26dfba43ccf1eb4bbddc50d61c872493ec189c61c708b621e70d
a1ebe5555905326c1cc1f6ddbce3d90aaf35e219832dce992e5d497aab0c9faeea64407967a8b09036248f7a6b0f7721cd1f72c6ad7bf8dd7878ba59
0b3bc8e0617c334fb7b72a62196fa99b3262191d65960fbe52a03d73d049c1bfc329c1d847e2eee9d69ef7b4efcc03c9edbd1cc7754f0b02481dcef0
96297438c61dcf7cf53da7214f6463351138afe70a54e6632e66d9f9b873f1613b696a7b96cb832e70da220539f6ec6a561ed025cb57a7c026a10745
7a19ca74a1b920ab9e9e23e965aaa49acad0e088a294c1c3377b279589ecaf5cb3ca60e2fd2243c2c366bdfc50f9623c34c2e5ef245ea65cc92d6e5d
d27a97dc070cede6a00a5cf865f02c33623645c3ca302934d1863238f226435799e9d12b940e7edca16965c6ae76dfc824defcf5909244c90a7cf345
970a3d8d6ecd07abde74464b4062712383ae4186044c746d061d4cb4de9fed65bc62623fd9425f206393be40e22d4ae4cb84ba820b58e86cf343b99e
ff70996a50090f051a7d3bf314844b3a7ab1d01de836e48adfdd1e1e6db7298229bb7d4f180533186607ec17f0cb7a45bd97c1a978c2c8926d178692
f8c89637351f62b29eb3f0e140650ced1538fb76ab2fe475bdef9189da21fa058ef4d6641670b2b711e847afd7af7b051c317cb2a192b7eab2f06d47
29340add8792dbc3f9247902f09e113b51e02d14c5e594025f13090005de42511c4b297080caaf793ead378677941891020ed69afa522eebb82b30fb
ec32343c0fcf0ed064cf8e6fe0ea322960573b0d10bc482eedf8fe02eed47c7b01736a557141968bea488202ce323964ac54ba45684e780bc5eeafa5
5e64482843620c3be316e692b36b7ea1ff8ee4f4d2f88c86cb03e7760c2e4c7de139c359c75ec605a10076062ec8ff6c0fe682d04abb2117a6c6b087
6e194c67b68370616a0c096c85af613a6ab52cbc8535233af38841280b22ab4dbfe0ca63efe5c297fdcaad82ef6948ec28cb1560f32c83376c3702b6
f26959d3cc15ee42bef25618943da7156679033578c3febbb0bec286eda30b7798e15ea60a642af54658113ee9adc517e7cc4a94159e08c6d2063bbc
f882b2c113e2f63b52b17a467080498e3e2e1b403271d86097974aa1f07df46c24315d86b1b811048f482cbb0344dd7ae7213bc6ecef77780e48f428
3b1c05fcfd0e5789ecf68538140443075d6e5bf97af8d8f48929de6eb708bcfdb32fb2c11fce4e6e510e4432dd7e874dd45b6f38d01433a7e5804dd4
24080fbf54733a07afb5e6011055781b108163bec6e0d45fcd4a1d0823f469865bbfd9e1725cef560bc92742b37c4fc161c6413065e8ac6ff9950b1c
666ec71b29a06fa717defe4edb52864abbdc08d609b3f46dbc8adfdd1ebca137111c72f4b2572fd3eeeedf8900cf87081082aef800758887608be951
7d10e059e51903be2a53677dd0f7beb937a043c4ad3e60a59f5c86955e5c6005ab6cb3577d101d5965b8efe8d4d607d02170f18aad5f54ea65a063f6
7c808e1bf4dc0f6a3f71f9359f69e621d604f01e9f634c2abc6f9a199d8a67641c8e5f07eb5ca3766c9dc0bcdf4618ccbb4d5f75823d5947a432db88
1d3fea609c832d4d75e8c383ad2895ea704b3075a8c3abd507758641f9d621b7a870385f874e300f6d797598551dac7ab5b6a1ce04d903c2407bfb9e
207b00f80c7853cc0079f604618116a5ad81844e280a00c85b3410202d6ac026737f0116679d61bc6c5ca33759003cde1401f078cd03557962566bc0
9adeca305f1a83014e0fde75916f1a4b02a97c27dad1b215ec7a7a882da99138168e9079cef11435c2bea8fbae466458d5055b23ec8bba406be414fd
3b32e8784d07ffdeac8bac89e64597f1c65d7619391e7c301342f70dd070c769ceec5e13cccbbaec6a82bd5174b726c2e7fe089ff031b8ffe6f8938a
576c6ab97548000570820939f9033a5c99746442a4061910f960664ad1fe9d1009e3990672971bf502aec092e87eae579a69ef828cf423d965ac8149
07b2d6593b52f9528dcd39b5d01f55ae7fb5c0ded8fc458260ef1e9140d527054aeb87614082143ba1d5211234df56b5c09a270ea20e9120da8da10e
91e09607aa169827a57cae4883675b51adb09f4a175d2bac93ed55cab43aa4873e98f05b09acb053016c751946bfe6f64805d63c38adc9fe7d417f5a
9e8a6c1352add7a1d46ee671eb10359aaffeda90024056a8da00acc95ae3e3bbc65623406e10d1a156138103f72dd900818cafb551332f4548bd1e64
f48668c86e6684373e6e751b0386b05b97b0ff190848230fcbbc15e2c8c3626285f8f1b0945c97c40af5b9c0b0694432b9dfed282dccadea1e60d734
148c44b6f76165c298db9dc78c3196edf1f07cb429ad2e7cb5cbc8a617905d95eb7a01a669ae30f0793f4101de09b3c6589998de447265cc95990388
31f161b2ba528f163cea65fc728b0386287771f20b216383adabb84c5b9754317583014f924cdd68c093df7c1d928b9f58ea65868ef982de181ce70b
8fdefc559a8abac1c0636abb5d962b35d8f9f2b6770534df0ff7b05f962b753154e1e3f9029569b832ba771aae04c64ec3950fd88ec789cd070c1f9d
14cc07ecb4b498c0eeb4b4f8e2de37eadd84fd9d9616f31e8c77b69f694578733418c7654711a007ed2802e3400857f08a1f9515ee020feafa661a5a
f2ece583cce38d7c5013a73234e2b7f718eac9248aeeef0c140c05141eb8bc71e1d081677b6357f8d158cb5e4fdc03e62e8694d16e42c5799db6278c
ed414d904e4643c6405ba1db835911657b68cc2168d9b20dd1213bdf5ac34be5b79730da900d52740788e5cb2e43cf32790670e49765a8d191bf975f
7117b589af13b937080eb399ce360487e424180da97564396943256fb1b24d30ea4497a98b136c50b7375f7e8d62821ddedb4cd15ce00eb120de2638
a480e834966dc6ed79fb1e0fb509db83c7d76b4cbd88d406ee1ca90ddc982f147b2c6436d0e4c1ef8b536b33733bab3c5cfb2dc2b740f596d48c2d70
6b1895486c6357c576e9dfd503b3457baf81fbb688d522d5aa9a1fbc4d2ccf34a4a39965446c57be19410fddb77da85ae289537f89891b349fc4fcd4
1a3f713e5a4b647db6cf54c3832cd3ad3f0ab52a674a84ea3fc363d727235384777b5c5c4e7fd23298f3e20fc0167a85e0c1f1b8b5275be832d2dc89
6d6c997796be877fc66c52dd18167b0309ac6dd0337ebd822fb7ab389c8a7df60b2d5a5e8282e3e322de9434469019507aad36d8de96fc2bb3dd099c
c2fda4fd32b8dc769b3cf2813e5c46ee65ef7e68bd2d903730b9ba1a1b78dce4d643ec90beba0df78c266b64c3738a16f61b7c2f92fd0d1a34e4cebf
d1a00077a69cc6d7c07d8e2b5f4f179e1bcf8616024ca9b356363a5ee8b66a8dee0cdebc604a9d29ab413feed0a1d6f812bd26041e7592a0dbc0a2a6
b97a4680c03386cfc5749b31bc042ce4b48520683df86ab84758686a12480b41f2f7602c4c7fc0af3a28af2dbc6804e102086fdf835d320ac17ba672
eb90ba6837809d647e95335be3e38c4ec5dd909ada9af086c71a9d3bb641396fed4a5b11522e99ab41351fa52968886b755ad2b65e5630c1bb32d5b6
f7dc4afae81110646ef2412ed7149cc9177d58571892c46eb44b57ef192277821d731ab233da0ad4f0baa3d33f3604ab3ac147a3aede6ac5063f102b
6c1a5860337e0dcf3bc6ea0e61f89328d8980afbde212c7fb33f58293da84c900512835b674380b87ae318b1ad515c7e63f21fdfa0c8fd63ad6103b7
6c955adbb9e81a6fe795a2454568acd35336faaf7b13ed1780ee00f1d912761a9e77b4e2b4ed0cdf7587e4a63ca10365f587a4d88e926f7025b9313c
c71593a832585023f420fb2784c33260cd413b0890dbc30ce75370101ecd1f9e26c96c733b10c97a1b0000996e1d04c8bf830c652f19f8ece4d715da
49103585c17767db2ada0936c06b48aedb7406cfca576f5a66edf61e82278b4d150d6fc524fb39b4938b6ac607c928addd6e977fbc1605e928adfb6f
2770e063720207b7fe185efc2c2f786dded7f4f2a097d94365481e8e2e5baee72a5d867abfb943705eb7df69066c1e01ab26081684e72687702f0f98
fdb4af16be38a97dbb804fef275f3d4eb0fb79483c31e9555d265a329bca30fb69e32d7c6252276b9968d9ac2a4325e3555a2698056f1d70237a40c8
25d5ed2197182230fa7a6fbc97995555b467e1a392f5554ab505a931b39d91163e41e9354422a15475fd2d7c6352277181ef7c72d0fa8258e0e1bbaa
0abe51e4167c15d2202038d751eb4b8095482761a102dfdb28c04a145c8655504cd5823722f3ad3fec1247442f0166205d384b84f0e40e198c2beab5
445801b3cbb0027a427872c6a90c16bc5a1fedc2b5444224a445d8bd923f004472295af0caa44ff282f0db6c00224482e4fe61e712c7bb20bcd611df
0bc26babf4500bc26babd8c82511208d47677627fb5a1297c80d60d7f4b9c32b93557ce892b844c218929f2767165820e4e4db0c61c98b9e2120cc1e
900962fd3d9630784058cf8d61e6dcf41e82b350e7a40532a5a4e0327daebc093217552840006ff51a64aea97f67065c97c147592c5a32b7a947240a
0402027c639b5c011cf8e821a37abd4df9e09d24a0f130653592cb05b4b08c14ea965d9602b39357810fdbd8ef7a191682eafc3b4b8129cc27a7c0d6
67a4303ed81b114e43fdecbb831333d094eb45be34a54a13acbfc063954ef3b454049c7a27c0813d99615fe056941db4b45400e1dd5e098426cd985f
d38f4af220bc23c6d77e5e0b34fd966916bcbe939ba738a4aa60ebdb82185f3b7a2d78b0d2498616c6f87aab3566ef345a1b29a0d6a9f12d01131044
fdda54b00cb7a360fbe1d208a250d2b84e6e0f9bacb75603c8de9bcc48ea04340bec00c9aeba0be284472eadd75c3b0b5f94f7fc1662c065d8707d9c
11356c5bd9b2c066eb258289a03995cac264a5b7d3b570a7ba07406c8ab51062fdce17824c40565ae73400a2846ff0234ad85ec00bded8b464bdacb0
278afd5bf0c6a6c5c865c52b253e697863d33e57cb0a8ba931843737ed61b9acb0987a4fadb008fb5cadb03e16b787c1d4d40911c7f6625d36c2aff6
1b2cc4e27f970df09bf6f001220b550b228eed91b56c04d8653ecba2093302d90bc008e4e2df01b0b728828cedd2ba6c04d8fdc342ec33047fab64fb
cdb2d17f5106d9055257b3e26be173438e695810386c7f93658767b538ec65f85c4587192d3b3cadc5512f081baeb7f60326fb7c2d081bb6d4b10cb1
abd99d67813b7fbdf50fc5fbe4f9c026298e7e8143bfc5b2658861d181530ba2882d962d074c92b7ef2369ab063888002dc201045804c0939c162196
83aa457f0f804dfe0f02ec0101f0ad3f02ecfe686910008c3ab6c66c81b523da0ab4e0514e6b5f17a4fc7fd81d64e1a39c9631f828a7f5b30b32b43e
e2ad8bca0acfa2b142605e5105665ff86ea7af243ed369bfa1058e5ac9a6dae5b2a1686fac0f1a28b5f82bc4ab87a5fe95ef725ab3b23e688ad572ac
0f8232bbd38a79b94f9a5ea3ca9c775619066599bbd6c795cbdb73e0b4b585d689c17ad1154c5ba2eb77bd5eee14695b27a6c28f6e010d76331c136d
9aba31d7ebbdced75d3feb74193835ebeb354f71f4eb1501a18dbf4e78174ce4739d18a418dd055c0b9d526d9d2fc0f5c9ccd4c822f92b0297279b1b
d7218d253fb9b3f2bd4fa73d5af9dea7b3caac10cf269bead699c6dce80a3c009addc5ca23ed696decc2138746d6e6f695c95d9dad694576d7c9f109
6b60409fbe801167b2997445f4b36d266ba0add61d5cb178aa182259ca462fe28ea3d3fcae43061ba1c32a4772cf6e7005acb90574484e36b3c6ebe9
1c611381c8c166b6156113d19924d6c8974a832b10f762be628dbc55444f56987fdcc310ad8a4ff510ac4cd0d7215765f3712bfc9e9cf3674dd4f7bb
3d46f3741803e1e308a9c69ce6ca98085db22b73ac4aefb72246e2f696fdfa7c164a23663a9db801f419cd23c0cdf9d62323e7b3a704ee5aeae5b540
f836820a1c1c27ff4ee15b030c5351b0abd95a2ef39e70442fa8d90dc84d1b89430a6af5d600fe2762ddd6c223231011ca3b3979d4ca50de9cdc62c7
661492869493acce5c11c8eb9f9136f54619eaf5dca4fa83cc632a5d1192e4c330cc44ce49b7c293c90845d08493fcad957bc8cd612332edac74ded0
2940cc44b504b6e23d05bbcaac0d3b5a57d58a9889289dd10af1a53623b05d39ce558668ecb34c71c6c41646224b9d6b83646cc289200a4b2b2b6c48
397b40c648f8da628c8437e942fd8606800dc88e722bd39dfa1a5ca8f5d3041644817882f4501a41efafb97ef038e92c2de6ba2098c1f85b90d6d1f4
7785cacfb35da1e133742b22017c290f51639e7d6bac489a68e860f26936f8ae43d698fdced03a648d5ed60457c40178bf6ed0336497a15ef2864170
85237dd7edca43e60a040278476d70e1f596c4e3a537eabfc16dde54698344ef2dbf41a2f7c50959c0eea5eb0671d797e006e1cff3d9615217ffb6ee
30a9fb84ed14e8dd9e3448f3c333a48ea55af74402e106107e0c20330c3941d0ba5f71a75af41dbe95262183b58ff62d5bc9dafb77b2f6be510f3880
982a1ee083c517af071c427c731c105d6ebf5374d17cc0c9db3d6ec56b0b8e375b07271fed28b80e4e3edad3701d9c7bb4cbde4abf253fb5b5e2f12e
bb51ac27852f2feac9487a374000bac9fa092b9e2688ec405ee2931e33baecb7cb5a515586565a17db365c9266bfcbb331998f6df11b728f7afc8d71
bea2f21be37ca307800642a7667bc08b2a7800b85154f7c7e4dbcf225f3d9d5d1e874e62cc36e18d1c8f365de8d3701355fdd92de86ca0f9e2d9d45b
7b106131e1db7465f0f5f7d4ed5577001582c8c436d30f5e37cf8687ba74ea372626b59a6b9bc11b6905663e47e69fe15b20b2b2f1d182db78bce854
1e5c697504e38647b9ec60bd21f0d7ce145b40e60b9dfa2d604369383cb8955d1cc6aac98df122b9577f70b4f536d6c543ab7c794c3ecb780f35ea4e
d890df3f7a3782351d0ab2575c301bd377e6e2def8e2a3388a0dcf01d8797943fcaf4d301bf85cfb226fc3a0d03fd7efc3a030fb91a82d91c28bdc6c
6073e7e606bc93843d181066ddc85b821dedd61eca72af1d52dfa4224e79cb601ba501dc32e99d3ac8a4779a71be445f8d3838dbe4f70db7c1b82673
be5bbe9237f80384991b0778374b7ceac6685efd0a8f262728d990eadfc94636a4ee6f76cbdde0a56480e995e4f34d37240f57498ea41fdb2afc5692
1bf0b408611521e19e105ecd72a2adad2224dc1324db68fc20b5be93516f976b91c801b944f1b01bb84467dbdee04a643be106aed19994373081d592
eac657b5ec58b3350681140f39a6e487cd36e66b7192f16da8b17b0395e13be4e42b1bb4d8b62c6ef01d4aa6f9836fec65e16ce129154e105beb00e6
0dbe43c9140bbe43c9bb1e7ca3bd853724bbb465621b7c646feffec1f81ac70bfc4c74056e0b11209c234dbe1f15dc165c21e2fc36a4c9f7436bdb4a
f85d86b8e83d40e721719a1b9c879204a10d9ca495e81b7d877c0898f8328bcdd9ae87564d68369a7b4ce836b83d785bc257c786bf0dbe3ab6dd6e78
84cbb6d86d83d38351bac19345e2e5b691d20964b8e6d878bcc135c7c69f6da7278bfabbde65f500f0cdb177e406deaf9953dbe08c63ebf0b6132221
79a730e1df791084819d10790042e4fe0181e9d44e088491e3126e5c0176dfa4e5b8ae0b8d803cf4f3eb9ed2d90e4a33ee7d07a5177e10833b7b0f32
878b1f5cdff0debd9f5fda98b4de87e4042336b93db48136a46e83119cfd1cd376425af32939b965b48586bab6049feaa19c9dfdf8d1766e948ffc01
41f28ce065a263b123a83688ccec487befd7997686bd6a45f68b73f4ef307ecb23796718ab48fbce30d6e2ef913d3d797c18bf4517f789510ae2a577
b8c16491d61d59e86b7519f298e4971d0ad77e4c8b2a0881470004621677c4c5e67ceb11ccafa8fd8e2cf5551cc90e37180b483b1f802dfe9e5a220f
0810e526b3cf10418bcb1039c54fed333c1ae497b3cf8450289f61cd974272470afc2afdee3e1340a17c864343f1f784cffd3383af019e01407519fa
611bd8f640083463f8c1db4d720f30a856ff0e23b2171961b0b6afed012654cf9061b0ba0b777ad118a30c8395aa706718ac4cff7b8080779b1fc497
eaef21531bc3e0704b334a1816eb5d1cc18e8bc5dd2300f696880458004400ec53813c9266897726c1c99e4184915822ec1ea9bbf4b68e04518b1c61
52d475b747a811bca91055ebb8973d426de04d92a036104bb92742a4092442a4fe139748284f99c74c3845169c6cbff83d71c61e01da7b7b11ee0981
bd26251949767dae18e6aa1b7e6758abaeb73dc30a6b52c2305793aa0c2bac719c89224d30233448d7f59e9116d8bb18b100d5eed53ba35c6f654e78
7ecd5db3f3ed5973c53b55b992a1f72757edee6171d565bb23e4d58e493b74bbd50efa3b625eebad0358208df0020ba42923625ecd5fec957a197d8f
70007b4eed8807b067ed5ea98711c2eb95bd4b2b8ab8567b32ed158a1a71503be25aebad0c886f1d1262f747cf08ef62a4b83747b457a60131ce1a0d
8d9e73a3a1d14819bc7d74c8e7de6878f4a4db257d69568d265383096eff6125f1de18d369cc0d6e3f3ac67307b7ffb09a786f97ed512daee855aff6
15bdeafdb25ca069b92ecdb009ff42cba218ce9dfeff0e65dc175a137da6165a137da81626c834be16c681fa582e8c03f5fdb5d0bee883b8505fe63b
7ca57dd1477fa57dd1e46c6568a86fed9586559368c4b44ece78b923a63517e363a581d1276ea5d8ec06577a5001bbd27ae2f286b200198e28c94f4c
ecdb152d24d0b7cb40ec0a04d739bfe50e7df27c5b35a471b4326067da46cbeafb500027bf63bbc3f72338147edf19a2644a3bd8fa64fdc13e54bcc9
fad37d67ae4953bac1e6a7db7d0e156fbf9eb43e3b033dbda10723ef9cf13b7ceaa36734088df10caede2ae81d1ef67e3969c7c3bbc1101f60888ce6
83963e150777e0d337b4bfb688ed4342b01bc9ce3c8d5e42bc3be5d730f713be42de67c88ae3a98261bf25bcdbe15161b7961d4919cdd0efc8d36edf
a61d8ee83e8127220835f9e341d5caac3214994d4588377e6af97850f351556670407a55d29be341bd485619e634edd663a2a55abfc3e53c3bb5d431
98edbe57355d30db763f3ce0dc601fca03c1a14927f000af6ddfb703cfd73a44eba0e2d6e8802f837dff8e89ba3d4f109ca9a49b03a91aeded7ce0ed
59bbe21ef04ab00fd001d638485e3d668a576e0ff16a72ff90a6267f8ffbc6f9c70e3ee6241ee3c0634e559ce941ff702f301e6fb2b6f3e0e34d3a3a
47e0767299acb9101ec9c6a93f32a6cdbf5f0f850ba208f38f6eb723c2fc630006a71aecbb775079eb07410e329e4671842f5b7607f065ab2ec397cd
4bc0742ed91380e6dd7b10e95aac323812980c31294782893cb83d780addf8c76033a3fd638e74ddc5fe80fe4bb71697eacd439cb8adf545beee62ad
c2f0c88ef66f3aa0c075628923c317edd69e3e3f12e18e4c16429ccf81fc8c931f7d3a06b39afcd6cc917974bd90f9ba54b5b518ba6acee6404e469f
c502c3bca0660216c15c68b0d084987f4510161e5c7f4dde5a00c1efc0e77ab0a6e5d6190c0a4247e129f6440fec497f3d5c104c0410a5ea8bfec04b
ad661e8e7ab93aaa7ff81cd8c479d4cb3344f3a9e40cfc01f4cddec3d4377b8f3374d58b417db3f730723b3aedd3417db3979b6e0abad08e673e154d
885e063e04542837132aba1598ee3337a32939dd0a3ca385b28bcb88e8f2668176d8368a6321a1d48c9979d1188257c170667ccd3533f8ced90f3c1f
0ba9ac3b5f50d6e4175259410f278360e01750ddd9c01cf85dc0aca4fa5abe15367dc9cac74a22acfee064602dde012703eb100fa478ac52171c7cc1
349806ad5062490c3936e833c4cd1f1b24556393fec35e2dfa0f1bbb1b524c79c2f41ff6adb1c1455edcd741ff61af1e1e293293735c0f94367708c9
cf2764e78b3752f31d3b443d9f103c4b6455f5b183a2459791f0c76792dec562080f7a1747ff0e61571ce2b143f293eafba077b109c8501c47fb981e
3bd3e67809e85e2c29e4d82161dd00a284759b3188ba09ec6042a31d618f83f295a70c2f043bdb1e7030b687ea715000318d3c2e2a2f2c1f94bfbc4e
07e52f1392e37acbdeb3d8c0576bd093acb1af1638090707e11dc3d720392cff180c6cf2c2c025d8ee2007f8d7c9933e69f6f0ca9c17cbe90a84017a
299862a5dca60497323b061ee4793d23181b9ffd9d43c36ca5c4395c81b3fd574ea4537176d3f3015b9bf6f6f9800922fbfb4ae5a4cac80021fee11c
1cb2f5d72758e0d834d9136ec0b9dc3a38d8c233406ab027fce7c4e809c133c1d09655c43b85fa78c21b711a6d30b8d9f9f7ce0999ba34f6c48bc39d
e1e2f0d87cfed4a2d509bf02e7c7386758e5dc011c62ebed77185cb4fc67a0fa5ff3c163a5ce5a7f22de3168ad4f262c941af0c463a4669dce8b9f75
7be89e9bfba3b799973bd079c8f80b505cbece1bfa8c90debc19229847af76249912f89164c9bf579c6981c3d77b6c153c235e84910ef18c74aef6f6
8c501118a1f03e48f36d4a07846f0f715294d6104313ebd7cf4ea660b153e99928730963f0b3b539e2e473a112decf04e5b88c5a67e265e2ef99f441
d7ef3918e2e4d77fcec1dd26e3304315a3dbf164b4a1b3719f9927569b98495b2677306c5a7e2bedccb03f18a7082674ce93136eb9b9ba7fc4c4567f
0f992878be50637a070d4638da45f52ce4d68500be355a24849ff47710c53be1efe0fc8a27f2933b83f3c91776c43f9c85eca3bf07552f9e0028a695
f327f3957bd3205f7912c374162a0dfc3bdf6ed11283034ea622953ea2b7065c02cda872cf68026080eda57b329db92ec313c95bac4539e1506197a0
b3c1ee29adc8d9483684d1c1e0ce7e3de36c2413fe1d7bb6fa7788bd6280cec62de2f6b03236b7e79610bc0d0c59f57c6072f31958e071e333b0c0a8
681a0ed569b656ee64505f73035aa4344126022c3e3483c70d563c9f0b8c0dcd1d522cd68c1788c53ec578ead38f1f9d0bc4626f11684893f3c99f2b
d5bfa66583ab8d8e8f3911a567cdd439d4a1d13138e78af8a6e8dfe96865a4ac17ad13d6af1480de46d4871a88959e62be6e901f65b632fddc2ec947
606c705df4ef91d44f436c7881cdc506d94f406f9892ef1b70be4e9a70c225c266ae132e11cead7eeec8c0535ee52e70ee7013f229db492734b91d32
b44f093c674d2676920d7f0e6ed077297860d3d99d31d5b7eec1d5dfe64e2ae1dfe19d7023bcc8f877233b0781d5263ee0e664e4219389b3879dd0bb
2623ef009df37ee09b383ea5d4b59a702331c97c1b1fea464378c00dcb8b0566d70929ce93f3133c483be204162794b3361b9f483332dfbe07824d65
9054c40931ce1362bce77b12c16e0fb2fb1cbfdf10d83ccffec6a3b8e0735d860bd473b3f73258cf2751e9e50ded679541f69f17592fe3998ad9658e
9f9f65b8d1eaa5faf15a36fa9b54c6e19a351f72a651f3811bad6cb8bd0cfc55cd87dadbeaf6d0de06f70f7867cf87f07a3ce6da74ff8437aa0c6674
76191b38a80ca75bd929468e45f4a7fe672ab434fe4c4ea4b801b4189e00d5bd9ef00c1fb0db0050bb544f00d7a0176cbe62d5558616a60a21330176
ff0038b83def75f74f809bca5c608d17e0a055bc230220f68e0858d1a015c3833f6956878127c265084b4610fc80e50ad2cb2b35631a000908ab3132
f4c99d7773197a246304cffd542f61e40a0822242cac86108e0fd55b06bec2d55b0e8fff546398debf7283ec15f081f39ea0b7af31406fdf5b1941b5
b23d0e3d2266e40698b10f39bd7d7d88133cb0aadb23c0c47b2a41993569491234733e54c8fe115ea539eb8d299e693912fce1bcc1c08b57afffe0c5
e7d9fb23335bbbd09d018c3774061fd804dcc59a0b9b0899ab3ef160d5e7db78d005787f22ef47f5898496bafa006468ee6efd01bee6f289df353e5d
2e8c7ca8b0ab2920b229c6e6fd56e875e2e52997f4ee0a040019e40a89771208953b5ced2b24de5953ac70e1f38815283551ad646d85e20a949ac654
283f278150c1da36a1b4c2bbacf9f70de3793e44a1e70be5a797bcc117abb93c633ccda771fe2e277caff11b3c107d8934ce5ff03638547a89c18a07
5f320dca5a9f8786fd3e0b3f7075c852bef70aaeb91044debca9c38500f87798d4bc67c8ab07d3a085c9c69350b6f089822c981788174d300d857169
262a5018b7873a40828cc9173b7c8b6b7187085bcb5e346894cb43731cbc77987cf30ddedb8f5af672457bf7377ca56e540e8f0ab55b7f2bdafbf70d
654f70c77cdc1fcc84cd009d185fed1105d7bc2987df424dc639b8f266b23fd8f22ae7ee5e861ac8fd23e84d2a855e1ef29d3482bd5c018fe6b7c137
ecf63de03511c50344b9793e1bc6173e069bdfdbfbf703bf1b3ec0ebf9ee089ff126dfb95efa9e316dcd17e5ce0572070d1d0ac0a19f9e8b77cc60d6
4b33c03b174800ed98f043a794ef15dd2831de2b2a6e70c0b01b35c38310a8c3a19daec903202be17810f055f7cce0f4fb74dc3b2c202622d05c2705
a0f78acaee05301daf838fed41cd9e3f390141128427204842e9490884d2135968bce6278c2a4910e27da264149f3863c9dfc3a852dcbea2bdcbd083
19c6134695db7c917728698f9cd8733e33900ef2ec437f62d3f9900c71a14a6b33d23ca3c3aa32d2d0349703becf2ae390e9e6991e00587b6c1abe21
41a1dc238fef5813993446ec3d06f0070d13282a2fe8d0e51503ce2a433328d561afd831a23f80a136f977784cea2e9b868052a597ea65d0d1e43221
168413c98afa9be07c10dd3ee377413c7149351f24c3b0f1a0ff85b7589a07c0c3265ab269827239babca3437f4f809e4b3a4122b1b7c210f6c74d20
8f92a15a408f9ad2102982d24bf4320c5d46015e0b954cdacb30e589fd9cf05c68f5a699e12e51fc3df4426290a7c02c32ee30c029551cf7045feb6c
1c07d822c5624e8113d60001696d24224cc84058daade2c0072e23bad78b469dbc448829c2b46814f2c950bd4cdd2b3843a134c27a5afc3b665cdd01
3d3e0461e4b61706223c4092db6fe85f288bdcd56e4f80dc9e28d67c90243dc9dda357c0aa505ca6e64d284ed0bc19c509f1c8063891768a724c0936
2b9fabc435f00c6861f31a24583b679761dfcd02111e2c7291c8133c583a03e30a2c8a710cc1a12f8aa600676b4b8e53666a216ffc0c75e2fc1ae7e7
de18dad1e4dee0d8eb5d9f11812da96d826bb6dc137a1911d8b3bfe783aaa6b5d0f94b7f3b5e4645079a2d5cb5e52f317246a3ac0ee10d23ab622fc3
cbc8a473980062346d2ed883c9e5cb70e409104237404cf9ec0e77ee01570044893e139db1c5724e95ba0153920afbb418efa9d2b3d9a4a852476d24
544e32b982d62d2d43bdacecee931adf5b0b3a4f79a7554e5b1bab612124314e0d6fbe983c5d0ed926709743b6f72a1db2831bc0ab5c7ef0bd827676
6f5ee6e468c18334567816702708fe82807a43c27f26ebf5a05e41af661fb9cb43db5be272c83661bb1cb2bd291642e22f7064827fa73b808f015e0f
2a269d0b1dcbbde60bce89015db0ab823be0f298d42c5c1e777041a12f56fab6995a5e8f09999e0f61281693c3950be6b373b966fbcaa16b76366733
c4a1a894d6bd7cb1dbae20260c395db343f420744cbf4de37288731fcc41e059d041ce5b0fdedab199486cf43af7cd32ac13e961a2b731cb95e48c69
bb7c3e34e8f54291efe70d81f8de361b12f4340fd1f0bbc0d87804fd3dfcfebcb7b7eb046ad36cc8e6e58d0a77f0d28c7dfaf614d332a6022c267e78
7e687ef8028325627e9852ec7437336bb9d3b2630a0c63c3fcf02e80b161ca66fe8e99345ac81b224a0a46ffc1a86a13557ad46453f52196a4dbf938
2e8f7e7751f985260eb1641e26a9d75c4b9059e687ef195830e6877177d2c3df6418368af961640e312659109b90eae3c6d322d58745e7698829c9a2
ea34c494944d93e17f33df6ee221a7a46c5275f2e927939193d1ff1e01d1ff0fb3744350f12b0fbdcc144f4f98e621a8242b6167a4170941646586a4
11bcb6331e3bd5c2cd0f5ae5b2ca43d010959a1f787e4ebf4e786d4e7d4db4faf867f81be8ca99e9731e5da6d5c2dfd36a216890c6dcdb6c064f6f16
7e9ec99faabf196166224ef38ce49fee7f063beafe67b8b279fee0e8ade29e6732732e83993376673ea37dabb8eed4a80a106d5d7873407a19493573
2099d28c030f966614908bcf3382938ecec81c407dad129d03f9d15b0b18ca8ca2003b86d882395c4a569561c77087f1a2b42ae32170dd42f3e0e8cb
6dc2110ea3d1eda17d11f599230459311d7384203bfbf7a17db9158161656be91598bff01511d6ad5f13fd8bf5334221838b434f21d6614e4c13aae2
d8faf2a7ef65387805ffce2ca12a2235c66d6ca4c6108d9c335ee4d1d99e079f9ee58e3f7c8c5116e6982a44a3675aa43559e4c89b7c12a1ff9f7c36
a0efcf96b867640e514abc5e3e40ee044e26d9d780052651690c66641299bdf250e0875b7bdca8d281cc70b5513cfb304ee3779761d2bdb5876b8d94
3873c14e95c03ee381a4d9f387a7cd749b1f4cd25291cc3017281f592f7327ebfb8a5bcd3bbb12bed778a70dcb323446ba56e70a83b6495dc50d68d2
c3c4288ad61f4d79dba84c74083d745c373a2ad1e301c135193d7454f780c897d7d92c3568bcde842f3eb2647c815b57f29c81794c40f801b3aecc53
035380d0dfe30637316de43c0410d3e13d4c8a16e6c6d4f53743db9f6da099c1455bab352fb0529bfe323149727b844c794bf311a45b7f2476ee0f46
5bc927331293245f764c4c221e7da6a7cee4df61b3d57d3eafbccf343f70cb5623ce4c542286605ee1e2e9fb8b6f1a7949563ab86abe608cad369c57
3e21e1f1088ffbe396d7f7e08a1d17dd2b6042f519dca86a36c41bd74810834bcec517d0c63cf71a7283e652aad979e312ba038228946c5c42cf884b
28946e74ea75996fabb83d3230795331518afb07cb6cd5f2bcd3b14200224f8acd333373e415d35d30d0564cce3bdf8cd09edaf9d28826b81300ff0e
bba96f7cbaf24463e84a84e28b042f6bda84351fe8c1bbe6805ddc07fb806f89af70a432a93e1583d1cdb6c0cce073ab5170c22ae77bee84e559f2d9
8cdcd4d5a7844f027957e149205b1c66c6517a1722d1892d3633e22a6d019be1bb6313dd0cdf1d5bd4e69318f47c08bfc707fcde4227ac90e22a037c
7b6ce0090fc2efdfa1f84dfe1d6e043a85012cb2222c7a19896a84ff80484e65bee965b80934f7b761fca0321e34ea5bfa15174d78d0aceec14f74a6
c126d8bcc55504b0dc7293eee504643e5486974674fbca6b421fcc804e1420306e52d80f338cc2c1651885a3dbc3fcf5686ec0e51004f08489cd5f0c
9eb7b3c0456598e9b57f03022d6f3384274cb6f929800956f6a65e2e1cc13dc250af1d1cf0344f089e010ce1b7df61f28b1e00307b85030cf7de3101
91c71e2f6251fc3b5d6dbc63227c680d005eee515e9b5e86e1de18c0c33ce1d69ef0b83d7c39740202de0a0d5e6430d1c1f044382264ff0e78b27f27
3c9e3f96501428d013c79b0c0ff9048f9fb8629a1f1d6fbce2890be6fe089ffb037c1e3f710f6a0bd131e7361f3c446b292250e76d578a8067729ab4
0b21c38a3dfb038825c618bc638a3106c7f522e63c64aaed252c04bc82d3bc07914fda6aca80b47ccd1de0519cdb161ddcf56cc9250cee7a569c652f
0380e0df61222dfe9e0069c20566796f5970d7e5b6660566ee5b0340e83331d8eb3ea0305600a03106763a9b1f0c839f9e8b3f80f74df3a6af38e69e
e1e098e7e22582374e3125ab80d88407de372df87b2c99310cef9b220129543a1e0820661851b2fc5e018b61f60080d0bb0eee38d629860a3bbe4f29
dc739a27dc08b0300c4ff9e22dd168041642e09e534cf7e09ed30c003ce72ddc0778ce1753dec63da9f935ae98c7e78abdee9e6904d69d63bffa40c0
954779257b19fbd5fb71e17ed56416184f251f85056e09de5e0bdc34bc3a0bdd4a34f985ababd55eb8bafe1ddbd7f35d40b2bd9b16786918190b91e1
f9f27cba3de0357257d8bbbd182bdc683c3e58f5fcf0815e3980005ee142e0f3b5c16520ab03f0e2f52179296c709a3091db6051f7f6a2a38eb71723
51259f850d1421fbfb82f69ae0060bbb89e646cd8b3080ecd576d90dc85e6de12ad051c797d086589decfe01b05760a3724efd319bb5d4e381af8936
77c874d6c56520c0247287d384976c2709f40000d8b7f80e807d9e7778629902eef0123109dfe125523d3e003601dbe151608204c5796ac6f80e2f11
9f99037bc87b908e3eb2418483f9e0ab1be0d01477807bd424f500067ce211965aed14118616bdcda6b1c8986227e27070cd8592032828fe1d2e0b52
32840310f9149e80c817fd89b4591e9f8e3f9ef0c93decf670fc29fe9d4baaf14f78859864c2cd3fdb2412e0e9639788703d1e7a6bb0f15c7a08f2a3
8221d2d746273b3e68b192e6243ee0c72191330e957753dec45e5e516e2a0f8bb6524bf6329c1044092274e48aa0eae57130ac718f509a5b311727b8
7948848dc3b526283d442fc3a94237711c2c7eb3a2250e96be59b11727ce5ff0203075be7d0f270a6d9a38c169c2f02281b61583915a76c93771f8f2
b71111f68a7b2652052fe1314205afb42bbd9c315855193b7a7219c04d9ecc82c90ab84b252fe0660077fb1e8b3379f25c1c210b4e38cada99e350d0
3765e1ec659cd9db004cd72d012de24d195b956220801a2070fb79000028e938866bcb0ba221ac34f359ff3763679228ab8e03d12d258db13df97ba1
ddff120a22787198d5cd9949b02db76a42d2fcfad9328493bd890a5f98465ef08452c3432332e42c58cfc89808d69348ac77d924660c14170605c0ac
3830e0e267c581692ce8475ce82834e6a2a4003985e6a2839f21759c1886d4716216fe17e866a1beaefa437f592dd3d28017051d120685155c4c40e6
c0981b4e00636e7295cd8b001c0cc822e620d2c22c840d1a8779116a28c7e42c800db6c97971eaae9c8bf3a2b406331f6caa900eec2a87a04541fb17
3ae41009e136e6452112c28dccd5d800e6a0fa36ce513c1b36c332ac420d85dd98154506ff8559310f81c1ced593942e56934459b6347a5805edaad4
2f4b0f42e9ec90878d0e7a15678c1cc29063b339da1f83e2108585b23cc45925d6b0ff72fbcdcd188d4a95c696e4069f9b2310c58c3d0b4453d1fbcf
cda88cb03db35134e16ae6eed8d39f0702ffe48e9dbb8253844d9abb2069e1cbe6fec2b7a8c0510d19caeee5d578a0b960248ca129d4f092451b627d
2688b0193303f32268228ece6f8c438ec15554319baba12691c6e6d59b3c4dac2233ecebbc7a0ff1bf69f813486d36b8a6d098c03585de0974c7096a
6c4d58c959d89a3a70676e9ec554f0426bc249cd82d6c485f72e6b1639c384aca99f4357310ee7fea9d230254e0da1601ac7dca3dd9f1bc7b8403037
23933eec0268710e3f12c6fd41e6c01898dfe705e543e3e07d448cb932e68f48719769e0dd31d4a8288b2cb44786982b7b520897c69e7d648602c466
de5f604f1e1c0e271929693e4c43ba7cbc291e52e5e3b93b378ecac3301e76a47d757f9c5c87624772fd1c2f55bc20200ff7dd61ef69c83ade5d9f81
3a9579ee5336c28f913e65e7a753a7e14870a5ff103421fcb46182468da0e1d212826646d13aff43d064301d926689103b0b2453c74fab0ea938d22f
c5c0e01638e516ce74385fce02737b99f210fa4808e533d8c2d4a0af9eaf770da60505b9c11a310b54837277be6c56e4c8bd9ca48fcb53f68111a0d6
2c900ceac6f9b2a53b6772114a062355f9d9545a7960db68ceb7a250362378b2f2481505b57891543182962cb2128c00facacf8924c29a1661f447a0
8c45f16b461098455ec423b0c3f25338b55cba6570a038bae1b4964985fa0464fc4f18a49e07b33048e9d6e00485391b8b2c06f703aaa87e907e0ec6
39a59b83e39ef2bfe39e86692f83614dd4e838a87c60c7b24aa7a46c84032b42ef4f408bcaf8464acd27e31b4d29743c60a002e35e46874ecd40c8a3
78c22a5094d672e22e2ff2199e90c78bb258c2579647f8280f23fc873ba93c924941a15ac637b30b342a8923e6e3322ac07f28947f404924bfc77958
d279c6647af75608107ae8f3bf2c8fc925f4f85f3f776cc8918bf1c0f29bbcf53240d38bc84bd910bb0c8fb145b9f3ca645b2df5db5099ef1fb963c1
95ad3c72c782ab5a51ee4c1c288ab1462c659b3d3eff3bfe53e7056970c35314e50b023d578a7ce3728296229574546645768c1ad6ab1469709931c5
ebf9ac6ba50faa61dd4ab1552113509c1f7ca101a99c163e38f44146a4c84ba7d1a0e3428427288b94840cc922050b0d2cd299b14b16ebccd2e3450a
23a66c915290215d5e5933242c561e50c1e11ea58b0ae133b26aab322285b52c82ebe33f58aaefef3420b83ece09a59add651fbff87c966d35dbdef8
c46c3bc366e8d08f8551cd7784f32906072db9a78a30faf7834c8d003e2360f662840fac49716cca1ef6a9c88291cbb63467a760394900a9f8d995e6
30f01c9ccdeb234d74e954c32e952e0d2367de234b74eef7d2df6b8b0f8a4e5e3ed09987a9b0c828c1f4ca0631720edb06c1d1afe83dc9ad7697a5eb
0a175356ab02d2fe2a550037b180f6f74ca47dd90d3edf2b660c45a14dc27d94d5801aaa13b420daa12280102e5bc556022ebf553aec48c565950e3b
fc6d79d8fe098eaa6cef9c677c36a742e6dadfccbef042f3a19e261591f253a3203fccb0213f6c9fcda9ade99195d0d39f50d165137a204247d915dc
294278d90505a17539038f8cc7ae1397d6edaccb81faf0f35fe662d781cb6971487f1c51b5386d5163811fbac222369687bdef4441288753bfb3601c
8d32bc5e71ae7bf8b2c3f15de1888ef792a24973592cf9e3e5b2428501f115b2c5de73682af8ce8f39925e1f97ad22e67e695c64a71cf5a9eed17ad3
9cb3d5539b7345a42858294ca222ed0cb09542fb24cef55d162fcb085f866df2fea472eabf0cdbcc7809ed33711e2b662486b17279c1a6f79702a5b0
a42e0374a9df4e0d9163969fd8984cd022380e76af45709c122e67515c75f6e8a22892a5f2bd106913efeb8cc80e5c7e3e235aca02152ef447044ed4
2f022bfdf18eec299bc03165edc889f2a572ea77a89fc8168b43fd84d75d9432933db28863c7e8b30cef16485920c389ef9b571b2f087f1446735124
cafea9c090ef4e0de2cbe88183f73042a3f9b4f448c17bb01d2fcea099588cf70321c8984207efc931bd28780fb6d345c17b12d2f82e2b760953360a
2136f2bf0f453af0ec11a0028bb31cb1642683d8736f2ec224e123b828380fd88145c179b01e2f0ace0334609984b28a096599441053a0e03ca03f16
a1f031f52fb3cee16c92c50021666016248f01545af9a5d1e0ac839a4d60c41014cf76f2874243861852f3ceccb1a2612e449c5a8c19aa7f926d1671
defd1745cf620411cd1b3104814504b3c98ac31eb2269d830853e1224c10e0e1a50810b050830001e1dd972274443895c5ac75cef4a5e8ea62cd3dac
f5ddc39417fb8b473a5916c13dc2bd2d8bf02d850f266fabf4609134c1aa372629d2c1b2489a600a941b742168d6629012cbdccc3927c7cb9c47605d
16b18b2c9b45e243a7cb666f5241153b498fabec1aacaaaadb99a3abfa62e328a9b2ef763e90b8c1595f950b2b7cf75265cde3acad32d1b30faaecd3
9dfa8549609954f3c3d4e7f0f30c89e3cf87af5f9a18100eeb265b2a87a79978504c8bf21c1166697978f409b960511e23c21c2d4dc6554eff26e330
3bbfc936c76dd47cf8e6ba5fba8c713460963ecac8a51b34c0983c3c7d27e8ced26570e4f0eb323872ff744505f8fcdf54a601d91b3fefeb3e4c60e0
fb818c4d9fb20c31b1702ee6f1633e5c1e1ebf23c42cab25c074d8517f3ecb7495e98865b6be125e06f1759e65a15abfcf712767d9f6d9dd56e8b39b
5f675956eaeb2c1bd169d9145a9603f20dca19596091b3ec87d35936f90473a66d3640b11d251c14ec80cb664bcde7c14379632815c833e914eef26a
f188079b1fd0cdc30f68f4f403ea143f52196ed90dee3732163203c0942f0fd73f23e42c320334265818ffbb021eb8dbe9943d5d874f8d87c78e37bc
0d183c5b0286f09d8b80fac3b38eff720129ed11a6bce575838d926039e4accbc83f609f826a6f79a48282abc5f20a0531c92e9601a0f174def71020
757cff71814a1dffbda11ec6bea08d5aa47c9fa64f13bbd489d98997e39ba528e1e9f7e37f49f7cc8b80f9858d6a603ea7e725a8371bf1927a8a5df4
b0f223e8a2aaa837f882d69faf879ab29ca270a8ab3f215732a8f561dd3b0abdfa939d3c576a95ef69cecefab35d3f45b98a546a93a7453882fab3a3
7fa17af98a7c9a77b66e3a3cbc1a9a54a104a2234d0c42d142b1a2d23458e3aa84a1440fab0f6f3d01d6a8839b0c5750e5b20a38a78e3eee53a1c034
9822eac35b77341855bcf5905c83f703f9cc1255ae8eb64450ae5a98e9a21323a587a31268529df267660847e596cc144c3acaf3add86262a1d549f3
1bda047de9fcbb5855115a95c97ea0a7931d2ed35371c984f6aa4a663f7c7a238fcb99ee1c1aab142d29d39c24e56020aa99e899a19c2deae60345b4
04285515d13211f39f80584f79a042e9c3c394d787875e880f5815e072fab477a89c0112d39bd0da4fc816fd9ffa9498132c54154f0cb0acca613511
ffeff2aaefb376146b06ac552d6e9ff674c60d7c2fbd07f48905062b551707aea6438b0f0066e4656119f3c5cc444872944954ee7591faa0f182f630
732e644bc7a055055c019559ab53776790c5a3029bad724b4dccfcc7c8f4fccf165744f827c9d51fae995a1da78b8f7544b104e5b39a5c4a7759ba83
e8c7aaa3c377bed771c10926bd3498dd2a1f55029d55b9a176a26455b9a11269ad3653cb075696a403cdd4a603cd04f1bebcdd22655569a481b85679
9d16ce68a5474a2cf4bb2c8fc4c6fbce37cc9a939b2aa0dcda4d21ff4b1b125d7e95972a06892a2f55223c55879461c17513940e75697f1aed49fbc3
21656e37d778ed0e9cc6ff5e8fb42f9751ce3c015f0a02441577db1085ab9c5297cf1d222fd41eb9af8a37250a41156b0af2a56e569ab2aa36692b58
55724b452b5b853501ca5537692b9864f1a58439a80f5bbae03b52a5b326f26fdda4cd60ce366933b8f6a5c3c675a4da0d159b7edde591c72adaa550
e24eda4d5008dc4550e57b13c4fb2688b2d42f9c01bb3c102322d55d1d8c14587769c816be97868c49de35439c11624e81a2d5e38dc195b2d4494cd0
e1d0f8fcefa0a369efb07e2cfd1366a52088d7e33d47a94114712c1ece2a468dab19959445f142591473374a090ee2b18add05ed5795e713df986a15
37db46f1e6d1c654c59bc717a60abd42f8ee7a7a86f85f4b8e6d779ad1ca0c9e5a6295b2e8615bda4716ce4ef1e99363fb2e7b06297b0653b68f2cc7
8a7d64a388a8d29ae37e55055b4192ab9742f132fe97e9cdf8d947b6f0bee9fd4b7282fb652fdf2c37c59199f1ddaaf6a0e544b9bc9e695d49d01135
eae523e65f05ede76001e95ffbf98cf93c7843feb43cb0abf8481d42b461ed6e62bf2b769136386941f6551b646eca3e6a8faa7b24a4441be4ffd029
cbfc54f95eecfae7fba6efd3e9414acd4ad9d95a3a15c8b1b3d1809c591bff9fbeaee63c90563027511b2592e5426ea315b9e9d1f87244a97194e927
47411b4552165233779e9ddf46e9691b0dc855150a46b97636de370553ca8a29dd298b801c4d6d9222960edbd996f626f5371bb1bd4c7c388e2667db
8f32be29cfe9c8984ea6801635299df74541a52c45332364675b46643238286c749be58d4a8552a663016b56a637fe97329d399b4d721ab42e3d4261
b3372e433cdba034f18229a6437257657729d2fdbdc73209f6c7adb468923364b32631a76b53549be94381576128b03f2eef0bd7422c915644318b42
b8168295b422a609755993a431e3c1dc8a611db9929b324155b0306d91be9d3ed9e135374eab5297334855ea72f6729583207bd50eafecb42aed38cb
a4ca5b322774b3c32b6741b57d20fd51de52b409cdfeadcc81fd5b19c32a0741665dc1e689d3d9146c9ef83cad094b1455746b7288a43dbbbb7ede7f
f9422a14b8887dd244309366ffd75c51ed4decc4aa6aa298ad6b0758b67ed308b43ff983b6a6e161d7354d67589666e7d7f09ccdceaf2cb9eee9cd74
7591cf9e50ec7abc5c9ad24861e66e4a23459c91d61d478473a79b1a3aa40eb384bbec3bac71c5a62786605b3d7ff9df0eadac1f3bb4b21e5761c372
c7363bb47eea53f01adcb49a3d5ad910f668657a564d170b46a953099ed6ecd11ab1a0ad2690064d20ed69c186896dab176c066493072ff56f22980d
b079c652dfe64323ed3d524443d26a0e8ccf8ab076fbf7a342c98e5816daf63204a9e28d47439f771b9498c5ddcb24b3b05bbca39187d56f44fc6df2
7a05e2dce4f58a335b93d72b3a96b60b850b7ebc3db2c18492a5d9ed95db426eaf28499adc5e71ae6a82b81025ba3db240c3dbafc9cb156fbc662f57
a6e5d03047e9d41eafd789b04ded908b24cbe8110d264097ed910c2640994d5eae28899abd5a19d1430ac928999aa2d31397aa9d52f272bbca471525
523b8538e49c139865f9fcaffe313e72492528757b38fd86b7643b65d4e4203865f2635f9eee3ff59daa9fef2fd59ff225052b07d5257a38782ecf47
e8b5cb2af7c0a5f9603d5c9a0fb80fbbac72f05d4254b26d2ed34b7b5a802c48c5aac7ffaf29563d90bda658f584866f0f9ea611b8bd8b752745f213
58c70fc63c90c59040e6fd677c46e10dcd61eea6fef39aeb296b4e47fe178d61d1fa4fa8d130a5dd11719ed4b67fb86aba424a2e19d1aed8f5cb406b
b66253bb76e0a7375a0123d4c86939277b77e8fadc837dd08e8c94d015ca1e356f7728fb5c7d7df0c137a75c341ad4a72367e07d632de8b0ad06fdf3
86944c0087bbd36b818fe8a3dbc80ba377456a50a4c9052470b7df6a8e913e09a91881bd2b767c12c03dca166d0bfe9715392a936eb7d5f07b5d7c3f
b9491fdd812acc284c32e54723d1edb6caa253f0f9f1f3bd0ce38df2a106795f6c3e5e6c5d5eab845deaf65a65dddb6b35f7639f45f14c79f2a2cc10
cd26b9a42c9267cace2d5f79205fe34f8d262993328b247a2c3f58f2eff4d97394fa8a7a9c1bb817cf51ea2f329fb14d8bc00a8cc0cbb647e2ee8aab
8356a517cd51c4feae0097c08aba1c67c7cff726301d7e30341336cd5e4c201d1098a1d09e1c8d0bdf8be0084a7df1a2cc942def51158a17cf59285e
3c02192127c1fa71562c5ea65420b8c644b99a0709090a57bf30248b8680c352e1eb097dd4170f4186489eb784d1e9ca58bbb0ec171f46fcaf210817
d7ab0fa3b4af68f6045bebd511f918f3176353f8c2cb9672510fd2a21c73c1ec76616e16c6d4989bb058bd0ad152e881468049ac5ae55c0ecd69293a
0f4635901e3f924e47a5d19db1f61716a0372152385b9a8fc3187e7b93212fa099fe58113a88c52e8c0c0aeede6596fc5ba49bdee570c088774380a8
4cf901a0f7914c3af0c9dee5e8cc29d08db7e418108006705f7f4c0a1d5d6deff2740e07d21fc965c67fad7751cb129473ed3d7e69e005d8a4c706d8
b00204a29f8905db1fd965c6a1b1afb2d34e9465a8e5a05905aa0e0fd45791fca9cf001d3a208aa3dfefab29e67b53ccf7725fe70695fb2d688d2eb4
0eee935d197309a6d5370d0037fe668451e8d9acace4a0da3ce77c2067e330957df300648e956017fc6657825dbc18fb668243d0660279df04d2be16
740c107dd3144fb46702332082e42c1f9e44aebcf8a8f65db0008ea5dd339c0676cf703ab08b2036f92e02c2d5f65d33c626d84d10df6b8dc243ed9e
31fae31d4a7f441037c92315cd380af7e3cdffc90b22206c7d3f4c4046547139cb670dc84672ef8a74513976b16af5f3556167d264b3f8115bb4cbc7
f647acce7e1ab1d5a943ce4644ffec42f5fcf0c9eba78208c0d6d870410a852e54cf8f20b45da68a1f61e3fb29e77356bbe279fe0831da658cf811a4
b45fa60416f99277391bf23265ecc8cb8470845e2f21e9e7e5200130f1b2327c32567621ff171c15fa65d25845974963195c220d8ee732693fbeb8fc
e05f37d69f7178397bd69f7078395dd79f1ceb733cafb64300225a7fa67de4813cc8b277d69f3dc8b259d69fc722f7cdfa6b266cc983ee37e8852226
e4cc5e7f864bdfd7f61faea0d52e0424195c652af9915e6bfd795c7289ac838621fb631d3ce33565539d4b621ddeb59c2a072f816cb97578d187b461
b2736cad83622c54ca466fcc7ce115f0e3819d2332c1eb60ca7e745448cc0a218a4c12a67995b3c18f20ceebe8059026464752085d0240fd70915ac7
77ada70fa3e7f7c727062c42a83c7b3b769e55e97fcbd2e885c291fcc23bafe31b8838cd4e765d63d1c8fdb6706fafd3ec3778f0ac4c00deeb64f867
7a310947c9aa784c2773b280df65a33f59259381963936d7490117d81c93d1a0d9b2eb649c650e8675f6f8d38822fc0f7013ebfcda3e53e92cbc6876
fd3adb2b8e3d2a496a00a9b52acf17e9a2d759847f3ad1dd4d5ed8f4021538123643339b8edc0f6b31aa95e55e5e3a524771e867e810fe6a26cee95a
3c61136f141312ca8a29cb99b8164761c831ba16cf2965cf69a6ac18d2cb2228efa4d20b437aa1b5781227ea54241096c1f2d2ce83412fa4ca455134
7227adf25568604ed6e5a53c842e2f134f95a69cd193a875ff42c8e25d96cb735d3cab6c99e5a59d6635cd9f2f4c3a4b6b79a7390ba33a8c22e35b5f
11317538ef00b15b56f907df070c0f9ef810f89caef60646f05e9b825a84fb59ff3903a70de1b0da673936c7f38894b03625eee0ce694e885378e004
38619a57872342305925262de4ba5d9dc20bf17855f4a1017786b539b70f0776b3335afbdb3df5c85905e8f8da4d77f8e4d53904d010acfda53b3de8
a63b7deea67be68bd763365d7ce4ab02987ced5626325ddd2e9d853a1db564e60d452de9b461eb25a7797fc72533da3de56cecd5a4e785d5a4478458
574570e1f27c64ac824bf9ba3a804ba14653ceae5d4d79a10d9d1d0050576711435bb1da7f1950f9ba0ab60ee5ab639f30de4e5900586b956c5488f9
b86e4a3103e59b7dc459ed9bb73ea7f583072b84b35e37c78168b4e1e44b8d36367d4195ee6604aad56ecc28e756e5eb22e8f7babb9719feddd92822
a1acbbf36944c85c95896044aa5c770bea7453e18b0a22c42a63d082327edd9d9089d5ba3b460bb4eff61e6612850d1bc9c4b71e8ec9c24290ec3312
1b6a7d649f022bbe1a0e067066750e02d8f9f5703019f6f563e5291feeef50ae316ea1e3ed77c6d7fe0d9131d6d7bf814d65a767425cada7e960124f
47c989d4bb9eca8f15a9643d1d038749fbe702c117ab1f840e67e922bad92a1f8825daafd559bbf0d35beddf8ce17dbd1ce1262ab7f5b2a4c8f52851
67faccfb9b982b7ac85589b908fcb13e92ce47d1ba4ad09960ed36892df7839207a31f0c7930f9c19407b3eae485e2d548158a2e9349df24637ca23d
6c12122636e23638db576a90ebf0c4f2dd1e19e073186c12012624b84d1cfe8420b20defd1c91b8a4a83316833042a7d900343eeb94dfe0a4464d81e
6e7dc1f8b28dc2b6451cd89c5ea0ffc972b409ec34ffe88a7031398337819b661a9b8cc9a02c9b7ecef04de0a739f7dde64c03edf38114ec5037d978
490536b666b02699b2c2d76e938c79231db4298bb2b5c7bc2f6326f5d9c6911db7d9c6c1842b522758abcd268d488d9bf2ed0265da66e9860bf54b37
9c63797bf8f0998b749ba5262ad4afb89485f7ad26a23ee9bd586fb3843ffa5b14468ffe166b3ac2c56fc5799672696e2f4b3e53c5cb9253c72b6ca4
5362c90b898736b3e08caa39eecf303c768efb1ca34aa7ca62de1f86bb9090605bde333e2f3c0c7741bdb5c93978e2efc7c4080d8b945de9b0786d6c
089bd864e2ad6e8b977d66554cf17d7ae5832a8d7c0ecdadda5d3c57e1e6203a1f8aab0532bef0154f5990b6f4502c7485afdc6424a0870f47bd80ca
d8ecc790437b7b18ea0523fdd6ccc5b3f09bf0b6d13c6ccd3267fa2bbf06e0459b62ed1091757bc051f710f17f172690fa5695d34105d6f97dca97ca
39595e7853ea572c7f9c68b72e7b6d04c54d4eb778f16e5d36e24f59288dcff73a4858f7dd4697d0eb04b44479d81c3f93b0129b33d2b27557ab45e8
d2faea7f78c3021bb7c36af18175b35a30a2512dfb5c83dbf62efb54f9309785f03f9b3c11b87937b1924402de94100b10def6e8d94782936c9b9cfa
59b78f5e7dc2bb7adb0486601036851b8a157b53d0fd25b6aeed0dbacfd6df3d06e54fe173b6d7d19501d8cdf9b275c5414ef0addb6ea8678abb0684
b2dcedf85c4c17e37528984b64d94d8e04c4bcdd0ed947b95d0f435953f4f0f2f9eb939ab22f5fde5f35df34afce67398889fc6432da0e6ff30cff29
147d448bcd2af84f7f1f157c25ddfaf68089ee6dca07be80d3e147ff5e417b6d0f4759f1d8db4e6ff310701a69cb39760addc42650007b04e4ed92f9
970bde3a6e4ce6db25fbee4205327430e2af023b83b45b818dd7e9fe7befb49a07decb91b8f69f7d3ab36df69f2fb9f09fbb54d8b082fbcf775c2ee2
fdd15817bcbef79f95070b5f38ec51e70d4b0485078a3f88d3c9feb097a4c0d905a3c995b70b4593b36377949a30f2bb52bbb2d176e5a12275ea3ec8
204551aea0d936fb60fd2bd52b0d1c6ae45d416c8055ed8a59c3d2dc47bb12a43f4f089a115fca5d387cb2b0ed8fd278c4777217e00674ee3ecad137
1cc03efa244afd9317560852449905566e9fecaa17b1649f6cb24b8b663e8714dfe08c54b0680479dfc07bbaf8688f49ebb62b3a63c17eb34fefa54d
1f1f271a422eef93f0996072f6c9293d52bcf47efe9e8565a028645d46f8e14d87cf00289a2351dbf759094b73f6edd2f92ee8f1f759eebf9f0aedbf
1b02a5e1fd4c5151025506ac28632afd13a7f863c9882ffce532da8ba46c60f87b91d5e74705ab473c0328c6f1c7a2740a58065871e59961b391e39f
649b5dd8981f0b58f95e8983bb2bdfeb94ab6f5fe49c1c2dd92eed2b78ac7d9173301b524c256143f645ceca6192f745cec11c3972bcfdb88aee0fd7
f949b1b52ba43c9cfaae7cb153eeb25dc816e0557b55e0313a501d5091faac76a207625a399af72af7eb91ffb5800834b25793480f442207717de3eb
a66c1d08efcb6ff1f3c06c2b6328b6152e6e971a983c6cbbb856206bbbb8d669e47f31fa13655348fd9ad3708dfbc3b52e889b7bf39c51bfce74ee22
e983c177edf2c625c8c5de3c859982ee29cc00754f59d6c4a3dd5dc036ef0e27c90eeb5ea3bc6f7af85f6b9203a5db613efded7258ff947569b1c6bb
1ce819afae4b8025282deec7b8b88b6d2ea495da5733080ca953c68665d99d3296735e29638177efab1495ec82d5920d63a29cb1b0a4fbf63ac9a72c
8996e836fb66473a3e90473393221e1978ec2eef5c329eecf2ce051aba1b76dfa84f8b262a9e5d2163002cef8e30c935e1f8309c82bb09a22c82226c
ee72d605f0bdcb5917c0fb2e675d00dbbb21fc116d7639eba24fda77d1c7248bc7fe5c7362b10168effbebd49701dd4d500644debcc856bb62cd2c40
5777e58cc502b18beb2647ccae9cb19fbbfd10c56c63b9f302a9df0fcd20bc85b12b3187ee76ef85f9115b0ea47f7fb4bb0b00e8fd907b2733e214b3
9df6bd66f9dedbe24f917276f3f0ecb9c3e181e0a44e8799ce0ba72d0aa1eef41e0b35a73941ca46a9529fd76fe64f4a616278eda7a8e7103acd927f
5ed8740ad1c0ae321f98fc4cc7692985efbdc033bd8f4c30129663bfbcc0f3fee5e90ec197376ca643bebec0f1f6cb046483d8d996182e8713d266be
8e4742a8bf30228713d2feb2058e4740a868270e85c0c439eb90ea78c6a1fcf859e59d53e878202e770d4bca4de59ef2a3df415b7d28d60ede7487c4
0752ec1c921eb86a8f9f54520324294cc7487b97da4b7f94b616fdf9a12098a8c00e05c1c4bbea90e72f6697438a6b2008c7607ad2ff41210a3aff7b
0ba5ff922fc0bf1d8e89d929abff9ffec9ff3d87de21a5379cdff1f8f95622dc1f8a78597ee12d8ed19a8f0ce8f8ce10358aa2acdac38af11ceb8721
2a23152a76f8a707a268a4bcab87a1681485b9168ed1334459d25e0eb963f2b19ffe4cf6d5a26c554466cc21323bff6b8de6d83f24cfe0267cc8a100
88e5317985865e059b07e3794ca63f23ec109ab9068ec9334a593ef08dfe7906d3deec194c7f047381b73f66adc01c7bc76c1ffa302f87d5ca28390f
65ad9de9a1a2bd4f39170e45a8845b3b243d2ce8018e62fdcac48353355283e7287d7ed4ce773963ae909433ab5a5ae79935f5c810e3f4795f426f2e
ba63917a85f61751147ef250565c58fa631145c39f62821e0f727e9c3e9dd191c1043f02c608737cc88178a65c4d2c6549d8dc5c87a1f3c4a93baa64
7e969c5c8ab1681e55870ae42b87eec4f0558513608956934f83abbea7479beaa7be5d3dce84cbc5186bdc21176342ca1dd514e77fb918633e3d5e2d
791895432975e74f59eab4885847934a8143a879fe33bf4d031079e6681e00bef70084006bd199326bd13fdf7b00a8df530e419e72ea57cc554e7da3
5350321ddd239011971a7e660b75eb13f95f5a1fb6a0bc8c11488eae0160c624a07c02f31edd3b800fbc0342417f3336848437bc0fe7e66a332eeb54
996ad1dd1d8fc4d13e57f12ad30357c723618c44573ce4c74b0cc8637b57010f46bd900a1e81a27d4e7e39ee7eee2a39ee02d73b1e81e2e39e713c02
c5080af170aa5b62441c9b74631c239b2862996d8aaa0f7f232d3dbac043a97101f41c9b2864d01f89a37d8e6665c6fd8ca89c8231561d8a520f6aec
78248a11fbdef14814e3e75c904ff0eff37e57fdb427fa58b68f843112cef278048c91c45b8794f83ff6f12ee311fb5e2ec19f6dfbc81323f1358f43
13c8b92397e0cf92924b30c0804389707f8c975c8271ab3e9408f7c7363c34a19ca487e23c72b51d5aa1ccc7a1f9649b1e5e91b427fad875ca730b04
ef38451fccd8a9f9e3fb53f471ae9d9a4f2e52a5b9c55e7b9c9acfe94f21d98ed3c466f2e45ffce16c4f139bc93935b99fc634b92ceed38b17623518
dc81a70fed942f4f7606ffd2603098971773fa772930029ca7fc8d7f9ffabcb8296bb2d99d9716378b43413c41fc1e97e865335d5ecc7c2f4802a789
fc8b3fa78b20fb0dbdeef9f36c2f29bf01f778e1995e4c0fe7cfbc70d6f3f913493f6a3020331be8fcbd4a955431581738f3a0f9413e19e4569d73f9
1c4476d6e839c8ad3a77ef3988ec18504e07ee5ca84fc88bacd173945b7c0490f381b94ca857cf4700684be57db9c98717381f81604215778e72b1ce
557d8e3218d39f5106e3caf772238f41e41c8d8afc74d0810c3e35087b92bbf3b4c5a25016c551569e0af589edf41c6d3a4b8bb67044c63c27b951c7
e2734e72a36646262d834022cec923c0fb36816755184b53f95e589ac2ffa287fe1b2b13ebc569ac0c232ceb04d0d453e609b0abe7ac196299ceea5f
f416e72c933e2b6656ff72cb9df2061e3f65f72ff4cd1e5fbe777ff95fb99b70243c8b3df999b1e21ef382d65844c2b36884a3393ce51f8cfaf72ca2
207aa7b3788d6504ca6b0ea6024dc9a703baf9d1d59c45aefa11aacee25d450fb5ab16de977dbed063af31ca5a63ccf9a239630e16afb1aca1452340
7b8be73063acf4574be57f8d40e57b053288507a2e0a4ec1265abccbfe74d39c8b8e9ce881ce450be053d68443bca2ede33a7c561397d1166a67fc94
bd81d2d96a3e8eff17cb3bbce0338317444d34bba7a2eb2fd1539ef59537f3c0281a38b9b3a9064ebde65396b23491c4de3ae5b98b8c7bca7317a1ee
6c72870e6b78760334d26525ac42c2381dbc1e92e47c8b047b3a783d5b40beb70899677792c528824e036b3a1f287f197ba4cbdecf24ca1917bbf0d9
4d40caf2c525d8d8295f5c44e47315148b115be51c1d5ef6942b2e32eab9ca9b9b5356696f11c1ce5588bd46592efbace855feeaccf9aafe4ff4cf08
99b427575a62189f72a50518756e9a106e7b79d222f29d9bbca71bf5bd90c97470d30cb24537cd60f8b1f3355f40917c6b816a9d9b28e426dc8c81e7
ea1428e8b3c9e56c0b8afe94b32d62fc29675ba4d2735720897060e7ee21a0ec29a4ac2118287b0842d1ee29cc90caf71650d3b96b0a39f476812e23
059ff2cd05aa70ca3717a9fd7484a240524ef9e60e1f7a44ffc0ff86ac5016fde118cf434b201ceef98827d3e7103db40460d75ed01165d31f7a1ff1
642e9ff7053ae58c78c4918e907e0accbe90dee174f0d21f57ef61130fdbfeb17874546ba713f056ea747cd21ffcd7298062d493e7e941cb2a3b65aa
e71c383568aceb87cd9ff1763a2fc19cd9470f5b3fe389773e6cfc0c84f4bce461ce397009ffd2ffe487733e3cfec79fff7c00ec9d5060a7504ce876
4fa398c0dd9e97e199a1ce8eba3f18eccb4805ba7faafb99d3cbe4ff2b5f2fca298be0929b2e5e6c97dc74c9f870fde481ff797ff6dd438d1aa04e05
8b2a9853560c82cefbcd24f08106a1f282b0cad99697d30520965faf17eec01b87ab9cf2408ba053d628e432b80679e157ca93fecffb8317411a78c4
981947be6b70509d4cc325b34663195d83663ac7f93528b040a786d35d0e51c241fdd0a35f8fe032830cbb46e34ab23dafd133954ecabf160fd1cbc9
bb7e8517bc94a9d1c0d2992635559516baba90997a44951947cceb9154669cfcae517bf3470fbc37a94fd352e990a62597fe35293c448c47d7a4b599
03ef9a4c7108983c6d697f7a290e414e64d079c1e035fe17c1e1622ef9f1e2097c291612d6a54b48ac1fe6aa6bf2fee4054d73a3c237721e357a7f52
9617351fcc1e8290381b8418e9ec92a700e693cbc910889f78cd1ee44cd26ca023cba0bc47000fe4a8cd0e2dc63952653166992d5a8459a613466811
ddfd2ab69417deb02bf742154d974de65618ad1f11ebafa2d440e138afd7c8f2e9b63dd417aab07beda78d4b6d64701f29652688c165a81668c56b31
e59145afe5a59c376655915e3e82c94c3aa26b319d951a1c81209ceeb598500e9fc5bef80bdd72348648a4d7a2680c9db2bc31eec3e40f77d0b57810
4241f5206490ea4b73fae3c4bee14caffaae301ef8dcc82d75d597e85050155c837d238457817bbf1e0bcc4c008fcb997e815a5c8f883393b4e9aaef
64d34b47a498e995d779d8c94bcebf9fcdfc5a61e8767b29cfd0342febf4aabdcb3a63d53cdbd460c223675d4d07c8c8079efd08be977d8109577a35
53ce7e6d9efd99374cfa4c374f0d5ec6a67b4373aef617a81cd2bb9771b898ab3bea0473da4d2a677f7f27994faa5aa57c9857a18a77fb6574ba1525
f00e8fcc359365e45212e1365176240676dbfa02ac79a08805d1f85ff6cd1d58168a8044de926b957fcc4405f60460cbaf2fe09a2fecdbce84acf6eb
67c3ae0ed6c07168ff8b8195b57a28380556bbbfc3d46cf6f467976d1e8bd4b9792cb8ab1e016e2685f2a5504864fcb93607da811fd83c14944d3a53
ec246551855e6f9232d6d1f66a097860ca392bdeac652c2cf90337724d5d9b29675bee5a0451765dbb09cf07bb421c4464b876d39d167663ec59bafb
cbc6d0c2eb1b92a17add3fb83a760734e0c0da4d3a4b75f7a4438753a12d9f3a4c3a47d6feae7f1ebca4a7ebc29b2df0ffd7615f7386ef11c1ca87a3
3aec1ec0073a4809aa7249e42a44eab9e440fc61f88fb7df7c61672156ef619f7a16eb63062a1f46f274b00076c4e96001ecf4c7105410b2aed31ef2
cbdf6ea8d311141896d3eef30c9c32ae7df8efd344f2bffcfe600c4fd3c82e3fe51005a7f94885e5c3595eba2b38b72f0d019cc3f50e412ab8de990b
c97256fe5e690ad4347e2429792f7f72495c72569e3835149669fcb0fc97f33e7dba71ea0b1a75a2a77f5cd48345f383250fde2cd2431ec8212ff0fd
07dbe565dbf2a0f893310f9498ecdf4df0a0a7fe934b0a5f74bd401bab49e781c208146a74c2aa1f55da41adfe2b3fb0b29230f677d919f2fef15df7
03bbacf7948d585ed2e4601ff6852a9fad94105777d9aef825540c76c5e7834de5f471b0e3cd429b76c5a782d37b9107975ec8ec8c76bb5bd287d1d0
79c67e74a6b01f0f4c4649a3a3c8183232a3c9587860d7fc96a11aed9abf64f41512a9fd3e0f9c27bd86d447102b0b8339d957bf666c1e49ac2cd430
d977bfa51712c588527e3f287e906ec90d86c400f7030719a82175b2777fa3959734fab5f90175ecae834f4e7534233e99d49607b3e312b4d03e9bd6
165aed0f539956a585987e4cbc732ef74fa5bbdc29a953597a1a754a06bba7206f14fb1da7df92c1481f7b3fb06cbb84d447802a619eeef2ebc1481b
6f5a4aaa902fd64cbf25414d8970713f78462bd8bdbbac4005415ed59ffca5a799ad2e116a0ad2e77ea08e7ff6d9234295ce567e24a81295d65d2efa
004a15a0682aacc637162ca79c5c64a680fdef07c22fa5db12a0eaf2e99451a14cc8e2d09cf7aef9ff1754fdc94326489fbb3cc84129b529355df28a
dc65c17ae3f47b3fd0b6fe7c2075516350aa1d2c3277768989efe1fd401e16335d38bde43211f5a5285f58dcf9ec59b9662fac0fa59cfb0c929c5c62
33bacb8af830a705a59c8b1df52e3f7d244ac3fd40b20d6774334e9255afa846cbe703f7b9a70b4a2297204477d93e179958fbb130d14e22c7c04b8a
09fce02ebbcb196625915b1845f9b12c5c43f2635958ee5de867ae0025896b231d58850067474960992bf7af606689d87a979db590519477778b8ef8
7e60f7404e3de59b08eaea2e1b30cc0782744ffcaf1cee1c0c12463a8b51b248e7a8d90ce9ce2c6da6295d969f4bc0ad775980df21f54bae48c8d2bb
2c1eb5d261c915c1eadd6519823ec78ec48a1af7f3fb81d5665c838f58517fdca4bb27624ca7edac327268ec8240b28176411e1915f977cf6cc9ddea
25ee815d9847aeb85da04ff6d7c3dd8ff1c9aabfc349b258dd87308f303d87308ff01b87409f1ca5f201ff703087208d9c0987294a0785069b585a87
50ad30028750ac8cf2218218e44304c1591c16d7d9aea7409cdc9da7088259b1533887d869d06626e9343c30ef1b614587ecaff163bb2985c38f1133
a4eaf3bfd04423b7bb3155f4f032802e3d520e871f241a63c5105e020c72e45d420274ea13c49345f2585bc6c6a212c6aa2cec8d4b08bb7f2c7d1d8c
b9ca9c0f3f81c896bf00afef97457e16c8f07a8b84b31b94de21b2f65d16fe6fe103753f27fcf033de91de09cfb9a4bec1bda5ecf9a8297b78293fed
d51cb7c320a45218b8413188cad2f840309296e13058abe7ff513012de37582b4ce460b056eefd6114d2a2a7c3cebef04fcd7897059ca994058b88e0
328cd64b562a3027f7a9d1e14373050d465bf58cf128125a6856fe86e40a7812d4e8fd7c3f99849034bd4e49194471ce250141ee079af6e1d384a9ca
284d02f774feb7c18c7956f0508c9c75989d363017dfa0f844703083e213c13a0eb23a246ece5d16faa1f07df1b8f140e801467a36fe83ff15bc3e3b
6d986df9645c14a16862edce020b30f58a5034b1d384d25a18b517a5c5a81459cb73b80c0a59d41267e57e209a739e0e4534b31b8a68cef1360895f5
99b8179535f340f672b64b11cdacee227c00dbb798447a28123ff58944768bb23420760f8b28cc793b2c9a5496c1e249e57d435a52df623c40466c11
1e8229593ca7994381b03e5bc1291a18f1c5f4d21fd13bf3bdd669e17c593c00197103b122780dd5539801710ae900bcef07a63023a81c0c2d7149ee
0762c7a2e7bb1f981f6350c5aa2f49b4783f5070c78553ad7a5ad34b79abb73af285a30b0c3c90e03531b28f35634e88dbbb7c9a77c817cd21122272
0ccdd6df7065838d170167df0f64b36639db781100f5fd60f183bf645bb8df7e832c6460deb4758d061d65e117aa9accc3132f88ecc6b1d37c5d7238
361bbdc34b0e3665c0f80ddd197999b02e1b30074917d9612e87d7338455d94d48f8db41ceec0d466be83273e7121fba2d749c25fdb54ed14ddb6838
8dba6d34cc70b779ead30d99e198d0d5469ba82e86d5c64856bfac21a444bb1f487dfc0bfb33acb6e27062bcb1a33856571ba8d8c3ca005118f0d506
2a0ea5d5c4b3cb1ff1622e2c23891725b181ee0736bcb130b697b45421db4661a96eb64f45781d36dba7d8859b6d8e10b299320e934d2234bcddf09a
37a0c4e60d8e478921f8d2de0f6ccde0927aad198cd62376cc8d13f43566b032f6d74a9337761ba4a07d77c41f4ec5d73ac100ef0a34cd4db7db2c43
1bb64db0305edb046b6b5737b9da5ec303cbf3b0e12d43e32c0e0357c121a30bf7bb0d13032b4bd8b0c6d17b982ce6e3f0f0338587873fbd7ec491b9
c132c80eb114cebc433a798ed1533a790ec9d3917c393d5ebb04cbe8b4529ea3fab439257d7aec12e5c3079d0a593ca68fff0c0f7cb09919a346591a
386e1e4b43417a1f5e4343faa8b0a74370aaf783978af4e19f6921555c32a6701c59ea191022646a203adbfd4041ff38d01c1675e002ba0e3fe00b19
1216dab02121e7c2f873eefa7c31be86846ce2f1e71823954f26bf51f2a0f88d390f16a9e08794addcaed4e91018bfbfe0b8efb7577f4e7dd6d047b7
38fea4a11fa9fff411d0f34081476245ade360cd778892030b0ef6f783c5ec40a81ccc1f64e18f322c4c71c3ba1f585f3cd288a3d2f2c2e117d2aab2
4f4ff0dbe3e880b0d9e2a32c071fd5d4283ff506033d8e56a332da32254ccbe7c1b36c3863474943a411bb1f48a340af9ecd50e3a9713ff070e66a1d
1fe16748f297bbacfd178e609c1c0d20c5e60b2d656b34323bf22441a3324ed6d9a468699cd785ad9af85f61afb257474b3d68ebc6599a2e96c72c85
c6c207b359073ed0f9111e6b9ca5a2c990cfa687d72d1fa7ff92619291eb2e9b810ffdb20a1404f6f11149ee0148070dc48a07dffdc0cb93397d8492
19a3d528a1e44b63b1192c243c42499de9c2aa2ef3ba863c14159b8ec2c68c0661712a3c32ca32b0b46541f86c1f075ccdc133ca7e10e7a6bbec484c
697051b02996e4e2b3eff381d4a5ec68e1ad163ab848a5cb9a5d145e81cdb948b338d2a0b5a3a94fdeeb9cb5a3e052c920759715e22357cc68092342
db685f758e38a5bffe9c594a7ffd39b2ecabfef95e8bfc53b6ce26135ca5718a5a726cd23f84191b95deba3180921bbe1d6e723e6abc50b40242f023
36dce50c5873545e46b4799553a130decc905d4b9852bb962cf450517011b4476589e33a1b95258ecb6a7c4580f4d0e8a6cf1aef765c2cd46059886d
d20552e6a07a8584f1f7a78ba73bdf4e18c7f19518c2e48d4a1587e577742ab844c4aae3ea58f2615546a52528dc11ab4390852d18d737cc5afafcf0
f6f72d9261586d3fe53c176f3fc17a8eab838433504a4dcd7123d6be2edc328fe960414138aecad09aa242667dd6e29bbe8dcdb7d96a952e6f8a4dc7
8db2298e59e4f5d1e9d3382d7685a2e38015bb3db274769f0ee980ac00232b67575c338e2f85ac422332ee8af853f87ed566ce80ec8a58c478280aec
c2d21606a84e9f0a64e1e2383c4c501a74442a96b2235231878e40c58da040b00b0b5911a7168e7705825d9811bb64c0c61d3efd32008709a03f3270
71a19d0edbcdb254a0d71f7b4d815ee3257d97179553a102bb26c4c05d56f4178e9f5323cc3e7818ecfa8343b8641461d55f328ac06d5d3e4e3340f2
a2fecce82523092be2f2714afd626960492fdd6fd07b29f205fd95c6ffb3622f194dc2bd8f56f8a77fd34f369330c593424425ebd95df600e77c9eec
4f81d27d528ee65fe50bd930d2e34959977f9f167cfcf6941fa57f3c6aeeb27bf8afc7d3f0b338910a1510f6971b697a9c23ee0a5bca936e909038c8
ab7fe67b75385cd334b8c3a17090d165a6037264cf904e831cf767de979562a17ddd7899f24946809a43629211a086499beca11d097c1a75810d7c5f
55e6ffa61b71e2819c2523e44fa3d39c8eb4b0f90e0dc9ceea1c57abfbc1a136289b53ce3e99e4945d873fdd37936c0835a7ca347904a8cc239011b5
c776e37f5de9e11a271b101aef57b19994adea2b54d07dce859e49aadc85b2b4f50b1f880758a8f1540bbc7fa99cf7675ff999238170da40833648e4
aa99e6f7ce4f0bb3d59f99a3c72231a1519dc49b9323e27e206f3d96ed6c92a8c0ae56235db097d14895c26133c936398c6c456549488eb1bb6c256e
98cfc99e162022a62290356b55a16d7f201a2687b65d3e6dac7e907e3bb6edc2589b45073e33d9ed01b96bb2db034cf3244cce3052e9221d55e18bee
173216ce08367eaad8fc463a2a50cefd207554eb775285e342211e4d0fab4da2bebb6cd82967a73d137e6cf5479b5f3ecbceb89b81f17cb8ef02ef39
554b4334210c2073fea8f2cbc2b2abc697752a38fc20332855fef4593602e64c235328bf048cd09354fb13668da9bdd27f864ee168272c3dd3c3b3a3
4a9b1e96bd2634c95d5678304e5c858742fd37359fd099dd4793dfd8ed8a560bd26c5274a84ff776ab86f8dc321f6531bb03fd7f18f605067f72b8d9
cfff9a26a6ad2b7c2e2d8adf06fb7e3fd0790b233b39a02c9b57eaf779e188b32f027d5e15258f036c3563960a5731668cc12ac62c9ce5244dfbc22d
bb8a5163a118c50340751277beb01257736a74c0da692651309fe5538158378e4807b865d0c47c7726d9b01d067113e7c635be69d1cc7f09367abf2c
368f3b5bdaf70e0fb089ed0ba33c6dc22c71a74bf7de1a13240c5067896e9244b8b20cf861896c6254a14e9242e7ff5d711c396a77f1ad50bfdbf0c7
7db19bfc4ce82e0ad962bb504e111da65d14ce54a82bf1fb402827c65700a30f5fb74bf1c01a96ecd03f0d4874f84cb0b4f81fde7b9230f151674f46
1445e09b8c288a283f1951c461a578b64b52cbde0fc44d737e1e520671c01a52d4f95fdc32879d21468dfa04318aa56252002a6ceed3a988adcccae9
6b7ee1816212a19e9a9c6822469de9b4de938d782a36201b5dae07a5b0b29c7a026ecea9273a359ae6cc83e24c7dce5a4b289ffa2c11f0bd6864252a
4aed022c7272d8d9e4efbd1f08d7c3b45c0a9bc5b419d5149964baacc363d80c6be2a294bebf7c0e58e39a18b5cb96f68926850c8268078f62215c0a
96c5c459ccc944cfc6356550e79f6488ccc2ec48b82d72d1fc9310111266639bb2d2668796ca6e987f1232320bb3a5a2467d1a824e8396f3f85e61a4
663a2c6854a73e0d40a73f52b36504e747281a2a40f279d0ca04c132cb2501c7a5fb8175b1f47990e011e6621e7c27848b9a6529687165ba1f48fb3a
52a5224674cacea6f1a9417246e6751680aad2c95192434e8c7954a81ac8b6ec94a5393f6685bbccff92a5183603aa3af529f0501461f3233adddf87
a051b1961aff4b58fd5384ebfb654bb2102762472a3b55a6738ad313abe76c192b67c96c312a52db6c316ae27d052562915b8ccae9374fd67c562a54
0814ac66b3e5240083b363616523ce93d31f47d89e2d08518305a148ebf323084d887eb3e5a06cfd5972d07d3ea64523b32a2f08e092901b4f9853d5
901ecc3e5d16be70d2ca9937deab8e070e223dd04ba978d9cdf2414fe0c907e4aa723a69a8150359ec1897cb7336d68af3a4589aa34287500ab73417
e1cb386f84b542c89f8b4d49593bc508632657e02ab40a73f1c46454161b8fc2e5ce8be30e8fbc61440e9b6d517802864dbee3c9417d97751d2f9f17
ac85663bcbd1a17cced947ee9a71399a17416e663ed87c4a651c9637fd79e8942f79b2eedd6507a260cb2e16cd4385fcc59302fc315d98cccc851dc8
d1f9cdf595cdd3cbfa5edae955b53e9e7346825ac52569ae967319dd37f933479f44b11f0cf26c177158eab94a3ee77c707ae891396e7285e78031c8
0a75edfc1a4bc2b6ce8f2436e3dc321b64055b3f1b64858676368e6af9346a919e396cb615848e1736c50e9503f8470336f71754902a9cce79a4e3b2
80dc0fd20da76f1e199c6ea74b6ed42e119f6340be11f85adf0f5e113fc32558146e98f703433ce8d6e12d124aba802accb240512dccdc2c50d4dd44
169bb3378f8cef2a6fe068e06759459644f7be1f385b73e7816db6e9d46a15403abdcac576fa8babeafdb21c51b9f3ed2c0e6672b6b33820cff9cdcd
c7956b5770508ef3663d48bed88c10e1d2dd5e9c4b5a153aeaa3b69837bb6cb22e372b3eb8fb36432d38a205971a0796a1dc361ace5fb39341d74f47
ed9f1a05d8bc195e41cfedd6f9a9426e9decfbddeea9acf5dda81256882d3c0068e6dd7630ae02279046ca997707a4ff7c62852efb65b75627a4bed9
a1b945f7f75ae6c125bd4faab4e8950843f703bbd1f2c5e1acc06943b2d63446df383fb2d6fd423a2553ce840a6d1682ea7e10c264ccb91fd0a8120b
b30e145e6bc2a5637ee431bcca66e713898a7396f885de683e752d37ca4281c18e9eca6fcd492f37efcf89a00c21d3fca9f0e17821518eddcb872f38
65ae62d04e99063266a744e44f7552024431350b4cb5604a9eaf5765981e5fb640c283dbe97a828f978b4765075f665dd267e5099c18e34b188d1c93
c501b4b016949f6f755e28eec22f0f7c0364571447c00288537ed695662f9617a71406aafcde43e35f37cb60b0d5c8037b484776288375a194df1c55
e9b87348ff3e553c325506b7483aa9499d773f908623635b6cb8297cefa1a40253916d56e4ee91b3bb3cc2494d249abbac70da7460741e39ded7b6cd
a62cb2ba24a8e55dd67553a8cfcb272320578de4f4ac65b2faf8c7034970f8ed9649b9d7b2008b72574c9fff7503b6851a046a646627a5b009a35be4
4b5c81fc94597816809665b61eb0fd25c0dcfdb6d4689068ce9c0ece66731b2fc819108a64b34810975a64a228f02fc5ac393af552e4e5f5f9c271f3
b3c98bd36740a2d367d0c762753215c8e44a978a142cd0a0e419e0448b38f1821c5716ad9b701145499a7facdbc5fa162ab0c4c3427db8e86962213e
5cf45da64209a2130d1e3efc43c2f2ae74def0524b0b55276f189f229eb92534c8fd40ce24e1734a953c13aea13c868a092367a9b25ed16075b225d6
b2b961f4c9c5019392fdea7e20443ae5f6325fa9536687c23d5a9af1b511f74b13a0339c7f7998ddbb9c5e375d58396c8ba0421c494d2a6d06a1bde3
9a996b1ed74e1fe552c8627cfd0518e8ae9071d1d6952e580d7ffb024a030e62c4d1dcdf06f3c22a353067d02afc42b8e462675c16bb9c6913d6ec2e
eb8642ed5e36cb42d1e91467756050a46a076f5f94d501d368d9b4bd38051f36ad02ae2f9bb717ef6b7b714a6eda5e0ce1661d6d86489a761c15ca6e
8a3202bb4fedf4f7e1d8c6cf3d23866dc103ae3caaf79aa86b7759b93c1852657900de55765b9f597672ddfd1cb2bb74750b150a20c0883a8d03ab54
691c8867521e104e23244a39e494c9ddaa340c6022cbc3984d1323faf06513c6fe72486b37539f8f8f8cb842f0d4cf101f5264cdbc70ea03fed7e9c1
9a79f8b669620a4e29b222f597876f9b264ed4876f9b2616e129ad1e9b426c1ac0de729ae03f81118a02aece9fc6c42071813d4cda04fea45cd26071
cc5cc2b4b2e51ef5f8848ab23cdaf1091d685100d699d1540056ecf8e5f24919621563758a8da328c6eac46ab8a4091aa96f537d99bd4bd00556c365
7aa95f0c22abed92be24d2c7f213fd3945979fe91f52b64e210d2c8ab03ae57a5ac42f2e09ae7e3f70c4d4288e969f1c960a6587a59ca942813967fa
602cc34c95d602b5943d89ff266979404237d16961b0d267e605e9b6c20b2e83a1d259b3cb60154f16e932d8fd2cb7e832bc2a9e250f0c659868d550
86893aacf38924b70cd6f964f52cc37bcbd10fdf726964b4ce27432564fd2fd9a8ee078af0488da3553c9f2f04b1a60fa382fcce7c60f63eb7e2a230
aa48ebcbeb53dca9413a829135325a53954db44cbe9b6974b26224db6899ac02a2df722cbe1fa4df9302c6e5a05e26ab84189ac91a206a5855a64da7
af6cd4684807944d2f215926b3f18fd9adcb2c4c070b7136a623db7531c49eb52ef5f4503f35c803877535bf4c43ba2916b724ececfd4086d481d55c
ac866086c4f55602912c8f82ba000e5a8ac52d56a2c2f12cb8c32c4541b218bce2f05fd1ab2ec54e3ae966b1930eabbd386a5624cba538fc17935e14
4f8a4e184c8fd57c7974d20597e6657198a68cc4f20a89a1eb5141176ccecb0baf67740dafc7e2b33c1ae8520b35bcce2de9e4c32c17b01a8b98e569
fcd1c9532f50e33b3d990d85db991eb3f11feea3a59a4b8d0e6091b6b9255ee3fd406a8a24f6bc1f886de57f05300973be54811716fa23f0428237de
0f941d230498b31ee880f29d87a1599abdedc3722d4db0e6f0038bd34fb334c4677fce30e1738896b634b37cd4b78983e27b331c0b1fc89ccb727ed8
e84634b5456c74fdb4d0651ae302e9e22868b10b51c8fda1740f13bb41e91ce6b0484b57bc57365c7f4ff6bc20456f4da8bbfbc1ec7d9f26a5d8ad89
a7773fb08e93695d5f85250f1c1e8cab757dd722cd3a20458a4a281cebdbb209afc0b8296942923adc65f3265909d2b25602df2ddb7b7553a3072203
b559f5c38edcecaac7c858a99a647bf70307cdf857dc8d28cedfe2bf3b3489fdc6b2b2487fda3fdf4b7dca6adebd1ba8af6bb1856607d2890e6f91ee
b47e4e426745837d51563462142e87b28651815c491794fe8bf49ead756a10830dbf7308415c6971d7b4d08259b60cc129a1308aa1e534f392064f5d
f91c9ba79c5de9a1c3598e1cd5a7a2ca328642b90fa04d97074452309a2da78f720ebdf3c50df240c66c5a9043262d5cc2ab71a65dc2ab71e95d2f70
3f6545caaa947da4f0be827b4535b75c92735935d29b7686581093cea40a478fc27c118efef7e9af1451ec2445cae9110aabdc49890257c5f4265efe
5d16dc2a4766fdb97dca96c3795f72785409d53902300057252e06595b0789b161b9ea83ef78749e7fb973eac3fd56ccb0f561762b86c43a48068fb1
ad3e6c6ac51da85a338af1a52a0d312c621dd540f8bf2a77cf0521b92ad20da6b72a6fcf8a65a53e5c6985efada3d40895b2d4080ca823df4c99e12a
b4059128ebe83b230328d039dbbe3eec65e3e8ab937b980627217ae8c024502a1d9894ff8f1530f9d2e37d6901b2e2abd28ae16d5c2769a3596193fa
3f50bfee405688bd41b199d5d9269df08d7596d89c63a22ab1186ebb75f6b1c4fb12eb0b2d684b4737541f3e749a1811a120664650a08799255a7cbb
644a8b245f281238bc62e4ab45b72eab4a0166661689b27e81eea90a388396b21a039173b02e3e37d3a145a27b98f7aa2c5ea08daa02c6a027ad0a18
033aa93ecc649f1900058ca9e1f5ebe2fe6780a597c5565317f79ff6dd7ffaa7739f3df0621b0a1f38de0853ead4c3881fd59119d1e4d66a8c4f8ef6
5a852c09d751abf3f7b1f0aacde2ec9cfa4adf3c90f4cd42aa6f3f6943893158596f3898dc60f50d0713a1b3bee1607247d66610068d383e0c6dbcf1
61c2e3d526df03087b810a4c8f03be106eb11ab9c0fa690a15c27c3972fdc20439723d0bc6f15f166a90fa96b09755ae9d3368a5fae2183e5f483e1c
e9a5c3bb0c9d07f655a0db2f908175d4cd84417ab7604b47bb055b96b243d9735abe4005f6ce6a1e2235087680c6a53a103dc8aeba9a65f853749e6a
98010e3575b5549c815b159782c95d2d6471c3187510c6b41a750000aa1a750010a83e80f20272a86ee6d0c39057a11006bc7aaa500803b0adbabdc2
7c46c1b122893958b75708e6938710d8cdea00f34443a9c61830132f8280152286b8e0e15ced250ae4b7eece7dc6e4edb663845401061a315beafefa
815085f8b9e4cebdb7f8cf72710879d8e052b9c1156265c290568fd79a9ee17bf4d0a5336532ffc38355a5fbfd14cd72a54b87830ed3e943f7113d38
a5e4e30254badfb07cf5744c67feb6cb43081257bc2086d6d32c45e6f294d92c72747d78de69e27e3b75ddcc34a800301c618e9d0238b25e769ae670
16d74b46e7fb81f1ac29ce5ef57c50c5f666d55fb207b1342e3904372a90ff6c142cf59243703460f59205abd1beec49dcb0627b3ff10b9ab4bfc93c
7597e5a7d0f85f6e09e192da4f6e09a1a849175c7a06adfda4ac0823df7e327a7f1a90e3445645131ffccb24b5c11d487d52e412caba0def715af260
f7837471904109121c061db6a40d8a949a3dde4649d59984661c404edff632c321e16586f95e06a44c429383e7a7bd51062586e0617d2b32771b25d1
4eb42f754a0e8c368a7b9fa87f57fbfc6f82e9efa9f7695f16b45c2f6d12bd4cc1647ad3bf4916b4c6ffa23797609b6471678a26491b59644d9c3460
d9264e1a8c707bbd3723d237e96d9779e00dc5f49aff160ebb09c4503037b459e07e1a9c1dc232ba9b26ce19e0589b9d2e2dd26f7b30c70d3fbda69c
bd48334dac3630b1363b2ed3c20bbb5ec818891787b96fb3b87f1669914d30676b733448628135e5ec45426be5356ba68bc5442e3cf07147953eeea8
41c72f5b5939736b14334d397209c2df1647860e6fda94e4169784b6086c9f0ba02d924722c3b7c56a12beb79a84b2e41596c5e2fb81ff25af308655
1dae946586640084499859f7c624a0f96955a636367a15ff1e26a5bd7cf0420db2ad85ed6d4d37163b4d6cf00cc4a73d5ceffd42bad8245231cd4d12
08eba899bbffbc20ee3e6c5a6bee6268144bfb8952d69a2f31ba74a985fcdf65fecba5d6a449ad11495a770ff37d97d017b9bd75097d1c46d6ac7298
75c9782cfcfe8e21155a96c8203bf02060eca6ccb733c7ed6a51827915e6162f95e6b083288b9ac30e02326fcaba8406bcad56837e1ec882c9da77d4
41d0dd6d750ccdcf1b16a258adab012e1fc2cce232349b2cb11c539b75cc1115daf60a4da97333a5999ccd944653dfc4d11662603729782b51f69b39
5ac26a376b7ce10036abbeb9c137494db19c36051d24427cdb2d85a7c95d695aa162b7d2995db1bf821b5f587063d1edee53bab05b904b9f77db5919
badd921c54ecb6b3467e68bb4539baad9883f8e1b5c3e07ae83c466f25de984cc89fbc839af8e71ff90c9ad3d7d2e7e31d970c8300b60b769676c8c0
09b375580efc5469b10fb29d2b698408a7421a21530e8a0dc1af9d965819182b8f61074e995d2b555a5e65764ecbab50a61cb8a8ca9ad31d8d1c32a7
dc9ffbe70db3d6a9e1b22b29dbcb485a926e34872504c7d1e4c638a0516d8e5318f9a55dce7a11f54dbb24f2b2ea2e6bc939ab940009bd7c13f73cd4
4f0da7bfa08dcb6ffc5ba9fda7444d9199facfdd8e8ea93bbd11788ffeb3949a3ba0ff1cf177a20e5b663363dd71053938fa4fe11333587db04179e6
8171ed59167db0549a85d3dffc449d4fba644e5e30483d5690fee61f8ae4db057e18f1ffede2bcc7e427ac7db4c014704e17dae11698d2aa3310b548
f95d708731c9e9ef078b4cc42de5ee1778b0ea854cc9a89809614bfac33e1740df7d74b4c38907d6868721ef823f4cf84175a11d265c8cbad00e0d68
7c17daa101b7ef9345bf9c697d7a01f9a174920f19ee405dee7c13090dba18e709b57c9f8cf44af10d88c8ffb685157aa18057854e581ea449191cc3
faf7596107222af559c6bb4f59e26144a72ef8707275de6599513effcb8c1351a5cb950f04479f6546f97c2f33cee77d21f23fef4bb4c9d1d48b441b
56609168c3b22f12e558f545a20dfba4081bc8c62a16ed325e45912c58f245a24ea77e4586001ad785aaf80464ed461f47d2e8461fe744ef45c21d7b
dde863b650113cb2ffe94eea45922edb6df1f0a4b145c843d6b55c064ba777822e8309e9822e7345f64560d1460555fff3bd8c28cce7222309eb6d11
7492f97c59fa8c9663b0c033f56aa1240d5429587265f62a1b492eaffeca00998f2a157e2e89feb0fcf7ff7c2f95fd44070cde8968da5f11201d3298
02456a6f66b0d38326ab4aa4e76e1433d8ebde6c2a6351ca45af269bf7fdc0ec2a543729ecc37bf617761cd1aa3b4c392097ee14ac3f46f60d52c848
3905eb8fd3e40d521801b13b052b91b4fa1ba590d1ef2f5f4d3fde9c4c546a4c1d27d28bbc08a7dd1dcbfc738849d75dd1c375c54e99d19a758b10c4
cdeb8e5d4e1cba6e1982c076dd708ef1f386dc06403b75676e6548ad30ffd46085397b411154eaf0a9d2ec44287b95e41cdfeb7b8f675256832d663e
f1c59e2f3623ac38703623ac28bf1ac8745b5a7282d276891013a194ba4488893c405d4af189443ffd912916249dbe791387ce47253ed5cffbb633a6
e8147779dd4e77ac22fbdc713f3b7552f268df0f8c0d0809bb370c0dee76aae203c5b2612a1d0a8538575dfa7362f2f737d912e3ae644bbf4f93d262
7290eed26272cf48bbdeb136f7c3d73d37ede19b32a3ac50270480e8caa6f4d9280a6552584c0a6552d815ca965458f20f467b0436dc952c29599bef
f26839305d7e2485115c7277b6a4289cfaa34e1fc135f7474c1881e07669d7e7bf85c6ee0ab358d8f5a7a9a1b7a626953b15d387e595e6fce336db15
7304b055578891cff6bda46c0ae7b00a063d8d947d91f49475914421b72a2008592bd7874dbfbf9f535e7cc22e7920547e848955711149ecb8fe84c2
1fa950eab9c6fb52cf8d74c03902a3f6588d81ce8cae83f424e155d641174d866c1da47b9af95e40f62813d6419a9d5c3beb205d54aeda75f055497b
d296e5b05a955d090fd37590e669a17ddd94b9e7d651ea8fe85cd6d1fdcd008ebe5e98320397e1f6d6d1519b9894d15a1906797c2341a4d3a30d209f
5614949b511d6d82a7cec97729133349df11816315afdf419aac930cd559ccebf4aa37d209e509fdb854af93f41b851aac72a18943ff872cb3e923bd
9e8422676e672b37d2e2fce6fd4b0df37bdf652c1d87036fc975d67d07d9063a8fb9f056f1eef783cc8f98f74fda9875b6d68c4df4b0ef33ecdd3a4b
51c058170bc3d4506ca18df26f2dbe753332c5b76e38d25528e50150c75ade5b964f763f08a5c5c90518ad872d2e1844d6c519ae7298ac8b65615e50
2a5ee653c08eb1854b5c1d959b3b72355f9ab17c20c00b8abdd58101c37bad5576c04e7dbed1d2a055d913f5c90ed8a9ef300599abea0b8c06e46799
0b6d6d32c345b059a5c9ee9fb2d382454e591f4df6881bcaaa987f78b6ad4d6e63ac9e26fc17a741f37dc7ff3282b11c8d2966840c11660aba0c267f
f3115ac50e5710c96b1726341ce42a6eb8f591071274c236addd824eba6780318bec6185ef32fffb36a03ed946d8098f5abc933f615d75187286ac3a
bc39015e8d353db6c6baf28222af84f35e57696dd9efab4e8cf013ab38c94f80d2d5800b42e1afd6462f9f07764d610ead8e260ae16ac405e1f35723
2e4824bb1a71317e3e794f15fa212528b780f4d39fd8e8abd2e4342279ae9bb5726cb6cddac5bc20f84432ccdfe5e6c59c0f1c3c0f3172dd1dd9206d
ee82365074f874ae00e5d6c44d733d6c9d0bcfbc1eb2f972391ee69e52e3a3fa1d3e717056e97e1b28e455708a19dfedf5f01ee7027f58c009dfd355
6e7a78dcae6601514eaef6cbe32cb55f1e6bec34cf9371b49f1e53a3780af3fc794137c2f479e3258b2ac544b00c4f49b261fed7d3e6a24695321731
7797d47f8c82d3da37c6495a5d1291ac978fca8c8a21139c7c46067fe64e5adffe291b3fb0f0c067e7bf16b69f9446f97f1366a2e4b2de7ee6a45bca
5e0b3d651d7d21711396b8646b6f3fef80c2038189d1366e0259948ce2269045c971b7196c1c7bd8f6b08e2348cecd60e30cea663c7156ef3618ad1d
7e635368066ed0cd31b53b15881b2f7440dc78eeb34d71e250c56f83cce10ce9e0f0a859db9b301a2de2d3a6a0dbacab4d81e3d8f29b02c721486fc6
27677b6da3d0bf59059b92d1148cdbdb68cd1565333b852f4ce29f2ea04d71e6500d6ca3c0c1b9af37839b0bddf37840be6ebfecdc6df2ed47598a3c
3aa75072282b3683a3c3606e0647e700dc0c8eceedbe4d9adf1cdbdbf4e650a6421114c5eb364b71c70230268300869b38d2d25973463333c0463343
b232769220799be514cc0a104483ec129b32784e612537a3a173846fb3e4af89ef257f3105b3e4af89f7a5c56085182d1d8e602b1228c3236e8faa79
2251caa65c395871b6225f9db06c5b3193c91e2826380d1613980616cb4f2140e9346736f5621b44ac559bf2690208d91699f659448b04c0dcefdb22
d33e8b50f934c1576c8643b3a9175fc4b16d6dc63bb3ea164b841932c19d3f38e24d0934e7dc8a5b354919826aae281554539421aba628143e6cf57d
5950bf28e21caba2e8536efa3f2352df4b37151ac60c6464336a3912cc66d432be9c9b50cb64a5dc5edd2debb45948626109b50c5e7b6b4616743a61
6441947e5bf325c961d57449460cde5e7d306ba71b9fcdfe943ef88378d89cb732fa90ad7b28a9c1d239fbb38bd0f0449b75bfb84d6edd1731b79455
bdf8196ffda5944fcc0de405a19a111ab655a238f7d46a2a58d24e49f939e88c0d012ebf19b7810feab65ad6a60aeb5dd8c8ce2789c57173fa4856b1
18e54ae8e46d93ff161bc5c92231416e9b4330b1f01f2e78c6a373dbac4260eb6cc637b054779f067f0acbb309b28130b5edee60e6ce3e78e0dd36e7
7ce4b0ddadb6e72cd8adb6e7f4d9a5c280a21790c1e9b3fb4ae78e72827a50399b933ca209de0e8b13cc95933a92807b7352c746d9d004e6ea900682
dd771849cfba7e21150cec0ba960d11d767e67a53b11245fc89def73993b0f241aefed0565303872f0fb30172f2683c13aa58c61bb9eafd8946e3b33
240e79dba991e05479411a7095a7c1249c33a7e3e64766dd5e880557e40bb180cdb8acaf816f30a402c22eab6760558db100b5bd5d960820f5b2be06
de430cf927ced6f6c230b829952df27376bd288c6cd9fd67a4762eebfd676f829907a6350ce4fe7b696d79605cc6c41bd64d6501ef3f134fabc69384
e9dc7fd64d15aa78699df3406e120b65b94964a3ee3f8bb6336d9ad4b029fb6052737eed835663e385972d086183a3aee7b0d907e34b204c508f8a9f
f16ea80712c86ea80737f93ec85015fdc63e58c71666621f0d490943b83f589002ea7a1f8d48c9b4ef0f4b5f90257723413ee33ddae13ac7d83e2a94
66eede7d744cc91cc4fbf8521ad2851501aabc0b2b02767c77483762c2ede34b787a35992ea66c7280c85ccefb64468fd19ce4cd914db44f4afa3153
4377a33cd8fc802fde6e65282645be64993cec7801d7b08b1d5f3ef3f5b0e39fccd7bbf4c31f417c9f8dbb61d9ccafa09dd1963ef87e401d46e20cb4
bafac19f60dcfb6c5c0e5f1f2aa7cb0fc35db05fec82482f38f9ef82444f8442dca55e9e8825bc1747b7cb91b71707bd1ca8d4312e073e59fd20544a
bf3c11ca76977e791a3ffd302677a195471f45cec35dfa667228ee8b6cb4b90ef645712d73fbee8a8ac125b60b893d11a26e57548c891875fbf22285
32780e8b012bbd2b32f38417c3ae3819440edb97970a7a71ea05ca424515d690e2642ce4dcd99530074dcaee40cc0ca52363801fd8a5162714ed5e05
070ac3b8bffc798c64bb5c190b5ce85eadbca14627c06364a4c8fe2894f626ed0dcbce8aecf0d27bf39a61609ad4376152f726551e545b730d514d96
5cbad864fb0ca7bd3b0b3d52cbde055a625cadac8626eba63907ad9b6694bafc4f723dee5d9ecd9127f62ee19e8dd42dc78d7c60d1970f24fab27e57
01ed39e156d952e9e02a6d43b8827d951e91d34991323ec2c5aeec343340fb7db5ec1b92c4b5cff857eceb3b68bc219c7bf88c7d130c87f36c9328c9
6ade847b67196c1225696093ef7078b85d7aea46f8a25de9dc49acbecb53f047c490ddc06a3cc67729ae7f38e2ee9b93d1460bbc3b7606e9fdf6fdb5
4be493fd1525d26fa1ad3f72d8fea2ade9f96ecd15ebcb686b988e979767c1bd706be667f759f0a9d3faa97fc5e3e578d3cdc3e62248fdc7dbf38939
5af6d9a150d64cd861bd6d98cffd30af14420ff14a8cc461ae902665056045bc6cfbdf2ea35371a1580ee7bb6453fb695e23bd395fce9707abefe8f4
ff7c2fed8ceae96c9d9f1ebe66c4b42a18c4843e62178b3e91b76fbf7c9c318c97f13d51caec8641235beed79b883ba448853e15f6fb65519e2a641e
013db55f0e64432f8433fdec964b919ea37fd85fbfc37f841d62d07ba7fc1c796c95c36e89e9d121b744a4f8e351b98fbfb0658798f59ef3e290ca9d
f0d8c7c3aadfe521e5a6fa4aca5dffff525e75a6d3dea632f5e94cefd4f7e018f17a39ac906f7c2f857c6ef0e3e1da4722231c8efe113ef4b0423e1b
ecb0423eabed18647d1d281795795fd6d730d7c720f04e589463d01d16defa90fe1eaf9f6310fd23fd15fd39fc0e855ac66fe970409146fda69fff45
7f389a6334fd697f9441226cd8a1d0cb446638c4fb2f28b48e517758a54239e8552a90b637a2d8a1dc2d1c068714ec9d05f428d847b4d3877c243b0b
f251b08f9d01948f64a7c30fd77fbf9ff6ac50cf197b4cbe93f9df7730f5777d9f0910b29bc3ecb0bebdf2fdaef7a95f0684e8248ed9fda72c03410e
cb6376ff331eb3fb4f795639eddb6332e7e131db7e4259c0df1c00871d2473e71cf38bc3e18387c768ccf0a35e6fe0fe0fabd723c11c0fb7df902d0e
f9433626e061fe1b6e02c7c3fbdfff87e0621e24ed3da240c3f1e090b61dcced21be7f21b5fde1602595f2ae0f28db1ccb9e52f492e72effc37d7314
91cf8658644d88c07d28d40999cb8ec5e45296f12082ed21207663fe15da84cbf490af2656d343be9a8df52ea036809643be9938591c8b89a3ece94b
fb55d31769ffa8da3f9fff450fcba1ca141d36fd705493dc3047955b21ebdfae9bcc8671dc1c38c6713319d5ec61caf6dc64bd1ab54dfd76dcccb57a
d8719303bdc976c2fa6eb234b0bf9a2c0b9c47cd4c1827789328f339819a29a02c0a2a2d0a31c289d704afa36cc74e7ad4c5f07205d8d193faece8c9
9523b877ffdc99d6f803f63fba6da4d0a0fc2a03b79490da3f9c940fe55741f439ba19deb01e8714fc449b3f0cdcc623e178448b1937e863b508c9c2
5d1d5d311cd1b1bedd4eaf245cfc08d477ac4e28c5d9b3da5211dbe161f74fc2591dab4df05c608f403283af3f6445c0dde758df188c34fa929e2a37
914e8db22a10c6e0d84c795ad8cce9c143c8ca400c90e3915866f2ba1edb4b77a89291817c1e878d0c381b1f82dee0057f6cb24c31dfaf0033f24076
276e0141bb7f04d93a76cf27e7da6e831ae7f26e030dac86251c6c11c7fe4e68fafd883c33894a8efd9dbeac89dd74503ecc9ef2856787c3fd05f4b0
68649c68c4e4391e116706727158c2c1d07748c26904e53b0e8b0c308987ad3e1c2a8f3963060872c89a8166e1903f28aa89e37805b50ccd61f5c7a7
4619b338760e6fc03f05f1390e1bbad8cfa7cd6f99bcd36e159cb20a5c086ee438ad45644d9e163ed8bfa7f35171909e1e144e72b99f8286394e0f4a
96d4f99aa2a8529627583b438870623b0421028f735c7617615d5f2f5d69e311b366543487a4ac1f58ebe392010df6ed15b2d8bdd74b67c6ee7ae9e4
0dd1c5d45da68b03f912481816d040a50f4f28bb482308d461a412949e3f23f6b248cfdf7b840f792067dfcccfa950def0a1e74f68bcd075bea96172
2c9d3f1bd41a6fd8a0f6a9d206b51c5ca76d18a4913c1f696886993d6dc2c839740e562f6468cec106b5acd473b07aa1f3c016b5dc2ce76024e2a7d2
5701114a065bcc3aadd876489d26351bfa7ca49e992bfc7ca49e1926e71c0da9cc623f4713d27930e98b0c8ddc5f87e95345f103de90be07b7d173b4
d529cbe21c6d755a6864932224748caf3d8d2fa439c9363e47694e185d47fb0609724ef27266154dd296e45c3a1deb1b5dfd39c9379b8178c4a30f27
714eb6ad65d79fb291203f9c93d52bd1299e93d445ccde64aa2b4dd8d656e98371e005b2a4406a50e561a0060f438669f63064d79fb387217d9a6d54
8c66f694950529f5340a1f3dc9397b1c42b6a38d874d3ddf68e3ece859d9e1d86df33bfb7c612a73a99c6f707146aed817fcf386828bb3eedfe0e24c
46b1a18d15f50613676c8b2d6d0ccd6347292411388b0c6d6c9d62f677f9931febf9461e5fe891cc8d1c292fa49f4de050e408fca74291e30a7b2e36
3732b28ba96624e505f0717e3d17ab5a992da5c31c893070da2f60a6fc9ad833d48bed741926390e7cd88a53469591742ba78c2a23f94e4eb9168c84
393babb2a245543c65551989907c2adef8480a96d3de06e44c3915657224c9ca594d59e4bdb3ca0362a60a6b37c3c79d32cd8c6da40a99f33823aacc
79ecb66a65e7c80b0fe985dc4fa75c6bef377830f8411a6d8a27cf84c856339199e26c8e061f23fe29b16b22ebc3f9885de573ae34470388b1e39479
66c10df67c04af825fd3d95f256dc64ad8aa86afedd965df63f177d9f7d87012bd2652529d8fe85500739cdd2e991c2c025b4dc4dc3abb0d7e139f88
72a2969ddd06bf895ec8e0c7a12de1ac91c0f494685581169cabd5bcf453368f8ad2fb74ec97cfd5e2a4f19f43f7f0839072095651b92baec9fc7e4d
d97566c02fc513fb855db826654c4f37afc9ca4bca87745dff86fb728e07f26b5db36ea79c26d76ce8478ee16bf6a53bf0869227745e70dcc80ce635
bffb8307b6e14734ba6cee6ef4ea5d78f4ca26aecf1b9717dabfb1bc6411c769e57a4ef68553f22a02a6e1177de964af385b5f4e1b91fd7209940abe
ea2ad693f3bea21574cad683d3a2f4c09defa507ee74405eaaf47811309d715ca407cfceb81c7f20accbb548ed932bf95aa434c9ceba8c400d5f7119
819a43e752f2609c362fc717e05ebaa4977adc3eff702d5daf3d3b80834bf853d4de57b514c0caaa7215cc81755587002a7c61fe3b03a27376983e0f
ccbce570b9aa21422c3da715461374c9e43d121efc7a94570587c5abf93e606135c32272985f8f3aab0015bba4ce9a40e25e46b57e9a50f86e16737b
43fca57c6861d1e2a93d1d32158977e951975cdd16a234d0652109737ec983ab1277f5ea3291d065a58880dbbbba4c249d0adf3d4e8bab8e8d74a94b
05cf76ec3221f0beace0dc679754553396b86b95036ea32c1d228b7d950e91cdb4ca2197cdb32a3c7558de6b958eb4f1bfcdb62c6687245b3e2d9c1e
249a90680c4d9b4563fa60af30928b5d524bf54ff96516d38bedd58350a7715b95074a775268c3dc07ab6d13208a636b13f351a8c0b82216c7e65b7d
e60ddfeabc60cd6456cb03a7fde4eeb81e45d6bdfc429592cc2ddc10bbec53b94caf478df5a4d24a795239f529a7dc1c3de7b5cb3cd2f85ee62a666a
973987a5b2cb9cc352d9bdd6b2989552ee73631d36e7a43da58cfb0cd061033eabfd78f5933cb87432a687a7d570011a5eafe6862a4e07cd645a4e23
0fd89356ddb0405fd50dd7c3698516e7fff92e615a7d97307558c6a68dcb0b345fbc285636fa25218cb17e41ac5c2a52de8c4473ba2e0b2fe9a631ab
0064ae4b30417a79099ac0ae1120f55ea02f5dedf7d8bb4bb45e77591aa77f2bfe2efba6fe779ede0f74b5dc87c9ffbf87ee9775d44d7c6c84e794b2
1cd0265aab5afdbcdf4c1fdd95f5f41f177797352dffe8bfcb87b64bfe9739fbf76f0eeef2a0724f595adf311d7ad43535eaf5bbaced32f1ffa2ed44
59e6eb29fd1be43c3ca53f365f4fd4a7a3ba53f6f6a23f87095ef2e0d40734e8fd9506c6571d9c0f4679aaf4503c5a8d3da509296eee2f784369da5a
68782cd8732cb077b97b2153c37bf56794478bf62df3a640652dc1e7ef0797e9ca83c951bfe78cc4e4c040f473f242e385f98910b6a45b932179e9b6
d266fce8f6e4b5c4ff5d534759c80806ee51b2dcffd39e3842866916c7d7f3be0ccd7d0ccd3634d31f47ea652266dddaec2cdb8d59da76cb2aa1bff8
ba9af94049225a2a2cbe7533a48f2683286d77d9894a0a1fd84a32f3862f9f4f13a7aa487951d8d891f5bfbc69c3d3ebc5598fe7f44299d37e09f070
3f70d4c039dd90b6e27e23dd903262983ecd4abfc5505701a418daea833335d6f722e78172ccf58c651526aaa793af16817d5f8d1066df4929d038a9
aa72b1cdd977e2657fcc9ea36dc505fd7ef05cc433cba989c7eaa1b1c9eccf726e9edd7459ee5ac1ee3e8936d4603af8f0b54b62cfde6505c863cc1e
4f2bb251dfe551e5f4a73b687d86e4e142efff3329dd811f527f37a83afdedcaf80dbdfd657d52b6da85fa76bd9f01eb6f5ea7942d7e53812cae0b0b
4b2e554f1cd5bf5c3cabb23a31e1ab2f9eb46e5ce76773c9d2ba14ca4259147a63b121dd7d38d8e5b38657e52f6749caaa9a385fede7f4c66c82371c
16ff4bde2da9efe14d97cf2edade7c83995ff1a66d64856e8ecc911e8a175d3860b7170a973111eb090abafdc43b0e9c680faf48d69cbbac98be2347
d8ee233644ed12ca3fff7795d3a5c7fc5963a5bdcbbb8eecd0a4e05603a78d98cb1fb7a3825b0db00b8f2db40edcfe0a7630f0fe21a80ded1f262823
70f8ca08c187e8815d516c8481fe1da62703f69841c7e433bccb9bcad4bfeb7dbe1777f2e9afe863bc141a6be0fb53dc0ae37b0a6cc895a8c8583f26
ec618deff753ffc31913e7f92e77af192ad09a682cdb539722c7dca94b906579091ec7b6b9247e70cf5f163f52dfc3e28e33abf61243c8a27d38dc27
4d6fcad6b971cc5c62a8d8b8976f711a5c55a681470fb430a597f080ecebcb04f2bdd05e5912c34ff255867010fe73c9d534fc84ff0b9732fc7cff15
1e8863cc1d3b98c5cd900fbff7e4a105535853eede65d420ade14c0b46c56750879fb92daa783dab42e530bcbc44ea78f8da165bdd937d4cccc994b2
ccb13dc7f7e0b80a9d1abb2ac8b80c9644666ad8f402151c2ad38353e592f2a572be7ff858a2983d190b9e3213310a1798bd308cc20532918eab90e3
7078cc932dd105efb2708d23f58b804e871ee3e4f82495f9c37d3308c519e4c75d36b59964a338b3f307a33873120ee27e7b4c5f4fe8531fce190f87
e9ed8cb8b4cf25dafd272690388a5024a466d2c7de6521e522ab0c9390724bbe776484914e8ae36d396e87471bdd63017a825ca88234200eb845d819
66a760e954e01e5181a4b9f028c3acbc0b0cc2ec1e87a2d93d0e058666e6be188a94a803656115c3f30c8666e63c1c8ab07d35fd73248485ffcda3a5
bfc5a1f50a2f3c5adfc2a27d38ec5e58f40f3fdd0bdb6c11b88f45a9480985d3e661af7b6119393002bbce79e33aff3f33d05813ca1b57d8640a8c50
5886ce0bd7e98f43cc844d191623ff3939aca70e8f303cac792f6c43c129138ce2013aab9c11a8a628df0b4e198f9cbbac21afbcbfe8fdb45f4d11ed
49e8615b541f86850ae5673530a94a11f7d926cd8b2463d8849f0ad330381fdcc089ad24c375e2f06cb60371d63503da724b0d4d80b6300e437b43ff
64989a65b54c44b34b0ee3de5e598d375e598d3a4d57da7cf5ccb9ea0687c9ad8c7d7f05af34d2856862b21c18a1b25e9d8d980dec9c1995056adc64
6507383042c498c1f16d2be7b871929535b95a1fc10d2a9ce430b12bc4ac0f1307d36a0d058dca36f1f940d6bfcf3e7580db8909595f9133432105f4
3051a714cec3c414bd0a678e3fe77d4bda97fb8130339f178c996169390ad9c49cbd5c3d73b6bda45287952fc35fe008f7db0f98e1732b3b693242d5
b0bd9a9ad0adac719f8bebd13f97cfb5ab88659f6bf9d13f97cfc5b65b6dc319f90811e573efef96d53306bb959c8d1a6dd36c697217d484436f37d4
248a8fe18daacb4df7c819e5c34bec86dc341ebc6487cc47d2283303f5481665a6d787511ae14387c35085f0fec3f1da0652e561db002fbc2a85d0a1
ac740b9d3a5e6042e8fa1f636792a82dcb24d12d3d8a8a4cfebdd8ee7f09a511dc387ea37a87a0344993649f6757b4f2c77b28cb87143cedaf9b31e5
0cb6f21e5c969965b19d6363e445736aba9906723608fd3e28e5061cdef04acee70f9dd8f33773bf2d398746b84c6f6777cd50701395bd79857ebe7a
4efbc07cf75b951e6ce208d1709be9e1bbb8d2cacdbd855b5934992b3610becc157f5001760163e36e73997fff8f3ff13c3365b3042565a938b2e8a3
02f4223a1a15a0371e082fd5adf98d291b9bcd29fb34af296f3a9bfc6f857d48d7d142f0c2807269c99338daa72b008e8348ebe0a97190e4b1668097
5b782698fe066b5cf2008e3259fc255de51bc341d47ff0d838d84772a60f3d702caa62f426abf2533e455750962472e47f3d34215ec757eebdf08a8c
4a8d377cbe8f3a25693f8ad1649115a2616980a0b06a8921f55a5c1ba4ace2e8934d03adf22f28625436bb25e76c2ce658d281429d419d8e0a75c603
3ebe02edb1e52a8d1268b79cd351d9eb5a2ec2284f2d2484a33db53806a2ffc7cf7ca463857a1c8bc8e75014e36b46d866263c89761bfe2592cf2b54
d0cf81e635556951edbfdca96e41663b893465768ac88ba6679c4c6a7c7e30a911d27394fde08f8b3fca7ef05799c36ce283259a4d7c70f4bb907da1
0f3f1d8d3ffc843686f55bd2e8f4f25b41856dfec23c8f12a38f716c7d11b259ad2cb56dfc6690c8625bb93c0ea38cfe9e265428dee44a170eff005e
11715f90ff8f22ee4ba2983d155ae34217d60e66c95f627e86671f65e197b89d4fd92798f2ac0345d9fc5218b65172f806165034e181d5af1650b1c7
ce195d3f7fc8df0539f4f832004b2c409ff2a9726072aabcbc70e3cb0e2cb1ae7c9ee79fca99e26a3978fe176d4fc4e3a7e215bc7fb0e5ea673c03ae
4e70cb00973acc224a500fd73c76417ddabff6240b4ce9d82c29ce045f3a9ff4f34f592a4b36f125ea1768f8b159b29df15f9a7e81201f5f41fd0253
3036bf1e94dff97f6e99487e141de3664c9cefafdcfef93fe3bf1cc052794d1c098df5788d4f96a4cf7aca2251588fcdef3b78ef6507960f1ed80430
68ebe5069e7200d82c9a624b37439c151533b07004649d92f0c24fd92bc004bc028150acc2c28e59d6cf919425cac23ddc053168aacbfab3222f57b0
542eb298828513a7880f0bf0884758b823bb7618ccb9cb471a785e2660f960c5ddf0063e85745b38618a06b1361ef3c35b9e010e6d71f89cf1a5f997
240e7bcae2a05790aa08f4756493bb35266be6186c6fa8b27f797c4e09ca23741d6575f2a1165e9fa8f10749768a868c187bb462e0f35d82735ec653
5efadcb1d331373802d60c8019ad09009d9fd27414ca92fc471e302a4906daf0d19a002ee125f2060a4c91dc26d46ba39266fc78612e6105ce9c5503
10134aa201dd3e2a8906faccf192ea8315559e8c016ae835902135d05396aa63627ca9723853f27d5a26d0cc6588d3c16d88296b4b595169160628cc
5bba100ef52d80797ba4594840ada7ac2d858abf2de1e64c2ab6c4faa1bf6eef69d6fcf61250d612702b1c1e0e066f941b1406d94f858cbb788b648d
53931e6f2dd23e20262a3f2fc29ab2cf7549d9bbbea4ac731d5459a48cf88566288e3e31f1bf145eb90745d12796c2f88a3e5198df6e790515daf699
06528be65816dbcbe42216dbcb0070671c423b9541fa9da092d2f50a9f1652f06497cacb483c4b1c90ba05cd4a0fb2ebc8412ba3343c39584549b417
d6e85524d4643078cae21c82ccca289046faabea3f7b6446a2d29f20628d95447b618f466367ca02883d7af98c6745e84f6c468e65510088387c3f65
69a882bd8b92642f03dfa5825b682f85555e9322b6230ee84f59f0710665e49ed0b44f59264e799d4ad135092a2b0a10b1b23e45f071869d521b82a3
14011882a12862443ce49fb2f8efb07665f206a6bd2246c41ffd296b4307cada502ed9e40dfc278bb632e98604119749d0e72128b2f249ece3a7ace3
3af1ddbb0b70da5d6ed8a4d33ad2bf14b0a12d8af2082670f053f662f05dbb1f94539447102b80327bf733feecd3ccff362be0782c7e69e8d1163f2b
fb21039f39de864f457fccf38772e1215028e61bb842e21b46eef4cb37ac48134a15e7cb22be6cc343075316a70b1055da378e5895ae912b58a56be4
8aad1288800256cd974d512ce529fe954f85587326b84ab9c8195fc59ab3cb8ac4d6c041ab6cc13edfa52ce54eaf522782365701040e92517afb4c50
0081049583049d479127d084fcbb28725be30e34695339268ae43682a464a38ef95e69964d64c2cd0b407bef10e3495dccb16ed20482a49b17203ba0
c86f13f44b69de523af40a6485362954d9d24d0082b5360b5f32e0e62398096f0230f44ed9740439729b8ee0cc77ed30f76e1380bc9c9b8ee4677c69
933ffd1f3e524cc0679409fa8ca6c35d5bca1112d15f7fdce45dce441c7253f170e76597b807d4f452f1ebcadb7d485bcadb7d485bfa294b1d1c46b8
1c92734615570e694b63d1550ec99617fe977a38e4513914d886874fa6e71fbcf23209258e914f590f090fdb2111226748c11496cfcb7648d6cccb74
58de95efa72c30c3b997d37e118d0a2927a38928a7e41b515d945310f254dab83dcad2721a42da4be6f54f99199e9f05ee677081fb999c94e3bc04a7
a1e57fc5468ce2a528e94ae1fb25e879592e6d37fd5fda6ece9772b0ac33dfb518bc7c97800f015f2e013fd35ee6091072975100ed052fefcca53046
e0dccb7402e7c9aa04cec7258021256f01cc00b7cf7726744beccd00b700feb4d7ee471a566e010c00b7761fbae556242308b15be79947e236c0b4f7
065316c0a0bc5b791fb86f365562436fdfe7bff2f4d386e6d59d7eb66ea0ecd34cd98ad75ca8e92780225a9b7e4a1d156b81e9e70bbaa4ac0bba5296
39c7a7bd2fe89ab200aaf427738e2cc0f413407c1f8ca002e0e0134b592736ccc8347803339eac9e66766492de62c17a6b1aba850a5d784f98c26186
276b247bfb1983b449a1142638dd49095fd64f0b89982bfb24d5c38ac46e1a8516267e905509fb323a9f21ff4b5702dcb2b65f785ca651461ac1ec53
91603faff9f4b20c2531b59eb204fd79eca697656889d6f19425db0fb9321569b422609a8a8c3616fa93d106f329ba198df6c683f4bfe97fe6ab0558
e8ffd078b43f35ffec81341b3354f954b400799d276b3642be4cd66c04374d93006653adcca8b4973263a2bdec6e424d4c9300e6ea4d960ffde8a0a9
0165b1b5b8504c9340e6d44cb224e2ec4fdaf3d017d324cba2209f6916845cf6599645e33fe96ea659cb11cc3a494d3243ae4db3d723ebe51431c864
a7592760a42cd4b1329d9e7e3cf39f75040a3fe80884a29d14d42e51f29eb22f6263042f080ba0059980c17720032c5ea074a83876896bf794e5e884
ebcff4f2392571009fb255452c82b2d4a0869dba3156666463ac7035d31b94a1256cce53f699c82d907156e2f63d659ffa40bce8d40fb417c495090b
62109172d8cca08d6a262062db49ea9c19f3b449596c923df2296bdb4154d59a6cbe7bd7b3a6d53a3e0610c413edb5e9e103a7ea7bcfffde53be0b42
3067757e6deea5bc2e564cd6a7d798ab24d8e2537e37ad0d9f0a4f395daebea9aca2a2db61e731ad9e031d18b5e4ff267332cea113dac4a3f2a9e809
6db20a32d49ab03d9a9ce07ce06c36ebfa388bcd4fc6a7892dce425c4c3dc90d8fefcb714df0d493f39ba3e89a9cf466006528681e5cf3d483e67160
15340fa670ea41f340a34e771e4fe4a7c28bc14b6473b081b76d33aa59f8c38b0126ec51f23805ce3899e0354f85adeb78e77b943c1e90cdb0824eed
910c7f396d96d5725b7a9c3c306c8f930779b27768f3c76e68d969b924c3144e4e4bf9a115765b12ae54c87010b4d823e1819a7b306f1eff1ecc9b3b
b17b1b03aadd3c70749b769b8bb35c0a9687f8633a7ca4f3bdc7ca638f7aac3c16ebb0c548c63c841a3f0d167d5fffe9353abce1205ae5fc41ba3129
8a1ebcfa74c87480b7c351c207eef4d14f323df6cdcd3a1fdedc10ffd3e9cd85067a99c58fc3d0747a0da07e5fee714284319dde6cdec0b3870fc92a
39ec5e824f3d15b69a0172c7d54b38aaa7e232ee4893cbf6779ccaae19e28c39f41d5688936cc066ec2ba7cb669fd07736eaaa10647687ae603985b6
c30f7692f3f30c6f71d95883dbe3d076950b77dbf439b3ba6dabc1d1b7dd57e520dff62c044139945d05bb38945d650fee8edd998641051138b85d05
4fde06155ad1e662959d975ae757c1bdb74d55201f5fce6cc2d574fe754b95960a033b51e1b4d81975fef9e10a4d3edb757af9f4b168902565931b7c
5f0dd9900ac39ee77afe19f691791af6dc93d99665c961fd5418f6913f0cfbc828dd4c27900cf650ceb19f15442f01329e725f8c7431287863a38749
906612b6474b02a4a7c2072184c43c289a49a385d72268741ebc160b2d6ce94cd9900729ce8321674306433e336d431ed2601ebdedb98af3cb2b4e09
cef0948bca99957db53165985fddd3844ff23cf6134f854ffc480b433a51d1779d41fa89a78f7ee2b321633fcfd900a7a247a03f970e5916b8d8f42a
a4c02cefed0509f05c8c86589de2bb198a652e9e4708e2d9c9e61b7dda463b786a76dcbb0228936db4830066a7174af0e2a74236da9c5f07be2b5c1b
87582afff656cd936dd583b566c7c52b1ce649d69d2cff245b7596e1e504a7c675996ce05499b1381f0479b3e2310dc98efc54f475c95acf5e86a0ac
79b64358e88c7976a429908313dee3d83dcf5e0750d46c50b91152150d3028b398bc2199519f0adbe5d38595b98062e3bac2c59d0d1b075c1ee9ed33
a86d51f212cd8bcf00d770e967200bb8d8a2f8d3c4c04ffcd10f41167031f03315069ef3bd789ff308cc8bf6918bb818346e55f772cf0b382f0ad209
f65dfa36e687dab7317f54730ebc12b56f12159ae7caf1aade24de22b9be0f882266d9dc0d2b57c2919d604467d9dc0d5830cf72ba191020cdf28ec7
14755e1d901274aa007903ccebacfca5c3cabd581d9993dbfeb26e3356cab39470c3caf3b51ad68141aa5a308641e56d5a0d6a18d87995bfc46712dd
d833a0af7dd318f4f4a0594f45e11bd60fec8e72155a6856ced381d80273935925f31643d8f01b9e9b41a707bb48442c39b70e7a164bfce08a71f0dc
3aecf461d8795b5adf66fad8352a831c2af3bd83ce0f069de7490ce18047c3bcf57310c8369f831f153e07e0083184033e6db318c201cbe1f955cd7d
fc6367bb07e153366f725af874d964409f696eda756ec0261f1756e665ec664c95e6dd714981a287965aa9985c91b5eaa1a522059877472ae56439b6
149e35b3acfa465c6b6605979a98e66e3f007a70c6bff64feaa4595cdf88a7cfbcdb4a990b77749f971c99c302239ed7c3a149c38ecc475f882cdde1
8580f23abc101cddc30bb1d2a943b646b2371f0ed9ca7e1ede3fbad8fd035dd89b8789db229b2bd8dd7b02eae91dce08a70db4c1b4e2ee4604b8f3e9
c874597c31732b0ae1b9fb03417a9c8e310225608720c45bf3e9508c3c3ba71331f11c2a931482f259ecdf88aa603e1d9595a7ec32b5cd265e068d4d
bc1ca69597ebb2ed3964d5e5a87b3c44974181cab91cf72c137f19c61969f47cd9450512a5a798e20d96366f44a03dcb40702654c07c75d0d2e476c0
59feb83b6859e1dba041ccdde6a22a7f08349ca267e589455231df7dd7327385dc5ab8eab7bcb81adf777da7c3c370f083edc1d9a2dbf165d9911e94
2b6bb1fc1c5f360763f939be6c8ece2206722a9f3f26ffb1a6c26932338fe5277f815cb34549621382ef29db5f2d8bb7fc0ce994b2206dccf2f008f4
6805fc4a0b116ba85417f1823322c4e5e505e704f67fca7a0a13d7f3a970168d60c145bcde543e5d5445d49b5356045a8c1c17f17ae537338b4d2d18
c316fc852e0eb7608ccb15595df17acf2099f8e87856b9128bf4824f453a1d7bc497743a3a2b682ee222f66fc4777251a8aee70f46e96184330ff17f
0507ee65b4a2854d193bf4817674e4e1890aa7091d99faa9f5a1dca1cfbe8a1f5cf07958c4fe7d3ce717852f28c81417f18365fcb7700a8b22ed16ec
8d1665a2c5b2625126da4ff8a44551d63f91e11671939fe0024bb13b4cb8f145ece4273cc0a2b0ea58402c622f3f21b916719313da8345017b0be674
cb64c9fd8f3e340dec5517b173058bbb65b2c34a263ed9fa3e5dcae2efb35db3cc1d399bb6f0e314d9c22fe29665965b19a77fb6711d65592e7dfa7b
d550b8c62eb3d45023df2f95f97eab9cfe164b8b832197c5f21dce53e7bfd8abce7fb19b7ffc57805844da7f06e9e42d5d34df9d9c10e795458ab42c
f640a44b5960c1f12eaffe6c411ab654793984955a1c92b752ee4c7576a6da249d0e6492cee1a8b2b6e6925459577399abc209b193554e04e0982a63
6bce6bb530184ca70cb138822cab8c3b59d65596aeacbbcc10934bea29cb58951bb2cae531b4c4a2d8b878ca2eab8c55a37a589a4cab23ba58141a17
47d4a5f515cb046476887466912fd3e7ec3703c4ff020844d40c5056a8c93a77a12cdb6b76a4c9f69a1d6806303bd80460c885a5094070e7e6f78b47
7513841cedcd9733036c0690efba9ce11396cd0006a04d00f1346d0208f4bec9dc981776f30e66c2765dc27979d9147806886d46c88aed4a7fc6962b
a841c56666d96538f9e94086932ce96ef4922dda6d1a4b7b5986b265bb0c2739a3bbd0cf6702329cfcf4273b4856e090a12767f090ed2ee3c96a71fc
7cf7fcff499cb71c0a22c47e1fb20afd940d5c56efb05568803b0c5c8ec721bb5f803d6405faf92e3b5fb6ffe54b0a9cce220b455cd79757c7b42609
ce539ef43fdfa5dde638c82091c0188b0c128921b4bc2c49c1b57c793992951848cbe9b780f2a1ef815f3688ed33df4bff67f36483485885453686ed
53363c99ff6578b2990a4f8065f9229b42027f2c2f1fb2127163b93c7fdaef2a673eb22924b4e9f2722105be70b99c6d0b7af496221304757b81d3e1
2da54ba52c8b07eee72d1b8fc8d6965b160f60dc5b361f1014b71fd7bffeeacb0914042af527add94ad986399435dfbcbdf5279b94701655267d88a2
eaab242a4889ea4f161a2bdf37b52f29db348def32530ab1517fb29e5829cb7a222f481d1c5e380f79ed0178b3857590d94d5edd2a654fc338a20e52
91e7d5ac56e52059a97219fa21d5ab8e3d00335f07a9c8c3f056ab721052546b6e20e3ead8899a8c3a4ab51f81411d1d3528dc51b52e072954952e07
a7836a4d0df2973a4acd1d42ac5a514320883a3ad8f18f314e573046072483585183b0ac5a518354af166f40ee702d1d129a48b93ff1c3ec2eb24545
012d42b75469767e08626b3124c143b548633fd183211be8e2f2acf843360a61a2eb64fd7c38823af5c0d5016cea278b3f1c1c25d8a74a79f38366ac
93b4da1104561bddad7469c558ae77ed3109d8c31e9380263d26c17343fee1fda93d6001f76b96863022d73a5b431822b4ce3e553901b335840b2daa
7a088cb31584951936fd408fd60f06a7d5d97ab94a17d68d72421c4798103e75ee0b95fd9cbd502082576d331157b12e7d9d32efce357094176b7db9
618b14e0608e1e57985bfc320913815aea625528977831a82b5ddade22328fba18d495261d544635a8a0dca5839a692851d2c388e40f31126f84df54
d8d4011c57adf1cea8b5c39ee5ab56fe67dbab61af8c61d8e9d171a442dad6da61a70b6f33b0578b73427a552b71888d50153a8d689f75b57295efe6
eb384ad6e1e00450a5c359a1c8eb6abd1a4b61250ef112aa9538d8f957296dea77146b4c3f4da469e315b48a06d9406d5611868eafcd2c6ac8dcda3a
28592eab6088eb509b671e62ae5a054324876a8d0b1e36b5594708f4cdea268e8a752ed8cc57d9e0e1a45c5f95cb44f0a1aab4b4e881aad5299814d5
adf3dafc2191055634d5a1903f806cd61431e8264d11fbec686a4834eb6655d1671a5615159a5855c413e0786b1f5263b7f681f7d0f1d6f028a92f6b
32e346581d6f8df823d5f1d690a3d6dd7a338807c75b235853dd2d58e0317300368483d531d6588cdd8b911dd8fb62300b2fc607102fc6a7495f8c54
38ca5ac8c67a381b10e7e2f05a44cc570fabcd26fee88b91791f7d31b2cf87f56899e721b559f9273fd87af46561ca3e24d03787d6e5339cd785275c
5a9a4f48f07a4a2f0ae9772a941cc4aafcb3c60f5d715a60ca832dadcc82356fb556e6436f5a2bf3210ead95f9acf569d37cee83e3b47da82cab69d0
9456056e1b3f4b797a873f7ddc6e92512e69a07875affefe6543afae810ab056d37c48b9ab439ff59361dff821b3acc8f9d07657573a66c1aebe1c54
6cee83510c3d2ff5cb433d336710030fa17b75b11415d2bed1e5aba679ca598bbbef6b16e33664dc6c254259701fa8d2cae071526fabd25870a96530
dbaeb7155061bdebcb699191f6295bdd145cbc5a09834bc66a250ce773fd59ddb450614d5a30d42aadcc82f076fd498df86961555b240aebcffaa785
51ad358c8063fd19d48541ac6c8bc864b56206b5e1fa931a31176d955e66c29a6595da650473ae83f5644194ab02428f5cef75e809c27ea9b0fe68a2
53e73e6245bb5a85790c0e7808b0833218e612ac5dab02ac2f1f3643e6ac2f1b36e35bb5be6cd89c94b36fa221779005b74a052bf7d52a155452ab54
2a336e66ab18b502c65fbb4a65a162f31f8174eca067b5fe742c742aab6c78d075ecda886c81942c056baad52953c097ab92dde2acb65ae90215b35a
e902c1b68a752bd3e78f45e9d3f8a1e773648cd5155940a5b785e0585f566e4624b65acd828860557c878295e36abd0b06a06bb9fd47b6c0cc5ddeb2
55111fb0ab5f6dd5f73e04fff054ad9385460169b2028c95b68e66fa5488ea9f988fe2f6830914a461f8fcaffb841c6e55a0693c2bd759eef52ce2cb
b5adc99af57ad5aa1c00e53e85a9c73a4b8c54686fe29d257c79b4891817ebcb914d180bafb37132174966731fbbc3f565c026a207ae2fff354368ae
8b338de7884b67f3117daf0e5087b7f3ba58dd4159188383b128be0e777951e010eef222f5c7cc8816ced3fef215a2428143c27baf55b132c2bbad55
c2fa90df6b95b09e8b2e7d0d11f556859d9856be4bf8dee85fb13cc2c6ad55b14ec3a0ae55da83f0bc6bf5fcf27d95ba2444ddba4a9317e9c2eac0d3
84a55a57877c072baf0ab3c01eac12a6574690bc9973e8b812acc8aa98016cc1aa20048db215f81170afb2655b3fc7a449fc1ede6b75600936bd49fc
ce1a3a9044a5bd24ea6cba0349b0664d1275f6cc8124d8630592c0fd61752009d6d081246066d6e6f8e0a003479200e335291cd815e97c96cfa26d06
3953de7cd9d381434b708c3683944d71e888d0a8ab434570ae1d2a02ecb279d328db7f8773f8724a058a6cdd256507a9efc22ed02d52c960aaba4a25
4326ab552a194c9657a9643ea86297143dd4d9ba4b0b10ea777df99b151beb55eccd8c906a55e409b221ac624da6cf3b259bb0e5f769a129818d141b
025e623d2497e6ea1d924b373a1486c680633de51c09023de538187674956605ce713de5fa38fd5338bad56a98c8c7d6ae86613049dd0b65a3f72ce0
292d010ffb69e8988c54f20560e419ca7b794aea1e69d12a350c2cec7ac9f795f7ed72621f6839f109bf0fa97b49e8cef2d92168fc7469092e4fd465
092e84c225092e44933d823e94d82d072af0fd2db933b8e7f603c3cdb4ffcf8774bbfbb4e9d2d3cec2dd16b167d677571564a5ef0e1793e87031e8a9
2e68d1e1ccd2dcd621458ed6c4487ca20936056a80846a3fe912428d37996efd30816de2127ed82d378590262659b36b0fa6f8ed6512268294357bf6
60ecdbecd9834d77b3230f76e16d908476a43cb845a62dd3ac1f86b96d90b74a0e4d1bfab4d754c8716fa6075bbc079bb7c182b99cdc369a2a490fa3
057579a1da68f9566e7e73b885f1d3c5ac2eb2faa305777922da68c1ddca209630e6feb651b6fd85168a289efbda9cff9048166dec7004b0622f85bc
6bad58969a87b1150beef8c1029d990acb6f721f9a68776e5c2b9665e586b562814e202f96c830294b64667e503200e02a5d8c910afbd710f3a44d96
4385836b52b27c42d237a5300751b4c93289dcb0268f998a64b54d96c87c9a5804c185992c80298c6a6e6aa653cb5b726ddbdc8587e963eee2948022
d5ca0cbe69b3b20157bab085ef420bf3ea21afda6c5e3dd44d9bcd897ffab0d96b28b4364b0cf1e9e216ab9e69be74fafc19b38792fefcd08510ff64
58d796cee8d37c92516776b887990eafd3164b02f236b4a573bf7421734a407220ea1f302dca79ccaa2c9ded07281b18b24c8bf31ce4604a63523e67
bd2af141849bad9ad365cc3ab9225dca33e6935ca855f3f900260548c160bb55b3b2137f5c32d5a30ba97a429fb71e8e00d4b22a7e27987d15a90862
7929fe8224acbdfa9106abdc5ef5c833a180290660fa40b5f623c8885d78cf100ab5fb0363f678d559fc551642ec4eb34771a88de6d870ecaf54210b
02d2269a1e9d437b69fa826cb389a6876768a2e951c7b497666fb0ffad89bc61731d88e083c89c86061ff7e648044461680e3cf041650e3c809b4e73
1e1abc879a030fe053d3ba6264a1e255ba1161ad6d7d37e8c28b5f19d50f47e6b9c9a5e6334dab061666658cbbd0a555034c62b7f0346b61c712e42d
ad272d0f3fd2760be6b8d2bb0dbb338bdd3cd2a7850c80816b771e123640147df9a068292c306c6a52587c0cd9dae1c47e61559b3d2c78ff4e194f72
811da2196cacd86b1faa4ab1d746defd538c212fee4b233754a8cda64a609097266e3815b75720df70a76e2f8ddcf0e16eaf3cbea1eb6c97ec544051
af34bee1aadb2e5fe5cce7a5b11b1adb76f5c34387b69a98989133be72de3ad10d8232d18d4756735272bcd39a896cbcbeda6dba83dbfd52d9cf794a
17773f4f5458f2cb757f89ea9944a3edb63c0d04713b1341f9a7e0434d29ca113db7db82d04f77b7d1f05fc566c97c30daf6939d6de5bb044fc1689b
322c6289bf39a16200d87eb202cd1bb8bda4f0535e527e312459de36e7530985b929a93859dbb64172a560d8ed95ae8f6485db9c54bcf17dd1f7cc5f
4192c979b639a978a37f090856fa93cb09d1c8b7c1621d2668b10e030ae58791da942ca54542b139b76250ca36cac6334762732e451648047345b1bd
8d8a6f1a04b2491e3e935d6b73be44967cf48cb3254566aa2cb1821cb78899b62243c191ef7a72c2c76dddb91c908b05080cb0a9414028b2741ce8f0
5099ff4d612e3490a5de4203e1933c27db241947eeea36494813766a9b3c63fed7a3986bb04dfd210f044a9ed842b96d93a430331d1ac1f1bfa43085
0e6ffd9f09cdb2350dafbc291f798b6c71930c9b88aadbec25a7fdac154affb301a2bd563cd86bb35f41843e9bfc08a64895b645f309a6da941b11eb
9d6d9184264fcce6f85cdc6a87df623d640eb48c950a495dd841c7df62411c7f8b1d70fcadbccd9be36f8583d8169f80b4572a44f0e4a65488304f9b
a269c1b46f552f040ba0685a98446d4a7d88e5d65635df50029ba267e148b255cd3fa4c35635ff99b203c2363af0914d07ab569c23baeac963475e6a
b5a154d85601c409504a7398c36d3540017895f169a8e16dedef59205c6597c98acb6e075bf36d3599c716491c3dbd02847f7869b6a6103ebc0bcd16
821cf126091478b4755942206e927084abdc9a25505c1a65544400bfb5fe866713945111e1efd6e5d3e06207d96297379faacc7113109ce2cd734e87
9ba466a08d4d0682dc0211b1d8db6f9b8c37792b3643c077e5c1220ae8269a9600e1dbd67791192ba9e8e7fdddba7a2c7dee122d819a14278b90f09b
0c79de6c08a990b91bb844563a3f9c90b65d468c605b87c9c2d86573982c2c9d3785c9226fc0b69b74fa4cc20231de1485c92231c07698b602e31d06
23431c6631c2186d0a934570f7edb0a0ef5361891957ecb0a08f21649e8487c0a6d858c48fdf140b6bf90ce90caf3c1b8734833c848e7c456486edb4
9c0fbc720a2cd6e1345820b253bbc3cbe3b85658996fa7b78b7b735a5ec9b46d748305e9760a0e68be979c9f3eaf914c6e065c17369bdce07bb0c9e4
66c07961bb2c83e324cbe66640cdba5d5dba983e646233a0d8dd2eb380015df9123faff6e5fd0189cb9e66fe1cab4bb2436ecb25db4490a222697d9e
e1cb6080a545d20f38496cb764a4a0989e4111ac25c13a5e2adb2d2078396f01c1c325a93959403605cd6aa401d9946191e8f19b08fe0139c6766bb7
405ab78162461da8bf75dc5f927e2240fefe93d430dbbdff2cfcac34b0255ff0e6feb3f43344eafeb3255f68ca5dfecce0a9fde7b02641d6fbcfb8b8
d1a7d9f3909dfb4f714e0a5d9a3b0f3adf0719ee4dffc4f9ec83a5a9c1cdfb60216590f13e58081cca7c1ffa810c10435f98acd4e085097edee51f0d
17b90f5e97bc10fba07c9339d3fb604bbe953124379e9884e5c62b2d243766f7862ec5c85e0c36388ae06b1fbd4e59b7b1439e31478b678354f6ee1c
9d53ba8fb676cbdddb474b9673caf6d1d66e853f56f1baf46963b7a0f4fde5536668dc7d94ad5b9e99dd391f5147efa3a36acc5458f0cc2993e47ffc
ac7fb1191967bb745033efd2214ba7c590cdf461c88225f6e258217461c872c7f76219faccbc2c43670b8aedf8662a0c1bdb5afa2ee68fc926722cc7
cbe4cc48b7f7c9c2e9b0c2bbd4039fec76fb6417778efc64a97b20993aa8f4d9459efc215bc04f0f36900335587f8017d22efdc1fa6bf4791ab2ecc9
6cc8b8f9b3e5eed1c2ef73072dd3b042015fb17d760ac74883f7d939845746b1ac859bd6550c60a0594985c12fb36005b4598137b8fdafc2614601b1
5bdf0097b4cb106846b7b84be1402eb77d71ec090e8a735542e6ec5d8710c6665f1c6a62e68f457d6625962e42ca5ac9146884aadda5549831f6dee5
9a31c2bdec2f773693b46fb752e14703431afe705f0c58e078d9b3a79cef2f3b36e3d5b22b3725ae377b751c09d6be5af1c1e2568b49b30eb58b49b3
0ed5625290c1ab2098b1aadce551311315735f1d37016ca1b0581f638a5d4641e5832d565b347241565b34823ea424f86426d815f6ea4d2df12fafd4
ea400a2cd4ea400aacc3da25765929f1698d6cbc7be7d34292eccdd66599f3cb79cda810f626bbc4504dfbcb36cde82076794e4c4429d815ac0a01d1
2e154141bebb371b193284ec7a3ecee2fbeefcb8bc5a22072bd6a487d16e5eb1a358e6dc527e8d8f605b8e221974f6ee2856644c34308f91853a1482
e2f383102a78fe3042c5a2e1988c759893112a72e5c30ad7e0bac3e9ae568658256dcc1494d1aa05271d93c50c7c97b62682abc34e7313ff77468a29
5efa8106269a82178f59b6f061380ee1da37f95d2adeabda827b0f23d208328ed90933b34ab3400c163d6689233f035a14960117cbe6b2245dd494f1
164b6e284b7213fee65824e860fcc54c3edf45f3cfb4f79265491d0970a67d5fa154543bc7e4053b1c1a90ec2947350195b7e5a8728e09c970541315
4ca2faf161156b7f7cb22ccacecbc53f64ff48b8f843f12ae61f432a7c04475169b84a30f0b14a241a947e28ed16accfa1e0ed53b8c4c3f223b665b5
008cb28cc0b89e161f55ca121f71132c3ec2ceea70643e648e4733a79411ecf545cea3c391f8485c753493270b7fd8a3e2d387cd19d8dd66fa2464d4
f187ccb2d0cd316258396940c74f0ba50ffd74690b3b40553a2c02071d9b4c4bd9eb4da6ae6cb5d25f911ae070ba2be0de6468ca81dc8c2432e3cd37
8cf1aca2603e87ca5968c7a978b5f1fff0041d9bc20804751fbb0f527adf755ff3fe1cbbd4ea793d8e5da2ebbccbc72e8535abb34b749d47f7d8657e
5df8beea7b56cb06922cbf0d2443641dbb44dd60c05dca84427b851d28cc57a27a90fa2e78f3801f8744e39c5b65ea9a78350ec39ff68744e35cdc43
c68c79b00f65ea82553e6c4d19a2fc90f5240280c399b5c80e7b586804377138f87968f2e3ec12bc7471da691c9c2b57ad0911c061a911fcc7d18544
6ccb69a11efb70fae244027d484ab47cbaf05bc4e374fa2da241470999f825d16498b3e352c866b6e692088f07fab2088fb375595449d9c2309e3feb
79b1be3ca4e79d3f78eb92f11ec7497adf05a3e6e3b2ac2b8cecd1654261540fab7961080f0985bec8584e5703bcee21734b54f887cc2d87cfe24a11
bc14d09414c19f0dbbed13c803a0587930c7879cb2604a0fa97e3fa7e8961c8133e2487908ab4f6b7e91769f76c1425c7e3a903a8abcd381f1502a9c
72c142ef75fec462ad8c6123ae88094fc98de0eb4ec98d6acd613f25375ad8c053fe56a4603f7f6645fe0ed139d8ad890692044d6cd72949d0840dcd
39c8b1e9d3c28e4d4c62e86c002d9cdb2a84dce93878e5d3875c7782464ec9753eafc029ffac4f80a7534e1fa865cf45d6fb7946cec5cf46d652840f
a6efa7632043ea9da27c08b0743a06f267773a29c410d5caffaca59c38c8f57056a544e6c854d991e4589f5521a41aff4bd93efc5310d5b32a1c13f0
bf14d19b45396589b131c838ab3902666b92281d982462b6ab30fbc4777b3ae5293b5ff66fe5969ed2b94decba3c4088f7748a469a26da1bb567424a
77833ae06c3283098a3d9b74829c91269d20fd4923066a3abb466ca6814cae39854e3b030f7c361bb104e59e7269274ad9e9ac32d8839d36ee42537b
4a074618b07333ea0a8f726ef20b86943d1d33180382d3318383e74fabbd3e2775eb541b8348aa84d9dab9d9d8b331f1d37f64b33647fe64bb378791
8c3ce7948f7bc1fae674a86190d1eee39c69ed0a20c675d87dbc3387ddac10ed7562070614e1c675906f0779c9ce5dde31211c4f85e32a79b54f29c1
2ad4eda9785c241739158fab44c7724a29f6bd128ab185adc8798818cba3702a6d283e4ea7626c210a380f115b9c27a5059d666628bb882891cf4376
071c376505c503e93c7d0328eb4a86913a1d838b2748a4cef25981d300d140ee37e1264f7b83841a3b1d948b274c966c386d9da7af301312c079254f
07e55a185fd425b7c3de1fbc14b674e33ad91b8467c1966ef47f49edcf822a4817bce879c9f022b4fd79c96e810dbc6477c1197fe99d46c0caf312f5
090ab9246000835c42596cd84bfd3428ac53793fd1469cb7e14b7fca3403cd77de868fefa29679a46e71fba082dbf30b3c526ee1a2763a1f0c2ce0d9
5d4238b2772797ffa67c3921cc6b69f00fafce25c7f30532e872fa1878f9ebe7d046410bd7cfd1a7164634fd9d6b70d9a70452eafa99fece39bcec54
024ebc9c2fe63b0f431ec47bc98964e6b25e3fe17206b153093d74a71220713c30ac6eaec1dae64f17b6d3fdf461127ce60f6bd199f8601a9c69391f
0cb63497838821c2be1c440c19d0e5206248d22f6788c102ec1a44cb7c662e5e832d18bc1699c4d8dfb5ac9ed3c330a4628c11cef3728c314c9c2ec7
18c3e4e81afb52646d467be9b37a0a324644cc4b2ab09907fc926f0b31432fabbc3072bf1c630c05c165df16d8d1ab4821cd4294ce6a04f26256831e
e4a2c3ca48df35c0f05fc56af548d8aea2cc2280217dd7e7ddba4a2724b398c52ae7503ed7d479a62cbf9d5b60cbaf492e39acdde46967564e1583c0
ea92a8f5e3d27c391b0c499cafc96406634af7caf19fc431b1fa933926da5bf5da686015756392d6bde6c5be26076b66ccd9c2c4d00c9793c1105df9
b2e60a86e69acd33d18515920b155d0c460b292443815db31592950a2b24f30c5ef695f96028ebae10a35eb3d9419657baabcfa9583a7b98d5b1b70c
d64dd7d2f9c5f4f92ab366e8c04bfe309f6363dd16f65097745b9fb36cdd16265f97745b156fa5ab8726aef4b9992e645069ed567ee884237ddeaec8
a892ff563ce72e39c4a06bbce41033628f7e49dd85baf2923c78f92c7795e2756508db4fceffe45874495b3622b2bcaab9e6ec4dede47280ac069a06
52bf9054e3b2370d6662d7aae01f2125af55c13f428b5eab63e073615fe6e8f921e765b52f1398491963500c5f76a7f9bc0b2f3bf50cc99cecebc414
a4955c9982439cac8c2051c0ca14ecea440bc9a00b2a9f4bd9613e28bc759560e6205dd907e9376b0443205dad8b020256eb0a40c670c092d0449704
cc65e236be3cd6fcc175729729e484b8e42e53c8c67089e92ae4d0b8c4741574e8d7e6f0052cb7327916146497b8aef239b59bf57e99b8992ef0a9e4
ca3347402cd7f441c90a2b5671bcbc2c2be6aeed9643f2d6c85d66452c72ed12c781ebec2e837fc0e5005fc8672f79c37c26e1bc2938a35c87a55491
b05e47073c832a9c16aac54b394f1670c8cbe58cc4b5b90e8528e1e02ab8d6870fbb0e393144a0749d0a86c100af95dff33dffcb1f0775f9257f9c39
265e97b8981249c7252ea67cbedbf00d94754a25c02323b6a50c7c976864e0fba5321396d302ab7e59a2c9889765ceb4b8c48871d51c4d98c3e4e8c1
51725c8e160c0674b4601092bc6bbe53bc24b7e7725f6225796d6e29b8386b5d080bccb7a43920e5db33ce26dc9a3187f736eb487b2926a0496fb38e
99f12dc504a7e636eb9815bacd2bd39f4cda59915b16e2213fee9f58ab9027b7c2112378b97f62ad722aef9f592bda4b711aac72ffa4e10bf973ffa4
e15be94fac57fba79074b7621343dade9d3bc9cb7cdbc59db7fc1ee4789ffdb99578129fb45b892789e4710f1676059cce468420b9074b8d4242de9d
8df80c29f2fa5396c6a2328498884f8f62222a531413014c9d89f85498490826bf3b9310fc753ba9640ec93d4a6311caec368bf0e940f82fa7fa1e3b
e343071de9f28789efc2908a52498be238faacbc42570da8bcee224d2ceb506cf818aefeb63b3c4abbfb8f696010cbf8c2b9dc45a9185908251119d0
ebdd0a4b8ca4e62edd929d4165ffb9d040e61a1c39f3140458bfc553ccbc70f7a498860be54e7b6752f697e78abc4cc60c03778b63e0b9baa7cec005
ecee2d1f24724fca8e5528cbe53c42fadba66d389edc737fae32279bb6e18b73cb200333b5db06199f233177428a2eec84ca529921f8dc9dd96ee321
616f31040b09b7efd97ee32b7d74628a7949d102e88b89ab990a135769b098b8fa54d8913c8fc6bdd8913c48fe5e6c26c41556acd895188a77332469
d18c65034793c02a2a8ddb592548467bdba783e51569357d8eb63d91b9f4a2acd6f5d3838e3a73dc1401f033e47b06087d756f5eb82cc36e0d55da2b
4dc49c97ef3615d5f8df040d57c919f1f087bb5f4135e1176f915d6b0103c86db9620471cbc7a30e9f2e9bf90106dd5cc12c2f5730ca2d0b960c72d8
b268a042fb1f46eb3eac56cb240e9ba7068ac30998fec9dfe87e89ba05b3bbfbb090226adbfb25ea16724fdf8715705103de2f55b7907ef976c85450
f7d1b3a1069ed33c53a8ae5bde1cc418bb5f326f21d7effd92790b49a26f4bb33918af307b2159f07dcad48a3d78c9c085acdd774f614e87afb4b90e
4cf9522c3f16e525e34682f1dd97fdc0d3e125850747fd25ea46a24fdc2f51371269f1bee4eccbeb7529a90e98e95254396ec625c219347429b61f47
e696250d78eb161d1cb5f9fd926c155bd7fb25d92a1ce37d5bbf4859e67623fd996408ff77dfb2aa8a2aff7e69b68ae1ebfdd26c15e5f2fd8a9f9fff
03f04bc3550c63ef9786ab31f07ddea69f26d452f6d55e521ef57f4959decb7f8ab0a73ce93bffcffa4efff266febb624f5922c85fa38174a27f2bf8
94c5087c3a902ff01f8ff7945f74f9fba5fcca909f72fe1fa47162821221cff18c7d2a5e85c56fe087591dcc292ffaceff55df29cbd8a905a2c13ab3
ace04bd33ded03d06080b2822f4df7f447f952390b3218c0cc6f3480196f348099ef2b177ebe67fc97e47bca19ffa5f89eff33ff511ab0c67769c0e6
2ce828b6a5657e451aaf25ed8becf296ccaf5885c700456c4ce30729a5e74cd0ded90b0328f641f890a7427ccc9219cafb7a65858bb4d495015f081a
2b64e7eb2565395b378ecce4e78aef52f12c7c5f44e871265fc16d696cc9249dd592094d664cb225937c6f5b0072d2ee61a2e254873430047cbf55ce
12c93bfbcd94f3ff3f34cfcf0637076a361b46596c183750aedc2b374caedc8d032ff1ee1c07bea7424ea16cb072468c80aff0a323fb354b45c68952
38d2f133a09c5c9990b2418c9cd0c5f63073366c11a7c6062ea690b27ca2d2e684a97d2aacf2a999929341ac0c612e87efd6efac5904d9aacc15b461
5b9595b258b34f03db92d540593b6f96595729146ac0ae9d57a3421a861a28aa142335ebe8f4deb10f792ae41fbaf283e93ebe77168711e4baf799a3
5df726e628d7bdcf9c6593c5d5929876f85c8d6a1e2823c8c7214cf6539684bd0426e7f5e6ee392744037dad1d48fea8ea2140ae72e32a0172b5ebc7
67c8774a9ff3dce476c1f16ccecd19985e09ea32b0eccd4f5a407a6d589601f4f312f8cbc0b6bce6b84be16c35939d01e025f097c22ebdc2d5a570f6
3653a1fc2f268407e5a5ff89feff944585f260bde4ff52389992ab4e1f0cbe39440b035efe21106fca7d5832835db90fa774b09b8c0c04bbc8c89215
da4d46668097fc7fca59616562f8dc3e91ff0975fb94452400c1ee80216ce12b63ad034bb08b4cfb7470ab9c010e45dee2661d320be3588bd09f3e8f
da4be9d701080f05915973c85eb3939ad4d74f59742567e6a5e56b32613f65996873134f3dca25e39d1e8fb2e9c6ace04b583f4c6676e495af3ee5f4
7f8a2c84cc3a451642d69d260b692f3270c87c459757ced0253270fc178b84e767098bc70c26a2bd0e59bc4b342204c2252279c862c824e4f7f95f56
49dc68e5712b6380539eb6df67f2b242e282be44fa530eb0b7998cccef3645445904ca92f15e22fca58c53de8c8268b0eb871caf5ba2611eb4db13a4
43915860cddb24d65f7990201592709020151270f899e49a522efabea46c8a8bf2acef73ca121c37da577da72c9ba360c44182d7c4857fca92a556e6
6b028cf9c90627186ef889000b461c06098a8391874182e2dc96e1a5d14b12093e651164b9aec320c1706ecf20923c89fb9ef2fbce453ef1949bca7c
b7a94a650047a9c87d1b6cbe317ea6d4c5c58149a2d7c29e0cb6e261517a963866e92c71710f7e2a6ca8035c96ce8e2c544f1317c4368c365e5969e2
279eb21d4c56bae8944b263afa70322d132e946dc1b102882917e65d64a613ec3ac8a263a18193c6ad74d94d3cc2730d36f160fd6dc101813bc86379
e444756f63e02cd67907e30df6364e409ca7c259d1594c3bc3ad743a595c43a732c828b1597f2a9458fa5396226ea007a3f9c031597c904332490159
f85f68b7642567a1d991b26db938b9b35069c9c2bdb4fa830a33a052059489ef8bbe0722a50af8b14ab3f470797907095e9701d4330bb7e6a91fba98
155c20a96a2decf62b557d90477e5884bc429e0c8b9157fe7f89f5063f3d2852d3148a6f903b1d0cfdb0181bff8b2fd0f3b3794750d54bd8371ede41
619d9223f4296f2a678714d6a9317b51e94b32b7bfa9267d2573264ca67f8ea6c8f4023616995e38db22d3975fdeaf41647a013d57a32f46b0a91df7
c9d9d93e97bcdac78073b19ab900c52bf95abcef9eb2f53e61c286d58824cbbe8a035ae9d1baaa967d5ba5abfa940f1f0c7ab0e29ba55b1d628a9571
a63518b9a1890502ddb58e3832cb66561ca42affb901667f701a3578e7c169d4e07f0739037ff0b2b3a87d9e8f263d0eb85ffe7303028361b3228753
229bf3e1f36289661fe0e8874d0e9720a3cd9643acd6664b21167ceb983c9075a3f3850a5b4db1a9dda47ca0532b7302fae6f8136cdadeb166fadc15
a381d761971f3cf763b72e87d513ad5e3fa8db114657966fb7673c9029c268e506fd91f354d8879c376bef06288c7ab9224d1c6214c477d842253d58
943ff1d61e36590177ffd1fc59bc97e69f3f87d1d27d5087d310702b0fa316a624eb9fcfff82eaf35db2e54fff12fcb11587fcfcc2570ea7ed4632bf
2ebc0f448e91ca329f0a7cc909134f918cf54f597828d2fba742c2e8d0d9c329617438ebe194872f8fc72bcd7f3a64027eed28fbb5a3fff7f43d0db2
299784c9115d0e8a9afa0b63305c22cc239e18e44e3717b0fb65d96c40bef4dcf19e2a2374e2463ce5a6ef8148361c65e2bb08f5cf04656532a72c93
8df24f791e9e9ff55647c83798cd98e84c82662eab62abae51823e1532a2816aba05cdc477f14511ce0ce24b6664e9c3cb77b40fb8b7f3fc70af64c1
01bca3198f6cc068c663e0bbdeeebc5ca3198fd05ca3124ec713f4298bf128b45ff47d4a59aeb4a197c6ae0d9819409c47a5c1a6014bca87ca2d6579
37e4968f3f8b322a3310c459f451ea822954fb3848ba1dac300e867848b94bb73303f122bf4259bc54a1c1aa172bafcb38889b2c940d52a63c08a491
198a590cea1bc546103af3a9100195a7651cbd090161d42604ef8ca3661c3c338e9a71aef12816e2a351186d055ed805076c8da9ed5321ee08adcd38
8a03cc3b3316717c2158c6976568d18b3de5779963acf994e55512dc362aa26b634ab2ef98a3fe7d2ac412864c1d8b59421aac2a07e82264cd2215c5
b1c89b34cab8638935fd5321113d07c74a06ae4a91889e6d9d24a2e7644e165ab38893df1bd668929c9d8d9f0c52407c999186946c9c0c42d6c8a138
1adf777da7fda13567468288cbfc2a1d5a54874f595c7b4881f165565a548d4f597a052eb3f50a412ee3cbabb4e83a9ff2a472ce80cc42e604bb7b2a
161d822cc8ec3d0c80733f98548878e7aecd8698b24c8f622dfb54e858ae4c49911166b65dcc4b1ce69eb2cf69a6b4d8f396dbb818483af0410d4c0e
0612226e74309095f672876a7cdf0d2315f26f7a08f97f7872c6458298c6e8f2b8595891c57b9a05a8ded37cafba87a195c76a3fa01015a3f322203c
1e3bb392f97666859bd89915cee5ab5498a0a346e9140a57b31a997070a454f8150e82332b20e0195f766742823d3a7212bcff284fd91f3cd6e868b5
c0257e688e7df25321ae8dc328bdc30fde7f54b685df67de320fff7d6721d7fd0f26360f85e87e748c5b74a5a398a8df677156cb9db885ab178313e7
2c6c03c32a906d0153296c0974e7d82c54e294c822fc07c73abe5cd6f401b51954ae8102d97ee07020dbef187dd3b33876ec85f3189b773d70398d43
0161dab117b5e268c7decf966c7d533388b33620941bb72e3fcb5a6c7674e33e6e3ee0dcf8ad6f6b26b619567ee8b0d2678735c0f798b7dcb24db072
a09da30d89f3b8dbf208dcaf98b71f5cb99b7de7bb00fb3c16e2cb7e1f6c2cbeec879a6bdcc5e0334bb165d387d6dafdcc4fccca1c3e9390352a375b
4cd80c833f2af1c35a78047b105ce67d4854c8b1105bf683f71e0f999fb2e98e79fb79a514f3f683b114f3f687446794b1fceff352cbb0ea878c673c
acd504898b33fbc1e08f0a69f2fb3c3d32adfac1dc8d8e71825e723c3ba8e9d491723fefefe93d0da88e94fb792b4e5304d0920e8bf2a15a1c050559
c6e8d8b9483bc61e16854d521494a570c01df50489c9781a3690d0d961cb3c141bf7f72166ae0e5b80bd4c16ff537af0e76f8549614ae6ebb0221a2f
ef3a97d071523e4ffbd5b79d0a6f3b18de7152d88fcb2f2bcc88f2637ccfdae5e48f700f57c7b52c445f992cc4ab5a9a3e74eced85f9548c7e03d2a7
b8bc3929279f0a1b22470e302ac06e835676e0940f4fd2f54f302d3dc22eb03ac22e58eeb66f42e107db60037b8fb91b4aa8fcec00d9a8b0036488fe
f2b3557608bed2a3ab440a597e12f3af94adbb5f68216a02cb9ae2b0bc9017e567e08384caafc34a13470d6934b1dcb13273035be9c3c0c6e4a8c8f1
181ba8e250bb532c7a8a43edc2a9961e6a17d864fd8f4ead38d26efc809e0a3977ae8c2927d5cf77d95e00c6604023ee2b43878b16866b660e1daec0
310aae95b27c6f59ccd1f2d6f4e87c79c8c0cad8c1a4457f67682263e31ca4e27c79d88f1585d54571569c3f6f0a095c461fe7953f6468ff29dba58a
8336f695a04211a41b5dcaa38021ec5180d4b228ccee43ee65e9ec51c0f1ef1e052c5df728c89d2a458033a9ee85bc304607344be58c7a28278a7456
0b02b02226b122502993d1471ed03275444b1f32c94dc0efa7c26c15cb37f92446dd5aec77ccb352143477460e5f264bd583908b3d8f83a38a3d8f01
de9ec7d023456e05a8368b1d8f1315fca9b0503dd2c1e21c7c89eaf954c814881b36db142808bcc8106de0952eb3010b435866eb1507fa3060ff26c1
2bb3a10e50b3a166bc0e759665369460c0ce6046465716ab0ed8f2c5aa8388758b58cc874c48a7723a1810f81499b30dbc8e65911708675559f91e96
803ebd30137faca6f5b2fa7243fee87bca623dca4885c3a9810ae4978c56aa2cd6a3801ac47d2eb00d45417621be4bedb0a78bea17042c5acd96b105
55a0e62d2cb679833028b59f81cc42bec7d3cc3c6df586a8a65423a08551ad322a4cd41b3d300d25fc49b680a7423a23f087147023347f114bfaa1a6
8bfc93b11728abb779e0077b2c320bd9c2d51f9088279de7c8a78b5380ff408c765986ef2dabddcd4128f2599e385cab1ded3ff33cdd45965c1ce8f8
d956abf1a0d18bbc96670c368a4cea4618c6d2ec69cf463779d67371c4938eb0b945317f274e7093d91f08bcc9ec8f8be6c09a30b5a519d000deec09
c503ec642b9563e0b89a30b1a575c8b3bcd20c8e70a0c5ce3a48c04bd70c86f9289b32f48107c5b38ef097453ceb8808a05855b8b045e25947c8d2d2
758721fa8b7587f0e3454cebb8709bad3b448452947c10dbd1b2759231eb255de204c670ee4158a2b24b3f156d4dd9fba667de0a5f35225728bb8c3f
23002c7b073d93b0b6111940d93ba4fc214436734ec4c5d6c25a58bb38b35abba582a0216720ffbc8787b5a2c0de5db4790f5fede1bc70050e3b3481
758e8e82a9a8ee82264a94c706d8a77be1f1129b3afda3e8af88871d172ee1cbc3cecb670297fbe7079bd0803a4f831d194239ad0cce32382be3c22d
150bbb2ce086b3af4316eaf4e105c5bf5ac77961bf5e9676fef6e065c92ccf7e729984d7296c7311873bc7cff9a930a4bcfaa7d2e67224c4cf4e5873
97cb8066d05731392f60cdcb2e8e102b9712e382ddc5b08e0b6fcae5ed065f5d828bcb70f5fdcafe5c7d7f0297c2762e0df2fe367508fda8289d1f1b
8c72ebc9583f1556d77f2a1cef1bd07a0247aed86de74c56ebee3b40133b67b25c774f1acb288747011605ba00c93976e7ca7b29fe7384719e1ccc33
e1429f0a93ec953f14f432c8625254ab99b76efa75586b2a3aac2515ab0f024dec889a233ffd1c69e1c7340c6be58f0eeb940a1b9c87949a7e06b6f1
c7ed3f02ca606043594e8a7c3522e899869e10958a6ecd965106c737097d360dde7b801b1ce0a45121c750f4df937854cc80a7c1cb11f26b1a1c6862
60e67e26f29e4d6307257d8a8524fee253217fd5392fc9343ac846e38fea9da4c26732287b1a6d53c24e8edd869d3f647dc1f1191d7be533489f395d
5c324bc9ea8cce53c0792a767b65fdc4453e0f5c06298a3993db36151d51b6b528e40c60145b20e6f24df27d2af07b93b2b457ce52e980d3a58d6968
60f762002ffd7c32293b4a731c8bc5d16c4871e049e010a3fa004a859994818ae28a7f62ac26b9b1275ada53764c9a082e269b66c6b1fda9b069e6c2
80dacff1d38748f2e9d387f36b70f0e6eeef9db59b4d614f54383d42d0d2248ef2a9e00fb3cac1fcd36cb68843613ff4c239b21f3a169393b2b67f50
9dddccf100991476ea837314760a6c3a390d7bc24a3f15a6fb0b5d2a324e61489d0a448693fc97266cf126a75d47223239edfa3c318833ed46253e55
a775ce62390ffb1c75eba4b05389e4f6946d73157e65721ef664ac792a1c2688a57062f61954a9442c383d4d4ec432836fc4de7dcc62a66a9cc50e29
b654fb8c218720ae90d3ac40074d62cd0a54cd644e0c0bf6498cc03a47f833493745ba8336d9b97c62537ba85310d269ff6e9adcdd0bfe6f8fe63f94
f537d359b76285169a1d962b476dd6ea544cf3e72afbde9906725d08613357ab42c228ccd53685133ddcee325d88d545a93eaff2d9ce86ccab5c840b
df1daf20a87a5e65b41c2beb79b5d5d69cb2adb6f8ae38353912b3a216ff427bcf8a5afc2bb497050dcbb8cab08e092aaaf12f97656eb201caf9989b
dc2d72a1e726839b2089b92981400ef1dc2ce21fe8d0ef59c89fb9c91a25e7696e4e7034d0e52e53088694edc6c09464abf1f9ff56391d8a0f9d9225
faa9b05238dbba39d8d04485b4c4233dc88a994557a650ec9ee6ad3fdad9d6ad0399396fe6c472e267eb4511cfcd9b0f5b6196a7d4290c6ad5140bb5
5b131522797e99cc09a394593c668b87fe5321a9e1cb20fec3c3344b6b3a24dbf653d1256759272945f1d599f7ae7ea0e274174ca9eb5ae8e2f61f01
e2b05030ccf77c74915f3a3d2cfbe4e6bffce58cfc643efa3ca990d8bd3146977ce60c1e16a2b381b62f0d729ecfcebf67dea76434c1fff3a9b88fe0
12b17689adfc940fb13c942f53228c68a23f54c47c397c7b08bf598c197e6cf365022b73bcec0bc9895198afa72293926ef1a9a04947896962a6092b
d165b0ed574bd981ee3f15af4767a246bc4991e5f159539616307bb1bc6a9605a3f5e555b32c897af1a64b52794959a97556fe17713bf0bf2d89339f
f75d58203016b9f0806e96511ea741804bb1c769e6d7e9d8b497030f3779e92efd391a8b741d0ba2c9e5254b9f25cd12be54e9536604bdc18d0e0e7d
2f292b94c9c4778525cd53b8585312827491a264c1d87911418a75c332c9e534376ab19a24d76111c5b98e9f1e5f63e6e1d3815c481b1dc8859419cd
8afc91476899e5540884b3acb11970963536e3752ffa5cf16596b535337e09cba74c8772e11cf95fd6d52ce14b668e89b8f894e5d219b9c9b2c88593
2d5a14aa842d920660c5a873916b0ca2cc6551648e990e5f57192c5f974521faa2445a16b96186625f94011d6ba8a5ca987aa6ac67961da8b6064f7f
55813a0afdc97e3a0294a5ca6d148045f73de88a0a597bcf3490b1305bf2caf01f3a20135a4517b0c2ab0f5d30e62223b21f5bb48a10e0ccacb605fe
974c7acfcf0ae4ce25ee540eb3f16c998da91a26232926d6918b9233e023bc882c79d6233dbe6449c32978e9544946507206ec809726c33d36c4265c
9f016d2e111a62e9165b211a165b6ca1f05924fd9e12a2f3a9b0615308d245d2ef3a7c9a34bf9e195651407f217596cdca1ab0d566ad5c1eae65f77b
0bc697d70b52e5c57915b0cb5be406b384be5a76493169efc73653926dd5f2e9cf77392bb7fb2e67e52d92262ccee2440a0ca01c4f90e98b733c31e0
2133752ef3e193c9779fcc9c05e5788268595e6ae1f93f1356da04f8c7e5f056d35eb6c385fe458fb25eb275c2c06de9b64e3490a07848bab8a762d6
2e06e2d3040edfabb7841face3e0789e8a7dc7f5b6a0f8731c4fe5ef0541893e416ebc9cd67471a04fa93cc078a657208a97cbc1f15837d12784ae59
2ee90942b72fa646e01516512398422df650619d94fe005e66513a839965ba8da33245a533f871d25efba3023dbb88d899562ec72b216e78052d2fd3
5930ca5e6e196147f9b4bce2e1e77fbecb0a1d1cf80a871b2ead8b828aa2795ee493820fd0e2ec07ac6955b26f6c08ebafe38c960a291d8674596566
84d1727536034e6ffdd9582c2c687dc5bc13a6f0d546453c1555399af098af4aed8d077e55ce269c5aab04b8c31c4ab6be02dc1917fe6a8b22906f55
ca267cf6eb2b9c9df1c1af4ec49db4712f9e760563fa7d03cc410af95cf26a83a13773dc3fbc3f759006bb3141ebf77296ebd8b166601299bba0fdac
a3157c411375ec78943fcc426410a7e9065154a7e94efe8fa742faa1d0a2d5a2e06460792aac9e08aeab2fb53c27b660ab45a97df30e5651bb13c12f
6a97da6608d9fe7c5c966be93c047ff829e5901653e86ca745a809fed9aa28d88f54a33af82734749d9cf536d39248f523e7a8929a7215ab85a40832
aa85a4482eaafcd73f57c7feeb335ba8f8a00de3f1aaf8a005b561954b7a4581576753da99b664a62bba8b3a1b8364fd25437d7062e63ddb507ea44b
5be87efe902c17bb9d2a192af6cf55763513d46f558c287c47aa4279121ea02e164a51d675fbfcaf95e2fabdd4f0f37fa05c24378be562955bc68f53
b8f424884c48c464488c2a4f8b1fe75ac2d275a0815d2f3895559e252c92c85f6404b57a990391fd2c3e77addab920c2936a478bc294bad7165d7402
8e391839b3f9f62bff60e7d5245e2893da3d2d1865b5513e57dcaee7257466b5ab05f39415cb92bce54f85f137bb2d2b9609d9745dfb0962d45de781
3e25591af86ec9d2c40fb77ec8104eee3a7f2aaa2bd2421627043aa876459f3f1536a10afd509b1d9dc101cda46a78a4da7dd13967cdb4eb42a7fde4
67395f51df271652ed1627e0d8cd58393445952f3a36b6b55b9cb087b638f9a0a64d921d26d1ed4bd8b26e4ec2417128fecf263bffd9e7e428e8ec6b
0bfc2f8f9373a37d4ed56e24ce7dda2dd0e479340dbf7003655db210f7a7eefdadc91c6d5d92e4564f85b43d152c2ec27ec448abcadc6421b454dd9d
8380e747b4fd5aa3b5af92074ef36762b71f8f4cfdb0f49679c89b7d65fd8f0e6c4e96ec5156b654e2c1cf7538facb9059c96de22393aaaf7c7026b8
5c3d14ca64658443846400b78bc4e78cd845e273ccba8b0418cb2e129f9741f624d3e7397ad9841989713597808aa99e96832eb4b02d144f47e71378
463b9fc05ad8a284202ab5cb2903c9d5973fa35e5dcf9b3e2d7624ac5dfda3eb03ab0c422a2670d59164c3ced7ab9f82fc70771232a33a4b6be3f0c9
97805c134f85c2964580516f6bd63906b71cb9b884b2ed1866a8a95b3c13cb69d30ed4f95549598928516f85820ebfb2ca4ce359cb5f2a145a2d72b2
55b1a84a46581d6b2a477b7d69f30237bf2aa83fbcfafa534096cfffd274e435591d2b2a97697de9ea82bc7e9559c45a23d65a6516f1d0aee9d109c1
3831aba3417dc654187eac57560783423cbf0efd35e10f0b6382c7574783facc53a6f868705691ca334694ab48653cd557877e4205b08ef689c9ed59
473f93acdd689f181663f4ab38a72c3607c04647689998b65515b91bab88692202ac0ecd3f33cd62894e4eed2a6afaa908a4b6a427a6f0fa1a3dcc18
bdafc50f6be05230a8df670ebbcae970ea17251d3a6c7e029c3f151d8fa40b27e76a9c8a97969eb1ec5c454acf2fd6fe87e7699501fd73dd696e662d
57759d4c0b4467b04ee6de3e939634e253f6fb089412467c40507a2bd679f6ab9e0124607ea3b9a6c2af5bb0c33acb246da46c4e6aa60b5dfef0f2ab
93702523c75361e570688d7556e4f881b2353c8ce1245cd85aae4b57d8a4898cd96b48fd7531af05e0afb1c3f30365b9857f6ea324d98520a2ebe284
469f2e763d97d92e59432cc9d1f35438466816d7a60edc8beaf0327c77665616bb760b81f4b829f278f403eba630105cde4d1adec2f75ba83bc7418a
4e9edb75b7588411e5228aaa6c35b93386685e771f71cae6cb4202ac7b7f2919d3a6149c1845eec12d6a35b1b380dd773da591eeacbb0f082bbddbca
9163bddb0a35b4cd7ad8d608142365e83c4642b41e8e499459f4c03c035d74c8b216877d00f21aafcea844548e55d6b7cf1f0cb2fbcc308a946e58aa
ae22782a610e57e530c2266d9541c75c4043676f912e94b5084bacf5b29080f5bb4ce6ae5428201c8f80636b86aa5e95d508efc2f5f2ed8948605588
1ce4aeab048e08ae56091c9184adcab7fac122f69a2464c2aa9839b0456b975006c6dbbecd1c018b24d9ad5b8c2d23dc7ea0b91ab7e24214ca4d651a
98f90b29b5dea619fe1a34275485aa6996294213b69fac1f4202b49f59d296b2bdc227baec6fed9c0a294b3e3d6eba8ef428e63b746afbf5387a1962
f0cb4ad9aea441b64df9885e19fb3fbc486d3036a037eb5582db9bf3a2c2583605cd4470db867ef9a75448cf3252d6339cb3da0607800b29d82451fc
7d7a343191c7a08d12924604d2c6ce7367d6637fa63386bd0b67fa9477e1efd3a599706665ef42825e373b0f127cb2c9ee13efd0669a8728d8cd294c
71a36cc50447a4f8cd541071b15be914c8928a59c8378b576c7a9b17a4157b64b1ddc5328e952e3a6d9e89178b133ea39ac79e98b9680896cf6a7402
253707c9c458aed9b073fa5161367aa142a95ad8b4a9931599e764092da0292911e6746d721690812ecc338f8c619bd5913eed6fc59e4cb625a1d3d9
8405f39a653ac2499925e5e5a4386d112e8b6d76a6c4ca1fb3a8047aecef0c639a12c98648b0f9fc400b8b0b22c46b4e6344fcf336cb1631ec4f9b6d
e2c76a8aa26a9f72b7c24c9772202c7816b4c5c201764c0e849558f4ad292b4a04dead29d0181bd6ac7bc8abd39aa4a1e1fa9a04590feb9595688e5b
32d185c503137f5cbe98599b2ea7ca43d236df99953f44c1ac112ab54d06479516328ee6ae6f8e60f1e9c1d2ecbc35cd1921b9429b1f2f7abc54a603
719bcc6057bc9c50616d570c24b0ea2e216ea8b6b68b1be552ef7eeb32fe2eed1bef8e48b0e973db76471be182ee16f302c26e312f977e37d911aaa2
edde8bf09e4d51383ecfa1a3701069ae1d96d986126cf26f9a3f0b2183b4e7cc641a875fc8f99fe479ad07e90889de0ef3dc5c8c1e9303b4dc637270
1d7b4c0ed6aa0b9c78b14e29053872a7786eb08a237280015ee9d284894d3bcd7203648fbf0142edf137c019a7348b232d2c1f64334eb1e06084d370
2e7429493587fa94609aab661a11a54e338d387268a584c630a6495a351090bd5d7e6701f4324bfe6922eba4310c50bbfcf0863f69971fda4864dbb5
b9224b214a719801f592b4e153ee2821a07511181b729b40c83c6ff3f12b15967845dcd46efb037f2a6c18b9d2a7911b648ae36b10a6a239be066111
9ae36b10e4a0dd96db83412516c3d9747ba5601f57a4cdb1328848b0fd8cec1a2d2c840f19bcfd2c840feed8ecce84c1d4667726a4c09bbd97b0d3db
ecbd84c9d366ef2550c1f63339df6862238810cfdbcfe41133b7114490c536585c9a23bed9790935c766d72442c36d764dc27e7e93f61b17b36d30c9
90790f76faab0c6ace93690d964dac7469d63308641bcc7aaef421211d92c0cdbe4b30eddb681d6d0ecf660d3762ddcd1a6e58ba6d34ac79a4b6b1c3
ca28b6fc63db465350950a930dc1b6db682fb4b0409bbd9b46ca26980a839caea04f134c85995b44997bb0594f9edbb815fba0e5866fa272477c0336
89f646ecb737fb37b16dc51e78853e4531b1cfa27a474c35b6d21973feb0667d6416169c85cdde8afd26384c76701a06a6f11ee1f5470b2b5cc67f7a
abb649f961221adc266b0342496e93cd65c3b66c93b43151636c93655c610637d1d0eb8f1e3a659965100d5d880eb059734fe0836db24c8b43d31da2
b8111220124e7613c95c08aabf7507290e737790e20ecd4e80c995e92471f6d324313e2b9b48620cb8b7d9929760ca4d24f1d322b3984daeacf4e9d8
ce2bd392302ebcf7e6bc9d8820b645961340be5862142666b39011fbbd4d4246d8b36de9b9c6b39a9621e24ebdd9a30a40ed5185c7f7261962452eb9
ad0e771c49e62611202acb6d9393c74459a65179d8b7ddba7550b1647e0f0b1330769bd5816c76bfec600e87e7c6e7735318380446db6e063a93dcfb
bbcea0a260c689316c2c05e412fa61d8bb89de9c6b08b3cd1e10384d6cdd0302bc608f7b248d9b349ec43adaba077e48fbed306a89c065b3833d74d1
d693a4b3be87f10258f325189f6b98599cfdfc677de5004ff086ed25189fe39f599d5ded17c064b50849ba89605cb0c9da1c539bf7f734cbbe5021b3
6d90ae9591841ad82eb11cacd465ad20d8e632f10e2571490b18de6cbb3aa94e4527be03d7d5896ffe10e9c6ac7a9c33d0d16d7134e8e8ee47334b61
cbc3052c6c520dfbb5cda41a8642dbddcf22a3741a93512483e234dbf11c33d2edb6b4a7d1453f8b74215783215bb2cbd1fce9e3970a593c0de18676
799ee34cb9ff641e11d8f79f05e9a1e9f79fd36c2c74697a26f4e06ec28c00c4fbafd333ff94726997bd22d86aff755a87293b346390ff6e9773541a
7b7739cf3ddfed720ededd87be8399f460bbb891267ec798c7e0676ba58f4d37283f8c42dd0c3acaf5357ce13e76cc9d3147655f0b89bb8fc66719c0
02c1c277d3c40b1d98239b6961990c4bef8ce5d8c0edf6a72184d03efa926690223cd1284b4acf101607e27cb197be942d15a6f6835af662a230a4e7
5e7c86462a3a6544450724d32c92760411ec93714938c57df225cd83bf4f32a5cdf3b14fe2880b3d98230e41b05bd88765ec3e99e560872ddc4352b0
4f1de565ded6747e26218ee33386349dc135fbdcc1c89812f5adec97c99661a485fccd39b8f6f32612d56e3a86d05ebb74a3d8aeec265b70b7d8157b
fac78ece7ecc29db748e2bbf5802dfa8e86b99319c9512b1dbbe58ba10ce74b78f4e094fb32f46d4214bf645d282e0d4dd5926617ff76acccd69af9e
1757b45a33c0e2d43ed12c4ef59da36cb4cca574002d1c1e7607d0c2bb69aff692e46c3a7324fe4bbb6c0f9f2b13e0574b07c058b23d7ce8a5cc7cb5
31424461bb6c0f17a283ed4e2789dde8ae105a23567cfbda1fa14c6cb5cd4c5ecb5d419b177487bb2264d5f6f9e3f2010df82205170c9bf666587874
9a241da0b16650422ceeada3902c4733282099665a832328fbc31123f4dd21af303adf25a55dc6c83f7747b8c2f07d6fde8588a37679168f5867ec5b
7f2effc9cb69b731220624bb8d0fb1c4dd6d7cf803353adc15e6d8fbd6714e662d0fa0f269b1ab9c632053c3f219e2d2773abc3d87742807a1e5d383
0351951044bb6d075148ec5d791e1a6ab7a920793977ebc24904ba5bf5fdb9cd4a6203e3b31f16a484bcdf0fdbd3f38a3bee14c942f7a3cf2b83982c
2e919cec720cc6526d97e11f36e3fb211d3f48e8e827201d9c7d1259be1ef4a951a1d5227cf5eea04f852efcb88508db6d934758e7ddce3b3876ef72
de213ad66ec29970cafb69cd098bd5c340f12adbbb18afd2ddee3bf89bef97b98c704bfbd5410b2457078d4e6d44dae8430e0bbc3d0efcc42b2dc1e9
c7b369ef91a01a2d6c4b0e02befbc47330ba4e9de3d87d98397d0eeb8451cceeb04e1887edb75fddcc5b74f084edcef1336311a9c56189241668470f
b014247e582289e5dc614a18c3b8c3224a3422c7af1bd0f2879581792a0e8b28b1533a44ec22b63f4ceca2ef3f44db3e4f47fef82365039bbc6f90f4
1f965062427088b47da844bae8a0655a9240ae18d31d83bdb243151e83f9cd9cd94302c7fa59afd1f61ec122c768d952a1c20eee85269625e5853f46
cb9268d1397e5aec6e91f5ebeee3796c0e9901ae3fba9419e010fee5b0acb0e6b93a8a0d92b39ef61887cf3d8a2d6473718e62ed6a8efde1142ed340
856549b9d1878321e1567958384838c04324f08cdff821d340723d1fc542b15ce8c3b2c1d7cde91f5eabc382c3ca8c2c310b0d7738eb24669d878583
046638a60e377ff4f8bc99528f751412ed9046bd111fe0e8d2c0d0818734eaebc20f6205882573d88d87683387a583d38f7939a51aab6df1e0f4635e
9d004b93b9dbfa6658d3d9c4963fa4537f9aa40f11de98cb1f26bca7a0cf6396c0e4d340f2c3cf98ab87c829e984f88f2e8d2d172a0c0847afcb0f33
4bcb0ff1343f1c808968e8c7d25dafb29e8b5dadd8c5c506f59c044b10b1e73e7a402530480fa804eaebf192d87859112e5081470f98b4d2a4074cca
287f019332d36ac1e5a78fcd15f4e17889037d4872897ae6b8e459cfadba94310ad477c9713c24f2211b324c898e4b3ea09ff6126c86e83e6e595be5
293a6ec59ae15db99d90842db51d3be8fb36a7c4c1bbad4fe602749b300e8175783fcefbdd59a7ccf2b682996361d754b47ca7edc8901d9d5d3294fd
3965478648f794566f80043ff5860ef0cbe7fb864e58009cbf0e1a5dae6e31a4422ae608c54ebd8f0f4b9341bb336a441ee72085306338783d7e02e7
20e7eb3c32a7e4381fe2e01ccc15e5ec9e764f9db345a7dd53b1673e6d1ec634ed8d3ae751391dbe7e9ef9c352e1880eceb1734999b8f57153f447e7
6836290a8953f223fca5cfb1734999d628c7bf42d9f222c6ec7064b9ad4943a27416734011239f569461e876eaf11bb1683f8b83b40348e96c2715d5
7d506126e7df7454a78dc588587bea2124e0f2593a14d972675446b77e16a9b0c3989d530733db635b31bc054ec754c165f89cccba451e784e965784
e539bb74288fdfd9a543dca02e1d0a623df52e7d92249f93d9260ee7ec1cbd950a290fe873b6075caefa69db2f0c85ced97c54a3c27c54f0ea69eb79
345de76c860fec3077862f7b301bd860a973eec0526160572666a29c2e2e130bfc60e083a4cec53c63e669c7d7a0ff73f1c10a9975eaa11ad1309c8b
79afb0f8a7545d78fc9e52758dd8b29e8afc8eeaebd453f789f67feaa97bb68c316e8f9159482e357e76b59a17a38982071272f7d45b38a29f3e15eb
6ec4efffac862cd4c6593b6499783524e00f274e1e46fa38dd0713b52c876b503b28a970a8777c4dcfb5b395e94372a911bdf8b93a702fb7513eb123
1109ced57c2648c6822a1c86ced5e07ffae8e05321230a10d7da79ea2c4733f50af67458768c914e499deae79037334ae0e8661e301288b399510ad1
7c36f3803c15adf38034b1a6ae32ac79405eb066fb8685a9dbbe01346dc9152aabd3b1d9b1cd3bb70e6d76c1922b6cce4e0ba7b0393b1d9c1dc5d8b9
75f003dc662e86cb62e1142ad9d3a1d7d18c9df695c5aaecdc2c50fc8c62066da60f73923cbf9b3597e96237dfc833b75b04cefaec6624597485b459
392dbb9539331556e640ccc861e4e11be9625517d9b6dd9ce6f44fccd5b9f77cc84cd1121c10bbb33ca3783b2d3143a9784a6f5c3fe8f0f04284f63c
0fa96c412bcefb3c84d83c9df7f983310f2fc4c420867be20fdbf986203e65ce58891d7c1ed6cd4ccc4b4b8345d8d9b341733cbb769aa37518fa99a9
db6c259291d3fa6accce4e85ec2bc82dcfd31c1ae4a63c6c576e9a738ee1b1735aa54df0b7f3345b0e5655c476722b9ea759348ec169130fd6fc347b
1ae6f33cfb6af087337e83324f47d185d8381d45174a5ac1780a52dfd35ebaf0abe765b66ee00fb3759f2693ffc8d42fd98530ea65beef53216027f0
f2d581cdb65d66bd3f1566bd472acc7af3925de6585973e5192b44193e6fb3ac3cc177872d0b761b3636f2366cbcb077dfd90c7b77e002cb6da6965d
b80d2d3b7977b942d6e3b6f11527ff36dbcb41bf3b3b4e135bb0e7345cbfce7ecfa9302ce1b3ae9fd9de0c7bfdccf6869bbb7e9d416fa9e80c7a4d85
639fe4005d923c56a2755f923c161892eb67939e95610ddc421353077963af9f81cb0b7a0d36560a22be0673fd7974afc1be83791fafc15c7fa389c1
67a656bc13dee4127f56d0385d83e35487f4b9866ed014e0a48947b778895f8361be1c059388db97c599f01897fc7be0972f8b37b1d1b91ca16fa2dc
2475cd90164d2067bc449f558452d74b6c15e29a5d0ac94758c7ab87e4638855eee0f4e8ac3ae88aaeb5bb4566e9564b7a877f0a107b756d600891cb
0975e09d2f53590871aed5ac18e5cee1d045e7cd80cad12e38bbcd1aef3c959713ea60f6703553cbb450e0b13cd597e9364c162ea90f27e23a5f22e4
1630eea50c3b9fed6e0e19b13086299b952e4cd9e401bf3a1dc789687ef538eb4da26716a7f942b1a14dc23b0ef6e6fbf4a3a2dfa7acde66bd058766
b30d09a06e3e97b450a0ed1aeae9ea4960b9a3a2ea9e5343130961d81011751351a82e137570f8d7d6dde3f8c30291cab42c10a9746a954c28916b37
4f1eceebea8963c3305e0e54189aedda65915b28f7d79c2e8d3938bf2f1157081d7829eb2b16e3d71f9596a3f5526913d2becbe974300fb86cdc8715
c975381756e479d7e117207cd9f552698538159788b48a79d4e5fc3a88092e11690faecec1392c40e14a1c72b55a18d4be3f4cd370d081052219d2d4
d6142eee7aa9ad426c84ebecb826b356c0646c442ee5b6f9b139674715d9bdd3a882b214d52c430f40c82b7789fb67152efb7e45d271598189edc665
0526ea87cb0a4c2c442ea7aec1fee392061381c1650a67e0765c9d7465901e809841c4afb096a6673e90768d26cfcf6dcd013ff8c5670c532f782e5c
b75407407a3b5d3cefd36d977b7eb0d94a58c6cb796c90595e3627c41eea72f4422ec7edd419a040e7b1618f6fe7b1411373dbbc9037eeee7ad6cceb
eeb44cdec9fb27c8e67f4aae7b3ba70d411aee4ef82c546c5eb9928a4b8f66ca3d586118d2db4155b2e1b7e4c568436e679641ad738b1e99f0eabf07
b34c79376f7978ac39daf7d06981003df45396695bbf8a9cfb1eac5009957cbff2e282d4e0b6b70604c86d6f0d341bb7bd35b8a2b7bd35502fdd52a7
2e58cddff2d6a8e8b86f4724846abe6d7208917cdb7d03d5da2d95ec8836ee1e15fca3d1a7c550852e2cdec84dbf4705e2c97b7e5b2a0d3d77ff05f5
4e0beb6889a07a5b474b94dbbb482410d1c55d3ac7409f3e99213b6eab68a7cf34cc311406b1649ac355144598e52bfd19ccf21523bd0c3af579a745
0f8c98f7e49e6cfd1006e29e4cdc0459dcd6b11295e076a844e8b8db3a56ac1d6e7b5c4046dcafec7ac21aff560ed4cfea59720dd3764f7d1319d468
310ffc6d0f0ca447b744d90f2542855c1427cab2682387cd3df7139c69cefd0467d4ee84cceacc36b9604b2c97c68af09657f23a3088a56d8d41fa71
a40b1fc7947b9c174eb4e4d260d2db5ecac4d4bc95f40622e1ee81612a5d5a2ec34dec394b3f15322e066dd94783f8d3b704d7a401beab9ff4d008b7
55b213f7ce296cd874a79fe1f4f6f433a02deb5fa1ea6e3339507577359bc9c59488b940f3de1231af44f5bd5799df83b6ba812137f5651066d8e1db
fc010ad2bb591ef869e1bb1ec89beffac80f8a1f446a855b82ddf6fbf4e92bc3e16c1683fd9b71c5dde43602d4cdd631a0b86e6a48ff5bc7045474c6
38739438f6a1d3e9437422f18e6f91f62b39e0eecde183583b096c577ce96ed1f62b5e6cb768fb155fba5bb4fd8a33ca2dca7dfd3ca9a2dc2768c3db
010cb16abc9db904e2e396c4b6fd78750fdb858400bd45e236849db7e4900d81e97d38be6b84bab7e4900dd1e52daa768d00f0fabd5cfc9848b6d7ef
7d00c7687eafdf8b2cea9f46effabdd7369afaebf76a69c6c83daf9f3724faeeebb71bc3fd8915aedf613baa253d4ad2b72698d6f57b455b84477cca
9b7ff81b7410c9b32673eb35bcafe51207c06bb0fe35069ed7e01723811d9f8a67e5d688a09ef2f1bf6fd4c66b987b18c7bf590c8bf9e5354da4697b
fe585371bba2fd55bcb7724a8eda6bd87a6cba3f4887d7d7aa2469c453f6dad45498eda9358068c7c72143d83bbcfea1b86bfc393b53a362f01f7f90
8d2fedb12448e0537ef9a2e462bbc697b27870e8dfacc7d9ab5d53f1ae049e884fd90b4185f314470f778d5b9f434b85f3c9cd99e5ab792909b9f794
bd1f7fd6b4d7f8b2a5b199bac697c1a83f3edf5efb3f76f02a3f2fcc1f077915d1ac6b72255fe535269b12c9f329cbd1346ccee574ed439dd3c2e9b7
7e596ca7417f2a9654bc97e98f26bb9cc2fcf95e53f18e39fe32cb4569e8735b9cb8fb69f007a7b3593f15e9b2f6d06529bf0e0049a97329b1f2d360
a5e27245e0dc3ca935832a3940e1071dba2976789773d93e2d32a874174f4596eaec7d6665a4459822adbf8a43290c40f6aa00d695a5b9fa2019d5a2
e698c55e4e92b92646e9e52499533c4b2e27c95c1375f39afaa6b77f09a274293fe61407c24be9319f2b9f393a73e59a6897977346ae09f3764d93f7
2b577a125939451bf0546c2f7ecd86293be0dbe26f2d27e735f9e3942e27b89b1229f0a9d8dc22603bc3da2f387b5afbb4b20ebe8049e8784d87d32f
e487536925b3e5b324df6b525d5ef3d0131cff413a8fbda2a4c23c60a162f51f7f90cd532755d387086488c26b76a06730c7ecc799e7c909bf565e07
65a98a33d7a52455f13fbb66c92ec8497f39fbd32fd6c5d7f2ebb3fc1b7291b07d4d84c24ba9829e8a6c9932e5bc157f8bb3ac9ed49f5ee972169335
91819e0a8f921769314d11c7f76b397a932515cf02d7b0bfd772f72efe20af0e081aceffaa7dc1ff789aabda7f289eea978288bf817c7ea9e8917dfe
40712ce275087da018bd4b7898abdeff8dd57e2982eb27b2f9e5d0a6440bba147ef1adf8837595501e0fca6bb5b74bb89aab07358ab3db5361d3df1c
9566239498835cad3a664d4e4693a1c61cfb87a74291e6e229fb5478393e150e039abd6fab97340f55d309ad09b1f1547862391d6d35b49f3f2409e6
d8b7d5972b1bd704fe1c4b96a742583ceafca762f61f9969f3d44335399c522d74da4f5816b97589349deed6a6e7c553b8a281fc6b57eb01b173a29a
54f40463bc145b6820ced6e5e0426b32695d0e2e4464aecbc1859e3fb24087b73267cea17e56de4987faa9f132bc14cae75dd34cfdeca3a48934ddeb
c8f938bd84234d16ff41a7d5a304dad3a2ed1c5c47d2a9716ebc1cf4a6c6dde672c89a1a979dcbd1650892f1547809c70c6bda258e5c9743c1887efa
87576bfb798ffec4879703b4a004b81ca0658d10e1a9d0eac5c0f6a928fea3a6c260ccf471b8d34c72f4e10969ea482888a89e0a4f2c0f82a37fd478
ad5c8eed51e30f7139d6468d7fd3e5501a15e244512ede3ffeb6c4412c10243c15162de7da3baa458d58e0a9707ebbdcf26deea3f087c35de5523bf0
4585fadfc41fd4c8f82e05a5f884ccbab66a5c5202ad69b9c23eeb659fe3bd796d9d702e99ba5147923c3c15d6c6cc99faead35452d14db8562a2c2d
cb2ddf3a2e099db33503d7a8f86fb4c2a762fddf374ce0b56d5e7560d9ba8b5296d0247e24fc97c25f7c9c379e0a87c40ca6d8cc45c720e8daf6ff9a
fb5c8e7781c2f8a9304a0f2ef90b461102d99124e658af3f15ff4dc4fb54f8e04e99879fe2cf2887f765ca28a68823e57f2a7cb4d9fdb30f9b153b3b
f8d95be7ff8db9ca53d1a79e8acb157360919e659db8625777d40970b7d160deabade3a33ca40eb2500bd8e1eea3fc01b79b759ab21e8e90f0fc5153
e1f5f83366baf68e72722c1d3b6086eddf079fd3bc578a04f0569454685f12eeefda3b4259a8f0bee4eeef0eadf47f8d7dc9ce053d6eddbe9fa2375e
a74ab336bd09925d12206f50832af0c2ed46c77eff903ce2e1f70736fa5b5c4045dd5269a43833d87a8b0ea0ffe0584c143f18bb61c1273e05a97623
2f4ff0dc37f2f210e7df48564ec5e282537c0d8efa065f48939705a7f84163947503e35060b7cc43fd8cecf30200b620fb0377f14853b4e02e3e28d3
16c00e884780f99344e02301e0b367000afec129357f92c188880bcedf3dc7c2757c96842abcbf0715a90bdedfe14fb6e0fd3d5453fa8bfb0baee1e1
d1b6e0b41d7686cb9cb68506893f74fc81c30295c628b00298f8078735d0e914afa0d3312ce4531c312c33c2188c9a2700c4a7249a844bf660fcba05
87eb3ae22bca7c97412c79efbce1bcace01f3d18c04700e68f507805dc9046d61f80050097fd42cfa30dc8dc1858450027fec1b1dd96af358e3c044f
f49317805df7835813decca3060068b40696001a1d2419e08a2c008efec1321105c217391805f345d63f70682004eb8f363551e28c930671668d6fbc
186ae0aa775bcef1a32f3a4eb10efc992340db823ff3a0abfd32d762615ad8ad17cb18f36762b88814b4e06a3c428c0acfe251e323163f314c3305b0
73caf3ab1f1a0d7407a5394dc9d6034c4d55af004ecd54ccfd673ebd613fb01ed079544e2c38c2d64994618eb07d9066db2eabd40d2fb8970eeaef16
9c4505e0238373a800f855d3e845aa3301a01ba4b71e27f33832c3a091ca6cc17f31b2a12d38230e6ab5d77646646c9965ce88fa8f00c015935b16ce
85e12a28006c408a561e0bf3c1d8c6cb9c0d738e5eb4cd52b21740db749a5ef01c1c8dd8119e8395cec96bfbe3d1fc4b00182b77fd333081dce50f78
4cfa6c08e0c13f3812108a74da58cf441b44ec0fc8409ad40bc0f8215a9d09a0e31f8980817f040013c83dfb5c502f90ec79aefd15ce87696842fef5
804d6512260160283c188f117df20f0e161a831643c1e1a2f9c182e7de601e8205c7bc41b5f47a11a28981ee0570e11fbfc90022ff86b917fb643e77
0a6804d81e673cca052fbc1652baf7c4177b00d028c7f51ad335182972c1a94efec1819e980a9e3578c80d46bd5c2f84422419e1f0264dc41be8060f
233ce0068daf16fcdb5ac8bde1df361a45b370671b8c5eb4e0ced64290fd22237808b2e13c3618e460c113ac85f0f60523c720110b7e5d2da4ade677
346959b9e054344226f4825609e10c3c825a5c39e611d4a8305b70e619f44b5a70c41974f759f03c89e8500b4e22e5c7eec30d1d6214d8e98f10a398
4dbd0238d6179a1f8a516021df527c16f12e428cf25a6607fadd2c98aa8f90a2c0887c84480426e23f94056b2b49381b30341e21f0583bea01a5170b
fb2ba4172bef360601a6ac0e94b8caee980f76d93a06b5b62aa6982cc9aaf82a850d0b42f2902dac8e29e63d05bbdc11620018d5d6d027983deb0cee
1bb6a9231876b34d953788986116da737cf582bcc291ea972174e3c20a0026e43ee70280bcc211e2976f88380eb6b1654a4eab0a001cda60a30b96eb
9d6d2cf46304009fed7ce5dbc128bd1fe5d8fd381c7062704e767fd0767452c402403fce78e5c23f1a01e8871f1601404e77f2b390128dc43612861f
5fd942a1c4366cff74ca3e3fd398481b859f355e49009d801b008e050e89a4d8be629c5067e42301d8ac935a15001aadfcac896b3a75ad1f14319db6
051f143172e0e215f4a372f8668e2e007ed60c3504c0e14fc4f82c01d8af70b4c676c83f38da6bf79480078db6df68b9e4df10cc74f6daa8d9ce1816
5f5958b4c12e1835db1956430009ff601716e677c62b985f6ee2b290e665c62b085c3238bf1f3a7670f63e4c4534ba8519077b8adc313916fedb3bd2
1badc716fef92bd588ab112b500712da3a69f055d030d1b1baed3f9c7bff2a182ce68b12400180af98ddf5983c1915b99518e942002f003e1ff58151
89631b012c00f8cabb43c1fb7cd41d1b9edbbc8210a2bd9200fe6898f2b50cfede69710180fa744a5b00c0147ef30800723ac79c5f2b5b7ccc7fe084
325d8e00f62b850018fb0cb65121dae3be6f38d4cc41200034ea721701606d135f69401d3cb2ad6f6a9c1dbbb6ea85ffd0092213268f16a8cad77580
140a4c83ec7623308de5a25380b7804c419d91373f8bb0cef04f9fc5579f246a3e88dedb883f980cab30b1db8758d08d1121becbc65d9810eb83c350
a162f583c350a12ef6c33d5ea836154003a012b0cd1df98f8c60177c348bb2c447b3c1a458550005003608dbc61e0d360b7debe3841df4118fa6bb67
624801d8612f7c54b5aecb13e551d5ba2d6a6d17573e76347612607ba7f111c94df968a1400e3e5aaacef814129bf2514d3a886b61b7cc7985d53267
d56c96e392f9945c4f67fc79e963fcd9e28db065bd2a9940fcfb10ddb3c70422ba673cbea867bfed98660a9805a0ed731b7d3b170d1f113a978f70c0
e4a376959b14c699bcd53fc42026a52400b35dfb0deb24ff2d582c7e7ad9dac6a3856375bb438d350a91ce260834c0a151981e985e2303daeef6c0f4
0a30e2cf2dab3404a259c9a74da869f842246ccdfccad80739fe612e3e6ecaa6110ab7d9315f79b0cb12bf62b66ddd8d0b14f0a08d00187275c73d01
bcc8b77eb251c8f85d0ba0911211ae67ef2a0520ad5cf29e9eb05371fa5000c691cca304c04897b4695d05184e7119b6008c86683dbe02a998c7cd15
805dcf2df1b3c978eae68e0c0ab0d1f6e19f4d48c6ea1ee41a43c50c16fda00ac036653db9b6c9e8b2e219bf1450d1a8773d41e6e0468f0ab0f0659d
834b768137f7af15c00d7dd664c7e0b3e4015a048014cc6e3f260023575ae114664329c56dd834400c6c9e9ab791a1bc7497060558d747b4f147cd81
022c8667e1c6cdc6d7c805cb57601bec68429d8730386efe0c72c5b9600598d8c625c602b8c1d5c567cd8ab0b9e5bf02f676e0578cb0aa1e3a5801e0
964eff2c6cadcae8012898c283800f83f303541a96b2f31fc8fc5eca490022d11d0418bd5c068f07e8e532b8b6e5423fb871cbbb7573fc8a75bda7f8
0a34f02e874e47c532b8265200e847e121acb06b75919300cc5ab795ea9fad9087c7fea80f14ff442820dfbaab6714b0f58c8900c48de53e0581575c
15a2003b2f07cf5c3ba1be9a0701bbd14c008c804a22c03a5679e65a4646974e8031e4adc73f6037e4e616e9e870841edc0e3d8345e0627728b73d08
b3dcbe1686b026aecbe858b9e4af0cccc7c9859a884b754e024c47d89c34d79c6688b414ffb0cf8ec6a54426a3ee16cce980354475064000882fadbb
f01f5e5ff26fb3f29d077b7d0dd85c735c5052d7ca25810a7ab8a788025e007c18f7b10d2abd933b8270256280e668baf450006651563a77243447dd
d505023024373c32810060d839b8ab6fd862176e2f04446d85b37763bfb97fbb00befd4a2100a7bcf82b08e849665c012f6e127f053a853278932058
644f5c45047aec478e7feccff22b866cdbc1ae43c9d0ddcb45016049e32b50c216e21208ef47e165fc980ca055de248fc900a82f55c056dab351c8d9
0b0f02a4e8ed20e67c20676a44d80fd0712195f0c0caaa46d71f580445d74d67d5da0c00dcda632c7676fac96bf231eba63eb9fa0f04888537ab85e9
5300a7d096b27a408474bcc89dee26d10248f009e70421165a29dcb8af297fdae4e05ebbf3fa49aae92d105f10dbbc0582a71effc019e6ed0cd17075
370305981cbcd668c31076e3e010816a14d266900d4bd7f915a3349aeb3c15f0600a09805d4c600a8425ea893bf9b5abb6b96d8000609eeab13e0400
9da7bb3aa703b12d86bb152b00b41927796d4dc44804bc38ea2701b00321958030147d12d9220c459f3ca60843d18366de1c61eaf18a7d6510832f9b
f5ee915f04d0a018203db3605fe0de7f0ab06b7270f8abefd3c0af40cce619301530d0d3f8c7444f0f0220669b01300ce3e9b10400332957bfa603c1
0d6429395a18300d92a610f6b683581b6104da41640017ff3e48df6de96f504d70f11f8d1b17def6ed24ba589b16e141369770b5e7e78cbdd8c9c4c9
7063aea3f3956f6baa0270610af91508bde6f10b7b8b741853aa91e6bdd77079ad991f8037ea08aa14dea814e609208394212507ef53392a9300185e
1383c35db2271e37f0943d2ef70f71f53d59483a3e586004a9fb41983e78323ed8839da31050b135e21f40833cf6df0d0c1eff30a2abf4e8fac2f9e3
55fb2da8287bfc030b4fac079e953ab42404ac11c3c403b225808f320175f783af18c6a2f05800384c1e675201a0c21cfb0a604b821301fb303502b6
cc6c3800a632eef198d47e08804ec00b24c7cf22b3bcbbe22b608f653ae0d9db816d18374975ab02fa5f7ec8871500e97a63c71053cb63072b00f3d1
d88f17968dbe2d850f2ec05804403e4c86eb3c619b508affe3dc7484939802c096f2e3769ec6b47557de2960cf6900d0b1eeb37e0e205b4ee139b63a
d417fb7c71a3392a3d93495d9b6747124001c1c71d943a3235fa293fd326f8fc261100545ece1a9ec9c4d28ca1288005fc5cd8e807b9ac6ffe339b18
aeba85880240948ff88751b3243d0400ce98f3913376905380a77956a92c81ff809559f1fb5b00d0f8f9013a33182e8a0ece6c089be16814603440e5
0e32b725355d3908689820fe03f69333712c367c26574d2798d8ea36750a300cee5126040023c4cabd5e3224ea9cd3026d26e93b01e0bc4c7ea50229
9dfc07444ba910805c1e6ebe21807b8fc5e7a32c04783ad83133db2c2e374b2a56c0247b1b75c03d8adbb28234ada7cf7a3b6083c4396d361ff28f44
c044a3de069401cd1334252d5a3fb8d8cd38f4e69ef50230f2b6b568e38679e4c136b6f425fd8603937f43ce429cd660e25b894b9a618a525d142100
b0ef992307d28fe96cc8807b125334f08d07d7b9d90ab4ca23dbec1e2e832bd03e48519ce812809d610f0ea900482ed9463ff6f5ef5defc8ae3a9ce1
521469c7cd6502727a6dd19adf5702b0cf928212801d95c0361dc6a5c5afebb3b72dcd3909b07e50602a004850a363763d9540c7dd9ce91b051e8a33
0d108303839f78717408f70231f46b779daf0085b9685f01e0d647fc03db8b27a39b24a6b6f88add57c5c3d32a00413b6370cfc68b1cdcb6e7e681ec
86b06be535d92d764f8d0bacc39e3baeb80e8b8d46e4d2612578121df7054a83fbbe7fb0812192eb1f4cb02a17ea03d2e781ec460d9633b6c3b7a539
ec98edc2d652001ee056ffca48302c1c8d009c505ea4034642943b9dd08c95c9c51e9b4624953010f8a373170ef0f0b3c43fb62d09fb61b6d8955269
6dce005cfd01dc5ab9718705a228419c0ca09f11ff801f46e54d321a82ef92261a0d926d5e1ca36f4f6ebed2b74d1abf32704f904a80075b71a36505
40b679b251934af783bb7020b552e5c61d26b81564c0af980f454d39fe010c4e1c346e5c60bcf20704d99594d7307d42e9c4bec3e400b572d30de4a8
a4f84f00039fe5dadae62f1e584700c0749ebe30a91c0a9bdf5f99405b94ad08e004d2e72ba6f8acc78f7f2097770a006c8e499c4cb3352a9d17c784
8be9e4b69c407dd4e29c733bfa17fec3bcd7dbe0798123a1ec34fe0384d6e0750dbfc111f4dd1c5bd67b1230b0b63ec9f0c62b1a65e2171798e58497
f6b88af303d1c5e9bcfc74f9c223f572a348e4bc603e47f9b3008cd23f48b8212bee9824dc6ec46f6f5c56e49bea8d2cc80d4165e6bdf96cf7099780
9c4f074b4642e581017be3067c5c523e0900a3e3ecd40989108db9045011f9c2b9f51361d0e7c1c384c8d534ac17c0b6afe0ae7e6f2028ce2942f2f6
c11b1e46788d72f013915b8b87c1110038ed180b6262f693f7d54ae8290fe432c3c7d6b8135686991eef5e18a60901e55f4178c246f1ce896083b593
e65c5b66c4c55e5b51c02bdf94d24aad11b0a5fea4452c368e2ac5fcb31fe2005086767ec0369397cf67044ea70c4d23b1a0d1440026c86f9274c00c
8ff2f874ccadf4e02b9bf173942ebc3202183899aa7c8c9d50bf5a844e85e3aa733e4ad0e0b3fc47dfb6f3fcc7b5c50f04d8d69e149a08008e51cee8
4847c080fa3d91d216edfaf148197a674f3fa400c358c40329c3d9cccdb005f0822672d955ca5b00e4b773ca086652fcae49508ad10e56009b8ce232
142420e45e4f508a099d9d1d007b240f4bab001dcba42625c1446c7ae05405ecd0318580fd0abf82b464946ccb9d0b34e80ca800ac636e3826800cdd
a4d3559a8b14b700ff31e0ece3a72155c4bc9c89ffb8b772dfbfd24e1c53dfc902c0a964a32de11f9c31180635b70e1500ec8079e56b6e35db302300
a0ee2b5ff9b6c57827c0ee3cf7da560024a89cb16e571cadc014004ad4294001c041c86f78014011cdbdde37c6755e2675d834257eb60f244571da3d
75446ef2cc1d0280c0a673b1fb968af9bd295bfdc5ade8ff18b0be51b6e31f5f606958568ad67954460329c37d3f60895dfc164803a23beaafd2d806
077ecba661d1a8dbe0644dc825870b0934d7373ae9bd9e5ba8e6c49fe6290080afb49dfcc8bf82cb5d3ecb7fcced76e8ffb8cc834326dc1bbd20884a
1cedb5d1b1e3f8746d5346aee2055bec4204756f893dd120dc1f0bc508e9ce7b2c8e0790acb71d3cd477c315c7430d77295aa82a007938b8ac480e57
c9f10bc028a8ccc13d30bf3df959640ea3c7a400ea36fe2c04549c1dbed2b6e89c802d64f45b313d739f611ffe6308bb4c22ec07dacb93c8f6b96118
1b6ddc7b6d7db40f0c59d3c1c13d90faf3c83ecfb6d87500b22d154a8313b22d0deaaf12fc3846e10586ac3732c907015036f01640ca95e246970280
203bf9cd9a5e380a7a7e25016c3719a21f649e6895180b4e059db2abf4eee10ffe634128cf8b036aa246a15a5a196a7c579ca455f6e07c19a07c2993
97b105afd65b91807bef42effa8245e9c1b17c1d0a2dbef2c190b5f06685751893d4a47cc0acd2f3de248df86dd8c16f0101e0cef37d9a8f0621a3d3
00f9e8c8daed5b3b6f5a8408251f889ae77947046053583ce7b00220637506231f2ffc455c37924f88433d9b8700f24efeebaf9ce8478a7f40ece641
b00570a30dc785f97cc093f88d9611d5ab126de5d35410d303f80800a429b7434e07eecd41801127d5ad631560570ba9849c4c472374e724c0583237
5f54c066740e02e0313208a8fbae190418a94e8b9d9c0c1914d20039c1a386cc8de635c47cc43f8c02acf18f2d166a1c1cec784fee8f64d749716f36
01bc98f55f716039c1aec623dc2a00f8c8915c46fc3046935180615fb2ef399f40d87eba72c6b54b697bce0f185ac7cf39c3718dd62a39dbc5d1a8c0
c9796b30b879608845df18056c4372b601011069ac0c29773d9cf3d1a48ff615c7cf1932ecea36af028009cc641bc5a47d8daaef5c3ae6d7051e19f6
fc0c399f723d61f0c339053558786fe65a41943bf52300c8c13bdbd8f7b7df02b9226c3d6f560140ccc47e54e8054894e77a23e4213760ddc44ee33f
1e089106fb819cc72757bf7e40507e91e6766cab3b02cc7d66c4f98355d5286c0386f5f2591f7e83b88b9287dcea36c31b04583f0e62acb625531c4b
1b386e441d6d8255e62e6cd7d61cb08d0b4c0a91dc16bfb7f80ac2dcb8e3a70016c44c5cdb7e6cbb2bff474738301a0ae50e3f610a7f0500f68138ad
031f0d9747e49eb7e2d5bbde1b08ea4400485d8fbc25800b4224629b0e0c3e8928fb03fbfac25710f6e7883620106b3ca6fd85749c930cc965a1e424
cf4d6910415dd7dea73ea788eec1b08b02c014fe0080f1f354bfc23b9ec0f1bc156fc4e9a5422b3f5b82e3fa840c77db46718c00ececc7bdb9092d52
5e791b1b79643e056ca75effec03d97767c71e5c4fb44ecb20a31a35a019b93487c7a355c0764e64d71128bdcd7805914a783c906fb052a29c912daf
569ea89d8acd4dde0580100da9f01f9002756e071049b572c6de7babcd2a01863f728b576c0a4f1e0f64b52a14506424ae6a817191b8aa516b919168
a850709b914847509f0390af66c43e853dce28dc632b4125233dfdc505b6120e35d768998946a198570086c103a5c3c1a391e4ce70f128ee32a98009
64cb36c6f6f76627c7fe073f0b4d662c2b08c89278812d383e9518f90d4512692c18c99493b8d522fbeb54b051d8c4509a936113535b7c059720adbb
f2dabab81f00ac226f45443baf07d7e82b882fc909fa108420466b41ade5c8f284227233d38b0a605b67131d7f634bd92a0130902bf1ca0ed6e8db0b
462dcdd3d229c038e3ce9bf5337da91c7bfec374e18d36e019262bc24f70b40b62b71980bd83e215231b32f1d1b7fe105744001f769053d8e58090df
a37369187d608a1e804ddaf1958c3048ce2d08e0c1144e0270ba9cc2d6b896b63f26db400a1f778c530016bbc63f7098a21f03c66d85802d436bfcec
83adedd29c728024f424e80a30099987e54eea8065c8c5494201ec1b2d3b00ea738ffb23808c53e998b39c65cfe92000abdfd828826492142b67c5f0
3b1bad6063b82ea7d1119d5666e5dc1b77b2d16d861763814895f45d392fc42fe004c1a9a4f1361280f5c31de11500526cb08dad781dece926c50adb
8023e98f39fdb6eeda5f49109979d04601942d1ef657c09354de3502d8d8c1fb91ccdca4d21f4600b0b7e0964a1d1a500e3f214465e21426c468a4cd
9700409ac63f10ea82ba80022f9331e315285c48be0800acd0e0e0e034d0783c12dc816abcb2f5bd4ecf940cdbf1caf9c8b0eff7943e0240b8065a2e
68eaedbf983ecf1bcd509ad23ea2586062b561a90420c8815f0502c02e9c040ce8d1d26fac104b86d919cd9b0aec7b1a45a3c585ebd105849aa4714a
81a37ce5f55fe0285f3dd29f00e0b3e4015015007d3aa7a21c7b6efc2b2563573bb21500086a67574b8163ea116d8072a17ab4c0db5cbee23d85a38b
2ce24900e812bf154b015d4235408108bfc5ae2ec6b5c87cf0b3b08723d722803da7de4635352d7d8c93ba55194ae7f9ab1000d1dea2d46d97e7f473
69e78ee4e13d6d09db8b33d6e0d633e395bee7d467ac21908c7b970a0069286931275305c307ce7a8738e3202aed3bcc10dbe863334b3ec97d212fb4
eb5a0aec2d7a26e61c10eec5d941a8daee69b293dabd613efcb303c1181afb311095e9e42e1c1f6e12cefaf81001d5f92b0118ea38b893079c282896
15c0878deb80097e93869c6a2560dbc17956016caad41bddce3295a8749ed8748d8de236eaf115b06489bb706e019053b602406c2ce29299776c9300
fc216e5ad27d600799ab3f11618f127601c0cb84677f16985754beb2c3fff2dc4eb0429dab8f68bf72f403801c309d13d4f77cf02bb0eaa09c5600b8
8c33470bda8cbe97058afe4ac7d2325d76c52904014ca55841f8df5a53bcb29d17e21f508510954e0f55129f857ea5b28d09c3a9ccae5f5bd6c47f18
475ae8452000e86a79c4100fb81ebc15110fb8501e280058861319cc7bdbc0b10d67a738fc1b7652b10c60a7a8ff16004c34782b4ed86d1e445bf3dd
71ceb883de6d39c4c199dcacd21ca220306fa3bb6699e0c02689b509f1548d3660b37dc63e05019c79e7cd0ffaa6fc8bcc90fa6f3b5dd40b08605faa
0180a32a69bd093bfd83dbeb82175d274a47748041f579d98179a95813c00ed8c87f2448759d7d1700482ae2e76b3bcd1df10ace0e4fc605c576e7bd
89a0043db0ef852c58c711af4086cd9d7099c958a1dd9500c03df156bc32dc2e49b65f880be7999e1480c8b4d10638308f88a5001c9519afc0c88e9b
78c703a630b9201e706931a748ed71f2d85fb8c0528c1641dc2acfce6572c99aa351d36f32d9ba02c0b3120f20da6fcd3ffe6137c9d10360a8834c5b
d9d17e0fd2be88e53b5accd8dcd6c8fccadc5d8f7fc08e9507f2324c510f5e82d78ec8168d5eb0306d01d8f135d90f33c26cf4661000568e68f08211
668d65d862151eb7eb86b1406c0788ee28a92b1742cf575e3e88b25b697e2300482e636bc3daadc6ac439479340290219136b902c03ee5f0ef039e95
c42588ab3a1af7d8fd81242429f698cb56a596ac3c30ae693cd9cfdc2255ef0764684c0c21005898065df522a8ee41fc8108723df63a8459fd24c7f1
2230d43902b03d817c4badbcf579dec642dc15da4a144b8e1a015f15008b1df2ac088831821146e808c68d17c000ca997c0541d32a89132493620a41
05003b9077de69981a6991ef86ab14e7e37bb6a9d91e9c703c3bce6c7300227d276fb46e5f16cfb290046dda7c78a6ca54e1ddc1588202e8fb954680
e959795e2a98d8415fa77aae6d3cc146b75a27b18db509e0bdfa35212e960758510044dd070115860a4e7a54c43d90d1faf0d336ad7215554d2f3c55
f22fe2c6abad8e5d3e0cf050334492ed07001787a3b05ab638c3918bd09a20fdfdeaae48885268585e0b94409ea15400b0fe237d544b83f4c2115445
f0aec11010b26b202977ba44f01fe2e9b9344711a202680a2000700b9cdf8a203a33da80d08451230460f400edbf04b0fbe1f351419556478302a818
5cfc630f8e6d6c0d46f40386c3949009008adcce36ee6d30e8738a3001d21d7ef68584da4f464598807efa7d559b317e9d16196aa20604e55f69b815
3db3545259aae134ae7e83d1020db16a831affe48e840114535fa40a2e4e984a6fa3235e254d1b2bd8ba422f1ef92bf4e94e620ae5683478ec8f6d9b
4f3be10abbfaeae1a704006deec963dfd78e77ecfb7420b8d4590200a1095f195bbfc98e8d07f7f720e0dd9a361fdc8080f0e4f19807c2daba725c03
cbda15d708a83bc4aacffaa6c129b7aef301db4fe482dc04c3c34109606e83c14200188c786547884e01807ed3f9ab8a4bb0c6794160f04e07a48a08
da830108ea8d1bdef38b2a0041a7d828c20b547a8b57c43c2e9958efde6651dcb816af58dae0ba3c90035427caeb03f23611a1203230e3c50aa0ed24
5bfed90731433277d083bc6bb431ac0ffc8d48780a00fde0e0a0bf2a8c59505fc42c88c1bd887b49ad727dc1c42662f077c2c492bb10baa7492b860a
3f6e798580025f708e0509ef8787e952006c369c8babc8785fc83dd5b503ec3a9d59176279936ca8db2b99eaddbabd921b5130a25cb5cc7d6ac94f15
affb2b1f8ed8e182fd8a985095e15fd46f15e7e52460bbae6407942d5ae23fe099a16e38fff8026bc7804cc085a7ed98b8101d31b403b42fafcc86f4
848cfa98da79ecf8ebdec699e0cee627a39d750b4d2601305af0756ee7565c3a99da208faf8cc5d0ce0bea515f4501c0bb2ab11ff71fe2c00b007ee1
548f36a4e1ab345969a9e16a190140382a3f900280c38d6b525a7a6191e1cc63cb10769215921547042b2787da4e71e719260450b7bf9ff734232590
c7601400823292d86910ba56fa2cb5e2b3eef351e03ec2ebba150fd27212807d3ff94ad971f1d968dbf627def532208674ceb8959d26c0f7bd006c47
26bfe105f0021fb11f138a5cbf9ed435d2da70aea5d58e50984eb736848f14ea2513f002e063a9d00b54275f5a433e1efa92a9f3967d9613d4901aa5
c52bf7d64e7502201860d7dbbba393b2d185b1703ee09ec898fea9c1aaa37ba44101942d72f7c5ee9b08e54e86f7dda0a8bbc1f8b8c6673b6eb4ec98
a28d73476bf0291cdb2184a7726cca8b5b6a6c9290cb30062cbc1d1f09c03016651a6d6cded9a5c16d6c3ac2ef9a361147cd6312a6069fa5ce585b0d
16c84c3f20808ce1735b4e18c7526edde64ef446fc31a10323c3d526c29c9e4494c810c58404728ce1fd435b7401c0978c1bf7da1a1d9eca2d4a494e
ac35483d2a43c83464412ab4236ff701d101b1d48db823f420922d066970fc03c2a7490cb373b678ae6905408fe617a9ecca1d4b7612b0c5e5ec077c
fce86bd8902ca5c54ebee110420ea1216b8920037e05b7222312b41b0e599967ee9e908f3a3927803dc904ec885e2701d0b237cee90d911fe30d3410
272590e3b34dbc7e936f52ff8d1b92dbfc29b0ae7431537b100e8ea1a404f0812ee13f90e4ce838f2b008a02a2d29d3ca04527afbd797c05b649508b
7e18eb5d48830b006e1b3c3ba0a02a553c02d826307c05893818a1a8edc8f49d78f1c5e6a1aba200b6b569bc021d630a0054bd3c2a2fecd92baf4944
2812e6e5240036532900172688fdc05121dfdb10196890186e30d76e23fe716d0f9c4e809daeb83761d05d126f6718740bae65d72f9cbf198d36748c
f301395ccce90e2c4f3d494394f8d189f52011aa64951b2442d253be02fd156331340481af74f11780cd3aa371090026635cca75eee3c6570a1c5589
f59611c32573b15701b7c0f95865bbe4f31f0d2120b82e0b9c204d671a6207954c4cb1761ec9c25706326447c7902863c66771811ddc636b27c42611
ba76b0fee8d80bad10677d21bcc049c4b0a0ce4c2470e0b0576af414f970cf1f9fb5b150a5d11085a750a6d13e2891638fc1d0be5169da7606f59393
0c97be462ebf7d374248135d7cd0a490d26f887e533ddf50ea076ec5ee08bbc3147f302a588794ad78da3a056c0ffce4005b86e2d9d004e0047000b6
1af12000d6eaae45ed88945a7274ec8577d5601b1fb8b8cc8e7ddbedcbfb711e087de853d8114bb5301e93001085db91633fa1f9f0849f0ad87a1e02
1a5c8c4f7e6587b5f40dd34fa822a982e85b62e881a653df462d8c96d8770e6ddaf4f434766a9f9300d0779ce484adcda8713ddd7f488fa100481b3a
010bf48c532b1a291b73ea6de4099d44f98d15624796814995462f48ea961cb97418960f4627e820ca2b11b6009057dd91ad50b470b8e13a57f8c6f0
56ec3b2a2645d6bd6e4103e7a622380a0d1f0480f4732e29ef6d878cf60b4c00dbab90ffc89b2e29048039e7fcb6ba856a010021ebcc416f3bab1b47
db10cc9f0ae5de613246cd52ef19f1871c0d0a00779ea3b0be8972aabc7aaf88ea73f0956dbcc439ed48a996b8ab41940f864c913f8037623f46874b
80931e82107656229fd3716fae856dc0768454429fb8d03dbfa77a2ada3627a2ec133ab0d8d5d3aeda4e42b64f842d6470d23ebf0df0572ed0ad943a
76a8551b2ff4be358fd4da7764006d5469080066c19c64cfcdc9cf5e031af7c4cfde40505cdb0b9eabf48defc8bdc86cc2a9efbc89f1ca7dec645afe
d9fbdc0977fdb377062a75798f00e02857e31f38b27eb5080306763b0086a026039174a41a9bb1f96ff4b471e33eb8e10797e141c4183acbf7c718d0
41b9b5ec2830074e7af417163bb13fe0e75f18905400889246a4ff6ef979b4d1771625be3276882ffe63ec483ebea55eb0ec74f9ec30d72e346ae9a0
9a2add4efa2adbd4ac1000f59d0be63a22e0b5933dfd76543edf52e340407b7a880800bca20be6c681149834361a47dad9d83a01c8c6d6f80f68a718
77646c9917d1a7a6b637c0e02b3704eace900b006caeefb171209414251602d8be97fc0a7c9fab634bb94141783a6b3810038d19dc04807cb8273b76
b6ed7ee61d3b77e66c3f62e3bc761b04dcfb76f6f94848ae309d431809c7a3b2eb095e37b4411d3006ede7affcc0067cfe3bbd700533415feac86524
046ca7f7f94808914bf30ae106b167fdb88d8c4ed25076e46dbae6660d0301d28a278e4903c6948551f904004114079a4d2dd992dff623ef8c968e18
0624648544b9fa90e31f9300085e9c4a1fb053ac0cf6a66eaf86177d9babdda9b641c3616181b0467e930800a7ab10d0f63fbc6375edf8166cf44322
4d1e04785715cf91a70068b89ce61c0d7a235a538c86c82fb4561f6de7c99c6cf48209bc23b9d1ecbe9a14370be0c1e0bc63ed05df7bb0d1b5937338
00d7f560a4436567f10f6f741c30ae61c70654ce0777d0349a731e3c6eb0ba2b74631f13189c91b135c30b0e135f01a5c1387563ee689ace2a0b00c6
023c4c13eb427b5a01a01f9ce409871bda180e58bbd5ccb58574ab30c281008c996638e8b1adcc28de193019639e4605983c90e2ae3161f741d19d10
1adb258033f6e2668d7f40fbc0882003f65f63c47c2c5cd73ca6db1a8bf1f2c64ecc4e35f3807956a15fbb00107290a8f4c2ea3320d1b8b6cda55fc6
635b5265227d984535faa18c0bd93119c44000f0d2e6ca21e779a108636cb3a84ca4746dbd2257ee2a70413fa28d2db78e36e062ec57dc806955a35b
ee4000a19aa30d683e3c379e02e01d1d3d85763b50df055913856a02006b58d8750f105309c0313d0300bb2022fd6bcb9a7881211d7761880201c0b4
31c52bd84123fe01dbb318cb8b08fff18f777bbcb20d7019b42e11c08e75cd7e200dca8f36d636f4e59c2ee0f5118d22c3500c1f7b2c134bdd9b45ed
bfd1810d88684be76ebaa12fa563c7f040133d00d00a8d7805de7cdca237e4cf348d10c0d6b8fb40ef6dc441cc79efe8be3cb2370cf5e2ae8120b8e6
c681b66d32c636a0fdcb4483a05b6be6642127760bbae46ebbeb3ee1889bdf8fcec141de43ca560020fe787620086e8cfe366ea869e386df61b17a0c
0e26ac64400752080f5a8809c00e245d7b0500f45303b063aaf96eba612344a9ff80b6bc1f44a5374cd7c8f88d9d43f848f18f6d19c2ae2fec26e212
d8b255aa0106e2f717ba3a8f07a16028421ccf2664795f3d08d4c64887028029ad13f6e3493808cef68f1d88c4b37b290066c1a4239e0c7fd01400d8
c110a5230740a54c7f3c887f920f7e16c45ae2b5f0bc300863d791b954da20606ea6de5f7977a2361ea01d5bbd713e1056a3d0bd68c06fb20571b2f6
c6e5422d1894320cf35808f84a25f2402cf1ceb01a6381bb8edb1991384a8f7fbc3028e56958d84199db016e8183e4b2dccad8dace6ecf2da9a3847d
6e573a326d6aef82953b1d80884d348b9a0762765252270058654e0280c1199e6b2272b3f0576c74ed6080f10f9c6c5f5b016cd7b1bd0c13a2bb4efb
93799e90e4b2d133ef367cb4678158883df550638ed80400434e67fce68928a754bbcf73fb29f99d374f846f634cd7796ee1af23a579e25452a1350b
42ed53b83791267390a9178604116c3938846c28d34fd42ca01119407b16c41ea3399200802e9c121500dca31a01c8c948531101fc2159759a1586ad
9dcbb0531fd2514e00b01d719270d677db4aff468438ebda29b8f93a2260d0266622b24027b73e3b28a8e6d866f677bfe27d1ac87e40ffb609fbaf42
56680e686318006b226ee660389939d68eb6e4fb0d7e3eb2aafcc707b344476173db7f31eed64498cc429e646e871b46819fd348bb49371601741008
f10fd8a1b1a77367c770f9c69c755f603efc1de292c99be69c482051d80f04c0654e310140dce517d8847dff609ce779151c37fe63eb8fe374ed1857
0cb43aef7d10887e1e487368d5311f9846906c9f2f52bb45c7debac7e29f45968e46b7ed09794fa5204a0088deea387ebe66a7d8190077c21bbfd12a
736e777a2a09e742beb816806b67a7f6f958761026f3bcccf5ec6ca5047c98429780cc0ff29e681469140663ab4f787a17ea2627f4358d96d517120b
0cfa925dc85b5792df35d7b13d093301a05b1910f8022aad4c81206c4d06201300a9a36b8405000f1cc7cfd779609f3ab1769d096176fdf2b9ce8cdc
c87e5e0400be2613001367629beb4472af165f9968341380c840d4c95f27cc4d4a347ae34435fe03a1bea956bd4e904094d45d30c62e0ce378210e52
a1efd495b631093b9626a8263f51d756be30e8b400b6c36cfca3e1aee157eecd0bc43fb6acc9572e4139c7b87d57fa2052e552c21a4b1875ef69461c
35fae75d08825fa832bf0a42c9526b78957d093aeabbeab33d110a0138515cdb7620269cdf24179425ccee2b00b097744cb976f6d6e487f06adbe0df
e92a61c04c2a7db2a7ab814872ec709704c703bf7b6f08b01a7d15ee09bff6e427fb86634aa730fc7e5efcc387ffd46f67a2d8ff785c0531fe28424c
f93fb8bfde0f517ea87bf90664fca310004f5646b3f8106d5bb88946004c14060148a2443f554f3bcb988f1f4267330dbb0090f98327e51b1341201d
817f03e605b418fbc6b38d3a920376101b27f5be7920152dc78288cc8dd6fc1f2eb4ce7c741f5c170b77c6b75d1793238a6fde3b2dc124001c597cf6
dd6a81410094e58e38bfebdc54ea7f1eaef2efd75fffcfb2bfeb1b325bbb68322e87abd58617b326214dbb26ab0df12eaa52ddb35de8638e1a5937bf
cbe5f18e77d49ed8938ce863bca317adcb468fc30c1fbda8fb24bb6a50018d7579d7792fcc297d179178d755c73256953f7b114ea0ac79a206e4f4ae
399bf7431338fce5cf4ce59c8c00f6a2d438bf6ea1b459a3ec8ca7b3d040d2ecc169b7516636633999d3eb925ae2f8c565615b59a327df534a1c29c7
3b1981e8bddf59495a2feed4cc7b3d92853ddb458dd5e64a46798cd19ad5a87bcccba32a9fbd2833e4d21ff57678bda6aaa58ab390e6e5c01ac5479e
a0465d04a246192d4f61a526d789352a34ca9cd535380bb066e9eef1af8027ea904896f3ba9ea8031becc6150278a34da03fb7c292b374b08f9682d9
8d72f571448dccad27abd1c7276a642edc92551ed5e7dc8bf2ba53a9faf8b1468fa3632a7dcc51d3b4863d48d1039517b818511fa33525a21a778465
a2f2a24cb25f7cfa18dfd1f3e4525b7d6c51a3bdaeec5b9e5173e93b511373a0bc99c7be92c7c2b5fd94bcef5cdbafc4ec2839dd73bc13e3519b0c37
aed1c71235d2b71e735dafa8d1d60abfa35cec2eaa506d44af5bf440495ca64297c718a91e794fc3a58f311e3d1e9e61521f6bd4e85e3d4e7ea847e7
8c623f785ebece9384e84847e2128df894e9b70e6207cb0eb68ba6f3746b58bb85a24ab7b7131976fdb0caae750f63abcfb11dcc142fc75ebd623fc0
8d7e706a9500f52222307036ae5843c57ae988b7ee988ddbd27813575a2c272f9e5a5579cc9e18971a2fe723d6fe8993a152b0ecf2737d8e89d2b886
d943bdc9f31bdf527e57ae150ef98dd9d0ebb77a489e231fc410524cb694aca951a3139fdd14560123eae60f9c2d8f57d4405ec99a276a6034cf9a15
35d0cd7b0d6fd08c70549be0d6c71235b6c0f1ce1b3530adf69a1463d54b27fb62088117e3514ce0c64687ae0a6b8c4fc89ea9510177d4218ff7c15e
cce8c544eef6caf7ae68d3b8d73c6296be78efdb39dff76eca67acc8a9fd776f4679e43e9362414ff8d6d3a20e69d0fdb42236ad1731825458f746dd
4e4aee6d5a462f2fca8aa5adad91c7c955ce3a6e57b61f659dfe8e143fc534c36b6a628d5a9138d3248f23b3466d439822579e79560bd877deb2f2fc
461576001be464485126c319147dbca246afa3ee8eb62036ff33fab3987da817a5c9de38e215bd579968775aad7cdcd75294cde0720579ac5163ec9f
53dff2fcb1ef9f1aab532676d4385bd5ce56722d953cb7cc2abd2e3a4f713deec42ae5a4b2ab4b0f614efc5b15c280c38dd81430a2ce88e4ad2ad1e7
3baaec62c85b722380f4b2ce2c4e92871e11402eac336a38b91d91027ad4e9ade6ea56796ed1a4926dae6f91c73159a3778d078e96c72b3ea53743f2
70abf27cc7a04d56e3fefbf2fcc45b8f5dfb890d7ef1a9cf3eb5b79466c3f69aa468b671bd524cafa5aa705df7a18e44ac519b0f8f43298fa493abd1
d6a7073538aac57af6623652ca672f915a90a25132899f2239ac4999f406aa517547d5a3e76eb0c11183d20b7eba7a529f7b54616314564583636f0c
5f7c4b75e8450c2caadea8d2057661803caf18b311d9a46dab2542f4a28c993476cdc4a0d52c7bdc64541fafa80135eacb98f3c72ae5cc5365ff32f9
2729ea64f000e5dea3c6b824eec0409ed590a70cca3f65aca017f566f04854f2fc449522b1e65116e5f9e3b78aca3bbafb791f1aeec7abaa864cea6e
f328cfd1a0c984b21b6dc833115735ebdb5c7952dbc115697a6d670fb327cf24dbab259d2f991bb491b791a2defd6765ef1be93129769c7d7eed8eaf
99a59b1229bbae93729162b2514f56e5a82a7ac689bc2c8d87176ddb387ead3d4595722d8d5452b564775e2cba3bb8e9fbe46a76951b3617b31fea4b
e4554319971c58d9fccdbda8ec6b99de8d11f8c49410d973e5c8f13c5935d5366e3ad9556720c9a948d263ebcb63891ad88d9cbe03668d2ae53e3487
dfaeba02599b7f9a9aacefaa3bb30a692d521c95bbf098c368209ff11e6fb66a6e622ec3d6c71e35d6f9a8b9a2e6b67de39dbf03d9dcca4abbfdaf3c
c68adc70a270a58d005ede5da6b4678e1c795e3c0fb75a8615d7bccbf3c7ad769b83df49f2aa3e81381e451cd9a3f3c873e188e10de6e965f4b94615
0c5e12ab565421f3371bac3c468f328589fcaf9c602273f3992f85bbe621f327c5cb2edee8478fde2bce6f81709e19bd37a7fb9333fc909fa896abbe
b955f8515f125852b4d3dca32ea6f1fdec9af29a75f0e82d3dbb833b6a9166af969f8b363cf25cb9964bad99e6e01c2e72c215ca9ed3b5e20a78a30e
7408e99735b92cc8325e38e615c49229ebe9f5a8cff135158ea5465cbf9ee8be327cd915b6f2bcb8ce48bb91c821d48fdc4db5e45fee46278f81a43e
352836dbaadfd0a9d5c42f5e8426ca77c817773a9876cf60a5cf57544195c0aec4bdfd5d86a832ab9e68d0a22f240f9b2b73cdcd23452548dd9af968
67f116a5a8f8cd4335ca33790429665d6cef7d3b5b5429b15b3c6aa43caf97556bafb5bf967849485179a69c9d8210c01375af1239dd6bce8b352aa7
4e6ecd2fcfdcaa52d4b57625b63c536a2445dbc57e6bb654a31b2a0df21449f2483a418a4627b8e4a3a598c3f422045866558b2a0426f2b72ce48f17
75efb821a73c270e2bab302eb90dd1a17122586512afcc1ee698debc4c6ceab46f0bf9b62693368edadf2adcc29a724189a6836ff5a8eab6ca4e6ab5
72dfac52294be9936f7dec7c5133cf1a3dacc5718414556c432d40abb16daa6e9bec6a247926f1d62c862a6d84e579c45bca9c32b0a33c93e56f6659
41572c79bee32dd3591d6ec52500ea0fa4a8e7c103afe9f31d552a59ea5c95bab843abaec264e71b2f46cde5a7339f7dc88d3cae14ed3a256d818802
5ebceda83871dc1ae94129163bce9cc6167b009925b25b8b0be0e3b0db87e564cd8a1a956391b06f6685bd8bca263737cfd7e71455d9a66ab0aa4495
b275aeac95e7d8db5df736af89d679d5aab7908ecbb9ad66199177b16f7768afea23aaa6a2e0c95e509e22c54bfbce0e0ef26852b4be13b70dde4888
85d049cb08b11c554a32d266e36833b6b6598dcc44b467e61c5e5cb6ce2e5c6c163fc88b4a79bad99e3c93ff95a2dddd6e9a208015afeddbcae56aed
a640408ac6eb9c7cef263f2bc5645896d37f9ff19ee9b2323532ed2641dbcc4baa53c9d46eaa92a408e7769fc99b726429ea7479346e792655d86e15
16cfc9b3745f5754e1583861ddee389db79ecee9fe3bfa5ca34a09c6426465a69a5eb4833bd9c53813b79e099ae61e0841e0452569136f89fb8b06d5
a87826a29d874c811475cf5179d51eaa4611cda079ae277dee51a5344be65df0a415557636894e1fd2f7cd52c9350a71e5f98d2add73ee8026cf9567
e9b15c8264e29a2593f3a26e81c4c3fedcd120a2d0f07279c98234d8144d9e8a97e22e2916d3a878e7cd33cc8baf6e8ee48bb2c8773733001d9424c9
f31355fa56237a5b851b712997454364799eecc6521df9ccc46f6b71c86bc15fdde9e0f6c55a5a94a6e9b9040ef872efa21aaf3371ced143fad72159
0ff15f0f997787475ae25d26ac71669db925648f29a7801a7526a33e5cb6d10f629e8ea4b1d94ddc0450e33db3cbcb1e124a006444a47899cc3ecf5f
11affde831447396726f5779be0babd43ca8ffe8cc139d5166a4ff18fb1b55e6bedfdcf7fc8067b917558bed5932e4f98c2a5da04cf9760f197c4782
daf3f433da4f62916e92c432d8fd93f7ae140df9f02aec274f7db7d409353bf3a3262e5e954e5cc923ea56d47d5883ee7589139990c4c989af9e487d
4b5105993c1f3de481dde481c32db00eb5f961959e60668992671244525c189acf96e553f062b37dd9d964ac68d2156d540875cbede6450bb0e2b749
cf94746abc53c5328d5fcbbc32a4d8d193caba1fef7dc6e7badcaa671e63292ac59c9d45eb96fcd78ba6ba757a54500e5b2cc823e791e504404cd34d
c29789e3bb05bdf2e2ad38c36575bd50830ca7fb49e96937032f2fcad264370a92670ac1a56882556aec7b79a38f8a59ba272b92e78fd35fd49aae57
6ec842154437a1638a7d5cc9c24bd148dc2347dd1375af6e7fce47a526a423fad6e98eba02489cab9a3057935523aa74d7f9addc6b8e06b3ddaf8935
3d6a5428e05661faccf9ad2ab4698d535f4bbca5788f596ee5b945ff748325f7d992e7c939b42c770c81a0cf33aa6047e7dbad5e3187161761c6b0ae
68d014da93a820988b6ecc452203d18381e8c6408cb818ea1b0d2a2e4cb1262dee8ca6bc5af16093f21ca8bf19ea0fdd5a6f3d5e533e8ed929f5f98e
2adda4999757a3494c6f08f0421cdda84becc8847778401901503b2945d533c66169b1b52df95deec9a72a04c352b4bb8283ee5442efb00dd5fdc105
1058bf2bd6ef9523ebb47ce966cb2efd608b3456e966d53e3c45863c9372906237ab8b935577543d56c5ded7f89662b84925590f29743729b490a2be
ed7b6caa6e9beaf4c87302b8e363b75d30f1da136336579ce4268c0a88af3d6006b8af3a25ac5204511f93b57896fab2b3c4451b8122065c6807abc8
4274cbf1d10f4ef1a0d4530334eb6471f38cc1c339748b4df73c97e7c96e0cb52fcf1eba469ee3a21ea6483f28a4ec8314581fe63e284408fbb8a28f
e638a8d3e575718b0f730854a78c5d37e31a9fb8c6c9a9f549125d8a86af062fad49d17247060e32f9c23c72e1cc5740e6cc7b3229ccebc864717838
7a05aca8d31d147796e581f0a2b9450cf6ffe5b8a7b9634dd23c933c50b7f40c9d4aa43ee31ab14c0b83d61bfd224f2845e56a6968d983abedc6d516
da09f4abb11b978a75aafbe8ea738f2a9bc54262e86a4fd41955394e7e8daabd8e7c0039f1f85ed466760bebdf357ed2afe8d86b720f5dca85e6ce59
beae68d40c1a0eea41fb15b4e505dad213fb2920451d62576576946a6b29569b17afbaa99c96e2a9a7ca3550fda60c5f8a5df13fefb5fb8bb73e74c4
05bbfdc9dc418fdea7b5b21f0f4526529cf6b1a8e28c5874bb4e0ba41e1c60370eb09c24d11f1a3b75c4a2d3a5635d8d3ae5cb07298a67c5c77424b5
918e7aa3f7aff67e9cc4326ff4e3453f5cbcd1dfb860df0796706e18d0575c0d2b015f7041170dffa4680b43ea7dc5f95d0d5689aca268afc37c347b
badda37fd17f33591c8348e60b64813488859623fd0b1ae6531a660c724f614ed8cd9c7096115533aa940da222bd7f71d5c336f0cc6408beb8d03fe5
0dc619af5dd147358f1a83f3f8516a29c5dbdef295099bb76e366f52c541077df3e986c841817d6f745165023348f72ff80b0b825c3c00bf3ea7a832
02f72481fbc5b1f8f4589419af7d318be68c90282417c01b75a69ea005ce08a3b86146719d9ab9616916bd682ec0949a8c839c825c1687cd63f32ad2
6752542449ce7c1c235a8479865f96722f675629364934031d163dd98be6ee42c38361e6e45eb41de2fc856c307eecd45d50680b304e5e27524c982c
bec6a591a221e49af9354ef230739ce189478e9128fd95a26a363c84933c53b423c5d7def2a1258a31a4680c634e5137a24ecd5c3c76a23cb7a8b288
c5c913300980b66cc3f20f360a8047e69991a28a0ba9d81f85249314cd0ab73bcb352a797929da443a0ad7d85fac6ad6476eac4ac9f6a826d91e9ecf
5500abb06e9915b533209aa7c6ab906f207b14e0432398b3ce6c0cb2c7ba160085db5254131e5a4c8f46ea13d15a0619b211861fc30c3f86a7673e46
27a3398c9ccf1e6ae6d0e015ac3215e791b8349d8241291a65e73e9502a0aa5b8a769b643fa3a37fd1a685884d34131f83cceb30225596bb445d893a
9d4ada12cb3663574631bbc0ceb728761b089c5c28f219a3479dd9f2f0f21a83be08c392dc25cf512bcf77f4e346fc12cef278e235d34e93a11883fc
951497d964f86a8f2fde326b88c303ba1d635243338cb42d1eaa569f7b54e9d9383cf1bb00686e2245931465e28449bb918180ccb2ef32ebaea833a5
55e5e066602004a2cb1e2c5c006fbca797c198dcaff38b1198e7e4e9a95f8e71c5d6bb74eb251a6722ae8b17951399dc0917cd5ba438accae7e4ead1
a079970c1efceb8d06cdd5569194d77d5167fe8e1aeb70d7dd348b92a232ef340542d80e2f1a81c60d74d30e448ab751164241ff86a41d37451d5234
c45078b0ee39a20ecca09be28c30661966cc323cc0ac3c07f632e39553b3fd78dde0e71e65f166e3f17fe8d7254563c228fc1fcf1575ca10270f1d25
cf0fd7c7b2a367cffa2acf711f59b48942332839145cba67d94e7755883cc7c8543b2a55fed64bc34f29029b102dbc67d4e959614466798e09797542
260521e325df362c5ade74c75679a6f4528aaa84a07e4278547e6b015352763542e3314ce3719eee4c2c8019ef9937468e955994418c65ee18d9835e
09202eefa597f7a0920a812dbc68c783d7d177b0cafc95a647a195e740bd66417d1e71437c3191e6b2a406a5be0fbeb8aa3ebbaa92c71e50006f4633
c33e93470c5040bc57e186424cf3b5a86bf0c08abec41df7c115d2837f1ef320d6966232efbbc9aa2baad4a481e8771e945e689431958efb769dc73b
59f59a29f2c92a72e388be313cb89a3c13e34df3151ff4719b276d8ea508d35c5f9c7952922d45b3552d2e0e11c0157586973d56f6314f624a291abe
209f3b4f62a86941087bf7eb639e2daa9aed735fb779c63c9e16a34a6f18d6452f2d18adde905ec76b5f8a2746c05e921b9f96f9ba7af83e79a6bc55
8aa652f3fc2c025831709df1e15ef6c74c2408a4a80c49e1ba25d2d8522c1880b798bea843e4c658b9ccab71c257fca4c875666a3ba5a8ce8ed48620
ba88170d2bd32a668612629a12420fb8af4ea99ce7a2e65875f8f5374b8b260d63cbe87ce0852e61525487428af684cce5008a199e6577fe3fe46a67
9315beb86ed43e2b055252d46d795245312bb9c56922ef4abfcc595f2e5cb528dfc23675d6c56b307ff140db87a04dee8556ccbb8287a0d188488a4a
1150e621fbb3b1aa9b83973369b3c5a634f1772e33aa465429a63f1c67cf36e35b8ad9a7c701d0e71255bab73ca19d3c5f44174d67b478526f797ea2
87e682e619abf57946d5650dfa5b9d579814553ad49dd79d665ee3c5079318752bea4c663c899c3addafa4a82ebb3497989daa7e292edb73ec488daf
292d217b805534e09a66ad33c974cc4e9198140dfd50f432fb1b1fb3e80c89cea2b37f51075e9d460773902e9462b6a59eacaa516556f64ef4ce4153
7a292a894d8fd1198cc534c6224fcee320192d455d4f1abbcd11e86058ecef444fef3962a30e8bcd963cf0aa0068dd2e45b303685cd2714527cd97ea
c83136b20fd3d80769d3b9cc3962bac6677e02ceb6cec9eb79228bf54183ef3963074ddb41a7877e1100255cd3f252579217735ed1247c083cc69500
682b39117b40b6f4ef4c66e78c414c5bf37372635eb4db9cc8e296538fba2beaf4f6a638685ea41526f2ce668fe42300fa98ceeb36070a2edf158330
c6a04ee7d46658664db3cc2a9d78e63eb8d711d02779782801c43e425cea7c12f5de5460cfdb24973973dc77ac02ccff0f0ad6e64d674929261b00ab
e8952fc513aff90add716922c65da23fd47ca8e895226ccb9c559b4f9c721330d74922e3218f2a452309a8149d6f602244b14eb418910dc26382946f
e9e0acbcf49792a2cd668ff7284093e2833abe179b13493f12cdb0e61b37d96b3759a645d57cbfa8530bd71a486051782f45c8c29c799a8ba632527c
ed35ef65841f98264a3ecf4a8a73516a3e91cfe2acdccf2b688965b444e6cdb382785cc62e67ead9e6474bce69e4fa29e7ccdf0b99f4844c3ad12b7e
06ad3dcd2b5e7d087cc282d69e466b578ab9e579459599bd145e5a5facdd67a9e373e501fa02c57dc85c41b5bbccb37773c199b865e7d756041e91a2
e53be1d005d059579081d9d1b4007ed4591429aa78d7411b9c755444df6dac23c3bc0e4b56ca00a70a28ac43669512fdec5187ccf2d56f5e01b4a8b3
18a91eb74e000c79b20ed300370fcbaf80e80b92d9792030057cacb3b3d7e870bc8e2ffa8220eb740312c01d75d6179adaad33d601fea88d3cf50a73
ad75c2a4a9713e4ffaa42d84ac6acd29eb150ccc3a0b52063889bccef2a36e6723ebacbba2ce82ea74bff6d6491de542a240a6bc51c0629dc5906c9d
633f493faf73a7ca29aceb31760b8ed07ae51848132e84d36a9edb450125ea2c56244d7657847759273270781a5705c4d86f04483838f69beb6e7eb0
9a0799dfa31c458a366723c6f7c49ced58bc85dfa3ee7c9d58779aa2ac44ca6a99f45eea5c7b2b801575f6de745df14ab4bd5890df37cae356a2da62
25ac03ef8d1502fc859c2c8de4f20af7d69510458a012c0450a20e21c12bfb49fcb2d28d3a9728ae7447dd82abbadf0d2b51a92445a42d1a1cdf17f3
f2210580dffa2b5302b8326225d2c96de5f3479d49834feecf4c8a60e5bc83d1fad833654252b400c21e8557012bea90c1cc45232b97f81ee4d974c5
14c0883a0b1541cd9800dea8b3a88174245cc1f54a71279e4aac6b518731104766f20b2b1bfe2c27f77c0efc69b68291245401d14f24a9a2f1e0ca14
322f53e244dc7f05c418107c9d72f295478c0161f052cc359dd0a468f1dd684b2200e2b37c21f616f7590e5c9e1fd4f11ce527c6f0406528e7e83744
b0fc3f9617b1bb32d1647ea359e4adcebc5af21bc35f3b611fb7c58af710983df3eacc5fbc87f0c594a1ac88fab47656511a640aa044dd56744cd671
998a0771f7a929715517d33d08d5e07d2939be8728ec99d747a15460958a80812eac5a85f62852847b278f6069f1bd06fb6f5ed5a5114d96be738871
7c3dbe873ce3f4d25b85849d14114ebfb36ec6180c6d151a72098068a460cbd0916c9527da44b059ca3604107dc11a5151b86aac5145b8f34a945da9
d45e156b441f3901705e6ada75beee9572c85577007d925395125d29221ca2333902e071a908864cd74c0170ae2b321f90711240d4ed5cacd1e69d59
f7a22edaa484699984894629f218bd44f0d9c1990e5fae558d862ef47f15408d3a9b693a08ae1633bd335e0d124c2d88a2668665c5131c2a807d8111
67a18a6b85ac6b35db9dccb3a580a8839b28f5d4ab51bbbd1a10d374f1e60a0fff050f7fd922fcde15fdbc10f0fc609b17e7a53df072e46e69416c34
64ee3c5c402b8068d3e6ac3258d3ea31671d61cb3de7bb02f85e6f48b3c4b9ee7132bb2728f57e86b4498a3686c47e767263ab5b6660269b1300e527
c2a821b7da605fa8fe5bddb308f82eeb749e93e20edeeffd1c31be71ec041f8d755cbf815c6e9997c748fcde688824cd4b75d04c6e0da47c28dc4b61
66b9c644e24817fcae1104e8403f0be77a463fe7ce81c60b3782192c0b66a049fe1aebb846b3edd49efebd4915ff422eb24ae3e435e3129fc0ba2789
b719fb1a7954461053934ce59a08704c0f6e01d4a8839d3f31e4a44e428a26b63fc9b084a9e542444da604134060eb69f339ce18df8c79415c640a19
0410f372e13d62ac19c4a96730ee51f7e33d44dc8fef05e13a91cec93340092098c3892cd141845956642f76d4b19f777ccf22e20ecf76af0062eb9d
36e68cfdf2449b16c1b667e2ac19b86022f51dfd5dd67c633e1105dc838f2b20f68485621eb48b5b73c57b483f13e776aee88bc9aba48ef3b262ce3e
bc177b37703912d68c147b2998df9d03cf53791feb8ab37299a7ba1cd6c4ba16751d759d7533ea3ed4793faf937d41bcd591b8ee1723a84911ef71ae
2ffa064811e3a380e24ad166425f78075c815bafbceb7c1daefca30e76646462af603c2e84c5f5d4b50a485187be903abb8281bf90e53e115f5fd432
4ad1c6a779717e450c872d8714add92078afe0efcd1e59ebb814819a2e933f8d4c3ee1a2edc5ba900734c7f206cf7921fc42ae9cb6c1e37201553010
9700624a2786489eecbaa22fc8ab15c4f01557ee85b4ae710d5c71e4117879641eeb701d9622e685c7da5227eee2837921c17b3dd14f1ccfc26b2e64
de52b47e9698eb37dac4f164c82b0194a8b3aba5d7a88bf944128ac2e37905bf7d99dc6a141ecf2b8eee85c8efd4070b20d6ef439b85df8babfa4278
6fcf677cac3b641b90ce4b5d635d8f3abcc731844bf54286a0e1a9d41450a3ced6afb86a5700dc2f482434a8815e37c5ec5244b600ee979b66860bf9
29475cf13715fdcbe202e97b51b7a20e6320bf7dd3044e8a05758575d11724b6ea646622c0d0428021a65f55c01b750b6db22fc108ec94f4214bb96b
ccd9cebc76445df40519b382418ae0440b2a0d6993fd6cb1b60d795a48f2de418adc0d7346b475b7e8a7791d0ccaa90510ef2181e988367bcc354811
86fd5877c81a6ea4f01a07e72cc8f61b644ae539ba47acfb408ac8c4359ab107914386727801b4a833326c10d78541981491d38f64d83de37b26f710
8e85fbe58a31581eec1a2cd21df8ecde993f284cb84396795f585b9edbfb8a3376ed9c7ceccb15fb6ca7b188bedcb1b6c0830c912c80127558a3ccbe
041e44d2a91aec5ac41258e67da16db29f4ff465477527f97d075bb993508dc0056feccf77a7f9e6fabd31d72fda24b978af181f729e315cf08a2059
6ba7b41a14b2dc21d441322ba61557408c017837f40c77904cf742623192a7112d61ddc863415b9b75872e0189afa44dcee717f302d683e146d74327
4029620c6e2222801175d89f2ddee3183c832eefb12758ea6767083da26e461dc64e81c113a4d673221f0449d02748adc78caf2a2d2604f0449dcd19
55efeb09a1d5934fd415d6c5d877de64de7f0f9d6017c29531f1ac026ad4616d29338fa010eb01a95549be4530b3f5ecacb224df9e90e33e15fd24dd
f3841cf7d9c9ab63ae430f6686a391034b013106a4720fb632e2a02d8b7516898e1410fd1c4816441cf2048e7ccc846c34b2874fd067cfc01a558e61
fc68136b4b763b82ab2d04571b34db14407c6f620c642b9f79459d8d9d664a0288ef4d7c8ff2df307f5d66feaa755cf7c09fcf85ef95dfc5be95ffc7
f0c159865aee09cef2816487590cd6139ce503956b234a7bae584243afccfea380d886c6594a1d97f08ea37b6379a9267b426df500ddd1064d00f13d
4377b263b8d502dd3d504d310ac67a43cdf21e788fdcd54bab9ff5221d116392ad3748bbf7c09c71995e7ac1aef7c4b620ea7d83b433f360cdaec2f7
e83529c589ef0dd6717c2ff24732169e0072d455d455d6b5a8c3f738672fcd74a488dc495cdb30af58afa540923a7e2fd472ef4ef44516e20d75ec8b
aca90751fd1b1ce20b0e911622028839836aaa11c58453df32a73ecdf1c47ed2026199d587be975917f362e4a9bcc73184bcf92d986ba2c23754c36f
c11ea424e20df2f40579da88b6de204f5fe44d62e4a5f5d6e88ba9bb46a8a9df205ddf8a398b3104abfa0285764a3ede5081be0d5140885edf20415f
e4c73b49dabdf45758660da3751c4348c35ed35d0c1a060a20f6a791ae4ccfa580989781eff14a7a477c0fead833735e02f5be26db6f21ad7d478c0f
a9b499136385a9ce7a911d94dec70288b1432dced0230288f181940ce9db1b78f0bdd026c9a937f0d9bbb3f8c559097dc18b2834219d7a433af5be88
1341b2fd0df6f75d782fc6b762ec16a9ab255eff11817359044e8d3dc175081617c99a1ae304ac15b86e9936a185946905e9b34ef4b3451dcfe602ee
61bc9cb502f72ca8ef1371f90a3c01178416529f15648a455dd2fc4cbe0e2bcc6756855bbc7b80ac15e7c85c6ed5653eea7ad45da8e31882dc58a6e7
6b99d7ff0a3ddf420ef79cd9971efdc4fe64386c015c5187f77ad4c57b48244aa76d01c4f8905a398fa85b51877e1217ac609fd6debbb1b6b4b39622
ce4a89f762ec90e4320fc99749467ff9442e1bdf9f0298ac03b9e839a1157045dd1fb3fa7c99fdfc2c3353e43a53408bba893a7e8f41edbe6ca9fb7a
4f6c93ecda97ed7eef9e584b01f1de87f73adbfc627c1f72eef81df0851e5a8ae8a78b2f0490a3ee415d631dbf670132cf3e0ed6f1ac7c05792bc852
7f1132f33375b5d4391d22801175362ff9c77b9ceb92f77bace39d2a451b9fe706134089f1d9fa75e2b32ff4de5fb13ba7d3535e00d1173b479de617
5fa9313e3b47b27cfc1ecf9114772a4ace0befa3af9848a453bb26801a750d757cafc7f70612d8258e814e6452ac7ff991dc5a013dea90d64eee953f
90c3a3fd47d4b0fcfde59b1369e60a7b4aa1c8674a77adf39d56aee8cd8551c46c5fb14ad8d994b70b20660d0985691c2f80d88576723bb1ab006257
3c3b1d9e9fcef2c47b16daa58fc69979e37b7623f5112bffc6ae78912e7cf2b4bc312f2f76f6e07b2b66dbf4e2cce7ac80687361874ecee78a5d61c6
51cccda98098eb0ffd9cdc855fec8a0fd1b59d9afac272418a27ea1aeb382f1527898cfa57e9bef0d58aec2bdc4d958cec67b1f8a5ce85f402985107
4c58f9de88be98ce75c4da5652305234a69a4298afcee82798c7e1c25301445fec66617a4a05449b96cb66c41ad52bda0483c8f0c55fa5ceeeabd0d9
4d62e54a578baf22593505115fa5b9b114ed86a0f1de5757f4d37cdec7ac7c8fb6e29fc5bdd53a9f977051ffe0a21e815405d0a3ee465d661dc7d00a
d69d67ac9113f8602bd169d7f085adc4d7904097dce8d7e82b25453bd393b7470b2cd92ada1cf11ef767832fe1e49e6f14607ccda8efc1409a5f781b
7dcd0c1007e3340880e7af21c3f311e30b1c6271b4982d4f1e6356f4d45617507c8dba5129a61f79d3e4314666ab23640ddffae22d3b79914fea0bab
8caf2388304d55bf707891a2d9f790cf1600efd3814cd2ccc0248033ea6c961b77ed20ffbad371cae77c5547eca261bca6d4f17bb153064cb7698df3
2dfaec48d1cc0b19e4e68bf8a21f12cc3b17238f3d6acc0d83edc5fdbcac1fae0f96c73b6a60ccc79a376acc0eacb1863d5fa647adec014d34a5080b
0ed6e4a881609d35d137cb051b238d33b15418985c5d228fd137e57f6960f9ad1a3357113c8b35256acc6181e3a9d1034beb4eacba6a8c54c90a1a6b
ca638a1a8dd7477a2062ee48518384f07c449e442922a287d7c47a5bd856ba657e5fecbc0fd9c4bc075fccb525f8cba48022f0cc678167dc23331daf
8b26b5f8fdbc3d850e72f1b116ed66750c2b00e7e7b4080ce49985cfe9b79916611de669aa33132469719b789f5ee77156b408136f4fc45d4ebfe9b4
08936bcf973ca6dff25adce2dcff8fa6d2877fb9fef6a7fffa3faebffdcfeb5fd69f9f7ffffbdfd75fffedfde7e7dffefc5f14fa676167fff9afebef
ebfffeebbffffd597ffedbbffe4ddfb2df9ffee99ffedb5fdfffbdabf4e97ffdf73ffd3f8de9eecc31f40400
