1f8b0800000000000400bcbd6dcf25c771a6f95dbfe2d9010cd880249fac7cf70c0c50644b6a8022b5eca635c2623fd439a7cad380c8169a940dfdfb
cdb8aea22c6a0c93d8059680749f27ba2a3323f2f5ce88ccfabbffe3b76f7ef6d1f3fdfdf859fef9ede58be39bf77ffaf0387ef6f16ff63ffee4effe
ee93f78f3f7d757cfded67c7f13c9edffdeb37fff4f2db0fef1f6f8e6f5ffefee3d79fbcfefaddb7ffb01e7efdf5e30f7f7a1edf3df59f3ff48be35f
df7dfd1f8f443e2f7fffe5d7ef3efeeccdcfbefcf8cdf6b35fc7536fdf7dfb87f5afdfff8717caf9b204e925c753ff727cf8e6ddfbafffe9256d3fbf
ddda927cfcfe8f7ffef0ee5fffd7b7fff4f2b3fff7ff7d3fa1bffc7c4973de7eb6ddd2b4243f7ff9e80f7f78e19fbe79f9707c737cf8b7e3f9f3efbd
fcfd94be389eefbef9f6c3bbfb9fbe5dc57ed9bf7ebefce99be3e5ddd72f9a03c9fdddd7fb873fbf9cef3f7cf5cd4f5ffefdddb7ffebe5fd87efa713
c2f77ffaf6e5abf7cf77e7bbc71ea9fdf465ff70bcfcf1f8f0d5bb6fbf3d9e2f7ffcf0fedfdead3a7bf9f67feddfaeff3bbe9fc4f9fe0f7f78ffefef
befed797c7fbaf9fef22856f48e1abe36f4afd5fa9f0cdcbfbf3bbb23fde3fd7db7ffae6db658a6ff7a5d3caf365bfbfffb7bfc9f9f117737efdfedb
778fe3a7ebc177dfbcfc61251ba9fd7571be7e92c85fcafafd8456411e7fd8df7d757cf8f136ff268cfd5716feaec0cb5acf3f2d25feff2bf3cb65a1
e7d5c3f6ef9ac43fbefff0f27efdcb8797aff66f8f0feff63f7cf3fd34fe52b3b40dd2f82b0d7ffef25f18e3b3e31d29c74b5fef5f1d51783bd5d7ef
ff434aadbe5b6d7ae965baef3ffc4d19bedafffcb2de5aad77a9fbfee5f8fab91e59c97d88d27df5fedbe3458bae449e4b87d52f5ecef50fdf4f041b
7ef3fefcf6dfa3e17dd7a8bff9e3f18856bd5278b7d2fbf70fd19ebfb6657f13ddfdbfaaedb7bf7efde6e5cde7bf7cfbbb8fbe78f5b27efff68bcfff
e5f527af3e79f9c5efd73fbe7af9f8f3dffefe8bd7bffaf5db975f7ffee927afbe78f3f2d1679ffc4d7ffffcb3b75fbcfec5976f3f5ffffadf3e7ab3
92f96ff1d4fadfef5f5efdcfdf7ef1eacd9b97cfbf7879fd9bdf7efa7aa5bcb2fae2a3cfdebe7ef5e6a7df4fe8f5671f7ffae527af3ffbd54f5f566a
2f9f7dfef6e5d3d7bf79fd76bdf3f6f39f529cff3d8d97cf7ff9fd547ef3ea8b8f7fbdfeeda35fbcfef4f5dbdf53925fbe7efb5994e297ab181fbdfc
f6a32fdebefef8cb4f3ffae2e5b75f7ef1dbcfdfbc7a59da7f3f954f5ebff9f8d38f5effe6d5273f5fe55a657979f52faf3e7bfbf2e6d71f7dfae97f
6a99a5e27f61975fbc5aba7cf48b4f5f598665994f5e7ff1eae3b73f5da9ffc7af35eeaf4c3efaf46f0cf3e6b7af3e7ebda4cb9aaf96013efae2f73f
0d83ae0cdebcfa3fbf5c6fac7f7cf9e4a3df7cf4ab658fbfffbe19ffa641ff8d4d57757ffce517af7e13aa7dfecb97375ffee2cddbd76fbf7cfbeae5
579f7ffe09d5f6e6d517fff2fae3576ffefbf753faf4f3a8d55fbe7cf9e6d54f57de6f3fa2482bbd65eb37ff3d7effe2cb37afb1faebcfdebefae28b
2f7ffbf6f5e79ffdc3f753f9f5e7bf5b765daa7cb4d2f984bafafc33ccb34cfcf917bf8f1cc26e54e54f5f7ef7eb574bbe9ad267ff89a93f0a1bbe59
26fff8ed5fbfb34ab26ae0ed5fd9e5e5b357bffaf4f5af5e7df6f1abffadd23e8ff47ff7facdab7f586de2f59b78fab505fadd47ab345f62a6a8fe55
5e7fbe7ef3379575f5a69fd2625e5efff2e5a34ffee5756877bdb91adc9bd757e3c4e61ffffaaabceff7d4ff8f33f2abaf9f1fbfff2a86ca6f7ef293
7fbc56142ffff8dd1ae37cf7f5f3c3b5ac5843d35a64fce427695b43e3e3dbeffe041e5fad850defbff9f337df1e5fbdfefa7cff927deef9a73f5ecf
bebcfce317ebc71a56fffcf2f78c90ffb006b233e49f7f88116d4d9c7f1f0b91bf88dffce98f7ffcc311c58bd4966c8d89e0ca6bad713e8bd1f61fbf
bf9c897fe51faf75ccb58cf90ff9db3ffff17849572afff3cbd79fbcfc5fe925dd5eb69ae7f67f5ff2dffd2626de9b7f6d963fe6e26ffeb83f8e0ffb
d7ff7aace2fd8fdbfaef9f5ffec727fd97bffce7f8fb957ffff297f1f72aeadfbcf19364426bba5be92afb2e8ddb2d9dfffc92e2adbffee79fa4dbed
cafdddf32f6f6cbed18f7863fdd837fedef33fbf6c6d435295d490dc9074250b521f4886920529f7d2913d942d48e55666c8eee616b00dd2ba27250b
b6447e77530f48a986e4e15b0169f4418e0fdf0b085943662902966c92da632a9bcac8f3b12bdb43366ee8fd54ef80788ef49e595956569059ba802d
91da61e98e9ba951e2c3d21d49594666e90e4a37ae772ddd317d0ecd0e4b7758ba8c1687b60c887729c9f154f654c673a75a9c9b32d23bd5e2cccad0
ec548b132dd0ffb474a7a52b94eeb474a7a5dbccc1d29d966ef3394b775aba2d6a3fd91281a89f8a2c29bbac12e9a5448981786e22cbca2cf18df4d2
ae6cb72e12b2bbb2bbcff1eea66c53866ea9282bca8ab287b287e965644f6597452973b52cd5b264f268a6d7ae3c903d7cf7f1540fcafc38941d962f
6a2d3db5cbd3d692c8f7a95d9eb6e549beb6c7f4bc6a92f49e4559d1cee8f16cca9a32d31bcaaccbcd7cb5dff3aa37f3d006cfabdea2656c95f201a1
6f4596945df5e673459965c91dd95d9976c93cd77cb7f96ecec8766596a520eb8c32403c172d771bd81e085941e6bbe37a37dad0f6c006408c3ebcfb
e8ca16542cbfd9eb814a8fdc1e9637a0d26fb7272d1ea8b4cf7cc396c077235b9ee894f705859ac97b56b2de2b94333baee5189f0a2d2e3f7c2646a2
52a38cc5fe00a43cb15749d8bfa4aaec860cfd4abe649163c9caca89acf39cf5042c595bed321df7688342b4ad81ec54765aef3cc7182b441ddf9025
6557dd2d2d16b70e2d84b429294aa22544fb5b3f879218375a43f25012bda38d906c1b928014f5b37e5625a16522e5ad29897a8df172bb65df0a489d
bcb26f619bbe21b92b8956d83b924349d8207ad7e6dc24a4de62065883399a011ba54eb7aa24d28ed17ffd9c4a663c136927ea4658b35ce5a92d210b
0859e498da0d595b6fe668f15bea4a7ab4b5d5f7628eff6e5efecfa6ea2d4d5f08d8a291af9f6614b015b2999b922d241470aa56c056506b5ae41983
7f4ccbebe750b260ab1b12150d58fd3e24779fb94f1ad724eda3230b0859a4be31500b5b0c6febe7a164c11613c6fa792a59b0659e6119226c31e5ad
9f5949941bb36e3610602db0904c25915734e3f5f3aee41ee97424e61eb0c5b0b252a4c1025ba13c362260cba4931f4a1e91326f552c0b6c34fccd2a
05b6c45b0c76c2b6a1456b4a986829cf6e5e2ca7e852db5d6bdcb146685a983cb712f6a9b108db8a4d0aa834c562eea5315485e54b47afd25727ab31
cdaf419c67804c975a839a922d241b928792474822e59a7c2bf156455294949090b25d1cc8e855ede2408ea97859cab702722c6dd64f9fd97886b7ac
0b20a345d5f240be917bb53c0119ab56063a6175b058d4ad3fd42c60c9bacf656519d9c002d51c99b8caad65645559f55dac509b323bf6f0b9aeacfb
aea5d31201f12e7ad6a96cfa2e9ad65dd9eebb5888095388e7d443fdabcbe6e1734f654ff3508f43d91156b174a792d337d1c2560244ae58d8560ae4
0d1d9ab66bda6ef894b66bda8e41bb366dd7b41d03706ddaae69bb81dd6df540bc6b49b45dd3761dbd9ab66bda6e9887b66bdaae6393a6ed02f2666a
5aae5d96530b2dd7b41cc3736d5aae859592e96ba5804c3fae0ec440667caa5d0bf5a57bce4886921123a4ed6d58ce80cc045687a50cc8376c332c65
40be6199611907ad9bdc87250cc83753b66603b6899d86650ed8265a38aa03d103a8b169ed4c7a29294deb26203316d75d5d03927aec6ab633c993db
ddd67067e9c95b7773bbb310438fbb7a04a4a9443d02d244b387ade0e1d214896d2020d92b1e5ae8c19291f23cd4de4533767da8fd83e50a291f96f0
88fad9d0fd50f780cc4c500f750fc86b04ffc1e9b539db03892ed06e4d090a542453494c8b250ad70a0605b658e7ad9f4909937246b22961520e63f5
8cb180b5aa0c56bd1d83948058930c6445594186a18fd1940d6519d9ae6c57d6903d943d9585b90f1b0410b289cce7266ba14e133ce653d982ce747c
386d01f15442d69575653e6749f65d19a573b575ec570e05d9a1ec5016d63dee6a161032b4b0a10121438bbbefdeaf77b1948d0d481bedf8785894c7
55146526074deb9d5e72d8be8090a1c6d3e49eaa46df399e66fb345b66c6e3a0670031432dd199110135964ed95d19214cbe7e25052c7e7d242b891e
d67da62a616dd56305b4fe18ca181b07925d09e3a0cf3c948486b1965b3f0f25a15f6d21491628397f22d99444136d9488397f01a4c3b79e4ad09fb7
36f58865588e15d91a0895302ead864d4af3aeec5a6c93d634ad79a81dcfedbe7b42e386da9c6ac3d6c27aae23f3ddd37763059b5daaaf154d90ab98
97d794486a402cc2a3741b344d48d1717266ac5d10236b90859ce90e0b62f48d5544ce960bd87a943e3fb00db0515bf9613a0fde8afcf3d3b70236ec
97a1f4c2967da62a89b560ccea198e77412a7d20638811522db162597f3c946153b639726176165299bedbd1184895ed86f5c7ae2cfa452b948445e3
05919eb2431923312ba05ca6e951bf9d5966fdd19431db3387e5b2ab87c3059b4eeb8f5319edb0c4f89fcb5d3decde6c09e602ed14567ba913d95036
68c3a6f734bd8045afb07139b441405af31eb293f607840da2df54867661e54b9bacd04461e51b3c20bbd214961eb15acaae2a85b041e8e19a4a5894
171bb8f610e25df265ad21a49a68f7b56fca369f23dfde957574a345d53e9431f06fb1faca95094258234241367d3760e540ffa8d37727efb2bd979d
f98555e6a4ac2ab3de0ae5dbd56387bca7587fe50a6711e2b9e827d57aabd61bdbafeb0fd37b5ce9f1eec3f23ddc3ede283363b5b0ea6dd9fe87e6eb
ec424158266218ad763120b5ac299f56353b640d6ab2feb82b63d9c1b267fda19a4faa2babe6a94a278b2316a3eb0ff3608fb54f9a673d6d12ecb136
bb7bb5d9014bcd667a9699a1ab41f6b26b0a61a547f91af44a582b8fa0f6eb8f5d19d3d90c2a9f1b245948adc6d26cfdf154f6d42e3ce7b002ac8597
f966f3cdecd274aabad90580d59ce83ead505dc05a9005855e7f58bec2c23d53fdad985e21bd1233fffac3f48a4308c36983a608ab3b62bfe690d41c
926e4c928d25b7b0ec17cbf0dca6cf4d9a49a10b349b2cb0d66d93e7769f6315529d061bab10613d37d0037f8490168523bdbbf9de9336a52c77f308
58a94ddf555f364496a93a32f360385b8301f566b700527192690febed91ed7ae4eba402a452a7cf99afdde7669ddb7d809547a72e1d1e9b9e8f425b
6b4ff3c07b51e64d9979b0835c37f5b57f002b3d86a9665f00e25dec77a8073e8dd219821b0b7121ec471b3a2c73406a93e1b61de671d0071bfda39d
3e7732d50dda4677610444be376459994b23a6abee420888f426b25d19755e691bfdf654465f98b483ce4685b0da1f7dbab31b29846ebc6bdf02966c
f3b9aa8c3217fa6adf4c6f23bd6a99ed8340d451d8a567da1a101e029ecbe6cb7e666bd46fcfe69bcd9721bd6775cb0e8fb17bbc163ea6c7b2a08da9
cc774b766a47d6cc03725fbbcf41828545f158c274a70d20c621cabc9b0774b10cfa4cb7dd036b9cb43e58910b69adbfa2ad75c74960b5351665fdb4
def032add537fa3a4e026b7a613a1d37ca07acb2d09e47225f60d985fe36d83614e239654f65d4790b269707bbe5c292053d5d7f0c65433dc206834d
0f61cd0bf4dfa10d80354e52e7c3fe0b2c7d993a07d44258e3067d66b80804567ba64f0f3c68c25a6650bfd3f60c2c3d6893d30538b0cac7183b37ea
0858e31f6599b6a1691beabe9b4f65da8ff637f16e0921233df505d6bbd860c24385d5c6e93393cd0e21de6dc87665f637a6fb392dcbdc5ca25096e9
bbd37a8b0db2f5c75dd9dd36597f78ba9fae5680d56d31e5dc35d1ce70365851cebba6bc5fa644251c5d42aca628824317b0aa9aee3d1dba8068c698
edf05d5caf1de7459e36e369339e4cbbd3663c9deed9215e7f1cca58516e4ca7bb431cb052a369ef0e71fb35c40d654d992b54aa704f543fb0aacbe7
5c2a00ebb9706fe49d7d7161353b9acebeedcaae2996e7d87d15966e4c4d3bce5221ca12faeeecad0aeb5da68dbd5a966a59a6cf3d943d5c7e513ef6
29853515c354f6a66eec0f369cedeb0fd3637f708db6e4e190b45f4312dd76df2ddfce705159e2edec3d09f11cef3ecd17b6de9cae765cf5c2b20bcd
733f959d0ccb37f570e8daaf259ee5b37e7759047bcef92eb306d6944ddbb83b4c013184844def4e2f40a4c773782a84351d308ddf5d920169e077c9
f7e2bb85767a637ab9b3e72c842ceaf7ce4eaf106d97e7d8c714e2b986ccf4fa955e456659babb7037cadc1fcad84d2d1bef3a3400d17691c9fe8065
17961977bb3c1032ca62ffbdcb3606d3f3dde5d25df697196aee4e25400c0d3cf7b0cc0fa749869abbcb2520f2c0a60467084b469fbebb9401966e0c
e977fbf4dd708aeb39ebfc6ee8c46d230f97f57797f583767f3fcdf7946533153f5c663c5c66380e3d12fa02c1681ab2aa4c760f1b7ae08f10623912
f93ed815155659b232f360e7aaba2c7d38bd00abbf99afcbb9c7b59cbb297b28a35f96467a87791c779769a4779cca4ef38d779f387c8554709fae3f
9eca9eb6b548efe93404447be6395cb1c2ca8325c0b3503e60e5c1beccd3dd0c20a6129f3b941dbe4b1eb2f1a77e9f4aff7d4a2780d5cf190f9e2e79
9e2e790acb91277e0521f250b62bdb2d0bfaba340262094fbe042708f1dc40a60dd831595331ef0e9f1bd22c766a9e4e934f03166eec883d87790cf2
b8ec3cd56dda577d576a03acbe403f7fcac681a0543c77a70d016b4ca4ef3f65e8c0a21d8ce3cf87b67747de65da533a01040de45d9732c0ca77a37c
b6bfa7edefc658fc94623ca51878ebd61fd639d47ab549ca7798077ee2d5ee7fc474ff245a4a58d54f737fda6481d5a56c1276d1a7d14d292b33bb13
c6da984a9e6e2402b15254a64a272a6556e487d3eee19e7f67f83e5c691faeb43b6cfc70a50dace98a6a3d64c5406c7a451e07ae45613138363b0e1c
b5424cc55135c7eebbbb2b63960ac73e953995d03cdd5f17629549be36092056dac864b1c0aa2e9619874b23600d5d96c566622c4875c57b38dc02cb
2e0c8f87cd045855c8cad30d766195cf7c6d3a874d07e7593e9edaefe98ad2f41cba0e639e1275e9a6bbb0ba68a67c0ee9d7463cb114eb0ff3259669
7551ece774efe67c2156281f325660a507b33d5cf61dd7b28f29ecb07902a1afef6afbc3e1e292dd95b1d9deac37970f87cb870403396c9340d81e5b
396d00f19cefaac779d9cfe7b4df79d98ff29dd6d1e970c19478ea5300d6735d5951c672ce2e7ada9e81288bcf1dcad895492c2d4f37354fe3dc88a4
597f0c656cbae23e5f7f4c65d3e517325904b09e63797dba7c0022bdd0e374f3f874f378a0eff9500fe28ed6120099757e5ae79976753a859dc6aae1
2acca7cb7560c96052275191422c23a3bd9ca765268eb10f28c1a9ed4f59183b76e586fd84d53262782c3a3d84c8b7868c659a10b21eb2529115cb12
c36d381d90b9513c0a79b06c1662289c2163ba12565dde48af991e6ef5063b5d7fecca6c2f51bfeb8f5399ced1581a15a37185b01f65bedf91dddd8d
ac94e5eebbf4fd456229f3c377dd684f09d95319f1840d67c3fac3779feee24df2382ddf29c5883e5d8caa12a22c1d5951561cdb07b2a9cca56f2c23
d71f8732a94304cb94c4324388cd6d64500721de250f820184b5540886befe30bd76a517364d1d3d80357666f225d04a88253c7adccd57a7f886add2
433d58820ee268d71fbb32c23c6893eb0ff3d081bd25f2609a14625790770f9f63f9b5de458f53bbd0762be355d9585a0a210b3d36e62861e51afdb2
18a02444be3c671b32f6b2b2f3bd7257c6eeeb20446b2d18b01f10b2d06323c0400859d4f9c6cea810bbbebccb0e91b06cbf962d3f34ddaf67cdce8d
d312436bd94eb33bafcd4a8a0a0b136215e773becb90d9d8d05b06e039609937868192ad7e20187f546b86610a4ba5cc7377cc01aca1816a208ef382
589d455932c1a2c27a8e6acd768b6cb79885f4189284958732d88610cfc5bb86830ac1fe6ec836656ea251858515b910cf457a858d4921641dd95399
f9c6aab5e8fb13965d7c97d5a8b09e6b94652a9b4e391d191b61c26a62893c76cbb76f2e4748efee73779b5d235f82fa8535d95397e5e1730fa73086
86f2508fc7b579bc213b94d16dd99529e5a96e6e50b3d42afa0385780efbe10f146285da904d654c6183fa2d877621e8be6eeac6742f0493a22c3047
610d711599edb4c8087b6cbaae464f1d01b14a9fc88a32bb4f30a4f5c75446f766837afd715766db6548af84990ad1bd49cfa9a9cac288d429950d42
219eebc80e65d8af32d4d46cf9d864ae0428af3fcc17b636b641bed93c085459a0ec54760dfd61e75a4cafc804182ef49d0ad1861ab24d99eda5f95c
55669dd34e8d822b57149cedde2835614dbadacae10c08471465e9daa0dba707f90ef38099159696a5da0eaaed20317419f253ae909f8d29b6b1192d
ac3ce85b0d262f84232023ebcacc977a6b44f809eb5da6629d5dc26abb0ca38d9d152196b4e4e1b401c4b23efa607bfa1c4be9ca0e4cd19122c47351
96ee18d165edec0cac3f8632a6767cfc6b0142dbe8b2ec5b042295ced24d58cf3195f4e9bbf88f074c6f8d21d80a5875493fea776584f03436f84b27
ca41885dc6a8dfee98d81d135df274fb11b09e0b2760192c738570b6de90dd95b9d3ca943d32b607567a4cc583a84921967351e6c18e981076268f69
7a6e466fb1bc2e63f75d59b6d3e920644908764f7ad6c7b03e3a7d703836012bdf584a97a1bec365293b3a6bbca58e86bb4b37d37309a57360cd0ba1
efb44d4e97f0441696e91200085f7b4376283b2c73d8653a2f0041132ab25d993b12d3e79eca5ce6d22667f65d9cc6ab772a7b28939ed0076736dfec
f8bcfd88e97eba5a9eae965ddd4e878be92913bbf274053d5d413bed4e57c6d380d33294a9922be3cc143bd9e814c277859af8318435ac30ddeb5810
62a5487a44b6092b3d9add747a01625583c90fcb220321046afde1bb879bd6c8768790dd21a4b292dd1dbe81654af4dd09991622bd28f36e35ecf9ca
23f2ddd974156219447a77df6513a813d8bffe18ca86cd93f460de426c5a533ea74920f2e0ddd3329f96996eebe676b936b76166e58eff53087d91d9
1d8135c5c66e41b9cb54ee6eac65a6973be13042a4471ed69b1bd46bc4567657e6b2ef461e8427098b21d18cef43d9b87601c8d7d53c90e25c26b2ac
4cdfb879685337b2d788ad4c3d0ca5c974b33ba16b42f84ea3deee776577eb1236e446b6b0d263fabbbbe4b9bbe4e184d45afe60fb876c8880fbf547
57d69525648732d383213d9cb21f6eb0ca3a1f76c787614c9c445bcb299f631a6a04959707e14942e8c1735d999b9a9365df63b77c38d94663d9fc70
2804d6f261430f977d0f63290a4b9487cb3e60a5c7b4e146b610e5230f766a84f001f39c4326109b9a217bba5c02428fc8f74930a3b0865bdaf313c7
96b06cc578e006abb098683810d71f0f65c684c40e51399c7200b6a2d7cfa484c3171d495612319ed3b78a12ad44c90e6b11304069fd1e8a1638cb1f
aa041030b27eee4af69098f85dc93d2426fd50f220e90dd153d182c6447ed86280764b8a4e4527ef91b8f60308b65b3fd537c07e7024b50b201475fd
ac4a6a483292a6a4858412b9e0003af577387e00047dae9f2aebb9ce367c4ae592b5c2887738b91d71246630161d9ba5e49455ed4c5987e327b0161a
3765968b53646c66aedf162ca0d2090fe7c443efe8663dc82101570a8743dde1502713399c3981d69458d44db323cada38a0b12f72644b1fd06e9952
b9b501a41b6df670990eb44cf73eb2ea04d44c0b72b00556a98632350c68eaeca6156027391c3c805e7ff800da7a52f5338d2eab98dae72b9e1a2bc9
0f800a1b3a8aca160f26b2b23b8ada06545cacc53d75a15e0fd9ca021c798ea2b2c53e851e455d0bba2a51d7726d529ab8da0634d6d247b1ec014416
af9fd65c40b72b147509e8760519cc114b9231b06cb546aa0d0cb3548b14b0dd1c32aa650aa8aa5b6d73d78920c707076a2062507d53b307d4792566
d10308365d3f2d7a40b32f548b1ed0580c1ecd22040ce6dfc375d3e16ed0b0cd756b8190e1acd1bbea749711dac1e917d81c9d0ff7d280dee1581e6a
28d7a1068e0eaf3f6c0d06f6b9f03986560dc8d5416f588e086d9d37eb4716075426770f43084d0b0e1bc830baf4e67b963fa035cba0290c6819f690
a1ed039214d63314821b001ca7b8a0e1ed5ebfb5c4c0f4a4ee540334f6358ea97e018d65ece112045825276df7d780c6bac2f31a4263757448c48008
1057a632937aa5dcd37a9d8eaad6ab340748b283635a72a3f06d356efc00a9d909ddf701aab5e5921968ec311cee030184bbad9f2a13e0e2db2324c2
7082944102c3a1dfad6bdd60c43baedf969bb8cdac7d6567d7e111dbff5d73066c37a764b928b01a10aab81e39dc86faee4dade7c1d604453adc0204
9a838cfbe7c7fdea986660eb60d3b274abd53df5e30a8c768675d507b44e6a6e270212447d6ec26a0e3ea44a018479ae9fda34a039f63cd431dc72cd
a2bb810fb49b13d9430d0396c8945430220c9ad3a9cb32a0b1183cdc773b0cb0deb4fcd312846ba63b91e91c00baf39ffba240b7d13ecdeda93949fc
a9ed9ece25e82b6f060ce72f7af584cbbeb230a0db645c3b02eb35455a2ee84cb7bf4bd480eee2e8b0dc07768290ebf31396083bb92f78781947bb52
b7291cba522037c761410fa3567cf7b4da03863de9b4a827455d55fac353aefbc4c070d670d700983660f74d8076b3abb92504b49b0decb4a5040c27
91d3ce7032957613d728a7a30b5b12875beec0b0639d5654c074d0952b0284bf14fd9382e717d6efa428c56b1b924d098d9e4dd2d39535b04a307dac
2853c18ca82a4241bac2e9d21a58895988a988817120d995eca18cafdd95dca354a6fd54f28c672cc0a184155db39ca7a2d0189670ba8e3e63d53cd8
443a93ea25d41b3ea47a89519f39f8746d0d34e239d66fb50b1890fbd3a534d03887b07eab5c4239cae45afaf4844067883fdd65008c7c2ce766b136
8b45f22e88817893a26ea66f1061b7ac2e8081c639e4f5db0c58ffea933c376d139038395c4e17c040c28bbf7e5b0c96bb8b6fa3b8eb5da0e9cc3ca5
724072c3fd74090ca4cb18ae814fd7c05caeb3fe5029027cddda3c5d049f9e79e0ca80f5875623b6da69e274650cb464eb72ed0b24dce8ebb79ab3f6
252868fdb6a104349dc5a7ab61a025db85cb61a0e9823b5d0d03d1ec79d3e53090081c5abf6d18c5ad5eb65ccfa23508a822d063fdd61a1cd9e0e6a5
f55b63109b72b53257c9404bd6af8b6420627595a979c0e5e03b5d39032b7d4ba1e66c245f5dc4b533b09ec23ed566c01edf0d6277ba9e069abe7463
1184a65fe3acb602a2e4f42c9fba0d80c4c51bebb7a60868c9f1447f3bb09ea2f42ece81961c045c9c1bd570b56b57e740d20176ba3807d2cd06ebda
1c481caf5fbf350edbce8ebda78b7360bd68f21a87d5b91b37a7ee5a20717c7dfdb6a5345a0a5b5ca75e10a0257b6fd35ecd8642db69da2ba0718c7a
fdd612018d03ceebb76a1313978b69a976c0aa6d4adf543ba095645aaa8d773d337b9f7a5781f59485504776fc329b2ba71b7ec07a51910a7583f5b4
b41ce49483c034cfae4601cd9db8b3db0208cb7313f9ecb68080e63edca93b0858229fb205042c257f04f53dbb960a586f58462d851b27db09dca604
1211fbc5381861e54e6373930d68ee479e922960bd68f21a8fc084ccfae4944c01eb45ac2e970256b9d0572a05ac8af045cd393427451d9a73684e2a
4276052c1146975e018960a4f55b730ecd4951a5574092cf9df22ba0b9d7760eed4520e41a5b2cbe069372658baf7538b64efcd8faad297050bbb97f
baa90b34822fd76f4dc1fe5e863a9cb22e6099028de45840e300c5faadde90acc2d2fb742f18485cd7b37eab77c07ad1b4d43b603102d352c969f7f1
45759477b1323cdd7604d65318df5d6520e9df3d6567c02a1796906601314d500a29d3b95f73378acb994e83e40b7cfa74cff69434251fd3b09cc8ed
b66a77714f77719b0dd6d817a019b2744ab780e6e6c969240890baaacbc04e0ff46b7f191810ce3b44b69580d69d5ae55f4093559c1230a075a70e77
ddcffb756899a62eff3ae55f7608e9d729fd72ee907f9df22f1715123020b991754ac080d4ad001918b044d8d59005a075c781874a5eacccb4ac254f
e8a52b4b15879775e72679d9e99d058eb50f1597aa39793c6c3f0f89a7639afced94bfd9fc25704004a820d23cde7560cbd3850924025ed76fcd838b
a8dbbb9edae22919f5456df164bbc2e9f0698507347996c17ce50ae6735e903202a95b6d7246a0b9577c4a1a81c4f1bbf55b533c358585d014f048b7
a64f79e4e9415ebbb83cf2f4ea86cd1cb504eebc6eaf3fb404c743b87e62fdd6128796e0457d65a747cc8bed497a692462192e920c1501962d28992c
11d892eb7363be802d99812c11d88cc03ba581406ac925b54410d8923d4926087463e84e9920e0a99af5db4a0aded78d643be57d40dc7786c81a3975
95da88f54e03ab64a6afb14f0f87bb023a55f354cdd57caa5760081bfe9dea9517f5baf2823b2dab975e08ab0ff61f9c98d7a3cd371a251f88baa24e
228a862222188940aedca271c12ae54474577447e4530f454ff6957cea50149b12840a55eed6b860abb1e6ab5cae71c1d23823da146d887c4a230418
f250bd7843887be51069169c2d0cc0ebb77a27f5a61049bd13f59a287d52ef44bd6ee6a8da49b513a25d91d5aa484b04ac36e28b5a22a06fd7535a22
6095dea26a09ae764b1662b3ee03faa6da9bc6d9340e0a6d1a2760e5e88b1a872be0b827a57a49a0b0716f60f59640216eef43a425362da1484b6c58
c24adbb4c486256e947ed3125c289736455a62b34dd09a362db161096d0f0b1636c227d66f8d43d855e95a67d33a017db31b64ad93b18e4a66ad13b0
9ee2c5ac29028c6a5ebf6d27978fd3a69f354fa6b7dba5b2b6c8f67613b3fc5c6e976e58bf588a80ce7c5ebdca45e81c7a58bf2d45e1b69b461d1573
2c34cdaac80a09e8ccd4ebb78508886bd1105921019d53ceebb71552b874b029b242023a93ebfa6d850474ceabacdf2a1410f79a21b24270ee70d26a
fdb6420a1e8b66b9ac8f62bfe5c5aada15b54dabaa7640e790ecfaadda011b67ffd76fd5ae863e390854f50ee85d8355f5f6beb8618557b50cd8b8f0
6ffd56cbaa9614b6aa6545cb4a7d57b5ac6a695a6a19b00a6bc9d4b2e297a93cd5acef467d67d26a2ade503c9363b34f067426fd3841a0a89016766d
daa2690b45da82039e75d8dd9a8a078cdc4ddf0a0fe82cc3aa31eec22a05adae698a86292acda2698a762d804c5f5b04acbab418daa2610b2dd6b445
b3c649ac6b8bae2d78b1ab7857710ad655bcd3086cc2dd1e181017d621d2165d5b9063d71601714d1e229b45a73b749a4557ef4e13b0d37415ea2864
9f1c163520df34d8b0da86d73238dd0d8b1fe0e9fef5dbe2072c916f5ad6807c735619162c6070206afdb6dabc6e2cee71fce1397958610106c8acdf
5658c0c89a7da89e17dfd9b886f515b09ea226a61a4f8f9cda6ca62a07e49bed79aaf15463129bd64e80a145ebb71a078c6caf9dd64e40bed9b8a61a
07e49b4d7cda502797fd39ca4d2b6c72db5fa55aa77a4ff4768099ea3dd5db1cd53b60109157b906eb82f52235b1ab5040be39f0ed56e16e15a2f66e
e90dc164f7b57ab7ad90ab53d16e9601b93addee6619306f8eb5bb5d23205767babbd60f98370b76d7f87776f16d4877cb1a6430579714778d7fc779
ab29ee1a3f603d850def165f0f9da6b8db0203727506be5b1f01f3660bb86bfc8079d314778d1fb05ec46077d5bee3a770f4bdab7640e65457f5148c
306f0ef80f757ca8232f3ed43160de6c4d0f757ca823693dd4f1a18e58f5a18e0f74746c7fa8e3431db1ea431d1fe868cb7cd8e602e6cdcef050ed07
6a3b943c54fb81fbc28ef5506d02ac0a57aaaf3fd43b204f6df850ef8025e2cda7d5ed41bdea9cffd41601795a8ca70d31605e13fc535b04cc6ba678
6a8b803c6d284f6d11e0fdd4d5fbf485792d6d9f2aceb98a961d909f6a1e90a715fe54f380794d1e4f350f98d7e4f45471af01285935d5dc8302d7c2
f250f580794dfb879a1b94764d3c87aa1fa86e933a54fd4075078243d5b97b72da580e550f98d742e650f580f514663c6c0601f35a4d1d5a236069ee
8b1a23607e572e3b7dc0bcd66f87c608f082f0f55b631cb4025bd9a12d02e635ad9d9ae2c414ce9aa7a6386d04e8786a89d34680c14e2de1819d3a29
d8a929028c9daf5cf077c15aaf5b99a78ae378bc5da3f5a9e601eb5545d67940c9b6bc53cd39fd538654e5547548e9ed1a634f75e72e8edb35039e2a
4f88eb8de8fcea870b849585a2a428d9860ab24dd9c663135156944dad212bca0a8ff966558445181092243611ee7973024852560ec4adc76e887645
bb2a98c15dd94359fee1e939e1df1462c560d287b2ab9b9074d212019e548ceb3b14852512512bd52f3808c595aa1f7010d663375fd51201c5112249
6b81626b4f7258203250a625028a5dc7af4108f15842f650f630537338959d7c0580ca948d022971655af5c276a1de54413a0ac46314645305a20b13
b75dad3fd4c15beb2b6bad24234dde5b4fe4744d924d20decdc8d42260654be3906dfaf98ad26d4372cb0491dc5c0b245963d29fea5226491b81788e
77b36a04d4ef5eb572b89fb4d0499354321162be15ad2e6f4ce13dadd28194d501efe9c63526eb0f75c07bba119db6fe5089804a6cd5fa6de50454be
98b17eab9677e012d8b3feb0be7096c2ee93c414203e37ce7c2a89bd5bab4f5a0a346ba5a85081a528b19ee4a914499a0a4c787192a502c42aaf9f36
bde2d203893628ccca96506df199ba3cf1e32242725de3b745844474425c4b8788b350d9fe552d376ece6c2791690229db49649a402cc9c952a60924
5cffebb7450dd8348b3c13e85b32794b1fb0694d696692665a786926b00dd376bc08d86ccc924c605107b29364026b508146255926b00d129764026b
6ea150924c80f35beba75668c47bf89a0ae3ceb404124c60dafde59749ff66b54c9a8088c75526949160024d6bca2f8176154013e0ded4045d4d3a8b
446a4f3e088427864a961002e9a676124220716664fd56198eac71aa66fd561b622eaf99a3ab4ef75a9d4b66493b7b3999e62149048a3373921002b5
28b110c336e4082afb03da356acbfe808851c514c3620c283a6595ca01d3d163d81a86510f5498ac2d197f6f7797b5a5ebba309fb2ea271b5d8e1d12
39a06f8e1d123960b551d352a1806a539baa83c76e5019323ba0dd92afd91ea667d6b365d0a6d78dd88e3a52b47439e37875d7ce9c87bd6a5bd606ac
daf83193f1ae727c0e8223eeebb7e5e6f0d12a12d9ef967c77d7481bef163da0b8004ebb2d39a0b2a796648300974cd524a703a6f52ea5033c54513d
ee2eac6e52955935dc02df8aab25791eb0c61e76e392442f7d77249c82c9f4126ebf9bb3a4b40e882cb0dfdda6852bd00de57457813bbed2e4533637
fc7ed7124d5e07e8eface96171bda36fa8a9942d3dd81f653f3cc9cf802d39cfc9cf9257e24c2b408206ac3731a4040d0805504a86067809dcfa6d9d
3cd84066432e3dd4e961a74501491bb044a6af4e0ffc0cf60e399b3709ac2ac0dc9236a077d79372363f28b51ea3184f6b94ab71abac3049e480788e
0623930346764690a301f39abb9e9ae30951b93255cfa76191d6c1534503d6a2d2f45534a0485e921c0d88d59c3235f57267294792a301cdd9588a06
34ad7da8e661c37501254303a23fa3baec2879baa8403892c40758a30a19487c807cb38d4a7c803c6dca121f20e9f75c7fd80b02eab55692f800dc3f
bb7e6ac6934d7053b7519d0cae682dc149de5c74ad9d243840920725f94df26ae144a3dde432dbcd8e8d6453b2399e676459592c9f30ce2645016272
f0a9a62cc6cee1535389e1b28a764594de0cef4a8c44e826f55066ecaf8f1d8a623b0abfc826fb001a9f06a9de7bb120f6602c944463bbc2293b22cb
193019a7373905c08d02eba705086869fada53d153b28fc8322582f9a6253815d12a1d06fc749110772b93a5840268baf536c9039088fcac7ed04848
0462aedf961eead008865a7f58fecdeb7092b2a10cbecc3aca8f21553e86948892ad7efb484852cd4de200240e70566fca175a61d36a93366cc461ea
2ef5ab4942dc02ee632a908d9c41cdac02c466dae337990490a4ca5bb6f8d9c50da695480049bebbc92380e4de81df6512c23e282e21d83c5dc43edc
2623d8aedbb9c8524a00b4886cfec1a979932000cb08584f8600245d059b84006812b64da71510eb7344aae2ad9aec426d9284cd2bfcb3c9db08bda2
95c5c0a6d30a482e45fc1295d0b74ba472159f31b3f0266f00fa665af20660bb460869c3e62d9e85216893376c7ebd48feb6c91c3699c3e663aa0473
e0229ef55b95aaf31a66973a00eb29b4943b6cb8a3362b47a6e04d358d1b6daa1fd3123aa70fd66f35c71fb5693217fd40dc8a4e8370d90f647774bd
f646d864e49babfe4db7922dd5653fd0897e5fbf2d7fc3c366e3d2abb4e955b2c6f52a6d975789e2eb4202f2cd26ae0b0948d7aa789333f0ddc37cb3
734806805cad39c900306f57fa2a0919e8d93153271230251b5b57cbe0079340f9f55b953ade00add82d7f67ebdf162b8bd8c2af342ff3c822803c1d
af742b017165302235e2930437425ad61faa34dcccc28ac3b2061437fc36fd46de3974d35bb2492d80e23ec726b7d8bc3d91135e75d34d04c4792eca
26e1008abbc19bec0228eed57aa991103d8082c82580d80f4105d9049032779ac645f0ca869b1fd48bae2220b6352c9dba4a32ae86abb308e002e9f5
53bd26475b90c830806eadefeab47bef8335a55f08982c90374905103d186be82a023c01be7e5bfc2b72d096b65bfcdd59c4d42c29c184d2834d5601
a4ef12b3a2764ec1691e89c077774341d3bc1b4a0819afeaba0192fba6de0725acb197ba73890f24f76ab787f6b922fb28acae9bcd8f5038c6e9ba01
5ab7a5c90d3623fbb22f5a586f1e2ada5f22b0f9a58a6c9696ff61b7a3acaee6372ffebeb99c70390ff4cdf1de753a1077bda3b90bf5cd853a1fd559
7f585c3e13e3c6e3e63a1de897067a5780cdedc44def0ad02f6bb87207b6ef44567ac0e6f6a75f3d1536b7353717f340d6b7b5b97007b21ec3cd853b
90f56d6daedb815c55dc653b109655a6e27e4c60b89a70e9bef155af3896fdc333b40b7b60bd41fde86701968882eb4101e635aa1faa77e03bb2c5e9
0801d6e0a3dd250440715b7e931000314629b37a4e47155293117877599cac456695c10874786fa7f5c34da55b714d2b27006a735e951400b5989623
4a407314d03502704372f55e34a1dd1c1824095b383cf872d81aebd10788836b1d5955160d89e6e0577005bee8b07e4e2593eebe21da15714e00be9a
753500c9c899ec4a3f1b3d470565a3e7b2d1732c66b3ab7f60d37cd9d53fb088a9a24d115e7f1a56d6a70034387f9610006d9a7857125139d75b6a93
ec010d91da045487f62c6d00da8d5556963600fd2a93ca24b6b0f1c867190230594e65f901c0d5cbeba7aa78286bfa5056843fe9125972a9005fe45e
7f585063d6d8f4c906a801c9a33deb0f4bbab990314f8bbad957a956e901301d30b2f400c8d3b4a407d94f0e702e60fd6169b37b09362e390310c41e
fbc80680b419f895a503805ee7acab01e07376ebe75dc9ddc9ca72a8677696b0b4aa99098356cd6c8bcbc47d0d456a5e6c5ebc288bc81eca22f5a296
e5ba6f8c1725164063c2ccf20a40be93753500cd86236d00b83676fd5463ee2c98e6afc601fd2a91154bec9b6d52ca00ac0668f6ea5b38df372db7fa
4a19241bd9a8b6eca7a19967b23422eb7eb0aa0d740392e35d9659643d124c3d59ce907535d80da40740363021cb05003e70b37e5a540e46ad41d7a7
2c2bd16a3793b26ab8cf7bad492884f40070e72a4b0e000ec1af9f96bdb18bc1c6466e969d0fa20dfd0fd9c83420e97bce7a1280e4c9d1f587b5c1d7
75f1a465b901b04653b354a1e60d35371f5321c881bd5f6e00e86ccd069c653c072cceb2640168046ec795be8aecfd3ea53ede1b5d59f866fd0b59ff
82f52f7fc830031ddd59160024e304b38e03c0af86acdfeac3ed3f2336797e7006ce5d75bd84a9e233c8920960e3a38471db1322ce24b976ced20480
cf49ae9f36a2c12971071003c2f83c5f33ec35eb33c89ee981fd6657f5c02a84c38ccbfaec391f486676550f341d175eff29341d85d9353dd0dc31cf
2ee981c6c1a5f5dbb2b2a23740d00f070afd32a8a15ec0b204ed433f02d0b9806cfdd65e537b2172e19ffde60c1f735e7fa838677faa9b64d9853eb0
26404536881d42d97c53c58d12bb86249d0cc07ad3c7d41c3ad0ba73ba740088090773e877c85e41aee336cb11f2f5550e161b5992004c57ad599200
2c0b634903d1807893c7745100912b39e89100ca3582e97c0062f544e17434005c49b87eaac2dddb0f505ec20174fb8cb4c1fb5d9b915b59de903d11
942d99c401d8aabd59e290250ec69465bd0540b35cf206a03979e92a00bae3959e02e032bfd4227bd0e7328ed402e80e15328b6cd8d6b035ca2cf2f3
228a3ea742ba00a61383dbfd4032a424cb238064f04c96470049629ee511f97991471f53c9e775ef0ec535720b489e895e7fa8a8ae029700f206604b
569cbc21cb1bdc08c9f206205614a4266f006a763c354c0b68ea295500fac41a066901c3814bee000c2d6b3c16d0ed379209c060db6c3416301ca264
17c0b0660dcf023c09e0a5c082eebc6c7016604473969200ddf150420270b7c8faa94102dc0af16a61613827c94f80ee0a582a02183295f54d00616c
b4979d0071b9aa322d1260f07a9678007ad9b2c403180ef6f28eac7342d78ad71d0b93a652744400931214c3a78009cd29ba21003eaa129fde5082d7
7afada50147485ea2fd215800f1fac9fbb92d82bdb4ce8ae2448213346d151014c084d91d000936e5ce433001fa75b3f4f251152c770506433c06499
5a2433c0a46517b90c30f38f38f9e435d042d4182a186405c4596a9490ff00e96232c5902ac0dbced66f2d9420742c808b140888db009569a480c449
b1f55b2b418b3c6d53a44540722a2f7a5380c4e7a7d66f0d8537c5534045aa548cce62e42c722520be73e763eabe79764c93ea60019a9103de8a2db4
ed4a4d6be06071afa648aa8074bbd2d73e9bf651a47d0ce0a25f159917b056273ea57988dfe2ecdefaad792063e92a97e6d9348fe5d23cb86a3c8355
a467405c804896f233a079f4a8c8cf80e4c9a6223f2b5e92cfc753d61f9a2c1b93475deabe29f86a3c8f56646740e36ce0faad2df0d578a2abc8ce80
94aea7543cdb2ecc51c5f1d578e6afc8ce80e6c9a6223b03121fb2af7ef058489e802bb233a019b954a46740f22858919d01c9b8de22192bde20a75d
f5eb00896b9fd76fd586a0e9b62f32342079acac48c880e499bba25f07485ea6b2fe5049bc389763b4c8c98ad7634ccb6ff516d6b6d69b640b689ee0
2b521fa015969045ee032c1176d53102a46ce7920f01eb2972940f01ad5493d73cc455158b2a4302aea0ad22430296c8a7340f7e976cb5c99980d8cc
344b4de60573066f161d2fc5fb241cb72457c0cac09269c58b5cc1598a540ab862b78a5c0a6872c362601690b8c760fdd63ef02ba752bf8c2d244f8c
14f915d08a394aaf8a574c389e1abe550cdf62f558645cc5f02d9638458f4d317ccb76a17706587a630a7959f1c288a1429a82dbb7f3a590a6809765
1b8fbc0bf03b9febb7c6e918c739451f0e90dc1f2b1e172a5e18e10c26392b5e18e1bc2b390392eca0785aa8f86d2be3588a4164c5eb21a0e1454f0f
b012a3268d2103fcdcf8faaddedefbe028ec09212065ab48df0fb0ea43917a73c16f76acd61de4e70b9adb4745771090b87563fd56f1a9e224269504
1277a457bf6f5eafef9b0fad28952c7a886edb0f5fdbb59ed5589366c39e995f491792dbcb45f609242f688d4f5f28c358f617b92690b2b3855c1308
87926f6a1a2ef31bee25fbc906a1b94f52f420018bcc52b532cbe2e57d76187d4a40d8010d249b4018da575574e7f2037b916c1348467517c9269074
a216c966d1f774a5e5f821d76c965fd5a19afaeb8a4c134886da148926903ceb59249a4033b2a6483481e6b6af5fa417921b7c7ebc42682e968be171
40f26848918c02f1a516f4363c0e48865d16096af14aee61a393a002ad3b5678e60968ddd662705cf12ba68eb8f2d8e2777787fdd47350c57b32ba89
699feba24213d33e38d3dc822a86d015afcea8a6a57d08a19315178f46152fd360c3ce8f7608c953c145ee5c74b9b94c913a17a933415e45e65cbccd
d0f66f345ef1320de23bfcfec702ad635a5a47271c618e457a0d244fa814f975d12f678548a78174797b8b841a88a00b8ba12d3c2f35ae7735865767
d80d8dbd039aded822f12e5e9d311cda64cfc52b301cd2a5c0401a5dfaa1eb0c6812d222df05fa6671a5bbc05a2e515ad92eb092a264b25d205d3712
f8e113a16fcee2125e60adf929858c1758e95b0acd7d705edca958160c6c57639706032b2d456a79e087b0fb4a84013fa4b37e6bec832d31bb9cc4b7
782b862d56e60b84616907325da06f8e2b525d602546f1e5bac0ca925e288d2d04d96deaadfbac7891854d561a0baca728853c16d8d225b2f827c567
d3bc78880858394621aad416582fde106d8a58927b4ada8fc4089d6ff654bf1123743e15b47e574504f23014544970f5d28bea535d51a7600dd15084
de45d15444b53194557930d0f9e46cf5033442e7bb41ebf743119b9bc31c9f8ae8367c5171fd71286377b39ae5a9888d1d7601ab741858ed098de4c3
c02aab4f69b16443f7290d26e5d50152a5bcd5eb32ea8f20ce55f75ff59e8c6c5e9aca8f280f7a5595fd02ab48a8278705d2e501ac52d17a51519393
770271d512e59478027e6faefab11e619906a34a3ceb761504ada59940772eabd24c20b8bf995a45015bbbf9a655a4cf6f5a0c5508d80ca2adf24c60
f3d44d956602dd19a94a33818d3ba7d76f6b28734a9ec1daef0a099bfed7aa1310e82e38aac413e87a98ab718340777aa8725160d5ac4f699e80cda3
1a552e0a7409801f3212ba3359958b02dd2dfc2af10432d7a656bf6c24c4ec409692d1eacd18ac4bab6414d8f415fafd2361e38b00ebb77a176e0760
255125a3d5434866291905b66a5925a340f07e1f53716fcb600aaf3a0cab979c97619e369542981bcbe32a43ad5e97314dcc66e1dd185d91c6e0e6f3
7ea5a5318acd8292556d51b105cb0d3ff2247417807ee349e82eb4aa8ec5ea775c7419f8d92761e392e5f5536310a0c875deebb7c608d8f423fa6d28
6133acb9ea5aacf5228ba8a46b11d8b8717dfd56a580cd4542954c031b1f77a87e674ae84ef455320d6c466b55c934b07924a94aa6013fbcb17eab51
b37a299734b94a93b946bffa192b61f3e06c952503abf13b89c86cab5f2fcad689d416487e6e60fd6171af4043271b996ced74b0ee63dab6e3037278
30aab01a55784d409254207b36bd4a5281ec01f92a490546b98a660d747a988d56920a8ca2d524a9d53b2d9c2024a9c090f056492a903d0d5f8d3d04
b2a18d55de0a644f8654392a10bdc9c4543c201b275925a9c07007a57ace09c87a60ab2e4a207bef4095ca02d9d0cc2a950546b1654b658179bb92d7
3a5c76516cc6525960b8a95265b2d5c0c66b6297ca0243de5aa5b2c0288ece525960481bab4c16c83abaab4c1518c511550a5abdffc2b1520f68f5fe
0bdba7acb47aff8583bfac14c81e7bac7a40811cb745fcf0ecac3714c886b157292b308a7396941518ee1654296bf57a0cc73e192b308ae389841518
6eaf54092b308af39f8415c8de7b5125acc070afa34a5881685a3ea659765b086691b10259177d95b102f97625a6a576ae05b1b3c85881ec91812a3d
05e2e348a8243f05b2c198557e0a648f0754e929906fd78b9ae76e98a82b44633681e1ce4c95785689275f84587fa8e6dd6373ae36649e403674b4ca
3cab9ff5d43b542595d5fb36ac3a4925302f0d2495407c1891376595c074c7b7ca2a817999485659bd96c36e2babac0f8202ab4f59c3dec1e13827ab
04a6fbc2555609e4ea78a2dbb67a07875a4a34ab7770d815e499c0bc1617d24c60ba015f659940f6bc5e956502d3edf02acb04e655997a7781ec4e4c
d5b90b4c7d0ad5b05120bb835a75f702f31a928d2405a61e912a8705a61e91aa07b87a8de3b0acba80ab2e60be98b1fed06201d36df32afd05727522
d3010cccab937b540cc8d70c6ec42930af5e226dae5ee771db4c4c935d21a79456de0cac2cd15cde0c4c77e0abbcb91a3e0a3dad7264205f4b2f3972
35a214265de5c8c06613902203b94a0ca4c8c0bcbabd14b9fa95d169edea1a06e26b9fbeaa46071a4990f4fc02c92f37ad3fd49258543f86b3fe50cd
d33e82e63a7b81f8362239e8ee05fc20cffaad5227d791d8808c3b05e6b592933903f35a1cc99c81f8009c4553ab93d80fe710a93390a7b5a95b1858
22b354f593fb48e8d0cd536cc07aaa224a8a389cc028db24d8c07421da24d3c0946634c93490fc7056f59b9fc252fc8668281a883aa2a9887b58a689
3d14a9a4a2a722349a267f2a4223562e4d020c64cf0636093090ae50a7260306a6014b4d060c4cb960930003595f9f5f2715a6a1484d2f30b0b234f9
ae880a1f3f8239379dbfc07a03b3ebfc05a694a0e9fc05a654ae499c81f024fba67649dc3f445f687a7f816504b66a9aee5f2006197230581688e494
691978f8e0d6f8f58776f0eb97577548ba81698068d3b50b14a35b9a9cbb7998ce79b049b081905193326c204a421b906203255f2275cd04925b36c9
3350bcebac499e81c880e2ca9e81627c4e933d0311a9eeab566f40d1e1d0a4cfcd6f307a4761933f373f89e00ab349a081e2d56ccdb3782d5fdad340
25d54031aab0e9cd6d7e00c15558935537ddb92ea45bbeb43f791591ac1a88c73092b41a08bd7c4e2be1e4bd5d8ac9b581741dad6d326b605c969359
37bf8be08aad49a39b5f41d02dd7e4d140c8b0933c1a08197632f8b679a9c7558932e9a6abd78b5f9b541a28ba0c9b541a88c778552e0da42b78bdc9
9c8135c9329236a93350f45336ddc44074094a2c4f068aeea5e64d934014989278b60f286eb93763775bbd2adb57d54b3eed2db14d3e0d440001cd4e
ef34100e77d2935103e9baf3a849a98172753a293510c991859c1a287a5a9a9c1af08334ebb715dbf4dfb30668baa381a287a9c9b381a2a3a849b381
a287a949b381a22ba1e98c068a718b4d6734105952cf46fa02a1bbcf59d101c5f0f9a6831a88c7684af278e0bae4a749e381c881b249e3817815b3e9
a306cad580754803e51aed65f640a486d9f4480345c75093ed0345ff971fa716c261af4c1b75831caaa969a4ee11839bcf6911828153b5534bf88190
a1978c1fa8dea6d864fc403c46054af981905162393f1032dfd524e33a6b4351f45603d58b329b1b01403c467db91100546f7f6cb2fee697e1a6ed46
dadffc748191eb4dde0f44814d4ea3f0ed82e4399226cd07aab76c36693e705de3d2a4f940f54acb26a507d2774d534e0f44061444060fc4f9911f31
8deb7706d2f65d6eb60e8f325ee594f503f19c05d51438a3b7cbb2f27e2064984ce20f840cd3eaa106d27550aa49f781302d79c8f79b871c37dba554
1e08ff0979c8e58170cf23b292f7eb40153d50e60e844b1e915ae057de3cb9dea4e940c87c4ecdf02c6f1e846f1275209e430b993a5025424ddf72d3
b7ec452b4da6def4241bffdca4ea409c87410bb93a1032b290ac036b26f131f5e77ce5a633b6e95e06628a44647507c44c8ac89a85d28f7a3da6ae01
b55d89a9aa472eafd5b2f41d58eddebe207f07aac7bc9afc1da89ec36cd277e0ba2aa649df81c8002349d681f81e1f55e8252d40c83088741df02bf5
ebb76a05540f1536e93a503d30d5a4eb402466d9543ea08e4ba4f2b885b3e1404dde0d540f6e354936108fa1962cbb19545dd9b56e726a6099dc615a
520d2c32822925cbc0b85eb4b84fe26b51405e0ccc2b43dbdf9320548b65353d3d8686c1f42f035e6ad3a4c9cd4fe7d933a4c940baae816efa9281e4
cd0f4d9e0c5cf760344931b0443ea532f0dd6b15a14b1848e97a5175ae0f3dbb76d1270c342fea69926220165168292b0692f7db37497193147b7f59
93da02ab65530ea92db044be69694f4679f67f9a9c1558b3a17d5d860a2427ef2e430522cf812c29c37dc918d6f5f7f61baecaa6a82bea78674c6c28
c2c745d06a977b021b1f805ebf77453805a9baaedb16d8f894f4fafd50e44eb4393e15b123cba0d9e5993db14fc4b0dc2595c034ccb74b2a81988d7d
ac298ba587ddb7eb4a058a477dba9e5420569814432ad9af3862d6b05d2ed9af1b1caf1c2c6e3238a39adea18c61c9e574974d028dd8982e9904ae9d
a22e6fec1bd7c53012761daec0641cecb24160b229d425834073eba8cb05012f9de8324160160b6031fd0ef434254b1930cb8f38e1dc75c402d302cb
1bbbb1bd57b21247603250756923d0dcc1eb12b86e84ae2692ac01c9cbc7ba5c0d58c314136897ac75e371ad2ab95a371e97f56597aa01d18d319354
0d484d876d97aaf5eb9bce8a6c46451f0d8cb6eb0505929fe7e83235a079f14997a8754372af72a8271f7adeae17ad2dce4d6e97025617cc2d5d6969
8da235683012372025e2b7babc0d5822aa441f2890fc6a4497c901577c5e97b5018bf0d919656d40badc2fdd7b5580b54adaccc1727028b27928b2cb
b3ba3ccb2e2acd02ae0bdaba940a48fa4ebafc0948579e06f8768f4026f62cba940ab82ed2ea522a20e929e9522a20e9ebea52aa6e7cafc389fc0958
220ba64ac6f2b23eec52256089a813991270dd11d7654ac012510889523770b79996adac13d80c95ecf224e0baaeadcb9380a4d3b24b808074cd635d
020434bef8b37edba4e03f7aefba1e50603d65596d5230a2e1c53c5d4604c48886316444c075ad5b97fd00492ad9253f40d29dd5755b02abbb5abfb2
152055ef5be8b21520c969bb6405681ed3e97a2981281ab695ac00cdf3445db2d2bd93dfd38f5d66d20d9c653babeb6d049ae7a9ba5c05681e7bea92
91ee2d8d2a2517019a47aaba5404689e73ea3211a07980ab7ba70ad03c79d5e526ddbb1c3d67d4e52640f3f853979af449709f83aab1b3ddeb1d9dad
2526c0b2b69d5f4f2490dc04ee7a22bbc1b3acf4baf405689e24ebb217a07998abeb7604d2e8974c35a12ac34b1bba74a3efd709ef10490f80340c7c
ebf203a05d8b0be901d0378b66a829d037f5941e00eb296a4e871fb09ea24ef4f701d1cecc527307acc7504012012c11a635d41448c555609757002b
4f129343004b449e720860bbc6293904b044a4a50b1048d58b96ba140258c5c018fa0081953eb529a900526c12ff88295a3ad1bddfd1ca904d002b2f
4ba9ca06945e79a9f183fb7eec0cbafa805522d2d2af07acb4504f7a016c7e68a6ebc403d653bea87678ec226e1f99050be85767934c00d1e77dd5c2
ea65bb265f0905b054a21a2514c0e6f58b5d4601f4713da50204ac5e4d5fc71bd065395d8e01acb4d0498e01aca728bfbe38602d14a659aa2701abe3
2a85ed97439ac355816e36602546f5cb3b807e8d4fd20ec00f0aaedfea0ded189b63b3b403b88e27776907709d93eebae280ebfb66dde854a05f6396
37c500fd1a8c74d801c33d8caebf0ee8d7602da90196c52c84ad9748d76b9494e7005b73e923cf019608ebebc203fa35fce9c103ae5b27bb6c08e8d7
b8ac07af5f073b497fc88680ee283c2443c0756dc9d05f07ac5214445991271aa76f16659887e17be8c303564b54d4141138c65a7fc8ac806ee4c190
5901dda96cc8ac8601b10c31436605ace427a2bba23b2f9ae34311e6d92cea5311e6b94c7128b23df1a2be3fa07bb9de907f0131e850300918d03d68
3c3ca1090c2f251bb2286014dafe904401a35ce95bb0806ce4c1904201d75991215f02b29efba1ef0dc83a9387146ae87a93250f5d6fc070e36c7818
13c852a6a1330e186eb90d6362c776756714d73f070ccff40f391a30dc701b9234607861fd90a501f976a5a52d366d6196da62234ccdf6244f0386f7
160d791a90dd181932b1c1353832aa211503d6a08b5d6562c0f0cec8211503b27c6de8c103d67b26af2932414876071d78c028b660fd77c0f0c29ba1
fb0e5822d4d67d07c49d4e5847f6078c728934452620c50a91fd01c3ab4087e40f0887001918da0a2c2ad37cced2c2d7aae47ae86e0386b7320f391c
303de73ae47040d64f39e4704076af6cc8e1805c7fccfd9d438a074c0fae0e291e303d5e3ca478c0d48f31e4734036ac6bc8e780eca7be868e39607a
207848f180ec07ec8651aec0f4339043d20764bf563774d501d9cdeda1a70e981e821d7aea80ec67e2866411989e371e86c7026b1179a5af29aaa6a0
c1e9ce03b26191439639aeab771c0da59440f6836643cf1d303dd03c6499c0f440f0d071074c8f250f1925303d3f3b6494406cb02953a746e5b3e219
bae4c6f5bd371ba19c12c87ece6fc82981e981e6218104a65b90430239fce0b8deed218304d275ac66e86a03a6d1f343560914f7c387ac12984e9d43
b71ab09e5264d57133a751e44352094ca7f421a904a6a72c86a41228c6d90d4925705de13ce494c0343c7c482981a2337de8641b5ee9899f6cc83281
794d33b24c60258ff9f5a601c5d8a3a1370d98068c0f9d69c034d27c484f81e9da6fe85f03a631f043c20a5cdf1818f255601ac23f74a401533633e4
a6c074ed34e4a6c0f44cc2305c16986e950ed92a50dc781fb25560ba341ef250601acf3de4a1405c374bf125a24030345fb526038aaef721eb04d2ad
5c39a8d32456e0ca419d26c1122a201305e24d6a5c2a0a848c0a90770221a370b24c206464a1930c28064b0c99e7f09b0357dfd46f06141d53c38857
a018b531e4a7c3db803c733074a50d6f0cbd1609bad2865786baed34e4b14031f260e83603e231aac6a0d761d0ab47ac86ae34209e4309dd664031e0
63488181b4261d72950303e1a4a5c4d25b204efb9b9c5ac06f8b77f30ef92d10cf59142bf67e0507f89c9a0514e9de90e002f12ac693e102c5cd8321
c305e2312a5b971850dc5c19d259201ec34ef259a0b82d30e4b340940d9be82503e255cc2e891d9e951c6cb40d292b50bdc17848598170bff3983e31
a07a45fe90b302f1d88ff866e4d08d06c4375411d9239ffaf5ad3b792e508d44183ad680784c996a075463c68681a9c01261437d6d40787731bfde36
20641851d60cc42e36b5296d06e239651a2c2872bdda9a1479788791475a8684188883de88d4feb81cbe1851460c441413222bf8e09e816c4b33f214
0899c9a96b40f5c6c9a1df0d68b6161931d0ed67525d20f9598a21d305d2f539d921af0552ed262fb10562b30173c86c81763130d9e808ea998de01e
524f202ca4cca2113daa5b6fc83d81e251f921f704e6c533f5cd8df31a3dc24053a20954c234a63c1368461e4d692690ae0fe24e79e6f42b086e664c
8926d0bc557d4a3481747d1e78ca2181eff27c28e1868ba6e8a9886d48562b53be383d3f899b7b1a3e3a3d3fa9c858512075bfc236e59040b4c7824c
a502aab7fe4d9d7840cb26a646016e524ce34281e667c9a6d4738607cf509729cd04d265685d70d38f2378f86f4a2a81cdef774d192450aec2cb1681
e2f73fa66c1128b72b2dcb15d06889531608746694290904dc3f9d1e9504facdb72c7a4033966bca0a81ae329242c0bda72927049adf929b9e8904dc
539a5242205d5fa79e1240205d5f699e72bb19446e569fb254dc65eae983a97b6e5eee39d2978d4d3f87c6343525634092ca4f5d6cc06a6ce8233d9b
443e4a26a7540c4872e829150356fbc35a52a679dd268a49a54c40320879ea15039261e15316052463b4a7940968eefb4d291390a4fb53ca0424438a
a79469564ea05f395a54be999dae1c3561754f0691018a4096a44dfd66c0f09e9429c901b676bd68211a0b07ef949c7ac980ecd7c2a7fc05285e4737
f58801e576bd681b6c2ef515d9e2028aa1b3d38042a05c7aeb1103228a4a99e5f77a9b4b73290db02601a6f429a5019a039a840688e1ec0727e529dd
0162b63711c78bce78a144b304b4cbc6c61a02932de529270266f5198d8253cdb960ca7f80e646d594ff00f3d25f3371f58da10953fa035c8bd729fd
019a5b5753fa03784a61ca7e80597d4da3054cfc5fd3e8426012273265434073a36c4a6a80548d629bb21a2079a3e1d4bf368d0f746495d5004dde39
6535d34b4f1d42643540f32cfc343c10487ecc63ca6aa6d181ac18a6ac0648d548a4e94d3440f2c2e8a9130e681e4e9f921fa0794ff794fc00c96f79
4cb90f90e29b11c8d412a2e34541539e03a474a9a49604fe55e9f594e800cdcb51a73c0768de6331f5b801cdf3fb53e60324bf4532f5b801c95b55a7
5c0848de6331a54240f39efe291502da76a5a52db8acc6ef9a4ce90c10db62a6af96bb6e2d1f534be88c1b76533603a4eac7eba66c06687ad2a67181
c0f521a029bf01927b9753b71fd0f4f14c290fb05ec4d6321ee0fac8cb342810088f3f9aeb090496796cc5ba0281e416de942b012b350b6b5f962a39
13ca94a65f7070e8902801cd35e29427cdcb1348f90d2604aeaf054c6912707d4762eaf503aecf484cbd7e53af9f5e8029730292db9e53e6042417fd
53e204ac2c4d5f5b70836b619b62ca9ba6df7bfb2e7d6df120fc61f34d6d21957221a63f10b83e5a348d2e9c5e3ab3a9a5b608b8be9435e55bc01261
315d84d3cb5e5dbdc8c080e496ff948101c99def29c30292dbdc538605241d4d5336055c5fc19892a9e9313f1ba7646a3e2f539898a6804db9233425
5340d32332e55240ea57fa9ae2e93ad8b26a0a6ec7b9965f3229a07931d7d4d908b46bed2a919ac7751b0722953ca021d6879e4520b94934f52c02c9
bdb129b302923b5553620534bd51d3184720b94934e55ac01a1b9ca2645bc096ae2cd5fb40effc23ae159bba2781762d38e56c408ae3032193b40131
282bd356a7b6a2e4f238a0e9259dd238a05d2b2859dc94c53942ea9f0496883ad43f39fdb49dcd59ff24d074924efd9340c4cc2bd3a4a74dc925ad1e
4aa0e9239bd2c4791d32a4fa658940d3a938658940d3173c6589401b57f2dacc084eccb3ebb3049a546fd7670924f75477a9e4ee253ede8eb04b2681
e49eedae5371d7a9384d7f57c4c2fa7aeaaec8f089699e0f65b412b4dc658940aade01b5cb0981eee777773921b0da174f49098118cec9c0f383c0e6
65ccbb9410e836965d4e082c1a30117545c44ad01976233d81951685952702ebc581483513e111d78b6a99ec0be6782882f8d23d76e924b0799e6f97
4d024b8442ba2881a52463ebae3f12588f510a192610dc940ca498c0323626936202f1d516749264022b358c21cb04a24e2c9b7a72254f9c6d41a6a2
9c185c35e073d6e7a6a63ca6d310e89e27def51002d7fd57bb1e4260f39b2fbb2c72d7436873d443085c3792ed7a08816e50d72ed904b676256fb938
cc57bddb68978002eb4d2a4a020a6c6e24edc682ee5e87c3c8bc1b0b0aacf155914a16421f2cabcc15e8debbb6cb5c81b5824d3ea6e245c5a900d92c
709d93dbf53502dd38e15d820b6c8e2cbb0417d89a4aea5804bae178bb9e43a01b12b34b7081eb96a75d820baca728976e426069444dca7981eeddec
bb9c77f7fc9ed751ef925ee0ba6f71f7361c601991b2ca8381951855a9eb10b82eacdc751d0271750cd52b5d06b67695df165b896a28965f5bc8a09b
a5d016155b14d3b259f0d10e2f22dc751d02d7b555bbd47bf7a31db657a937103409fbc8bd77b97756a4c99a51c336323d8cc075fdc02e450796c80c
3459b3a9f894266b98ec126932eeaebd98f62e9107bafbdfbb441ed8da8f999f77793e90ca6445b2ebba04fa35a2c8fd81ebb2b15dee0fc4348e0125
ffc02a129697fbeffd3220d528fd06b2e477977e03c3db6177f9f7eeb7c33d39b6eb94048617b3ee927260782c62979403c3f32dbba47cf7ae1ffb87
ac1c88a1cec46c147c5550d7fa2e070762b8a6b4b2702094e255793830bc7178978803c39b90779d9040aad2b75d9723909a27dd77a93830bc5475d7
c1080cef42de0d88ddbdb6c77152760eac2aa0f264e7c030ba79979d03535ebceb730456295440c60e64e31176193b300c6fde65ecc0f09edadda8d9
dd3b7a6cfb7278203e2667623684e96c40adcbd88170eb28d318d33d78451a23201b94b1ebc0048611dbbbbc1e18e54a4bfb4c42676cc9f27a60789b
f02eaddffd9a89b78deef27a20da230a48ec81e1c5d0bb941d189ec1daa5ecbbd7f538d448d981acdf7fd753090c8ffcec7a2577bf51d2aea2a9e66e
e3f64d75dad1c93156160f0c2f4dde65f1bb5f51777493c403d32305bb241ec897929278207b546897c403d3ad9c5d120f4c033077493c30dd84d825
f1c0d461b3cbe181e9598d5d0a0f4c374776293c303db1b04be181e951875d0a0f643fdab04be181ecdec52e8507b2e7ad765d9dc0f45cc92eab07a6
7bd9bbac1ec89e9ddf757e02d9235ebb447ff733ee92f35da60f4cc38777593d303dddb2cbea81e9b1b55d56bf7bc58f1529abdfbde2a7fb94d6e18a
1f37b076493d303d67b24bea81f5a2396a1daff8b1534aea8174390577593d101f03264fd9f9eea7d83da5b9ebec04a66187bbf41c281e6ada8df305
8a87c477193b507470ed3276608eeb45d50c98c61fef1276604a3077093b300dfadc25ecc01c578eaac90144e9e56ec03030a567bb1c1e98d2fa5d0e
0f144fc7effa478129addfa5f540b95d69d9063894185f92fe11d3b3b41f9886c7eed27ea0787fc12eed07a61c7297f603c593febbb41f9846f2eed2
7e60eacfdb65fdc0bc68a5ac1f987a4577693d308d4bdda5f0bbd7fdb8c9bccbd78154f46aef127660ea51d925ec40bae9ead965ec40f136935dc60e
c4639859ca0e84cce434079cfde6dede2e6707428641e4ecfb757ad2b5a3a41d28de05b2cbd08178d5c7d49f20e26ab4cc2e47df2f4f2eadf32e2307
4236916dca36651d5956661c0cedecae33175832aaf5aee7160899790c6583229bc55464d04b417457a4620dd14311113f78f5ef527720bea766d94e
65ea4553be1b120cc4972c94a92b3ede9a59a0dc25ef403c870efa788190f95c53666c080b86bbfc1d88a00f8a2c5b074246f93cab09c4bbd84e0a7f
bfce6a3241dd8d29068adebdbb1c1e88574d4e75f1090f6f02bfcbe2efdba52eef4ae381c802bb4be381940cbbb8cbe381eaa7bdefd278201ec30206
160321430bb93d1032ead1c862208aa24c0b04ac2c4c4e03c8edf58fdce5f6773febe2fda577b93d10a1286aa155fcb08b37eede75250321233de38b
816ab0d15d6732108fa1adce64a0e87bbd4bf981eaddaa77f93d107e4365168e939d9b1bc077d93c509b35269b0752f1b34277b93b1097e720b21c7a
9d67f2316ba25cf711f89c35c1d1ceeec59d77d93b10a7fe2d894ae09fce861dde25ebc02a8aedddc8e03bb7f06437baeed27520bc9f3ea7d9715b67
577677fdd6c05a0d330cdee5f5f720f1ee2ddc25ec809fdfbdcbd781ee48245b079c00ef9275a0b9aabe4bd6efff0f6377922db98a4451744a0f1508
86e3aae63f8484bb15ed9f9d382f5872090c545ccc30f638411da44159da29a3f14971074596d793e20e8af4d827791d143eeb936e3eadf5f46ca19b
83423a9c64f369f9673e784eb2f9b4e54b66c74eb23998110a0ed32111c907057312c94111957992bcc152ba6b6a5214eff25d4093923f673ad053a6
87b253e67436fde7fbfb248883e5eb1a82385805749f7ce1c161ceede40a0f5641d8275f7830a3266278eeee5374efe2309639e82cfd437007bd7d87
3196dc3af9a83f89eb60f73a3c89eb60decf0e632c7974eaee38d69ad86d147e92d2c1ce8971f2700772049ec47550bfe72a6d1d942fcfc1495b07be
044fd23aa8df839b933b90dbfd14de7b2696d79397d73be8559db4b019e08a34b019e0cea4e7f9bcbd9ea8eaa0c8687f52d5c1787b56659a93cd3f05
829e2474308673ec402f07c37c69216d1c14aaf4e4e00e0ab57992cb27b9ec3d472d07c51cc9492d0785003da9e5a0d0c127b51c8c8e3500c8e5b30b
9cd172a2f7b47ed4a7046ff669fda87b8a373b2862984fd2382802cf4fd2f8b4f58a2f15d2381837632acb9b1d5453c4a720de5310afcc5827691c1c
4b7c11a7d437c12155e5492d07e3fecff949e360b1f8f2247a8351944612bdc1288aad89de6059bcc889de601c954652b8c162e7f193c20d4651aa4a
82068be8c993040dc68341913b262b4c4d5a9d2468b048837392a0c14ca7ad4cf5afac573412f99a8345ea9d932a0d96effd4a95060b9d77d29b41db
dc48f466d02c5f3fe9cd60b520e4a4378366d9f8496f064d0a8093c73858ad1139798c8366c1fcc9631cac96889c3469b05ac271f21807cd4af8934a
0de613cc61da9d04b2424c4e32f5944056ced7934e3d258b65444232d824993b09c960139a7d12922721e92842f224247d051192c126cef9242483ce
e7791292c1262cfb24144faa309328a7d0db60fbfb7ea8f60f959da14f28069ba0f493500c9aac0327a1186cc2f94f4231d8ac0d38a9c26013437f72
f69e0274ff7c60518ac126f2eee4eb3ddfefbb519986bfe6178c28aa30186f1087e9b837e9a3c6ebeebf5fcaf461f00d674a30901fea24e68219e33b
cb2e62eefadcab2d45aba2f8c1f2797189cb0d16bb7a5f94dc2585ab58ab8b920b166fe98b90bba4d1c9fbf122e42e69743697fc2932f3e9a84b51a6
04f398b808b96013927f89d40d36710c176917b8fd2fc22ea83e282eba2e38a2cd2f6edaa0ead38bd0bbcad759a903a117cc32c73145118996dad37e
41ff7ea8895174e6ef2f0ed860063b3897061513f8cdc9b4a8641e2f0fd18b780bca4ed05d227a038fc28b74bb6c8a627afa22dd8223baffa2dc826a
42fc22c82e1b6fe6e97bd163975d36bf4aa83fed157573914f41937ce3129d1bac967e5d3cad41179377f1a106e33b2ded21a8026f808b0b35f02572
5963191cc5af4e2567fa31f623c382f6558095d74f0da68891d76f4dc52c22cbae4d36c45493de0ac668ceb9c8ad2bd28ac2b928ab601ca5486304fe
6e7ea835760ea98732edd9beb427a919ad1514cbab2eced2a0f24b5fd457502c9cba88af4b80701e2c179d158cb3e787fca7c162d3fb8bf60ac69b36
8fec8bfa0ac653c1615abefb50487fd05fc1382a1dc2337a091afe7ea8e57bbc7c460901764db5b5f8febef83783b92831f5e7cd0cc661692505166c
96025d1458d0c5bc5c14d89504a6d6645d5c92c19cee4965c9ad600c4387a96c52eb2c56d65cb455b0136a176d154ca5eb6c5a3051ada8bbac8d0c8e
08a58b76bae4d6c931745250e585bce8a4a04aed78712506a4dc45eb5c4279dddb74cd2594d7838e8bf012b8ab0a5446304762eacea917d4657718e3
344f85f407ed1154db565dbc7cc1973cfaa247826acfb08b1eb9e8118616961b54db945df4c8f5c5e0e601498f5c71e9d9d3e922472e72c4d8214782
6a13b78b472f2882452e0a25a8f6c9ba688f60dc461e0dc44730f5c2ffb1e8f9a24482d248d18b1409c6cbd1d5f485549cadbb9a362707ce9e0f8e8b
e72ea852675e1c77411173729130c1f8611a48c204a328c62261822a5be745c20455f2a28b8409c66da6126e9704e4eeee761226a896505d1c7e41e1
e3bda89a60fcd0150d88f800f9482f3a27a8be822e3a27183f4cbfd239c1384a1bd9eb97f77db4c945fa04e3873917af605078b22f6ae812c76b5492
3e97a0dd08a48bf409c6b95255febea0704d5ed4d02566d75dccb977d99ba3e64bfb22742e7b34ae1edc944e50669ed994b968f65f14f972112c4115
007271a305555cd0c58d1654e13d17591354c13017591354c110175913549123170d1354014b1797595039e22fb226a8a2282eb2261877a84bd23541
b1f6e2a26bae3b218dba846009aa50a48b6009aaf0928b5e09aa20a08b5f2d2816a15dfc6a4115a473f1ab5d02613db6099d4b88aba736a113549148
1725723d9fc857a616d98ed196d617dd11cce768ae4978048bcda42f2a23182f492733d4b31fa30dc52fc2231847295233b937ab6a101ec162c3f88b
f0b86cd1e8b6e48d0a163bcd5f3446b0d82ffee2780ac60fd32374455045bf5cdc4ec1b17aa8f030058b2dd82f1ea660b185f9457f5cb668ccdd750b
f80cc6b9fe525414e57b24efa7db72bf5b5e99f4c84d6adc9fd470d4a9288154596e751311b7f43079afdd44c42d3dcce15c8fa227e752af575102a9
f2f8bea988601a3fe7272382a5e66571d311c1d19aa24d512629a2d66f9221980f8223655a59b4d235b5b2a495d111b770cf603e565ca02b8ba2caab
ed263782d1809222f64908a809829bfb28184739176314f3c16ac11825c648a0e84d7f04e3878a347cc98c4d3ea06ffa23183f4c25c88f60a11a6ffa
2338c422dd1c47c1284abbf98d82c5c7ff4da504e3a8ff63eafa16441a2cd4f74dc40473197a8cc759148c7a2b6283f88a9a608a9bd809c6f5d36262
2768d656dcdc474133337ad33fb7f43446178752b08aa5b8059f06cdd2935bf0e92d3d4d3e176ec2e9167caabf08a75b7a9af8246ecae9969e266167
37e914b4edab3d5b4428f149dcdc5541b324e6269e823955aa8c7964ac71a3514f4123956e4eada059b2720b510d9a051e373757d02c9bbc69aca011
54378fd62d59695533ba2b588587dc7457302beba78cb131464617dd1574fe9f9bec0a9a451f37d915ac1644df3456d0ac89b969ac6015f072d35841
b3f2e416a31a342b3c6e7a2a68d607ddf454309f13e9120ead607cc7ae7eaa49bb26b9a6fac7cbb55b4570935441e718b8c9a7a013b937f974cb2c93
17f3cd5b754b239317ff4d3e059dfabfa9a75b6619cf69ea29586d9476f35505cdcaa89b9e0a3aefc44d2805e387b135c75330d378c618d4d32db1cc
57a4458716f9a5bb2b6ea64f07ddfc4737ff5166936e922ae8be356e9a2ae8e27a6f9a2ae83e3f6eaea2a07fa626b382eebbe8e63d0abacfae9bf728
e856b2dcdc474117827c731f05dd029e9baf28d8e49db8a9b86066864eef52714117fd7b7320059b08849bb00b7afb8a98224ea5f69d9f291a5338bd
ae6c62f90c7f322ee8be246f9ea6607e10a61a445b30d5771a45b505b32cbf25db824de2949b6c0b665c85d36955ffc47c2a4ccb05b32c35a6e582f9
5b653ab4cb89c2e4c45ab0499372136bc13ccc257469ffe248721cb5767f79628c1972edfef2c4186df45a307f9bcea7ceeecfc1e435477805a5d8eb
e1a6bc6e4b214d4adca45730cb5c57737fe248dca5c45730c749ac4c7d05734a5b1913fc2454f146a7bf8259a67e6cf0331dee2b88020be671313309
16ccb2ff6356fb16b819cc9fc4443c56c1bc5c9a49b705f3b89897700b4a3d9897720be6e481df32e569cac7612c69ab45f3b73739178cc314315ab6
6af8d357023383dd26ad377f5730e78f62463af0bebeb02265da1a1db8d8bde2e6f20a66b0482a471bde5308cef00ebf55e1ecb8605aeca6f16edb2b
987cba39aa829ddff3a6e88279586a4cbf0533b823c7d16fc16e4aede6840a764e9c9b132a98bfcc50a5e982fdfb4aa2e982f9eecee820ea82193de2
a7da3061c7c25bcc63c09177137041d77bf45b50b9d06e8eaaa0dae2fde6a80a46c3d3208eaa60b12ce226fc02ae8a5ba862c0e575f34905e2106ed2
30107279f335ddf65b3054e8bb60e89c5480960bc69b2b97a3e5ee2c05d4d7a45c70681d075250be34f037291714f1a237dd16546b2b6e222d580520
dfa20003f3b037d91654bec047b8dff397d8853d259b1213944b8aaaa2f8407a4aba92e8e3e3cfa97eca4c17b6149d8a2cdcdc1d7629335f5853f428
4afc42eea1871e0b8a55010f3d16cc15d6391941168cbb259525c88262d5c1438f05c5f28a871e0bc60f4b8a9aa2ccfcec8a3473a25aecff90630fef
0ff390634111daff9063411181fad05e8fc8bdc8e887f60aaa555d8fb8bd273b2a585ff0105a41b586e821b48222f0f621a182a1bf53551a29386c6e
fd08bc0bc650757a555d22ef8b73e98f84d85529b21f4ae7b1117dbef51e4a2718e22aed266b1e6bea0c15b22658f8461eb2e6b1eb7c6ef5873a0956
b1fe0f75f2582c9747cb438904ab28fe8712792891ee2803251b271cab51418a042b3fc8c303143433900f7512ac82fd1fb2e3e1ee69ddc98c011a43
bfd118413727fdd0188f049b4d9156caa0a92bc98e4706cdaa62468a0c9a6e077e9ca09b027bb871824decea437604db8cf9fccfd7f24381049b60d7
8797e7d97d3aa78e0448b0096b7d787982f919a4925ab70b45fe8ed3bcfd9b17574ded9bd8a43a7a788382f9d3f4bfc56dc12660f92171824d8ebe87
c409b6bfef8706e1b79f5da6261e1ae7a93eb3989ea209e64573975aa316ccef8af41a9913ec36af7ec89c601ee6749a9f25678bafa787f609e66573
8f103f8f1c34be8d1f4a27a81e505c4701a1f0903e8ff49931a4f8baa08a6079c4d73db267a60a42e9826249d4431d05abdd411eea28b0bfef23b82e
38be736b7416aeb945a9a5a008da7fa8a56035bbf2504b81cda21f6229a83ef21eca28a83e331f7175c15cc2912b524b411542f35046c174eaa4aaa4
51300ce397ecc0e7e50e258d1e3e2ff73169f44832a3af49a387cf4bb7f2790555a2e287587af8bc8c393eaf470c5ebe421e82e7c9323361480fbdf3
88a473b793368f18392f0131728f9d18bc35899d478c9c7a112c41b102e5a14d822a22ebe14b0a2aa7ed43ad0455a292872fe9b19d0213f22505c552
8b87a409966551c4d03f6f22e7d2a089c327da43bb04e3776936e9128ca3d48b557f79392d1a64804d8ca3d2201a25a826fe1e1225182f8f5c910479
4e7398b92205128ca25c9100091613f30ffd112c7c010ff9f124664e928887d408c6b9622f1a22182f22cf68abbb8285ce7e6888278bb4ac147b44c3
05ab85688f68b8a0f3b33e04c4638d9641c1b9f458a3a5d7389782d51e8a0f95f158a3e5cdcdb914ac56723d84c7638d9671c2b914745fbf0f29f248
bcd2baf36be4952913372eef5230bf18630bf224e83c610f7512749eb0877729d82ce6780896a0f3aa3d04cb636d5724c643af3cd6766d8e629e3b53
45911d0fb912748eb6870feab1b6cbd3900f2ad8acb279689a602e757018fb58dc95affc87d009b6b92ce8bf5fca8450304fec629e2589d9b390e821
8582cd3aa287140ae62f1dc6a209dab37ae911b4176c96f33ce451305e54de1c0452305f5ee94612299865b1209114ccb2b49a032d98656ac738133b
1ff6433a3df1832d0753134ac114b2b9aca55ac194a319fd22f0825d6eb187a20a76c3826f2c2802331f822a186f90b4946f2c987ee0b48ac87ade4f
e228330ab226cb8ab487c3ec916ef3f86aaba16f62d0ad7078a8b1871a53595d1a275ade642f875960eef125cf822ad4f4a5cf8262c79657045f50ed
25f3f2aa05950bed15c017144bdb5e922dd8acd67949b68083ee25d882b932e52f65b7b25b0b9dec51f6384ecd5e65f353368fc9978a0bc6a327cd16
9d1770dabd64dd9b142a5a4daf05266f5f722d301ffa926641157bf89266418f33e3a5cc826adb9a97320b8aed5f5e2eb077a12b63069a2b985349a9
15efd69b2550028d5f3a2ca8d21cbe7458500440be445750da7714f365773b1ebc975b2a386c70f6724b058b7d1c5fca2c1847a55e1c4eaffd10e27f
7829b3e0f01dfe5266efa7ccfc50ed653be94ecfaaab5076bdc1bd14ac161fbfa459d07d38bd3457d0b9df5f9a2be822115eee9f60b33eeea5b982cd
12c497a7e7b5a9b8508d970c0b3679b45e322c988f31652abb65728f61e9b0a0eccb575bf69fd87d71bf84583067b272513ea160d7002ea1575e4ecb
685ee22c18a32036e3000a2a3fee4b7d050b3ff44b7d054d80d0cb2314acb6017ca9af6026c44a07505fc16e0ff397820a76f627a082620ae525a05e
c9416c8ff78ab10b8a5c762fbfd12b7fa73b82a60a86cc8e6149aa60e1ca7b29aa6091bbf225a88271942b6a514d029de65c1a94fd08ac1a7fc9a9a0
8b6178a9a960b346e7e5490a368b695ffa2a988d4cc329ac5770dedfff91bef3a5c0826aa38697de0aaafdb95eeea8d75ee1f9827c69b0a0dab2eba5
c182220df14b71bdb605e7a87c69aed7b678062fd115d43d9fdc2fd1158c224731955df18c70aaeb952b442da8ae608c5347314bb358e6fba5ce6f3a
df2f35bc19cea92bd115140ba15ea2ebb59d5ebe515ea22b28e6545fa2eb8df3c962f797c20a8a50df57bc60b0981b7d65050916bbe6bebc51c162b7
c1576e8f603cd41ca5aa3d775e7394aaf67cd2e733f9e5760a1693db2f1d168c73f9a1aa764337f6e2600a4691aaea8f9ed00b3736b5168ca3d26cde
a560b1c0f925cd82312a1687e90f593cbac33452168f7c85bfb4d96b0f82c32381380b56febb97b7e9fdf9f2777eadfcc5b1db1569e5cf6c565a499c
05fdfb1221ce82d56ef22fa752d07d6ebdc4595076bb27bed459301ff031102d166c9693bfb458d04d7dbfb458b059c4fed262c166fdddcbebf30ae2
9314ec95a223986f8bf42657d0fb6d486060d3712f5f90869271c19c00cad8b0442a280b6fe6cb67f4c63fb408ef7ff98202d9de5f722f98af905c94
de0b388f5faa2da83c762f3d16143b6fbff45850ace77db986822a8ee125c7826a77c0971a0baaad0c5f6a2ca8df6b92f40aaac88997f40aaa75012f
e91508b27b29afa048b2fc525e419184faa5bc82eef5446505e3abf2bba026da62efabbcfeb83d011da5d57762ecbe5716cd1494ef094b3305558af8
973e0aaaac7baf454d4195c8fb25998271c95895120aaaed065f5183af2dbb3d43b8905e2e24af3f5183415dbe7a69911dbbd942d46050a5ba7b89a5
a0c819f8d24541b5cbe34b170555b2c197ab292862925ec22818473997064518f11fbe345050e5327c69a0a0ca78f8f247054518d14bef0425a133e3
ad3bbb036af22e8ebfbba2b85c8682fdafb7f238f4e717894a9e77ddf8fb541411331f99e3ef4bd195f32e29ba15e5453a3f30c6df8fa227af1d45af
22d5aeb3a8a8769621ed6b4e1f7f15d4acac1f7f2f8a1228bba471513a308e4a552375a0245468fcbd2b4ad7b454351e2c2889311a7f1f8ae2c15a5d
91edb8ab1655659cc2382ac138dc55cd1519a730ce9622c6e1c15a14314ec93db6a6686189ac5e8aff70eeffa04846b25c716189c5ec76eab5b0c4e2
abf37018537074a9d8c2141c5d5ab430c59230eeef924c418635156b8af2e161042cacb37cb9bb52c43ac93b9998b8f137eb2cace38aac93fd0df6d5
0f5967f10de68aacb3b04e4f91a1b3183aa9c4ca3a6b22aa0f836e659e35e631e856e6593350d60c819575b203f9bee4fc2bebacee61454cb146f733
ebaadd596b35832be7df1a99adcb8f6c8f52ff365d999d101a236e2a3b313ef015a9eb96e96446dcd4357b9237c36253d74d4fa6e19bba660b85c616
9b9e4ce05f333637d5cf7aab669c6faa9f4dca9b3eda749bb555595931fea3932ca432ec369d6421158bed1a69d5d457a4457bb200c56d335d12ca32
43ceb0bb2645d1354faf5d93ac9af2e0d90dbb3d41d6cd0fd57fcf5a6a437857ff3dd3e125bdbbeb913df3fbeef95df59328722d69f86e8cede608d2
6dbb31b627c6dd78ad5a1491d70c9eaa4113cb6288550d8ac66b1e6255836a1ae4a6a9faa8e633bfa78d551f7db22f96ae9a1def5af32caa9a1d25b8
7c95d0ecf8d69aa15f353b091e9b2743d59171ad35775b65891a2fc0777a96c882ac4c678cbf596262590ca743778b33d44307e3c4d3d63cce0fcdce
ae0c5b37820f8d3c8466eac9c3358f6f824b998b1e5916cf3ecd455b666d4a9ad9dc48cd8d941f363dd2326bb3a4014d8fb484f6ab4653b5961ef1c2
687aa45133e9a4a6b22d3de291d8f4488b13a6a4994d8fb4a8999e1e697aa425b6bc3b8af92796c563ac317f63feff16cae350964a9ac7d570ebacd2
1362dd15e98a8951c7b4a433416702454c3031ce956a7726e859f0e065db99a033416cd735ae67bd86b1d50db7a8b7d52bb96b6f8fd3c9edd9b5b7e7
c65b62f4ae418918acf1318effe8fa6ebcc5ea3f8da4e87aceffd3c89f463a4ad7ff124a61ecfeb49bc85b3d577f9a14f9269e6dfc47b7fe22527b9a
79bae6c4d13d0b4fc32dceaffe973e3c55238913934060fcad1aa757f096f39fea912412d58038d93f0eb1f86dc6dfec3fb1169f0ba7ca4e1cddc3ea
54d7f8c832313efe360427daf7dc3ef552f641efdfe9f5d2c4f8a1a3f4d2c428527dbd74669da9fbe0d44b672246ba76eba4ec82de3dac2e064bda8a
eed6b8186ca2ed3ae9629d88b4eedd7731ce44cbf2b7f137e34851e18a17e3244545a6e6c6df8c93141571078cbf196762343bb5bf18e74ae4f7772e
c6b9621c2f8a8b71b23b7aedaaca38136d67c28b7126c60f1dc5384964b133e1c538d930bd6bd0cd1277d678bbb56e96988a6f1c954adc9a7d1b1339
fdad8dd251745f1eb746de4680f36be4c43859ac736be4c47218adb7464e1c9dc16e8dbc8d00b5d0c83b8dfccb23e5d6c8b8cef6e6debdb5321bad1f
0e7b0c812771445beaff68f8a3e139ffe39e9968bb4b3e6c91ed10f6c34be6312c1ef6713263e089c7d8c3ee619f38cef6ef6e7bd8278eb3fdf0b07d
18c8cab3d533e455dd37d5ddd3a85775df54778f695fd57d5537a67d557762dd0d96576ddf7896f734ead59bd91e7d67ed5703dedce1bb7369c01bcf
f2e187ea3fd176c3f355fd3793d55afeea5f7bd469f8ab7fdf6489d833ca5efdfb6610bb515ffd1b0d59174fa35707bf19c56ecb57ff4eb44c7eceed
be6651b026fc726e59a4a8a4628a56456bce5553b429ca2d9eb77289730d5a96a0ce3d99144deb24edd4dc244951ba370eda99b54c591cefdd2fbba2
9e8a1d29fa29fae5fc8a4e45676ab1a4e8529419ff3806c67f6e6577aaf17fbc970b791bac59d631fe7e15657546be0a0a791bb44c0acf35e88af2fa
d815b15e61bd988a960d5a1616cfa85d4589a8dbfc90f5b241dece7a85a58a81141bd0b241e1fa1cff32d5c4a8ab4b32d5c49a2d2dc7df4c55e29cda
14b1d444dbbf736977d1ee39900a4d1aac59ec3afed6ad136bf20a8ebfd57549bc0053509641cf2cc9f85bbd96c44e442e143232e8cda0a419839e49
b1f1b77a2d992e8ddc29abfe58133af19d9f660c7a26fec6dfac9f856795f557a65e132012bd5008c460ad863335187402b1ac0c96cd0b8efe95a9ec
c49a748fe36f955d934948ef9291851f3032b29091414fdefdf1b7ea6ffc3179c014a23158939d72fc6df46c8979391ca5495b9ad49c4c9336418cb1
c5a69336b75e2c464716419b87220ddf12d7b83b974e4ad06632448ebfd962739bf921536c4ce1874c21683302ae109bc17c26e4306ab308e4ac310f
6519f4387ec7dfdabd9bf84e57eedabd67e25b57129bc1f6c786c46630de1ec5f9dd357b9cfc6e7a6a33e871de8cbf357c17b3a0c729d060cbaa9bf1
b79667dd594296c7df5a9e70ce44eed552b53ce19c436429330a6a4681be24548bd8cdbc8b0a551acc8191da92a54137a751c8d260663cf553c3a0c6
0fe0a94997066b56a38dbf59a366ed931b93080db6c4638ebf5923cbd8122237fed6f2ec26981c23e36f2d4f7467a5140ac9196cf1d68cbfb5fc30fe
53312a34e809e79b5b8629323272fe833112f199208ef1375b48a9e80572b0c5c4b6796751afc196f543e36f23e3f81ce82ac61696c41d0ed3f02379
b316e7370a12e45909da420a075b3c1de3b9a4e116c045ad14b237989d9906342d6f09478ade2aa47030ab960b90b4c14ca017a311b0c1cca4ab4c13
9a18807467d39ded8bcb7209cd92a4e4ef3b4ebb9a70656399700db6ac29ab85700db62c291b7f6bd7c476781ed3b2e55b04e7e9deb5eb5b04b7ff77
e8d738568f5b23b73a8b1ecf1ab93d6b19c77f74b91d07ffdc4cdd58977eb1af6ac562f22ff6aff22cd613c9b6fa298b7516739fd0c5c154a48e6331
1b11fe794650c1e55b376744fed8e75b23e7894f07976f8d9c3149f5065be2c5c7dffafd979b787594867d2be4dcb23f0dcbbee987b7cc4fbb7ed603
1a6c3f0dfbe5ce66929f76fd32c05727d3ac9f81e041fa33107e06829369e9b793ba4713f11dccb2b494fa2edf4eeade8ae477b01dde0ee477308d94
ca91dfe55b11e7b54e7f172be2aacf54023cd8b247daf89be1ce4f7f2963b993e59889042f56c4ad9bcb32ddb759fb573d763abf0877e763149bb037
b563946f1376f702811d4c975d8ea3b083795c0c7531cac4fee7b94e7507f3aab1318d1d4ca3a4264476f9766bf7e5446507fb3738a9ec60cb9663e3
6fedcf02bb3faf3e2a3bd8b255ddf8dbc0b912f2effea2b2cbf53d423234c9ec603bdc233475b11741d78537837cb1af1ee45475b13fc1e115706b55
765e5ffe7c0ad0d0c15c55900a53ccc15ca914cb51bec1b09cf713e51bccdfa68cf40da6855317423798efb1589dd20df6551f12bac1bc442cf0e81c
71a3d52b90fa0df6ef7ea57ecbf32dd7743a2d13365abdb0a9df605ac025b4f691b6cbcbf8d13f71a12e7f2cfae88ce75b7f9101403907b32cd7259d
835916cbd3cec14eea17aa38d83f31431507bb09a0421507bb59954215077bf596a28a831905e0649a35b157cf5cb238980104693d5d1cecc7e69a1a
1a5dbcfef986a78b03bba78ebff5fec4ce05b6d0c5c1cebdb2d0c5c18c71db53b62adb94d5941dca660faec6cd42e0064786c342df06d527e942df06
9c3c0b2dbb4cddea41b5d0a541cfddb6d0a041cfedbdf0b006251b3e8ebf17458966cb4b7d2141170b023745bb22ee54e7aa8ab853631a7a33388cf7
85dc5c926665e696fccfd7f74254066b1673cdcc7f295ae8a15488877499eed0614947b1f892440d79a02fbca1412faacd1b1af4a2da046ad079aa16
6a34e83c6d0b3f67b065f1f5f8fb541409602810a8c1cc20aaec56f67d246d29d35b4bde8df9205948d460cb6e92733375459eee6912af66309e29a9
2cd11aec5e780bd11a241c716ee3ac24ef365e9685573398cf2cc769e69ad004b6266483311e326ae8d8a06c5f5df55b52466ece4fc70625894ae6de
c58a4abc49a93e1dbb6c71147e47a9fec4f13592400d96ecb93c53e029cad4689ee00b811aac595538fed6a02d73438ba3f4dbc4f195e8b664f03f92
2f74fc47b3b7343bb6275983c43fcef47d29d92dc2ca41bb1626bbc9aa440393dcc483806f74997295b777a143839e8f87850c0d649d1c7f6bca9ee0
ecd5519a4285a6bd446850cb574bf58ecb339960e61aac144dd42c319b8bb714951c959a1397412dfa811774914d32b52237839a65d3337e5e51a299
3cb0a8cda016cf06ca3298e15f4ecfe8491c99d4fde36fb5ffd604a6d544635092947b065ba5e848184ce6f6169a31a88b8145330675fd7ea841473e
9732a9b9d08c414d4eaf19d4a4281f4b063c8118d4e5fba13e13909a99db853e0c6a32858ebff55932532eda483206a57cb5678984a826fdd8f89b25
e23c4dc6f2f1374b0851752e223228c58d484406df24f042432e92f067fddd8c1e5296a827af07fed4a07c0f55fed4457ecc24339b072bf3d5e597cc
d3982716e3505d2c1f641e7a3428451f91a38be5832c467a2ed60a7eb5600bc9303dc7a9cc607e96e7976466509295758e044579e3312c951994647d
9d5da528e15eac48450625799fa72d15655878c1f0a206e57bc1909541598c2732709189ffcfa397940b465fe67366f9b940960b563eee85980b8ad9
ee85960beaeee544cb2d124dee7e68e0c97532eea4ff7e19537a8b1de5bfababb93c949babeb8be4a14c40fff8dbb84c1ecadd470c9db7c843196db9
90798b20d6e2285d71266a275f790b45178c2ba671045d50b830167a6e919a329f8c0bed16d4dda704e9b6d83a5ee7739506e3876910e11614fe8a85
ab342866dc17522ea8c9c831fed6ecd3ed9873516841d93c2628b460a674c8f9394683b2b94589b6604e27faa95646b471d42c345b507890169a2d28
dc580bcd1694cd5d45b3057537dc68b6a0f8605f68b6a0709a2c245b5048a7856774b1a59ce14cc52dd263ba221117145eb285b334a8bb77c0cd62c9
8ec9c3bd507a4b3685271116fed3458affc3ab88f85b6ea688c168bfa0708b2cfca741e17559a8c1a0705e2ffca741e1115ef84f83621669210f1701
b21bebd373cb971fd35b99d80aaa0883e571b627673360c9afa0340fb08761a3c89a8fafc735b3e0afb9b369b4a072722f245a501ac35268c1b1faa4
e0dd0c966c7b32fe3612b3575b7337d3718bcdd50d6b3a2ea83cb60b1db7c8b2e27ea0e382ca3bbed0714115acb0907141156bb1907141150bb15071
41695f55d9eb652ff562afecdbd60c6a222e5892bf7dbefa675150b9d057222e28ed3b6a519420b0dd51ab221fab3d4587a2343b8fa795a80b966c09
33feee8ab26423dfaf2b176550450ead645d30eab5a6e85674e728f57a1409dc72c557d19b1fe6f4e45f706403aaf1b73646ff6535d9f85b8322f604
00acc45e50450eacc45e5092ac6dfcad8d49f532deb63919bf5eb02409cdf85bbb255049afad94d42a814a1eb82bd914d87c72fcaddd4b228836e7d2
6e3955febac3347cd1b9b185f8d0603eeaf2534a2a18da2ad7a4a4566bfe721bad9454f0af49e243833999166b505781bcc5e36f8320f26a5cd30558
230b01d7dc482bc5158c5faa196bac09b1fa7f26b857bec6e0e89b1ab1df1afb195d545bb02c062fd5162c8b3a9268c1a8638e22d15611ab062f8916
2c0b1b88580da46c1d7fb3de9628b3d50f592adba42f6c4cc805c7fa9d8ba13686722e86ca36e9c99b3efe66a82d119fc62021178c22e762892db177
d5512cb1c512d5512cb1b184661b485b06521ec72b75b78a7475bb5077c1a86aeac5f7188c4aa4f67c8faba8560390ef313892d06bfccd123b4b383d
4b64e3f455bde8c060146580d381abd8575525c2563e3fe1822b15168c319f5ff2ef058be9a6950a0b86e251e492893b3d98957f2f183f4c8bf8f782
f902560da6ce2ee2dd9d41be0507f7c94abe05477732f22d38bedb877c0b16727b25df82250955c6df1a79a491061dad16ac3cf62bad162c592f34fe
d6ee23d1636e19f22d28c7d7e1f45bb01cdf616c71c4166e62fa2d18b588a9e9b76034327625d682a99c327aa8b5609c2cbfa4d68251b334895a0bc6
c9527f622d580e1d4eac05e35cb924b1168c73b9225b24d2b5afcec5162d63401f1166c1387d4c4d980587d0dd959f7095f2325b6e8effb0454bec48
7549b668b185614dbf0507ffc6da98a725c8cc2385a40b465dd3228a2e18e74a1f5174c1f8614e4fbe05cde28295560b96c32b80560b4625fc9029b2
84d1d4d9ca03182ce2d556debe6039d49eb32f1855552fcdee868022cdee9aed5c9a9d558ddd0d28063658b231c6f85bb3b3aaf130ceb90383e5707f
0b8b0dd624c71a7fb3c42fa17546ebcfa0f825f45047f219064b12e98dbf59e26750649c9099c168b6a30c8a5fee0f0d223383d1c6189a8e0cc6b9fc
90717e8ca3418cf3f3a8f043c6f9c5386c4f4706cd0a9d958e0c9af52c2ba1174c819d46d270c1d1f52d0d17344b9a56aeb7609df959fefb85cc3117
ccb474e909b22f6844eb4af605cd6aa395ea5b85c31acc54df2a474d261e56a22f58939066fcadbf261ad9b4127d41238057a22f58937d66fcadbfb2
af9b05482bd1173433052bd1b70a87f59226fa8235c909c6df8c271c5647137dc19a0c3b7525fa565bbdc55bb8127dc1d494393fd5b7daebed50c460
770ce6a540f505cd7ab395e80bd6acc71f7fb3ce1debf8f2a2038366127ba5038366aa61a50303193bc7dfac7327ceb2a917ebdcb18e07b438daa0ed
9eb3bc89ab38daaedbc8c5a059e2b6722606cdcaa8551ced2a8e364edd957b31989ad261ccf3e4663f9ccc784a1cedea6d428d06cd3abe9573311832
a0fb25934df4c51b86733168564bad7c8bc19a6c49e36f267b62b2c3514c964dc74deaad94edfa246af2507db678620bcf173236686624563236e826
5e57327615a4ab91646cd02cd15bc9d85590eee128a610a4eb5148c606cdb2ba95660de6778d32ed4e48aee8c195420d668f38ccc090b4e68fb109d2
606ec93cdbb9097edd04bfe611b65191c13cdd91b2ae2c3191917e1b4f60d0b31fc4f8fb5474a6a8a7e8523443afb281c6f8fb569408bc3cfb363232
e859f93ffe7e15bd71abe55c6464d0cdc86f7c86413743bb9191c19a5c7ee3ef4d516211f301b45196413711ba51965b492ca54a50964137e1bf7123
063d3b768cbf353b696996eff49a9da8557ef4cd7acb60adecc5c11874ce838d8371e3608c12df3818839e1c08e36fcd8e83d15cf2c6c1b871306662
64e3600c7a72818ebfb571a29b30dff81c839e24a2332d81a234bba897664fac2239363ec7edf339a6d9c473b0d6ef5c7a7b496f170d6289456fc7aa
b473d0b3e949dd3821839ebd4bc6df9a9d1dbf8fef92b4f366cfbacc406cb473b08912d868e7a02f0605e91cac222c36d239e826df37ca3998b7601a
4e3a077d7e3bffe76b79a3acb72feb8edea19d83f9e67166c65a19cb618c254ef7b30c634d74332c1bf11cf4859589e7a0671f9cf1375b6d6c1593d2
ad41379fb611a941b77871235283dedc791469d04d236e1469b089c4d8381c8355fcf3c6e3b88999d56174eb26f9697514bb8b86ad4ecfec49656a9e
6f233f83f2a9d48d1f72e3876cea6a58ee89ff745309860dbaf5b11bdfe42618d6334e30ec261836df101b7765d04dbb6ddc9541b30e7c2378836e56
6fe3760cba358e1b0d1c6c4261361a38287f56196f4470b02533ddf85b2327bad9cc8d080eba09bb8d060e3661351b0d1ccc0880b492080eb624a8ab
1b111cccc3d2002a38980ebe9c8e0cde84b97a5570596ec25cdd309471d02d3bdd28e3a05be8ba51c64137ffb751c6c126e269a38c832d39f1c6df46
c19178084d228c834de8d5461807e3dbcf90a28c37fb43342d628cc3cd156393bc9b6d1ebc6488d960da27bfa466371b38ec8ad4bf25f595e149cd6e
dc8c7ff924d9c8d96076ba2b68c117f79a4faf8d9e0d66595a4ad006e3cb4b1790afc13c2ed7a05f3781aff982dde8d7a07cf3451b011b6c6247372e
c9601314b9f13f069be8cf8da60da6459c8c45becd1f7403551bcc3d7a95b1494f9fb29cb8d64d5cebee6c5aff6d0771b8aad6f77cecae1a6a8477f1
2cb1255dbb7d51ad9987d908dbeddb0dc25b828c0d3681ae1b191bcc9fa60be9d86013c3b7d1b1c1264874e32f0dba60928d680d3611cf1b85ba8969
dd9d5e3bc5b4ee2aa699bf84ee7b5550a89b90d6088b8d420dc650f02142a2069b38f18d44ddbe88d67c276f225a832de97ac6df5a7ea6db3d94b93f
83710b79cd70760673bad915346a3a2db7c39394e00de6b0773a4d48006af340e7b50cb6e6d5460407f37334d5257383edf03ea27283f1cbf41d95bb
093f9d93f4fffda2a68283edf072a2828351a44ac6f5c4767807d0b7c1bc96eb1bc313bb20d98dc00db6c3a3849a0db6e68143cd06bb70d88d9a0d66
bc6acac8d96096a5b6b46bb0356f01da75139b2ac266bbb573626bde1fc46b30cf969b847adda4f9f9f398265f835de0ec46be06b3f10ed3f8a458fd
be78e8d7601ee6aa5a7f7f8faf98970e0df6bfaf48873fd61ee8714234d8bffad2a1c10c424d4508d1ed5f9c6bac448906f374a90929ba8973f54540
890665e3d2d948d1ed5f9c6b3a8216dda447ad99f5d988d160dc2b5f5518e0db6d625165777bd2a85acab051a8c1fe752b85bad9dafc1327246ab08b
d5de48d460ffba8b440d76beb78d440d663fe49a346ab073c86e9ca8c1ceb7b411a4c10ce8f54b0d9dea73e76bd988cf601e9616709006b3cc71c679
c25c7922361ed2601e36cb762ed2601743b0739106f33065ab32a13379caef568006b36c4d59555673554587a2d9d18b65213bc91bccb23d653f65e9
54139d3b851bcce354e556762bdb52f6287b94a9deabec4dcb5244e406f3b0548fb3349801008ed3da6c82be88dcd8e9dc604fbad799ed54d1eeb0d4
98d00d6699d3b1403994a515d46fb027cbed4c2aa8a8a7c851a7a239a8d7bfa8c59dfc0d760969768b36835dca859d220ee694bdfab248b2b7569fdc
3b4d1ccc74c1f92d511cccb2fc962a0e6659da2a1437d829c69d520eecbf36130f299a565a794377523998674b23b89083799c2b1813133bbdb153c6
c14e41ed9471b0f3c1ec94713077a6d65426895f79154eb4d3c68199ee9d340eca9e8d01665a2165998ad233a47130eff3b480360efe1da5ed712b1f
d9d07d667552966f973489340ee6a2d414191eab87416c461907c56ccf4ee606c58cc34ee5eea278f365b153b941111abb53b94199b901fff3e5bd53
bc41951d62a778832aefc36e156a502cdcddf9867741be6e258ee09dd737df783bafefceebfbfd504b9293a8fa12d8796f03db40cd98b714652b77e1
fc3b151c1cbe9a762a381877602ec97b1bc8a73d23d814c57764d0f0de06cb77b791cfc1f8610608f91c2cdf0d4817074d54da4e17074bb6a21a7feb
9b3d13a6cd15b571cf5dead36d17a1bbd7cc01bb49b9828326ce6e278c8371c93492300efeddc98471d004c2ed8471d0be4163f167d0841aee747130
2755d4422babb93827d3cac4f656df3f3b151cf4c57d46dd069be52bbb18dda0cbf4b113bcc1d6bc9e08de60b39e75277883a97b9c4c33236fad19db
c9dbfd5bd8e9dea36f8359e6741a7a90877a85c2dd85eefe198de46c30cb52618ede5d586ecd37c1ced31bccb28c05ba779f7edddd27e7ceaf1bccb7
93d369ac285cdf9cbb28dcdd2e1e3d5fcd3b7d1c70e3eee471506a35bee9e360263373050d6bc6692e40ce06ab70d79d9c0dfe3dfda9d9a0fb06dbb9
6383f988f24b2d98f89279ece46c309ef499d4d9c9d9809b7b275c8365f1b2e28fddf963bd3409d740d2d0f1b701d8e3affa7ea8a77a26bcf399bad3
a841178db673be06dbf77944b50665f471aa4aa206c7772e6d4c9259fdc6d1bacb48944fca9da335a8dfddc9ab1a54b967769a35287226ec34ebceab
eacb83400d4613637b023558391477fa34587d4defb4e8fe2da5f44010651bcc3116e3539ec11cb2a9ad7593c12e1668177a1bcc57aad3e9b7eceef1
5d549b84de1a62426f77a1b71e08546c50e43ed889d860bc8bdd4c546c50e524da29d6604952fff1b7765e898174498a75bfe234f390233f83656146
4ed8601c955ad095fbc5fe69375db94b1ae43d445706ff3e19e9cae0df671f59198c8ecbb97849773bc737df789466300e6bffc7fb99100dbab4753b
1dba8ba65d8c674274b7d14784c24e8706dbf7154f5f06b3f795b1c2fd7d6ba82633dc3ec5ddc8fca1c17c8ac510fca1bbd59507ab12a2c1f716a243
8399c73245ec107fa81c0a3b191a4c73a5092467208461273803eb8f76da32e058dd29cba07bc8d38bfb9329cbf497b8dca016fa835c0c6a215da8c5
a066fbb8f1b7c6583aa953a9c5a0aedeebd4625057af4a6231a8ab073e876650572f41c23028a223769eca60dc656933ad18cccf8214e9b2d7722757
d4a0d73adc08f64a160685a7b50a930d8ab8864a1506e3647f29da14258a3fb754951628982ff7145545896f5ffdf0509427669e2e557c6d303f4e52
d41565054455d59fa2986275c553514c71a8eaa5c803a7a7e856c4144b8a1e4579e0ac8a5e456f8a724532b24a6a1b7d5ca9c82aa96dd456e53e0daa
5bbdd29541e1a4af646550045754b2322842052ab518cc41ef302d4a265aaaa7d28141eddfc9b4a858c2d79d4d93ecafa8666460959d965da9c0a08a
2bac4460508535551a30284736a518ffd1a625a1e58605115865a7cdcbafd2804115a653b94b83921db8c6df5a2e3bad3140010655bc5525f7aa4d42
aa8a697892cc8a7fabc45eb59fbdb149ed0573d946c685c0e2a0c8255209c0a08a89ab046050053655fa2fa882dd2a011854117d95fe0baa18e54ada
0555a464e5d50caa98b54a82054bd25c8fbfd54bc4ae9ea4ca8265617c11bbc1183d6a41a905cbe2a614b25b85ec320fa516ccf4f3a99998ddfaa9b7
b4927aabd49bd1c3f719cc6bba80112b68d70d47d055e1b8ce4fd055b1b7dac4d3192c8bfb99c60be6432ba38056ab368917f95129b3e0b0d8aa726c
06e365e46c6abb27962df2b0d26fc1913d93c6df4619fd56ff7b2fe771a841b8e7a3c08026ef82d1bc14f17106e352a910c1171cfcd7d592cc60dec9
a92411182c52bf5422b00a078e3aad4460b048315489c060768f0be86c21c26e222ab052811e6b5460fd5460a66e2a1518b4ef3dc0171aac027a2a11
18ace25c2a5768b00a21aa3ca141fbde16a462d0bee72da918ccfaa716b462b00a61a984611523eccd4617062b3f7de5090dbaf4a795540c9ad764a5
1483551048251483f6bd67e8c4a0790b578ed0fa6dfdc88ad678567b3f463956ca3168dfeb88220cc6476c7e481056825024712508832e1971a507eb
547fabcff74afc052b615af946832e0f70e51a0dfaf2fd50935ac28c3c9d38468371aed842a46f30c7452a4b48065d36e24a48564232de8c4a4806f3
56ced928c9a0cb185b09c9a0cb215d09c9605423bd4447066bfd8ed2bd9d2d5c922d7aa24cbe1fb2457692dcb313d4f88f66f6f8f8bf2283b8c7859d
60974a49564a32c12095920cbab53595920cb66f101092552adbefbea11283cddc7be5d90ca6664b07508ef54be1e3ce211d2b77a7e737df6630b38b
b9828ee2dcf400a21deb97afc7ad433cd62f5f4f247fe5dd0c366edd4a50d66f3392e8cecabb59a5cbf5dd59b937838d07bbd29dc1bc82323d1addb9
8be4a87467302fa18c9926b6a61be8ce60cb0eabe36f5692ada77c65ac642793f2a711ccc4815afed484996c5b52fe5c829db2ee733f7418176a308f
8bed783a838da2ab7465b0d1d895a733d89a7123b837982753a65d9776a5be9c9ff5fada90f12b96b74aba53be8b6a575670fefb82a65383b902554d
b48b03b44461541234981a30d7a01e835d7845e5b1ac5fd29dcca9552ecb60e78eae1465fda71e95a9f1c46ebebf1294c16e456ea527eba72713a153
69c74a3b32095958e389fcf72a240283bdfe3fb3dc95480ccabf6f033231d8cd3957bec6604e60394c6be26b14f454f91a6b1675ae3cff95540cacdd
a894625086e0ca2f49c5fa0afd49892195e59a22ceaaa0d6604e77a6c890b236d30b895b315816cf1d61aec1229f52a5148345a870e540ac5316ae02
280faa3058e5ac39380b83a61207a1188c77f3eab055590247d3d707a51874ee8383520c3a27c341030696ac1c2460d0bb6afd946485f3e1e4a7a22c
ebcd97e0410106a55aa877908041d9bf6a3d8a1ef7b816e5fe3822f84c431dd4dd51b2302e77d641ca1dc527759acd1b18cc575beac11b182c8bda92
77c16162fde0f93b64d4f9ceafb213ab6545077517cc25e67bcabecaeab7988cba0bfa92d7f541dd059ddff7a0ee826e36f2a0ee82f95049cb49b9a0
6cf2de1fb45cb0af5f91664e8c9b2f0da0e5020b6c0efebd634a39ab650fbebcc00ad483b60b2c963e48bbc0faec83640b7a5e5f0779165489d70ff2
2cf0f97c506781798f83380be68c634cc517170ce99ec6116c412dc60dc11654e9c00feeb9a096afa29ab7266dcba6a6da37d1bbdf69df6ad2491d74
ea9a492796a2ea0eaa6ed337545d50b32ff4ccc0af280ee9c551ba265b87641bcc99d35ed16ca37d360e3a2f28960a1c445d506d9570d074415dbf4a
685032ea48ac7a88713d76b361693601171491d7078f5c50b34be2cc77ab28b5cf24c441e505453cfb41e40535bb7f8ebf754792e8d84ce0a0e88222
64fba0e882ba7ef5faaa9af74d712ec68f474e80f321523528c2ac0f2a2e18f7a2ba9271c17814ea6fd2ebf8a497bea4b382c25978d054c17427a548
6de359130b7bd054476249ade03908a8a058a372105041e1df3b08a8a0589274d04f41cdee99336e4051a6a23c9848aa60baaf52a445d901c4a29b83
a43a8eccd375e7d2c6a4c899af98ff7c1b1fe45530dd62296295b8e1783d0ff2eab0c96377757d980c3a16061dc767a87cba45e11fdc72419580fdb0
da32a8b2c01f345850b30bef8c54576442339520c1829a9dc3c7dfacd258c50f8dd3f8df2c7c39e8ada0582a74d05b41ddbde1e8ada0664bc1f1b736
b6a425697ea88d094d1d1f94393f091614ab9f0e122ca8323e1f2458305d9329628a24cbe1003e88b2a0cae57c10658794abc6320516146bd60e0a2c
a8d9447dfaf3151920e9220aeca0c0e2123878f7826209d6419305c58abb83260baac4ec074d16ccfd027218b9150c1d9e8feb836f2d183763be860f
022918d232172590822277dc411f054508ea411e05e5db18eaa08f82215dfd926593fb86f3e8a08e8222aefba08e826aa9f4411c0545baba83360aaa
e5cd076914143b4a1da45150cd261da451502de13e28a3a05add7c103c87443742d70e8227a816b21e1c7041b57cf3e0800baae9b383032ea8026b0e
422928e27b0e3eb9a05aca7cd04ec1e81057d4c82b1947323f70d04947f2dc588777f0dc05359b6a8fbf75f89559f3eaf446d4955973238a480aeaf7
414623054538fbc199171479ba0fcebca07c2380900a8a051207675d50a4e93e38eb8222d9f6416d0565373b7670d605f3e5e16c6c71c7165e0b1458
50ac293928b0a058147070e905c3168a98e78e797c7ad06441b174e3a0c98262cdc1c1c517546bbf0fcebb83f3ce2d4ea505d56cec218434a8167a1f
dc7941b1f0e120e58251554731c593a1ef7141aa054540da21543418434091664bd2e3a142bc1d92f4f8e627de8271c5189f3330a866890fcec04392
1e0f4e0aef90a4c78393c43b24e9c96ce241e10555428383333028a63e0eaa2f58e4903b380383221be541081e92f4ec7ec8382fe338ca3091a4c767
2c2118cc9d2dff8f546107c7e321898fe725ed188c22d762a9ac863c88e6839b312832e9377a32285f729646500663847f658bb27c464939da28ca60
3ce117e7db9425865e685623f18272702b370ebc60b63be723e882c32e668dbb2e58a4116c345e30befe1555458918389ceb501489f79dab296a3957
5a65b563307ea8e85414af8934628d9f2f181573496d2a499ad31cf5287abcfbb794bdcae26ac803b75182c1a8ff9122065fb89552594a30984f995c
80ec0bc62f6b8ab47c49cb33601b89d748bc3cb29ab8ce6091d5af917dc122a762e3d40b4693fc502ba506cacba1517ec161c79fc6a9178ca3d26e6a
3018ed4e8b38f09a2c4079e23672b0c902a45ef460308ad22082b07d82305ff54dbc66503e0f6423128365d14b4462b02c5fcd347c4d97773fd4f0a4
f9590f457a7c8d9f8ca989c426cd0fbb528941a947a457b3543158a4c76cbc86c12236a1f11a365ec3e628439dd7d0b8a02f834356fb465e364ec3cc
6634f2b249fda3dfc8cba07cb3018dbe0c968565e9cb6034dc2f9927bb558ea742ba89e66c92ff1caac13efc886e429a3318868dad69cee058bf561a
2b9b1b22adb4d4b249fee3871c90c122a565235683c5eebb4d4469b0c8a2d9e8d7607a4b53310236185f50bbe354761721998fa3c66d17cc4757aeca
d5167c79ea1b09d8a4d9a98ed2286976f2166f2460f065a66b2460f0e55a6ff45e707835367aaf49b3e38941ef058b38f246ef05df8e378dde6bd2ec
78e271a10587f77323e882c3dc5d23e89a943aba97a06b52eae812822e3824ce6d045db0d884a5f1a0055f52e646e3050bff751379192c32dd37b2af
49b2f3fd9071da27169c9f75b2c5a4ad141add172cf6b768745f937827efff261633180f67e39a160cbe44008d3baec9bce3e9461e06c907f19f2fe8
463d065f7068a30b836fbfb94616361977224b1a59d864dc31ecc9c2e0e8fa9e2c0c86d9737ab23058ace26e1c73c121b6aa9185c122cb65230b83b9
f4429906770d56572d9272c75d4504068bdc0d8d080c163b2e342230f85237348eb926bf8e71ca31d7e4d7711b5898181c3e721af1d8e4d7f94eaf91
92b6ca86d0c47d360976dcb23c7a4d821d1dcda3178cf3ab85beffa5efbdb3f8f39a043bd1a18d5c0d0e1aa771f1058bf45c8d806d12ec44e3340236
5838ae1a011b8ca25c91800d16699e1afd1a1c2454a35f83454ede46bf06cdcc40a35f9bcd300d3afab571eefdfd393f532481cfce3bdbb8e382f9c9
96d3118fc114eaca5cf532f0d273d46330a7c8723af2316876a56a5c6f41b3a6ac5194419342a25194c16a8ab2f1bc05e5b0deaf5199c16a8eb25199
4d621daf532a3358cd2b362a3368d20f3492326876516b2465d024eb682465b0ca93d148ca26898ede24298326334793572758e5b6685466d0cc6f35
2233582d2b693466b05a7cd208ca60350fdba8c726638e0ea11edbad8dae682cde7150649ab771e805abc4d24d3468d04cc535ea31584de036ea3168
e6ca1aa918b4fa1da5414f1ac4d03c7d41b3b95ba31e8326774aa31e836606b2518f413315d7a8c7a099126da462b09a326ea462d06cdad648c5a04b
a4d948c5a0992a6ba462b05a18dc48c526118e5724a91834e9411aa918ac7c868d546c12e178c8938a4133eddb48c5a0d91faf918ac12a234d230583
55468f26063558ad0968d461d0ec00d9c4a006ad6630754a3098b7f79ab2a28c128c04ef946030eebfcd6f5765421077c76dca322ef246ef9c8bc16a
495517861a349964ba30d4a0994dee5c90413397ddf920bb34af7f7fff478076e7a40c46ff94149d8ace14b9fca54824956bdd8af2e0f82af928cae8
5a34f85594344b79d7752ab7db9c329f135d986ad0ecd9d7e9de60e51fea746fb75f653e213add1b343b1a7661aa4193e3a5d3bd41f342ec746f30dd
a96911e11b946fa7964ef906651309d849cea05997db29c7a099a8ee3c86c1dc2fc761ac21e54d9e865da467b0d64c5075a2301847652c711b065d3a
d54e27065daad14e2776196ff2fddee9c4a054aef74e2776296ff20aec6462d0ed52dec9c42ee38d114d13067df9cea5956b82b09a2203238e430976
3b4dd8694249213ad761d06529ee646297d1c6cd462676196df265d1c9c4a05ba0ddc9c4608efb18964e0cbad5179d4e0cba54cc9d4e0c86be399431
c69696bb6f29c060f4926b32c6c6188e628c2dc6d04a6a2fe8363aefd45ed0453e74d22ee85cf45d6c69d0b9e33bb517acb625ead45eb0da38a4537b
fd537b996cead45e7098a6ecdc95419724b65b40187451bb9d0733e8cb772ea6d899222d12a61aac362be99c9a411714dcc9cb60b552b9736a06abb5
609d5333e8bcf89d53331857ccb0e0d40ce63338e6e1d40cba3d5abad8d460b574b90b4d0dc650f1c0237283d14a2763b164eeb18d7de7200de62761
9a2936351855535b26ab3199b703376ad0e5fbed3474306a16c3f2ac065dfad74e5607e3f48e62b2ea19eb2826b38a311fe45d006bd06c5cdc89efa0
cbb5de89ef60ae9c4c8b3860fb17c1bafb299b1d6e25454c36b15a40dc29f2a05bb5d429f2601c155b50e45d506bbe973b451eacf6d1ea9cb24197b9
b913e9413793d509eb606e84a64c9b26c625d324323ae8e6033bc91ccc51906bd2ccc16ae97ba77c83e9ae4b03f83c832e28bef37906ddfa864ec806
9d33ad13b2419fb373fffd6e266a83cee7d489da60ad6e0fbece60b300aad3b941b706a3d3b941e74dea746e30df0d691dff67d0c5f777fecfa0f3e3
746a38d824b0e8d470b049ffd065e5093adf4ba7868369f75c921cee5f9c6a9a440e7771aa4617391c94cd163e9d1e0e3629483a3d1c74fec36e1564
d0b9473a891c6c9292740a39e8fd3b3dfb7c31af2ac63cbf98277ec74e21079ddba653c8c1269947a790836e894aa790834dd462a790834d16944e21
075d02eb4e2107dd0a954e2107ddeac34e2107653cad52311239e8dcb29d440e360b7e3b891c747e9b4e2207dde290cec51b6cf28e74a239e83cb59d
f336d8246ce9d65806dd0a954e59079ddbb48b730dbad8b6ceeb1b74eedccee91bcc0d087318af6fb009e9ecbcbe41e776ea847bb0c987d2e9f6a0f3
7d751a3de81c839dfa0eba89f74e7d079d0bab13dfc126b34c27be83cdf6019df80e3611a99df80eba95399d8b37e83cdb9d1e0f3699873a3dde65b5
6d2c467d079b20d84e7d079d27b553dfc10c2ecbb020bf8379a3a601bcb741e7faefd4707f3eaf584601ff6a50fe6ce3d2e9e16096a572dca9c18c9f
763e974d6ed83f1ba6742a399865a90a991c6cd28275323998b3dccaf4420262ffec20d4a9e26056c5e9f4c3935c5bee3b4a399857cd4f89e060fe34
66a78283799c32669fd824dbea6470300ef3e4207a8359bb3496ea0de6e9d265646f300d952147f706f3d9edb78661165f56cb4b3be51bccf3f92d0b
bc2c608cd1bec126cb5ce72c0d666bfdd4508cb3f4cf56383f1a3998d5db52569425223f6f961f891c6c72c0fd28e41f5fa9c0da1f851cccca29db95
25b542eee81f891ccc8bee293b94b15d5ecd3f223998edaf29ebcabae3d4eea72cb9e7f2fafa91c1c11cdbff479cf68f4cfe59cd59bbabddca6e3550
ab571933e635fba381834d12881fc11b6c52d8fd08de609e2d75a77883698b5c81f73798e32d36238383799cabb24f619f3c8d7f12fe049bcc843fd2
f8471a93a93fd238986341190314cb5933667ebcc2c13c4e331e6559ec71682c9b4c6c24e28f573898bf4c63b985834d6ebe9f68e0609397f147a207
b359191edcc2c12c4bdd440307f30a7ecb248bc50e4cc20d1c8cf63735d1569b6d4ae5f9e31b0ee6de54b92e391fcc58e554999e0fa68b21e723e883
799c32ed98d82c87fb91eac1669df98f540f46511ac1a31b8c223fd486d5ea0c838e7c0f46595e073ffa3d183f4ddfd0efc1ac5a4c47bf07f374f929
011fccd199cb52f0c13c2ebfa5cd83cdc2cf1f6d1ecc2035657a2ce2bc084bfef1e206e3a7693ebd1e6cedab088b2448b8083bf811ecc166e5e78f60
0f6637c4725cb6bf4d5bf3bafd91ecc13453ba8687369865398e8e0f665b730d423e98d750a6fb1364bc9962f891f2c13c9fe318255abe08d5fed1f2
c13c2e7526e68371bebc217ed47c30ba5111abecc6490600351fcc1aa7c7c8f96096a91dabec9622b114f51ecc9ab8044b257b6e33c6c8f7601ea68c
a126c661b902f91e8ca29893560fe62fd37c5a3d981f26cec624954998985a0f66591a46ad07b32c23855c0fe64f1dc728f5334a1a4bb0075bfb7eca
26760b2d86312d1eccd365e051dec1ac72ec445207b32ce723a07f76f994cbf347080773d34465ec3eb1cbfdf2e375fe49f9636ee8471d07bbefcd1f
b7f3ef5fc69f5c95600e664dd2588a3918c7452dfe789e83dd07f38f8a0ee65595b17bc28b8b29a91f9ff24ffe5baaf5475a07652ea84c99db31b96e
8bf99a1fb91dccdfba0603644d67f9de469cc9c15c3293a611e1c16ea9dc8f080fe625fe8f70ef1f6ff3cf8e9da6b77e9479306b905a91e6c14e54fe
48f3601ee6a77ab97f296c5279e23cd82daffb11e2c1e8161d4f8907b3262e615cf6d3251cc78e13bb1c703f9ee99f1d3f4504fee8f360fe34238440
0f66590617811eeca2047e047a300fcbe928f460a7c67f047ab04b4ef523d083d9061760a61f33799090e8c13cce559929d98b36eb487e447a306be2
1a6c2259d19fc730011eec96c6fd08f06026b38b3929f0df94dbbbe4e23fdafa679b5061ca3fe23a98fb3ae6aac475b0cb1ef523ae8379855484ba0e
66e57255f2fa97a5a40b3df7132f1dec3642fbd1d7c15cada826c644d6922e04fc8fe80e76bbdefd28ec601ea661da2a8d9159f31fa51cecf6a0fb51
cac16e77b71f777630cf96ca91cac12c4b27f26707b35d7eab5d9759278da0a983f98e743e0d8b4bbbf2e3fda8ea602ebacc0020ab8359e638adbd24
003278a8e86096a52e647430cb62773a3a98e74bfde8e86027ca7e74f44f60b4f8cd1f6ff4cf6e9f44de8f680ee6e962782eea60ffbee1c53c07bb94
6d3f5eeb60fe32ddc36dfdb31035a2f427e8f9f72d44f550e0cafe496c2405f48f2f3b98656904f91ecc3e8b3dc9f260a7677f1478307f9a0a53e0bf
7f4b52fd54bb92fff65bc1f923c18359bd5499040ff69a29e61fb9fd7ba462f2f9cf0d1d942f4dc58f04ffc95f2472ea476e07e54b24f1a3ad83d93d
a90a1d1dccaca58ed33dd1d1df82c61f1d1dec9232fec8e8e0f3a9fca8e8609e6d1e7692c2c12cdb53b6285b949594adca56656bca36655b2ee1b05d
d1eeb670baa66c56f84ba87612afc1de5645a7a22c05962cefa43a83b93c78b6ffe48c0d7637e349889e6571581a46890673c9f091b2aa6c2eaef458
3c29cc60e65d6b2953e1d295d594a970e4e44a139f6462309f0b7efb28cb4a659ef093283c850aa70d24613033aefce71bfd24188322e5dd49300695
07faa403832a3ced24f94e1b85e62e3d29bee0d8fed4909d85fee6ad770afd0dc651393d59182c4757a45e8906ee79839e4461307e98aad284a73d41
dbf74b7d913d41659d397979cfecff297bc54927064da6ec934e0c56393a4e3a316872679e6462d064ec3ba9c4605dbe22bdb5724df92153ac092e71
7a7af0e4d1cd23e7e4d13d79740d421edda00b523e29c493f73613242781187451be277d18acd6f79ef461d085c49ef461b0f9423ab978836e65d049
3106dd729b93620c36cfe993600cfa771ff0fa069b6c8627b9186c72779ed46230e768527d6a31186fbd7c0a9d94e1f929c3cde918e39f32743ed6f8
94615e352765184cfde01a1a4f06ea1492ef24f93eb371e106bb640e27c5775a844a049c145fb0db21f4a4f8cefabd567318c517ec66a74f8a2fb02b
dfc95f1bd804f9240183ef8e200083c2017ad27fe73fcf6c8af466249c3d6e4e722d18b792a3d43d6a6d3cfc73324ed160f5723a89b560de713122b1
76caedfa598cbb33d864993eb93b83dd3ec227776760bbc893c80b663a66657a24ee4ef527fb822a5ef024fb4eab47f3823ca9bea00ae73aa9be60be
0b7332aa2fa862a54fa22f2836e93969bea00ab43d794983622f9c531871300ceb286dccfe9d12089e045fb0482078d27bc117567f927be79476df5a
c893b20b46519eb054dcf9c504a712d457d024d839a9afa0c91679125fc12af3cf497b05ad7e451a94cc3ccb772e0dea7974ba5529afa08b373d29aa
932b334af1a48a827993c73a64d1698311c9fb4eba2818cf870c01b2289887a501645130cb1ca7053f531d5ecebc92e7cf1c8edb92de09e64d1eb3fd
be1a9b4b503bf62681f2ad73f23806f386ce5549a06097e1f6a48082ea9beba4768232b78cfaef97332d145491f7275763b0c85079923dc162878e93
5f3158a5883aa99ea0c915737222066b8d97e8e4440c46511acc87787e7b6a7a46d24127f7e07798d6257b8e4c4127c913cc692717309ebef4394c4a
f204f3519a76923cc1fcf24a43499ec0aeb427c113d4ef6ea677028b2f4f6ae7a4767405b1138c719edf09d80d8a8d8f4e522718c68815499dc092e5
937730a856809c8273836283b2931c3a2d003dfc500ba37c24f439299fc076c627e113946f1ffa93ca09aa40bf93a009aad0f4939e39b923bf067147
06c7163d730ad80dc603cb2fb5f1f19d9516f145068790ed93100a0ea92d4e3a281847a591645030078ff36be5943c8bbd4c4e81b7c12acbd949f104
cd5cd7c9bf7826a4d66cd1c94778bef99e31f6c998a05b1b745231276fa008af938c395fd17a8a0c9d372146de9d1c7f41b7c4f4e4f73b3fbf5fbae9
22762e7e3f596a2e7ebf60961d295b9479026662e42280827947ac29db94f9cc89eeba28a060a36c2e9ebf601eb6a5ac296b1956aeda159973ac7e7a
2a93eda93bee524665efca6e65378da526afb237fd3c4b48a7c05ac48b720a5a1ec317dd74c9ac1a417cf1e005df269d17075e50ff76455a591278a0
441b4bd2bde4d97071d45d453211476962e1a852072d8c4f6ee37fbb88ada08aa4bef8df82e2a6bb48ad4baad5b8642ed22958e4fcbda4550d16e951
2e6a2a18f749ecc7fb162c72a15c9c6fd762ed69ea258e36f856375d5c6fc16263a98b0c0b5689112f2b30afc5cd941f8aac0d9a49c58b0c0b66b848
2e4974059b39ca8be8ba88ae92120dfab761861f6a5112a6dafbeda2b9ae6f05a6faf3d7056d73946ecb8e193bdffd458705f3026aabe5c9d363cfb1
8bea0aca21def622bb82e6aea1ba826a6fc58b672eb078f9a2c382b6ff1f2fe68b4a0bca673b2a2da8766cbc48b2a0d22017b1154cdf44ba90da0aaa
37e2456d5d49d9f3ddfea4d5155fdc5f1eae17575c30ce1f7b925641f9060d1915545f4417151554efe58b880ac60f532f7a29283e362f8eb460a668
56a6497b4208fe9c4c8be249abb689b8c8aa601ca61ac6ee2ed392a3b432fb521a8074d645677946905957d5c85887a40a8a654b17711454fb375dc4
5150edd574f18d05e35b36b5e71a0b8a00f08b672cf816b75f545550a4bfbcf8c58271947a694f4df6220f6d51ab41f912d15cf56bd19b5fc638c256
8342fc5e9c67c1382a3fa4d082228cfb12b51a8c4b2ad2df116de2d72f41abc17831ab191d17146fc98b660bc6251dc516d9a2a3ca9c79516d41f99e
42445b506d457059351a1461b717211714e1c0172117cc5dc75246c95d941cfb537241214c2e422e288b172921171491f51721178c26398a31e2bcf3
f971d1764111597f71e705d5566217b977c59bb77c454c31514d2c5d568806e38a2a61e8c7bd27b4fb22f78222befce2dc0baaf48b1705188c73a577
b9f6822275dcc54f1714f1df17375d502d5bbbe8c4cb5e201e037462506d4976d1894111b67f118541e1b2bf88c2a09803bbb8e8825155452c110fdd
f76ae2a00baaedc82e0ebaa09a75bbf8e282f245c95ce46430b379c516b45e3087756acb051614ebee2e1eb0a058b976518441b5d2ef220883f2dda8
046130b380a58c220c2a6575f1935dfc6489c9bb68c44b0caab4b117911814298c2f6eb2a05af678518141b52ce9a202836ac9dec5471614cb6e2e3e
b2cbc2cde6f4ec939c4296a05d3c6441b1deec221f2f5b7f7829938fd7f9a5314c115b48b5ea5d403e06d5ccc3453e06c56ab98b632da896ff5d0465
50ada0bc84a006652ed9fbefb732097a59599a59888b272ea826cd2faa34a8a6422e023428dfa70afd1914cbf72ef23398ded5f420011a1419a12f02
34a8a6472e81acc1dcf7d035596fa2123317551a547b855f3c7041fd3edc08d5a05ad47511aa41b1a8f32254836fe1f325b6f512dbea139678bde42f
f26d4dbc06c562d38bdf2ea816c15dc46b50a509b888d7a058cb7651af41b1c6f6e2b50baa0563173d7bd1b39e139c76c130ab2f701a3728d6715c34
6e50ac82bb48dca0589d7791b8419161f7e2d80b8a0ce6173d1b548b8b2f7a362812855f226b832a68e4227183b9e7a6c3d822f98baca8bc38fa826a
45e525d436a856ff5e7c7f41b5e6f5a28d8362b9e3451b078b8c8e17676050ac79bdc8e5a05a2c7b710f064536ebcb0ad4a058727051d04125bd6f02
37a8e6606ffa36387c1edee46d309fbe6bca56656b0e53b429ca546abaed266e83f1257838ac2ae3b7cc83f516d71a1cbef36e82373878ee6f823738
b8196f7ec1a0ca7e7193c041b1a1fa4d0107c5a7cd4d0007430069f9a368dece1686dc247170f8eebe69e2e0e013bd89e2a09ac2bfaded0caaa40537
bd1b1c9cf8376762500407df347070f8ecbe69e0a04a4e71f32e069533ec268b832268ff26816f9b927445da187763ff6aaf8d25f9c3f224bfa9e2e0
f0517f4b4c141cb6c3bca9e260e89b7cf8dd647150eced7593c5c1ec6f17d0f004a55abd73f345de7c9179d1ddf21705c58a929b7a0e4aff6aa6e109
5cb534e9a69e8383a8ba3931832a2fc64d5007c52a8d9b5f3338ec0377d3d84135797ed3d8419176fee6ea0c46bd3204a8eedb3625dd512c669b92f8
f76eb23b28121add547750ac44b9a9eee0208d6ea23b2896c8dc5477502cacb889eedb662679dfdd347750647fbe393f83b93aecbfdfc937957eafc6
916ab3dd6a1ca5da247970509f374d1e1412f2a6ba834a1ddebc8bc1ccc993d6d1ad373f1fefd04db806c7a6c5746b301ea2391bdd1a2c3ed46fb235
9861667ec90abb49d955998a4c8c0b389b76eec6481ac51b188ca27435e51a8ce74bdac919188c7339ca18a9a6615233fa3658d6ef5c0644761191fc
f7a66f8371c55495be0d0ebb7fddf46db05096377d1b2cd20ddf566506cbfad54bf772241a5cf46db0d05737791b8ca35244de06876d7e6ff23628df
87c04ddfde96654aca7f53b3c14202ddd46c7088f1b989d960582c4de2930c167384377d1b2c1c01377d1b2ceb570bb69818e75259e32279928432dd
f22405874d8f6f8a3738848adc146f70c8957f53bcc1304f8e2278834394d14df0de9feb325f8c37c51b1cdb5764a4b44ce86746e0a6788343b4d34d
f1068b79899be20d462d621d8a37586468be29de609139fae6e0bc39388d0122f8e6e0fccec5608dc15c91c19af1a4dd0cd68c275764b089e5f0d224
826f01ae269c6f2a38384488dd5ca3c13859ea4a1807a3271dc5604997648ae3268c83850abe09e3609186fa268c83f2ed0975f3a006c7f6fd92c5ba
db2dade4e0bcbf34b75e1f3c9cc17849ba23a8d96031e57f13b341fb3e8088d9a07d6f5cca3558ec5b7153aec162ef8d9b4a0d66359431d0c4382c27
a35283f6bd24a9d4a07def7ddecd60b18ee1a652836f61f14da5068b151b37951acc386cb5d0f03373df9e6d646ad0be6f0832351823432d8c9f7839
79146ea19dc1173c7c53aec1b06b7a89720ddaf7062253837f1fb33469b0886ab889ce60110c7f139dc122a8e4263a83e57b8cf184065fd4fb4d8706
ff3e80e8d0e08b57b8e9d060b1dbc84d8606a3e8ff48127a53a9c13067ac429106ff3eb729d2e0df2387220d161ba7dc1469b0585e7153a4c1bf014e
91064d00df4d9106e3a8f403451a3479a56e8a34185555c476778691170a911a2cb6a2be89d460b18ce22652832f52f52652efdb90712e43e676fba8
17e3dc318e0707411a7c4b196e823418fd902b12a4c1b7cafb264883d120458cf36460f964a15183265ae9e6860dc6b875144b3c2c91f141a3065f56
879b460d162b856e123558da777a968863565cd24da2069ffbf6265183c5b2969b440dc6833645246af04d2fdf246ab058c07593a8c1382ab5275183
d18fb1aa05a3c117bf7a53adc162f9ce2dcc35f856e9debcc3c162e5d74ddb068b155d37ef70b0d8ccfbe61c0e16fb63df625c6f49923c2bf98b83ef
f1f9d0c9c1b722e7218a1f9b729a3e7988e2a071c83e4471309fff2d65bbb2b4f2cfd97e8a2c82c98dfb109fcfdf372999d3f1a306e5bb6b1e923128
df4dffd08cc12a35cc4333068b25740fcd18ac1c080f576ad0acbf78c8c8c7ee27d5e955ad24e83143fda11983d594fc236a3558795c1e323268f5f0
43465b925b2c9f5c0f6519ace6cc1fc2325879441ec23258e5027ae8ca609cdeb958674946adb88b1fba3228df9dfa10964139ca7736e6c91e29d65d
3c94e5c32fbb2b629e25e6897be2a12c832602e7a12c9fcf7b9b6a50960fef6de6461eca32183f4cfd29cb60354fff509641b326e9a12c8355f6a487
b27cd6a4d88ae27d68c660e57c7a68c647c0ece1f44c21607677144b0898d56c9af1591378a443b8691fd1b1f1e63e44e1233a564f128541b3d6e821
0a832649cec3ef1aac92a83c965406ab44498f80d9a0f1593fbcb3cf962160d0f1ce06cd22a08773365897af481b376d8c0939678375f9aaaa8d9b36
fe1f52f9e1ce0dca97e5fee1cf0d669ae71854ac6cd0445b3e7cbc41b324f7b1ae3218fd955ee5f60d564ea787db37183f8c1184ce062bafd0433d07
ebf25582a9e2f5fde64b1ff23918278b61c8e7605dbe26190f7b1e1cd50f996fcf10d9559ff976778622f6d973671881f474308ecae9e9e9601465b8
d1d341134ff0d0d3c12abfd323bc3618067314ebd458e7702ed6a96e968c07123b5839db1e123b6822891e123b5825c47af88b83717a459a2da5114b
10cfc12a17d2432907e3f4e90f42395897af481b0f777f2a413a075f6eb0874e0ea6c2fe1f6377962dbbaa2b01b44b0b1b1734275df5bf090f6272de
efbe5f91a9e102090c0412c265343af48e2ea3d1118de2127a11e5403745ea03050e94790cd78b57bea264cddc5f2c3270da18f962918155e6a61765
7c1dbc2257f68b20069a259a17410c340b0e2f8218687265bff861609d364306030d717d91c137875aca27ffa279af132c1903cb0b344b2f2f96f73a
c1d2e7c6251a68964b5e2ed14039c4bebd7ca2afd8d9e64e661cb0ceaf924f34b0ceb622c236d08411bddca48126fbf76bc762a0492efedab1186856
7b5ebed4c03a3f4a91b981c631fbe2ad8166e5e5455b03eb1c9bc4e5069a258257586e609d430c6e1b58e78784db06d6d9c610d940c3c45f4436b0ce
0f9c0736d0ac55bdb86da009b17e51db40b33af6a2b681669de2456d03ab30f817b50d8c98f7149f5336b0ced902ba1b68bc322fbafb4ea72cc5f1dd
40130ffea2bb8175ce46d0ddc0f86a9443b34854efec8ef0dd401337f6e2bb816649ebc57703cd42cb8bef069a5df22f4f6da03973ec458103ebec5f
796a03cd22da8b1507d6d91160c581754edfb0e24013b9fc62c58175ce29b0e2409358ffc58a034d50dd8b15079ae5ab172b7ea5f8d5e562c5815aa6
daec75c75ee57f702abf7cb7af2444f3b9cc99244496c55e4439d02c1abe8872609de309a21c6822065f44f99d31c644ccf930676c872807ea366f64
ce27fb7df48d5871a059c97ab1e2c0d8bcae608ce798993f9321bc3830b63fa72a10e340b340fef2de067affe51508eeeb0c993ff372acf47de7c439
f7229c81c6cdf1229c812abbc88b70069a38cb17e10c347ea717e10c54490e5eec32d0e4757cb1cb4095e4e3452503d5469e17950c3439bc5f5432d0
783b5f54323053aebdf650069a4cdf2f7619689c472f76f98a3db627ea452f034d0eff17bd7c2522e24e7df1cb40e32e7cc52307aa6dfcaf78e44095
2ae5c342bf198e9c56f571d706aae4161f661aa88ea3fd10d3406bf3c64a548de95eb091c566cdc376a23d0fab111d44c923d7dc78129dd47467238b
d10e97fd88b2012d3dcac75bfb392ed4f2d4c75dfbcd1c43c5750fd9e30d6b642f595a5023fa8862b50c9e1f576ca009a2ffc42c07aaedfe9f98e540
959fe0c3b503553e908f0f375076eba81f276ea09cdae38792079add031f46fe95e89e99c4876b071ac7d7c73f1b186aba8c4e095bfee3fdfbb0ed40
150efe61db817159ca816e07aa43443f743b50e5b9f9d0ed40ffac3797517ef1f97801e56776a1aa1c945fd2160eefa4e8806abfcd875c07aa9c311f
6e1da8128b7cb875a03a1efac3ad03cd39021f6e1d68cecef870eb409554e4c3ad038dfffdc3ad0355b6940fb70e54c9523edc3a50651ef970ebc030
4ff446ae3fe797369731cf2a9edd55ac9334c44e1bf850f0409529e943c1038d9bfe43c103a32ea9c462abdec5652c96d4c4a21f3e8ed94ff8b455b5
0f2f0f545b523ebc3c508d1f1f5e1e68fcb71f5e1e18359e6220e681c6a3fc21e69ff350ed1bfaf0e440b3b5f8438403fd69ff4b62920f4ffeb6d9e3
a5007872a03a7ffdc39303e3b21400510e7499fe07530e5469dc3e4cf91320edb4c50f550e8c3042d7a94a51d376547ff873a0ca02f8e1ca81f1b8e8
8d2c07aa24801fb2fc4d57f3d44bcd6d9288ed1ec78a33ffd07c2b3326ff907c5e1fbe1ca8d2d87df8f22772da36890f610e8cc2c54c18736098c975
cc34a0ca80f7e1c781ea98fa0f3f0e8c3b3d4d53dee59dd3cbf13807864c819964bf944e89d96497b32f0b301f3f74a00acdfb50e9409509ee43a503
73f7c7c70f1da8d2aa7da874603c3f77e2d2812620e3c3a5bf63366632dadb09eb2ccf0f990e0cb5a202361da8b2187ed8746090dd5884df3950658a
fcf89d03fd6999207d5877a03f8d883d8ed946e8c020872486558159e4f0a985537c7ccf816df63c7ccfdff43dd38bef3930748d35799a03bd242930
4f73605c160b5b120854090b3faee6c0285cd4b74a10a8726f7d560902e3b2588eb3f9933ec989319fa583c0d02bba723707c6bdae63a7939d2a25d8
694095d9f2b37810188f8b62560f02e3d6d8c9f24160983d5a702607862c45e14d0e8ce7b99751da6c3bee659501557ececf42c0277b913cac9f9580
afcdaf3f06b5141028f3e8c8cf5a40a03aeaf8b31610a85c4a9fb580c0c80c169b580c088c9d666414cb36dd33decacf6ac0277b51d1ec2c0704aab3
943fcb01817ea787a96bb98b8a6e4886e1c0d8b7e656959d00ef5e380556d97383af8e83533c3064ee653a9b7e8b566c812130ae4b6d5b61088c0c7f
a96d4b0c8121cb7bad31042a37f2678d21302e2363bb01fdb234598b0c81eac4f4cf22436084617b29d35d4c47c44e173b6939561402d569eb9f1585
c0b8ccadcc74cde5343266ba98495f674d2130aa42e99829e1dfbd03f05a66ba9849df61592150a55dfd2c2b04bae87f5808ffac3a0466f6decfaa43
a08b5224ab0e8151ccd4883586c0f826154963fb6f1772ec6f95e19bbb900dab961902431dd731e3cd8c3e220b0d81f13c3266bc656b9bcf63c69b19
f5d4161302e37964cc784f334637ab0281324fcafd2c0b04c63b5ca7d10cd8e6e4d82240609b93638b008171cc754a6c11203064b1944580c03699a4
3580c078a95b29f6d83befd3e2310f0c999250ec358e44c43f1ed826a7b07c101877a61a39c803e3ad291c0f796043f93feef0c0b82cad4d187760c8
bc82495e79d15898933cb04dce668122b04d066b8122b0cd79bf058ac0780119eddf640ec02bdea9fc973ba3019778609bc399458bc03659a8458bc0
286c1e66d52230de19e5ad5104ca7f93038b14815e0c26b74a1128f3e8d9cf9a44605bf583962402fd5673236b128121533caa0ee8b72a0955b3217a
09911bf1e05d06866c8fac9015b212d94a96441bd92339c2a7c9e6877d46b6916dee5d22dbc9f614a5467410cd246b6e6d642d9779eb8fe8c74e6417
d995cbbce0269a49f15a642fd9ab20defa91c912710c51a1eb802d474af6dfd44abae2258b09fd0fb58a04637941a155b1dd6a4fd90ab58aa463bb37
9c64e33b4fe2eafe9ba6457eb52dda17aa0ed89244bcffa6e9802d39c4fb6f9a163bbf770579c8e457f330ca67d1614b6ae8fe87f203b6a4b91dc7c1
45b44891b1a76c0b832c36e2edd17e6191c5b64415bd503f6b074bfaaffe87fa0bf5b7946ea1fe12f54b0cbc507fa1fe4e46fd78eb9dfed8ffd03f71
e0fdba54f5c20049607cfe4d19cd96b4eb9c5f79fcad541bb0ed2a67a5d92a0ddb111367bd006cbba7ad5afa2a33db99d2ad0c900503a7f9f53f9a44
e2bc9dcad7ff3040f6523be1b3ff618055d2b9234659596095c1edf45e1658a70514990512d9ed3cc8fe870592fed8b191fd8ffa1eb0edea71659495
51ce7f6f963efe2a9b2513b24339fb1f46ab8c76c66895d16caa3eb4aeca6a593158ffd47365a1a4425e13d1d7ffb046f655af7fbea44af31c55bbfe
69c195e635ebdc595fee7f683ea033a0146f53e42c27f4e640a6c89bac4db1cfa6c4594e584b4be93675ba5904da63db4d89b326d0af4b9d6e4a3c60
cbc4bbff56e06de63c895136054efcf9baea203705cea240ad14db7cad59145893beb1ff517d03b644fef7dfaa6fc0485e975b77ca663bf55af5903b
65b32ab0269cb6ffa16d5605d6d9e5ecea67c0d6f4733b030cd8b2b8dd7fd33f79aad68d9d761f7a1215af9baf6bd7ce67f22a23c9ce4ed98dbd66af
66ffa39d67a5c0d12ffd0f43e524de1a5d7766ca3ac1b14f1de89f2c57bd76529283fed9699df8d9fe9bfad9695d3489835a47b60d7be541adeca1ae
c967d4ff50cb1eea79270d0ebb6553ab0705eca14e6e90fe47ed1fd92e5b158306364c6f9eaf4e43e2f7e6733e28754ca5f2b4930618fbec954e1598
4457bbe675aabf33fb2e99e8a468f647c737df7f53f44c46c09a779ef43cb3b1b2a6f99e940a3797d9afffa1146e6ecc3b55d46947854fffa455b218
eff34e4a9d9432f8364ab5ec86acb147a353b3ad36f5dee864a7b3a6d0e8d4a293ca6b740a054fcc5cff4da746a7b48da6ee06ecbb4a69d4cc4ee7dd
04a0d1323b9d771f5553fc960d6106d99f76f64ba7b228d88f46bf6ca2f325ff143f54bb1ea64e3fe54fc0788ef2e9bf955fbcf8a6067e144846ac6d
67b39f6fea270f8731e147851c6e3b3bd09f5af9d91ca5205a5f28746239fa6fbd4c1874d369fd545d0874f30dfce81efedcf49417dd2f9be152e717
d52faa47a78bead90f9d7d35fd37cd072d3e66bf7ed1e8ca1ea792425caa29ac38c7d5f4df74b4f9f9a0e4a59ec28a13b0df7fd39b9f7df69b17c543
8a8fe4f3ea7f683e0fbc352fb9a83ee0f833f5b9e979abe3258ade54b09179d1d3dd6aefce3e01b3a19b0e777656e8126ee5bdb38d82b96fe54d0eac
aa7fb915f7b6466c7cbd15f7ce3e0a13905b69ef6c3cd9ff7d8447bf543d0e58927ee0f87be8972cc1bd71c6aa8f8a7cb2cdc2ccf9f1553ed9666122
faa8db27fb520c320fc32499d69ce93eecf2d8536166f2a8ef27b6d27f3e6cf5b055347ed477e2bf579fc8c37c4fb6ede8eb1fb67ab247476d3f4cf5
c4542afb61aa27a632df7cd8e2b19ca6d77a19e3cd9613d3a3972dded8c28cf6650b49b70c912fc55ffb4ba2e4ebf9af2d09b9f1f37821d4cafa79bc
5dbe7f7a9a8f619315eb8ff93fcf17303daf62d86cf33d17d3bb4f7721625af93fb6fec4daa7b01f5be7a4d93fc6f8d85a1035f37f6cfd659f8251e3
d354bf84b7358f67fe0451ff69bd1ff30f584ecdfe63fe9cb6b3edfa818f7dbec4df67282c3866116b9d4656e2d10673165fb0c9009765ffbd11d96c
1c525090c980f5adfebb11d97de3951751b60fec1e761345a58ca0252e682074a7ff7e89b20925df7b298a5f149f68255295474407910a2152ae9290
d4d46441e902e791c1aca0748135e7abf6dfca95b4c2db7e7a988295c4599e31224657c46cb75c85d105ce79234257c46c87ba9485f5c56c67a65616
1a2d8941ccc4b72cacefc8d8e1e7e8bf195f80f641741225423044bee07781d18f7a18c517f3f9f9029acfc3683227280b35055ab7541c7a17e83ac5
40d85d60cd71a4e3fc70a2845ab63c0bb90b9c39d8a8ffa6e63af7d5a70290bb409f429eaea37bc85d2df3a5945f291fdbe26c81d3305e50b6c0f8f2
958d52d95b2bc0e528c856a01c092feb7fe89034c3a6ae05d70a34aca2a05a8196e4b5fd3715726eac1596827c1567d334d5576950130ba7aeaa665b
4548ba4af50d58750705430b141be2fb1f8a26d1f0ea7b42d002eb6c5755534ea2e1557750592301d73b7357553c23aa1912b50b34eb3c05b30b9433
c945fb1f06ca99b38693b231d01603f96091bd40d391978d31123e3d5b02aa1768685dd918638b317c50d85fa08d25a37f8ecf050f0cacb36da28181
8644142cb03858d6e78c05069a25b18204069ab1bee08081b66a712860a0e5e488fe9b557661a2793c061858e797850106d6f9cd20808175f603f85f
609d5f29fa579c2aab06b1bfc03abbac9ded72aa6cb2b9f7dfda513cc7dba633c50803ebec8d76d611709d3587820f065a92bef6df4c71c8aef1e732
b638d822d63fd82207c69e499dd9ffd0fc304f677f243130cef848790fbac74d5c771d36e6186839bca2ffa669326d9dc7e256aaf209231b05750cf4
4f5a251c1ac7809a539afa6fea874ef6f95c6e3de99fa364ff10e2824e06862c15884e160ee06c6deb7f547d1cc0c597843c160ee0ec47eb7f182031
e17fa6cee5648073a69b8ba14e0638b36329eeb4fe47f573012788bdff6195337143abcb1820de5ec72ff53fb43d4d2c74f07866601425456e2cc0dd
6bb25f10cd402d7a34ac3250733452ff4db1b92758136e146b140bf9297865a01bcb4c02b10cd49cf0d47fd3ab0989d0a935b5dd6604800253b6716d
eb229bda6e5cdb5a406380260460168f015a8222d436a61a18b7e671986a60dc9ad7fed8249ee233d9aafa1fdf40e8ebfe677a82be06c6bd649ac5cc
e86c3cc055034316757f2c95936737d583be0646f162d01f4bfd584a7782c006eaa6e121b08191b38a8c017e622034327c353064791cc21aa89be67e
31c0250620ab3105890d8c92a474586ca0c897d4ff30c0c500fa31d43650e664bbe0b6657a7c698bdc161e5f1d386e1b2852e3f43f0c30bdbb466644
b64cef2e1b23b2817aeae92f4699ce5d2d0fb92d49e555e6ece566817b3abc73efcd0277bcdb06677c37302e8b3d6fdf4a9cb5bd241ec700d359ab1a
11e3403dcd086efadf3cde0a47ffe9aad53e91e5325db59a3b1a1ca8a7f11fcf2dd303ebeb417403f53466e3b9c5a9b2c5e887e806ea69d284d5167e
da9131f7df0339d61ba8a711e7619c8771b40eac37309eac502cf16809d11aed2d89e5ee53768fd31206f4cb6256bc37300e9f226389275e4b830b92
5b78710d1a486e60b828632f2cb74c37ae2f01cd0d8ceb52732f555f1eeba8f05275c03667b1af6630604b1c68ff4df9ff9cb8ee54bf395067ab1ae4
4b532e5b9df24bd3015b62b7fb6fad607a6ca301ba1d181ac46cf87660bc3465fb68fa9f83368f43b803dbecba11ee827017f414e10e1459e1fb1f7a
0dd85603017a5d1cc4538ce7c87419cc795be7d3a8f53d2ef3347a71cfee0aa24ea77b363de8c215bb4c576cfab205770e8c24a1ae5bc956d76d916d
649beb6a643bd91e676489e820e2b43bbca29135d328aff891fd5ce7de9b8c3b323e8405a90e6c39a8b6ff7e895e5d5e8bec23fb32ec672ab860da81
2ddef3fe9b629cb1473eaf85333650a40deb7f28166f6cd5d417943cd065f90c179c7c71b24f120bf43f3473b24f4e37eb7f2eb22bbe2697512cac7c
4d0282fe876689e45e7de90b761d189ea01419bd0e0cd74dacc2ab1a2873e97941b003c37513d5785503e34021b2936c3446c3d4827507fa65d56534
5bb2b09602e3e1813eaddddca91673002c67ce828607ca5c075e90ee40c929dcfdb79a58d349643ab760c98143ad7280064a12eaf5dfcaba5a034c7b
40a503abf5ca05950e1c19ec965515acd6a0dca7a442a15757695a5249a76759b0ed05dbb67ebf60db81e34f43c5b60307effa825a07c6a4d09d74ac
e90833795ef0e8c091716ee1e90c94a416ecbfa93d68f4311b10161d38a7da5874605dd2bd2df871a0095c58d0e3c05867485971e140b76134c28517
41d3d6e5175ece40996e85051b0e54b106cb46a53843ff3310861cd8361a60c881a32a9aaaccf6e2ff8a41cd2d55195be0c481221b4effa37a054ceb
ec90e2c05e7c874871a08cafff9fc3f682332fcef64967bbe0cc81926dfffd37ebc56d9a5df2fd37eb0dd8d1e8051b0e1429d4fb1f968a3b74d7bde1
be81b2d30ef70decf3cbc37303c7ec8cf0dcc091c438fd3785776e9a3c1ef50dd813d07f2b7ea2a15b16061634377024274dffad392718ba65dd6141
721709b8f4ff386ee0985d3d8a1b38664fcf39ba48c0359fa59e8f2cb2c6a7be20b381e59c57d1f1b0c89ac6c6351a989ed105bd0dac39286b248f27
4a6612f581dc06ca7f4a22b7813509e7fb6f6d7ec0c957b7e0b6812e4a5951db40ffa8d4116abb0c1a7b1e86429ed1401779a59a3cb3074fab38296e
07b4f684d72e7640ef54a27868ed61b56a416b03cd5463e1510d34f38505d15d26d18d4a3caa8bb0e6f9c922bf81a193a7b186b0e6d90360c4815a74
ef08f13209f1e2adcc1142fc9754b4fd8f963dd96f08c282fd06aa70a305d15d443f2f3a06a43650ce649a3e160c36306615791c061bd8364334021b
1897a524086c60c8a20502bbfc046a991a20b0813ebcc776f86ba0cf348ca9086c600cef4a42d910d8754e7010d8c0a12bc65f03639c7595da1fb0f3
2d2c286d00295810dac03ebf0de47591917ad59920aacb20a57ba1006219d8ad5e2e386460b72eb5e08b81dd6ad8822e06ca6e3a75ab8201bb65e705
810c9445dbc51f03bbd5bc850f3550164d17a50cec733a845106762b960ba618d893a6a6ffa6d06db88c5911c5c03eadcaab1ad8775f1ea76a607c53
1ec6f8523b1b5b50c740d93551d47191c6d96786392ed238b334e6b8c8d96c38460303fbee23e30e0d94dd908a1806f65d7de3858b8dbf26fd786160
df751c686160df0d832860e0f83309410197f0bda66ed1bdc0c8681df3bcaa2d4709fde93830c0c0912c50fd378d7294d09f89156a173892edadff56
fc6c206e7ae457f1df545bffa2ff3d3ea38781e3cf3492b33470cc6f1b770b1cf333c6d302c7fcda394603cb6c5a985b6099cd14730b2cf32be0180d
1c932de1728163f6431ca38165ce08d0bbc0323f32ec2e70248ebbff565dfca229fdca2f1a38f0b815df0bf479d25f440b911acc38b8f295aeb6faf2
49ae785ca0bfc0ad27513cc25169c5e2025de4c68bc868d622ba89c6309edde3fdf747a4fc43a5155d0b0ce69ce78ba70df4cb4a441418d09f7f46b4
12ad19c7630c042eb0a0832bfeb672a96636be0aa60d9cd62c578c2eb058625a91b7c092ed33fd378d4a52a655373e44f1feeecaf512656292f6b462
7381f348e7b82273812eca8d7ca5ab645659355b51b940bfcab3289464564771158506947c2de30f8d966458c98ade8ac80546908c77d21295d33fae
a85ca00f157feea5e780fe56227a4e7a978f7b45ef02fdb2d4399f6aa08b62343ed5c099a31cfa6fe6589923d6e6525d25af3a5dc5426b2660e1212b
aab872a89e6e64a101abc9d68a3e06462bf330164afcec216c7b4520037d8644c442d960bbeeee64a06cb05d772f608c24b932355c31c8c06a6ab862
90817e63aa13810c8c92e54e0c72e5afcdf0bdf2d706c62c2aefc42a037db295eae4b00dac1c3c2b0a19284ed2ed7fa85e9364c347c13b1be8220fa3
6695a5605134eda0da70bf7803dd73e8abe8ec15d75cf96217fd01b219e8c525a2bc8360719715ff5cedda151eb86291812aae7d452203e3b234352c
727538d13edf4a2f5b6f51e815915c9d4eb4ab2db471451b2d60ac78e3eae821f1862bceb7da416b256245fa563b6811b5950f3430e6a9792fdab786
e27559dec1e519a8e7e671d408ed2b8b5ac4fb026584ca47468d7d2efd465d643030649e37d5f8ac75a6ede07e818d836be5f65c6564b666b0e28381
cdc2c88a0f06c6d362148470b53bf6effc1f86eb95a734b0cd6f08875c45d316d58c4406366467452203dba6cdf09306ba28f5894406b6dd37c44b1a
28ceceec7f54bba0db9c46ddffb057dca4eb6cf7a865a0ac96d957dc32b0098c5a71cb4059b99357e4323096f2524d227103e3babc16e10c58b45ff1
cdc0918499fd371b0d58cca9577c33b0705eace866a00f41697b1ca9015e9a951b35b0a3d92b4e1a3866e1d9e2b474e2494c2156b7d0078d0cecf8e7
8a46ae89c29d1a628cabf386e68df471de9066803006f669427c3150ecaaec7fd466bca03b0ab52287abb38474629ca0815267e3c71757bb658dbd9c
a0817dd7f1639081ddb68e15810cec3b93218b81dd1e9115570c94ddc447ac6e609fad117b5c85eada0eb4a28f81b2fb00b0c740d975aec863a0fcd7
2e44f406ca3e1fc640bf4cf70d3608e5ead823d6c60b037dee9dabf8345781b92a00530c1ce291561ecd55acaeb9d645cb2bb37d53263ece407fbcab
28798500847ead3c9c81e3cfc44aa86ea0df18bd393803473521e0cb5c05e56a51b869e01043b7e2a681feac5c8588068e3f8311221a382cdbac5867
e0480ad5fe9b8e7774d4acb931038700cc95173370241f6bff4dc7ec38fd7f999a8c1bb3312b721a38e6a41c390d1c7f1a3f721a286dbe922970d359
df7c9d813259da8ab006ca74caade8e92a8237ab16ab08de55046f96bf568c7515c1abfbe4cb0c8c539262472c367054d3582c767db2ee1797eb8ab2
06fa551ec61a22789b1b592367e456bd3316bb0aea3dbd913504f5c619bc0aea0d2c02bf56c436b0cc7e856f33d0bbb29d8c2d9c2964797a457657e7
e6c629bf22bb8172880e5db93b03fd3277324676ad6e9b76ccdfb93a4cd7d41c295e1da6dbbc80815e064a1523c5816576a958ef8af5cec7b3c68b4a
7a166b248bf3e878ff3d3c8b500ef48a350b43a757e7096d2b1933083ed626f84203e79f968362af628fc38157143b50fefbdc70ec55f0b109088e1d
28db1c5990ec55f4b1da40b203a368caa1a1083f66402c7b95c359d3c4b2038b088115cb5eb1ecb4b08a6557d1c7a9b28a6507ba688d68250a238d4a
15c9ae0292d3cc2b976a95e739df6ee5510d2c223c2a265e31f174761513af9878f3c6466409c2b37e440964ae4a7f112590b979fc4d14e334457d88
b2c61e4b57443c500edb042b261ee83592694fb5db3550b2ed7ffca1e674b0520a3f0f9c47a66e153f0ff4613013e08a8d07c667a928d42af1072dde
402d79aa1b11b5e691bff369f40a453f563abc44a630198faba8e740bf8c88fa4ba86b7aca8ac907d685dd30f98ac9e7aba8bcb2812e72157320f7ea
00b9af02a19bc7abe2016b12358ee36588e23ac8125d45e4039df3ba8a2d92945aa06045e3035d14bdb1f88ac52f6e648ac44adb3853c54a5749a9d3
5b57bcbee2f5e9132b5e5ff1fa2c1c54bcbee2f5ab1b19674dea5ddf125e5ff1fa74f315afaf487c7a918ac407ca6691a962f181222dc038d286ccb0
ba791cfb48559d0ea2a2ec81f1b8e889a05704ddd310f48aa06781aa22e881d5fa45c5cf2b7e9e7eaae2e78171a4598a819f5701d587cb289a80ea2d
6916c77932647b9e9692710407c6e0e256ca87c76fc9ba354e3e219b730a32ca0ba9a628d25ec54feb8470f640cb311cfd37738895ceba55c5cf035d
14a5d0f32a545ab5700f07462aebd4bb58e92a565aefc8631c582d11560ee340911b66ecf9214b30f9e161d44cfcb425af8ad60756eb8115abaf0990
b6aa5491fa40191b0223a37922a4adc5d56d6aae21c4dabcbd81d1acf20234bfa2f9bc8495733730a3c4aa80e84017791ad5b31830f75456fede2a51
9605eb6a3120d05be9ff70e4d60830704bcbd28872b2cd9ef8d8eac16c233e5aec7ab55450ed98e525aa3b8325b356a944ec95138cfff8082a677260
e5bbac161402fdce5c65412130ec951ab7a050a5dbb2fc5fad2804c675d1c18a4260142e05b6641018f7c6b2d60c02e3ba28cba51c287f0858b54210
180e4c456680ac07fc214dd57a40954a0bdfaad6030255384db51c1018cb3191590e08547cb45a0ea802a97987aae5803a7dcd21a9d57240a0da6b5d
71ff2a901a17acc87f1548cd1b54b1ff2a907a9f25d18c4e6b631a05fe5f4feb60fa31743f5031d0ca055d6720b5de880f3a50e68a76e55d0e8c55a0
bcc22240601825da721c07862c45b60c1018b2d818e90f8ce7b9971a2d4b633a4151d381220d55ffa36adb5c1a8b661cc78122bd4bff43b5262a5289
d56c4b78a8c6636d20d045d1dfda4060bc206ddbe24060c86213bee4407f41cc697520306227f306cb0355da2c3b39aaf581c06629b75a1f086c1681
abe581c06605b55a1e086cfcf7d5f2409534cb8e8c6a79a04a9a650b4ab5185025c8b247a7722557c9b06c9aa89cc9818d4fbf0a8e0e8ccb62250b09
f59a31a1298a658340996b75d5ba4160d4565e6be12030645e4bff4b48a151cbd241607c75b1138f7560ace0b997ba97fc36a643dcd8815e146aa8fe
4b7a179face583c066b9bf5a3e088cb7c6a07cdb81716b2c604da1726e8b33ad161502438b94ceaa4260c8dc4bb39b0bc737667520d04b1c65ad0e04
c6ad319ee5817acfa90d192d066c16aa2ade5ff1fea4caed7f94ee9190c7ad587e603b7c26587e602c7ec64e587ea05f96f262f9817159acce591d18
b2e88afa07864c49e83a603b351edc3f30c21d5d46d701e7e62ad5ea88e1b8322aee5fe3d4ae26d1b87f60b1b85a71ff40b32ba7a2fe81feede78598
7fa0d7411e8ff907b6d90521fe8151540f63a001635dffdf23b96581c0d827142b5b1708ecbbfab12e1098737f41d081ff66c0087fe0b081b68a780e
f4c7ab5811cf81b1e41f8d453c07ca5cb8ad587e1d94fe4892c4fe9b7a4e5b9a6f5058c9a7566c11310f744a901a43c203ddf069394878a08b5ca505
7f8956cc78b021e19b44d7dc9c1bc7f6f667eeb0baae929980116d441ba5fe223bc88c9cf9fa37147b93b15a98ec863d0746577f4676933d69294af2
127187664abdf17707463f3974dd38bcb7a29fcc9c74e3ca0e8c9ec375b49819a4c278379c3ab0714f6e28f53633489d1e47b370eaf56f3e8e66717a
a7f2372c3b308ea7889db0ec4049fab0fe9baa9cde9b673d446ad0c3685f689f8e69b3b5386038dc10eac091fcabfdb70a1cb0cc82a1cadbe4c56e54
fa90e0cc04361c38b097f9741525d5533abd0d070e94453de1c081aea23228fce26b895971e0406fb7d11a07de9caf94fb30d9c0c82ae22a85cfa6df
4382a10d97dd646f526d686b60b7a575c35a03fb3a6fa4917dc0e7ee05ca9f54ceb385723e07f624d5ebbf95bfc69f1116b861ad81e1efcec370cfc0
701b442be473abd6e75da66895c7e12453b62457920c68e3300e944603d43330ee7499e2e618df46f73a8b9be8d474f51bee1918e9def3344c73c334
790d374c33b0acf3567590d8e4cdaadb86436e0e00a6150eb9390098063864e0488ee3fe9b525b82759416ad0c2cb3a650c8c0617bcd86420646b845
9a280a1958cc2e370c3270fef90a31c8c089b56e18e4b65b21f42cf5b45b24f019a27e8175f581a17e812ef24a2aed59195a3d8c4afb632610cd31bf
c07881ebe8b9fb2ef24ecc2fb0cc0f03cb0b8ca745034c2db00a65d93877036dcd0474e3dc0dacc26236742ed0ec6dddb0b9c0f0b079180d30375eb1
0d73db2441de33afdc50b740b5bcbf616e81d1c3ff0febe31bc6161893aebc8d0337307af6141e650bcc25f30d630b7451b4e68a0d6c964f37dc2c70
ea3250b3c0beb32966b69db3d6d278786c0363cd8382743e936fc46783c06d73d7ab9a141f1ca8d2336e385d60d33b63741b27aeaf0651dbe44d520a
446d6b6ac81b15562e63c32dfe151865cd9d7cac5b22729bbe1e8bdac2989a526047814300fd86f704e69ad986f66cf21cf9e8b199c091ececfd37b5
c36676decd0d9bd9860f74113dbd21338151d8688ecc6ccec1554db84ce0b00f75435b028bb09f8dc733b0a0191b221338ec38ddf098c0b169e69ca0
81052ddc309bc0323b45cc26b098eb6d884de0b0f377436c024772c6f7df6c711ba1a3105a1358e6a403ab098c80d0145fd06ee048b6f9fe9b75725a
ae78f68daf34b00841df509fc068c4d112f5092c73dc437db69bc7c2c3287ec763b17b25c5ef04dfa9235c6873d2adaf12170a9cf28b6e827603a774
a51baf68a0df98422047dba3be637dac2770dabbb2213d8175556d384f601552b7a13c817ea337d2f1d1577bbcfa4e4ede635625ce1338ed8fda709e
c0bab2bed8dec069ebd3860605d65585a34181532abd0d0d0aacab41100d0aacabaf060d0a9c762b6d284fe0b4556c436a025d94fae69f0cb43a1faf
a86f26fb6621e84a60153dba612b819513624356022b1fc7c64b1958396d36f425b0f21d6d9c94815e889810a3093471721b2765a0972b6a2339812e
8a09f928035d14db73510656ee980d130a340ed58d8732d06f5454c6f918c71b552d72a449234781951f6d478e02abd0c89d8732b072edece85260f4
6147642b59727a64b6b1a34681f17dbbf5240b3512bfb0733f066ad9887e443f9779dc4576655c51b69b486c61f58687cce2f319d147a461fcfb04af
6347af02dd8029122f6660bc6b8d8cd2cefa09d1d911aec0b82c5645b80243b644b693496791e9d38e4b05c644638f8c258a15d7555158a2883c5c3d
8f298a65e8acf3ec185660c8524f28d65ee66446f9d8a798cce4b5fc98816a93cb8e76ed39efc722c6ce6919180f23638001d50ad98e8a05c6659e46
ff25bbfc14574c72a0d79c3b35970593cecc67e7ca0c54ab813b82b6cff44dcdd3281f8656160d171f0b0c598c899005862cf7f24a06862c06e6960c
0c598ac72f1918b22886ce05aac17cc7e602e332329aad96a53d4d550fa806a21d75db513779fa764ec8c0785a0c80ce05862c8d93173230f6fd4509
ec2db07134ed7c8e8131df4c1d2274bb5da53e527c2e30ce3cf0343ac47158242edab1b7c0c66db4636f8131344731ec2d30148b49d0b740398ac709
f70d8c45f39418a70b8cda4e893914039b58e41dcd0b8c5b5314342f30f617915176c0665eb5f31e06c6ad31a750e1c026b479c70603e33205568989
145ec4c4eec85f602cc2b897b20366a8c98eeaedf6860a4ddb050a073669a676ec2fb00932dc51bdc07841d4c7f5029b40ae5de4f03e378caa1cfc6f
b76154fcc0ce1b18d88ecdd3a8b5cf8de95101010c6cc229770430301665a9a0aa076cbcb33bfe1718359d5a45000323983585e3fbdb1338dcb46a6e
bec060e564d48f9befcc611efd0ff5e3e6ebd3d99404790c6cd44214039d267827e58f4411ee8a4679099472b847ffe3cb1c6ebfd546b81d770ccc2f
1a73dc31c7a2ac541fb08b15db11c7409f9c65eabdf3f905e632ebcee517288b06882b06caeccb51c5fda49167d12841bbd2cfefa862e09021674715
03cb6cdfb8626014cc9d543a13e9e443c30b03a724f53b5e1818159c3b91c0c0696be22eba37b0ae8ac1ad1738edcfde45f706d67154ebbf876fbc31
d087ef7c22fc7b818a42efdc7b7b9bc3a8cba82cdbd1ee83e3a50b0c655272643230ba3ed7297a08e651b4092eb9dd8e4fb1ef3b8a1918be26326509
c7ecb2188c6b2d303ea694cfc6cdc01c2238db02bb74233b761a586667887606d61cb0db7f2bee65f29af6ca5b16181ac44a6867604c5ebc80061763
e6b34132036304f2520a5cb28d30304eb9f3961d8d8c0a036693c21603654e84b0c5406954471603d36bbf238b81d2e6b35441720635df25b218284d
172ab03670c83ab0a38fbb54ba719becbc64816120afa4e51d966c968bf30596738a147fc0e9c08b1d0d0cf4abf27cfeb05d2e5b4ee21dc3db313cd3
630c2fd0ef4c2930bcc09a0366fb6f057bb080580cc1db1f53fe8850b7409fc3e659785aa08b52083c2d50e738c45d15a8b3f8a8dbee7495c58088bb
05eaac5dcea7c0f878626c51a9814de4c7ce231518cd273587f60546f321a3d49be033efd4a01277ba78272618d8e515da31c1c02e29cf8e09eedfdc
a31a11630cd8e510da31c14099536d4c30b04b04b4a37d8119a1b1a37d81d2d41bda17284d5341fb02074fec8ef6058ebfa910ebe4a495e6bbc7f102
5d34dac081bd058accfa07a676fc251c3d9dfa81a9054a8e14edbf4fa2acdf671c39f0b440c9b18bfdf78fc86a991b2fa2ac961d1e7f13c5b72cf4ea
e0e83ae2d4da9cf672605d81c306ad03eb0a1ca2660ea1a38143bcc98187050ee14b07ce1538c4d11ce8d55132e8653671605281c3a6b303690a1cb2
051c38d3c12d55e6f3d3c48e257d2c3539a1020762722048814348ce811f0586f7814c6193df569cc9811f05c63ba326821438f0b403410a2c420d0f
fc28b088ad3bf8b40e296ff551077e14381d9a722c53270379ec8f091d09c634f41d484fe0d4051e384fe02cff4b1e9403250a9cf2501df660067aa7
4644e135ee61aae04d812e52460aafe6376ed42ed7acfce5d33e50a9c0292dd5814905fa5544acb2c62ac51bd5fe9a198f9a46ad0e397c449f1c7854
604c12530cb19b815352f843ec66e094cde9c0b68e9ad5adac221c5c658153528883a7eca871b76446782056819393f0c0ab02a7808a03ad0aac2b53
634b815655216614e8a2dcc80116e8e347ea1e570af4aba2105e1418b62053235be65fbe17bc28d045292b37596015df7c604a87e8cbd58d341269b9
7a3c8d9278b6669e75e049815ae88d2705562ba3072f5960159d7da049819517eb409302ab50ef034b0af437c686a22c03ab35c9036f0af4ab52b778
536015b97070a5055691de07261558f9890f4c2ad09fa55c2c31632835947d9ae2238b79f8cd0223d958eee5240b94b91de1407e02a30b8e39b09fc0
2af8fac07e02e5e01e3ab09f40d966ef2110f238e6621c192da48fd5da71a2e3985a782b2de24db37bf9408a8e995136f39203293a6646d9ac101d58
d13133ca667a7470ab05862caf45950e5966bd5570e431b3cc86911cdc6a81793ccb210ef29871906a1aa53a2494753ac881401de220b55d042ad045
f46211a787eeea1aa73a9c1eaa59e2548714b3bba771ac05aa03600e042a3052f6a6496050c70c8c9cb7524b60e44207feb6433ed9d2c8e8d56c1aa6
17e674ccc8480d16750a0c59ec843a05862c6af0d605862cb5c85d77888dcc24e8101b793864d4f084741d3334d277cfa977385174614fa42b3023e6
0f5ebdc06605f810f378382a54fcfd81860536013e0716760870b401ffb00132b059953c10b3c06625fac0c202e3f9791a1a7608790c713a38090f21
8fe2c60f4ec243c8a338e8c3e6c9c02682fac0e002e3d654170a1718b77aabde2b51904584fc81d705862c26e13b3c1c76324ea7f8f7a08df61dd75c
dbf268261b9ec44db4d681f60536bce9c0fa0e6781cab47a607d871849958ef61d33f651d3c5fb029d9e68e288df21b58f6d6d07e61718dbd3f30a7e
c2c0363f2c3cefc866c9c5beb9835330304ae73ad57ecf6dde5e41b1ec975cce3f45a1593647f6eb62138ec1c0582c23a3c680ed30ebc3ff0263c52b
251624793c33063035ca3718d89aa6c53778087e9c73593c31b06112079e18989f159a1828cdc408270c9cb3643c7c81564d6fb8f302f3a3c512035d
731729fd6bcf72f44609036383724a8a121e92f728174a18586c1b39d0bf402f97ab54c0803e957195d2bf991e5405d3b09ca36944c0fe0e895aedd2
39d0bfc06809292dfe1718359cc72180813907c5ff02e36377279d06ece2960f6c2fb04b6f7b607b81dd36f203db0bec42d60f6c2fd045698ed85e60
972ee1e0e40b148ea103010c949925f0e4ac0bf41a6f11ad44d9a37cba6a230a29cce4fbb49d3070d83a75228581de67c4da27561898217b27be77e6
10cc369fff1225386e96e223ca16eb34c513010cccf0e513013cc3f6240e3ab1bdc0212eebe4750b1447f49d421503e3a3de2253b038c94e89ac4f7c
2fb018414f7cef7466a529ed89ef0516f1a6271fd98902a6ca4f3eb253686286c5132b3c272b8ce658e13959a167b1ff92208754f9890106ce590804
30b0d86f75228081c352dc8900060eb38e539c63e030373971c2c0a16f3cb9d102079fdc8925061601b4a738c7c06129e8441c0387c5d5935b2dd08b
9a67e1928111b31811e3ac890a395dc5386b8c9359ce895e061621cd27fe1838843f9dc86260b159ec4416038b2d7627b278ce7c3d59fb3bf1c040d9
118a13110cf4e9a2eb78cf0223d1696c86f60596d32bb0be40bf356bc327da17386d253879d402a33146531eb5c02977c969775ee02cff4b54d9893c
064e9b0a4ee43130b489ed79ea02a76d0b27421938d1da13a10c2c76f29c7c7281d354e7e4923b1d87226bfc8964064e8b262797dcb9cd889fe88778
0646d1c8146dd3f57b83a26dba7e4f53b42d03970e8a0b2dd06f8c4e6860e07422ebc95d76eee1e0bb1b7d6c718d9dd22b9e185ee0b46df9c4f0025d
146b607881feb0140cc30b2ca7cf14c30bac766c9e185ea0df980686e105bac8553ead6c925b55094f59a0178288fd8fc4dfb021261768d53789c99d
021e2d429f985ca05f46a4ac716d71d49c48db3949dbee694a76642d3904ed44da02fd61312cce16285558f4899f05fa6551003d0bf47125c540cfce
336b0d7a49ec2cd0452905761628332dfb899d05563ea413130bace2ab4e4c2c5066e6fa13130bac628f4e4c2cd0df99ab10b1c06a45fe44c402ab35
9c538863a0df9867a166812e8a2d38b702dd161e4fcb6665211ae1652787965e1e2d0bf46711297d9bb5e4958adf50eb5426b6753aaac3aec813dd0a
f4a7b9cc87f3c3ac352a9bd302d596fa9327ec74508775ee13293b1dd4618df9c4ca0295e3f3c4ca02e332329afe120ce40b46d44ee77488253f31b5
c0b8d575eaf86701c21785aa05c6bd146392c9d55813570bac82e14e5c2d500e511027ae765e73b521afc0d502bdc4a97a5c2d302e8b4df0b2c0e8e7
c81820beb5c389ab275e76e2654e123c11af93bfcdb40eef0a8c55094a30c095e5060d07f10a54277e9e8233035532a613c73ac3a7fe9ce97ae25381
7e67b447a702c3709e46857bae8e781c156eab23be06ceb4407f5c8a8b7605ea9c0f605d81f1b4d403d61518324fa3d6cd4d1b6e7d8ad00c0c594a87
8905aabc29a710cdc0b82c56e2af0b94799ec489b00586b2290ac61618f7a6be30b6407f85cbd8e999763aff87311ba10b0c8767cc88d005aa05f113
a13be7391db300ecf35863611f9c2e306494649f57a0935ae1fc3b1dc1b1a83dbc2e3064792f621718b2d8168b3b39f6ccf06c340b540bea276277f2
f539c1f6e4eb0b0c596c86ed05aa75fd13db0b8c02a709a27b8152dbbc6e2a86efe569f85ea057a8ee01df3b6d53737af489ef9d0ee610207ae27b81
c1155da7e21dd611a67ef2f805ca4c2b7d2281814d3ce089f105c61b9484fe5f569e8c9c28df196f5eb1b1e144f00243e60df40fc32bc2574f719c81
71ddf8901abf5f60b3f0da10c1c0b86c8fac925954cae8d650c1c09095c876b2b0783bff1be217187bb2d7c86e322edbf41a0df50b6c3c650dcf0b8c
cbc894b8d80b9b66d7b8fa024396d7627f6dee684b736fb6aa057a7b6a9ea778033654acf1f605c6656e55e250c245daa7861206862c5ae0848121cb
f3b0bdc0902d91295e422297338bea8dcb2f30644764ac9c98c8c5b9260de30b6c12cf358caf2500b25fe6b534cbf11a8b93e51a8217d86c606d085e
60b379ab217881cd46d086e005ca2a1d42c3f09a9cace2361a8a1718d74557842e30647905461728a76db90da50b0c997bd964b58692debf21758111
f0123bf10a064a9523a1a17581b14896f2e17581b1221643f102062c0d374ec0c0c885ee2a4659c5746c4ac72a03767b0e1a3760a0ec535736c9e91e
b217349ec19644ac22731bd618d86d9a6f1862606e846b086260ee706bfc82814ea962499c3150dabc8a3192d1c5e9c70d650c1441a30d276ccefb98
cf628b9a9882792353d4ec019e37d2b186daa7fb6ef85f60b1e1aae17f81c338dbd0bfc06132d2d0bfc061a86cd85fe030cb68dc8e81c54eadc6ed18
5856dfa810cdc0229ebdf144067a77f4e74ea64888e63cc8a97145363bf6c2bb1b5764b3634f9f8283068e3173fae718de50d466439f1e02450d2ca2
e21be76560b14ba161ad812ecadbf93303a7296a4364037d22afdc1c9a8153006a436e03a7a94ce3e30c740eef61cc37e0b455b8a1bb81c509c70ddd
6dbb9584180fb70d9ce2711b221be837464914b54d8a9a1b51d42631ac2976e3a90c9ca6bf4d7c67a08b527ce19d812e8a5d91db36c96d6a1ab90dac
7ced0d910df4ab3c4b598fb855570553478750e4acfe34dcb64d6e9bb2e2b64d9426b752436e032b677ee38f0cf417442574b7d9e5676f6313a61918
4f73ab3a491296e34cfc73436f1be7a325d12678b39db88f6e1c990d7412125571d97686f985833561996d6ed7cbca44436603a3734e49846a06c675
d115c36df3400fd580e20686cc3b34b679a04796651a921b18b25800cb6df3440f35cd25d9da2484caa7aae3923c6cb269b86f73ca87c3171a97649b
d19c61898d4bb239e37276f75c9281d1ddc77a487260a4774d59b0e486253b06a261c9cd81964e4d68687243939dcad070e2263a7499d7b14b38f14c
96dc448706aa85a2862637cecbf9345699ce4b9f349a1c185a7803ab706832009adca643d3a8882607c6042a958b260786ccbddacfcfbc2db762c981
31e14949d0e4c066b5b961c9813141895e587260735e56c3920363b84f41b0e4c018dac99824decb2e4be130e7c08eea37c4b9c53bd90caa4872e0c4
571be764603de6b3287a899989447bb838f5729f5d8e4dfa162d18916eb2b79860714c06faac3b4b2b0d910eec12e93421a981517b2905221d28e2d5
1b1e1d18ee9c88681457a5b3621bce1c1899203c8c9603e69eeb8632070e39361bc61c38a46f6cd8710b136e6e447a03a3b064747acc56524b425703
87f4900da90d2cf3cbe57f0c8c1df811296bf2ae6ebe51f43530f6e447a4ac03161bdf1a2f65a0f7d129172f659376b5f68ffbdfa336ba1b586cc56b
825d038bad788d1b33b0d8d6d7f0dfc0628f584376038b85ff86eb06ba2a6e5487af9945ea0bd50d8c640511b1c1cb06793c061b283348b661a68132
933e357b10db97c1dd27c917193885a1372c3470cefe080b0df4917c5cf5b32330b0ae0bd14264d46e11ad4419b5e325f8a196812e5a23da88b63cab
46b413ed469f3db2932c1b5fc3987fe24c03fd617f115d44d9e5ba78fe4d14b7c1e9c687286e8370d91ff2f9b3b72fcde6877b06ba288f473d035d94
c7639e812e3a22a264c99ed0dde32959b2c69b81fd879e06ba287af34efe4a2630d58d742c2630ca45c792c5f9f4d43f7c35b00a03fca1a681953be3
c75b1958f9417ebc9581959bffc73519e88f8fed51d040ff5a34012ec69f4d7868c10fb90c0c99c7b1b5c31bd7f93c651bd02721b119261918b7a6bc
bc8581214b81b1cb40bf359a72f105aacfe487f705c6f01bb3e17d8132938dfd30bf40f51dfe10bf40dd5817ef0b541fdd0feffbe17d0b1510bf40f5
05ff10bf40d519fdb8067fb279da1ef7c3fc026366105ba27e3fe93c25c7f9e17e816acafec3fd7e76e02d991afc90bfc090a5bab0bf409967b6ffd0
bfc0b02f198b0ca8a6ed3ffc2f5051801f97e02fc772f06ffe70b6409f547801861618138de88fa205360bcd3f142d306ef53865cb8eb922def2878f
05c6e3dcab709b25b270961f321518f396bc169b0a6c3ccf3f6cea972d73a2a47f3851a0ccc3d97f48d12f89331709b47f285060e339ffa140818d87
fac7bdf7db45066595e2c7991718b2e88a17fd428256876dfcd09b1f7a93b2d9bb16d879147eb6aefd9c6a9189f64ff866609778ef8716058ad8c21f
5af4e3f35b3d5ef98f8497348f57cb497b32cf2efde1458199f5f4871605faec2335851605669e901f5614e85711f9145020c1b83f2ebfc03236a9ff
73a8fef108060e79447e7854a08ba21e1a151839722262aad344c4554c752648c2378757fd6c8a6376319dbfd37425d5c51ff8b3db4d8340ab02a745
cf1f56151861062ed3ddb6ec0a0ac9f8215081d322d80f7f0af4ab5230f4e967039c8f017b0a7491ab28d90c9b1e4fc91677b54f9c8f30d09cfefbc3
7e7e3f2343ae426a02fdaa9882eb2fd0aaae1131f94dff1d8d10931fffdde132761dd03bf2288997fca6ab8e96f846a09af4fd7eb364e967335bfca1
208132cf2bfaa1203f51954e55fde1203f9eba7dcaa870d9aeae6920213fae3a476ffc8455fe84553a92f58798fc84552e1a0c62f21356b9cc7bd9e4
9a3db2f23140dc77735a859904ca3ce3f2c77d17187321af6594cb7affca04ac72f177e432ece4778b2bd59b09a6fc2570721e95f4c34f7e7752bf99
ba71ea05b63dc4e6878a04c6d79a97e2223f074f5898f9f1e905b6d954f193002fce0fc90874ad127afbc332023361cf8fbb2d3086d93c1f7f088cd4
561129c663869d17709305ca4c37fce3270b8c97ba957913fa582538fbe11e8132b3fcfd308dc02aa5d10fd308ac9242fd308d1fa6c1c3f243257ef2
9b18dc50899ffc26be10beb440ff4e5307d8c54fca130d04bb08749de665948f2fadaef33adabf537b6fa0fd9b69a3cf06c108f4cf322d15c1088c6f
d01be8fe66cd4863402602dbb41a3757608c6c64ca163f9713c47f0846a00861ff21183f918d06105eae401f2da21327576078efc894ec33f48ce75f
a8c9f5a715ed1155a22c27e7c60be9088c346711ed44c8dc19d149a4a9b5881a514688d8e24243022355594417910f7923bbc9b2df8d0fe4e2050bf4
5b4b441f5196d633445cb8c965075cbae20b37092c76e15cb8c965075caae4c24d2e3be0f2f55cb849a07f5199a55e6847601eba74f1935d0e2d6c1e
46cd9c9260e276612297730cdbffc0ab2f4eb4c0c9177a212a81fe10dab141ce50d87d8017a612e823605e8fa9044e8dfce2680b9c7ac18b9f2d705a
c4bab8d92e3bebd2375c284ea09722f5cacb16e8456d1ec6548be57022a65accac37b7b2d5c256a97edc28705a9abb38de02fd9d3106b674d97fb729
19fb2cecc316ec634b5e7a990b570a9cd362a852e09ce5e287bb6cdccbc4e8e286bb6cdc0bdfb978e12e1bf7d2d15f9c70979d7999a95dfc6d81d36a
d5857605465a42cfa7b71d7671155d5851e09455f9e20ebb04513a21e4c29402bd2a35724ce9b2778efd11a5cbde39f6c19302bdcbf53095693b9de6
8326054ee7295f5852a0df173591a4cba6bb0c67178e14e8577996aab40f4f55e248817e951b55a57d781a194fda651f5e86e38b272db03a04e5e249
0bac4e32bf78d2022bdffb858205ba28d6e7360b94998ce8c2ca02fdb29402030b9cf20c5c08536015c178214c8156f543dc4f8131a4a618dc4f8126
74f3e27e0a34fb172e542bd0af8a4ac22d034da6e30bf90aaca21a2fdcebb29f4e3f8468054629a239ffd365ab9ca68e7b055681949740ca40999bcc
2e742cd04b96d6c34d15e8a2988c972ad004645dbc54817e556c8dc6059a45ea0b8f0bf4d1d41b297e4471fdb4ad7981f598229534a05f1523226d81
a1789ecfd774d9fb269ef3c2aa2efbdc42e12fb4e9b2cf4d5e9d0b490af4cba22692744d5793af0425bae4fbb76a7ce144816a3be025ba32302e5338
b562a3db1c9eb9a402431653e25317375516182e7cea9a6e2a8d14a10a0c591443a80265060b5e1855a04a05736154812a8de885515dd321a52b41a9
025502c10ba5baf8a3e4a9b970aac090290893f03dc93f75f13d5d6ddac4bd6cd2ccc272193753a062ab172f53a04aa27ae163813237525e0859600c
9d9e467bc198634be7bfc769eea00b15934fe8e20e0ad46dbe4d35fd44d7e925f0ae4045be2fb42b500e67ca5d2856a0a2ed178615e84f331dc2a602
e30dd11b9b0a5489772e6e9ec0b82c358c2505862c05468902ab90e88bc3265011fc0b210acc939e2ece99ebb6c898e7233f813a6724b84f60689076
8bfc044631d2d27867021587b97862ae19bc388bc6bcb77990215cf062a0cc90d98b332650a6d3e9e28c09949919fa429d02e33a325a3cb420a2c523
124fade24e817aea0650a74099cb4f17ea74cdb04336e7b7b966d8a1d68c4e05c6bdd1169f0accf9fd25123150e70c09c5ba6670a20f01c5ba667022
7be258813a676a38d635e3159918c90ad439d145b2026566f6bec43006ca4c1e72215e813aa78c78d7356318d103bc2b3064d14b24e2f561e6a63ba2
0eaf1975685a21eaf09a5187a6757c3b812173af220b31a43fdf4e60bc2235868e5dc20eedcebbf0b140998bf117421618af88dded350b949915fdc2
d2ae198b687681a605668ce585a55d331431d3971b4d0b0c6d5b64858c552ad942c62a99e4dffc4a81213b23dbc8c427aeaedbc92c3fe7f3b9253509
6cbe9e1ba50b8cc71d91fdc82c3f6f1e77914dabd4c86eb2ec03de891ea2ec034e7f72a3798171a7827c648c92f9e18de805c65bb7c818a5e413385d
c626654ebaa23f0753a097239de28dc405c69939792dca1618668a8d798f6ed18ee8ca8da8dda21d4d8c6e4c2db0d98e76636a81715964985a60c8d6
c8683160b32beec6de02e3b294047d0b6c96326e5ced1612396b0c590b8c5b63146c2db0d90e76236bb7304994f5c6d6ee65da2476c2d6029b3d6237
b616d8ecffbbb1b55bbe7f270cdce85a603c2d05c6c402a3c0b917c90a0c1f427445a90265ae80de5c59814d60fe8d6605e6d16c379a151825f91f32
abdc585860dce2c9145aa742b12c57576013d8777375ddab9c8429260217d884ecdd085c60740fa961042eb0c9dd7de36f8132979c6e042e30168e52
4de85a60c852c3f85a60c83c8f29aaa8d7a228aa336ead2e5314ba5631ae2ea3ea804d8ab41bf30a6c1cb737e61518019eb18888c5c08870cdd370af
c090c5c08856a0db24ebf137f757a0ac22576fe1888121732f25e2ff5a11ab9bff2b3064de4bb1f8bfd665968f669b3d4cbbf7fa509359f2d48c30bc
4017a5fa51b7c066d0bc51b7c0669673a36e81cd5ce046dd0263d77a8a8bbb05862cc545de0223203756b757ee96451295ba79d302e3baa880e50536
19d76f242f3034553aed3599256574bfb1bc407f9a9688e5054652b56881d3dd324b3697b18803e454034e774b2c2946ed46ea02bbb3ad6e74ed9632
d227cfed169809696f0cee9e0c2eb108b708c540d72a93a39b2f2e505af34e8a2644719f7d2f5fdc3dbc6c3385e6cdcb162873f9f6c60703874d0f37
3e7873a38571dddc6881f18294031f0c8ca3142252a76756df191243bc39cd58081bbc39cde8840c06c6190c11d1e9b4c8eb4e242f70cccac3f16e4e
33d640f16e4e33c3048a77739a31378a1738cd4e6e0c2fd0af4ac130bcc0397b70c42d30eac99d0adb2ce7b893fd5b96737c66885be0940ae246dc02
a76c8737de1698c7d2de620303fd5979a3d0c04099acf5161b1828d52ecc9b0f2e704a5371637481526df6bd39d702c3daaea3c12f3b1b3345bc31ba
c06a7feb8dd1059a6d6b373f5a60b531f6c6f1026dbe12c70bacb6e7dee85c6098364ae173814ef188b4a944f2fdc93a767398ddf6bbc9f275739805
864cd9b4b46c782be615fc658171596a8f73ec96607235fe0ad40b0c4a17bd78c70265ae0adcdc63f7dcf246330c3150e65acf8d22deb6bcedff0317
bf11c87b12481f000279cf2d711a82f0bec0a84d2550c3b7c5e321c11fef875bd4d4c64eb7c0e0053119d75ba07ffacc8867defff14ccf639f07814a
41ec740b8c57a40da199816d8efb686660583b7ae19481ff462e9432b0cdee0ba30cfcd7eb2394818d87f9c627efc927637ce431b0cd291702182873
f9e5c600039bb40e370278bf934e9151206c6f71e0c76dc7dafdce4955ecc1cd1618337d85a3c23be34014850e831c6e924ade82fb02637827a34488
e2ea5cb21b510c94b96076238a81716f0c607fda6d7f9ab5939b2f2f30c6da5800a10c7499be0da30cf42fc6e3d46a08e521ccf9461e0393eedeb863
60b889d33271c7c0eea8b21b75bc67a2926192074d0cf4618fa81019e2f68816a2c4a7a6b00f8e1898a9861f6ec0c0f297f9fb833506fa8d67443bd1
9eabd6880ea223a212d14974e6f15b448da8e5aabf887e44bf8c8c0a71115d1179fc4d9491b179fc4334364fd8c6fde0900f57e1e9591f515c859987
3d1864609163ef41201fc932c36e1e04f2e12a4cb7f070153e5c8569f20f57616091fcefc132038bfc738f230b02e32ca288d8ab24063653d2878b31
d0af8abdb0d3c06227fcc3c5185864187af0d5c062a3fd83ae0616fbfd1f6cf5919ef3f446f62aece52af62ab157a6b20fae1a5824e77b50d54017e5
465435b048f4f7a0a5813edb48fb7df0cdc0cc68ffa09b8153b7f7a096813eacc7aca865601e95f9f0fa0596a6b1f2fa0516eeb007d70c74510ac6eb
17581ae3f3fa05ba2885404803fdc614021f7db8f8b294f1d8661738f5c60f3afaf0faedde48c701fd59a948b196815307fd60a00f3fe0e159d44ea6
cde61bc53f1f9936b306f8e09fcf1a676746ba07ff0cf41b7395a3d403a751e24149038b1d3c0f461ae8371269e503ba284545481f6959f6ff21b9ca
c3e118e8c36caa06830dcc43cf1ec4f4918225b38107090d8c31d09d148e97107d7d780903a7ada20faefaf01286833fb86ae0c4851f5ec2c02902f1
c15e03a72da60ff21ae857c5781c878155d4ee83ce064e7b581f7ec3c0696fd283b806fa87a18f405c1f393d0f22759f642e36833c686ba0cc59da63
ab5c6035217b30d9c06915e0e1980cac4ee07c382603f3dc8007b90d9cb2783d686b60751ee983b5064e5b6b1f7be002ab79ca83c7064eb12e0f1a1b
e837c662586ce014ebf960ac81d32edd07610df4c713d17157df2917be1a9869e11e5ec9406fbaaea2f611b535270c363059f82322f491cf3343f483
9a06fab43f2d0c357d2481516b98e963ef9c4e15317dec9d53694868a0df189180d0470e185f8380d0c736396f44551f296032897930d5470a18c31e
a61ae8cf8aa131d54756185f3fa21ae8a21415510d8c06e695343a69e44e1a9dd14887839606ba2855c44319586d667c10d5470618054354034d5ec1
c796b94752188fc75d1f49610cd188eac31769c7e683a906fa045ff9f1d240572995c49f18e8b79a04a0aa818a7d3fa86a60bc2197f13b06aa233b1f
f4f5b1bbcda6d3077f0d54799d1efc35305e1a1df81d0365ee2f7930d8c0786b0a8cc106c6bda9770c36503649b81f51a4815194d4a930d2471a1859
b21f71a48151cfcac74e03aafd8c0f7f66a0da7ffe20c481f1062561a7dfb453de20de34f0df0b90e4409544ee41920355aeb907490ef4a299b361c9
812acfe48325077ad15cc548d7345294c79c03d501d80fe2fc7084ca7cf460ce812aa5d8833807fefb12f0e667f2e6858c89f0e6595ae6b8e29937d4
71aa0646d1a23baf6a60c8520ef43a3064b13857eb23c98cec620fcafda0dc129e3dfcaf81715d7445c30375f95fdcda0f42fedcb305a59522e4812a
09e983713ff73485823245d8f531bf5becfae1b3958efde1b37d6664ab068e7307ba4cc3c5b9035534e083723f28b7f88b07e50e8c5b631f9bea02a3
11791c5b3cfce4fa4eeede4015bef8a0e1816af9ee41c303d55ae0c3d91b18ab0ba900cc3c300ae7056cf22422401f8b9a07aac5ba07350f8ca2a51c
b879a00ac97cf87a03e3b23c8d633750c5343efcba81f2dfe7c2b11b28ff7548787d603cce758cf43292210db10f54019d0fc76ea05abd7c50fdc0b8
d31b5824c969c47d3e58fd237a56f28707ab0f54a1a60ff76f605c4646fd6faa9fb762fa816a81f441f4039dd666d5fe41f4035598e783e73f93e7eb
8ef0fcc078438c8ee707865eaea3fe17f55534277160dc9a8ac0f30355a0ea83d30746638d3191fa47d82efd5fe4fc75b2bac4a52f921d18edab4476
92257350aaf5c5b20315d978b1ec40b518fc62d9ef3c573d5def8b6607c6aa94eb1e32e10af30d2f997085747a2fa6fd72d62ede816a072af6f2a2da
2f5f6d3ada17d57e1dc9bec4722fae1d18b2165925b3b4d6c83632f10a198e5f743b3064dec17465aeb7455b543a30aef35e56296238bc82510aa3a4
2b7991e940453d5f643a50cd345f64fa5d248e4a1b7e51e7c090c526b87360bc818c01065434ec15a51be8b307afc0b10343e63aba2628b7ca06f322
d9813e5aa429be7cba8121f35afac7a92b0aece5c07d9719c1e056ca2e595d4ca7f32e53d9ac2eaa30d4fb7542a0d0c417f70efcd78471efc074e5bc
b8f7eb7c406ec657c86d60b3defde2e38139d97bf1f1c07867aa86cb38301d262f8e1e182f8806487a60c3ad5e243d309ee6a54cb48a7138944d1b71
b4a03da82f9e1e9883c18ba707b6329fc66c2bb3c5b8a87b60942de5c5dd03db884efce738fea2f681f194bc1fb70f4c5fc68bdbbff6555a777c91fb
c01c635fecfd75b061c6ac177b7fe7c1867a2dfee7c0e6288f97fbf99d671dee6e65aeca5c19765f64fd9d0716aa116c3d3064aea397030b7db4e8fa
3b0f2c54e7f8fabb65c30ebb22e781f1b4989faff99d0716aa4c8c3d30ae8b16fccf814d3e9a178b0f6c92cfbc18fb3bcf2bdc15449d6f8908d155a2
e7efdc7ce963e4697e9d616881ebc5d9039b8c372fce1e18b7c6e8487b60c86261fee74099096e5eb43d5066ecea8bb7bf766e4ac6f622eeef60e99b
edbd2f96fedab9595da579efc22062242c3d50e684ed45d303e30531139e1e180e80542b561e18d7e55eb43cb0d954fc722c07c665a9088ee5c0785c
6c225cf8b5edd349daaf78e1c0b8d7f3e87fd03f8b0d2fea1fd86c527e51ffc0b835a6c3fd03bd235f3c4e03381243a17743fe039b49e7cb2b1d1877
ba8c9db243746b59bc78ad0804c67564da44f68876594a229c39b0cda902b61fe8b59f39d02b74f94d9cf2dc8df5f24207862c7612a71c18b2548f35
80c036bb4b6b0081f18a686111205076396c5eab0081cd96fad72a4060b85d6275cb0081113240a601b4c45af8c4ac030436c1882f1f766004514407
6b03814de0e16b69205056e1f42f2f76a0936f9f8938e5c090b99799923767958cfc15bb1c18d7291d33b5c45f18caac21047a8f1802f462fd817208
627bb1efc090450bac343064791e46f7ca253a8763842a306479074a112887feffe3b8090cd928f267c00c7482764474107945aaec3360063adbae11
35a211bd61c7c267bc0c2cb2117f86c1409f3cad11bd449627f34a63de97f46f554a9bcf68f5396077cd2ceb335c05366cfb335a05c60896971a9b02
23f99deb6890b14996b1cfd81428b3be3e2bd05f9d9f3ad94526342cecfd33867dc2a53269fdac5407c617a1c074755e6f99d77d649fe6ff3fac9e7f
46c7c0d6b2d4f5191c03bbb1e6333606c6509b5a323806862cfa181c3fa7f9a673f82c660766d8f3671c0c1cbcff9f55ea4fbab746c40ed2bd35c560
872daea6e659ccb0c5d5d4148c1592cf4d4ee7cf2018e857a58a8c81812e8af98c779fdc6d99a37e86bb6fcfba7b21d204f62c6e9e44aadb9952e99d
3f035ba0390fe513431568725d7ec6bacf4699cc333f63dd67a34cbaf5cfb016a832b27c969f3fb9db4c123e235d6095dfe533d07d33822ad1729f51
2d5039e73e835aa07342addfa016a8dc7a9f312d300eb7752bd50f9c309635a605c6e745c61c09ab1a7d7f64943fccffd3317f46b0c090c52246b0c0
90457fabd581f1e1e45e6bd3814d2e92cf68151897a5b28c5681fe916478fd2c58077a53cb5b2d580746afee7134b3f966be946219d3247dfe0c6981
223bf267480bccf36a3f235aa0f77b3192012dd0e7a459edfc8c68814340cd67400bf4969b8719cf0223ca21ef34a00516d9da3f035ae0c41c3ee359
a03fccf319a8cd3e4e31683ea077b629ad612a70cefec728f5b57810352d8bdf817e639e65a1fb4b509689c667513b709ab77c16b503a314a975c35b
60b577fb13a8156892c57e96b9034d0ed8cf2a77a0c946fb59e40eac76787fd6b803abe40c9fc1f39b7b717c67d6ae3f19ccf7f94e6a66f1fa70ead2
67f1fa932b8181ac5d07c6adb9cce2f52757c2eaf3b67a1da86d8ad8e39a5c24a5b37a1d186b3e5ec1209798ed838c45066c52ed7c96b403fdcbf015
58d20e6cf23d7c96b4039b7c0f9fb9c3e7cca9532bb5a41d180394eb98ee32b37319cb5dbc2369b9360a05e609cd9f55ee40ff32a2bc55ee409f7144
018bdc81c56efccf1a77a05f95ba92473dd04579bc15ee40bf312dded427705a62f8ac56074ecbbc9fc5eaefd6e0a39050b0406fdd8a4ac7db374044
c7db37902fd1c42a9093defe3d505bc7fe9e38d90d1596b103fdb9d1c492f5f7c4759cb9de67753a70ceeab2c6fc3d46a2b47dcbc981b1e1dac394fb
991e1932051f5065c4f8ac277fd9286455e813ebf5bd73dcc91b2c140786cc751ae65c28f6560bc58132776b7f168a03e33aaf5543568a558795e26f
ae149b20d80214183245516deffcaa158501def9557b1e03bc96debc95fe39c8b837f5dc6a49f91bcbc7b54d1103cc0d45ba5acbc7816d3629abc7df
dc4f64ca61f9385016399c3f4bc5df67e5c054d4527160936ff7b354fcd94f2450f6b3541cd8e4d6fd848405369ec6cfeaf19795e2c5b1be9fad4381
f1a1f7979e7f8909035b16f6fbef4294c5f3d191f4df0b91e9e2183bfb9f952c4d6221aa4419a156a28dc8569a35a29d28b92156cf3f888e741a6e3c
894eaa2bec4596689f4168faef9b28353f0cd47f3f444fba1b57bd445f9e9fab0ac513dcf537eab8ffa678f240fc8dd6d17f533c2bce7f4b8a5f2839
e0888fb4ffa6a448aed555944c24d7fe474449915c6b142a942cc99ab42a57234a24d7eaf1d42ee9a71a11b58b7e4a51a99d4d46dd607b64f41ee04c
c0fefb23d251e5950b532cd3a3963b17b658b249bbc53c0bc517dec5352f5d689e55e57eabeba83ea0263cadffa6e7809ae8a1fe9b9ed69957d6ce3a
3318b254dd42d3c50ae099b6b1502bd9d3cf9cbfd9ffd02b39efbafa91ad14cbb2f29ad3a4fa1f8a25a3fab9d062d594574dd965941de008e9fe9bae
ab6d09d16ba56a0e54fea3d7aa96574dd955540dfdddff8854699681ebe253595560f86f550b2b4507f43b158c9e6bc8108357c5afa1392d3756054b
0c55f37156051343a5f855b5380b4b25575550332ff4f1576fcc6154a776b531a2e028dfe6e64b9142618b593736dccc666a1eb62958f225240344ff
ad149b895b2a6e538a0132d2f7df2c96fd3afbbab953dbd8b896abeb58713325992f65c60138fef9b7d360b78cb0fe7b9dbc5f4bc35d40fb16ad77a6
cf8aea9e78a3fe87da7bbe932425ec7fa89d2d3d7b0215fb1f159255d67e5d4abfd36847ab6651d97fcfc2bfea3d34ec23d1d8eaf2a050b6dbcc4ffd
50b8c3f894771edaf031279364ca36604b7ad6fe5bd18ec46cb76875a8a5b9fea92b3c34ecc386314de360ffac629e3afc83f9077451ba9c834ea180
7f1ad04927d9bf933aacff61f2011253f7dfac7b8632b418e8a4d49939926ff5a4d3a99945a7934ec9c7b018034ee577c6b0e29f5ade803d2732f5df
5a9ed40b0b91e20fd87755d2147f40ef30a27753fa015d94d23755125e97bd01fdb7d20fe857a51534a56f5211e68d8df99bfd7ad1b129fd807e6314
6a4adfe6543e22a56f169f3d5e231bd06f8cf19b5a4b9853f622f4df746c96053deca791257e69d7da7f944cde841c13d47f5372c0be6b3d3f4afe4c
03f2ca9ffab0d566f60e3f2a252869df88a89498a4e421efbfa9f443d153d89ff20fd8e7a7f4d3ea06ecbbd6ffa352a28f925bfcfcbb6874d128575d
349ab9b55da5d18597e5b4a5fe9b4603f6f9915faa2d09ec7a6f1d5b5cb40c2d3b17dfc3a52e93597bf7c15db40c07db0d54975aba669c7fcc785133
7ccba6baf3ef56dc90a4a2abbf55c09de07c53945b71073842beff56dc44016d8bbefe56dcdbe81573dc4a7b67716f5ea59a06389cb5ffa6c080a3f8
486e0a844b658b43ffadfc499a5d4c946ed5142ef5672673aba624cd2e26888faf6bc0514cf31e35970c77c58d8f6a7a127aab5c0fbd1f7ac7880fbd
1f83760cf650fb89da46e387dac98c5794fea1f643ed18ffa1f680feac28f4689d0396ac29f5df2c9194dc453ff3b0c49349ea5488259e5882a15f6a
27ff76f1ac97da6f26a96ae855dd6fb66798bebc2c91fcda7372feb2c4807e63def8b2c400a7b4f5df744c02bc73d1125fc50fbb3a4e9fd2abfc6f26
2bfaf457b5bd9999f8483ee5ffb223c027fe29ff179a6feaf669c11f9a9fc77f541ab08cbcc9ff1e9d3f1a7fe11ebeb38fc603fa73d31c3e1a7ffc1a
fad14f4d7f9984eb9b3e56f8ccd814524d0fe8a2d4e1a7a6071cbb86f431d597ed143ab08fa53e96f22c35fd25283d8db2e06181feac25a2425422fa
8b6821cade89cc5d0b1a16280ed2e97f36b2f0914c8b0ad25590ae546b41ba02a303f6ce938c2d8e881a51d34d78da8f2cde9bea9d37913d9de9fc0a
da1518b23c0ea32a33df42ec5150aac090e5793855e0cc2244ff4d876252bb46448744eb6c3908791c844a6656eb057418702604b4ffa64241adaba7
5d64572ef3b087e88948c968155295e8d7fefb23fa22cab310a880acebe30458a2b1286a1a5a16b5b7640f453edd826605ba28c5c7b28a147b1930ca
42f10167bc60fd3725976c1d59bc9192215456f3fb1f4a0e5872d679ffadeeb26566f9530a7a2ff44edbc0b08a2d33e9b20a82556c9949af5f564ae6
74aa2db98947ea7bb278311bfbe34981deacd2b7154429b0e6e0e0fe9b06d9fc72aedea068d9d6728647173c29b02615f0c88e179124788be2224a81
7e678a51156d404bd0c1487e48947d0c990216dc29d06f8c8170a7c0d0d3c314b62aac87b1b6f476991696cada03d6240de9bfa954a914c52b952a95
a22522566c5cc9e8593615b0c5935488343ce9ed32eb2cb859b17125fd7cd99862cb468623a547d78a8c77bbab343c1b5732372d085ca07fab9bcbd4
5bb6a99c398ca5ffa1f880b6f924d0b540db7c5e9859a06dbef29d4a7b763768ecc85aa06d3a47642cd0364d16ef2af2e2f9ee77e5dfb341bab94af9
b34be5d41411b140db7ce33b8d92176fd3fc770aedd977d31455b5edf6a2eacb761a71f765865610b840db7cf7085c604df2c2b1a18d281b1e5aac73
50f2a0649e85d305d6ec761fdbb888526f871b29991c789bde01a50bb48dde285d603d7ca9185d71c4131b1e6aedd0b16f5e49a3238bc6e5dfa76f0e
e754ee3835d4d4047217a84b2670e5a4dd6999d93085f00586915d47bf532882ce1bbf0b0c59ac75d2f04c4c7f267105e72b385f31ea217d819a7dc1
fdb7da76025451b5274b9c73b9c1759ac039971bbc82754ed64941f0be32fd79991814c4af38c6e950bd8d126dae09e4b5a85fa06e1a06ea5764c83b
7c37b85fa06efa23dcaf24195eb693f6df9aa7038c0f1f0ea6576c5e397cab3ff525695e0874c1f48a63980e431aaa57ec54397c28b85e603418f7aa
b0ec5429ab4f18010c94b2eaa17f74fd59285412ba26dd799b7752359cf0987d1052589cc3b4aaeb9f0afbcdd59458132d0c0c595e7151365ebc2e8b
3911c332bd784606cc30304a1c1b5f2c90b389dbbc4c8bbd84df6ad9e86291f07cd528f0c532f9a246812f966b1ac5f358e0b254eae3411803db9cd1
5c2c7009370d612f486460c862012432b0cdd1fe629401db9cac5c1a4552a0cf29cdcd4c03b63927b859e9b69a6a84404803db9c4521a4816d4e606e
46ba794a4e2f60a45b808e068ba506b6399b435203e3b25417965ae6d94ee60e686a609b13353435306e2563a37bda28064154035b655eac34b0556a
61a5813ed10b9b28686979c45d86b617243430d6cef25694333064792bce19d89214b2ffa6c33397d83c8e1203b69d0e4867605c1693a09881b1faed
3a151d0fe03a27f30fc51ed98c5210bcb364fbc8ba996abcaa35e91e4e6329e2597805c3b70be219180d228d04f30c94c41af5df6a35e9d8cfb0c0f2
32480e3bb61a515ef618b04d0e809f16871d5bd92b2f7bf0129ad6a1ac81a59a9060ac0563d567bcacf18687a153486ca0fc1f63f79625bbaa2b01b4
4b65037e34271fcefe37e1a298acfbbbcf4f459606b691c0989004d88ce0daf0d3edb75efbdc0d41dd2c1d31d5c34003fbdf2a45cdd0cd711a6c7ef4
fc65b56b38f1865b06fa6a14dc32d06faf3c6e19d8fecce210c9cd260f3acc8f023fce93ba70c72d037bb6022e7243845bfe0fdeef1df50ccca9fe1d
51278abb251fe11df30cb4acb52dee46a45df7882e22a3fc88e826f2ae5e11bd885e79e15cf826925e178eb3239ebb0860538b2f51168267c6b20bf7
edf67288a576e1bec025c8b023a78196a48ff99b9205b3fab93d6a1aa86f7e6c819b06ea434846cd4d0833e3fb8e76068aaebb1fadb28de09f2613df
0bcc8a2845a9823b69cff3f74394b8c6eec21f51bee52147bbf05ee0f089de91d3c0b9ad5254cfb60c62603bda19989d44296a66b3c0e3a6a6e05e60
cf1ed2b5528fe8a6795a0017ddc33bfb12d172f796ba192d9d709553afe63f742a98f548d5b0cc803daa2b5b86a84514fbe09d01fb69cfdf742ad8ef
8c15bb205e608a621fe4343045e91a8d96d9ab41f8604757777b35e879e86ae0da57552989ae7622ed9603af4ebc6417d7dba5ba661eb9770d57700f
4a62b5813b29a7e5a323c260a364a764c19d5cba72be109d793153fdaefa3d1c475db1d5c08ab9ef78686076ec554c5dbb096318cd8e89064a166ba0
a28192e57eb868a064a909321a2859ec8d8dee2b7878b81fbdc69a1ca52ea287fb303d8c91440ff775dcd5ed76345bc75dddaaac65d67157b7aa5077
3c3ee964d45dab30e264da51d2408d44b1314eba1fcbe590ba0810ee965c0ce326a21a28595a11530dd4b5643a66c1c822c6f99bb6c79a0eb81dd56c
efb7465871c44065babb9d572b6cb565e3f5f90f75b3102349fdf3376dadc3c86c68474d0383136c474d035b5608ccdfd43abd6d44b42a989d9a8852
27ff411c1b3b6e1a18b70110370d1c9bd6c74d03dbf29feda7a63ee5bdaf72ec91e5165dac6c4762034716f4ccdfcc517064edcefccd1a276ba44d31
ddc0915534730ea6a7171c1b05f0d6fd4ab680e15a5032707049ed186a60739ed8fc87028937ae2f0eea19b0b472fe56d7b0cc5a1ef8df9feb8b2a05
0727d38e96060e7ead5dd0725f41cb3cead6d60507c7d02e8e19b02272fea670c1c1e7b0df9aff4e5e8cae84b9060e2c75c75c03db61c8475c03075a
b923ae81030bde452803f342223a161c6bc44165039b18f28ec9060ee47617c60ccc0b532fe436709c3ef3b8ed6ef777267cd1b160968a71b0dd5d64
930991ddc09cf5f97c20bb81638d98b86e608a5cc93a0553142571ddc0eccd3a12ae1b38380e765437b01d3aa5986860cbf15cf3378bbd584cc5584c
4c54af408703dba10b60c3bb30a9f707f10d6c871106f10d1c6bb8c77bf715268d11d1dec03462da08eb0d6c87b7409034b01dd4c68303dbe15d4783
03c7fa38a1c181bd531b0b0e1ceb9383040736096d3b121cd80e7d1ae30d1c9c253b761b9885a210761b989577214b84dd9e974f10ee19a8912f0d8e
54ee6b3d0ec36295bb4de977a3095619d8b3826afe5691248bae99de57450af63f137221d1c09ed55df3b72611125da534494e16e6c4daf1d3c0bebe
0ce869a0144893e3a7bb98a8ef002eba0b80fa44098006f6ac139bbf595bb4336eb81d110decb2b57644741700f5d60b8006ce35f9464d0335e2c73c
b86960d6c2956cf16484d26351d35d50d4dc0f350decd8e48e9a0676d92a3b6a1a38651eed6868e0dc4c701fa6287004fdfccd14399a985f71c74c03
e7a62f62a6815a77a318f33ccc939b89af06ce0dab115f0decebc38cbf061cc73e7fb3ce2f21632f09fa1a3839377701d4c099edbde76fd6f9a5a7e0
92086da022218ae9163fdd228d84e4069c713d7f334f02a81b2e84e4ee76c6e7dcd84550039b8581f31f06fa25cddca71af30d54ca7ed5ada1be8193
b3b7a1be81dd47bee1b6811d856cc2aa815d6a5043779b2d0f33aa377437b0576ad07f7e979b386cb3236277df9328c90779451b821c98931ad5be89
ee3c9d726fa237ff21d9872cdd6bb8f24b94dc98bc1c0d5b6db25333763491d4263b95f1f0d7b6f86be6c24d243570668de2fcfd22f2855a97aada96
d0785ea286d206661b467394b6ad94d5cbdd1eb2a43ca69737043670e6ccd5f95b8bed4919d889344fc1996358e76fcd83c066606e086c608adc9ee6
05a7a4a686d23694f6747b8aef515c2b61b481f944b7a737927b10d17b8fde5a1cc90d4c23bafd8f281c372f4c93a91ad8b335d7fc4ded6c3e987db8
e66f1db56541c4a6144bb4a4421ceec512a1bdd96278fe6689d0deec22367fb34472570faf06da1bd8734ed2fccd12a1bdd91f6cfe668996773b2377
93e11a98537ff76289164b78cdc4720373c81c8a31458b2932156b987060cf2668f337ebf478b042051b721c98a2dc4bc437b067afb1f99b757afac9
46c43a3dfdc428812f07ceacf99abf99a2e7a5cc87a7a1d0813da773cddf4c9104da9ceb357f3345cfcbd095628aae53d091297a3a85171cf70e4c85
3c91717a926c32376b987760cf8157f337e30cc6518a7146ba4ec6d08676074e49670deb0eec39ae6bfed64f8637c6858c3324b5e961c86fa0e6a929
87fc36d9b19776436a0375109d72943ad62c28e5043a0317bf5b43301b82e9dd45300336749abf3da0e0e2746bf86560f29334007e19982c8648cb9d
f1dd5014956c67d2ec7562b4316085d6fcad99ce2484181ad0c6c04a86699736b9e26e3464a18d81f2524544a19c24d6b387ccfc8746571c54344225
032b89a689750656a26113eb0ccceac760f866608a94a2e495ac17438f4867a07c6511d1fb8adec6521c33b0dfabfaf4ced1cd3c200dc70c385f65fe
668aaceaef62750dc90ccc8ac5fa4866608a727f243360efaff99bc5b20652de7f933f1b9815fbef55d3b3287bdeece951ec79eb21eac89e39ec79f7
3e22af81ebf205435e036b494493711ba8c3c5c818f4d691dc9f41adad6476ec35306d9052a86a60968ac2a86ae0124a6fa86ac03ef0f3374bbd6229
631aaa1a58095a0d530dccdea6145364077ca19986a9066c4e357f33c52befcfaa1753bc926bb49ec814b6cecf1646f31f7abfbc40aaaf23bdbc40b9
3f5a1a28df66446a114678fe19af30bbc0bc7d2a8bd935cc8e6baa896f06aecb388ded05aecbdc497c33d09ab9130218982d4ec4fc9fe415c5afd310
c0c095dd27e66fe6ff24992639d64d7033302be142e6cfd2c59c643d7f337fc12ce58914cf6ac635b0a29781963d60e66fe6cf02c7cb7441b0333015
520906cb667cc79a2fc8ca0dcc2bdd8cc13e1cd429859506ae1c77367f33c5d72adf9b8c2dbe49504908b7e1a0817965cc838306e62389d8c24ac7e4
d2341c34309fe85e6cf18d1fdbf0888206ae6b3d91e2df28beea45f16f3cf33e9c58696056c285f4ce61d5964734ac34305b32a5b0d2c0bc3095c04a
03d7e5894869603e313a22a581d9dc4a31ce13e3985560a081592a96c04003570e799dbf59e249fe9c8938521ab872e2d5fccd384f8ce3438d94062e
de8a869406e6cc4cdfc44a9b78a92e8694065a431190d2406b1e8994065ad3dc4869a0358f444a03b3aeeec53abf749d38a31b521a980a11e93abf74
1d934849bd81698a9815276d02affa094e1a984f742fd6f9e93a44acf38b750cde2869a0356f3c46da24f5ea271869605aba441dfb0c4cd188a81149
c523ea44de18a24124ab262f73472603b3fa7f119d4467ae3c23ba898c1547442fa28c1517d19b28898aeb5e1f2263c515d197287a9f6eff10255131
06ebd9e10f5c9752e2af8169c3ffe193dc856703f326319ef06c60de248fda186fd367524711dbc036b47d477803b50cd5dd2eb295c1e976acb0697d
356785ecea3759760c8f9106b62167bc8ba906ea0832e5d42e27685feb52b5cb2acaebd42990d240edc1951ae39b817b74c5546e4f4aa51e805c065a
b6029abf35d19e383123592f19d80edfe18e7006ee6c217075d9bc813bdb14cddf942a68d9877bfed6082d21c84c193a0e1ab8b32be5fc4dcd96a864
e6991d070db4eca83e7f53bc254ff1707b1db8254f515571d040cb466ef337eb3463be27ead305774e5b9bbf19acc5608727325841cb5ee3f3378315
b46c523e7f335802b403d7eb6869e0cefe0a57474bbb006da69e1d07ed02b419953b0e1ab887be82837631dbd3bd5847ccb6bb17eb2411397bd5ccdf
acd3631dc3075a1ad856727bc74b032d7ba5cfdfcc93dd8abab5b51d310ddc43f7444c03778e669dbfd9a7a74365aad711d3c09df366af8e8506ee61
14c34203b73067c74203b3fea918161aa8c8671e898606ee6c553b7fb38fc3b705553a6a1ab8b3c67dfe66a091f1ef520d06ca2e7d3dbb43cd7f1868
a4ff34c51868a4ff84cd7441e340cb56fef337fb0ca3c1ed990c3418883518485e73a7a7fe33bc7079a454e7c09ded72e76f36cbeefbd9907ffe66b3
30ebb5e2bc63d68196630de66f363b04cc194d5439704b97e9f8775ff9cfa9acfce72eff3924ba8b3307eeec473b7f33d9a14fa535459e032de70ecc
dfec7378bf621e71e740cb8984f337f31c31cf4923e691246df494241db887c14d243a506d992b85a203db9044de790f02532522f6c9e9e1c318cb7b
1068d7ba9079644ec709d0790f02ed5a8f649e9c1e9e2d0de76fe639d3a3e2afe81c0a813b273bcedf6c71ea2a4ab1c5195bf81ef01e04b62e02d745
9d03b55e227793411d68397d62fe56ff4bfd73378e8140750c57aa47b6e59790d8b1f9c05dc728fff7171ad90fdc32183bb21fe8386047f6bb63c5b3
19cbfc47c5ff1d2b1e0362fb81720ab8569bddb61cf08620f7816d5844d8d1f72e6d5a88a3e3ef7d9d2c6e4683c0073a775147e0037510534c81c177
878d6f0633143ed0f7f554465c6703784b50f8c05ad7dfc5a4fb3a1bc03701ad0f54e5c8186a1d0ee0938ceb7739d79b6f3eb21f98a50ee5186a9d4a
6e2847e4fb3a0940cfc2e40375bf541995efeb2400f3255cbeaf93007c3a91f9403dc3fd58c5764a1c1b5ddc393025de5b0cbfafb3007c3150fcbece
02304dc4f1fb7bd925e5c49e035597dc4f2676a0733f74c1e740158b09849a03753b3226b0cfbfa19f1ba1af7dfe7d964496fb3a21cf3c4a68b9af13
f2bc9762cb81ce7bd67920ba55ba7672e85c10817a09c91820bbfff308762e8840e714ea5c107d6dfeafb9f920fadafc9f89791c027d7d46791c02f7
5857b248c1da25a3f338044aabf445fe85c0da4ba4f32f043aef51e75f0874fecbcebfd0d76eff061b0e864069e001ecb176fbf739e46108546ba5be
82e181ba3646e27608ac85e35d303c5097a6c25c1181ce0fd7792202552c4fe57708548d63388e87ee00806c0d35ffa1ff3a618f99f819babdfdb389
d3fc876649b1eeb2f53bef40a05a3fe5b807fa0a5aebaf9c01dd7efc560e74de80c01c3ccc42b803baed934ed643fe035366ca8dfd7799d1a74931fa
dfed9f741aa3f1ff40b75b4dc7f5037da0a0b87ea09e9a2b91fd6ef7fdd30080ed07ee41096c3f500fcdedd0fd2e85faf4eae0fb8192a526d87db7d5
fe695c1473eeb6da3f352eca1f2823ab1ea3fc18c59885f477fbef9fbe02587f60cabc17687f976f7dea67787fa0ee47c6523f199226f8987fa0dbf2
650845072ac9f18e6c2763964ed6c89a89ee5f64834c92d1baf6203bf28823a293c8444ea98b484f69ff7dbcf52c7bbb84cd32071a1c06819251e84d
c66679ad0797c1908c7d36d77ec9d86c57ee2163b34cdd07af41a00c546d30b80d02d5a651896320d0b35de2fccd8edbb2636ec73310e8d90871feee
443d264be5e4720fb9dc39ea7efec3b22b973b13b7213c1ee8d9bc74fe66da8d69f3d518c2e38192b994ed360bb388986963a60cfd43303c504f2563
a68d9906bd984986f79969d7e08f08d463538e3f22d0b379defccd24392a209be7cddf4c625327596843d83cd0ed3a3478280255113226d9bd83bb4b
d96467934ec626fbea4f1ecb26fb7a07dd4f7fdad73b9886e5df187b56b0dd6ec726fb7addd2b09c1981d23fdd93372350b234197746a0d44857e4bc
08cc49921ec07b1198e3301bf34204b64b5ae9e0600894f5d266dc09819e7d68e76f556ed69c65681e7c07c3defd8d05c4b40325cbed381486b3e073
a8d6fc47957bd69c79a1781486ddf99b779f4b61d8efb865501b7c0a812a174b712a0cfbf3376f0faf42a0db076a702a04bab5ea835321d06f6f2c9f
42a0b241d4572b6617ff830f7df02a04aa229ec04e7dd9294dc189102859caf12204aa2952616e8440dd8f8c5106a3e43339f8110275bfd4851f2150
868add3912865c734c76f02404ea19313c4fc258f9e76ec72a43420c75b91286fcf3664ce1370854f5c898205b5559513f780902552c35e12608544d
62657e8240c9d21afc04817aac72ac72acae122b731404ea1964ac72b08a9785ab2050b2b4065fc138f40bd5638123fdc2c8c05710281bc7289c0563
ed763568cb2805ddf60483b720504a28e68d3f7d1842a006e740a0cae55a8e8040bdc9310ada1fa87264944d5afa76e9dd887f60ca7cc531ff40758b
1800f50fd4b5eac202f64ce61b19b20902258ba524a60ffb28f3b00e1e81c0b0d46460ff815aaa90ea4928085455fe8755d883c32050354ded252104
ead6a9bd35d7816169d4909810a84bd58ad12e46dbd48ad10ad6b60e8303225097ba1d9b5d6c16dfcb909b1058fb110db90981aa5ccc28392150bd46
4df49a24c86ffc668343235032e5749becc8bc599e3ff82c0255bd3401a74560395b065f4460584c34a41e04ea6e51827b22504f8d39b92202f504d7
32c0cd003ebc7c1181328a6b59a060085d0fae88c0d8d713e87f2ffd15a3ff4d7fdf71be8840d524e5f82202a5459a8c2f2250d792e93c2f9dc750c7
1711a8726933be8840c96277790681b587cce09e18967fdbca60704f04c6be9ec04e05c3167083732230ac03197c0981613dd8e04a080c19b4832721
b0ed16130f69ec636dc37c91d120ae849d776648641f6b1be6b8b106f742a0ee47462dfb305b383db81c02258b45f81c02f3831f25b81c02b3c6eea6
5de34ad8738cc1fc47bbc695b05bc03db81202552e4fe54b08548dd3eb381302733834ebe04c0854b9f409190d8192c5a01c0c817a46b4e0610894cc
b5acf26195cb3358253e863d7be5ce7f58254bb6771b1b0e7e87c03481db79013e6fc5dc8e59d6f26c9ab1cac7c22d6f3687c2584bb66314fe84c014
e599dc09816d17a019fc09c32a6e4195216721308446063fc1588bb84dd8642804ea7651558ac2b08a9bdf77f027044aa62adeec9c0bb873190f590a
8121d435b81802554c55e89a533c76f1af214f21501fc968c61511a8c7e6115c118129f35597aa10a8fba5cadc13e38905101ed9f2812a96eac94c08
d4233c96050a065ffee09c080c41a4c13711a82b3d814d1e3631ad919c10281965192529f3a39b3cf25804aa76b996c72250b294e3b108d4fdd2665c
168192c5c85c1181da1a30da7245040627dbe08918bfd505a2064f44601c86198e88c0b01c6cf04304c6f1bf2cf41abc148152db5d98e767b998bec0
4b316c086d0fa3c14b31d686d031e3c14d1128d911d946b691b5c876b2dd48a25c27ebca5d910db2a12e7f911d6459d898c1e0e0ba088c6cc13f7fdf
44d63aa6010e7e88c0c89edef3f79b2826bbe9f021fa78a6077cc9643965543a781702dbe0ad3f78170223e76bcedfd4b23d59f6b49fff50213e82de
d6a574281848e8c14710a83d1862253e82409da6911af31104464e489bbfe9b55906d8dc8e62f11b34b908071f41a064313a1f41a01e1b2df8080255
2e55e12308942ccf905a1fa8e7e6191c07812a170bf01c046a88544e63673be859ce73592aae835997d48feb2050e5d2dc5c078169518dc67510a872
b10bd741a0ee47c62ed924baf1571ff220022367e3cddf4cb52f53a50f701d04b6c372cb839b20b0adadb00e690f817a441ecb75102859ccc77570b4
4116d5a439044a161370270486dcb6435243605b1bd91eb21a02dbdaf3fce075086c6b53b1435e43605b5b751ddc0e816d6d0576c862080c4969074f
44605b5b371fbc0e81ad8b231ebc0e8122e7792c1743605b3bc71c5c0c4712129ae1ffe015086ccd82908357203065611407af40e010513b380502db
11b7fb21d720b0af1ec0251038edd07af0081cd2dbf5590e81437a7bbc89077f4060bfbd8cdc0181b5c3d981e507ae7ddd9e4a490eb045cc213920d0
f09c039f0f3484eb9008106888d481ce07ea1c8d1443e703e5bf8a69d1f963d179bd019d3f169dd76bd0f9e31f9d8fa2a87b60ed877760ee8162036e
47532bcced9a73a0f381ba9b72d43f6c5ae109d40f9defdc2d073a7f1c5971eac544dd030757f221d21f38b8340f64fe7020d249c422e772fba4ddf1
fbc0297a7b08f4074ed1a603930f9c426807d21ed8d7a884b307f635c8a1ec817d8da3187be014193d10f6400d5dd1125f0e9cc7ff124e3fb0e9c029
e1f240a603a7d53107921cd8fba5944a5e595fe2d5c79103b354cc8222074e7bc51c1872e094667020c381d34adc03170e9c765339c4ef8f7bb5442a
267e1fd8f9290f943970ae5717650e9c96f51e1873c05164f337bd6f7ac7ec3874e0b41afb40a103a735cf07061d587b881fd87260ef3a0db61c38ad
f43d90e580b3cfae032f0eccb1cdcc052f0e9c567b1f6871e0b441f5811507e62395628a57469e30ca433a7ee0b4a6fac08903a7c5d8074a1c38ed59
7da0c4817dcd6450e2c014452361f8c3f26f3b011d687260bf99074d3e64d533359a1c98a57233f1f640adad8c4a987360edf47420ce81b5b7c38137
07e6f89a06479b0353e45e147f67fd853e803407d6fe1f07ce1c589b8d1d3873a0f60289c8ebf0cee2156d84461fef2c30d07930e6c0dab2f2409803
b35ea93dbe1c587b1f1ee872a076248988253e2c914a20cb8179afb424ae1ca83d4c2262890f4ba45e9872608a62094439306f9f7e8827076613a93d
b53f596bb14ae9fa1f96c8bdf0df4043b00ffc3770d96aea103a0f5c39187cfea65092f8f9610e91f3c03d743a843870d9acefc0870397bd5f0f7438
d0ecec7460c381cb46b587e07aa0f525a250c165f7a1033d0e5cf752c8bb5cd0787e0eec38d06cde7620bd81eb5e226a3fd48e8e286fa0f1171c286f
e0b280edc07803976d0b0f843770d917f0407803d7bdee45c7e4e2dfaa8aef062e67a51ce86ea0f1631c986da046e09842667ce01e466084353045b9
3fbe1a981d9348f57f496733a0a0ab81c6a57da0ab817bf8f2a0ab8166379a03cf0c34538a13a50c343ec713a30ccc7b11ed444969cc0cf1c42703b3
aa4a0da2e8782b751025a33124f6c426038d47f714080fb472c1fee7f7f8c43f03b7dd334ff433d0f0e013fd0ccc3a2af5214a0e6d669927f619b86d
a7790a81076ec7e49cb867a00e338a2a42dbe73a81281de914da0e34b18a13d10c740b024f3cf3148be69d3cf1cc403d21f643344fdb8ff1759d8866
606d8e7de299a7583457df89539ee2cea6ff274e19a872a90a4e19e8966e9d2865a08a455794f2148ce6ff3d51ca40b792f2c4284f8167dede137b3c
059e39404fec31d04dda4fe4f11477b6cfdc893c064aa626da2bdb90fdd9f2e8c41ecf7d19208f15643e059939b64fecf11464e69f3fb1c740dd2fc6
c31ecfb62ce05a166849e2ea8a314008e59f58c429493eb036963bf1c940158b66c863a064d10c790c742b1d4fdc3150c5dc8eb2e18e7f9ccc27ee18
58fbc59fb863a07448cb8a6207ead2e88f4f06ea11cad13f7cf28f03e1c41d0325534ef57a9293b4369a784a49bf3c4185d73e6519c44e8ba5cfb54f
994e813b9e6b9f32d78a319f6b9f326f2c4279ae7dcabcd81865a05bb77f6294812a96c7a294816e39e38952068accb954231674dbeb9d02cc81ba9b
cae9c50930dbfdee14600e54b1b4353a1a2899dbb19cf3916c84760a3a9fce47b2c7ea89a4064a960e80a5064a96fb894407ba13094eccf53c96e9a2
18e67a2ee6ea45c15ccf752852e64827961aa872e95082ce81ee4c8513713dd73949061ecc35d00faf18e21aa8629ec05007435d9ec05088ab78c289
b906aa9c6b19ea5886521586b25d9a5de44e743650e5523d7c3650c712a41c427baed475ef36f67a3acef70cdd3ad1d74077f6c429601da8c7a62d04
ac03dde11627961ba8bb792a439d0ce5010c255c6df3ae13f50d94126ec750a71ec550f2d703758e4f0c2f0e7d8a43dbeaec14680e74477a9ce2cc81
ee5c83539839503521a3ab38b3458c27661ca8837594a3ec2513619aeebf3fe8e2d0a738b41dd04e71e8531cda02c6139f0e14d9f1383dc419c0ffae
658c2ba90a261ee2cba7f832d7dc89529f37fb783311e84095cb2b8240074aa61c0bddcb4269177cf91461b6b7db8930074a16ab61cca7a8b3addc4e
fcf81461b6a0f914610ed4b5d103690e5439d752578cd9e2bf136d0e74db699e42cc816ea3d813450e74db699e28f229702c9bf6c491cfd7f26429a7
3b647bb521f9f3c47f4fa7442d6511e0c0b6ade9a384f5c0e0753de5ab9f760417053911e540c93c965e760917c93891e7c094f97462cfa79dc3d78c
107d0e941b2cf7c39f4f3b875bad7be2cf81c1797ce2cfa79dc36d987822d0a79dc305644e0c3a50e5523d14fab473b8ed784f1c3a508f8d5590e8d3
6ee2e20a27167dda4d9cf1b0e8c05a95754a753fdfcb786ac7786fc65bca32de9bf1d6b58cf75ec68b0cdf3eed271e8e71e2db81d9b4fa1dc21da84b
f3088c3b5032e518efb38c17c570eef3b38c97ee837407d64e9b27861d5871a013c30ed4952acc4c760fb749eb897607c6be1ec04e3614177e3b85a7
03db3a74ed44bc03c3160da7b87360ed207ae2e2816d5f133b643c5032e5a8953cf6c3329f131d3fc5a717a1c0c74ff1e9450110f2537c7a3505461e
a86eec5acada667c4d8b71f253cc5a86ca899407ea7e642cf0d52bd6fdf40a41eb355516b40e8c6ebe23661da80f5bda077d3f9f15a18f59f0f753cc
7acdc611f8403d228697521f2859aa82d59f02d96b862ecd3e50b29819d53f9f653e32a64a9afdbe381a667f0a65af49356a1f98aa792c4b89642fca
23921da89902194b3d4965f00401eac014c57652ea0375b7184f4a7da02a1c03f01404666f4479b80ace9f5c86e15afd22416beb734f5e8040157329
5d13b51e3e7ac2d281592ceea8936b20302c133e45a04f1168d1f38bbbe01281ae65a9fff965bfb8132e016aafd2c59f10a85b933532490d19862f4e
86404d2ecec806994407971e44121de2abbbf81402f5882db29b4caa475c8617b741a0ca79ec9b4caa433c9717c7c1256e2dd7e3e239080c2b7e2f89
f2817a33733ba1ec6b13a2cfc7e9e22608942cb713cbbe2adf7d38c4f612ca0e54b1d444283b50b268c1c51098034c3e26171f43a0caa90acde24f68
7fda943fe15a816b6a48780f942cd613b80e0c2ffac5c770adb835e3f131048689eec5c5101896d55f5c0c8181725c3c0c81ba59ccc4c370095a5bda
7771315c82d6be0897a075601b7624b8b81d02554e4dd86405ad0f323d40d0da67e292ef1ea872b1315fc4f52f90ed19ec145fc4e08cb9f822ae7d85
76d3b422d9814a4e4e39fe89cb09c83e3b17ff4460d8e3e0e29eb804b74d472fee894b70dbb4fee28bb804b7fb2ac75405c3bcfee29e0854314f65a9
f8279a8dd12e01efc03055bcb827028347fce29eb884b6b9d82e49f6818a79c6c65c169770b78521179745a0caa51df92c2e3e8b4c1d2e2e8bc06985
e1c56371c9bbf7d9bd782c2e5bc7e50b7b09805f5d1e88d758ee7ce072bcc125513e506d1da38b895f62e27dc9e89a98b87d5e2fbe8ec02ee5e3e2eb
089cdbba90a2717574fef98b0b23b0760cb9783002fbad11782b02b3b6b9196f45e0b2a7fac559116872132f8e89403395be3826aee598d0041c1381
6ebfbd8b0f22d0ad66bab82002d38ede72ee86c0b696175cfc0d816ecffd8bbb213070908bb721b0d95cf612260f6c2b747771405c365db79bd0c5db
1038b725d29e09931ffa1f6743e0b410f4e26b089c56db5e5c0d815da2cfc5ab1038ffdd8bea712a0c2ece8b53213047aea8c9a710d87b5c14179742
60964a038b9107e6fd530b0e85c0691bf98b43e13a13720d93bb380f02f3f62ea46442e4fd5609fd33c1efe372218d0a66a928291e1e386b0fd7fffe
805bf11e9857e42652de03531413f3345ce555988f22d2d257923ce2f5bb78152e0786d9e0f8e22d08948d633dee80c07c176217de80c065edcac519
10d86f2f115fc065773c2dc1151098a5d48c11aec41c5556243db016285e1c01976def74377e80c08aec5ca2e6973dee42962f5e80cb1e77ba1b27c0
6513bb78ec2e3e80c05a2873899a5f36b1d3b57805026b75eac52970d9c48e5df9042e9bd8a1dd17fe7fd9b1ce408fff07d632a94b243d503956d152
243db016f65ddc04813a3320226d69173b7d578c3c70d994f61223bfec4f675ce60fb86c46e73de30eb86c4667d4e40e08ac84920bf30f14778d7d30
fa40336fbf10fac0b5be7ac8fb15a2ded74714510f5cd64c5d787ae0b236e642d30397153417961eb8acbfba90f4c0b546438c3c70592c7321e481cb
02a20b1f0f5c968b5de878a0de87981f1d0f5ccef7bcd0f1aba87793a47e61d481d232d510b30ed414dadd28901dead6a88c3e071a5a7c61cf81dbb2
ca0b7b0edc728d2ee9ded727a1324d22b53bb075598f97d876e05edf7f7c3ad0d6ac18770e34ee944b6677a0ad492c367d896dc7737e21d3d78a6dbb
bd86fb26a8d888e8fdf5558cfd31e9c0bc1711bdbff456097a67833a1ea70b8d0e344e8e0b8b0edc96655f4874a0f1e75c0873a0f1985cf86d60b6b8
d93b7e1ba8e855cc83df06ba848a0b95bdac18dfd713d4f61133f2f5c75b0375bb98036f0d74b90b9704eccb92f135df96807d591f8ea45ec86ca04b
c3bb70d940972672a1b281f90d37dea0b29715e36bf62eec7dfd96ae9e4ad71f5dd30a186fa0cbeeb830deebb762a6693f8cf7fa2d93a81c93fc9649
d4440b1674391f17167cfd96956261343850834e2976a3c1816d6dca7fe3b981cb84f94673035d1ecb8dbd06b63f8b726ef43550b233b2932c01a8fd
7fe0d937727b5b1a6e51e48ddc06ba1db56fdcf6b632dc3aa61bb7bdad0cb7f8ed1602bfad02b798ee466403ddd6c5b7b0f82d2c6e2ddd2d2c7e6775
b7dcd11bb50d543132a6d8b294391dfc4677ef6d59e28a8c2584ca2d95ba85ca035d62d42d041e28af78f4c25803539637f2464f03dd0ead377a1aa8
62d10b3f0d942c1546506fdbc3edeb76944808dc02e51b3f0d544d5261fc3450328fd560bbf046c6b11b170d74dbf6dea868a0db0df9c6440375a562
5fb2a5bf9ad07f5ffac7265867a0ca4509ac3350b2d813ed0c74fbddde5867a0bc8464f46f9cb879ed6fac33300c3f37d61998c532d6dc586760d84f
e5c63003c3e8736398817a8062742d18760fb911ccbb2d0f666498e36dc9b6bd276fd431501589d151c7c0b68e4fbcadd90e0cc3ea2dfe1dd876e3ca
6d7976a0c251b19cb5d8812ae75a8a751e47a3033e19a872aa42b3ce9f303c432b768ed88c5db748f93d38d5580aa50c94ba79064e19a8e7c604c2e2
817a46d4c52a03c3a67737561928c7984b35d9e054cb8cfb463503255315dd7870a065ba750b7807aa9c675077582b9449fd8d6d06c6bf47b040c1b0
0dd78d7f06c6aa1cfa79af63bf5631363996a3316d8180dec772bd29c72605f3caf41e04f45ea77e85dcdf22e0813a6d293aa09b81721fb81dfd8f2c
19a116be793b09ec8f5e42db8121a3e0c641ef6339de28c62287a5112c878406061fe08d7106ca8f957645390343d8e516d70e6ceb4cea1b0d0d6ceb
c8f15b103bb0adb3d06f443430df14fa63a2f72901dd882a3c1da8c5f39e41d993aba8bb966605c7b61e41b1ecafe69c9c1bdb0cd45aea28866e0676
8b546e71edc06577f61b030d346ef85b0c3b70734edd42d88159d71809270dcc993483e0a481eaacaa41f96b853b3d54e35f82330c8ca9deebdcb0ff
6139f82d5a1d98ac3555475103f5fd49a323a4b77dd8f53471e9401d634946eb905451de1b490d34b19c1b490d5c1c3837921ab8c4d16ff4337073db
dde867a0ad6e26227ddb806d0def18e9ed806b1b72dd28e96d0736dbd2ddf8e76db7b535c023a0b7ddd6ac18bf05aa6f275c5be37e63a5b7ddd6acf1
be05aaef15a83ec8a85fd06d457e63af816a38b7d3c0896777b1f01b7f0df49b16c86a60fc53820156e8fa50610658a1ebc313186085ae550e830dcc
1e19db61abb7f5cc3cad37ba7a5bcf6c63cf1b390dd41095e6c14e0373744bedb0d340e9e55235cee1d3d2a56ef43450638aa7aa70f8695bdf37fc34
302438dff869605b09f3b7f06ea00e93c8edd0c0db725e730f61d5c06963bd1b33bc9d95e59b851906fecdcb31c3409d8917117b7ce3523105c2f9ee
ec40bea636085ee096d8732378b7e465a3293617b8ed51748b88066e3b3ddd085ee0b6bfd42d201ab8a5dcdce2a181b60670e1d0c06d6f9f5b343470
dbfceb461603b7e4a21b570c5463babf17d7366432026f79cfb76dc8ac9ab811c87b1148433502792390762cb8054303258b5ad8e28d2dda27e1c616
0335e724a3fecfc4d157185d0ccc2e9e47a086f76f757132aa897c8a4cdfa8616076e758000f0cd42752319a8507b6358ae0818121ea76e37c816d1d
2c7ce37c81fa5695ec85f3bd843e43125ef8ddcb4154999abe442c03a74d315fa8dccb195219415e829381ddd2ce17aa16d87b947aa16581293a237a
889e883cf147541f8a912ef2c2d35e0e540e4f79e1698159aa47a4f65bdcd1a1242f51c9c02cb545348846eea5d44174a4547444d2025314e3084906
e6859ef8268a97ef727b3a26f8389c5bf7127c0ccc6f9aead37be3b0550b7a6ff940c6b7f042e40253948ae1718179af180c650b4c519e889e05d687
f5859d0566a35dff03037f216f8179e3688cbc056a83c0b40ef616980ff37c1aef344ee3e36981c5355f685a60968a11e424075adf95d23a2ddff578
445e98d66b6d8fc57ce27b81cb47ec25253930af8c1510b24033357a2164812972a1ea3b29cab29e174216685ef997805fe0962dfb12ef0b5c363f7f
616d81598bb42b32f6ea99bd7417d2b2d3928896427b79b75fa858605b27bdbe84fb0245d222a2528fab76782495bad1df8534ea71d536f7a751c1e5
3c9617661698154b834b610e5c4e2a7ae16a81cbd1312fb42c302f742f3db5a019235f885a6096722f9d77d03bbd1e270b5c26372fa1be9725b1bb52
14cafad71ea7f50bad0a34138f175a15b8a5f3beb0aa4043e65f48d5cba6d7463464e965376b5615c00b541e1499663be2a7d57750aa97edac99157d
7ad9ce5ae3624f2fdb59677ef5c29e5eb6b30e037e214f8186efbf44eb02cd27e5853b051aefc10b757a9d3ed0b10e9a14b89d59f712ad0bdc22a82f
c42970cbc47ee14d815b3af90b6d0a34b3be9744dfc0cd6ff642a402cd7cf18547051a87cb0b8d0a4cb3de6ea66b9e5eb6dc0c670adcdc772f9c2970
cbdf7fe14c815b00f8256a17b8e5d6bfd0a840e35a79a151815b7af80b8d0a3499952f4c2850f38dd842d02eb08e277b09da05bad58a2f8c285057a6
1af2770373e613afdf0b4d0aac235a5f227981ba347a624e81be3e3c9853a0c6c9e88e3905bac5f12fcc2950778bf2785260edacf712cc0b54b1b494
685e601dc7f8c29d5e2b74e7438628bdec54ad7388d3051a37d80b4d0af435ea6244816e55e10b210aac338a5ff850a0afb7101d0aac0d6f5fe850a0
0bf9bd04f3025dd6c20b417a2d82e473862005ba259d2f01bed76b353b9534e86be545e476927603dd79922f6428d01d4df812ce0b5442f1dffff071
c69f02dd19912fa1bdc09cbe7a21d0a74077b6e00b7b7ad96d5a9eea4b06eecb6ed3760d7ba15481ee10cd174615a84bd55ddbbe39d67da051aa4077
3ee60ba30a54b1b49b6cdb407734e84bb26da09e900a4bb60d744713be44060375373216f970b67bd3450b03fd580f65a56c05b55996fa12400c74e7
21be440b03fd58f5a0fd27a924a61842832fdb483b70e025d53650758b7d91c2407786e80b290c54b13c012b7c7d975ab12f0e18e80eca7c890ebe6c
196dcde14b783050864be3e38a8192452f64f125d5d69a9c970861a03b93f2854006fafaa0239081329c621a5fa2adf5af2fac3250b2342b5a192816
1503e095812a177b2296812a97fba191812a172d90c6405ff32ca431d0d77409670ccc2b7dbae4cf06b6b1ba30ce18e80e2a7ca18781c93888e89a5d
aad7b447c431500f884990c8405537a64322037d4df870c840691aed452103dd7aec175af94ac871b3f5c70baf0c746bc75f6865a0db59e4855506ba
737d5f5865a0af99155219280da2285219e8d6ccbf90ca405f934c9c325057561bbc71ca407708e45b18f19d98a1b9e81ba70cac1ca4b730626032ea
d3cd0e320b0f2e979e64e22e213b6fe43350b23bb217591619a445df0285812ab647f621f3adba3de24bc6cf155af2465303839fef8da606aa5835d6
1b4f0d0c1ff4379e1aa8627902a21a2859cc84a9064ad9d44e9031506d1f2dd0d7405d1be3e1af817247a47a086c60ed27f1466003552c8ac9a90d0c
ce92b75864a06ae2a96cb7258ed5558ee93671accba54cb7258ea5f911ddf7b63c846cc2749b9ce278b6df326f03c3dce28dfdbef765a65404fd0d54
9c283a0863bed7e650e9fc6f9c3830659a421c3350b29809510ed4fd9463a7828146bc31e140158bd551e1c0c06fde98706014d5fbcfaff81b510e54
b692bb3059229fbb40cd5be43350758f2d30ea40c9d2c62875a064a9a83067a02a1fbd853903552ecf40b403f55cf7639fc63e19f4de98766020cc6f
4c3b5097a6e551ed40c95499819a10a16646b603558e8c091a13e849d876a07a4dcaa1db816db72dc41bdf0e0c21b8b72069a08a450b41d2401db110
6d25d806caeb96c722e6816181fd5b903450b5f3089da6af608a720cd5b3a261dd8da1baec7c639a58ea5b2cd5eafc3706ff4edcb48bf4bff1f5774f
d4d0d0879c07eaa9510c3b7f0ba5daefe08d9e074a96da09a5be85526de1f0c6d903258b8d91f640c9d2a5b0f640c9d2b668fb7bc5578da5e2ab8121
c2f446e5036319407435304402de82ab812106fb165b7d8bada2e46f8c3f303fe67feea69f24b87a66b6f0e60508d4a5b91dce1f9897666af846fadf
2b921adafc16360d944c39ea17cc47c4723c01812a160bf304044a16c5b80202dbb060ef2dba1aa872aaac5314cc474459fe81b7e8ea9f2bd9e46093
782ede22a981592cba721004a628a550ffc0b082fb8dd4078645e86f2b7a03f542a466887ea0641e40837305835dab6ea7e84b6c89d707ca831d5be2
f5812933b20990060657c51bd70fd4daccdc0ed90fd4a5d10bb50fd423d20eb87da0caa5bd90fb40c9624d01d1c0b60ef27c0b7e0686d35ddf187f60
5b8768be31fe40c96841db6b39e2633cfcfebdf87d667d6f643e308424dfb87c60086fbe71f9f7bd9643a426887b60886fbef1f677487ab395ea1b49
0f0c31d5b79867a0a86a4c87b8070677ec1b6f0fd49206976ab0db32079543e603dbda31eb8d17062a36961633bd0f94ac9ef1f189f9f8c46432f0f1
85092cb7c5c7d72410825cbf3f448971852b7d7c4b02c5ca5df990e1a761991fdf92c0ca48fdf86c0456d2f6c767e3e3b351397bfff93dfff8aa046a
108c36be2a1f5f15d1ac8fafca47ee4d027b1f5f95c06933d08f8f4a607e8f5373df94c07e67e0fdf8a6046e49711f9f94c02d15ede38bf2b1b34577
216bf5c5e68fc858ab60167325637533dd7c143e3e3c81c1fbfaf1dd09940f23aafb9e04c69d4fd1c7e7e4e37312d7dec7d72470380fe7e36312386d
57fbf195084ccdd5824ef549f8ff27aaece0c14ec5387c03adc755f031f87f96c337f5923113b831f48fa13f7073807c8cfc819b3fe16394ffd80bc2
b4e963440f7419e11f037aa0dba4eb63400f4c5ba7e10ce81f27120cf7a7d1b1cc1f99013d50b25ccae5fb712281e3973f7cbe8192a522f265022b37
f7c3e91ba88eee529a9e3ef11aca172250b258d7272270180c3fbe1081dd19891f1f88c014a90783149c36e6fdf86404667be6913e05810b25fef814
042ed4fce34b10683dbe8f8f0fc1475ecc12518943574790ef126898d3c7881f6858d2c7e8fee1cf3d8954953fd73bcd9ffbe1cf958efd31de7fecf7
2f00f1e1cffdd88f41a6cac7801fe896a27d0cf81fdb3138e9fdc379fb7108c0659090e412988d7728a7516e0b87d7fda87a4be3d3b77c1902d5a0aa
a25dfe7d1ad2a23e0d81fa0ec4e6126202dbbe2e35786485c6df7a02a3dc92ff19cad722b0dbb8f7c3f5fba96c98d93f7225d76fe0b44bf387eb3770
da7ef9c3f51bb89cd1f9e1e70dcc8f47ecc1cf1b986387db33c7cb401a2db9790353a45e8c611d87774a6a4c608ad2a252633eb63f945af6e10c0ecc
2e99eecd171cb8d610c0171c689c081f5b3504e685d19b7b383045a9be9d1a02d7ea303cc2816673ee8f849a407312f5879338304bc5867cc41feb3f
341b1ff1c7fa8fccb53f5cc481e6a0c10f0f71608adc8b29ded93eae5148afb02464b89071de314e265f1ffee1c0bc30c691711398a25482c738d078
3f3e3cc68156ce94fffe48f327071abfc2873f39d0b8953e5cc79f4fe278a73ab28a4525a18c1f2b4802372fdb879b38b0cd39937a53989f1819fef0
137fe213b678e9c327fc718c6048e4874b38509fd53c41a6d0879b98c7e3c34d1c98af6ddc711f7ee20f3f316afde113fe2c9fb06ec2271c2899fb69
eeaf612041b20fa770a01feb7694fd9a439857700a07e677cd95f4ffaeb1319af1090766b1b4259770a0dbfef563caf879927c4f550ee1407760f647
5e51a0ee9f3ecc471c98c58818c422146b743e9cc41f894516b07c2416056ad4722d233d597be095e0370e94f7c6edd8288e633b417f388e0335e0e7
6ebcc49fe5254eace6c34bfc916ac4b3f2e1260e6cffbe89dcc41fe9475c4f1f7ee24097b0f6b15ae5b35cc75a909f38509b31440b8ee2c04a9ffe58
9912a86f8f27d03f2708f04a7d388f0383d7e7c3771c18ab9f5b97125829e01feee48f030284e7be7cc75ff948627d5f09495ffb2a081c7eedabf075
66a11c8e2f8ff2d7610022ae5f2ee5c090b8f0e551fefeadf98b4b2fb2b8282e35b98964802758f1e5500e0cce922f8772609299bcad5f0ee5402504
5c917dc94284ffdced4784a3573ffff21d078a42e74acee340a99a27701e074a1633711e07c6b92e6591cde6032ac7771c28ceeb5226899f58eef897
9f38501b8ac572fcc45fe708b4f508fac7292cedf0cb291cd8d6e7f8cb291cd8d6cecf5f93edc02619e86b661d985fed18984f253045691a93ed6f4d
b66fb1d3af8975a05ba3f935b1fe3aeb0b3df99a5907ba4d97bf5229becefa5a5dc46cfbbb66dbea61b61dd864537d4dac03a79367bfe6d581dd0e13
5f4e96c06e7386af69f5d76ae8db85d4cc6ae8b12945cd82d3ce195f93eac0b46cea6f521dd8bab4c6af5975601653579aaf59756e6656fd35ab5657
b3eac0fc242b45c9cbb604ac6d5a1db88c335fee95c0bc322a9956072e7b3f7f4dab03b3947b69a6cbb7f37fa0d75fb3eec02d02fbe565f9e6607001
f6af4977e016cefc9a73076e91e62fb74be04688bf66e1df3b1c309fc6af1977a01be1bfbc2edf952e31dc8cc20efbf6ca98477f1deccd8bf5358f0e
942ccd63861ce8f65dff9a207f9dd82dfffc6b86fc95432e63e86b8a1ce8b62eff9a0f07aa4fa7c2722102dbe2685f93e4af13b164da7dcd92bf4ec4
cad7f76b96fc950db1de24d3e4400d8f1e4bd9a443ec92e8bf26ca812a47330d9899f26eb9c2571279a09c98ae6594a452b4bf4c8ebee6ca81da9b23
163059fe3a51cb486db21cd8ed08f335590eccd7298a992c074e29e45f93e5c079ac7b513f33e3e6d534330ecc4129f6350d0ecc17ccbde8f4ce5af5
9097af396f60de2b5a9af306b61325fb9af4062e27307f4d7a03f3feb1b7496f60fbf79e9bc3062ee99a5f2911816607c5af696de0b213c1574644e0
e21ffcca7e08ccb755c568f9c9647fa8bfd6fc24a930494d5f7b8f059a8391bee6be81cbee015faba703b719dcd76c38306f1f539b0d7fed0c6e4260
361ca87d815231b3e1c0653f84afc970e0b2fcfe6b2efcb5a23a93feaf9489afddc24d2ecc8e03971d18be26c781a991bab28eddc233a3f99a1a7fed
167ea817eb644575f7c29a067f2d9ff651360bfe4ab8f7aa9b057fada8f6ad350bfe4ab8f74409f781db29245f13e340e315fa9a04071a07d0d72438
70dbe5ff6b0e1c6822ed5f53e0c06d1efb35030e347ec0af1970e03629fe9a00076ed3faaf0970e03613ffca9c0834d1e3af2971e0e67afc9a11076e
4ce26b421cb87190aff970a0099d7f4d87033722f1357f0d3461edafc96aa0dbc4e26bb2fa75e8366fcad76cf5bb56517b67643f04ea23503a3d66b0
8f53b7a5e03dd21f02b3c366707bcc6a1f277173b73d66b581ba768fac937532cf1864a85fdeb9c7b4f6b1dedaccf991281128598bec265b9eca23b2
179905e7ab7e5f3236c877e59101119893c2e37ff8583f26b981eecc89c724f7b1e0dac3cc719fb5e09a31cc711ffb904b857dcc710325733b065aab
b0d7fd18c821db82698f49eeb39661535c8244a0ae25bbc850414633f37dd6726d0d2d45e2b1b339fff16336fcd8d95c78f2311d7e1cbd2d69fc311d
0ef463a9c6b65bf8b266962211e836107a64483cfb9a14a4552cfe7e9cbbad1eb22602fda082a489c7f6e732971f49138fedcf250d3f922602258b39
254d3cf63f17d77c244804aa4fc7c4961704baf3511e49138149a22fc558298bbf9d3bf3488178a4405821f94881786c7f2e60fb4877782cf4e60e7a
a43b04ba79e623dbe1698b1cc774561504ba81fe910011e83e838ffc87403d20ea5b6910a8bba56d44a702dd57ef91ff10d8d614e0119e7a9a74b9a6
72f46a8b71a4c1c4a202552e5591d7f0f4e51d88d505a81eabbfb9d61e11aa40f7857cac2d087453fb4700ea713637f7f8230015d8d6ae528f08d4e3
6c6ec1ce47082a30d650200415186bf412820a0c83e6230415186b7c14820ad4fd5da9f51dcd6dadfa2306f5389afbcaece911840ad4873f1511840a
54b9584e56c3e3686e679d3da2508fac06a4fc11860a8c656061a847528334df471cea19cbb9ee52fa2783c10cfb119b0ad413c818c09a7179db8f80
d563cdf81abde5353cf21a048b1e790d8192c5a0225b81b17aa2bc86e7582e931854b4ebb16a5c9af323dcf51ccb8d9247c875080cf3ff072b0f8cd5
3985c01ed90f32a41f4c3d30d60b86a93fb21fa48b3fa87a604e6e9958f6c3b30efc3a3d82ed643f585ff820f0812185e5c1df9f6331078f609290f5
dd6ac547182c50eb9c62766c3d3064b53cd87aa02e25a37f722224c93c2263811aea5239143e30e4c33c287ca07aa762f44feec42e66f260ec81210f
e941d803552cba5a12111863a9a0472475e27474f083c507b6b581e183c607c6f94744fb827186783c587ca02857ff1fbee6587e60de253d523c2d50
7749935821111872991e69158f75e6ebabca411098d5a40ddb5cf6185073b6b9920473a939d348b4f8bb3c53d7b8e260bb548db9e45efcb9945b2050
eeaf3c815f2030d6178f5f2050c552378e81c0581f4be1b940154b37e02c78eee5608bf6bc054fc2734dbcf5119e0b94374d4da89f505c93b1f808b1
05ea2cfa584e8ced896f60ca723fbe81c058633ed740a0f240723be1b340c95265fe8240c95265fe824011ed5880bf20501f73e5a8f18a1a32301e0e
8340450af35e71180486d5800f7fc1c35fe04bc35d10d8876eca5b10d8fafa7009a205eafd4e4578061e5134c3057e1fa84b733bd43dd025a93ca8fb
63d9b805a88f10d6f35e1feedc0e530f8c5511acfc7194b535d60f5a1ea8a7a6a3585b10288ba4c20249814d82cb83710736db243e187760b77fec83
710776fbd33e1877605b1e8307e50e4c5be64afc3a705a64fc58941098a57221ca1d38658a3d28776096ca2371e9c07c62ea8a4b07aeb64a51f22bd3
dee88c3907a6deb105e61c98572a45cb2c556f9b52b42c98221a51f29b05b39a0e997e1ece933409e61cd8fed50c4f0e6cffee268214b8ace57d70e7
c7e15bfa2deefc387ccbc88c283f0edf4ab8f9c18a1f276df94260c58f93b60cdf961804b67f6a62ca81cb22e007530e5c560f3f6871e012957ed0e2
67c5899811090e5ce2d98f9850e0b2a2f8b19a207009843fa24481cb22e3479028d0ba0f9c2051e0922ff6e0d881cb52e4478c28302f8ca9d1eec014
b93dbd9de4c5881876e0e617fd21d8811b7bf8e1d7819b0bf4875e076ebcf3875dff9cf775b9d7204a7e48c6cc1f1e1db885087e68f4afa24337b6f6
c3a2034d0ac60f89fe39aaeb76af37511c239937fcd0eadfa2d5a79b3d645c0b995ffd90e4df3a992be3d40f230ef4fd7f39abfb872f07ba6d287ee8
72a0dbe0f2872d07bacd327fc8f26f11e3cc657f88f16f11e37c747e8871a0c63ae5186211e3a50e4b6ca17c4bf4214a1cf95411c6418bd703d8062d
4e67faa1c53fb49805d1e2dfa2c54b46f74578f3ddfc21bcbf45785915e10dccdb457b7c37d06dbbfc436d7fa8edba193db3add99177f227f7ffb72f
aeef6694dad7f74b395ad9d74c4ec64f767fa0731efeb0dd407d6fa3bd2dcc02db266de287ee063ae7e70fdb0d54b1e880eefe6c6b2639e487effefe
f15d8fd5dfed6b264cf3c381039dfff6870207aa588c2e4333d0f95c7fe86e60f069fdb0dd9fcc4bef05b2fb43769ddaf8437603db30b5f821bb81c1
a3f5936e1928b697ba21c03f3b9d79b111e0c0e0aff8e1bf3ff9fa522d7e886d609832fc10db4035436c84d9fed6de6719447f686c60f8eeffb0d8c0
9009fa43627fd2f52d29fe499bfc49d7b7bcfa275dff37d6d42295436c7fd2f5ad5bff21b68121e3fe87d7fea457ae6e88d8fe9058aeae9fccfcdf58
93728fa0bf9dcfb8ab7e98ed0fb35d6f3e661ba8c975ec89d906b663f3b662b6812ae77eac32d6c49c1acb2c8986b327661ba85933194b1de6eab912
b10d543132863aec07962ff90fb30d942c5aa0b1bf70d6d32efe3f11e14085f473adb97f60bb1cc2f113db0b6cb2917f427b81f9518bfe227b812694
fc13d9fb39e7f7d4154dd57fd6386b45b3f240bd856945b3f29f0d9e8c7326e0812e5af133650e8cb19e49a982619bee9ff05a603897ee675e1dd8e4
d2fe6c451c9833bf349f99f6cf4cfb76a1eabfcd798d05627081eaac5153102ee08c8e9f397aa0ce3d8acd04e102db29fbf027652d50bb937a82be9a
6da12e99003ff3fb40c9e8a0a532c11fa78144702e50e5d485450a0e39da3f91b8c0b6a6b93f93fec02619eb279b2cb009afff44e2029b2c889f485c
60ab349efffe80e30d81c362841fda10d8d6fcf6873704e6c729bae00d812a9616471c02b3988a338363827cfdc4e502b5ab651e8a3804367ba3ff10
87c0fc0ae7fe884360de3fa6471c7e6275fa9d505d60968a6184ea025394f6412f0253148be212816db676ee6fb21f3837f517390b4c51aa6ffe1fd8
1d86f013390bcc52b93f4610d86db7f4430802bb6d107f0841607788c64fe42cb05b0cf313260bec763cfc210481dd5e893fb3ffc06e0fc49fc97fe0
5c43a89858607794c9cfac3e3007c6dccbac3e705a8ff433ab0f9c1c2c3fb3fac07c9d89d4fe970506bbdbeb763fd3ba78497ea6f581592c7535ad0f
9cd627fd4ceb03a73ca79f685a605e18eb98e9074eab987e66fa81332bb6e624a0f406b3ae77441b91d1e8886827da73618ba81165c7a7ca5798bf3b
514f29170ea291529e78106513a87ad9e7ef8b28718ebfdb956fb2e4d794f5e7ef0f5108ecbad99728fb1f957b63fefe11d5c7e0ef2fa28d92055394
0b374a6e21b0aabf5132c1b09115d4f31f2a15ccb15a312a15cc9b8d88a854304bb9f0243a538ae8264a22f41dc5338d075314eb6ff42e98f78ade1b
bd377ac7fa1bbd0be6ed891ea227a2d870638a8d2952fb9d2976a6482576a6d899220aed4c51304ba55ebbf62e98a2d46b679c82796174dcd56b4fa2
c2ad947aed495418698f5dbdf630ed3bb56f2ad1929570e45e4d255ad61a1ca97d5389261bc3239b5ab490ef5b314dd492283552fda6896c6e7578a4
26ca14bc8731cf7ff4c416f67da4fe8df5b36dd5a58d1a2d5bb2a34eb5a06576adbad9b5d1d2ae5547449d96d9a2ead6373b2dbb0fbd5234ea89a91f
4aa96b41bbb564d79d7af2068ed4abeb4e1d3d4e4b76dda9671fa03b3a760a7533c84e46a38276ebd49d469d464ad1a8a0dd7addd09fb26bd5ad5b0c
4a0e4aa6230e4a0e9e82ff8e69cfa25a7ac491604418cc927dae2eeffad0d0d9e7eaf6960d0d9de0d2c8961df31fad3ab2fb8c2e32582f07f0ee4c35
982a67daec1a7a30d548de828e3a582ac7dcecab162c35b2e98eba1ecc92437577efc1c12c871cd391963ed8e588b741e31f143f4c5263f683e29954
8f9cb234ffd1218ee53c486d0f6a3a3ff7f2506a1e28b552d474546e7250e63ff43c4cde8c730745e5715e44143de2285857ea120eca4d0ecdecfd94
3f97a7206a9d343d13403d63a393a6e7721e905135e7e426b56afed6c66702c867dae0d4c62742ddd37a27839cd980e6528c3d4eb376a5d8e35c7cda
33bd356736eb581ab0d169b38e4e03363ab359c7528a89b2f276f7869f4c94f0d1b6ded4938d4e543ccfbc98280b6fe38d9abff58f0beb4e535d2c74
2574d8628d8b812ea43b95bd18c8e1baeb1dbc58e85a16528e851231ca7a97f99b85aeecc0d062a18b35120a1abafc45cdcbe2e7555b3a158cf5e6dd
74bab398d8fb73d3291b0f37a3e24d818263d3c237056e9384d8e756d70adc1c9b27de9aaee0d80cbab7662a38365de366ff82a379076e55bd318e98
e2a5aa0547d3595eaa5a70346fca4b9f7de1202ed422a23dbece2fb52f70b8e9fccdfae23ae6032f0a151ccddbf462fc4475fafae6bd583f299fcd87
f745a3646df6f5f6bfa8543027eea9d99b4a05c7d973b33795de0845b47c53e91d42d162ea3795de08451ef9d646055394667bd332e7e0acb1e54dcb
b0ca9cd2347f532904728d196f6d940daf46d353de3a54c1b931d99b96ef4cc9d7cd2859304579e4874605fb9f11e3a3fa9f64837b2d3faa1fa2d8d7
cce1a3fe05f366b1c547937cb2bdea95ceff51ff822972332df209c9d05f3f542a98a5d442f53f599067a8f9aac537b3a3964a7c55e2ab12448cf845
1f62fdaf7a159ce796c6fdaa57c114e5895faf4311b5f3d413bfeaf50d5530b3fe1ab4bea10aa6f75fc6ffa20a6ecfd2dff082edbf83d4f7dfa3b785
129e7af8a36d9ed0863d4f7ff4b650c2b1e7e98fe60a253cb7b4c3c3504f688339ddc3504f78d616733e4c90ccc9bf7521132420d48c5e8fd62a98f3
4395609504849a61ef618227b3e72d6dfa3041823fcd18f4a363c114c5503f3afed0de28f4a363e544cedba7f63f0afdcc8b95a2d02f33d22355fda9
7dc1bd18c24fedb319f1164a38ff51fd827bcdbb7f1af597109729c88f463f1ab9bf2e99484ff771fa51f267de5da20dff0bdc88c486ff056eac61c3
ff028e799cbf1b514ba923a24e64264e3488464a8d880ea284c16ef73a89ce9422ba8812ffcbc7644b3c0838a672fe7e1325f87352e84b646eaef60f
51b262f301d890c4c09d50c3bd2189813be193f99b25b6c4bcf2ee6f486260ce38532f1c317027c8327fd3714b802bc3c1861006da9d3766dbe858d0
e3099cbfe958d00d961b8eb809f5c4813effa1b71cc878c6e73f1fb28f726acb18db8a8445753c31d09be6c51303552c76441437e19e9d0e9862a01e
9b1aa38a812a17f571c54d5868675e64711316ca2accf90f33edd2452fd7b2d36e1e47c44ebb10c2e5760cb50b802d19abec6b661bd57656d9bd2bb4
6094ddc496884d561ae4c5008cb29bd952b6314a4b5a6dbe521be21ae8872b11d7405d992760aedbca968c7361c35c37d9921a1673dd56a8687828f5
a546a25d5ba37eb686daf5f2a69fac6da056e5e8b5b677624db434502ee3c83abdfa8a97a4c6b86aa0667d796ca7855d372ecfc556b7b597130b740d
db39613d17850d540821f5eb544bd2e3b54434cbcecb49b298bf69d67d826327b436b0ffe9d7686d601fcd855a3aa7ac8e166362b55bcfa72e7e9f0d
850d4c514aa1b081edd8bd9a386c60de2c0d88a406e6d89f8a61a481ab75a5182307afb6ccb9b6c1163978f54f13e0a881592a56c4510393a81baf07
5b8c7ce0da7f9f07328bb2cb0a18194a31d640e5f6b8b37e5170f3f96c586ce0e68bdab0d8c0cd7fb421b1819bf76b436203b6d099bf75936cfbc12d
b71d6c75f8287a22c31c7c320679b436709b6e6d686d600ea6e99a07c3144c511a16ab0d4c91ea53fc30eee791d86a606a3a727f6c355083553a26ba
baa1abeb5d425703bdf908a2ab81debcace86aa0d6a9c768e86aa0371f467435d09baf20ba1aa8672a46d1d3f7c0c8879b066a0161f44231037314f2
a1c531b7cbc814bfc4866406fab144d4ba84f04302372c73bbd6589d06c42803fd582235bee270b85444852f43f59d0e72797fafe42a2c111d927078
b675372ff025434cdb5c9a301987f3dd24d3772fa9ddf1ad6ce8e8764be336b8dcdaf58e17c237e8a6febd06e6e88a6a066ac4753b5a246d70e30fdb
f0cf40c952959b1ad9dc697d366f5a24bb705bdf7e3c3530d6c71a4f0dd4dd620044355097a67530d540958b8d51d540c9f2585c3530d64718570dd4
f7c02334e24b4ab126434d03258b015e8cb256281e648c6285223fd7f662949c68d30d772f06588b11378f658097a8bd620c90b588fbae57a0b581ba
344fc56b0363f8a6e3b5db7b7d98723b2c36b07c5a1b161ba8622ef57686c69eebf3fa6613e7e35c9ae74dffb7edd8d8e94dff9c8f731a26f0dded1f
df25d327de362d3331c18103955eaa2a6ce2d09ceeb11f0670400e7362c18191c518f337fd854b3bfd31e3406597a6c2a8f1f68f1aa72550e3c0582f
c5874d04518dafd8f2e6385823d187453e4661b5a5fd2789c4eb42ca2748da5629ba4bae5c4fa47a9633fe69e68feef0c9de2571f86c5fc6f8ca0e4d
edbf8cb1a2a651fc4b71a7006928643c20a97bfea676c8f89968d2868c073661d3f90fbdbf09e685646ed878608aa224361e98a254ffab6f20e8bb8a
31c5d714e57f70836fc8fa86acaf0a314b76f8f8378541b40353944a22da8139cb8ff510edc09c9ba446887660f656dfdb87151ed1ac98ef618427f3
1553247c3c703513557c3c304bc52ef8f89604cd1637e4f630023ede5d484b7c7c69a43f243f334791dd1bf21d9817e6f63f4a22df89646cc8f7867c
77175232e4fbcfe8f3a350122f9bd9f88f42bf28149ff286a207a628ad8aa207e68cd1b8857c07eea537f21da88c2fd5d070c9b3a4e58e7defd8771a
69c7be77ec7b536a27ca042bd3871dfbdeb1efccd777ec3b7067339cf97b10857d37f73a888e94ea119d44d9bb2873e91dfbde57407678e44d16fa7d
baf245f44a2d5a441fa24f4477445fa22ccfcdd0b463e48172afabd98f2ce6492bed2879605e995aa0e48129cafd51f2c0ad73ee1bf36c2b4e989aa1
e97be2b6fd548c3142d3ff9a528cb1c515d194a2f816474d26fe3b4e1eb8cddf77f43b306ba1fab44c44d608bf63c601eb0ce66ff5dab55b34dab5db
9e76cb90b9a3ca81dbf8b863ca8179612a812907b615cbdd7775b53ab069384c7977ba50963dcd7f34537228ff44dc77bc38709ba6ed2870e0e654de
51e0c09dac88f95b9b14dcbc933b061cb80dd43b021c68b7da22c08149bfba9bd1bdc59b1202b38bdd06e6a7c795744fe8f666212c39d06ea6c59203
3706bf0bf006eacb464bc6688987ea8cb8f42ec2eb5d45a503edd63330e940bbf57f443a509d3dcf449a03e5e87329d57b82997a101e1db8b30fdbfc
4dcd9e44e97825769439d06e1d0165de6d55792ba5cd1309be0d3f2873e0e67cde51e65d20d858833207eea49bccdf14efa1519981ed5874e04e9eca
fc4d718160630d12bd0b046758dc91e8c09d049af99b750a6ee9263b5e1d9884b893b14ec1cd09bd23d68169fe9802b10e6ccbb5bb63d181767bcb45
7f03b3b2ff7d6ad72cca54c9baec59d334ff61ab9117e6a20c5b8d6ccc377439c43a70679f8cf99bb10e2f519441ac03d5716253cc3a704be1d931eb
c0ac792c8359ef36d4ccf47d3f18cb869a977b31d691fd096ea55821c1e1e540dfd1e8c09d9d74e66faa1f71b2de1e49f364748ec3f02138bc63db71
54efd876e04e56d2fc4dcd33634548d48e31078ae3a66762ccbb236485cb7694795f9439b54599f745998d1628f3be28b3d7418837d04d71772c3ad0
9b11448437300745bd53883730653a9910efeef059bedc1d010f74b1bc1dffde6daecca7b65fd4c7c9b902769c7c779412f571f2c0ec465d31cd7cc5
d7e00510f8ddd174feb31d4d0f942c8a89fc06eaa91ec174399376ac4f11f2be23ef229e3bf2be3b894916ce8ebd07aa1ccd18efe27d364c60ef817a
6e7a13f61ed8ae4d5d448e03bd198031f540472476c1e4403d214f154d0ed413d23c37ab14f4651411e640158b1237a3e42ca6a52b57c0ee2ca67f4f
65937b75a7d8932b60b70911eeba7305047af391e20ad81d6edb7c1f70fcdd2644d253761c7fb709d16a5a1c7f7fad8e92c7e2f8bb836c79f3f717a3
bc96a73db643fc0325732da3bcbc644621ce80403d3775e60c08f4d5ddf9020255cc2358e5b5ac124bf105ecebf02623c08b555eb18a378a2f20b0ad
88d98ee407b6157edbb1fc405fdf05d1eb405f430cde1f989d695d49ff10ffbff52d42fc0353a60720fe81bec63abc3f5087ecc474787f60cea9ba0a
d3f5cda5a5725475b093a108c50fcc512c1ead5da03bb0ad18e28ef6efeb14278ae1fd81bec66bbc3f3075d04ff0fefdb3bc7779048e1fe86b2281e3
ef4e715a9f7a243fd0d7e82c241ea827442fc43f5032956392a44cff71c0eebc01816d5b1f30ee804059ddb5de8a6ce4f9b73edb1c028192a5297804
769b7bca74d9b90402a56d9ec127b03b18aae63afffd31ff32e457d78a1db91176e746ad0f2b3f42a0d60b90b1ad4d42d7cc93d760b72128cfe0ce6d
b03b388a0771e737d8d726a1ba88307e603b9af6e307d8edfec923b97f59e8cb428661ce81fdbb2c94fa89d507aa7e7986607da0ae8dd5780c02d50d
635d2e83dd0ea0aac265b07319c8fcddb90c02f508b763025b80de26049c06fbb33a131913385b98eb72e736d86d01aa4d85f103dbcaa7d8b91202db
bf6ecd7110a811910558e55956890544f7037d91160e86401523d32fb2dc732c96c5ebb0ffac6ad5097e2c902388474b887ce76408ccee1f3fd7cecb
10e837fac4cbb0db0374715a6e867d6502a0be3201f6758214ab4805d89d206558e78d086c2b2d62e78e08d4a534639475ac54e6a58d3f2250e5c836
327ef470c5c62311a86bf7c81ad95a927d47d6c912e1bc880e2211cec3a52759a6765bba4ae382680e9b32dd6b5c1081aa5e8bec4db6ace2da0f996d
296fd77ec984124eaa3d64cc72badf8f8c599229dcf821025d5673e374688e9612bc6abc0ecdd1523c298dd7a1ada3a598400679a0cb80683c11cdc9
52591e3fff61812d3bc25c2ac200490fb857a91751b217a92a3b2050753b23a3feb6d47729f51d19254fba490508d4b5d1552a40a067c5f6fcad5364
3f2419dc4d2240a0672df6fccd203b83c4dbdcb83b0265109732c8bebeceae6591ac0f95d6dd383c02555fb763a49c2125c1a1490d08d4134664acb4
7b9f2ee598295b24dd4ba4e3ec7629d0aff94502653932962be8b20a9a74816669a9877295344b4b451b1a5f49a0a6f1b139cf48b3b4d48bc833d2d6
d25236e71a696b69695ef6c63512e8b7faf283b4b593d2e1a94cb296916a1c6e8f40958b8cf722b01d1cc98dfb22b09d7c8d4dd27aa0bca0b19ddc80
c0b6e2dc8d9b23b01d39a26ffe438d8ec9b33b3f47a06c1c75e50b349b24f9ac36ce8f40cd9efe7b79f62c4bf52e9697cf55e31d697651cab8dc7847
9a5d94189277a4d945c93cb2718f04866497c63dd26ca294c3fee63f3a83933ceef8ed1b07491bc276994e34ee9040952363b3ac35457d1be747a08a
e5119c1f81324faac2fb11a8723123f747a0cab91f9b0c36e91ecb26834da22c974860087837c904815222a6e3f308d4533d810196d323aef3c6e911
a86bd391783d02756d1ecbed11981d2e73b1c6ed11a81a933154d2e237938ec6f1111812941ac747a0d8a54730d4c1505d3986ca364a4330a1c93308
6c2b9cdd241a044a0d32968adba4af418ddb24601f97f95bef3904828d73fc2681fa92e6b19c24014bd2e76f863a97a1723b1909817222ba94514e6e
02ed282521302490350e962683dee4ac71b004ea11a91d074ba0465c8f651439f4dc9e8d8725508389aa308a24fa9c7b3eff30caa9ff6caac72af1b1
8c1c593aff619533e1714322774a60db11c7c69f12d816e96afc294d1e7d664e8d3b25504f558ca1ae3589538ea192497ffed1964325300d9a4854e3
5009cce1cf278143a5d97c891ba771a8042aa0adca2c95dd97ba8ecc7712a862aac72872eef9671adf49a064aef5a2c97cc0e29acc87c036642436fe
94c0bc3633ef261b2250cf8d95795402634de2385402f558c55825076275ef0f874a60c85d6dfc2981611545e34f690e47e19d69fc298161ad42e34e
0954d5146326e75d9ffa187f4a73360a574c935a11a847a475e456044a9672fc2ecd127111b3c6efd2566e45586ce377098c6e7ce776099435533d6e
9740c9d28adc2e4dbec5a1b5b95d025515e5d86ee5608406366e97260783e7a9f1bb04e6fd8c3dfc2e4d0e06d763e3636972303acd58eab56841accc
ef1218dd882707235006884c0e46605833d378670255b928c63b1328590cc53d1318dd87867ba6bd979d5239ee99262fa35c60fffd5de7a969ef6532
b761b22c3f18434fe5aa096c67635aae9a2647636802f918819a20a68770cc04e654c514846326309b801d7961dadaa1ca1c831726300eefaae48b40
5d1a43f2c204aa53bb946a49b598b7732dd50ac6a191795c9abdad0e5f7b1e97c0b61c588dc72550b7a3056d0bc6e12de47009d4ed1463808f5c519f
090e9740c9f2080e97c018c6390e9540dd2e76e751096cc76150e3510954b91880472550b2b4addc8cc038342d274b60fcbb1b337d99293a70b104aa
be2ac7745fa63317e37609d4dcd24399eecb4ceac64c5f66329fe275098ca18b71ba04aa3ba50d395d026318ab246e04c6e1a3c10d1328e5a329374c
601c3e7d5c2e812ae6010cf2e83886652e97c038bca8dc2681d23eadcf6d12a8dbc5225c2481edb8f1433e92c0fc44620dfc21816d65f3353917816d
bf964c95e323d9797a1a1f49a0cac5c47c24819279ae56fcad5674ad56fcd932854139490253c6ee9c24817a2eddbc00392bc58a9ac649d29c957299
74709204ead2aa5ee724e9ce4f9144d93949029bc370e73f8dace51123a24e94d9994942e71009d423cec84eb2659516d94576e951aebdc96c249317
af4bca08d4fd54ef4dc62aa7721fb265951ed997cc4abfcc773b2749a09ea1dc8feca75cd4e5240994ec888c59b2c3d6ce0dda794e02753f32a6da56
fa5e9ecb7312a8fbc5063c278192c5065c2781ba1f19fb656bad9564d4b95302e3cc87ad73a704ea76310be7496052e08d6accb2f976660ad0394502
756d1ec1b711d89c1331ff51e5f836fac847b6f36d046ae2ae9c2ac7b9314cf83ae746b7f0c137a9f36e046a8560ccc2bb11289972f4c8a9d9a74eca
bb11a8621e41b57da9e6765abc609c8ccc9511a84bc9346e5c19730a9047c8fb08cca7fe45a46d5b5e83eb7f487aeb1c1d817945b4e1e708d4f3d302
724002254beb717e04e6a5d190ef2350c5d2df648104663157b257b3d310837191f4b65e11ea3058b3d792d7416a48605b79685d6e48a0cae55aee95
40598c8cc53ab6bb9131595c29a7c4aace951218d9f57cfe66272b2fb203d7fc87a1acbcc8165cf31f865a2b2f0e8f6028cb2cb265d8fc8755b2df56
cb86d3f31f268813a4edebb94c90ada4475fcfa56e3c1e6dd7f5793c02258be5e584f4f2788c6b89683630b14e46b5783ce664356af06e044aa61c35
068750be8c9ddb22506f57aa2c57a3db21abe9d3fc16dd0e591641743e8ac058c33d7744b7f595c5c29d3b2230d610cb1b1118be319d3322b08d9c95
36ffa1c4813a364fa044bc0c2b03aff3320406eedc391902db4a87eb9c0c813adc2c36e16508d44eb3690a5e8640c93c429365e97e1bc97bea3c0f81
71eb3d3c0f812a1665a56c0446f6799fbf99e4946d1c9edc39230253767902a364a3e736989337225032d732540ec9b6ecbf73467487640f432e6744
605b399a9de32150fb21a5b1391e028eda9abfd9293e867bdd8d49b2529f6bb2733bf4b8189a8947e762e8cec33605ee7c0c813aad393af02774fe04
6b0a3b261ad8e60b90fb619881cd11ad7717eced36c5eafa184ed1d76134067053d440c952ce442b50fb7d55af1806faf16fa02fdd868121b05da6c1
83dd871db6f3520c760f941a7b642fb2ac431aae7c1365a56ae6ad83d503e5d8bf235391d36280ee6e3fb29f27e4760c1fd8a4520d760fecd96b7afe
6e44d986a829358886f73f2af0e204667553370e9bc0148d886e2209cc4a51aaa009080cee9a406d2813119d725cd65f73af8728c99f9a80af26d0f8
f407574da076a28968234a866b7aeae0a80934018d211926d004ef06d74da089360e6e9ac09c546ceeaf816f138d4c7d07474da0f12f0f8e9a4015f3
04c628b86b46fb9f9ff2c16713b8ad0718dc3381fb5cf7659882db946b70ce046ab964b4e19c0974b933c39b13a85e4dc634d9e6cfd64e836f26d0ed
1c35b866025d86f0e0990954c74967e29919af65add89e6766bcb248775735afc38b97216feb90fc3224bff0c60f8e9940c95cabf31474297d836326
50c5a2032f4ca064a931374ca04bba1c5c29816de30319325d0225733b8abd970b3c9693ea32e22bd996d1f94a02dd9af121ad2550c14a324ad8cb7b
acaad0e2bda2ce1ea1a9e352d9b85e06974aa0aa926b0d758192e519925802254bfbf09f040617e6e03e095431324d16f7090feb90c412a862790fb8
54c6273efbccd9064f49a094c843b940866528f9d40d1e904079b5a22b17c8f82e2f6174e0ee080ccb80076f4760588036383b02c32ae0c16531e29e
d8738cdefc4743148cec723a7fb339f784f49ac13d1198b24c3107ff44a0caa5befc138161ff88c13f1198f3f968ca3f11a8496ccccb3f1128592a27
4f245032d76a86677d4972ad051b63655344d943327d6013763970b0639d6eb9640f596df6920d00ef032d0bd81d75fede8892d691ee708855078e6c
4c387f37a216917b75225bd51c115d4457b67171e18b28e46b73a1ea235ae90b87cf6fe030d73cd0acc0661c3e04910387eff68179050e13e1ff6bec
de7576d781f440e77d159d38f6d2275194e281271b0f3077a003053870bbd163dfff90efc31d1813ec1d2cbcbf6a492259e447d589553bc56b9f8a57
de45ef0a2c76a99ddeb5cf5c6959a53bf52830b23b7af4443b933826eca71e053a499b375264aad3cb8c7240bf6b0dc928077492bb0c297a10d166a7
06edbcccf995ed9ccc816577666ba7190516a6cc9d6214e8efcf30e9453b17737ed93bbd28b01cbfd980210da8cb7c99216d4ea179d2946cc942737a
bffee7c0f8a2fff49ac02f9531465938a42406c11e71ed814ecaeb693a814e4abfb871f799ae2cfbdc4ea909fc44faee749a4027793ff697a476f979
10fb4b4e8b99114a4ee0372a51fced277be7ba0df4f7663df3d206fa4bc2035ad1be93bb325f34a0c08fa163e73f0df49948ecd04eb309acbc2e3bcd
26d057aa268d2e67b71dcdd9e935817e57064c85091c6b14db9d061358c530ef3498407f1049f76b242acb810213589db2dae92f81d5c99f9dfa1258
8583edb497bde6705c3ef33b8939b03a0cb4938e0343a04133c89aa370c5cb0cb2e6b09425c2171ae83262ba4f360e9c7f4c345768601cf3cffb09c7
8191613024433a22245ae1e4e5fd486a442b9c8333309221866448474e41c593b57365ee2acddad388cbfb1497f5d5880e23d257239ab2b1d79bc9f8
318b531a3b4938704a84b49384f733c71fec99c4defdccb199a81d3bb13730789d6e107b03a74c483ba9779f526f7a46ea0d6cce4fed84dec0e644c4
4eaadd0576cfbe1ad229ec3052e74e5edd67107764cc9dc0ba0be2e6c7df09ac8191f323334062dd0571cf611159034b17a63d6b5832539b754ec2c0
10b1d23df269a008a9d889a2812efff83e903b038396fbc89d81414befc89d81c2f7b6f3f4ed4e60938a77aebe40974fd20251345076ef320b37d12c
bd258706967dbede2cdc36c0cc02313450ab5f3a2974e7c4935c762771eecac16a92c0195869aa3b753bb08abfdb79f502e7941b48a5814e7297313e
7e509900726a60251eefc4d4fdc919cb48c23b9134d0df95411249f7c7b124ef32eed4876507daf9f3029bc0f89d901a58456eecdc79815356ad9d3c
1ad844d9ef3c72fb8c71f624113530d64fda24a3068a2c543b19355078de770eb9c058036e33cc971bdb4f8a4b2e3063e077e2edce23377f3f3c7281
22a9c34ee20d4c1fdd2e343a309ef436837fe3d8f6412104ef84603ae04ee00d0c993aaf23f1068aac113b8937505210a0ff8d1f845bcaf64eb80d2c
62a577b1cdbb13d1b82bb439b03215ecc293036bf9f30f8e9eed3c7381be76323e8eb9c0c8131b92a10c58697d3b613b304223d18c65c0e920fcce80
1458c587ed1c75815500d6ce4f1738abed8d9b2eb08a85db79e902a7f43a3b275d60157db5f3c7054e87da77beb75de5573356f9de029b9312552c72
fd3377d433b4152d8ee6252d54beb7c0e69859753ebaaaf1ead755b9e3ea1f4720900e2451ebf95d569eb7c0e6e864e564ab22917de12b875aa0c87f
56f9d302457ab5ca9d162892ea54deb4407f5974b6ca9b162872b555ceb42a0cd997ae72a6058acc6c958f2c502458abdc6181b1ada76bfc618141d3
11a35ac82d78443d0b14614d957a56c5179f45ab46ba2488ebd43723155e7ce6e755a96c8141cbb8e86c81aea86009a52d307ec16996d6161834f799
e81f153bcd72c205c66d6878f2e340cfb7ae72c2058a345895c657f9e05242bb5fe0d38f333adf814a0d0c941462e87f63dd8f9f7dd3393cf94d5d3c
2b938a1728e49c4ac50b74ae1b2b1daf4edf5a3ac75316183a369a71ad841fbf117a5f4dbab01a19acd2f102e3d18c81fa565346261578fbdf268c1b
2b7564ce4a7f0b2cd3745a2970551d199a65a5c005cafcd950e002cbb4a7561a5ca0d8592a2f56e5c5622aad8cd595178b61b4f26205cafce98bf7ad
1c5bc56aa2e9558e2de12e95c616e8ba7d36e22a1c37b0386055e96781952da9f243058647371da6b205c65ee56d385c9c889af7e9c950da8a2c5895
d2161871a7e930ad2db038d556a96581d16a6ee3ad0a6c0e4057aa5aa048ee56a96a819f5c6c554c6ca0fc990f1ac11e56da22686f819fc46e95f216
e8c254a68fa61618d9c84332a478a07619312a0f5460e4061f24aa5a6064100f49f7ab65641ba1ab55e783fd14e86a8153987aa5ab055636c44a310b
ac0c7c9577a3569f2c24437238786e2194b540a7c5fe5a296bd5e9e0d5008c739e0efefd03edba52e6ea3c3c3c47636ae7e1614b91865765ef9a5f3a
2a5e60d032475c22759e1ed62d6a5f60b49129a1f75529bd9c59aa14bfeaf8b04152fc02cb5e62f3aa34bfeaa83069a0f29404c66acc30a883f598eb
5d57303279be58f62b7d30b0490d51e983d5a1606243a51006369e834ad30b8c6f229a0ec79bb1142dd0eb0245daba4aafab327a9549d3df99d1cb76
47d90b8cf597a9a0ed05fa7db1325471a775a6f4f243a00206064d1b4671ce5f6da6826b23301322579a629d61a7be5934c540ff664578ac34c5c03c
025f298a75869d5a1414c52aec746ec69c1b81e9b3affc187546985a0014c53aa349ad458e8caa86e85c3bb4c7c0a0e90aa6a42492935d95421918b7
a559ca63a0f3c4ef5eec686099c69d4aa3ac34cadd9641a30c8cea576114953230ee4bf77837aae8d03d726ea56856d1a1d5a78ca619189f63cf6241
bc20bbc4d395fa1918f785cb94cdc072d484c2552e8fc0189b67ad81b83cfa973663a38106c67de91f1534500e3344050d2cd33256e9a0817e5bb847
07adcf8c96701baec431327f8c1c2381653a0d2b2d34b04c5378a586068a24fc951a1ae89f020d580103568e9c4a0dadcef1ce75470fadcef1ce652c
acb4ce73bc366b3e95ea1ceffcd2525803834b6983c61a281c6d95c25a29aca2162a853530681ec59257e4b50f3295b54e9595904265ad5365c53b2a
6b15452ad767a58cd6e97ec96829a39596b9936fb95a6a9b738d66aedb8c9d4ab3d4cccab1a24e40a567d6bff4cc704ae467603851dca75d458e6277
ab223a03a3d9dc466f0c8c6d305da1380606a7d204cd31b0a8e0db2f746fc04f3c53a5390646764634bdfb926ac15e414f0c8c56b5809f5f4c00a687
a25885738ab2ab34c5409138b0d214ab30cd73becd821ad0e5db31d483a618e8bf89f4f710a519f809f13a688f470a9632ae1e14c5409771febe8258
bfb57862cf4f610ba922c5829adff7418d0caccc728758cdc0cadc7608cb0cace77cf0458a296775d787148f79bef0078df148662c0ed38376784856
9dcde8a01c06565edf43a065a0ef6331d21f022d034bd7c2d20d4a6460fc928fd00c530aeb7c7c0e0ae32137f51c018531b031db1e14c6436aeabffa
dbd0a61ce03e235d1886f35539688c87dcd4736034c6c026ace0a01c0696e26ccc41390c1459c60e8ae0210b35b7f241110c8c16d6d0ccdf8f1c64b6
688281f16cf849ed0b6ce27e0fdebf40912feca0080696fdb71997b1fe38c7b3a31c94c340910feea0081eca931683e0ed0b8c9f625a7588343068e1
098df170885475af432065a038e0795018034500e2c14f18287f66df8c744091a7eca00706c66e92f753fa0ec543533eb15fe8db36f7ecbc8edf2e30
ee0b83698281e22ccf41110c8cefb826f437074317c7280e9ae0314f7e66133bb801038316d6d10e03834dde67c16eb1334e923954791433b90b0365
9b633085038ac3b70777e1a1c82805efe01c0c1407a30f6ae5a178688a2ef70bc32a09deff211995daa129d7dc2f8c2007359dd238780703e3b6f48d
a61918b43084a619284e331c34cd40df60b54ad30c8c4d37afa3571e3993f97396efe0033cf6190890f709830cf4cdd96d667567a3c0399191817e1b
92b1ee3348d5a36630c72fd7df7cd4f807749128934f2b0d2c7b6acbf70b03db13dd1763c941053dc43bfa11524103c5e7f0a08106864d21734f053d
c4363a6a72700e06c69739344276e02770f9e0a0098c0a5721e9ee9538a9d55d66eb9a825358e9745660234b1da4e9c046e43a08d381b151a5bb84e9
c026b6e3204b1f64e99f7549960e1467d30ea27460a4560e4388d281b1a475c4a8140ae58c3d88d2812249c241923e48d2fbae09a3bf2348c5f87b10
ae03e336346bf57646c54f90701d18b4ac7dc2756014e9f907a7c90eb2f7e10497f3b007413bb0945feccf07493b5078110f82f63173e52e1ec5b367
f22cec266907062d3c236907c6b3e19918a4c0b84fb398f688ccc648f2f721afaee34f07613b3016607e30bc28819ff30207c135305242a6cb5c2681
f1685ec76712f809753f08b38165164e3c08b381714818cd1a54fac537957c7b28fd428c21de060e49530ed26d60bc2cfd75ae29b072481d3c2b8195
79fce05909acccef87a4318151382e24639733463abe83f41c58d9100e3e9963fa64c20d82726099c6af83a07c70b1987b2e96c03a7f7ce4e44097a6
fce2c9c98133e558fbdfc6948a30b20f1f64e2c0f82967d138ce1458a76842263e52eb852dff24ff06faf691aded24ec9e5c25149b93ab24b011ea4e
e26c60b3f19cc4d9c078720ded409bf290564fb4f8cf670317d2959d47030f524c69d1c34e5e91c0c8fe9e4649b4812297ecc90512186dd6d08c6a49
eaa67cae4e526e60abf3c90d89433ddfcd93941be8b46c1e2729f75ca6e4e759238d94cb857572950496b9744fa9580245f8f049180e14397f4fb270
601c48d55fa38fa7e4cf6ce043220b1a1619375098554ff2ecf99b36b17497b72330e4a8b44aa03de54e299a20d006ca9fd98261c99d22b9d3c9b371
ca9da28ede49c63d7f6c6255575e3436b1aa2b0696a344dbbccdc008b9eaed9d84dc40a7c5e472728104062ddd23f99e245f45f84e92efb94ee9720f
0d077282c889f593901b18139651907203c3dae77538b0b26c1e5e8703ebd44c3332b26f60eca19e35b5ce0b89b13ff9540245f698d371a1738d8c18
31f7e4523985c429897612a54f05581c6d38b9544ea785b63f6818a0288b42a327513a5004f69fc4e6c0b82d03233607062d4c2136078ab30d27a939
b0ec8eb69fa4e6c0f8626ad5f837e7a57e9a307e878594df3bc9cd81715fda202507062d6df0d1044afd2739594f1e9c40997b01513b305e9c0e08c4
0bf4efa92970e428d0a75dfbf682323fedfa898d85989aa5404a0f8cdb3c8a8bc474c94e4e627a60b49a554e4e0f1407244f627a60ac54341c8b987e
4e92df5199c777d202ef4fa0cb04f92c9ec4f4533a1507444ee79702239836f7099a0afc9cf03b19d7037ffd64d8d603e35799f5ccb81ef8396077b2
a39fd38eee07cd8e1e18df10af33d6990f3356bf931dfd64472f560203f9390de4f96a9f8ce18141739f898d357c3f62be3e59c30345e2af9331fcbc
e66f216b82a01e2822104ec6f0c01885168cece24bcc27ff24bd077e8cfc27e93db032b49d6ce18195f7e224cf07ceaab7c2ad02a7da8b27113fb0ce
2f17113f70aae37892f003ebfc3292f003ebfc94391e1038558e3c09f38161ecf3a4298d30ff67ee3d84f9c0a0791d6edc1c65763cd27c60e473c9d8
89f3817e5f2c3627993bb04d0185bdfb94ce525efe93181e184d64acc4f0c05226e3445d05c6cf26dd238707c6fbb461683379a5b9275f073acd2f93
7c7dce4495be5d0cdce74c54699320739f335125f631709fd3c04d3a60e00e6ca2654e8706021b6fe4c9e47dca4369b362f13e5f928b9f21f3766013
fc7bb26e07c66d193febf639d350fafab06e9f330da5bd8f753bb031279e02b202239ed410b0e98d65cb9e4695088c56b5804b6f3c7c7e493489c026
c6e8a4359cb4869fdf03ad2130932d9eb486c0d80dd237c70d028396e153250283e6592c892ed145a874982e11581675c24eca4460d032fdb489c0a0
854d7487c068c3fb0cb6c5b4374956449b1b5846cbf27e4ecbbb89a550048a88e393f210187b1a9a914d2bbb0d9cf610e8f74d9a914937e9f4e2c9f4
7e32bd4b0f7852334ef92665653ce919a77c93b2f79d6cefa77c9352f09d748fc0a065b8948f537249c9004f06f94091e5e7627c0f24f5c1df7ecc2f
eaca25cba49c7a177525301af3e60d8d0b342ad74587090c5a0d6d47e3ffc97e78516c2e991678d82e4acc25ab825de3a2c55cb22a084cb8047c5db2
2ad8d42eaa4d604c96675f34118ad1d82efa4ea0c88c7bb1e95f922ad8fc2e2a5060bc2e43a3035d922af0515fb49b4bb20489f52fdacd255982d3a7
17ed26501c66bd6832812219c84591098c27f5c46017761b3da6ca0446ab5a30d885e126dbe645bd098cfbbccf68d9f579182e76fd4b4e05f6b38bce
1318dfe04c9048b04b24180fd8c5d87f890463bfb8284781410bf72847d76f7245bbb8f27308c322a03005c67d685825ee4bf0f6453b0a0c5ac64b3b
bae45ef8216195583027fa2e0a5360d03481553fa2f16a6858f5e302c98ff8a2315d62c6b2c55c14a6c07834b341610a0c31345ce116088cfbbc0e57
a45cb008c49105c66d9ac094780a7c002e3a5460dc9639a3435deb346bb90f9f66bcd94feff0696579cfce71d1a102fd336ed5d2a12e39179645f730
4aacda1f8fe29358b5251f9e8b6215e8b721e1d3c6f71a25e1a25705460be113bd2ad01f4d47782d02e3b6cc18552bd06ff336acdba6de109e50b502
43f847c3a79984c19aa56b05064d1378329330f8edd1ab025d5d41c292a855abaaa0177fc435f332f8a950b5ae9997c1cf96e21418b40c83e674fda5
2585c7b4a46b6a495914b4a48b9644c1b8684981e274e1454b0a8cc94e8f694981f1687a2c6cee8a33433a9c8b9214187b80560d56f60607ac2f2a51
60d608b9382e022367401ea511050a7bc645210a0c4921adf2655c7c198e2f5c7c1981c2d670f1655cc9e8b00a0fbf04d3054682804c2267c6c59921
0dd7c59971c9f280737c19972c0f92845d9c1981a5f28d5ce2a302839626a830819fc09a8bba12389585bfa8268153c1f78b1e72dd09abc6384a4760
88ce681817c742d7aec3116a47608893ffa078f8452d090cd12a13c0f170a9c2375702cf43606330bee82a81e260d54555098cb7e928be0ae1f945ad
bca82a81715f184b5509cc8217174d2530bc8be135c7c3754f09076db28c7dcef6c8f170c90dc70572d1720245dee58b9673cd7471512b2f5e8440df
466339bd682f973c70c25b2fde814bd23741a517ad24303634efd3bd017d574aef282081f1130f8b69208122dde1450309f45f783a4c03b97268d9f9
e18b021258e6e1af8b06122814a18b0212e813619552402ee5f3484db488c0601c9a11284aef6bc6f97089a49154efa2460456c179172d22306ef3a8
21345a2419917a10d8d8232edac1d5a6c28866e1b4a91c86233481c0a0b9cf34d00466872d9c16b50789d07fcd24f3f67c5e84c0a0854bc26d028316
6ed20e2ea737761f3d9ac04513109f7fd1042e9a8008e58bd47f7df367a25d8be99b3a8e768d361137ce3c5e84fe4bfe34a77f2e427f60fc24bcce68
ff5204bcce2ce610c7be64b66f9a4060bcef4f683fb4845e2fd1f26fb27ea0c8777313f5ef29d64701bf89f581227bcecd351118b7fd423bd172a86c
d9b57aa11174a361dca4fa9b54af44d84daabfff4c4157575eb437723352439a72ae417c681f79265d21d5df52a5713bdfa4fa7ba64acb9675f36cdc
52a5f9a0dd24fdc05803e932493f303600cfe2ca4206d13fd13af7c250f9f32cb62c6490431bd81247c6b17bd4d07e339c2ab711c30365f698141e28
6c2b37213c30be8f6994101ef8897ebcc9db818d3fece69fb8f9275677e92d099c49f2268107c612f3a849fc31b59a44e27660702eb3f39bc39217c9
02206e072a5ffc4db40e149af04db20efc8426de3c11374f8473d23761fb5ee7749da119fd3a17713a42b20e8ca513ce11a3037d603f3483fd4b8c46
33d8750e36832046077e22166e12f3bd0a338f0a7b138f0323db7f86413ebeb71c13fc2747c66f9272a0ef5511286fa2726063a1bb49ca818d7ff326
2907c693f95192946f4e0927a46e527160b02c4b9207e2e68160f0bb49caf7363f24610f49f916b8333b8715027766ab665de04eb6e59b9c1c18cc49
47b82402fdbb1a1e129d6fa2f3f2f3a8d12789fbe1474a72bea53493d5fb263adf446729d66f7272a0888dbd89c93731d981e99b981c58ff586bfc0b
81b34e925115736ed32312dffb94ecf236b26ea0cfc3e93e9ddbe7dca4278274028316961076038396f113766f07ffd7a80e37293630da48ff84e404
36d6ee5b484e60bc2edd13931318b42c1d073e0283962604e00406cdfb0ca3ce6184c78e810436e6f3db31905b06f3b927390672cb60eed4f1ed18c8
2d83b9ec0cb7732081f1acee59629511d007cd418fc0d81fc229073d02e3beb4eba0476008c3199a831e81715fd8e2a0476024e508471dea088cfb3c
8b05c961fe7322e276d22330ee4b9f9df4088c71646c4e7004fa2614e1ef768423b0d473de67bc39c3b18986bee92881718a2fedca7815186da019ef
1943a8bddf41ffc0b82dcdca79759f737f0dfb24270f8cfb3c6b6827a1d30fc1618fc0d854dc6768928c3b2979734805fab371dcdc1c52b784e24e71
de0e7604c6ac65da1cec080c36a70d8eabc07836d3e664c7ed648798ce9be3ea768cc391ac9be3ea768ce38f6f07cfd52d7bb8b3a237b5efbee68699
3e735d056636d19b2a1828ebec89d1e6c4c63a1b35d8e4045fe7fb8d555d76719e373755604c6ddec6b774cbe2bd4628bee975b7c319dcbf3725ee9e
d16311a86f5adced20c66a4ba68add62c038116f6ad72dde6b6e2cd4ae406109b8695d81715bbacc911418b4b09d23e996927bb5ed53c5ee677639cd
52c56eaad81a8be82da02b5084e6df7c4b81e288e24d610b14071e6fba5960ac9dbc8c8a75cf5c51845de71aee991afb44c363a9b1d5c0bbe95db7d4
d8abd7e9af630d4e10de9c3cb7230cf59f9c33bf39816ea7f22518bb39810245d6f19bfa7653df544fbb398102e30b9019106376cfdcd9e4283add2d
11950441379dee762e5f4ab49b521718f7a52bfc4081410b33f88102e3596d60d0cc957d7a1f0eb51cf5f5d17680ff962a9b68c53314586696839b67
e86e5341f0280ecc94da271a0e34a7207d8cb88102e3beac551ae13de3cafc6c687af74c8ae52742abbba5ca16317ff3efdc52658b49bfa96681e294
cf4d0b0b8ccd7974efa1710506ed08ada0154da0ed682c13f9b83dbc260faf8918ff87cef5d0b904ef3f74ae87278553faa1730546a88bfb6e34c124
f9a83e74ae872745f0f343e70a14ded187cef5d0b984c33df4abc0f8cee63ebad4f3972e151608130b145ed4877af570a408b87ba85781a160781d0e
2c9303e9311749603944fe3f5c24812e1c469b78b8480283b684f6a17d3ea9e1327748602c82b4cb1d1218cfa219c64f46b6d5b3c641eb5a22593db4
ae40174a3d6a72e3f9a8927b3fd4ae47866969661efad4439f5ab2c73c5c1acfcc7296cff643c70af426b46a821c7458a28b3f54ac8747a3460878e8
5881ae74667ee8588fac66ac470f252b30686995921518b4344bc97a1412df1634a39545dad1cb87e2f5c8222dffcc43f17af82f54647d285e81dee5
0d0d5772fee1a84681292b537db6a987fbe2e1be9008e1a18c3ddc17554f30651eb58f0cfed0cf026399a509fad9c37f21e7e143db7ab6c901f7e1c0
5f85b6d215fad633d34347b87ee85bcff44c643f7b7826027d32dc86011c1392cf3e54b0c7c17a496a1f2ad8c359b1fdd13d1c481058a7191a0ef056
6c7f740f0bb62920e7595ad853a6e5217da1723d542e25321fde8ac07836efa386058ad39d0f35eca1866df93e3cd4b04039e793960507c6ec083e09
f352a7e8a1993d5333fba305832df6fd1dcd60a7b7c2aaa59b3dd35b913150cd1ede0a79c91ede8a47fe69b51b1fee8ac032f36c3dd4b5c0923c5e7f
fb797f68730fd7856c630f6deee1ba706cf0719eff9919a56d80cef33f33a3b4ad9d9af6cc54d15697b31381ce0dbb84b313cfcc157d78d654fd952b
3aed52e79ebf7245679854b7a7463dced7ed91033a305c269ab05aa3ceadaa993cd4b9c058219ab05aa3ce558ef387081158a54d7b481081f38fdd9e
00113825497c480b815538f14358089c73d72017044e79131f22c0c300ccfefd30000736d1000fa920b009b67a048704c693dea6b38e60fad2911d02
43f7ced059840383e63edd9df1e6d6298bf0230e84b9f661120e8cfb322e724760d0c21182c723878f78915764fa2b329d99f8258cbcd3fc9b15f132
ff0636aeab97f93730bab28656d00ada2fb41d6d8f7eaf858a3439a08503edf0e812da899650a898c95f92486068d4e90911e39df97962887c891881
226bde4b9c7895ff7442f6254e048aec632f636d609932db4bc2080ccd361d1688fe4ada5332db2f03ee2b698fe36b2f49e415766e10848e57829e92
cff0cba8fb2a005a8afb3e347ead58da5e82c8fb9b3a7b46461079c5656cb125bf0cc281f16c8641380914f9ae5e72c8fb9b3a7b7a4c10091499b25e
72c83bcdbf3a62ac333c3dbf9397c8f18aa260267ec91cef6f6aac1998888940a7c54bf692395e211302ef5f0246603c9b1e133002cb2ea1d84b9878
d76954413367acb8fc93af008957808433002f01e31564ae88d44b98081405da5e8243600c2dab87e01018af0b5b480e81a2f0d64b7078b739da7080
e0f00a28770cf515f8f00a1e17bff612265e2955c92b2f612230eecbd412120223cd7cba4c4a78a7a1f6f03e239b865a3f6e52c23b0db5f9f4bc2482
c0529db378490481f16cda251104fa27a5a2195becb2dc912f21e19de72eb347bd84845730b888de97901018f7a199dcc206902fcf4b24781dd014e7
f09209028396e19209de324d19995cd6dac0b82fac67ae0d8cfbd0b0c5b1cdf5d067aba0d0e78ebfffaebfa48dc090fcbc05239dea1495fb12370285
14f18a207fe50fcaa7f4252504c6b2096f490981ae65478579d97c039d66a10b70081449965e010e817e9bdf0dd370a0887978c91c8165965a7dc91c
81712a5dabc6952a163f4adccb841c18b4dc4736098c66d1ac9094b15069eb259a04c6a36816486552b09b104302c3cc90eec9fa1a18f785796493c0
785f464b0e090c5ab8420e090c5f8ff761814a090e6dbeccca81a115eb0b16d4c982d098955fd53265de79999503a3cf791fb372603c9b7699950363
77ca6f53fea0c078561bf684035feca84ccd2f53b373f82f5373602c16efc3ab63f20a0daf8e4422dac8e5140a8c66c33e16e957b94c6af6cbaa1ce8
7a922f0f13f2abbca5d0e4970939302ceb9e35b493caef8be73044a0d362177c99950383962e3b0e1118cf86058e43bce7347a78d638989f0562bfcc
cf2ff3b3b8eed71989c0a065bc4cd2af1a97c4ca9749fa6592167ff03249bf6a5c3a27f03249bfd7e44ba69749fa659216ecfe3249bf4cd282dd5fe7
2b5e452ec53dbcccd4ef3579151e305307867894be3053bf0e58f0ebbdccd42f33b5bc32afa3d0af8296221f5ea6eb570a2281ec2fdb756099b9d85f
a72e0223e7b9f7e1d5c5b4426862be0e94c3ca15dc1418b7e575829b02231d7bd822b82930eef32c1624a9ed61e1327c07c66d683870f3bf135f0534
0586c5c4eb7025114d87df295bf87bf3f116340cb81960368f62c08d019b1e6380a444f37b297c2930ee335a4c6147175ef2b2a307c68f23cf32a407
c6b3e98bf8a540ef729a655b0f8cdb328f6ceb81b18d644d39a4f1ca54b46c9ac515698996cd7db8f2885488c2f532ae07ba7840b4605d0f8c677519
ab1c965664ef7598e37de65ad13fac9a6153d6b2c31c81719fb161d523ac34c6c9572cd52b964a80fb2b962a30686943305560d0c23ea6fe40d77d91
b0eac5aadf3f38b1fe7204bc02b0a4fc7f39020283164ef204047a6b4898fb326458739c038141cbc059ff03a3f3612eeb7f60d0dc87b931ffaf7c46
2ff37f60bc0f833037e6ff55768157945760d0b2ae99ff5fc99158815ee6ffc0a0b90f23254cdae6b338a912c5666cf4f9405129fda5cf07c66d68d8
92fcbdebe67346a30f8c61648d88070b8c67d1b0a0317afdd0b0a0317a1125048405c6b3993547cd0363185937fc0481711f1a167c93056133234160
b491e1b21204062d53c44c1018e3485f980902e37d192f3b4160f4451bf8f2e18ba5c176f07e095cf5336626088c47c3526682c0d88d325c6682c0b2
aa14f38a1c0b2c33fdf6cb7410586656a5c674d0fe303065f535a683c03253da37a683c032b37237b683c032f32f35b683c0a0fd096d479b76b433b4
8a360d6535b413edf4ec1ada8576658b3abdef460b5f28d98d452130b6327d79d1f065f76c4323ed45246a02ca02e3bed05823028316be08280b0c5a
f8c7421118b4f4991324d069a767f16ac12be360b66882cca4166d6c1481410b5fd82802c33010deb351b465c63e870782cc0245d44863b60814c6a7
c67fd2548251bbb0316534fe13da7363ca0814b6a7c692d1b85484d93616c5a67cc386a46f030ae1b9311e36c6432e8b46680f8c93d7e908a1bd0d01
bd702935b278609534be11c503a7a2258d24de66b106fd20890756d26a23883775eb39f61b413c30821b320d04f1c088d1709f653ce33b2245354277
9bf11d912e1ba1bba951cf1cd548dd8dd4cd66db48dd81e2d3d214426bc7d4e1bdcedc1cd36461b4e666d6adf7eb21b007faca8eecd284813435eac5
0036427ca030e336327ca0282cdd88f08d082f66af890c098c16d0302562fdeeabd488f581321713a93e305c565ac5a729d51f5e874f53aa8fb0d548
f56d4af5561da93e30d6d33f4829d708fd812e63790b369e36038b86cc1f9805ca1b913fb0cc6c298dc81f18bffbcc0a913f305e97ce13ef03fd9785
67c4fbc0aa4e4123dd0796a3467c6e0a51048621daebf031127f5fab9ec5c7144f13a4d608fc81d113afc346023feb5a23f007867cea3e7cba9835ab
1e63942a16a56a03a32e1ef07cb19a1896c058ab791fcd2030be586997c4df94b18824df48fc8142a36d04fe764fe14b0b9842e067616824f9c0aa86
4423c80736e7081b39befd25c7679593e3031b5f4223c63715ea45b235627c730a419c6523c607c6f0f33a627c60c809991d727c6095a9b111e30363
1bf53a634d88ccc17ad788f181f14dcbf224c6070687c313a278a0d0ee1a493cb0ca49d708e2818d93a491c303b3206123863762f816eb4523860756
39f41a893b30f6d10c8bc81d28e2271b91babd42e9232b37b272a0287bd388c5ed9dbb639608b1385014016ba4e2f68aadd235834a590a227b23ffb6
599682b42124265078e51af13730189eb927ea36d12f021b1b51b7897ee1f36d64dd26fa454065e3bc6a6deae7e112f9375098f41a51b71175173f6a
626d6b536dd2ac81116b17fb0bb136d077b03c4aaa6da4dac926aeaf36a35f7cf449baed2fa936bd23d506ca391f3558422dcf4723d43642adf3b78d
501b28934f64dac06855efec4c49bff4c7a6c61dd6e6018998591a39b7a930cfb9d2c8b9cd0909d1ce8d9cdb54b4f03b27e606c68f5ae7b04985792b
ec23e67e2acc73ab7f0e4d7c0e4d903f3ea2ef374378d2e58ff8fa4df135f2cc477c0d1441041fd7d7a79abcfc801f89f69b12ed8e76a15df8b986d6
d0926d6a47ca283eee30a1941f61f39bb5292ada8a962415594f1fb93250949ffab8c33e25ddf9e83fa2666064a9709f41ccf30c91673ea266a02fbb
1292312c539c0b4b889a8141cb58c99a9f581d7ebe8f5c19586656b18f3b2cb00ebbdddf7ecd3f8eb1cf816572e7c731f639b0cccdfc89daf91c58b6
2b7dbc659f03cb420c3edeb240ffb056cf62500e2c5731591f17daa7780575eee343fb1ca1a0a77d8e507c0e318bc5f884fc04062d7325e427508422
7cdc6f1ff79b2fd0c7fdf6cd43ccd9c13e213f814242fb78e43e1e392ac0c723f7fd55db308f0a03fa8401292bf4f1d27dc280949bfa78e902e5887d
f11305f4ad53efd504e68902da22667e1c779f28a06d760ff3567aefaa59cc9b8e3b6b9fe32eb0c916f071dc05c6d20fdf39ee0265f68493eedba6c0
9bdb38e4be6d0e36af73bee29b5533f245ff38e9026307cb9471d20546ef3217227e3e113f32d97d52417d4a69d0033e51409f2820e1801f07dfe77c
3211f1e3e00b6c8e857efc7b8132a7827befe3de63d3f8040105c668f5045304012d11d53e2ebfcf9165f6e48fcb2f30244e349c2a4995b2216154dc
7bbb8af31ff7de57e66f2a8310041418dd4b57b8fc3eae3cf1061f57de37b3386132575e602807e10057dec795e768c3c79517e81b91aee08004acb4
d48faf2e30685e8703c56f2524aeba6f2660f5d3e3ab0bcc24389f60a1405f01f82958285088839fe31edf4cd35ab580273bd3ac3d454cd1979cac47
64a98f972f305a701b96c4cb77d8e879f93ec798d5befb78f902fd36fd35fa7dce75d609ef5d60d0d22aefdd27b268b3cbf0de7d8ad05b893c75df2c
241fd3dcc753f72924efe7c951f7cd42f23e08cc009f20228ac4c70ef0b10350243e7680c0a069c228e2945b69661f43406039d4e8fa28c78132777c
baf1378f4dd8b4e8c681c228f5518d3faab1f89d8f6a1c1813e6510c386d81611d3d383066c26d1870fab1fbed507003c37615a6505c03657eb6689c
81fe99b1b75339bf79f0c1eba89781d12c9ade5dd3ac94ae502f034347ecef6b7f22ff80fe031b3fbb7ef1435bd16a68275a7e8af944f58b07ed4173
5f436b68e7a02dde1719638ff5b35f1c6807daf9b75ff67eefe511af1edfa6f6e7a7fb0997d923bef60bcde56bbf472ceb17052d43cf47a75fbc68de
871dabf7addeb7a5ababf7a9e4bb6d61513e441d0cbd841d9b36366dec6858b4b9afa6cfc538ec6a39cdd02fdc57dc77641cd99ada9f1c1edba39cf4
8b0d4d748ce9cace01062dcfeede2727732ca6ed4f7ed860d08ed0bc2ffef63d5955fb85a9c94f768f66da2ff02afef13d2932db9ff89a41a7ad6896
49cc597bc1e7435f0e7d59f3be18963a641c398ad52f3c7b7a764bff4ecfc610b3e70853fb7319efa5dd1dcdb3716eee05ef2f73c4ae119da55f589e
97f7ed591bb7f990c1a01c79dfaddd5b9f8ff0eff6eced59f3f618479c717b31478f75f0e0e999b13d78a5f6477e8efd42bb8f76cddb6bfd45cbde77
f3f69aa3b89ff6ddcfecd5bff881f6dd1cbdd64bf4db3d6245fbd3acdde659bf99a62f71b4ec4943d42ff0aa799fb96cc61b4d738f53b1fdf9bc2f8e
913d46c27e61bd7cdee737f3795f34b77df79bf9aca17823f6d885da12ef01e8b4f165e9173bda8eb68776a279df702ab6259678d0694313ee171b9a
f1667e97e81a1db45bd36e42ea40a70df5b05f683712fc9e93e76db11f2cabfb4e34f745a8dd732ea85fe89ff3c3895169cba60d45b5139fd12f0a5a
41cbfb22227638d0d2e7887ea0d3326f4b843a306869b7e89ff8acc494f40b3c48f0d41e8b59bfd03f7b4e04987ee17d925f26fd465b22d48045a5f1
7e71a079764bffec258b50e35af26c35367b49cdef72b1972c155ff2bb5cf259eff0a079366b77398c23fbe472781f537b356ff69cc59e536bfa62cf
0974dae1596d384a190b59bfd0c6a90df36b1f0a745a7ebfcba9dd7cc58fd997d39cb366d7fca697d3fbf229de93b5a85fe07d3ebbfdd9dc67bf0a8c
fbb2762ff31b3bec9e58847ed1d01a5ae6f236bfb191765a9ebdf55932f9c3dab8b5716be3173edf789fb37f9de67df8723b3753c3177bdd12c366bf
2f3c7dccefa3dd35ef7b8ccdbe76e4b7bf3cdab0af1df9862e8ff7c5d9df6979d61eb6d8c34631d4bffddc2fafa996cfe42859b22fb6c99478d8065e
cbf8d59c6567db0b0c5a9e6d58d4b0c8d660db0b745a4d579b69fd4c6b4d1bb6bdc5b67758629ffe7dfa7784bd9ffe7dfa77a48dcfb47ea675681ded
47eafa91ba8e7cc67fb13a8131357b683f34ed66fbf9c5910a96fd1c326bbfa86815ed17da85f6a0a50d5be6cf96999298fd421ba4b39cdce817275a
7e52a94bd12f6e34effba58df8fddacf369a2cc4fd6247cb924896b67ea12ff246247359bf98cf66d9253347fbad7860bb4d9e8b7eb1a23979bda58d
d57857e32de91f912c30689e7dd11a5a9eb505ff6cc1318cf58b034d9fb325fd6cc1bf4dffb25e7e45ffa2e0eea739dad188695117fb85f7edde37dc
75fd42ffa2a6d544c0f70bfd8b4e561364df7eb6d6c0a0a52f555fa21dd58413f70bcf4624ab09bc6ebfc35c26c4b02674b85fe84bb6c79ac8e67ea1
2f87be98a3d3da38b5bba6cfd1713ae4ccda1f73444cfb9d9ecd67fc672bfcd1545267a3fd2ee3b8e67a4eff6c8f81715f9eb53d06062df7ddc69128
affaa7a6cfb739cf76d66959cf44b7c0a0a5cfc4b4dfad2ff9adfe6c6781410b5f88643f4e9454d9ea17c626eee98fb9b47505fa67cf1cbd789a109e
ba98a357bbaa3a2c7e470d4fb30fd564e7eb17da8d3fa02e7e474dbbcdfbcc9bbde917e37f5dfcb63eef63c1f7a9fb11bf02a3547dfa122339e8b4cd
7de628d6efc32771b50f05066d0b6d415b3c8bb6a3ed686768079a76239aaf34c255b04562c9fac587f6a18d395a176d2460624b1aad7eb1a2ad6879
36066b30683534ed4673dc9203a45fdc6839c09aa39ffd42bb8949e8b4c1bf951a18e8b4ace7f5a7cf3fcf1a1bb16f551338796efa856715fb9de3b0
e7acb22ac669d32f5eb4885509996f6b2c8da0df97f5bcda875616c41886fa85b16dc69635be16cf16cf9a23225e60d032b6a22fc538b276d7dd3862
caeab4f08f88b7b25b2d67c64bad5c6390da7ed99bd61dffb2376dc91adad6ead9887d9d96fe5121d7ead988b46b0c41a0d3faf7e36f3ff76b8c4260
3c922e9014038316161d96cea10ba6ffb03c1309bdfd22adacb6bd359a68a7854587a949c4c4966c156d3dbd2fdbde16c779bfb0142315765a86642b
0cf4693d3285a4c2c0b82f7d39b51b7bcff6f3b348f04207e3b09c126200c6fbdc87e59128fb7d69f7c272b10389cae917964e0c39fdd94c8d6d74bd
f0cf52bc2ced78f1b79f65771befed7d96d86d6cb729cc36badee6e3c62bdb056d37d069279af1aab5f3b3c4488081655b2da707ef1f3f0bcbf831de
847b6e89526ceb6b6cef1c5bfa67bb5d23f66d89986c6b330e39ad630aef17fa9728c52d06fd7e612966bb3dfef8a9347d51af71b55dd85a03839676
897dab2470a9f8d42ff425dbad048efdc2fc7efa670dd176038b1384fdc278e506c841c3b6d16cb768b65bd206b58d16bb493c96744bfde246735f44
8f2dd1591d8c23f3b6c5d7053a2d7cde6c7b9b6d2fc75ffac58e96b8825468ec17079ab11ddef7a01947b6958d452c3068b98f56bcd91ee348ec1717
da839676e39b019db664bc71ce7458d0f2ec860771ba6c091bed17fa97edf14881a57ea17f9bf7658fd868c55bf1be7c36361af0160d788b59bb5fe0
5ff16cb4978d38b7e5bc6fa7857f3bfed91eb7cce596a33a1d4e7d29a119efae8dfcf63796b8c0a0a57f3b1ed85ab77c263762df666bcdb9b77e8107
150fa2da6c159f2b3eef795ff5beea7df99d6f87670fcf5a2ff6c9cd9e98347ffd020f58c537ebc59eb89dfa124d79a3156f3992b16dd60b116f23e2
2d514536fbd516116f6379dc58e2029d667e132504062dfda3d96e11e73656c68de8b609a749f2cf7e611c8989d99260b15f98df886e1b8be266cfd9
1262be253154db5ecfbe9ec5fbd7b3af67f19e856d8b5ab9b1326e0d4f9bb1f95d522bb784326f715cf40bf3d18c2da2eff6b9efd32e9eda4bb64fbb
87fbf0c51e5186fba1152259117c50f27b2bd4c0c0c876f70bed4213dd15b1b424d6158c395a42fbd0668e92d0a8818141db42dbd0c4ca678e4a0206
c0785fda65990f8c98fabf3f0fdfef0d7bcb4f94547eb6e5a7b9df3cc5906ed99202a3b9742b6ef50ed295ac680dcd90b2240a2d313022b1c236db4f
b1fdec99fe129f2f18bedc3fa1dd68375a9e25759582e5f9f994a28dc24717b1a090c40a492c615cfd42bb45ff32fd852456a607313fa9c2985f767d
ceb65268892567f1b68ae5f1dc8141cb7da4b39203755b35fd8c72852496c35ffd02ffa24d2ae0da2fcc87c36e0c93e5d0c6a18d8864858659885a8c
9085a81558d4b4e8177820e8344108fdc2b311a11cf8ee1796cea92f11b5ca69bcd956b69acf64a13916db0a836321f2944bbbd11c0bc35a11e058b3
3d165b4db1d55473490c2a2aa3a7126fbfd03f95d16975e5c63fa2518d345f68a2451517969a42132d31ac6db4dd42132d2a8fd3b8caa38d44026e8c
908508556c5d359fb5c2fa556c498775ffe2698cfe1b436261f40f745ab6d642342ac4a0c3fc36e350eb8f21b1d03a039df6f3ac3e47c3ecb4f4eff3
fbf8bccf5c32f0974f5ff2e9dc699381412ba1fdd07e6835b40d6d433b43cb3876dbcf91b9dc59a1765a5d52a3b49de17eb76fc401de2f5634efabee
ab6859f74744e43d613660d0f22c5166973494756eb76fec71f8755ade479409741d31dbe89e043460d03c6b1c34bd5499ea17052dbc4feae77e71a0
1d68e1953d67b7e724c4b85f34b4cc2f4bdc4e23dced43a9e9d52ff4d93e94ea03fd22bfa39df6971a0afdc2b3c49bd3bc116ff65d5f22d2ee449940
ff2de413b1135b76624b82dbda4e6c090c5afa4244d9a972a7b9a4caedb1566dac6e3ba3ff6e7f39cdef612eed253931d92ff4e5c067f37be88bfde5
34bff6979dd8729a5f2ada4e6c890fbd5f5857f69cd39c73340606cdb3b30de3b50e883c7bd4b1c28ab7db870283163e53bdf6044b9724196cbbfd25
b0a84ddd2ff425228f4283fdc2bcc5d1a85a4ddb1fbfad88419245f70bf3a60cd3e27dac5a814576877e817f8f36b2efeeaf71bcfa12d168b7e7ec39
ac565249bd5f783687d04ad2b1f40bfd6bfa52fefe987cbfd74f5e79a03f31c8efb69a40a74513dd695c7bb69a4e4b5719da039d96cfe94ee3dab3fd
94247ceb17965324a7c27857494ef58f61c6ef5a19b3ea1fef8b01a4d2c26a24a742aaa98c59552e9225d35a19d06b0c57254597fbc58a963e2ff979
d784507638d0f6d02eb41bcdb32f5a960963602506d5686b8581abdaba029d9669ad0ce85566af1c7b6d95b1bc46e4298c77d53655576d4403a934ae
9a6daae4f06ebfd06e34ae9253b9fdc238140067e0aafc9055e628c6acca305e8bf7e533598941b568f740d3e7e2d9689895c65577cfe6275a19a4ea
8e07f989561a57ddf1343fd1ba9b375ad8e4298dab465cea4a44de475c0a0c5afa42340a0c5a9e65b8aa897de8c2a967cd5bc4a592ea59fd421b55ca
846cdf95c61518f53c731f8d2b3068eed3e718e43b2d3c202e05461dbeb44b330b0c5ad606237d60d0f23edb5e60d03297ac558141cbd86c85355b61
61fdaab6c2c0a0852f34b86a8b63adaac4af7ab92fdb402542054615b08c832529305249a40d7ec8c0a07916ff14ae4b399656f917ab4a73c9d0dc2f
f0ded6f5f39bce79053068b9cf761618b4bc8fd5a8dace7270b85f785f2c4932b3f60b7d89a627356babf6abc0e29441bfb03624a84c6c6cbf306f71
2096d5fcb22ed5687f9d96f9f8f4cfbeb646b5a9b4bfc0a0a50d6255b5afade6c8be56ed6bac4b0751ebb0afa5525fbf38d0bc2f9fe2c31e76d8c392
80ba5f3434ef8bba7330c81ff6b5e4b6ea172b9a3e67cf3e687f877d2d49bffbc58586a7f1791fc4b4639692cafc1e44b2e3e7d958f60e3158815129
6109ed43d3bffcf60fc6f7438ac19cdde817dea7a46c42f7fb85be28152b4ced108771d8eb72a8b65fdc68eefba1e94b2c498525e9b0af0506ad86a6
2f45bb99cbc35e77d8eb1248d90ec6f7c3beb6c5227110b58ea8779de6be132dfc63353aec6181414b5f885a81410befc5571cf6abcd1c710c1e33f5
75f6e743dc44609186bd5fe0f3e1beecc507cbcf612f117376d84b8e53d289f3ef8fd4f57b4dc36948a68b56171859a6c38e0b8ba2e9951c50ee1796
5dc2bb8a30b54378d7a13a686a7cf60b2cca91b292d347fd027b1306515299b05f6091ed27550d9b92f76dd69b67543a48538191583cfd234d292e5f
92b9bb29100f062dfd7be6fbb2749242bb1d42b90e5b523185afb1bdda8d3ffa60f03e5e7d36adb6aec336c5f87490ba0edb94703655e39b72f0a5f8
39d2f454752f296adf2fbcaf795f2c172ab18391682ce3b54da5c6faa0a58dcffb3e7cb1246c538141739f6de5c383ccb9cae860a4645b425bd156b4
2db48a76a01da13d68f909a45e423b8955a7ed2715939b22df60915eb829f2ddce1c029139b929d5ddd4d176fab4a999dd14c82e42d214b9ee10feed
918255af065dccf8b9ef42bbdc9776895aa93a3df2c3a55ddb8fdad2252705fac58656d0f22c8d5081e8926a7e4d45e7362b3aa7325e53bd198c83c5
6983469882ca83966769844a259794b9e817fa5cf4f9f4ac3ecb6095ccceedb475296e5c84bd9d44b2401718cd2591ecb49d557329f621307895b1d1
1ccf688e47f2d7b6b3e273ac55c7623e18bc03e37d6997981618f7e57dc4b4b36a239fc9939876c65978107d4f5b6160d0f23e0ec4f360e5c96ff5b4
3d9ec71c47daa07506c6c956f719478ce52599adda69cb0c8cf7e559615b81a5e6846e53f8162c071feb29d628d0691105d5c2039d16de5ff6bfc038
cd36faa22a564bb5ab712a65acabcb1e76d1087372ad5f7836ceb8836346c9aa965a54839676ed4da93cd569199b32531d2eb42db407cdfb22725f62
1f947c3a9293a3a9efd4d46d3a7260b429d2043a2d22edc5f1a622d39133424df525d0f9872ff621d5970e0e9c8b0875395bb8656da8be04fab311a5
555f6aa9b4d4efdbd0f4453c8450efdb7e758b8710eaad5c525307a9d3f6d00e34cfe693adaa505341a8d3ced00a9a6747a681768b5fb8a3f21d3ed9
b75885fb673e2236abef03066d0bcdfb7ede17515a351f3068e99f782b757a0e8e9e9b234f899b23c59bfac58b96fd45a8a3da354ded9a639c3cfbdb
cfbd323660bc26acb48c6f87a6925fb7294103c67de9aa302be5660ed1ebcacd34a5650a63aad2322d7564c67de9fe866db642e13077d16ece251d39
d2d1948801e3beb08d14a71ecc91fc26fd022b8b6d209f3f35629a8230077f9682302dd55fc67de93363db4d021449aa240c18b44c3f6d5749984e0b
5f18e5ee7df639fd232906062de3b5dd2a0973e480595312a629ffd2df973e0b350b0c9afbf44f923fd1aa4ac234b55e8e9ce1e917f8675b4eedf4a6
fe0b5894b86b6abd80b1c57956ffaafe452bbe49a83709f530365bb5023007df9f222e4dc1964ecb7839201467914fac29c4d221eb8a8f502116b0c8
ecd5145801e33eb413ed745fc6619b0f8cfb325e27161458395255ba29b0021687cc9a022b60dc9775207644e5947e5ffacc77aa72ca918ad44de514
d0efd33fb1232aa71c44559553c0b82ffd1327a222ca417c5511058cfbc2679abcea2787931737f13a30ee4b9fc593a87472a45e6353e904f4fbb28d
aa7402c67d1907df6e60dc97715cd61ae3e731fb677e2f3ccd56adda0918f7a57f3e9daa9d1c29a8d72f8ce3b626f3b9bf591a6e9606d1c82aa08041
4b1b0cacaa9d942362fdcdfa70b33e88505601058c36d0f44fca87c3d6cf811318b4b4e1b3ab8cc951e67de697ea70f84470f404c67de11f0b4760d0
bc4fff1efc8b267fb37a04fa7d115b6e2a4660d0d286cfb8ea26478a2b35954cc0a0650d31f6deac2387df2feb48ea8d8cfbd22eb54371116568fb05
bebcd65fd4188544c0a0653e5851140d39a8368a81804526ffa61a4853fae3283e9d2c2bca7c1c54a09bf870b3180bd7be895037112a79969a321f6d
96f9701ae86659bea9361c4737912230ee43b3863e6bc8679248715377847f2bfdd1415ff24d51d3a3a9df518eecf76a753475390e2a9a7a1b60dcb7
8796b1cd421a9c4e8a6680fe6c78a56a06e8c266be472a647438d0f23ece33d5308e1cb26caa6180715fda70826e56be18a903fef673ff3860f7d0ae
f8b314c1008b2cfe4dc50bb0c806d72f2eb448d5fc592a5e80d1851a1a16e5705e49bdada6940518f7a5fb22c603e3be4c039f9e5a1687f00b352ada
ac5171fe3c8b6d8ce5a9ceddd499688a4a9494e26eaa453455208e12e9fb11d1f9302aa5a078bf305d247787c6548b00fd331923b86a11ed91ccb94c
9a7637d3955010251a40a7594e343de5188e2489684a2f8041cbfb0ade175b4de2081e624b60d0d267da9f0a0a07ad5db584a634c2416b571aa12983
70d0dad53400839679238ea869205157bfb014eb7c36edd2ea9e880fc76e1dd479df899636f80d1512381c567b880a81414bbb4485c0a0a55d06f987
a890946efd025f0eed9a5f86f6c0a0a50d9ade43d34b399df6d0f41e9a1e0bc2c3f8fe3098254b6bbfb00eced96efa42047818d19259b65fe8cba92f
1b1afe257cf4485aa87e812f8cf4c902d22fcce5892f1b9a719cc691cfd0c3871918cf66bc4485c0b82f6323163c0e2e8995792ef37be94b3e398fcf
7d60d0d23f9ffbc0a0a52f3eed8f4f7bb2dcb6c7273b30eecb9af4c97e7cb24fbf559fece79e6da47f34d6c0b2a732427b44e607062def1323f13818
f9c7de443b0df4f799239fb0279fab3da9e79b6214a0d3ec39b4d3c769a03fd6904f891212fb1f6bc8a74471883de9979aca0da0d3225228ab00465f
d6d02a9adfd1eebe0bed42db43cbfbdec5facb2995d727e2f589603552f5a0296770e4a07b53ce00f4bee453fc32dc07c67dde37db78d0dcf7a2e584
d59fac5df50cc0b86fcc9b9a04a0d3b24fbebe0b0a10f467330edf8597c6ca82a5dc0018f7799ffed16259b55edf85c04848ef59fdfb597fd94fa5f8
07e3bebc8fb62bc7ff919a684da2fe96dcfc839667edcf12f01fa91cd62fcc511ca1bbb06409f89b64fb072bd94b4d9558ff4875b226b13ee8cf4635
94441f2c076b9a2cfa60dc97fe516765cc3fc47ec98edf64c23f58dde49c07cb2eccefb567bf0e738a9d93121e8cfc85ffc0982f9d3b18cd851d42cd
5ee73ff95d5f5bbadced07e39ddced60d0dc67293a5fcee7fdd2085f1a21639b1cea60d032245bfa3bd32fe6e7280f3a18f7a169e3d046340b39cf9b
04e74772c63709cec1b82f63b3f507062d7db6f5074616c9b421ece39da9f922debc225303fdbe7c9e2535064bffd2e559fe4a098c8f64e66fd20783
414bbb24727981f71f1ed8e2e4053e6a3e9d72008341cb7d2472b97dfbb3e91fa3bf44b93b836323a106462697b14c6434052317e81a5a4133bf11b5
a411058336da6824ca262743ca09f48b1fdacf7d35b40bcdd8f2936a0ede04c67de91f11af391498825bfd6243dbd0d26706f4263a5c186223063556
1e67a11b5f5d60d0f23ed69ba6909413018d11bc1183eaa46957fe053edb2654aa391fbd669b6fac23814e8b86248529e8b418031b51a61165927fa6
c9cd09fa7dd91ea5b504e3bef04a28d25fa921f3c9911a120ce367daa0c9cbf97838d32dbf639bb9179332adc9bd0846e29f8c43a8a3ac8a47c22ebf
350e9ccf01ac9a3adb9f8355a0df77e6be1826c1a0e5be88c360398e31bffd6247cb386269e817175ae6281afa9763310372302dbfb7cf091730ea98
ac83f6b92f9fec1aab60bf38d12eb4b4fb79d621b93ad6d5b7e5b7f0398d516325fbb67c3640a70da3f0e7c4420707fbc6efe37362010c5a0d6d4773
706e7cd63ea7183a38ec57d346c47f30685b68dadd1c001cbfa3cfc9860edaad795fd16ed1c691bee41301469fd39788ff60dce759ed16e31d625fbf
78d01cd8c397582d3fa7226a626f3ea7223aa4ddc4d97c390e3161d0328eddfb6279ecb4f4250e2130da4d5f628d04a3e448de578d2d96c77a143463
abc656d2bf8aa7f9a6f467f3beaa2f5127ea38733e2e8c576ae1a3845755fff21bac89dbf9b6039f9585fefdd2e7581ec17836633bf42fdfa3befcd2
97435f0e7d59b35e0eed3a70fb5bc3e7c3fcc67a58938ee773f2028c36f2ec69bca7f7e1c1e97d0ee1fef4e5c4d3d338f25bcd318c01e6e81fa4c3ed
f76aee9aecf51aaccc165213ead32f74ff32ad35ecbd4c21bfd7cf328ef10e8cf7656a6eaccc565373e0ac5f68375b4ddff9f3bedb925526219f88cf
8110d0dfb7871d8ff7c5ef559303a05f785f0c6b353900fa85a9cea7b8a616e4b7bddef77a569f5fcfbe7870b80f0f5eefd3bfd73444dba8094ffa72
626480a57d781fbebc96f6195ab3c4528db7261ab95fe095f3c2c711de37638b6fadfefcf49a696d7e16d9ceb6e6e7d82cc5d3b3b69fc402d4c34fbe
199bb3c6a9f4f9e5a4ca84519b343f814f5fa2e5d41cceeb17faf2f909e8cb67b93b7f7c649bdf6cad9bad35f908fa85e5f9c96695ada1c4dff61567
8d63b8ea172bda8a768456d032b6335b4389d6f495c5b343eceb179ecde1949ac8e87e71a0bd686768196f518bf55cd36ec411d069d932cbea7d1133
6af207f40bf745b3a8498bd32f5eb4172df725721b745ab69a52bc2fcea99a3436fd62474b5fa29d7e394e32e042f3acf715efcb6fb0d882039d36fc
81fde246d3bf7cfe9c0c0183369edd13d60346d6b42db486e6506ab695ddef5c24f3f127edee31d28371c679b451adbfaace436a1cf68b032dd1dc29
18d82f2eb41b6d0bed456b6883f757b45d900ad1fdcf17e51d5963b398c98b20d1b81f691144b7e87fae2849e918f9e7233f82412ba115b40ce04f28
1565747fa8f9fdcf13654c4c76f11645b38333b6a1bc288e188592e5d652212efb77dbf472c6a485a297a26ff3e64d5bf18c869d8d94d08691f0971f
642323b4b1c81252d0ff9c6d7d4696f6490d81c427f73f7f28a3fd25ed93225a2486c553dacf82cbb26cc5bb8730f0fb139eedde3364005fce460268
63f9f95048a70b963f283f9404ea27d0bc5fac68f9696ca16c281d7ef96c7cb681404e387f52f0821c97ff24e005e3dd4b68075a724beac185e20716
ca8d32fa3d7bf9a08c998d74f3598081c40b7ff2f382a486f8a4e705bec1c9d43ba0b7be66bb9025172cd9f4e4c80523d2fc7fff4a1fffbf8fb4fcb9
e097f9fb167d1b105def934f172442b9ffa96f4989901f99fcbae0974fe4f7335b6385af285678a0afa8accd6fd5fe80dfa4685fe5e56abe563dc82f
a1af45f7e943c20bf291fafc1692e53311a09f1c9f203afe27c327587e998ba2bd686cb8ba5b2fd1cd96507c4e037d2d44cafc7c3a3f6738ff94ff3d
35c1f8fbbf5ffffe2fffc7ff75fdfb7fbdfe7bfbd7e77ffdc77fb47ffb9fef7f7bfee7bffee741fdd7b77dffeddfda7fb4fff77ffcafff78dabffefb
fff8f7f154fefdcb7ffa4fffe5dfdeff67fed7b8fabfffcf7ff9ff00946d3740cdfa0400
