1f8b0800000000000400bcbd6bcf5db7912ef83dbfe29d033490069c642dded9276840b1e544806379243939c1603e90fbd22d20960259e946fefd90
cf653bce69b48c19600cd87e6b938bd762b158f5b0f84fffc737af7ff1ecfa7ede7e117f793cbdba7dfffeaf1f2eb75f7cfefbf1979ffdd33f7df1fe
f2d7ef6eef3e7e7dbb5d6f57a77eff2f4fdf7c787f797dfbf8f4f3cf5f7cf1e2dddb8fffbc32bf7877f9f35faf37e7faaf33fde6f66f6fdffd9065d7
f3f4f36fdfbdfdfcebd7bff8f6cd97ed17bfdbb9debcfdf8e795fae38427b4f369fd703ed59deb0fb70fdfbf7dffee5f9eced5f6b3af5f3e7fff97bf
7d78fb6ffffef15f9e7ef1fffe9f1f17f4f8f3e9ecfdf8455835b125bf7c7af6e73f3f21e9fba70fb7ef6f1ffee376fde58f3efe7149af6ed7b7df7f
fcf076fef5e36af6d378777dfaebf7b7a7b7ef9e381cf865be7d373efcede9fefec377df7ff6f49f6f3ffefbd3fb0f3f2e67fff8feaf1f9fbe7b7f7d
7b7f7b19bbb4cf9ec687dbd35f6e1fbe7bfbf1e3edfaf4970fefffe3ed9ab3a78fff3e3eaeffdc7e5cc4fdfd9ffffcfe3fdfbefbb7a7cbfb77d7b7bb
84ef51c277b77f68f57fd785ef9fdedfddf6cbfbebfafaafdf7f5c43f171ac3ead3a9fc67cff1fff50f3e5319cefde7f7c7bb97db632befdfee9cfab
d85ddadf37e7dd15853cdafae38256432e7f1e6fbfbb7df8e963fefd1eecbf1b6137788dd6f5afab13ffffb5f9492374d50a1b66895fbdfff0f47ea5
7c78fa6e7cbc7d783bfefcfd8fcb78cc2c780365fc5d0f7ff9f4df0cc6d7b7b728797ff46e7c77db8de7a27af7fe875f31ab6f174faf7eb1dcf71ffe
a10ddf8dbf3dadaf16f7aeeebe7fbabdbbae2cabb80fbb75dfbdff787be288ae42aeab0f6b5d3cdd57c28f0bc1187efffefef13f37e399a9bfffcbed
b2b97a95f07695f79f1f363fbf23677fbf97fb7f37db6f7ef7e2f5d3eb975fbef9e3b357cf9fd6dfdfbc7af987175f3cffe2e9377f5a89cf9f3e7ff9
cd9f5ebdf8edefde3cfdeee5575f3c7ff5fae9d9d75ffcc37a7ff9f59b572f7ef3ed9b972bf57f3c7bbd8af91f3bd7faf74f4fcfffd737af9ebf7efd
f4f2d5d38bdf7ff3d58b55f2aaead5b3afdfbc78fefab31f17f4e2ebcfbffaf68b175ffff6b3a755dad3d72fdf3c7df5e2f72fdeac6fdebcfc0ccdf9
dfcb787af9e58f4bf9fdf3579fff6ea53dfbcd8baf5ebcf9135af2e58b375fef567cb99af1ece99b67afdebcf8fcdbaf9ebd7afae6db57dfbc7cfdfc
69f5fec7a57cf1e2f5e75f3d7bf1fbe75ffc72b56bb5e5e9f91f9e7ffde6e9f5ef9e7df5d57f3932ab8bffcdb8fce6f9eacbb3df7cf59c6d5823f3c5
8b57cf3f7ff3d92afd87bf96dc5f953cfbea1f06e6f537cf3f7fb17e5da3f97c0dc0b3577ffa6c0fe8aae0f5f3fff3dbf5c54a7cfae2d9ef9ffd768d
c7cf7f3c8cffc0d0ff30a66bba3ffff6d5f3dfefaebdfcf2e9f5b7bf79fde6c59b6fdf3c7ffaedcb975f60da5e3f7ff587179f3f7ffd3f7f5cd2572f
f7ac7ef9f4edebe79fadbadf3c439356796bac5fffcffdf76fbe7dfd02a3fee2eb37cf5fbdfaf69b372f5e7efdcf3f2ee5772fffb8c67575e5d92ae7
0bccd5cbaf313c6b885fbefad3ae618f1ba6f2b3a73ffeeef9fa7db1d2d7ffc5503fdb63f87a0df9e76ffefe9bd59235036ffe6e5c9ebe7efedbaf5e
fcf6f9d79f3fffdf26ede52eff8f2f5e3fffe7c5132f5eefdc2fd8a03f3e5badf916c3b4a77fb5977fbe78fd0f93a5d5f41938e6e9c5974fcfbef8c3
8bdd3b7db918eef50b3127c6fcf3df69f27ebc52ff3feec8cfdf5d3f7fffdd1695dfffec67bf9246f1f42beb18f7b7efae1fa4562cd1b4948c9ffdec
0c4b345e3e9ac4ff2edf2dc506dfbffedbf71f6fdfbd78777fff1499effad7bf28efd3d3af5ead3f9658fddbd3cf2121ff7909b2fbfefde5872dd1d6
c6f9f3ad883c7e7efdd7bffce5cfb7ddbca78adf964cc4ff575d4bc7f97a4bdb5ffd589dd9a948941e2335e687dfdffced2fb7a753a5fcaf6f5f7cf1
f47f9d4fe7f11472ecf5ffd6ef7ffcfdde780f5289eddf7bf1f77f1997db87f1eedf6eab79bf3e8e7f7de23fbfae5ffeebfee5f3a3e9b75f7ff1e56f
f8dbf3f51b7ffdf5f3f59b7efd12bfeedf7ffd65fd8d7e5fddfb875a7e76b2f2b545aeb6f037d4fbebf3feaf4fe7fee2ef937e761e875afbf67af9f7
f1e167bfbe8471ec9cfb8ffcaf4fa11cf8b3aedf6ac39f6dfd196baa20fabf3ef582bf2eebe774a40e6257d6f3fe73aed2424321f35c7f9e017feef2
ce9d21ee3e9dadb606e224514034103d80e8240e106313edd8cd8c3d3005dff4482281a8bb427c814ead2f50e538494410a8a5295b670a1a33584b44
fde8dfca8682c79504526620816f662481c64cd48f464ed69250cb642d819fb396c014d612f6e0268f4c06a136ef6f92badc3a085679e09b3ed8ff13
c4640ab20d12684e6e2412890bbf8920d4b55d6956d17117905dc0262ab3d55641dc58cf1e9b3543cc1641703ec10ab56ba0f04d4fece909a290e037
1caac0d2343a2c40a3b307b7ab9e9841687498c2a26305c15647a468e26304c1a213889999b2277134753b8150b63df0b315327f03b1a637a3d37367
cae0a7b9873683cf2606a9236feffbd75dc6a5252f8e4bfbbbb574d9d380e2ae07267bf1f26af4f5ec24ca1af7db39c7bc71489bc83bc784a9b389cf
0f91eaf01ae5db5a856dcf402cbbf99bc4f406a561d4f60c6c62ec8cbb2d20f6d89cca36f608ecc502a2fe5d36ac83aa02309e3588d87350ab889bba
bf084a8d5a0e169ef6c0875244ec227a12d1770a8b4860977464a56156179945ae7674e62c9b4982ba5bf640869445844d38dbae3715085409c2ff42
3422e79ab1908388dda8ccb6578c45ec9dad6f7d0bcf5c458c2d08a2883500211c22d6f485a8942da4420c22769bd4c506519c9d6dee6c2a7aecd222
7bd866dafd50d17b0ac25eba202ebb5266ebe8bbe6bda3d2b38bd84314d882812ea42862f735b13903cd115381034364ca84e4277bf463979639831d
d22c928b16113611445c36a16c1dd9b288b48922a26da28ad8df1c9dc4d8d98e260229ca3691a2022652587486f848473f459287fa213280240377ca
c1b496a5c804b24491999993487267736a6566d7db98b989eccc5c450e66ee222753dd2aeeb1cda95716e556dd48baa23b33ab5583fde5e25a24fb5b
55ef607f9b53d9dfa2460ef6b7aa4783fd6d1a9cc1fe1657c4fe563572b0bfcd45b1bf553d1aec6f75bdeaafba209da2b891ab4731a8b75baf8841c5
ec69de72944d285b58c4c3c4d8441431371144801f4e11d74d1c22f6a2ea5dc4e6efcef617710257f922c1a0fa6af3413c5513c65bec54b8efa83cea
0bca467d410dc2eedf4d60f360eb6ae30629a262071081fded1081bd2189c0cea002b0444217b11b4a61d01bc4ac26beb19e2ce28725df7b83243d45
9c0fc9b0084852b6fa8256c75ad0a039b01d2daa894c20d9c5c9ad75919f16bc13c268e7ed22b171d443f5746a2da9900487aed4536425a96ac1748b
8c2255541279239949ce4252254f65ae229599fd9b9a266e2b733655d445de4152eccdd9f92d65dd9c834a0737ab79d92397b94d4ea80c993cb788d5
b94cb9be88556351c72e504828fe1771df296cc9a5a3b4aeb2b7b0f39c5cb6a82ba73edaec9d39e58b483be514915182aadd322e27b50eba8d86feb2
2558390e97b795a1e4465c76792e7ccd58e1c6b7881b3e5279582db544f56acba6ec6119e8a25ab1676e7da69ab7525edc8c3d8b39ab155bff58f9d8
8ceb1ed91ab288bd45e52262f72a3b1bda1494b40766514d5407c5665c37b7b51244944de8ab89817e50fbab53196f7be12e2a8ac2d850e0ce1b26e8
e42eb0a8b6878a727ddeb0a96a7ddd20b7b5db2d6a6ba1e51471e528fab3cd6d451c70dbcbb4d6a8ac9b8b43ce6ad8decf571aa9fb6e663f3442f7dd
cc5e35c8f7cd3aa98a0dee58a1e10019795605bbecbf376f5711d03ed0cad878e0597dab206be32a3fb3c806120ac926ef54b158509bd2fb22c88105
d449609402b695d8ee7bf904557f876caface00e95302a1b1a169db2551c6cadb1539b4db5913c21d516c7479103a21ea3b24988081cb436c9cdb3fb
5b08fc8ce311c8fd6d49ac7591577e6b12f29caac43ae762f3a9dc6f36898d979bd62229f470f404794723b14f2c92820b27f145f2a05d4bee22f740
2fd6e1b711ba4339e22705f3ca8bfe2d49a54fa10df49353d62354ff8cc3f1221304640d0733278acf12d90a2a6115873d90ea6e15c95373610fa8c1
947298e4c8055604f5e0cc673e4506a6aa22981f0a55a54d82cd42e53017ec520907c34d4281cb67ea22911927f94daa19a7494e423a45ee5695739f
653789c35ac55972919593000307487d9b44d2e612a2c88171d65871ab5fbd67453c5b97a80ef2405da8206f124a0235904d62aca25a55b18e1a75b2
4d62acba58a382618b16c92271966bc5dfde984a122ac3fa56f5361ee5b9516c12fb61d74269d25f0fce2f0e3c67c92d88c4f1ef384d5ed95f7dcbf3
7a75bdb0a894aa616f68d53a403273a7c29462130995346a163ada5cd2114572cd55a56229e4a6d1a005a153ab5e2497ef4189d40727b4458ee4407f
d7f6c792a995ec33a9c841160d2261dc288d8d1c64e0aca53f30476b705411ba9fa9956e124b23972af2c2d5cc61a71120855a4546726c14096ecfdd
a960420b33d83856513589c48426cdfea436dc0f931005416d9e60c25cb42427a7bb1fecefe409a44ae44cec64abbfa7c88ced4a726342aa9422269c
94c74d73746107bb44c145bb8d642a8d2cc542e6c27594352917d86896eaaea2a057e6a6b570e1b9a86aac2e3c17d5e054342389dba18eac92dd0c70
ec1a3af6e83265cd532a5659291ae7cb64c9923997c9c59ed97da82c4b39e82623370d911cbaea5408fe16b9dff51bc4d75a926cc68de7c02636bb81
736ad458ddb8704a4e9f16fc774c6f3fc474777428879245424c9e5aaf77888da54c22f338a80a77f2d138780aae45a968e34a3589292a38a32c7292
177034da64630fd0dd71528d3ec9fbe39c9422eceea06dbb50238f2362209384f7222f5864e4d0116913e85c198b84dd8ec7fc454e1e5e3863235155
e9649c01cbc56a1565cc4838816471ca489cfceaccdc163a3965d004bb487ecbc378a9ea2037ab2e356b14b0464ae4df512480a9f98c2266ef4ac52e
b136ba432487bd3691937ca492b14097c4a922b1b85b1339d55fb68aa6d972a8a80a966c2717caa85c2885bbf122a18b50db5da48aa2e01fda61689f
da24748440593e1ad67ad1feb348aef56692fa8546b281f74b752ab7eea00e36da22bae6a80dc972a5c2a65069b68ca3e39cbd2a629b3bf75b69668b
6445dda917eec649e40d929e1ae1da150a33179158a081fbcf185aaf62ef019348c9dcd81745dea09a3b78862c12a26372719b092745cea1564d6dec
aa776a69f42412b34f0b581c176c83296b8e2e54bebc7e29176b57c917ba06aa96c685db51d0745f61756e3c132e924ac1a15576659b4b56aa9411ca
8d45eadb2c92d60eaa0c8b8481280566be494c1691389034af851bb7a3839bd5223b49d67ba31ed7b82d8c1bd5e5a86545b998ab86fdde28bcb5ac70
bed8457134ee54180f31ff9db6894312e9ce7dfe91aa0e0615456dab89afee938707ee03f3e066a535380f08a8dcb92b2e92a714ea8f8ba4fb2c32f3
c9cd597be60cf20071a5cc2833d23af57d4af0afbc576ed59d245a51a21a15b5eb1f26b1145261b591ecdc4f7dcbbdea501be9d7ea873a44cf56a2b3
609357720a8ba2105d4ca754ee309dfbcfcc34c5e87038e9e3cab93b95a761b54ad6dfcc7533693a2d956b6ed238ba94d824b2b3289383155591d017
cba992a9a71e9ac08ce5bbf601662eb4bd551e241749d14e769e14deede05179c20eb9d84a6355e8f23afc2d446ca68d6b9364baaa54f051a1416493
b00d070ab329eb62510779f0582adf2192e72e8d64e548d650455e2936d8c8ca29a3957d9393bca16f691ba6c56093d0ccba18a98237b22785078f75
5036c9ed97826191d0e9cba192b95e7b318956452a5b5366cd4ae9353be5849bd1b987c82431793ca83aa1cf4ec3e3114472242553e7185473b83b2d
926252cc40157f89b653245ae58aa8d3671ace37896349574574ec6529327342e4645abc37c991a442214be33afa9f223147312a337d1dc9df92734e
8db3d4f41ca348ec3ff4a66d72909f9b48c809af5fee3fa9f11836a9d3e71c94595a00e5f1222bbbe0cc5c470f12b6ffd2fded85bb931ac9adeca44a
b8c8c8a1533330294d0ac522351a4ed568a8191cd883b29c86d6955a4d62db373fc3beba2b726a45ab1e24ce8aa784e895eef25322961b5da6d728d2
68b8777291835da0c634b995ad6fd9c81b6d1f4d5db8d38e1eb3490a0a6a4c931b4e8d9afd3bdde4a798ffce63e749457591d0208256e89d0780b6f4
b84f0afe3b555e9a02523b3054856263939413e8d022b9edd199b048ea04745ba4fd3349663ed5dd54444a4e749214c034736e1267436afc9be46c63
c63649b707186791d4277a6223895e5943c556050a9553150519377211897de03cd84819c9ce5324a6b7d0ceb7491a0a3a4b8e52d34b1149e5b2b055
f07feed443242d5da58a4c948b4d24d5a92389a43619596f4207fb1955148f6167622abd71ebdb2a120a533e0f912a8addcff43fd110b449f488b69d
d44a53456c5521fee23cd92379b582c6aaa20b2d687068bc4ae4c12443ee4a65c9dc2512b5f6458243fb2156a998d0f5ad4830523e35b08d3a10d77a
a2d77c7155635194f4894ec3445ff7aeb78ba405a689c4c172b18a49f0153df5a90da2644260170641262170ba07455d4f22b1ed9774e85bb439f160
b94908a4d43956945e4b687691d806f323150a54d3a4d07cd14f1545cd3b7135a7761d144881a93cfb37dab4374943b558e5a6e5ac81bd3729146cc6
1de2aa7a8eee646f779052a4059314cfbd980ccc8c6f3be12ceb3c7088a4a580b3d0894259a99924c515a1139b644550a092ece5c9998318a9b0a220
2ffe619292be8ae44983f6e44d066ece2a8a5d08a5898412a44959a478125cd7a3360d2ed84e3bc252dc4cca7815446295f1f4bb48aab1d42f367963
c95924f5478d15a16afdf4b7742610d1b0496c29f4376e7270604d8291e81ddc248fe859248f16752de74f08fe754226208a3efd4d92f76b168915d9
55706a64c92e525e8aa06fb1d63b81079bc460d01dbe481ad86228222b4965a6b8ca94133d510948c924ed51d1243495d0d40c4c60cad1a4a4358739
37d5cb66f03c90094b484283945c9ccae9154b12d1d10f3543200d737796c1d845514e548d95f00f31a919927c551551c70d623a5a7e1a81606b58c1
65897adb2207a597f8b7d0c61235cec219d0a694ba60755ddc5dc94727c5d522292728443b6d2cad8bd9a54c87ee5488e7a8f5daba6ca25124bb2066
201a2f69fb95f93cd1e1933ad1024bd7645143a8899e44deb8ff7034c62423153683cef56c49409537d3149064305ea951a4d4388ed54587166e388b
c43e4f27dc22b52d6824af64fe4e35a75fe587e14ebec83b0756a994f48dfb4fbff1481e25726e3404652ddf1b0d9ba71637fda9f5544592b85282fa
5de629781ed238a820768a8d45d286c6ad7b1c6424a2afd2383b0daa14a2832ad21a76161568060cd08f17a97ad98545127ec8191c54a03251346bf5
72d82b97f388aa885c37089bad4714495bc7a1a2a26cde5c0b83aec24ce4ce22bb7c6545e48dad6207134fbff4916f9227e7ee54aaa2c1a940279f38
a52c1282bf6bd81789a2b20627e9f0c0053be8b1ccf448af5aa9c64a151d941b4dcb79c881a91d750837959ac9c1ccac882ecaa5c1b0cd34e4266ddd
32c62ec5ad8be4846aba2bb15e595da0b975a54691b4288ad482cdf1fca4e01f74d16577a861fb5905b38d72c245aacbebeccb832405c33afb72a188
8f06193650bb1a3cede6aaee4e5960b840c77445cccc235bca5c0ae322e82fc5a46d933cfe2c5250efaccc14843d2b95fb3a30d18ba4b32447ee12e3
4a25205230c8fa98723349cd4ccc7ea5ef338acb6e4d6761967ce35288947ce32657998aa23132956c92476371f78d67a7489d6fdc64cde0d162d849
c32d65f06c981be5e2d4a98c10ca4d5692a7487e4b0d6912b3bb44bbbe9597868d9c87d04d948b93b087ad538bac14849d24257de766b5481445ace2
222545aa8a9200a682b8482905caccfe76ea6d33507dec5c918ba459975bf70c6415adc849f99469125e24dda889dac7a456973b05b02c99554c38a9
6c95534317a5d357a742984930cca4ee737e2795a022057102c6ba241ff979262a5b856b7d66a92a1a49edf3f4ff2c350645755a06920c7d35f62a92
7e624aafd97ec0896d0280db2a6263b9bab37194d4bcb61b2ff0c0a636c0e8f4674029b9c08de63a5d06114b2288bd0aa236f68a7be022809c3a4d01
8776a88c3d2e449d6c62c39cb253560b2b25cb84165129b0165136a19af6165a35076daffc9ad50bea34a5398de394d55e9aa688fbda24a4513b4c02
d71fd4e46d24c8d11fe2e41e3c220383a00e08beee160081564c70144c11a6efe9d86c598aba44945854e593d07b55b7f7c8129b3fdb00b5a88902d7
d47532fca41c5f79f70cbb7bc0a18933db5e7ad5833431a9516da6afa9bab35b08679efe67d70d05aa1f1318d04ccf52a241353f92f2ae3a8820df45
5168950999c75cc61e676a738bd870356a9813008d9a5dfa06ab89857ae72c9ea23654ffd06ae80029ba8182591fce096da94467bda0f9a6ae68b288
3da9e22140434a5013b70add9abac98358d32476283ad163a09dcf8d16f8ce5909bee398083edbb8af4fc14bb41b2f7283e8b356e7f80116ba09c042
4f11041251735ce41ef5e22269fe0b2e72a2a5aefe6270e926380e4914064285601d17150f3c69513b089b3c550400a55555ed255e8a1a4f547c6d26
31986a85d6b50673743651ed801e1883d360b013e78dad08640fd65eff25a88d5bb21789db2193916428d416696104123709cd01686773b68665aaa4
3dc3e1d0ea066678ed316a06358e2a16a22d289e55e54ce065d5d529467439384a560fa6d06312a5b8ea53a803f1a28ff46cfa0ad6a83b69cf813631
a07d8af61da079ca21c93621f88fd319f7746bbb9e3ce404cdf7840c969cc3cda6aa799c44ff6a21cd4e71a27670214597b157b17a36f7bc558d2c9c
082b9fa9bd13686799030d8eeae64083a31a4c75ba3cbea329f7500d540baa336ff9dbc42793f2d723b4e56f93a0809fa16be660a72b4773be8caf3e
e930dd5937e3489ee0ec59640f581419bfa8d59b01bc49cc2d7fbb16f1a42ea6e31f9d184d8a195c1842336eeadc9f0511600529564446a5da9dc80e
4551e89078e342dea8ae010bb28918bb91ce077cb08bb8ee14978e0db0b8eadd60ad3162ce65f222e8bc1c929d449dcb0442d879e3896211952b5545
7636510da1cc701291f79212049b5ba10278a1c8bab1a8c6ac6a0c4121d5ad21c4bc3aef159bbfa9bd1e654498c4771d92e384772dfd5eddc0367e7a
64a00dca1037695f787483bb7a3b4d42cc14539deb50bdc489d9728628f7d3f307d97114d77f454e37f5869c6eea1d6d634e00e28b4ce293d08d5435
6f049ec9e4b2281a5568be207afe3cb4655f1baf06ba1c74a3ba0ea8981ae22bed85b59adc232ecbf9a2d0f047153754e14231fe899dbaf21e839604
f1fa322b2e0a032e7deb0ac3ca2155f3ba9586726a855cc1624756ede0b0b39beae8847a0f16b3d4b862573ab2ebe3e01751e883fb871debc82e0583
af95452ccca19df40a41c81b909b62fff4dde04c685e066e6a34e7aca0543b183a267f3730ba6a0b94d974fa3b60f125aee14a5869ae01d07b1d3a78
4c8ed114f1111e0a6a3b5222af109a3ad82e2a234d83bd39bf4433170463ec4e6b68a8bfeba05cc34097344cd83489b44bf4a3ae528e4f8be5ebc415
94ee0fa149245781fe6aa701b068e58ca24e34268b0a1827e764e7ab2876be89caa04e515056b51dde1a3b9f44e15eb054971b968bcf7f37bad26a75
63d0fbe8c6e0fa55f487e884142718244ad20672e3ad62e92fb7ce4ea86910c1495b2760542b4df551c74ea62a72fa3b5c5469fe8eace69c6ca73ad8
b9c835305820f2102c8a8ca73e0881eb51b3b456bb09274ad28179c9a59e4e84be24a6b9d11250b4986f132aa0e4d30df2d9278c9ba026d959890051
477821cc4345711d9cb667aa16530394734e54a1b6f9a287d886aa9d58ea4ecd4ee2ea4ed52e9b02f24e67b23b1dc71a2be2d0aa06e30e76ab5a2577
30988f4d0410b4f35128da9d5d0c364f49055c002a3e64e302d09e0e97032d515c84ab35db65288a7d526b6010a93232dc69d3384c5143754e9c1224
4a81322e560085749050ba13cfa93184c3b2d83470a70610fc1d3be11a2ea0d441de8610b7df792b2fb84cf441bc7f272e5932e9ce6b6a12a577c263
93278db6dea66d0ca0bfd50bd5883bdb67307547940a7d480ba415d03b6366784a891b3e8bc98872d4bacdb55528814565504e6ba843634377743033
4cdc4ef77c4f5e59296e00dbba672af35257a0812cfb5a17626280dc559edd590baa6ca22ad24c013ab101499f90d299b092d5802e6a823a44ed4304
fd9d9bbae3ca7d20d53972515400e5b488d6a8cccd702bad88dabda060d8147ba11a36fb5544140185410d2e93ed3c45714c4d4d4c86735e508ad36e
688b6b0733b88681ab8a6ef5608fd4b22d185799ce0956385426eee733304366c88645692406fb600a7df0080ef4e1505b06fa104c71e43583037df0
b86cbd38d0bfb2a91b65843fbca342254e74c90dddecbdd29473f3b390499ba2cdd41c448636af4df4c22d9d0a67a2a141b083f32005b375a56cdfd4
89e9cda21064a11ca230f5d9540155445598695c6643295114e24014530369ae6f82729917e43c45e116664aa260082aae8fccac9c1dadf677605f5e
08d814624314d5c79b5fa75601acf2b5ba8334b3b4c3e50c7ce9ac6ca9eaef68696ea2d8527f7743fdae1126abac34b06c8dfa6ea0dd5165826529e7
33615cab76f51e16d8dcc489e7e6cb16ab3feca8420d1d18e0a8291c6876d6e00fed4f2ee68a51741d68b7fb3438c2fa70b2ddca39d9525508beac9e
7b04d9c8c5147ba132b772b028350df17f882ade1446dbfc34d132716540708c431da4c3235549cbb0b77cdde7d95404e5ac19a10e9c56775a3b4411
eb76b898890f9d7801154521fa4172ce1bd23e79096865a59fa369a200c08987782174365ca56e312bd7daa63228f57f736d3c348901913e7840db14
a2396855868e700e398b429f8a6b679f5ce6159473a24f9a35607fe2a1351a068754ada6579ea7fccc1035314bb6c11b1ef3e9626edbf8a1858f1bb7
314b42c2f3d40f57386194f1ac6d161236705319dfa983341ebad99b85620eced990666a80523bb70c5c39d5250592ea26614a2aaee286ac1adfad7b
0a47915ba4f5485c1237eb0927b129363b8962b3a328345bb2243636bb8b42b335d788e4a56b549b4227b46222ad49d5655e698b7131bbd95dbd8f5b
402e4a590971ce92ebb89310bbebd8f2b25b92e31e57b7148a08dad13531b8bca0504b9baac8690ac697185de8c0871ab6cd88dd120ab8875eb373c2
7a9aa29b4a60b784302293758b76b9202dcee240cb356f407ff52ade8f88e2d13d379b6bbb779db837f9d8c5600871d6bdaf0134167b75ce8134d787
fbfdd96957e4f477187ecfe266f66e9918c1ec96ac7172f4d5cec9d157070918c95d156ede177868533021792512437b5864206cdaca6b6a82521769
2a6f52b122ed5df1d1841b49a7de592e531199689564eae46c259101895d54e497456442a2b3a22f5a0209a7a8c35b58122ff743a47842a99b7d9339
8d5897f390de971466c15923120fe74d48fc248a6f67dded331b241ca5cee334d9504e153598788abcb0ce26f28e48651a309c8a4ededbce8cc6950f
b716c7f795a85a704a3a79cb7793882c96b5b525c616cbda30122c5727af406f1231d6a42d319c5daa9e095a5fbd9f10141d1eadd8db79b6b8076e30
277160c26128746db609b6a5d0bbf3ee00264db21960a0dc24fd09298c31b81238bad9bc8c23bcb6828c13bcc60750c3a201c89b816a3501f5f31041
792aa2c2a124829b80080853570a2364f5473042567f4523a43eeb82952a2b008e51ecc7f05651029268c728ae6170ab1add309ec7b59320424370d7
360b2d7ddda5ecd3838780baa55bb68565682e622bc19a71dcc3da3b1229dedd4d52ca00ac0c4d65603fef621cdc98256a7213706b38dfb682b87888
c5c3dfc04c9a5d17c37288d91097aab8cf38cbbb74eeeb1a38429caaf660defd3adc28c8b628414bc847d47e4164a7e54826c2fd789038cd444e00ee
fb264bd302bf7b32c1b9394dd2d7de45310e973a817057fd7499f400708c84371157fbcab0d37042d37240f4ab1ab41c8a22def93b44080a2230ec55
04bd8ecec78b11d11530be92564e912d5079697fd1f0968123bd765522e25639fa9061c79a7bb8e733797b2e035189fce105aabe0846b27427b0ad79
3ce9266c4e8229266593bc92af2d85f7edf23ef67d522c17df1550e3266d23da120b8306755703bbe9e93408a0ec3a39561c804a575f53e32bad31da
6e74c3af47e76d98d5248af130b4e5e1ea866e636f0a56001dfd701770515914ac00d1c5c036139c76e7f8703e1024b4566d958c12ba125547673c03
a97dbc525892b4ecca6344f3a7908c126b081dda7f28962e608fc866adb5e1ba982b38c2d48dfb9d49e20824a1eaa07f550480046aaae1dcaa624800
a8e5448c25e92f15a170b3db3a7954321521c0f4212f195aefab333fa2776d6a5b449b0918225c88220fb914b287e69c68c55373dee8d93b64150258
aca8dd0c0957e3e934fad99d88d3b74ba1fdbd3a271dfe4edca723d97d08fc3ad4ec26976f15b5f73a2d7220c6bb549fc69061ddf9ae548e45c18bd9
5d22a6cc4cdc0802b5e5a1c995a62e609a0eb11003cd1cda6588042ba9ba1c5ead3b4d4223d5ae0388d76985afd129262626a82be974c46002e57c90
74a9a839dc198ad3b833388d3b833a49c797d8a2d1f1250e6abc2794343a0268e9ace62bae5d142cecc5390b5a1a44b1c3fe8e0e8d226a70f31785e5
25f9db19f52aba1446183a45d1a6de44097ead623aec984ea42d36390d363f17435b6c74cecafe5691b069b747a9945a4e84d44a2e87524b8301f5e3
4c9fc471645d1f535cb6cc60a93568a3ecb4c77a00e8a7ead291810e8b3e63031e16ace6761ab034fd9ddb91e766c0eee659a4fdcab321fb951a3361
d110a31071f6d8d23bad081e475911fc2123c09cce4aa382cb81b9c39d9a307068fe093feb5a3788991c7b731a56d8a93d0d811e93cf71409225abea
8317379ac4eba09fa849c0025a967c92069c2cf900cc2b788b03542c54d390243a1847231e3290136116ba440010665b7777ad0479467f0b2885bf04
384904cd9b2a841e202f0800c9baf666a2dfd3a31f0380bce60fe9c58c4e84de2ecd8281a01e59a51d4823217a6c914e8508284e84762011c8d8943e
e40a2da6419f42123651f0851653bc8cea9cac5ffd9f120f2e94bc5344f18259f797572c08f2f514205a670ce2fdcba9d3ce847bc6a7c449fbb6db43
bdb2b91c58e5dd0f4478ff81427066c9f5c9e8cce24f5c5c8fb65d018b166db803162dda7605305acc6eb74e1dae9ef7305a30999057c3b1277951aa
03b1f1bd928147eb5ebb0c937cd8520b385ab2711278b46d393049a6d7975327685502d5c0865bde6b0a491b37c065b948eccdd91ddb7313db371d5d
fd66f7aeee13032c366668ad6c6e002aac4ba10228acd8ab7591c8efa2a0fd69282e746668dbc4f58de01e2018e9362d8a82c958a30df457910a8b98
a3eb90f169390d9c587d94413628a2c6238ce9a6d057ed364089d54743709a971118774abaf616c427eddabc0526eb4e827de8413110bd949e8b1e51
d04e7ba17b4dc7105e5311286a9314fcae842ca972686c13d35f686cf3773c96442dc98b8e25b2751078761ed26688350b7663016b660b2aa066a5bb
1806708fae8472c60d0006c04d259cb999e2c43327c29885ace110d22c889022dd4502f67e8ad88b4c6b15a0b3d29d6d9f2bbbcbdbe7caeeaab6c7e8
51ef5606c401c4971dc9650319d8dd0a5e78d1dabf1223231975a59144c3ce580f5eb2049879832388cc3ebf2b3d169203576ab4ae80315a1f697bd1
1cfeecce7d593560e36926b6e6e1711c50dda5c85fc973b6925c79b14116a6ab0ec9d299000dcbb2915d89743c5d282fbb1c4edc2deb2e656f88e271
80bf4a90058ad82faf9aaba2ce686b27f8eb31d6e429cf0358cac62f20b3f6550e759747977c98848f5c928cf82b6ff3405c5599d601952a87985f18
27299abc8f55b29682204f52906f049dc85c4c9093ad740439d9607023e8a4ba0a28c8c9df4195539f6ed2338b28cac72c8a3d12c52d27eb40440454
f641ea3678fe3505ff5f715685c6533706dd814e8461a14a5edf8690ffea082d5e36660a5895b50ddce817107fdfe81790805564e17d0fe193929920
acda5ccb8471dd23047609c95382cb2eb2d91259756831004b55c5488c5b50ec8812402a8a91eff4f08b5befd466ecfabaf3e29309c0ec5ce8161987
8bdcd51d4e51080d97bf05b5d89f20a7d4c4004239f93075a75da34bbadc2933a4d8319aa21d16c439d993299c93b5aebb03c9a805d45dcfe654ae2b
5742ce5241e22c09562298ce439c7547a0ed189c0811ac6236d3e1511d10db75abc578c7a508f77fb358ed4ed92258c2f9bed9ab1dae687b6d3db838
f068a3c125671bedee143a6e3a848ebe017c5f965b40a47c7c0042aa496a011f5575060220cafea13baf5a5b55bb4fc619482637f8404204912b6d46
bb6f31d5246bee124b9c2546b9e89c940e685467f11d57323b95ad0e5c1443b66d0236daee7c5bbbe29077e09e180c6a13fb5416fcd1562529aa16b1
5726ad6c1df1e13a59b8031cc520a89bd8eebaa07a3ab419357b3369274774c0a47a740a45a4dbca00723a7af483b77da54a7580a1744b6e53500d4f
b58431a4e464ed40439d04a36dea82acea28b1d2dd14fc76dd39f1b6c8a90ae9763ad52585ef736b069169ee23f0d1325b33c248098f2fe173ecce09
fcf7a31876ca14fc5187860348ea70380d7d3a35fb50e6ce477dec93eb83a9f1d480e32050840ae9404715c1aa3ad051a7c059fd505095a61a27fd80
1a5346c0dab7453e25843bb05385917a36d55089da3ad947a771a65c237ae52986da27e856e755613e8bb1299a78689a52bc7401ec3a1058458ea145
c1414801d281c73ae51aef27af0e9ea6f8f2d0210a9d084e4327285214905da0bd7e36dd447656043912a0b09f0ca928eb663f79c3a0bb71b8e1a709
4004c522f45f07d0a9a4a44ec1c098b8837706ac8add54449aca042fa6ec52600974edb01248775b14c0d5c969b00476d7c7881dd5856285c97ddb4f
e2faa3f3425d4fae919a5dd2706c06b4a3ab030555a46676068620607d53b0126869328e7d74fd40f9279749947f7529d8d9ba3a45f366d3d0d0bce9
a9c1a13449fcf052b80e868bc2e58447cb60daf634d1f3114da147926840569d3a50f640e8be246420745f523ac066256da9eb96b93c1d8b4427a872
77e0acd68787285c5590a46560cdd8fd1d9add5d3d9ea848a660a091ac6128a3a2f35727b02a7655d1d96e7dc8934853158a9de60ed32a7648d607ba
6f9b7a4c2da3b9541e074e93e84772b1b035771783e3697097197e43860646562ad5a383b550ab0692772dc5444182d93330784248ce0bc87a7539f0
676aa5e809c2a2f6d082f6f80eba6c716ba085670d242f0216970233757229bce4a81ee3c64b35abf0f640d6ec7061684503cd750ab3b328b8524e2d
f08095210f6d678094da3c7570deecab8e9f14d3807e95ea996390e4e4e6507937ebf2a64175ebd8637f8893951989f70eb2bf438fbb73a2c73c8c2a
c49580b27e2f42db54a48e4de719a35f1559487be4250489fe487b211daf7a6642deb2ce271d05c4ea51d7c0b22ba42fabbb5406cd7a64c6413db992
3bbacfb189b2206b3d469ee52446a2de47945e0568569162db23e1d66e01e1d6629c28f3be6a241b7b670030ab06c9ed48f4b54787e8ebe22a805b4e
2e14e86b778ae86b8f0ecd43c5a50041ee0e136f2dde8cbc4e505c3b6f094bf84722acb588f056e5fa508d21de5a523bf21a80a71847ace0892306e1
41a1faa2c6e0ca7ad092027c6ae53c4431aa7f71222a146f003d5583380ce8298587c97c286415e3343ca4c9536e4f745727531835adc5446f7536c5
4e3451388f3797c9e70834c08906cbec42716c2afa1006cbd34d03163b24a7912f9cc690461ad2446f96fbcbdb03d11f32cc6c74221aaead81e18d6c
995458b4dafc291f1979f4797398a27266c64c5b4d572f876a51fb089d96c04b3ae43f8add935c0e678505b2bb8e1bd2fce11d946695d069092a40af
42919a9608a4d6a60ae4559041978ff355ef1388bb546b731accfccda5a04f9e555c66111ca703bf55adb200af552dd180d7aab2cef0b5997834b79a
f635699099b704b45103b115b671f293623acbc0d044011cae7d42882ed5084857c86a5b2606236727c2912f719785c1682e150e43690a99570aba3f
c43c555370113ebee33ca946822eb44b645e29d05e0b0458f5dea7775fbd85000216cae1c4024ae3060f8c0c9a0c7e177465430f1416f91cf84061c8
d26001ee0a96fe447365694d99170524d009e7923b8e8f110601baf816a12214653e4518b247863af221c528d3ebea196670440baacc1868d1434533
baf08f8ba43b55620ce0ad66bd9870ad871ccb938e26b5886f4e56d7b2cd1be95109f8d1538e1bfd49fd2abc10200184d0abcdea2e405f5100ea4545
70f5216adbca0509ea448415dde2e8408445f9763b1061cd8714bd99a83ee9d1c46a0a5dd274e0d9c496c40d04921d8f526e48730dc0ef69c28b6e00
1693f4fb5451011faa171d807ccd231f5994d19aaf2cb674b8145c15d00a2fbc2ad04da113cd3939136a281d80b24814b8fc0e713f62adb524590798
59b3065f7855402b116f62b4a4a58010eccd4714c4636c493212f0b4a8db00bdf0768b5669219fea6e5107562d0ac5d981558b329a33aa633c1e1fe2
86831808d8b528544b07746d872e53db883672db0816d04e08ec5a3c1e39f5fa95ea87d9ccc79922bdd3cd5154e3c3c5a2ad9e52c53e3c5d2eae1968
1c2b5e87737bf81056ee12f015b70e6c130092adbb5f957710ba7302d8907e823a5de9ba148701e416b3d649e5250435bcf21282f80618b7ee5da30a
37e9c6e02245729fd8437dd7d943d5800b093ee700e1d66d1102c02dfa400e7c5bb754a89bdbbbad5378d6abdb3a55e9666aae9e0a450c263b5a6a6a
a0bf2e953d741a6eb824b7060b5a2c46605c2bc58da323520d18e894676db053fa108e09ef6e959e7129c80848183cda7b2dc42c4d079148bbd99d81
4815576a930cadeab1a157546a19d075a7028d653d6aa65053998f9a751b96aa02176a4b01a22eda9289970562f7e44c78f13d5440c77863d24b353d
bb4a3849aab3d249e2345c9e3017612d58634208b79596459d28a5880aa09a285c00d14a254c4f31d832e3b2c6aec1414cb728183bdf658bbdfb4336
d4141aa3ed0438bd28ac616774eda22b998b646b5421afd5482e237e5bb4751201dcba7c5fbdf15a4d772918e0e6ef2628f5b7b369ce897b34cda520
864ff7d08017cd1b04fc95a05317c3bdd528c378930fcde5ea91a8e6cc996ca67e0d5cfb91acc62b4129ba9783b73a3caec4ea78a7e22375b97b64b7
444ed1949c5dca4a4fa9cd620008a6e8aed1536adb170082c9361c02048b2e7cf6a64b321e075e921113123078587368bc33e3f9d32599eebcbc24e3
59da3c9ae490e2f3bf3bf11449884a736a201944468e6713c92dc489bce3d33eed2ed44b7d87ed830c11775867e8ba6123d62102f1b0a98f10c4a2eb
e07cd62fd926d9656cd3307506147d7c4acc7bd3baee409dd9d4d9f5b2975c0b8021265bd410736eb741d56c199c6c0b61d4b9c3fb75a776ac1be3bd
0b822cbb1db186a770387a77d0578d3ac086c92cda875c012a69e04a5031855b3f3a0ff2eda9f3906b0230c564a31a508ac9a6b24eccbccec7402926
9b6e80524cf20777a01477a11aea2130b553efc8ab8e4cf54b933681ef2ba6e80cd016d6e5e290ffa5738d9819b0282c618070dc5faa9b93fd528326
a7c1c5c8566e92ee81ec2f89c3399c8abe64f33d0e8da70f1188cf97753555af3f9e3e7e0c7a367cde1b746dc813dd89903c0594e98cdea70bc07dd0
d521a44c4700bfacdbb15d21fb7a71418807230c496704bf6dc11079033eccb5e0e296980850cbaccbba7df0c97bcff0e0353361b63aa2f5e5a81926
b632fcf029b0958f5ae09f0e3f543348fadb0b49351fab203c3ac707656c686440bf54c4a0025c06cd243196397b2436a72f75c07981669234e34b3c
4190eb4ec46548a753d1a6145cd095a96a04de92b65e35685fd3ad103dcc59058658e41ec5600333e2026e52256d0ecee5919899a84600ef50920baa
a034687ae0f3917841a23fe4d30ce200203db380787cfc330be9d981f4cc4226e925d078482b22d4339edaeaf898793cb5272158a022996faa838aa2
06a89f602e99748fd87105cc686e0f0a6e1dfb910012cd42dae9b1d1683f161f1b8d599607be62d474d9be0318aa17c537b5d1078f9c70e807115bc3
7814098fb9ab230050bd0700d0a3c80885622dbe72e420079da1ab4f8f0c7dcd12ea7801a984471adc941e517a901f39b97b695f41f8c2f5a11a2da7
b13633be8d743a512fc56ae366b8c1a4953a19472b3babc2a08a6210e6c389d065aa16c1947380141f4d2a82b0773c8ba4d8ec990fae06c16a3a50a2
a19c4e8301524387e081a19ca66858e8a27042d76a4654c06ecc0070a15bb2aad03df7c96c8cb0804980b07ef1a6ab52853dd0ee7dd1c5d64741f432
647f0b079db5044242e572b9f04e902406820876ad4e8410ec32d503e5597c2a02ca539702f8406c4f2e0fd112bbbfda3ab9a406f19e92040478e647
465caed67ab93040a5bb4ae7bddb4b485d77d7b8af457f88e8c4427be9b959c5fce9c469ea22572750b3786bd253b436c65e15ecd714cd4f52631912
d08e770601d4bd8f7ea5cbfe51c9449a730221f2680e948dc777ecc7210adbb37c6d576875a75c8d04739e6e1ac080766712bed9a2588ff8cd878d89
b1fd520d2e08ab4fc0cc7ea56626ce64943e5d03ec0463da92442ce6a35462314f9d0eae809aa4e244dc669105e4ca5742749455d0beec9c70296757
08dfb7365384e95b94868a3792f227c345eface88536f02b6f2b499f64d03edd0eec5722a724331898af3d460ab8f2544ce1f47eb83568b7b442223c
9beefd7446df5beb90bd62f83ddd1dec373a1ff52503eed904c7c0794d88d3ce587959e0fdce5879d65a6f602b81b9fa4d0e46f519a1f38a80649db1
fc8b809d5d8fb3e92447e8a820709dd1f20461e3e3cba5b97570b00b05d7091d6d6e2aa2e50955d7112daf0822d76fbc146b6c1990a44550363de8ec
a3009f316dbab1d36fda9b543fdd48da2201242d42eb7500498b3075fdc6f725ea83646c5da9bd0ab327b188d8791b50a38e108964af2282e7156f0d
c074eafde14dc191e7a6c391133caa13fe302da41b5f5e48cd8522fa942772e2a2891982af237823bdd13ba9110056b406ed8d808a86f39186105aaa
5f6fbaea06d522d1702d4f04d35bc5045108e85d3400775e91d5e8002eaab72537c591f387b859245e01787415aaefe85794e27ba723d1dff15a5c71
cecab1514b813a36cbddbda3392f2f814ab2121d5a24f6810e0dbadadaefc4983fd2e09111b3001b5aad50dde991d1a2073ab436ede9773d71d35d28
6e663caa00483f382b1a2e450148d0ea554528a895b6fbd0ab5f1a38f81f8529ee80831ad6cc57c91da1ae1310ea45c680795e47c48726f7178c6ae1
007c68288f1a1ad29c13fa8d271f4ef4220def2e6fa4d3d841d7ce0eaaf3c292b2183ee753f7faff94ac1e809dfa52c9c0db6a8141e937450427d7ed
000e75656da2e0d53b4dc1ab477d66305c9f4cf703b85445a1df141cee5c4303c8d4c0071132df1d5284f24da1c3c1b5a3c38f1e724695b3730a553b
81d21aef01e069159278f059e3ae6d9d4fc7375dfa1b8096b614d46ec4834a8f52b74229d3fd00b4d400a6416869c9ae63af8428dbf900b634ca763c
0ebd067ca854388474901c009ac6e3510c594a63e3a5a05e019c2fb0fb00d2b4e9c43980346d0c81ba2938841edfb1532e141e454fe940a7821b03af
5617352950d4fd89669b6b269bada94148b3e25210bc3c99a3265badb100503a794a275aed59939925aa138051a70705378a4786ae4ff109d1a25967
e64552372b4e85b43bb8150f003f9b821e0c04e2ebc2d60ec040a3eca40330d0a8f3e1000a342a50db38e9d5399d867beb9a196040bbec41e3a41f27
9bc20b0cc514ee7f6a99002d1ab39b0d7bb8a2510e44e58b0a033810952fca8ab128f6c1a5b00fea2dfc36a77bcb174eeaa31876425dc29d46797ec7
a9cb445ab4c0a74605ad1b27efad6a99009fda85001ec0a77641900730a85dc0da410c6aae8f440c70d1b029109f679171d38a298ca9162d60a65de7
e071f2802393f520ced4c0ab01a069172a6500689a74621d009a7649db4575a49982e3468210d0d22ee93e4efa6d9ac666b3663a3cdf5b2e3b4ac238
e9b7a1096f04c68dfa0958be11e8d4a1b16f043a75d44304f4d39b959b62979c862e3553704c74e744b08bee32e9a772da40294514ee9ed21039003b
edd2c80660a75d9be000eab40bae33803aed3aac0fa24e5bd75800769a646119409d76691d8330d307130586e5a0d97e043e2caa83ef087adea3fb53
44e9f048f13a407a940b23fea3207828dc58c64e4f6e1e14e123b909bc98993cca8cf9a093d900d234450f904e668f4446c6f297f0afb8b57ae0db93
c08bdcde1b08363d92a781ee20730faf00270f20fdf5c1d54c355f4dc21de0683ea0fb32790a2743674a0c010cbab1f0fe74f27cea545a3ca2eb91e9
dea93718d5fde99d79d9596040930e13230ab8cfc3f64034c0a433d188c2ea138339800255c8f24d11acaf4d8b30d0f3d0d6201c68a3d364441ab0b3
f3cafeae44fa6d14ff6a20ea5f3efc6597fd5d9f6e7e5d894514cdefdd24cdef6a6ea7f9bd9bc47350c15407e52a695796f04218c04daaa7444d0b80
a5e7108377dd4897a590540308533d0abc29598ed59941cbb19a0b0e8d51b3167935207a4071ad53b7950790a3c513011dfb30416b89285ecdd34def
112986ab4bd15bab4d4d87a5c9fa61a40ba5781a204f4ff792f2f4743937c8098dcfd41a603f924ef6e25ca0458bbc5a838fce3ab2ec488c51a3f309
5f8b2c8a1432f8369b23e40e804273f287b80d514ce12cfd13807e4308519ac38710a2a614cf5c3b1a40a17ba293c804abbb1a070b41f4875bbb3a9d
0f46eb648af612f501bcd3bd4d242aac82528ea4a39b3a05efe0a33170072ab4115fca4cc7e33b3c3ba031c4714cc28a48d1c305e202a4b3f1552897
8efb8f6a24f44f692000891645091c8085ea7037f848b9a3228fa4b8691e2020d685d4d18b9b8a5c3514574f1c02b4e569251e68cb35b35d144c68e2
bb4c5c305d1b23eb18de444139721a616a55a5e80aa76aef8cdda7fa3a6b4fa2c090d2b032e37f3f4ae14148944e172a936833712e908fa13c7242d0
675701109962420fc01b932e6ff235d1743c7252c13185802b527ef0e87b7a3414cb3e58f41107191f0dc744c528d99cf51a9d880d7ed3fa63acbbdc
3da438349c26f01e89fb8be833596d01ba263b855157d4687181661a0786472311f9e93085e875e24e00278b0f6b004e0a9f33809becd9f9b6d24b6b
df006a92ef576f02412724a2f8186396077214daa9930bc1ee999c06274d741a5f87e3c801fc5804131f0caaa74846a3d0d52ad95e78cd527ead51b8
17255370204567e5fb79aa1e7ad5a98311e3eae5d05c3f5aeab6116bf0681bfc8756aa1165afe86a3a1f9e2dc1a50e9acdd570e20e92bfc3969afc1d
427b26e7a478562fe8067b7c0775c043039d29d79f00e91b8cd6e7f375c176e6c328f18f59e1080783f7c97e380aeddb525618bbcf67e8c2ab6c3a0d
14dabe756a2cb47d5757210bbe7ac5a7bc9a39858f2c9c2e1557dbaaeb878e73ba6dd891aa73c230ae8db6c89ae9d6e05ea55ce9a3d22e4eebf6a8bc
dba60e0335e93841a3d29a69f34ee5d3e1d114fc12da672befb6351703b7848e150a0df84331f04b04679dd46045b1535914cc90c12dc57dbd6a0a3e
0be99c9557e8832938575c1f210a128e8c0b6863479530aea23051cddff112843ad8d5097f88db6252ad2b0defc1c5f012928ba1aee0ea6fa0540a16
8deee00dc608f4b65e7d7b431454270f13af7278b479e34d879faabb1bce097781b894c8481fa92ac1ec56ec80930ce7a350343bba1836db6958fac5
83cf45a338ad0318ca62310e0865691e366c05ded22af541ad6fc02b17a56163bc42cf3d3683669ee15b98f2748ecae856560081b62cb60a1a6da921
c6a2b1d91360cbd2ccc2d81fdaa3145e882205b065f1b6d578ad4d4732c644cc42f28fa6e74d4cc1ecd95d0cf489471add13dda562fcd552bc8d7b66
5d24e3f3db55216e47e32b25e2b046066f32590160194e5742abbffbd1e949e9a2e09010ab343e4c227ee723b941e245afe47ac41b23e33d3e24e3b8
0a28bccd39a1f0badd5038cf4fbf3dbbb33264964441e34b255a6f0cc558040f188d57e73c1f38e62c254f1de1fd38ad0e2231b32ec88dc625503c92
343f35a7f2a69b960be095be213780ae0c8a85351a0d9c66019afaa329f82ba43420e062288f5230cbbab13500a65c593992404f061fc23a2f174956
003bb904802978289273c260af4db4536a0b2e313a2df6da373b2df6d959d16e3afb47270423ba31b0d827a74135cd2e13367a69679d5679edf61d17
869aec080cdbd8a40801225915f7640822a9e01583511cbd1c11c571f557d53354973428c0277d937930a463d68dc401f864288fd6c0d390dc1af4a2
b80a06f2f277988ae82ae073f3a831aa92e69e20cb5cb4fc3a75f1688a48074fe2e0d4a88b747a794c0767c6698c46668a0f7e56174396721deca29a
ca10e7fd34893e6a313032647b34ee4639ae6ed123e6819bea96460ef876ebcb9d267c8f2a434f0bf53700956cc95da609df3c8d5028c95de6cd2633
0eb59656fce11d35b27184492e795045d2d9a3bc804936053d18404936055918844566ab9183af4809563e00846cbabe3e80836c0ab33006a1455ab9
83be2762a20640914d788a015064b7163d887fef6e0eecfdf6130022d914a879201a654b6e1b6f2925538ccb94fc21654c13c5c8a5d9e4c060999aa8
514da5434b8b15d0c9961edfc1f713dd1a744a9c346869dad7be3f29ae89b1cc429e0d3c95dc144a621071d96d3ee0f3c882eb0dbe8fac58168b029b
c90831e8d1f2904376f7d34de73dd4f2682d39cb5fa25fc969ec97d2189f5bcb77c88fa04271c7e9d10ddc71125e6d0087d97dfe020ed30141061f6f
f6710430cc6e1bd9c0d9554887015066f7f1070f3977e18b060273f6d3dc805b80d91ccfa0aad539e1a8a9ae019e1149404039bb6d1f80724601dac7
e4ebdf5af1847226abed78e6b90b033180e4ec42820d84f0ec02288ec96b51d185e25a54751aba24960272b30ba235261d68d565c2f724fee673d1d9
f6e9d988e691f387a13fbb4d15847516215d07a27d767b9027917dd20001ea4c82838f499c9f743e44fbeced9173b75cc88a01c467b7ce8b57a9bb1c
ef8300d0f62813e6c9d3b5c337221d9310502bfcc080a6c365e2ee9315fe39e01a797c9728b554e8600735a8f03c08e53ff0be75b71a3b65e0f177e8
928428c3890a10b12874e9510abbe45268715543794bcad68dc9d015b66df3b96bdbb7186af4b0b377f2a916e9b8934fb5d8fac5c8a3477a7cda48ba
d64e525d11ee54dbf5e4ad94ee36d0e5e3ae612bc976084d598c35b30c4f7ad80470e13d149f02f9dcf5e1d3331eb85ea486f7a2178a838b6a68854b
a29b2789620b8b28b8a864a867dcd3a6d70dc6458f126bf22fc420da5d8d60a7ab37da962e7acb4522e442a7847548a25cd799e0d3319dc68566a243
1bce458fbb48725cba5c2c6aa35e779196694cac18f4c2c8f8d59ff23247f2a780de28f4c7b8e8968a36e88b02ca4978321aea69f707c2a16605c15e
5466a23acb8b29bad73d182bf5b44b818f749f368d5ff8144cf1a7930bcc8db8f0533711962fbbe82ebc9ca24806836f789fc2af0e406db37d65c4da
9e76d0005e9b6c2766b454c54b1c7c6e3bd8bd04046d2e1ab42b351e05521bc0ccaec4262a51cb73a22e05381516015df61e84d0467b5df9ac76b453
8020daa49ba4e3aac780a349a099bdaf5e2595b59ef960b6bf04e2466b0ccf655b40eab56c8967be73ad3bf483d14c15266310266bbbb670b15a247c
bddaba9250b2da82ae8c88a5f32131b37e896f5c1d565d7530ee4f7722ceb2dda50278f7288737f38a1b000d50a63ae064c3a3f3b82a6df8c7950032
9d2311df341ac6c1f8a6c9fac7956884e044ea7c1e1c2812ed91089fb2d411c066b3c52103a39ec563cc0b49253bf50ae6d1006c71986d4c024e56f7
61075fa9f6ca2468d6c8ff01d4ac374bbe52ed158e57aa151565e0e9e95e5c3c1a964d71ee9d11b6ef648a6e5a7229d1b3cd1a3ee3b0dad17d23df49
bcebad699dfff9d674eb1a1880694febb437be65a93575a3122d11c638ac3eb7f0e969eba504d35a4fe6d3d3a5b80ae26525e885971543ddf8b887b6
a91b0d775a3d0cbc6a64c68d417e569f3e29b71194b5d8c0a020acd5a34f16961d0951576bf0d830e88fa41ae2aa86d36de3bbc0ee05deabd43b1903
78dca0676307f0b8e1742fb08977bb9400cf0d8aef3d00cf0d7ab87500561bec8fbe13ae584cc150a0e926c8567795061fac2ee72311d051f1c29d88
4431d19df60db12520b7c15ae29d67bde2ef70d6d3c602c46d34800af1599bb0e3e3cef814ae1d779d0da742b4d6a66766c65d473de7e4ba575b78d4
13cf008dbb17a813a16cbb13bca3afabf683c159bbd14580e3265df91c40e326e336ee54379d467553bbcd9d0e5ec91da071bb0db377ba7b257701b8
4dc7238d2ab36a877e69880923b40ad73f10a235194c03686e320a0760dc64900bc1b8a742d00f807193dda777064e299e9ac91b7a4ec485370948a0
6a1ff38bc394a769d2d7cd4d6f1eb2d93651b0ec710b9840b806c5c29e072fc8cb77370fb210eb9b076f29515a4e825ab527cf83e602f2f304703509
e832015c4df209cc83ce0b25f18d9b606a2f032acf1390d672b87c9d795c0143f6c940330f46bd3fd432f0d32327045b52e5724f78287877b2357f88
a364d29783a8caacc6713fd6c050ce15170bd3d6a9111d0cc1ef24781c93668221501f357043108510bdbadf310feea941838163869ca81390d2acb7
18e641365005b8ae564c6c93fbe96c7891cdb3075bd4a3746978a28418020530e99af34f6bd493014693188b014665e998a7fc60d5245f0fe17e3a19
705490ba79f29a09f7a9c970a3c2c9cd1381c5f48af504b6342894fa3cc923522ee6c9b7d6ba1329c5b328f802b84fcd93d6ff474e1818350f274328
d453c341d848566b2455f4a1a48ada367458521db85cabd73426b09e593ada6480d128dbd73c79b1cd7d4418e753dfd129ab1438940eb78557d9b456
1926b40b4e3601edecee127102a7bf03344015040900da33662048283b91bcdc45e13a9aaa077ed2c12466e075343586213d150b6a32a4a702f3cd20
a73f1764a0a6439d6b023059145d70324ca7bc1713513a8ba2cf4d22249bce37930849bf593e8360bfd595ec062850ff0c9201dd9fde91288a216bbb
caa15fc6a5422064494ec02517a5d160c85a71148374ea8ad504747271906ba848739958cb124f0cd2993c52901df9709950d13c6e0c58db3533831d
d428829df4a0c50cbcefd65526eebbe99980490865f2fcd2c9ef39a45bbf6bd0e0a1cc876ae79536c946c6dd94057a125b59f482e454544cbdb631a3
4cd992190041163953263090454e89090c64917f68020259e4f5997812b9c8b53281872c32fbcf2869d245c1d1298666184c99b527b091450e8219f5
de8e0b259657a30ff4e35e5e6a0dce78f23acdc82b6cda1b22afb045a79151d5435e614b2e94ed76996869724eb654fdb52a6d126ae7f91364741c92
c3aa12ee1305689e51dab34bbd4262aaff38ff856e8a0a861b00655ac1cba702688a89017c0c0a733e2381b872df4c3c5f1c14ca7c513805888bf196
71914b66e229e31ab5be809f0c0a253ef9947197697132d8a6a2754f05db14e3e2e5e255cc210afb87641f2368168d7192eee33438cf88949b8c8bd9
2424135d80d5df21ee63767d709e49f2243de954550cb6af22a1c5b898ad99829e4f8d792642e5a2783331a06076a968a9141e46c92ce5510ed43449
4dc6cc6cda85135cd952c367a20fb0fa3b9ef75d05bad1d41afa00ab291c57a42f245e746baa8117dd24f9137d7e55f52108a71e0e9d0cc269cd0541
38579abf631f5c26a3a4b94b344c3453b0b6c91d301968b379bc81a84cee051e3ed0397a265eeff144e17a8fbc0133f1a29b5bc3eb3dda2f12bddf1e
27fa069b7ac8eb3d4d7da26bf0d11628cccddfe1cce551833eb6ced426e1c111b701cfb91fbc16852e5553ec5212852e896781f56cd6ce322f9aeb55
e589d09a519e8a991974585684095c6893a36466ba38b42d641e24ab73e220194ce1e8a809ce3c3a4a1dca3c3a6acd64c63214cb667a02c5267e3f59
0294ef2717e12b67e665b6e65261d714c666227c6697f9650228ea08fb33f30a8ff6bacc4b3bda08801af553cf938f1ecb343381218dd9e336d87d35
064e0519781685606be236a246dbf9139e1d9f7c225948c09919882dbb1c9c7cacbd651ac974d2cad6fafc253c3cda88324e88820a4c40477774030d
0710e8edf121fc211e4622d0a373c2c5a3dd15e0d12e8cd5247854b88549f4a890611388d164851490d11d8f22892cf8f0108523b8740444ddeced41
a14f8f62d8279742af687556f4423b7fe1fbf1f2b84d024a8fe4d6753a3ed465404a932ebb4c04d0dc9e027f2acd5e6de874d5b82b0c9f91dca6ce1b
2d1e13b80a74bf6512557a24f7a6cb13a254ddcfd18c15ddcfd15c0358ba336be8656b9300e5e3cea7708f5388515df49845ef7264974cef4676bd0c
88e4b1e029d527c7a2d055d924bd1dd9f5d2b6a13dad2876959660e1f31c3ea41405afd23e56f4d69ac41e5f793e15e768165a87abfbcbf05582f34f
4049b3a2bf4e05ddb40da0c85a6cea024a0d867558c16727f0a1db29d145caf96412971414d768f2c1e8e01900d433fb68486c67f4290e70ceac3786
26df768eba6a3789d98c428a4d8036b3cf91806966d9aa66e5e304029c4da036b3f73786b75c423d89e42597e8bcab458a673989cc4cae7f2f708d1d
02561699f126519a8a3f3e81d23ca3fbc48ddf43272f8488bd476a45207865f3a0e1daae7608a23065da9c005a06bd8f322b910ae20dc025ab1bc517
3e83c704ac20f7f40422b258c1644cc9d36389b3aed604508e7ef561369af49586c8905d3b67a3ed623f59f549d1dd740c6ea28832cdae83e7e0220a
0e00f116e3460a5333096b2c0aad3011297271961a071e482e14fba3704413b0c695f31485a35836d591e69c747db94c1c27b58af96cb43ce0930f45
0b60301b71bb5aa48dd85c690a0c0b294ffdc4d3cf4bd7567d830abc7342813f5d2634f6d3df41522b76c66c0c81ae3db6310481742a21113d510c3a
2065a831e8b9d8ba89114c5169e410026c180567999d2a55779a1e470b2261d6d64ed009b6524381368cc2ba4c46624c0afc3b3bd5260d5b2732a4f8
4320439a2920438abf830e535c212c94e2196008bb8f8fc0102679c6272084497ee5c9988b72934f2001937cdbb37b877256a2091ea9328fb8d83bf6
2fe5f50ed5446e93bb9006931117759d7476223c1e39e97cd7c10098be5d4e113928db35209b57b22241cf2e67b527c41b0e1982c11283f77184472c
5a1b088e6875a4f35ab47a3569b255f5bc15ad5ed09a91fd15b53f351bfb4a7619fb84f82802e655759681a43c66402ff98002a05fd6224470c4e20d
6ff099462df3a1b05112b080f915b95726617e5557c7e760d8a8e2acb0da15970aab9df890a110f53cf71cb4da89d706834815b70d56bbe2d61004a0
ea7dcf59d5d3eb282625586f253a2fc58eda469347f1877034ba7e3e487f9a02965ed38c87a38b6db44342e827c8e7c1a03d1e1ab0a1703f13f8bba0
07b2e690f4528771b9cf3bdf90f4520f613689ee20655970b36f4853b32765a7a682715774ae1a126c2a851125aabf8398d36e3008aad6d171f07d9a
a8750f705cb00a0c545b14186f225c61b71d5618b7e29c38f3686080718b7a02780ae3d65c0ae096d22a8471d34c00e3d6bda14f4588ea2e06e70871
b09eb716a86d02e3d66decc3ebd6ddc6bec98bf3c9142ece6b9508fd26b546e8b7e4341c8ea4e500fdd66d3214fa4d8b17e8b72404d504fa6d43679c
88b391f4df490dfed16c6af08fb6413c4a7001ff9604e99a53fabb1b47f128de23004eb8ab3989f4d12308735a5a6ae4a4db7bcca5db6b114fbfb9e7
5a2fd0fa540d2f2b2a58c224982dea32c304982deb8adf04982d7b98a17dcbd53b895d3bdd3c197c3dce53ea92495c9ff0d0f2e2737d3400500d0167
e6a47ee6fae1f8602980adf9400ad05a91177a51383648945f184f4f1c78a109b9f8bb46e39028dcffd4ee09c09a6d7f17be58dad52c02d64a7d7c78
63aa6b44880bf6efc2f8265ac540abd9140884998fdf08b9e8f32ed06545b15d26c0655dd61e40cb8aa2684d62c94ed7252bb0d802882f3fcf3b2ff4
1df8431cdada230da6654d1f105c5591fc261ec70e8a9b39112c71a5a9060925758e019fa4185ca47b3927ec77dda510a4f113debb9d17c5d4f4a001
072c3cefbc12ddabe9042aacdb260e5458b7651f28b024bcde04ea2b09e438af0c8a6d7f0530604977dde695901d3de4311149317b21121f96c3a301
371ccd5cec9dc72d158b58c16e0e2f450b3035afd2e79b28780f5c23adb93ad25dc12776405d3b05b1bfe3c54f6d4a0093e5e8d66c69933d36b015f8
34412c5951ccc1493099ee64ce2b55f8d31f6e8bbca2fecf2bedb01e29f80e742f79124a569acbc44d9fe6efa07b47b70c06244d30906449a0ab0924
594a1e18be29537544bbd2df29b9022859510c9ec9188b8a6f37af924feac4a402e4ef201fab2b843cb2015311173dddb82397a5105c7578741ae32c
739af8a4763e4d1105f548e49056519ced200a675715aa608cda3000253b7d56267acc2efb1bfde03a01dfe807d738012e16143377de787ba83b0ddc
d59c862392b6f91b5d05cd39e1f1e8cec909558ff02e5169ae1dce01f1e88d1e72f128a22b06417d2701617e517cde7819a23b917675358621656a70
e256486cbcbbd1ecda5d0c8f4f6a1bb0dcde0e00fa8a0a21be281c9f34bd37def25174cb89a7b5b758503f804d4c9e199c096c5500ec2b254f37e326
25a711dae02eeb41582daf9b82c978fa697d726385c3909806626c9d65b44bf099eea548379180f1382d51be0491783fc044c739228b4203aa0b8131
afb914987ec2a763e8cd3b6fe7abe100821505a99c773af1c5fd807e15fb04ee44ea047f8793965a460476f567d06ab4d7e001ef2ef9454858ea8f22
a1653e9ac255ea34f8292dcef89ab717fb9d17f52509f87a77f0c0f0fd63574f07be56d49d909e6a0a4728ad9a3b2d5acd3560f77ed407838f7b0147
7cf0d0d3322ad10a1058091e1848bae01a60fcb233eace97891fdf61d0b4ba01092bc1030afc4f70cb2607cd3921cc50df8e688ab945299b82d52899
0208012cb929284d58ce9bba20671005e109a1bf2984ab0da6585f21055ee29b7a9b3a51ca290a4c1f543bf5a9a4da7981bdaa4c5ac59a6aa755ac39
27ac62d165a247c1b5b347ae81b1945c267b944441890aa6c06851140fab4123a80bbc2a934091a8fab4fb5627e2ecea0ab9fbba69448a3c0ac5b1ba
b9426c151efaa11b71a270c66eea2e9122cd65a24bd139b9c3b94c76a98be224a9060649af9e4f1a563c9fe05786d0dd14b49ba062c4afa6a090bbf3
b4d55655cfebea0ce0b42fd1e3b0acfee20deca58998823540fde51bd82d3a8d23da44e1c05f4de1c0afc92660ad89494e424a346a42a81108b449a0
489a3f2427b04fc2a43d285c10a2076493b0545427a26d5a68c2a445e704dea13927c0c3e20404358411f213927967854945eb00210ed787ea143125
5a31273125620cbec0dd3487c0b285a0f94584c3b3698522c26108c114f499ae4e4861d4389149b5ee10fd3084470d381746d7007764745ba0eb8849
4f5a541ea5a00fddd41d69aa8f4e560f28c32f48caf089edd4cd250c45123ddc53673a93006bab5381a091b38a222776513821855314c02eaa0360ba
10924ba122d64461a0b4b681ac5b65165150c47a1005cc4677da0535b8760e8d5b066393262df02e7a371550836aef6ca7a98cef541fc0254102182f
5ed7280901605d089aa60015314a3803655763701a182fa8ef8ca24c03e526396bea3c35c6ae62061bea3418ff35db7afc3a3627326862d66030f801
cd249b8472dbd5729c72bb9633906e8bd287b8f87a6a8b23eead551703fc52f1f0e3085c0fb507cfa09dc955eca1eaa7d31a72ba948d53c88fea07aa
77ce899c4ebb807263aea8dda5c06dd1ddec3bea634ebc3e5dbb580838bb96358a786fba76094fbc37dd0824dc140ef52a1308bcc023e5a6f66981d6
994d35b4ba8902f2e2f11d7a740651380c76d77e417da7a82b723aed8634f7013d72cb1039f6142302721718b06553b825d0b591006417eae3c38e62
d409f06cd55c036457bbbbd439d86a36789696ea4d81672dd9225f5f7522239225b586f18ed34f10cf8859d8b26b843290abe4175fc5eeee23832274
d708eee635b74d367ea96e11d717bb0ba2c5c599275a9bd51342cbb3066bb2411a2cdefaf6cc110695d558c0a0b2878ebc9ffd1dccc7d5391b729a82
d5c2fd98301f3f5a86dbfa59730cb749364743472da1bb0ab08a9918a0a82cf992e8c1cb4d14ae7d775311df1551607ec96bc4446c59bc0100602c87
bf639478b526d124de9db5a3c22a6aa0185313550451b0d2240d29c082b13cb2c219949d06c490e43ec0822d6b9f49bc5d934db14fea45e78256291d
6ec8e49c0569ea53e7c4a876c6753a4f2722727277a1084eacc14768c57826535714e3efd86c4e0cc081a73c969b845a410ff126e13f958a07d05f2c
e2bdc4bbdcee22de8439a571219e623fa53825dedef674e3bef659fd1dcef852e3926e6fbb1862a9a40d12e5573c6e0c6320e508b8be58cc190c7f2c
4535d1e5d21fe40d594de14e92863fd362292536131fa5a1c9bc6158b584109a311649864c5f4d751adad6fc21bdb94d1419338a826f373be705659e
a2c87bcec9663b27874db5c3399393d67aa6cba59aa265248b826544c3961962c05d2283596b4788c774647fc831758df40454678597259882e7a8a8
1bbcf525f99579f2e28b7c9bc4107bdca8305457c94802f593068e9d95b7f5c5b78004a6144cc11a9535908c33505d07ee81e9344048201d959bc23d
b0e0eff82c8e641810822949ad2606d0cb861840fa493705c3775131f064d3c7b129f8fd259810553225493b8005d3914dc90cee0ad90b27e2fe5a70
3157cea34974436ab6208052970001dc23de45c2cb25a5b028bc80967fe183ee559d2cb2cb6793b4cb6751f2c9b924dad11ea9042d884380f54b496a
382249a6a473075ed14e5502c130408912c300b3bf040c303a1198c5267d5e71260fb15a21d6a64717dc49ba563818a3f3b233d9792f546b9d4a845d
7523880ad4941a0628216218a0261530c094a2f3826ba3d3e82814a316be5d29d1440ce0913c6fe4627786b719a33fe4606b91173275f4876aadf24e
2244248f8a82744b3a020098aa840ea34a1e497c6d38a084b5e08045fb78e16396b29b100db824b249f6d47d231c3026174cb8e3a35a014afc2d6f2b
ba56c24bc42ec407a6ae454a7ce079482e031f988feabc8ce5204d971124cf434dac8af7ad5dabf2c14a4d396248a6da5d6c475a10c565e1ef808d11
0f56af8a5324e2523427f219468d67d50b4d921b8c0d59aa440c8085673824f2abdeabd44aad02714835e293d7670926efcc2c92112f8a1419a006b7
d4d3b06c8520470f287d514502ab2ae28524245085d9fc5b15f0e2d35ec59db7b120b51fda7238aaabe17b9b92d2442586c323a378bf12707c263b1c
1ea8cdc2d9fa3c9089d99a18e238661fb40053cc3eea208e632ed9dfa141dea710c63197ecac0c91ae658c388eb926978abb83c7e1c6de90e87218ec
802d4720c76c73170339c6a845dd1827c3b384c7b0aba6a1c98350446d655792a1f16904a5f02d0495c0d7e39a93e08194b8169e3199a2e5d6dfd172
ab36e32867f6e003d6562d8144ec8f3209e89740687c93c36512deef3201efb7490eb8c46e03616350e86c0a2a8a476cf051b107a93d27898418d4e6
d078a95bba341eb2ce5efa0034e6280d0180c66c29d7f8dc571001a966335423b0223e5261de77f7e9abd4f6d86cce12054bae8ae99661a2f0fc99a4
37222456370d11124348ce8933b6d67ce701481b6ee70128386d9fb11f0446ad885f3bdd0255042e95298577c19d840b22d1c43ea36af3ecc4f1a851
b0e59f52453a8114d1698cf82402975e1f75e1d2ab6410608ce5d4fa028ab19c527d8062d4f35f9b82e6a5da063d5b6a16af7d6b5d00e0584ef12d43
18169fc9f4fa7377d61b048a1a3d283c5505006341674784252cc13307f3667ce4c46ea3332fd08d254aef07a0f13cbb29b88c1e39e10ed7e1bc93a7
7494eb7419b99ddc271f6d816b4bc7613dfaacc36217bffd04357bf0e14cb1e6e0c3992a86710e8540dc249c62cd89d829b4dc07af2d071d7389870c
87b3b2c3a72878efba3f64f75d053403755f004857c128f7517ccc388741929e08c853a3c197a0c3e19c70dfb98b107641bb00c31c5a4c11386931e5
37a2d56c865d39b4f8195630756d110432169ba1078d433232209260c9926983d788b37302a17eb854d82a1ea550a4b8143887a41923aae0a234c2bc
462cdd910f3cdbe032e81bd2ce36e81bd29983ef39dba43378a9585b222207962c59cfe79c6d6d44acc095532d0363da88331456d635b0d52e858cc9
ef101df0ec3ec6213ce099b42e181e30fb1c331573aa88ca3cac3a2fa36c1ea2603792f16bf2a9c3c31fb21b4914a7c2f5732ab22842d04c3122b273
222641700d70e3b84c9edc75709f72a6aa137c25ee701a3bd14ca2a1d282a722c99ea21839588de12dbbc369f0d5249782336d72ef05519310460cbe
6223fca497273b2b7c6a5a5e88c177366d677cbeb989671191afd8d64c48637317117c2a6a3f00a03104e9fd8cced7c4c19321b7cd0be03d5b5e896f
6cd9a534a4f9bb0eca6d19a05c3bfae7519b1c19d7cefeb93ef4cf530f7753903e84a7a28bcdd70cd8d71e6930a765a7c1b9a855c1f07c4d6b8b6f4a
078de78558226de5043b6e97d2270534a090a54b5e5df8f84b7763e88a738577e45415f03e45eda98ce2d7240410a6afd806cf407c2d3967a3985556
5e6dd72abcf00e8946f442dc7534058753724e18ef8fee440eb05aca3807dd79c1335d9c2fc8a3780d11ec7e680d2f1ed9904e0464945e726114849e
5c0e5c7ae2b60bafaf47d70837da230d2e89e442d12bcf14efb27bbe01ee0eaae14ab7a4d2ae744b6abef1e874086ae8954ecae8efe0e0530faf7444
3e72b2d5ce098fadb814404901cd3705e75ff277704b16a7a1d5c5696cb5db89a9d0aabfd2772ec6004c72d5aefa3ac75e6da1b35c7306cc648dd1a5
b00f2e057d707d3c4168eaaf74a43f6ac71341d662af722f4af5031472f185bec4ed001f8910562f548f053cdbd56301286495ca0828e416b3aa126c
dac5338caa6723119091b5fb437a2cdd7de072ad2b031919aab65884d1abf66c5fe998a9fe8ecd56d3c0945dcc4528647d8c3eb8b23e12d18be8c65c
5085c6022fb1768f05a34d59a7414cbd50951541f5f474dda6b0d4d41ae02443d57023a8defaee14853e259709d76af477187c8d1a6092ab94228a8e
c82e8a70f3ea4478318a0b452f92d33015c1cd86b74f2b0668cb55bd9ad6d9a52c0a53a109bdd115a36902f632d4d3a5a0136e285d96dac489bdb41f
10d8cbb0afba7e523e0398b99ae6c670624cb14b2e14dc2596254cb34af5224cb34653e42e0d055d36d2c26f74518a2d80e00cd5a3cd252235e1c625
e239e31271cb801df6111170ced54e0d13b0c3d53de27af1806abd38277ae44143fc2cc3ba00ee6cc64edd78743eb4b46ee25f75898e45f1fd9daec4
924561e33aa4930383d9acbedee959145bdce9594cfe10260769fd88cc17cfe2ef2a727651f0c96557cf7375158573b5e68551fbacbadfe956cfae01
18ebe232d1a5e052683651290cc42073e29df74ebb8ba19bb19a4207258280dd6c46f401bb19cfea42d1a56c0a5dd2ca0278b3f9047067b4f6e6eae1
ff6dae0f5d4a2e055e4689003ec49dbbc710e1da0d1304b0b319d576a73b5e76d8bb22543627829dab3fc41e2361059c67339e912f71373b441118b0
07c92e80409b416e080c184fd90401098d7648dee9bad41113b0cf6600e59d3cab0defceb80fae8f8e79376d92d79c138ef9ea344e8cea437c12c30d
09092d3602e3eded6877e85d0fc43c122f5c252e963a14dbda0f7ac7b9befac107033b4fc7fde03bc2540c3b50a29d71753635417551db23c6b0429b
824b922bb10325da8963dfd466dbe2eff8cc0015ba0e5c68d749bd03171a7925745370a47277eac085761da33bdec2ee32b674603f3b63136d0aed7c
7c07d76950e7f13870718f1028701b693e259ffb412365d7a8c13b4968fea660a4ec1a0a182979097a5305553451e0bdd3143a71aa69e0b6e24ec864
a94e001a5f1edf61b04fb78583ada180db9c91981685cbf78cafb429aca047a10c46d85528623ccb3ade81f6ecc13331c9322e149d383486664cb51b
b14aa443f44337863c347cfd8bafd96d92fd7022a7c65fee7ee814d28121ed413d0686b4071ecf3a50a35d369b8e10845dc7c1cee7adff1fc6ce2dcb
765587a15d4a2010680e54adea7f13ee8a3495fbb9cfa70709efa72dcb8028a7c35b0fa69ee09e9347ec1405e18535603abc35e083e9f0d6bc8fe669
ffec9e3419ca7b7299cab3212dbf8192a98734c5cba23c93e68a5e48ae68b2919dbc936676d43457311441524fc7ace6c53985e89c202ce7693ed44e
c72cd3d4dfb4c984a8573eddca2605fe48a2da8aa8884d650ac4f9e8cea9e992dbe4457763334c9ff25aabfc6a7337d346a8ce09466b3a9e3588d629
88e704ce35c5887861949a8e756d5fcc4792d63fb511bb3ea6af29b6c4ef6999913235ce48653cdbdc7e47a94613330be4f934b918b4d122c9238d11
2e04f4f5193185f87c3a3919d95aecf36c9a4df100ad3f0501fd1e676cc40536fd9bac6cfbbe48b41b5a7d4519e71bf9cacb164bed2c0679345a3641
43e44733e0dcf9d693624454dfa6a5b67cb7fc49e593af8ef89acada8442b3b17bdffc09d7001b4db1fb2ca39260d537fd6946df4eb60ae0fad89cff
b95b17a67e7e744322c924de52844ce22db5115c85fdc961ab01114c87adbe4fce956298c7c58f18c46f3a4b0671bb203d9246a4e747f9f86433730c
eb6bbe19193430f3f153857124a33f496e8890a2cfd13d11058860771323e335d8ddaa6dd8c79b283e7f36340258cfe47a4b4aa6cce8e423069e1169
ebd30be957259e481f99c3920de6774462430c2a305d572a17fa5732d2763bd88c08507db04a2ad11ed8291caf1ab3f9acc47e984994c17de64ffb73
a5f293d547272c454378256361d27b0a57fd5681500fdca76a2cdf346d59399b626cf91e91a469429d356b8cdb74921dc01dadf111759894b71c53ee
94d442fead23dfca1d2ddd4ba407ae63d5911e388604226d6f07cac059d3f59b5943aeb270a2939d428a3694665348d1c7129f4f1d1482e3c508d002
2c620a01da50fa4c87c22ee022a620a00d45fb1404f4498c688b0c7b89236317901a53b8cf8622711af759c00b4d213d1fb1219a5a962b95d19d0560
cf14baf3112fc48fc5142bb20f0e249341962bc53ad0c971265535c6fe301d10bbb3c1980ef29b48250cd6b85b7ebd2d52a769a401559a66a94a9a59
aab84a0ae5d970c09942793630fbf302c27fa70a52fae47661d467c5dcff1561b4e2e305cf00f515e623d7497144c2d9f74822b842533a4512f9fc49
9534b7ebf35efbe75eae78dc2dd72601485b6e740290361458f30aff72daa2b01f98a5a600a5282ea6f1a46d72f29943b2a53733efa9ac091492264b
48bf928f09ef106e998e298f2541076ca02a4886a6d08fb6f9733e9835121bfc140cf51c4c09014f3bae0253c4901d7780d9ec9ecc5c6a460030ed1c
04bcbe69e6419849948eec42920f32c893a9b8df770e27e147bf13b2204969c4d5a2594746df8bdeb1640636ebc8b89234ebc8988f02939ef0243da2
54073d9ffeea53daabc71b20dcd9f009e56c144474b434d81a8064baa4e318f9d23a0eea6605009d2f0ce868e928e21032f6cdafb0921f7f5d3ed5f1
c38bf925a0e70530691ae889c7c514d0f31aec70067a5ea929c1a5467e34949209266ce723e6635f28d321f824675881bc71ca775be83b7bbbf19d67
6737efde4981484ed33af61cc9ddbc44932b82f09e286a67772cc2de92af74d1782c4cc33d0736a2d9adebe2f2deadc1e252d0ed26c2de2240e7cc69
e7d0e025d7092138db5b86b6cd8a0963764784bd1164f96077ebd6c7b6485250b654465a0ace6d71364eec81b33b06052794a19adf9ea53ca99edeff
e4b11d411664cedd6e5e8f9e4c6470e4b56faa4620f3b35b73da92261d20af28e1322bfac8295866cd8dc1d0ca3ed864ccb478760ec0ce819dc4e1cd
914264d77af391593ea364b37cf96758f2e75347044be5ace9cb8c134f1f8e4df33665334f35212eef4a89b7fded7abed44e46a637cafe89f4514f45
d246c66abded77c153c7dc8c7d3011c5cdf84d1c4855932d9f3a6c1dc37d9b8b88bbcb6d06366e1c06509ebd46645b4f21be455c11b945505bc32bef
344c574e362587d13ed84c0cb504363f1d549b18db8f28a7bf64f2e80c53007e1808e69045106c8acb8e4261f7938b916092bdf2c60025995e03aa94
2fab24f204aa444fc82a5fd9e384833c51e9cf9be9452d15c5a06522f8284c673b80f5e4f62ce0e389ee7412b39ad9a590d5df1f0f24c153984143be
c3edce7f4279d47ca935caaa105cb2675a182fd97a4a57236af25423ee94ee353291dc8882e4387e91fe2491a75de6b9dd0ea33cb899096ad9337f15
11fb44a53d47a62892e03735ff0dcf8f24caf0cf15498c907dbe3f1a5e38f3a7ee1a29d10e1969fdf2cd83f285a6c3223587a3a81cdc191cd97a6428
ec0acfb63784a7c362331de67af4fc272fe374be31262569de5952e0337f6786d0a8920cf6362c9253651856d223a9de6724dd9fd89f05e0ec333dac
098c85730ec34ad2a5868e64b40d1d61723bc47561024f9befe951914e9642c78874f224c8fb236ad363923aa875edc9d44e82b4c251ad0b1d357db7
fb376bdef3e976912944c67ee6a9109d4f84a61351f6fd14698b7e1a62661a26bfe82b9f55da10e50d8219634e3b7172ca3a94f5ddf3a70c86dc271d
ca7a723a4f5ffdd81d05f4fc4a29e24fb541c2538d5bb1709fdf6c28426ec8d1383b94f5958b8c909f05bf95e950d658d0a64359e38e34a7696c2086
98d336d19e127569bc93e64b234f1df15c8e6c4c0289564c43737298f3a3bd3b53371b3e331ffc4061a33048b443c331a7ad48339feab2cb9e49cc6b
ee8462c19cf87dcf6967e6cc553b74cee4291b6586d80e9d990c1061a6c166c2e49e2924e8c8e6b7ec0cc7d604bc134cc114bc7342403005e1acb99f
2e9b9ed8eb974d4f3599caf4c4fa5b363db1832f48dd38f61cd4ba24535f31510819ecf99db7fc29e7b892aadadcc416237c67edecdac277d6fea60d
49c954f68ff74b9d19fd4e11529ebf9294ced858966f9c1835148b7ae6dabc1c9f88fe3666f43deb96439b31351614ac6c7f0b77a09942a4fbecf956
e39835b6aceeec29c56a5b66d54299cff57c99e0ab47b2f312b7d2e5e999335d58d12b3a6763450fa859a6c0a2678b9562114df7159fb68d749194fd
834bf9b2fbcff98adb62aaf46b31c57c2c26279dc2375db8fd363ab9bc08247ae5aa2854e8954bb550a1d760988c0afdfe18d1151c487a8f9d6f3ebf
ee95a47aa27ebbe59ffbb6e3483f6490168d52ce741459668bd1610337e6c92800688b3a5920cf86997c8a02b301b89d9beb2946a0edfb68dab21cb1
8e4e580e97c83962e6ca77571773658b3e4158d1e77596c41fe96fa8ba390b493235cd71244d6fbef4b441c52c1d809d77d2042e647908d85970809a
026f166cff5390cc8a07cc341965f234249378658f285b345d2572ca19558bc82967d4303fc6da15045b0011040cbe9387f0b69c8be6a6ec000ba7b9
29db5b9ca395a56a93f737bf4ab95292ad6072d15138e0f1c825eec72fde9e4f9fad32c6d91f42a271368a94b2c6a4aef8c6134692a9f0c6334ad91f
45e0c8db9558c727036536cbaba499cb3ad948b7a611d531352fb5d139792513c551a16bf400e61125cce7645312c6b39ff94e16459681209e7938fc
789399698d80c067eab4ed7a429d749b3b530f3d55ceb76cf99e5c29fc57bd80e017550ad08b0a3ba8e31cf78b0e529ce35ed94f1ce638600581387b
65d109c4d9eb996ca441e4ba28d8668769660ab6d9eb5bc2af2437fed71a68d6aae097bdb227fd5ae3ccadfed70ae792ffa6ea329196fe6b48529773
1f16fcb24316f495b48f9cf94fafdcb44157b56015c46df9c4e4a3787b1402b49ebf5cb9d28bcb472915b7c2248ac95fb3618d246a2d5d913edaac52
597b35a490edc065749c0e2ea05fd3cc940f4be73f37e85f3b40b0064d62d9468a30ff44d2b425cc14a85724bba1592ba3c284b572e63f2dd6962f75
7e717176c0638839a6031e4fd820e6c70f63ee988e78dc463ef5c37822b9da1dc9d5ce97f223e0166f3826a0adf9315f1c7bdec78fdf913ce5b731f2
a5a33a31531c1e1940d9fcf8f53b93a6d72f9ace8f5fbfec1b026776180fe6c7afdf2b5fbada142f2eae365282def36c0a0e951c8d8b832303599b0e
8e0c3e707e1c4b909de5433c51360c73618e3c9b3e860967fffdf8a5ca2be2e3976afadb2c57c9d6a75f4ec68f5faa2d9feaa59a56d90122adf24b35
03a5ad0e37c82982cb3ed337d2f9c1a8363f7ec5a6f7fd8ae5f0fbd801224db4bb4d2c7f7ff66b60f4ff6c92601717b0b2e70df76703c59dff5ced7c
e96a47d203bb274f796a7015175cb24f5e147f7664e8f94ffa0c064a70c99ea3f0cfb38d99f837e19740925a80cefe83f83e69268ea284696d0675d1
86d9f24833d725b10d1f51f566e3f983313ff92c1fcc486a538fa436717a980833e81fe325838c115cb2cf9467c52013dacc9779699bf91274f3fcb3
168675ff672d4c4f9a26494b9a2f108c84d5d47724d5fa4a79f28bb9f39f4682b7b43932f3b277a4e418edfeecf7c362366326942cf3cfd3be46d248
b059fe390261fa930884ff01bbf767ed4d4b366e2e1d6aa720ee027f764f033b3fcdbc3959cb82557ea5fca8e06eb9e69a7a13169475189a81f7c972
e06602543e22aef303d12e6a25ff0a1f82b56c1dc605a10b5e824f3e35e45fd3c1798e2fe1270baea4ebb0dfc58c2435fa9dff74857cff1bfa8fead9
b7e28e6466e5991fe5d63292a99c7546d23edede2f4469696e3e55b0c1ea436a094059cc69fa489cfce46395b697e31282f22b511ddf19277d652ac2
914ce58e939a0a8d5e47be744d2b9218f666245574506d71cad554cd8e4329411e1a755017ae9527059a8a7066a4fc2a494f3988fc5b86ba78e64bd5
f48e24ad5c5a6fc7a1b4d7505ec7d6ee4bb0c8825bf1122cb2a0b95fa7558f2369523dd2fba2d6bce12959a7358f7e5cacd35e4523b9583d5e93e836
a578b9e4dcf974f920ac886e54ca70a30e240d86f7ad759aeef0ada9670d35b55f51be343f365341b0cc02bfed3a4d859836f952806a639d2623c0c7
6a9d76c2c585709df66ec492bd4ebb31a406764ee8fc69c2c174803dce58534234deec95ebb4330fb35f88c602e8629d6618bc29dece3cac45211a6f
76e375daa72cfd66ef9df4a9bd1fd237e2149c19377922c2c2b44c7c89bffb12f1654199bc04762c7094ac62579ef74bee36c94606ff11494da2fbcd
83c9a6be0a04e84712d5a6f16f55c7324b260fbc25c86420ff4b88c958a15731c9e0cd9776ed6934caae3d4c1473664e3a5ff8c86fd7908b210d2941
9be44c0b0d6260788d8e6cc719d1554bf1aa1ad3ad5877cd5c344b264c344bf8c740f557b1c30e635fecb0c30c1218f2e6f459c50e3b6f2e8efb79d2
0a7becdcf954dae911499d9fe156001cc83d56f154efb477b91129c28d48099a5e9de62e4f2f9aabb0c177f2b4871b93b4b044c8c58ebc69c4b36006
f7f8052567c6d37babe3ee3da2de1f6859975192df43d1bf563cc0a99dd18e1d3bf4aa764863cd5647acbcc8584499032eb525f0e30072b744943970
1658824256ded1ab1a3f064a71090a5979482f9832d96d058cac3c8897993281b92f2121474f654496d1f3a540e87835ac6a1f9e3b69eaba42e9a20a
84c46055530532fc824856a0464b08c90a0c6909125979f0af6ae84dfac9eaa0933e144f66493d8d3ae7dc1102b2a20c58d5389c99ffd4bd6f9aea92
b60b790335df12dc71e041b2aa4d2a2c44811d076fca556d5119c9e5a33cf3df9ff244b2fb039b42b54585a52ea8630585bbaadd72d84bab27664673
ab773973abdd726624618946be748b5282264ca68fcc2b784d2cf365026f59e6cbec19230511865a72090f79126cea117d95f43dfb2bca860111e332
3ef276f8c347d458b09b8b24b302485b97277e499adaf11f3cc9d7653f376e5986558ee388b8d47327d29694326c09cb975a156ff91ac5927acbb98a
3d12024d8e84cb6b84bbaae934519f2de83439204ca7099fe312d672e0c3b284ad1cd93e1d6bbb65a7bf78b8bda95214006d5bc65a5e584697808e03
70edba98b7fc69650088b5654acb5c7a2f63772e1a2966c0c20e2e04e2c45d7c09803871ca5e975d73b8bb5c0ea78a2a7c5df6cd6113bd6ceebbe863
bbe664aa880ab3bcffc9a43622fdaa887ca94b275e024b88c40921c132316661769a1813cbf41231e604debc9ad9dd61b85aa2c99c0080966932614e
588d387877447946bdf9b8e2054915a76ecd8e67564d2c736196e4a2c8648573a9195fc688373b9eb16c9a1dcfd242ae92bcc79aaf08a9b74293e1cd
be9abdd238b19b4d81ef7f6e045593bf24f69425d0e30434b0047aac608497418fc0eb56b3c71ad77171667ef3a4f3175b036d5aee7ddab4dc425a8f
d28a756a3ecdd2f2a3ccb235d2ed9397aa8a32b3a7c14215c1ecb34ca00941c01278f25b22cd97175149a3ecc17625cd8b3f696a22779266cf4a1e27
66d32c69f036d34b7a11ab78cbb79e60919a4aa40cc1764198ad668ed8f494170d970721302b146ecbe49a2583e125c4f66a8065079ab7c498593bab
4d8c99338f58c32bbfdd5f11655d664577e38c30282d47bf066cb2c488391ffcce3ff7e96eff36464ae8ca99b7a9f83127cab7d53ddf6bbe14f3685a
255a58e0434bd8ca89ba6d7590462cc56ee737ce3431654e7461ab3b54e948f13f3259271bb5e9ca7f7fee1b32c52c4edd6c1667140dc4bc60e7fa8a
0a2fc8c359b0cc894273757bc6b5642a481fa7bd609a73beb9d89c9e02d5a64a2b96db94ffdca6fc273739ce976e37b999f23efa3292ecfe195fdd51
4044ad6ef316b71207d6fe2e3d0a348cf8caa7728ee252d46def62660afa39c12bad6ebed8914cdd24aa6d27b9912fdd8894a7a957e96d858f07cdb9
ba3de6acf65de6d3ec398705eebcf0c35902774e146e4b749a173e255fc9a37421a9da2d99aaa2dcc2c4973951d4addbf4c823ff693ecdfce7be4fe9
5e31295dd566171644f4c2b96919227a11e662dd8e56c93553a0d0898a76397c77cb189a65731c5cf56e2f0496fecdb6ccd66b30e7013fd43253e601
0bd33253e601b5d5bacd5e0c9bd33255e6d1528ea62a3e78cb649803dad565f6cba3654874153920b1fc8a72746346de76e384266a19f4794030b56e
a33be0a25ab7bdd95820827d3ec1dd93e80a172abca93075da7630e4ee68b6ccc431594689f6912136babd65fcb71b9081dc6a0067bbe8329f1ae7db
3f8b2ed6b8d103baae25c6cc0bcfca35cc6ccc7637ac8bc5b4bf84237d0a8d28ac3ef3da40d2036eaf6524e9010874094afa54bf234ea7fe3bb6c012
d2f4c237770d407b9c72404d0964b1861993a1975f86971e406d9710a517ee036bd83394ee3686f480e06c19447a40cdb64cdf7900af5d034fd1946a
4f51a0ed6bd853f48e644bed956f3d8e47444365192a87283f70a65ac3aea3772a2c7f622e7706a41e90dcade128d5dce78603af72da1b747a401bb2
06cb882d7eb08c8e7c6c104f1aa37534a3c51e66d6eb23a5ca8d183fea655c6a033cbd842f7da01054caf6e49c65c34cc8e72b3eb369a48e409d28d5
50a78caafc9ac7992f8d74ca18dbed03ecc11281e8353281c13db188cc207a428ab94c217ae004b0cc217ae63c9d03eb4b45142a8af537f1101911e5
6b0036624da3a4e851c157aff1163a5da5246e25e6477300d2f009f0897d76da6f344a9739a92fff428b97faca8c77c150b51456fdf937a9cd15a6fe
f62b0513b28c61bd624a1055e9b74f23796c3a9261680ce39c0c4e4a350c2ded31c3326093e528ec84095bc6b19ec0f297a3b08f642408e06037378e
7560495e73d1361ab3b85e2623b72dfd62bee53383ceece7887108f733139a10eef0a62e615baff17eebc6654a2c068b81b5612ffad2b97972f0af9d
53ce34c81e02c72b3e1ea278d82cf3909e799e0961da72daaf3832dd88c5c54c447be77263151cb5e5f26138ea999756c2ad73bd835234d762738a76
e210ad65705f1e54cb01181fa0eb3fb7774354cfec8f0b8f00ae6042ac36808acbf4a4679e7ff093e6dd6882d233af1a21585baeb566283df30281a2
341a5461581bc0c54570f774ffc2ada52527fb1a5f4995aff14cbeb6a58c5498c6313a8e749c979e40ae2d6601815c9f447eb55f35478c42c3379cd9
d6c2adba251fb78d7564dad433afb465bf6a20566be1577d25abedb6e6634122d3b6654fe5f4a1c1423333c468211881d6320174da66bce23b2f6d9f
3e4a721afa3692bd4147f23571f948be5bdf26235789ebbb91ac2d6a14b19d36880d97d84e1ba483cbf4a625b7e40d9b2e0f16f39b96bc510c654d2c
be6586d3962bedf6ec8ffad21ca7053e8ab5f19ebe926abf2786c3e8d502ffc2daf84b3394db04bc575af04ce9960be336f822c66fb84d73d934b969
817d6389ddb4e53e2376d386f7e332bb692160c102f9ca7d37c857a6bbb94f0bd40e6b1bb306c7c872f8f792179398515beec606c6962b0310606cbe
5d16a9aff9e9e1e65846c676b417db6cf5783c2c63635fa39d0851cf78272c4775ff761319dbb7ef1d3b48e9d10b89eab4dd190dcdb528b74c755a73
61115cf6111b62b17822568b15f1524e496c9e3ff9554edc0c9c91b0f1fc5c3f44dc66fa8872b465222af6fae3d47d2376c5b64fa2d8eef3465000f6
4724df6c4d49953f7854de3f062450a6150be4ea685e68b50468ed8fc2f99f3bbb43b7c72409af2933d0bca6d791c265e5667713a8f59b46d7991472
469215905dd13ca617a7033ca6e3fd54aac9b462dba0921f6deaa132f2eec09379fdd8fc5052192be6235937972f655e21975f6b7b5909bfd6f6326c
0eea1ebcc3afd5bbbc437eedf7c18921cc6b0513bc84799d31e30bf37ae5a8f9b50aa0254fb114b57c6915407291e6a2a52e7a54a466a6d249cda6df
badc307fa7b9ca39587eb9345ef9954b63fee5d24b150c3d84da7bfdfa9a98bee20c4d3375869e47323275fc4c317fdac5f994fd278d5140f828297e
1d6531498ff92375b5fe8baae9bc8c86d550da915e6562323666b9e9e92c59c9b2290911fbcc375ae8c7fedba6ed4b7fbef581174950116aa3e3eece
054820d899da08481d7b2c385736413192f618f73e503a32351dba3d988a0f6f9781242cdc9d6cb45bb2f64442fa6d7ed2a63034c96549aa48cf3239
5ee94f92d7335ca2c9d396a79a3459887878884bb4e291b43eb643bd92acb3ef7f5ac0cccc8f59edd8cb3e689118f98f7993702b5d1f470f62117d78
0ca7023c866b52fd1c607ffdf84e9f11177ef53b4f538c26268785f1ab0526a525c46ac39d7e19b19a134918d573a6b38cc7bb9376ab9329c2e4b5cc
308559af255d60c3681ab9e5b08f55cc749fdfc9f1ef5d3a5ca0accc3f5ffb895db8fe70e9a1917f46dde7562a22cfe7a86a88063921fca8c991e4c2
90df74a5a0371c749d285ccbe053b8c7d69f2d519c3d7f86f051d1e96ecb6ff8e020f9e4c9974ba396e254c989209324746ecb61d6632315fd660f38
e4cf8acbb766da6a0825b70436fd2e9b7cea6389aa09b1178485e0a537de0f4b7c9bdf342aea9d083ed7259c68c5e96f995413dfc1f567eb2547dd9f
758531bcfd9949b0e747a97cd3872803dd01fb40e7e14edd86661e38806f43330f7c07b6a19927a105b6a199278134bfa2143835dffa34f0f1f41587
c620f9fa31d9f3ad890266527d3b6d11c56303c8788b3ff34e8d640cbfa8bc6ce1177f1923efcbe516f83314a05be4999d7038fbb04d27829c613ca1
b7d19e389d6f813dbf496984fc3c80376cc13b4f26d25638f482c3ff162366c1cb641bcf492c812d3c67c1af640bb31984d93e4cb93d296179f59327
d3816a1b2ecfc5649bda72c28dbb456d79f178dcc670fa85b78f10f8e4c7ae9ec9978670a63ac2735c49d38b086df53e7288a53e0f341aaaba7d189f
843d7d1f66264eda9fbe74d26977d90842a81c08457bc68da4fdb4274d6169bcbb6ce130cf0498df026286dc7e0b4f9990355b78ca33dd2d9acbced6
bf1dd4fc4c5dac0f66b04feb7f0ff2f43b0c38e716ebe58907c436eb6587ed669f56ff1e29c32e54fff6a9d9a6c49ca9b76e484ce7d3b1f3986c826f
7698c8b6e398d74a0b856d279eca36eb2578882dd2cba0b0b7e398e3febb85014d88a62dd2cb8effc336e9651c65b600a2219bdf26bde4feb80517ed
c4d2de828b9e801cbe92e83352a0b507190a9407295117ad923114649d7093fbb4110557e17d5a9590ced0ac84f3659f1b563324bf7af3a57c3c2216
5fb5e89b6216366a533c31d9138b29d97c25de428c7642896f5367b29fef62fdc3953c3532bef96cc13e3b8f955decdc5692a77647f66ff36482aad8
0a95de7168dd82842624dd2e5634d07881404fe0105b20d00eee6e17d30b31f38b5de46abe74ad93a619d49266973c6a6617b957d216cf3c143eb4d7
f48437d2929aa9eb317a6c81401faf385ac111998eb239e2a61007fa99f954d99ec9478a2266a9d92bdbdb62f960f4d46ee38887a437101ee5db71d4
6109d8c26cf69e2ed6ee09dc6b2b707aefa9b8b41040a13600ce915c34dc27c326830690ba5dec05c7365bfc0260a7a99e963592aaeda7ca16e36507
6ab88501ed4029b720a02790c10d04d457e92d0468472bb08500ed5cd6b7e92f731c18f3094870d78163444774b50b9286a246d28e012c6b8b0db3a3
89dd828076d89cb720a03da79c20a01dd0da36332600cd5ded05c7a95a096a4a2beca63493cbed930b69eabf7c291797f4af8fffff10f16b57dbf166
32f58ca66b7cab64250849faed196e0ad5fe736cece6d604b2b72b739f7aa38789641c5672f15ca34007caeac9532d64e11343bdbc895b2b3f99fe48
caa76e051dbc7c37ce7f9e880c9320cf38dceeeaf533f8727bd06812cb870ef64328d372bba24c60bb10e157bd2fbbd9d1c1c27dde39802fac1c4c53
c13e6f5ea6fbf26b972e15eaf37be0de49b4aa90952fdce79d9354d0ce1bd5f216b4f346dbb785ecec78296c213b4f88aeb7d933730409d9f9bd6ea5
e272bf2d29e14f2550ba40fb681bb7909d1d95c516b2b38377dfa2c6bc51306f33636298dc426fdeb97e08bcd97120d817d39b7a6a7a8328d997b990
6624d5f3ad8bfcecd85ac48a79e70e2316ccfb486b65996807a7aa792f67ba70d1dbc947f5667e5dd616b2419a1213fcd0168ef49c6f89aa7789f4a3
da506ffbddb1b19af31200cf36e525a47efb62cfa7f46dcc7c243f42e97bbb9bcea4693eb1799a001320d936fc7466acb767132dd20100b2699b0013
1cce57f2b850cfed7189243fbb91ba78245c82e0a6776ea5cdb87f7aa25903c4c62228e8e3d4e3e29bf740144b5b48cdfba23666a4acac4a21354b6e
1fcdfe6f791112df1c44d8163af3264af8163af38662760b9d7913ee750b9df95d15d4d58fe992b4c7f5a1be5fea81c481d0fc7c4e797e3ed77f7360
6f61334bee9ec26616b804b6d098a5bec56bc196a47d944647790a45da6e5224bdc1b2cf03c78429650b7f59721913fef2c6a6b285bffc760675b306
285d23bf39b4235bf8cb52df2296fe4bf95b7926971fd58d619373145683ad48e737d4265bcc983741d1b7709b37269bdd510e71380bc5795faf24a5
0717787166ded885b6309d256f04413a6f82c06f116616c813b618330bf40cbb5be35852bce75efe730393a7072dd5f6a0254ff163cdd4f3cf972db2
996ee144d244647a8b67f3dba349d32b9e65215c68c94558b8d002cbc336e96648d0b64937aff753cf526a1a8657aa0af6985da9fb58cf5126886589
4e4510cb91e34910cb918d57a0ca0213cf16a8b2c00db43bd8831ab128911fe5eb91fd5330ca91bd5d30ca32d201f2ee38d2644dcc9171238aef9d22
a4c760090b55397226085559601edf425546fbb885aa8ce17d0b55f96dbdbb51a8ca91cd4e30caf7c81770b2a06cdf66cc0497b105a32c581eb64292
97ac4a85240f0a630b62f91e4f825846a1be05b12c90196d412c0bd4f35b10cb6ffb4e24a9c25979e6ddcc0212a8b2c0a5b445bb5900d26c212cdf89
2084e5c060b885b0fca6519e5c9a70f7dae2e0fc961e49c3c20e759b5c984340fc9c05d4cc163d678cc95b749c056ea92d36cec046b6c838035dd942
701698edb7009cc1276fb1717eeb1249a372fc87fbb3909e0363d116d0b38c0cee729318087946e51e767b81b07c85f22ce3cd458354f3a5275a9aa4
e6721cdc6ceb48db434687ca816fa49bb6a71d7591031f9103f6edb5f3e6e249184943c66a1110b48c0cae3675306a5bb8cf3232cdb7a75dfe936992
757c7be9bc92dccda32f1b5e2d140f3b689e39c2758ea85f0deb6c9979c3abe7c89f862231b921ecc44b711b26f94e3e0321df95202064c5a9650fcf
3ee6947090351a1ec12007089b3d4cccd4938bacaccca961d73baebe423dd6a8b0c4c339fa9d2fe588c779281ace1a4589109135ba2701226b49e922
c4ee77fe93131b2a60a321df093e1c85e07cff941d999365585fdb22a94da88944d9397a5a88a29f32acd9e58522c6ceef97d4c66e7ae95f6ddd00b6
b6f094152fa92d00658de66dd8fa7de73f59bf5bd254ebd4d3166e34b7c3166e7a4d00c901dc6a0b1f39c0626dc1232b7e225be8c88ae7d3163a7244
c72cc4e30012b5c5d759cb2bb92e1dc97d96ff5cb3a489ef1ce78b6d2c648f76da71d631c56e075a07b3ba8584fcf6c585a49ad6fca79aa23798364e
a6853131e54775f05ba0cebfbcc00583fce6435d99eba98de67acf97b2e2b5d4cdf32292e605a32640e4378d5c96e74543520b5382673e735670c86f
7b93a616def94f6e8fe33fecd0d3deaaccfcc9b260d814280eb7b33dbd0c5e49c396067aaa336527939b3ef4e47e254f6e4ae05e92b4eebb7512bd62
93a8aaa13133ab67474be468ef1db78dbd78fe33fb963d9cd95bccc089e7d55e2679825d620be138f32a128671e691b0ec68c7054708c69a360ab238
73bf8548f34edae37993770f449a4c531369e6896244e24d0896bd6c0c9ff954bcfccce165f7b93b922a7aa440571449be4510666c536ee6bd243062
cd9c151871467d2b30e2cccb4658c49add4b50c499cbbd9088df9a45920be0c897f28f63d444be3973d716f966cd5c17f7e6ccdb4d98c40928610b92
38f358142271e6f920446205cab157c04254c631dd5832e2dd9cd1672d54b7a9b74caf8022b6c08a35a785693707dccf5b31dc6b169ba08b131ce616
7271e661270ace99d7ccb61b29f70a45749fd0e0ed6d4fba1e494d3c23b989279287a2206928b8576cc38cee7c299811ef25811d67cc95c23acebce4
b63dfb59f7423a5ee75b6bb5ef4c9acdce91d43e6e3c023dce3c638579acd9a0b65708d78f0d002092db478be49ad7de2f05a39a2961a8046aeddd19
1ad8edc0efdf51a2de70fab0f0048e9c517f6c8742ba939339a60e6e15dbb1e1500d09b378e139b115fa7d4233b215fa7d4685a6d0efd799aeb29b1b
f35bc1de2ffc19b6783faf071af5cf1d7adbe98d45baedf4c62e248ad0f8066e4122e7cc1cb20bdcc87f3658b6d4c670245a61b7a3285eb75de2326f
149d0bacf656f4f70bef8efd03ce808114d7e88597c01692f28219760b4839e7fbe5e51d3bf9a88d333f76fd7821c97371e6cbe1aae65335f24ea2b0
732c14a848f364fbc1a7e84ceaaf33aa881ac81949ad6443fdd1dc0531b285d5bccefc373d9064aab98b23c436a369cf93dc38ce9129204ad309d2e5
2bc92971e6cf8f2b47d51d5d2e3a47813aafa02e7eb013b360c45b7a9d69a53c86f08cf94ad64ab4247a66251f43a6ae14a26ebf93eb5491f4fab3c7
5fb8a47ca52d89567ab51c29d1ab25b9a893ef14af4ee6f0fbb18b28aa7081452fdc37f68fd70e9baac0a2d7995ec5e5829b0894a833890681244d4d
e2cc1641ea8517d3fef16a99297eb94f5337af96246aa846b281a525f978b544926f179ffe0e37f1463228875bbfb1a4511643a70ad7cefef5ece4f8
fdc5ff8d61fc9d2cc288721963bd18eb79b464348da1bb932a0c5d0a351a0206cafd8b7dad25d50e653dbf0e6dd30d69f9576a284f681c3cf72feae4
b782f686ebf9d5ee426fbe7fca972ed354c7e5719b4bf50872e7177c20ef985ff08177522ffd4a8de40d0dd1f7fec539eece9ff65be45666e8e811fb
f32f4ea63d95b08f66fb378dc8feb5072a3be9afb9c767b27543a9ed7643e904bc5179bdfdda279a3b1500d59cc100546118ddbf78a332598550bd70
46ddbf3650e74e298cea855beefec51795a34d44ad1774e75b44ad4f27a446f645bd5207cf48ae44c2b0b62cad60585b1269db8de829782231050ba2
472d7fba69dce4056abd7042db1f7c4f792c7deccb01e9d43699eb11c3eac761496150dd1ffc4baf54e9a36e71cb3f2c2f76ad0f0b8aabc28705c5f1
fcc1df94b1f9b0a2ee7ccc50e5e35be544faf5099d5f5916b4dd81c0727e8a9ff58245f82bc98bae46b27f26ebe0037575fa5bcb62a00d356cf62414
fb166cf6828d780b35fbfd343f1a33da2302f6cbb7f6a14b073b72234e44db84b12771dc37f8db333362b9a9acc60f2e761ce346e09e8401dfa290bd
a23dfee08b3a22562532071c832cd3c5f4c531060a9f7bc1c5bdcd1afbad02dd6bcf5414501f48f83303366fc6886e1b6bf503277f2684f577b0b1ef
0fbea92c14017a2f9cc1b730bb17dcecfbcfc14db9be8a65f62b5d48c66832cdfe0647777205ec3b1019b8e464e7c73ba96e5c4fa91eb816d11e80ef
bf6e1c5bc4df608e46a47154d2314e731f35c7ec99d7e69fc29be5d620686fcbadc1a4b20db7e76d56d976a5d3e4f4942ba8b1be67de12e6953df33c
fac3538fa925b46fcb75c8ccb2675eb57f0439edff766fdcc202b7dcf4ff70cd6315fd196d9ec7dc1fae79e916450ec81d516cb32d775db1cdb65c74
fe80a9f78882a9735f128cb8e586241871cb5e28bad996ebebdfa699fcb81907ea6ea54b0e0111c73e0109e830073e8772630b91dc6a4ba1427fe522
fae778a8ff2f5601505b8a3145baee0bf73040b9f89ef48844e03a11e5d860e8e72332db0762f3c70551e4fbda531f0987bf7c3b95987c971b17512e
882df998d2fd48467603b82d3d97aa666acd4772d406dd2d1ed1ee7113c958ba4e21e69b776490477c26ba091e1ec9ce7d8ddae2dc974fb724ea8373
5f4f2976eecb8f1faf90887f4aa4aff1ade994b90cc24c6f2eb3e31f115ddd46314bd53d69f772757b44bbfa0dba0157bf4e7f9a39f978454782bb69
8e266c4f27e1f977d3727959f4fc891fe0a0548348cdbdf888cd2295f0fc35abd623da39f1a63978098ee44c03528b6d31fffef8df7cfc51a5e845cf
6793887e33f07c366de823ba3de3462cce6920cabfe238234a5131dfac14d7b62527f1648fe464826f47b27d44fb491524b92e3af4cf23fa65d41be2
d0b715091f8fe44b0093fc2a4cfc951a4ec79c6dd4f0996dcd9897479263a3510f5fd1c1752f969c51ccd576f947541533ff4ff93f4f96d5a94dd54a
89476afa34ad7170ddc6fc3961ec623f31e8b91a24fa88c2145041b359f47fc7547fbe35402abd6f4eef83096fdcb36df38f740a4acea70e0d5869a7
66e565d7a547d4227b3f952260a4d99ea3ec34409dedabf188c2db5e29f2e3a942e76eaae76f8d601e5945c558d12b92b0a28c8321ccd6893f92bc3f
af134958d1ab2229d6e9752451f7ea2389c60d8d94a1eabd9fba7693220dfabc1a92f1b705c9958ba4cad5fc2795ee7120b9721d69484a9aba8e0ddc
48e5ceb414fef83ed84c8bc3fe951428d852d66371fcb49bb3499cb4a739b61ec94130d23bc6be5903f78876ad18c957e0c2427f0070cba78213d6a4
292e5d4dae9a854c1ea39a278b5ca0e6fbe08c10a8f93ed89f8d62366ceb9104543bc9d340b54a07f82178a76ada088d737924a9bbb3dc8d55beedf4
f6885678706014a18e0ece1a6197bf1d5b6e44d9a00b8bb61a1454932818106dae8601b57c6995c188281c10078290c6774e54018d8bd1f15f09ea78
e660350e8823be1a07d4f2a9804e2d5f0ae8d42309eac39aaca68ea7efaa81744c08618bef1c89020cdfe9390186ef8b8eab86d171b2561e742c9d6a
1c1da74b358e8e23ba1a47c77651ed76c4e4a88604a5f5c638a47823768f2b894271a42f6c7a7bd364f12f7712856b486d8c1062cd99fff548338c72
48d71820744592c5702617019b32c0a27c1f990ae67be8359f0aa7d2fe7911ff9eb7064430a497e143cc1333c31e0c7030c2dc564c0d7bd0a926713d
7a3e5555d92b2f70400d4958a64e2ec601b548eee11bc9dd16e929e1661b53f0fa5ab8965c8ec4d2473e95b978d026032526693617e74b0325b80a5d
361773062a70fd57a26a3610cf0b4926f03b920ca45c998dd16de5ce8fbe9dbcf9981a8a8dfb32e261d26f26261eb44adcaf859bd865a3f0e4bfedaa
52f1c0c7e91cddf0da3592aa813bdf6c5d777a4033aecfa459e59fb1d2b4c2e8728f46c00a0e08f3b8e6c4368f6b2e40cd06385687695cf3c4700c7a
70bd8f281be3cca7b6f6264dc49aac80e6b373ce94b15546ca975191c16b36bab548a2471df9cf3b076d6eb6bab1ac9b63be34765533c066af1203ec
ac2d696a151b89285f6b86a0818ab822caeec6541692b8660e0a493cf3346a3653cfd446cd7873513366fe93ed90d5d96ca6661f6b3653338c2679ad
57beb4999a5c966d87f485cdd4e9e0e591612c6ca69ec94576f8f4e1728b52ba5a74e53fcda9d652a01b481f1a06c1c5bed986cdf6db70983892e856
d0338efa626fe247d425e3e4186984da4a5799ffb8721a0a4afc7d1cb37b98cbb57223117af889d1926fed997846d4c5bea6bfc4a3767209695e2e37
ebc35caf47aebb060d1fb96b74ab710d117c44d9c1ea3f2127cfa776bae415deadbcca0da20f9c306f4407591829c65e98c7449421aa26518d1b2535
f4a17227631bd1b80f759c44199d4eac24064088e1eb6419771bf9b81e0515cc4cea788d7223335fecc845427cb1d7c9c1d631938c9482c63d55b256
9a3da063271929d62af7b758990f3238d006f274ed184a98a59dd8ea25a952cc1d1cf61d76ce19d13aeb999cad74674d9939b6a513319cb015740c27
ac384199af9671368be03c22da649081dd34805fa5e56d995c984378f608dbfc1443a9d8435261c75e6d2ce6eec756ee2b1d456f6a6c456f4bc6cb87
1b6d45b33b9393959fe90959fa067b5447b1cbc80ac7fc880dd16a765a77e345cfee73a3af9d491511df9544aba293afb5b50cec8db69639211ad86b
7014dca863994ee6811dece1f0c09e6caac22c5f83f3ee861186192198f235d8d66e086146be7587cee4eb0ea57ee2401e1c9cb72d1ced88280d261b
d56dd634b6a21bd634d6ee8da67624d52a4c3640a18cdbc99b4328e396335f6cb2cda6ea4742159b4f1de26f241f695f4ba45f493413e52bf5b14da2
a3b23197ecd9b987dd51b8f2eb96aeb8e65bddb4cf96c4ee77707e15a10c9b87b963cbc9e67ddbb5f93cf3ad14ac3df95ac1caca341dec987c3b50b0
b2a00c1c2ed79d8fab531b6273ea85d8a5b2fc2737d4f3a9b587778ab13fec916296534f446b34d1f788e4b5b5925f3f5e8a1351eec38333794c6b0f
c9571a823b078a595dafcc1db3ba5eb97608bdfc1d8c9254ebe24a32365358127f9d4839565ee5562824f2a3e9a2c69a94af8ac1ecac2397bd81fa8a
07b7d9596b7fc567d8b383198e5ca38f111cf9be528767cadebde5537713878f40c6e7ac91b42e381d87dd91a89df5fa473ef48b96be16f62d2fe861
ff233a84575b3e14d6a1264d940fac1eb3aebe3a9569cf4e0677dae1a8e7d3cb07683ed5fae5022b92d59bdd6f9abeefc8877e519d487a51b122a781
69dcd90c236e79d00938fc6d2095b105f73893e8c9c4c8082c7c45096fb0f0ffdb81329faa3e33ebbe52e452e5f2a13a917a4f2bc639bacd9e9a7b94
a0c2fd64024e037f98d8e64e2d2cf8698e3ece354185cfc2ae22a870cf8dd9dca8fd783f9592ea8824a5592aa35088995dd34e982c15417eefa3a408
6ba5c8c55a2976b169474b2ef382fcde07dbb32952274f82e949c97e21c4ef9dfd4188df3bdbc3f41c7dffd3447c25bfc919246b0f500f8948b516ae
1922522d838e318fea5bb56578fb4862d30876a42ea92199058d7e5accc46423a421bd0da498810152dc531bf190e541b6fc9263f3172beaccf6beb8
90521be62cf3509ca84f75f2a72fd8ff65c71656f93ad9311677d99242cd80cd0568717be5da227cf2152b93495047e1ca6cdad37271449bf6b49524
9a4e8303726191e254169ef8bb07d354e825d91b97f7c65c9d84367eb6553a4213f64adaafb7caa47d442e435f4b55918e97d370e6cf2220014b62a1
81a7720a589cc796f0bd3d6fba4d708c1349b4286c5ddb276ecf975e9f1792dadff39f9839d82c84efed79090bc3db7bcb7f4b0b6b22c9e7bfa504f9
fcb7a4fd7aa2e547e9e9d972cc55da19c76d353dd36e9b9b81b1d856ccb3ab6eabe29974db5162d928b715f3f42f40dd3392f7181a385dd1942e353d
9bbf61b93d6ab22d3aae8335b045c77570addaa2e33a388bc4497a1f5c26b7bdceaf48ea35e6a9a0bef7c11929cad13bf3729b52897bc466aba2f176
e7cdb8d89d37e3c956953c757cdf49d3499016c96932fbb470b725736bdb9d973be5f6a6465d7eeccecbf54db0dbfbe2e8338169cf8e07d2362a4aa1
69bff9e45be972a9db8f5d23df5cbda94da447257a97fce7dab86e3f364ac612f6232f9d835d5ce0d96f3603a96affa519530e8157fe53d5b815081e
3bf246fd91ce3dafa09f29f7393a4ad0d932ae7c296d6d4f793a1918346163c7cd02153676dc5c3b7eec3bc60b4d60d86f5afebb25256de8d4a811e5
50c2c3efc711dcef925cb74f181ae55859f5c8c7bfcaf79f48c2e7535ff498e042cb7eff6438a45bbd59cf42cb8efbcc976e257d656fb291341d71dc
7c7eac581df9f2d6252992d5302d3f4eef27b44311836a8f24bd66cfa73a0d7bf2f928d77cf927c95f1a1e5b39b70d8f1d27459878b5b2450b2cfb9c
5315d1caa781d4946b3ed5685ddcc47eed05c12433d96aedf9d130f892228d102fc948a8c0338952c2169687f956cf1ac9aa322e4e60706317fd35ec
8fb9f5eb3336f6cd5fd38cf537df65911a5a61d4e93f90b43182038fcdad1e786cae76a6473d4bb2922267b47c3b9d485b8de62befafdba954ca68be
92728c3d6239fcc259c76e24246bcb1b4140d6e7ddcc605873738cfcdaf4a065506d333fd34fcf7c6cb9399978b5a583054b6a1937b13df74c15501c
333ffe5a642ca4f2acef90eb115d0b83611c6b8c5bc6b1d6a8778d63add1df9b8cb5469ffd7154c2fcd974c8dc48a2be602ffbd873fd4a9a77bd81f4
78b9b1e68468ed417308d07abf55f9f1633fbff90d114917b333f5d4899e2be7c734606f9ababc274de4652943f3f48aa5f1634c772e5e1f5323f524
4a91dc4732d25a49edc4bfd9d92c045ded81fa08bada7bdaa8e8eec10819aada39818454ed1964f3bbf640b00c55edcc9c0f2f9c14681d5f06c3e6ad
f7475d467ad2dc285ae1474d06caa6f6f64f2ad6e7535d5438f30443bd6322150af53eae1421abcb9ba64b0c173a4152efe38a242dff48879b5b2653
ca24212305ead99621162d488c92c29f9e9334214eefa346d26d8be137e2744691f6e719cdc545f8d33bcf8f3fd32d7181fd33ddd2956c7470fc5f14
ee80ae31d16c6e2a829ede474d360248bc99ea029b8132f0f4bd19fef9b91f85e09fadfe3c20fe6cf5e79167eed98bcde1cf50938bc7c59ff998d89d
fefcbc1ff954b7ba9934ddea663275ff27178100d0d80a905a62ad13176dc9123317ed387b4479f747bd00192d8aeb3fb44d2c8e3fb38f8e7c2acf8d
c67c809c7644d2b37a261fb78a7e35814e06d277e33717df4ef39fda91992365400f48e8cff6dc5623ca0e9f4ed6a5e3c8001869c07dd8e8d3ff4f3a
430d46246913b375fd196b90feb0e5b7d514220b7e9a654a850ce416494486c0176b0fd63c0c2770574dc15287a3a33d92ac28c377f029906a412b3e
0f630d3c3be661b205cfd67998aac4bd3a0fdfc047725113678af0cb21ff895ae14ad5045198c9450d9c295dea90462eba7edc0017bfa2e61136e969
f02a30f347b4be2bb51309c95da89d1f75d83ea7e1aac3b0f347948eab2423f990ce4866d57dffd44db752238118ee54483eef77e14bf9249734cc77
f44ae5e4f37ed7a4e9c69e0e31a4612617b9f14f3a52e422f77f304e4e615aab19c81f496fa0928afa0d9446a849255f7e24a532f2879ff4a22feb85
5ef365bd30aabeacd77c2917ff4c465fd627a56feb9cee6423f765f4fdd3c8d61b78cd3ccc0531e80db34df2249b87afddfc79fadaedb7dc1472b5f2
9498a76fdd5e8053f4bc0fcbde8528fcc09d4499aced60fb88f24bf62aff4a5ed73ddf3ac4c995540e858826da3b532329d0466a2405da4d29d691a5
42063bd04127ee073e5ce669b4c348a2df08c9c6c403be13ccd31efb777e9cea919461e5f84032166e2651af9b93764c77336d5e568837fe5c66752b
49b5359d4570da6d331d22971d47f17a241d52fd4db4ca8ea565206ccb0e26fadf0b98f83cedb779e5d3ed7d817626e81b6d91eb9aa3403c921d522b
ddb7fc70a3b6f25d7358b447e2f143dfda768b2e669e9b971b35da1c63d4c1b65b943ad3b0d91b3cd73434f6e8e933c269b5d4e2c7cf9d94ebb75166
916c15985fa681b36761a444047c71979d86d11e28c4664149ecabd6148ef602c03c4dfe7b70d59c66ff3dd082cd622c437f8bf153ef4c4ed69f4e24
831746be15ee1bcdc534cdef0942651a3dfbad3f55b4bdb6a45847f02834bd4cbba38c7cac871f4bd19859fcc11e91871f5d61aad4f3cdd8e6dc54e2
d753981a2baae1e8f95351df3a698efa56d8728aadbb25bda6d9ee90c68fa447a1390d1fd151b066445b87fec9adfd7cea17237597898d17fa2c76c2
e10c34fdf0098a681aa87b02709a05371c8e24c3714f1040b3f0fae55b2cc11c4a054b30abb118d8c6b3f52bda91257389076f49c6b6a5b2f119bf5b
ce4c1ead85313367f164782b65cf1c0e2e41765b2ba9a31d5dde5fe5e8c20aac38e6302b2b7663c6b85a8b8d197c5668b1d9542b76e3918f4d9bf97e
6cb519335ae8dfd6d8072ab1b63869e019464d3905f16d3d55c49a7750eab4b350be9d8ed044be5a0adf077d41ec4aa40a0eac84d2630ae5fb8854df
86e2f216a3e04e8ca439842bd0de29d82f78fe094d70a70775c5471330ab816d239250175ca7c404dc5ac97f97740fb4d9ce10d79bcd734b4b33fcf8
cd09299ae0ded31d22c864dba8b6e7bd99e861d82841a6e35ed37151e350376c22dc12abcdc7951ba681be37aba99a1085d5534d88927e33210a5bd1
05c28c8be06535de95c4e6220f44efa5ccda8bbd948969aadeefcc1c88d696724db8064bd655124cf799c511edcdc53df69ad6424582cf9d2a7aca1c
efafcfed9d2e1329ef43df43fdcd08498f5d5652b7fce72eca8fae2d93df805f7643217cefc6fc15c2b7bc052ec740c8975a422c12e3740b9bdf65f7
82965c3cf0b45096b09b0dec42257744d4eb006fa4297edb0e2c759adfb6be693a2b46cf9f02fb647c1cf188ab99e96e1f87c47f6ee2cd64e84cb4e6
b318bbfe14f4f651de24d5aa9d915429456866f3ad92ca361bc4724d328feea45d06d84ed6b611b52d677af3b5122de56ca60f7dbf35cf274b11cadd
d4d694bba9cfb4022f3fca10940a4c3db55357d9c4404dcd6666f1bc1f9a6704e76c3351233350d8d891cba9f0af4f9307e27391ad4c2c815cbf52b2
d143a7a6885f6fb054154bc448aaa70fb98a323c970093e58e93fbb960ac15a3ca6c6663e2541588b5628c99cd644c29823838477eb45ebe46fc7827
a07aa2dc4069328d61fd2eee89e858c59c41dd8ea560b76737d0899baa80a884617c246dff6c71dd847611a434a4917dd05b0dd1bd35531fb96b3079
8241a5f38441bdf07a9d82a0b696246fea646a201d5b6167fb60d405d8bc017bcc6e6b27b7bd6e172426a43097b7293c1e493b3e7acad9b999f39e87
33364d96da1264e734672c869bd96dfdecc966e94baaba3de9f3a5263d7b54b7f5335db3ad27a3f9d25a02769da28cbd1b8fb77b7887ec4845b944d2
62c507618a4ff66e3cdecc270b4e639a4116b8c5bc811d33516e6b627a24695b7ab2918971a644a9939851a689c553790a733970729e825c8e8333c9
74afa087a64095b51e91a6244ab0d6e54a2e5eb817d28ff7c7142f15c595c48f3e4d9ad62da32df465ade9526b6478270a7c59ebbff95e9f4fab3e4d
a652d7309f6f9b547925de36a9f2a615d6725e47d27449605717d6b262799e825ad6e85284b4acd1c888b7b5469124d8658d764ab0cb6f0974857881
ae8c0b3b11b5369c7ed215de89329e86c695e4b2950b23614367c673bb45c95397a0cc11eb5fb8170ba95931c2ce61fd0bc7e6e0ed49a6c35e296ce8
065bf672e75b3363d1a5c25e5e678b6442a32bbf8ab2e94a99b67b5ec9c82fff81e4c170870b78391de0f391fcd4bf9228ad05379e612a94ec270350
1293ca20cd0363c31c983d19ad81d9b3a61c9b3d6bfef54b9fb7c3c00acab88fc97990727d1e90b1f984184023388fce593acc18947c8c83efefb702
02a64c51a39c573ef56594936358e9920aa05799f953afc99211f66bb230bd0de02406d423faa1cc041f7e4e96d4d0d6d4921a9aee84ad4fe0cf9370
7c8fe8577ffe5c92528a03a28ce463f36eeabfa9b00779027262ed08cad9a2a99a442267f100e564464ec3dceff74fa1adaf481c9b03f1e32a754419
784ee69df19c05b0f89cd6771f2955072726fe39b9ec3377440cfb60b4228a3c826e31bcb3803d9d8677820e98e6822de0b8a7009e8f78219afca2e4
633130a450181878f608b9d95a4a59263ba0a58bc708b517b4bda77e0039d3677ef845e72d24e7f7719b3f0136532161dbc77fd19b38e2fdf7e19bda
7ef4670a6124e87acdd78a3d6b4e1b7e623131d6739c3cc3a6a664edbc6985fd6ca9aedd937bf291b1b3a710193bcf1151dcbad4c7b7bf33053e0f0b
0c6873e1efc795621990c7d9b800e445d2b460ca8b2376c004f2957c85492e5bf784fce703b7e7539996987a82770e5842a6d09d4fcff1a971516cc1
0274d69a32c4570c5e789a4eb632634d197b71191024f3ca9575659f24516ab6fbe45427bcfc9dfa687fbb4f2e550b1e100667c1ed31239a1a83a367
658aa4203bac22f87147926308a5477426579e528b33f946ba5d1fdab239ce928f1b4a276c3ff74bb2b56344da6d05d73d23da8156c2061dd79164c5
a7e6c261beda6607969fef7f526631eb1c477ef6e43235412e243df3d0bf386afc9dfd663b360047b66850079c3853e8ca6f1a3fdacb2c2a534328c7
98f95397c0966f8587bb53c68f3a39b9fa224213c51476b25cb7cd0c3c5eb78fbf1a494e3fa98d198e4a8d2866b0f48dc14320aea600962de6806d45
4414a4a24f3d8913f188329b2557b9b0245747f2b9230927c2f1b037c05024b147dc91bc94f3a5a82d50ad6c532264bcbde7a4db1cbb2743a3774b14
90466d1e6fcda44a60860ba7794e9e183f8ed6c37f425b9e939afd180ac176f4e3b06b7724bfd3f2a5de69f73fe9619f4f1d928dd9272ce60db86c0a
8a79c7ea2128e61d8383a098774c43622ebd6302f9b17202038220953740ef696ed23b8a68612aef5c7684a9bc631d31df68cfa34a10cb116382f946
ef689a85b1bc734f13c6b2c428f9e3283fe92a43762a23651025fc4553a4a2e3644f31f8318b4fe0c7910dc6e0c75819057efc2ea1480265a540c744
c9286e1f0ef9522f43e6a543ce9fe929bd6f83171051e888bdf6c720049406bf3ea96209f885ff8adb8fe08d03fe8df96bbf04544542300ec0f25390
c5116d9d108b23da6e21166ba5bdc224ce8b9e110fe8bc9835e2019d17c7866840e745bd0d57bc63a4f8f569c45c105af12b51bc9ea6b1d68b04b446
4ff46b4b297bcd2fbb12c5ebbd9907ae583d6bb0020231d668a644ea59832a10a9e7bcd2402100f2c014bef19b46a749f7157db5d08d351803811b6b
d4a1bf7e989e29cf56d0964fed519c817168a85c7e7f713c1d116daf67931413678ddd9f60f1511a9989b3654eff42cf7c45d4fb2c136053a7e42b52
5de6c307053bfbfd07176e9e2d307182b6991f40b5646c624e40dd13624e606453a8c5d01bcd0fcaf82b19f93157f3adec9c8cbcb08a57aba9a0df6e
35359295b6a6cc3f27f2a7d4632d9fea5e7f0561f0c1e6f97eabb746498dec947dce8846bba682183d6bb2f2e5228d33c16049a54c305898741071b2
177d306cfe17a4c98703966ceda7ca10c3b51918c68713950ad93c09887a7eecb59a31b5d76a8689db3abbf3c7b64aae541f3f2e0357804a33467d01
1c5becff1f930606cc602ecd13e4f6148af1112975f3d0a331c66dc174330d5d2cb1c48a2fb3e5ba045d26fecdf363db24bdfb87f59131feb332177f
ad69846201ca36ff6c3e82ef6cfea1cdbd90b68b89084638bfea8e3278e3184e5803681080b0dd9c6966b5ac31001841582fd690e2d7b759222df19b
255b19cd22f84a4105a649df523d3931bc258a29e32a91f48c280866ca4b9201b354db6fc73c63fe38526f2429fc796f09e957eb99346dd5578a90d3
365bc69fd5158112fd99c60fe4e334f124f1b41ed1582e84cb33339f2ad229079e707fbd67601d4074e447790ff19416ecaf77341742fd75d0e5f3cf
16a89aaa0a328aafcd3298cf9cee8f24aceb489ac0adbe0bacc3e056d77b1d862e4d77c73a1c3ed4d7cb250ac9581d9743da83e55e87c380bac397e2
d8dfd88996217933b964b36a883f16a98e6d43a9aa891f398e97881f0ba6d775185d3af8d196c44aae5cdba82ad7b6fc27c5b83b75095837de1296d4
e469a2b0a4bcca966076375bfb1292ee66db5f42d2ddacbf2524dd8d326d1d46968ed4eca32f539e34ff95e6fa35992edd6e117551fc3b6caa4b48ba
9bc3621d0ed398ee16041bcbce3aecc9f5ef6039cfa7ba95669c7082e9b4d74168ae33a9a2bb80186c9902b2a1805da7c1a3e4749a260dfdf712946e
00de58c6ce0d081696b07303af88755a53e1fbc912b1e400acb1cc2bd970b35e82d50d501f4ba8bac185739dd65b30a94e5b2dbc6badd3cc28b0602c
81ec06b7ff05c80e36a665cac90635db128de4775b4946de56f2a7363596d5694468a772ded46e3a008ebd493bc45605b8759d8676ded47ce936dc29
c271e3eefce7677124dd94333a7e86a6a7846eabe91ba337ef48328da481b20e5ccc4e03d23aeff975da3c5023e95e795104b7b69e3f6511f0356d09
8e362f5680e16817e6fa25fcd9bc98bce2719c174325bcd9bc187fc3cdc259b144e458512a2dc1cd2af6a665b459b83896781c2ba69a251ec779254d
615dd03c2c11377e254af43382ada2f81951a8b79f1135b9b8e368b0df0d25127d936c7ca375c719497600185c4292cdab24d1175a46c7b8b233f998
e686c7ff32aeec00eeb88a15fa9d6659a17fbca26c29cc4ea3c50e7087cb68b1e378537d596766193c761c6ff57d214bc36ddb62533078ec465fbe0a
c8c90cbcc35e30630c253b80932e63c7da95c6e9b171c304ba607bbc5209ebd2aee464a5e1952ae97e7ed1bf864d3213aae3bb50a6e05e57a3b6d510
5f74e7abe649906ffd2460a208fc75358aac3c102692ad3b744ae58570e54f5b777c875d9527c2f51f766fe1c6ae963f6dbb828f745583e401012d83
ca6eb4fbabda960597eaaa0e51941a4e5a4e53757c7734cb4bb8b10bc5c2aabc2dde8cfc9848e3cc565e5227139297d4d8d15b7831ac8a3f5fc6c62a
398ec66aefbe3b19f9bd93fec6bb2ff5174d13ea8d55b14fb1c00512fb3e27de545ffff873dbd186a90f66aca5823c28d8471d23fe4451b5aa59711a
b5872ff7a4c272f63b335bb6f58b25c5e835d422fd3adbfcf9f1b7c9f7cfa99e5b0a30df783a2f07983f6f6b0cd6653408d6dd65fcd989297639a67c
072dbd1437fe41dc56446b39590cc29f3570e9ebc25c754534a69261550cf8472463f8c2673e9e7ab724d130c9499de0049f5442b3a9e0e9b40c2b2b
17f7c80b46069bd5d7e5b78263903ee265f1466c16c959a85bdcfb961922899afb884b8974b108ed3b07b260680d30e2320cad02ef5e8ee37ea3b65f
02a23da95450b3a9021c5f0ede3e4a6a64fe3c809debe239c11e62d85a2d698d39ee817b2fc76caf10aa2e076dafa83097192533741bba9da4599bdf
52aac8205a0af50b2385c80cc275d461db4114af6643c32be9b9c135dd9836c77a79242990df3429acb928372b90b9a6372b90dfffa4b07ebf14eef3
fd52576a3603d147166058ab5961ccd46c561833339b15c6cc6201dfeeecfecd71b3fdf05be2922c600696b8240be087d5ec470ad46435877ac06eba
c0c87defbaffdcce01d0b1750a4077e7a002403753716189662aae3712cba0f98dc48212efe4c8e9dcec8037b9791b5c87fd77195c97f3c2c1edc7c8
8fb7d2f29fd4c71919b91461ba5ec2d6959191e1aa495f783bcdeda0d953888db8f931cdb122fac801e9fd6adc4ae9616356d868450039af9affa4de
ac29d046775e308d4ba98befa8a839d0bb712aac0b9141ce8bd716283b5080cb048f773638133cde8e8af688be6addf957ca4d6e4f01c8718587a411
cbf4eaf6abcf0bbb438a7327d537245672077fc283a3833fe1191112c73be572ff4bb970a0272ba3535afef5058afb202c8ed9328cd5bbd1982cd136
3eaed114e4eb6c4f27e3c1cf60753cf85b3eb69bc79b2ab069ee28ddb17bd255d627be7f5a9f58224ed72919f940a5fea817d90e3bf6bb8cbbed77a8
1b97e2d3b79a2edfc639b0d485286cd107f46883a8a0f48b50892da30d2be4044bf8c267878e785ba450a98772c37618fadc3b8522acf7fba52d2008
0ed9e00f6f22361424076c3891eca7c123e3363d3e9bdbcd74a6082305c1342cb1353e5a262441c0e18158666b843774dd509c5fc9e7577b740a9126
69a676d224b1470b54f8f8c791cff4d1c72924b2c6a07c97c81aef23458ac73cd3f8f696c924b86de463d60a2b78b7962ffff41fb988aabcf1923535
6383f27c0901581ef4dc3f3770c791075ab71c1c1e48de123cb080335b0a0e5fa21eb9ad586af9d2f54edd5c6ffe33036f2e69b7dd6f725117d06f9c
19391dfb594c0468e7fc3444af9648de88279236625427c3a63af67a1129d6ca8572382c31a08925bc5ead5c6a87ed78288484cfabb5241ba95146be
941aa5a44007ace0c90b3e8fb1113eef2b91a94d7e7486c07a5f29ff092cc9e372f8e5ce862d02c5af442bec00d95282741c6c0ec336be16495a849e
f2749a702638de3b2aed2562c56f2e748c0351e6f202b82eb71707671f394e07afef74dcc27794ea2dab80df9c455898bec27c979ccc401b9dec7004
4aaebc46de4d2cc95f51e62f26ddc02f317d62bf44100f4be8ba2bd375f0bc4eb6bf4aa3f2be4096d4cf48764668da47919135d0ee82ae7b99423101
46d6b42f2ede264b30bc2b9713607885a3c19c8a6761e12b8cfb194ae835c18d8e885b39a5183d1ce93f23ebce3b7f9a26163f8525685d8bea609a34
16dbf03296eec490bbe6e404cac73f1669cd34d1697a42bcb151090b2f7786b8791912171db42298b7e884856bfb9e47dc76e02ccc39e2c8e45c0704
5ceb51bd384c39e4f96bda5631938bf77f8ab042b02617d92a6672f9754de977b374cc642a0f14b67fe1d8e242b0961126af64ea7caec1c2b11560c7
4b1486373e044b14867763dc456178b79e227c32fc9b896a2da39d985b80e37a8a17fa82fe5ed623b3fd2ca33441cead652414f720131a7e77a888ba
5c7339101cae10026901872bc9e6969434efa9c945ba6166ab83a4c3d6ba96b71c56b0439fe70c5bd971c8c6dabf3b89f2a1e66628e4db95737239a4
2727aaa06fe7f5f606585ef63cb30c1efd150d45ce7858bdd7d3af8079d96196edad2563607b6b793f6645a75c29a0d84d8d9c0be1e35228f3e74c4a
c6d69ed4b4c0da1e272ab878c3156b1902d7a224def6e1cf8364db5d8621dba6928b60a248b652f10dc679656dec09dced442378378e1061e00a78c1
e570dff1505f0ef73dc0cbad6dfe093cce96e37dc7b7708966b0e277f3eda04312f9fa421325d1b64b033bd5b64b03334318b95ad9e2b61d1c46fe13
edf0f5266a5fad6f2a954f463a469938dbaef75c4637a093918ca40ecf280843fbb6d22ec3237de07309851b11c0d36636a364a363f31d05ed4df395
6c63ec11bd3739d71fbbd490f6e30d87034c71bc0bd0c365f45b63e1fc7817a11946bf359698d16ff15d5820dca2f951a4eebbd13b3f5666b0a9807e
43a72ff45b01c7b440bfd155a0df98673f4685472d6beec19c30700fcefca87b624b81ba27b2fb9b7b306a4b01e5ca48474182c50cfcb15b30d77413
136636989830cbeec78a8654cd183a26bd3074df22cabfb7ed1f074c8b15ed07a544249ffa6c8e22311c6fff5b63c1e41485610187ba00dfb554c72d
4e137518b08ecc58f8365f66b4b73ca936f25805b4c71509d01edb0ca03d4ebb1fdfe0d9067f12d32ad9a8daa8b984b01bf8c7af5f5b6321cc59c6db
b5c94c016f3722096f47a37e15ed85a0555f495e4c8ca2a806074cb54b4c83df0f4f24dfef6f24ddef6bfed3fd7ee64bddef6bbed40b76a615b24c72
2e8a74b0c2ebb3443a5821485ec2f7d568ab85efab8481598ef31d479df5eb0395cb97007e03a0f7fae59e4e456d6deb49b34616cdfbafcf50d6bea2
6f4f70304bb0bd4974ab25d8dec4977d09b657635f05a8d752a08f2734f4a0f15a24bf2fe80cdde6837c5b2225fc96c8386d579c266e9ffdfcb85d6f
3a63bbdeb4e2996ed779274fd5bb4752bd5f69288df66e0e236703d02e86619075dc9b41d6e1dbb28cac23dec9025997a7ff87ebf84caadcb8ee646b
cbe34ca1b63ca28cf9d8708693cc12b6ee3a793611e33ad7cf0f7e5dac1687bc7eed9f1f4743e1fd2be0dd858bef22c2750e1247b8c68b72198577e0
3bb28cc23bf08f5886dd1df8492dc3ee8ea82e04bbbb700f5a46dde5f2eaf0d7f8272f87bf0e3e7239fc75cf76f2b1151818e67260ea03ef9b25f4dc
d5de5ffdb66649194c77c40ae240d4b94e1b3d77cf14235facdcbc0d973b6214313eee788805ffb96d8b04f0c2f5657d786932e73fb83e33ebfeec49
c80a7434e9dccc858e0b1dd732386e0645f2e718236c6326e53b62b43156ee806a71fd19bfc9c2fac31cfb96e9438e7dddc8b9d7aa4e04e868d9fe80
6cd2f77f7e1312cc6cfd3990c8886493257d2fecdc95639710d079911102baa45730aaf6d4c90e77ccc93f871dc9b70ea4ce9c233e743486c4872e69
ba03a9734afc618d4d4758193bf32917742a686d2c8e0e4b50bc6bb0a6ff30cede116d30be5341337df2de21b433a8eaf5878995439648cfb9a2ffd9
a89aeafb95102087c9f5821d5c42d99dafaac4ec7a675e998ef41ce689f58709b62555a152d2df5860bd88b6033f9f20b8b7033f9fc062f68145d617
a1ed38d02798957d6091ad49b586c1936d8b57af31d7f6e128e7005cb6233f9fe0e4f73168cf8528086d8f2408ad17ce7658e813fce33e4c25023e7c
1fe665c20eb2c5bc77f1ecd926de1b9092ec0376c941c6f813a6fadafe6e3ca536e19eb983edc3a6dd33f557045e107afb4023d210ed6dc8856d0bf7
d74001eec3712218ba2de05fe355b20f5b7ddf3ec425acd11cf3290dea6b5e7e2ec29bd0d0dc29b6c07f0db6b52df05fab69b82d0a709aec038b42ba
d03684b7fb1dfc194ace7d100b30bda4298dd56f1f2605bef2e7743111b7c57c4b2568aa1992186451e2352c9ddbd0bd9ebe17742f51c5b6a17b79ac
6db3e07d5f60fff6b3dc06f67dbfbd1187c5646c23fb994a2c8ba984edea49fc95449a82e3a0cbdd86ef75dc07b7017b15ca9d6dc05e85d76d9b08af
63b9dc27044967b23223d2998f97452a6c4aa4920a6b02d7f2966b84594fce8f6681381c5be8bf46348feda0d06cacdb41a1399bb6c8ef1a1bff2626
34b429db547815de947d2eecfa748b1d62b9f66db3dfd596a60aa80033c63e17b54da91f2546124ea16506983809aeec2dbebbc6db794377972eb23f
ec9181b26fdaa43bed713629841b64a187cce0c84d6a9f3cd0938fc339a4dd22cbe096b58b35c5280c76f17b9d8953fc5ef72d7017e874e884e207bb
af5c5bf0c102ba75171eec1d4996a43bffc922e3fbe1764ce876e653030ce8bb6225e04c9a9e7aec3ec55a3ffa43f0c1c1a1b24569f74da3403fd799
f0c578697ce67731cef4fd540f28e65d31cf057b4b31ea3495f123dca7e52ed6f4b03f38ea732ebddb519faf231530403515d76e7781c2dd0eeddcce
f4aaa82e8871b38bc92dd84b8a9f29ccc162728b0ca39f29c974cb2beaa6aee6ea8716600bfc77117a6e9b28eec0277803fec39b6d3bd4f381e3d116
35dc23baf3ccfe96e027dbec6f8380d6bb4285480d8d07ccdd7f070f78e75f2b1c9815e00139802b374e264900817752bd36df9cac73b0002f22bd6b
145fc31165d7dc3ff3b16f65cc7ef1bdb56ce482ed9d0abcf2cf8d5cec6fefd6264c5fcb7a13a4efdd48aa43de31dc95bb277d201e809c6c35538c1f
397b2902737e8bb87c96d15f395fe92f87c1a96fa1983d28c7282b5eaadb98bd4a98896dcc5e9e89bb62a5e710aa09cc4b976d429c51651bed89d2b8
4d1977bcbf4a5d0cb261571fce1970028e678485b2228cebaea0ac5c7d33c8110a770bde7767321bde077ae72b55a55d488f9d8428c6db50bfc98a15
d2af402fb8c53bf7954ea4a15c1ad254da81b4b443a6842d29b968879cc9e541fd8077de97159a23ff49a1c90927e860c1bf725fde3cb9555d566832
f52f2b349921e2b42b38746e51da15bc18b728ed6e62906ee10d0b8ea0fbb2c29dfbe065857b49796a5f49cdd43e3619d3db813cdf97b1042379ba7d
4953fb38cf15cebae097b90551fc4a7c296a33fc39b711891d15c576ccea2c0f211247d6ee653233aefe8220861e720b735866065ed1d3d1fb6d05ac
fe4a14f8ac8cef71c597f22e99a9dab32ebe5f52829592ec5e021b8eec069755943d794efd47871a72c0de70595f79e7bf1f7d993ca566f52b758b13
ef9b1649aa54f61b010d0b10aead30d6df2f235d9206926b3d91ac498e24001b0bb0d9ad84bddad4798919b1459d37722f15b6708022ddcd0a4aeed1
c2168e5c68852dfc4a2752d57f14a88bc0a0eb852dacd8f0b7b08503d8ea169a703c58b27feed2cd3b3a71fe76b377f21de947f944b2b58865e0b8d5
39f6841f1cb9a60b31989820bb992a8b279d0183b8bf6d47a38641731b223832867256269ad45634ea8115678ba8effb25cd97327e647ca57e1f19d1
e57a46f250509e3c0d7053dccd73fb4d53ad33a0ba68e412ddeca7ccce2c2ce12406d66e767049171a593892a754b5e9c1ed6b8ea56eff1666174842
f2ec766fe1c0e9766f616b54e0e84944ac2d58e12474e0168c70123a7077ae172399ea329d552fc2be09b1ee16e270129f6b8baf6f12016c8baeafde
91ecfa92f20da719917c3d23173bc2b0511b7a3873a2003d043aba0d3d6c6f5dc5b14cb0fb4d0c68dcadb6a8feae5cb43bd12139708525bc20c3dc40
09c1b26e41092f9cb8b623401f90116c030b0385da7d5141ea6086718862b6b1840d72884d086800239b10d0903c6c83092f82056f478406bfb98525
bc4a4665c1e49362681c1999633cf9189cc3555dc8c20b7fc9ddb9b370820a5978e1e9bb45637811df671b577880a4dbc2155ef0ffee8ef5b4245bd9
fdb94d0874f8fff9c5b5b944946e9dbdd440c303a2896da4e10147c4be310db0d7197978e097b76f6c039ce3861e1e38f86d51165ed0176f430f0f00
2cfb7668f419e9d757aa7cebbe3e53459be41970030c07fef0dbb1a131bf7ea5eae94a8575a71e10c36c0787be0848bd6fc36aa15fd9c21f5e9880b7
43453fefcb7feeddb7698e527b00b72c03931eb6f32d443afc3b35f08aa1b7bd628072ee1b330289806fd9c18464bcb0176f879c7ee7d10dce88f574
7bc5e087bc6faf18b86bf6ed98e9ec54b7d9e1d845ee85b23d1949bbce65e5f692c08960df869770b3700cea039f826dace301b0788b19f1ca23fcb6
1a0224e0be6d9de8f994b644a42df40ac68ad457afc9680c6ebf26f1cddeb7a16e5c686e830ace57fcf54ca11b8c2a486b1c82fac0777b9bdbb0e569
311c129dde36b5616e51424e5ed1210c88a0d90c4c6d78129d6f0b3bf9a426239b06d82a1c64fa2cc94afe62b9820dab7659ff8387260d1798f21127
a21f9a33a26d03eccca63e3ccb9b15cf506a8ca56326675b3a92939bc3f212f3e195634d78cb2b87fa808a822939b065cc8855dfd27003cbebfb6bb3
9854bde471a6d903b62786d578ccaf988cb75eb8d4776119c8b77a0cb3a4867dc9d267500930f505bffcfff83b8a1c0b1edec36838873dc9d25007bd
1ef9d43602d6deb00984b93c3081a0e3118cb3e5d26714e7991d736001b953a631892d95d79b7fa4ee6e66fe7433dd0513fb076b6fda218d6934317f
a00113c8f3551581f1ccab5818cf771b8669916d2e4c8bac2d413c1b6c427b6219e9f9d62d61530eb5227d32f1557b5345ad3893686a453ad788cff2
bc83feb9a1876991ee341eb4e49924aac586c3ce163ab4e1a2b30d0efdaea124da4ed25307194658d0818a3255a161cc53d0348c38026d0268e7dd36
ed1e97279771a571fed9665ebcdedeb72d04efc50dcef48a84c98e2e5cb634d052bb57e67035bb628158799b5db1c074bc0d512d50786c912d36c0c3
db5c8b0516ba6daec502d5f206b30a4bf29e068a41a8bc4dbe582046de02b13680c7db20d60285f39e56d58c925f658818a9b00c112369563595243e
8d6bf0aa6fb3337e53239e160ba258314724a996e0b6dd029d3e5aaa8eb82d4ec41fd93f92af7d0e51f92e478ec30d680bb0da40a56f43546b0c76cb
f63bfc8bb630aa0de3f01644b561e1dd0eb95d2177dfc2a8364cbadb51b52bf097eda8da15fe89bd6c558144633bc8768599639bd2b14280f11565a6
602324e636216fb6091eef182397896763f35ce6988ad270db0d2b5bb351997736340124bf2255feb1cf4b76dc1f5f11b895fe98b8319d68b6b48363
53a0ac1b1cd0365b1a74055b8c68dfb3cc5d6810d60923fd1608abe516ff8be9970deed7cae5d85c04bc6ab8fb6d01afceb7937e07f337a2ed805cc7
7f6d481ba903932575b0b2fe4d757450ba5bf0ab0664790b7ed5b30f39e4eb8d5fd757ac16a983e186cc66c3b1c03d6ce1afeea8dc7fede43823598b
9832a4659bf94f5ab69902e5b193bad96327fd63221866eeafed1c1cd8bf06a27258097e351f6fe37f6ee840b338768166b10f088b75e1f7b209109b
fdfcd714dee962ec6598278dbf8aeaf0979b69e6849d30d822ccafd64bcbb7be23d2641fe6f5157d2d6161ff827ace8401b1c0809816ad4094b805d7
6ab87e6cc5727d1227a20da66c8e426f35c01adbb46815a4d906cbf5662b5243269ea15c701e6c21b942e3ba05e4faaeaf8624c4cde4992ce4d61dfb
cdc71a622e8f664cbb61d3da1fab88533951cee606f3b18a78261b565bca585ab65440345659228afcfa4de34b59d4b2ff1b8975c57a202456054abd
3f460832293f460832d13f26f69bc954c47e5cd314dcb582f1df8173cd9468ee8837d78f3b20d9ea39959af39c4a9946eb43babf05efbae62b71f1a1
d4cd1b38391945714714cd714bbe3e7933430c5968c948076fcb8f36f96768b74fb92ba93ee592683d11232d6792286c44a2f69d30aebb4062df7dbd
2049e3ce61e300b0c4a9de0e004b60ea2dc8d8f7cb812405f1c87f52bfcffc27d5f599f2a4ba1e913c3f6e24218459cf8ad35a0862bc459d36d2f83f
e0033389e88a22fe6983a1366676c1c561fff136cfafcb744a74f21fd4ed33fffa794ba93cced9628dc5fa8a0d91c99672986cf9d7afb1e4fbe7e9c4
b7e0b6586e7fe6da4bff01db624bfef3748207610ba8d56aaa649c568cddc269b59a1a698a9cff011dbe8dd2faceb5a7698f42f9d0a9782149b5a029
fb483edab48d3da276ec12499b4a8d64c45345923b404d36b7e668be1c6e47ca9705477793475247ab8d8ff4abe94c9a0c640e57f448a7a48924dd5a
a17811165831f9489ace35695d533d924c6295bad869b652ba4d6235b968f39b913cf153faaf9bd4113ffa344578e693e942e1c6a786594fda0462b5
92ad5f22a526556109067595a6c9d69f479a9e74f99343909e7314777bae3ee2c7f926f5cfb54734cfbbe9cb1ed18ef8a9934fed92c4eb61c5e85402
900b1514cdee910a6ecf81a44d0d4224d948d325dad1fa911274bba10b04c8821fef919e1226f3f1f43e45e970a7cdfca7738c697dda3ac5043c0d9f
6f13c91bfc954f453b3bc866fa3c1a488f36aa30ad8d89ea8e00f588d6135f49f5a6fd66fbd1af48d2df5c8519ea00a184de7a4447a1ba28d573c4ee
a08f68ae9a8b62ad8ebc0f8af5c0d7b720e927d27da6084d87b131914f0eb6888a9d30e923a956eccdfd487e51b2f61cb9f3bbbda4905fe1bd92a800
035741928a967128669db05bdc233e07d4c5341096a9dadfe2916426ec913c4613499af233b948534e650465eae60c7b24d1b6d01b0abb49acaf472a
9228ddda8f7b2035a59d487611254f6b3706359b8aa196164d0e79243faeff79e17e3efd5136f4d384561dc9afb7e4aaa9d4992b26493381d623893b
7d26cd1b3699a2f8637e8a05edec2d92cca92d45f8fa4af9cf51d833df0479ea9d49640634335c7c253f0698a8058a88a4e995d4c845fb4866b8f9ce
fa9156986bb95cf9d33eb9d4c68e6f6c5d25e0125a6c9ac6c98417c4e93ed93d046982ebfa91c4b156d8302a07d88da467db9b36254da425295ffe68
0bec48badbd714a1bbfd99ff04e4e3c0147dd97d720a565ff4f3a50de6296fbada03c95b2e4d9aaa758da45aa72ed3b5a62b74cd77648d47da9292e7
8fbecc7f3a91df9aa90de9093d3dcffc2780c7913e13ebe8c9b1217ab3928b84d8cdbe5f92e7b3a1c19af748d3a39d1f35a26326571d1c57bed551c1
24126159b998d0c23e958b134fd0a7ef11432e42785ccc2f019fcac5f412eee9fb25bded20c5f748a6ba2eb0842a675a8a589292e9f3b6ef1918013e
ae965cdc88fc278c05037af9064fd718f3d4d9cc85792a17e7f2e5f06739c62e5fe1397d0c73bae8c40b8dca955cdd8a1b697ae6e74f6971aee46abc
255de5d09ba3e45730f0b4e4ca49cabf7a759623dffae8ae4832014dee270eb579cee433f523adb62b7096bfa049a31cf9f157524afc486a487f92f8
4f70d0c2f0087e34721c8b2ead4ce6aad8d2ca837cfce73e7dd96193bde812eca3301f045b2ab3a440b562a66e622f9d25d28f7e4cf96e1383651413
eb0f1413bb8d59d4a615f88f08a5152d366dda4c3f3ac47c61b50aad54cd6ffb48c2a1d4e42be4097764519f55bbf68fe1289dad50218190be9f1e48
0f34a231eb9bdd29397c0d3b1a5cae1b54cb333fbafcfca8170227b308ce6aa59142288dc1d55100a59a83128012fbad004a57392309cbc3f90e4089
3da73940cf4d5dec4fd993e69b07359ba67969497c346aed48113f92f2e94712ad37b1373345c0a2d958e50216cdc6f0373b57b2169a6322cca43d3d
3a1851c18c663b92e794943c85809a29dd2ee01ccc0dd4e89532a4d0e39414b468369686a145376f99660cf3a485dbf5e63f6398b95c350703baf365
d79794b75def94a02b3693b6c159d0928db0f0678646e08b4c61418dd05c3d92900c1c9aa6293bce2b89975b9c54ebb8d953cc5a769ceceb821ba1ca
7a241ced0ba2df00379221d6576ac41b20a9bc0192936b4f2968ec3814a030bb8fa472ad2763832be87853961d3773ab1b403193d1c789b4dca8889b
396a1c51e3ea0c07d9cdae0872e8660e755ea32d1f773f2d922a3b642d11fd3a4d31d2d0be9fca3a91550309594d07e7c94253f5563d6b72b2e9b8a6
c351ddb1c59877ecac5c48040fba1e20e73fb76e93929d35f3c5241c3583c3153483b3696b4af5db3b334f9ca539af3ac664eee71d63324f485198b5
6cf5a2306b3994042d6a39b0042d6a39068c2c1a857d48c8a29653f0b62d99cde5c6963c928fad2ba323ca98ccf672634ce6b91bbeb39e6fa74a6948
369a8f8834ec427c1a76d109021db52bf5c3eecc2deab64da471fa1947541ac7af7044adb524f2b8a4be3217f754811715c7a1c0418f1e23a9cf44aa
b9d8dc7825518a00f96346b28e830e3462ae7002180e646bcf2309a2cabd5260a02baf0661815a6e3c37588a915ca56facf9d43742c6c8d7da960275
23acf98fa07cb42a339e3fad9de1e014f6a71c6f9ade34f719513b57ba43709ec914369ce7e03c347ca76708ec72c4c12dbab472b548bea056242979
e946d3a5451160bab4c18c187eb3b377180134597b83593790966652beb4818f5b15c14d6b8a107899a363185d4f2384f01951dd0c6b806e3295cf7b
a1d788657a725410cbf43e225a97c9c630f02469f957c741bacab1daeea4fdea5c8d247d50c997daa4b970893fad671716d6e73edfb4a211e6bfa5c7
4a3ace9aa199aa8a05e442cf6a64cf95837530fff2a97aee60810abc7377e686f03923c7a1f03923b72ac173468e34c173ca648a0b9ef39568862231
4c26aad039233a9b61e4fcbf03eb3c9f2efd98aac9e893eb91d038df19e79a0a8d33db194997158e91c945b521354903e9d64c2d48ba5651a039d2a2
c97620d3e37e137dd4727532dae6c8f233dae6b853a6f5d7375d60b8cd713341e7ff183bbbb469599e594f49051476d65ca0bbaff90f6169d559bedf
defd6ce64011909f90542a5ca5cebcebad77a4d447ccc887bc138f54f5f36e1bd13819ae5ac34cd18d0dd5c898164336c898c61226616963833550a6
1daf287ea29e571d22ca9a3632a6c43a4aded17aa6542357f2aa1d140ca3d061b9d31917b3713319ccb7484dff3b9275732e0382c1dc9a7d2aedf2e0
339ecb4686fc29d0136fa970cdb1e9090573ee672afa4aa2e52669e034488652b747189873a739a26b3b738b9a4eef7cf207857939b31f19f27230ae
938445a9f4a76a06d29f24ca3068f29e300bb9d418ee7270700aed72463b9f769e94bcd7b5fba44edb05f9de330fcfa88b82af9c5151a7f3d6b7484f
3b33f78d6589a177b2bf51f64cc8fb49bef7ccc7f33a52563c4c485565f4c8c7727a3b7dd6b1bfcce75c3eb312c5f9765e7b1e1d9268a82fe6477ecc
749f18274de233bfd0bbe4994addc37cd03da4170e1bced8db0eca043219dcd9f2a4fac4a630b183d2df67429f170bca447067e688111169b5990999
bf02039dd995440a77d4b45a9339bb8e73abc6db6782b833b342b6fa3e38da56f74fab48fa4dfb3f99609f478b7ab123e922d647c4e9357b22824ce2
2ba618393841971d8098b89c6d3567a6b8e58eade649e9419802974da66f99cc8d1c124beec06c44cbd9990e7ee3b2cdb444929594ad511c74c75622
c92eca1d5100ab23feb4652b290b63f93847bb301f5d3dd89cc547776c471ed5ba64a62c1b4d394ec54777449b141fdd11bfca52e2a638a2c44677ed
9cfb22a3bb72d355fed62bb75751d35dfb99f7341bea9642f7891797fb14493f26e3245beb8e86a4fcadd77e4652976a9ed48fc17e2bbabb6b47b334
dd5d1b99288e7b8e6e21f6bb2b6e53e773dd5b247531f3d67426b93298fd0e50e0230a4cc1fe6df6bbcba91d6edd52b6d85cfc95fcf5c856ffe99e7d
05c9ffed44d2ec632b126dde5d7621e9bfd53c29833df3d4247a67c9f7147f5ad296e50b6944fdb89647e59261127decef66617cecef4e97505fd10d
c47e779ddc813f585adf6765c266c43ff20a9ce922feef9e37e5c1657288feee3a990ece217ba6ff9ad327ebed63fd95bd418477d779a4964b7532de
5666afd4a27667dc34c3cf8cf7f47e1749cdce786b869f7b6a919acb24fad86170f1a442422b7ba158ebeef7522687c199f76478672776aad9ca8e25
f4e47566ced87bc06922f0e451d9cf3f9ec26c19a6b7ebe9fb521f32d73c8373d07e743b3b3930bfbe9d5d0d49b7b3e39f98ede751ffa58e2407c915
49ff6c8fa47fc6aa1058f33ad96bbe9ec16c6e5fb34ab0997eed58606b1752f38a6f5040cd2b58120135afb3e449cdad2375cae5c3c9faf51d8fd343
28cdfbc994e90fb2d005d2bce227fc1a1ec779f9f58239f2a4dd8dfcde2f3b74eab146d233c2563bc69652ce2f4a7d57cabfb1ee7aa44cde115697d0
8f3db7caafef4a191c4d9b5122e90294c6ca521f1c81b08e2f924150c7d775a3f4b03daabb708ffd6088cd52570ff6da9f51163446b0c7d7c7f313ca
22ce18a11eef863624612ede32396a585d023df6a3e44935fbc8f7841b7b1ba366b3d188bcaec7e26beeba1acbe1cfa032a6a22090b74435f29a1e6c
0a464006f0f2b32f2a4d1bee60def368e70b72451d79525e8a1ec91d6444cd499bd3fa67c7d45b8d7b48ef15173ff26374a31fec11c251f658b105a3
ecb1120846d90fd69a6094af2b4e30cafb9fa54c7f8995201825b1598fa409f47e4f8ea8b7ce8f27423ee8f994c6783e518d283f8ffc7a533e6caca8
9fc1df4cc41fd4e76cbb3fdfd2d9080459ec9d934c90c55238c90459ecfd95e46ae2caf467eb126e833fe3438048fc75d9e8ce3c29c7130ac09f2670
3f53a7a2b1af943df4f765a42dda84af3c29634ecf17a438e70cf8739cfc95176d86a0ccd8236e737fce6c7c8c8872938cffe06b14a31ed4f88fa42e
5e91d4453c387f8e9be74412d7de68ac6627a6ed2365ead4db18b9d6ce48ee539e14b70e266611eb959232b9563b7bb293d6f6d4e93079e68568f5ee
3f9132f588f3e1cf41f3a894826ef6def29e9c9528267f0e9aef794f3d627f76b2db5c2f0cdb6cb9b2fdd9b09affeb4c90a8427f8ea14fa5cbf390cf
3b863e956a57efef7bfa83d82efe6c914843b5ab774e6a91f295828221a8e75d46cbec7f7d6bf14f8aa42eb5b44c0cb25905060fe4b7b0b2240d213b
6fa921d9c719c9f32e921d3d9eea63f3f2b1f96308cb590c3b7d242f9813490ba64792dbf67dcf0ba623a9d9576a91dbd61d1c9bd74bca8637043ae1
d57345d2dc6abc675e897cc1e9494b9a66b633d012c37977dbc8275906f9e4c7ca35fd1762b301f3189bc17adc8bc6e619fd3e2b43dd9531279d69a1
11f6c9d614ca5b9c51762efa9627651d4ecf7cf7625b1e9b5db2de2387e09ac341438fb4cb5a493576c956fa25f65b47e13e926c9e3e9e87a09bc584
1d8f2407ed995ae4a0cdd73d6f47def376923aa79e4ccbd4c133757ef485bcf7553b195307089f1919514818377faf5d1b6e7d588fdd865bef044378
d0d1f835bbcdb857de9319b7e63df9ca7d920e6145473bf39eeff95b5e1c7a3492ae4140698732ed8e2726e45f5bf41071dffd683ea95fea6377280b
ef3069ec2d29954b63350a9e3ab0b20ec153efa6d21a87e4a3820ca1558703d71f498a1b56af21ecea5d4f242ddc9e6f909a8de6f8542829d46fb406
36046c2d666879242f8e915addabf443bdaa69abe729954ef7916ac4a56266954712ce1cc0f610e2b59867e6916cfc4e27153d82cb67ec4020f8be21
1085ef3f87c67088fa23f9af32aa02449804e6913c37e99372a2f73defa94f579aa63eb1f877af3d16adf2053f63caa3c6df00f918bb575f89a41f57
f2a6bd6129f37f63a496fd0fa9547daa794fbfed6064587d79d27f2665ea05fb9281b7158be430f29664d28f78e88b05e919feb1bfa21b3790bc7218
9dc373dc779a71788e9f79d18b9a278dc661de1c768638c6e41121a13e118bd5fc3c6c903c334968dc07c8948abde5be0f1bcbd1e829b4d43de2502b
22394a8b5dc100dd6dbf228acf84f13cc0739ff98cfc772cbc03b2163629f2183b6eea11dd59f66f1219ef9c0302e9de65674addd996527787ff48ee
62878d3fa2b1299c79242fc65531485e8c5d6c90bc981bca70f2e29603e880a1a5a566f78843f958f48852f351bcff4b01545c3006d98b735e1ec493
f68802d7b0f11cf0b0b0d985c0906330048699b5cb3f84ee9083bda40d862666288c14624b2d460a957f66c0791ea56b07a27f16a354ba5dc503493b
d3fbe8a9b28ee41fc72626d070e245862911b9c90da748e6323e6044dcaf88ccbbd4c36f6a88fe4d9d26d8e588076a08471c88f7307fe2b6a3ad893f
b1727d1d2441de392d0a3446e85d8545d569135eeff48d75d353d5cfab9787a7912bcca4127b0a7d37f50a309ce1bcc70d8cd1301878bbd059cc85b8
5d35a5faeec59ee254c7c4f98ce2e43d68b8c5d3f962763bb7f176b11484151e2d6db0c7f1628a9a2671bb4a4a1d8dc1b66080f076b1b6cd8bb85d19
55d83aaf7cd6dd69a9cadd6137324fe2766502199271e5ef3908f06a11ed7aae69e49ffa6ec9c489db4587cc95b85d35a2d38bf19dca768fce68bac4
f37cdf3d55f189e4e33665ddeddf11dd3b8eb1ea10d8eb489bdc3be6b181c5db55f2b07b77a4d4bd3b52338e755a0c85119353c489d581b08f446779
55b3dcc1ae8f54d51b3e0ae48e1da482f4e0381544b93a1efb91dc5736aa0a02efccb346e04572dfd87c9cb979bb32c0e0f35a1ae8be714c561f1d17
cb43a8e5eaa0cd472a9268037141684dc22257a2a8469dcccb889e97479e756f6a44fe5c2a665ee65de625033c99790c292b8b33b4b2b2d8138d50de
2e0e4627763e47467c79f1a7efac16ceeaca7a4081ab4ea73752935182ec0ccdcc2b4fba947feef0cdb4f485356a40f359d9420568aee0d4473396ae
30e39bb17485a5e374ce7b61a7703ee7bd30f59a514d0c6a33af115d15deb98e3df5187070a509d2b831b60c7332eea5a4227aee3114aef911290592
cf69dbcc5d544a447787d3a399bb0854ec30b8792fccdb66eea228c9ceedbc17363ee576aec4438e86eb284d3640a5b0944cb9b8971651d1b3ef67ec
6766171750fa7996af4e7e164363a6a3f23eeceed594f2b7181aa88e5a44778fb9d8c0afb2a18a89b102d71f0d882a73be0151e5bc107eba82de1f0d
c02aebbb815065676e66ac7ba70c38d31a516dea9916c699e696dccc61948b6933ecb4676e9af720579a66dc2908bb6120f51ec34033d29473f584a8
880debf48ac805e834535167e69e246a60e5094add40d28dd32ba21fa9d8fdd953f1a56753afbb73e45577874b9080d509c01a27491c98500656efa5
e5335f7fa621fe2ca6d41c0f9cfdce33bd139f3844f4f8de1e8cc21e5b9a38dcb9bc69e82c6622733beeb16818a2dd81b40da795de09321dc668efb9
d33aadf49e3b96d24a372ce243b490ed78eba5732974e7b634f8cf9fa174f22769bf974baec7c677ef318218dfbd133f3048390dd26d08df9d38a001
bc1b3cff380d6d7d2b1a0265d224e583004c35c4edd88ef45b21a735ed59669c4a6ba15ae811ab45c6818854ee8886641ffbbfb30f3fcf0a527c64b4
1db07aa4a38ab2af69ef32c0345f71c28a91c29fdfa4a78ea427d07b90663a4ab331dab5706e9afdf1885a7c753a7b22bab3e81746691f44e30e9341
1e51b80dd33e766c3086691f84f50ec3b4eb9657970bf3aa71d969a2b18123a261da7467f85f51abd9c1626abb0c208bc94c18ee16539799213beea7
11443727ece510d9d8138174c750713948369611133e1e316a08d3dd626e34a4fb8841d58c8f47cc8f1791f6f91d201df33bcc018623645c201d5120
4cf278c4727a41fa555295b93b68a2e67b4c79d73424b9a45eb7bfa4f46b314d94dd93d0c3714109c66970410996d24507183718c2d0459cf07ac48c
60b0f7d133e64e9e821a7611b18d92209ec776f67c5598fa91b2a5b254f3717b53682c62061c0eb08c303c13f4b5c301c68fed7080f1db85157f164b
4aab4b3ba253adf05d65d76e27d3bf3b57e948458e1060588c173f99fdc28bb773a4451fd79a7aecc4eb79568a088e9d21fcf8de62e21180bc9d6c46
e6841c3b6bce9c907d674b3166bc96f7d54b6c2e0d490c6140806e51c4415bcb57a79e4dbd468296bcfaf1b3a9f7679131d36ab82ba689d3ac0e4c5a
5346de22554da2b1a96a3a730c8bc39c9107f125c39c9177696a86b08def3a330bc165c329bd6bb460e3ceef527ae4442d5b8de84432471af955efff
839d4674934fbdfc3ce32f01cd8eeecc0704f10d67f82e31079963b200c518e6912cb1dc089bde70a60ee7ff0ef5c0307364d84b86992313aa38cc1c
9968c161787a820e87c922f18c0e9345868662981eb2c6ceea1ce00588ca20e93791426398140f6cd630cd6301c1728b86287724a33aa9c8942a0cbf
40e81751f8631823c31c18c6c870c91ea25419cc52b141260a720c8324de5a1e433b814043d8f412954fd0f412c552c8f412d5716025651f1a84a661
621c68fa8cfb40d33ff3309a3e8d55428de3ad18c52caf0ecfed86684abe91524770a422e121725f124efd8c4543048e672eeec320df2b12d730c619
10645e140832bfd63c29cc5421d38f2c2d01d38fac4ae1d28fac6fc1d2afd87a0d44afb9153a393880e0e1e4e078c1879383831f1bd3b0ac9e32c1b2
98bf225b3c2ae7e9342cab45122c0bd3aca0e717e0e4310dc462e799b992f241c17472dd36f63cb3534c8b17a8e6318dcb62858b68f102893e8452bf
40868f691c23e32b947a6845c674f60afe8450ea1718e7318d5b646f9af6fbc65e2a60fa05c07c4cc31899f202a61fb5a74c4b05bd751ad4c88f9986
319ef9849addf2a400723d4ffa4fd03483cd09bb1ad361e0e993c137190b13fee7a7395965fce0d318b4f745018a32508ed7c94c70bc4efeda122a2a
83ef789dcc2761178ef7830214b57f6358c634248dee2fa7ba60422d03d4f8bc00e6b7943277a22329409fbfb694eae2782577622019155591dc890d
49d8b5336d110eea2d135a8d5f28187a897e2d147a27706e0877de071ab470e725f7a265772c3f5448f34e48ec10d2bc139b3f04342f04b90d253fef
50058cc57e1ae9a332fa27c4ce785bf6d3938c92765742308780e67dbc925b4d3ba75bcdc80b5736d216e17008eb1d4a74dec79e5adccebcb724f175
e17020ab1a429697dc3304257f36043ab1e445614358f685b2592c2311ae48f285b25e84012fb1862cfb42d9c784012f70a60ca1bc4b0e00c1ba4b2e
d082758fd623d9bd1e492de344fa18508076fb7194188a8ba0db2577ff8f63c67acaa6de2b480681a44c88010ed98fbda93d92bca9ecbe1f7b4c73a8
7da03fe35728e3798919e9e39c1471980af45d41708e0f9979b1ac18f4bdc5eef2b12f27d7bc8f7da05c923e30f37149fdd8561da5e493039cef2829
0500c1f12129059af8c7b6ebd8138403af4055c70727270abec0de35eac5c7c669c243c7c74ecd5ced3fe6e923786c7c706aa2727d6c9c8e89e363e3
74ec2e1ffb7d08df1d1fd84a471e96e7afa6b0f955065c6ca5c077c7c7d9b062f6fad8cd13db9bb0dd15b8e9f8d8cb13e3c9c76e9dd81b3ef66272dd
fa926c02cdf41be6be82c88c48a9439a59f15f331e44eb11e0ba3e80f67feed95f2665be62eb3f6bf08b67865ff525e4310f13f2c8f4fee29a61ee0b
925d01e30fd3e66e170a9478732bd0d3f1c53573e6d94b6fd2175c33573e3a54987aeccb6007f97a7a5f575eb5a7867ffcc553d3d340faba21baaf2c
48f1ee56b879c677d2555a88f6cac4fb9ab59208cd21d478851c687cf1cd8cbcda55486f70cdb0a8beb8667a2ab2e795dbae33aa6f700d8cefa43bf9
8ebb33d262bac367b5366e35985293006e6fa99da0ec2882b257988fc677d13b0666d965c8afc3237aa55ef72ef598480175ec8b43b4e755ffacf4ce
c16ac4cc8f1f6e1c9402a561af303c8d1f5e9c94f9b67045f46d81a9669adf1e7df18717e78a68b7c7998adde29e5227f67d6bb6e7e67d587e829267
4d138ac6e1c4eb3be19ae387a706d5ec87a786a5f3c3357346741b51507eb86618e39f6dcda0a8c70f674cfae768e1c0347ff86698b83ffb664a0aff
348c7c553b7aecdd3f6e642cbb5f6e6429d585357ef19fe9e5de069badb2e733e2d4cffddb20f43d5625f3fceefdfdaccde1250fdb1cce766aa2df3d
87ed0f80166787f3b8ef3d33480488b10298e877279a7898e8778ff5ea87a38643f487a3a6a6265f3139007e386a4a6a967d3c9d5dee2c638a9ba6e4
abeeecdb6077f67d98ce5afc3343080a90a0f3f710f35fff70e2d4ff805bfcb38727d6b6bfce48344446e240b49be042925f809ff3874ba7a481fecd
9ceb02d4b7e3adc73daf119dfa91f9ff672f0d0a8dd88313a43e8ca13f72be3af3fc118fc39f81bf41a8fdd9161dbdc989e88fa83b7fb645bf636837
66dc4c7f36bf459b702afa235e1bd3161fef48e0a779dffdf3c3d4ac74a09553e92fa705c336b1add3219ba6a3a6fc618ce3b83303f21175c20cc847
b41633201fd1c9cc807cbc23e764a2d11acd797c44f91076bed5b762770f15ed6f62608828cf412a520a979abe2efe0f9db55b27ebcc94c76780a8a6
3c0ef2f88f7c141944ad95000aff48ebcd25cda9e8836e86e4188bf7742afac354ee8fb8bb0d15d1a6f433a27d01de17a6c0f10fffe4852857c7fbac
1d05be614e731b1fe043a733d31f780ae6467a823315db55e00bf734f5f18173633a353d10e5e95cf4b5a44d9ef33d6d320729dbd1dc3cc95968d360
f7137d74928c9ecd6a3a197dd932521895f35d4874d221b1e63051e7864d39fd5192158ef6a9ecf30d24fc74f27927127aa4ea1719441b94c1564ea3
e60bbbc8542efabd01fa9f4e465fd83fe78641f98c385d4a6f269d6324625f4e55c20c1e1989897d964175eeef92569916b96460444b41c8c0dc6c51
2ef98e2dca25ddd51c2ff52d3d952a2085640c49bddd2243a3f530d2602d8091c966f33297c72948fd6303fd6782cce759751594d414e0fe79d523be
fb66e1fdff9614a24ee377e363d86da76996e1ea993bc95a18c1dd76e9fa8ad2476b3e2226d1164991d7ef939aed584ea620f0894799bb03fbce9435
3580176589361ffd235db2330c2419084adeb3723952b8a488d22b25db02f43677108c4c7301d9f7a075a690ec7594141ea21961e87ccdf599360d64
8f0971eed68908cc9ac2ae5ffb2b69cd5e7954f1ed576a5570302b4b48f60387d1dc1dd2fcbef7f3048fa8e0e04e534d90daf9e09279b333c6264865
c909ac7ec1ec320548bfdf4b998c9623752a72b7f337cc6c3a689a79bd3b53c581ca569ce7619e532b2bf37036025f2aa701e8216c9887d3c561bf98
42a0dfb3e1449229f24aadb2e2316f0e5bf17ade534ce2952f2ab47144b2ebafd100030cf38b0f73475dd4e3a0d333922c938ccde130d32befc91679
a64c065546c369ed8169cdc31e949ef76450b5463e0f8799666c1c668a223d8d4a1fb0accfc371a66724595b33c69ac5e73b1ce643e5871fe643bd78
d161a7fcfec3b4a6f9710e2dbdf8be8349af3c69232a0d37ab698f647c36f34608f282ae310520efd9208518ef40e5a6e89f3bc0ac29f87887017e0a
3ede81d84da1c77b96a9d0e21d90d6145abc83399b028b77407ef370ee2a8c0d5360f10ee3ea2c8e8dcece6e58f7b9bdcfaa01acfe624b5fcd9bb2f4
8d48b2f4fd8748cf695077c5af3b8b6385d8b784e22edc77a660db854bca143774c9395f6c7eb66d6316cccfa945f6ca12c91be585244bea88e45ee4
0b72e795b44c71331c1bc5b140b602dc929c7b05c9d13f9c04c551f3d14f8a0d2051ce8a0c20477a6f13c7f156647b59c9b3b697715c0ae65db1f04f
50ded13204e4ae382d67b13d8f15ef6cf78d98c709aa3b0a09a86e6e09b33884011d4fa0ee8aa76282e9e65230c174473b01d31d554698ee8aeb6202
e9e61a3c8bf97788c59ec67487b7668a19ba474da8e63e455734847b03e635ab4d7fe0eca630dc15ce8d09681b90e71468bb42c131c16c035a9b60b6
41184e40daa013a750d915f685596dfa039c384d0dbd01359b425ed7931f0ef01ad0da34981ae7d6345c7a2714771a2ebd13b93a2b67316f820e6557
af5828588195b0b2f7d5a657194fc0a16cb31570684fc5b6fab096aab1a225cf8a4991d553818ae6b7911b866dafc266ca2950c18a727c5427222a29
f4adbc45f4359c19ab4cf42deba0628f60e60b49dd8ef4cd16879226f8dedd522842d2b41e83035312a83411ccb36153e06e20a8f41e12cdd90c0ca5
f5c6461f99f9c6465fd8b366f33de97f0ffb227aa4d417ed92ef586b6fa9ca376b169111cf3b01c3b3611c601519f1dcb2ce05716e048cce064eedcc
b3becba13e34706a9ce60d60dafbae815dd73f13f03ccfeaa6fad6fba77b1eed9561e06d0298b5b7907b2ac334b904a6b40adcc4bf829c0ffdda68e7
0393d46cb935e555c18c509b1a97a6345076802bfd9e5c08d342e36e320cd3acaa9e4cc63e97cc4a114437ec48b37147ca57641608ebf634123a34df
d348e8f636df381b2084b37111aa29fd09f0925765d8e6143c097564619f66716a2994dac3b216d0b960c5984e484fb0c514b0f9fe7c4312a17eda7e
6204b8f20d8c9da9561c67dbc8c3c6747524f9f5196b61939f2dea44d4c587bf743ab120c6a979fa1ec41a1136b9605f9aa70ffb925aa53395bcb7d4
afbca7039d5f4446fa6c1c5049137137a19226867392843e5b075cd280b0275cd23d2db2c3af6770310f9f111f97017c21d3d0e35a329cd88eaf7cc7
9b2f6dd25cfd5f936c3e3dd306ef66672ab2f9341fc568455f49a27a45f4d680467c92e386c5750299e4abcb3af9fbac406c69bd2fdeef90fae29d8d
cf24cfc00ea601c4018bcc2b8939fd2a085cce0aa56abf407fcecb8477ec7297af212392c05a9c8297af1a9c4742db0e1c39f3329ca0e4bd3f95f19e
a2b909049bc2d60ee2cda6a0b503dfcbbc1ccc5df3645519754e2f2abeae4c80788ae695df9e6aec45adf9bef3fa30472ed4423604a36e3730f3d3a8
db8df880493675b0f8f3e2d41d11abe6c1f5ef8dfcca24e1339e24987ca750b68dcc34d3e9d3ef8d3285a6472d79f5a3ad31920d51efb37fdede2c02
a465ff1052f6c2b73fbb19e4d83f44a47c80f19cddd02edad30de6e2b45076f45b3a919e5d883c0613e664f424015f0fb213cc6ec420bb9760b00719
0f6677dab591b25365b453347470fecfeeb46b2375eadad8538b20c770304ed126df7b601ae36b7b3ea1cd13a5ddd4c8837b6a774e0f96b310acc7e0
bf75df68d379cdacabe4fb82610d96af529e3f01a90c8defb419c4e9b631c0066565d80ccac268209ee4528f9469b3e68ed0097b4ba77ca72da974ea
519a2a584b4e21a14d6f294f5a4b3af3a8302f671ed55a66331ebee1b27694a6fcfec486e4b6e5491d1d4cd39183ad23eabe8d3622106a87356c0a83
9aa0ae290c6a8f8a2c9ee4040bcc61741577ab617415b61ee1533b4c5973185d75e4bda6de53a7cfbf23ef690cd92b40a472a13706b5622550daf092
4360785be3670b825aa2530f6f6bacad611a8af4565bd7795c1175bb3e53a96ed7e9ae792832a2e6a1e0bc1ae6a1409315477289b22db469c95633cc
fa829a2e40e9c8954eacc823964db1220f600a5360d30172620e23a8380f05361d6786c9082a8ece612e9716c9845e232f7a72f945e5fa1eb9072ad5
f78039f1968aa481a466f307a709e2b96a08b23a8048cc69b055fb3741f83479f206ee680ac21af6be29086b05fe38a7c12b607ae634db6c6e9ad3c1
f35724a36b988ad3c1f367dee46649bf7cbbe57e327dbb8df9721a8cc5f66d7ae50d34d09cbefa5e91ac57f45424ca09fe96c0aa25b73861556bd6be
d0a915f8e2143a3504c7731a6ac54c156d7282f1e7743603f6da693bcc9532f1c7c303350556ad9024ce99d3386d53ba999c4ae646ae4011a7c0ab15
7ad029b86a85dc724e67db2d9c13d350921a491a41cfd492e105eac9e90ce81b5eea396d78019137457b5c612f9da63ddefafb511b328eb448b1f428
6ccbae11c08373196682fab60cb2029b30054cad5055ce8519e6156de5d823da0c936a052000633a854dad30604e6153ebf97ec4b97c6aea91e7a244
faf347a8162b0c6b5a94c9152ad6b94c390f367f0aad5ae12a9dcb8c0fe01ba7899137001b7379dac6b5b2ec36073735975d2b351ffd48b74fd9d71d
4de1cf62befa6791e125169839b71cdc18f7ce8ab587770d40890b6971a5a0739ad939c796230288009cc2b1de774da6c3b23da7461286a745123ca6
e6936e2e3bdfb2710720ed142b72858f722ef276b0472c67aa69295463395b047aadc45acc65c4548934f4f733f2cae93132d40e01ce0d56d4c71540
f71408b6e6b436d5f18e037f0a135b21f29c1f5b72f8651ff01f571e3512865de963b814ec6df3438c2f3ad1c741bd8ca5498cf7fe5f6c2642c63efb
4d3ee39b1dfa94b0b12d17d38f9155d0eecd8fe218b3ad1b38bb434f383f988bd8e43e865d11f4758b4c221a3ce83a23410030bb9ea895132e303fc4
ffb2cf0a66db723ff910fedb53af2c72351fb545aee75959e4f22f80959ce98d6101982c04c16d393e3e84fbb2ef7ec091b0a43fe04898571f702419
267024cc8f0f389292d2ae3b526a328c842d528ccb2d7ad9c7281236690372cf38ba0cc83d62a4fa38fef19d1f8e7f7c47d4f18fef3c0456929fbe68
3f55f96a169fc287086056ea8790dfbceaf6b3de84c87dc4b4c2d6c70caa631e6341fc10119cdfb3f81f2efd023ba1bb82e83628d0e617d40997a72f
091c9998e2557eee8b0dd196ca814477521306a7940a43f3be69d0494fbd069df4942ac1da3652d3d7edf7181bc07b00b89f5f6280f1e119c07b0050
9f5f9b5a41ee4f23780fe0f9f34b96a79e9a7d7566057c31bdb2bcbf4efa74e555f5271d5048640c3382ecb618658dd83da2951bb1dbe2f9f81abcc2
8920c0eef32caf3af3490ef62fb655546a23768fa8a342ec3652f24c23768f28ea5f83aca28b19b2db001d4e43768fe8ce82ec36124cccaf4dad5b1e
756fb87108a1dbc8933105d06d57ba26a3c5955fae68df2b436444c996d17404e39621c33c453f639ea29f98a758903f99a7823232e2b6c19a3485b8
7d9edd109f019453f59f9bbb01b9254bd980dc92d96d406ec9ca360237c4a9b73885c3499b1c80c94018809b9c4b53ccd27b8863a711b8835c4af387
c2cf912c406e8b995478dc16f3aaf0b72d0655016c5becb2c6d756221ea7f0b52d17ff9f63746345fb394637ba9c98a0f784b1cd1fe98cd8eb0d0bbc
c0502de3863056afcd31586efb124e286af3124e68c009bf0c13dad8d9d786b6eb41589b93ce5128e84fa016cbd09f034fe7da81c9d182dd7f0d7bdd
daedf0f1beb2760719f654db65fd69488abcf24eb004211ab81c97d936f10caedd610a354fa2b6a7393f15e651eb001dd15c0607adb15dbd6cb45c2c
1fa3d3706f54838f0c275d61041c74e85d6a094274373c9fb019834f4c5b51e830a603be601be81149f7f3835ed8069aeff95a75a54c9a68cb7b1e0c
060abd34efd17b4460d09d676df0ece93030e8ce570c836ef49163351fc5e299d1c12c9ebfacac4a2cbe656410f4974be494b7948f28b0345347688c
e29d6d1d36477983bc2559805aca9e81acbe772c735172c15a87695bcf48025fb0580edffbaf48baf733530f2e4905d1fc30d88096103d15c8dd32f7
e40eebf83a50087b4a7d2c9f2935daf67dd74e4efe11d9e061095b47b68d86e818ee8c890fb6f759a597792b325e25dd119dfc968f2aef36e408eb70
ba0d7e9732c077e84ad761caf8f44c093646ff373e651dce6ccce43a6c2fcd881802d4d3b48f2446d6ba60c90f13ff76f556b8c430d933d705082a28
f4b724c75ca14fb6a51606438cdbefefb265b5d22731a94201bd041d2ae40e5f408732a4860e35ba64332bfbcc61336bc97b0a652c69990c9b2d4faa
473eb7967044f7931792f60776dd62c655d67991e3912bc912c76441895fc566b12bb568925b655cc61471355c668a3cc902b4a08644ab5dd03d5a63
5ca67bec80b05731131e578365f6c7cae570c1fe8806bc0a977f06d964901ba8a75598d63b0dd6edff7c5ff50e5ed326efe079946549131d5f551922
13e1b54832b4d43c69430b33a238baaa46b2218363a2d8abd4f38facab659f10c16425c47d197a7402bd5bc61aed5c8256e1b67f300cde63b9622c93
48be5b9c492477ee48cbe023dc7ecbe0a3fd1d3227fa2a6c0cc5588e8c20a1252315e97edd22e95a99e6cbc5f4fe7fe33cf287b9c5d8f0b70c2e3ab0
18aecab96f53e3823012b7c33261e4814d75096dd4b0df2f714236ee3fab0287b70167095dd4b82f2ca38b2ea20397d145677e8518211b69e8961820
1b89e79609206f8d96479d1524436f06c88a2f7c8901b25defb306a2e7a303cd33cf9a251ed5c42c8fc973b0947abe01cf5966797c7753b33c861061
998a0e67d01218e3de6a0f246fbc3b92e2417bca3e9e281165dd635784692e63dd38f453ad6fcfe3df319dab394517dbab80190788ffd59c4396b929
58c6059dce122ae32037f8123ddd5d461fb5a1167e98c9e92a0ed9d5d04f4f241fff7ef1f4f1cfe74fef933565069fb3f58b7bae67dd08a1713f5a91
b4a1332b05bab8cbf29e37ca13e92bc95340f470036be512026360dfbd25792f528b6352d90e4eecfa2d8f0a06d8f3a8cdcf6c42a7e34cf1892f0129
2a0c1ccb146e5b4f970dabc043b44e737e72be1937b1e39e5b4ec9fd2a6070b6e1665c70b6b1671a465133b39c93fb0056ba9c93fb0016b24e58ac46
9af87529036f2b4ecf2f73dc04d963977372179ce40b92b711c9b38b462801dc396821738d6f3a77d6fb9e66d79e4f48e760560a7fd1e1eb5f025cdc
65fc08314e902e7c99b0ed8a4626bc45876c7889afedae6620152fef13516a062be6b29394ad55ec6c1d44fabaec32bd52a954899a0f4a9568698d7c
a4f6462d51b31598c1d6651f29aad2c51c8da42582c27e998182adfb3248e8eda14142571e15b09a5bc96590107ac66590d019498be9a2a1c38b299f
579738492e13529cf99eb4a39a2f0803cc5e0b8284697e1911ccd60a8224754eb909334ca2a7c85de6b2e3159552989171e647d8efca3c1462649c19
a629cd89c52bf8c8c8412ff4c888aa218eb611fd41146d05dbec129264e4ce2920c988fe227eb611554789b90b76e575d943cb521434a43cc6e07fee
d49739cfd379aef26c801788e1ccbc85c6e7961b36b2e1a45ce65f3b73e477e8025a4a4d17c0c2341ddb86d370998e6dc371ba3a6402ccb96eaaf3a8
0b2664dbb2ef74f340ffefbbee021b9a7028f7897be661ed8ca9d890e2bc89332b2db647b6a7c578b3de578d377bdfb58ad8526a5f5c9a88b32b8dc0
d995fea0ef6658d17733acecf44ca5ce4e9f91725cd1db46e9bb19549f02f9684e01c6c5fa6e3ea2c8eb330d025ac7ccee40eb583c1d6d98d5633ab6
f3fd5722d338d33c7bbe72a409ec52e1895a490a5ef355db8d586b1df59793b2dbd9958e46dda56fa8bb7953c0ebf4db81d5b9061a0cb303e45802c3
d46c91265f7b777ad3abede06856c7a5c5296f7eb53d16996128732e6ea25babd935950ebc460531d9da1ea3c3300c8f60ac357078714c0d0740b77c
455e1fa6e8b0f7ebcc8bd6cef39e9d3e238fdabf35d2207b7d38c59c59fc7cbf02a32de7e6c0878522368887666b154ea6bdc360333c8efb5bc48091
67e52641bb70d6f10338c21a444373600ca2a1cf7cd56e922b6df2052383264b7cfeea985c37e8bb41cfe00ed6201a9a0922dc4d8b4e23e2b7965f3e
f061714e39217966ddc085c5496c1ab8ebc840400377a5a6690d279f9197a1a710f52735fd59e43bbaf95de04696a8dfdae305f9e7e63eac1a018e5c
82f134bc2b6b384efa1d5fe1fdf1a6ace13b6294cf617ecf188f84e469f89996d3991fc03397a03cadbdad95c9190ade358d96069cb184e569e4a35e
c2f234325eaf0963274b48f09d46c6ed356d0ccee62cfc4ec305754bf697b01f4cad19d2882ff1d1b55c0a85e6693098ac69ebfed653abae883d9f34
303dcffa8e18c3b6d03c2d9ba2d13c25766ea1795a3650a3790a6ec7357345a4f1036f44ea75f8313a8093a017f2bf2ec1725af61567332f2dcf3a26
bae53b8e896ef98e63a2f1c4ade998e82802d331d131f11b9c53329104ce69234db46a3f52d14757b83449eebf6c75ce5b7e957cc556385681c038cf
b3bc2a4b44cf7558f89b8a27634d43a2c1972e036ef6d8c284a969f9e8b2b50110f25a581bb06a090af374ad216a9d726b59ce8a7ca5da8fee161549
e1c64cb2a5d9f1eafacb80574c04cb7c85a954019e2d4f0a678ddb6d39b178dba9541a74e18e6b4ab7f2961954c226e1e4e1832dda2c6ea4315d6671
2b7bca7e92d234415c1947435efef70d4734bdcfcabc0b8e76c1e3c62480b90d632f5c6d3db54a85670b10e065ff5f739433118ced12e2a583c65d42
b8f4187b1726aff44a5483b10b2f9b6959b9cb119e3dd5f82292f764a66d29f34584b6d94c9bff6d332d3addb299b6a5168127d35f2314397a057619
51734c00970bf6c778c5f33fecde1f5b6d7b2a955787a5feb1a3023de0634745cf27a4fd8f3ca99b08bbfc07ed9833ebe310bb9c6fc2ae54226ad7c7
16ddd4aad426c4ecae0fa60ada8642cb616c06b81a550806b8fe7e444ae02bc97e7ba55aa9b36f3d5267af3447ea6c5a8e3afb8a5659d917a17f8beb
c6f46f273ff963fb2d5a87d9dfcef745ed32cc3fc8dfe2f3f964334ba9d5c3928f88cb28cf9aeeea1d4bbbc462baff189d957e9a192886a60fe6da9a
5214d8546c1b0c5ab3b8e06aeef11f5b6fe38330155ceee3c69d8c58e53eced870e651b96999268699ecd0472e33c1b59c06c299b45cc7be90fbb0bb
7d8ded629e0a74d27239308e241bbc71242d93081c490c955ff3ca97488a70634e031b0174bc808d10e7b1808d80b25e828d3480200bd4487ea9b9dd
8e4c942f4c2619062ba899d75f884db8cd98dced2485d9fa426cd2f32eea425a2103733a679e9358cb45eed672f33170a41cafe8b036b6ddaf4f7540
bbcba46b17042acb2c5fc96ebd7eb47843f20e7621c9f08071d7488146c2a1f533c2974133d956cd14fc19fa78e54da5a9e8ef9b9a90698f08b7dbfb
91e72f4202b17e869f304066d68a075dc45af739d890a4278c3ce9039c496e5ead83d883255e2d287c9659b53a59779759b5aeb844cdaa75ed6f45c3
ba693e332da6453f8ba9f94f9ee97f07f52c1367bdc7b889b3e2193317564cd57f60b42a9279d00bd2d0174f245f55711689faea24d3d732f55527e9
d95232e99354580b22ac2b2f921d87c6999922570fb164edb0682cb1649de4695a62c93a49ceb54c92955fab5cd227099ed69f210f8cab08b34eb29f
ad3f52bda59a671a5e7b1a2786e43d5d56fc0d54304b245617b9149738ac0e62a19628ac0e62519718ac0e187b9618ab0ec04a4b845507b1a7ebcfcc
2757da22058fc52f7eaa2b8b5dd99c0f388d9618a80ef2a22e11505d577eb08cceb97dfce1e08824d8ca915a7c6c72a3f833be01f79f98aaae2bf344
ac28715e2965f341d2ce25daaa0bc8d7126dd56588daad648911d989e81ec98bec443af4644152e4958cf98f545596279bca52a7e2b034bb1f49e6a0
6de451f96534328f24b5f47d51d14dba373cd2b31d6d1b928276b6345b413b258dd176df1c09f4888ff976db53d8f462433a5596272f954512ca60d0
6e436f06232313f4b6d36c6bd307232313f4967152b4cf969119ee046d99ee045f98ee042d138067dbf89e627fb68def891ea51cb473ca8a3f52262b
7e6398ac2e0fda62ce9393f7b469d693b62cbb1b52a995e7914239ba1a8d31c6e14ca58a9ab416fc88d29e4f5ae3b09d8c9a12c45a7b7ba4a7a523bd
b7867c5a120cac0c7ef66eb0c248994cd967ca4e292dcc20c1beca608005f41abe133e92f5de86a4f8a2f14f45fb79d40779ad885f7d23f5b81b29fb
93e4b11108ac0c7e9b40606530159c65d9d6d747922e3f22c9e3c0cc173eac0ca6a5f0610f6c348f2a48861fb5db09982e4a933e18fddd54ca234d13
22e9fd84427bf279211f0e66d4eef4e3560b1e517780fc0cf4007a2fdda3994aec116dd6be688089657baab55e9d325bb13b9d9462dd2e16adb166a6
6e7a24a9fdefa3466d5cf48450db8bf699d1e2a2638b5b4044595d2f5a6bb3f0c5f8a055578652211126b27a24eb302943a94ead0a8978dbe390889a
f62824e26d9d301199f43627bf93178ddbb51ee6dabc7624d9244b45b24add919aabc9a37424a597de2c4882d5978664f8effb91a701997742a9b52c
65e74f2e2c5e81d4ce9d811446ed684c5081d0cefd4a2d4b129f7fa6dd59981182959d858113aaec2c8cb8d8a2cec26c7106e3b2e54929c06cc6c298
c142fa485291f64897ca0e24258ac97e789019269ff8b9903e39f346e18bcebc5179d19937d2d22525a8d0fb6525884a9f09773a39eb23c9c09ade6b
c29982ec91744ca6a5cb41c0f915cfb4b9f67451e7f9febef827c99516b34d30df05f3baa50ba9ba870762d38b054961ddbd21754979513a117f5b2c
5397b38a3d928082ac0ca1bcba73273e92bf10c97acf407abee704ab8fd42551e7906af3eff8f8e751e93d7b2ab5de934aa5e9ec345b8ae4c5c410ba
eb7e920e4a9174269c4792016e67600468bc8ebc27556ea7bb72ff6eef93420c94944d9dd9f9827484b72dc208b06084ebea25ad5e567169cbf2c91f
49c7f2c917949a3dda8b79a0762b8b8fb854c8b43035d9c827dc98542305823d4924503d4a90605a23aa8d28a04694996aa02ceb4590ad11b5a71a36
33223595352499e246debb5416499800f61c81b9e0b47c24d9adaeb4ccaa45da220f3a3b89b05be364cfa98632b0c755c36d98cb426e95c19c14546b
9c2c1e91448d9399ade4bc65307d04dbaa654b9d4352caec7ebe52a923555905a4ea3dde06607ea3e53a964b4618fa937499ec0769116c28ac7c5351
6d475a6ffbd7914120fd015b08c97a7bcfc33eec221954dcf32a27358db2ed76a4113ea823d963dbd3609fd469a1c370d9b7c44455cf3cea54083d15
e1ce45a3af9cdb8ca83db6d1b9aa22ad8ecc047086e98b497a4f761667ed3d4ea67e23431c83647aa9a35355e3b6ddf3ee652b4c4554d2ae5792d360
cf9bde3007922f911d49ee909227b563158f505352a3eb8864fcc416519b54d9908a361b3e21d44da9293b5546bb7dc9c908d867c08964c6a9731f11
b56771e835cc5923df9061a9f43cfba7854ba1a036cffde89f5bb618a7462e41229c1ab990896fea5ef13440510cb9018a6eea2ecb077d0b617368cf
9c1d3994c43d5506fbb2a8a7cac8bf1101c240793084f174ceba47f422628e9a406acb641250b1962d5293c4477c9a6fecf7c22dd6c29627dc622d5b
6a355ca5a7d0fb454f4546a5f2674fa2c1d92ec518554f34f5d3a0998e8a7f3ac2bb7724e9db3df5d8e63e3644d9dc5fe9e35f9b37ed3c63509cecf6
3cb688463d703d1062b10e361667b7dd0d547b445fd6d8b248519b2b20296a7395328471cf7d891cb5efab6a5336601145b5eca2a4a8cdf59114b5f9
c7a4a8cd2e4f8ada5ce704776cd9274ffcfb19093cfa19c4ec8cb41f80e319d1e885fc1c7cf87baab2c19ace11879a1fb0d897a849cccf8d3df674e4
1df39724b53de3a2797765338445aa676088c44bfbe5a6bf7a0a5132233a92ade73b3896f39d9f453f0c8d145b8c608d6da0583a0dedfd680aed8466
37bca28576c4a6c8a80dc9da7b4112e68075a2a4b365ec6980fcf4ef936afb5b263bdd5ba70c320cad608e77db2873d0161bde857193769bef8aa113
cc11d4c223490dc46ee564b458371f51263df440c11cc93dfb488a5862fb15ccf1ae261ff4c910c92743ea7ce6cbfd2843acdc7017a623f35f6da8a8
978d455c4e2ff39e9533a2ed5f746aea68e0bc1198b13f51a4ffdcc38574bc5fa45352099c7ff391a45dbe2d9573b921c97f5b2aef29535cc1ca7259
d5ad7952663b168f69b07a47f3150d562f680762c1eaa5a64c5a38d76f7362b5581f05671c6fbb4961d8f3499d6834bc5bf56550bb55df3d653ab4d8
ebbb555f740a0119c7764492ea5bf2dea9b28aa46021f4828e9db4a552e9be571e9dfa4441fa481a4842c0b2da0c6facf5ca17d52786b19bf9087db2
1bd5cbba14ba71642e18dcf89a38055fbcbb11493a7bc9a35d7b3c3bb3c08b776124379cc689fc6d3bd21a5d3cd8609c2e160aa5479426c0b6dcad09
700d12e070e432a5e4b023eb5b4c5bf7937c501bf66b63057d5832aaa6da3aae7c52ba786cd3dda85c76e86e1c2e87b4c087e3424f57b2d77171dc08
8a38b28b98876ba40166fddd6b5ed4150305ab2f5f31f2689744b7449c343200264e621f770ed8b3b7b454d6cafc721b5d338d152f36f839022c96c1
3c325eb166ca0df6e991676593e4d70da30d30420a913862d718dea7f903c3c1b623654b6579efa351ccf7d56e1695f088e3da22e946c7812834e2b8
b648b2b2b2a886adac2c690115c7855e209ce288434330c5bd8d1af1d44fa4bb5cf7e8c4601a459442c9fc37d9d73822091260dcd7236a12f5344071
948d1f378c4f676f3215d8c52dd298c49ad5214ce288d74698c4f21f02df9f4785124163198efdeda95458f691b2e54e4614447de48bba6ea3680e93
fe9fe9f3f4dfa193cb7f8732af0d74ba01cd3587aa41852d06b9819a4c035093479eb59a9c992424433405410c6bd9f3a617727ebb41eb253fd3a0f5
5cde0540acb1024e031b72239cc6ac478f874dace75919bf5b4da1ee034c20e311b7dc08a711eb69a10189dbffbeaaa0c0ec6fd3ba7a0c9c108cc553
634ce296ae4f003c23ad70679929661ceb7b3e248ab1c2de604eb1684d46216ef1171885b8e5b62352b1fa76c7f8f5983c4c31f6b6d7f0f5ffd5cb8f
a3ebd843465ef59fa3f5368714b6a489c5837d66dae2f10ef1e4e750b12d1e319ecc583ce8ab41ea51dd0d76dce20031d8717b9b31dd9f14d29fd444
7fe81e4c6423a5eacf16c920c0fc58e7b88ba9cf4c64d98f9437b7661599976c1befa3cd221ff53a8aa97eda599116d96d1c4dc23c65add4b4c137bf
7c5468ab9132adeb5cfca609e10bc74588c968a1d2e7d6ec1ec6546eb99f898aace68080892c7bbb99c8b24398896ccb6dddf0cb2de797e1975b6eef
c65feed9164d4db6e5e2b7bc16b26d1b82b9e5ca005559fc246bd01daa72b047ce263397653786b96ca00e0994f9c05f22fae7b0b86132cb3d1626b3
dc72c364c6900ba6b99f65e461f760fb0fb66f53996d39db4d65b6e526682ab32da7bba9ccb62822cac7fbfc5ac6c2e1cd6984ef0cf1f52faf952826
cb6b25079ea9cdb65cb697174b6ed7cbf0b98c31474c49c5c2ecbeb3643ab5c89556b093a53f748ffec898180d6c39b1ea78c5c3fb293569b5b482a9
7a0198e37e68bab38166b7f0ed5df98cadeaa8cce13b4b7fecdceb29348eb5a4d068c0f48e6011cefe0fc12223a2834550453fe6bdafa8319f209407
a2cca13d92fd7d679ed5991aff38f46839623fce975759fef0a3d591871d0b3cf2b0ed4057dae80e5d79d71d0216200eb41a5402a467b1d6417a96bb
4e48cfd2036147e31180f3ac321905256db18e09495ac75b26cf6b9a6bfb51cc311f88ffae3cebd6b77c93d6d35e79c0478fa4d8a20c92b350a2d01b
58bac77ef1810430ed9becd37958c038a6c08768d99657d5b38c89333e547433339eedb5a754c0cd5732d83dd363d2d388e2dd1ba94828d4546b146a
ac47263cbb551806c528d44c5150a8191450a8ccf68f1904d304a2a8ced44b671806678088b1d660d233e60b8349af5ca04d5a765fd93b223b55de15
acac6e11adc4f73cecb983b3c724667b36669398b5582ebf5e0bd9f1bf8e9d6257f83a76aaa7ece347f319b9f1afb4c16efc9a676d8cc472632cea3e
382b0c3e7d14e07feeef46a6ee83ddd27c667b0e37f399edb98518b7ba67bbff6269adf9aafb46f34d06d853117da3e35e27a3a4225f59b0a77c31ad
e6d7615ac58066a0ea1597a481aa7baef406aaee39474478d6e2be12dfd9a3a8a626f7aea6b45b87614c6d788d226ec2b33db763e728ae5992663c8b
b5dd8c677b16a8d1b2671459539e4549744ae27db0a17f8199b24f89106d27e8e911d51dce8dafd12439249d93788fbdd47c69b5a54d5e2db9967f39
73ce7cc766f19246f977edf9ac48b8cb48a9ece2ace09fdd5dd1464da7f6ea7e3fa3b639dacca6b6470d3361daeb283261dab5d16213a6b58659cf19
8cdb7645ecfe6c1e76e0db482b9eb95899143f32afbc6dfafad581f8b39887bdb4d0234da7d6e2b0fd19049e6b88d31d1fd1d395dfb8e508fd19f59d
6b92d9d66acd9b82ccd43c2ac84ccd37875fcc37dd19ba46c0e248a1b6e9ebcc471cb03852137d63d09cbe35b719e0d7b123fe5868a8c14a8cdc6a8d
54dc713e6b26905c108dd53ece0cb86937a356fdf070a08efeece1c8ddcd59948ff348e9f4bb8c9389376b9a88fac358c8df516b2af29f4bbd5a6701
503969f2917b9d93261fb96b3a6972652703dc9d9bda0ff2b09167e94d4ab56db4fc652dacaba4aff67fb48cc4b2e586c5efd4c72d67c71f9e637af7
4708196787f219b793696a08f7f1b07ffc739337a4fbdef74ec4cbf5a626257860bc0df13ece1271793957c48f5f4d83bf7a35f5fefc6a0aed16677b
32c8fb38b95d3a157263bdfe114cc1ca712ee4f3dc22d25706c2ebea64cb14d0bb9d5beabd24e54df78d160d665a3eeaae72e1725ee4e618ad47746f
f6d4a4fc46fcd63f27cf0cb25090f1d65874828cb7939d89bcc72747f59fd31bb15b92e7f82ca9c77f863d42a8f176ee2964ec19edc968d37a3b9907
aae79fc37737b421272f7e7db14e5edcfb2bdaddf78ae63c4c0770f731fdff1c959bbba5f1e3c779e46107af642816698152f3c735a7cd0a75ddd346
f3af70ae90fa98ebd620f5b103cc1ed14ae59552d12179c10ea73a6e9c0d83e4c678846f91fe14c4ee5f99871d8ce38939c875cc7d7e90eb185ce820
d731d7eeb10175b4ca708beed048e99f4b69b2d703f098b1f960e1423fb6a4c589086a849abd204cbcfc88fe7fe9026994474485cae03a1b4aa3dc40
ac8d6451ee74c89602fcc0c36993e32f1b1b5cb39d9a7406c0e2f3888ad769959aa7036b474a2fff93889e459d7f4222affc93a026532a3f6c7ebdb3
1f6f6fc5b431affee47ea6efd3dca8990984fb64649cd86bcfcf558cfbe55530845d6f577e8f34af2bcd755a2fd30d3fe265914114b7d99559807b3c
7f12f7781e75a854ba96f5912638b8eb3fc0c9870950e3e81ca442dee88c5321df3d8d681d7a8f582c16c42ad4514372a4b82fb16387c6d6fac6d801
2c9da949ffe678df95e258df77cdc3cb84d90966b72570ecb0f7d5882662ed7c48b3f81653ea6b96f7d1b1c3cfc78fdd1d15577a4413e6f2f784446f
d95876c37ec1040f61cf5bd6bbb0e78dfd6a24d571e1a39ed2385ec7eef8f4928fe8cf62d419c69e57f02d6377fa39eec4c3098e6f31153b53526350
97d36931109eb4ce01ff88e2f73d69a1b3d1a1338fddd9e8cc39fd880ec64f573d8b5bcfc397e2eb53d85d98cf0cff1cbab3bc4f64bcc5be30de7a05
f1668a1f466a70ee8fc3480dcef2615cf90572729804b43b35e02dfaae87676f14c7b4d52da26fed6c0405eaba3c9c283c8f78cd36e1561968d739fb
8713f3e1c11acd217a003f87c053dd39eb1f49a0571fe7c348aa8d6be168a6553f6bdefc73457ed5382b1c75432c70c7c6009f0e7d2a2973ec231ba0
f2f4dd2da848c6503424c32452a6e8717ea919e236df088719e2b692f7e419ef291364258d91f373632a9ff6e1f37785c52a989086b0580583e3389d
cb88e9666056c31f3594beef11f9a292f5627818466d35ee04c3e9fc729e0ba535c0e10cc1b2c6f53ef927896aac9735f639a1b22a9e9e71c2335023
ca3375e44de1ee328c8add069930ce1c65fc1c8eb2b46e5ae367569a736ec36632cc39b771ef1e026cd5c7c7facf1ddd7c74db3b428e41c1c63304df
aaf8a787d9e9c6ce6e63fcd6ce9d6418bfb5b72d3561f7601c1caf9da98619ed15bf7e35dfc1de9c57ff5cea365d0470fbb2362e6efbec19172124ac
40c1b01a37e7716145ab1165b61ca91743d389685324bf037c155bde950bfa40d48d9c9df4326b102bf9f2859c8d54c8a8e6dc4c8ff4f3499c6f5819
e5c0bcac08e12718627d6b17f35cb8a95b8da03dc491f02b2e0752ef1931d3a3ec5b1e66e3e161f206d142b37061901a1d6ace577ca25e1c537a4b8a
73c97430ec65636c45bb7502971cc2c09cfb95f71c7373228908bbe74929657b9e341a8eaf3fd3facc016b52ad2cf4ae2897ecc3c2b89c39d53b1a18
ef99639175d5091ee4c79a43ebc458340456b9078aa179b6e85b4aad3a9d465efca8ac20292cb9a64c14541c1926d7e292348c553901e78d61d24ee6
ebe80ac161a61bc782cd6b9869ab1f6f3d0f006f7f5f5460cdc88b0aacc9f795a27063f316e6e42e8b24a4603e61a460be40f41e0b6d180d98b689a3
a5d554a35896234f0aff5753e94fd289a4c816df95c7702c0bc32d6cc8114ddfa4531d88d310e954c1a83484f8b87f62aa7980d160bc86001f77198d
71c00a9aa433c3815618c398be1649475046741999482dc242010d1bc308bf832e09eeb4a54b9a25f7d6105100c396470578cb003fdbde7d1efedba0
3ea6217d0ce9640eb15519dbb1f12f84ed28d159a783544a9e1439250b6a72aa0f24b72d9ff0399ef7645102453484c51844400d276dbb7b4c3d82d8
11d73426e731b53adc849f283c4505b5338053bc9fb00b957334f8098e4ef01398b787f113b5b1cb829fc08d318c9fb8f6f7e1e1d3850f49bfc6ee3f
9c8d6d1f2d9fb547818dde944ffb60e71426a21d196913948175194241b4130d42a88776e63d1f4334403af0f9d6e275c59838369ee96a66a84a78fa
98a66ba552411c4a14c86566603eb10cfaac29f3744999a74b4752a402c7b4f00df7930d4968b19232ffaebc27045c499dd2a51809e31100928ce011
f2a8fda90d2b8af0088dd8afa1346bed486bccbf07c871189c7064322dd3f1b5546b732fd347508578cf8618a562911bc62d1c99788226341c9d6361
da46813314e1383322b665b714ca928a3e6924c2abb51a6b70e68718849c31f0d65652e9a333b70cc1f2c2a739026f6ecc0e61054af42f71483d4ed8
884dff80b6290e1e9fda58866b569af64cc7fbc99409035953cb54591aa31950237d5596278d4de3834e9206fe667c80d8d8103b0c0a38772a322800
a0dd700ab52df3ec03c6861d4c28800af0720002c8662baf7f235a6f38ef19317f433eff46eccef89815b2a17929ef592358708000c886260440dbd2
3ccdc9edbfa8da64391b4cb40f8ecd9626f8a0483f1d33c23a0401305a3e2adfd84883ec9160de7d706ca27f0a01f0f805a9d70c9159a8e439cba6fb
314524272069ceb254497376b2fb0903d008401b1f9bdace9a676db065571106a09ddca63e4ec7c47961cf7d6d6911f631aad52c1eef7f5a68b229f5
519369e5b4d17b7e0d0999b8e6db57ffde68217e8aa667e2a74c2bbbeadf1bae899fb240ec9a7fafb176cdbf3757b9e65ba6b63df3f73753387583da
522af30dae8d61eea70b97c3b0bf1d58dab00fbdc7922b1f7ac94dc62ef47be7a185066a652f34d7d3f6b65f93a9e1601f769383d61bf692d7686bf2
9257b0c4c3644e84208eaf496bd22011886eef931a05ee23f272df4fd213c7139f8cadd0b91bf3e60b71ee91cf4b25e280fd7af363fed9a7ddf73c6a
782eb3481eee7165000c5daf913c74b4db68dcac00fba837805de36b386e4903c0d5e75594927cd35b1ebfcf2eeb2d7b9e5dd6b758110df9a466fbac
b72c35fbacefd2822843016db28ffa6cdc9f7eec8835cf0effc08ec8bfcf7796fe676a929d604f994d0135857f2aa45a0ee657bc2cf2acccfd5b2af2
ced65ed1a006ce50bb965bd6e10fd0061af98f9dee4cc5d6b8ce54c5ec64986463c5a73ee2596e29f44ec7a9fa33176e3e8367397f839d8ecde06732
dcf3dff143236ee6fc1bfcca9903e60f7dffa39d6bef941083584d57ed6a7b6704db22b3fd074324a7c50ffadb9687753524d67e981bec38d975f025
9fa802f8922ff64573831d237f56ebe1848661d8b57ce0ee1e762df7eb64501d77d4de66fc79037623ed69aeb1138b2cac757ea5fdceef9dcd7ee7ce
ef912fb965d2fe6587ad88dd9d6d884316e5142a44b9a7d68f54a282e4e55bd23c2f5f26c81fa05a76097b92b7ecb0f61dd76ce4f21db758e3ec3ade
633cff03ee74e659e314d87effd05b396afed05bd35750199c1f7fd88b683186474e7a39849fe1a6261b81a05d197fd138e98f4eef0b88c980018ccb
9eddbc77c5142ed421be037a8809f3a7a9085fed238a9a834bacbdbcb5e5470a5b97f96fafeedef654241d3dc364a76edc8072ea36624e87fcb4b756
a0f64dbb698b13dc3ea2a8426cdf98f2cbdec74b41d285d75370ca0d5bb8eb4db95d0bb7b929376b19ef93b2f87a3f9e9bd9151a5f90391acbe6b49b
b45f17d5e8e7df2a32f5982e9fbf3dedfadcdeafe8928b6f7a6e40a6adcfcf0d54744da92fdd27af828a4e9b6484c65e3d45ba751ff1073549ad2376
6e6ea0a06b44a3a01b03060a3aa3020a3a9d9d3e3f1a9214ec34df0834a7a27c449b6d77da20a56fcbb09834b4a549460ee091999bef2eeda437189a
f31db990b6b461f9e8a1f59a52dbfbcd25c9d5ec9d69fc6f30cbdcb12adb6334e5ac7c5ebd10bdc0f9e5f25636e04fd3cecac6163977c396af33a5d6
fabd78a688bd1eb123fa12f0beab9be92bf9b8486f74317d5b249278c64f945cada65287ae6f8d17bdff98c3f71105ff3822596f6f79558bf060144c
5b6f6ade47b41baad1155d4a40b2cc1d5b76eac596cd8fd963a0e6610128afc147ed0869e99aee19d788a400b6ac91dd2efd235db5f5f8785f5d3a54
187a9dbea799b41fd11c510c99dd9fcc5db93fdbc87092952703b8f026ba1e67ffc34b3f95e0efaeb420c9a75452f6a7cdd0bf53dc4b95c3681ee66b
e0123745be5431f6cfc3c7bb53cb3ea2e75b24ebfe3e0ea7e9970e1cdcf3c0a5cadf56b2be06987d1ed0db9fa94987cd416bf1329e118d043ad340e3
ae7c9acf82eb9fe56da7693b7cfb9fe26b6ad8006fc9a1f17b5ea5fd17a211a53ea76ed17424be574c11383da5a978f97fa766124146fcf947797288
8ce900fd31edc8bdafdbb462f02caf8a3b7c1b7c66faeac8c814d3cae1d29e702eb19dc2b95468afd3469ea9c733bbd30405ad63eb9a225d2a2d1d95
11084bc6543abd770517bbf909be9c66646a197aec45f483382d7e62b1892823ef6b516af5b43e98baf26c0f339b3ed29094477da968fca3e593d38f
56ee3d2ca5ca45c7facd14bb52cd7158b9d80c24c7aed554c449d410652c7eeb995a20ffccb9f93caa3b9cd5af593be42f7c73f8588ae4e81b76b8ea
d029f63065c3abd7fba8adcaec9495c829d683699530944d27c37ba78178951acef4e9d47804eb4fb32a5d516d44a3d4b6b71e1fa96990aee3dc95a7
8991f696f64dce28ea350cbda526ddcfb7b7225fd8d20650e8ec2815a0f9958a75f05cf9aa8d4facb18a49bcf31934c7ce777ceac32138e14682e2f0
169bb63586651950c61e6caaa456f2671c19e89c1e8f88ee4813e10379bfe36b574d1b758e323026523aa1a49b10290141b9456143ea16d1d7ae33a2
0899f9010dc42bc7753376fca403e2556a0054a67895f61364f36c46fc455f6b20fe8ed464643c63dc8cf81ba9ca10bf9156c876999927aaa59619dc
0cf023f8e3169dade34a69d369997ad8a5f3159fc203a9bb30cffa0a79d0555373c3f8389bb37aa37437d07e19254df0f14a6092a8c8171cb0a9b301
adc8e84bc9bd60d39c02821ca0eee6e9fc1267249b5ed9b185033900cb4db3f5f49df124e1202c1cf32490b7a6f4e7a5e29e879187adf8244ea4a754
e7b6f3853fa28001579e15808f357742e8f0be69cb203bf5e9cc234cef930d3ff5fc24e545dd5bf24547b0a36308cd51b2639d3698a18d28d560c9c6
777232f03dfb0e4aded3019d3560629e2d0be6c49c96a6624eab79d7872ee7ea893d8d3b8cc877ea7370fc734fbf3855b8a55c98cf507accccd3320a
c684f482967071cc7007bb08d34585bc1ca31ecdff222e97edee222ef78ce82b1a63716142609f1766a4e24999c28c5428726ec9470b1f55dc200ef3
69169e2d77848b285c36ac8b285c56ad78786a2eaa9739c7c1014ce51bac9841e7e5998d6d6d8a97a766020a7c5271104d634f3a66ec7959e3399864
069f6ce98a277d4b133887d2199f43ed7d58288203b5fbe2584243be38880a83ef8308fbfebcec8d6de98e6f9fafc4c2a403983032c0cb47256d723c
20e1aef3c2668101e122e2e9150d1aeaa9c95b0907f445c413ea84597a76422c6fd1114f5c0e2e229ed8a344d3d308c09922e6099c7c3ac7e04eb4e3
ecdc47479eb5f912d5cd39068f1c8ece3178006498ce317860699bce317864fa3bc7e00124e1166db164498aa0e7199a3c6ce728aa5ef71df44a1bed
1c654d8aa2e77995360299626bef445bb02377a22d5875ddd116479ef5d1490b09a8b8f219df61d208eea83d15f912c3f2ed845bf4bc2b934a6c35ce
2378e462674053834b6e76db9331a0cd4ec4055a9133091e80aa662754e94acdc6cee41710817145f4f1c9766508d401486276e3d28f48560d4a2afe
5a4c4d560d4ada68931173b5dbefc60a312aea0042380d8b3ac098ceeee8241085b31b999e5f40ec46494dd20df2b77c01c5613bfbe2029752fbe88e
7fdbd667073bc38dcdec403d37b66edcfabea74dcf5cec5b9eb5259acd4d98abbb3092eda66845c65cdd150d4459a26dda9d065ddd851d513ad29637
d1912ec46ebd27a26d1357eab56de24a4d06b1336fc519d4a0059bce6158a0029d03483b536f0069678e0f32b231a9076a5c455213c12b4fb1013520
85d36c40157abe39c8d9cd621fdc907b6a326f5e4f23643ee1aee6b48425575271feb45c2086ad91074af4b0f1072ccc14af4fcb2560243b1ba34476
b623af0afd9ecea02495bcaaab532c4506295db12a8909e5c09d32c57532a0c19e4ae536a0ba9ee636d9b2c989dbe4be1733798cebd9f0374cb39bec
70e44dd3995c44c54cd399c41860a00fc8b069a0cf0e9fde34b9c979d4d46b28037d13f227b43ad3c89f76a1764cd8d7d371f0b2acce45e82c162041
811a5c023309e4503b17414c5cb2974f8e6801492057539317e09177ffb434f86ae6e8812883da1ee9d014a50d0347c58528dfcf19c9d91af98bcba8
434ea7e5cd1eccd35c0613b2a19936a412ca3885d52923a360522ae211e7827187f3543c21353700684272722da0d71941a0d7574aa594a40db079b0
052c8c7c6c012b5389aedaea7db2852df0d425a5d69432f8993da9194d2935cba650f2ac86694b678db6869b7aaecc9ebc2ab0eace109bcee3001037
8ddc397714ed8fc9fce980f83bda438df1cfadfd436035aaa8c93ccefdcc577cc4a3fc18d673c012373f8487f67c55e1a147244ef834d0c43f6ca41f
eeca35a28f40d69c813e47f634737b54422ce7c7d334d7c40ff7e37cd77b27ec1e537c1ead33893fde0ef31907ff70dff86437e42bcaef83cb740a63
53638433cd06914013884daeb8a6d9b8abc9b3be8367cc9cdf0da4c9fc100a94019e5e38546ce3f78824eb66aab5c90688eefc64ca0e44eba12cec0f
7e6714285369dcdb7e443481883498262ddd785990c6ee54c074d3f09c2d56a6af01636cc122d2a831557e216ce2703471c6010a6c7e517ef94fe469
cb45d15c19b7d81165377a3f2addf7ad57fe17d6f977d05cbee204aa8cbd613d77bff3ace2e098645f32a632b7cd945120b898c2f5343cd4d3cc1801
e54ea17ccac69ff93ab6e5950c4d617d7d41c48e888c11f5e21064ebfee210e48663c68a7b45f12bd8fe3892bf7271c4e0f0259a242d6437644e7e21
0663c97c21064bd721064bd739492379bb6399402c014c76422cd1324e4497642e79bf03813e8ddab927b4bb67d4ce0e927d1ab5736b0605d16e4bcc
1946ed9c70634c534bec60a7a6a9250e5031d3b09d1d3cfb346c678fa9ebe774acf173983de21a6fe9cf13ea42d41e0dfc60fe402fb688baebb269fc
402fa2f8388bde1e5392d923f62cef1fa76d4d4dd3ab25a5cbe27f70a01ac7731e18a9a088008b398de3b9079951f6c52b4e5c03790ee8d227409eb8
8e81ee6c1929dfb4a06f9f904200189cc073c8ca3005cf4978f0143aa795f733cff22e6fb53f95a59a3f7f936a1c06ffbec9b6870a00fa26e6da1f0e
39f405e03664799906d41c24929946d01c595d7fcef6cb1af8c3368deaf9676374ce36b81a483433ff3002705b828ea1706b361d03d89069080d08c6
f9675a939e6af955bc38f8e885e86bef88a891800870429a50f2aa8f03140d902e90e74d781288359b7ff63c97147e5c989a6c43ce4070abe7c4fae3
1acf966494cc01e3e8fce31a8f86fec7bd9d056ed0cc011bdb0c73c2c8bb82bcb273439cc0f9f5a77d31e8f4191e8591678d6b6473fb83251d73ce1f
5e3a2610c40999315023c4e50d3542001aa637001b35cd6750f1c22f25be7bc48ed85c53446bfbde18179405605396290b0ee0270bca022cc4cb9405
27790a1694051c4dcb94051554c1da9c6dfcc8676da4f09eb34c51706fc0944609a307823260195d5012e0785cc6dadc3a4f5ea50334c2767dc02a4b
589b87919dee397a7bf70c5b46d75cef58e0f1bda819a45589e870bb92876d23283472da469067b911e6d9e567191902dc0a63a13da86fa948809afd
a4c5b6e65c8d162fc3e918276314b8272d036a0ab18dcb809ac2e45c06d4dc431ed136828d369968e00948f9d736bfe01d80b5666d66e824f06d197f
4352ae65de814280cc82770014fbda6cbfb9d2065b3caca12c330b1c809d96913c85b0ce65744e815077ed61526b88e8501df1e9dd201671edd86cac
dd2cc1739a53e83e92545462bf97d13985c8f0050d41ddd20aa719d8d2649b4bb6b4023583870708363e649d10eecc25fccef330ef4a4504a0b9a02c
a8dea2d6eeebf2fba8ec3bef57baabbd10ad306ea9c87bd219d10d1e116ddfa145b6efd48cb8e90c60845cfb042ecf38397359cdff98866fe65fdac2
03d67085a480351c9202b699f010e4e769969fe8362b44043d0f434440cd2122a0559eaae7fbeeb49877cdcbb3e75dd992304f2fc1380a2175ab98a7
9d6d46288e4154e8328a0318c0128a635cef7b3233593d5c45101face5ab38230b3bb3b1181b20c6558ca2644b2ccbfa3993a5d801c7757e059b31f2
aa5463eeefabc024c08f2b76c04158b98a11ecf82716480e2c03ab72f767b48de4c084b6aa1172a88aab5a15e69eb59429abe2415ce03cb0572de33c
76cc13cb380f8c714be08d47a5e633a8ba272d9421694bbd60d4cf3cabe03136e9eaf0550eca5501b033cfaa1dc48d01af20d87d915d4034d22443d4
1bdb72c523dc526aebdb49c513dd9c26daa7500fdaef0c2e001d97525d3522bf16088e2c94ea008b12c9b6807c85f63284f60a60295806651c004596
4119c7f61f4cf0cb108d03b0e5aa06a2d5f46671c38978b9e288d6bd8fb4c25487f9593a1ba0b85b75d1627e9dc166f8eb56b5a3cc178045ea2b8ca1
0bc40628d45b34566ea4d4d7035b6d96b35b75d4edd5b8ff735400c320c27c01c3c07db28cbb4852ab5bb4aace84320ce324b7e0320ca3a6262b3558
d617380c9cfdcb388c834be66ae0c5d9b71a787176d3065e9c350af40227d56a043ab2371889711016bf1af6d29e665875ccab3f1f9b2974f7d81a94
16ab65876f0e04622b7506ab03d4ed6abe7361875dcd762afcccab39148c39de1c20412cd8524aab8641ff9664e6c6ed718b1aff634fbd7fae97af7a
92bf7fc793fccac38a2a831e6d391bd671655278de1271b84ccc7210f9b29ce4ea88f6da8c99c4dbb54872b51f79f7eb77d328dfdb3355174db668a6
9683689c5be4a272211e7ef84434b91a2bc409b30e221f97a95c0ebc84ebb4660f1c7c9dd6ecaff75d3a1851eed59256700f73774f2ca6ec5027da39
7b9f93645d998c27ea397b9fa9590eacdfeb443d47c53326e7004ab14e30442d0fdbd770e543be5f9cf990bda0671a692f28dbdf09adc695870d4566
d33a8122b3b71bc17380f758a66f39c07b2c037a0e8cfdcb809e032fc2728ead24a15d24d5c235b44edcba57beeb1ea1b01be113168c7572116879d7
b7138e27a17aee7d8f57e1b3e0603821b448efad14ed1948059ef7fb5fff73b33f89ae442531a14bd96b44a9717b49bdca1a98b96bebed5e534816ab
34c9f775b64a3270e14458271c7c36292cf3bb5cd9782e9cb5e85002fedc9fdd91dc57d4263272655f32eee72e4dc5ee404da9316ca87186015d70ba
dda2add335ad50ff4067ac64e96af9aeff16d3c2a8a0820b6519157457c5bba8feec36a69229d892d6c54d00c549a9bb1a791cd78547e28868f2b23d
15fb1ac7be25d850f27fac8babc09e57edeacd380e5f74b8ca5c83dea6d4f9d4d8982e78cff674c0bc675b3ef467d133c1c8a1927bcfc5c5614fa92f
0eefc3d5a534d29ee17c875bc52baa43951dcfc8a182f9ee167d557b455fd58e88beaa1d69946f3e194713a3d5fc11d3f9c53e712d7ac06078b5d5fc
125f412aa7909145a5a4f78b2ed066afa89a7135195acd3f59dc36e92fe887cc4fdf9e5b262449ed461e368e92ffd9c963c736dd896e46af37982851
51cb60a202bbd5ea443ba34f7562f1d0dd3bf1cdfc7c83892ed80d97c14425aab1c144176c87cb60a212759d7c5f39878c262ad1b28d262ad1708d26
2a519cbb574dd477e7fc2a00ba96b146b7c887bc6c08635edd9c7fd8d65787f38fe3be0f000874417e3d7c214bd8a396ab16cc4947fae365127db71b
e83ad26073b6a101c22053230dd9bc0692772206c2843257cc0cca0154e0f258e685790883feb9d98734866f2a3f50c9b93e0d37c36cbe263a351bb6
f2033dbe8a947277ea883af672ef720aa023577691ccb4ec51331a765ee516d0101d11cb5c9b78d53854a69db7572a1ed6f0f2acc83738ab9c10e8c0
c1b99c10a8c29fb74c5873663f9be6f6e5b789b0e6b1c1a55e9fe93daffa4ce7609b68293d4df229714694712f5d1f9eee197f9b5b98841338cd1691
d9ceb8005ec84fc7839cee60abc8b32228bcd015921ee8ccabdd3f360febea9d0196c252cffc752b2cb9ec991ae7ca4d633a4800aadc05534ebb5295
cdd29cc4930b297a7e92097111812a07b5631a79562271c6a522afddcc3511926c69b063f73985677410a6c4b361d658660c9969b8171790197cc86b
c1368f72b3d84db901883fa710d3bac49ff32cecbc6a7e48b61e036aee1db020fa86cca415874e8b82680e1d821e9738746a6c47c6dae458016b53b9
29086b5388bb5c26d8d9f1bc2d11ec34bcc46b396e9fa1862527e614b3e440c5b64c84135d2344389c0acbb7c3f4129c3eb7dd85d2ccb66f269c23e6
59e7e439f0112f836d0ebcc06b1924cf5572613c67f62e94e433154308978aa533678c7c8abfbd61cab1750b7ad3c65be81330f5c2609aee98c134bd
594ea837f21987ffa5d06e6a2e22ceb973c48e042c07dcc2823fa7e65533edf67cd40ec8fa1fd47827e43962a606c19303e3834b88267e38de396c94
73a7c5ce6e944e25e0737d38eccf88d3e35210959f91cd2ea4395c6f3e0e99e6c77dcc90c8f16c24cd1183f6c75c264416ae0fa1269c2ec2d9dc7fb5
217136d2fac1fca081de7f633b74de9cc4d42df1e494dc28e1c5c9110c2f4e2cbe1f7cce2c1b887162483731ce095a733939ce153f1acc38d1f280ed
44ad336ce7889bc0b09d233e858ff3128cd464e342c9abbee6b2ea04e26939e39c1ee788a6f2090522cf5a89853b6b19d553e02a5b1f5f19b9c67ea2
c3a6264f188edd0f3aecfb59ebb02515dbe69749e1548719187019dcfb3ecb1b8c3fe3dc398590cb15421e76e42f393d50689d3ba71279b520e82106
7241d013fdc410a0129f280c3d394c8508aa603f9773e7645cc003e562f0edfc8e7cc6db0f479e93e794d8060c09bacfe1880affa891842381a37a7d
07b38d260d661bdf410549df89f86088bfa820ac2da5c4b9974b2ab69d64a46226505ef50442c24cc2dc33f54ff62aa7c7e9f0302da5c769392ebfb8
43af54e45bf8958a3c255e514039b60927bc29f0fa2d27bc21c5d3fa7211e3b4349ae81679d514d5f971dea499695f68a6d9269ca5a644573198a844
573198e816f9e9be59454f335ca8c3c0b67ea618639b084c8795235c4ecb458aa42e71dbfc8081bdcf7acdfd3b5bdefa71ed3ff2a6c2fbe17e5d86f0
8cedfd8c673b33cdd43c17717c4be43b2d9bde0f1f381b4a503979150af32322972a3eabbf7c6b9279577a0fec73cbb9593ad910d68f20fe8c8c2165
c4342c73e874a20b9639743a310dcb1c3a1d88f23232a7e7d83132a746db81440734d03289cec8016c129db1712afde119468d32cdcc88e149189947
4ca999bcb0953983c98831c9e431dd869a5f17b8e0302fd92d3d6373d8f3f4eba258b8e48fb805e58a565f6e41c42ab640fdfae101b647ed1697f713
5d367fdd81f0b7e87a1ccdde4d3a718b0aee332dcf234d17fa3376bf75e7f6b9c5e754391d55714b76f818f8f4eb76ae7453073de23d26dd668547fa
fcbf971be816075441fe6af32169fbc5235e2eed887f168744918157672abaa509c38a7ba310c36292da4772cf2f8b9715eeebaa88da2c77574b54db
75b90d1da6f4117177a9dbaf489bd3d4353fa7d4263fc1cf39b4ef5dcaed23a9f275212a33bde33c7e4e4dfc145a74365db0303f12c1dea503d12913
5a437cfedbc5bff08debee927fb9ae374635fc9c53f2da28b2b6d87dcdf891a1f1163d26d6b7fac6700a875b7766a061b87567361878bb5fed40bcfc
6a43fc583c119f69dedd15f8ea360645c7543d36b74807461dcc65034eef47dd17efd6b748450bda0e242501dcdd51b392f5f4db28c3bed117ef49dd
54c7bffe2732d342a1f171d5b4ab3fd215ddcf16c4af450fc31f9d61f29ad18954cb3f6703dab79df60bacd63b1dffa373fd9f689a1f996bba51623f
b2b5749359fdc8d6520d47fe91ada59bc2e9473e966e1ea69ff3b154876afc9c8ee55e7c17154f9edd117da6e9a8bf8f296f0826ca78441dd8b69d3e
e27c76af1dc92bca44193fe77328f616ff48e750cd5ff388d3cfbafd4eca4072df47a411eecee185e15c22bf51ba89605d586485331bd43d05fcaf9c
60e5160779a8dc9b9a747c05d1b78b12b1bbd4edc75b5c79d71e5fd49c9f9320ec04eddea28f2db675d8f13bbbac39e10dbfff9912deb101b760434a
a16b36196f27e3db3b2df2476cac24edf5cf34dfb7c8f08f89e8ae3bc977370bcb0fa6e3ee28fd4774cddecb87ed397de767adcec327e23d6c97af4e
bfc12dd7816e3f537fde4d6e1129759341883b9eee67bac527bc7e4324dade4d36475c77a0decfbc6aa775e85b5aff87a9f267beae303efe20b9226e
ff67b29f47547fe6e11870276abd45cc203e4d4325e0e08347346ecd3f7ae278b643f8169d1fd18ed95bb351939b3da48f28de14c70e3da2bbfb8a66
83f2ff9b277fd71bfcf48cba1c7cfb886e86ffee3c7da8ef6fa92c6e4cce7932ed1bad3266cc5eeb47d4ce68a7e0233697d22ad6c84955665228a98a
9164e84e2c7da96ad93f77521583b3f32ee4823bef3a0ff7c51fb4abaf7376cf8b9fefddc3f1ff3b6c153f62fcbb59ec7fc4f8c36cf123c6ff2e3d11
fdcb3c8f08ccef9c3704e65f8ef3f839f8fe1949becbd031afec65eb077fff62e88e3c7cba34555daeb923da9078fcd302ff2350fe72b4c98fe8f6cb
08ed1f31ea97d1dd3f02cb89c07d448feb412b3caec6edff88078f9231bda5e050f811988d49f54760763f986576a55c069b3d6271e985e856b5bcfb
71557c777a6a58f922261a93c423ba19de7a8913be8c72fe11ec7b15269db324f4839f3f88c3b04e4054eec559eee0d9a79487d3c18a685b1feb75d0
41fef6700739cbe7a0833da5a68e60453a9af642899dc3d9312adb86a25e433b718bcb4bbf9c88b614f28fe4e4794a3db0d10b4b47f46438526ae375
1b88fefb051114468f68e3080b74327fad0acc491746c4ff43b3f388fdffbd7c37b7e8dc9d176d465b7574c2237a2447c4f5ff5ef0ef239a68893f68
170018805b5cffc7cbff238c16afd6237a4f657127ded53a2041abed622f5fff3743d3237ad6d586a83f989a17e35c4fc4cba53ba2e7247f5071aacf
c317221dec88d2d62a7b9b89e3ef5244ce90469b351abdb21656b0dc74617907e25858ac7dd6af633dafc2825d8c060b16edbed2df0f9b280bf6437f
9babfab03498480e716cdc22a72da48d6ba3c3161fb1206a9c2babfbc3ea3e237a9c5983b6894232fb7320e3534a9badb73870f44778df81de32a1e6
e64a37a1e6e65cb7adaf6c25affa3b54cc05a58e88fecee061aff5c65cf8d27b56b349b449c6f7232a0e26f21f5171bdb14f7cc99bc4e62debd32efa
817feefbcebedc1b2735d9973b8791c3e07adb237ab9f2879c7eb9dbdbf4230eaedb49f4230e8ef8811f7170bded11bf2ef55470b41a089e9fa3d5ee
633b85970b0ba2f6ae76e4d9e1d28ae8561c79d8ada08d0e56c306f92358ad377636dfe0cece7664db566fccfc9f575c4fcdcffcac9ddde8471a37b6
79dba77a63edfec842cf868a51a9bde2cfe240741bf3ae8d2b8d2dd356a4bb941e380d508bb4fc2c4d34c351676f822fb9213a64ab37d6aa43b6ee4b
c786e8416f3ba2079dedc6415ad176ff1873761b7319f7f6d6f4e40219ac02ac512df50e77871dc2ccc6e05b7e0478758756fe08f082b9e44780576f
ec6a8abcea3d8de08730328ec322ccff471c566ff9ac8d3a2d155b03efa83b7f93147d7c67b92a3617e2a58cfeb87f967740fba51e717f925479ce38
040a47e56f7169b6adf7473c11a9177f8e27baf54c24df6dedc2fa11b9d3edaef8118d738bdda26f7fede23b56c89c13f19e3f3eb14cd3f2886e8595
0ce2572e8e46a24e4821f023ae84ec033f4245babd6ebf848a38b6fcb7486f69abec8f581122867f048010d4f1889e4383562964d87c753f87839492
af4e2e397cd57ba303c97e4478746740fe11e1d11cc2f54b2c85611c8fe8fe78aaae83a1f1e4bc458db2f1c18ff871e989f87529a2cf67c3311fd1bd
3da9ca9abaf1228f78b9f440ec2e8de8a1f1845b87ffbd010b8f48cd1d51ddff37a6f279d4fd697c66ba3f17a223fd4e9ffb0bb3ed497f8a97c8497f
1c8ed14f3ae0888b7ed2e26a0a0573843ee274e98968f0061faa4e2db131acd5abc22c493fe2284e2c33ab7a9a9c57445745234d58d94fd6414d5011
6da6472c0bc73bf4936581f5a5d0a1e91e9c79d69f6591905af364913830e1c4124960423727c48f48846ee6811f9108e796363a731b06464204ba83
317fa0fe4fec6a06f2efdd61aa3f90fc27b63263d24761051974feff1b7b979d6b72262b78fe5d454f1893e97348ad9e209801127760ef9d8918d0b4
3ee0fe71c45acbbbf8f9a14aa5d26baf27b7d3e943381cc741b9c1aa14b4e3f240cbf1460a0ecbf176731b306b27a2023cb4051f305f7f68cf3d6029
fed0c099e11b1e5a2517ad13a4741cbc91d3c074f0460eb350af1aab109fe3ce4d53cf96f8a24e193eeedc2ba2b56518703fb4c01cbc72d34e72f016
4d4b48496ad7a00c9a1f4fb116ace81f18d279150387505b83b7db35d4f26035b46ca245ccae07d3dc6719d5191c48dcf6c8b82cdcdf06afbecbf85a
5c5f97513dc0f56830c1e07d159676fb3d3c7460e63678c9a4ad5a453694076663c6bb1e0dc1062f863004f3bc99e8226cb27ae66b718dea0813bdcf
75c866307d5e850d658cb25771f30d3ab5ab48c80edbe21769e07735f834afe21e3106ab30d6ec9d55bc77a88a17753ebc184d29decb24e41dc7c3cb
ecdf1d57ec97e2e60e0ef065faef8e4bb45727feda58c57b63a97b15a29a9b2f82486124fe76e203d532650889bf8d19eb107abd1055efdf16bc0881
cf3b1218becce6bcabe8331c0f3b789997398e3be217bccc71dc9d53fb1392ff22c5b13fcb5ea08fd041bd148a7768465f0ac5f71ed2c3e854c5d723
8ff1aea2170909829034dbab884c5554e5c38dd582bfe273d364af5045c0ee0e9fd997498f3bf26f781537fbcebf624ee06fbbab9c93d158bdf1d7ca
6ac25ff922ac5fe859bc8a81c41ab40cbe028ec95e85b3f4c0586584de8269b957f1816a8ab7e48bbda2cc80f399294fe2b0177e51c2c3f0d3191a49
c8700762dfbe4cf03bd40dca43a1ae7e9923772072bc570baa7c18e26ee3724678d4615c47f484809de7cbd4b6c3d849ca438d8b1d5e06d48b7bf541
154dc18f807af1d714b193eb17c2c5615c66fd8f6af2d7066f9579b00a0e2d1babd8dc776215829c72b30a2b8186df1a07b6245691a7b86456f9dbc2
2a7e3bd01404753d73011ba908f7ab814e2042fe8b14a33e837c18596c33779971f6f9bdb44e855ce7b53041c455c32b119522c6785ee03248239888
6290462081845707ab318a0333c078e51db1a65ec4ca4438881791320d4cc44ba16a1bfa23533d07abfd326e60833fecae22131c82e7bf34662f5051
bd34662fd067bd3c480b94505e6da8565669dcc4bf321e0f2b618f925809fb2a48d8bc5a506533308f8d115b90cc62d817231376bec010642fbe9286
87972aa1bc442216afc6562eacb8aaac1a2bae2a6bfa4bacd3ca4a471337abb13c1a2b48fbc34a38395fac44a21b358e943facb8babafea9c5cd4b33
430e318c0c39c06162c843624596be74eb31cf737bebb170aceea8f84e4556ba7731ec55d79821ec952a5ffc8d9d872512c48f5ef536b16668f60542
01a32fe8db5eda7ce5cc8a770aab90765a386717c2a214f0245e0dd398c64ac1c05facc60ca91281c5c2dce8bd3c330f3c9c23cd1300b06b11583400
046428115a9440f04ea11502107bbb24e7790248580771ef23c0adf77b228cd5c33c0600a5e0a76399eb25e5032c00d7013e68e30704210cd71000cc
d0779f46c96b177d1cfcd57ba43a2480c412493d85ab790bb62b00b0ef48e349205884e4ec2281a00821e40c009ab2d6cf5ba0b3aa11fd0d002225a4
f35a78f9b4b0fb25105fdb875e3ba832ccfa16846e45fabd004099ea7de6d698a827fd808a46d575384cd4309b2210414dfaf938e8185a785f0160e4
7feb0740ec8caa6f817d7e09fb1600308e2a6708411c4ad8d500a02d48531b1032f7301d26105d1fa78d3f8a96094474ac72162e6c035b49e727d46f
5e02104eac95b3f81f0696b17180104b8460120004c0bfd7c2f2ac853d2e012e07bd0549b7906b96002e1c375f4b63917d60fd808221bc0ef0e2e3b8
810c229f1279ad0248fcfc721f00f169ae03c4f62843db831c6a199adbcd85a21f5ab89bb5a402466f41848a9ece5b32549d21060d0079165a289602
68e847d12634f8e5b690a30080b42052f3060065f238ebc33a55ef222864af7a0414264045523a002e845aa764c14a48d409c47eb9b4e70cbad6eafe
71ffef43874ff38df900b0ac28e900d1ebaa0d89c4f79e1f47006ebcad9f270cfc69e8be03c099b87bada180adf8263f7a0bec6511a3d08189a84535
69d2266e4b9bc7e64f66a6d98a667132fc4624a107102ba1058f1d00a220b4729e80e3fd689a67068bef612c19c090245b4f80a12c6789ce48f7be49
d8e9d8540656751d9ac71ace810140bb38c2ca9bc017807afa917198dec2787c558481aa090b091a009c68bd9d2740e343a20d00a4233c5603a081da
d0aa9ed8f6a368793194592b67807085afe1330960f127e500d8e5853f61e02edc82097c719214015cd5e93c817b57d24431ea53bff2ef09be566f41
c0a676a9eb1488f7b05a27806be2790b04dba3889650043d8a0ee3857b76abf9bc05b627434b9b92e751c447487e5cb4d629236e9728e70620ce4ce7
0990e3222e6121c156ada7eb19966bbfae6798f337fb01f09f3cdf82edd16f1d931b0806c734fb1b404f75b2227890031a4204eba9e15c1b4061a34d
9f0ff16abbcf0021f24b295ab80b09799a9d8fab60b46e714d0bc4b60f119485b4367df4df13d8a63a9d2940ad61b84c2064c2b5feda0882ddcec7d1
fcb78837a3247577fdbc0586c8a16623f0c1100a804d533fc48041227a3a2bb905fd68a13a0600a54df88107809800235cfb0200d734c2b58e0078b3
33c88382f6910ef0c556bf0f00d5bfb804ba3677bbce5b70d6d87d1a059f797866ddeb52fffd24de3244a417e2c9f7f0f7074081b9f89965b8db866f
0e813826c7f97c9c0ded3afb16262c3d72f71018e8e99fd937f169c3675c0780b4cb7e40909fc87510000d5f42690800d37aeb9ca0472ee44b04a072
1049a77f6cbb0ea580276b1f62fe24633d2c15bd59473bab1a8ea6ed3eb464915139bb7c19cd94ef0360998b60d33770efa0f393451dcd0f9818dff3
168e871848dc293d7aab3a46c38a7cdaf89030e8f0a15f18446c00606b33fa7962518e68078049eaa1e0b0eceee96c375c16fb39bf1723d446886b00
90471d567751363dcece4096e23d95e50015b3ff7b0264f06cfb8714fc3c011d73e9a7eb2fd5443a6ad74b8d5bff3d81b93d54ef952a091f17e6cb41
17b911f66905921eee660068eb93f593c81e49412d006ca68b34cd01305aa4be0e50029b0ec0cdd40e4011d72090488fb29ea04eb3908439f00591d3
6b992bb2b6f3133216bcd6b9091697433f4068885acb07e8ff24992d01c8b0db380076f6fdfb09c6a3a91f9946695c961b801461fc00cad48bfa5178
0a143d51c84794fb0058525dfd80eeaef7bb1f8063fa03d0b1ae5187a6addb194298e842b3180082a3401d1a00e4a3ad5d028c0cdf5941b69027e752
1b930c5faa0780bee8d26b6101879854012cda571535ba2878cdea3a8468358c190880ef1ebf27829b15ebe1006ec6673c3e5c96a51e201c087f4348
0ba452ca01a0351b9a06f8b935890e3680a0192d8f03040f50cf0a7a1994f3ba0ed03040e70918cc59d2b7bc101c75ed4a5e626b25237ed3e7a18567
3600d8a4d57c9ea0805d636a309f8818be7f7a80f9d3d84c560e008a75eb05943ba5720084d036def936b0f8a11c2ccb308fd0457203b1aa4be2e560
bf03129052d406628121592c007ef9cd2931b0217568c00d62e356ef740043a36a0372fdd678dadf66caf2a52726c4d68dfcf36d138af476da40d692
512eb521d18cc8a02dca5944d38cd69bb51d00b2893aae03e0fa9e4f1b20fabf115b34c028e727b81a5e679e1778df7a1d207a5ac619641cb5453234
07620f5bff01905c9e363e64648bba0e73ca329a3a4657f0621a20ecaedaaa1d205e6b67d43fb0183bd4c6688758ba7afaa5e3d799ec2fa2494b60ea
0024a8a7635f04dc38e4d8e03cdb24f0700022c4f371304b2c490787c130b11cc260f0c42c87e81bece4eaddeb0170211fbf27b082cee287cf656de7
2d600a4aea3f0041d5cec7d168ae9c8fa3af56397b0ea1c46bd5316908265ecf01662f2497e7883344146fed10171aafddf90018c27e9636a46ce310
3924b777d6e33a0088fed9732f3ca0eeb31c90e4be9ed31969eebd1f3fe003dacab730d17b0d6d2b016c421da4ccd1de2477baa9d42aa6c946a2f63d
62e2129027fd46227702e044cbef099a64a81f88c15c2595be9905bdea4e724fd2d6aa858b94e07b6ecf6b6f5098f17b0226c65527c94428e12209fb
cd54e155029b0d2c7a8e9e9f2c9a58e92dd09ad72a2e81be40655c3f00b2cd5b8d26a47fbeb40a3780dbb516ee8445d82606e72d5074a4fc7b02445a
348829b3cb39f29934bb56715e13fa8448632ca0e188ab078090431b790303affd2b07d87e3ae639a25c0000196c430022f5ee05a9b55228433b3380
a4c8ad95f313ccf3f58727904031fd0058c18a739930fc2a5d0707f311173b6b16bc5e918ae79ef2352e7a02914fdbd066a2d7d65ed5e70950f0a1e3
9aae5ae3307f135134db6f23c021ab5f67ade0642d43e4073934f74fce2c760a3bcf880ded2efd04ead32691c88db471fe44394070fa971837e6481b
26c60d496d5c86ad5147f687de7405d900c2ece8dc5c97c6833f59372c158a789195687fa70548c3c676669f068afb277aa2d2f44c53c9e0b5506d13
7802d06662cc50586d03a04d8456f54296d8a26beecd708b7de884a7d55a93a8fb6644bf62bc806e0097e9dfb7c019a9dff701a0c43c4cc11a901836
4df682a5039cc703987476ed7a0b826b3589776e86ccaa5d3c2783380d69a73640b1bd8e7c289a5d9875003e215e0451305c29a6d7d2935932b40d80
da980e9ff5c2fe4132b4346eae31f2220e608078926c00066d12b9a77d79a4d2433fd1c58f247d0374be2627ba09297a2a45d226a4cc9ecc9bcf06a0
6b69e72d3083ac12b6a48190abb06a0a00ea4c935cc401f8c398da18bc80f29c48bc708dd2d4d30fc9b1a5030451d2564f03b6f8083d1c00ece25ba7
782ad1917b94a6af7dc9def2ac49548ac1561400d9284d83c180b969ad272ac59a71376c00bbb2714739e0df625296245a63d95df201187ca21c803f
d15b201e6e926c7bfe0c50ba540f101d4ba6361016bc89aff2d0bb58ebe72d7031ad12fe6e003c91a5f38494fb7a0b2c398be5fb00d895a7d1c18dfc
a7e1c7e36998f9b49e351410210ef1037b0953ee3b7e0058ffaa9f2c1a079f594480af7ad71f00f1ea194e84af82511701b0a9b91c00ae29b91f005a
eaeb3c4172dc34beb858f7745e8bec52b5dc1a2cc672b9925e0beeb8f5b3122432bbb57810a9a0e9bc4a6e9410e3213a306fe829bbb6cabcc9ca68dd
4f2ce2dd53be76ff177216e9afd2cc3438e86a144908dad078ccc214b714126c80868e4d1dab14aa75bdb6ca29ec3e009330e82db48aeee78946add0
e987c162305535ba20ef49e76b458ebbfab16864a8899ab82bc2b12d800f25f62283f4842b12236c804235f28b8929e9daa54d3dbfe4c1b5a9e9b103
3b50028867ae9963aa98aa4bbd03c124657ddca2bdebadd73207091ce900188d31cb012ab6c7f989a4e3022464e4a9b801ede12a006cbb89606f20e6
f616b15d8949527f6d5084a17362d1a4345df70120d8d7ae5c94290e2d3ae68928920627668a18d25f25fa318ca2038cd1fff7205f07803e41a70083
d517abfa09885c4f595d6f5c30435f4b73d0260ac3a8e0ad8a28d102bf4b7695182c7b94a1273a85f23a38a8266afd7c0b6c325b37bdc5a8881e9a06
285f8ae9304630553f150f40af08ed4a0441641c930070a91fe5fce4e50ad2c94ad3af2a3e73b397d41b918fd8a400837cf1147000671ed7e9061074
a39007d800445c8d4b3b8b171141d9ab03660856f513aca052f9b50e40c6ca3b441e198e29fdd21305e250ebea29e5c556f5934a51db798292351bfa
5a988a146bea0774829bd2dd0708698393ad3f3dc0f6d34107ecb2d31ef856ad953ca00e2c360e006fa3cc43d581385ac4426c005cc7487680b892dd
d7f9892c5eae03c01f6308309d35e300c1c7cb9c6703a07a6210f240cce031ced8905db6f67b22d8c3fa7b82a77d4b07003f70160f22c7166bea18bc
ae8b99be96997cad9503801e99808f4272f40304f5d5f57d0310ef14d35b78b24ada9e073642951dcc06c083cb20650310ee4981b3016a30cee2a188
a8e7eb0034ff3e6d501e58ca01e038c29b4fb68b51a9489f3365d8359117c986e451c5d4864119d5a4fadec0c21052e09169678f80c80120c30dd284
0380e590cecd6c707c3269cb1d80a8bbab0d9ddfa6ae8372169dac0e40cc74fa019d7c1553be8185c0695a63d6c9cfb4fb0010228d7e80188f5bb36f
9d044a0bc686acee0e00c6fe6c311a4e8d72daa08a679ccfa799b3840b1b309ae18d03c02a5a14cb8c92a9f32d700ab25ba4c326afca5a8586f0cca5
6b231b764395843d4bc2dece5b200cafada851841640c6a400a0156a62c53640ada1e9e33ef474baf201707de8e727f488367d0b389ecd12a9ebf08f
2f290920377bdf078070ef1241b1871276d1428308a38da29fc0bfb85ef70f68f8da7c0048c735c8945c16494e32e3c66c0e906f9953eb9463ca400e
08fc060043f80780b78cac4661026e974ec5c9b89b52686526411b32e2c874296d12c738107bff9c9b62b4c47965191b5de3fc64d16995af5db8a18f
ae8e2da8669bacd332d9a8260d6866ceafd17a3900bdfafe8215a23f0d174efbb587d815da3b4cc854256ece4c3b54abb69bf2e0a4aa5e37ece154f4
0445445d6b851c54ad6738195948aa260782b8e4f6fb498cefadbdc3ac2445d28bccbc24ed906366266952696466a42892ea666665d874510012228c
b38869ac338a16e01ad4d79c9e0e6eea334703ebadfee189a0e087a4d355a389e5ce74d7405e6b020662ab3610877f53f471003e61078055f4993930
9025e900db0c249484e7e3607b5d86782cdac1945bb415f1b0fd6bcb0106e8e238409c356dfc7e8289caa751eae2fe0060a2742a320a71bdce34c07e
7b5c6780bed4809eaf8d90b57bcb9e1dca54cfd7798bacb3458e1749986e3e0ec040aefc7ec230755a41e423ace703c4cdb8eb645d087156af3362d0
85b77c160c4c56f67d221d006237fb015c41bf9f04db90f369f40f212c00700591c3f665104c63e6b1b00172a2fd07907b3b3f414091cedb82031f0c
a11d001b881cb69b11637d98da80aea51917ae0398ecfa7b02fbe5f403669a08f4018032b4a6d7662e6d0a6c360096b0d7fb002121bb8ade5218102e
f503f044cb02a021af5c301b80b5ac34c26580d2355d300a03a2366bfd0090b15675ac42996dfd3a00ae31675e9069ad5fe7f32b17ae9d46698677be
852255f177fb3687c3a79d01c28db4e9347220fa51473d0058b171daa0e275a8a762c58adae80c4f7afad1a5bbd64f20feabb9ea27c61876977e623c
d0cfc781afaaedf403568855fe300ec0a4e22c29a319c2fefc3f3dc0ca40f6927d15d0f8225e566de307806ffd3d4176f9ccf3a41dc9f909cd1ac4db
3880abd0280700a77ff60e4340d5df4fa80cbe357a342caf67b03ee4188adaf8e0fa2eb38632be0cd17f3a86d0dc55c61305b156dd86a51e00e102ca
380096a80978e01a34ce56815c72c8bca9d0bea749fa598e70fdbc05eaaa2afb9342eff3dacfe733e44b4efa9617c602f76d07803e5d5fbbd73b3fbf
0a80d55d25b175000c356fa4fbf2062fd2ebb471d314401b81aedea56bd4e9e8b2e7e93e00580f9e8a1b605c7b4a730a45f8edac6acbf0696ba6d7d2
1e4eb7160738a66a039ad821c66d0374a5d3fe3364262cb2b7704107d422e49ff7ea3346ba504f0706f93a2366508bd8f989694969c41012aede97da
58907dcb62ae18dc3237b551c7a06bd9d3920f80f837a70d4681ba44f40dd181dad5da01e0f82fca392f46bad1f660c0cf7e6501881d536e9ebd6566
c8255b3d002d54b40a9d4f0763d10e802893bc5f3910d4e1d24a9e99119eb41c2619e09c04141e0b773b0054e6bcb33a40c6538dd21fa68a944e24a4
ad573b8de234eabfb7e0844f5a85933150ca9d0f80604de5f48352b65fc7d62f1857003cd1641ae10074123a9e36002f13edfd0dc0bca29e9f3098aa
f6ed06e05d751d008292ebf704fc04a5bc7580e371de8251979cd6011cc6595f0bd15d93ef65a12ebfda591f4de2a9fb00c1004b29561862b5d6f4fb
099d177e4f4015226a399b227dfc5e0bfd4a3d6dd0b72eabeb3c8c65d8ea403049ee45f0e707d8843f686bda7f0cd05aaf71fa3449b04f9fc02fd67e
3e63d140eeb4a1ebd4191b70e9f5cc11af53fdec2e5ea7cea9389160b15ea269b353f3dfdb016856741d2046af9c1d4a2f3af9726e0037301327373b
884bfdb581fbd57d1631f2f96d66f8fc04ab49da29076277a5434b78ad934cdf0138aaf6df4f60a271961713d47591747af50fa9cf8b82a5da594df4
e03b87e0be8041709bc701c052893ecf41bfb8ebf713ec9db333061d33d3e907145a87fa6e00937dfd7e0219f699ec812c1cf510289e13639c7ed0ed
f20ca1d1f838a50320b0e86903b11fead5ae0360abd8ef2730b23beb94a15a252f2e0cd65ada1953c4581df7d9f63cc052fd01201d677b20e47ecdbf
466196d8ce8694a4eed001709435ffe1893849aefe038274e8d25614a2f512efcb30aca39d114320d62a07b5c250ac451e4985c158eb8f72c2dca45e
e71024276abf466961da7e0043359e7ee0889337830398b94306a126da54efbc9617f2b3a326cc12d3590e93a65567132e06dd3b870f42a95699df38
00c9e559da0b735bd30f0053d00ec0c04fbab56c00ebf47c3e6c69ec3ae402a6afa39d35f69225142bb62ee86ba4252b2b31289976f64a12a9b21f94
a121043e005c520e5f858cf64e822f01e0efce5aa7bcaadfba542c6882fa3d7e009d7db8a4166320272dfec50029261e00c9fd180e94002c76746765
888b712ec28c068178dd0140a6d1258476009ca89813e690a9d27c3800eaa00b8152b6ec3bc35f38c0d6c38c0e67b068baa69364332193a14a1b819b
b18df8c62a47979b9ddc4c0e46ef6e022ae55f1c9b4a655fbf4fa31043766da6ca1bee9023d406268d27ea01a0f349ed00e48e330106bdbe49171d80
1cfc1260b433caead8a4a0e1d6e7332f60baf4b5702eeb32f7aa835eda0af0b001481ddb1f001c1c24619561b7860ef40d90f5e7e95c99f8a1c8b07c
03500265531b3797064fb40d80d3a824509571b3864240544b9494773d511815afdc07885351a6000ee0b6a021b44a0b84d30685268a1ae1401cf9b2
ff7280fdc802180f9664d0818a8ffb3dc18f531b8d1a8cd30f64592f929039005d6d571b14429733a60c175f6b390084d04343d8b960785e5543b8f6
2e8b8c0dd0d2bce82d3c157b57a348d05a75086e009c869d6f8137d126cf7a2d6c9caa6c9e2b6f71a59e6f81af61eb67f66942272f9e0d509f5ed475
c43d6ebff541db7c990257dad5d75cd4282e7ee5d6ceb697d75cca14eb64a0b6bbfc00c845f49329fda63a36a105a9791c409ab62c0002c25bdb6316
0661a5fe7baf0e3adcb703288028475d6cb6e4d6752242579372ae327cfc30534f392fcdca0170c1383f99da403f00facdaa7ee010ac67bf30647497
8f516540e6a100041bc0097ff71f80b051a751f85f55798b5706e42d59846dbe348bd2c24560dddd86e66503d840e4bb3700f63689a030962dc29f02
601c16ade4c59821592b6825462ed3be5df0572c623c1d403ff471545115c52cd8b74daeb17600d85c4aabbcaf9fdc409b48ffe901b6efa606fb4b2d
51ea9eec3e9dc4e560b727c0e8287e3e94c6138d97f38a94cb7b06788babccba5c747baa4cde5befae2f071756c553547925f7d3317a2537d167c6ae
6a598b18390d9de8eb27dc7f574b0740dc774e7c634c2793d2c301fab56402c819d424c3de001859f9e878e833c804281f75db159c79240c1ba0f31e
4fc5c694671174110082f80d71831ba0c7daa5d756094dec00305ab8d20170e3279bda288faf8ac5d006eecea373a21c807755523f1837408cbd5b43
430bd2f55aa404ab3259d9009982f103108eaa8e03c0e1a6aa6348eb5bd2adae4307d674156ae3cb0856ed3a003429556ff91a5dfad4d307d7ba5cf4
5ab0cb5dfc4ca3d0b5ca67a9d9a5516f02d0311dd78d89aaaa8cec1a5355558591680cc5397447dbc0a4fd09bb6e89a25d723c8d42d7215f4e0762d1
259ef00e7c418fd40fc4742ea9e82db40f94e8a059859de230350adbbecdbde4037c01e85b18a3b11601cc90225fb20dd012e20c10735db4f39349e5
ade6d626a3fc9fae23f772ff7ddc620cb4331e8bd1fcb9911bad3a7a4a02be12b973b2ed2107a8954cefbb215177a37d71fdbd1656502d9318348f07
1423a6899a640925ee6af4f21af28adc004f344dc3c45436911c07822849a6d1989e69c82db04dda392898429b8ca3765f7a0bdc92ba626d355a2023
063e0028b31577a4cdcaf06dda95fb3f26dbd213d481e9c2d526e2a8ed4bdb7500ace4aa01a2f78fcccd1d802f99162edd818658c226514a22b3d628
f5a80a21d398a4a6c8547c331ef058d385dc0164531b7fe100db4fd31be0f773f28b223fcaee61769ea09b61d7977f19116bd801284bef0740160c51
2c26dc6867994fc4291cba3e34a6bbd894426fc1edb496337a0f93ed69434edc4e8beef30e70060e20c1b800aae0db19f017f240052368e45ccaa19c
8bee8eb20d688c616412043b00034a8a99360087eafafb098c27c4ebed6383fd201be200140522a50a87df4e3f92f2247401e87a3bfd4040a2221edc
01b86d68ef9083aa52f138402b17fd2473016ac414a9bd8b2eae4299be4ee70dd0a0f4f713a811d30f80aa575b65d1e9afea986484a2dac4582806bc
c21e3546816f8adad8188fbdeadedb18196888196e34d76ee33c017fa3ddb17e00e440174da34177493a9d69d0bd696d3a00f69ffd1a6de8d8380044
ccf9d7287372e889ce30e0a27a9408555d951b25427eb20980feaa9c9f0c2e4bd1d685cb634b670807e47076a612e75555cc9046c3f2cde9df07c8d8
62f900b82d9cf180acb7c9287c03132120cebc184349892762eca092450c16f5f0b2b86d3458b2fb740ce648c3ce6b2928b9ce1a5b4cac2b3e732d46
b73f1d83f570eb67d4195ee0d6de5f546726313874d82bf5f474318aee1f5e1bdf52ce92fad06e5327fca2f7fc6f8d7d6917743e8ed995ef33c870e9
6bed8c0778b361875cc002b98a996f8c7e530b9982cda1e354eca4c99da6f84351c13a0569a5b31f0ed0033f11c0e95c32676e0362807f00d588d701
60904e2d6a67a4d4924fc7321da886dac8142d653b003dbbfec201e6f1e910fa30f503c45d5cf1981c40686d52ce0d402d72d77a002a8104542616be
d301a05ae16ada00f494d24f74490c6bd350d0e245d112bb12fecae0a78fa9f434f701c0fc9d19e0ba5748b90dac5f960902104574018bcc4ed3d77e
35e06a0332db92cf2c22f69f49a5d1edc23d2f91b8741a960f4527e864caab08b603c8e25cf50435bbe24bbad13746a76257544c89ac3b439317b198
1b8053860c1f1c401e324acabb0d867ee601e600bd0acf134cc0759703e0fead2134a6f26be50780912dd7019000ec7c2d14385d0ae54dbf21fecbe7
e37025eb22830ee0cc1beac7573245fde48b500392b3747b689f74c69499b992162e99f2a19029dd83b7003001d85d46d6a34f88cbabecf2faa48756
3b6d30a693b8843e79a0e7ae2768df2f42d927ccceca59b813476d1723db27138628fee80698004b8b6e325e9ea48e9d6ad5a603bd4bf328ad7d678a
c626958603b0fcd5209f648ae7b5386b9aa22576a6102c5973bb8107249da3cea47b55460b5da9f37e3ff9709b76bdf6634c76aad77ec08ae5310e00
47b9fa7b02bb72e8b530e0aaf70f081a640a44d2990bcbcee29f703bd95b9f93bd78dd1e9a860529fd90b3fcbec440062fb9755f99c6465d3f61f0ad
b33ee8e75f1490d401444913d15f929f9f36e0fa3d7465e80bf2f32e33cd4ebbefa2600a1bc0955d2e9f9d16d945462d9d5c5395db495fc8f6592552
ed0c42bf49b20044c06bf7e9e9cbc07b5c526340a651e421e200ee8a94bd6d0067af8c8d3630993aac1f00c9c3da5f30a31f94900d052519128889b6
6e80d477e88d89d276ded61dc01d980b700c86929238c3013a66ea2d9977cfa12f2fe44a871aa55bae6299b9320c6ab3d3b12af733754c698b87fad1
68eef503164f670d1628f83e62d43158aa6d3ec50e00c2c09364d052b44bc838e8f3dfe585bb29095242a4ae6f41a8de2eeff30dd0d9f552a3345dab
43f3cc3d2c43d90de85bd4756ed994d4e8979105723b000451e75b906ab1a5a69e2a452209c350327731e5c310f37e3f610780e0855cfaa09d6255b0
b7cdd6d3008acb7c58a14dbca9d1c269e049e20076571150279f50c7bae25ba85124726aba2a0f7a579576f50340c355d5755aa8c89ac28d8017008e
874da663b4eb003081bfd40fb0402689b2031f7c9c3a065177912dec6054b05234ea3cae87221d6e80344d74605e746555c726b2fc6d404f80adb44b
3b8a5677456eec6342ef5c15fcda01e4924bfa0915498a53376665344d5e951d80b180f6cbe4bcc89e763027b9c9db6c0338c064633868ed56c5f00d
4ab78a82183810976985831e3224930467d02a0cd90509843c50e2aea19cdd12dd8d49fafc1b31987895f27b02b26f45041934f1da1bfa344a03396d
5359632924de50fe6ba99907cdb38afcda1d40c84151cb09bfdaa19843eeac0a43a1aa36b44e45f46916d5e487e28c7970d50a62e000bcb4cfccf1aa
2c11c69059541651da00f48a67e68c7eedd7af0dcaad7f6dc0c5d8ca011076a5fdda80a1fdaf0dc686afd701e01d7d7a3a291e1e3f00c1b7360bf4e7
07d8a4ca59fcb307b464f4987a00ece1fb07c06848449f4643551cd4603ae6a2f8050ec0b431fd7e82e5357e4fc030ed7ce8424689f27bc2e80e7bda
c01544d6250e3010f6e9075d9d7f6d4c5a01db0140f4c7af51640e3a9f0f017dcd2261f3c32baa0e524a614b3fabe943c9d41953059ae83f005aa1f1
fb09bcf9ce1265fc5f994638408dbbbee5cb334f94732abaefd9b25f8ce9396b28ebadb9e95be04550eb594df022a8f990c12fbdd6cf78c041b41dd6
637ed5758d078cc2fbd5f571545888b37500ccdfd93b0f6d149a3eee619292433a685bd4cfc731f4683eb4e45592d47e80d89072ed7500e4a7fe0086
4dd3827999b6a3e6032090d821a52f75a4c90e40f7cfdf13b40c395de7617c6809137b480d3018bfbfc8d5792c467b9108712c31b23aaf1614385591
0e1d80b52c19fb0d70adf3da3f148824971f00cbdf7ade02b9a4cc4d1c801d8c483a73005489edc762fe9d7c5d0740e00d1d0b2bd3e6eb749df6ec59
f4837af82e13f8b1945e4d1b48b1d5db190f10ec22f7a241bfc9769893650ab76007c0e78b062d784434299107c3857785d5d8006ed7e77466248ed2
cf130b5d57d20877fe8195aa9603dd028738621b379736afdb26499d24ec26573a5dda3600e15ee6496294d41599456d003327499d03b0ca3401d416
283c973172f3be5fdd0760bcbfdf13d8d99c5b07e83a5609808deab23fb15128c93d8d16ba295ffa5aa40d28767aaa5063246c0ec090f3fa0b66f4fb
693a4436f5bad1896968381b13175f1aac4ec970d694300a9d145a66d84c45c23d63c2caa11bff06b012a40630c67328c6edb62fe96020155ddb2cc3
6050b64a0e8096904d7500be53ed00b09590a98803bf9ccc012069ece89a23e531944fa903b01d21bf68865cb1fb2d55c06402e9f304c57fbc7a1b23
0b74ddd637000eaadd7aedcbbc947aed843941970b9bd1feabe82a649396218a71658c9b39144ec6dcc93fc654eb8d7e3e7be2ce130b6689554fd0fe
4ba1b58c91308bee2426871b4581b78968e3263716073a7880df13b0433b3d55760cca376c561d60fa7c46b154f22673457e908ea27e305991728a39
0071170f30a37dff5028670f8186ed769ea0fef8ec2ec5b852a055636af772c8cfba990b512b79412f50c5b6db2abc82a863ab32553425b9c62c1d4d
6edb46794f9520ca01446f258db705df8dae00b84687fb26ab4c933bbd948486b483bb1f07007d6e8aa3b08158eba63c2fb616a3a4d901b8f829e4b0
4585f8afd10ff78b08253dbd8b7493467d4d9365f5646281215fb2c9bc7525f1acd9003d09b300da292a20f02429ad4a81b001c801948b6052935264
d3e3009c6c489fe7285ca75d1d2b0cb3cbc36703c8addab95f1cc0bd260ba8204a2228d34deed14639001acd0720db90f4f9c8955acb6914f616260f
8039e00e54a456dd00bd9293be16f6d645611c27431d15b947cd21478cd3b1c9f8e1459f4ffd8a824e3b409fd8df130d674d3d00d9fddf13943569e6
e8cda0d07c7ec443a47aa6120613c3867aca2c50ee9ff7c703aca4fff3fc9a0c905fa44e9f86444c4d1ac549d7d671932c6eb6455e0ae500d86d9af7
7df344bcb8a6360623b9999ee0d5534e2b5389581337e8261d740620cf35f7160e89f5ad9e2ee8c49a9431cb60efdf25065f146e35f931ecdb161cd6
1277fda2d34a97a07cad4c03427efec73a332df360fd1cf5042f4f5fa4d7f45ce100de090bd63aca01c00c2a9ac5cb68dbfb36d10e0013857100da40
f3843b596315d6f165e8eca11400ef64e60fed9477225b65533ceed7431d0650f593cc589ce43c5e0ffcf34fc162e92d856964cfb7c086a3c99affe5
81d6958feea5eb62d1ecbf725d4c5ddf0253c7a3b67d2910aae9bcb64b2d300e006579d2138c09ea1ae7ff1b9bf6f7f9cffff9f9db3fa63d4effd89d
78fded1f3f11acd8ffc99e6e747fc3e7f1fdb3ff711219192d3e911dddffd97312e7f42742d0fb3ffbcb2271c8278c7ffc1fff957ffa2722cafb3ffe
2be7cbbec183f83f3efb39147edfc82eb1ff59c4ba638b58a4bd0d1def3766d7ff01e604e2492372a0a300ef4da21fa1609003adbe4e51d8cf227772
02bf8ac246e3e6bd2b119f1a853dcc9177c22b8b6fc385282397701a21d042617ae6573c1d171c14bc8d1bcf7ef42c029716f42d6ebe28301772711c
61caa2e0642f54828fc7c7251af69de1dbee15275428ecaf0e31ccae844413853de371c9f34acc5f14f62445fa9827c1330305cf306c40231e050afe
2c4668cd81afa37d490f1ffca87e8423ad2bc6682de1d41e8499835739d2b4fee8610bb5ab1ff605498cc32c362a43e81ea7481513958fd0fd8d6143
ea156f1085fda3e00da3f212f5410cda10952cb439cab74dbdcd8fd890c945452df8d2699841647b42610f571c1f5151bbbebe43261a9526d47b56d9
876542a73f2b54dfe6bb21a228efca77604e56e453ed9c93489d8ac21ee39ef52cfb1bc60b61a212952274f7a173ccbe5c8748688c84d309098da3e0
5784c19e7da7dee6c384bcdf5ee157442e8c485c1515f5d71769e4638c4a15ea6be8bad9f05227820a5e375b5e5fc191e73961881f6e118615ba5225
9c04475a696c4a24d48a42305a613e1a353d1dab304edda8f163905036e2bd462d0b0eaac5a5f570c3d36f0f19cbbdb604233c013ba86514b2b574e9
697dfc8324d5203d086f84c2ed70cd8493e0ddef7c711a5f6d9308879b43561cb5afe0fdee8c3cf5bb666adb297fc95cbbaf65c19ed73de2d13c795c
d89899daddc8fdee952ad4073087896754877013b9f3ca140ae11cd18f505887137d8442010d147dce8cb7e41c65548ad098183dfb150a9b61a053df
11c7410ca88761557f7d1ec27ae6f1d0ab7c16b6a639d20e3e1e4e95bd8044284792bfa82ee148547d35e25fe1c8325ed98efa82dc15797044b2dacf
c128676c1caf7e85335bb9055e340b61e1196e7b8f8752652b1d7ab8103d44b509479eef7b1037e1e83dbfaa8faf7066db463b8f662824cdc9b50c5e
31ce6644d90fedf153d60029f1c2eb8460046ad87e5ed8e3e8dc3f5818302cff7f3ccc7e36542528eccf421a58af61bb155e4f715e79ed2b188be00a
78610cbcb0c72098eba84ca14ef8d9cb85d5557054f5862f5a93dd584e1c7bc3eb3e589f5ed8531b17e0c7bd8489e28e122ce2aebd8b9d088369086d
9eaafd50b11f52684976edc60b2bbc7f3a765a1d0924d60b7e4c870e6fd70a3eb0f2767a8555555487f0e0ea22d3bcd796e0a0bdd945085ec5f0555a
36a40871e155301d5ef01d97c29025aa5db81f0ea1ebdbb5aa66821b0941ffae342c382f4cffa20474b2e9b00a4e11dfd36b8b1f84601be12cfe54ac
6d14e2444c68a42f361daacd1ef35bc7c08ef0c2ed6cc420da84fab13cd070041e44610f70c430f4ca64bb08e9109ef25ed324c475b9453edba722e8
2f0a718827346d1abcc8119a43ae1db525f8e30b7ba091a94e878ad142bf15b52e181359082fc19c484cd854c7273b2ef82bd827266e88bbb626bf27
5679ae9cc6c8d985c2fe1eb07e1559f050d803197685519942c144610abe8b5f1329b28cabf5ab65836cd8994b8114a682c2ecde451b884b858293c7
883ff478f60ec211fcbc455c3dafb16d0b494e0fafde5dab6a2482e3f4b06edbb5ae46824ae650cd7b8d9b0ff695b9621bd80069f48273d91144cd6b
38e32b3286978c5562e491bde007dd5dd9c30906c20b1d9b09adcfc5d6614e97238cf1e3bec5589a16290b7bc2fa41645a148a6f9c461844b6c23e23
872387d7a660ffb48663be2251190ac5a70dabcd1eae640b43eb16c2d1a7ce8bb3e9e9a07d258354c13f1805bfbe146b80b929212ece91d564d78a11
2ece855af00a758a92cca02411fdfca99009a380685d376013ec5cedbe73a17b83ab1b5e433d6147cd0fc795890612d7e6fc72ef50859b6f3e4ff25d
e19313d2c4a874a1d141a153e88a3946071ff5fbf17e87f5a557344e345f0f71f9aebeb8de56a84a9199c46bb312f6055342d7e9355c41bce09cd98d
73de1d88d115a421cf1107e5a9f0bd41e18e1e76c25530ac0612e14730f22ab3119cf25ef0330af71e77402e84bdaba56086d74de2b30b334e11bd73
b1879165ac7123afc4f1a6fbf28dd142e66f144a1c22e80ad9192fc4eee9c2392cab8326031de09cbde02c07667e8dc9672340108c1b76cd380f2bec
3f6c704c0c37a04ad1f81d3ac4a87e85e3b0c4e1bac24d1d05a84bf13d938706d49970fd8a5a17ec6bd9add2ff942baa6b9126acc800994399e5b5c9
e943ae8204ced31d973951e1aa167e475e214dd8051f61dc1f2a2ec72840268f597db49070038b3c3e519b82213045db8fd6c03363f367c0af1a4148
c31401439f3638d95e706e27cc341f9f18035cfd2d16c1e9bc061ae785ec13153ddcb529d8a7b5447cbc5deb98272f709ef0f8187c271293e71cc79e
573fc2bf7e0277a0d8e90d4e0a29ec94bd86a5e4059f8850cded9a0d7625dc815aa879bca6cf8cd80611526b5726369d17e2dc8b6ba9fb2cf36138d9
846d5ed49a60444fc1d31f3d1d730d4742af4d763b841b29ac1f1e776e2e802159c8ecc9aba17a21460a46aa21372c0a3dae4b0530c7dbc2e8c1705e
3704cc47216627788f6609fc4e437cc7d20d4f6710052f2c9700a12756c1b87ac1efcd21b3f49a5e19539c4380ed356ca286a88eb05adcb5c659b048
558730735ec3fdac418d0bbf0fafa9df485b71852dc9e3016a31b216cc678fd04f515b82fd0adf31b21601d550f8c6da0c94ec9b17868f60c6e7f006
e285383e7046d2831985154b76e09dbc8578a1c4f6e1b02cce1be3d7e7b049f5aa3e69712a883e425d40002eb0c1c2330a4e905b18fe462d09cef1f9
837011ec7c7ba87fbcc6f566b1de4042dd9b9a6fc48d28d40c5e9b7c2332aa86195ad4866073ba6478e34b626021ee68868e40658042f40f34c2b3fe
010e0fea8e33b879ac7dc0c1b440cbbb6b5a6ed0315b02e980ea178527e6a7a095093adb105f04c63d5ec3a5c50b713685f27257971e1759eec03f7a
eb27c426f9e6f31f5c46bc9082326118e12381423c0fe9efae72f9c367a24360dd60348602dc5c31328f3e2af8ed116177bd66ec6448c1ccb09ee7c3
099dc8587b43b8e36ec0588abbe0f7f2483912b52ad8999682cd0ff32c1462b318baf26aee5e9f3b18e23df42846c1d9a704ea39dfa546e2c694b09d
d70586d20bbe2e20fc762fe48bb093e8065d42431e2814fcbccda093bbf6088e3d0132b46e6e7224876a905679ed2bd8d745b893780d52e75d084122
18f886a45028f8b4256c2cb816a30017ad588aab088645806185aecaadbfc2deb987ddf1433f5814be3e992906760d5c771a4cb6908f3d6a1fc1fe74
039958069eca0b3d600cd5e491b2c277cb32e8c45a939f83583a23a23aeeea47f31061522c227d3ff4b38c820f0a525a3c5d628f4e3120e51e5d02bb
4e1f91045aeece9819383226e5ebe879ff1f8c521fe473bd10b2b52baea01d2e2428189ac3eb6fd3f371bae6f098f02af8192fcc9039663ebff819c8
ca147e66bb9670e7f7829faf6a3dab371192a1ebdbb25e8a38c62d3c3d1f3a6aa2e01aa78847ef3513ec039d2174eb120076a680bcef61c4b3f0dda9
32d8c58e33c60bb1b1710cec2a76594740f29a8339767695ad0cc3d133843fc25f0c58073e3930b03089c885bb66faa4508577acd72e614887306484
0dc3e3ce9c9ca5907a20c78ad740c4bdf0a0eb188139398e08f69322e99c57351b112aa441badc910b0985084750d0ca575ff4c52e6e6c9de4d40b1d
6fadc4cff36fdc5f067af968c49ee0c872c5ca7b7191f442a864820fda1c2fdf0a1de0e6a3832be9927e74483f3268614710181496efcd906778ed25
ec67b8411cd461cc80c21ede1caaf1a7230a0c0a212582f6cccd30d897b8d0f7c8c6e1350ee32ef8a2ae58309671ea75885e12d79715305f5e0876ea
cac23fc2bfbe1cf99d05b7c0ce383377b8a47995736ae1829c13c8841510212ff8ca68e84a596a04e74922da85fa052e6c1a768dc2850e5e13091abd
a617864b5e0a57835d6bc68f8fc44cf0da8d9a09866947063cf9f170e135f68fc24e2f84ad0ef69638cf0ece3381c3ece2303b38cc410a695d3d098b
caa401e44dc40bc955f1094f1bb790c10f8222f15d5d7c3c820d201f5ad496605f2919d4daa807eec63803205c368d73898d78454c835d5d381fbde0
5a01adcea57515e63d39f2a13f5d922c2f04b1e4077dc6231841dc2e0cf947431ee74cafec3955be1d6693fb9d6c45df191adb1191d81f7725e60785
3615213ea3b6047f02460fbf6a3b4882158ecaa3ef09814e1920c4c8d584420e4291d1f14763fb80b2f2f157bb10592d5358c344f5110eae91f34f71
9117c0057200dec9f51ce6f3c881f1f4a98376e2a08db40b5e038fd9111abe5f18ae49918e17aa0f00261a49de51683e00218b72cfe84ed8fb9423ca
c1e3eed09850cf1a18cb2238840ef9601482b2de09a38e788228c4de4fc16376448b47e1136bf7c66b0b29abc7f58feb44413b852330110b250d5068
04664701695b12609ee9301b1d379623029ba3b0827005b7de11ac1c059f6d1268c4fa4621ac6207fad835be3de899e1309e7df293e29ed82159ee08
b28d822f47e834fb1c9cea5df06b49e177f25ad2712d296147e7350d63241bace18a15b52e3846c57377fd39e7e466adfa597036e3e6cb496319093a
27eca84955444730e75e2b61cdf9f439cf9da336350ed0df5d17876d69aa9014e48e1c4d514dc2118204fcd7ae16e135be19f047cd84f0bc87a3e3ae
bddcf53314e9457d7cf549215bdd2f0da9545f172eca5ef06b5ec53bd78dfba9172c1a074c35714720a27e836d109bdfc1e6971bbcddca3cef182ec8
c7977815ee17a8816370655c9577c1fb5a1b0e76dc11507045eb8d5d0cc76f14e29d71afdc4b8b53b4a0f2bdc20c785707e7680dee4b4cc6329e342b
e23dd40c966f19f7cd8ab87bb562b72eca383a6d8572643bdcd58ffa18f2f731b089d757c385a80e05fad05de5f9bb82df1a03acb3ec503aec50ac0c
c126d879e1ce51fc9272d0b8e4cee01c17d5d55ef00bd0cdc71f728288233306c7e52525d885154f63745f4d5d58526cb8132e825dcf470e61bde4bd
76c16fade4f7701b42c1cd31225c71d492e0e09aeeccc7971ef7255a4c8f93b55988349820b1f3ea5778c83ca1271e32b31830b3e810c10fe4a64221
bca670457547fb1778b0932322377b0d67aa179cd0e08e34e04183422caf3824c6e069e0055754c1fe6720bc240a610d0c4ddd80851e0a31a3c17c7a
9e54361ed2bb0265da1824b35e4818003cde31bc5e082a15f985bd8a011b50198f88c1be6b03520e2fb898344c1bbd86db9d17bef134ba6ed8a35e88
9b404ec2877057d246d828af4dc171614e915a6257a706264c1b1a2457eef0ce2f8db59ba0211b70424121cca87af0d99b3e804e7b210626489d3ba3
e3a516a75c81ead56b2f6158e0873def33a0e844214cd88261756773c208a39c23b8e1e31fda80c3dd3647f84eaf42eae6055730c364cdfdcdf14970
3c1fe0c087349e031acf1159269f013d270a2ee40d6f79af4dbe137a892b6178ed0bc9881782db0877905d7db04dbd10143677f49176185ee8b8b2c7
ec4d1a1b0db0467b9a8af022dc8706965d9bdbe6eccd1048f4480919b52a18b1f68285dcd5253c14d020e09b5587226720ff4e8a10795ee3b84f64b1
2c192386dcf128b8ba018ce88041330a4f282733e0a5a7435578456c995d2d10e90e30522522e645ad0bf6757a45ee59af725227ac42ee8cbd37ab06
0c71e4f6dac8c4a7f0905e57765e3b9bb16f72c4277dc6ec7a3e2411c3b096102e128560a32390fce33201e2a1c04930afa1f3380aceb91a67cff451
b139e1dde835356e614733b0c9e6d25c238ed935b0de11d00605c73d7cd29ff350637e345db1a40bd4da74114621f80aae055a447a61c501daf1658f
3af5c0dead6081efea108e8b40e89387b4b503dada11b1e9bc468a00fdac9b50466f56e2c0ad60f2f7d58e3029eb2e04530e89e358b462f382afd888
32f10c245345c1af0291ffcd6b6a251c520b74f2bb8663ce0bb10243aeeab58fe06fc0789ad64d8359ec53c5165cc584fb242348e3ae89f4ad207d86
4be958e4df0702e758f8b8780d97092fb89413c24fcf38c7b69100e6821c6048843a2042bdeff0257a0694bd2884e050a33b8d6f0dfe774f5e074ee1
93179c8980d49a9eac28c47205795e1f8dee0706050d2fa5fdd980fdd99e5250d0f55167c23adacd7f30775f0d242225a5702d8cea4b3cec65533803
4655cfd360163b797d35381085f5cef7f2863b60d67ad788e5f5b86f6dac022fa430bf37c253b0ebfe40b66cf056e98530e98ea5b447020c8321577d
8706d6dd6317615f3c23e2a2780d1bdce0e23560fc6e309944018651038f1790672f84915164d58eea141eb42cc25a3e86649528c49ec4fdc590b312
85378cdc12e02978c6daeb1880a67141fead6bd84dbc0a6fe8e5008ef9f6c28d5ea2374d631051f56b44d3f19ac6001acd14d1d01ff7bce547c56d74
84b3dbae0de33745aaa55c38ee0b079d170a3a8956d6128eb8481af9af3a0965df6d5c042fc89217dc730162557aeca210540caa5e9384d320e1f40d
d58183a278c1d7d208f26f46ea668c869d2311b457c16378c1bd0620fe30e365cd0bc11f865fddae3635d3e00613a67d66bce47bc197cd0dd9e73e5b
d4c9b851553853b8b36f221c16c39b9deec4f5384ec68857b9ab06ced90b61033a084f3663e1b783fba7fb8c35c22bccc1333e6972d14058978b091e
829d1a5e055d9cea6268792cd2da45ad08f63510e95dbc06b2e40557b0477acb5da35dad177abcd2089be0198de0e98f9e0e6ab6092106e5c3c56b08
c791225f7b541fe121ff326c78fb2c7e50b85254e812cd3e9ae8b86f5618f5987d8dad47ee9e0a55ddae2d7e50289b0d8caad9cb6d6d08209071e575
476b368ea8a109de1cbbaa97f29e056d9dcd0b3c8a17724c9111ae82c3dc30182c83640e0567dfe0d26162480d0c69368ccbbc481e67b84515584cb8
a7379f4694d204d7a75de5229a48aa9e226c9857b97d677814ed1d80e99869b23388547a65f69daca781f5dcedc48dc29dc1f97c58a967ab18019ecd
c6648c172ce6dc117c118fd9bedd7bf94f39299b147418b22e569ca236dbe45b10313845f4865dedc68f8347dd650dbdeaea2cc262de86c5334dcf23
e9484e5df814ee2794718c4caf8533660e87f3c7600e10055882720a965a0ff67273cbe83ccd020c6601a5631fcf0fd720fdcc530426f0aae61d61d6
f20d92b5ab6c06f10272e6377d3464b07bbc2090d837344d64b81715182fecdae4fa41aeef0b171743a8151440b342f262d09fa300e38560dbddd51d
dd8498ac1a0eccc5bb8817e2a88392c356e12030686282aad456e50e627691048f1f43886a1462743a9f6f24a10b592713745cb6b44218533ac10ec0
96283a33dd67a8f6dd659e789892576eba455b722f409e70a1fb0676d00bdf781cbda1bec42014bbef0a8e07e191510836a3629dedea47b83793418d
17ed77bc109e2790bbef77825f333080f7de3278feab5e7e695e97f13cf938831b981b4d6210be1a9ce0e32a44735e7b04874eb78080c3ad0b8550a6
572ce4f59064ec02a22e87f4e019f46b7ce892d372f0edbb3a8523cc393ecbab9d38f2938617eaaede6a0777ea16d1f1a2da8547c001a86b1ee8f4a3
00a51c2e4c5efd1087372fac539e41a5c7037996e78a473fe96bf9d021a845dada5d4dea0f8269346860bcda84e3f9c6e7b1f61f3afeb488e0baab59
ed209e4fabec4f1eec6786676bc49188ea4b1cfd842bcf33b2fa99118f07c6095e5dc2e3bdb0f77846d17b719f6ab8673db23778e007e238da2f93ef
6596dcc8d51cd52a1c89472f7c5755fbd8bb0dde9e0f78651498c4a2139fc2c30f3bf2f446f54b1cd1653ac7b982e23d8c31dd3abf9717bf07ec36d3
d97a75a93fec6745ff9bfad998558ef3d2c01b3d8cc2d0222478548bf0082f043bae477ec40f53c723eb5754f9bdf024deafc3f7b6f5118ee86a09ed
77f507c960dbc89978173e80eb798e1b13bfc2dcee81cc330a6cbf611f5172f240cab971437fc67c84232f70c1f80faddbc17cc105ed98fa09f96733
ee4733ae1f63fa82c1e7352fc6760ceb6aaa9dc9ac6d2911e7f7e2cedc2f8ecfd43e9d8c2c593b71ae93c93cb30deb9cf2c58729e73b7c6cfceecef7
2e7a890d8cf3d23a594cb3376ee2493882c666e014efec02c2eedc1c1fdaef7921a47737d72d4ff05d588c678671f8683d2027dc88206e517d8423f9
45c3bafdeabd884657e0fbf120813d0ae170096d8057bfc223c8ccfd575cef1e5de4bcc014068978138ecf20d922abbd0b88bc77731b7c356d5f26f7
b96ee2ea2e82bfc0a0e68157100af11989e4e0abe9fc22560ec499cf78349d0f82a6240eeb63557844fb805ad9ab24670fa274272ea347e4fb590ce5
80e97cd5fe3b98ede0223e84436bc2ed44c5fd2e60dc32c92215f70fddff918625aafcae77323d0ba6f9d5f8bc0cf9ca63f2d53830821deeef8fc208
3c4a2a058b23af16e114261b7123aed89d05388f610ba3480fb0dd812fb5cff7e218301dcf7623224f04a08eea22ce98318938c9d32ec0f704db6657
bb701816e218b61b1ce82e2ca68ec077dd4bed33925f433f753c33e47e2920eb08b88f02a2aa763e6f7a1ee1706080e1d5441cedc3027f2f32b50ff3
8602ddd20347b428605fe0beee55f633b31db047a663d8987fa162fd58e1fa715de13f8503099f27f9804d94e39877cab41ee6fe44d0a05dd5316c95
7155b1ceadaa9f8c0a17d9b7a2fa12673b1c371d930818e1d9b26fe29c1706c7c505c6abc299aa8bed37dc381fa6012b3c6e4dc79e75a6e61c98774a
511e4851a020f70a7bdf195a83b342c3fb5d400c2338fb78b50a8fb70e8eced05b991061803972e91771ecdec87d1355be77b01d1c32a6c390065654
cd3e92e9842825f09bf814ced875dcbd3a0c0db165f7fdd98873d4269304758c03dd081fba11d60bd4d3a656c3648ccc8bed6b7c7018ee0b0c56950e
4383780f51daa3cad5b69024e9cad8158bd419de031e1009f847ed209f4b8d74a151e5f338c4eacdf1ffeaf92f2205de5c9d5fad9e93ce0afda7c4c6
0bf15d89fdfff2f034048c404a925dd5a9608f708ce7cbc3d35e44fa8706f4b15754f255ec59acce9787b081dad60c6a35456de7a558d18df8228e94
2019df352f9e82f3623b384da7a8e7846571854ecfab1fe278be601d4e51b789a0f7b574e1953873148500f44138a428b01dcccb14159ba04ac8f9be
aba24ab330fd064e6b79683ef0d0f4f4318db80947e4065c1a6474f5788ad9c0b15f260dd91fa6c4a830487ca69877986531b17d5497f0086a49e66b
52a4fe4c664a800f9c57ab7018d2820a4fcadabd10e2ea1b971e99753d0ce0840c145ee5a930119b6ddcfcae462a3c9b325654e21c0764c41a37a8de
6c9a7725c8fb2b022f7ffa348758af7a3d79ddc93c01915ac0ab4b9fc7e1e0f26a1a0e38d20fd81f3d325bf3c21738daef5a468877d633a74d7710e6
e91db0f37e3cf50d7104648bf095511dc21fe06c7fea79c404e4769d7deabd88d2cced3abbbe17647d242e3b917586371f89d34ff3f547d95222e9e3
ae8adc4f78fb8d84bbd26438002f74e09db8097f81a33f834c2523718dc4791964e226ece047e2b8d12cd70be87fe3f3fadec1cc3020eb7368dec722
8ef11cebe0309719ec0fc9dfc4b1342279d9aed203d10b782f983568c751f8001fc41fe1d14e4443f7aa96bb21e31a99d6c960070fac0e1dc7b899b6
b721ea5f4e7c1e8a342fa07d8ebf8ebdc94c4e6466a7ee8093099d722dc45fe2d8960869e155138ef67157da8720fbc334096472a78ec33911f35be4
786a1f2146dec8dc2ff4edf202c681fb65f2789893df05a655868c0f0d1937de89b39fccb65670cc4846ec85e867e1382f8d33a2a80f049bf06a111e
64ba57e15df807cf631c74b79d0b41640bf7cbd23e62d04ee80ebd3a85a39dc2f6f5bd8cc81829e876f5a3f506a9f5c61bf12e1ccfb39fba233390fb
a04c0fc934518879292d11e7bc23cefb28dc2f1f1d1b1fc4d3ed9cf78fe61777eda1e3f0a3efc25dbbf626fc118e7ee2f23abf64bfe6177423f20844
7508c77b719950548187510590012baa5fe10fda19c4f95d4cf84999c3ae56e188387f09d77b999016ecaf22113c14dfef76d81f5e6218537e3f5f89
ab1dc444eda40ff4c9dc05c8402ad9113a657a21be77a81d8ddb97b97d71299962bf9484745c463c0b47e478aee787324f78253a8e717eb44e70b9a7
8cfa412a5314828d18a4338fc6e7610e1cb211b4fc7c4e86d38cf97d741e218560e5b5613ea21b0f032627be5774fb61c626ee9747fbee611e21bd57
eccbc388bf7a2f654a4cb08a9cc8512dc231ce64cb1e8d33d9595e57a684138cd5bff14ebc0a473fb91f5fadcf974130c956be1a4fc6eb1fdc8fafd6
d5ab74b385f84738da21bbf36abdc180b52236dca368168fa2fd8fc6f6b50e11e31fd916a3aa7e828e51963e5ff1032f32890fb2bfafc6f3656a9fce
efd578be4c13bdcfe5bfc07ebd22f7e4fa11c3ea418e0014f01990052d46407b108683f9e5a2ba8833af188e8745977a2f304eba70138ecfc61d7931
ba99175e3ccff6c95eec42dc1ea024f7ea47780c13b4b5cf920c675d08ea6dd866eb5afa2e668cc3b1a1f0210fc38720f95554ab704c1b44bd72987d
e030cb1c4c517d84834c18db31b58f5cb4b0cff36a133ef07c25fe118e6d6c6c9fc703629230167e54399e3702c9368edbbdd41f05168e652a23fe87
d98407a29f79350b8fedd4700b5989c7db820bddee6622fe08c77c55b6afef4d0cbb9e85ab7d84b9a60a6757a7f0f85e588c7855ed733d405629ebbc
07d6798e37e26a9fe303366b57d57f863dc7f1bcab261cdfd5857f853f789efde1b1b112b69f75e2642f946ad9b88f128f9395382f95fd243bbb785b
35ae37dd5657663246b0654b2a311812de7bda8993dc2caabe2eaeffc25be082576283f3b257abf050315e9cc7a2f94544e0d138cef462dc05ce23c8
dc2aa676e2581a300bf6ea106e687f1067ff0bd2d720b8cc8314d12854e09578138ef6393e34abf002c2b573bea85edf05646cb8484fcad23830a700
c7532abd85db7f830daa574d38c2d2735f17cd17b2a18dc67d5dd6792fc61faa9725a900f4fbfe7c269e85173c9f8837e11837d219a90c5765146eb0
d74b2ac35519939ff441b2cdc5d0eb17e976d5be4346c64115e6ae56e11807f593d7a1554197fac5fe886e57ba3b935e55ed0b66ccb86ff693c71553
6e37846b7a96a4170b31bb078ca4bc3a84c738c075c7abfa5e8c33a5328ba14fbc10ebe786546f57bbf001bc1037e148750595adcc2a7601aa6878a6
7995df4595e7cdfd2b9527737a0f4a47607d8102da696c5fe34355e8cd752b99f0eaccdf0176764926bc3ae685e2862571c3eaf4c305bbb9bae86447
10f0c4efeaa26f1d2acfc473b06b5f74065107bbb6246e603cf696380e43f404d2e246f1c192b4780df6a709e77e19d8ef89fb7168bf53059b4827a5
82a5b971e3f57e49ea8c900d1e86bd11e77799c1d5f1c67799d63952f7b69c8477e1137827fe111efdc93cef4ce78ba13f91e97a57758da7f357a3d8
6857a7703cdfcb5f60bf966ef94a1704bfbe67e996bf981f2d0fe18f707497db754e758bcb91d336c9752e4a057ad1f3fcecc9ed175cf33be8a2fc32
c52583ab7ad588838d80ea62b3d6180e2f047b8490b15e9dc2ff1001fc1dbc8578c1a7adc31cf3954af2fd653730e20ff1202bbdb37dde2a5eaa307b
84c9dfd557fd0157de1109fa459ca728b09d8ef6df9585238e7790e3572a462fa09f711bf66a16fe01de883fc49180745cc4b1bc5e63b05edcea5e85
947aa183dc781cdb5e1dc2631cf2797e125f7c9e388e2b2f44ff07be57aaca97c6c61d64e895aa72179828b5e3bb6e1bc2430a0b32f4daadfedfcc44
6f6c1fdbc30b4c1ad388bfc483edee505e78b50a6fc0f9fc52fb9847f85dbd526dbecc57baf14ebc080f4b0a38f079b50b47a2895c887f89c3722115
f427816cbdd07d3a6ec0a7da4722f8c471239bb80b583f906e7af5161eedc01ad7ab5978cc17c89c57a7707c2ff69165adab8c7884a3e1bbe856f232
79531f9c2faa5abd80b47c96887f8563bd0d3e3f393e487a847c6951553b98475cf3bcca79444e24e4bc896a138efe5827fe111efd4760bb57aadf97
6966bb715f147d6fc1f8e09af72272050ad14ee3fc56b503f6a5e3dae055f6075692bd35f4bf6a5f54b0dd919068579bda6990166bbe9af64563fad7
86f6e934f3222c06d3c246b5090ffa09d774afaa1d5c6b35fe6daa1d5c4b06e7ab6b3d77e6d6067d43c80b1482ae1af775279d64cadd7dcbe6f3a20f
1d525ee377d1aff1a55f23c38379b50b5fc031bfa6f131ce17c7c1345f50fe7628675f297f5f63f228e33a37ad5b266436d255139d41ead18e506d5e
e5fa81a17137ae43d3be33f85e5c5c57a67548293b9c6d5f29975fe6061e17c7939653bb0077d08bfb776aff8654bb72752eb512613d2a69f31adc13
21aa861a7157a69e8d60049c8f253a1e11eb3ca4399f5e7a9aa1d7f9fc476ffc10eff87e9daf54fae641baf6087f88733febfc33488db2c535eb952d
bd17c21402d741af3ec4618186d0ee5ebd85c73c35633ba4174c60b3bb7903e73a9b17e84207df20a5af1762bd22b4d3bbd943e06b202114620bbc8a
e7f532056330f35ee942c322bc1035a161d93cfe77862bb5ff83dff247977e035326a25fa161301363b00c2caf17a068269a85425e4ad48446700c23
ba84ba877348b0dfc5a8165e78c24f1ca846c4e086988816a1615fcd9e99dec6e461445fa23e793032f34a12ea617e12fb30d542f8816337281f8917
e0c00d543d0b2610de4fbbc21582fc1e6083dff5d59885983e835b500c801731001273535e2bd251abf89ef36a0337d31cb018679925fd2de232a908
fac27c593752f4a908c316265fcb8cc1ce222c4f997028d3619e45589f32bd9c67616ef89b1761097ad23ff7c9df799122bcff0febef95ff3affe56f
ffe6dfcf7ff90ff3bf3efff0f99f7ffffbf3cfffe3fb5f3effe31ffeb5a3fff07ddefff2cfcfdf9ffffedffee7df3fcf3ffccb7ffb17ff55fcffb77f
f5affeed3f7fff13ffe4b5fff8effef6bf00e7ebd532086d0400
