1f8b0800000000000400bcbd6baf66b771a0fbddbf629f01022480ecbc6bf19e090cb4a596dd802ce974b7e23106e7c3ba260d586aa32527f0bf1ff2
79d88ea509bc0fce01a6016993ebe5a5582c168b55c5e2dffd5f5fbff9f98bf3fd7efd3cfce2f1f4fafafefd9f3e1cd7cf3ffdedf6c79ffddddf7df6
fef8d3b7d7773f7c795de7757efcf5fb7f7afafac3fbe3cdf5c3d3df7ffaeab357dfbdfbe11f7ae157df1d7ff8d3797d2cf55f17fad5f5afefbefbcf
22a39fa7bfffe6bb779f7ef9e6e7dfbcfd7cc93fffcd28f6f6dd0f7fe83fffe49727207dea5f96a7328afdcbf5e1fb77efbffba7a7e5178fa5f50f9f
beffe39f3fbcfbd77ffbe19f9e7efefffddf8f1bfa4bf26969edf1f3b5f72420bf787af1873f3cf1d3f74f1faeefaf0fff7e9dbff851e51fb7f4fa3a
df7dffc38777fb9f7ee8503f6ddf9d4f7ffafe7a7af7dd93f8e0cbfeeebbedc39f9feef71fbefdfe93a7ff78f7c3bf3dbdfff0e376c6c7f77ffae1e9
dbf7e7bbfbddb18dd63e79da3e5c4f7fbc3e7cfbee871faef3e98f1fdefffbbb3e694f3ffcdbf643ffdff5e326eef77ff8c3fbff78f7ddbf3e1defbf
3bdf8d16bea7856faf9f40fdb786f0fdd3fbfb23ecc7fbb3d7fed3f73f7454fcb0f531f53e9fb6fdfdbfffa4e7e32fe8fceefd0fef8eeb935ef0ddf7
4f7fe8cd8ed6fe1a9cef4e1af90bac3f6ea80372fc617bf7edf5e1ff3dcebf1fc8fe2b0c7f04b863ebfc531fc4ff39989f2686ceb9c4b68f24f18fef
3f3cbdefbf7c78fa76fbe1faf06efbc3f73f6ee32f330b6dd0c65f8df0174f7f03195f5eef687954fa6efbf61ac0bba6be7bff9f5f99d5779da6fbb8
6cf7fd879fc0f0edf6e7a75eab536f1feefba7ebbbb317e9cd7d18d07dfbfe87eb498cf646ce3e86be2e9eeefec38f1b0187dfbfbf7ff88f41781f89
fafb3f5ec7a0eadec2bbdede7f7c18f4fc9d94fdfd58ed7f6bb6dffee6d59ba7375f7dfef6772f5ebf7ceae9af5f7ff52faf3e7bf9d9d3af7edf7f7c
f9f4e9575ffffef5ab5fffe6edd36fbefae2b397afdf3cbdf8f2b39facf7afbe7cfbfad5afbe79fb55fff5bfbd78d39bf96fa354ffeff74f2fffc7d7
af5fbe79f3f4d5eba757bffdfa8b57bde5ded5eb175fbe7df5f2cd273f6ee8d5979f7ef1cd67afbefcf5274fbdb5a72fbf7afbf4c5abdfbe7adbebbc
fdea13c0f9dfdb78faeaf31fb7f2db97af3ffd4dffedc5af5e7df1eaedef81e4f3576fbf1c507cdec178f1f4f58bd76f5f7dfacd172f5e3f7dfdcdeb
afbf7af3f2a98ffec7ad7cf6eacda75fbc78f5db979ffda2c3d561797af92f2fbf7cfbf4e6372fbef8e2bfc44c1fe2dfc0cbaf5ef6b1bcf8d5172f85
a163e6b357af5f7efaf693defa7fa63ae3ef9dbcf8e2278879f3f5cb4f5ff5af1d9b2f3b025ebcfefd2703a1bd83372fffef6f7a8dfee3d3672f7efb
e2d71d1f7fff6334fe84a07f82d33edd9f7ef3fae56fc7d0befafce9cd37bf7af3f6d5db6fdebe7cfaf5575f7dc6b4bd79f9fa5f5e7dfaf2cd7fff71
4b5f7c3566f5f3a76fdebcfca4f7fdf60520f5f63aaedffcf791fed5376f5e81f5575fbe7df9faf5375fbf7df5d597fff0e3567ef3d5ef3a5efb505e
f4763e63aebefa12f474147ff5faf7a3878137a6f293a7dffde665ffde49e9cbff02d52f060edf74947ffaf6afeb7448fa0cbcfd2bbc3c7df9f2d75f
bcfaf5cb2f3f7df9bf4dda57a3fddfbd7af3f21f3a4dbc7a334abf12a0dfbde8d07c039ac6f477784dbe7af393c99aabe91328e6e9d5e74f2f3efb97
576374b36627b837af267182f34f7f3327efc72bf5ffe78efcf2bbf3d3f7df0e56f9fdcf7ef68f53a478fac78f42c6fdeebbf3c3942b3a6bea52c6cf
7eb6ac9d351e3f7cccf2e7f8b64b36d47ff3e7ef7fb8be7df5ddfdfe2958eefcd31f67d9a7a77f7cdd139dadfef9e9efe190ffd019d93dbe7ff56170
b4be71fefd9043fef2f9cd9ffef8c73f5c03bca7c2b7ce13f9dbfbea42ce9783dbfee34fc499f133bf4e394631e63f3fbffdf31fafa765b6f23fbe79
f5d9d3ff5c9e96c7d39a525bfe9ff9fd77bf1d1befc35c10feb1177fffc7edb83e6cdffdebd5c1fbe747fff7cba7f1ef9f3f2b9f7ffecbf1edb3fa78
7cf6e9f8fecf9ffdeaf3cf3ffb7c7e7ff99f653fe75b1fca4f5afcd962477d3becfdfa6df6d1ff2cf72f9f9651ebaf7ffed9f2784ce8de9dc7bf6d1f
4685ed314a8e44fae5d39a1f244bff562ac9da93a1c442a6fdf2a9655247ff1c1fb191199db534927b6f6dad34b22f3db9ac24477b0b058ed15d2d95
c68fc50c4d1e954ca3c6d1ccd0d2b18d4c7d00e6b9fa0b75ce60269229a3436a5c0f6bd0e5b5980964e8a5ce62cd5f00e6b29740ffd761311abe4e33
fc72af66a87307330073d33f40def612e9e5b697d5eaf6b2fa8bbdac03b9cb6362269199308f3acbe2906b2363970fea2c9be35fc8ecfe42b1d50ce0
2cd14c34735827909943a3d364d38106f26c80cc710a019d1e97fd0cdc2ca7985e68ed743e2185e59c88a2ce191d29109cd98c7544d56a6b133b3630
b13390bb26fb0989ccc48ebfd8742864843af04bb65808646c3a9229c95fc624ae750e3b9299c506e2d7234bfc143bfaf42606bd0e824cd0d37aec23
095420a951f66ce3eb68233ce2c7c5111e7fb596c2e3f8d85c64b24303e898cce48ef7e5da2f115ac9dce2835f8e49e10f3273a01dbbebe331f01ef2
00ba1f94c6d856be2f039081f3f5b18e22a3ef9e1c985828b08ed18e85d193e52f05c2285ba81646d9b2921c782e85e43507b8ca154a1e0bb52fc430
f84926392a8e45da936d7c1d159725c34312dfd7c54c22d3fb6c9469839f3094a50d7e12f9bdad236981d14bcc30c8c9d4fe0b36d7cb75dcaf692539
4048c07815903d98c9ba2e8301a642721b4b3990ecc35bc772edc93e016be0eb3ae01aaca22707040c625d69c102fb284063eb6861905a2f1a07b434
3690b98ea5d693c7e88202698c8cf9eaac78c0408141c8eb4a6f6d548b74c138221dc3bb99fe750748be5ef7c7098d03bd89194883cf04663c0d5209
83adf5e431921458289048c691cc24eb481692a3ec60331ddc5160f0cf9ee42b05025fa916f84a632ce1f868749d9cefc1e07b6625036925b8507c54
8b45323990491603ca24f5547f2916b39f6a31a04acd62c095368b013aaca2ff2204ee67d55f4e1b1082cb8c4ddf160382ec7820f1941d0f4b2265c7
53fdc5f164c0c98e87f594b2e3a90c3b3b9e6cd38ea7004e763cd5061c4f01eaec788afdccf10068763c59703ad401a24a65cc2dd49c4a941bd1616d
639a4c6e230980751f49c0abcc236dd4732469a30ed26e405907dd35606c8e9855d5896ed00da507ed06565542ea70f23798176dec6c1914d861ca74
bd8fb13493b058a038dc444816b82449f83fedba4d31a403ce49b56b80b3d2db35c061d9651814d3951fb49b48fe6581e5081f5a482e1f57608ef0a1
01590927d81cf2d37ad5877cb092896418c0c5f6d233cf32acab254b363230d602d2afe69e1d07b8d796fc652153ccd0d5b6990964660391cc65660c
f2dab3195adb67b1426616631413dd30ddeb984d031bc82d0536729dd6817b5c971b2becfb1e6c27b14ddc634b4c50c73d109fe082f7407c06f4fb31
b65ad8e4fdb8c7d7d1ebbdd00224762fcbf86cb24f4286c0eeb1db2526ec1e9c2bc3e5eec1d77b3d3a197b4e6213b997b14783c47bb0fbfc78d8c6d8
d0a31d1ea30d9beb38cfb0fe7b6c08bd306db06b95cc46708f5d2b39d89501d0e3608bbd38fdaca315bb1c9b42e7882339f6d25e822e079d9595b607
9d752e4772409d2c40ef2b9f07a7ec697a1c7caea7e972f0959a816970950a87ba0b289be9517ab1c858e43dcdd82a238655dd63bfed695a1cbb670e
f0c07bacd7049ddf1ba286900f72eb5c90e429562c3e28223b6b63f996c23e750fea1a9c9ff4cd77d26305b787e33e8e210788b0214ec6e2d49d83e8
d7c7c8044e3c63727b6ad05b213988621dd00485ec0e7b87322c87ab6ad067cf54326363ed995b516054ef5ba9d24818996d343bc4e510c6d8d7c16e
4338c6564e6761709a752027842101af810203e035f8756ccf633b0911192a964a66ccf6d2693090d9608963b43dc342447c0fd14da359a70c681202
77cf8c3a39d24b2ca775ccc0fdd81e43842117b870cfb0d1c0c043947d7080e9991b7006270d5156c0592ec4433a4f8dcc405b9f6aea9ca34e7e84e7
185a8883f32e9d0350edca3072501fefdd21751a0909fe5bd6b1604242b6ec9434fa5564281c0e8252424120096ef2b50ea20ceec4393fcc889395a6
0be85e86e8d733abbfd074298c82394c05b258c71e1d12dc3b726c08a9151a88d46914e38c17dcc4326ca867446aa41f16435ec6f9262444f8c2e922
2491ca81b767661d8a1d9ebf573a85d9f63d954ed9d4fad8689a13560e0e814355462ceb19b64176d59e010741086e765be4879e01078d694d9c65b3
c49b98927e30b7cee52f23c3a6d8ebd04f5e38bcc1507b865da141c07951861abc21e495a6d3d8ce7b86c3c06331733a1eeab0366ab19f30fac90524
66e82056682747b6fb3824ea71cc819ac1688ed48963cbeb195740e11704b754196986421a525cc82ea107eb3e57492c0cece406e2237490372584c6
2f6cad9d90689aadb5e60a383b24965876795f1c364defa3818484d433106cca60879596e44919a2886be197234855b4764089a9f90be422b3c8904b
6f8cf1a84689cc5c463f12dbc30c0b701536c8a50baa800385f4628c0775492c2cef7cad8e875918025367e5acd3cc0ace1972c9375cad82ebc271b6
b7f620234f8643150ec0d9e55c1e203181def2800e1a182d0b08a9d068e1acdac1a1188414cbea2f741aa1c4b25227d92954d51132a02e61ea55f885
d36c660fee195b636d97e0324b637005c69c6b331364b26410ed53f1978c5c19d8050acca12f0c3a45be8d15a228cc76ef0d1c2055c5dc0f8ccf30cc
c2143564f85058aa69cdb4817aa92cac9ac252eda2ce28561f3098c6ecd785b342a181ba3efcc50ce8ce43e20d35389343acee992aac634895a34b45
73176a71dd32a4caf8321260a8906994f9d5b16777a28796ea292940b315fa6b1cdf42bd1584c17d832e3a0247030d3d457145371411c9396e4e5eb1
5870a4cc71438dd533d401ea5c18428399374585865c1e2354d6aa8c8cddbc5589115edcdaea06403f4d248ed364cfecce3eadc1f3fbea2e64585c95
bdb3ed733c40801a2b3f6c80f5541708b8b19e3a293004348e05d92b3427b8c1309bbc18ad40cfb023ae70c28d9596e5d2db5c69d58cbb28d8d91676
b7e22f8bbb1b43d85606d7c0f5b64e4ec82f815940c51336f487bde901dbc6613d2b596cc9a69bbf1cee47f4c3b939a15a0a1b87db8cd2b66758282b
5c7a9bab06e2db364839b1a16dbb738ae0b571aec832a50ded6e945cb69be5fd1082b9a1d9cf2dc136c051c640df10f6076b3081eb9d55525d3ffb3a
1be01775a80582ddd98f2a7aa3b047a6911343d8d137f4cc40e2ae5220277e296eb6acd3bdcc3a898ce754b6c7bd70588f2bc5aaac2793e11058a5d1
1dc1ad7338c0812cd38440e9a3c24a7705b70091ef709b84b237ec87cc0f22dfd94e7a038cf464993d20cb9ddda03e58f5bb8af0f98bbaef0752dbae
bc50a183fd5644857b1e3273d7c2b1b04a506ef68cd22f52cea1f05002c592eb87157c54b5b850ef318ff4fd74f00cc33c50c026f7db03d6938340cc
ddee6106328d99ae2e48ae2dd44161d6bb1ac54eb4eeed01e0277ad4889ab3674ee77834700695f3888e67b035b8f41939327b8838a3fb930d44cf44
4070aa094b50f3899c920b2be074af8943b7d833cd06cc6c360da0ec425d7ea03535db0f26e2e444d0b927c5aad215878db3ca1621b9539df783e3d2
59696de2a049c0d641044a68177a462281e4ce3db26e21fa131937ae308b53b541760887cc0289f9d4c253c50e9b4617c9e9d469444f184e25183488
3db33ba7d44177eb89b067902c1a537f32a769a25713cd12ccb805b120cf1b3932c3874e4e899d4199018280c870a9102af0874bc1c04e2f0483e231
f38a1e079053aea47886007fa168cb72a86b73eb867f5f9bac8769545fd31907ad81de349b468e4ca8067b0681b7d934b84e6ed017cb3ba1ddeb19b1
c3c6a9bea61ff2684d5c0764dceb7447b48ee61bd4023dc39249817ee00f05ed7ccf6cd21be3f1a4e1fa51fb13b1a4840b39b21ff02936f73db8dac5
cc25f789eb92ae67061d661655b09ecebf014736bf20be5ccc69428fdb33d15fa873cf91facb1c299dded2359c106554ffa59861ab93ded0428da6fd
a500c1cc709e58604ab7a6328c213dc381188d75401133f630325940d9fb6fd87caf33c0b93d925700bd31e674966dc6a5c9de7f8bf8c0ccdd1ac450
6f861be1a12e08503716cabea58ef9b9b13796daa58f6718e6ad10c691af1fd52053966acfb83a07e0f101bfab2845fbd94a9a1d7c3576b1ca0cc53c
92a397ec99b93adbc8c8c850140d253d8b38f88bf33570df33aa69c7840fed3b841501c755133210c06dda62d3bb07d544a72c872e87028e6a8a6521
839531a34fe9190f838dd66ed19d69e056041a2b202e0f3780a155888bd25518f4d733516e53c928188c6db967947a868a2b2e6891da1268807d222d
915f10817a1d5a53579f168ae5d9c018dc525c01855f0a50730a8f4b9d4d0341736d2c40ad0e7d05070b9b7cc528dd33580ba098a8baabff426b2ce2
88b4181768a96131e999db3a6420acc4228eabfb3a2b2d6203eb543056405ce191118343c48a35faa158f6dc5cc994ec049b810eb0b3f5ade3303300
5d9b43185a9fb8a270ec75c870a2eea77dea70c68a1c3b7a86851f071b89eb3d8fbdf4a31898e62f08029c33fb0e83fa6da181b08a90b19e62c82efc
955f9a3317f8a5a9b26382bb14c6620255e1981be7e8349c2c48711d243e8710f42c58cdc8e2101e7a66b5d8a8a381b8cb9e0f329e04c168d41b601d
8cb973f164a690b1e9210844f5847116ab4e7da6e9a6a6f361461e59c8788445c3d633ab9b130decce69a6697c3bb2e88dfba49d4121f190c9b26422
67c42e7098998a84950c14cf2928463511eca23d73d91a9d8ab72c0e2ec9df3a281623f6c69e81fd62a7e8994d549961eab130f48c87b24446e1b5f4
c5f4b71966272fd08d5dae67a4cc21f9f50c6b030546cf483e30b2a4991b2d5dcfecaee84286c162f0ea6752059d2191f54c3143b115042556674267
916234a386209861275e2b9d628eea7fcc4c7e375097e2ec874e939245a1530f7629fb8b5304f96851ed8768fad1542afda5a94ab381ac282c0eb44d
8648a759ba28345d5c421089cad68abb434c88a8119923a64dfe009525ed5741bc691be4b41f932e23487e3139fb0b2c215dae4e985276e6507fc469
e35b9bbfc0e202ab262f53a714c80828d3983517bb05a9348ca8a263e6c4d6314103d39a39c4f49eb9e4d263a47977ea339d1e3273d66046084b1cf9
a2aab4fe0b10dc53001938289e4138d1f40cbb1bcafe4eb9a20aecf4c39519ea78d2700f2bf11655fc5254b2c1a50bbaec8a94dd790587756c60b160
1ecca89a62c1ee52169b9677b9a9975b75c1d0a2c6fa50d5c452ad0fb5176c5b358051bc0f624d2aa1604a95edbe23910654b3ac43568bd59386db49
dd748861162a8240c22a1dab482c2ca67ada341452158e1eac85eaa9f56103b73a3f68b429f961f9ee5c71eae633994b08c6101a4c36610beb194f4e
cd5f1493567fc1276e19d26f6ca8209b486c68b9fbfaa258504465c9b4202764a3698a568a494d8727175353ce726f69fa10c46a66b3184da36f88b5
021bcaaee8b6a5e2aab31fea6c4e0993d560b29d7f01a812664820e4524f436673c9a4b03cc730b7c59314806f6bb4c101d11666eba3ab4dd5466241
6e9b04ccec6fcc71df551b99ea1cd380ba45d9d576cda629760b1e64ba2f3a4ac17aa6ae07713aeeabbfc0e2f6d5f31f3bca0e99663ce9e2eef13ac0
57774c48bd01ea88e154cd2859408c3bd6b71ca08bbdce5311ad35374578caaea3840b52f54ee733663c22417fbb06ff809cb2ef6214e1759fca64d8
efee7e8bef5bdf7b115171e3e999626621631d76fc43ed4583f51c6a2f94e60f4d6fb8fcc5232a9a8c9347cf1419cc18cf91ccc0cc0f7864c68b261e
79424d03454686387394b909524c1d4543e638aadc93b571a8b0686c5b8744e1da38e0020985593c34b944f6d7036924351899faa022b91c880c7911
211e4767a7f087ec823c1f8e87f939d9d4b3e2cc0921e50cbd9da8476366a59dc56d18ec9c656267e0fa64d935ce7f51654a09435fdc335a8de00fd7
5f7c237a1247ad42727833340b387a00b906889a007b7a18e6178b63d3b791e1cfb05853eb3e493d1156d2c313815de17ae051b098c6db82b3c335c6
8bc5b727872b40f26b87a4b082afb1571618c235641cf7fd6b6c4c055c5e63b51556d4a5a36aae7e77ec2cfd0b178a84cf43cfb0daf1dbed19bc2f39
125c6b1d7e2256e08cb63ad295e101a42b5839f2c2d3229b747ca675a114a9832b678e7a57c0370239fe0a3a47d2fc90b672a8161f4e180154c31f4a
3f393cc7ffae614ec90e611c9ca59e6b2cb4e2f0039382047705e9d5e10ca12d71bebba22ea16caed7503d2734dc1105549a9fd3e888c144e9839e22
fd9b9c8a096b0ebc217d5cc3768277444f5e23697bc325c3294fce03200e49707d489f43d39104643ad6499370819245d59016539b154e00233926c5
391f2acfccde7a0d1d6785d15e1e15abd380cf437074c53d40d08a4e2416d28984b1ea80858370cfb8eed883ae3a5c1e936ba37e743eea499c8f00bf
6a7c47aeb9869e34679b51ade264a2a15688be709a71595547c8602a43a42aae34889ed7b02d65b6eeabe1bec321e81aa7dc0c83c7f12bb3c15c8865
b1487f0de4d0637335899c2628f4d92ed27e471922758cb35c120163f3cf1c2cae71a8c348da931ee0e54183d72a37e05e56653b432cac2e60d43118
9ffba92a4011803884c5ce7be9d2736171ba399df7a324b577bcad18c83e49c5da1c2c8ac8999e12b2a2b1b36576705c9d95ebd07776fcf979e01276
7e0d9d4786175f4305941f728a0307a9c522639ad8982e1d2a56e76968898a5c639cd98bb3700a2fc54f972b7d9e4cb64c691c5527e443862ae2e992
ad981edc528e7b0116f228eacf9e062c6f20e4595ec51632c87569c6b1d8d01354e7f5a603c73d3406d5e53884dc26e687609e1f4ee6385ae4e110f1
1cd7bac754bb666f9849b159c911d9f91a9a94c94887babcb978344f7a2840e58a1528a270d5bfa6a797517c25c9142208dc0fadf1cd1f043b90066c
66f466bff3f87c3f581095e43680b104fe63563cc757db6313c87634c082d2f51d54c180f36046ed1af51ef4b88afb604532bd3d108afb7b11143a5d
00c5cffa46b21e751b74fbc73d307b1abdd76a213ad6085bec5977c162a993cdcdf4580f1e046f8e1328e37b7a556a0454b62bf5a737128a0a8e9bf3
e104d5bd8b0b303dc342cea69b2b8151e00de14ad63f7111ff9c575088f7f4491941ba28234837505026e2442866a29e1c621e358487e13b7ae4e5c0
89afe382ada3a7bd86606d40754a22a28e08c336dd8fb36606f6d408def8043c66a3178dda10988c809df01d9544f1a6541973638d540d7ca309e196
424f67c42dda41f27d706ec2029017091003c09c41f645d7e7cdb6f870a29268cca48153f8319a3f927541a3f48d16154f909e06a51c2dee2cfc94cf
6214ec66bc5fab650a69fac28818a2e5377045bfc3773cc7c5f2f84bc2e2eea1faecdf6d13074904d69b635008a6b5523a48776ac4997bd8bdb24798
1bb3a487d97b88cbd903cc3da4e59ef67b0520cb37d2b6b9013483e7e8806f48c49ed2eb3e9e636777c179d765c1c92c441b6644f0e17b480cbd0ca3
1e0243ef1c0087bcd0316019070720d5c181812147f43483ae084b6c0a777570f485c15519e41e9244f61c70637bede46bc78c2ed8310ee5c10a00ca
767f8f0364c6a41b71d1eddfe9ac092840204de034d3d389efb4cf113344d3853296c7bdd755da240bcb080f03682e2d06cc81548de6dd2411e0dce6
0aa7d16df238a0d3b3232277e9128c2f474fb3cf3bd19ee4b2cb68473871edefeceec8a8b7d69fb9ee76edac00ab23bb08d87531f1fbc0769165217a
b8c3df43f6c84ae1f73e5d679966450fa75fc94346a0e82147c5d6aaa47ea3da2e62e0500fc63087963b17e9769863b3a2b506bebacc8680ced1e856
ef2a3c840e480f05235789b28b737ee80c6421a1a667746158ac7b1ae9577a3995922c83c4293b1ab6deac70322d8e2ef9536335809e02ea774d1d96
1750db3c483300bd4ea5416f05acb6039cd2238e3cc5157f09276574158ea25d2fa92a53bfe8c1dd610845ebe2463bec54abc69b5b3b8aa2d07d730b
d509c1a6a27b7bcf046a03c710928a16bc7b08493a27f574a555c67cab41730a6fee873953b70ebe32f35b983ab6138ee92b0a87345dd3b94fda33a3
8ba55928d345255df86e1a83e530ccff6dee9630d5f62e1be99df483f41049b17df4f4cdd5b675a417311248afa4fd1ee89d7686fc332ee8911ed0b2
107b5a686973084385fbb63d0da256db119e85b47832bd8358cb1cd4f5fb45bff6c534dae6ca5508615b851918861cd5dbb10c93f8a01d2edf716931
719571dc40242d9ca681539cacc0f9a0df153857d3e290595881d3f10e696c45bbdbd3972bd20a371df0430068011a4a85fe9d324332d33edfd3ea8e
9cf300b9491701488528cc2bbb0c990b82cb83343744e0853dbd3035b41ab98698414b64ca92e94c9a46873c35aec491aed4052d911b91d9f4c677db
df49dbce41194686ca002fae9ee6089e6d5f32a34c0236cb0fd1aae090d9d3dc91ccb49f342e4897439e2ac5017885af8ac721448d3b75a48588de12
1025d09884c8f217bdd9034a81c4f70ce602e533d005da194254812b269c13c62d3dd228a5abd4322ee1d550acd068148032e80a4c4106b8041af3e4
d9563ec18bad029d5067f145852274942942440705dc396743a21a5700490b29ed0c896a5c2724cd1c17d058c09c735f8041ba19c24e783880aabbb7
5c67483bfa33f774206da1c4f540bf97f1bdd241d52f43521ed28b5aea9e3e483332ef0b8adfa114e9df9f737e1e8e9abfc4360fec43ce090f67b109
22ad0d3947657c4f27d28c6fc839e1e1440cd92620bef734b71c5d178d6b8e099c352097869b90dbce49da32402eee879c131eae914d34019b96334e
6c89cbd021c92f860d2b24f9d7907ef4294a444e08495e33a49ff6b0839d23b2b81f028ffe293d9d28cf0054b608dc907742927f0d238916d99ede48
03cf90777a1980debd5a2f75ee1cdf5d78c3a01070c64a78d368af4c446ad011a5a757be03f42170943f048e811d00e79a3d048e811d00e72c0dd147
77f0448887f69082bd0126eda0c28f843ee899015c736443dce9690ae9c496e48343de09cd5687bcd326ef1bf24e9bab7cd8314313bd43f6f1ba7d22
82449b5b1d4e1b39b82087c0139a781c024f9bab7f0839ad485cba28c720483ae6c9c08698d3262bd40c3199c4057c62fe023ee9919ba94d0c8f7b16
6df2e361840b4d52184aa43679fc50228526cd0e2552fbd83ef7e75cf3c3ca119a337881486761484e6df2971b40e54db778049e5b3c3200dd6952a3
83212c693aef690eee7325a02a7acca53944a75ecaf44e9a21e07f13ab220162d4632e36d4488fc97c30e73db0bc27a264f4faa617311ec9acfcd048
076b6432911f2c04bc90e582c3cf4396be3ca4b371f4483a71f576f9659841f4631bceecbf1c17ea914988ca11dd8a0ccad161b354e487e7bc4986db
e628c8142ea89616cc30c3678d160ae9cd1f163287fd54323711244005b6cc851b5689580ae9216438b4f71f6817f3cac26d9e9e21f24382d92fc67e
c064da33cd62810cb12ed8eb0d2a128b78550b25c7d5d56d9d7d0e9d54923d2e812bb950cb828669c5b9be673633961a976e51adf7f4b0181077a4a7
3d04af368b710a40861084ed6c38d40d752fe31e22507670c309a214930843341de54a240baa6a92324c92b024bb405d2375e0bc2dab35620a1ac871
93f097b8215108f79920a1a03f0a309b05fd51709611784a1084e42195de86d26815f421ee7489d0ba431675704a3bc230a49db55a71885fced49075
fac64c23288c72448458081f51a939649dd09ce6a130c20ba72751b15a629c546d308318cba2384ab6eda5534902cd91e319224fb6bdc276012af07e
2eb876f70cba34bbc76a8a77414f1387039eba60e099ebb578cb616690820388acac4ae1a9dcbb36297e5d2c553b185054632808e810489a2badaaab
64e4da67a5b57905c8efc8ee1267e3a4287136e385589e7be5c08f62a532dca6fdc112ba96069bf49ebd143c352894c2e96e226be370c67eb26c5e50
45785d36a5634730dcc6a3dbd1b27177dd0a07222449e3f508285286f8d9bd43ef678ec6514adebdf026c3d5c9661c029e63671ffd310165f7fccad6
b0a082f188b7ece89116bfb3bc65e6bb5860805e28ab8279709693197b83a08986214bf479618c87373f65ff072b68b536a7390e03cb2101d1ddc169
ceade3e0a4ec64a346e96307b72732b9db85f74922bbb8b18d9262c9724e7481f71391d4258b383159c5c9763d9bd2b4e35887cea46f35563e994bd3
977cdf8cb63c57ffa52d8524c63c40baa6f31d8d5e73d1019ffe0d91bd78195b7c275a6adf8ad5a6038c810a6cf1ea837a267d8cbad0d3434f544d72
7cb4eabcab6e5da794d9f2de304eca5d6635260a67f2756cd019e856426f14c282f48cd6307fe064655db587c5329ae0fc61c8d29cbc57dc15b89dd8
d39a720ae9c1f3595cebd863713aed49021d344b9c8a64a4b163345b01e912d8aab39027c67555050f98eca9988d12f17f164c3c3d9d85d9dabaf12f
66908de0c7c4065a14485636547c931201087244962668d0b8416e46752e5d63d69174d62007f5bb1c9441b0cd06a67245a7a0b446cca1011e50e860
8014bfce4b2d3414d11166cb642002d2e8702caf7a15bc10c2a0c0a157ef0cc2bd56a31904eb7a1b9d5146f582001aa7c31c95133a1e7f48e8a2a2df
d1965839c9172c531c0d4333e44f9d2dc90bfc015e10ad2d2f60986ca74b7cce2e9a7466372646222853c170dcd3c0eb00b3773791cbd6cc89d339cd
9cc6a56855054e5d86558be58c1ec39950532066a7a6808e0ba74fa7177bcbdcc0d6c2414bec14851a2b78ffd875523c125a9b63a960178ea2ce1d4e
124d3aae3086ea77681d356b22525a54c25fc78e1a1505572f90e13fd10f7d3a62c0a2d6b1c1464f4bebd854a3c71d5dfcfbecd114368a35ba4c7183
0bdc721c57e795181913f71f437062dd5b27fe1be64a6b608a27b9c1caa9bae9dbe950c7f1bdb11bad9ba11e8475c321a45a414b8688c592e1aeb9e2
953c0bcddd8f5dd6db083de32f2c3be7d1dd4f96b2bbf641c1b43300877121246c7c1c8a48d6ce102c636f8ecd7011c1869c6b3af32af6432e3736bc
b2ba1e4f5dd990555737b6050979256889a785f544f364df4430f144b09e68148595988b1fd3845893139e6814a5a0932852d2f4892e48ba1f3b5c50
47b09e521fdf2f65573b331a4195f911bc2939d0712eee695a1de7df3657d0c5f15c6c5f9e1c1dcecdc9d1b54b148c878aaef59614a971cf1312cdb2
f5a9b85af1c45ea3dbd4d8fc529691dc6dc61ceac9615d92acc631978bb6895b265d081c280a0f9ddd8299b144110202fb9ebaf1f0904136d248260c
32a8c367db080bbb3850867128ed1287699463602e8cd32511907a721073e711cff0b7804a7fd6760233e9ed6300a59e663470e33036ce323be66c86
e22b8cadb2c17dc3d828b91bd893b83f343f733e9f69c337b2718775063e01112ae5116703ce7d9afc7b462669b3120eb5837a16901b505f58deb801
18657b46698d1369606b5df00aea19a6589578187ba81aa580e35eb3b2610f83cdba96ed0eab9c200534e27085a0ff03c5e314d0fc8e6321e81a9bac
9b78c0894f3ce3c4871c12f0e1631187b1d9e292db936363737ea273626b789c347bd4859755158c2bc92a0f1e554514dee42e8be0b195151f3c9d3a
d1095d29eb2b2424279b34ced3fc3e48f561f1dbfd8636d1ba8b0c764c273a2300220c06c21b55cfaa211b7293b1e419950738f3c7705d3de98ab221
9d771ffe30609008c786a93a278cfd3263dd1b373ea13c8a782f37b151054fa6e20d27038d09012703d5070157e59a1d8c2edee96106bb155c20e031
e09615c686496cb69ec48b4cb2d3568f78139ab17124410df7085fa161944505c6adb3ac3e2370a8f468171ac257b151842fb1d8102984ba29dd80a0
263f61c29a3093369c47424c0e9b57cf167ff13c631a2b40b6d00c1a02a89b26017fe0e057e465dbf49904582f38abcc0933d4836c71434f29dda12a
6f3221638725677a9fa204d577b47de5d94369e0f8ba46d1bbe719dbad27750704fcb14117a7fe30640fdb4dd0c81fecfec0be2645b9fbaa260f3819
da3ec67c99036750e97b1c41273e8e79d5d316071b932cd5605727ef9cf289bf3819aee1d3908d60e074a13031d8ecb55984730a2bfe307d7ee90fab
bd4e5a3d238ddbac944075375f85c8704d7d2735c60133e106dcd3b02f2a8f3d9900cc3d394c302e88b13b57c73614d5453a19fbb496a630d4d4f879
f7e4b0be88aaa1b0d6aacad548551ce162590b1ecb9ab2b841a29d0a633b57e0e4de64951b8c7d1d6fb39e0432b07b7bbb49ecdedeb373e18e5d5d93
63c0b9d1bd736cdfd5d5ec79d6c33377321b888de334db68300e6573430488c3b24fd88b118081b56f89b1eb83ba38767d2ef2f7e490ca570b0f0106
1610c751b7a19788432a689056e4d01bfc3a94f790615cd875016d48048d198c432068c1af321a215af4b040008adc509c1b7cc4ad516b765c104bd8
bee2e25da9626687302c74508861709496c9456e4d114da6a78944cb6a8baaaa593084a51d7196fc411f09c730c482acd28d7bad799d35b03234cbe0
81372b0bb669f4d710411c424467fe7e076a165f44a05866fb426dfba85d98fa88cf65d67e1ab92da02b4044dbad1b41f45e37f70f7b463b00380a5e
6382a0e2902d3297b27bba52fb59de1583e3b09218b71760778a103c743288418c9bf638cd61df3883ba73c4a8ca8846114974998851d081d6cb0422
211a151a442194a8588bf863ea6261e842dd42629c77802cc405769d536234d65b3023ac82c10d00d1999877d67dccb8bab17345bc1e23bb55e49e69
90b2102422323a7112734cd6454f625f19d505cc35a2de8ed1efe849c457f6e668b121685d034cd437d26583e411a33d28792026c4216e4c95782c9c
e52488e2d50dca2087c8bc8ce2a8153be227196d473f4997a50a72f6a5a8821cd61d55908be082b79e0b5cdfc82a0c38714e1850c989ea8296359806
66f90417263c3844dd1fe535ba3fcadb38fdbbcb47ef66a9578dfa3c22d84594ee510ec8e58928a7d2b5d175cbfdfe2022b83111a3690ec4aee7eada
73c2d12204f65e2eac4f2b6b444bcf85d834635c5687a346e121672488922a59835f7a208c4df1525a43aa8ace389254901fa0a9cfab036a861496d7
6d4e33a3e6524561638edeaa70cab709147d6fca9bd2f38673a004802ca51d301ac297c37254ef30cb2349657b46d2437712376f505817359b44b879
c581f10c312a7bae33c6a78710eef16777c8b81be113a83106f42d02e030066869895ec6ac227f473e952477e453516cf0b3f85cf4915e50e150e2d2
33b3d89a63b235e46fa75e2fcd6479c6e4e2d061936388410774899a514b65dfca72a8d6a3974524021d366593ea5130a518e4546d7a54a7223a0e4d
a022ff50f32d74ba2ad4598ca397e4344c0a59dd53d433b3ba2674bb74c17a8dbd280d9c0e8e1f2e230253e1c20dcec9be5439d2c3a5ce560e8a40b6
caed2e7ce21cf585be54cabaf034938f5df8c409f6854f9ca3be387e4b7117be7b0ee7e23c2105e982e94c5dded89151de284725e91b3b96d3864cb6
caeb74a2747a6e3a10f537aad999a6334eaaf1c6cf0ef24e0f3041fbc980183a6d11a1a110022311a0a1105ca3a7d11cc3f7933e97c9ef3cdac19926
3d302845d36082f590b04410f92d11daa11055231133bfb802920e04c48fea198e59c98610ae39db10597f5d04620143d1efcea5dfbda00e8a927e98
8e467fcb6005834d057f003c58685abcefcfcca629505965f5eebe231a5294717f12b1263a808c629ded02c98a01061692568f6bb3a93141f9612174
31cd562fbe5be126cd9ce01429774843745ab904d8d3b8b9b1a110d762555dc5f301456e9af08f245c7222dc4571dda600d4cec910a8568dd029e09b
c7c647440ce3eb26de21289e94892a1cb813958c8d513cd6247d2bd9981261de55dd247d2bd94153c407ef79655ad2efc05e220e7a4282f1a44b95fe
80190d069266f4da6a37180bd80b936e98cd0ae0bb98c64030cb8b6f7a480c035e9a74c3649f21c047711f307e7295c912ec63e54a5ee25d8595ab90
89671556953d84fd58755af58184acd693071256ee8126de4758e594840659b9ca9c922e96b040de435855d0f31cc2aae301af2178df3cf118c29a1c
b19219576453d286e20cf1e0419a4cc0f81141041443544a4dd344227b28682a2457cd22933f1495d4f45e78eba0d8ee3886c6d92c74e3640de1a946
21d79dd2255ed1c64a2a985174704b98511ed2ee10a48266ef543d8eca5086f014b4cda48ac369b3105624a1f67986621aa0452b1e97d139c4c1e131
eb5e7cb74d3c449c2a2d3393f33575c88c1e07cbe80a6d38373a0f3ce4a0328e971c6a74c5e960e9cad2c1d2e9d1c1d2d5ddc42800354c009c23d3d0
418587143964a81ae51e1b7a6cdbd1c1d29580362a4a9c5c4d55c425564c8d729b0d2466bf834457c8a62e24f9835804b80d2cba3871da7ccc0a787f
3add9b2c8332bbee86f2a41d1bba50ecccb7fbc1ee7c5b66c610a7b71db05d165302b2eb5d0711d92ace9a5ab07dff22a98e483a658a99038f51fb3e
0cb32943c443d3735d3ab80b2ae47a6b4a477a654afc78657ac64b43d809e34af573fc4d974d41d465d3b92668ffe4ae879e36768e6ba9dbd4e12828
7f3a0a00c179530999e8e6466fede9c077003f1d04c00eb354531b4000f4a636207989a5da991a312e6bf74c0322d31b43b52547e0773c77e56e7878
4e82c025a366b7d069b1a2bb0bb0c5fd25d854c08f73727aed55886569885fab981bd25748eed798b126211abaaa89a2cb904b8ef9a2638508aeba18
b02119dadd8bff89d0eecde37cba0db522cbbdf177154d37fea4a2f8c68626026e7c48e52b461f6e32a81b45ad6bfd5651eb771c4a9df31b8752082e
f3d650636e330a3377f53c44b6e6ae945199b9c3fb0e8b312a12519a02e13f7aba922ea4f1766d561020d3740cbbcdbc61a4d74ac66b337bf9222ff6
4c070b6ead70b4cc4b476a710802d5d49ee74520ac0bbaaae577d28c661108cbe0115cadcbad6d1d96f382c332f3995181655e8aea19cdbda8f9f2aa
36c9b68caac795d464d8fc4460929ec151191e9757bc6b1dc5aa4fab7842c5f5907b1b683fe9c29c87a01635b2e4a0269d4241bf59fb08f8cd0a3cc1
7a1eea16f210c3a2e7e96ca41caf73646f13bbbf10bf3f7a0320870916d311f0007606bc422ca337c8ffc32d2f0fb92caadee6f19df103f0464db7d2
140aacc784050dd67455ca5136eb0f7a26577f1048e90d91eb119e0de4d14b3a04275c7f50d52559b59697ab787420aabfc951158628f0fdba5905fb
5b21f250cf04aa9836f6392ad03ca4afa8ae22a709350d0f0797e89935a7895a4b79150d6136271dc8d081643c5716add0be7f305da273c68d5952ca
537d49fd8c1b73368da73267849c5508a23acd194fe56c4b8095fd8e5722a7a13ce4b4e8513a0f055ad4d29351a02d4493ee99e9eee62f37a500b64c
c8417cc183249b5679095bcf656a2f194681729de1a1448b732d177dac5d6945c8e9bc88502b4fdd9f199599c91adaa01ffe02bc499ae422f1a2584a
38b8e42513df9358146473d5155b9ae42ef1a23d29d7e97540cb4425f1724eaeba654bb9433a4cde6ac93378bdc8f60eb176d85c0d7e1cad72e1c160
bbb88b3be94d1801be7969d7f96982e5ea6ac447717e5096ad1fabe08933dbc51367fdd8f066c63a871980e4cef03ac16fde9fe3849c095412b344a4
73ceea5c1854df4b6dbcc031347ba4b1cecb29d086adbac465d4612b37d6932f73ac514a258cdcaa9b2d81f99212415623a64fac4f7614cd8f193dd8
aa422da3075bd5c6e521d1f505ee0fc91fe8120b23af1af474210d2ae6831ff387831fac603850e76e087449d70f1e02497a01e521cf256df1be0912
08b5937c06242c327f5fab5ce4d843a433ba5f4f37d2f4cdd3953a58647459419d773e70bb2fcfde5ac8e8b982faea7c12ae4adce3071bd48efbd848
489c1d7d6ca47a292d9fba6533e02181d55906931b702173cd66b075d9bc2e268c8e1b35e2c6182b92023eb0f35a5fc60756af495e2e999e9cf9d288
e1770c176289802bcb2c234f97f75e04f21165d7e4e94084f4e5add7acf0a57f3e611bfbfcd2ec4d240317c43dc3249136089aa28e01c78bc479abce
1ce9f2d01ccb1415ee076b1ee5299555b373f14dcdc5ef286d4047e1363021c17adae36123cd098c955486dcd3b4e495451103336419828f119d12c1
26a32e0d65991b0e2d4d3b20fb559997536675b5a1c93a28f6dd090bae42287dcb8acf2eebb30cd553637d9421d134948d65d56b82e10f7946b74a1e
7821366e4f12d9a5597a4880ac505e7de15d8be49b2f691619224e83764b20c88b03d1bc26540825b5093a4209f19c7b9ae861fa2cf8448c37bd8b36
35f695128da20acb9e4fc7a89a2a334497698ffd0854058d9046b2823bad9eaf45b3da6c76e7bb65b0b8ceaed944677961056e840f2f0f14640f22e0
f7343b924010fd44d346f115dd208118d4cff37d31f029b7f77b06fad7b5a7cc372f818f48245e19281f1fb9243d9fb5248db04804f59ec1e02295cf
472d41c67cd312c035bd25cb60284a7680e58aada4606d8bec5e8527eebc7350b0b6f176424f630ccccf85abec05b114b2f914a405353fa54cedbc19
a0caa639993dec1d08b3bd1b331a2656100ffa5a0076028d78bfa0201128e7140402551b85db2a55cfa4e2d334ba4396aa6984fe883ba66b42a973b9
315c2eb5e80451da7cb00068b59121eb9766982cd3033f3a5b14afaf08074631bd340aae463a59146284e8e95170b7d57da378ad45af883236fcacd3
85cf2129641623e4ea755c363936bd692c6393281b9ee7ae4d4c657a7a14a3959699315e166257998f5a9266af6e7371ee866976cdef98dd64a13b4a
70fbdb51fd0be0d8abfb7730b3a35b97ac314b0df32819220338113c6bb83a8d46e4741b29bc6bb83aba037d3ffb4339b088ccef8430b037df64d19b
bb1c80e70239d0fd73c428f3f93d07e7f516477d0892ad8a0d2be005edec72a365b5fc89d501b1ab9c181a2c7f622ac996298e1988865ea44cd29881
ba5d835e7d9d1c0c6fa22c931cfbf4ea059572e1fd37bfa30f767a87f1ca77337a1a7db0cb8c8069d5ddcbc7c694b60bc6ab3a1bc521521689f35075
1bbc704d95ba711f52b428d78c7d0e326e5c13e58518ac7454e3adad19aba360b09aa44e989049d17814798da90c954a990b9147e0f36cb3f2dd32ec
d14e1a862fa232265eef2a3a3795db01d897036060d3ef88ca04572eaeb7fa10e895f44aa3cfdeacaf0ffd809a2d3024166c7d6005584c63056067ae
881daa1febc32165d298c8a0e8fa6048804ec46723f7f534435aed8b21cd51382794599c06fae2d19d24fe2ab146f517ab58bc9a9b180f9b55af08d4
2182d40835d4052167b674f2eeb065d0814362d55b3d1a7378142da80dac430f13d49855d5304a6a75a861aa478aea7bd7b3b224c098d749a0c03db4
335597c33ac49aeaa9a3ae826da328a06779c1b621ec0d4ec80ad8ab1da3298733d4e0c2656801e024019fdd86962acf8b67eb06b4e3d03611b86b74
3203b0392101d8c4bb4fe17941a206f03bd3a8731d71c000e2ccfa8ea967a36afc713d9a2ba24d3f81025f14178c8d9bb6fa59d5881e16fe5923510a
60ca35a28785f9d668d77ee7d697f81d724ef34c5e936a58d3c4f9cca6b9e321d126ae1008dc307b3523e1d4843a1ce659133a5978444dc2695de164
2c432a6afa9255a2b9d5322b0b28402754dec9421a1a5d2e59e8f821039d449b95c6fd2e746025aba037dd3c2b98015df0f03a438e380b99ab3dd934
3872b97033d7134f35729b6ab95af421c0a45c0b3ad966a984f06f6d82114861284d1ec2c4a5220da77588474d6e580b9a51768f3ac4a3a879a30ef1
68de05ac05b52d8a90cab55e757bb5a22f4627522b5adbf6ece1b40e29cad72c7a5ac0195d05f06a1ae569b30cd7329b9da801f7fb465dd057b95182
daa60e854a537ea843cc6a6e07b571f500ed606d00ee526d069a76a44de0fc2152190ce394f471da1b10a164ae4d2d0f079d3a83be3a298d5ba322a7
19e870b68502725647872a5048600fe5ea8a08f6506cad885d0fa5efca1b5f0f65f7baa1e875e05e409e24b8199fc01ae879856a3e61253abd283579
a837a53c0710c43faab2ac9bd118458a96355d3cea3e81a4fb1d25a9f387c2a53310dada0dd2e342dff5437493405c8b0fd9c1eed934d8f2543cfacb
8582d02ab7a518cc81aeb19856d7c871aa1e284391d8eaa132147f9e3aa43443f9f5b4ee9132f243474e99a81e4495534a3d50d0c9218ea945e487d3
88ebce0a5a162fead6736a11a932542e89c7b293cf6b2e730b3a552202d6a91251823c09a4edbe306c613ec3d5d36ad1640ca75a3499bbcfe5e95ae0
c30aebdc6ff415d757a0e21e1e05eb9aba3200bed4950116af088420e679b32d045174114c5a2e383431599422d3491c97275ad2685e668ca7ea5339
c5ba3e0d16b1085482df4ec9c56752f548a9d8b1d4dcd41bbee4ce3224ad3685ab7b52e680b53d3ca941598ddbcb6ac99b8f87a9a76bde6556c6e53d
89ec5dd54654f91901ab0d598977e27b127fd26c9af3d2620f3810a1c96b3a1095e71ed84ef3cd0aa3933404a9d54d9f275593175a1ad7c2d090b5a1
e251cc6d0b4ab968da332db0a2c66932d4a6e8a4934e5b15ed017d884b71763c24a4e8b575deca888f599e60986066c84144fd4b3ca0e169aead5c93
b08011b56d8f5b1200833cc4cecaf31ad9d8276db81429f6fb42ec8c58d67cc2740e9bcb5a9ab8dbd4e950c34822ce2b928b6222cf6ff499a15fac44
ca6d8d6b573ccfdcd3f38904d26cef7e4f5227757db4dc994cc627a1fd645fe0d5d702910c1ac1ce965957e199745652a59d8ca784949515fb2d0363
f42a51cb0834c5426cd5620ecbcc639671ab36cd155eb6f096e58994c7feb2ca4a9aeecc133cc4874088d29e31523ec9e1a4e11a286a14455181dc4c
1293d6d170539973641b22050fc4f7a4b77801ad3877ccd19022da0486bbfa0fd3c4f1907ad0b028c8378408d86b43864896182217ba92364c2fbcda
d4935c9864f1fb5e4ad226e1e3c0de8f69285abce9d58cf02e4d57a3d8838b264d812404006fa9378d2b70c2d6346d480c0800de746ce85f74cd6bcd
e8fd74862cb02048375f265fabbd0191506057592614581614e2da2648e0ca08f0b6b4a90204bc4df02ccf66e2fa4226d041b46d323520dd80749667
bb73c8ecf5a9cccaea43fc013dd8faacb1b5cd57d45d35842951ebd2080a6b4c858692c79352db71a1476e6ca878222788868fb26101da3eb58fc0ee
2b9ad5f9f5ed3829133fe4e8b2518290b378715b42de51f4b1c5b4a9efb167ee5c68fc6adce8566bd7881cebd5f086f3b1176f9afa1e8fd90d5b8e07
ad8658e166dc081d1bab95519a22a236439e7cac8cd674b5d0ae14455ab0014f07e55588b807202ef04f8e4840cd8b68725e1fd8b17da40e8fa8cd27
591121da291b03c1b8337b25bde973e3a49d13502be0bb8e20d7081dab42c057b2cbacec4e68671769ea12f8440fff86d9676e5ed7f47325cd96efe0
2fb763908206c9d344bb04ce32a835a5a24bd880c7d7e2143d789b7b5d664300e79abc04ceef2cb72c1a914f92919bda2da874316495acbeaadd6c07
e25449c5754598fe2a211871c539c3aaa4baca07c293b68e768b6037312ea1ab4d992f87cb01b886aeaea8dd8c41f2ba19c3acab0bf7486f44ec978d
fbceb847b46d3e3fc8ea9e6f8e57d3a8839a95d925e777d5a6cd96c024106db84c27ddd97952aa18c86a33422db4b021c774eaa7f682aed466094b2b
86b7454d6e238daa94c9dd0c4b0b156e8b5add4a9aa394d8db1654a8b382136da3c860d532c8604287e043ccf89e363a01eb6b33186d7df690ea3b58
5983dd66d85a71eb6bf71596ba199f168af569f6a433fe862f76cae26735869ebf186556d0709cd61b7f0b68f3a0a84d0590d317d0e605d36852d914
37e2cde6599759d2a37c0ba8ed60705b4400b4b2ced2accc2da23dcda6d19eda1921d9bc1eb111f13f6a9adca2d031d088ae315908e830c36d44a895
c2375ca3b3004544a4643be8179124365ca0f57cdf7081ae9c0379bcbef03a644f0b1c6dea78e365cc2d893a7f40b72b8d12a1b6b2f76f49d4314a02
ce246f326c087079f68c2634da3390661b357082e54169b05134f562c27bf3ce1986b6945d044a7cc1b4f64527218b6086803375154759fcfadd080f
a67dce43e2cd4ebfad3a0440c2c93ab6c50c63903c895453271897bc0fc009645b45c67cd58f03ce46781a65b4ada00a144b0679d3e7641b9aa4ea9d
b1ada07a94da0a3a5207a44fb6138da1add3bf156e7a008c3a9726dd55d5ca9622b0ad5700b78a43b13381b34d52b8d930c1651dffb60a50524d1528
00d1e7da35535d1ae0063f6bed961b9a21e5b68d0873b9d9f5900c831acd0d3f6b0d971b416dbde0b6e967ed94366fdc8b82e62a067fcd78472e1abc
ae55256dc33417d4b16e4d50194e137f9641c7ec3436c076de8d08e065ab0d7d51d21d62c3377bdc877c8ecd6d46eab7ffcd9198461f2d99e3adad6e
72dbd0418b425449cdab489bc10226456e52823580de15b9093ddf8d72e7e2d9d578d2101eda731c7868eb59c12b83bea6dcd3e85dd9963762ec2ad6
6e3bd1c3a44c62ec6a5fdc7634c48e8c78bb5ad7b71d0db1f3b8a3c996167734b3c53228885d817876eb69b01dc24f9903ad3672c57600bfebcc2079
0a861b9edd5a1db743a04d1bf20c20f4f216417a7917bf03b4248023b72e07db21d0b683565bdaf3c15ef56fdba16d1b45b34f32360f979b61f1f47f
da70d4d626b49d789620a16cc3be1875dbdb4ebc4c904a36dcb4eb2c33e0d37eb9e1a6adc4b50d91b16922db7019aab31d94388b7da1a345ead9701a
5294dc86f818752adcf0d85694dc2e54b4b37c941fd0d0e50040d2c500148d08c3ab28b55d1eb32d0fd0b2a24ba06d14a0675d81b6ae9a2700d2abdb
93e886762baab1db08c4ab06612354d14353ce66205e652c03f1aa5bd88870f088b34a35632fcd0ce04ecf24b72763f4cafa0ccbabad6dc31099543b
6f533fc6bcec0f95b54cc08e88f8f054b01b8bd713d2fe50bd0cbaf687a0ad3650e9d3faaa94236961c9a4517aa362dc1f33168b7d080ad3e6839f8b
26a7dd57ca8dbebacf28bd2cd57d31f44ff41734274db81675ba70dd7dc6e57d9eddf9b6e8c23b613da3261ac9679f5e5210d2be10e391e5bf2f3abd
46ab609af68aaa6f93fac45acf18860336b4e314bea88edd8724990c2fb71bcfd7ab75bbf17cbd59b523562eaa3ef755c574344370df6c955d72b7cb
c32a02838641b5fe6e80046ff9ed444858f46fda834ea5944211b7a81adef1245737b607f5cf5698fea164863899b2a8c0c73b1aaa62e791c3cc56b7
aba1339ce31ea7e3a5bf70bef3b2d51e67d838468fc3775085b9e35215bd49b247a30b0733f8a8b9afec51aec67ada51db59638889458a1f42a20c67
f7552898db8e2dd03b697b525764195ab42b7da5245d243877fb5dbf2918f46efc02cec93b3e54f33d80fd6378415acd1a88fc81734cb3255c41666d
3dffb3dd21a5a0f6e02ddb750eac60fc5efcae004f4343ad173491ee65aa47199b56c1d51f944c1cf490f25a9d3f6027628bdd8ba406a8b8552f5e26
dc75abcec95f4e269bc10d692e7994df71aaf633e109e6caa8336c2d7591ebe426bcce34d7d550eb792f77c7c2e7e071a4f252f25e9d338ba0d373ed
570d3250117e54550972277e93662adef0cdbcbfdcd34c1a67399ff3adcd01b71967863462b7b4ade8266340a9a7e4bbf3f09212d28e5395129a2f01
e76ca3fa4ec91af59d72f237cf323484ee4e83ed6e9801d9eae629990e36bcbcec580bde70dc7f8edd11609827d47b1a0728c7bd71255c5eb1735416
12de893406f0bee36d24231fe2d6ea732efbcec56ca1455dd7545aef43de5a8d8fb70f796bf589957dc7d7485a38387764d31cf99c2c9cadf4b6de8f
7917d40cce46cee281bb84d34ec0e1c9890edc795c7907a700c9e7e01420e3454ed245603f10ad65a807c2a97d9da8efd96bf713f5bd14797a08b08c
6b8d7e0923ac8fe1ceabeb9df2fc01e14e40bde5e6a5b5fd9cfec420fec4beeed2192250d426ba2b02f95d11484e7c61c07165f328812aaafdc29823
d7ba10d5e6774535fa42ead14cbb13d549ffc97d483d5183f33ea49ea8857a1f924ed42cbc6bd333c4e24e8046cd26bbcfb47bd56ebff5fcf7071cec
653537da503ae6c69aa8beb552c1fc8fa9b9aaa4d18ec02c791e7b35fedce1a53375fd3c95bddafea18f355ce7d0c73ada10271028ed78603d0c3684
d9a45ad7e02a236964e2d5f4204c44b6c3b7276d7199c3a5c945f550f6178d12c04028e359066681f0722c330a85e53d0f572b70a460791cab3e3a70
b983608c50fe6190008f95c7cafe068656c347fa193b044be830a0d26c53c6497aecfe55efd783e08b3a991c385c6b3c39023758a0fc8397916dd297
914d0ec5e1620122cb8bfd2129d4d9de943f484f8bf94813ab38c28f78a1bca71907dbff38783ec3d00eafdff31e6ecf185196dde420a4918e1e07be
d7aad50ee4077d388ea1705a7dbbe9180aa7d580834792e3b0b40ec487b5f9837c8f51a3645ae1de072f2c2fb30c4a1971ca75aec49373e9c86cdd9c
948fecdaa54276ed02459ee235ad0ea9211983f518c241529af091f6a086e1e0b5479d5e0ee227220f1c7a55f3152b9f97800ec21679b9e7202451d3
0de2c08a27d05aeea477cd7536595d729c3f0fde5e5e933f48690c9267120dbb71103dd10b9347c515de8eddba1d17a1840c52724c731c4bc2dd1a19
e160b7369aca81094e9deac1ce6dc48e834db92a151f4655d49875f868bb02cd817fb381270fef331908e6186a94fe0369ec6e5e543ad0a2a8793db0
bb25f9cfd8bb7b9a716e5231e3c1ef5927f003bb5b723562774b520e7bb75e170717dcd5521d631fef656c0761425c6cd88360a5c7e600c00b21820c
8a7a6cb02e76e183104106b93c76e1378dd8ea1c687063673f30b82504bb831d5ce5cca1bd4d22f2a2bb6f4c1c33d8b10bea504de7c23d307d38e5d8
c054981ed8c0d4411f045c54bf7c1c183e1c3eaf27aaa83c0e572c6063f652c97d60f65261779c5a96a83be321db10762f2de407fb7073273d3076a9
cd3e4ea10319a7c294df252446700a9d0d099ded0091ebef142246734dc1cd0ce28fcbe89a6c8a9688d1b33e1f4aeeb894d66ced84f3303e7ca357e7
dabb4d06c23f7827c0d07f87c17c24b29b8d73b10ca76695c6c7d89857c3001e37d2a554763b5d4cdd50399420a50f25c36a60be8317049aea98e316
3c7bc32a04699d383e0796d549f81f23029eba2a83b573eede7e47f98e07c7a91b32ece6d40db9589e8835c9f651beb3b6cf45cf266491137354861d
9c44eaa9d534f22332dab9f88a0114742e42644b40c4a67de2c39cf3ac8d4001f73989e053d9794ecc510a7ba701968be53db9d928a062a63a7926b1
16d388baec87e78a7503dbd7b90a296859b10c70183f0903e4c320e72aa0a065c5b8512c2f9cb663240a815e01a89a4677a1f2f20c420414f8e6682a
3f038ae3ea7714de221bb765759767404d6ccfba2dc3534fad568e5eb7658ecfa76ecb980ece80f039fb4544ab9647261713480ffdcc64068db15411
115f101fce08d04e471468008a002d4571bf5c11e3f432972f0f9d11853662f2193dab4b225150417644e50afb3c23470927108f67fdd2cec8f1c1c9
491c1fd8cacf24747490848e7692a8032df39d21d8d0e9e308fae99c49286c098d8f16e833e154edd2c9048f9006754f86eb9fba24c332cf8c66d9a5
a37bb24b90170f0c8e72668746c719973bd8f99909612155e05f54752f39f54e9e698178f65586d338ce4a19a7ea07e4f1f3a3546273689461d227ee
ca1aef4e741155c7a0137fe53a2ba09d153905edacab1b7f65f796b37a9ea23cae465a0d4f7c8df46c38ab67289053e70d4bb08c4fb216beb372b862
173cf149ae330dd4b3b2505b578b88d441b81f77b8b37a15c7713615b1c2d154c43aa021fb44dd7ccfa6525640da941ae9b1a922165c24a1874a8cb3
e9cfeb68872414f5ed3d91841eaa31ce36f5b2fc323d90c5faf440769eb60926689cda0b19d1a6f695cdfed4c74837d87353db2a2d6e6a5b25c6cd0b
f08e73d3ef57f2ddf4fb953f6eea5e25dacd73a83c7e57f7ea52d8d5bdba5477dd80e5ecbb0a6459093ec9beeede33f003df35397795af52e7ae18ee
0ff30a3f40ef6ac74c1fa4016c188b9261a9ce637ae201fe3115db6670f6f43efb898e639dd8e4eab70785d3ebdecaf7e7505424e33f9fd87082aefc
e7a98b9f1c62883fc9f3c439541249bdc0797aefdc153c44a134f93d2a89ce0ac1dda983af4432841e63ed9cf8f7447b1b0b4b7c20fda80a39f1f431
8adf49106a9f4c3b2f3638d171a9212539760aa9746829d43e9e436ad2f4737ab75b9412b3d088b9270f1e6a643cb9dd65f70836f342ef89054533d3
c9656e059e93f837dafa4e9c68a4d21bcf5480b91e1e9156d21cde1b494438437f5f0f4f3695b44e47e9d94b5cd7c3734f268dca124ab81635e77cc7
75267bb5f01ac24aa703404158d16c7d61ecd0967ee1049ca0d40b59455bec4518685d152f150f0e09bb8636e56bf12c6cc7480348701757bcf506b9
88e9ac0bc485b5427bda85b8119093af5511d13288888bed20152e9687c779eff33270207bcc45e0c08a3470e9f322c20916e8c9fe325820247705a7
d0b4e20c48896eb7d45518687e9f01e1812ea2ae836b5e11759d000dc920681bbe543e18e0eb72d31715113b6bb60276d66a1a3bab28f29a53b60334
39ce31d7993c4a5c89cd85cde84aa8e48365d84fd805aeb1cd47ed52579a7cdb42daf6e62ff3086b53371c9d5279f26db0343c51a236bf0bc5839748
ae8cdd7496d17e86b87965b71076b38bbbdd8b0105af211c24e3b45d597216b1793263a651f76377ad8b3bddd26a41d90fe45e5602eea2d28acebcab
04a44562b6b4f209c0619390c68718506645944d0cc5171fc403d1ff14712f4c132e02bc8d65fc974f3fb8b0ea347fd30ef60855bb579dd61cfaaaee
0e1642f7214da8fb9056743f1651ea3ea409ee7f7b0df052f721ca355bc024af8ff78fe84c2b8444a492c3672f2f4d0ff220ef73cb59343dd8dba69c
661a2f462708ed853aaa6b73810385b7b61d19968761e87e8ead8dfd7e35c0f8b5c9156c6c230d509b5c81516084080e628343ac0278f11d00773910
68dd7d81847676990575314278f2bd304278bebeb80aeedb3497d187836b6de7e088f8751d9c5f9078ae0309590ce8872126f5c3101b07d70b05423f
0c39d681eb0ebbe5a51f865825a09e9bd735830c372b23954a613ee9a4ebc575228a4a6184d1535d729dacd2689a0b68d2adde196cce97de19d1ef08
d3ecd4170f18aa6ab9f4ce70e10cc546d43fe03abdf2258a74cf40f2ba78d8304ee094102714301a19c2d8f4a3ce09d7a57c281858277474b870d0d0
9be0ba14ba5ce3d7e43a60e3526e147f9772a30be89a6f03d8cb814c42c3b76286ec0ca78ba053e8356c11c9eb02d710129248c3cd4233ce858ce013
5ad7adaa4bacdd73ab3783dba9a8f23a5299dd6102d5b07c294bd81b4ad851f71e1a0f0f23f770afc8da926eae1f1949e07ea0c3844e6e5e9c50f971
3faa8773d2dcfe60efb887b4a1dee4469c88be897ae35a91cbac70f98b3d705573c07f2f7a52011bcf2d2273dc0bf15529bc107b931687d090bd377c
2fdca6a4ed45a6654598966d1baa58b1f0c6f6e09d969b871d34bcdc3825d4f91d251ae8bf836a22fa22d8b0917b6e7c637da9fef6723447e59ba0c2
6e7bf794132c830ea45957aba8280f1ada1c6fe0c0febc77c81d91349d90c8062ee6a3cb906144979edf2b740e8846a953937a4722ab71bebea38e25
4e7fe4d82012b04ca475767721b8dbd4ad484e5343ab6074cadb6b4a3a03dc495991d1e2dba06aea361c3082fe9d50c2a050bc934cccf25efe8055df
43c04846b3bb87e4901c33ef372897de7ab01a59e5ce5233c4e165a6c50a439f68fcca3ba38f72fc38aa7a77e8c6fdc187a0ef8cff72b53c325e1006
8eeecedc102ca26e047751aa6100c60ef659e65b7b07abf7c6dee13ded9b383146ffb88d2ac7de7117b770cbc3698a1db0da55f2dcc68c71a2881993
d8f0eee221c2efc64403d54815c9d553b5f3cf1f4411bd55e7890e102af484b80d250353bdb9d4e489e8c670a249ed6ee87a39eddccd25c3e887f0b0
1a29eb6e2e13bf4307d5ef88d36c6677736a2c83f6b559c6e900e6c6c659ed0b35a634b461d192863614aef2161f4df0347beb44dafc41ed201d7b39
d96793ef2137041520f78602aa5959311b2836c46ca99ad0be06e2bb37c46ca786937f32d6cebdaba2706d0e6921eab776e321ea89f01e47fda80fdc
bde30b18fdae31d101ed73cd8299792dd969f3ac2f50bb564ed91bf78a561534f731253ac03a3069fb3dba8269ea20faa5c9864c0ae0bc5760bcb71b
49c24b1637a610d58b37a61063d6dc2737c59e7f65eb3e31b14995a7eb84ce4fe471a90ccf0597c9e992b138bbb3bc18b942be70ea773e9b41ea9930
b94afc8ec56232096e23cf25e6bbc8ae3ddeaaf2e2c7cded206f6fdee80f7ce9ebbe58b7ce8931e1a462f50632152efeacb37d8edc427a616a149108
115e38b96ffb0536aef77829e546b9a08afbe64acf3acb830857159778bcd072f394a4175dee5b4458061631da1fafcd512690e6b41e4d63061c84d3
d36cf76321f5f4419995342c6830c89e266cd56adaf6f348e3c240f4ff11559dba0b698871a52fa580485fb830a08bee69c65be94b6d43b50cda8660
3bc0bcda9730dba677e56d4798236936ffd534041148fb4af30a4ee6dd1cda593d38d2feea8e53fc81138b1da8921088153be66c886353b503d8a948
5ca7df3d694e5095c1ac026d3b001d2c23afb71d816ea445346df2b2542ece46006a672380dd0016095c97562a07a9c934429f03c3a702134e4fef9e
3869880bcfd5d10cdd86af52f734673a4743d8ba2a4aa318023a2e455721c5e8519d26fc2daad34a00bb2a26f4a2c014de33d8619d0f3d271c819e13
338db3337ad871a6a6377f000a895dcf09893a615dac96c131ccf9e3d96714353dcd895602e4e64d78f624da0b2a5282b2845dd6094576a9ce032f19
acce8f8f58ba4232004a24bc3d8563404f2bc68001dc38abd48f48b3ce36392338ffdcbda9522d1a922a21654ebab32e7036d337df695fb38a48426d
525dc9dcc88ecdb92d5a86445f9992be191ceb04bb22512f8054a518ca5424ea95ae2b66615bad0c5f4650151b404565f8aea9cae17e01a48ad8d018
7ec512dafc7ed0a67d396461e0702fda1bb6c6667aa54dfa6ac2633a519ef61b566a9957131e606e18d24535a24b90a9f1906690a61ab4b3322ecc1c
19254ecf887706a61cd3a8bc0990df51533a4fca34c1b5b619fc2531cccd704919b83744ab067c4389519a0b0925467b50810b2d8bcc7e9f4f7a5019
17cb2c22d16ef00c694f672ad8e8400047bb9eae94b1eeb011ce554b00bc36ebee94f1fb41da8e4ffab22e6ad4267037ed5306efcce6840fdb454de2
0509a6c982860853715ae9698e68b6834326478a9e1eb22727e59eaec046bf0776cd591e985dfc04c81b6f1f8ff441fb8c85c737db84e1e2bb7002b3
30f01ac122b19ce290f2fa5d3619ed29e2acd0a80ca0432fb21667690833a509f429e200ee048807d46b0cbdc92988a157fce142191de9f912222a0f
ad484d36c40de811dcf459bee6739d8e8317a1b28b078d49c299be67aacd01bc0e274192be3c095bec06b204c4379025d0700b1968b8b96525fe6f14
650988899f9744094f12604aee691465c5329532a639630aeb8da26cc2c01db7c41cf1546792de9094f2ea02b89960896c884d9553d6080742e54a9a
6b56cd74a07c260d51c2e596074033a70baf13e0c23ee24e0c7ca1c61af70068c8428d0e0ae98dcaa6771a5d497362e628dd3327ad5a088573f23b16
7378e43284b1ca79b0a759ffc9b45003e9e252a2ee8241225a26f31da817d14b5f5c5e51a9d4ff4f9cb366430418038dcb82b2239a3ea96c79811be8
5d90c0b45a8c43c0e048587cc6f182da743744aac0b5919e46b1e81088fc8b0cdcd3a840d9f21742ff56276ac52c522ccf790d616309de9ab272c079
004965c1bf248b8b804e966d7d09024143812b5a884b0b379e4b9b998b42a6f1a41691ea7310a39688bad5211bfe97c8e63d63cf0c3fa2192e7e078a
6a052d35401a251d4610b1da24cb1cb4c330a314621981b38ca8a02f02d024cc343d8386a998f6e40a2a1227575191f0e716e8e47a67b52c097da134
98c4913da8b1144709edee6a1a9d740654ac489843f28215a9f25240cf80307181e0948b5de060a204bb64afb1493c99a3f5fa9c33482fc8e93fd902
0e1352108f106046ea69a829337242dde024dbd306379637a01f42ef302216530148704bc13e32628990a632562834ae3d8d25ce65cf030451fe5198
eb647a2af5ec4048fd015ff9d5caa77361065011e9161d4fd8ea97ea99c11554d19523b02c558f0f975c5547e220aa9d27336a1441539d1a7cebab9d
98bf682c7466aba030990d4421bd2e8d98692ec1e97ce2a29dce27d282ce27c11ff088c12fa767d4e14b18de93e1a9e49e6966ec059343b094003be1
3ed649c4bb9ed1db43129d9e284ec9743e71c14ee713276513324b4172c1ef9a10242522de1597fea6538cb8dfa03101de98c5600551e7f2da449d15
265494dab5b3bae267f03b790d8f9d1797f62e22a5b9e982229bd30525bb6bed3c7bc1b976d9a7b862c69108bd2e2821da984e34b39b6990b58ef71a
ec45e3ac538c474a6c2e92434f19b91a2f163c5cc887371691b59663da6c687846cf93971f5c0e70ba0e2e8e359b6a7c07ac4352b53cf66369e59894
ca641ddcb094080e1f771043dac88a6bd4ebc9c5854c88bcf521933c7dddc295726a1a756b3fd5cac92d503ead0f6702e5d392dd947986207bd25986
68968228f249822c33d07a95e53643144b93beaee93164956a298041145b878af0393678f90e873c0e2dd6fa70dcb75e44b20ef455eb43240cb12d29
502e5cb999f203576e14cb97219e2545e565886729cb43b073ad938b0ff92c6597e46d284197d1edcd035be2e6c1c3ed770868468cea69affd0df8d6
21a025150b2b5779426049ad485c417cafbedbb99054db99490f818bd5b8f2643aa4b2f24e3a14b72e6aebfc8c4d0256b7ea2b134dabbdb2bcda2b20
239c8cd3ba22ff28f2acab720175575c275984ebca057ddb5911056c87979c5472ac483faa57d6d58dd7341baf58580db13e3393274732301618e91a
b84a8504b706972250048991de027787ed0d231834b6f2a253f1e8bf066581f90b4a4987c6b3e33cd4d6d35371401a5d9695e3e40ea409fa0ed75b87
f453261011837fb40c272956da1a119cd96cd688e0bcfa7d9ca466124c708ba967808731f22a26c2c89af4cde0336eb3c1e4389fb07dacc9ebfb2407
e9e0cfd3d3182c83dfbdbd4f92eb2cb36daeb3b0c6571e2ac73564f86cf09d8eb8e8bb3852afe6d07a56430e00dcf35da45274458b34857e282bb5af
be94d42c74b164012dcb8268947710f0f01fda7bd29441f91366193831679c157316bef84351ce77d3a8a467194c581cba565e1ae7ee524fa392161e
ac59cbec171539479fd507923838ac5ab32ccf4be38b145285f339ebe9d07e739a8325af15c5bacbd697935c625e2ae2e6c0f859ce46da21313c9d6c
1c52757836caeee7f074acb1519fc90c5259935d325603fb3956a41b2e7c0d0cd101e343b8e196e11825905a1e0e2f03986f29019cd77b1f2eb7cdbb
eeb0d1152d5156d9b6228d78925c3734e7f2092ffd24cbe04a289918906fd675e15a17253432d9caa59f24e3f4d20f32cdaa156cf13b3a6878fcbacb
23e917c9c3e3f5ea0520368575c7742f5f34c69ee8da753c00061fb77cf8dd5053b6296cd6957c288f94a11f79cfa02e96560f5520427d883ba046e2
f0a9f59e31c60fcdf2dcb7ea85d547152497435019ce214aed4d9432fc438709d3c631b30cb7f49c402f18d90ea287ea8ef5d48002a0dc2f52d5b67a
cfb7c82310423c9cafa7f1a598bfd34860747c0a90dfd10fcbfd358b4547362f12c9c088acab1a71e551c9ea4cf1de5195c82f6c40b2769f4b90a286
e090d5aaadc80dd521f05a42906fde68c4912757e29354a9cb9076ce2021edd440adfad63acb5c1452f3b6e267abd671c516a6ba73c516a6c672bd1d
b17d09bfed03bf5376a39965270fd8c854ce8587f0fb1d2545f23b2607a8342062e05dd5d35cc0023f01ef5d6e6ff534a68566dd83f6036902ec3dfb
48742fa8fade4e6e1aa061de442032454ffb600ac0721d584d62401ce122424f57d9148556a0652504fd69c15258516607d328b3a365503df2a86ccf
883220c21a159ba57875a0419141671ae822e0743b7bc61a95550906840a6ef6f574b1256ba3fc87320261e742b00794f0f33b2ad36843c02dc60386
00672be0c96d9b3cdd1dfcae59cbd98af8300810d1e8b8a3d5d318021c0141e7c22c236c96c12e032505e2fe06918d1012842d62a4c87e07b6ec7761
131e50ca4a0b5abb9c4c02d305db4f62917e357089f52412ad2b9cd6054edb4fce3153a6e16bf645f066a5a8a09e45b349203c5ce38411321af5d542
88608e12ab54719438d71404999055fd203405a2c035e798d8221ed103d7879b15080837a77e4826abd2591892c98acf6d4f0350f03beae062798103
8882ba5f32986f778b8b82aa7dfe00a4d2d3104d0acfc4f534803a4ac491ecbe1c863cb2160b61dd6a124e85dced79481c6b117558ba8a2bb302b58b
0beb560b96078d6202eb5641d80b55c304c079838740403d836635db10903ab398ba3c5f878a4d40eac5ecd504a2093498c063a7381d4dc53583c1ec
555cbb98bd9a00e1bda3e01ff0de297287e67cd36f138bb62f169fe76b4dc06d0c5a90a8308f71afbca7a105e77c9316e87043518cac1736cc154ee7
860946ec6d9a81006a13db607e13db7e872c8461839d38831b161807b4392061907e2d03cc226347df2ec2764c57b68f48931f12f96e4300bd636e90
1e0f4c0c990ac82e95c7a47b0623898bf64073ef746a04733af52646960c07ab225bbe50868e0fb4f82ef8c3531323205a896e118168250a86412398
cceec0372edb0e408ba1c3032d758d5c82fa251811b859d9d025c5340370899f184944e3e952b6218096bb9f002d8d9f581b5dc9bcc8ad123b9c5876
aaed03b40bf3c4f2e0a24321939a5839b1ec48671773e61c6b344317157c219217a97b06422b5680ffca062e4620f5e3565c358684a19969ab3c81db
453a61844bbc339c8b2114bf63c2e080112ea0934a6fa093f1df5c79b47d0d6702714b1396c17056fc2e7a69ffc69ae372c77d28abf60a58cb348584
190478fe7048b336e5be0f4c517b16541e7dae8097ae7b069b0ca26e1c2a95c6bdeb9ede4937d243a3ce95f29ec640c14a88e85df026ece941546a6c
224a180fb49117b93d79c561c20a5c03e9698c2770ecc88bdc1e92e210759a07e0b8080fb0e158bccef2184c98a8b86024116602a278608e6a6a90dd
e2f0156ac3d3f119be1655e320c846d4385c49eae94cc3953454b29806d8c50e370001d8a9d201d81560677990b70894c863a018bab85d9f234f5b72
73bea7a1e7d990a15610262331d7d4f2c520a034149c661b025024ee1826f900dd10ca9afb639cbecf0e39e895972c25acfe2092ad3160558e8d98c9
56c783998c28063d2da88c81bb501e0e22f79ff4d589dc7faa12c9109b9a079798085cc46a8b3cf3a401307a2fcae17b2f2afb1de356b66ea31de0e7
e9ec294345b53cd5ceb00f49194980c091b62d5782b62d5864cc18631c0c6f33e80517b16679e288196b1bcb3c62cc52371bb3211959db91771ab83e
d1d33b95ede0200d70bcd3a02e3766af52b0bb441ecde65ac5887eef0f745de4dab08ca899ca692e58dbd85e22b7a5f4718adca1d62d21169147d745
f04ca39fb4e782a9b2d80e5a3985e0e815ea6ac7520563f37ab44bbe7afbd801fd2fc2cee450761507a0299599d9fc5c6c6ce71f429b73f4b67d77b8
8a41801042a36ed0d53216f0ee8e929a1f94b40c752edde6ea7fa0ee65e8dd8618bda0b0eaca86ca50d3c23556d458715b9569fc91f84079065d2e24
6b521b53266a53eecf32432d6903bda59dfa742b871fac9533515f556d1120da1757591628c5b74c2ab455b0c025fca63dca2710baba91b8090eb29c
223c5d9d800b7b504ef1cedf85e94f256a519155ed184556757414bd9e7ef5585ce7c514da87b4f7727569106a2c6ec3821a0b13eaafccea7a3ed162
f52012f84e9719cd55e1796ad0420d8fee96089521894109f55d568c61d22669c6e6b0ca9066a883fac51fc4a3945098ccc9f5317f93e73852367938
489aad66ab6c5eaa7471174dd310a7cde4e44c5728c9f8b8752787eb2bb73001c61da1a168beada6cbf0b89bb0e927e66a2bfdf36492bd493557b903
42ff4031260dbdb53017c43b4e01137c88d01965b5c6ae08c99b62c047759d9cc03f8d15c03f0aa8ec588d9584118d55516850fe69ac98bcee56e47e
f83e20b8297ad6253b3926be2b52a507337897cbf8704d06e2157a00de5c538d45416fa5aca4bcb1cff484b39692a982e24a61447915b94a265e8390
4a80912325959005a5944feff22a69877e54b4520a0beb4f9170f7433930e7b6e29a95d481d6cd5d55452f15ee2aa931af4893928ae2fa33d814ac40
c52e28a9e6aef8642535ee152beda49abafe70458558d74367598731f42d618ab7f3f67fe8e7261f05fd1c431e0651e57c57244adf874dba1f8c7fa8
eb63f8c39802fe6e4c01189c7aa8deb3b5f105aca4b16477401edfde9c156ba1ac0aaea6883c40b5141e78c0b515695526a726c31030112cb6b3d2a3
4ac8db2cbdafd86667f9f94a945beff6ba19af9d4ff02f1a583757561518d41451d2849940b18abb6b22401110637f54f138de86da70f8cc2b074e02
185ab7f81dc92c31f0b66dfaa6d3808819f7e15667519509e6d0fe5256a5cbf4d4c5414b6b56fe6c3f0a6fa94f86724d31ebe6bd9a26979518ba1a56
55f572a288e2aef85d7fc0e91f4821b85b2a71eed4da56922948b66b4544c293b422cbea5c9db522857015f1250b5c21e45de7aaad55a9130b548d01
dfec882760b3d24d2566438e4d0db1aad9c9bd236ae321ed741a8f263b6abc49c5b2e69b14281a0f3a97b1f17876fa9101c13d6b3e2c6c703b1a43e3
5a96c4844e443eaef88a899036aab54be3e90813218d9b6a97a510bfc32e4854e8b23ac36ab23a4e55b5dbcf4de9de37dc6855051bc938be8fc30f96
0d6559d2f0a6aa2df32aaafaa44faec18a240b225dcd82d0dc3e98b0aeed671d86cdf1e00ff786ae26f202aebe3a79797b86376f35a5fd750669b452
8552588933ac68b522a872a9914d256986b22949119e65c4b4fccabc2fb9a9eae97381fe4f9e0b526e8c7d0ed2c07d1f4463b43efe5216d10a71e3d4
5305964d5143f07aab28d73459ac4a9324a6a42320e9ea57468602ff50374b94bd11eb15ebcebc2ec3747b155c5e51fe312432746b42725ba33a73a5
559d897297e1d01d4da148fed34aa45e681c60bceac2f10f86be2e543a8e822176724ea424cf8ea201b58460f33eff2e970581f0b4dcc8396095ab61
f5860873431e6169eb6683a65e14f536e4be9ba5273a7771354f8077e96d3c046fb93b08a1dd7a4b8a3e77dc9240a5b14e1774d8200f3d8e623fd710
d990a68b1526c8fc52df070e0436dd1217bb34f2bf2d8d2d4511b3002f6d3cc30eaf76b467c435f9caf00caec4ab7ade3a9932fdbcaae79923dab32c
ddc0875c61647d4506a021bd5375fb5e8d21ec47032878b6f6e38a62e19a799ca0120db517499777824c3a6a947191ebd647739aadc3190153dbcf33
3228a38c6e8e05a0d97e00b43b96583b290b68a26c6e01cb2f65fad1f50cfeaae97a061fd1089f2b6e35b81b0576ed0814a28c623a5b7fb8a3fe81ae
8ecbbde1853ea381a62cd316dc9f8ea06399334bdea58c86639972ee66245dfcb7bf0fb49f2ea98e65909186639972e28663196134be32fe402e6342
cb99fcdd83ed001bb754313423eeb94d59431b686e4367a71d6ac3814c7d43c3814c4977c3814cb542cb68141195b50c702e110e646a701a963faa0c
1aa99e707ddcb93da00dd42fa87e9d3061fa4d42f67d40404422356d425d74321052556d4e5fdec3b5c6c3dd0468df07bab6fe27efd6e058e68f8759
53fbe6306adc04b802bc485975ab76df8d97a788b5a15bd308a391da8934df5f1985023c4e23b5130122be32ac0974a655c8a2fb4b6aa76cb969230f
37d61aea1b6ed8d6d039552b655191111a1c9518a4ee0e6ea991da49a3ea46bc5f73cbede0d1fce10830339e9a606660925be3da76cb1a6cd4140caf
2e1a74ae73a1e8c8b6dcc90e05f7587689a547a823ab9e5682d592f698fd097ea591f2536fabd611ff8b4f1dd9f9b41f74166e4f97bfb0ad21799c8e
3179e07bdae0b291980c64c71e7c191d357c8d987bbae6b5cdcf64f9a4466c3d5de71af9be75c76b03c1b6a76020ef94ea0d0905e4bf91e2497fbc26
cbc3a3bc4d950dce8784df3a89b58940d6833c11c84aeb261e09f1fba06c47c863a30e7495e015df07c2c028236043cadbe47f10b5b6cdff4c19b576
ca9902845e68b1fd64f4f615dbcee040997418388b00ca853cbe18358fc0748541627718358b0161d40c0bd82ec22c78c8c3a11efea861d41cb757bb
b0c1f68c5e0a0745d748f52d8e5e4adee263433f9c3a8ef7846cfacaa7ec9e1f971f0e7ffb61c78f1fb6e7eee92e0bb2a5834c3cdf07ecbb0bb939a1
2213d7101b0d17dbb4df879467090a036aa17c44ebdbf9fa8fa8e484951c9119b735537d6fdcf88be011824ff1680bf3651e108d14df0ad0da56a255
9fc46d734a55b3ab168c1262e7266f24cc8fb1f601ec311d83841811cf3f4a48e66e5f840da14eced1d5e2a90dd6befa90528411241fcbf7c14bc0b5
c330a88acc1a0679fa5fcc5944da97e7a118b8599ea466aee3c9a5dd6fff49a63a650c0735f6ec3fb44b2c40df6ccef411dc7fc8e921c71d5b62ce7e
ffa92ba0881958b7255657dc0efda7c341b51becc0a27ba3b50bc411af2b9a101038d9d581458350e3813564373a4180f5e4ec9b3fc92a63fa61b7dc
101db36315613d4982688c324bf154dffcc9f4d5d2cd1c449cd4ef03bb66bd6b7b523a65b9b3e90c6d603e464e04d4b529f174993219b961b77b86cc
501756431fd39e596760440d35fdb5f944015e32011c8e9e35c26574b80edd2f3bc9008e18092bdce25037f3a328e76d9770dee842bacc4871da4556
9a4a78b0ab30ec78b0131d683b37eef26163642e30327df3224d9fe58e337b8e3e6fca4c0c46829029dba589df694b405e75821dfe42a568c7e89868
455ff9a43e7b857f95bac55eeddf3e39ab87f579d308272c85bac26eb648a588bd79005cad60115c97e64502787a9a2bbee98da7c4f00f70da7547db
34152876333bda6d376c3b8b012fa0f942c7c498b8405bf8b77f17d5899eb3031efe41d67ad7afd2461c41b71afb6362f87d65de13bc3dbbd174a6f5
392a9e4ce423da48746c8e7524ed98154fbd1e3b66c57aaaf621e456f211c40043c81960089c75b0d0844bec48463443e8581257690821fa883ff395
b16e1dd63176b6fb8bb9b1c6107d0aa9bff3da410ed4b1365638d5b136d603b0eb4ae5e64e816330b28813636e0bf1e89355919380bcf7a913aabfbb
e7f68f59b0e71745549591ea700f4316bb6360dc827661554c96a5afccdc5c3b58013551fd5218e00e92d47bba8398182b55e8e885545576720c6843
d6e1037493e89b0d68da8475642646aae817af17d79194dedaa875e4279a8475cd8ad50f74d2756ba4d449d7adf14f5f0207a0a4ee56c0db97c05947
e02cf384f22c90a940cba94e460262a77d655e9fcdfabc3e5d6cb213c4750023a0eab4dfe13b4999e79d0b677202d1fdd6f99f3e6fdf9e8c8b2ea9ca
c0f73bcebf2d80cea36da602510df18a9ae04ea60242147f65a096be22685113de611fd4227762f86abbd615a7886ac4e0f115d589c1a3bd5a7fcc20
409f8f2be7ef6caba8f97831b2a20f5bd92d039b28ab2db3b72d717a88b9fe955d51cbae28656d993d42da32f300e948633443eca892e436bb590f5c
9fc87ac07cb565aed611e6bf82257d15450bb616bfa9a2ed62d7d2d953f48a238e42d07a59acfe7aa47683f1d33981f1c7cf33151fe18236f8d0343e
d9066dabd2f601cbd2957f8dc3004ae0e220d18191410669b7752119077652d332e2c06e7dd89aa83fa80f20a436c8ddb251d0a60d30ea1d768431f2
f0f7477258f8e0d5cc891b243a20c5e54e5d0e13c568296e385a93dd8074913b533a65869693e1140c321ae8de311226c7429430eb1dd611a24c9978
23d3320071fc46469820101a41db2799b733083b82d1e18619184187606710873839ff2c44f6ca824deb0051b78cf0c3996904ed6cb2ca355891414e
6e9d8006821a258e4341cdf0770435ae63116c3a554e03933ab48e76298ac2beec1f42ed60981d8b8944faf9f09145d23ebadbab60334d127493d7f3
2bb3a80191bb0c44da475bc73c4a6e60056a3704fd920e40a372e9f90c1d7059452bf05155cf40ba07d104bb7aa8d190dd389e86ca50b8d111c53839
9220ea373a3a46a8e2b086ca626447fae2f674ac6aa122434365cf42577ec458c418f64531b44d768db44d76ce1d2354579e203cfad80f82f0e83f36
067a37c4216360386b9f9a29479db89f6d8c124efc1a00ed426ab30c191c1128d01d1c402d3a6bb42cfa0f6630feb4ff1d83e989a18325e66a1a1a2e
73d70f0d97dddee972b39493698857c4f1d12a6d10825031fb2004a13e3d63eabbe3199b42e86000216a4ce472e20cf17af4671ea7ebcaef1a24bb6f
1a24bbe727ba4de8f2d02039da9af7030e7c68912c526991ecf29d2ca59b4518639d4f8716c9b049e314503b1550fb04196014c629323019f22a76fb
b9005a44ba5c45da5e1e18fadc9cd4904b1c0603723794a89011e0fb808755e234aeb81868123e57c2610a45554d63b93dacd292fdb4b3cd060da354
0cac95350119582b6b8c39b056f6ad3416960fdac28ccd2b651f4b437365a915e6ca3e7e06e6ca1a1c0ed44c4613192457d4ca7460a1ac75e8d042d9
2523b9a296a5635b2b675dfac68d39addbb659a5ac827d6c4e29ab781f5828fb781b5a253bfb9bc7388fbd41c41e7d0fc78330428a8cbdb18fbaf1a0
9df6dca2546af13be33a2f4c8c0d5032361734b4aa1d6459f4f9331ec4a4e2ec233cb67de8c7fa2ffd5026e381be41e305360fd7eb5a01b3a6c7d2a3
97b5722f5ed6ca9b46d3630fef8b165d547b85d93ed960379b983dda9a0e62f6a80a1ec4ec318cced87aab61f09b096b63d8eeed08e647e203a9aa81
64e64f9d4bf51fd614fa377feeeba4ccfa267f0756aed1f943e3cfe53ff5eadae19fff206d13b772f2797ce58bb23d2b4db737303546642792106204
0eb59986f181aece03ac85639a84f4512c310de903199d8787b850aeccc8b61cafc33aea54044289d28c7f78ec697c310daba84e6426fbe28f2466d1
024ff3a665c5d4fe98e33333da6c98fc499c1d026aee0713a8e5ef48bb79064dcd8fb98727fc90f184f75b82c6cc22a312e03532353f768309cc93a2
3ec2f861f9a653ebc002698539b13ed6556f6a7d2c0e697d0c8d9d05a88be5ecc633b522d895326017cbc6ecef7e60c71dad058f052b802714d82e1b
676e16d78eb61528a0d6b3ba76f453114d8ac615e5853308f6066e7de20be60b6956d68e27c1c4895d35dcc4c039457d010588adafcaca7267155007
40a951ed1323ee6a7d8086e99bcd0d67195b1c45a06eae23503767c0cc0c86f8f38c34b7df06a85fb2e5ee7d034884ed694ea731050f3b217c74a39b
cd2930352ca275ff9a44786ea24ef3b0f93b53e0869dddc346ff44f3d14975763d885d97d063556b890a962b23d02b86d2da434c745acdf9abd3e25a
9ce4983000c624b48f8e86b3832d12a861b8aae947a223a0d85cdcf4d9328df0fce33a98034d91e768789c11544ff23fa9aa9d5bb234d5664ff4520a
53e6443cfbb7e7d69c182cb93a53359a1d10d348d8372736559fcf89b1b8a761aa63f738a0b452693cb7a8692a6b98136b716e9db939b4a2ede59c40
ee566300fdcd9b8e429905142ab3dc098c798af112e6496a03e9fa89cc395b46e8ecc13a3128e15e9b2760475b955f0e00d4c884e629d4d6176aeb63
8e2ff5c5245acdcb440ba679ed2492b4ce90f36202de0097da3860bb7ca47b102fd7dd4a187373a9cfcb09b0d6049b563f3f0936ad05ecbc041ae02e
01b58e80da3f4882306a5e2c75b64f016532a8bb5adc3d98526b6b3c176a048fde72a5e968b9d20c40ba0b653c7301105cc35caca248b404cefaecbd
f7df72151d4b0c762c8093826d2eaf68903def88edeb1f0004db336f0162f6f8d3d7d803e46083fc18df07e079dc9e109bb090c8ac7efaf84f6c9f7f
fad7cf474de4b40d067b7ae74f34633fed412789b1b5ee9f0aae0cd534d18cfd0cc2301157fd0ca9331f8ceac51a7cef7fbafa4f04533f8303cc57c8
64355eace745d85728c5d857c03cfe6f00c6f8afce09323b66a5505e36b1283241eaf72198eedc2b986ec50b98de62af60feacf5fab187397fea7b39
63e70f7d2fd4e0fc61fc0ff9389547a9703b7fc29ffcc02a129c3b7f5a458268e7cfb940e34e125afc0c4a71c2b8fd0cb97092de42679af3a7e9c847
daff2079a72649064b3d1189fd0caf78fe9c1b44ec3c980e78761eee40a7ec0c2056e7117842f3c3ed004dcf2334d6f6e514389ae7815f46b7ac56a6
58cbddf8f9a1e1148b7e1e42f91300b4ef5dc0f002820939315afa1904e44c6e065d25bd2f801145e04f33c23305fe304672cd7f5653b12dc058574f
657427e1ae2b9917be0fdc7ff46d3a5304c6a0ebace9a59b86497495be9fb9f88f1f1b03346239b36a7d46c9e8d2dd952d222b447dffca6af5dda1ac
929de37f669c3344329386abe839cd1a6e889eb3b846764694a2c31be52c21ffa58382ee9f9370162d38c56538c3436de4492c47c3929f24f01831c8
7478ffb8f8c306463f715a45b8a05767d5f240d4a901176daa2143840b7d6331b6c0595dc8ec3f55c080b20a2567fcac7a6b400aceea1a5b768d59ca
aae9841b5163911d45d30961ae2e6cb63d5e396e450bf8fd38f883e6640d23f1c4576689d50f9d2da007e0168c8fcd85de19c3361e871bd6c44a08f1
d95c65d1ad05fc76cd92472dc1772b5b2c391bd375cf762d7ab0b0b4313e92fe4d2736d9dfa1f263fb88684f7c6a852d137f0e9c55b8ddce7f46d8f4
85ce71c4960f7d6de09ece41402ee9dd30385cf5c380703022a7ae703265276c603346f419b9d0b9c94ebcdf0e4da0ce61dc3a89cad0b872fc4d1737
ff58358b39a773800f398d7de46be29c3107469ace0178a67328d60a4b6740d83c63d548e68c6ceb2ee7d4b4b7da5e0fa1e23f78084dfb52b22bc599
3137567aba0522fd29f8fc710a3eecd579e2ed2421de7c63d58cfe3c7576aab6167a31fb14fa6a5f9c1f8d084e2343fa7239b50bd748e63c31b711fa
53bf22d7c5904a2a274f78c0aabff879119e4de82f6de4c5a0cbe320652189a8e14dce4b9f90615f06fd1bf67551cbe60e0fb3786a1eee83f7244ea3
c15bcee5e82cd13272159cdab98ca505f37b123529c9f19e4b86dfe17199abb258e732e7c9cf0f83008a094bbf26e15f5a6cbbb0e83c935149cf5b5f
2637037e2fe93b786e7eafcad69caa3a55609dc64c92153a6f1dabc4f92db5ab71439388545f89f30e58580b6da2e0bdceb0891211351ed7a5f17c84
cb857df4fe82db3e1f6226c2a19d8f3e5e2ee63f73296b9d7e00979119f52c3db197227b773b8dd2a8ede8a9bdb802fff3d5938b67edf9cad54a7261
f172ac7f0464e49d7e129051879c73737821503861f0b2d7f005ebf67d543e921f071fd98fcc47a1bd7f5477dc267859b1f817bc5778815c30515984
bd0e233ad202b3ed2c5a5c9b578a4371c12a65b9d00b8e28cb905d471c7dffc1134bc1dea57a90313080828e5ed83ce9c1716d4ea72964bbc82aa64e
e2322cd2fc53f277a1142c3f87436705ddb85004163bceea632ca33780ce5c28080bb4f4324ad2884a087584362be4b5818266269a1133c24b5c6436
d797e4ca8a192d2bf9b00e025fdb2af702432fe55e2e3e1ef8ea1c2f455d70b617b1a955fd5de432d716ec2ac8372021d7e6678ac4f822aba9061217
d2300d18aee2f3ceb6bc3ddddb02b32a0c15576161a8be76e07eae6abc3f88ef156c4db149b035b609e68b01abb913921dc0cab802722f318d2dfbfa
cea8cd0da5e8da6fe6a51a44e96a417bf883c4653e352f0cb4b33f6fd1ac30351e9d0001dfa2fce9329587abd4441d5618a6a33797a023f9e1d05f26
32d744e6d2292ca0ee3296d692fc5b4605cbc8b025dd3bfe42d0e4c8641553137369070551b9c85baa52e01a723e220fe9c6d4645e431e1818b08952
4577e12f66c4838b541ee5e7ef139db36d4fca0c8c83d82fca2f654e51a800e98778451a3f5f1399348cec8581b4d6d5d744d61d65b432519f8323ee
4c856cc06c70673d402efde5752bb98cf42c3a9f3e811cee8c379bffc86c4aa14c1f1e7b75caf8d931a80349bdae401d9aefcbbdea9e7661d924a5be
b8ce8d667111305145f0b5653a4967a0ebc2d9405cd8729cac45fa75a1247112172e6f48d92f020d35e48f57041a12fd9773a87fba835d61bcec4496
9c8568cd6d9ee513aea57a9fe2625296310bb53a17a673259f9811cc2f0c968c0171ddc88ba5ccb76608145d0eab87cd316509b6754ed6deee01862d
e1328f087cd72ddab34c641357ed7a29ee0918b6b8a71b26ffdacab94ecae3af2cb106882debe96a35af7dab772d49af47b407a047eb07cfe7832650
6422d08f4cf8f522d696e82b73517c7f9148bc351b20fc725542b0c2e4968215ad8bd72f6865e7431c876b5c3f6d7c41b9657250136e2c442b5ecfeb
27dd8468af2d4da95ac2af9f8f8b662d5deba6ffc829553ff087d6a86cedebdd30710b95162474a1d1e2dc2cbdb3607816a19545cc452c43431caf03
e1a145cc8141b575285bb01b426e2af258386da9665cf869b9ed2b69aac458db052b697fbbb00b3222e6da428ea4cded42e1a595c422dd78e73658c9
13473fd94d0438f37379cdaeacf928acd8ca8a45e9d5cbfea0184ede3668ccd83a1a0339f49674184e73e1e55d95cdad1c44ddb1b7c19b213e96392a
d485ad6ce82e8a2f75f8b9a0f3b088a697952041454c004f7023e3ac42f061ceef425e11e9cf56c10c3b1a6b570da0482862e92a818e9d24a9baccc8
b2b8ad7f6e13f7b3747f553875cd82160927b4245d881d9afed28b8bfbe7861b7ad98520268f2bed159efee4dd167a2b2d1d1631978d05b188b94c3e
d4af8c11382fd18564417de46a18698bb45ceabaf1ac8641380cc76a18697bbc30940e33e1b56ffb08bbb84c662e2611a3d9cc520b2d94aac645ca51
a39cafaec3b66d7d023a02cc81e4639173d4a4150be7f1880fbabaa03a02a04a307ac492a0ec3bc73ad8c3c687ec8173863df0a65d882f8c89b9e00e
54b52eb80393662d841752c0651c66f78d38cc06ea589b3b68b2ba6bb88ef6039d91e621c35097b9b098d679650d9794259a2e29139b2e23fbb1a512
4d9b90a5bbb91839dd7beb089bbfb3df1ea2a9d13f304c8cf2a30c411457260e00ce71428cdc622410218c5db01fd53085ebf49270fa8667e64a5a86
6796ee109e59b39675f250178b4e3937e7437c66598015594ae9547d925e5cebd2e8d34a5889bb60f01b9a2f2caca78d48b6b09e56f5bf34051ab665
a3788a2d5ca834fa587a9f4ba6f499f2342f81b30c7030ba0b436a8d5c1686d41ae92c0ca9355a599a10c1ba2d0ca97ddbad059c2e367c49904dd812
0d55d60ae35226bf048ec960612d6fb8f0b532d1e7f7f1f2070de0528cbbb688cf1cf49ec4a61a5a2c4cac35f7592439d5e862a967421cbc34b7f622
837dd19c686d6944d35064dd98f9ba5a86709ef62f1e585f94fad3f36bc9e7889fb7ae6bde848fe148f8e351e204b48f380984a60d6b96b534b0ad78
c1ba9a0bacd90fb3f0b099092cc51f17a7cd8e16652b390d96ec9123b3be08c3726f1e29e94ab35e11863aaf4b0fd0afc8cc92617fad3a78bd020482
6918adafd36db067d6f2dedc52f7e2b90df6fc0395eecd2c755f25376eef1a2cde3f733e74ff50c4c269bbb71aaa7b8bdc788a2946bb37dfd49596dc
f88a69fd79c342196eee86839234df3f9e8387e0e15693ecf3a54fc62204b4b2991bc7779f98378eef5a20de58602b4abb119aa8aeb80f61031e72ab
6abf791fa21ef0c05ba9a3bdf5819f968127c6c59e9f037c2360f136beb7cd7537eacf8da77bfd719fdcc9970d934fb172b6063a30e156f802a9b955
25251b13ef254600ba64793132d091445523d03bb97296e14239b47796043156d676d1b2cf0f565177f8e9efec3d24e8865fd344fbc6584975fb9ddd
796026288ffafc3b0b3f2ba19b3ce4e8364bfc61195bfee1b8ae287d165794b1503dc9f7dca46295c1b98bb6ff5c4cb7220e1ff33711a08b231335c7
b49c375eeadea6371c5424e5bdcdd9a56dc3bd19a76e3eacbbba76c0b1451fdd742d37aee9450c41f2611aab9bfca639eac04c43386ff29b9aa0ea6e
40c73d7e13495a56e72665fb76aefb83b0dde470cf3120c7c505dfcc5592d1b831de3679d7dd05dc325cba54f1d6c4475fddbbf326707b31e556aa7b
770e92d320e6b47944ef8e2b8328d09d869d9ed477b48b7e6cbb8082c5c7ac5be9e68d59b72eb677176a7ec7ac5b31f11d52182ea49bf0d325ca3c4d
610fefc1d3c2c336dc07d69b44aba62bbb8713b0be130020a5332ea3d299a8ef04ecc765173897dd7e886520055283e443ef9ece8055419c6322b87b
fab6f6775e65a22a16dd3260f76402ae22cc58049cb8a798642531098866448402a47041f3cc9f8aa2dd7f223ffbd6bd49011f24fb440c25d9dadc55
d26bfbc6b65a9ff1fb8a5df023f1070d364335820a61501db410836a55c3f766a8c25ceb26a3aadaebdb50d1fa8adc176f4e8fcf05746ea72955bdb3
90f2f84ebe0927ad82ecbe80d485d99cd608f24134e9983d46d90a0b6fa2f7a8f9bc49a3aa4cf4268d6a9c096cb27f5167d28f7d02a7a8401a555dd9
efcd5c25832fde087d7ee2f542b027ee63921da8bcf9a9a4dffc7db3a09e2d4cb263fb30c95691701340fae71c31c9d60cfd2680f44f3425ebaa4af4
fbc6275c7249d655b5cbf7cdda8abeb7bb6d9fc0296612275a95effd00a79726c955e3f27d80d333fab0b61260c2442b6fbe49a53afecebf7a3f02ce
a262d31d5cc323e02cdec36247c72cb6c8f2881402ce84a4a98f0485f2ebc2b3482f1372015e118471c9d261fccb1bfbee5fb415592cb3f062ef0bb2
b83938e06b5571bfc02c02be2288f551517882b0e98ed364660ee510cfcf956f94c381d83ff6722b827a7ef216e0c8f303bc9f2d54c28378cf2f1e47
34397c27173f861f543b304787763c07a083030f294e7d653f07a023187b74bc6fb645a3020e3c09f37e98ae67ab9ab26282673345a375eb60eacf9d
f06c0629fb8c7d1266e990f22721d876ac8460bb5b1f137a845e4f523b1e03eb24112dd00941771fa555d53250f3407f70cf573efc24c592f4aa440b
fef6c9989e239d7b32a6e7ae56661b50813cd9195847b13b3ba2beaa5b1f7d55f57760131ef55248ad1ef552ae04d2294d081ec453da163c859573fb
c99faacdf6535009b84b8571a19a0fd6d829ca8e0b9cc575b0be30f83b310235587daa5e06ae62150aff602f61519fca4af0927eb0cd563cf15420e2
ddf754f79219d4105bdb80e58a01b8057c573d15370298c2a78a818e0c0636eb20ebaf42e15e5a662f5df7c63aba46cdbd64cf1a33b0cfe69ab21684
456cdddf9941b73e4e1230c14fc30945a46b62e39f94ed691c2fde684f6323a2cce23b09220b69b6fd74816565d082a5288b7800d2bd67fdbdc9c7f9
87e7c53f801049c44334a1c61bfde9c1eff2a1c6ca9bf619b4f0040fa982655ee3fa4f3e5855cb473f5855cb743e03b372aee967aa74010c021cca5d
3d06f5113c0ca4e5961f83fa884ad847cbe03ed3c0af3cd21e1558d34ac49b14c7267a021715636965d8cf1420cad84aebf4f9602b2ddbfd9ca8199d
e5898139bcc283a9b4fcf07362e52e55206cb46ce373a2051e967129104b4eecf15df71378b2e3aa95a24f4c9f8da5f160faac42f0b9582ca93f96cf
b2a2cf85c5f9b06da8c91998bcf541142f56947bf309b195d06107adfaf1b980548a7a699723d9459916488f51b4963c0f46d1b2fa0f46d172c1cfc2
8984dbf2594ec1b24b6a99291c969d02d02d9794e9631fad72ef592ca90778a15887b37eb09b5665f160372d77ffe811878ae8c16efa08d880fff077
554796819f1bfbb9d902b886878cf671f86fb6c0eb34947196851f98372b566ad4c130c0b3b1d9af2943ff6068d30c17f5183ce02799be15c989fa5b
ba357da23e06a536adcf639c809f772519337c963f8f1365371f44fe9e8387898a239bf5295a063e64d2d03de6d9ec4ed12af4d92c4e51e5ffbc58d3
7b0e5e744ef34f3bb867f33fe167f06c239ba9abe683464f59c4a3464f1b87e755fd0eb41a512b7e7a5e351782f50016ebfc3a8d5d7e43d3c766bc98
506b85f962426d04a9f787b740d429d2395b33c16983468342197f87699d2148566212dd3fb0e500755fc31cc9cebf61217df8cf6df3cc079b312d33
0b88d24b560f75ae2fc6d21ae2bd879b41479b552b1a92be878e612cd38b286bb87d2ff93ed408bf070e0dd3168f6000203ac09ff299773368458de6
9bd4fb80c26f7205191c1b682d825f83359a98fb4da288ad35062876cb12767b9a0cc10a92aa55e3dc77736545e3d23781bf3f47107f6dcb92750763
c9b8045ef27a28d87b33fbce017eb35003507629e93f07d4006770a5e91f2a53fd1da0b9a15eeca9b5c07ef1b153e2f7a265fc292e7cb3b8eb1f2cf7
b0717804db5adcb58cc5b9958a5300d4a2921a6ef2c5da48d1d86b4026fdb2dfe262b0784585b7db50e318f881f1bad85bd577dbbc6ad321fa92f443
df8357cda35172deaa54befa8f66edcd260302c73aa37bfc19c5e7ad84bae3967f437016a06879df6ca2f973f4f5d2170bb1b9b2a283c4abea512df6
db841e1ef86d01bdff149a30fa66c68a21f4de26bcdd167a3bc041bc4d803d644d5f81e6907a6ec009bf640c5131f29aeefe3b407fd0bcb7391920eb
4e8649f6809f310d6e0d37f0f6d8553f3c3750c3b7c704808c7c22baa1bc682bab9cce4b42119d6d5e235dab52793b0928c4ec1e8befe87aa1144714
77b8d65f8caf03d143aa262823a0675a437461c411e8c21c87ab6f0b8187577c4949a219fc3bdc0918ec573b6c4307bca6245195f29a92c4484cef10
fce2f00f13665e53649726cc30e800fc298a7063bd534f13d7780ab2f468c6825badd3b3e5db7bc92681aecc6cfa10f20ed97c63314ad84bc06c1367
bf11305b0c3dc3b8c40f3c229014bdda4a9b48ecc5cbce1863ef89dd5ab681d6451e83330c4daca5adbe0b76ea6b20529f3a7478bcb5bf3adcc9d3a9
782a4ecdf8bdb82e3d0fc4cacbb9d0fe722ed245129018f2fbc5ddce8876afb96c5518bc9753b12cf82eb7412679f6bf1164d2bdbbe205e187d07b56
22e2a41b890df6305ee17b09bda8bbd8081e98ef12782a99cc0456ea5dc24e4f4b1b1f5162c575654f61f7c514c3b44b12666e13f389bd4bf04583e5
e20b97212b5bb4117c8fe40a3cf223c0071c739ac81fbdb7f6f44e79b392356ec65b93232b4104744c7acd6eab97d98ba176304577c0622d0df1c48a
5bfb7f11618bf06a5cea8f4e0a6255243511f3b710afca34be8f96fded6f8af8e885e1d422c98993260266f0318f40fb3bb6a65edc8f308bfd0fc683
defa9b83ad71d393e124e80b194e82997a632a34786355011f03f07f641387bf141ca2f9e0741c7d31003773e88b8b5f0af6c8ec27ff8621e189a4c2
842770385b77ea47e323a2971f7c60208ad9d0d65b8a16838f6ab5c40701263775da1ac4ff302bb3d6e40ffb3a05df0fdc17aaad0d7af8b3b9c6967d
97b75ab412eee72b1b4974df9fdf87a6f893b2561e8d6e4d6a4274d9ef63a321ee8d5f5977810a5487ee0256ba2833f6a1115cb35fdd056cf088b77e
bcfcc1ca25cd411b6324cd795c9f6444c89f1f8255e93801d6c1ac9260353f741d184c31e93ad05821dceec62f3e8c75df01793395b539f9ac1f4167
5e9babaccd16599f82c128b0954694f93eaa1f0c99cd08d3999999490842f37de86d30ec2dc074cccb0fdb2cdb58ed010056260bf2e0a3e8fb3080bf
08f300666dd7bacb4cc8a9fc73038c133ea303f2d0886d84021fc3f6f09483dc33df8776ddc0024f69d8e6ef43beba01f266102b97e1570e2b58fb8a
50b736c136b1084b355b4c0596cd215674c55f194708348efd878d792ea23e2c62468bf67d004ce0e56611eb14c53787688299af5ca924c438c8e5ea
8e475c054f6e338fc4f4033d1fa0c020f61603aaf177c19aaef71fc6fd7f82d87f26993b00076bb6e881b09fc40bfbca98526080fd7d80f2518927de
70625de32bd65513366c5bbf0facaf8a433c6e310bd6034a6ac9e2055e63bededc23427ac624315043e6f795f10429f444484f64c95f990c2745d226
4f273d31596f158bf0a66b514938264310b01347b8afac2d168bad2d9a0b6fc04e17070e0eb5c557160c9683809dcd59638bd6247dd8a235d187a4ba
3fc9128139477280136b17311186ad74e936ea52a2227c65a3b13a6b2cde07f28def43b3544f32b1abd03c7e650d32ac84294bf67762ed7b4060caa6
9b0d4f363d5e97a62cacde257c80818d1a06095f19038b837ee0b5082bf095e10fba40c06ba123feca08f5e298c16a754cedbf0f9faa92d6cd6af59f
d478b9500940343c4b1e9a859a5ca45ba8c69d11b6ee45945d3e03a54ba43f09eabb50ee8b8ba43fc14eb1ff6e032a8a2937ba712fb41bddb877cd8d
725f32801d7cdc54372a70cfc42d740c8cb633bb8d3756085e0e379607aec60d702ec60d70de2cb72cbf68fca0b897fe3e00e7c5a451bc07f35159cf
e23daa9ea9a396d1c1b4d9fa8996848efa394b558bf13b5ab924e557b7e8c8af4a5d462376d44f50d5333ae51745b447f745b3306d8b3adfcdd992b5
34dc40f48cb589572fdadecdfaf4439d23eb7efc5088b6bf0c51be8a4c830d3ac2328c1bf820ac143cfc5746d7dcac0458509de3a77edcd1d1e337da
1e4262d935eb945d0ecbbbcf0e793848684bfca5af8c5b7d1b56422d3498924acac9ef09b59075545272a11f2a29b90f8e84a665028451a0f653fc2b
a3ccea965195c0ac1dc9f77ab781376eb4d6ed1f7277a8759cac4502a401dcc48d220ed20ef4461dea674102bc1c867e4c1a4ea4e2a4f37db0f44774
2584cc2ea3489bfeaed0d2f5c6e95f21703f8aa15221a4073e71de50073e715ee307522a7cc0be329a916afdea5cfd4013e18a14753bfe4ed01f30f3
284a839d135e71597c28281f5c7ebce2b2988986b239d3d0503a2312dfca071fb8c89913fafb006ee8c041e6db2c3655e0e6c81e68256331432b59fc
407e2f9a55e016532a3a0751ba0aaa23036ab40554b18c2851b2ef075970a57c476381dd86e6025b47d5136d9b7a0666d9d093b85ccdf5654d514406
2a1922ca5569c2ec58c05caccffe57cf92b9da44509590308e477749998c61cc316cf93e849419130b6ae003f47d7075f246fe3ebc3b5d00589a4640
d8ef03c7f0e629ed2e31a363893f7ab2965e0d871f308ed955d8d2ad42c887affc7877506be86a01ab750c25dadca087022d0c55be0f64eba287022d
8c4bbe8fe6c75fd19f76b65c6a3aed08093aec5c2f8d1f900e44ded93f98c2f0980d49af87dca4bbdee987222e2fe5631ac5da0525ebeee1219a4c81
0bfe088b3077df4cbbf21007c6fac38bf220d32e6123beb21251cfd10c29a2c32b87f3e44de570aefa548c18c320f674a14dbc8bf9faf7a110576c42
2a6648cbef03910709e6be0f25749e9af02b94249c0a12c571224e5517c6742bf29687e956aad84feaddea16c26655fcd6be0f859d6ecc1560d20479
57151d4cb182c1faf7a11c51acbd94d50a983956aa8789b42a71071f21f21232455e1e75d830eda0bf0fa55c12c49072394b33f64a0542c8e5ceac90
c4f1cf527828fc4bcf344f7948b05c8c45a012a9a88955a4d921bf7263427ee55e2e8697748690caedbf1576322d23491d9227b3f34aff155e1dee24
7ad021c9303befe17add2e91cb7abb4440b2d9b132bc3e6ed3bd78966fe43d920292adc4817f8c50e1c909d9955b173978252b8f6234c6233f4bdc6f
0f21351263ff134e59c97404e2ba12298f177976e5fa8f10483136a1070e6c0ebe8f808a31fe89a1684272dd38767277878c1522293d5dbf0f9c953d
a8862438247c66da3da4620a9e9a7d2978e26ca49f3903a89542f00472a79fbe3edd6ad97f2a1fd57f0a1f0d11cf4159214bb7bd2e2ebfbfec5abe9a
a7cdec4309106ff0f4430294eceff1484c3e700242a2fc3d5c94c00028c6693a0aec84d75e17407d78778048096154c674f1fb50ce91eccce80dfe71
fb073d9b2f57de2525032b80fa09a9533c1593a9e8644c92197363751041e5161f7bdba40fc954babe9653e2c5e1881bb13ad65cdf87d3873c27f2d1
1184ed2b83afdc1429ebad4071483429fba261e5b022f3c594b26f2f8a72f75641f798fd1d7747f039c9e1f9f24d8557a65b5378d0342b15af112b71
7eb82f1399e9a028a9089b55e4c18107de8de88d5f59c607f8912a5519feb4d9b26f020cac72124bd3efc3ad777d376356142a2618b37fb056459280
44eab9e210276058856501baaad88feb2aa998f4745472e18826489d02e50c6cc0414bc89c301afcca7af5d169c301d1ed6e9ee5a88468400c470fd9
1cb82196100f1aae1a226ee3e59dec5469006db1d4973e24d489442efccab8e340da921c170c67d236df634b98f5388b84598fa3a86d7ed40759a2ec
9b8b85eebc0479a6a7c15b840b34114e7d3861f8a97f4090450e1fdbaf5cd90180deecd45766926681f1299c86d86263ec5d5c394dc95c5e4dc99a23
130942c63d11ad53529988d629414cc11e31b2dac0c095a9716cb585fc9ee83531fcf00006e394feca4bf1d534261d17790a4e8a8b3811b253897632
34275e903d9dc6e5e16a4a8455aad2a953d750ae8a74861b2bf06c3ea8921ff62b2b4396cec0079921f0fb30e88b13253cbac70b36a837291b99667c
50a793c8ca14718f8c3d8f109b22eaa53411302efc75a564a4c195ef4f86c0f4b49007c6a7618265496edbf284300052a4e4ae9107264830ee8bbe80
d2c24bad5aff04c9990c3961622e445268a20bbab69ea301d2468ff52d7074aa97a228a297a26baa67a29489600a4d0431f78b2487600acdd5d27ccb
ebf6f62433815b801c0b61a384f231348b5b4ed0849fb849d0042ccfbf72a34c630225e0eef095f196f2a83dac8478b49994fef39678118889392f02
316fc85732c0c4b0488fd5253d5cecc62b19b01fae2ad980179a29cca48d0bfa86d428b0e0455006a793141a316efe212783d1c8b81212c5f22bbb10
d090ac0d96029d4c8cf15fb716322da0c8440eff454f928a49790b8cb086fbca8ebca1c82464194ad5330115482afe95138d07e50cf502d4032f8462
7d80e0d6cb874000e98160ad380046fb4c3f1f381a14eb20b56af60f0565d933c223528d7ce54c993a5ab5c3c1e704713cacdf29fbfb80b2663f30ba
e5319093a18c933d5dd25fc0360239268adfc74d5f96e536c0af8c317b3ffea46f199953e724e5ec4cecc099b00a5aba0f7f87e4737b67054ec33a9d
2bdeb24fe46a83e9b905c68c58a2594602d4acc4bdd06cfdd093755ecad4295e05ac210ab071d8a9c22a485b2e7117d053f1e9cf1a6e6955567290e1
658c3bf57d605d2a4a14c1b381268ac921b4ee4b36c746c545572c9544592237114f72a71fb205a06b9da57624570c51c405423efcd47664433eb4e8
ebf403588cf9d05c13591a555959332a79c6ac19950c48461776243b68bc13abb5a67f30172342a66872f90f00a00c3b923d77df6434d18f50962f6f
56c560a65f597302cfbe964f3fd17f4b876a6caffaaec3f96fcea57aefe72e976757e89a5dfb2d1aaacdededea4aa70d6e3f5855444339b60b45584e
2e2b764f0acd3362a2ac982b8f781d305dc23664a576799033c11615220cb46489f1eacbb813fa5cce434ac24a6f89d010f389e6a0c634e34d18c32e
9f6f569727b50c1371080fb9ed6482b2e119e27796cfa59c848eb057f8146d77be0f68848c42361083488d58a7348facb64ec271e21decc13cbd4469
7c72893a87934b945b3d23c56952e7930bd50d5253a69141869369eef4e98dea004a4a5c5454682d1a70bd7ac40dfae0446158a68bad7acc495fdcae
92f98b8d2a7f0507f82a720d4bdf91ec4cef868b2b19c6235fe8f8a4fbc875c67001d1af4d51e08203932caa50738b2e1803a185739afebef00f973c
2c780467b114a44ab396d3609117908a920b4d206c545e405a6c0c79fdf78126d0f540491777efe201226ec047cde808362a161c6950f02d19a62a44
2a59cd1c0c69563307fb9fd5cc791889f7d008f1fc7dc09578f66f1e6c12055573d3dfe13e3cbcaae9866d51d321b9ca38282ae7cf0f11115cb147f2
dffcc04fcee761366015c2b9fcf8c617611ffc9a457ccc9b6a75170d5fe5ad6bf8aa696be1669df0430cda2057166de594ac0facee34911c9a2af36c
9806e25d7f1fe8cd5cb21757499752ed1fbc587e7dfb3a55d57f125b6445358882fa3f67fa2ae1cf768ba64dc0753474235e9c235d4c593916bca8ff
63010a5982891abfaf47f01e7eaffc60a800a9a8fb63478bee876053f9c168b14a456e6fd896294c3b9517b53eee86452050154edb3281e9583c5b99
71d9ccdece37c2c007bbae96a960e6a451e0f7a14c41380e182f2e9572489bb8058b79603011fc3e9024249be355322d1b5d2b5ac06bb1c605456277
f00407c5492909972d41971764dbcb16377d657f872f74aa2a15a76d718ae3a159362b384832fc95f1e51bfe0e83fc670494afa2dcb3c00278b28387
b283e37786f4b7c82f72868a2c21dc669125ccd6c1614ea49125e42497ec6bbfdb18d723259545de4f6574d11712842dd910df30ee4526cf16327970
fa65337959d6b4c8e3710c0a3c5e2139e50ef34103ff4009853bcd0e3d400b46289ea8662d03e216ff09f2e987c1480e47473c2196638f8fa3fa364a
a0cce0aa1b9d78d5c813e25bd4377a8eaa9ca78d75d7e3e62b64abc99e2ff48d3e0a4a55dcc77e55ad365c68948cbe344a75d1985153c80717519a31
3392ffa80913391b6e124e15bb7ae2a07f6548778b3f948c88e6184ad5a00d9b6f2c9af69586aaab58e9f224328f16a1ee81171b7ba2927e651d5344
e9265b0f54d8d1132a7e8bb00497b5d2a8de3772e9c1d7337a0fc2ce885d198f670be6b26bf257bafcb42b1101ca3dcab0913f998ea2f9bcac49e9f0
f69e0f439727d77b60eeef8152d9a8c8a184700cf6a06c2eb268a4565436cafe14958d4a1a8afac4161dfb04705d873225e00a15a2188c917cbc38cb
0c65044d0c3b9e0406e9d7911cc650e3c9894d0d75a5c893e780c7015b2a6dd6bf8f780e304d54859aed7e1faa6e1cf216c5806ca25072c551140e2e
dc82a2f0481e6b238d27d782ac342414faca3c1388e4f27d185d7cfaa11c9a014f9f09007262269dff324dfe2a6280ec9da031bd7af5a231bdcafd12
f14b25d99accab1d2f976f1e6a5d6a7c24da57e8a1e819ad613c5bcaa579affb7ff9d091a65eaa592427a810d3e19663ca3534862c062bef018036c9
3c3acba55a456834fd8d2698fe7a169626c9e2cf5233e42e29a9539955967248c99341cde5e8ca32b84f54533821ce2d5f64801c91cba5c62b48b91f
2f6f359acb42e211f77d68126daddb68d9f405dff83dd598cbe61bbf3f1810d19cc9f1be8fe10740229cfb3eec9800dbee05ae955913af621e427ff7
29c1aac046fab62b0fa47c5846cb293bf0104b5d2a84597c9c0ea281e5128d376721a818c1b7b82b1ec4884ef441acc43c1f58f068ca6381476241b1
d8148397379ed640f12aa5958fd1703dcbfb60eed5c5ecd76b0a3888939a5d8b175d0cc7bdea3ca994a9fea4fcfe511de2c7875409acaa7a43aaf8aa
3fe502e06b0d9d1e9761fdc581d9c3d7438563f243cb7378aa7af8feb71cb10f01c698e6bf68b2f94416a2c29d75c28e7e1fbc6a5887aa40ae5adfa9
db40a840c98ac917f4a56ee6ace3a5f59509b3e200c9f89dd6019d41da8a740dc7f7af0c99abb675cb9801e65bc4faed352be6f8f901e7a98d75cdc4
c764932b31b072fc0e55252dfcf78112dc55ce84828399a8d874775569956c2a4da57b2dbe9dff4c54f1d5e4a92ac8723602506429867f609c2a94c8
b2708aea15f155f5beaab236ca6f2a798673d432be10885f0db725c886db72ecaae8c30688991daef2781226826d690b50e166aafc676dec19374a25
b8f84f9c68bea36c207727226cce2467379cdc78a4dcfeca30c4d94e6f891120b5c01cff716be9a94329b8d82abcc8c09de7fbc0808cbbac7678386e
8fba055859e16fed4815edb41b14501c91db50f65175d62392e2f781958de5119727ed877981a0c37568f7c033a10e14f97048753315a679f8ca1045
084445fde6d11b88579cc488356035876b301d1b9356373bec935c9089fb2d2fdf3a516bf9b3048f8e74ac9384cce8943f4ec4179e3712feca8c570d
a8451a0ca2713bfdca5042453bf592dfe34d568d2ce58410e5680b54892ca578b85ea0a2277a5fa95de39f7a898ad601153de917a8e8942f650e4c0d
498e864f75091d3358521560d8376b0ada661a60ad39eb16eb74bc5dbf3231bd9c3e51a65463d6a5a4dcadc5c43a08c3e2dddb6c8cb2c1d91b4ecadd
279c94be44950cbfba1fd51b235e6932e1a1d4975732f66667bfefd0ac12a1debc7e8b6d3d32ac0aee653d96e2e61159fce3a192bf7362dc2752fc66
978814bffa55d47db7e62c0520dd6f769349f7ab7d41e53ad588a23e02fda7f2a21200a144c75c7812c97da9667547f5e515e9b1229fafafe2bac532
d9677bdd5299ecfbbf120ca1b8020443504f505f4f3a8013ef803c175f9993ee8e90cf578bc64ab8034540f545bde18ebcc26c3f5cd8eeeccb9b08ce
abfd809fd3df7ec27f50f6ad41478d6807248effca5dc4b396910c78dcb51f8680d5b22eedc52638e517c750d7516ceeab6d507651f7e2b5ad789b24
faf8ca3ed48a7ff0aee47e6ea67df3dc36d3be29466da67d53fcd98e789a353e5475647b56d5916de33b0daeb399dd8d88c2df47504ec79172d259f2
9dc614b1f8f911f1f0fbc093dcd6a6776b510bb313c74804b52856920582ba36421bc8e5b7b0eb9eb6e0fd90dc9fe48b11c46b591a6ec7d90710a8d7
ccfaa6c745c3b8fb48c29271ba8598b4ecf3cd6999f5add9e2a46cbf86ca1db6566523943900638b8a3a7230b91574366e765167032a374d7fc41b44
26478f1658c8b98f252e0e86877da88470f83e10201f6248f529e2eac14d741d82da169a54156eadca32badbb898354dd95ac539d209575d38911db4
aaf11cc3578de7c49caaa7245c6eabba70baf86431513ada228b098c71238b89a6e3ade9fac74c5a30afc0b8c5235519790bd31f5742d31fa5776d4b
47bea78b2dc2388dc137e351d5cb34180f13ab7f1f0f7fd83a968ed5c2852c6fb1f71ff4af753903de0bcde46cf8887f1f3c550802fc7dc026f83b4e
4430358d3c298ac79bc6d8388b7f1f44d802303994c3018873cfc5d5869e035c996d6012c23dd10c85eef6c0abc419452fa6b76a1b5ec9b6bdb80dad
ef85d3ac84b85a34213b8a5eac0d96a4474f13f1a4446c72b3d82ba952b4076b849dca6215e1a5c85bf19589ad2082cea03afc81b0a2e3fefb7d14cf
01dd22a0e8f8127f1fbeef5de2331eee7ee8de29693e63cfed5ac7148a04da46d2d92e741bce95604f0499facade45ec041284ae2370bb82c4dbda89
30c1cba79a986b863345204da101c14abf0f9d62767169b1c1cff02f53f8605f94a435640433ea2322103b96d864dbc9a602b7ce62bc811bf2811ea7
da48975e5344bad497badd4490b401a6c44dc151e3ad3fc80af57dc0a87897dd5869747b5d2c993d79bd3285078695075c7bbca4e8f4e12af0d83f18
313bb26eef4972f210a5c13963a173683dd0b632a82ab06c8f64c643fc843eda0f04edf684f1ae3dbde8593da32f7a5609e91b064494f18cec963d42
d6c14193276e7be1a7dd296403d3a54045345d606c7d14cc346c7d7e01038f41310faf30f217f58e29b19eb41d8682f8425f19752347bdffecdfb27c
bc75e0e3795a74e32229ccee04ecd6daa11fb0cd5c957deb6ff63bff2f1ad73777d1153bf7cd507485b0fd809747b8d9376bd035c5eb4a0214ae7542
727b6df74447dccd1df3df2613def1f252ccd9b1feed4ad0fae606ba7c454f3c2fba659e172e821e5f9915ef685af45eef499ac5c431a6f108f47dc5
0f8f71cf8e4ca719ed9903648c0b1c20131bd59dc81251ebf05a007b3aa125b5f4ee1909893b9a81e7b01fe8a93ba455b072ca6e4a579d107a8125e7
9874824b6a56dd8b47cf3a3c05aa3d81e6bcdffabeff73763668468a3346195244812a4563792bdcb5d06108d31596f60a95760771be2a6e0e1121d5
a2751cb17ca977f5229ce7de3cf30cd660f761743ad11ed5d8751cab9405741cabd4eaf57da1cfe20470ac2283cf57161e1602f982b2b7de84c7fe85
c771a141e250e83daa95f4fd71790dc12debd5f5fc560ad1bb3a34c84def6886b865bae9cc7cb4f7ae785e6cebc1c1fb0107efc6f518dfbe08ace52e
86fb14d4b187fb148c6f0ff729e86c1f2a5eec4c5f2afb0a5f2aeede3eb06912c85068b8743a48e9daddd56eb86703371ed7d10840cdc53302901ba5
af54b305e2075de03b26bf45ed5e0f3d47d4826f4d8eae4bd431fdd0ee495042d1e1de99533509fe9489168029132d7a180ec8931e0a0d71eef40ea1
05aa0a5f4fdde03e6a30fbe9b5f1a7b759573da1015c3fe5bc99f4896f8a0b7eca304ad9d454c00c7435152a09bb9a0a156d9d3caa6ae3fa25570323
d3d15a1c5ad975b41687eaca7ec52380d9e873ae9f74bf82d9b6da06ccebbe1bc447cfa3ae6ec2150b0d84bb04a351b522ef5a0b6b6ad197f12d5dd8
a54c0b90513a0cfd9efa0a3b309b70ef12a3fa43fd9fbc37809114b54be5715dca0a2efb1d927ca6bc652475ba94a813bc3f3ba1b2a3e895c970b7c1
3304e486fe39c2c30359a24aa86caee4fe1847c49f359b0238b88d261bdc1faf14d6f64154095fde374f91b3b4f381cc153bc561ca23aa6f920af46e
5a546d693a5c8551c9bf0fed112816b1c74ae43591fcbfc8f2dc16d3880c1b6003cda3a9bf1868f3e2ec2f12c561ffc8fea4ceb015e12f31905a10f5
f02b63f734fc1d53276ebcf1c3d409e806f28b3a99e83089084ccff821848f8e30b2624786494158bc7138006d114618fe641c410a2a1fcb0f863e10
fe0992216bbc86c641d402f07d2438741669a853805a8c60300029180ceb23f0639106c6bfd16742f8e714364bd1e5db47827bcef6cff3888332125c
4eb69f45fffe2ed0c2f050c7fe915842d646066697280b33e3928d55bdc9201bab44756424fb2e5d86d3623307dc88c60c036e443b8c1196bdb0ff03
d943236de0f7815f66f93b5cca40d15115498d8291919d17dddc79770d381115a1a31806132e7b6c5b8ea12de920feb59cdb805d51f5398abe7ecd3f
167f3047f81899a051e08e44828a5c157a30f42ed78f7310ff5ace72d410f5327415d8e687c7d7e61e5f5b402a4471e253771e578398d406261acda8
23f0048320d39a3b8d864110c46834783178ffd17c0659df6790657834b7a649a3fc1d1ecd397780e89611d73a017417451c5277e12b6d9040b588f8
1d7e87cb68048fd16c811c13b6620c28a298098b5154a18dcd55cc227a0dd843977bc081b96f432e28fe800be25a1dc3a18115d6213c47c790403adc
4b4ffc3e11a1422c07520232357f6547a6fe843185d71f13c6d443a7c4c0433ae145459e1973b6b17c158ba183b4c6298368d345f260da55df4b031b
08adcf86eed13ee686eed11ad00c22052a7119a74ffef840aa2bfee81dad65cb38f5a38f7f640ac58253c5530029fbe0b42ea4cd1ec14bd907ecd3b8
8211a4fd25c42cdc25c4487c061c43354eca4030d18d3a34e4180cb332945278235c8a5ba4f0179c2012e38173b41178c69293a7db45c865a15a0a42
c4aa15cca6b56436dddce5780cb1643c8163295376ba4bce53a8963265f8a8b1643d0505df68ed45c7adf18ff092bb35bc8d07360e3b40c79f540f5e
e4673ca6613869e1b9636e4c07a387a62c6ddc087dbd2c6ff9d5682e8bea148cfb9704cef07e49b031861d32a9e3916376720a3abc261ec4ccdde6f2
cbaee023bf2c94c4a0f6493a0ce1973c5c0fe6e533fe9145a1c5ab39b168a9958381b986eed3ea6a06a6b2879283a12f35fcda788d98c5136cbcb0d8
eef2ab64c63349403fe53d036ee4e8d1e2b1967dbdfeb3b161fe0828081f387f82c2fb6f1ab64f5dcefcc9214397e6cfe816d9364aa059c9a91fb487
67fe70df6692f350185efcd02e876d99875c311b36230edfb4da84f7f50f0d6e9082cd88b707873d518a246db327dc4b22466b9f49461085d8441362
2692efa3f8d1f9a87ed0dbe654aaae02d3207b0601999b25a95ad0cc843f0657d1dc2c49d5d865263dafb31f4a616068266a91ac4de144139235eb9b
684286a63c134dc8d01468665954ceeccc612404c424202b9ae54dcc4db38199260c4956dc33b35a4d8ae194edefca23aba3e0f0581d449ed56e11ce
c2224d128f692d360b42d128c3bec2124e4c3488f9fb95119dc5ef88e660d326a6a66a6a66417416f511cd451dac84a20eac1cc76f56583977b9c2ca
893e15f653eca9b072e25845f72c22565951e658f16011752a6cddb41fbc4754dd4eb42a1104616ac901b735b5e480d2cc0a332ade6bc921da55d4e7
f34f1a382bdcb5e8d99c1e1d93aec39b6962be5aa7a363fea1ae6762fe21d99d245e1bc3069ddfad8fe0cc3526f586caa8d950adbbc6c1023153fd9a
bc07679729a323726f18fa71927bc3608f33f824d6ac23168258cdcd1acd22ea774441d9015496c122cf6093184c658a428339645618612045833b9f
5a81688f3287624a371e73d24e94f8ef433641c8078220eeff19a61cb08ad350332aa2a6a1957d4bcd70a676868656d651738633350cec34b4b2de93
33bca95da1197c8ae344ec403b50cfebc90b8d0b5ccb340e4d1c50642eddb7ed3473acafd3296ba5cff034f68cfeba53de4a67dfa9ca26c53f9828a9
159c4661760914d4440b0535e2139e4afd88e65e2940198219c9cb19b49e453b55b414ab49f8a91589ef3d6497da46cbf13207142433067298b05659
b7bd096b958d893711c66483dfcdcd673539bb7989dcc0bb4531b9471d65b3140d254a158d44dd396d44a5e586fe2386fbf7a1ae019096c866a74b43
442be1d3e5d2ea7aa4bfe34456638ca21901025d1b0204fea25b5ef31280c56b5efa8604672a219fb7d78014fa96e2b21ab818e9303289041848862b
5175f37025aa621511ffaaa8b36d5692a61993807f4422ffca497e153036f794b4f19846fce31138496aa64dc8dcac53d2246222c1297f874e99b878
574fc123844222847466f8c0602b90d68429f4c41f48a5e3c4052850db5463dc2227e623e4aff9ca12b2491942c623f7c489c7a8b9e7666f32497dbe
729332343eb01882b93af1d33618edf9c34a28d998e7eeb00ecfdde400c64fe5b9736a3bc22a9f076f22eea6938418246efccabc098bf531c8e1b171
1ebccc2075e7c1fb10127d1e925cfbe465ca613c890aa875f179f0226cf60fc5857e9e642b536c77266160c2a6b6f0323e3500f1363e935e802e58f2
95e562a4f01a0190a4102c7a23288b2b9014fddb3e4b8b5d34b35ac0749d26635553746684ea20c799e369c320c4120ed3f433f3b6a9b6f029655737
bf03a2ac4d1212525354d7b9f8b0a1d7127151695182863277fd6ab4ba3d0b3454d035122107daf731fc60ed6076226cdb597ca18a789bdd295ebf67
e121e19a54196e5b54a5d03c9ccf2aa56656554a0d177062f171a8bc396b5067ab2d3f80b81a3cc9596e56a32a143b9bd11339406793dff60fc25bbb
be2870ccd4d84f23b3486b4f7901e6becd2d9a8fe3530767eecc9334f43a179cc6f0b553c52ad9b6c853a76d6f21620dbb04d28eb0cd85589ea447d5
58f344aa32a36c9848f8b3734b55926666273ecc5a6b9ea444adeed840bfe98918d2507f4718e9766babe1cc34c370892642b2bf6df44e588dae85c7
39d1ff739b9f701a831ccfdf070c1d57e03965e8185ee30d3775b31939bba753ca645b6463621429c08cf1749e1c6ccf0fe9bda4ec6748528442494a
f70fbc9ae05cce134984f87f7262b8534e6ef4082a70aa6c3174d0a9b4a4c587a667aeade2123da74fb52d86183ad5b618e4f954db92a25a9c26c7e1
f12f55427612716c4ec2cc0d3df6cfcb57aec879f9fae60fd4286406f8ca4324a192cec3b2b6e7d293827e17aa0f8b86b6912411af5793ded3ac0624
10fc3e90654b686f6f425a93bb207cc04ee41643cb8e13954ad1defdbcc57b89fcbe9eb336c72726a55a4b9f5ecf3ed64fed48a503da91ba9f8f7719
f3d6a6d465c347a394f803ea94e39f00d1e65c246ef503f70c73743e8afb86cd11f7b99e2f4f666761aa81e1fc904c1860ec340f9633527de249d612
23d61389c58cb27a88e687677ff774fd78d8f1fb85fe840c3a5f59ae6450762f26658e32a05ed86b9032e72b8b45d50f0c367c855f285948baf29579
8272742f0d39904b5efb0a4f6af12f0d3958804b5b0d30e23ab45ce19eb970ed90025fc65a99368083a90e000703adbcf0b555c4731d88e69dfe61c8
02f0e442273360072f82b0b887178eb7a2fe85e3ad8cf9a59d07a87825ac2dd8858b206f55a1fb957c355af612abd612d43f09de858faecf872b618c
016dbf340ea90eef9c9c065415acbeb254d5320f6107c70dd7c7caa5310997fca5310987f9d29804ea7f65d61bb272e588156e638043a870916c545f
b34b3d8c8ed6179c409deeaf16212e881621824dc45f03825f05836d7702958cd1ab2ea2ff92e5f12bcb3f0252817fccd6877f7489484f6a24dc4bcb
127748cb126e87abc2dc72675f5b14920d707611634ea9dc454252c3005fd54b5e5caa024da75540e9a8c90f0210617a8b88de944f2145bc88d3ab92
e76aa80edcb406830addbf1aaa03379938bdea572e4d4844f426d146ce78692be2ce36b955a689a948d86a5c04e72d50d7ab0b1e53e8de7034e842c7
34bbd001e9664d0a197abe32d0793e3bd04579f03bb3e941a469ac2988ea9f4beb0fb8b54beb0f6d7d2fac3f8c887b85fcc1fd1f327e6e22d61fdaae
5c2680d290fdd2fc4307876b48683d8c03420b9b7d85fcc2fd9adaab88bbc82f421b72192b97f7ce359dba2de4ecc55d7241e9757129afd0f4f69a12
6d29a1220aedbcaf19105bcd9b813fb00a9189ba4812a55fd1750a95286238dc38b4ea7b34efb9d4d168777c9df2ec36f1fd24721bdb56c9ec65385b
3103a6a31bcee32265937cde65005bc5b4d7a56b9f08b4398ba2a5ef75f9ac10e52ef51fa2c1f244fce96676a1a69141bc9600b0aeda8caa9bbd8c4d
2b81588a813c174b3190a78d249e32115728633c6d4bb22f2d3481805ab1cb80b44a30ae5bd6cab53408ad01de2f83d00ecbaa325ccb9bd788d86a3a
2539f72bd42a2e46a855dce45b237fb1c760b5d6c2dc3488bdb16a95b85ca1887162189fc605137a1827f9f0b012a59f600501c5c8b51a905e0f33f1
448552c6dbfd5129e4f97a8c3104af7c858a45721b2a16af18b326c90c5eaa5504f2f599257ba08e450b96eb955b12e4d73797770ecc4cf8545ea17e
91ea12c936ce67685f40ebf5d37205c2be7e5a2e153f84990b7dfd02e6c187ba98ec3fbe13418cf57302f6ac5e888b7ffd7c27569b04cc850fccab9a
65ccab40e4f593952ef62bc85c4beb1064cee83ad8f1e11f715500e461341c0ed9328b92d8bb50e5746dbd97aa1cb9b0a52a478abf0e8488bc69d6e1
fb954b65993b49f66225523d81d62ba94962f9d76681aafced52c313eb12099638a22be1560fdd5e499f7488c74a0131e0a3fbd1fc63a1fbd15666e9
2aab6fed4a013c23666174294da36460a015f90a9c7dc6ba0be45b99e05fc516d38efdb8fcb0560cc954321ef16ed16665aaba8f052bd3621d372b13
91d717328d60e85751efe5769560dc5915e418df876dd4821df67cfaf1a759cb2aeac56c7553069ccdbc54e55a0bd392a663c2c29c24eba2bd108564
6365acaaf72f4779559de20f3bd00ffeb0dae907509b86c930100b59484e318ef612cddef61bd118af0bb988f16117e99524518bf44a52ee85278cc4
72995d4957de85274cd69777b5d0c231615d616451169142b216520bbf183d3f570ba81ce5e10fcb680eabfb875f4c3356dd22f09cafa5657010a7ae
178cba888558c6700eaba372e3325fc1e320a85c98ce56b981d57d84d9da20a3ce0ae14a3cfad6e015e6f62a5c814759c3bd72528367184cc21a3c89
855c898a000ea4d50e3d9005c3b92c3306c8b5ad89c2cf355080227cca4c3cd7ca4c9cddc4de0c72bb2696e4f0596bf22810f9a63c68b292acb69560
b5c58913a3204fee891cd9814f5e20dc148bfce806175d78c404c3b5880457340a5aa7bc36e0c1f114edb1d61913f51f6c76b867d6851accb34a5e74
0d4cd685fd8edb70c1e6dad1854d37f7ed42763274a95b84e83790fec26af5a767cfd208456bfa8520e5a731f5ba0c0e8d0463e91f6338d4b5426645
b5152c16b06095123ce50aab14a159be22dd4bad52bc7082f77163c32cc5b55b9e8768ef5b7117efe02a18fe8eac307e041f6435b90771f2260c8a0b
792b87e0f25fb7771f00dfdc7dcee4f6b6b65ba448ee48b03a7f13bf07ff42b7e50994a0b7c7fb86119fe030fc38a5ebc0f5049167251ea3fe060421
8aa5675424d977ca82c5c9c63e5daf47d5e9bfead3786c2dcd48e47dd71b81de010dd14d3613c47a7d12d80411999ac5659648370c76a707c6bd4418
e16db2c2f6750379c3e098b4e6264caee8766b12cb683726b1be06ee2dde49660cba61744846fd951bbf67ca9df24179d0b6529efcfea37c426fecf3
a26c5be8cdb4edd6836bcd762bf419d647e80395bf37b793f4c4b8f5de810fb815fa8094b7421f76f53e903a1f962b65eb20758651b90f94665c47f7
018d844fb9910b698d771fc09f8401f839cc37e13fb40fbc75fa19f623fcfe0efcdc5877127efa4f08adb83a6f4281e8e971c31f351f9637999d44d7
9b206c9e9c3b21b1809dbc89ade6a1b811e44c376c0b729252931bdbdbe9666f414e9a4e18dbdb29109b33faead0a7c21be8c29da5dffe2ecdb69f49
7d1608eb160fe9ad4ca75b7f51c77e1038f136b98bf05846b0c461bf8bf03097223c960b65fad7fa96f37c17e5669631b6e000dc1adc42e3ee123a30
2bedbb65b8d25b8c33b43bba15e3c0b1dd9b131af2583736b6c305da4cd1d034e9de3cd1f73b4057ef1cfadcecd1d0b0e946a2a31dc40d3fd44c3370
eb38d42d2f2a5956ec2cfee145b4e9fc1ff4edae4c43a46a48a060e06fdc8d8c56793741b78cd00966fac64065b80fb818498c6fec7b951cdfd8f70e
7107c315954f3736bd1a64dd4d602dbbacf4df59565e077707efe27760734b3aa273d89a5bef2228dadd316f158f34f575c5b467f17069cfe28275af
6bca5afa8a0b5ab0d88f86be90e25b435f89cc406626be0ca452e2e34012e5991b5e9c5216924d8e386943882c0351b757b43f9ede81bad7b206c08e
36612624451a03db566360c91ba62e33e8ad92238d8deea9ac5898888966f2b5dbec491a87dfc44493adbba7cc04d7cc8db0c8483eb7062c5a3add9b
bd2a9a99dfa7ecacc870ead5cdcd769f010a239a3b4967e4fb34a8a1e7cce4492a5f6fcd83756fbc4fc5fe124732296903742379d2f4ee3ec3e7db8e
037c9a5f806f6ba450ba50dc97d0d3d3e5edebfd81444a9f9d7b7368c598ccf715b003210229637bdd0aa434fabe517b69e97f5f480f5df760d6921f
c808a54898b6fc74a8bc97ebeb395d0a32a51f4b019cd78b5c9c72aa7bc50203cb66e98a01c8ee154bca9e2ce1b27ccb0658cb9593e884e2cccd4268
35f437bbc9a8a4bae5968b53787ac3c50d1d90ef5bd6c9cbfa5682e741daa2ada282e746b2e52be3c646d867c97d0773c9b46e9f38d11a21a347ec16
51ff744abb6f0590e2faa3c893857d34c3923ae064ad2ee87e7c6dbbf78f8c97f8fd180b5142f03831290de6c76aabeec789b1954f880c6d8e94d0eb
57b59c869a376a39f561f7aba998f8f2068cf4b559c5e233eb8653fc698b72bf082fbd6a835114bbdf8097f9be01afff00a3cbfa0aa304e4c528c3eb
59255fdcd5c8c5860e85b75a3e217e7e6a8c4184e71764e6e003a36cd6ee219c8b3cc0f3432b0c8c4f8468e3083e3f0599c37f1464467305991cce47
b996a16e9fcde915198747b116e7ee397c7230ade7509009163c874f8ee987924c28db73a8d58e0ee23102648712cb696fca5e6d2fc820fbb339bb22
a97f366757bcc49ea4ba1dc47992804d3f32b59816e6cd478e26d50fffe18da619f1939410b22d4f5242d8ecece2d1035c29e498d6e265047a3f8997
912b61a417353d4fc6a2dc9d239db89cd9639c17653f4fc6b6dd89980c6a5849792627e0413e264ff5649f4bbcb99fcc93ce15cd42deed4ad966770c
6d60aa20f2c01b42e8346ce134985e711a9c80a7380dc62b0a6391343c48d4e4901fad847c033dc57900ba9164600d9e8824239617a2778a992576c0
5a420b517b22788cb3addacbc73f048f117f22788c8b55156cba831130c675a84a369dd696995583263d15c1a62857652fda9f76cb4f4496698e8a98
d6e3146646229461667c243c8499d1d4f931a994dcfdd39c812b80355218383f4d7182ab4918dea4f7c3a36d52b11c627e96a6290f659a182dc515f3
20444b86497b10a225e3983d9833255d509f4ed44b58d907295a329ac7432c9964d8b427d295c39d3e78ad2703a43d91af1cfef4e95853159bf8bae7
ee7d10bda5916c8298d4b3d211938aa1dd877ef28f0d7e352ee183a9f4f78f1f871f743c88dfe3822187cb46c07a86d17850183cb091d92854cf6623
6b9ca9a1f70282af2792998bd79b91acda0d3e33840ecc11bd63e47d782632539169223315496125b3a1109fcd4a569537cfd49cd743851232eb6ff9
4c05a8d96a40af87e93315a0664741802a7131ff94018d1f58c6ae8ae239155338be292a15ba3cfa51056933f87f108bdb0f407b51b174e9d69be58f
3a65dbb3302f7ea13fae8f3713399fe1dfec43def2cd5b732fcb6bdc29e334be056ac8297a8bea1d48c75b24d887ff10f869fa87bee84cfe2d815f7e
a82f80057c15c30f478c0d7644c58ef18fd94258bc1709bd4669efa63ccd93fe92c2a56b7bfe4279bac6ebaf61abc0b5176303758e6f5536631d3c27
a6656530f68a0c635a1f19c674002c9485a26178e3bc1b321830ebd51f826bea6d3cd720e36fe3710426be5a1770b7bc5a1770c05e826e6be4fbeaf7
201d7c79276eb3e03fc8e01b327714162f36068a5fde2eb7e46e764c5839946fd79dad5a4b3e8649411f8e1c1f5eb81caab7ab86739b0dc7ed2bee45
1c9f0c0bf3eec764d550f61dd2273773a82e81d8bcfb69595589be3c2db3d612af560ad115e15c4492112ecd946f36d35e1f701d708950d126cfa377
2ae1a3a389840ce6e6c5d2b11b07e19d88c804833055decaef4444366d1c786faf27c786e126a21ed176227ab20ed279e9e5cbf3b128f17c4f0ca987
65dedc22cfc99b5b243c31aa16f14ec29ec05abc27b281e1ef8aa745125d495bf4f43839bb8205173e53f06ae9f66a2969c0c997e7e28c725ce28c72
c5fbc7f6ea2dbb1f8430abf6e5ade3ae5e280e3d9617974eb581ba3a37e692ea17ff91eafb87af767689142e3ea7dffda84ca6f27d09fcd9a4540b19
22c4f8259d8b399d5ed2b998c6e925d667e1bdff2e4464c3fa88135dc18598ce2d5a88e9dca2e59e821c84fa0caa782ba6a34f427ac6c46e150562cd
1def763f5e4e38233f3e715160bff1fab2c9a333bd4bf6a8b510677d7eb9f9f1fc924c3d3e2ca5474fa0853d075ad846beddbe5e379f5a618d20d2bf
3093ae49182348d0788025bd04df57a68de1b53f5071f5bea8a31dfd459d21b6992e77ec6b67fcb60cbef2dafccabc0437e67c6529faa601df07e4ec
3b40ff9fee7d1539bed9466af933650c30b33d7730c93a4378050529f2be71bf324bb7e7f1956fd08ddf11b91350fa2b1f942765241889c1f6d3ab23
d2f9caa05bf6f7061a5a46cc9e19f7c0b83b339662f66c5bc8c9b42c4a3ad62dd08d8f874a762a4ed2510a91069512566913a893e2954c57e6d64dd9
7f08b53980694bda0b92e7af3c45105bc475c06a249f0583b5c4a97410e8e7fb7885918f6cd497c24cb2ce6d8e9fdd58ff28dbdbb3316456350c2884
defa094a76effc7db29c96d19638d9fd80fa7eb74f6e6aa757b89127751094cf04dc0aca1dcb88152e5481b28b8dcac045134d192bf0574962b112c1
aa068dab949ae9ef978c1eb15fd98064d54a4aca8aff48eca2ab8726944919529238d422ec3c9034237f1746212ae60f0791ef432fe8c230260d2123
f0f7c196e5e89af7a54b62123997a17bf069dd83d0fb41dccfc9dccd0e37193c5e17e27fd72a43fce4e1303c859d989a05fc845ff8b9a27a58628ebf
33176dfed4ed239b2dd6aa3b5bd15e76d163b8d280817923f6133b40179d3270e47703ec81c3b0f3dc968a464bdf999e2833d6341010d331a59bb4c7
946e4e7f6a7c020c9308f2c23ce33aa3ec13cab68b3a4c7246fc41cab2f03640d2dcdc44cc12778c83bf08dd49144217df6c6f8551d4eb07429ad5ad
5a46e3521d51360a5048e416b84172dae6b62359c67f73fc0cf72d32856ba4bfc35b57da6e7ea005f65d118795f5861f18490cb8f4b8616478802651
b8425dcb7cb8f6b51e193feef1c3934af6b5432443165c93c77349160090f46b47fc3e29331c596c914a7fe50549013e9c1e0f4f1717fc4f2a8bd3e3
e195b1e5c3fdf036c0c9e2b0ce8ddacbfe6f816306b7240ba06f60f34ac20fe370dc5bd898e4160d27e2b87ee58bb2fd2cea589f5b2860004ee7888b
e461fd871bc97520d7da2169c543f2e7226e7623fd3c2fe4bc3dbc79f0ba18c9fd8073e84354208f5af1d83e1054b7fc457d2baabdb05ed2fe57d68b
b69b8548454c78b99c4584cd41f4e695f2fa86f558911ab788ccaf14de4e4fca76b4df6bcde525356e11c75f01b53e9a4db6e3201d2ef988771076ca
3fcae899b9898e9fb4b4fac1ad0d5d3e641d5896e317a7cb9e84b4539e62a32d7855177bd2928705387ede9036098b44a03d8eb84768b37986811c74
479fe412ca94113b4f48cba1cfc6b4f5a401733ae4c08a2d2efeb0c14dd9111eca95f24b99fa244be3e1b9a330edb20b95d03d834b4742f7ecc2eab3
c1713e489c8b67f45746179eec0780a6836de16ddac1dcfea06f075a7cb43b5f59c85974b5f89c82432d3e27fa80ab9888217778020908733254c574
754c86868468fbb371a300251a7bc23d7f6534b9f06607e96e718fdb7e196e3283c34d0cc8c34196332478dbc98506740467416ed3ed11224c367034
1bc075721f1d8518514ea20805d015a10022d5f4d0ab8394b698186e771cea30986a7acef551d12777c6d5f3a2f9bbf7293054dd8aab7f6c69451521
368732ab08b479925945cb8642d98dc723a37aba367b32abdba61386186a4ccfe9ef7b8586fb414ccf2a52e28451dd6663774ec7d20d8babe8685a1c
796a9499704f1c9b9599557445cd8e73ca3610a1cc0cbad0511f353b16733b71084b649d461dfaef42679f3074a254f750571b639378b8c084f00cf4
1a6e0e731ee814b9340e63761e52148270f7ecc1370dd9e1d9350d19de46df074a582e8e6384eb1ad31bf2962cd4d064ceb519c15bfa4ff096b61746
fa0dd907e4f3308444777d66308d744646b2ea22ea84d1c503a3748bd4c6dcea6ebe7af52e16e98401bb76180ba24b63d4a577f7fcf42d220546977e
64b10aa6e6c81ebcd397891d23a78a4a484f03870d06915db033585ea68240e4c8b647087264972f84201e636373128aedfb407f157fa8bf722bf516
cdae65703daee51520dbc607d4f197fae2abb9951e41c90d162e93785cf1d2620e44f40ce2b8e5223548365ea541cab75ca406d15c3eb93ceb9ba1aa
71272cf97ce6b27ce00f5b2be71d74bb5017799097ea221e3947449b90826e5eabc69db2547b0d3f0274c0dddc562d4e90746445486e3532f000c7ad
4a03dee8b8439e44f35b79927fc43303b8880cda1cf00e250630de2158f69fbdf939aee95bfb6afac52872489f1edfa42c8a71b99214d3f0a0d54a18
36c1ef1c84e892133db694a6c6dd1d71c9c57ba534de178f3c0b2b2d7325d612957cc88f3c917300b8dfc0465aa816f7f27865ecfc1d8eb88bd92f74
c189a2ee9e1222d4dd3f6f064d215dcc576e77d7493ff8ba6a5976295346ccc5c2240254f8ac4b04a8c0c269732d8c9b287b522b65b163503ed977eb
a8108055480a5db29d62a606894dda3902683a6051388be9e025dee9687350857c1adb21507207a466362164eef6ff803be28ca6437bdb6a1b88a70b
408c0a22887fe59b7bc532aff2641d081c4c42dab29626154b841f3de2f7c4ee503fc1f0ba18b879b42948b8b4e27bb8ad51048f5927b1c44aac0621
2dbe8f97aee836cba5d100d753b98184eba9443e6d614a9aa05e429832d9ff44e4d00922252c197d45272d19dd06f8a21463214bf6164f1936841b25
9116b60a04a960b7b6e70f5297826902c2ad569aa80b36770c36014981257074225328a94bc5ab26fef0aae1ea4fe8a67f1e82846efad71da37af138
c5eac5231a8510a7d946d235fd47123ced5a3a36ede0915ef9a16e19c63c21ae49182e6fc221cbc8d2a84fae1e209398e06df17d54abf981cffab089
ae229e2718a1acec2899ac044fd3ef83f5c83651bacad26ce6a7caf32713b6c2e1a62e7658ae6ca465f94018cd847c677a22889471b842dd87a2eb6d
ccf31eff60bfa67c246d26a9a1f1ffca3765e0331c29943345ce12c6deec523b1c7a287fa10e7c90513abe8f2dd489133f24f3743a0c326d470f8d99
34821fb9f114821fea4f72a2c0b3a5a9448381373f64ba80af8c18d745258b9a3c4f9a4a55e87ff33f4d66266dc14f93614a665af3506fbea80546c2
1629e84aa75483dfb70ca87537647348ad4bc9f44c752e5b59d408c5f895b98a9ccb29ddf71c6f56a9c5593801da63b939a5d63d61a74f4497f7146a
660fa3d4dc02b44884cbf8cacec0019c0190c23e3557511991db8dd6a889a717507b044346c46c36b7d4ba880db3d4dc55bc43fec7d89965cb0adb00
704be0d9cb61dcff1202556a5ebe72f3d307dcd8962759b39ab0413735f7d6ce4c7be2776cce85ed258c5a9cea5d98811377d9e64ae23132a688fe70
da69e860aaa1e5d24b0b3582483ecf50e5432400313392931d9a78c7a9afebeb46fa17b23b11cc205048688be2e678ed0bd3e2354a9615ac229e6784
49518e90464c7be25de09e3cf5a37129942679ba952089664e245dd967a446f00d89205b4ae493122437ebc5f5e5cd89976c51949908b8b588d52e4e
86ebab38c90b85e05bd23889e05bca77d385d8cbd1135f6bf5867b955586c97b9e117515db4724e73a6243d88ac7ea126a2adc42ed33d3ebe8913ead
def037323037ca0dd0e239a44f38503ecf4cafd4cead84c575c7cf64c4bd793bbfcccbed107c6608ee2c5d6c254213a6841aa63c2f282fc57968bf3a
a147474632252b9717073178768f649e9df9c6337b84a39e1152919cf57966e68bdf2070641f653c5048d7f63ce38192ed779757f185a9af7e843898
25cfeaabd8a8597d95400711c5dd975764741ca11cb2a7f80a211db3975f82aa378710daab610d74352c684e48e958c44ce0f6e6d85e8153271ad3f3
0c15c521cd09f092753bed30771254ddba40e75c10b8bd3977490ce233c039772f9dd5490afe3c4366b1e41927110ce29f67a48660964c807692933f
cf88379bdf2340048b65482e8cef9f67e0748d31ca21acc3f38cda0f0c9833db8ba399711e198e2b03a77bc210ee5e303903281746c69304abffe719
da1df233172794eff124c10eff796672579f995c37637142ffd4b8e6c20e0361e4c228404819ed19713a9e67b642b1dcd9165866db1d59d809c97610
3273af6462ab1214e379764096b30a1caf4c6c553509b9ba0ab45fdd217ea31ac2e56962366bab451bce198ab38a75ebf312c89e7f88332a8391a59f
dc7ad04fc97dfed24f43ee2277a86b07fd924f0f6de13314b54091ca4dcd5eeec864ddaa1d99ac5b72c0f0781406303861c4f828d8e43e2f90f5763c
10c4ba670664bdb38d97ebf4ac0d749b518e90d87d3e10bb7ae407c079d630aa99d131c079988933a6bc2b637d5794b9643c61a77b69223d7679f08a
4d1e42ec6b5411e7295f0210d301f8bd33679b88b9dd221309aa48643a006608cf59330c3d2f4eaf951d0123db101c3bbd1b807a223719281add5c62
80d80094fb2b6f2cb1cbbab1c4d57266dabdb901a8587763b9a37da4dfd1cee1f2d9816b6fc7ae3d9577a6d725831832d1d7f382b19e9b454a476a3e
933a6e78ec5e4a670cf1fa817458bc7e201d8e67c4d810d7f980a747c4990fa4c3682bf381aca3f90d226daeb87ce0d02512c57c26ced04b30650c6a
9f671098c8f280ad76cd70cc68812d49a13bc47e877c25e5a4cd252ec8f3acddd4f405812d12a97cc2bf20b6ca27908a6a35c441389c4f21f57b78ca
3f23453d1f027a7402e8d139827931d229e47e836f36c2b46cae5dcbc9b53bc466249e19b67331f5ae2731d246b59c018945c9b53b2072f2c520aadf
a3baf0a2bd3c0a7e0fcce23512d548c3e6cbfbc23554cce4fa5c00ed554e5ede6c43b7fb85cec8cb9b6d88343523be6715e034f30dd00274b30ade4d
375e745e9c377b4424750bb4df3bd13e03b4c7f726de947b53759e937bbbc7dfe7b230b960e8b2a8e9f0d91de2b38265366159000e16b52c842c44cb
50163770e3990d3c7c463d13dfbb8107cf00d7ad8b7a86019405e02c5f3d8000baba0b7c6617407c95d509a54db480d5d92ac8ad9adac9b286f6c82a
ce975d1c12728c0d9b9faaf2b4e08e614a88e7855ee22bc41dddf94ba634014796c4d128fe8116c8394bc66cf51be461c28ec54f13a1958402066c53
320221b07c7949a78cbfe4f38c7008e4595ed269e25df33c230be23a2a1969228c5ec928639a7551c6d85766574dbff73cdbcec637c2c0009aed1cb4
e9f727f0304748b4aad44bc90c000c5e9468713515255a9cbb5200da095680d5fd1e0156f17bf45bdc22a500b4dbb3c8af2d56987ce43364b32655a5
00b62b55d0beb97f0af3ce9d520a9a380e58a940eaa6af68e2d29fb2b742febf0a362888c2aad76aa98e89b11a9a4db942211b20c9219f678ecdb0cb
084d0f5c64062429c2f3cc524031141c7cf10e7e9eddb0d3961c940361504598dc4b34d41c2095f1e7c5b7f779c6405033bb42fe40fc989f67c5790e
82e86f8a974b281ee94dc523545b791d3826ee60cfb3ebc26e4209892ff2f3ec0e02eac60e5afd1ea8bb4000b5078e9870d523d3258c103914c47055
356a212a1c916c9f67a6de83d895a85beecc33feae6cd48680baf83d130f6d5aba67c06f9c5fcb81d453df8ddbeedec5faca744ccf4ba2076aa09b9c
6bbc0806d5873bd951e3e1abaea60cfbb082c7896f26aa50d7d9e07058dd3e2f111c8e5144da4027d6e0f6abeb3e958fbad65394159fa925e5522911
2c4e64fd528b45babc18db5ee1623170dcea91c149580abc8493b01b01276109d5124ec2a200c3dc63e5fdbc3818b19eaacd559cb979ac9aff38184f
757806bb1246bbc561eb7951b32bfe0fcf6011988983943914adbda571cba69cc19d16bec16286f00df62ada036afed985da59c7dc5b62b5180a37ee
8c5d6df4f00505b4473bbc80451f11b4c50b2182b6b8af76a7169035e9d240b3988430394c1c84656fcae136a13cfc839dbff00f7690879a1eda3d38
def151a37cfc89fd0e17400441ec3bb99982e7b0747e212991ac5631facbea7e3f6297583b269c793129913a81723ae1de6f2f211b4679e5742c5217
2f555b645d8a698756f1ea19ae3c8c52f7621c129f17b55642af1f31ee89cfcbe5f9e1b34b9dafab1f923cd755d75f35d8059d6655cf5e2e55fbdec3
2a2cbb97a966e5dd138c8baf76cc0543f22a9d75a98871f7e9e2dbdda4b72622f478ab87712ba9cbec6e925b0b560fa36ebddd93a55b6f779eeec03e
7623c81e0c9d7cbb67fe1664ef70d59edd154034b77471c6ad2ac92bfda52c8b26c575094dd2e445a08b2f8662a7e5ba8824a169aa26e72dea341a6b
3c7bdd583e8472e545f841ef7511fe64ffc2cf3eab6a4689a5febc087ff21fe14fb616aa30205bb500670b559c867178799e63305459710a9fd62840
4c27ea5009e4f7bcb8185c2a75c56b68fa95630115d4d5b134bfd232c467a1e790d755e89db055e8aba0083d57464d4e3f5bb6beb46cc199e379ce3c
d3a3b6ecaa38ea2b1b2cda7dd714bbc717774ff22b212ebec4ecdb58ec1eebc4ee61c252ec1126c954010a856a0e28998cacba916ba262d9de945cd4
ec917364d9fdcb2d55b3fd40705493024ceb6ba7c259acfafe66412bdaa97018aae1f408b6f1bc60a7e2bed0f937bbe574dbcb7fe3c65ab4bbe17456
7d83b31ba5a0cd77aa0a76370ee7a55ecb74cb1515805d68a0f464882bfe7d2b11c19f97181b73531d0e47b3568d22b9736ad50bd1836202020ddf6b
753c1e47b31164771762be5542ad9a8e8028c8cf8bb6425651502d682a79b39bbb0aa71b072bfc190dab430203d6e67ab86d5bac07836e5a6ac4670e
a0f84f2c08836e0ea0fae200dc37cd390739d5c6dcba719b60ba23c38a1fec5a1b0ef9628d1653cb1f3da6967fbad49558abc704fa42ffc3e5ec4ea0
3810b3fe5536a5a2f75d87db4baf4089e38ade77d502a4621cb7caf0552cfe352ba84307765102cec1ab4474258ef13adc5b434f7c4fc14b8256ad3d
2a02cf75882a8730af36d6f9cab604597c38041942ba0e6caba29350ec03fe88c9b4e1d386193f9ec6eb08f8f570e4aeabc43b5ef571a81335bbb040
c44eedb7eb147c6b685205db5e6780cf20a1618786187506fcd6117ef1db8c29b7ce4ecb3676f06c7980ef1f822f4a84885db58aaa5bac05509a2d5b
c6a86eae85e7042276d556b39ab849cb8cfa8a41c3deb96a9ea72d65dd30808aea13431fba275593460375c34ecd51911d5bf55edd8d252054e17a38
7c29be30c6703d8483a8bb91055c497d0fb580ab689293267015e7c362f7bbf647d63032eafc531c58a15a935677d58c4dba5dd5236cd758b243664f
541d59b521cfea110362d866d5d657ab1e0ec8ad7138a06103864a805bae87a1129ce7c3b9b5caee1f56d1c24e60b45271cb86b91d209fce3a2d9d1a
ac8825a04e93428a7aeab9cb4441900e85dd356cf2bc824e7d7fbc2534ca93e5aca7aedfa2bcd3c081a259221a2ab4a990ad49b1533d8d8620cabca4
609cd84b309dd8cbd008624953782b3eaa971ec622c04bd0bccd2efd4f01e6256eab12947a6982e6d514e10dc5df484d9342978a22baeaca50af0093
cf6e8336f8cf1d60321b66f80ebaef9652ecfe03981a9c57623bcbc5d43b66136870ad6c1e01d2676a0653f1ac6c6e2b48db5aa28276304edf6d9c06
672c9c2e194b5b8cd3c0c2b4c5380d2c5983d02d39fe29fe337831242ffdb4051b25b66523b033eec6cfb336990cb82d425c7806e269ef872d595b45
c0f02b2e59c5cb0dfab5ca82b7977ead04387a9e41b1f8ee3f2f46e0e26437e8d492a34ac793b8f24c040715e40d3a352fd55e36beb22d2d8ab2550e
bfb2adcb1766023af5690c6092be8d6cab86ccf579a181149e5234908c20cc866da6f8d406b7e18299c9fcfbbc44680cfa816ecd1abeb7a4a0cd494b
3102a04e46d028be184e3809cec9d87c8e1130cfd0b04ddba966ca4fbd021aae13597ebc41c3e6f4b7bb4623f2445697d78816ade6a599f453b7bd46
349cf0b06d50bee1f8d0b2a66d50fb0dd2375c191a2170d49834c8e070bd6c50be45895423604556eddb4c88a54d748324cdda213448d2ac46b8158d
d200a6682d447534ce319d64f0d4c3ada9657605d532c35a3532784e77535501ec335ac0a8fb8a12357b6e155162b2fce2d9f29b67ea36a51f9cf6d6
e4d75cc7a0299dc3a0299ddd1f4d09500d92281a0b92c22ad3bdc7ea18ff59eeaf352d60ad8e76526abbbd72cd2657da3ad653908aed979293e720dc
99b5aed98d1530bb71613a96296eb48e358a1bbde3fee6cc768c973c5b1dc314f74157b8e10926aab386618d94596ab61a29b3b48a68a8b8896df83c
6380e0ee1a98d572a734e2466801dd06060888aedac4140536a611364243e436639474805a5bceab612b18fb670a9cdf009c876e0a1c239b584d349f
b15171b626362aced014506674022857479b00ead9dfc49122e50d48dd269b1b97863601b59c8d0b1dd5360105b80de044831bc08976364c3ac4ce9b
330a109a076a30de369cb2845a95b5a3dc0971e9b49b0a43dd56db51b4470514ed0e7ff7283175bb260d7e8f4580d3b8a36877ed778e587480a23dea
a243770407ca7ed7f8c096c236d182a728179e3fd9e376e0fce6dc1f5805c4b3c032ea43ab00803d0496e539b0bf10f0034b8028c7e6c26578e9b22c
55d7d07e6bb6df5e39e120b0dcf35cf8c672a4f22e090a6f9d611a0a6f7ddeda4b9265cdeddb4b910d7df1da294ef2f9a01cf8d16fcf80e1e21b2615
fdb6ee1a0d3df68c6761039e4bd898605c24b4a469e8ae75da692f1d36f4a66997f0f8fdce337da1bb36fc407ba9b02cddda2ea3364a07dc087f3d80
b71341e51b615bf7192d89fbf746b703ffda6eb42462871b3d8f17c92d427eeb761275ca30f50509e6f0592599cfc0009eee0bfa2528ac8e6a59f6b0
93a7538eae2f686a86e51bdf679e55b75a8eda8fcba52f685786cf6857c05c7d35540608be47f009a6b4afa8c2c0d07d35cb4bf72b44f860dcaea84e
aea963b6b7c81977fd206400fa8a081fc2ba2baa9349e94ae7bc627b8acb8a9613ea0498899ef47483eaebcaeae40c3bb23a0d9cba123979a99e10c7
73697605723a8df464408ec5b64e5f6c2b00a331057232a65d819c9c71cf4e12fbbae780cccf502814ffa85661fa48f1a93957476ab72864e859c838
6b9d149f9a2bf52c94ab552e7bf41ff41c10e6bda81b8042ea25829e00648995f41f1d9138651dc1dce2bdddc9cca9d96157313cacaea092eddec32f
c2790dbf083f0bbf886787fd81ef7a384db82f2b9257440bbd2a79e5f2efd5d56435aa92d7e6579d1ac05c15bc762198fc616de5ae9cd75e958776ab
283776958c8fa14b5aaf3150e6b93a500fc62b9a2bfa77f716e30496a0a2dc264de9b63bb321a8f7f444ac0c77f94b38159d9f7a5354ec266f823cac
ae0e063ea737411e7e1620dbb2208b2a5a804c3704fd7b8830fe81a81a4bfca37ac4f3db95ced3720ff8197257d1c0f477e1efb625fcd6d6071112a2
f780df2a4eb9f077d931aeceae904e3f8c8e0bab5efd7d2868b65c1ad4e55346a76152474637a466fa50aee95014d2e997d115d26983d4870978a235
25c8f119524eb1aba23879873e15b942f7f429790c39d16780c63015b9e917d2a7d070e976456e7a8374a56c5acaf5a9ccd5114cc5842e937236ed7f
3aba620dc5fb2b662b3ac975c2462bd7eb8ad254dbf52de876ff815d51d3d50dd911806d4afc6c7843e2e79cebd12a67df37457ed18d22bfec678afc
444dfabac675b32ba512cfeaebaa655927dbb9a6ad5d5f577d83babeaeca0cba9951354ceefabaea0cd8cd8caa9557d7f15586baebdbea607607c32c
ed31187b713001988389cf6230bce8ddca55de0f23e4b92e8763814dee87e2cbe23f311860396230ccf9a12c93fe0fc497f94fbbe77ec4d004c785f2
3e3b185b34edd844fb87a927dc9b273263afe913975c8905ec1c53dc33a78202113d12b8a6d545570217f7bf12b8b8c095c0c5dc98e055d176d72f36
6e4dc5714a903b4eb229a6c0746a23eadc7e466be4182962ed2b702b137d85d410a015c7c5157cc5081833cae614d7a682bab88faf10dc32d02b86e3
cb661d5b730462f79746ac251a7300121757b08abe20f5b4fa2b8eabc5b1dc31cf0ce6164a773dc1cd9a264d1d099c1668fd569ce9c42082d3d4a5df
0a0d21e73be9d4b46beb0add94ec0d856e9a760d856eaeff581413365f9466721a0712b8a630622c8863e32bc59c701c635166d86c59092c4cce5804
b9d998824e58a4a1104e11ec20b99a666a03195c511b3510b52531c058955972e807c148925b7eac113c72e1451960b10163fb39032152b39f55c76c
815e89e2ca661a2151136672a8799d8d97b4acda2d0e52a8111efa0db667052646719a163d43719a22c46122594d30074467161b8d10a7355f36ff01
e214e033ca9f6ccd06b06891361e2924564c13c23573afbe0142fc8721137c5ac3cda1a0cd5b6b2868f3a21d90a0b9c43f8db098fe1131696d6bf8c2
a00939eda5335e72b4ca8a0ec56ab215039f91ace67c2863d32060e4db7f9826895370e6c083443ba1a1a6f9454c7fa0c65164f600b3289c746694c5
957881522af6496c234f068e206b7cc35e94d71d0435d18a77545c0a1cfc4b7d0ea232be16d43c0330668aaa794685f5cb7e2ff1e3d05f7ab3e8ff32
5e0ab368bc31aa38c44d88ba3774dce3252a8bded1e3a529ab17ff6846ab67db20970b51ccd0b957ebf3d11481f9cca971711afe65eef3860390fbbc
210eabb6aa10c8ef2fb79f2f380041db8f8ebf0cf4e7e808842065464720e4e64726a787f1c04da50ccb11f64cdbc14f073274746214402c0fd2deeb
e336bafd524eda7b0244bfc6f83c33db0638d195710cc3ef8841c8693f9da38120a7db12b211d7597f144733f079708a060e13d3679506085c067ad9
11cb3311f7404b0e1d529cf889b8c731eb84d2fd1e298e13af138ae324359b4609432714e71a27144dac864e288e59271489b8318d0fe371d00bc513
3c115239639bc9f31ce826d880b1b9e9a9a04b8acbb6091e13a6eb0974c1d0ddc43da2bb89276973227dd6fece7526939bb7e8d891ea886c764e92f7
13e237cd1006e23723270ec46f9a840cc46f714476a437dca663479a0465315e7a6e689f3220e7aa4ce3c053c5a84e03d2ac042e44ffd996f88aee3c
6df89848578d03d989dbf3407632ad0cf65069334e0c723df42746ae90c503699a54ed3831bbfd33c7d0f321d226f8d21162371b46d2937d16e530f0
13699388ff145a3b4415900510ab62f1ee89a407ee6e207693841e17f6cfe2cccb0078deb9e6e90872823c1d4a4287867b29aa2b9d100d9a9c236e33
927328a71c5aeec50d7a63a028fe21058752d8718bd4dcbddaeac5357b0728561714067b2bda01923b444eccc81d30da49c068c3e4bd9146b9035e86
752b0784679d1056e1213d7108f12a9c0bb228289989fa72d19461423d2dda854c4296e8533a35c7d37c6892c14307d3a9359ec617536b3ced5da606
78dac84cf274e8a13815d169223351532e1a4fcc154b35166bae01cae00503d46a0d2d79c0347395e16547cce40d440df36ce82433933c262761eae6
91a24aa50a33946484415533c9080f1b9313675fcf84ed51f62b22c8b097a7315ff5769929e00248136de81830b3b20390eccc32c2fe2153567d910f
634f4d681d77e7ccf294ecc89965ca803ecb5dd9a1dc55f50f822209630e168617ede5f4479a26cbd0696d22608bb03f9330f71e9459e44dd891132b
b8ae14619a71f6f799ec889badc850655b963aac36200fc5969e35986dead46095000d915af57ccd4a44ed6e15ad2d9a5f49eb733dce2aadcfed354d
7df1aba3e90237ea240fc6afca0da94ff764958d76236c49fc110cc99f8adfd98241b05a41c9cfac47481368bad9e41cc055b305b56d15d4ef8269b0
9345384940abb470b66015045445b6c36cc670620374b33fb87f48402bb33fbbd4b5ed923b23e2e14d2cdf22e0deecf20702d9cde550ac23195dfce7
426d6c15c478d03633dc283c56035f7e31cfe00af750bd945196039d2459931c9fafa8ac9209f17926c864403862b96d3584433645588ac5931fb150
98a08136ce999b5a8173db4cfd709d6b44634dc1c08406524e355f1a28cbe34f682069a9090da4f86dbeb4ce945d98932bcc89d681220eaae1e0b4ff
9f7a50e80132759a88a3aad3842676d378705af54d9d26b4919b21246bbebc024fbd5fe716b3651527a8dbb2088cfe374ce4a27b454ccd1ec514cdea
8a98ec645758c0583432938f9a11e01e9a6cee32bb6ef35d83177ad9a501e32b0c31847137069993b49bdc427482504ba5e044a8150ad97918201552
796aa1255e3d51b4bbb10d1f22f6c027366e477c629377c209f12ab67e698fa93879aaf2f3e4bcf4c6d4087cbe029fa909fb7c698fa96dfc7ce53d53
59f0bcd03779045f69cfd4047b5e6e6ffa7a6995a9847a5eb1605656ab52eccde8cdae6b102e1e400917ad1aa781ecb5d09c122b5a48cedb3bc7ddfe
522bb558e58ef5f345c9855bff2550aa0189e72dafea01b98dbc94ff74a69b84b65744326f0501d1c42dda785f36a53f9cd66dc126a25b0e43c869dd
8828abf5d066105900db162c01c0abdb4b6e3ccf8de7f7a41ba97333461ab7fd46607aa3706ee482d5846c7ba539666e7f9e8950312d6f94030f813e
8c79b919987eda0eccc4b02e2667469ed956d9323b962db351d01004e24620b409b7b2194b96a3b425f4fd2ccb66fc58070621d215c26f8958051c9e
0d794c357ae3668c58a7250905d3953141702accee0a0bb86594d3c972d01cf4e71606f9829d65326c68e32340ca68cb572b1f3cfb8d377df323b4c7
cd8f3847a0b2adc0dfb097b702c30589b815a1f01b102cdb682b81e8818860b1931b762b7056d5ca1e5abf81b3ca56bef986cec8e34ad6dee719ca18
de7b4396620484ad3a2d7e5f1919ed5481f37b668593b969cb04b3b661bf4406e2b135fae2246ec4845573b69178554a6ed34fd31dae3ba66341edd6
52f7052eca19d51fd3c1e88fe90ce98f090edff4c784a2da9a2bc0f78481f59c6f84819520dcf0b494e0df3a58ca01e069a9ea7023f4ab9acb8d2cac
de0a1bde951a906d1d78b83ab60e3cd56703324c2bb80da8309815977e80429d2dd2b02a78da48c3aa927523e4bd84eb36040ea007c6055017db083c
09a4037dbdb382be4cbb9a6d78fd3a7588484afe338bd0f3256e6be2a6a966da2d33e10a3dff33f80ca09f703650ba9b995915f66c449055c0b3cdc0
f34c161164155e6c21371167e880e9ac6fae247d6f00e5eed88483ca1bdca947664321ed6e8258d04668db50e88bab3621b29cb88b4602d8a01b0c14
b36d31bb424120e2c0d55b8826a94fe65543176df8531aa66733634e169beea8693d4368c9160dffb61d65b8d841774a15539bee945a8e6cb8531a43
693331ce884e6440c565b8531a2c6933dfaac62cdb21583475486641f06db8531a786733dbea88173953b7e521936c53a8f8b452daf09f3486cf86cf
648b668dda2cda3a90ac8a54f592d4f3633be5913d4f245e35e8d3760aa287f464e6c474fa426a59b39d4ea3fbed94771714155f5a0b6c2770790fbf
644f09cc87da6bd5346a53eda5add386da6bd5386abbe46bdd1de8bd56c5cadb15dc37755075ad0aabb74b1215f0890f1b98fd72ee4432e8b66a2ce3
058fed4ebbd0757bc04dd5e32932558fd2ba0dd267d5d86abb910978a4225aac2712018ed668db0d5062df1ba0448e48698c12b6e150390d13b61145
d6283e1b04d12aefb2ddcca207f216407b0b00df71ef2fc9530c38b42f70d74cfbbec8f4773f5293cc99df17b97e08827d5193cc9dbe634bee39dccd
a66abc987d11674ceb4bda73ddef0bbe47d9ea52f6a0997d45795cfea4ecf655c901786437d5aa216e7653ad6aa8beafb1f000b7c6e018a9a9560d55
b2638f2e75bbaf8e0d6cb5afc4c665afeca660359ccdbe22eb2876a2ac63f815b20e67760d0e86395b55dec16ceec97132e614d0d36e52ecc081dac3
189d9db02735b4ecd53d29056165f7a48636fbcf80b6b6be0a5a50ce4e725669893da19f05c5edc6af5584be273d69aa2f0a475c59244829e628ab22
75cfe4001958724049035928ab758492d3b2677d7eac2294ecfd3d2bb7a9f6a9dcc669caea91ab2fc2e934e79859fe29aa721d0eb95895b4ec45c109
e4f65e4c29e1f6299af9bb7d8ad21d202b01b2f583ddf71f74cf514345aec724b2280eff2118fd32ad7f0a2573669e560d2177f3b46ac1b8d700936e
14426947b957c3d222c5d8cd97a8b5e26e0a570dcdf6104979ea2a41b93d5b64700d30c9e02ad3bcbfc2a9aaa06a57362515b8a368abca65778453c6
e6dccdd12a95b31b47d7ab6c0f9913c4dcde744ba9fed3a8cf485ab0798cd11cad52103b02a8aaf1cb8e29579272dbc9de6a30d45d01d4e247420c0d
bb3781042e922699f5667fc9caaae5da4eec5ccde6f6aeef89f3d3157e39115db100e3e82116601c5db18087e2152c55b5ee3b165955affa7de8abe1
69c16d32942b3b4ab71ca765a8117783997b358e0ec2a588ceb4e31ef986bbfa0b2b9aa455c9c63e74dc703c23b85f460acd398d84bd07cdc995b44f
b5a6c0436256454f3bf9571537ed2f59589555ed586115bd27f6c8abca6c2062caca2af6a912dba6d0a78581fdbe1bb75a0cc995ddb51c38441760cb
232b1b993cbfca3cc9b6232327615e8fac80abf8917417033c7053893f4008e2a04384a006e4289e34fb1321280739143873860f432f0e9b1a70e374
4174c5c9f93b8a6c88e548e360220f0d438bdf049168d7177ff891972167fc20a3aadcdc018e18e4e67e5edeed3cc11787880086e6a806ee65741550
c10247854d8f46654169b4c9ef329c600569b3c985f90c17064d7734181ddb6f320796431f55bf77980c5fefe7eaf731325eba066f60c9435768a3a4
1dddcb10bc7690ebccebe330d7990aa72372293beac8a5ec0a110ddb0370a033379ccf811f0bc9979f675c4e5c6ac23c6630c6311005806e0e423b4a
e61d04de3143e121afe7940d994f9f517aba7565f5bacfb07aee24593df58e875ecaf2e4c79412a4252d238dfb77e8996c30c5637a1d35ffd1122bea
a8fa70a6cd78667c87e377409990a98f95a335e9597c45f8e1a8aef6579009c7a803dcb1613ae09c6f982938e584603484d261d84561df302270c137
0f08506cee46db5474655f07cf4c883e2caff4ff0f94776cb83e805a8edd05a4b59dfd0cbe3b7644fb60af6347a4022e3f7684eb8e6e47a402c23e76
cc53b2e5837246aa52dd6952a9ce4579ec885d3ccd3b02a8ecf7b8476461400c24b2d98119447f1c8866dc13448234f3e471083fdf1f8866dcd4074a
7190fa41244849f243ad3b04cd81a65da6e1309aa3d19e0f193ca9abc30037d033c719dc30554e0dedc511983616d986430e4f1aec08a6ce293b658e
9da7d34d87a4e480ab6b5145bc27123cc57b7e144703602e587688cbe322bc88d376c10e8bc8cdccaa7efeb864df7d9609159d2ac3562b7f20c3ae71
2e2f14c82e1ff2eca681c871c96b42401fc1c741281f8ab0255a0f18b91fe2c0607195b63e50c5ab2a3850c5af311108b75bf62822dc8e89bcb55715
21e14b2c017e60c828617c20ca8e95bbe1315c1f3d8915a29c4ab295ba9c9a2e2aa6390d8ca390f4d4795861d489e9a272c873815c1cb6a50213d6fa
84c7930e3de1f13ae9669f17ecc09dd4135b4543f19f8ba4d8bb70e7aad9a01fc1b915a7f184732beab4ce15c3c1f84ac3413b59834cf22be32d72d9
9efa0be7a883791dc7e784270bac7462cf180e84a7d91d10419f0dab22d0d8d9445d8c9d0b4d139ed3781e5ec327379a0e7ea7f13c62e6e27ab3a9ae
4281b163dc657caab3132edca5eae884d82667c71571fa0d42fef5cfa00767c715d071bc37ddc84e3c0e044585ccd9a59684c4ab8e0a5e754232c03a
c5722d094195e74baa0e77f289bcd3547b271661fa149edc7b260e3c876887ce083da758e99ca8aa400de744ceea1a4de4acd6453ae9113c433a59fd
08d31457dbf070d2dbe754f1049a3831edd7bbf4340a9c7acf5385a692e91399a46e9ee7e6d184363bc9d31064c369cc0c9511a73133c03fa7a2c8d8
095bdcb23606d7a7daf5dc54f64f8139fd8749dcf4fa77da375dd5e1c74eecfcb35ab0d3f01a1ebcdd6d42973b4ea16eabdd2d431fbba49edfb31356
1be5a2755b61f7651ccb73c7d28d8bfcc41dd3c45a2742c92e1571e28f69f0b1137f4c930c9f08287f5b0a3f4bf53fe7c1050a823a0945acfde0899f
a5ecc2797051ba7e841c365de549266f6defce03bd85cb4ac461adfeced35de4335b16c2f0d4ff5294c735d66204a7c0f911267350b7a75661dca0a7
ce98a24834b01a379ea7dbdace001a6c7bea8cd96c9fdbdd9da52598d84acdacdb4fab30d1939a59dbb9502b38781c33a585cf0bc50b34d079a1e770
422ff42eee95f71e9b3abb9f17b7bec7e682d9f0d45c1c4527f1bdd1a6b7e3494c612555e72d9cd4250a9c77f1790ba7e5501e22c21baec0a370db2f
b02170d41cf3347e9b24ea1966616e833b488f178ccb006eaf96e20f2c77618cdfbcde2e43bdc9035c91789ca3712d7a30365b977e613b5dda937925
5e8bf40beb7d6950e6d9be8ceff6ebc75180282e8cc8aa9bf95ac03336a6419935c2a04cc8f4f9540376ad4acba38a7613514712a6fa8f127d8159a5
61ecd2386eeab82e9d4315a95c3a87cab35d3a872ab9b98ceaa6b6f35ab9b3021a682ea769752c74920267326243bad92c3ea3baf35ffa8caa16bcf4
19558577a5180ae34a7a1c38629c46f5a0bf10475691fc85dd9ab101ae48a155ec45de9d7d7f69b726497c6504e90e2407c905f45992cb1a98d3392a
e48fabccc19515efc3bd5e9988638285fc3170e395e35267f059913937da558216648a345c93b4bf0a26748eb7080a3d1ada4dc6f1428c1066e497d1
db0c607e15af18db45deec362a5082ce509112f47bc5cdd38f14ab4f3b57de0c66bf8a81446cb7ca7073775c066f330ac8a5545102eeaad282565178
db7c09d6d3af10de72735e55e16df745e12da8f5d2e62d4ea17245c5059709bad4015ec81563555a90af8c4cab373582570b5a96faaf90b17a3f5fd8
b5c572296f546f78216f8cfda1bc5115e785bcb16b197845c88d6efdcdbbda86918a0eff884bdcfab72fb48ceca26b097a61d8a67cf6c2b02d696f73
217e54a47b21c768312de46c57887b75f5ecf54fc3becb8ceeb2f157973267fe7a902100dd1d801f21663360d7a5359c2ad16be0c4c3d57e0d9c78a0
05ae617c2137f54bfc5533575d437b414f21d1dd14765f9ac3059e7a49c46ac2ad6b684768174871875de872346c09d661d88566847e859c242bbebb
88e61668668688953e905506329a4a58b9fcae19ac0320ce10aada96ce44dc7917c2906c2698eba5196b9c61ccdeb231ab2eccdeb2d1a42e08c86c6c
ae0b02322bcfbf365d299c16a2086785941714648e5db1294705180948f101721053165f908f2550086ea25d23de4bf986fb73974717cf61f6366483
ae1d36d733acd99bf64997ce9cca1d2eacdba213e3a2697c761d728d4812ae2380a761dc2a15c95ec4386b9e21d3b7bb6d0e5c87dc103858063d791d
1847c1f45de46cd7caeb22fd96e98a2fece714df5fd8cf99e8f1827a332dec05f596a35c85adc792345b66a9bf20d94c7d72614c674ed88bfc103980
c020ca99b9e4ec6dd524a3f115d91fb4b3ba8ca0e1e2193503a1d765a40c4fb491323c7458c6fdba26cb83f657d705892b96bb113abaa6216010ee1b
4e4c04720b0593443a07c56ad72d59ebf708ada4056ec95aa020b583465dd72d59cbc86e6971eb62a6e3686e2c64b876ee057291ebe826e4868cd4bd
402eb2e2f722b9e8f7088e3945f782d4946bed5e909a0eeb4246ce3f5d7a6f62704846dc419d81cd6f4dfcc5f9f78a5301f377133c575bccdb04a42c
cabdca68026290565c44f72a77c7957e076915cd42aac433d2ac6e531056511bc2aadb358495f00561152f125060993b0828cee66d805c16e94e48b3
b8516fc9a7a8c05966a7dc29083c2b0492f01f09986cb378bcfb55361e91b3838be3aa08f2ce489f1d4756610e5770eb02a050f4fe115336268f0cc5
7667c2cf3a10828aadca4b6fc26fc875dd392c746c18fd7ff323d4332ead3496c1716e68ac2ae6bc0b7ed8cde7a05fe850df00b7d94b705509cf1b4a
4a947897203c013d3c03384077212263f619537c0440b72a590dceee1a2891fe54c96a3f77a38851d57aab888925a971195a4543648728c1147bae6a
560fc9709b7ec1a0f077d5ae7e58272e44fb44b026f8cdcbb1fae2e5c847cdcb315e34b20771dd4d237b90cfdd54bfb9b589cf10d9a3ee29647c35c5
0ec03561201173dd46b832a8f4adbd9753c1d55862ab6811ee01e0668c1c48b7d9c2ed7bc3cb399a7dd74177c87b73b00c63578ac8f784af3243eded
4d38fdc60bcbed676452ed3cef5778a21bf8cd7539cca6736332de5590dcd87e45d2bfdb8b5473b11be3afa10af3364abeb674f72b4109bbf6db6cde
de4e3737a922f5fb509c492787e60640751854f04f7bbffbbd7c9beae0dbac972663b8dfcbb71957fd3e147a225abddfdbb71996fc36bc81e8e58868
c9c0784a0b726bde587ce9277abf577133c6f6fd5ec5cda0e8b7121617e715b0348372df27aa47e7eabda29b51e4ef08896f65b3590a86d92c1dd07b
e5261d91ef4bbb792a5f08bfdc3a26b3f44099ccb25917c36c31e445b03a4fe08577aebb8b44debaa5dc173ecc2ed78d76cb7349ba6eb3a8dce4a0d4
56e12607a594ec7d2b9bf519f56fb2ae570734ea7da369446570938252a385fbbd63bbc2f1fb1593249382dc24a0d498e126d53746160f0e5ce86cf2
ec766f3c27bec93c6335fe0a249fe742b9df54ca6d070bf2774b3ecfb0e6cbf42364c3ef889f6788a4a880bdf64b8b3ecfef715f169e5f79c7f3cc37
a44cca768cb8a362f9fcbcbcc2ac65f58f4a85ca73a3dc6f3ae53ea3189c40b72aaf64c4ef9dfb7c0f70abc031e2f7ce7deafa7cf1cc605601a5df24
a0b4990414185e59c6534efbef55fc3cd3fe7b13bf392e794612392d471259197c824c9bf44bda2472dc3ecfe8861bfd6645a33644966f540bcf33c2
f34ac75ab7371bc2df021aec7981666bf46c522467222349ef36fa42341d9946ec8d670cd7a7cb5444879623b26b96372e60d79b4cded3e92293373c
c2f32c41c674156ca827c019309ecc97cfcb49653f1222cb6f9e191ad6ed6f14baff8dd89e0f059d45ac92923e434aba5331831fee48cce0a79b0711
45c5e0f479c168d8092786557218841148ce654554e92a12522045a31834db1951aa923ba0a9abaa4c6683ba74629bb71dc3e646ad847b785e14dd75
ba3348d5b0292939cb95d50d06817ea9768f8cfaa5e13324657ca47eb4036d0f9a12483ac2a70ee83de84b5f904475a0ea08c53ae336a43cfa9ee705
dbe1e11fdec7960719674b989a46df9a9a16fbc6d434e04027e97644dcb0c6f6ead277b484bd14c4faf38c1427039fb1e4dda7c6a99a1ecd11c0fa4f
a706c00ecc1c33c0fe328c5be3ed2ef6c7c43ccba59fc6ff05be5742d056a7668a2a01efd535b5d5a346caf0d529234d78761da7d73d0091263c3b7b
a409cfaeefe6cdef37105f22b2972e321ad2f3cccd2f4224337876d5911794c02e9b6e4f367af907506fc47dcdf4b013f7b550c154df42b473856746
b67b85d39069bf333341e4a8d8a190458486789eb9288468d7b1c7297de5067d75083b576954b879a6a1030f4b77e181cad32d0211540259be54505f
85f4c0d16ab098afbaa81396fd79e63e779d5e3aa713a1fd79c65cc59d7a82bc336d9a9a5ba84fef6d46fc12249dd42bcff3e099764eae67afc693eb
d9ebf6f47af67baee41518a05fba6b767125ff99d0edf910a146a261881bf2cd3fcfdcd75e161704c7ca8050f52cf10dda3c7739f13849a5f13c730b
065068f0dcc02f4133b280df1258f47b7bc3f9cc65d468f3255c66dcc4b8d8ad1031cfcbce1f2c27791f831eb8edd8ca5c8f9ef8dbebf17d5e111478
45af080abc96d7c5abb2f09c296f3c7b53fa5c29af3c23dc987edf29f7199d1da77a4598403c9ee719194117062f4dfb45ffc5895d172e4d4ef5ba22
d0006bac2b020d76dafad2339980abcf3317285b795d1162b0eb56481882a03ecf2fde842f799e27cf96ab52ea36a4b70a7b73553d93a2bb1067001f
6284ec7c99732739a088ea69ef46f5c464fb795129268c4a1892038cb09e1cd6d5b43ba8169f17d1becf1a920dabc4cd0400c985b74b2f269fd5d00c
01f36612968c4a0c8cb0a2ad697e6480cf61f550dd402faeaa6e9c23353412102b16e2c9150c6b6fe1cdcadf39c1abd6de38833d2f46cb77f01a740e
1b28b2593680f225637bf3bc10103d9e1170aed610f50057919560810ac2d9ec37a089ccc82ba821f9acced21d41326c32183ccf99e34ca3844622b5
cef3dc28073a42232d8eae22df0453af0811daea11abe002d0ff1a6203cf0392829e9d7552354aefaea46a949e5e9b87926f5ea2664a97af78009219
fd792e7ce3b318e32f5bbce743e9598f23a91b45d82bae82c4187e9e379e99415c05a75041d534a2f5bf6171ddbaac8b644d2c3f644d167340d664f7
0b644d5bc08f2b644d168d748fa72da9f2751f1a6933367ed78ec9b5191258a21e026a622dfa3c2bb383805c878788291a5077c3daca0e27733a901d
c6f3e1e2584301bcc31dba253a2a23684a74ae13f2ce233ce3e0d0fb949c1721988c46c660354ca634f96a984ce9ebd56c345185fe03854de471e223
93d1c84cac26a3891532194d604693d1c805ac1b86ba1ebc4d2d9ca3dcd4bc39315b601aa00c639ae68b5a4427394c66561b502807f89bfe284ee61e
279ffa3b7e1e62aa1d5b7ff797e968862386bee9815e8c14301cf2aee5bf501229a0bbf37ea48f2fdad38b1bf75018d9f2e50b9f192ac0c37ca849a2
86e2a0229e3e542b895f7e7411037ee9a21a0bae74c86363b82577eee171b23b346af10d104639328f680746d9a93ab03d85c65d4d35231a09e10fd0
19bbc0e93871887735a1afc830f03c73de90fe3c2f0846a053d613c10854fa7a62812d027b25419d4c6fcfb358d467b1a8edbc2bdc49b937d70b4107
acfb4a2483056269252137d9069e67624f6431cea58c01b02fd0a8f89808e7f8943ccf9372a0433f43da8ee719c2263a46335479462593ff8c3bf57c
086e87415e25b78a0d2004713313ebc094d8cf0b8a2c6fc11b088be5d07c30582b3459555eb3beb4d70cd06f63e0b917d1d2087b92f862a292c4d76a
39781eec9824beb8331301d3b10e7e9e21beb2df37ca0bcf984373ffa59020551b82faea7eb4d168e6f9e079f28c9514bb3e2db230dd1e809a894988
960a944e5a91ae7032d22ad42bcf215da10768b125fb0c6d98fd688015c16a6985bacd3e0b1e60ac8097ec192296639c20ab74a57f5eb80c41692939
4980949824ce584a40c1b94a0928d8de09922aa44e49ab97ec2c192401d387e705ca4f095c4a50a9e0b6448e6eb9b8f492511359e4f3fc4e070afae7
190b32ce6b227ac2b43b74361511f6f302c90a6990b224ab1f0d9e013c834c1c1c49baa5df120a9b86b5cff382c8c7c55208e516cb887c9ce282c8c7
552f0a4e1c7411bf39b682fcc6c92f8207a82f2136e544531124c6a63bcdb47ca7dcef0fe6c5de80cecd4d026ec4accf33d43ed742221937a2d8e719
99939b5b99130729bdf4d944d6fb3c179e5903543b1507e0e7a5b1080ca63aa7005a63d17d81c8714f56a1f619551d160ccf0b4b3eec0eaf8bead443
ac61e8f93cbbfe74d7b49676b73681b5821b00f874d8e1924d3aec0cbfc79c705abe0bab2fd80a3ec4ce1f282e3598aa692f58c53547d59c6706d29d
67ca3bfb15da2375edf0b85492f19c1472a420d080250834776c1068aefd2b782ade8509b95376fb760f918b86e069c92e8811a064ccd24bd2152529
494f3df98484c5f322ad988cf6208cd07a15fb8ee7054ad3454726b5c8272422422d010b2630cbaf17dc0d026b48132a064ac685504e9c200a9718d8
901774c70e07e30a1b4973b569823f644f23ae43def9c9c4dcca3713962f8b94727aa9c512209b975b263511fc21e032f8c3afad987c06a6e1b59457
9ace3e301a562a7be835bc56049b34bc8e29db629269cc485232b9690b1e95b16c1a6eba7737378ca7608b69a6d34d98fd2360b67ec0cc00223e84bb
720366378931369586a45d8d9df888f81071e677c97ecb0132901634e512d8c344dc8a1bd30e4360ef909425eec9dd2ba0d8a31c819d604de06e8788
ac320489e053238b58235884b01cb0d52e8bb9b7a5e1d3810981936f7c88c088c4878813497c88454e2c61d0b3045647a9b8c897a54329af88c614db
3204c914db81f24cb12d219af42d526e9bce0099068c241178fb748e01d9481281b74e6f09ef745d90e286d2eb481e26195742ee26850b921388d751
cb6e183d8de488d2299c1eb833e0a41fe2472c71695d0127405f921b7f869b7fbec42dc96ea547d5c8a5cb5570d3ea9714d7c015cbe08bcb2006d22f
c979bbc4d21264c4d9faadef65e05aa9aa2bf084038ad131a0571c588276b81d5cbc247113f5a14a2b21719f170d3be01b12c127a674884e4a419785
ac50822da24f08b3d1273cc1b7364fd93fb44b11fe8845c16d97170d6ba72f1ad64220e5452b152ee71c1e4c70e879416c347c5647d0fc8a9b452d57
364c85d74c5e1c00072f2f01b39fe9e133fd4cbebc0b8d4077eb0834aabb8cf1b77ac26cf88982062d1b7e426a3947f809e1c4f248796636fa04b678
cf0b06c0c376314c8e72f42e82b50a30ec725e0346bf12c66a1f01237025601c3e633bede09332056a1b9754de33a700d7af02cff919461c2c5e362e
a97ad14cb8098597d918a5e46f7b5edc22c37f30048a67cd105dd41423f1856825d3ea582ed994964b72f199d0139594a4cf0b964b6ea3b05c72b861
b9c43ecc19e0ed30acc09b6d05c00cd188a50aaf32724513eb3d2f18f9ca30e5e2d10119e71248c23a984610f4e579916474c866ee2e889ab3b6dfa2
b64c5089aaac2717a538208facf537e7306bfded00b4fef62eca982f29facd1a7f1311e679518803579d8d6b8af7fef382aacd1d69ae6edcfd9f9726
5c3466ae6e09d86cae6e9164ae02f937479cab2300d0ea086c3b46c0d0aa507baa830886f7cd26f2161b6713791351ed79214e806a8b6cd24599b66c
d245316e6e5883b91f8872fa904fd67770c57f86773333853978c8f172538e967cd1a5d5a3816db852c4dc94a3794ca08a9ba455260085c44cee013f
554cf71d08af4b663a4d1d90c1b1593dad1746eeb11ef482fd77a9f6afa656162c9bfa5b1d4b56558ba1cff3e3a4af7643603ca2263d2fc8fe3c4308
3e937452864c0e4a25631bae2e229b065c22220f2d64ed05dd6d5f840c3ab99293e379012f2f1e744dc5a5b9f3d004df0385ad787131870e04d1ff69
15a606ca38c5342b2e95d6c9588b57153619956f92b8cd530f02279de4df7195402727c9ec4c9c8be2ce98a89b45341375b31b53677b09eb3c0518e0
a79685226f03a67597425f7b89e93c037aa602696b9232ce1ad4298dc9216d8520cb1b114f3ddbd0cf49fa37433f27d987ace8b5397dd0cf49b22087
1c1642292b8795cecf10d0a9b9cb95c3ca326502b36a2790b7b8ca192732d9e289312eab246036613892b9bcc7e4030bee8d49fe2393c608d3d1e739
c0a713a5b5f20f39f2857b1ba08eaed535829aeed9b128a1ad8e7297bbf6c819c53ef0ac79c09bf08789bb78f695c4d6e65632f377f3941d81327ce9
56f13302933a49dac13711256473f93f58e90c4d9d9a9b96b4e02d3aba6ccf3f547589024e8700df914f05de0cc7a8b3cddd0c49dd9ae7e48cf130d0
d3cd210a7aa5b7b5399f2f795d7f351c1abd9fb133ecc47142aa6728ed8a7df9f322c4de0e2721ac5d1a68eba2954bbe0498865fc16e6d9e7e331235
2faa8b20d5621f731035f19a39889ae7f2024637d615f3c8dc5d3177c088eb7e9b9245b737b8773bdefaa193c9a4171a235e5417c48b715f043302d3
ba35cd032ed791ef98253fd3b8d761de11f8d9d60e5b13369c5d3cc091095cfc6b522289f41299c0a131cb22d9d3fd0747790e4dc1f3b18a4bcb1230
775e02e6cccb7031fc4c8364b64f310f917c5b310f9176466509980b2f1ad970359645a0a7ffdcfe0368ab4073d317bc22938c5b592338b22fa19da5
b5555f23eed6b2ba06021a698da62f180f2baf2fd0cc9a6594c86ac4155a569d5156a1116d81374b0ad0a80fa9ab2ff8f382bd7205a395a433cdf49f
eeecfae2ba835e4a2426727623cff7f41f34322e9b798996682ca0b1ca859a899125e331b986a6255a1cb309c0571727e39fc5ee2c992de03467dcb3
04cb6cdf841c7b5eba2f4c0c91fabbeb970378ababf0f223cdbe053ec7fadba106e92e795684e28499a268112ef380afd629126aab2fd9973f09c782
493f9eaccfb3fe5b303445353e06fecf8b6afc66e3cc738a3a903725ea18afcb85ae612fcfb8ab944bf1c5904f1cc302f5fbbcf88f243a58a954c940
17471bfdec1a6aa3afe6bd10bd3f8eb1a6f85a89155c17e3ace1ba284628918888fba93469a56c75bcc4b2cdb23ab2ddc53ce0ea8c8b61f8e58a8a61
f86bb131235d23c62fdd30e60cd298fce43c7b5e88fb056b5b8cc92fdd568cc94fd4b8e7459737876280feeab127a89a0686c5a06ad57306791aeaac
d23d9bce1efe8933dac268cf2d68e834efb902a999bdc18ad4a5163b05c26990186d16e48b86749a4523fce22447b8020fe0a97dbc9fdde105f0ce5f
fd1dcd1782cace1ade7555b74c96b53232938f3f2fd860543fc25c8a4bac76c5651054b5abcb2ed6b8ad4e15486d85ff7560ffce84d5814977b65c3f
0ad04a1d188960a952871acdcab31a4dcbf1e962492ad1381668994a348e25fb3d1a2f873d5006db31513a16365a9de8e0589b3a31db6293d789528c
4352278194d818752a425aad2ccee47aab134d13eb57a7c1fd56abefa8516c165dce6a77e86fe29b9b672a431b17a29f3f2f0ac099e24d47b9e20bd2
f0640d2c459c18a20eab3bac5b2078a6780b60816393b264e754e5c7b2c0757351b3bd9f88d56c58d1a203dc95264280d497002e2a9c2af4efc4ebe0
7981eb7e89d93f1061359527d1df9f97e05a19274264ededea1ee22b5f4eabd86dc8dcac72fb0fc01d32d710f7f508169a064cbf393d09a6df04e7d7
23faf705b1cfb4ad9008b0de87021d2757fb0210493d831f009613fe0b9c544f7cce3d4790a5c404799e0fc83c9f2f6f225b9548e256a997a176b8a0
2b44a6f69cf5f2b2a4ef4b1b5c570c97cee7850e91d73e2f7e16c79bcf240cb51a68abbad0c9b3c184e2e5b50cc6e3e40d1e8ec570e719692b73d55e
715bd350a7bde2b68607cc1b1690e7c63361eb86df404cac7ea345077dbd38aa79c134b31aaed6c5229903ddb216c9f41bb403df9bd2905ddec24d81
6569c8c39aec7b7bc98267f80cf9a50a9e675b026f4f2b1c94679e71312a96136e00d4da949e41103484674d639266a242f6532b9824b3039ba233b6
53e3c63781dcf3f21a8dac510173e36905cc8dedade2c503d26b15a35721ad58b1d868c58ac536c36b80edde2ad62a42f15eeea93a9c8a3970f21b2c
541cf27bcd273cc09f674c83e18f5ac31cd8a96bb81239754894860aff86e99bec7d6b78df542bbf66705a33b4868b3202c1d630ed85c26944cc579b
d83a4629d567d0b333d4b592a16ec711275b171b1498a4d6312f1668eee3e718fa82354cf5238c369cae573ef4dc0b7436b8239c89e1c272d21b8ad3
c5a91b5c0caed3d036e3afc8a5cf8704dc7173c72d668f42628fde5c760877afb6bd11544afbeec655f48c89daef553435ea6e7113d11241a5b4cf68
13c5b293a66a331a55adc25dd2429bc905d2d4662acc6b48630aeefacf8b8a4208818634a6aff1d914fbd2349effca2f9bf9a2a7a7d19437ba5235b3
424f3110166e4a439af1a1d41f37ccdd4862f03cc3d5fbbd089aeed045b6a8eb1e67b4bb7b9cd95174a29b583328940d119f50d2a6199fd0460f4c73
dce487ab6fb9abcf5a109fd08ba9bd37c6f30d4010064a9ab61d4eb9df63c7916d073ac031a2335461db4267e847083856427c3e2f955905ead38bcb
f2ee74f987b22f97fec447d82daf802396fb2456b687907b4859473319736c9013319827d83b4962a35d3a0f3b56ee215dbcda85ac093aa779f3483f
356e1e55884d0b35c7477827e9b646e8a6eaf06ecf215d13ba6971455fbd5e965e685c6065b8b15ec9c6d472afbd846fd698a5dd18b020306caf58e3
f9c6722c703ccfaf50636adadc081aa0e4bc618fa6ad5e33ba93e3ef04975777dd97382b931784532bd53b2a3c8d43ba119bdc117d51390a09dc5f51
45d1cca7abb4135d75620dea29d00927af974127eea0c6cd1d61c45aa114fa2b8ca8ba2574357622894ed8417d11fa2b70a8fa197403c113e2f3c521
bed8ae7853705794016cf8ae62ee8df2f907beeb2b52f72900ca50d9233dc5a9074ec888a674b82785a81c959e0207f88fe4148d1926dec3d20d134f
acb0e705391f344057944134b5e7451116e7b7271265417ff74c086df06a879a283ac5f49044d0147ab73027ef39e829ff1115bb11b2548dd3acc800
a7ffd9a116829be93afd4b8ff462346aba447c10bc4d4742e0b6ed0a056462ba420139978e6d7f6c3d6dfbabd34a3c80a9314d37f3b1e2d78ee97e57
48daabd40aa0201f18cab57af5043147c80a4a1596aa0150b2ba1615f10f320975681d5981b6251d9d5791bae8f81e6a5bd671e7d7cda13719449fd9
a2f10d2374bbbe94c6f30dd036785334e21df3aec5956e110cd6ceb8d8b95e3a565b8bfb04c1c058fd48132e57bd6371e6e0202fe41f7a773a804e9b
add8975d432798a3aed156b6bbb07cb44a5cb4f621227101b4c30f4c32bc82b9897a586dd9dad0a0c82daf893e29be9f17d83efb4703d58879ffbc88
639c7534504579491fb16ab6bcb31ed687eb5b2d97eb2bfe71f3074d19bcb9c64bf785afd020e980d135d7aff1a29a917ba44f0dce3d0b53d200faaf
87bdbe6b3aa5139a0dc40e62f82f9b1cbe7a3d3448e2854decc1bdd2b1d7d72ea28706c979558314c76f831bb393d0193995a12672910c5d14136eec
cb5831823abc76197f2143e362c66aee221af7e22e732fda95ee69ee5834474dffb6be079e03063547045a7c5e90de75318d1901555c76d4484d97c5
be1b7f49b4072d34c8e9f7bc5c82e367b7480c700e2512f683a5ff70ae8e009a1545bf349c6ad8e9d85a47602a7ac42c2b78c4fef2d355c7dd7ee07a
346ce9e0720778cdb0629d34c38aa50d332c4fa6665881a9d0139540812f1955957474a928c582fd94ff6f7ea50e5114167494e838e828c7a2a648c7
a61e7c3b905d3145b47c852c9bfab2e4ba05f71f2d04cc287ecca5febce8c540c357ac047fdc71b5d3b29199a78b8c6d9331af9e17dc4f6164faad94
dfa520df4e6c5af4396bf566bca1091dbeea1cd5079d60cc7aa5f49bb024d06b03354d26cbcdf382eb2b7ce9c0af9134f5cf337c105b65bcf44d9613
18044092de1f0bce50f10d922f30dad01f910d385e5a252b031aa84d4687b51ca84d1e7a81da069374a5869e87d12ee18bd43c0d1d0f15fb8c35309a
ffc85c816b869e87d13f66444ae706244855f13e2041b4e61fba1a2a421a49bb3776dd48a25dc79bb47b7330494c5b7986b413c8a4675411144558ec
ad0171a277c3309c51b5fb2c47c66e185027cf0b106b15641c8df12a47aa463d238b9c8111c7c325fad879a672894d4665431011bce67989f3431583
3e4e578564326afa07a4497db1ca1fe8706014f41c01ab4978b29d47f1ae40de348a546800049712cfe25da1864909d008b5e8bc546f001a422032c9
4ffabc883d392583f4316abd87518c0806f6bc7018e00986811e89eef5bc28f0e6ce19243756333caa523bdb32d0a3baf9d14220c76718ed7448a3d1
a41f05be91b665fa8ca97dec5c73161b3c603483fa45951dd4cb34a22d69c4bb7b5e8c11c044a812717f75ddb52c3722b393d243f3406df21aa8611b
1b2e266eee0d2976b6fc06bdb01c088245d563971db2554c8c15570eaf33d2ca3c2f6e1b9fa52fb91ac61e58d77655adb85278ad698238bccc9a9867
071dc3a58dddc5714676b5e56e935d4b03eeaf71a8c3f368211caea4af7f5ef4ada397704e5bad1250329643fb2430f8306aa01e39036b89423ea2e7
6577ad6c2d5253f87239dd2c29b1fcd4b30e1438357beccef88a2a44f0533b392e190ac77c494e0c5f70c61531e98b0fa53288eca705ecb8dc75b010
033732e50b03c65c6672c098cb890ee22ec7e9d14a57378e814f99e4df08ee1d586f6dce5d06597667f186a8b6a55b84eed6baf139c93e4f9efd4862
952b71dcde1fef47d300cbde5c531edcbb7a2e6848b81ae622793c79d6c2be583df074e5056159d4ded8b2d686a08736984bf81dd3d42a66f659b363
90c3243edf2bd3f90303ced593610bcad4c03bd398c912be13c77b0513738dc3507841be967c0685b317e6aa032e57f584035fa2b6170bc869260405
b03f33053d0f2429503b6d69055bad8f15ec12d525eeed512b5883aa4c8d5d75769fe8ffb52c9ede6b465899863cd66c77662f1da444d35bce782b33
c70dd478a9200c069c3593008bcdac75a3d39fe573865582b601982cdb112d4bc317a1e12e71c88af50dfe3175b657b13b55f49376f279914c6fbe10
76cdc92c71b5d0bfe9d49a6012ac4f95ef2c460c5bad225d9e6c4b7b84647d6d189db3a27ec806ccada657c1aca8845ca58ad4c255328c9f66b4b31a
31b6fb4fe5d6b076e038dbf50662c260f49f3ffc4ab602c6781ad2cf183793d46adabfccaa8ad9d17333ce780e0d3dd53174cd5a37cd2623e14c62e8
da8d07442af8a48d88a9e063bda7322bb0dd9c4804a052c90bff32f58cc4d409fa9b4666786d39cc0cbf56e72ef8479099f9df57f5f5e67f6fe4d79a
e47faf1acc4fd225281324c9fbb3425143290b786e1ae1d6adb78924ad7df16c0528607bd8f129e3069d3bbe7b62831de104b7ec24c74fe0995d3c4a
fb3b924ff11dd767899db9eb39e40636b76b9c0673bbc601d8bd72b859a6c95d550a9207be048ad513476fde690e576fe9894d618d81a05c1d992b6f
1e62dcfa277f3cc3510712671ed2f36eb0f0cd118d846f8e5b377c731c6b308562c71321934b7c42cf7ba2f4ccf144bc5c6051fd4596fab73240872f
8e08217c713c372792dae457f2d64e1a295e151b91d9fe6dcbea4854dc2c274214b7a7f7b782bbe9fd9ddc1408d3556491dcfeddaa7e259e16e04b32
3f3e43db9720f64c70bf1abec39cf6abf13b26f95e576595e6b45fab205f7023f11cc70330830575c26e2f0dfabfe507862f729db08426bb5f67bca8
501fd6f7e07a35e96ba37bcbd4d746778da9af8d8e1864b77f5f000d9654a3e4ede542c32470d387464f8a6df1104fbf52f003b9b12d0a7e383f9b66
842a1837cd0895666c5a0eaa3bdeb41c5465b86939e8d1d8ccfc4a3ccfe745a50984c9b678ed098d4a130ecdb62a2a60cb6c1a0e2a06db340fd44577
d33c501ba00d69bda697dbea15022cabc6aadd86a586ed7295571956971ce6f06cabe4f0b00e0cb0dcf4a6dda0c4ff96944fb3689b127945159b1279
c9d1cdccad9a126c2960b635b5cf4ea7995b257437c5f0aa153753b7aaaedcb4284c3e7b09661b3b7db1be9760161a5978f6d3a61c9f5dbb99ba55b3
960d8a2269abb4c12a276d5c366d0a9d4ed3b8aad5dc609b3dcd1bd445526db3e520f4fd47697fb217195548f82d6b83e5026a54b8ae76f36e8db1f8
9582b6f4276edc0a31de60b1b7a284891b7e2b9a3c40ba6d05291ce2aeadc86f42c46ed027a4387d9ee3b66738d027598f874ded818e195b91c774d1
c2f0d0dd05e36d78870d92241bc0680b2344374a1821ba07ab817add76417a30cf921edaaa6d901e1ab96c55ee8a53bf417a3c5fd14bf5aa1ad63726
c9b04b185e68fbcd98c1b2285b43c322f44d4e0f226e932957afbcc1944b6a6e2de2d9337a796fcdd8372d1505584b452de93778ef2eef6ebefb2e87
4fa2f7a4a8977ceed33076db866a910b60db95fb8b3ee09f1f120eb07655c11eb2dd1bc0d363a817ed8637dc7265f448ee5eb57e20b7fb5bc386b9b1
4831364deebe1a9f84e4eee1c66d72f74abad26972f75523ac2dacab3c237a1bc8996f4886f5d5dbc2f30092c824ee4971f0a6838177de16c1f59d8b
c333e2e97f2ff267bbd2cb19fb88b9c02140671192b557b2c73ccf215a0548b4e29204266b6fea2d3763b688bb4fc9ffe60b262e220b85b9ba4a906b
3dab9a30d57ad12162bb247ebc5548cc279db95d41eef812440c305e41c4f80fd7ad3d86cfaac7ee5674e2b1bb63e9198a9aee26e6f08a5537bb79c5
aa9c337dfa8b137989fbded6e011dd211aea6b46b0dd726cd32ab1de56c1dc6965ca768cf393061d3b176e5ba1fe762cf535d8259d7ad531d404ea49
11c0be18daab59ddbb8bfbda74eac9801ca6534faf29ea1f38915cebd553b92f71af098e6ee520a55d537d455f7b98eab3ffcda79ec417a6502fba6b
98423dcb469842fd79a11f33f1e9c54aaaf44a62a2497af31a0d27cc9fa1634d6e9ed54793dc3ca94a219d7951d86136732da177ef47191d539b3f95
fd4a9ecb69321abefa5cf399675de5c867de15d091c1bc4a47ed19a9904dc9566bc8b5e718fae4450a896315c9cc35df2599f9034bf2256e3e5f0230
bacf703d1c0cb394174d414c46bec8f1ef2410925d20317951d4435ef2f7233689ccb3160f917f5c2e31f28fcb61987ffc790116a5c2d1095458b485
549833665af222d6272db90935a659c99f51f915f6f96e08ede6f572340f79d6cdd3d4e3eaa176af294db7c83d9e1767b88af47d56f5eb31684a7da6
2f3176da32c2ae2caec9c317296593870f125e4f7284bf0dd07483bb0027ec46cf95ecdebb18c69dd3edd32ddc953439b01e0030b0eefef45934e2c6
d5e152e3aa5d874b2d0bc926fe7e663732112208f4dd956c989374e2ef3fb486befbb9038166a8e08025359f78d333d414e2abf603a6104f6a99f711
c88f4e873a2eb0af69c29b32d91dcfca3ee39fcb0dc010b8aa9b4a42d384afde113b797834582465f8fb078dcd383e0cc7e4c571b0a6f78d4b6d8a62
8d71cc219e34c0d99146b4843cc024e249231f93889b0e7b9a443ca9b1d9b740bf7f5a19ee2ac1551aed2abeb5a4d8557c1b2c71d7755293967d8bb3
064458eee5f86ae7992541d59da3a98b722bdff641650cfa5ad4d0d9919493cf8b0c97774308f9b91b7755d6c60cde95df1b887857641fbbdd0c3eee
cf43e609b2683fb41312e3ebdf6890e2fd883e694cf223c331ed1877ab8ddd51466b4fb31fe8183c7847ac0615cee8842187d3e1f485511a5265d7e9
305b4504ca65baab3f3644c9ae219e86f33b86787a57ee1226860ed94fa5690e325c10c5e65a846b89bc6b8aa7adbef9e5938690fb156002d91560da
80c604d33a184d89f7743c14b347326147195e88d3afb4b11171dc010c0b13727f973ceccb5d65dd0b5568edba17aa24dd6fb136b0407314f569c722
d1051773c8bdab713dc209106473c8bdabfd3da43a54f21eb2f24acc8e258c21fc47a12ba8eb909557077898e037d98dec26a7fb8096a845687ee403
709ad4171ae19093575d71404a3c37b855024cba84631f2a838f550b786eed639516663f1c30e93dc699d4f970828e241f987dd1f83ffb99bc1f37c1
91e4fdfc2a3806bfdafd8a3187093ec8ee40353d16aba39a5ea1e10ef9ed0e7a3cb2c6208c5fcb7be9ec236bf5c0a63bb25267b6d061d83632453f2f
f27eecf443273e4d790f996c5da40f488daafdfd81aada18e847962965a31ff2d8afa9e11fd8f19001eff62ac7cafd7b186557138043265ba790a3c4
18fc27625ed06df8ea71cd1e48fea77e0f4770d6dcd907927f92e63ccf904efa6a1d9ae5e9c575c86597c53e0dbde9ecc86693bee57989cb94cf6ad8
65d0b4f48bb1810e64ffb5b8bf206634093a24660a68e0a8304bf111fc77b43b6c8a950ac266b1ba27bff922602e75f0dff42effadc5fea173a05171
8e16268e8cbf69d6e8cc368d855c0d3970ed608e70fcf31485e39f473afcfb5c00b4d9cd1bfb0807bfe167e1e0476b3f073f20e832f75167f3c53afa
7fafd681bb573c475af6ac1f0059d9df7c0d3c63880f29421ef6ac0a8f34ec3376f005d30f214346f5a264d084ea4ae34da8be68547368c3239ab9a5
0a5de05b79b91b2974a42e84f253393552aabfffd0bb996b0dcf7368ceac64d5a4ea8b7cdf19dc1d734752f5a2c8c29ceaab240d39d5df97c44b835e
b47a8069f5e1572b2f88cf614e4daa6e42be798611336c0ff9d2eb625b0617d29e8914e95533fd13be2c2e8d73950a644f983bfda902909a346b3f62
ee74bd3c4c97fe06f7e3456ab5fa8f520e588d3305450830ca4549caf9bc481222c83ae1f9b4613f53508474993064cd3ecbe7d96ec0c5b428e19403
3cb3541fa2905341a60adc13c49ab4e639b38178042c0749ec4bb78e2f12767fcb184f15a7468f3841b40615397340c71218a55c1dc0495633035e9c
25c0660ad59b6add74eaf7a419f8592441e1adcf222f03a977068707623d83c373070687076238c1851184fc2c92876e826a6cedee0b0229eb9bda4c
f9e1a94e5485dd695e58d98fd35cb0aaf74f2d84944c9e263acb9e941ac42af364a23351ee5903685f047ad8a9048e552e2f10ff70001cc8b349dfd2
bf86d1a0a5d3ccae5a6b9d20c6a4b4ea34b3abdaa513d1a456dd27a2c9a40dc349241fc59427a834a2299d66464b2eb3295f25624ef8c714b3dca52f
fd0c276a43599ce67f55e67ee2439cf47538cddeaabdf0d9034a80317dabb2f5d380e46bb2ce691d019047733bf5008d17c3f768af7c8e207da903ff
9894e79fc30018ee5a13bdea61710ee9600f98cca4c67ee77008512786e00b8a170fe808da9de14ca906b180e17754fc9d70893d36cd942814a74c69
573894734a1442909c53da55d4358376f533a5a5dda6a55dc596535d49131c7525a215394b458ea73178d4299f5b40cd4cc959aa6b3d651ed5b59e06
e15180796e310400dda4e4dc6c328f8aa84f43ed28c13cb5a156ab7a6e32e4d19a0467b58e14afe87b53fa4b955d1a5754ba2b9e716cbb04af93837b
d870a5768577d51785775e5e18993d34ae554889e026daa584cb9fc4e3b947ec7141903b13f9181d5d81e829d7aae0f6444edee3881f0e085ae03c10
617bac8c95be42009cc64a8fd36f26bdb5d8986328fea37d06c4c789fabc1b6be33c94cf15fb64786a4acf889eee3608a9bb4b7a38822a38aaa6e08e
4e65f0aa5d4f5c9cb3fcfd794a714a02606d6d2e8ad338975ae49d8ae775cc3d4fc97e310351798c517b9e929c2ec9a9cac7b9392599218ccf3346e3
3f46abf7f89f46aaf0d2398d5421a582e35a56a2716aa12dfd7c5e92a6abff489ac667c57f00e7423764cb97346bbc007411975c0134d37949dac78b
a47df245d25eac7949413b37c4b5cc46e1386f496851f81d7032d05b389ddc5b38c5d477cc344ddf0128b0dd12d7ced42dd4ceee1d3c08e3b9555cba
8b6ec96e37ce1da4be9f69cdc38a5c4b90f7951761838ebc16c96e9abe16c96ea8d26b09c27ff212847fe7451f2616ee8263ef4683b9e0d8b344dab5
a86e1b362da0cdcfbc39c0d5d722a060e46b55290802b956390710f7b56a070bdebd563987e9670e4108540ce8ae74417366a588d76afc14aeb86b0d
852180a22550767b417f4aa45f7adb1bd9e592e597f6bab0d99346bf64ffd5a55d7a38179f2712079a956d9147373d7a9771bcde8b33ebbf4a46f4a9
2bfa156ecd363530bdb7b651ef94039a1ebd91637c921efd15a7fe19d0e10a292c17d265e03b69f6cb9b5306cd2ce9e201b3a427d9d86b04bd29a47a
cdb837a6927bd0ef65e03b5528e449af326ea64937529869d293ea10d3a417e3945c5cc24d6c7111052fa67feaa6d26ccbdb6c58c5db0c847fc51dec
ca4cb1aafb67223e7160d3cde8444f186437cce65e5c7c89bdc88837655e2e9ac9d803e4cdf5f72b02bb746ec62b0247bb97b98d5b8acf60b89c302e
e3a207a4b9d89b1c03c9d8df2bca7f648cba5dca18751b5034c74d649ef624677345806908dc4b676deedc8b84b412542670cfc66ab8bc8ca523aff7
02ceba5693c0bd686173fd6e5896f2bd618b5cf465d83bd513978a683548d7613c47f8e52bb291406b92e63debff7271c176558e9731f0642f2e2ed8
de5dd643e6c96d7560e6d86c587b3ebb172e2bc810d1acb766811a25017cd6a783a4efef1903128284a82722d3fbf30c1c671c1566f4f4a8f88ce0dd
618443b658f4827b701491de1d8ec7f4ee49bdcea51058f1d5a510582dd165f8397541175260998ccb9b6c75775d4132d85804e8b031e836c7eedd15
10874458b4772b89f20f6f04dbf2b6d29a8a34ef3520be4d39203e34979bbb3eb4db90b79771e8e4ed2fd5dbea172f3db8dd5cb721bd3ccec6a173be
6fe3d02989bb55758b43ef9041d3e71df71678f75e80b2fe193cfb362e9dce23775c70cd97cd51675ec8390112b9c3791b62f9d6218a0520b57b5562
761b394e51decd7d54f46e30e9fbb3328317c48f6c1973be3f7f30803556165094412b8f21d3fb1ab6ffa477cf721bb7d6605e42a67a4f4ac24cf59e
dccab7d6608a0cc9f5fe60a4ee671c3065f5b71eda5225b7aa6f09915bd330459e37a2eaa46494acf05561a249e19378e00ed3304e0049e1ab78dfa4
f0c93bf8fe058ce12be5d6464db8955b1b718214f1d5cc496688cf06a831437c3682bb19e273896ea4aab28d294d71314911af3de19d03bd32e4ec61
a6e112b0f055388283d3c8fefe9e00e6a2788971686ee5cf7a5cdcba857befdeca9fd59cdc5a7679a59027be6869449af81a2356ca22f149caf87762
6dd863ce25706be525e7772372796e215f30ad2d3ea3bd3506dd5d6367d07d8d9d41cb6154eec8aaea19a74c598a9a6d92c63f1bd8c6e470a78dc592
5bc525e7397cafdc25c852c406e68c1ffaee9333be7a7144ca7873a1de4d9ecb1d1bf192e305a30f8fa5f65fc64bb911b218befbeea27eee8d5b1175
718f1a82cec9379c9cbb22c2c9792c95497b03df1277dec077970476f32222c9d21637229261b48c7b605ee4b10c65b73b995cb192e0b7f493c2e47b
ca5bc757ee7da09feefde41ff8d01962ea46703197a8ef7673f1a7ace8dfca989b5c6d814ca69a2e8f6fa8be6d6f8b93e14b10e4c08018e2a175acc3
3d6e2c901b92681817f4de74a573dc082886b6a53734d1d0eaf386261ada96ded04443c3b51bca67046a86f229dedfb78edc6ad16f23a07909dd4828
dec4c9efcba16e0862e086ac980a01c879ffbef88f311b105e90f4fe7da19fc861ff62877394e554fda733b60548660b66ae16801c0aa6ae5180e491
605116204b7c58c7f12b18ba25bf331005606b4c80a26073bc1f1c3390d357853174bc61a260b7e083031944413f1105461b7bc9230b4e2354ac5fa3
501a0f3afe0d4eed4127844714e828977e90aa0668bdff1a558065109928609fa61731440136bcbdffba555cd3fabf5e906b542cb22c80317f96e5d7
ad3c6f835c880263648f5fb7b29403399405dc1506a9b000e457d76f6dafae836ffa57506df407ba8c4a651b45018adbfe0d4e8ea32169b060d7876a
7e804955a352b040e77f88610ba01e5bf9a650fae599b1df58bcf807c1e22c30af0004471400faf8d706fbb4fe9b752fb256be8d2ba67b98a0af4a8f
44415f818126cbb7f94520038e320af04cc616d2020485e3bfbae52436eefc2888edf0f502c16a6ca3280049e0c3f714ac2786006f46867f05c5295c
be82dbc1a55f417329fbf785313c88cf1e05eae097af00d45d461c8fb72059507f0506ec1ab1719f024c514659be5e00bda77fbd401b57acaf28385d
06c80e0b84a394dfe0940237dca82d00e7350241596064d2fecd87924903f15a0062eb58c4474115d2f41568a115fbf4298898dbeb5f3aadf89ac3b4
d4df6429f931c47014448ff92be08a0041470150d7f69bac2bebc8d1bf029447adfffb026bba01cd4ac1ad5c6a7c7b454af4413fbf5ebcf7b5397c0a
d2a955464db1684f81491546dc024f8193b5c62aa633d4a2040db4001abd11d2da82aae2f0df1746af6df3d7ed79050ffcfb22668c60c516684259be
6e2f9447a667b46044f4a11fe848055e0deb57600011e8cd28382df8417a23d61bcb07c7adad5ecdbf36a4192609a82c30b17c6fdf17e278e8320b4c
3a855cd602d8ff071f7ddd72ec07925f0be0a65bf926e8764b2155b4e08e2ae52bf09417abe45373a33ee274bd05a73749f915247775fabe40c3db53
2cd45bc0cdbae47f5f44b75f2fc6a15c02f4b720897df35780562afdeb054a7d94c02539f0d12871193f050607aef9eb05625503fd2838acf2353a5c
cad8eb4f81d2b665fde04062365afabe101d97a012de02d321fc031d9dc4f82fd0230dc0fc57a0c0f2df584ea3138e0f74b40f7dae5f2f9ad895f44d
f21505df14dee66ba93f484fa390200fb1202931fc2648ad7d2963fd0a0cb2f50deee4ce7bee8df61574f7e9570506ae8ffeef0b8f691d5fc1e195ff
c101d3d66afdd70608bb7d8353c73b4afacda9aadd07f4af17288d86a56d141c4ee157303522abdf68a737c9b7934faeda86d8cc02031ca1f1b0000a
782098a340aa69202c8b0269b36f9255050c2c70a2e0f4a8af5fc1651bfd2b90a358be5e5000f4b97e8d82d8fafc76e105fa2ca9ffab62b68dfc75cb
ac77745616a0511fad7cdd764f54fe0083587b20ffba8d34decfb9fdf3027bbf5662b27c736384eef91d7b9401ef3096af601375fc2b00fde0696781
69baf19fb1c0655dc73715d30d38be7169b5fc23db9f824d7bab0f532861eea38daf40acd7bf91cb55b56f572b146eeb874bae2054be538e54f4b905
be93719d6ef3f2417a8b8ffa5705d3a8b6d47f059b53f8f5723b1fcb0ff49b75aef59b648556357f6d286b1a3faaf42db89ca0ef8b2c29d3bf2fbce1
c7873a6e630ce70f832b74e9e93b6e8a21fafa21fd5bcb75dc4c2c400932cab767efcd2fbe9371efb631ca57505dfd7f5f8806bf637fef62f07f5f40
7495fe0ff4cbf3573f384cdcd7fabf2f5cdb0febdda2d216a8a3fc88e11f1e780a8af8287f0535e0f8aa80b19e29fc0a3c4c4be0b4b740422bb06f89
fbaa23078882382fed2b60f573ecb1a760888ff2f7c58c46fb57708ae4be6e8d6553db5725088b60eb9e8223b6c3d78631fb5bfbc6a2b221cdaf0df0
624fed034cadfe5cff55713eda07c7a999496ccba7e03224eabf0234c4fdc77095e7be12d2f2fbe20c3aa2ac5f815baaffe0d06cabf7f56ba3c49cfe
2b10b0fe9b75ed74fafca650eb9ad1c66fb155f28fd67f83bbccc6dc96afa048f07d3be8eafa5c2fbf36ae20f852fd0a68b42fbf6e555469b1648149
2f4bf91abd8deb927fa02bf2afe855a240ba7bfcfb026af6477abc0572c6df7c28271e3f0af02d40bcf96f0aef2ec553ca57a04e6ffc9641d95dfb89
0e9e0270b28aca288006a8df0eba0fcd9397e52b684ed0f7c56590cef48dc534eb3d4e650d26b6d620c4df029034ba190b92c47cfe4bc2e7d759e959
4cf85380415efd117f6f8187697e205431d6fa7da1dc2995af40579b196cdd53b0c740fbafe08a9c261fd4d8339414cc413d35591ba5fcdad082cc30
561648b712b98802c9903ae6af8ad602adaee92b9836fa6be3ca5261715d3f052da23d7c5fc0beb716f4f35300eddbdabf36f0dc1d65f9da08d14cfa
003b94b3a4af0df8ab5adb57701a326e2c5f81ec7bfeda10e9ff9b311584752d5f1559c3e55bcacba0ce75f90ab86acbf826d9abb6fc64686f016778
f67f054a2ebf3664fcda4f14f114183761b41f60a1522af337419eaedaeafc0ae8767eb37e835cea0fdb3c059878d6d27f9022c27fa539eb57001c3f
81e95ba004f51f605c4fe5878e9f0244ffed27f0780b1421fe1b9c3c7c6aed2b5044f46d07e5d0e587f49f0251d8dabfb1ec32e4e3df17eea06ff32b
7daeed5f2fdc5725f57f059af0fd1bdc1178f11bdc11c7e31b0b08bbd6fcb58196baa6f9af60b7dbafd15394fe2117098bb1e6afe092d2f8b6b652b6
f143726f4193f4f816ea16e97f67ee86e07bd8cd6ff877086c3ec0d885ada57f0587b8d55e5af0df95e0c751e0218c8bf42d504018ddbe059b3b797e
05d28841253c05aa017becc2f6e3e167f9f7857e40e9830343eafa934abf052cd48f27693ff459fb07186ab092fe752b8619ffbe6856899be42dd03c
76fd46db946c2f5f1591636f5f952ec1f7af97e13dd13fd087a4c7f2af40d9e6fa358a54fab99cbf6e7578ace9ebc5143873f97ac138e6998f7f5f88
a403073d0546affd5df92d48b15afb57803ec1906e51d0bce2fe0f0eac85f0b4fdc47f6fc110a66fe13919051db905a2c1367e057a4bd4d67e557479
28e55b811366b4b5f255c106c018a15160989df4af009cf6e34e9f02d4f3a597fe157471c9f78578f1a7e2790ad42ef7f27d81b57b1bf36ba379f9d4
ef0ba9b011d7750b5a6ffc88bfb72004c1eb57305cf8df0a78b396317faba861672bdf2a6ae658c63763d7ef74fdaa5c39742dbf462fd3aafce4cf6f
0194fe327e805decfb31e7af8acaf5d6be95bb8f888e9ebf028d69e2deec71ec470909c853d065c98216e9b145478b0df81684a47c7e05323af5f785
12a1d163299f82aafe70ccafe0a260fdc1a1ed791d21cd790a2081c64fe0f11688a096af17957363f97a39c312f02bb8bc7c82017d0a64a6ff8d45cb
c5beae5f4112d2f283e3c22ca2b558ecb7c060d3fdfbc268e4a5ff7ad1d0adfdc43b3d087b731b591032a3fa351a8a82fa9ba07b315c45fe0a42b0df
7e3386f6fe558afdbabdc147e327437b0ac43633ff7ab9235f52105a23d0f128418bbc054e50dc244f01eaaaf113b93f0533941e5f9560fc02a58fd0
c6b41f253a9e730ba43f45d253508d6d179ccf53d0957e7ebd9c5dd2b47f5f6c217ef80ad8daf3271719a19e31dc1f05d722031af7c408866b94f683
f456ef9c66fa0a404abfa3fe14183fa6fda7b173d9d51e56d2f2bcafa2278c497cb6d46282600648dc41f2c5413de84d6b03f78feb7dcaceee16e8ef
c1923fd74a7c8a0fe53abc15f72b0f3c918ba78c006351566f39ae5bf2b3a62f217471c6c2ecde61a3fc3398ed3be19a7cae77578a95eeabc1ccde51
99fb8a3282f5a52f6549f70b793fd37e6529e3d326f82bbb161c9f9764dbcce1d9e942de04352cf455060e5d65f1557d6960caaee5918c272fe1af19
bc8b27ea613f71bb727fd53288ce6108577f3cc0fa5eb2bbc611787d0fe72868cbe31a0a44886df1037d09085bfb08b0fe79bf82b777d95f1103bf7c
e68f8078750f27666ead1f7d13605363da849b23ae6e025aea633fe1db7159e3cbc5ba865deddbf0db3b576fdd90e508bb5aa43975cf8425323bd7e4
79a59d2aebbcba9e9f640275dd492641be5ca5fa529984022be3f3fef249dc929f029380e86ee9af2e9f9173afdd85be4466f4f1b89ec7a1d55c4830
09110d57590d7b5ca85657b5f88fb5b5d91ac15d5b572d9cdfb3dafd44e72eb0db31e4a93bc774153a104485dddbb51dd7d50e2e8f75a9892ebf2bb6
5417e175897d5d65605d9896a46012a2f7a52c82f457e588ab616ce96931d493c01117cebe0978b9f997bb1fdce0f3bad41b414c52f4ce4d824cf9ea
e9d54e42621bf443701288a1b256f9bd2416ebfa703bcb5d16f7766f21a39f8a93d07d0de745d0869d7ade85a2bd3c7db39d048706fbcab8fddbf645
f83978d8eedc0fc17ed94d47a6d8f222e0af9b9634d808b4b4ad32e0445b6aab1d308d73908f4d409f90f72b8542f37e05417688abe94f67c2b4d55b
bcd25a69bbd00bd94a8c9ba06a97ec6a12bcfb6d3f3110caf7d517d444a5eebe8c88a6beaf5a46f2ceadcf807e25f5b4cbd05953c3feb6e3f659b89a
2ee36753552f0297fa96f62bef8f19d4d6a8bf831bba77eef7809bd092f31193c0201f7e0a188133cfe7e92414848cce034c420517caa7f66ff1226b
43f9b93149ea79bfe2d8ebdedb9f1f9329fb1d621274cb6ff5584f3c88437b5d2d757971cfeb157c3953f89e40b2d6dbea2da622c9ece9ff7880fd5c
6138b7c17313248a587bda24483fd18fbefae57ceb9a2b3f5707a6de36419c4b8e7ea81a4147cb622126410a9cc994f64dd095ec3cf62bd12f3ac726
246ad9040f3c10da26888f5fe63c93a09d222d066112745eb575f3f92d76b997ef09b187f97bc2654665770e9f8e734f1efc3a522fbb61844ae97df7
16bb9a5ef62bc0d2f6be0858c9e775d3fe2dfbaf757dfff9e9dc525fb5f8c9baa4ed3f5f0879d9c14cc2c329d0d778bc3a38ca52e04c826b30f6e471
11518dbb9617a3ce3def5d00b478ac9f4bb9f3325c9c13487d29cb88ea7131750ece8b4c02562eddcb785c195596ea7b122a43e8028f4918dcf2e32a
03fc01e02e216039b4ce4d337782297706c70888baeb2ec3cfefbe9acece99d6c96a04c44cbb1de8e4f362caed728d3169da4f383f53f6133f84486d
b703f4a3b3ef5a5e36289f306687e556779b40f4fab5c41e379c6a6997e12a9eb6bb3f10772de1c2246437c36b9ba0761c798dc770c9d4ee0b4e62fd
8cab2f183ff6c367a16d0eae1cd8655c5c52d2eaad4bd8cb578b0495b9a45d28a179eafeb66885ca62c526e1643beeab732f803d4bf8fbb812b9ac6d
cb08aaa5f5d517389ec912ada6bf0408096113e066cf73132ee444c72e941dbcf7dd523105a5a5fd8a98b57c7c6520102b69b7f4413aee833c5c7299
96e4643c8f731abe078d0737b4b684f2938048a7f9788c35847f43e0e277c65528fe29fdf0537112f00a580aadd725976d19714c82267f59e298775d
b7d7b9f92e466b715eef32363ada7e458720b1e12120fbae71bfc209b4acd35e67a38a6940ff7880bd7ec16fa5ee36bd8844c2ee17be49c547ef5d86
47b5af5780d8c84bdcfcba4c20675f6e93505d10bc5afd104136a4fd0422a2ea73e5750e2ae73d9ccfed6ab3bc09da5c62f95ed1f89ea96e02e3eb2c
84117e8ccdf7ca03618d2fbed6694975df079fe414ca22e022dcd6247edd58a7a5be3a3702fa9add520484b9ec6f3402d1b4fee609ede06b4b7fdd90
b32c96fbf5231f3c4a277436db5d067c7c49bb1dcd9fd8d5a2acfcbe1c0c640a6d757f10d6267d9dbb51241d6b08b1834967d8afbcccc863178ad9cb
b13f36662fb97cb570082eebae77ebe2fe86c0873ad6fcc0d7291ffb3360bfdd8e3d40f21f3af3d75bb9d7586ccc3593b1ce06f406825b67f7fd4473
295bde040ce4d2f70a0c755f33c8f9885ee326e8665ccb6e9854a2c434718284ae714f184c564a8ebbb703b15bff083e83be57c436c4b80b1d6cd85f
d35f66101c763e9e1f72fcc8b16004a0537bfd08cebded57084d52b92d88f06308fb26b080e0b08d40484ebf1a1a0107edcec415818f9dbf27582f5f
3b1ac66d69135c865676b53fa636021b23c012d6bc5fd11012155b0430a2b29be189e0275a5c0434e4990963040fab5e57d31f8fadce862d025fbfec
421332d6bc1af664ba5f77a1996bccfe2e60edd46377fff189db77a16e69f7f50591aaf37746d08db4953d40dc488b9f4622a81db9ed865db0626d97
e18ad7b65beaac58da65c8e0b8fecd98beaebb5eaf20fecb31af575074b4f358af70edc865770ebe2a97dd0eac10b3f9c3fce900d3d3d85becf9c62d
b9943d36c005e4b0c7578ef856e347806ffd9e0046a6ecefcc36d8faf70ada18e76d44e02ad476cff128287bedc064b4fcbde2cae0738d9e1b96e73d
58701df948ab0cb97fda136bcee24f99bebee04898dd78420484153d6f021828a96d0253b46f42438fb6970a72c9e6e64d22c02ec7fd840bd7bf5a34
40d9ed4f8c006867ddddc7722fc7b0fb82cfd279f64d409feebd3de7ddc8bb9f172132abd96c4580a1e6466a848c71fa5706cc896b408d80e143f551
5f8e2e848b7502ac07a7a211603d5c0d2002e6043eab2741b7965cfaae167b38bfb588e063baca4013dbdc74cd08ee4a97d62ba05725b7b73082dbe5
c13f677308d1e43fea6ae908cca03d6203b79efebd527d4cd7880974c26409bb0c4073dc622e9bcb08860f7bd4d1b5e423c74d78297495c1b9998fbc
06f91da0a295b209da06a3ef9ce101c9b4ade5616e271ac2236e02c29b93b3d7089a63b5e44d78b150f15968044e121f7523e078cbfd4a04ed0e47df
edc089c2c5b22210de232c022085c50d39454065ce9d5504673c57a1ee0f9353d804265dd985721ad5af16ae64a1af963e2ee339e3262426cc6e4744
caf6350c5942fb089c686e1a21023a89ba1b96f032f1b56f04cc2bf27ec57d97cfdd30ae42f5d8848ac4f07b023f4157de8ae0e3b16bc1aac3e5b422
7018c7dd5b7833f7bd1441cbb4eff9f12cf1d41e421860578a89c04d257cafb8f3c2f704aa90b47bdb10d8b4af5af42b7997d1319c8a7ff603b3a72f
1744edd7755d4dee6220028adcb807ebc275aced365dbe61ef362146c87577e37603b95dc6ba4eedb1b931a2fabe11d7a9ba57975fa7d6a9181e20c0
f2d1774b1f34ff754fafc7cd8a76e72454cb69af50f7a2735f4e237003eb79370cd955fecac0a0fbfc2631dc718cfb95176554dc0dd3252587bd97f8
b5ce65fa22e0a85abf5730d1d8d3cb019c6a5f2d059da9b9fa5c0444007b36b9075fdedbcf08086e63db0458aa236f02c29be37b85b5b35706e26162
8839419a94237f043ef6f1bd82987a7fec113c1a61dd046e4f6db723e276b9871075448e61370cfbaffa95c10dec28bbfb38761ffd7b0523bb3d4f71
d8cb2e2f16019c9c6f4c89dc77ee65ef0758f87a5bd83af6f218924be6f8152afd66768dbb08dc59f73e00d398e3df3ca193e4a81f415b875fda8c80
a7ca51776fd14d966fc4ba5b23ef5aba37fd7b023bd6bde63037c9c73e049d13ed5fa11716a6e52354b6f4dd0e196116f76610812fb7b741d444397f
9fc125277b4509f9e82ce19b0e88eeda5e8418fab6bc0f1f108ab29bdf8880e4f29bda58bbe56fd411651e6513c007729b5c1198a7bbfbd8d2cc8bcf
aa16d3d756f61c43063ff95dda611e8da0c53b231eddd8af155fd97119fbb9859b11c4ccb7c3977a743bbabcf8aaf80857d8b6e063114e98136f47f4
0db69e7ea988ae09aa67fb08eeecd39c30a2ebf356192c8feae61046d074a8b11c9b80c5ceb108aebb5e17e149c88068f984892ed3a82e8416014ef4
5cdd074243603e7f3cc0ec69b68eb006dc912c4a5f83f5deb84aedc172d3b5759224f7286ed92760725bd21abcd0ede8727a23cd5b448375964d48c8
bf7c6c922bfbeab90b450c59d7624a7ec36dee0895931f3eb57d85bace27ec328673c7d10943b2f47afabe987c8fcfebca9bfc2b16d70a19a1236838
57f71ddd2b1cabb738975537f7ca6979693bc08311903a96bf217070f81666de115e4b5f040e8eeea7b311908038676b1e11079bdc2e03ebbfc51f4d
42417ae11b9411b8d5865d4647525ed713789db69ace4dd0a9e8a60022705b08ab5a04c8a97f65203471d4081174e4bbfd9708de8eb80870a5d9b741
23643af73de19ddb65b806e36b0786c34b42969dd74b2eed33c2ed06836b4c8109c839ef6a1f84d06d0d213001f5f4f3ca7c37b4a8dd22c3080c902b
3d8cc0a958eb2a143cc4bc0ec1ec474bebbb2f7813e533ae6ab171ca6ef39cb3dfe252de7dc1d7b0d4fdf5dd84cebd788ce0faf4b49afe026dffcd0f
b7cd7753e0bcecea734cbb50b4b967d8650caeb92e532c2e42ac67fa08c845fc95b2f59bdeb0e25a901cdb263cae698b8b8080f0f4e551dc58a065f4
df460097c6bd448d90b9e63ae755169bed726b23fcb8f6e7d5d22113bad6fb6aa97f97d2d32670c1f85eb97ce27e04f49b79b56378b8135f2fc58d38
aafb1819a1b1d4fd6397e56671d68f90d83f56a1f85f65f7163702fe79f1889be0d6369451e741ca10fa7731020bc8f9eeeae03f259c9b905c7b1916
0103cac367725d982131ec5a2e8630ec2770295a8c677563b4b43a575d45951cb3601240c74fd6b93f1e60d555dfcd55ce46481e8c71d5881ebbbb05
af116e08bb915c0ee62b9b907014df1d75e389e297732360b3e1b7b8ea8b3aaddb53755e2f9f75b5032e2c2f9ea22eafe4ba1be65ec9c5f7e7ea22c4
12d36a87b0d5cee4d8304660fd1d256c821ae6d830b9f967edaef410c1fd5ae22224973bed2770db701f1d233464022e1f6dee28575d05680478df75
2a36374eaf2daf7610ffa12d6eb0b9842cad9561d6c82e34e99b80d1c21136811bbfb3a9cd8f96ec580c46b8d080fa873202de5561b7e3f676ec5770
fd760de8248c8c28a2ac96e25b97cff61180a3ca6d1370b8c9ab610075a670aea6a3032beb2ad4fc53d6c5f13477db9e65ac5adeec2e7daba5ef8dde
28ad6a6197ebe2679a0b5db3fb2c65c309f7de9645f068c1be20bb6b96b21bd989c0d4eefb15f681754733436ab73f3916a12186748ea72fb3c4ec53
db089a74c14ff8bed444ee2360848eae36ad5adc3e70890e0cd75b6c65ebab506cfb7238e3261088e05c7d0134bde5b4085cfbabfb9219216009b107
881dbc95ef95dbb5537513100ceca683ab5abfce61949ac21e0f54a26d49c8ba5b75cc573621b9c83d2f82f39969358c63a12d51f7b22fce5fb55841
95e89bc1f51002aaae0f752d967089bb2ef7f26aee1569046709fd335cfe29cbda722ef79a2d4ba631097e777669f0b5ec1c1c4c61121c47ed3c562d
b82555c7dacacb02b9e5dd302c909be38e1801e3d825b79e0400f8dce4cd08e8c0d685eb721cb57969db85621992f31a20f7fe71737311f0258babe9
c395367955eba294e0ccdae5fc5d76081911c4e098a9f81f0fb0cb9dbcd3baad5f6efed6dcbdc808ee0df03d8164aae7552398a9adf7fd84bb19d6d5
734035abbb8f88e0b2f4ba09ea973b228a80ee297d0464e979d75231c5efbb164ec5b4470fdd538ae7b909c8475bd904ff029be0705fe726a0822f7b
c05fe4810e46906f3fe2d2da39efe5eee8b601227008fa34bf7d21f4c3c54cb7dbb496fcbd2291755abc9e995ad30ee7348c80a2c0b7d2db551ab97c
edb87cf2d445c030a67cedb889491d76b5e8e21c39ca08747fa9788ce0562efb958709e82376bbc35eabbe2fde8ed7d5dc5551043728fd5e418d183e
02aade1c360193deda3701dc807e6e023653e1235c0cd06e074b65dd7b6fd72db4c50c2f73edd2be272ef7c0a99b007472393681f16869139c7dd94d
bf5862fd2bb4d0b03d1ec8e1be317d9cb1cffb8987d339ed5ad080aeabf2ed12a1d9d2fd0afaabb45fc1b431bb17bf08408dee21246a41eefb53725e
65c70cc9cbb03cc563bf227e37c5fdb147e2b6b0c703596f71a37023142020f67719dc04dd7446049c17ce3584ae87778b5b11c01bfd1ad6d0f97cd5
72801d7b8e0d871badbbe90fc285af610f5aa13dea0e2f7086dd30d499a1ef6a1faeb95f4ba59a4de7df54abbea43da5f0f34f4ba6712feff96f8e71
472b7d77ce7164cf3dc8b8f495b2c703deacf5bd5d60819c17337fafcb7472a6e0f71007b256df9397297e735430237092546fc7cf81d5e61e141641
9f2145ff723ff7fe69357d0457231e9b8041ba6b517f8e949ae2d7b00707aaf66747667bfae58a1777ab5f77fb5a8d548436d31cd44dd05ddcf19844
7818bdb408a845ce9c37c195409b5070313e772d8e79e9b3e9b7f4944b3ff15b12c35cd650b8c54bd82d45fbd096c18fd9c42329f74ddf08307ffb0b
f8bc77483923009bb084c93f87a36aa56ec280d929abb79cbdcd1d198cd05158ecaf08f65f5f2a0db393850df1cd65199637472730024b766dd88f03
f19698d713aed95dacc7b37c63d6a9f82c54cc25b236028286b2da413c97b40c1f8ca079efbe31929869fd1d7e803d0e5e5bdd65d208d1598fb409dc
bffbaa656417aa7d0418d9746c82e647ddbd4581539742f971ed438abb735cc9eada061f87d7c90e266484e432c5fd4a06d5e7d8afb87dd21ed3b701
ac90d798ba8f8e43a6e4f11006b3ad6939dcd33b75673d868bcbf3b2cb1bcb43ab7c65603bb2b884b10ef458d7136edfbf36cae16667694ddce1476d
5d8cecf08b7073fc5123bc4e58af385ede923a0e979c9475a08fa5795c5afb49808b5c2a8de1266329fa200fd7d6e5baabf510318e9668849b0daaf6
4d186ce96511e4cc9197d1c270f968fe5e790f96695dd512cd202ff9f92444b6d2d6360147b9fc3dc1aa6cab5a0cb8f2f911b40775072231c260dd1e
bb505a5a7ce2beebbaddfc33bc2ea56fee2c6f0402a12cb9b55989c3ffd7f58a836fadf9f1ba9f7f724052114049f34dffddf2f3af0c1006d795e175
f9795d669acbee3b39988211b8b2bbcb675e16d96919b5bcce3565773b998491dcd42c6d02eabb63115e0f0ebc5bfa3af01e53aa1c2ed348ee212202
7745646f4638d15dcfb5ffa703cc9e863b76640f111293f85804b4530e4a6284e6aff4450040cf71908c70236de7b62e02776026a011809272718608
ee98b96bc1f739b7d5f327c095b655a8bbe53a969911326ab3dd30d039b39b3518419298eaebcf089797b109b79fce6b3cd8c16b3f57c33c3255de4d
77971c37502dcb52b4ba90d108407eba17ae113afad2bafa02546fed71f516857271f38a722cd3b5dcd677f635ec86b24670d3b5b69aee4b36845528
2b34392a9f0808a2765f5e691e4b28aba56ff3ced1fdd3976c72a6dc0885f9012727028217b8f4b2ec14b383bd19c10da098e6e574b3b3e686c34688
7c064e1211585d69138a3fb11a46e4b8392b77a19a41c5afca93c0152495a36e021aaebc9aee162a6e4d6104c05ddc5add08c437f0abb20898c01fab
1dc36316d473137e746e350c5177725b582388274aa92c02c77573a4432300839e7c1f086e505addadc70868958fb89e80adec87afa8657597dc8ddd
08ece00e7e2d4267bdec57e0341ca7ce088ea6c95559048c057cbd84f55ddc9e5604dae1831c964f8ddb189665ed969de1330218840e6220822ed30e
075db621994b70cab20a6bb9c74d903cd0c55d46c0eec345774678dc25608fd8c3c9fa3d8182c11141ca32f16aed1b8fc1717deca6638de590782260
2b1d762db88cb85fbb08400e1eab50fc6a9b630e19c16d2ef32a63cdd35a3641e784fba118416c6573100311f0d2de5fceafca2ec228db2c2ad6dd0e
d72bee2f37122ee8c75786cbadbf32f022ee6913805d295f1918da7f65a0f938f3b1097847cf96fef1000bae9dca790fa76ba75ca82602f7c6b4fbb5
d063f226b086cf8f80d1d0b916c2704154ddfd0205d2f10b44c0b4317caf30bddaf70486695f471fe0ffbf271e7787dd65700571eb12111c087bb763
b01d7f650cb702de033ed8f4db57a8c6b77ddd6702c6633df1fa15b5ae327cfba97b36015a53fa1ed30534513f025aa1f6bd82c3de9ea28effeba611
22b8c67df5e575238ebe5f7174dfbd6489a494d759135cd69b63d97d296e32b6cb40c117f736c8a998e31e0f1c44cb623dc2c2317427e4b270f3eb51
77e790f738672b02ccdf5e3bc87a8ba3bf19014decb1b70eb72daa5fe7b0528d7b2f791f78a2becb40bce3aebd22b0fde48fe0b0696bc2bc9801b9d4
5f0480c4f6568abf43f28b9f08eefef93de19621bbe98309b3f7120fece1883165e1f72777752e71a1bdb808b1c4cdc8fa79155d81931de95004ac65
61ec8d1098eb5cfb45e0e6933e0296bf79d71271f90c1f013b18dfd2570c80ec627b23807f128f5d2dcc5af06321bacc685ed957d3dd9e3d9e9bd0fd
52bf5e410fdfd602dad8ea658f071b7672f72211b4c72fe624ba41698ea16f02dd0ffb15305d5d895c165c7875580d2370bb5ea7737413cb54bf271e
0c4adb1a0f204b672dd509ccd3b638628383666a73dd2e0b0e3ab9845d04be8b2fd3e47ab4f9e5ce4500b1c9cda28c0066a74bea44c02ab36f029bb4
c3739585dc3cef57bbd0e1787fdf13ac6cffb669c151f9c56f1260a3aadb9f18e14492bb0b85579d84d55bc20624b381fbe30196360e99ef7a691984
f9add00840a0ba4ede08eec4d4d670c23065077c2dc98db992eba04b5a2874aed02ad9175372e19e1170adf71bbf11e0175d0d5016ec70eabedcb25f
0db3a36b1b016032b7551281bdc4d9d4ecd027734fdb84811abfee5706a8d6be1f196430425cff4666bae65fa06d02b623ce2f4aba472d7911b044ea
693f0102869bbd94ecc802d56feb4680832ae7aa96dd77be42b5c5cd09aabbb09565ff95d655a82ccb10c7b82a0b37b3399c8c1186a32de545909fcf
fc70fb8917b3c4bc9e70fb2f87d62a0b0933ad3b49590e378e026f04b176dddd5844209a5bfb9ec00e6db77445c740be6184ec07d8eabea3587af026
23740248a4dd0e00703da6980888bbfc002b6edfdf1ccad90889e5b69f7015f15a5d65d9093bd0aa117caefbf653fdbed9dcaac30898462cb6bdba7b
515a0dab6e6dd33c609a1174652feeb66d0490c25d102502e8adbec757f7dda80e805baa3bdc17b7ca3402eef4ae243402f1e2ca47b8a8d64fd6ea60
ebdde3bc18e187a16fdf04c2b97a34b8497085f8572861149a63ab1b018422d74d1a014ed42dab4bf3c002cd7dc98cd0d05dfb59d3b62761dc045853
07041681defa66d096839ac7221001a9231a611170b2f1fdb939925673dc5d23046076fdf0697eabadd5d74bf3b337b91fa911b0625e1bca2410dcab
7cb5740a8d9b00f88fabdd8d80b949fa0abd5951653f01d4b7ab558d000bb42475cdedad93c3381a217ab5ab61cb1163374c01aeed46babaeffa1507
9d16c17d62bf270ac7c9aee57676ff7bc2654debcbb9378343f319e145a4fa6fb9812d53add6dbea86878872e73d230c40b4fc2ede3d12537195a211
fc10f47db11b34d07fd0ed296d02cbcd3f7c9fab0bc0b8b2cae0ca5b5dea6f04ee9eeeb56284ec6e0a6d11dce0df992e535b4b647d7a4b6f578a15d7
c6d80e16f04af0b3f7f1dda6b8234319cbe93df8b21fce5255979497d7e18fabdb6ed5d39dbaaa4398d7b0f513dc9e6a75b0f5e2ca973adc8435b7b4
09b8b23a9c85082a34f21944c046a16d025194dc5155048f7f752e42026f87513702a13f7ca918a103f4c80e6e04ec0bdc64cc083fb7ea088be02836
69d5023c5ee9bb2f18711437e717810b575e4d7779bc7f7d237487635f7dc1d671a96645e04af655fbb85ea06d02daf2b09e705050a99ce77c9b5506
c9e6c761178d20db9671d8ac92ca6f6ef81657dada340e9b164100a1e300c2405059e3807b5144b57130ab1573691ce076556ab3cd32ca486cfe4622
a2824fb00405d3314e138a17398a8c9345759cfa878350dbfe3433f3c383a2347f63cb51f40af6e9ba948e936bafeec133e360e54d19045226c419a7
d93d27d9718c131b1f81e1cdb1baacc55d8dbce957558678f07202981945283e55d460286cf9cddd11eb974e06eb08dbe746b0255724839dbf2d507c
d078053bd7a2106f4640b1a8d09223584fa2b0f2e66f3a42a6e14a1094b9bc8eae8cdf8354bba982a3f6aff99bf1b2ed73049b42da3e4630e5563d20
b35f4ad631e241a76ce71a11002ba9aee7766f81a2e546357f6b66c98a7d44adb253c022335379252b83ec58e3104de1a15be788d9add1ab32566e38
54bbcdc024cdcbfced25fde91e3262f590502a1bd627a93833044b8aee36af9ff0048dcc20a3ce5c8efea45aed361823ff404aa6700633437318a59f
872254ff9f0f3d6a66309b3bd416adc8e3d4d78b26b045283ee2f0c2543216a612b58d847f917c8c67864da09089fca72bc39731966766aa7533f15b
9b51543529f853a7320ea163dd4ca8c5e4a731330811820ab0632768531da920743679e84836cad18294d96fded0324c40034b543f1210ff82b09d19
af524d66c20a4178241be67c6894925daad07c8c8c35892c4347a693f2e81a3978262a030b18c9b835a9b532ebae1012ef800a2378c691b16366f564
8e4eb6c37c7b10706b73b66d551669f367b69faa030b31495146d6edeb10cf3acae1b55bb105f34e61388c82f1b580d94629d7661126dfec9efbd6c8
c2f41337313394a65db05cce5658f3cbcf1f2bcaccc1a88a3d36caebaf58ebab06e65058ae99f1ff58d36aa1c7daba2aa185645a3f335463e7c6a8e8
19c4f58f6a365c456e0fa3be5836e8fd863581d0a84683639753c668c50bb33637373dd3fc6f620f4f69304677ec027d8c5e9068eb3375295cb2b46b
a357370eb0eef4e668937aa7e19199551a9e94a7673027d137e858b3cb186966d09f6615dda8545fa7630974fa7fc42331853aa12b85593d3a621e59
67ce0c719bb599f70efba2efd6816d397512f68b805c14e05f5403d22ff71055013a5771179d19baad4fda6fb776d03bf811c8a47b74b05e0c33ee0f
3b6447387bea74ea8ef2aeefdd7ff442abafc3eb547dfc2e817f6363eec03b471db51d81a1a02966c64bd3638878031f0f973c05929a99c27f28a052
9aba04ff2ea7f0d125f3aab2f4991906a8ea1321f2907e6766f87841f5b8d95250d11c666293c675e4efc0bc0ec6d1ee80e33a994b5a41177bae2c81
66469d8b89c722ffa9cad082cc3b3f0a503d485fa258840b1304d9d0cd0c956aa3ba809196de6b66083aa7a97011155b362f33433d3a832e240a51e7
e995bdd5aa878b8bf41e3343abf5152e62b872065dd94be33fda4424839e99c27f28fae19b2a039891741be3aaaca7a85673d44686d7cd7fc4c25cce
9c443587252421ebcc6809c5ace600e321cfa9797f616d34329a3bac80cbd793ceb40ba8f9d8c910a65cace145504ad9b58c0b9f924adb386da258b8
0bf648e2a199015c2de9fb5c588569615c9853c8be625cbe203b99443d6a0158f00a713f332c19f11b1731b664693c337c051d7ed78f4991540f5bb9
97c655516e4f33e361b9d5052cc5225fe1f1a2d5d3c7bba0b17e3cdaaeea79bc39ca20c210d2dacc00abcbb404b54e66f7e342b051b5475ebecc5832
2f1b26abe4f5d2aca1376ca20c1a66867d48abe4e6662743e071fb32d3a7bf4fc64057871b3b1f6e0b371691dc10eee058f349197f878c43caab5294
255c11eee0b0e76a9b0700100b748b390d1cb5374681c6d7ff61c3bccd561b3dcbfc6dd54621f2ce0cd55253728453328e6dabc75882c2b49b193aa1
8576bbb5a358bf1b9547d5f4bb617805de3433363e87a0f7c65d3134d3567c231f1402c4cc20a2d5567c57873d21c3a261b401de908a786630021127
7157e2296805ddd5e100c870f1d5fe72631bd918465bea550e94f3b7c360a835ee3b16780a57335ae3863881c7a893d6b40f1a69dc6e8ba57de3e66e
deb4ec6f1c7ae5363c33144069c6cb035a387f6344a40df2be3e77c199b1d69c32e19e19778b2383659676a4fbfae01cc7cd5d576e6c33e3eed26aa7
5d168b2f052e8b0a913c33a0596b07b86f8c30c9b01d64560cdb815c2c678621ccea01616de4d53533b3d119c6ea06d6439e5933e33e0ebc3fdbdc3a
931043fd4c598ffb076a34b5814405e59e191aa32bdbfd7863f80fe3ac3de3b62b7d6b5449a0b64c9f07baaa42e6e43faa66b8df8c0a1b1e8246d580
899f59e4af231669345e0ad02207877b66aa32f33f45109e43b68381ed949094d8bb0ea4bda88f66269b3843e7adeb84645c38d0a5622a387e6e6ca6
c317391216818308e904fc194447c7466ffcd6b1ac5682b92329e4ccc01a6b9e60f88f29cf70a37fe1cb0ea25a3645b51cc487c8d29ccc8ceb77d4d0
ec365a6a814967baa2510d39fcc5482dc5d95fd5c22ed235677ee553400dacdb501c0dc2b2cf734bffa96ea8acd2303a11f6d340b9d94cd0fb874d12
00d12c17a0e131de6520317e9d02b5f9fc38cb65583c3c92ae7c3407bec85928f5032f520cc50720ce00308f9f0782d0d9f773641ef18e3ff7d45635
97c7a3d3fba06ccaa063109b17e7ec014201702503156b9363d8004eae212e03b694e0bc032f8822d0db9941d9a2b9ffc806af2078c1edb548cc3700
a6219aedcc20dcd21279b0b81408dbf0f040026f1ac46f039f656688af4ddb4e5aad39ea4e6202d11af872097e64b81b979c00062e5c845b9e198fbd
ac1e0060878c068543933ddbcc784c5e3520ba733919da4903d2178e6910eaa32097c04d0c3ce999f9dc29c663075a178ed320cc3c112406d6ed78b9
0ce0e70a5b9eb45845a655038c108271ce0c22399d462858a30c58070e64c93fe8f29f51d7dc6349fbdfe3fefbe299400a017a7b60565702453f0eca
add24c6613e55f32b0d66c5c9470166bdc80d0ccbacc69b8304dbd715032ee3988661b1798e14e7f3af540a02600e4c0263fb1cc3157c3c97ee0a9ca
49bb3c2ac4a6a125c00e670c0438dc4586c7fed0de084875e32a3116b69e5a63ebb0c3e163498691d320e07b1632db7000a448c9c4758fb6f6dfc885
57033d33da73343633c35dc6d6f11b6fae3c87def16b9ff10a33e366ce2a00f426494667867a1a198aae7a4cd7be2a90b8371d5ecf619993861a1bf3
221dabe23c66867a4e1e23129eb12133433d36d96686abefa9a2b9e9b5a077025d38ffb453bec96f7e410546ccc98b32897a93ea058145a1b967e626
a38617e2d8d8d8bf491ce09c9549196cfdb35ab4629dab68941d1256bf48ec8882fe22b1ab81e610fd5c7e9b6f6ae867b38aee1e304ea3d5d14f2532
fe985a8dbb4ea0d597b74019d07ae5c43e335cc2aa2a7d0817d555cf700f6795363c9292ea01f9b8e9832740a2248e9d198f01a2d1c10a43bab399f1
c064ea367ee4523ccd8c2b9f55805f740eb5003486c858bffef5ad807cf8c5da1ecbd571abac6d197732d9a8be99238a4a3327916214bc19265281e9
6606a7d9438f797846cdb2ec1655faa619c6519e596fc60ba9db4a9b197c15a31e83d953a0a637a38dd0513f33ee9cab7760bc7496be25722d30fe66
66e0088c8b9919568ded7c33c3bdd87681b7241789e83f4c58855b9d197f2c29a36f2ab0e6b7e0b52eabe899610d6a9217908115547b6618eba0c7b0
c68e9abda53a87a34a2f17c9e93fd6393198f3e7ec8d9c02dfc671c7426ac44e622135d4822ca48e4384e0a1dfcb2c45a5f39e3f67ef89aef922022a
8d7f04b76eb7165ee0ad0867e8bd40cb1210c40b066592107a66f0e3d5ac63df4f1235bfd8422749a45f42834741d3bcecfb9a18c41cb0adfd45c91e
255e780134881222bc78dfc4cacb3672329b7c5f5dc60f7e4a7d20f0df97e82476a97e15ad5eb69dafec530479fae2a2613cc1fc89df9f3e04a006c6
43bff2c40a5eb67d11cd70c1672b4cce8b75cbf12fafd721feebed500e0212aabde0e4686c08eda791798d11627f133a961ce4e7cf613f79c07a7fa8
04db92153fe725c877ac0c844d6e1f134ded58e9b2a67694f0e425bc8a3e2718095a6560f7698f7f2517b323f39507a1b0225eac70752280da93742a
be04f1d2fee2b84e87f6e5776898f9296b02f3a7f8ff1d1a7fbdfef23fc6dffdc37158cf66a273dbf276a1b5c474b3c6a51ed176e89998b02bd96e71
e8f4b5644e2d59501d3a6867f293e2d3ca893f9eb1dba53c508e74aaa6a4a91ae5787948c53493e8342b3d4568cc3df142e1b033d512d07245f941c1
1871524ee3432c99cf68e708678562c792ac9be7315544b13b41b0d10ce7ad924f6d8d518b2e0463712d312d95714241ea524bec3d1b83107926128e
dbea8fa662b2c47782392e211d6a818e77b95686442b93b552f8e04187ab258fddc38d924d3d6189ddc58cc599d3f814c50e6549cae69c8362d290d0
45b149624994fa77524653abf1c5afc22b0f8236b5e481667d911dbe25a289490ef293b7a442b377b5ec2d9935083268fe6c506ebb42f3cc0fca6cbb
7075c26bcc9125cd18ed20ca2b8a4d3d994904196459528ca2920325db8d5ad7b520dbf799d81e26848cf993f6d8dd5a57b2f993726c3e493e11e4b4
6b89d59e5557ec504c23e814da6ceb541c7a7893c6f2b53b88f8e7f9935ed8355c4cf0fc497b8c4996787afe4c509a29ce547bbea0d85b49e5d8029f
892dee46ed85926d7bd589337fd2429bbeada8e44a7b6caa489e1104ae62897d5b1934ccdf54a62bf8a1792367b599e86273040d51a32809cb148d74
fee62909c6846d337ff3942ecf52e70719f0cf445c8898aaf99be1d67539f26d2fc61b5ceba62e1bab620938e96afdc5d8d9aa0b074fddb45ef60392
400541bb5872ca9244d3eb47bb4c9c35d92a8df18f9962b2ab28e96350e0544b5ebb4d15bdf85096ddd05264b23cb4de445359812fe2a1193e93a021
142543a9ecee49b406adfbda9f3f2f2858fd8bf28302e49428030a1ead46d18e381399051ea224281a509e79a0003c6494401b6d03d2a56d329eb4c7
66b45cef6d6444e99cec453d3181a6256273caa1d23ba573bd9517763c2ede95ad666cf4e6e5b9d78fb5f975e6954623735a3bc4b9c453df6b26891a
f494a91e2c8125b2591965e062092d31de66661e68039abd1b9b462c9af436d8e56c32911a559956c8357472f2f6cc4c4c3e69d7b4a45bab25d1e48a
8751ecc2614932f6cb5882a4dba4253f9dc745a4071223ad17d5f824085759c025011f5b62dbd2b61ae130fd7f9daf49882496cc22a48848723fb224
19c56a7e350f92605f65b59ae4a36389d66dd643afda2274232cac33732c1fce1b752399718b2556b8666b3eccf2c0123b17e464974f63c32c91225f
8ad02ca3294b74a81b1b317fdf90b4a148cd954f13f25832c4bd18f39b655665096611a7de35298f25b6ab49af37cf365eb5634d42a27c9a80c092cb
5a1b8c725194ed2841c1f5f279d35859e44a369435c32cd1f61cf4e24b51af8a9a9f2acb5aca1289779b28058a9d05c6851b149c28c68c2b5058e6ec
cf3afb4f19e218fe874876b61419b0e4a05d7c263a31828ad2313e13b3ed91b3c8fc7d43fa89edd78b8d46d986dca58b9abf2b24063e89c48bcd07de
06395c34eca261901e4836a0b2aecc61d05631013aa3737869ab492fc403e4a8956b0e866e95377f5e50386d6df8a29d863331dd5690c7b439848964
cc8860d4e6cf0a45dc93be208b366bd1ce46595162ef2cb11d455ab22cdb1c4b8ad691b533bd2a2b99a94915faadc5383052363553150244cebc98ed
c528dd4216c7634932926664393432c5b6dca8f84193fb527f8ab10f499aea5cc40bcdc4f6e853fe91b9e8fc9a49652eabb49bd264171165a368b16e
8c56eda4a8bae7ccdf1152d26542a4539fa39efa1cb68ecdf04124e3788a4e1dd3158a6433a8c8c539d7ae51aca66b2a72063040332335637a22abbd
3d7aaa99a0234b43981beba0bdb234b49ba299d318a9db2d48f2fbdc599cdd16a7a4f3b9272878ab9ab4c0f04544326e66f2bcd6848bc57fd9e2af41
13fa8e22ddbae304a6ce9d347d6f096de3c973dad16662abd1588c7c53fe9dd5082817945bdfc31a71b338a4f493703fdf8c0c5ab8aa4b6bbe1fed5d
b7b9d2749dbff91e9a27b75dde93fcf2b2544096d8e17eea78ca3f26fecf267e94dd529641af25a75a5145ca90b8a607910624e4117a316b3a09d138
881fcd824ab524dbbd485f43e898965cda4029bfd20adb2f0a0b44881196a815eab9c20c5992b47f5a95b201b744b3b542a39b8a9c2a1cfc3c0e4db9
61f35340225938e696d83352ca65c19a5a6263284be42ccb6e4b6c529cf2559b99071afbbfce0901215b823b9eb57570e8c8ae1b31d9fc4d6976e10a
423bca8ab46549b0d1b70b7056242d4b349fc491e4575c5116aea144bef96511bda6b99753f29fcee1acab852518f5d99778d98b618e93f1d9595cb1
259850a92af6ddf7d2828a22fd785192c720d387b9e1d8c799891dbc322e2db229b6c4d69d02199553bcc94ca20db2b5a29c0592ac52254629a75ddf
2df131b6c782369799483c2329f8ccfca09958c9166809b6c62d31198af41825e853cfc4c658ae5a93e1529521e9ebdbee5842a678bbc128b44a09da
c767a27ddc6e0025d0c7802ed7ae7bf377810472be3d154f3d15eda3012059744bb6c49a25998c81168ba41b56548d916ec7a16baf9de105f940917c
3d8a5134dc1f916cea769d2f25554855a36a475549a630b7648e5092e94349af1a21c96ba6c66cdb9d25760d91b4c302248a243375f92394ac436e26
cd16b16dcf25379e32c6927041258b959e89a9b3a5662eb2f9b4c4b8f043bec0254b2e32139b2732cb9bbf6f4876f391814bc9435f36db880885d1e2
4d19a5d8461815eda414f1a233d176a9bdbe94079a841041b6c7a5e87c2c1269cee9aa6e16c6ba688a4599d894f2aab9e56518451950ec1e2506a354
bbbeccc458d6223096c2215774c8616f377f2748c6c6c915672e78b5acda1cd0f652aab650c37eb27619f7556aa1f4eaa09646aa0d52b7a5de55baee
0f3331030929692d3482912493ade254e7dd535d6cb653559d1de67224924c0ee451573a53a0db14e841cb4fe670960c8dab5d328b6cb82cb1935632
e672892f9d89f65e594917194059c2ee65f7b5728bb19e897824a1a1965b7ce74c642f21a1f7ccf01c025b4982caad837a26c61349385564ce630950
a1d6d35bf7f79958b714b6b0704a96db2eeb5d486145062996305d8c112837b351a6225d9af4f93b43b28353a00993efd104bd8726685795cc95dbe6
0afaf8f99bb61affd6e50d347ff3a2199f7799e51745aeb0c4be9d845b45261496186ba020f6f37785646745d41ef20b0392e6a296af00112d41851b
447a2049467ca8f8ac39f5939a52cc5b91b3b52572b4d02416209325988cd9d410a08e250a37a0d9a2e86796244978ac1152e65af2d8e09b0eb228c6
8325c506c76e3a4531c82db1a7148ca6083bc4922a92755bde6d96d8e7901d781156b425a065da795e5ec65062edae08a645e8913331050d61ba2bb7
c38a0482eb6145763093286ecd66cf6457a368323d898a543133199a640087f1fa16260d5ae7399597794eba171c5bea2106672697641893d7fbd3e1
5c8f4a53a5fa12365e3d4c8b65899d0f5ed98fca8cd9a9def607920c7f8b2152fe43d50dd6924b86f5229d906cc0a2e4061559c54cc45f9d36376726
424b66eca5669cda4f67a245a32db09e9ad533f9d95e60cc93f9a919299c6cb10dda80f63236d568411d0d8464b7c3ab06710933b18babe64fe5de58
756f6cf29f34873c916cc612dbbd061d38331934cd7a152e8d4790c94a9011e3dc703592c146b248f054c350e783d4a00258a851375a33e5b355225f
e29929d02a3564d1fcb9577ca9dda3cce655349bb6459ab52aaf144b240ab5f3772e17bd89aabbc9ada77233acba1946ed1955ca6a4bcc28498adc2a
55c04cec0ad1751bae525c5bf2931b92ca97306126287b4e15f650a7ad8eaa28de553a594b6c62c97672fe2e904cbacf77974ad6121ddd4784f683f6
d8f450fbb3243733e14ad1450bea937c49a2e02caabc472cb1af67bbece41979316aff0ca25428c66ccbcd71fe56bfb35d488a7071e76f9eb2b55875
79a8b9509f7dac2024a29abbfa988d2f07d073feee9070f8b4cf962ffa78a14f52b32e5e94405700e21526a68a890962582a0c4b15c382e34d95478b
25f266d1d814f69a62fc5a5208945ad8428ab610646cb5541eab18c346916e48f671653a61ba54918015d6da2f9205ce445bbddc746a91147126261f
64f214a640b1291065f152b9a8cf447b8b1a5b259cad15e1ac7485b5b26b54db35aaac4ae76f7d912a75a04cf1e7dd5dedafc680e094332fa56a6cd5
ceae2bccfc7d43fa89a45664cab215d72534abdcfaab6efd49168db5f291aa3ed2a93804b5de14766b03e2b11f6d95016790ffeacc50da0f6644dfa9
eaa63c13980c3a3534a7ead09cd2a035a67a0320ad8924966526414f59d79b6eb71651cb3aa58fd29a2663b3cfd50511585b57f1cd4c7ed02bd7c646
db7ef838d9a15625c498894c0ce621a03a07754afd69dd321abb6f9343db29bbabdad97e3bdbaf38b6dac542cc44eba969f3eabadacf44d04cc6444f
c6500327f7205c85aabc762c91aa584100676640b32fc3ded56fde94f3b85cbb6b7fd45e7c57bace942edea9cacda44a3835bfaea647b7eda649ca5f
2ff17e33312e540ad40a175ac58526c9b1eb5554bc3c27b23c3ce6ef0a49bd945df8ccfca0e9346da74a93e86e26a7e4dd9aa697a48c557e14d550a5
ff784e5f5ddf484e1051f6f2559e0e96a0aad7305c9cad1767abccbfaadc162cc18421aa0112e356b92a80c55a65f36fc969b3cc245a559ca825e680
28f0eb2acb5e4ba8c02ee0f517f58584c09265685de5896d49576190d40361f35769782a9c5f15e797142aa60aa4c512951f34ff7fb01a0aed3c8f1a
ebd36f5098b526cbd4b23eb44251cf9a2c21ea43f90fe51bfb5f1f3650424c1db2c2a883ad05088459a795a69053966880c4550ce6ab42cc645970cf
75ab39809a171782fad20ea9345bd3227999fc8016276910eacbd92138aff95817a9426a921642ea908c7d92c0b8be6cd1e81a4f993ed5970d59305e
ede4b18b3a4da5d484a258a5a7b3e4d6533642e8e6aa747393a4c6729e08b8247282bd0f551abfdd61295ef81845394a72fbaa3295b04407f7a983fb
65babc365d52e7b1975ecaaf3148d830330f34895da4296928ed9a94765592b9769801882502f4d2ed61f2e5af68c6a13405146c87ce35f36b368edc
38e37634de44ac6f9be3dc67a348b61282d4b816aeda482726da128437993058a22f607cccfc582aecb4d14e925db753dbcf4c029dd2631aa29968e1
e7a8d2d4f926954953d8cf267d872526a11170720bbab2cce4d153d6b42076df5cd5f4d503b406adcb0d5a6f1648f2060d8a5cdc82747033118f6817
f41635879a9ca98304d32de9289a89b4daf2166a593cb385ffb48eda966068d92215d5a90f952539685992832687da268d8025b2063006c722b81aa9
6070a2d83816b64b34c9bea35c390c344734e9aa6401d08a4edd99d8112e06ada11868520c587727490a014b4c7e24605533c01509b7599919d96929
9a6c7c0e6108b42a91ef4cb4ebc81bafd5977715d324c85c61ae533da703790e6f8296a05957a5639f9f4c55b4243d63d553bad699fdda7f90c5afd5
da2a34e958b489b526db92990459c9581fda4df937a89aea7dfbf198a4b76260e6ef07d2904cdf46b7bd3c25a9fb2138f1d625316a3ab69302a4981d
22249b33877c8d5a97ba6126bae1084fa475e9116682f99ae67397de6026127a09e27e321d5a315d56a8515e38ad3f3c671b4953348bd65f5a22abcd
53b141dbc527bcec1306295f9bdc252d314e479e16ed92fa62264d24ebc3557951563a32056cd7c38bf27839e44cd4e4fe6689d14e79e8351d789618
b32c95cc1c716d3d77d281a60f23af2a4b64456690077f3ab29b1c9c2cd1844f9a68776fd060024d85d2505e34292f9ac287b41fab8c705e4750a314
35c0926cfa184d6fa9282c119326a148fb5dd08c790d02fe6d8afa6489b181adaa02f62b610326a993e6c4d110fe86668689749a00e82c7944b2a714
a1d7125685a6fb7342b379447c9cf6d081c73ad07541688af06ec92b920daaa08d2c31a18be4306db06289b57de84ed590e0344970ccc7cb9a268d87
25127f3042433c7c1b32938982126e834d58d0a44d42af36d8e924de21b2439345a425d275d9a5b06119d008087bb0c3bc74546655a608b6f17ed9c2
009c0f42686bd82735e03e83f0d46686e732663d5a293afc2dc1d28b3ad8eb5e3ccd6459df0fed0a3309b2a6eb225d904ca4aee5de0f71fb86a9bcbc
fafb61970d4ba49a3f4512573c13db4b055bd20fadc42e5097261bb72ed3124b5079db2075191958225d72b26bc2cc5cd0b4fe85abd085ee62097e95
c654cccc80f6cadc2018a9402a9a0f366efda49fa7fc958ed65543a356f9841c32089f3bd5211adb75caaa55dcf04cec662610f17eeafe3c1389dc14
00b29f8306db2834198477898e2c31862769dc82788399241a626f86171ad0ef8c5cd4963813354457e82e20104b1ed92e5b5705c7618956bdb41d1d
614b97b0c526b08d52caea7f32555596f57d4f8557b51344412d74d92b5a62867eba22ce235c0d4952a8454183cdad59af666c45cd78a2cb0cdd12fb
aca744303d8b2bec122964d933f6fc68e0b2dc08279b5545e331d41b0260994b56635e92ac6034498a943833b11d5c7781f96d8b48558663c6b4f5c2
479568210a98b54bbe6089ed1887ed05f37e4859b64b7401deccdf09927d2b99c977d90b58623aa26e0c5a177e862555c5ab11baa577296ea2dcff7a
d5563613bbdd0883a24b4562c98f4e421bd0749797397faf32fb9a4917b44914e98134f4ed5441a634dbdfb324e2bd4aa1d5a559e9626e7ad5556c26
5a2eba6af4fa5098dc28828c27bb103a2c19b4c33e71d3793993a8a1ed226548b2d2b0c3bc4b966089b106b2a0ec30325d8c4c54e0e1f9bb42b27194
92ae37a67793335290656f6f7ce026e4e2a0c803f306aea5d1e4ab12e59b386ff2547a61324edbc4b674b12df35de31ee7b59ee75ed98b18dbd9bbb6
d9ded96665a0d03b5fa6ebcb9c023aec5d37ad99c806c3b6fbde2f5ec5864408ae5d1016966831f7f2679575ef340ae889b3eb030b76c11275325468
1734db8575bd990d500b241d986371ea31d95c76610e2486f1a2516252b2dcc93a1aac2e0d56928357bf0fcd8d5b401741d85dfde63b496765969f59
34bd7aeb061b0584d06f4607f3904317b92e0f794b821a2292aca26772f2988dd8cd2629e5d31c45bb897629842c4197662c5cff319b75d9cf8a2fd6
85106a89b670092dfbc30a02262d48a3303f86a6113181c3a15e28ea9125ea6de5395ddc66f283a6e7f8c884860b525bf5879dedd1ce16a591ea82bb
b7c42eec4c72b9ec59c29dcc98adae0018963c7acc6ac57cbbeb7a7f9e0a08d415cfcc121d7f8ab43333bcaabd5e58767d70980eb1b55172b82e8788
99082e61ce377b0e994047261064c5dce111baac98cda6c43a068fd0c523648913e6ef0149ea0df9bcf797b17b050b10e532db5f96e08b9fa4074d49
911807eba78c681c6a35259077d74f99637ac8682318dbbc7e16fe57f43fc77d5d3fe51ad140f44c3fc2fead9f029b6b80d819411762ff29ef1bc7b5
cf07011ed64f211df61d5340ee9aeb273ef572bc3ef4810746bb05e00f1c2d66a2baf54966a68aa6fb58912bc5cc380d474cf9b84be766307ac47890
5bf221867d1c825101217fc8ecd380f5a0516f8526a7d592e5db7a68eece4460fa19683db9708c4312e4a2a04e33431d8440167cecccbca2696d1519
f4ce0c75108a47e65d337343531d52798e9371c1eeb488971fa8ebc6894a4c31936746759cf810e3020ce3374eadd5a230b743dc9d25fa66f8e0cadc
c61239f9e2567b4a963a4eb9dc10d87066866872722f60c59ce273c6e90110e5848a13c910b7773a1cc3299e6026b4a501fa97a0e1812b175edc4dc6
49dcb42a1f6599b61afc1f06f272a13f6f8db3ec596d5eaa3cdd9766c27ca47d3ffae64110e4c52ec9ce4c1867a95e46d0893c24cd31700b21fe69ff
9b899eeb097840bd1b7c5e0b4140821c0305545bb49f0e043a2334681da040b52f00c32947829949d0e47087273a46aa23dcd08432106e6803536b47
08d43807701a008b0c2ffd78716695bb71d44d794490a5418f8ca7d3f082d3f78d3aa1468c0ed52f783cdde16602b29edce6a34ea81141ee9673d188
89f29093c89473661a3450091d7bf081260fea13d83fb12b33c13d0fc03fed2133a12d0d4842ad8fa8f59bce0e1c61820626e03c18fec424cc676916
1139a5a31d32c7b5c47d07356c95a61259466298111b4d05db373044b2e59b893cc8a47299192dc788df3b4055912d24fea001d2f8a32d3f24a39a76
f1c7f002241a415d7c784e5c3cd17f876e2a065a88684a482d71f01ce160007a8a2fcf112c4177a78197d548c42e97027a66123417580168a871492b
348c1007d98253c0091e7cc44879c47201834957a49964e086e5139fa48f990966a19a8aa9501e487842879e192d5b1ca753a27d95f2845e97647d38
33059ada02b650eab445cb2c49b137335a1689b19721de9025b5e11c6a8a0134931eea60ac24001d99b1cac42f519c8c99d137ca8c956c046746fdc8
c1690234d47d7c640f8b13c1422cd0c02f16944596e46164421ac8d47366340699b8452007e40b9a4750e75dbb271b2c2234ded54d70e8262865ccfc
49ad40c3835984cddcc8e27992ec5c672643d308c8b0711446a0e07faa300633a39e157c6ae5a63e33aa03657592687070d71c455f97a89633030d33
5200528aa4dda3b062ba2064b02c1f58966705359919eabd081f02bee3a57e14e07b0e901d390c0aa1ad0fe19f949777d537c755a8f4ad825b05f266
e5ab55605a147b706634f27545e81678a3f8e899a82de104b6516da9f70bcdda5c757f9a8c2ae01082fea812738ebac2e408d851c68333d1bb72df1e
8df635d9c2614737331abf063e1718862da8bc066863d426daa4d61c8d58458ad73b50378f0614ccc280e45dea553895d1a9b77b044f218760043f64
046f289182f9936fe0e8ba876498912e51fd4cc0d412da5667d7ed8e77a9c3af330f3a917038acba98e4d181d39285f3cc6468d8c144202435a65dbb
01819e062ae7d1c1ae0294a4b31bf40ed422edebf4a33b84a3200e3bfd009dead4caea1cceddd13f2b347f0e7779cae3c0ee00d52954e0e83087fda6
1ffa1efda61fb27f6c529c0e74e23301d0b20127a9dda03be827dfe3c7bb3fc70f0332927e0045207ba9d11ffa0bae4a703048c61e8c9d0052e7e039
828f314ffba00edd1f1b70ca7dd0b797e71cda91e7c4bcb6c0378279ed44380de00d32872e407b02d07e92decca44213701e7bc975384824188faae3
0291450ee333f340e3b97f8344605c32a99909cdd73de00a140d3a5da86045d284e83421f045a7a156040e117ee802c25c71c6672640a30e0008e1b3
2fa09615c467c830c112f00c05b3834e64267a8e83fd82cf96ed82d134442ca90b84582196cc8cb6a40bc48bc8f0c2635e98e383c37a354da78b2500
f4dcc574bf406693766a5c177500c3e6b0996cad1741b0d9562ea6f6c5d476a0ca9bcf4a584249c366867efce807608e3fea657a02e68a4c652620f5
31060fef323dc140bea49c9c89431942a3bf84dc499a9e177cf1a5fb564b807c32652f507913a8992fe307d07302d4922df802af34811ec7dd0069ce
a481b458a1f11c886ff0d4371053c9d11533348d5f025751760be30e8c81e6df2d31cd4cb4cd03a47e4b8d3b6ef1e38dadfa96e07ec887c89e8336a0
d1960ea6a2c6f406b15da1f366863a08a7571d88f18686da425bd70d8f7e03d32c1bc071c3a0dce01b71d7b8337df3788e0734ea20fe1e8c164e4a03
51d57c57f516c6b4806b7780b4c8bb0e350c725ea15ea0a98014bb2bcf8173da78b732061c1119383d98f5bb394ca3fa069b71736c64cdabbb31ce62
225b06d7aff32d81166e402f7237bd8147932c64a0189c890329aa8e4e791d9c416131c9acdc12b0ff40b064bddd1ecf077445eebaf7c598026b7831
d788c7c45d5736e9968006491d3763cabacc402f4a0b3d13c60ab04cd6e50d2c6a73e843ea05553f33c77fd4e1a1161c7b903120245c638e3f7c5f60
1ca4719f19c600e0d306bae0a07d0413949bfec0e96c268c29b89a5c626e0cb833750cdac23a47fe727334ddba13e7564130a40ec0531b78a0c85aee
97b90634e94b3f60791a88839285cd84b608e0f2275784f1f338ddc0dbc17ead38d3dad77eb0be3f8f9f7b40ebd06833a0771c613f1d61f33995c719
f50b80176afffbb1f665c26f91e544e392f5130e4d967c6f289e9625fe9c60fe64043b70c72382f2c01f6f268ca9a325d20fce2805981a38e98d9f87
41d6f9f6e37efecbd40b1220f7f3157a9d3140bef623fe03b22f5c0986bcfa3cbed9c09f6ffc00382f8c01ebf7079e9c02b28c1f6bf507ac9cc5def9
e371ffe3f8fb8122de011d6c5e34432e6e195fc181af6093567b285a9c2534150cc97e4103a74fc7c1af535ea73ce0312f3ee1e5008bfa0c2c6fc275
b5020c244bf907478938ef0747f9e3460392dd0f8ef28708b880277931945adec48c9a193eab38ca49531d3753f676e045b50571d98fe528dde3cc50
9e96632182c08fe5f843347680b087f8880861059c394507b3446258f9e08d872391b82bad14501955ef03947729602bf2aed4444d663633d3a075ca
036951ed7b880a7a80ff28d493996468021794e9c14c284f7d7ba4769a092088a00322ce7b84e854889ef120ce7b3c2c1b6085884d1f62db1225e381
157ca283376a0c60050922dd14f27660cc3864cc68e08baa571a8321cd893d273c428ee747c77321c6c5835c8018698520160fa2d927f12dc5e13f1c
cf0fc773e9403f325644a522fe8442d65ba2f987f8f7e1c8260473e1b6fbc0823e1eec44378607912661960b329987a3d8030712d8e091fdce9006c8
686a0bb73522163582043c1cd98f8e6c8297cd0cfd6894a7adeb699487d8f48c604cd23ec9460ab7714577b6c4412ad58fc6372726aaac8467863623
4e2690c0c311fb5c8e56094025755cbc0bbc28ebedf1f083cc21e42a0fde33dcae1e6e57cf839fc0017825f360f01ced1bb4599e6e2580a5f932ff74
5c95005c28ac2a51a38aecd7c7600d826056b8350d8e1c22c59750a0694e0ed68cfc76c660cd0cc4d804b019cc7b4c730ad798c1b1413ce61275840d
d4282363fe2dd0e8c1bc9289ad998443abd02e686a0bc7c190fcaf4447bea45e22c283a13e2af5f27d019a1fc8bec05c2a5c4506d7180f3f0a28ffe0
1ae3b19641acc79c6810e6ac802e3f60bf867f73c6547616c383af03153fb8ee0c6ee8a0b845b1056f04a4524ef033d345e3381584f8cc5cd03e34ab
37aade5748601ebcec450efcc615d04ce5c959f28da0db0b9974668268e02b0a86f495a7afe16af25cd5bb2fed7bc1a26a8292d4cd7b26d40b9e23fd
4807009dc02d4a8ef912b7a6b60398cd1f34a910c4fabeb810bf12fd1acea6c02275659989fa11fd398d418afe9c68da3b67a2f60911fc4d89f669fc
aad6db8bbcf84dc43f304bf07f71dcb7f2af4ffbf9282d00baf0048e32d37acdba39b8aa4db36e260f34f552bbd99b74b1a801b451ed5c3329d0f45c
a5bc06ce66008e33411316a2ec9967a642bba169c4e565fa4a206d489caa439788375d8edb2938cc8bf22eea65342e468d1921c1c5ccd00fc2ebca58
6566f8aa9ab155ab7b66f80a3fded5ec4c3f9e23624803e5f4a1bc07b053a11022019f8966891ccc66867e3ccc88063a28fd050856028e99e1ddc197
eeeaef609ca5a422c2e48bf7d82bf772a3e9bbbd8c3388b182037891bccfe48426404d6671668689817ee5013613626a2848e3cca88e0c5ea570a567
a64363850a473137ea908cb431a65927c94cc404eb52f2e64ebd70878a173533d441ec0b799ccc0cef02d1cb58c95fcc12ded59866c9f8de8c8caf83
6a2a93a2371388a2036e2af3859968a79112f2cd837a51a077a1c24ab06fc9030d20519587e9360edd3353a1ddd0401f555b0ae14ee41e3e33119a56
a8e4f12fb2fcb710fc44dce65b64fb36130c0bb4fb14d665c9bcdb784edfb76033d93537a414304c518d8b1c8d5facce5e0fb224fbfe99d1fc2b60b6
1eb48fb520bf35a102ce9ff4c2666906c65432ce9904c7ad9b3f699946292a6cc75b5e9ed2cc03afec452bf0569cfda59a7e31b49a89f436204b3619
f0bc0dfc612184cdcc094dbd2ffada4dfce8db8826291cee9949d08052d6b9d2f8120d5306695fde219baf998068d9c122d5ac209cb77149f3678522
f322bdc7be3b54be806587fc30dee17e18a23c50a43f03f0542d1812700a257348b53b133406a24428082e44a12ea1d0d242e6cab0cb650071355197
f1ad412330323dcb38ab8992a0c88047edc994acf8d55ac562280c5cf594b1b951244c7a15a99c1d1a9f9f999873460119555ffe3df0b01058a96a97
6b78044a942ff7820a27e852fa2e5042454f7e71a079e5406316a1ffe28cb2cc3f5dfffc77fff1bf5cfffc5faf7f1a7ffffb3f7ffdebf8cbff7efef1
f7bffffedf1bf5ef27fbf78f7f197f1dffeb7ffe9fbffec6dffff3fffc677b4b7f7ff7effedd7ffacbf3dffd5f96fb6ffff9effe2f5e3ca2b445dd03
00
