1f8b0800000000000400bcbdebce1dc7912df8df4fb1e7000db801d9aeca7bf61918a024da22208b1a92b28f31981f75ed262091024975c36f3f192b
f65eaba8d3d3e7c30c30842d326a57e52532323232aefff4bf7dfffa77cff6f7ebf1bbf8fbe9f6eaf8f8fe970fdbf1bbaffeb2fcfc9b7ffaa7afdf6f
bffc74bcfbf4dd71ecc7fef8f5e3bfdcbefff07e7b7d7cbafdf6ab175fbf78f7f6d33f8f975fbcdb7efc653f1e6ffde72f7d79fcebdb777ac5fab9fd
f687776ffffce5ef7e78f3a7187ef78dbdf5e6eda71fc7af9fff70c3386f7ffe72be157be9afc7878f6fdfbffb97dbfcfb696ee3c157ef7ffec787b7
fffa6f9ffee5f6bbfff77f3e6f88ffbccdbd4fbf0b53883e8edfdf9efdf8e30d3f7dbc7d383e1e1ffefdd87fffd9c79fb7f4ead8df7efcf4e1edfacb
a731eadbf26ebffdf2f1b8bd7d777364e0c9faf6ddf2e11fb7f3fd879f3e7e71fb8fb79ffeedf6fec3e7edd8c3f7bf7cbafdf47e7f7bbedd166bed8b
dbf2e1b8fd7c7cf8e9eda74fc77efbf9c3fb7f7f3b56ecf6e9df964fe33fc7e74d9cef7ffcf1fd7fbc7df7afb7edfdbbfdadb5f0112dfc74fc6ad4ff
d5143edede9f8fb16feff7f1f52f1f3f0d547c5ac69c469fb7657dffefbfea79233adfbdfff4763bbe182fbefd78fb71346bad5d87f36e47231cebe7
0d8d816c3f2e6f7f3a3e3c1de71f0dd9170c3f063cb0b5ff3226f1ffdf986f770cedf7fdb53c48e20fef3fdcde8f5f3edc7e5a3e1d1fde2e3f7efcbc
0dae2c68036d5c66f8fbdb7f818cef8eb768d93e7ab7fc74d8e07d4bbd7bafa758d5b783a6c7bcbcddf71f7e35869f967fdcc657837ac774dfdf8e77
fb786534f7c146f7d3fb4fc7cd313a1ad9c71cc6beb89de307a0edf3963ebe3f3ffd8711de83a83ffe7c6c46d5a385b7a3bdfff860f4fcce29fbe3c7
ffd50cdf7cf3e2f5edf5cb3fbdf9dbb357cf6fe3dfdfbf7af9d7175f3ffffaf6e5dfc78fcf6f5fbdfcfeefaf5efcf99b37b76f5e7efbf5f357af6fcf
befbfa571bfee5776f5ebdf8f287372fc7afffedd9ebd1cc7fb3b7c6ffff7e7bfe3fbe7ff5fcf5ebdbcb57b7177ff9fedb17a3e5d1d5ab67dfbd79f1
fcf5179f37f4e2bbafbefde1eb17dffdf98bdb68edf6ddcb37b76f5ffce5c59bf1cd9b975f6038ff731bb7977ffabc95bf3c7ff5d537e3b7675fbef8
f6c59bbf63247f7af1e63b1bc59fc6309eddbe7ff6eacd8baf7ef8f6d9abdbf73fbcfafee5ebe7b731fbcf5bf9fac5ebafbe7df6e22fcfbffefd18d7
18cbedf95f9f7ff7e6f6fa9b67df7efb9f62664cf1bfc0cb97cfc75c9e7df9ed731fc3c0ccd72f5e3dffeacd17a375fd6bb0fdd1c9b36f7f8598d7df
3fffeac5783ab0f97c20e0d9abbf7f61081d1dbc7efe7ffc30be183fdebe7ef697677f1ef8f8ede768fc1545ff0aa763b9bffae1d5f3bfd8d45efee9
f6fa872f5fbf79f1e68737cf6f7f7ef9f26b2cdbebe7affefae2abe7affffbe72d7dfbd256f54fb71f5e3fff62f4fde6198634da1bb87efddfeddf5f
fef0fa05b0fee2bb37cf5fbdfae1fb372f5e7ef7cf9fb7f2cdcbbf0dbc8ea93c1bed7c8db57af91dd03350fcf2d5dfad07c31b96f28bdbdfbe793e9e
0f52faee3f41f533c3e1eb81f2afde5cbf1923192bf0e68297db77cffffced8b3f3fffeeabe7ffd3a2bdb4f6fff6e2f5f37f1e34f1e2b5bdfdc207f4
b76763343f004db6fc63bcfecf17af7fb558f7ddf40528e6f6e24fb7675ffff585cdeefee520b8d72feec4099c7ff5cd7df13e67ccff1f8fe4e7eff6
afdeff64bcf2e36f7ef387bb4071fbc343c438dfbedb3fdca58ac19b868cf19bdfcc61f0c6edd303c45fdb4f43aec1f7affff1f1d3f1d38b77e7fb5b
f4f7f65f7ebebf7bbbfde1d5f8c7e0abffb8fd162cf29f07273bedf9cb0fc6d2c6c9f9db2187f0e9eb5f7efef9c7c346772b78367822fe1e5d0d09e7
3be3b67ff85c98b15ff1e35d8c7129468fdffce3e7e336df1bf91f3fbcf8faf67fceb779ba855ca6f87fdd9fffed2f76ee4e0ecd3e7a3b8a3ffebc6c
c787e5ddbf1e6374fffb74fff347fbe73cfd69fcf9a38df0576f3e1a18a7dc68cf9f7dfeadfd99cf3fde66fbfafada6fe669baf7fe76dffe6df9f0f8
7099eced079006502ac1fcc75b0831273ea8e3f7aad7db00a740b0fff156eb1c09efe3677ebb5a47852faff30003bb5a47cbbd3fa0ddfa09ed011ee3
d3a26e8ff169297cf968f66b26d80de4208e65805de066bfeadbdd408ee20c036c7cf98c06b2df13a3e2b7a775d4f4ad75d4388cd33aea8fe9ce13c6
fc98d13c5bcb95bfceab810f54cd01607980295953026dbebd12b429b4e90116fbb6b1a9edb0a6f8eb0e4c72183be6cb61ecd65163477b31502f5bbf
ad130462d532e6fbc0d50ce4f4c7b721dbf4fb6354a1007c34153643ec3413ec063e5a0e7b37d2981e6f27a0727a349dd074ba7f3c1ff1b4a6efcb10
c6ff4093e501cf13da9e1b1f446b7d9e08db1698f8fd9cf1f34cb8d8cff5018620b21d90bf1c08e3657615adefca9ea2bf1d098f959b1f2b17a63cd6
35abed65f3bdf8787d9ea2eda74cd05b4b8481b599bf63e00f8a0b73981d0f850f1c51fcbe071b0d3fefd6db831642986ce7c74ad0584e7c7c3b3a33
3012c4d0c24478b19f3b41631379267818c8a68d9b8d8ff9733024a64010cb170467fb596f1b29c542103d678286f124d07a4e7c391a25640ed3966b
cec440347c46ce291a0947fd8a39f157dbb27362536933902f67105120be8a4d31734ab659e644847460534bd16d8a89b85f8000f6bc3afa0a4e933b
e7ff7f380bc6fccf2bbdc6d948203d869571523cb8e1006d580fbe13f20a7ae1cb2be8e53187bc81fa3a419c238da0adc383830fd0d6e1c1940768a3
7a70c3811c9be083570e102d478220fb07570e25e1d49909da28cb63d0479b6c53a5c749331eccf66022b68f96f080e479b4e60f121facfe20f30176
eaa45e7af5076c63f1079cc4b12cfe80dd2e071e10bd87e1d31e043ef06e4907c7e66d3c786e384d24483c71073ce6962a79d769ac31d5a0df237eef
84937d4f167002f1835fce7c50b041d4e098566a45f040550c5103ea785f1d2ef63b19e2398d29f5a69f371b4f51ffbb354f06794e87c155e31d7432
e6cfe119abcfd3cce1802b250ddfc83b64d2f76927c1183e87632741aab3e06c7012ec4701c9f89cc7fc63143e66dbf5e202e73ce69f3a19cc093e18
82be5f6dc041ef1b0242d300070242d2021aa7cc39e8f78180584400c62a63224b3f8de7e7a2091acb1fe313868d99c6469677860446ad064d1eec81
03b0f32d95cc09856a4756548738259a7e1f08883da9bd81801c27aeb8f1e381408dc7648a71c413deedf759df9b70335fc60f4ed1387e3b70074510
4111bb5b0419037807fb8f11ede9fd843350bf675014e76367400e97f66dfeb1e8f706aea7febae147f88836ffa2053209605c1eb84071337c890070
aa5c76443c20908aa24cf88989e7f269dc6f08481c4082aca42d6eec3056213c459c3c6c2f81fb89e453860cafdf8b114c989f72ba9cc9b647d0eadb
a198a2b647ea80357863682d69b0461d7320b6ec144d396a30b86e087bc9a8238b1ad289c1f2fd0c519047c7698264a86acf8ee5814cb6976d774c42
564ef6bbf84db6dd3165b587dd31eb77bf3ce9fb06fea2f78d3a2ed49b8d3d4eb3e031ff741daf9d335dd46802630c5adc6cfc714aeaff34fc8a9f41
cc68a27e933362153b2abe3bd85fb1f947f1db62fc711ca984b3b11fad6719f3aff3a5bf31ff3a4d6abfe12cd6762b38bbd59ecf9fe3b79b4d6897ef
6dfeedd2df8ef523fd94c3d647ecb29ce02efcbe3a7b64f77586404dd9e1ac8600c965678d402811506d77e428d80e88cbf9568b0d8867f8590d01b1
ebfd81801a744057638f550454173b802ffd1b01442d703504a4aef621748a20eb810520c1d513bfb33d937e4a113b32e127068a2967b3f907cdb745
b07be2c764a394297a9e0dea029d7fcdb8836e2c6733f678392e4c944a59e77f33fd41a44473362380a80ddd20265e76b0495a5592f2d976f0434d00
3b200b360ae8dac1dd25244eb043a4ed2231bb040d8a6387dda5308ea81b062e078cc9e643ea55079090b4a54c12ac29e977a380ac03ae4383228aea
9010248275a300aa11066c2c907a8401e380d401d48d02daa4f10101a24888f4415b08327daf929116931167617431120814c64f288c7a17cd436594
25542e0527881a300c54d188a9905a9490663aa459d7d01392711ef7bda79c30cb6ae8147aedce3c360ca76f0aa921655f5ab703b488e52f26425ece
43e8acaa28d49456ed72a4d8a567087082811eb1ec75a0a75d58fc3ab053bbfa5b8d45761d69a6051b2c8bd85b1b8e20aef70a014a12e2ba18f62662
77850ae1d2de868b95e081807a910057d087769cdd16f3e5c8d9265c09f8fd860d228eb5d9fea8e2185bb4f1e888df9249f43a2236a38e0b07b06be1
183ff16df7c270edcf2e5b6347ea8121204902b24bcfdcc5f33757a469400301bd8a436c7e2fd7040f204cef4380d206da5d46e0f7bb114014cb3505
5a6d22a8dd1010787d3c4da35675593f773b22da83230dde6602d7834007882b5622881bc614f400bb47efcfd01c3ce82f4299350b847c381ad583d3
9548f5f1a043c08b8fbbb7893778f058e2f1a0f8038ee1c4e59538180f9a3fe027a6fbb3079ce5b9f8038efb5ca5368b50959a2eeaf1600e38281f83
0cf1aeabe28305589b1e741fe3e26f3ccefa18b7e40f1a1f382a1e2b1fe39ebdd1c7a853f24bf9e3b88aa93ab37f104fccdd2fe5c45e99ee0f1e8d96
d9efe00f2dd140816b0b1e324eecc53f217efb76fa83c70af47df2076c63bfbf7127cab8dc07f6b868c73579a30f0d79dceebd3ce876ccde1b7d088f
e3502cfee0de4b9ab3f7f210ef528c8e8f87c22745d7404e0ff928c5d595258fe331c57df7078f36d2eebd3c682595e46d3c6865ec346fe3412ba906
9fdc63cb8f07dd1fe4c7837a6fe3d16d6ddeede35019576c1ffa83c252af5817ea94c783dd1f3cbaedd0f3b4e9c18a52efabbfc146fbe90f9ea24a4b
7d2dfe3687b0567ff040f856fdc1437e4fdb12fc41e583e80f1ec8da5d2b343fe48b747caee219f00cf69608071079d50bb8c33c0eb401db81531ffc
6ac02692a507fd0ed8f86d688221923d0eb001db9dac357d0f81a4ebf71d2a060de8c0892cf8f401f20353da24ea30060c55b23e98ef33628fd0da94
c7113b60bb95519d3c60686d26c105523f5138576f503dda994b3de7804d22e1b573c090cab346bc42c5ac016d5067eb7d93c9f2a4f60f0c88038616
266b02c1995be39a055c330a3b342d4c9ab4266e65989a5ac0459b3be808edaaf81bb0db579a5e5820e6e805bf691205a687193753f5689ab8fc607b
e98061a3880cef0c5b6401454b0cfae03e47b61831470d393a776efaa25c959503f6652367394cd71279680c186a71a1d5742db11635b8e2b2a611f8
2144467498b26548b2fac0365f9c3582f3aa2e4d87e94e421312921f41e45b47f2eb11479c7cddb4598c6da53a7304a6200935a901539004ed055390
58039c73c29cc41e8cdbc636eb775bb72452b67363ee45f0891b3971661a9271ffe3f7d9d75548838a648a9cb3a948422f6a009b3171cad997958cf9
b063686e5ab5ec96c0495f9892206888a62491527ac050126bca198cbd6b44a604b8d011942073e6084d09129bc8024a902e1415b00bed76d3518cfe
089b122154919929114211f7800e619ac56fecf01e976ca2d02ee971560376e96e410dd8253ae471657bc2a97334479f160457ec28ee6757ec94270e
bf2dfe81ba5fc11eb9206dbbeaf807bc833f733ab86207ed74bb6287a403a24fde01116a77ecf13b47043b6317fbedb042043668126a6c41bf631769
c1ba3337ce18e6b0691649d91d3ad19232609b61d78a9a54d78a28a4635f0762c4eec8b26a0c186a321d3038b629410f18bced42f476470eb3781d2c
744ddcd7aec8e38ecd01c0c9226809e065d19306d4a117d5007c0d2f0f30c3a8014060d21eb26b702c4221c48a2ca1c06eb5f172c2ad6e18e1fb6bf2
0e39e515b71a4919eb7235fc24d8aa52150a576cc2ce196dd0c4894a3728a2b4841b2c551ae0061ad11eda60a911d5e39a1924d5d8353352901f308c
b597fee0c772e10a1b76b966ecb6b5a406201c8aa8b7cd1bd003e8622f2338202410a5bbb309febe3b9bc87a6054749142ec2239eebd1ca15d5f6212
1f32493b66a1c43c6852d236db618a109b31a78ad874e0ee30ae25b50729a5eaf7136c8aed1dbeafd5c101eba268e0f019e93c3c22d4f3249ac3b645
11633c32383b317060634b08397c63177d00414c433c4065bce21ce6ea13aac8fe84b02cce72cede2057d9bc7fd2058727c84cb2e9e9742f3a3c215b
563560bcfa82135c95672d925d7b63d046f58bef650ae7ee2a68c287bfc0399f38a11ffab9041bafbd50f860869162220c4aa630099bebb83134c246
a8340224185561447ec271038beb2cd6098beb901fd89809ef8997f00403e940b0de6fb02070f0266aebc29d60200d53d4f7bec299f0014197938501
f4f23b7c4522f17fbad38b180f2ca04982efe9b2f7cc6d010be8b8ef704490bda9d24fb08006aad0132ca0e377ae4f80d4a9e581645d9b06601814eb
86c57296c476ba244d8d7382c932d5ae0fa2bfa0074ea41cb14bd2418b1231e4495d547f816382241db9cf60b5b417881488d2bae1c06c692fe88b0d
2f08de31680e0166c6242c41124e8193343935566115726a227785252f154a31b0e4a50b1d9a9c3a8412b697c18ba8974d6eca2b492f0069412380a0
da2956c296672f70c8190b2dd28331af25922ae4d4204a3363de587862dd8c797311e565bf38134519286b6a0ffc9842831bf3aaa66c72ecb8a71325
059a684a296eaca3af4282b12ed1b89a60acb309b283e2944c0c14f7f5144a4c120e5d9ca5b8354a3de29017c64c52eebc3ac09876d17ec0983610ca
feabd3adb65ec50d50188535ac6967985a68c07a7ff70688e20a1452ce82396c481d1c11cc5b344da4bb798ba231cc5ba3416d5613cddb2c9cbaf42d
310106ae3968b743faaebcf09d2e7d87a417565814f5c2e62f102b267e8f635f633cfc05ae4a035d08cd2e7f071eecb071259a38929bb09a3677bfcf
92683205700b2204b361cd595ba5c32aa785eb3e668a2a304a257a1527189d625383507395c16f9e72e42cbe537944bac169d6aa419a4e221348d3b3
c872817a478b08695a7762189c063ef4bb33372a3bdca8d4c42e17a7b3428498383d8e54bd603cbe53b483116888d79cff8a3340846cd26ed7fd0046
95719f215541b79dc5dd366c65d1318455fa5524d83852bbc010e5289bc2c631964bb05148d30962a264ccda8810258b58dfeee78378d1ee2814ec28
bc7c011452983c77a050640fe1530aacd384cff13e316ac2672b54cd9c072eedc298cb9e418b7ee00633730047c108b90487ef5cf508e1b3e98431e1
3364eda2c3a7489c991f799885e3039667a1009e95556b7cfab614d99a303a981d917cdea7c0553d7d0afa0023d4217c6215a2e8d28c2e5dfbe40415
5c3a38fdfd7b8379325152b6ef0ce3530b8f0e060cdb74d5ef605ef171ca8f07667ded452f6095831ac02a67bd7f7803850f7c99fb03765f6d1a87c7
0358df2e2fb8832a7b98dd9a367308a60c0e310ab6cd4f971cb37442012618d2f183610f1894cb65190f7c4e7ac10d6a84830f3970921039798a65b8
88a776f9bd608413e1ea0d708e50ded2e761c01d485203f0926aea6005bb264e82ef35a200ba5b5a3c07ec74c101987097e82599dd2b7d8a490fdced
8a1d46dfbc490fa0d1121d24506e10ecb7228e107e604d28303567cb9d334e3e03c1de6166870953d090e1e83569cad9714e944216b35885fff58133
5ef6f917f666925a2c9a5ec101a4df0b862bfc986053792518f078bf35910cbc84baf06b76a1c82bc58021e75cdef705e3a680574f1081c0a73925be
0fb1a5ce1c0f1c98732401353fbfd81ece7b865b0c181499c4284ce3d668231a301883d67fc1f9a57dbef8c59f13f4233c694117ac8fb6f152fc05f6
b8c0b158438646ecc21716ec89a806379c981ca11dd1ad66529829b87ae5804dbf552f0408af8dae09af58316170f5f18982cdb6d752e50c579c0e51
0dc0af755607a672bc7c0f378a2e84d889de66ed515347b5ae3d8a13bc0b61eea590b4047053486212a62d6a5134b5e3fc135fdce16553d5e0812dc8
091c1890ce063f3fd5df01cfe7893467c767ebeaffc09e108d1fae6de284705c36d1ac1d76316b415df342bf8ff1009baeb2013bfdda74f97df10f48
c550bd4c3ccd669c769528457cd6f8a0ea055f939970f417321fc0b78747c17cf7dd78dcf5c7034772270c2a4eeac1903417c19843d3907c0e8f3be2
78004e903882192736f9dc3cfb1c7816cc763ec6a01efc7c4c3cdfe619943eeb830c9843b0f3726c658ec08ebbcadb459efdb84b9d0dd87117320961
b6d3a9d1a531cf11fe326436b3291f5ad7b2d8e93360e2cc4e9f01ebfd0db0da739746f69fdc7cccf7935b1b8832c47f8cbfb948389c22b92b62ed12
3d4b069c7185e38012ae17551d566f503d362856d5a08918e6f1f384c366768b5ed6929a454fae3503defc058d074eaf9de385892e0be1a6faa8e2e6
73060964912d4c74944c070c665c88207831371e77b31d9e33236606bc7a83444086c588cc6d2e706bc81c01dc8419f5316044894cecd0f40a434ed5
fb8e1372534438761179818f5bd7f78611faa80fd8af3f1acfe9ed710630e1897bcfd5039b882137e1656de40a2faba40f12dc4a3923a82ec4bee70a
f38338073c3f24a5ce15d161dae7e6079c8af679750c2475b042b5a20199ea6516862ab4046aa0791c0451d270c3e3093e372815b54be0c8db3420e8
312ad9f3dce015a225869a621695c24818c5c9ccc617aa10061b5e15c23a688c32ebdce1c0a0f1f5e637070eb0c30fb27080dd3194394378efc4a417
e02b4f397ef65836cdc81dc872e190e0f84a25c5807ddff0aa309b1493a8191e30f60d8fd87901b3ae5ca3c5dd42d42074e7622470359d35c2156b24
1c22be2e0867080893583ebb518ecaf5f120c312cb0e579819b33a302acc3ae0e03b9a2f03c099ad7db67af815dfdfe052a6df4d2d11276da30de761
a614366f888710abdd701eea30722b5c16ca365cba8b7af055164e103798c4fccc0c6721808477b8b7920adc09305fe670e2dace1e5c90ca9ad40ef7
2371bf1d0a3a1d80bbf363913e5ce02e27eae15b8f3d1e083210191c1e714fb28111abe9c83ed041113732d169485a9cd371f80bfac2e664f795a71c
382786a7e3d0d4106dd6f1e16a883271bc2784f9ccf9b86456c4becf7c8dba1b70c1814a8420887ea2fd613cc09d5c846da2dc656b43928b97d76d05
266d54b3a1655df66698d068d81cf01d3f7a0161305c9100139a2ebc0192a0449ae061920fcdfe80e1c041d611e0a45bb2beaf50af75c2b0635e6028
6aa4840813f4755cf2607a923c4dea007a6bde5e105d3d8e1b7e0f2d08435e076c61fb79d6fbd8e86465013ea9851b3d202c9186d9ece1d995726a70
07b7a8df9d242983780077240920443b4a4d13e0c0262d4b309546e8940010a43d6ea4ec10ee6853a18ce171daf49119b08f20a807584bb40688e496
4620c0cc36155ef142f445670f11ba7f32024477a7ac458b70ccaf8221b408c766238ba2d2103dd05cefbb1cc719b8b7591152a145a18fc5809d6c79
050a09821def27c1245979b40ed84d5a6c30f92556ef9ba42da92698a8197bd2f790aa3462685d6a567b3b1c0038c3ecd1636c0fd173bacd04c895e5
f23b8e83cb0033a422a138437da801b86717858090a1a728da076e12e3998f38f9017384053d6a046ee22a970f208705c1cd5f500b58d5a617161c17
242b132d6b175514d7f272c8901cab161582e3540a87547d91d881498ef582d40aba26b30bd5a982876ca8eeb54dacb7c95f202143d4ab45b08b7a6c
c08c5e6de27914cc86d566713713fd2c2e8130a4f3c4119b09ab5ad0de134e9b8000ae49a75d68b8ce5d5adf710526c210a055852f335e35bae80fd8
8f27ad807b8f890a2107664dc78d5345cc12115341ccb8bbc70547d4b1a462b626388ed7b9c4f00693262398dc982ff882712b37bddf20060a86ac3f
a9fd0582aabe773774be0f9ffb2ccee611482259888549fd99aa294f22c915464fde4dc2e6012e1af00609409b620bfe821ec03389020892b7a4a035
7231ae8a37428cab3a505d8cabc2f906776331dfdd03f7d90084b089495cc6830053b3606c1b9d70a6deca933a403aa1d100c9c44c5881ee58192966
5a1173db7d884143303d0413e70c78f317d485516e125d418336770de984d31e7f3713554b142403bca34683a4dcc3fdd839e4d39142244152ebeac0
e4aec6e8df01434bab653aa123152b39e1c9af531e7252131d9c8896e6a53722d4207299a3abbb4888116290342d71729c536e8a908326b2aae8e91c
8a1ac0ce93ae289a3928d34b6fd0bc3b62f277f7ec279944e46360acd5805d35a3df9d30b35e30498cc18c03868f46d207b8c69297c680bdcfeb4784
b24baa90187cab68849e4fe1f2015c18921a34322bead0c498c10e3963d86674ef8e26c68c239cef47dfbc3c0e62045150d88e104b4434119e3b0c10
1b3014096497317a878241b5a4ea68eab52659399a50a28c1703760c34bd601890e238ba533cfdd1c6030fcfe094dc299e1e52e30154cb970fa05f8b
4ff1871e2fc3a12caab1bbab2c6138c05f3a83629d9b24de53040801ee014fa1259a7a2d31dbd880118d42a92d9a14d42472c4ece989380084613127
c0802b8208f4fe02662b1827a8542711dab65944ee52920eac6852d23c8b2432761585ef688e4349baa288802c46080ed8786d110dc2b18811430386
1ba7b6b94b5d62f7b138d1730a2675451aff07ecdbb2ab87cfd2a40cd89931af74d11480f1324568f8aa905a10c52bd6650abe14b46d2a3cb8291345
57f05591317c9326ad3a147c41ab5411c6aa7d5d9d68c9cda36bf8a27a68a02b8da8fb077ab060ceea113e1afac043f1c56a1a8e0b3a288c07ee14c2
21362463102bf23002ed84e6772e4ec15d91e8b4311ee05016259aa896e64b87104dd520fc862eaca5c3cc28d6632abbd68463a8ec2e5bad7b7b5c44
17c464a88ef0cb8fda0a2689d5aa4570151e3d1cc603b37ec83c1211bb5e79e58a6e8794313f4285572f3d20bb890e14b8124df268886e8714cee04b
1444a8b03bca1a1117102acfe4b822d643dc71f555157f8525b289aed6ec2f708e6bb9a60c1a303c8cc54e21ee49fd1f5ddc93bc1addd55ecb06716f
16433369af56b18b0d2ebbe298c8d5376b8a703e9a2ebf1b19050a4ed1547451f2694440b624af08592f6b63ec48b242d9f01eb6dbc4f0e0f83e5316
8cf05692f93bc25b69d6996aa25e92b93bbaa8c790ecf16085b6423d7a4c7c7cd28103b778d9bfe2e144c96b743c6000930870405ea7e220421f7821
62b3bc8e3baa1a84f7ae789d7b2e359d30667a358e45b80356030bdc37b80087e71123c261aa4d97ef77b395eb6764e7131b706da3ce231353a374b8
d1c454e3b884915447df9f9e5042effba6d4f9e33ef6490db81a5bbf1b02643b8f50276621d4e4dea80b563cefeb4d04984231337e67c09e9c4f23da
f1fb634592bbdc4b70453eca211325c2c15fd017117266246c7394275572515a926d32593ac7cb0bbec8455d20248897b43441cea1c126c1749cbade
5fbd81cc077062b97c606a6bf9d8a4c9230335055b6619f992c9e291193c070c9d24796b329da49d8b842109934c9267d994a093661ca942c1ec2850
87c80c41a921cd6ee0218a5c29d9aa7a801970127cc0cea911db7112b8d1124cd9250906e1f2404d2edc37527232e13e335bcd80a107d6a299271753
ad0c10177fd26d42106ea124995ce9d9b8f112949eadab3ff73bd2ef9e0d4ebf23dd91d63cc00b4adffb65a191d0935d16924cc92962cd9a603f8db4
88d143f1d4006ce33c4b1294a2e2a40981033ab153bc4f513db8204794412b2a156072d7325da0125ccb7400a7e8092b79df48b0ff4fa282e48bc40f
70bd88a25b37dfcb6c9792c79b920e61be9f74054ab84248819692b30fb6889859f1e3e43786467938214d9814af2983d27962a68c2472ed296906c6
cb88efbc34066eafd166477957eb9e444d2f788830d714e2fe85488a13813066f2fe10c6885197f7bb365ac17c2e1f547f81182b9ef68970c54ed310
4d1c370e4338221a44ef8377f4cb0b08d6a0a097aa8f403030aa15a86e7fe01c2bdcb3b4b32ac85034509d39126730a7cb9d2bb5d907c4061b7692b8
9d4beb3aa4527324aa4547e2a50b380552fe4f90c613c580048b7bd74670273e19b85343aa08ad02e20264524f880b90f752ea3e87cb0304c389aebb
cf415d769f0397c5735f0909481c13b511ec021064b349ae8aed2245bb01e424423279dd4e16c2d6a154976971a4f10a924c5ecf92a592c9eb59b246
32717dd0afe0151996d520ae383a02161f90e0c33b240a902e2a0aa9b0e14f976310467c292f128cf853174b742bbe78ee8a3952499656f726e2944c
becfcc6a3060cb6f34894e60a497f89d561fb2e6840c4f524024bb10e8ae9d701d9086296dd88b9467d3e65490f40009c0740ebbd5bf27758014683a
e837641c1119415d7c3913107a7b911cecc290e5ca981059db454666d3bf7687f9898ca14bbe9c92086e98d4ddee1364f376bf30f18570f1f97005a0
4b96fb51c2fd62ba60c0a31dba4ef6dd67a0174056daaaa62acef2064d887608fade436d3baf3cc92e15ad8a7f1df0f095b0863bc2850a0fec03498b
0702fc34a57b70c3530270c6cbf037cf6a1c628876a95d10a2dc9913826ae5dc944eec6a5118e471d9d4d2e9e893a80a79fc42c1a7a38fe874037f17
859db8b051d2cb2eb0cba52043609f2f2f246ca246d8699852449e3cb87a268cf871125d9e9c06aa5e301f06ead43234d9898c2abbf4ac0198f49c15
c79067e774fa1dbb9e82570e206a72ceec71adcc03361e98524e4e17198979e50b94917897591a06ec48e7a99e6161ef552ff8f9d2d502a4cda41e10
7a2b1c470c91cafc1c3d0e82188ace09796fcf1174c18b7e462edd94d4207651d2fbc82c247b42866cc80c310306d2b548c8046ed9d0f80058d714a0
bc1e2fb00b6474d1299de11bca520303cefe815e40c24badb3098f269312b6909c0b68ea7c79eee40c9c896c32b2e95130ca88529de5ad93339855d2
0b3800c98a7206ceb23a709c0947d9735ff003a49a2f5450e5029fae49bf677876100326eb85a48d519ccef43dac991a60597d002454044b5472835c
b0b985622432938138bb22555452b133b8f773c52589aadf5c7dc65477e40a664bd92e570fbed3172edc91bfe5062ad1141b5226f346919bd32da7dc
1031aebd6906f570fdbda13dceb821048962528622b669a335ccf0321ee7259c5077b216d5741fb060301331333853c6a00640a4e25d1d37820bbc43
ba2682ba1b14b4b53b46c4e327235a431e6ad94cda2df15697172782f2248d5a36a1ac4960c98baf68d103e4b0e4e99857cc9f42190a1334d9215199
205d1a5c7d578975add855a208847bcc97f3019e935d24b0ba8ab1e80ba054335e71c6e95a9a911045916f19793a67394fe60d8b46292323c653863c
d45368491b7383778fb8e9e643e2b19b375f658ed9c4a6a6888dbc036b62f82e17892c7778bd8917ed4e559ce2eebc5023860d3e69994ccfda2e67de
ee54d0d40334c3413d8015f0da9777a73bde6df3ee7447f8f09d206e86b0d0a653f07006af63f2409889b07a6052bc10e40394a0853e3027aa233294
af33b36d8c07d8dc970e4c0e98348703e76e55879802c5f57c3a2d6af7c39b32a903d37ef649cb7882e15635806473e2af27d85d170c7627757831e1
c84424c2a0031212ca6b0c692f11aede805ec094bb5ee87090898471067146c5348d9db9e7327268ce4ce0356004b0535028085191076e994168970e
66a084845766cf30cc0122c9c814d4e00a4d22673ce30a454a2ef0669c9999603c701caa432c1ac5ef0245a05c394a702aaa842b50cc0140137871f5
2e01813fb3e00d1f7000267c0d58bf1f98316700b780c223a298ecd5c5218b2bfa3420c85e4c8c30e0e8035203107448b605958a983c74c090872775
e044c11b46314d6057385641e183eb078b7fa021208f24997881624ff7642fe332cf220b13deba82a9905834cb9bbd24c7193b408ca8d5dc79c29953
4cd0cae20b25fb0a723aa675cbb2f294ecd32309651f0c679341f3e4eea56081c806900475cc8e476a312d5c66cec801fb0a691b161fa1605f217de0
7c82232ebe42a21144dd4cdab69ed74e3467925b920ead98e4961537558a736b7d7f822689efea0bc663b840cba7f887625abecec49f03be4f914884
6fa40c57c5a36a58bc673cf08a561c42f53952542bc8af2fd56531ab7b97edad54a7424a2ea5f9bab00753cb6569c88b69e57216eb81b36411513667
254442735642765d90ae439acb8284f4323a1453b265e6d61870f2068845147fd2815360558fda37a6338bba2c970574c033b278368c59cc0cf9d7a5
6c28264d75a9bb8ba9b8ec82f9804d7a1aebcc658485baa8bdd5639fc4ac5667cfec0029ce15de5556c42ea90128a4a4c12aa691ea12130a62650b6f
0005b1b2d25b96cd598fdec7a28b15c1402d47eb82189259790e0a52864b2155104b7b6900928fe264ca0ee6a001ecee63a5f7570819fa1db25e10b7
85a0a380b9b223059730047d90bc1fcb017716ea8acb819da5f60edc50b402702dbc448817d898a5ce2807f6b698f1e123e43db6205c3752222e881a
49a2bad3a36438831331855a034831590338c12f790529d0012940bf780c87b8974931f14264a713e5e3fdea598db3602c116f957572a2a4f2a02234
57c153d5a49a2e5b59f5ca5593600c986e17d5ecab595eb8d5535ff084ad936330d5a71c37d544a296d5fb8c1b0bb94635e3696312b1014326bbfc8e
4d1db21e34bca00f701e713debe785a232726e4799322b724e449eff48c19de5eb59a13e925b5df5f88c40365321c14cc217d447328a550fbfe09eaa
50fe4c5480d5e81dea77af94c5f650284997f68adcbc2cb0366088b9819cb87a21247580688a597e2935c16f9bba998a241552f15598fd4a10ec53e6
36af1040a6cb0b90c42fbf237db050845cbbd2b855cf61461aaf88a79035a4c233505ae39a118b2014c3b097bbdef725e00421835c7ef62445ea1ee1
8894402adc02153053911777d28e81db9fd473b5f816a39c5f913857593caa4b20e1f2a001e36a016b7ee901e57f44649040a624d8f798361d744713
2ffab51cfe821ec0222e9456505d160c672a9e85d5bdf8b40daa8f8033a84031352f154e7a32c6d606df9eacdfe12aa91941bc987858d7e6fd734d90
8b97b555068cfeb44608ab95545dbbcf87f345662e4584d6052ee46293e63167196808a384e3a4df3d369eedc300273ffd0a03dc2c37c78a622f121a
2b0c7093b63dfce5662948eb8235e7d155177777bd748908cfaa216dfe82bec0a2d37c5091cb56c696ba625f8b35ae1ebd20d6b1faa448452bc852ac
090e71cc4538601380b4669bdf2605a3241b85d40a7bd4241a805e4577b3ea795ee5575fe1f076190f0c528a77acbb8f8f13de81c2a729d3ea0ec64d
81b742f490c05b5dc7a2db76ddbd66187b731d8b48f080744659a34283224d583dbc034ef7f00eb4a0d0804840ada73740749f506c69d79f3e7d0e10
b546ba183d4a8d5c6678fa001edf37e83b74316a88f69c65ab6fe6bd1515cfda4c76689a51f3a297dc04cd44872cffc336218305b9529bc03478f76b
2e1ab0c8e178e023648370a59276a041e1a1c3bcb9be83bbbecd200062a0cdb86c6a02505f4c97ef3de528afc62d384a3843b72645fd6ee2a24c392d
78bc2a2700f5833cab5a449e5d0dd0d40f556eb52d22219210e08575d55f0209f0686e76f43656651cb0452a2ac2b821cb7d2e82ad2076bebc0f9a93
19a625dc55797d6ff0f29f65756876f6c6cb8850a077e2fdbf2189c62cd35143b0a35c5a9a1dd6e33ffa0031ce42094edf40a6d20a2e35bc1c37bfef
5f705e60a2d49a157005aa801a5ce2e54dd60a8e0a1e5dcd030b3503bb0a37b946349845e415dbdc2c227d716b20128a330d661169dd1acebe595ab1
86c32f5c1a48fe02bb8487fab507d0312f7e0d9185f2876b76da8da38353422d3669801a7242b022f380c1eb9a7e87c4a6c0ee66868ea604070d868e
598abe66968e9444d8f040bf109e1d674179a31a6a972909458365a28bce90674aae0bcdac00edd2feea2224097ff5e229ea1079a3e4fbdab6bbe311
6150853a80efc5acbb69839920f3b46cd0facbdda3ed5e11960774433daba265df93bff0a478cf06a380bccfdb8e8c475d30f25a515e68763c7525df
6908a2536c7fb3d3a8050dff80ae80025d83b7f5ac44290d51765d1dfa55386ba723ca2e88ee0fe43213c20ef74ea0ccd70eaf8f40aab2bb720c626e
c7bde08d5a3422d2c5a1d981d79ab81b1ca6e305768f20c1886a1377431cdf851bda81d7e4edd04e5c26c96aba9d672afa3b6047c1e5018afc52c3d3
ddd99844d691b6519eb71d0afb9969d2c703440a52c3d351375991e4dd0eb07885ed66200d7f9f3d3231135e20b67200c83f308b9b7624619422b0e3
44537eb66eaebaed32a3e05326b7ecd0d0178dc8923266c57df7e0fba6a905387c9050bbabf09527a4a3b271496a0129b22fbf7bba67f5e8615be476
dd33185ce6007d35953e1d190c1429dea30b62646f3d7a281ee708675d99f6bbe9e8d3cc23aa9b8a3e28c75e8f6eb72192a3af82bef755d032c32143
17beee0e19f93202ec5e2d13fc2d7401ec7ee516a5265f26f2dfeeb9b8847584024ad2e9a88f73211cf8ea16d149f2cd7be911aba075c69d5ce77ef7
bce294f5ba0b068a46e9d9b3eb73953c6f3885f10e870cdd383bc2fba4beed19b91d79e3ea3024b0c2e980114dc30cfae3c182063900d4ec4de4c7dd
2d07ca6ed20b4e49de693b0c03147f3b4aeceabad40bc2f7d59f3b6828bea49b20d12e6b50767f4123c021c723a423764e5e9d1d4572e536da5d8d5f
823e2858450ed1d5f845db17eeba564fe509474e470d5dd632c928f4362bc15c37b9a54c14847af314795c11135b8aa467d4858b8a19eeed3e7c3d40
56238aeb1d49c01518de916e93e5be06ec4bcc43baa3ca2d537c0f78c7088840e4386051d3017be274ce10c9b3586067c0d5be17bf86bfc738303862
38e22a134837b9a729db5737b1a72848b62f40893a343540518a846e6a80a858f98e5bbe5447ddeef065a202bce38a2ea7fe6e2686a253bedb95bd48
ccea2bf207888fb83745d19a20e84d57b4be62021ad0060aa3b4decd0450646fed9b9fe9c4985760d41223264d2972fbee03248deca80bad5d8c2bbc
f4b77df715e1f84c0c2ad2bbf4dd49422b8004dab3f892fb4a28b6a4ef309a8899efa0198a2dfdc09251afd2a1f19f8b4e0b84954916eec8773deb7c
42ed14dddbbb491d45f783ee5e9b3232f413717e227b64595258f00227cc5906c665f2324a9db0071e92ee1728f559086ac0ae3d138c34c29cc23239
5613611fb23ad80073443338019557cbec0320dd2f33901805e3b8e96ac0eb8fb303e48256e6e6c5d320f1045d82b717096351584b6c3cc045b8e905
4f9c411876fc489c2f1174c88db6b81d5ff1a54bc44ea5a4b5e0a63d5ee090a2074fea03e088cab1c5d4e6457af8c58ef021800bf61c3e4451420573
4acb4bc24ed380ec7c2c524a2f50624ba3ba14cc88f2fb8212f2f27c5e0a7652d4fb0bfc0f059bee43c18c0b8a4ac890b554f4cf8db52033a36ccc4b
45fb4ff3845e2a26a7c1575c0fd599673da4ea71b10b6950e4d0d2c117853cd396f640b6b42cde3edb73bec83bfeb222a68e47dde28e6ccaeabb982d
b664ea1a97153b84aaabc5ee974d0af4c5f92685d865434a2711f486b3521b00895de46fb520b65729a716e7935abd7b4daba207a04f4a238b3b9129
b4723127b22205f2b20345e211ce4979122c3be8575bf200fd528db2e0822857c5c53dc294dd7471c6a9353b7c00ec10aef2babd2d7e3f6ca2a0c317
952f9ce032da31660aedca76baa01272e0e1b81a9fec0a095f8dab75251a5b9dab15c13e80ae0fbcc1447843ea66c2c80e2705e93a83e489f2155952
66d50158ed7ad6656e5e4d3dd8950c61b5abce801f335a23322b73cfaff0fc9ea5f6589d6d51e05b9d6d49845ce17ea4b8c335fa10398588d436bc5c
adcea5780f584d21d895d36975d31aa968cd5893aadf41059dabbe66500155b26b86b14b38448edc7869a078031c01aa03e982b9a28aa58249d70c29
f532226c7592e19a51264a28f3ea40591d220826e9f7c307a0069102433370c64a325d0b325c70ebaf0561e71451d602465904238b23c97a2dc86acc
0bf20a462c0165b57b445394f9ea7ede14bbd78a8a7fdcb82bbc83640d5dab2f89d6bcfa9290461004382b4c64c5bda28828ecd6d02453add5131508
c71572f7a50164eed42257c7a956b942fb441969854a54d160ab5d2d827253afae12559ef9b5c1dd54484514a0c5e93ce1b459ede2911413b236a739
2da95d3c925210aec8dc2637e6d52e1eac4233c0c5bfd7f061400e6a6f839a46df7b191bfe0e6b63d73e775f25453cafe6ab94e5c3b7761fb188a663
978811e0a622397ded28567a791f2a09ed6b54f2647ddc01432f2422ec5e288233e88859d10a23b7db25966b4556603939af48eea6d0ffd54b7d8a4a
61209538b32e485611f5bd6340bf1784e510650b72308a62162fa5c4df57e4dcd28460bc549eb3d54efcc4fae003ce600bfa1dea07b1eed56b21757d
d030406268456267b19115c15d4130f684d804d28b2833f6ba79524a22c873c549c3bb6ea885cabbe70abf76f942adb8aa55cd7083d7c3a40e90ec9b
77c5155735dd22565cd582eeef2b34da8a7f5e7157537d9675475a4bd1209cafe417b1eea8aea101c3007ac998bb42a4b87ce089dd78115aa1720eba
ceae30912a2666c5552c8b511d70eda75e6d3527f3a680941557b5c47bcb7ac094a35d029124e83ebd1ec85d2791e1804420c6079575d0fd74359575
564ce57a380e78015e918b4e51a3eb09eb927a349d7555a69d15393a82eea3ebe9e7a11a70cb897ef70a839cd3e919028923cfd121de836475b2f06d
93af122f7b1bccbc6235db84281d36b8c1432ce8aab44daeb90b842bf460897083d2443de2e643ede8863a9b329c6c1316a1e9fdcd3b5407c855dd35
6284b51435804c3e3c81b7d9a74866b3c16e1cb9281b526c648d78f623fd497905b619d3bf34ee2b18d53af2245022d93c979eae7adb8cfc821778f5
173401c8ea452f800c79fe6c0141f4bced6ec13752d20bb8dcf138dda0c55748cb062d7ed0056b43714e65aedce0a516c9adb688d467d4e36c1111ee
145ab6082f41de9f362f94d9f53b6a3e5263b1b9d75a53fb1e6faef6a140b8fc8edae5e4be9b473456b577424221ce1342d5c81c3764e393626ef380
4651000ad02b4ff386547a72bddd921b31f43baa1e0b5f094efa64035bf2f354fdc3bf4abb10f18c3a6d3668cf95776183182d2bfa0637faaef1c04a
ae009f2d3b1fa2c8b315cf42c31790bb4ea5993698d583367181c8a2052b5e9a49ed79121ab557f03e11527c175066da0a6e67a22068cbe5f8bf1567
ad5523c215fbf201c266f541f55d4d217343ae3ad58ad8501b425aafadc213556c014a880bcd366f9036e2adc1b7411b170a705de237c427cabf6583
d399ec995b83b732af1e5b4700112ff91bc20fc5ca3788851714214dc44546d83a9cea3520d49baa970e3043ed0ad8f115cbbc750c50acdc84b6cac2
7703462c0545840d6925a415d99081f78220f8a00da9492fc03d9a37e66d4187451f20d310a5b00d0188f23fd9bc728372066f8840d489be41711324
566d8840cc9a022210c3ac9db7c2e79c7aafcde4382558df56ac51d1eb877faf1e8d93288874435a3855aa1e0f7c0efc00f188b2c96e1b70a2e30f6e
6db2166ec8b2969f166eb3799c9ef8e0e19d111d08c39377cde639d0a81fd81086176691c8815c4bda75281d1ee438b121099a0a886d28aa308bf3a1
3c63117e4fb8df88d19c4ec4c20f241e19b1b6d3d353710a10582e05ab3698e96546da91f24be9567658e103f7f98eb03909cebb8907510e403b4e7b
e5cbda671f61d303dce0c97c7784c929c3d78e1c03f9d2e081017180b0994b4cdd8377d0f582cf801d78d81b79e50e9b7990f7c71ebc10823e40f4cc
e5f71dc7c34cd847f458941dc7b3d4e57b04d5938cf688f779bbdbcd7c5c24b5ee098c851b7f472627d9af77f895cd1448f60c6f134dd8a3c02878ef
d931c8f6919af5727eeed907c806e0f1acda217b712f7752cdee41574d30380f85cabd200e426b5c81111ea0bbf1fa41347c1f79892412eec84b1402
b7edde906f92fb626f1e17c129196fee4a26bbe3c61ee4c8b6779f127b444e1f59e077bb6177859fee8b37489c3b63138ec1d87458ec2b7672e49579
37636053358e1d556c82b2f1ede654d594117e878f944cfabb71b2a64cab3b6e9841f1f13b12cec8fcb8ef2e541047d06a073935efa6d5ee8a90ddcd
7a57c42bf6dd7b486a11f5334468287f9b29b6ec0772d6f004db0f8fdf148cfc2f221354e793ebc77e784512b587ece75a65b04725a3ddfd0619a947
d8e1f4d4845378f106d1953bf16a02270ad369d551dc76125d2227ccac9deae5fe3420b0dbcbcf36feceabd27e227338cfcffd44aeabf8a4c3664704
f425c1c3e1774525aa3abc1420f9ca018f6025bd3eee1e546a207903950fe0d9c8f11f5e21861af5c379bbf2461d08375216a803d919db6544d8e7d4
311cc884aefc0207f2c7c85ff5983dfe89dfcf9e724eb099bd0a79ffe1b73be5c33f60ea54d4f7317bfc13a78c4ce93a1c0e77d14a6a1035629306b4
c3eec2f7edf0680a063d7055539aa903373505e01e286aabb8fa23f816e2263cecac88edd2819771201c1d43827d0bf1b83bcc08d1940bf88838d035
03a4a391e3e0119df31143b8bb29b5fb814ce92a017a24cf7fd3f400d64172ce2321b0b2ab01ace1a541d76feb7d58e829121e1eb34c467820cd60d3
9ac34671c9177964e7ed5c838cc0491e0e871f6749308ed3a4f7e1c8c89bc701d7a4209fe2a300e71a4141780cb7f151905af8d2c00aad1167545c1e
e08cbc9a8abe475e40a9240e781ab5cbfb9e9e9262f5818061d9330f781a85241c7a76198a79875db6aacc3a072cbe52161e15b5a8b4b12d2028e9c2
7fa07c8b4c0c4785471caf3a07bcac1bef5a072c0a8abb3f1ae2f035bee63312d535d8efb50d9aa7b3d4ef2843c4a3e940329922d686ac80f29138ec
321754a3e7c0654e469503be4841d9bb0e3823293bdbd1dde02e18f9ee79fa1eb8ecc90fe5c0654f09300e17282eccf6eeaca41120fde6a581d53fd0
0bd0104f1ac1ee2fa80ba414ba0c09916fa2f3c51781640525be347907aa13db467bc2697320174ed1a65a5cda20fe10cf7471413cec32190bef0987
dd15b3aaa31d7e5754e0ddb1faf0488376578cf2c33f90ac265e1a44026fb176e4aa51419c0305638a58ad17e113cd227efab262702157dce2819b60
111fdb3d084ebf2311fde57b90a430041f6fe54f3a4ce15e1b25c403114772773b90505ba9908f034ef65a2ea4642962737e1794befc404e96d2d580
5394881efaf2c0dbf561d24ad35df7f090255a040ebf1c5e4e2b2f812794409e919ae940cc9244d003495b64863adc978af2d939798a2ac11ec73713
0e0810170c4649b6764eee92190937f497083b8a28859f5e89b80946ce5b8a0b2774d34a9a78ba6e5a194b4e082891333ce16b75a9137ca232b13201
9fb8ce5e621bcfd90d457aa1f80b990f8c9368194f28a865d33f5dff5c3584139c897070998aef07d428d5fb26a24405739c700997f9f40c77853807
145c9ba90616c09c41703fcf89f0e10de805e806c9b8cee858e5797646cfddcf165ca851fa88d3849a2e39fd8c8e55518a3984b576816de575be9c5e
2f86ccf584137850ae81d31dc6b4d070c5d01dfa3407b12e97a413f9962fb5fece841c1d14754f136b9aee4267dafd03b580d2e44d0d9cfe02b1e25a
67f2ef1309988382424eb87b2801fc89682e1939cfec58224f3e214ac99be3449a3d151a3a911e4605184f2806948df1cc4841c163fe343d40521da1
1382927cae4ff8704b0f7e221a2c3c519b7622679f420d4e446607696c4ff872c881f82cee7eaadf3d5b19a7577cd1357e8fbc16a5a3e2b2ec1a67f5
adc4f74d873d888aef57a7d3ac0738e4b41590b05939fbcfea7b4b2b70d7821363c8e412a4f13cab3371ae69f57a5d844dd28af2cd3b5126efc26ea0
29911ffee99a12698d4fc4724b0b7042345342b6b3397fa2ec77369f1317153595657a3f11fe562e23407d146aa74e13dd820afb9dd0cbab30eb8952
79ba839f2895270bde89f0399db327bc3314e77a761f30b5aca78b66491f206bb656b5fb808981ee0322065cf09202f0ecb0686a5b75dfb91455cebb
72882d2e5e58812d2e38ca696f3a1788e749ef2fd093b043c4861711fa027b1a0ff2d345279d93ae66bf70afd551401cae4e875a14139e8670c21e11
c12753c009ff09797a9f1bd2f350f839a15657228ed3b3278b73a064b2bc0f4e64f1bb480228787cd9aad0554933743ea2d1d5806912aa7696f94f14
59cc4e93e68a449313d25cbcc005df13433b2eea5a5373c88caac179ee70618efadd964415d24ee4b2912de5442e1b49ef274c01f21a3f0f2f36c8f1
427893fdec44351365ca3d91ca66c86efa0003d09ac3d741e119e7e9a785605ca3253b21fe5c715ae7891c0d4db077284105b96ce4a7769edea11af4
c41bf725338100fb3e1086bdee413276d6c24d6b221cd19ede778c25c2c0d0e3881fb023a011f62057c1a090f929996b2c86029264210c36c9fa6716
4502be5a09bb264ab047da71f65034d599b3452c606042d7f160c50bea60c3f584d39f9176e541401605625b7826ba50d683019e1623011f66a20b56
0c1664b390079cc5ecdf53e324a22bf880f53b521969bc01e3d57241a89b355e93c032830e06bcc2278efd43c06248da80b13c81df23315ea0778f39
b7db07951344945d0d1c302af2f1be3c605448cdfadd09b8e881f33012100a5c505767eedbf8a0ea05d4a34e5ca2ec81de6cd0c4a131424e19ceafd7
ef77c09c114a5230f6c43c87f13b5154102618f93d820478529a5b2dc6a3dfe16cd4d5beef10a218f24ed68491eaae68c960d4afdaa1c5996cd38010
109b09c3d975d616ad9e579a1d422f954583ae972a1a61f5111203d5898a18ae7024d18c2bf678d4f73ec2ce29c14b20147e8024c674d81a308a8f46
7668c2496451a6016f785f30989c66d841746203dd2b20695b762428d79ab9570019fd78807d7879012810d976a02092a8a0f6515acff1c07140a422
6db12a088d07582591c582b46a857342e55e06a30f1839c3b451904a2f5c5811d20130da7dc02be850bf6fa053fdee23e4465aee23d40ba8bea929a1
bc44b83013781a544dc1cb4b8839ad8e76913292dd546d4d9380fa9cd4a0f91e461d0eabcf51ec66452ca690827a14f5d2001cf3049b401367edf50d
cb9a04c3c5a83cc5057abcecfebefc7887592973363b6a1e262214a972ea05f67aaf9a3ed2e1d08178c0ae23d0f1849cc44dccd5c5974474ecbe64c2
f8ee69f0099b7c132651e101e7149d87070c1fdafa879724178c688caaf7bb7367c2381f5934773c40267f51e9e13b9534e5f909449430e52551087c
3d9b26044f882c668bb2c3512467a6bc41411c204c795dc70d946335eb7ddfe899333ce1133dab01b8200b637005e5657ac02b3a7c0c6846429f4aee
3cc37ac788e90117ecc24ad849baa8019ce8b33e80175fd7077e1c35c210e088f119098b992b705c2770a227b6075b59e8fa1d660e6ee219f987e7cb
fba838ce159b919e47343923dd70cdfc1e618412006677cc6089ddf1c0f71c2710e0532d0cba88c2159923ecd75ce2196e8f748e19f0010d2c0718e1
72a601a284160dac0306cd8a8fcd70bca89717102ca20edcb475797ff7063822381eb2464c99e15828d63cdf6d5f821b8a587286f93e224ec14490f1
02d7f42e82e877ec7396651c0f4ee0841f4046612e5ab311410baddf0da74938331945debf03f682e47adf47c8237f362165209d53f2001b8a00b309
212d688a05976b26a729338410160e1e70c40cd820026ac6071c42051d93bbce157ee91a9167c7a3d8363764ad1419217f8fb8efdc60239e39e5868b
8756b9f988b5b14ca3d18216091a0d9a6c070cd6a38de04246d308baf31e4eb123a3507e4aee9af13248a0717a16db517b145cd1384787a877168b1d
30a45c8dd6dd0ae9313e1eacd074aa01706aca58f3e2542f042fbeeff8020a1bd07035605ba00b0dc297a68a31c00bb08b5121b31dbd2e065c915d88
33d8600d55ffa67c6817c664677717c56d1077c47636e76b845db5a02d61aa8590b489dd8f86952fc6032c5f61ff3b5213f36c9dedaced495be24066
3eca1ef3bd0c1207e06e825d1477c0b948083c519b9502dc8cb4b5acab34e082f445fc1eb9e97474cda7879c7186886a085d5ce3f44dcc29a3d6912c
31e30142338433280f943d633cb06daebbd4ecb58e487561c29e79e83f068cd38ff24540a25b9a1b076c54abc330b8e987b198e3811dbf2dea055b65
d6a4193084da5903d871d90b8491e98ca75bf064415cf5e0a622e238cc5eb381ef43c3c074d1038e3e40cec0340c9d0905078c45e322054432300077
c015132046501e807585067cc78046843ca424bb303b06d4e009980d847b10991ecc78810d5860436159a101dfa7a4071616cdd4af03cef88053f4c0
06c6958d07b6aae28c0119fa18b23b60a7332dbbf9cf14fa820cd8e98c8417cc1835c44cbd70fa0b5c7744f9ea040d5edf894143e301b853106cb394
e224c016c5e27a03f6ba6a9c4304ffbdb47700d600a037a3a019120a0f53320ec973a37180088690fe7a3c801a816250407621f1e380ec418131b5e3
01d284689992878fe8774f8dc311273fe09ee22850826716e26116907290fb3cc04675a119241c0ca25a241894de2c64f81f931585e265a6d91eb2f3
d23374c0d0e36a57416712faa5810e333eb107a509a34d07bc22378060c46252ca0d6e2312491677d0d2ef20302d2fc495a05d88f20093060c9d894e
9380bc3fcce938e00d3a1522a83a85373588d5e1753fc01787d14483b07073d3366feee5c7d535954888dae526ee7431e28e1a73bcb604985f92d6d7
849554347f0f93e862231d97d9c6f1c13e93c5d9bb8b5f1c4f071f1363edcec7b422f09c296243ddeb9c0b3eb1a28417d7f3b1c105c1353a4a2cae22
d2c0346090a8142661416948debc82d7eb1413727d8966b8208dcfa40e90d7537b60c58ee6f91e56f72de2009027482273409ea048c78cf1006e0b3a
5b569c5d2281f5ce05091fde805e804246440f09ea8292cd5120aadfa0fe1611c1be434789017b889a1aac883ee508374f39a3f77d1772461b76a1a8
08c50ca294b501decc4c0635606c431dc71bf8bcd6ccec43d6007b340391728a0c78f61788758871910af3b07bda1eb6086fe8a69fb37f4f9cedc806
2894a09c42bcc0b819696323b2a44820d91d05ea0f957225d1c0db7ad261ba630d3520f31f1aec91e339905e8bb7d980d44971d2b970c013453bf9f0
1a78c4105438cc3836e07bd26bc21d0617fdbe614d3901c4a2244954b05045b176d3d0a42c2a868626da5df229e70cec5b4d0b7e06ff9acd438113c4
0650cb2189919ebe8042d8896acb2280d319931ab06d2cf57d80f776d102a3b8c345ba39b140bcc5c5e93ebfce07b3ab9008c39f230af6b34cb02589
91cc1c519c33ab39cf184e181228ab290d18044a828feefb4c5129ce6e98af84378c37eb017c9327357880afa94144f652d68a0115c479518cc8c7ac
8b77f4c058125834f931d1d96ac0d0ad777d0f1357d0fb0df72682a8d23e15bd8fa28d51e30153e9828d00e91d5622f2b93047fb8051839c6c37c289
48f69d1811509104a308a5f065925a64359001a3863b37444cbe2385f1e447251190b023931a70964104243f18286b46afe13eab41bbba5eda47f58a
aef640b1499f7b5c2efb87852c6ac132d21a693c1914d7f43bb2280801c5299e97ac88b856e96aa25bc4c8d3221c8464d38bd02e75ad5041c21cca06
1181470c7119b023a46b0448b19d3500a7e94b8b3b5a204da34ee765cdbda63b4f81886a4ff4b91ab01d7c310aaeb8e67106b078c50bbce22064fbf0
df69a24994608f746a1a0f8c29246d32b370b5a44d8648a7209a81e734dd75068cec292252a46d4c5a92e60324c6a0dd8a2c4b371e6c70825283bbbf
402a6ce0ebe22b5e0b4a28ec6e35e408fa7d8a6c11f9c5981ccdaea02672aa4738f0c4599c0d1e3c0cc92f1112de65df2cde8326b5782e7cf600112f
3c293dda7839796b5c6393ff02f39b0db8f80b1cdfe2c93e388105971a1efdf11ea9abf741b662748baf41d403dcd0a8248db0b849d51f175f02c1a7
37409c9bc5ad24310a946b679adf0123438058ebeaee301c311c8692d614e16b511aa0b8de838d09dfa7a01e30054d697532d2ce81bff68519adf739
705216dbdb2edc123e4751c72364d2285d76848d2e5e1af0a430827180eb7cda30020d7943ee2931931d51fa9ab38b90177eb8df933d1106216b2fa2
74e8850e76ef50effb943542b3ba65863d0c184a25511e02e8e2ac230f495a2eec0669dee2e5772854283446143dbf2cdb81c00ed1c189235a7474a2
fd5967a04955e9823397aa986f643cc022f026114fdfcc626870448ae2f92752f5540de1f00f48285015b2b48ae997407a13e119aa40fdee8271236c
db973e9703c6a149b24928f4c9fc230346227292519a7c404d2f20fd923a802a50bb3341d5c7a8b80143e7c1cb54420473a3ea30cd3e200e70c6fd91
bb3fcdbe75348319a547b306e074a41e607a631ce48071aaf11c4eb0acc9f29590f59b3e9903c66ea6ffde78e097118e007a37695353f4dc409c1212
76c6cb22451861487809b255170ea2279c107c78034482a9cd0aa31f4a82ff5094ae30259f235b489e29870d246459496ac03cbcbb3ef71c2b7a1db7
1fd271823170ec343df04ce9fc20a3a28cfacbbe959ee2fb3c5ebeef630e27fbed85a3cdd0925c7e478c59167c0fc5e50a6567af24c2ec2508383ca4
0491293215afae2dfc15d74a90265c72e2752f155f21ed9be27175844df3d5c4dc5245fd17de8f12bc85067f668f2e3b51784b15066761b8a16c9470
d21c69ea0179e998437cc0c81b239cc0b739b2c8d17880c4ec9a63f33a0ffca0bb5325f70d94614123e828742f56d1bd2441d1830caf3e4e09de4151
53862ff28548bb175dd0fba8f842d1289920539bbe5fee5155842da1d585172e0882aa7a1f9287c4c7b4a000e0a501e40eb8c0d00d47bd8f55a7ba30
b9e411a8cf4c48fd26693041f915195b381ea0c8c10546fca870bc3a0e7966a5d53d5905fb2a8a2e5c3809bc97a4d50949b0dbe9d5e5867b91baf4cd
a359a15ec9851f9a6cd2980da7a40dfc5563b6ac234dae1369f30267fcdef56b4147c206299e2ac0047723c96369f33952444c5e275dfc7143f50c51
9e29d06abb8c68f306d40316526837e1e772b02757a0498998769f237b70e9e7728cedd0a3f26692769f24c5a1641ab4da8415d79069f721096e122d
eebe8e5d1fa08052d207504050304f2e3f49c7960e888c6200c87117a3ceadc3ddc2d9a5cb4f512b05bfeda84921454194b124c1f14912584290dde5
f0362d5795ed3521a5c065879f70a4d20e3589ab351dc52e71494b924ce26a929fd289f0678df084bb8278d8e9194c9f527560bc8c63e432dadd7be7
12b8dd56a7c2e928e7319811d3c750e30123e30cc9264f8e409276466176895b19254ae54192273fa81e3d6633a4a64806935dba1257cf28b43e377d
e03df2a290bdf018972c23e22e4a0ecf33aaa692aef28c623a4d0ddca3912b1f40cda031bbea4c6a816c22db58547e80ca2ecc883ee008af17be6faa
afc6bc030386b0422ac9013b81649a03cc649a6280fdbda93d5fc74b8310078a3e803296baa91cdd74cb658b48c14d7e9391703d0965d171a865b2bc
0249877546449e5c7f73741cf274cfd17386725520f149d995a38ff041e71979046425c94802c738c901dba2c9ad27c31f3c65bdef3610ce10355222
4344c603535689bfe5ec28e0802d7a4e66a76cc17355beccd953255f0660ce5a2168cdb263808771ceeec1ae179c8aaa7a441ed8a611c29b8bd7fe8c
c4045248e602157817ec25fff4fe8a191165a61d0b5248674f6e4c993057679f5ad4eaa633c1be1735c2ea61134492976f13d21eea333d40f42b1515
19d98f591fbe64386749bf969be75e608790e0aa16adc18aa2addc3ce48f23ee1ee7491443c29b44e7fd5e0a951d9888576409cb2ee2c9229d51d9fc
d223ec9df1b295a0ced2752e23554094035946aa00b9d167183c55d7633cb0c33d5f3e40be7a7107d47793a923231db08a7d8d07ae4760030b820093
60b85e6a195dc3c5224be30172db094dcb7d0e9c35545ce627f88453272ff7091245ee71ded51d2adc51639821853257df802185269d420b34d11a9f
49a191199b078c2bb75671f5f18b9b40862c5a2413110bf33f0d7887b1871da0c440173fdd9c6ea8bac99bd30da768125f6182a8017bca467660129f
d10a61648ed5126d88a79904efdea11a849f09d5ae7943f03df52a19450d8a5084120545ec6dc75d48e7ec014d3535e1d965297952e4c3732673c426
2a8d739e037217719108ec8b120f33f2014bcf92615f9483533e60e5167b4431f7491b0d16c12e8c9c38a22e30b4b23a50e0902defdd324147caf195
c92758f4c074ff45ef47bc5f08bbb546af2ff83d128612459aade2a97349b465f225acea01399ca9ee2b260a05d6692ec5449f243fbe02c5126bcc0e
386304957007cc01985452e4335f66df464d1dc0a2474652905b404b5ae0a22d1d4a09ce273422b8684b33551075266790e2a9f18a3af01170631684
99b15a7829d15919a9a698bfd69803e7ec82cbe503e080e27031c1a53033c08091e1a9e97d2c820ec582e4b59dc77649de61278c3cd93c414a42b8cd
acdfed546782e1011bb396a856121459548c978cc2675aa48c40049e7025fb048952afe1401543c9982055b6c5e49222465432c89e127cc9a89a95f5
3d96200b831903246b2c6ed5cb42790146a8132808dc67caa80167ff806b56e0ca2814b8ee295fbaf0f864b588249194d88ba99686a0c2394250b19b
e5134e9b52111346b1ab541f1ea59882426e72e52cd531c815a9309cf3f429e68115b256a0f90d85efbb5e2a6bdf362ca1e60fa1a591d516a89d240a
17543cb83608af470dd88496289b60e97018168920dba1b0078f709d14657177617ebef87cb91a76b857e9af0b1cbe2b1973f13a689a1e343693280c
99793aedea05e5791443503678be6afa6ec89150563624dfd0826cee262ad803353422787817de058a9d6d3d8aaf9966212635b843006144fe78b083
e03802281266de0d0acae9e81a5c0e7056715e68012e7ced440104910cceaa28afd2724292a6a85e4eb076314ebbf5cf55383ab1463a3be0b22d41bb
c0657b16a3b58b7d90f347f18b7d111b3bddc95303801597acbd4ed0e37100d54ebfa6d3b77af411af57d5a38faa603b0d995566c0f0da231faf380c
2fd6b58ad350a19e7586a44e2e5371d8651eef15879ddc592a22b2c70cf400e73f89a0ce88c2a326a6faa59d69c3c703d82034223f1e6535ad381e27
4a043540662367a9706796975c0df082a302acbac78ae8b4c2eec25c3d0386b78090ec66179265f5e3932248f5e3533e3fd58f4f8a30d58fcfa249a3
141b33af0e38c17d571f78d176ae42f4b2f41c41841046b2a9f05e967aac262774ee9c9ac01c2904d5e46e5a6cd0cc30b3c25d2b12ed2891d878605a
4229672a92bdcbe7a5daf95a14395093537a550f60d7414386904349bc7ab1544d1171e1e2be1561e1d124e9279c3615259802cfbe6ac773921aa2e2
92cfa43e03f6e192b9553b8f8b2c41154e36492b82e3588189b5b8db173b442e787997d6820a89944faad9758a9408d57c688a1c966bf19068f6ef76
1e057557783c4fda36d5ab4e7240a635a84df8ab70b31227404524d6b61b70f20ed440c60beac077362f5f15077410afaa2001edfcea38e565aa5628
8e29ea57f84c33ff61a9cdb78968022591a4f0afcdcb4c11070d23a0d0559114e7e2f2511178aee8ceea090d95dea29aa2a2e80a5ebb8b34c452478d
011e71d5d50af294aff0a3cec25ac73ed146821f75548686ea65fcc4cd9081302a65444528ba425caac90d49715615f55503e5880a2f9ba406515548
46e1ea8e348a0baf8b2f2ce7ec6a068594d6c5d1ca112d3e27f5e07312ada110d1acdd064f9a42cd48459ac2a838f06a9a84c24433033efc050d1a19
e6b5d2f0a4d115a8aea05eaa31ab9baba407ac285e28f9bf7a2d23ed67e435943b554571c32006619a85221b6575cd82721cd4cd47c00e37d4afd20c
ece2cf5a11a5a2d2901ca12bec3897e660c699c42ee1077de1a7280a7b190fac364184ba839f64fd0e7e22cadf9dcc740ac2b1b95156aaa8011b7428
228bf485dfb8954781c315b1e90a87abae99b8b044d34c14996debe14572f401862cc28527b38c9ef5404154c93ea7d380603b44a58ba9ee8bac88bf
7ac2dd4a383cbd9604077462ca97f79d0a75e8795da0f929356f4a832283c54d07ec15d766c2becdaa5e40392db2f83679285922ecf8118c2525c76f
d06c309fdf809dff0adebd437d00ce91f50236198584e61e34ac18331ee086437cb4d9314c86dc666483a170d7e0ec3c5d5a04770c7a1f18e729da02
4aba90a65ac0949b60dcf9d4be57a127eb6a48a3ac08c9e6e60e7d1f91cdb5eaf71d6290da034634614485c54612694848188442a8211427dd1016c6
324b033684142dbab9bf14269c1a308a5d5fde87f62aeafdea03e01a2594e6880481a0aa9f41135a1094a8bfe8985b42e947f2eee6729982e15b020a
8a66e828a0f8dc32fcef3465849ab1b4c480837fc031c28b463e3d0de52fa5706bb0e8042d0a8a4b2a734abbbb23f3fde238e49c0b9282909536d36b
588417611c5f5a6404c72b09462bf0e7d6be71f7e5c65b618381469e0dad62006444cd55178a756fa803ac60efe6921165af0639266b159ba32ce901
0e136d34083ae305b58074a23cff1a7c68a4ee6ae6fd5be450d2602f91f746f3aa3834f8341353ba3c161b8ab8cb7fb9757730d190e102238fed06a9
433e370db509ab76f602e50a8fc38668ad2c2241a262665c1cb077a855842da150206e6e4bd04e42f962e97d9b4b00929b9a4b005a14f31609f2536d
9b5f3078096b1be8f00223f9dc05763aa130d8905066528feeed21fb4683754089951a3c5515fcd42c9a29294cb6b9c2243c29e4b399a5a0b1ecc280
1b8465c190d21457d076046668e3da893e4882c387a9a1e83c423163d66b1e309c5f66c1886350fbc8fd12bb5ef0035bf8421d07851e3524c7d315af
a14afc85b3a04a7ca370de4e8f2411119e38f1a822eb1eebc35ac1e301d835d51d1d67f24c9ae8084797b1b9bb3a44a1d17d82f07d69d03dc3d420b6
05f9779f7dca7c7f9ebd413d80b98673ee08d696835047250209ebdd540749f1641d8a7685ec753bf12ca689b03b517146eec1c9aa69e3c1e936b707
9c104ece2b534fee2dcddf335291f042d3e112294f930e45b72277bbdbd767fdbea37d7d0f3d8026909d6a8432bb5917915547be36691a3ad8bd6245
3ad4d8495eb11d55d5e4beddc1cea51ce9884649aca33a1e18f3d315ada3ca9afcd07a45043e05cd6efcbf4d5a93eae527c8dcbae736e1beee664e2f
8a1ced158b36ab830dbed21c617314b00384a724b1fb8e034459f93a74dd4991a31dba6e3954f57b7e590a26bd2135a8b64ef321e9032c9b081b19d7
e409db3b920a6863749f224784eaf4f260eab8d55e06883b66bcc0ee59cb55c71d33c9ead6ed8ed9af1fa083cb07beaa148f3bee980a90e98bfb5071
842b56553bc50e10a5fa1cb09d60f26ceeab77480cacbef549352882a63a3be38177c001d9f95114f3d3e12c78d999b02d2b14b56ff05e1215c0b42c
135587af60526a89be7bee4fa268071150aee976070c73168cd413e149bed1fd004d522aeb07ac0149b0130c1b3fc157c44991f65e3162fd744f4862
0797af24e7aa7e6274140096e99e8ab3f0c18c1aaa897080db70259c4131fa1d11ecc4ef32c3fb8be858dcdf8c37fa6546aa70f537c3bf839795e59e
1b94bb70b1dbcc25cbd31282bfd0f92082b7ea036c9a241844cfea04e301b23827c18e93074d2fd187c0e3658162596ac4057658f9452e76616af214
5aecf868ac943360ec32aa2516a4d19003db820b93567dc1fd4662e0822c18970924e7c56c1fb9ba649d5f32a88aa7d1921d236ccf536d91932e385d
924c424bc6ae4c6a103ec21a60710c51305da0a8ed42218a7cca9d7d41e97a39192eee7da53573de4d36b340eb291bd382d042290417e4c2949e6571
ab62d4fb8e51621c79ac92b4140b7ca5e4e2b774b015aa59960eff5ea1a883b38aac8df376b9592e8ba39cef2f1e1f4cceba9868df58ea6fc0113b9d
03426a2ab9102ef0234a52b62fce9ab31a80154c6b66a27d6f42f9ea1df0fb1544aa0ee0383ef172b36c104928272ebb7f4fa2d941c4227ae37b5d8c
7881ea2be9cebb98eeab5fa818a9a22e6bbafbe587bfdf791f2774f86d8a183abc0e8258d3e18717678c348b4977d4e5c022898c4f4c8967c572a207
5109dc8b9521759ddcfb76266c525cbafc8e1970d1571343bba87c8573aef6e13a0303e4deab97bb9014b606849792b9aec12d4eec00bc4ffacf35c0
9fa23ec957608550cc6291034640b2661361cd22c5aea6162a4af5b1422d947418ad9092591e73c09e94490de2a89df53b42ac89fe15c97e58dd72c0
30390add607b3deb7d1f00d77385b98c1554070cc514afd76b867f3aefdf2b921ccb3f6645c2c0cb009dadc9857e35b6d6a6cb0b016e5d9c6141943f
c5eeb5e0ba4ce5ec0a6f11d6401d70c1fd9d332af04b138a0b6ca664636b051b15419908dc14e2b89a085c95ad65ad2edfe97b30114542ad16761475
595c21234bf5b73698ea29b0ae2ef18a005de28d5aa3e6523a6902c623c541accdd74c386f8817bebcb040e3c0117946c2aa11785579ea895697a169
065911619d35052f91a008e4b57ba2498e00c6a3a4dc096b77c6c417169c05e4aceb029f0e9e0deb02919312e2ba8013f26c58176f8f23066716e75e
1125247deebafa3e200a2033ebbabc22a74e168a10249424c3ae88700eb33e009fd23e00ab9f2f0300df11d9b8902d01628507e8249c4289a3e377dd
906e85b7c97543dc8366b479517292dde61988c55b90f246aaba1535112e7afdd5e395b573a0e4c91430563b9d926ef4eb0e3f9daadfbd68033bdca1
da1319ba47a850b8371f0017118a9e49840eb79a24e7bb1572ffe5b04041507956ad075c269b6023ec4ea1703de0d64bc17a3de18249e5e20abb4a52
4ad8f584f79f560d8a9dc40bf50ac38b3ca55797fde5d4ba9e60779481b6c91bec84e108c455de26f8e570236d664a69ed69b9d33653fa74798a6fc8
d89b285e6c938faea837988548731bea69ca82bbcdb807f0e2b0c16c92e4f8b4d9cd23d44b0370ffe86a00d3a552684312428978dbec85458a5e80c1
35ab4164b7e3026c7e5591a9674352c1d4057b14996084545275b7794e412a6936b8a026b9b86cf0419533dd86129c32096fc81a93058222ba3e879f
128f83cd2b76063587359af5fbeefd6b407e7d147c22ad0e511621af70d76d48389864dbda9086264ffa20fa0b7a805860d19c975eb8c0a88ca74582
ad4921651b7c74e46abe25f800711b6fc85b23cde06632465290e99690f397379bcd658c249423365a2eb39be749d61ac290d38a602448159d678f7e
e49a6467de97179063715203708ed78c3352d08a6c33cac9688de0e3dab4c826d4046577dfbc0428c5bead78bc0407e4a5a9a8aadc5c06e169b3c11f
55111c1bae6e4937f8ad22f14d131cfd05f6880ad88aefdc60e9b944d26ca6ea1b2f7008a824a5bc825b8507a3e81aa513e419b699262f2ac9e306a7
55d9a636936a2eb6b40d86a021b771c8cda94eb00f480d56ff402da238b0c8189968a4f5d8bc16837636f2c84c5a948efce1e214b02c5d588b6749d6
8c3b1cc3843184d124d980374f1c28b2451da70bb744d84c92cbe186cc8172e2d996e02fb0850529cdc53e1157a334081b32c7b0cad0800b12d77044
08ab51e8e286b09ac42a73e3410792d501d432bc4e6c0b1c069f96426d7345a5128c6d482b239bf3b67832244e0f651a942b7533a12c5f6804651a94
737743548d32936eabfb847236abaf88f06342575202a90d890d2fbc1d81d9977db8c26935ea7d948115896c3011508cddbc8a8348c633c2089d30ac
c9c6b1210de1c5d57b439d2ab9e16e088abe908c8958e3b2c4f777dfc66c10229602c93794a15260d386906899bc3738cb28fe7fdb51f3f5f23ea4d2
2cce878c31ac703e60c42509e5c818336bc90f2fa9c9253d7c9b4b4238106daf19234a47b6b9cd350c32d86e483173615426c38d11e98303b07e3f81
32cee074de49149e4e74fadd379d8802aed27226d9cefb14f40072ede503cf252dd8a7a013d8cc7da34baeaad7c6d291ed990045b6c804a80ca31b4a
6349fdba9dbe4a647dbb6b90e529bc4f8835a5a0bca3f89552c7ed13e882ac6b37736192d26347ce9a76f91e5289b0b8a3d843a315659f3d73050730
c34ace29eeb3731e226947412ba5e1df67e088a2fc8eec812ca836603b6f1424b223799f7ca676af942e597e0f3e454ec935ce64b63baa3bb428d867
c4f7214729426f876a46d909f788ad49a965f7bccd2c54381e6434481c22fd9f1c0776442c2716061c0f50359b77dcdd7c7c2e9e7f3bf203ce931ac0
e6e581b72724a2d58ce1c2936417d893731336987cc8640f3b9c7894946687138f64cb1d929a02c47693d4b274293b04b5d1a03e30372725abdee1c5
3377fdbef9077a0147467cd2fd6687e7b5ea47ed095b9fec7b87e7f5689d4b80106cd501da914347be8bbb99844327efd821482aedec9e11854a396c
37a57d90d662cfe0ef450884e0d82e1deefe827a00d5258dd0abef72afef050c98a2e05eb0862292e28e6982212b933deec5cb5273cde16e2d5fe7bd
0067e43d3b22ac655bda1140ddb4b14ddd15e40cb89b9cd86731868a19f384db9b97d764fff0f7e9227a575e2908626fa8aa4211648798274bd10ecf
67e50dd9914f50fea37b73145f46e001779c016ab7abbed5de7d9b5057b47b8669f568725d2c426977a2d5103a528c514cdbbb2faa1a3c11884f78f1
3565071e3ecd3370773950a56bf67bc92d2271b9f31ac29ef1595460826094f7dc8e0c8273110ca37456832edbea7bcf89ad118359168d18332cfa1e
8212a5fd7d85f4aff1407da67ccdfbea455ef53ba89082daeeda30512df2455fd674036f15ebdb50843ae97d307f617c432a041d0e1b4ad7894fedf0
07557b28c62e0becbee3f221a7e11df53c2548ed3b983bc59c1d05b1a4d8d8919a4fa5eff6fd5e659b3db8a045b5f57edc8d578413dc1a38c3c3975c
533a20fa89264c6e6ad70fec880fdad887fb74a903ec9b2a1a4005ac2e1a38514c889a94dd0527851cec9e5a46bccc052715b7db4d706ad202ef2638
7559caf7d31501dc5767f306f4022ea5970fa064bd8c003b55ec166e5485dab563f2aa6b13e105d906e7a79c3607bc922ffacec385244aaa075caa0a
97f07019899bec405ebfa470846386e31e77d1816af00a9d3d5024543e570732cf2405131cb3afb960946ae0363c5ca8e2f97498977292e3dbe1b62e
32ae03b62e25b23ac23d592c478c94ca8ab53950634b25b00ee495691a8049654dd2fd1110b6429a3a209425d5fa3b5c2a2bfa6043aa1ccec0bdc89a
7e3fbc010d1955c2c8298e88239ed697c3b55f2ad17898dc166489385cdb45e3c7e1a5df9505e540c89ac25b0fa46956f4f18180ed4ede73240811e4
c547c214f47d725eca55cebecae41d07d455ba2e1cd05625e5803a50e442d5720ea8afe410746414486a6a10dc96fbf02840faffcdd8791cda8ec330
b4a56b2b97e3d87f09231dbe01bcfc4b39288ba498e06351a347fa9fcc7b4e24f310eef499f315ee941c98f3744035bc2b42d76355cb831060a5ec13
ba1e8f10558e412e9f4e87dd0098de36423ecbfed49dbbfe09fb939dc59f81a0ea1918f8a5e946f62c0ede7cad7df012cebef73e237aa016168bcebb
28d373b0f1dd8323f00b4d2c80c5b24fea4364d1e7e846861189a2cf191c50c2fa13ca12095a4f284b74077c5096640be30f39789d0afa0958085ffa
9e1321c1cb7a4617d5e5938d3edc22dba4fb7fe4205f029f13a6e7c3198ec8e2b2cf4597c5f39e2bbaeca3b3d87c73bceab3d87cb7e2f6b96256754b
7cae380aae1194e0ec0a2e5c485c86c9f9d6f62ca3d77086c6e78a75d6d1b863197cfa096f326ec383512c5b807eb08a5931fa10df64efbbe726aeb8
fe936fda73ffc1606a0a43a1e335c124f6d905043715f39c3b8eba2620c40cd353f4390e787b4860e7e0cae78925f28c3e38137ac6d1e7e44f03a820
3fe5388a26c801fbe0f9580a9f64cbeb43a8bb23809f87b49ffe9f8476be833d6ff450b2e3f3a7afd1028046b657ff00bad9a702d209981e2fed4ab7
b7e2fbfb93458b1e908d51e4f70579dcd020ef8f2b5973391a682a63c1d11e7c319a39dce985edfb5afb82dce54434efe2eadd193adec045100f7d03
17c107f5253b9c0168dec80e2739e4dd8352b8c2e8b0ff3f285795d1cde8d0bc6487fbb61774c01d0a6a3afce0a5428d30bcfd4c19de14f1599a3240
b3ac017b13728878ecbbb2b0cc0a5d8e5d375c41c7495353b098767642f337e15d27fafe92fe377f6a5cca95e17dff028d6093d11b9a8ce16d136c5e
4cf52d81d2a821141c9bc482de02ea4f71998bb5e490b7903955e7e60d558243c45efccf0d17f1d6a0b6aa30a28f0c4aff2eab53ff4c229e32f303d7
b0ceb29d8bde4a688b973100bec5b3de0af8a768e3dbc872e18310662bbbdcbfcb6c558618c41b66ab915c03799f7f2ea31cf03e59da886283fedbfe
d008d42572fe5ac1fdb6333ed098d0571895e66d3106cdc1f27aecb670bf017755fd3e264db79eb70386e8bddd418ff432e08de3e0d0b7c76153877a
7448fb68e9338aa351df8ed64ff4f21d802d7a51106d0c34f82e65c358805bffc06fdea589c8c6f07b97a2a1db08f722c53810e60d83d2f0742c45c2
70229337b039bdeb4f82f7258ebf2073674b5e2f2e93def52707dba42a72bf985612fbf413ff7bc9946b31eb45e4b046efbd30ff5797a33ef57fb1f7
59d6ff9182fff3be909d49ffdfe1d1e9f727a9655c7e685fc3bba1335234bcf06307febc0fedfb503f24ee74fd0f6e445eed27ea7719caea334e7ad8
cf91253dacb14f5f6ed03fc93b2f9148c5915c2f195c9d2dffc5bbbd38a5fffb06c0ae468071a248a46a3fbcd5d5e5598e5b7f5799e43aff2fc92c1f
5490fc03c8d6ffcb3cb31c4754ef89ee9d3f343d0033f07f8e3fcb64adfeff5e3dcb4800cddf0f2ac8ae11aab1fb0388fdee0aaef8c12ddc3805ee2a
3ff1812661a3cfff5381f6db399543ef01af568aa5590e2da8bfa7cb43ef17c71cbab2cd323777255a990f00011e1a02d60869dc66998d9f5cc1839f
ad1accc020378d30037e3d3442f89de4c25966e325bd2fb1285d0dc2ffa4629be5759294a86596c93854d4a1c5df66836a004df9f0ae58ecac2b827a
9603b846ffd760156abf8675c5ffa31b4aaa1f204699c2679925dc7eae10f54dd68c929744276596c9b8b8e9fb4666969f3a8026bd6c6e2154e9ee61
23a2d9bb903423f307751168c6e47d4b9a119dcdf623ba4a16a8598e7c7dfa1f684625249ae5bf8cb12a3f98bbf51ecdb8f2a0cc72a2431ef22077c3
e632718fed5fd20acc8f2341a45b1b5c5dd4fb111929355d013cfd536f23a9e7a6dee18c9f4c7708c45542ca598671367f4fd23793116edc65f37089
a3aa3ed467e042673f58f3b1994cac0b74fdec803342bfd4a33354491a31fe0a65f3821089258be02c5f180eb48001c468d279c582ebfde27ea978cb
5d0125edef09e2afea10308acad634cb10c2cd8784c82e99e76679b1afcf9ce3b2394c056e701887bebf638455230485b09819dc180e7c8ab95e0ab5
7896f1bbfdd021b27e4a7333cba83cbd26eb7a59abb72488353f1ff3277ad4dc6258775c2669b1b721b083ca1933cb4117bc8a38914af5df7e24542f
26cd2f2984931601ad76f9f0af7501dd87571516ab0c556dfb85d67b57194bb628e74668ae47b06d3832698ab6759fdc8adc52e60380ef3e654ee2ff
42ce2c4746e19f6b6052b37a04c35440e02c632ed29c6deb06dabd08db8e1d59cc6523da4b3a91b6452cb0b6d596e2e4a97eb2832b4b73db969dbaca
fa32cb830badea277984f2a3cc32528d328ccc076b917fee00c9238aa4f2f900d372d20fc00ecb337696214ebb7a5ca282ea0f882117f1d8d66d6c7c
5ae43656a496980f32ce60aa91dbd8fc4083203c5819f4667939a2666f93ca2279929625b88d4f8b789a4a88d9ea5f97fd01ba231dde8dc45af22798
65f6d5ae065b34a839e2f2559453643e8865d0a4e243985cc15f049946b4f891c3976719e2206ab40db2dc4beada821fad28f87fe0375b302b6f52b2
582a43c92cc770341df8fbf54f6b38477bd3136ea63c0eb3ccffae6ff1a351f5f989fce3ea829b24afcf19d3eb1f727ce007ec7aefc1c54eaa1212ce
f2b3ee56a6038b1b8cec0e5ed1a25bb8221593e677b18326abee2c13d1eef5bc51bd357d0f22873191e6834c0f3546d24058e2d96e82328b2b644b26
57f8b2c02a3f31c52e9379482c7d5bcca029f1d02cc38093cbe4a2adfe7fc9903fb1b30d52fdf384e0ce5f7dea5f600f7c02e2f2937ce6d6e567640f
382e3f724a6d3bb9917c0fd803fc4b74635fb4bb2b37ec2cc7fdce656e1a4932d94ea221a5bd69fb1ebbaeabcc2154604a03f3de4e402d30ef8b4210
1a98f7fb7017138931fd7e116399b35ae0d717f7300508d25099848b9babc35f5e72fdbe3471b22acf62686cdc1a591a36577f1282e0ef23bfa1d670
c72b4a1114b3fc40f6dcdeba9834bf27a24df164b3bcd8f1efe732d3213a0c7a7d15d64e0380becaf57a968998f37c639d2b3e7640d08fec05c08948
6132b37cc40f7e801ff1e61662c8da653b9927e4c63acb4f7ce03e8245e14d82ff7951d4e47c40208718fa0e70ea6712e1350a429865f0b78bc64442
e5923f15402cbd0dc934a184b50d18fb6a66b583f4a018b659c632afab4bc0d69b75ec0d739977e16225fd732c02f754cc728fc444de259122d993ce
d5a7784a49972843d22cc79c8b37ed84bcad5ceaffc06af61e0be263dd63f8eaee0868600d6f0021234203e67c55544bdb23a5b2d767e9e1ba597140
c2efdec4785e5b24dc8fe89024b01d5c2dcb2ffbbafc14cb8c3bc6438b84fbfff16f6a7129e6b245acfdcf175b130cbaa60c4fb3bc145b9f06e36a22
6606447cf98ce80a2b8effe7988a7500d85e2c0202d85e2cfd04607b29de519143c29419435ef91cecc5dd8ac51d00d7b76e3ac85da71453162e3be9
d3423853bb85e88257e1a10b3e3418dface20011bd7ce674dd5dcae7103cc10cfc1e006d2f6ae42d92420144f462010d44f4fc1931790693d7e48d19
d0885fd6c494ec6553885d82685e2c90ec6fa4c2527f5f347b9ff7a8a6bbebbb015bf9bffd40342f8aa868209a178b5481685e94b5683e881e26950f
ca7e8f04a37393b6f8bea98c8c2560daf960a9c92c530172be29f9ec2cc790abca98c244d702e45c8e6f0d8cf362a11d8cf3e29b1418e6c5ec3b30cc
ad0302a3bc28e4a1014a9e7c574c7f79045d8e8848ff7ff1bffabb07d289a4e0b48777a42a487428bbbc666814974b54a0290579b3154d698a2c0d6a
31b1a9b3dfb3a9250783823e2bd4cd2925d4bd3a46c0a04fe1dc3fbc387f688972ec1a497909539dd566e0a277656968c0a277933260cc8b9c0b1b30
e5454e04b31c944262664204481e726153486400a77c96d5c38a5ced06f1d12d02fd69e08c0f8174b78019dfb67f09bb69609017b9afb61456bae6d6
9f684d2b82cbaf6feba905849ccb315ee98e0129ef3f6f7ad244592512a0e545094b5b0a339d3755a02efdfcc3881f34638bbdf7cf315c66bafe3936
0d2bc4e62ede518106d93857c52dbcf1816aec28dc37979791fde71696996e5756ef06cef9aa40bb80a0f9e4350a09a27e1e44fe77979708249fdb06
4ef92cab425015accc4b23221e34046480cdebb86480aa7c2f0dd46fe7ed6d81fa5d7cfb02f67b6f3efb071d32ad420618de17918850926c025af34b
2d4f908f3de9dc586d4701e5bb5a33068877b5a52740bc95e9a081c05dadbf4e5734685a71c59035a2250454399b3710b8ab7cc567f940e9a2290191
5bf1dc0d44eeedbb4dae9863ad3a428275d24072572b0b13c98865ce6c206e57598b5b206e976a5af3c0724dbcd60db6ca156f96e3e87895b9c25a55
969ed887eee2135d5097f0dbfd79a3939e6a33cbc33ef7e1387145550440cb8b8726ab23f32fc707550f70f1d1ac678089caee326605b1fdfc8b65cf
2a33c9227fe05927d3ebbc91eaf5e7f727dfff3f82bc7862368fcc3b73283d1568d3d506c6bc73036bee2077641bdb72dc91e5f5d4c0a7aeb615053e
75515aef063e75b5f92df0a98b3c71e70336824866c60d757ea04e72abb60130279c7e3c2904610ba0a381703d05227f0f064bf67bdc419acb24b8d0
bd39f0ab8b9c345b8e04bf22b939933143343a47f2dadfbfa010cc8fd9b64d4c2747b2c49fcb3d3e50f3e47db10e3a73eb1dba20e6128baefea36055
7a8b1600d445f05a0d00ea24bb730380dae0ae93ec611f1481076fbab74f19ff782f692583b3a85f5e5c71eb1e00e63c453ab61ca970bd408ddc8a9e
cfe04072666cc04bcf073e47b8c9cadbbae548fa2f16958305351fa4c8b0f5f9e0880fd4a748fabff907fab4b9c5e8932872260597b296cc72ccbafa
3c98f5eeb31939fa456173a4d0f2ac1da45b720f22e3beb42dc037f79f8f262cc2f23550c943ce772d7088854ed580111ec91d04756e777da192943b
660324789825e448a1a58b6e2622d6215af30186ede40a620ab29b5c532068f91628c10e796aa004d761fa46288763b61a28c1c996e34009fe795d1f
34d5bab70548b0fdf81b20c1a97956b8f8c94da701123c49be2a7c037d55efdfa8b0fa012e8b26b16f2068a9076f54f8ff2c82c29b95f76496c9f225
b656969ab308c5609661bc72096ca0f05685b82ef0c9f820eb01793cb4b180e9ddec61ddc0e9ad566302b2bbf9e603c86e5186a006c86e12504c0363
77b32b6d036437598a2fa0f1d81409a66e53568906a6ee6607bb06a8eebceea8c23df266a845ee6ed97340f083fd2e1ba8bb9b427a1aa8bb757c2a80
d557bf6756e519da4af8558ad7177283f8665322896273999cbd62736531a524ace4066aef66dfd8066cef665100d8decd9e9c0ddcdebdbb8b91b0ac
fbfd881fdcc42200eddf5c0602d357f8810d4cdf6aeb3298be9b3d5527fbf951bbba03c8af10421a20bfd524b92ca6584db301f9dd957572962106f2
279c0f1e7ed02e03fca779bca48817565a0bd05eabc100ed2d3faf006cb0f92015402add61d0f594c6b201d1db2ce317d079aaf75884877a40a484f7
ad06c8de6e8b0808bcf5d37f3c328bfc251b08bcdbee4d4f2291ef9e5b7cb2c91dbb0502effc4043c2edc5de5985bc93cd5d6e888b7e4f0a7973c1d2
23285953d0c15e158b01a2b7f9325d7ad8edf4fd80d458a501466ff6b5058cdef633650933e390ca038cde66930110bd2b545c4daeabddf24b5319b4
08771988def995e6847c68cdc40a2c9de473477cca4fd25d1971f23d498498da9d0b88de262ffa06426ffe9c74424c8bd047e783c40faa90846b5e14
328df8ca0fa26eb6400ca26e330bfb43d4b5baf50f52f7d34114d0ba0d83a8db2c18141c456da629273cd3537a06a89fcb9defb5edd0472b26b701b8
9bac8b0470774fe668cb78badb1105c0ddf63998a4e6fcf9e012aa627b3e78bb9b52e636f07637a314ce078d3c859aa10bee60164952fedd9484bbac
e55100799b4d04e0ede64f8321f97c88e30d56b6f73db942e41add00e86d964200e85d15a8c550787bcab0de2a05ee2c1ff1836bc495c6737803b3e9
2183e85bdc8327e654df3fcca9871472cfd04d0fc8dfe51ba9f23afa1feaf8b009243801f9bb2a700bc0cdfdfe25bdc0fcf8a436ad606412b100802f
edcfcc2150782c61bc91be4e8dbf9c114b284ba89ae5ffbf0730b859cdf607182ce6f487179cfd9ee99376bc7271af3e23755ddc9bfd6241106e4ab4
d540106ee3f33e3ad855267dbcc4c6ba45078bcad42fad5d45595e7d48ea16eb3354667d249c0320dcec465bc38fc8a7ae6e2c41768b0f90c91a0132
9a653200859b123ccc32eee69ea29d532d05535d32dd6a500dec8437e9508048dcac26049138d98b0340e26e890940e255a11629301987cba404da5c
01d940bb7b7c4505ee22e7de434e0c51626a4dec0289ea00163b835e03b0b8d989a62e892cf98e5851b7d74f7d6c02ef327017ea675b6260176ef62c
b38d7539a939d6408b0e6463fd6c43108e2d548170dce4133fcb3187dea7cbbd6bd44f8db88d68ca72cc90ea2f9011b16b108d577d7e001911f705d2
786551528398ec6da3a88539a97e1f73e22e979813756929235a73995cdc0a649fe584f6598bb29cbf46fd949786dde674108e57831a23decdb60b05
c271fdf4a03267eee19fe0e759a91c2d5d63eb32234cc1dd35b2acde475809ec9f569795a0174f6a0b3473fdbfc4bccd57cc1a91375eb5a5d26f8afd
99e575f31ffe7c9d741f1bd2c929ab6e0b0ce4fa6b7e10a93ad57c8f45970052111bad5d012479ff6dfe615d0586679824b8d670557429961a01491e
a624f84a57e5119e0f12dfff4bdc4d036139d9f1a92e79b05aa0ac4b1e6c4dd24d5dd259b5fc086472b2b857cf8061d5ff4b7a6a9be4c78ae772552e
a106c672b379a49e9c00af1eaecb55986ef3c14158a6867be27222a1b95e04489bae91aed6563e309877c5d1363098178681563ce4239fc12b7ae039
580252b646b12e01a92a59de2cc32b5c1f20073e524bd59f7f9276ea8d31deac82c81fc780d43ba64c126abd010e31598b5c6c9bb9df1dd0b3fe2192
9b6a11ee88f8730527fa030d60894fbd9b52dfe4e3d5250110e9d5a086b8144d7d333323395bb5837a7d80aaf8d4b02ca37667ab58279a4fdd9fb3f5
ee1f88a53511598aa7ddaaaffa44f08f7af046172d322c99a9da85139ceabd49c602a77afda02ebc48b1eec14bae03ef025cf69acfe11bee5bae1052
6da77d80a9375b1f00a65e1ffcff0064eaf520eb01894fbacb99268bcac069155710701c228d814dad80dd16d8d4d53e71605357dfe2dbc6a0c4521b
16129b165b007668ef362280add66d44007f14236de75a2fe21dc8d2d6ce832cbd7d6c83404b3b5974035a3a5b520329ba7ec68c2aea63aa03297a6f
325b01fc5cadbe6f29f001fd1e64211dbf96d0cc48ac69298ebf481ac8d149d95666f98c0f5cc385f3a97e587249b66b478b34b5228120496f1fcb1a
50d255b1720de8e8ea3032809e47f7fbc22a892837fcf8f64f1967514f015960958576965924edcc162ee2c9ef91ef6d62008a79fea039275e77e999
ff81e534d0a53eba7e809cabc2da6799eeefee4eb8b66845c2882f820a2a72b59b05a0c8ce76d30045ae42886c8022579333309077e55b9d656ef85e
9fe592b7e0a5558ef6d41ff27c29cfcaec1ea4c65b7a406a36bfc72fd36760e954ba0d620df81043f336f088cbee0e1c98e8447e036ed8d0bc0db8e1
240c9b06dcf066ecda06de70b667460bc0119ff3801bb69200bce164ad0670c3c30ece8126fc3975600956a9b6024dd8d0b52dd0849b8f2d19533fc7
f244d4f6313c99744989ede4dc5bc9dd961cd01cc6d7165f1fdd9386df9ec5ae0653b4173cf0bedd6263fb4bf1ae5db5cc33cdf727b07893ed04ed01
3d415a90f6c488651d06ac37db03bb058f1398df7cb08eb9f524ed8955f3a41352641b5523a4c8607cf30170549f327a7cef034cf625bbcf8b3078ca
c87861510bb4df947c3022dfa80c170d638d81e5e6037cc265ce060e38d9c41570c00e6c030d78b7c77200feda43a0934dd4b7974ec20bebce02cf57
d9e21a78bde9f729a36bd349077db7dac100f4dda4fc140df0ddcd3072f301ce3af269e824c232085b039ed769249736980f447cfae2a0d973da23af
bc7d1f3b11bb865d9b0f2057527ef41d6e20f2d031ff18056d3ee028799682c7ba4f248eb78f750f5581a0705a6004b79f3f80e0b9cff05c81c8b79e
c0a9d656efb810585902a67012924a035378caab5a9614f5fb7b4425c7830222bc9b010588b0a1cf1a20c25bfa2718e90682f0b0b90c04e1cd784d0d
08e1cd96032084376368b51e0c78730d0c60f30f3180ec075867a4100b0860e392352080ab83158000de0cd3d5c0004edd35924a5e7001b3bc8e9689
0590be23fb7f201b7d2d05a2773620ae05466f355702a27777e85bafa4b77407705368223ebde206f1f99f084d6f12101b1d62da419b71fc45c7e9c0
9e2ebdc7ae942cd9c9c5953f65526715ffb058d0a7b8fa63fadf1717deac71eb714f4eee00f7648b0900faceabb0cb91045033386206876b64067d92
01686c9e417c1aecaa03e0eff65942d2b257eb163ad83376dd0111787da0168ee8b2ba443aceeab8a47e400a7469e92119d8200f88f0a67c99ad8764
600b7d3f8894f2acc0e8ad770434781f1ec4c9edd5fbec449634714210289fef03315e433a639ffa7b68916953c0d924ff0ffd145ccd7c70e14ee30f
eef8c03de6aa2836fb8752ec8d8301c5f60d408aab72c035408a77c7368351bc09f06f4a83cc88249b4e2c9a6f964012efbe5d83225c7d3bef217848
5f0448f0c8ee1fd068b9f8fdbabd77f71726df4c2c1f905e74adecf8e5d93fa1c74df753214e1af6e7ec64c3b4b901d0e0dd36c0feb22574d20223b8
2a2b6c032378f77d068ce06a8f30207f9b32cc2d5d1cef5d06365207696c5053d1ba40f8b56836804e3158cd7c402a1cd1bab174dfc3191406582876
4f1a7ba804f53d916756190644f0bc09fe0bbb19dc0fbd414722b6fe5319b1f55abfc017fe047a01309c92a733b89f23bf06ce05564b8f4cda11cf37
586a36568c8c9c5644bbc75274cf1fd4858c1ca51d014271b50e7714a41c91c2402856c6a7064271b50a16846227186f236292752302a138d9421800
c5be528f0a372cbb3f202258b7810160fdf00e0a35b5b5354018d7ea39ac8cd8934ed20dc105b411d9a98580311f1029ae3b3700c49b03d94638137c
dec31decf6372206599770108873f71c1228e62b19f8c2fb670ec8a151abdf477deae0627fdd36b3d12322541dc4e54e797edb18f1bfca38ccd90b29
e0839da221d081ad650cb05fbb1d8eb0a30bb1af8dc51986630147645c7283c41d1b816f3e6097f99462394f6e6191fe6cc117b8e079c975f98a0afd
803cf59e32ee88ca51d4c017de0cb6d60018cef63d187f692cd4832bbaec498a3c16bae00c8ced961906ba622b4201285e15f8c189cfb37f88310c37
093cba9701edb0b9cd58dae1dd7e9183ac8e767219e876edc7032271166a531b40d00f7187f184ed587386e9fb93c762e0f2b7f9ac3f84d57a15e296
ea2bd078229d8a5b3ce2030d69dd52ab12abcff2151f680e003e16dacc2c3ff181fbf0e2c9a31fd0f65a3b3c8807b3a971bc388de80232de68515206
d0c9bb2d85202327fbe0028cbc7d42e04146ae36051ebf9856575029179597d0e09c0a476862eba7455214681d8fc523d3022cfb0796736c586544f0
0ff268f85e7b70092da235e03057674f3902dccc1c238098eda30ccc722b52b11d3b1602a98700496e36c21c8983636a72e0e0274ca45946d7e11ea5
d845d51f6088d22e0246797e201e72a076b56078c0567df4c0599e7bc4e5d844cd3592b0592ce2c864b6f212e6506a6a8c187fadf43c3204d82bb6ee
7cdd0681635de9aae3d78fc534d367112ae1ed9e124cb5b6bf1ff88d3b90e80843aa150307c15a9f0e36dc7fc5248f1691466a008fb9ea10f7a34520
907f406dd8fc03100e3f7fbf664c100d0d60e666abce011497d537078ee79f7bf2011697b3fc80e49c1d8b7bf4bf1ebac63098ab4760717dee5847c7
b1c3bba2c3027c2ec3c5cebb6400a652fc1e27056f8a888d926408f4f366ebc031a02c929c8082de92b8fa31d078f920e02ff791ce0ffce5b2d720fc
e5449a0efcdd3edbfa60069abf8f1930e1386206d48323b68d7a7010e1d65dc11915f8037c0ca4893d0ebc1aa4ba3d60fc4edf02b674f315f25801d9
c3c2e0c18dcd169d0303ad63690f1cd89cdee420d772f62681a77e2c30079adcfa2903452916788481d691a047f8ee7b17050883e7f4c697c6737ee3
b2e7934b3cf52e1e0a58f5ee0c6f07b155be401d8ba7eee953e65ade3c850fc01e9f0a625b6bcd804cb08bdeb118e0befba00503b477ec11e64edd9a
8f970b8f64afe30dfdbebe5f57b8b69b7e1300ed0c3c472866db3fb21b2c97beaf9dbf38b6d28c9c645ad4fc9dbfd8b36227e702136d36689cbf58c1
e107f4572b74fe70562aaee0e5fdffe33df1e2af42119c0fc0a42f2e0744ac7f2854b0ab3c28ab03e110d67f7e10086aeac162a16d975c76fee183ea
6003e7dd044cd540e06ea61c270e5ece027782232530af76866554e05df3018908aa2b18f181bab0c7a4b98693b27f08f8187f7f4705fe21c6f4ff36
3de1ea3e07677075419ccd07890f34ab8975156938c376ea9b3e28e1bb3d39cfb09d2a77fc7c80922fb90bd1475decc0116fe65967661a25a18323de
6c230747bc393554e08857a57e6f674047894b9e3956debb3b638e4cfee0a2452d6ce876256c013cbe9b5e9e4b0ec84e2778a2d9b5a7fc595234e81f
00121ffe81e3e5a4292741708e6b3cc38d4cb9e2e703d6c17ba9c43a48a23e0b5ba5bb493c4036f7e98a1ffc008221e52968e9cdb6ab336eec5d1409
b4f4f9811616bf31c1aacd32ebe84136f69a29408bff358416ebac21b6382ed50f1ad3ae1eb65868dd06031f3db9072d16bafa0fce8bae62276813f6
e73f5b1c715d3bce0e8c8ab7ce125f9a63d28033ef164e02cebc766fc61e30902aaf0881f6e9e208941397c99fe7133cfe6886c6880edb917de7124f
9aa3d64edcf96d4003ed7ceb3e2da47b71acf98970e12bf9791045e2295ac245b3e91a34f4660be57944fbeacf922df64d32f77942a6f77f721c001a
bd39d2f43ca3735a3f32bf08bfbe0164de1c1278227828857303c87cabced80492797676c0f38a8c4d9a6e52c154275a3997e4d1855732cb815ee52e
2ec9635864070bbd3928f0bca38b1a02be5fd55e46409defce2b12c8e476d001997c2507519905f68e2204d0c167e783bfa78fd9baaccf53ab0e3dd4
27f5ff899f95f3319d6fa43752fd6f7458e22848e673c4ea20ca64bb579ef8a2271fd37093f24d19e4f26673e8f9fee9b1fe6ff25a77f3d942521911
5d22fc8573b9cda38091371b5c0123efbba4c50023ffdc9b00236fbee68015de9cdff5c217dcf656a0c19bcda9010d5e87ce3dd0e0ddb1504083af0f
d4a53d26adab1c2dfa877019558ff658257f1fdb4c3d800f3be605e0ec6e43d345ce6507bf5e5c85ade301587bfebfabcc3695087f85c7d218fe2091
c4596b028fb4a070652ee39224c0b51eb600835b3d6c2f05b77aae91cb0405497cbb703216945103b77ad8827d557c68adefbd7032de3f3fdcf1816b
644ac4e000b61e02b169005bef0ed803d73afbf27d35ee185e02bc8cadf206c63a5ba51ea0d1bed45c832996407ae1345444fa2fb0011d607041fa3f
def057dc547552af81235d7203d1217520588144ec6b70ee3cc5237081540ed620de0544f4f6716607233a3b74178ce8ecd8b38078ae9fef31f2bb8c
25b148be0594b939e934a0ccbbef3080306f0efd054379be57fb41febd6217dcb9ff5322b52b14bb3fefe8c50bdaa7355256da371304e6f5831f04a2
b516f48a2d29613920947d6b05423939ad0b10cab3058d87a8a866ef960b5eb07d2a04d3d92bb478c1b0f605cce5e64ce9602ee7243112c8e5fdb305
c3e7d654e68921abbe2742ffd49f17059aa76cf18aad391b0f88c7c34e0f001eaf0fb467498b394c360817ff845482783cec8871e181d49cb3e97ae9
e3708d8b5008adb78188bc7d1cd20312b9fb5890b5c46ec00179dc2c550079dc6df801f1787d50f560a749ff10a3d43a8089dc4d4aee757dee0efbbc
b93ddb01fd06a7c0ea89fb474ac29fff276791582e18caab415718b1bbaa608bbc4b1ac2b2bf0ebb0fde1b1a1a1dfd7b5d9687a9f1bd45a64d317140
97a714a11e4748bcf39702badc2d6702badcad9a0474b91985e05e21f1730af41ebc405be76ec2ab6cd9b917474da61d6030ef9f35d881e792d874e3
245c3c65cba3a93b011e18ccc3297bc1601e76870483b93b1c1d88e5ee2c8e402c0f1bf740589e13925d010314b1bcc9a262f7c81b65b48514209657
05fa81582667660062797de03f405091e005c4f2fac04d7053969001a8f1702269408d573e55355942be560b0025d8ea02a470f759bcd79db0fb3e75
a3e0b64f2808c2cd898aef1a87d9b3b88cb6dd57732084b3e31eef88046a2e93217677997d2d0e7337b4649e8175656c168b8018de9a13088131dced
dc7277404c24078131bc35278fb97bb4a865ee1ce5fa4ff9d400205eb5b9b9cedfea4e0fc0122d40071e51b4ea1e486112fbc00bee4ede095cf0d68c
16025ef0705a863bb27d7a0249b262351ce8becdfe48a0f3760783dd649ede9bdf9374d87b70b1fc668302e8bdb3436e101bb25556373664871b01ef
db6df1bdd1453baae33ed9f46241c0fd766be9ee1376e01d73724e2533dccbc43cafd39a104ccccd1951ee65626e560edd671c1acdc009869b09c9ba
730e6b3ac1071e565cdea8aab7cdef4fbe57876fce90cfcc1d67481d2438a8edd90fa241cdd01d0dba42f0c8bca477cc881b08ab96cbf8eaf810dfb1
64fe60490dcdee4be0070feb046f62819a1d096f62819c1a03fce0612de30d705ffbb01be40ec790dcdc591dab0ba070f785efc68db9487574631d6e
c29b6c000a0fab5e01141e56fe069e70fb5067e4925d37bc3be4920f797e630cea52881dcd5d40ecf810d717db9d4ec6b334e2c3de1ccf8f0a24fc01
183cacfe021378589b0ca2eff01041f41d56523ec1603587cf161bdb0d6c10739d94874bae35840f3842562902c8db1dd4f2108f6c0d3d78bacdaee7
e0e96e1fed1a80bac38a5b0075bb2f3c4f0250cb230e16ecff532c92443df07487956b4f426a11357d52c88eea6142bcd549007f77fb68df00e01dd6
7182bfbb3e7097d618ed16f59022bcd91ffee1de6d1f9b3fc45ed1cb27229475af7f7274595dcc6c2b29519f1c0c4b5d061ce2d32154c96df9afff03
bf790002b4d618fcdfee54d94f216395e703fe6ec7c20764099b0b1e0cd64ef5fc90e8cc69079eb0578b323c35a62bf901b447d41f38e0f199ce1a39
b8f4fd32780f6b179f06ffd36de1817ddbd3f269207c7a8fb6d882ea608bf65426f6d766bb27f8b177dc1f5a70f10f9c5209184f84f23ac3e9d323d6
5953de238cc6e5277ed0103bf1dcde41b0783b1c3d834dff2997a8407d04a1d8b93903a1b8d9bb1084e26115efb3bc989b1d82412cee4e51082071b5
e7dcb30cd8fb8770e0c4ece837008ba74ca311e1c3bc79cf1e6071f85ce3c2bc79d197cc916d5c05cf7877480678c6bb2f74cf92499245ff87c82527
4a7a964c520d0df11c31e5d50ff0721083031079fee0325199bab482873c855635809ec2d179c021af065cc1528cd44f19e45a8fe80c774d8d0834a7
0f653cc9bf6aaa009a9373518386bc5bcffd9c24abfaf9fb974856b57f910ed01d5e324bae9eb18bf462926100434ec25a6f4f2498d95d1ffd95d8fa
44b254dd0b1e3423bf4ffbe1fae4fa97986fef2da091778b3440235747620532b2e5019091939933c0c8bb65388091ab6ff40023a7ddf3f7173eed01
dfa4467587f1b17312852794f2cddf0327e32d78936272738750d4788bdf84297dea4393653ab464ae54cdec496793dc6142cf3e13fac48e3325c7ff
a0788b3ea16a52871f6235bc42605939e2fc092c2b33ba8701a67f4ad9f9e0eee7e874709657effce0a636d58ebcf6d90f118626710d9ce579a2f5ff
92c676036d3c84a939f81c1ce6cdde82e0306f1fb6f206196f7e001e9e37f04b36df4f873850e62b84b1590e00b839dbe3e55d0a9fddf86e2f796d9b
040b709b77833280dbbcdb03e7fd85e02151e5256cdbf1f76f64392c6e804c6692265fdc233eca5f909f37477180fcbc654d29c8cfbbbdf15e343e3f
919c77e34478441b115ed9f573e4251d821cbd39d8e78d4cbb9fef4973ab13f06e8144e67210694f314172be99bfe1b0b8b94c1207ddd340964e45c6
6090a1932d24ef121e77677d7d891ab72b3138cf6dff94838d7a8d427acc2eff6d2a4d196101be7bbf1903b754056f28701c2702b0f3704015b8cef3
83e11a1ee42997c32d47f2cc0b14a63d1a41824e8e9d07093a3b90f9c5d1c0acf82d41083f0fc855fe6920b218aacb2506ed7d5222f98ba6b910db28
61e1051fe6a311782b21509221c192b69de98d50711df5b7e2b9e57d5bc11c12a57c0359ccab02946633260e48d14d28cc0da4e8da86df13e5eb5522
2d61b3ff1e40d1d5021a40d1cd315c6fe894b27766641df49048dffb21063d7aa0163b39efdd002aa52ceef686d6c8608fe03c0f7b2abd21a566530b
d0ceacbd7d434acdbbab24c5b334832041af0f5ce543e209fd809f823df65eb208da07f10d5b9308ea3b50e449507f071654896040476f2b73b41ee0
27f06fb8046047275b37df25510ec7c3be4738ed9bfa1c585a7c0e8e583353177c2a1d770798f4fcc004376c55a697886c4e09007af4f639282758db
3e274b64cb96295f22179a51685ea2db6dab017e7a911b3fd8300a6851716ef0fdfebd48c1e625087394b19cde8b78cfcd15c4a27b4c1706421f8d50
4599a6872aca6e95ef92b3d2f0acdd18e0bcf39718953e341cd592918f80a8deccf781a89eff6b084fd4e7f758cd75e17f97d4f2a55e4f0c4093fe04
31f088103cba3f404f2429ea7d43d0f7009660d21c1fff023b932587bda1f5c99f0f2255886b8c39ffabb0ff101ca4e49fe56512555cdb2cd303d92d
e6033c4fff6732b34cbee5ffa7ac03819d65a7e840605791820ec27593a834cb00fdfc3f23b31c1867fa7f0912bb627a3a80d7ab43430f22df535199
4d21eca295f1950fd40322eae5d93acb95f7ea11a10ce353219246757d03459a8a91a5a1ff5fc60b53fad5598e0ebb7d12f349d4ede05d3785112c8c
3eca1af172bdd895dd6996235bd7a705d8f6e703ce51f9b410e9a1d4025e969bd724c522ef5ac4f4970a57e5a0b6ee1399f6942c6901a6b08dd4a525
ac14a99156d0d81286dc65ac53d2c0cef2150df887350671cd0e66f7fac02d7294ba7e58c2cdae64cb1d50ef268eb2f4cbab9c34279918dbe6ef0946
77fd4b16ca9f0e91794f39b3faafb08a49bb281461ba332fe07bdc29544109e37b760d15e5955ac4a7727ef02f2ca783219e7e9ffe849b56d6800a79
75372d19ba34398df61f98a95bd2f7047b2885420703bcef3e06c82ddde3c37d528eb5b30c6266f7f78012785bb73f8ead0e2cffcab92b357e6c65c9
7b68c9355d1ea4fd17724d710f1b79ffaa6618a0bc525d010e36d90d1060d9b5ed0343dc3d2656e4b340c48a6cdec4c845c533b6e4a2f421343d506a
fdfeafc3eac0928bd2ee1900d4a07d7adcc3a5c73d04bbd7159040405efb1d5cf1241dfb2cc7166afe01c588a975245f2e4d2d8e4064d49c8e60d2fe
e1a245bf8f2b81dfc7b934bd4659577c7011ac769fa3f0ff34ed39088fd9d54038f9149386c838f0294742148d000751dd3c673952d4b8c1930ef97d
901a2f3beab90f6d3aa096dad760a78ba7f7c04e5fa9b9f560e37f35b824b39c3ca2f36f44fe60b1cc0f79064b48697a7a60a5579fe43308fe708db1
28eae21923708f22f859235ca25c2e661004a1661f2424b961fe0016d187f61183dacce3af1880a6f40ad2667e812f53f6941073aabca9b34c874d8c
2f32693475f02663a24f36eab06262178e49d507850c07c5d4fe86677e2a641378d72d7d584a5e923b3aa4012c7dd8f67307716a1d3ea80ff7580f10
c170f3ae27d352ab9f0774c0d492140a3f9fbb273ae00a9fa8c01f10c5e54d02c0e1e63526dba09ce766993534b90e0ba3a794140ccb92ff2fcc26ac
8fd584e70d9473d7d6e2038d6f69bcf2cfec38345ed5ec6449aac35b1039b555efe1973d6e624cbcac4036fbf60bba91545ec459c1ecb3bc56207dbe
2773a1560c64f9fda733b5fd704dd388409a4ff21f5d4e26b4ef72ccafda5f62e73e74a841a29ff731bf8f29dcdd002115ff5f097b20d1374b208144
2f156a0f24fa264cca0e14fdaec4f4b3bcac5dbaf7cff24305ff4fe9b6c794aa070037c9adb9034d3f1bf00709ed8d16754b3166752081079cd560a8
a894d5613e0025b3a807382df5dd3f90cb55b2fc96d112173598a3c2aa2e0262a1943bb31c7352fd0701a4c5351287fd293307ee61a8b82c1b6fc4d4
fa3eb3858acbd2f5868a4bbed8b38c7cff530fca1e3f6816496da128dc5906fecaeb4c9ea5e6752ea85b74d636525594a2fa88e23571dd223385776e
0d394a7344620a8b4d5b0de2292161ab104f1f1d24c1f981260de48cee650933aacc94f301d44b82cd16999aba7f8849f4696a502fd1db0d25d867a3
a0e32ac5ef71c818ea119135f2ca9ce5036d8d3a846f74976cbd1158f3393a8d64ea3fadfa12053765739fe52d3aac49ed6c7def025228176f9b5079
4951391f90fcdc6783e4184a0adab71187cda7971c8ec5db8664509bcf46886e9f3e932859390b661948829f2bbcc8daa31e45a0b097f9c0b94e1782
0d33a985d1ede0748b876ec401370573cf0724f51dea103aabe4212f496c56a0452131d3f29af90796b39dc0db4af8de4e1868d3960a3fa9667a1a7e
52de32f849656f91f093d2357e5b42505276b15966fec5503732717c18c41282f2ee634ce8cee6d11399b37bbaaf18bdcb7038c565cf07902273940b
9f59291636101c5bf32101104c41c67dc3b16af302fd1905bd230000cba6df4bddd59be774a9bbba72daccf2921176d377d2434a553ecbf8b6257f1f
0d7a4eb0d25593aa27c6ec4579080948fe6091dfe43dfd0638aacbe4e8943a6a23e5b1f50a1bb13cad99fe472c8fe72c9ca9958ab5ef7f0aafa4728a
0faa1e10f3955c060e46e7745f8245969fd32caf6baa52d9ce72c765d20d0694c85019ff3b4dc1fe8b39d2c1df819ed8dda1d07829bbeb7c80854093
ba87c64be6c9f920c346fdc10962ac6b8cd4aa6e3166511c61dfc82f9b5c211708f700db5793fd79b9ecaf499330b3efb133ba1f109b20e2b4e3ac65
5ab1e3ac250cc859467fafadbcef7118ba7f403ded752443e4e66558b2cba6b4370b83212a500b81eedcfc43c8632eaf503c018ecd720cd1ff130c22
fab387af9635527b8a21baccd694ecb267369a44917d093b49f0a84b7141855ea68c76b9f88368d15b33d3a2d73d3347e2db3b3a23dfebf642d6b3e6
32415ee2517b89ff356462a24c32f71a9a5451a41dd1e3d75d6ef181f609f0d082939e65c2c8c452766274d3a702bce67d981aabecc3d422ce4dffb7
48d7aa396ea4c8fd27109cf9f1123a94c36696d7c956e8e92cf7501cfbc1c2dd9363d02c63e672ef1b0980877b43f25bd7fff25ae52563ecbb270be0
87f639864b21357fd06c2c21242bf7e22c87cd27f90320d72494ec4bbf9493a79bf0603b17cf07e118e31f1e2af0fbe8b22a0829a69b9a2d29a6fcbc
672313b5b7dcd250cdf7eaf292728a3c85565645de6b0e961093e41f3ecb24ab1257df43ffd44d7996fea9589bbf8761af9bd22c0554b1bd605ffaa5
6275fcfe07ffa5493ff09532250a31482986e7834e97d583250615e14bccf241595d5e0aa9b2798fa290f2ad6b27ff65f3e70f9f6b460e7ca97c6897
3eaa08de6296515548d4dec3594ca09ef301d1ffba84ed27132029615feaa8b299549fb144ae7090f34cfd475dd5bae9122eedc31312a29a45b31ddb
e3e7d49e314495af582297a387ea1151d2cdff5fd14335189171dd5dbc580289193b96c6cdeceba2033e79574422eaff3b36912e38fb7200cb1f66b0
2c93c5d6867d59268bef373b8649eb61f765982c0ab39fe51a0d68484be3b5371fbc9b217e7a04ce42f7f7171d70037754a8218746ebd3c32518751f
bc876d64cafab006ba11ede154df2d963c0cd11cfb8973a445c0036cf71c3fb81cf9589064f4e76df7444208d7b73af8f38c844fbd352afb0bc2a70f
ea1b1dd02e79d9c7bbbf0ff26d2967e9a49240c9663936b2bbfc725225b1a75f7441524dfa91684393967e50bbb9acffc06ed22ff03ffc73c062ff54
c6672bb9b14a6faaca313e97d9222274e9071ddadd7bb688e62bfd628b486049bf0867750720a5221469fb1b7ed703f6887b18517af2a09f0fe862f1
0f9cc3e41a9960eda9b4d14529fdd21e199d350412d258644a3b19f3b5e40929d21ab1b4a4c8625295428a1468ea7cc01045ba52a8c0868e454a0c51
c4338518694136258e41750decc2ecf70583bb861c62e670852d2af40340cbbc0d52188ddc007328529422d0cfba8f9462123584ccc92e2ed3634979
89ac73bb1729c7a26955430e1d9b3f882860976312ff3f68897434df72cca146b03464bbb57e294ca743a42385e9d43bbb84c3b57f60e70a02743e80
7e7b5f94e8912aa83105aa80dc314a9833cbb1aa3e1b0b8f24f9b29f96e4bb0b136696a1dfd565cea66e1f6909be593152b3ccd914354e95b3a93b5f
aab1a8eed0c9aef10058531902d3928bb395c7895cb1d63ea7467ba295a971d074f9498dfa24242424d5cd84ad333edd9e12a6ce9f9774499abb8dbb
a947466997b1408923a7017f14bf4c833d28529c881930fb4a61c81cde9421279a560d06e45332189048770a3be5f031196c116f5a52a3375b20d2c1
1e91dc953054b6e1353dc896e81a8f60602e4717d5859003bbff678d2503a4031da537610872926a12d9096ca54b67e467d00880856d2bdeff5fb8cd
c90eedae8da0069ff290f274bf4ea4c6dd25d827f471ca0035cb4176bcc57030db4cfb8909b0ba2b2d7d5b918ffd2c431586df17deabbec88730bca4
c0a6f54f05011cacf90805dbf01097826db78e212da96e53ac7f4f4b282bbb9941a447b06b4f5a5259510a8f598e5de94908a94c17b274c37f9adf73
ac4cecefe03f128dd392c2ca6e768303da87472385ed9bdf732efdff8308635abe1470c5ee5d89c0c49f27f58d45d09049aea38c9fb31c9005aaef05
dc5e77958c04d48569331fc42a2695f7f8a0ea41a286a132baa9dd3596f8a1e9414cba5b8863b6ab1cc91efd3d94403c3fff0875a8feff46ca73f9e1
f2e01ec712e8ff2d86e81e22e5eca265798b455707105ae4c83dcb372ecbffaf61de1990a76c47b1a493957718bee8445e424cb7bb404604d9256565
a20c15e436cb9df65da63f128a728afe680532fdd95dc6d5d4fd2bb1e7f49e903fdbc27321f8c6f5951e37094dc0522b1579c3ce329bd2135a42e3e9
f77458f245062ccca429d7d8535ef2400bf31e432f655fa85c634f35d75889cfd51061bfbb8784c5abdbda9bc9e633aa2bb8b00ebbccb9f0a62299fb
ac407340e0a002e1578c637ca0556aa4c9aa2ec720c58273e3e0487ccff84f756573990fc8db2a192337d6d5b380facad79b8c4c604f9c8c0d6d7931
e941ac931a20d74096749e7baceb3fd96f728f29f5b9c4b7c9fc3577565dfc2147663aab7e32baa7ddfb7cc90ce3e7733362d55501aa255b2f3206b4
ee1b6a1eb800783ce8966cc2cf688614673ecb4bc812085ecf81cb2ea932a348e9be716634297638cb114627fe914f2650927986a72aedca2c9f54e8
212d9eda9ae7ec64db79c971daeed633e41362e6212da63b7cebcf57d0125548e0ddcf4b7e71d990209dafe8a13a744550b77a8c634fb722235f7130
34c41b8623efac7c93efde734afab96eb57b4673b2eb0a98d18c7c8e32916bd9e4fd8e2990a89e499d6b755c46b1a1e8cc59a6010f91d0b5eefb5086
c7fa02969f3857eaf213b042aee02fa5a21fe07768f2043c8a99700e26ec065f4e8204bd0cdac98701bd3144b3ac97555683859bbd6f2b257c55c4b1
ca16932cb9a5e0aca2e0a85926a657432c5be077f9fd810398ff5f8a6c25229f653aa42b66c13ed4cd940b4ed09b487ed9ff7aa41609eeb7a2b92ca6
392c46146efad62c941d1356f6fb9bc06bbd4f8147e832c44f1bb7248ea2ce72e156ed4b7059b7ea625d48217b8e684bc13d59f9f57a5961f543f888
b3ccf8ccd30a976ee53d9965c6e719c7d3c509f2e6033aac1b66c9b8398a7f944c7057f37b96c4ff07d7166d2a05ea2939ac90f2d5b9b6e683102b8a
ca6cfbe21ffe7ae8072490d85c664ac5d10a97722516e985c02a419dcf32e4d3b4a254c8a7e873a93105ff923e6db9fd2ef3bf178c540076482b44fa
db35a934102ebd235bf446c4b9906e2fb9fb0d395474a404e8b7e944c11aa4bc27b3cc96920c51b8832b13cc2c938d4eb27501d6dbfcba7007df7de8
d61d7c35a80a3b0c4f97ee4218d6cfa71a7350ff2c21b774bb6116c2b0fa67972f9e3c37895be05c8bff14cc3dfdb3c62083771fa3c5939708adf249
5cb2e6846bba95c265401a3d668c31ca9031cb48724a6b321f848551cb76c4ae748ddcc23fe702a71421d1ce329e421e12e6956f032fe1771a01b772
4be705ebc86ed278c63690a45782c9bb8724fcf9490d5d82054b8c2b8be5ee96450b6e2056bd942b0eb6a6905bec8710000666d7a8120c547264b939
e8be2717d0c186490fa603c56dcd32a4d4dbe8891b9bfe5ffcb1db0a5cf002a9bac39687019b56be917c4effe34cdaeda351dea0f51af11b605cfe21
2a5403388528aa6b96d9a5ba30d51f82a1c4b0fa8b8334545e7bc8e7a8e2c161efe24a763bbb8ed660a722ad7583320e97e99f0841fde38eff4f68dd
217cba60d53db690da47abdd051a3a1fb085c4aeeb1e5b4215806ea9b428b3cc41b735a8a698317f70c6077ec09a0fff40b087a728a25d44296a06d7
48a4a666e2cfb5c61595efd85d46af2076570b3158d21fd6c56c5aff7c4f78ffeeefe9709616a016b2a95697eff840935c48e1e0392b683e742bafe0
79396cac2e0d6db746b572e35b8bfa0fcca65662be244dd41abd91b852f163b04c591b193c24de54ee5ec35b66f18a661d7d2531b815d6b54583eaed
d2d726fb49d51680d0fefee57bb5b7fc1b93d2f8cc322025de30b81e289def2c23f04988ae9dfe547f8fbb8eee0db5b35f2491d641f495679770dda5
aad0838240a8061663c8bf4f392a54f9880a35a048fdea0925a0d60af64a1a715b7eea41b49314ec9534e256c0d723369c773c79c4add1af07332aee
5e4fc2fcdc61f2c6f97a5b491d6e325e4f2204c4fdeb493c9a4fc849877cc288d1a8debfa412b7045d89b9e8d9534c8e14cbf81523b9bd852aa9c47b
f6145c4c49730547c8632a833fe135261ad7b7907ac58ca8be9b19111fa9641ab782b7ded850c447eacd12998cde2499717b37fdc99ef265f3cee5d3
001d321dbde99067209292b8c344e7dae8511ff698386525f3783311c202ddb37b48cc45f68c118dfba1cb6facb966e48d11fa3d3a759ff288817087
b9e8d94ba0be7f1df8bfc1064898b29ece7224d317f36fbf40c12a2ad343a9671b895eedd6dc7e1c9be10aa3c75565a6ec533fbb74f87fa6d01d5c37
cd6c8fa7b6c50ce97bb27ecc0bab7fc0f95d64bc6142eea6d36d5d4553ff7c804e65770bf03e47e1b50da009718e068c4a77445adb50106bd91bde8f
dd316e2d805674f4da8e2146c4b711c06b4b4603aacc4af2b6c720c5f05b00af88fa36227c17e4d33ff09a161029baccb78048f10425505e3ca309f8
110f1737441b315ac099784213c0361e7d0ed3a5becf207b883534acbfdfef0127f182e4984e091f6dc90ec9a6bc56982ed1991637511bb65a6485f3
a62cb127246db412c9e95d03a4cd61210dc746ab3a5b608748a26c35baa0162a73a8eb7bab2cd8eeef4969f679cf1c4a226cc437748707b4160daac7
286f15d83fcb7ff8df7eb0c6e8cb60c3a0dbed1dde1a6ec55eb6800e91d9a4b55806edb91e9b5473d419b21870eb01cba0650449c41aed06cc99ad0e
0d09c0eae88604d01da7d9701d54c2e2298bc41c6b0a06fb52b7fdb60cb2ddae9a0d98b2ee0e636eb5337b3ba2436a0fe00fabe51a0cfbb36f0115b3
aab39175ad57130638ba2f5e8dccaed69d36b2a8cd1fd4022cdccad0769273c453b8d4b7c3fea20dbfb78f0ea211a2600573bbd825def817e911bd6d
83c7db58d62e7202e9e6d4c2245abd1117931fd547074f38a7cc980fa08e3e4a2874ad826edc361d76d160e2d68ab49b6d250d75bb63d234a937f5f9
2492abd5aac906d4b463ae5b685f6bf60f31c92ed361e96d1a2105ce003c1fa023378b09756cf52c9384e3b33151c7da3ed75e5210fb24bdc1233545
b8897dce2e6e62dd516a6ddd477bf322bcd1a03a106cdc61117d71e5ac7476b31c9320f1b913cc2848a9598e2e559563525401b9581d7cd4c9c55a25
78f45000affbd83f709c0ed3b67eba07d3560ec9f900d7beeae6d8969a90bec526e82abf986c5561a8871d60d649ae6e4555473d6cd7f9bec7ae5185
f040fbc0760213ed29dfc99d650b634ff003dd067a8a251cae902bffe60f20265e900c6c6f71398244f47f8e183c8d70a9777bf7142e6dede892fe7b
66170b7f653e58fa6cc752f5c545b39d6e7b219bc2e672e4b0d48cc1126d64eec1121d21d7174bcccaf036cb477ca0392b91d35f53002057b71aa603
c8d55d234e54c39b74ddb08b63847bc5f75ef78d0e93b525a763a5b58ea11397b8790dd0e85ac7dec348ab4457f3011ea33a779db0c4cfa9885bb96f
149ddc5cbdb985373ed0901af2b5aec51d236db7fb7a0723eca75b5d6fd8c27d1242296caf97de0286407d6e405d8a6bf61641219a142eeeb6237702
13bb900fe7033c8fc5a77b8f1ea907040d746768e83d8236542485918f1a7cde61711d9d70fef9f7d806d93d22d7a7b7f20008c14769b972656bbb3a
565625fdeffd880e6b468ee8b07b7044e4b47accd5fcf7791f3dd2ddbd1f0436ba8c07fc87fa2d956db39dbb6355fd8963f40be394941bfdc2d1cadf
5f644ff53e830bdb10dfb9483beaa55f4003f9207071f6a5a85f28db24d1f7c553b30041663966c4e47cdd9cb32f187d697073f2b6bd630dd5416ed2
16c9fb0d8b94aaa0a3e1eda6056143752051bf233b9a66e48935d31a3e00b28a85f6c5c577abbf3a4c7c8589fc0bbb21d9ba4d7ffd059fd69d593e4a
06a19965985937a1886c9d26c6eb1a3e77a8cb1d39cd658422730f00c21c56d3b1bff64f39d6cfdfbfd181ff7b3cc2e929b9dc4891ec32b766ddff06
2e4682b19965c84c97283ae0d7766d18718d16371860873a846470e7b5cd7bc0801d5031f698c2a172f8e6abbe1d759f0efdd8e3ffff67602cb7e862
523f527458b47b2c06fc31818f04c31695195c521da13108be339cf77c803a4cd79b815bf427e67c2424dbea160932116d1f0086399068e44805a7ef
3390beee61092c12bd075aa48aca8c026116651f8594c022e4a3227289700f7c909ca960840f923d80468d11fa07425dbb7f4024e8c30f2e8cf21ae1
e256cd111ba345363c8d2874c6baae0c62dc3fbb3058893dcd472881bdaaf8fb747b920fee8c76d71f3d20aa5c016893dd2dac1e0e97491d2e58bb59
c60dcbdb122fdfef2292193c7b5f1fa43af00f07a911bc8d409acebbbf670e872e81037890ec83731042ed8dbd5c7a86ad0863b18a61ee370259da73
7886254633100e387688196734a045e48ae768acb178cd6e45fe20cadcf2c1b85254a81e5ea11d7139520f6b4a50fbe6e40a88d9fe34d0c9f4ebff07
4eb19a3242a1bab008fbb88942f41a2c079c66c97380ffe81c54e38e39f7ce87db383bd1b8a385ea070f1f68084f64cbd6a4c79dd0d97606ecc4fab4
41769de4655f774232ecfd03bb19ebfad79cae69bca43dd02d7ebcc84bc9ef2345ad64be1188606237e38d5dec3546ed2b00e17e10726e06762caded
dcf54d652ea0ddefd7b1b3b3c9b1d849766cd84184b99d7e0fb0acbb72d6ce07f83e7c2a8c25faf4e0a2076e2196480ce4f8018d51fcc11b1fa8cd2d
5207688c1be01cda9647dc19c7f007eb4aeb908d63234bc9a7c29845f1a8638b515695713dfbb9bcc4c0610bdfb1e1e131dcc2131f68d45c439db6ea
c0e7c88132077adbf9831f449f55012098e6290776d9ac1bca0180887258cf72c6b0acefe17a1f97996371bdc50c55268c4287f9487152d4e3cccef1
fb1cff6b4ef022faf8441e39b217bb82871ffcfe8d1ff401885b96ad0eb2db7c1c958ee557d4c7a74c5e6fbbf51c607cd8bdf9409b2b18c359eebc77
8b2497f1de84f176bf07d3cba6d2e30fd34b1da8e05348183ec2d7d7ab1e18213e1c353211147f70a240d2a402dc29f4d7595e5736fbfb1de0760e6f
9b1a73281e7034ce8614894704a94b5c3cb8440e094f470b601b8d3894c59f03ded887d96572507bdbb4e8b13bf05256039d2511573c4864f821289d
6de425ec611bf7fb4e8774c33a96675116a4ee2c2ff951e9e7679983e1295c8240cadef7234628d3dc31f007f0889720b0f4fa2a8ff8c1351eec0ab5
8836d95effc7884511d53e0ed2577a632fd1a23ba6f808d010dfcc8f835511973ad6b5b4d7cf0f2c4af9a73bce81db92f3d31d471c54d3cb036ae783
791004e0195be6e66eae754494b7af64073865b6f81f276b2a79f7586e49cda2d6b12ec1dda19307e99e1d1c7b5c9c73c9c30782c9f01de40865b58f
cd15704c5a52eccdc332ff41829c21f5cc1170a5be651c4b17dd9d2af8c0b978f85270e01a357c50c890332cf41fdcac2d3c1dc46d0f0bddc71dc444
359251da4685e3c635c8f47245fcccef35cb37b70eef4b641dfb5d1cc83ac3d9058e1b62216dc9f130ade6ed4f4cab17fae1acca92743cf00ce72738
1e16b6b94c960a77f1a18b12c78e27665152f8f1308b3ecc4f745173f042ae3c27dcb78783f38e25317dc4b3e38dada6312e81a87dc8c99287ba83e7
0feedfc3c1ec07597f1ca172900c706c9f2e40e0a4c038de98661f17305495ee7d96dff8e0ff5938c1504de29c67c860a217e70f983f75e1fcc5ba7c
7e80976b10272a7a7b3e9ee41b1cbe2c9d84677bb39e0865f6033c11b19c26f4fc459745a5cf10b1a4a638b7d819ead1163b436ce1dc6267b80c3080
e7608b1329b27c8291eadbd10946aa7d23cf8dfb9d2725442e4b4c67885c5af913d871816acf72dc1d54c1fe975a5b5ddc1106c407ce9dcd2b2a7412
0b6557c11389cb318127a8a88edb3d4930e898f713f833273c3973a863d5c19087badfe33526d67d92a3d9b2ff59620092264ea4992ce5d5592072e2
2267e1965ffc7d6cede11618a128ce5989c6d6f13ec9bd374466cf259da4dfbfdd754e72385bf77a2299589d7d36dc754581cf0819f2fa9151d98ac3
b3c344250a9d8bef7fd27b9d1d9c7a2fefd20d378167cc3220b69efe90036ca43d971cd0ed2f728e987f57082190aaf424cc77d8267b8e5850f528e4
005b75cf250764273d380f2ee49e02e4005f4ecfc847ec2d1c500f6e9074310e7e3b17234fceae721ee86245ebcea5b2c802e89be565c4b02aef44bb
6d2ce6f98064293e63078e8e626927514a3fd1fbf324fa5e4cf30c49c126da933862fb6d9da0873998e33c51e07b0b9f5c3fbd63896a12d0fd2c2f72
5e7c86fecce21a11514dc366eff324eeea534140efb84cf0b849ed124db62a627f5ea0867b09964e255b3d702ec924f9ca7286fede642d54265ef22b
82e74dd68013b320721215e55cbae7925cf2e7d02fc125f74f99dcf11e103a1667bd3a811bebba1b9f4b6cc94281e867882d760c384937b3fb5c821f
e60bc0b9c4963c74153e6f7cff749d3f71a57328c2199e745ea225c6ccff5d1fc7cae716034136ef221d72f79e7b70fb3233041ecc3e4327e9929d34
e37c02cdd4df93c7dc74094056fb289dcf1113a20e2d2167ffd08d8734513ea54fa09bb8c135e3434aacf309dda8260ccfbee1531fb965bca75f5256
7cbe4f7caf090020cc8e7ae70bfc99a9c0cb02492776be8427794b922eb978c2f1143406c5f992cfdad2081252f1f881f510c0de2c73a47ca6977cb4
5bdb722ef9687effff845fbf187f5779633cffe42f70918a59e87fb3bc48a68fc7f563f525c15e24b6b16bd34546459fef0b7d97e3f4af1f69ebd4f9
0b7d97d1e1e78383ede60e102c96dc01666777036b76ac87be487cf3fbbc6776b4dd2f72415b26bfb6c887aed942776587c00b1f454b25d7c66a8a0d
5f1b79e236d77ff2bdc6131e8acdf5dfbc57ff42b365a7980b307ab3c56bc7f42e8275a1d9b2ebedb5145bd97aa36bc77758dbffda5901e970ae25a6
eda647d74e24edeeff4935ebedb3e39e2efa73919cd1c8081789a5cdd3ae142991359eb0fee8f85c4befb53bc2e2ca78cb793c8152eb05586aafee08
918bcc89ce8c7de16d612bfd55d0d24bccbc084f101ad32c93cb553cf92242fd337f3532daf87d5c6d351ed2b924f797d8ee22827f91deb8f87fc203
2c865e0dfaed0d8ed1bf885e5f18f58be8edd5e384a83de434e34a5c18f987c1412e80269a1b5c82d90764e71ad14155887b7e4b7effa0b8d48043ec
4adef2a85f7c1bba0e70edabdfa3139318752d05c94a63a372e84734c223d419da1147248ef5f7688b25365fe853baae3ad7929abab3995dc0c03bfd
fb155293d3c05e588a844535cb28e97d64f0f7b78afd223bcb70aadb0b877fe7cabd4e46e8353fb11a78048855c366ed8b4032df14ae9321ee6e0095
d1674837df6b8ab155cd0afd808cc83e154bae5a004e2a6f54a00a510939a0f35a2aa16e0fcc0b8d908360af25778dcf2924a3cbb0ede94265b464f1
7fe132173b4032c775c5fc88c75d00db7777ffa6fb2642e87a6c09bb705d6c12332f02e566859ae03bfaaff1904ed94cf4bae314e9fa738536c81312
629413b05e6883b277f91dc74417a68b8cccc91f006d6fa5c285faa87eca58587db0d11ed935e50aed9153b85e209659b97d91854f8062b3cc244ad0
ba96a0359229d5c33992ec7e1143d1bdc604fbf97271bd91184a53f4467d7e7f71eed59f17cdb144e50bc58e619dae50ec0868b6df04fb09a66e96d1
cbe8f672632c73fcc01dc28301cc6ef4324dab7a13fde7bcbf370065c3a4e8fed14591aefb17e7aaf901b76ecdf18d77a650e366392c14fa3e2c5b1a
f3bda19a1dfe9f60f3e2ff1fae1f1ae2462a2b0973f71eee253af937d1f75df2ce8d7ba583a56ec4051badef3d9c0b35e2252ed832772f69213b44f6
de2395943f4798757f49066d2fe61b6f1327b8b997d2273949c51db9a03fcd4782058d774544e4fae96e78dfab7e92f8d923ed4e6173577b481b76f5
b8c319a5fa7b20ebbc7e48237612b841b56892066ec22febe7fb230e9dca27f5b9fd8be976f9e6bddb5fe2a8a5a13b91d142ace85ecea855e0c0b3bc
c667dde50d145a1551b957ee816c3a7e67d0b6dd9f1c2e031a0fa9059c65f1c659d55abd3b03d997dc1efdffb4f7909fdcf5bff867a97e1034ec7278
2f1362b143f65dc27f4bf52f696cd6affe17328956d7c7fddd8ce65e4ab96cb4877b29e5eaead03ff0999b50d4ead3544077f76e5d0abb6cdfec7b39
0e658b423781a802d59de5a0583efe952832490e37c26492b07b2f61325b6375d740b9f4f78b4f3980fcae41e3c5e8eea5424c662a770de9d81504df
7239289c0f0c164fa76abd41eb3052dbbdc4d7f6d9c001edf6298301690ad902d5d7ff37b075f43d681b7698bf97bd72d6afef3bc8a212cf6fe0641d
da78777468928cee9595a0390bc13da23ef5076ba3ad40f708581a97413f97747c2f1d607214dc8d309a755fbbcf684f1b1859d18184f79215b333bb
df271bdc0484c012c79ede88821f8211a26036852358f473e242c5967d647171fd1c69546ce3db0430c5c94dbcfca02906ed227dca4ca1a78cd094f1
7db0048bcfa15c3a31bb82ddd8f20c39705fd121495f77e8bc9ceef05ee2db6ed3c07dc798b508449a08277996afa8c01f8071bfb9fcf08326f10e04
49f500a75607d4de0f436e7e8f279557f5895591ec723f1155a031e296f4a1eb44aa3875d10da497e3486efc586dc9bb5f0452bba3dfc0cedbc67bbf
353ed01c9039e1330584aa146fbc971e59787a63cebabbc0c9d7a43fbfb8080f956940153ea179518f9e5f6c4449530fd293013b9e1f99b525843f18
b9ec0dfe6c31e92e4787fc3d8a2c2dc2b3b16fb5060f9a902a5ef3109b69179d0759c471dfcf0eb5d7ae7b00571dce2df7ec2c5af30f777ce0076c2b
89870fc0140bc0f61f98cd83a832ece1f310d992756e1e5c887c6b7c005ef5823d44b678073c8953a24dfd24e64fcce259b243f3967ac0801f56a53c
f8cdd6e4729831355cb20167d1e227542bddefe9c07003270bae0e8331ef988c87b443f6437808dd34a97b16f71bce82fd54f281698b3f35bed78061
6616de1e82401c83fd90a96f94e207ac97a4ed87d0cd2c76fd1003328c4df590a9cf70594f8b2994bcf334f6b0f73cc19ee3fb07b4520cfb69040cec
fe2136a17725c19d9f53b51c7cb6e463da631b89b43c1125e22ea020b27efac1937718ece901d3dd01504fb8fc3840f5592aa5e1e09b079552f741ec
20792497afa8400b834f90c9edd363214c4b7a2c84bab4920d3567cf7bc83564a5dd3382cb6a5d46ec147f1f3a2cf568c42cbbfe98659fdc81e3eacf
0dc45137f118b8e3e9e2f11cd12397f162ca2e87a7a87a78d0035d0c1e6c7f42819f658012bccce422b2b1f901cae1b326276e5712ec1e1438d93344
b067777f71b0b107f97371f9d6ddf989d4433e7bcb4e552d573f81bfee1523506518b4f1b9b98cfba8dcdcf67d3200a0fa1cee87ef25343ca16d104f
7f5e946e3e38e149e2fa16bf1bb6143e2454f84c68681bc4519fc5ef86e35a9ef023f155e859ea86e1a45f4fa81bec9bf7fef0199568fc12ba39aa08
f4fb4369a4357ac32fc4604c2fc1214927effdf5f820eb01f958876b8c41a90b1b93a283f56eb10af59f3cd15e18ac7d095ffc72b36c1f2f3e1fb657
bf1b53d6fcfd8d924f65721bd831f825719f35582fb90e2cfbbf8be176e7d37af7f0b8d07b22479218fabb2edbddaaed97740676ae7cf1f0702cce4b
262327ed7c331efea2126f303c476dbf19bf3e11df37137b2bdafae61890df7359f00033c15462602f2e25b6a5bc853d2e2af3fe252652872ab4dbe1
622ff88e0e277bc99b9744db5fee83c3b09c6f8d53a4258b0ba133fabef04cfb2cbc64a73782e44be4a51db4de4aac6872178fa8d00f9646e3b38749
8f5b3f0d2e8dc0e7102ca6bb3beafb5d3c373915dedb42f85787c8bd67e8c1775d18eb670d96bda47e3649e302585d5ed07a496e3b6fc31c2c42fe36
089b78d1db08eef126eb7f6be2078428e846faae1beaac404bc00dd51e6cefe2afbbc11cdfce003c01b057c713bfe4d3ff9caac89eeb09ec4cb8c4c2
37b8ab83735f32f37d66786031f30c8c3d7e500fc325d73d58dcb2586e7b0731863eb7408df7eef7eca1ec065892e1323eca9ef2c57dabed272f6895
e3d3c1c824ab5310ccd797e817a427ebd25f4c4c8eaa7cd7257df7f5ee3d22c04b0308975bcb0bef11bbda279fe821bb02bde18af3ad026577f20f0f
261dfff0525617810ab79dfa5d7a826403ca8bcfaed9d14b8e7e3b87bedcfb1d19f99252df02cb8b45c78a9f171c6f4780bd179a246f8af0e1b5aeea
0d4f193780a7cccfa4262c36cdab1c0927660ffe85d5107af4a11ab8bd7cc850e4e3b7a2fc5d3a806cf6fda20270e686f78e4d6c3a41ae43c706bc98
70eca3fd02b3642ff117dc7007a5bc379bd4cce88e2df1a9103f13af088e32861478978e21197ef2bdc9e9f9f97e0dd1d925df87eba9049837dc7fed
41f782a2e478b2f7891168ce48466cd5d5fbc4aefefcd0f9c02d0ecaea314a8afca900e5bba734dc853f9bfa096709cde172a59915bac7b18aaef18d
24559a833716492d1060d5bd282f505726eee034fd4cfb5e68e3a77ca3ddfd1be1f891144ba914669914d3ff4b342b4268f5e77fdaba0282f0d0f37b
a6fc7fc231cb31e543e545cb15c8b972e892d3d4ff93bbf0ff3d30cb27f56d2ac78c5677f0e603ff10c915ab5b40ffe81697922497a11a4124908bf7
0247586bda34829008dbe70197faa1295842df5086ab9567990afd7eed2a852bcc728f0add0384a0e406b88934f728926eb91c73d0dce2cda2b88287
83e27220b0698e7648c3508ff69882aa3289cfdc4162bb941e69a566e67bb5bfc71ab83e3cdc7e2eaf9ca2c3fd8900e75d034a71eebaa68c9c9cca9c
36cb275e901a40c2a8e50ea6e06f5dbb2245024b55b8ac3a5bf12ec9e459f0948620dbbc2b32fbd82d90c84be6fd59264d4dd794e45893e107a84a7e
1ac292649ba8e52caf935e5c41212abca9878482e5ac0e90f45301c82ba0091f7bcd6909eee2064096d8bc490ab4acfd8baff3fc9863d75cd9b2a2d6
eede854fe3cfdd23d0cc4b1c869aee5351f196768d91f044f7e9f960a7494d08a8518ae598e51c3fa80f4b32cf5b728d31402dd15fac9a2b406e3521
208149f6f72d5217a9c7a18a9214351fb027bac68865468984564055fca01ee201fe39679176cc6b1c894bbb7755c37cee3187ee4a17b2f980ccadc9
5de2e4752d437be207cd620bc14e3ff4c08ad720976e6ba1dfa9cc2a74bf87df78e17bb8a5a8c1258b8fddfba0b308ddedc5104d9bfebcdc5d66a7f9
e877f279f8202e597cecde268338fbcffb3d1a500f0707a76804e116dfcdb296305ea5b59ee558b65d938c343e3e1ff4f8c00f7041f4661f477ca0ad
48a6ee6126853c3eba7900c8ab1f8ab9945f79f8b01ef8209ae0218f0b6e7e9651dc7a992311b799d8111bc787e3c06bd3f4ec88039cdc0328e6e783
c8cba1f7274ead3ebf88df9b37ca19eb903529d8e93e04edc471d55c6dd9e9921c846619af5e1fc7b34585ea11aef21f0201a856f5322d055e96f7cb
2c9f58f25d216ecb3e2b78ba271f6fe03b3e5b17f9fd73dc437eefeef1c53ef1d900436bf3942d117dcf9ff778c236bd4742ff9cb53b5ceff57d48e8
4adb311f30a53e2b7774c015b2edcc13c213dd5cf12fa04e23bc835a58ba42a5f8a90004add1cde9970bd59ecc37f1551fe6620f8b6892f8c036ff49
9b363f26679537f913c351ef429aee3e56919dce5becf91b8f26e461c687ba8f1170f70abea8a78a261469399b1ea3d25432f359660b999a8646b36b
8f6c24af299af12d22df948e604570524356b9c4077e40908ebabca1c09452756c4b3cedddef433c55829df980c836772122db1450311f544417ffc0
c558b3b86d31487dbfb3c66e0007a72149675b1e4b4d96da59468727cab2210d0ef9ebcf07b12afa60d9ed0c5db1421579af112418f3ff779c158818
15aa472986ec0a4b7ca021446a80e11a00c6fe69d94815e06dbc013022f0f215e54759931ea901e4843e1f107aa78db16592138b166d61c873877238
59b88cce4fc473cbe40513addaf0a996927196919ee4e53e1f9068c41d40fa93fbe82c2f1625d5fb2c230c55971fdcc8d460c574aa7bddb6a4b359f6
7b52ab78c6c847e72bc85689d948fe1ecba2b8f4b6b4a07b767fc38d466e1cf341d8bab5c6981e8774edf3c1c32dc9652c5e62f35b981e75c9d81a8e
6b1e618b11690642dc9337e77c1043d21a0311a6389a59ae78aef97d236f9746d088b4d0d5766b4c81970c3d69f73108b3a244b32dcc8ad236cc0798
15b346146645e92fe6033862770d477ca055c2555daae459c614ea5522f3bcf2df8c0daba1ecd3b3ccae48ead10831451d18415a34a42518edcda405
3da592b5cd323ebe5e2312c92bb1fd2c73cbf2b1c1f17cf3b9c54f3c7b46c2f727ff13bbd9c2efc73b0e835f32a5bd220189dfc38ecd1db70b1ba9cf
08d985c687cc5c618e773956d4c41b0de0e6531861fe1f3a724147bc699788913e9b162364f18480d2593e5d5ac7bc9836a335dc4c4a9748b2177720
1c873efc29b48612c236dcb8b327e5fe1b92b6c44dd22749a21be9f43e1c726909ed9934cb98694d6a239d9e4f018e44ca2f37cb99ff5d8ef6b44570
2cfac9f17e3e20b8c1a4f38d11688f2ebf9ff9c3e783a85115bc51e3a649c2506a0dd1865bb6fc03e665655d59b286bcff48bc2566b0e3652d279759
26519744ef1d96af6889592667cacfef51254892de7fb8b42adfc5d8f191f6cd76dfa203596574093f7f4f5619095efb86d54d946dc7ef475aca59ce
11a1a311e3d32cfbc42c935a4cd7997d674a9bbf5f96e1ec19db63049274f7c408740e760c9916a57738beb7e59e68a0fb7ba654ec694f2c99448a1d
4c1779f6ccf24d59538e21546ad8592613994ef69ef1b4d231d8734c80dacfb4af53b1e768dfdfd39e08e75e2282c765ea938cb697d8a4de438bbf77
7999cf327b50cc67271150f2800b332ea970879f2bc5cb2cb362621dfb627ebb720bcc7287f2aafd861e79f3a6c4eda6784f9140cf97e87d713b7b7a
8dbda30f126bd997a2619872ed3d4703fe0185974f49c77f44f7fc7d40aec54bf641189992d2cc07b42066b22f6635149c3ecb91085fe47a276f4ef2
b11a3166f71127989591e11fd8cdbe78dffadb1d44a7e663bea2ba46f18c1e31235a8223664402c97e04769466e8880189ee1c7f99fdfda053a336c9
8afb1abe70ee47aca17ab8d8effcde3dba78effaee68c01fc49aa882a524180ace98e548afe2f73d2af007dc767c0e087fff29f8723e80e1897dec27
5d92c4b2c3b4adc6d8afd805121b779876718b57ccaac4be7d31edaedc93b35ce3034df345261077e9229ccfb4eba24b9b2b60e78b21ed647d5744c3
2cdff4c8650268379fcd9b0adc2069df8b4f06beb5d680edcbcc352bf4f7ec0b13cb27f68558e0feb02f7c169fd8e8cd35405d4c8e9e082c728d0f3d
720fe8b14fcecbd6f63e79d917126376b200161f85377a688681afd2e62144a493cc4c69b1dcf983184482e7162d5afac51cfc3fc484abacc592042c
d9cf2687846390a5f78495473191b38c5ca38d9736ce527199b3b4bb01ce92f661da98221d85b4930d4404388193f2b3ac9c7622ee7efea062445103
113824b78af900f2b5b90572924bb99c60c232afce3249abdcc314118aaa2f45025235b82ed54306fc159d4907363f0872e372500737f046a4b87a98
d9263a8a890c7d8a659fe53d7ed09c644e8294c909f7a2ec2e93a756dea6b30c53f222af6bf7ac30b98288c0538ff03792b3e9f29ec3e9cfe593efd5
a11adf6b4e2bbbc643aeec92ecef89257607eb19ae2bea00f9f3146eb27ce15605f55f90d596a319fee05a80c621282e134f2886921a3b424243eab8
548863261c777e362c26d2a19b1a27ac018a9a9d6594fd5e40bc523fd319396c7dc88205cbc96285d150a17e00c7a48ac52578e4cff3192c50e43f1d
74687319862317faf92058a01be0d89ab01cb1209e9323288f162878e0ae6b7c3a227a5b433822e04c5c33111d2d57dd59e65c159773fca0264e3651
733926452d9226b7785582c599b65d4c8284dd44f0efe71491c5f6973c0957ec4a4dd275c6076a31585cf507b030dd6812d1c2c5c48cb4b7d53de092
689378ba6344ead1cd466c7e8f2f90c4eff440ee93cfed4302426fb407eaad1b50222beefcc135c4ced59cc2029b87cc2d516970661929c0da81f4c6
a4fa831e1f680eb825dacf20ff826b579543b8fabf07790b2d6856798b40c5a1078c492abdbcc532379519527785e1dfab0e048792f2216f2c9a5866
ded99752dee43d16a5a81c48dcff0f3027fa23da97e10f822f9be5d8c79e818404af5d93e392a6939353ecc34f8d218fbac66020fe818daf5b56c6fb
d49ae80c50481135cf997dac58bbf9807dac8b71261febcf5358feb239f901732c06926bdc5335a704582817c5529444aa1b3f605f755740b665d19b
5ce14856b9e51aaba43988ac633a5a19b5e6fc41354626f3ec3246686f83c646b567416eb12fd485b0317b4ce42d5b06867f6039b945d232b78e07b1
3745271b942bc73e6c59362f8e51ad9ac8f86adacf20af5b5ff23d34876ba682aad65ae0b5a6f90b73b0f7c83207d7ee06b106f79fffe7a0cbad7e69
29f8402318317f9e50d2a92a146296311a8929667c2d050636cb2f3a39bd5ff7be5d7ef8b3bce1ceaa4d491235c5c8ce32cea49ff7e49bf9941b19bd
34452451b30f413ec870fdf3f74cf9e73d53beb9bd8bb2266071bc6a1783bc18de3efc3e2cc3fe7f5986ab107f67391c3bd4dec98ae8569d49f6b199
10ae2b5f568ee2598e886eadf0627fd5ee5319b04ff943cff24684bada478feb3b675eec72afde5217fd49febeb0e5345e2e8472c29fe5161bc20dbe
f1403d5cecadda77272f1d68b5a49def237ef0072c81984d5e4ad254c55f33d198564de7c5fee689d6fb8729f7165dec2f754fc9f3b7c9d5c0438f3e
65f6843bf4d0a1e206d0da36bfbfc959a411bde4cdf3a92305987cca6779adc1ee3d404a2fdf04f2cba1f30049e955bd675ffa6bdeb454b0e9e701bf
41e9dd61727659a4c92f9b468265c1ef5191104b0db38c376aa0fc9851c9586571f36a4b7321742549d02cd87595aa6331b1658fdb5c5e96183b2f94
1f90555ae142962c1b10cbc6261611291b1ee392a8cac61613e72a1875156d34cb58623effb3a062fe650bbe23de5a76442cb9802f35d0da43dae565
6746c498cace31d29217d2642941ce5264e169aa11efe4e6d4a128717fcdff76b5293b44cde3dbd9109235ca0ed1fabc87286f1e0d44e433dc975058
fd4f922d7b9196149280a8764950090f77093755b955968669510d4ff89265aab280cd3249e7242e96141d76837734a80a338938c4b60b892aecbb50
d6e5b82a6de1d27544055a625c182d6e951c8ccc7b7c29a9670dea62264f9e0863f9139faa1f5cfca03184d5da15909ba27992b15adb285d4a890afd
4310421fcb75bfaee62d65f921ee9f63b1ccd87578d9eadfae55934b20db7d13294b9cda3f934030cdcfc69cb2ccc855d9cbd6b50ac2a1f78dec8aba
0a95863650125fc1e14ed0a1eb1ac61d5aef7b082cba9d9575c91e36c9954e5a57cfc932038fcde7ae13032681a7f498b3ee164f020ffdc345059ab3
1e3babfbc1c307da283d020b55c18849d54da384aadd7b3954edb62e1452d3da3fb72ca1cb998a978a01358ac640fef89f0fcf4185d6341710cbeda1
5c0edcde3d09048bda23a4806f6a8f90728449cdf51dd1805b3ce9a17f60d224349425f40cfb2615a24d9ae9edc92af9b48622dbf42814d9d60a1714
d91f727946839a53128e996396934532fde1d26f2571e1d26f5372b9423ba7ff434a29deb8a09b6e12524a6801acb12ca4001328fb2c33453e5a17c6
78b390653b1e9b179df8552b910ba6633b24179402b6f416127ed9dfae20e4fccae703a6c03cf5c168365c5e27e9c373d1832b55d12c1342e329249a
63d9c0fe85e13ce4f1d9fdf3c9cf9adfe78ade6a7a704efbf9942d1d79f24da610eaa1443ea3bcc1f1d5db253295e60df1e26be1ff890471204401a8
edc3702212c43b12112a7bfd8904f9ccd61f12aba67f89504989b366f95aed7979df10f95c7e78af097a91826db6a83fa2ea24c355f0d6ed1c52f19d
b34f55fdc53dc7e54a0345e5d8d1e28875c958c542698dd892ee0696f3c36fb8821596a020fa514192b382a3a281316ba84b01537cf5ae5b8a0ef801
c87d22a475ebf141d283331ef80be4e8cd65fc82b3bbf0c40fea33e9c96c66a821a659675e779ce7c4af6a78ef895256727428066a961fb69dba18ce
77624735719ff6aa24b2a18abfd5049ca2a8465d725036e5ae09314f927e4d719b6b2ae3a3ea012566a0b83f3103d50f30c5ab7f998025d7ff97dd54
624fcd4c80784f0db9c8a27dcd245cf208328961c49cea322aecca70b602dc5739f9ffe5b4b37f1ac03bbcb84741faab1f10cdf21902095f3f15ae93
65d7ea5ab89b88b9d5820fa9e85a2d7852ebf25403144894a792265f8086b31ca4ca07a544123eedba1273ee452a786c8afbd510b3acf0ad4473d8d4
5349bb95bcebc0153237aa35ae4bea1241d40e13ab2b9623272f620536fae7ff114dc52b6ad84dace3ae0451db4058436d265e52436d66fd6d6d6c13
31fc4a5aaeee1689a276cc53c51bb06efebe1208a71e9396cb4eaf15078a793ffa176653032a4026e3da21853e544444db30567b904249a115359bad
143542a26ddaa99171e4f30399654c467aec1109cab547c482c6d32332df6562cca4b2a8032d8ce90661181fea0d3841f3260dbd9b12112ed8741af4
0fa8a3d5ded2baa5fea9ef88fffd01781b3e258344811ec05293a50f25250f99cdf0f560caaa8f1d5971ab187c8d88081feb13bc0e570034c04f9892
f341706cb578e2c464527796f841cb7a12f86efe72b6f8c07fb0a93697d7dde0c32d42eafcecca934462c33fac936e35483ddff841355c4825921a2a
4113c2009ae5752c7e3e2611f46cc210de13a66511f32c41bc12d6fc73006abdb8845a6a20d799230e2a1e8d1f6a0b1eb0efd195386881948c8ab785
addc7549a15b96b6bb0252640792ba7473dd5e42357473beec5452a5399ca8de916054abfc9069c70c949089df87dc9376d6f1a235d2ce4a9f581f68
9f0f020e8cf6c2a90f21b2e6f081c1e84df1c6d544235a8262b36755c594f53928088af68dab61c9aa3e19400cfdbcb1df9812af0199d03e67f145d4
35b50f5150f8aea30588a376555ba260b3ab53fb81379bfc3e4e86a873fb8185a37ddd7ea1db682ae393234d43fb91635d73d67e71b7f0f7eca2dd1d
8c39d57b443d25c25dd93bd6c9d4396a4b8e4bbe21b78dfaed9dde36a6c415ec7842699b35d0106d116d4b5fd5ecc3d312bb4a4ae99662570d7f1079
4ad5238c6be39f94690d5d95c31b1ade902dbb316647eca69106c61e502d44aae60a32b09fd965e894cbcbce967c796d25b6a82a2c81dba3d95879cc
760ba9ad44ee27bf5f128e3d6adb126036bbd635f0867ff6c46e0830ca6932cb28d3bc5ce4a057f2a8595e64cd3aff565160883bb68a0d485785d648
71e2fd86f4f0137b6d2d806e74a61aae19de3fe42833dd6ec406982c37d8b5e5a516ec5a990be603cc86fefe89f77e00bab06e732d743c36dcb5116b
ea2342063013eab6f8f194e0b42698b192f7002a9bea1d7bc408551f49e5ab77f811439054da0851f475ad1d31864f0d2f3dd2242c86db2c15b5c0e2
695e65c205aa747b0d1d8b2d4f0d1d8a2d552d7428baa1b6c59b86c3151a017f3f5b375bb8e34bedd4509108fa60b41bbd98e4b88633bc9583ed3fc6
ae24597618b65da96dcdc7f1985d16b9ff221460012f5549e5efd4624bd64871e68df850c68b1481d827b94104624b8d865c2f66f2db34ed4bbb6f26
ade1ed7edb1ea6b7f5eff985dd23462e16bff70d52859f9d63db0b52d427fd457c5c4f71e2fa5ef5de765ae699bbe93fa6354bfacd84bd9b7e43feb9
fbff1c812e734750f2aabbd5e13167139efe6372728f005ed7d5f0c10e9b2a10136c738727ffe0164806b0bb01b745f8a7c376c3da823e2507dd5afe
bec1dada1d2005bdc2a24f7f6dd8576a4d36e2cbacdff35c3822449f4cfe50ecb8e9fd8c35d58077a0172b6b3a0cf2fd1c75f8e8d9a4a827dab3ebff
b0a75796a7e9480cfb1a6d1212c62b8654fcc6e5edffc6def4c4afab3532ef5a00dd33932f6874990e101afd8ca5302c43e8f3f918568f7664cd75b8
880e86b8e939e9f339193647ea543bf856749af5797d0b4c5fbc5f882256bb7f17fcd6ff2ba95e21868ea8d156ef75a6c9f508919ebefa0020d75cf5
0984d99fe32f7464c1ddc5def6065e63fcfc072e89a6cce474be85885df067c911bbc0a636bd31a792ff3f09aacd97b08121f78168704c1a869ff03f
d48a2088d8e60936c4faf9d31f72bfeffe3ee45c9e2092e56dbeb38872adecd2f11b013d84bafbd4a2340787e8d3523127dfc00ef6dd378c1cb5b152
4754edecdf48dae313012d8c8d083ab430b6c6edfde4866801f9025b84d1f1026fa2893a18668bcbfb405a1fafc8f8b6585340d0b1e62dc703ed07b9
8fc206ee014a7611211dd696c9580a2fba399d4e7f87214958070b6d4152a7a58befd1240136bbfd74442d983eccaa80ffb55e970e1edcac50a7dac6
a702e9f77e76e4ed7028b0d976278f6defae7ee209173bd8a197b11f6b879ac55ea11d69569211ddc5451311d12f76a039538f620561871ee5cf7b85
3cba7f9e9b1bef9725967d72a0f5cfe330ad4392436af49ba968f4c59bc4ac3b9c92161b82f7077a17c9293a194e3bb276ea457cd7279150cc8df549
2434b3737dd208d1a1d694aa0dcb84fb03dd9447fcf06cfbb9014b6ab56c274b2a26bbbf3c18fe24c258d9b3a6bf7c71b5c82f5324b983077e8fffc4
de74b29f96860dc61dd5b91e2431ecac3410a9bbfd698015d9fd1b715a7efe3f6fbbc8e9f1832e6bf3ef1b4bbcb66440d5605dd880879ed20ac76f58
5eeb2e8f8f60e8fa8d174de871c0bbc052f9010fbe9f1eb4815cb2d5fdedd48feafb88bbad506a63c0dfce365a03f4c0b6fb37b495223806ac1536cb
81061ce89427337e435d29fc3b60b9bf09bb8d0ced95b2a54e47efb902de23045cb27671c074d316bfa340859cfd1bee12ba7503a69c7f42a60c0454
5280f8e9678ddf1a1178d0cd6e9f63badc0d8baec614a30fdb898dc235f029414c2407a51aa01a9446397e235587841aa3720dbc4895620f0db17248
5e3538c55b603810d268f7364d3262379f3d1aa2c989631a08c7fd136a190dafa8b7bd71d1fe34c818b21b4c699a2d7007a4e0bbd7a401d57806934c
d81d2e684c32213ee06d9c74c2f6e7a021c051d5ab38dac3065a44120a6260c624148a63970dd85b7421f8d13103dfbc4908a43f37155ef7b6d51b1d
3310a53c4008d86b7c40b2be29be6b541c68e03f9c78f3dcc1c506dae5ce296a0dfb37452d72476a03d116039480a3440d4413b5d7fc80e4dcdcc098
ef7ab671df80e87cb8bf03a64b42c663bec2c59aeb01affbe44d3ba09df09ec0eb6ff8fb1084db7a7f3047aea56d03e9de1c586b40106e7a7c5cf486
d5ff6f386bf914c1bdc0d68203a1b44dec8d9bc756e4f280298235bbe386638c44f703fe07f68818e0cbadd41c10026fbf7f4aae16ff9ea8cac2c871
73c78d08e0e36e078d7173c77d88e1f1673a693c4c436c7cfe306c974e319ef8dd980399c41c6265200dbda3690c70e9363a3ac0a56f7ef30f4864ad
dd3f1089db17fb980fdab0e3d4c104ecc370cc4088e39802d361ef8603310f15097b1cd3396d98c33a900473b379cab1f383fefde077d5ef970df405
b0b4e6200eb8abeda2498e040fea3f709c015dcb832fd8707ffc8090e9016f35bf3847c6a94c86634f92e1080eee19c03bc1c8fa804fb82dc78e8c53
6122e1c8585309770e8400dca42838f8626de2320f3889372f2a9cc4ed407c142cba9e8fa3308fa3fe5fa1a968fe8d7be5b03507dcdd2cd73dc007db
2dffa89ca2060435ede6e86d07dc1d1c6ef4608c3e8f10415eece27c54e4e7d6237d20d6f5ae9b7434d89e7bd3c0176f8afa1f15d31d60cbee60beb9
4a5912bf272e7430a4030f9ab21fc5ef0129a706341fb4f8bf7fc3bc4164cbd1901c75f3f76efcdf701ab31bfe02aedf1db8defd756e81340f07fce4
ffac68c70444d91d606c1d5fe3401099ee2d9cef59b5cbcbc1f7eccf12c223c3b8f4e07bd6dce1640aad083ef05ad93de1987c6d5516c5f80dbed603
98af5735723c06386fe1de6370805a81f10dd01553f4b00f778898ba3e84484a5f858e8f03f1d03d633c7fbf3ff04a565e23985c6afc41233c10e15d
afc5c148d5c62c936b6d36103990d1aa1af72179a919ba63aa759bb515c789feff29e94dfc19cbb11b5323ac8dd5d407c2e0c51f742290cecab1a68e
0bc3f525c6eb6b7de57141ac2e8ae7b840288b9738e0df6e85e871e32df983c86e76a805bec18ffa4ecee73a59457bccd7badb82e780e1a0c32f1e37
c4f2469cd39b707ed0151d76c7ee008a02e3353ea77f1e1358129a123f90d8f30f5640f229fb5b1ce088b73f880fefade3161c7088b787c7f17004fa
20724bd9fcff78293e12077dbcfce2eae0fc21eb99a67052e8ad3378feb8061af2090da829f5130fb6f23ac66f221e0de1fc71886b174eb09ca6bc4f
38b4dbdeff44b22813dae78e5dd57377ee6cefdf99982ea902095edce1ce7b274c7342479ab27be8fc831665075b5edd8036b21a32e20e5bcd7c26ee
bbc8a8334117a16d3ba712355ba47622d9a4ed924fc41d7638c413c666d923a483ba4efa99b1063ad927f241590d78665e252d014ccd36ebfe4fe4e2
b6aee3cc14d5f8833847a2e3ce4c3983dbe31cee1ec0941d39f6df597efca0468c4034d6fd9f481fe9bb764e51fa9f48a72734b39ba30c9ca0319408
789c9064ef5ee206d5b0d8ee737288f15b1d76a401f21ee201dc6c4a762250cc9f0fc07add56bd27de1f67c41c2722c89a9b3811c4ac25ff8636db57
8da98d7c1106b4e12209ce810ffae03311912f0a4cc995f3247e035928414654a0435f4d788c5b2d795e18b09ef013a9a3ad183de1cf6d038f133634
5bf6b19d7acabe4bf67c5e18a16f1ed821fb2c9c372c1e67e8ba7f78714ea05f5b6e9dc84b645df94976c796c627029c2807cf389187d951e24e302f
b6e33ee1acbd59487b3e1caf561831bf6c72733ed04ef950227ec9967d6a117fc4ea96f36587866384be16f016dbfe5cec176f9c56f842c8ae261ae4
8280d0c1ac2f625b515d172272759114174c8b9d39202a803dc5d05d1bb4a086efeca0e8376e8108df8bd8d541c42e84e4b28bc5056f6ebbb15ec09d
7d73071cf13a1357e2a1d3ff1307a80141426806f14a1c804794300089a52f18026f7659bb128fb17ff318ebdc5f08da65b5dd950efe41ab9c60cd26
d2f34ac076a274aecc2168cc88ca65b9c305ec691387ab608e3ab81765860e6a75c1fddbaeb057610e49ef7b0169b2b9c706a77e37c0b911db7b155e
0dc3e996e66d9a2cd9f00b75550821451d5f95c849236cf880088d0bfcca9f10b617d3e38961b92881b371cf3539966c72fa6a308512bebdfa8f0d34
0748d8fc465d1d167742c857a78bbba64401981d03ae0e430f119817237b09015fc4e836f4bf06f745d7f39a8aa96467bc6bdcfc836689d859d6275c
f0fff9e37e77c11ac56ef6d7f10d52833838084f13b1ab76af3409711bfe5dd39a24995ab9102a71f38d617a132f34a95471e3484fdf6cec89f4f3dd
01262ea869aa710ab2c95b6f74c1eecf7c10b3c93b04c6f52540f5154714a62aa475fff83be9378c02741b900d7efa506655c0e9492fc3bd31645bd7
6f84f3148e426ef67d9b46d4fff0ee2073fbf4fad0ef87ad351e8454aaba3bc8c43e6ce88854ebddac3053ad3bc3cd40aef518bfbeb0a343e148e442
1f7f3e082b082ba1915bbcd96419b9c38795ca3774149b0efa5d08d7f769c7209489ecd8c3825f64c76e56f223f9f55076ed81e4d7c306c737c42f3e
4137c52fa6c991acbaa7e60e31611da11bb1242c59be3b4f80060861f866defa46624bdba9dd88b9e7337dc388bbea61bec9cc375d8a7b70c8eaf080
658508d81bf17a6c3576cf6b392c7d4736e8d812cd8006cf9e11f4bfb611bb416bd9aaedbef0303771b7f7853dd2ad412ee7f907f5080db2b1d77d63
cac9bfc1c50883df37d6cc04eb0d61b33d09909b79587c70c38dcd22a51be1dcaca647e6e361f1c1fd72c49ad2cb53a5f62ff620f9375224fef93fbe
2fbc81acc3c3f28267e378aa7e73bc49bf4ffc7fd76fdc723fc30f2ff29fdf30e7d1338e34c4bbada39e49fb545fab87a1d14460234d71b5213ed214
ef260b1ed2467e951f9847d917fb998821fff4423d440c7ee791a7385b11f7d07bdc9402f214678bcf1f729a7ea7918ab83a66eb933066ddc4076e55
76507d484ed91611b98a93d210c6ef8a0e34c9494d55673f782635559d4e01b98b371312cfa495aa93113c09a1ecf57a21b7f1fe47ca85e4c67bd24d
416ee36a15f293a10a7487196239eff2f26ad2883246d0dd00db2e5cf2946f04eaa1600dc50620db7175b8e587f26f6b689f823511e3f11470cfe99f
b4380f395beb771fea772de1780a26a0071cd995eb9f0930638d30c10375ee66c343a4536e569a235b72b69204d9929b43193f94663bc706b225373f
400fa3b63a6706b2250fc7d17810ebc7d2df952c59c792d4a005574896dc1d77f6816752f5923624ecce86330dbb7e8318b42121321b37dba521ef70
b3251df20eef16683c0304b4673820e0f0a91bbc89bebb0354947804a4118e23a10941ba6b8fcb070f8a95a948133ccdddd66f8618f71e21185b170d
f34c3230e0ea1fe2568b909e93d8cfc7fc0b38aa0e10e2dba156904738c838cdf042722f633f64157164b2e742c002496c1e8a5fed28fcdcc815e053
37b9ff6481fd8307e9cf39bf99ca492b48ba54a4f103071753490fec8d369b893d245c3de307522e9f19449fd9c6e60a48b97c916190d48b3b8094cb
17ff81885b028387d255d1a1cc74ecd89c0fcc8d36076d789835cfc8f0a569873a840bccf66713106fc61e110fe5b5c317871284e206744bf26ff071
12cc212fb1330d0ee4258e0e93ff008624fbf7c53fb8053c44b27f3fb0e01cfafdb2c13a282f12df29e9f860aa63bf3048663c1b7455e0a87b081bf7
4d94c38b2034ed4f0f5c36e1a777439e0d1d95776736c3aadf3c3ad97fc0d11123f7eed0550c37e04eebff89274723a20cc1b4c09b78743427ca106c
ea8514c8db4f0ff19bb8ce42284869dcecdbf266467bd71c61986441c80b2dad23bebdf0de9d0ab97f78745e3c71e6a8dec29c64fecd932cfcc784c8
26575f98363b58d80b16a27981294ff0a9010ba1aca103f992bb75ccc897bc6f7e649130f94f5626a4439e0e3efa8d17a5b883931d68049523d2967d
3c8646f40984f5010654f18c3b3da1346358fada810fd98477f328c8f69b1c9610d97e9b8509ef943ec48c35be81802d42f0c8e5db9cec0bb97c8783
7b2137ef6e8e05b979374b33919bb7da590ab9799bf3f330f5ae91dd3b8d68b36377bd08073afdc755f1e521d18c2989f0238d54b7fbeeac6f2ffc40
f74d9cec8b576a979dd5d3a0887766a7201490e371ac9f1748a9a29fa02ebf39bc03d61a3342e8aa80d84932a05823a47496a1d83b1ebeeb79fd7ee9
cfb6ae51ac0232e2ac63f31e9098eef2428c0ace7aa1abf799f84d2e0df113f1338a7e227843d6cff1677a2fe8f5b8939b5a27a4c45c7d3333fdc22a
ef0bffb29f7ece076fb6ceaa8046b3e86726dc15b03ee7cffd87247afbbef2b6cf0a6ee07749a2e2e2027fd76a06ef862669192e4fc8ffd8f3e97b58
f98ff6550c08c57408f6df75fff88fefb35b8226fdb7527b4f197e42c5479eed5bb939d26f59f79db669fb52efc701ba4e36d9be0a7063b3828bb3e7
0dc2f57d09c2f60c7ba9f98faf8f0c2389595157c53558f1cda594c93ecd8abe2aea57315605a21efe169edecb7337567c9fad3b029afd568cb4bde6
cecfae25ac6b093f74bc57b8e5cd8a6fa4f52c5fc537d27aad4ebf913624dc9d15df488378ff06f68db4233240fae58fdfdd3b5ce367c537d2de9e1f
2bbe9176a8fd66c537d27e65ba2b7cf76956bcac28aba26cacf887fc9ff3df54547e74f7de9ff17df19bc640d6f759315645c73e2f53999d8876567c
d338e0cd362bbe691cfd65bae4efd6edc7d8388def22ed078cb86645514565455d1585abf7b1defbf12275e26f0543dccfede1673f5a6d3f112c7e56
e4555139f48f359d155cbd0f3d464563a71f969f155fa7eb2bf9c715fb245551b1f12b1f373a2bf8950f494645e5967c0c65543c9fd3495205c791d6
48112771561455705fd21a69f91628ad7194939fcdeb2be5fb4a5e5f41e4a059b1be8218314931506705b7b2aca1d783d32f6af22d7259036b070756
d6c0dac5535dd612d27751311aa3e29b4b19aae067eb1a075cfd126204ae0a8eb4aec9c1532e296c5e549c3c1f758df4b838fd857dcfb37091eb1ae9
495cb242b04545fb3a5d233dbfb35ed748afed4bfcbd467a377ea5ad91de9f43515b23bddfaf628df4d939fdef8ddaafdfb7840b835f4830392bbe71
5cc8c6342b862ad86421ec6bfbd674a1e36bffe6f2d15351d1b9401fc71c15078fc342d857fa6ee5c2cf17a2de2745908b8aef242ffc7ca5faf5b146
9ad757d6481187372a167ebe32edbe568e9dfd4240c359b1465abf0bb4f0f385f84ab3628db412fbae68bfb382d35ff8392ab0d92b3e5154f02b2bed
ca7e359ef595cc62567c4d56a76d7c15abd38608b3bf15c5382ade9b156bfa9dfbb2b8b35901f4b9025246c5c33e16b6bce023332bd6f4c7afb122a9
e20b7aba463a367e7661cbebf871720b5b5e30d39d156ba4df53bbbc67a382876ec589dbaf934bb89cf3a32271a40b9f5eb092991555155ca0852d2f
d8c9cc8aae0a0e7dd757320796f4159ea045e7cf0a8e23fd4f2385bdfc2fef57fc999bb8f0e47512a3af142351d1b8bc4963e4635f92c6c877794574
9b15ec346b8c27a795d79e9d1767b130e9057d7052fcae59c171e4358eeb3b2a8bd48b0afe6321dfa0d2b85665adc4ddb9de0bf94605fb58c8f7ba49
fc2ce3e7a820a2582eb5fbf56cdf3fb22af8958516af8f6e5b61ab6605e7b2d062547c4dd68a3ddf022db4783dbcf52b3541540c76dafe6f8ddf7f1d
fff91f0ffe3e5bc41bfa15e120fad5ef1311aee2d436c82b72d2770b94a6e1a7828afc902b621527f5bf8433bf74bacdbccad2fafe904a6115075c59
3e089ef7558401e92e481524d1b474419221933e938e6466aef92033070dc21e0872198294f2db824c1a7815135c043fc856d7d876e4d5541c8a1d49
315711a2e0c560edc8f5b88a1bccdc04a986cc46f2c7dc91d86d153b02ef2cc8bcbfab08cd4011a41a32797da9ace3f76310fc7ad694d2c442ab3819
ecc54bedd993cd95c6d90bd234840c0e6b13a46bb9f340e2d105411ce8af8864318bbddc11ccf62bc2b97a2c967f474cd7559cf215b91aee8884ba8a
5370201ff01d113f57714a0f95ee754724cb5544ab25cfde21505f450419913b575414c3c0a829b567540cc30ec2b260b7608351999736312aba6160
3125ec8f8a53b083ed961c282adcee60bb659117157fdadd84ed82bd82c16f6897e87b872c7e150b619afb590d2393ea353b3d164a426427b53fde05
48e2274ceb72799c2fd77a896df6f7d571785f88107f6b7ec15f2cd80caa33759b027403de3fa738fd363799820bb972c6cf6c0823e30b520d69c831
20c86dc854ae4a6936fd8c05820998d46309586415b1bc8bd19d151e3944a8bb720b4e5e4b30e0f7a2f9ea8044f1c222ed1ac8f0189121611ef6053b
dc2322c32f91734246ee55fc5aadf12397f6579c6f951c5fe26737640a849714297e1e8640c6b2d8eea838b4271b8f944c2cd3ae97298af3d82cf95e
4a7de1b0847447db3c220b362ec1be39ab47e4cc59c54f9eb4facc3e501926c2bb22454585e686d41f8139356f63c08480f7132baf33624c970a2543
32108d8a5730b6931951aa6e571107254904971051f52b6ec4c54b239210fbf42ba2cff45b583235f7d90853fa91d40da3237792d5561a8641743023
3aadf51cdb100c41bf93ac9613fc62bf22d469f1ef3596e17da05f5e2cfe5a6bf8e17d458c25cbdb371d1e0bbd8ef26f3d79e9f03e1c6ca7380fe974
3b586f4f9c2d58d6384fb65b12af2047dcee62507385348d0ab5835559e0c926d8a3f95dec531ecae9769f37613271488f615066c553a93e5fc35ec2
646616abb7607341264c298ba2a209c67672b40dfa4aed909c3c9ed6452e65133879633ba937f3ee763b6076edc9c93064af9b515cd7f792305c66d2
afba845db3e2160c2129eaf4bc20054b7af5ff2261e3ffbb9ac230ba2aca5c469aabafc8a12a7359f695cf19e6d9552a8da8d0b2f15a576d53f6b5ce
e583ad7729fbea66c6a06df2f0cf083afb15111cadc9692e239aeb57449f4dde44d95737b00f7cd5141b6aea1a0d43ec6de9c97313e2cd0d46074d4e
7651a1b130b05953c2a0dc845e33514593b16c36aac84415b6a6cc461579008536e9f867bc65c1a0b8688a979ce1a1be8a188bbc6a339cd1bf22ddcc
7febf1888add30d00edb4f63119d96e16e3e615930eded4048d32efb90a8b80c43e04ee552c8e3f0fc401b7579ed4785e78775e9ca94928db6325153
1719918d9a32d14f5faa815f36fac9d7e49cf72e8bb50c23e4afc8714ad11d15af6070ccdb45d06458e97e457e4f6ab46cd494efa9cad97b5f96b551
910c1becb30ba6737683d6ecb29fccb768cd7c63cd869eaba8a886812397095f7e7e1ae7332592330ed11a278cd7bee2fec5285a6b06b3b1552469a0
39c0de6a15f9fcebcc3f45737818cb597997f3e3bb09fba209d3586a33ac13d604739f60b57ee239f3d33cbf06db6ce30918f87c45c6609212318321
59458e4567f011139961d313309d97c7e71af63d13b6f6cffc407e4e7e4fcf8069fe280ec23496d37d9e20b5b6c5056798cc7c4524bcff893b8d0aaf
0b52d3ff94f421c37065153987aab57e6ec3b89e3e2fafee030c47661492b57fef4ffbf7feb847cb363fc30664153996e5f493dfcdedb64a5815ec32
8ceb39f43d91c251e49a2d223fc3da6215b9667a3adfa4b3fbf27ceec24b30915845ecbbdc51a3a2197611b6d60cc606abc83e85af5f9f4f98104c98
be576fc31ec2d61ebdcd7d36f6b9040219a605ab7810a6b174ddbfb77fedd4e7f05a239ddc4fe60251e1f51cec53e7ec1d5e3368f9a75061c10e8ff3
e0f78ae6777a2c2754c77bd57afaccbf3cd7f2adcbefe5761753ed34edede576d7204c73b87cce2e9c97bdeb7bb7e70e0786dfee33f878df1feebb70
d6fbb8cf87fbee73f6badddb081b82b9dd8bb1a485af83b4596b16c5425817ac19867b249fc402be79151b6143b0db30aca702e997dfbe0b866c5601
ab82bd8225c6475ee72c2a0ce35d5124a7a8c88655c29a60876138f3a9a84f899fa2c8b114f559aa615fac66ad4bf1fc2adb55b5ab6ec73b26b397a8
703bc44c9025c1ace8861d8c20f46fe470fcff72536e6f57b7dddbdb39d4ae6dea1e6ae7160e4d43a2ad285e8415c11ec1068fcc509fc3cbcd9c8bd9
c7e9f803c3d228bb5e54b84f3e4979d7369d5e1a3e498a0c17159efb4997a75d733f7d64aeaf4f8d5342e828625d96ca7856785dae4e98aecbe53920
285dc0f4bddb47fb669f3ea2b7afd2cd39641dfbfb34ec73dbd2386fcf81162fca211515dea387ebe923fab81df2024ac13b2b3cbf97f3ab1acbebf5
7c815e95aba56c3fc1b6df075bdfdb24378b22ced2d275ce8a6118d76c3dab65333ad8f874669dc16dd7ba6c89f93b17891615c9b04a98c622ae338a
e87329fc66c56dd84398c699750637645973e2a6a86886b1cf5ded8c0eb6ca71ee1a4bf538892a646517155eb3da085be77a6b1e0b8cf59c93a76cdd
7df24ecba4352adc27efb4321744c561d8495813ccdf1b5faed47506b7e1ef0d7e4f68721b9e3b9f63e5832cdbe1b11c4069325e8b0ab73bb80f55ed
7cdfb793ed7c064f8ff3e4f79ac67209d76d57224c73f7dddc6ef6d9d5ee769f37fbf4197cdcee619fc283db530c639f8bb48b83a32769e7b32a9555
549c8601b7cafd2d2a746f77c433fcc987272a9261ec73b11051f1188639c8c5adec124f473111a6efedc5b046d89adf9edc0e198b7e72d98a0acf2f
712c3ad7bb9fea3dc33e5ac765cffe1c5f6af95c4545376c10a625f3d5dc33a7a7ebb0176dd15e383d5d87ddd7762f07615ab2e261562e75519fd57d
f2da56cfa17afb102bd04918ca2e5d6014718d1400252aaa61dcf6aaaded5ecece75d1b1de7d35770abf15a5b9ecc3ed4829cbeda3ec876107b7b66b
9cc765d80c95278148fcf6e74e2ecbd06939dd255f5b99af96fd32ecc21414cb332afc39e412f9359ff8dba79aafa6425395fdf1723e58cee693ebdb
b793396c3eb9afb7ef659f49f3f3ebb793506e3e66afb79684b2dc134a32a19c7eec73597c47c530ec226cf59936b7dbd8aea89de4f75164bbe2768f
619c9f8e529210308a8530f529f571497c51e5a01615fedeceef557d4faaef02b16dc096017f545c86715d9ada65f79909d3cb9f8aae74e2ab29b978
49d57df21a29dc4549cd7dc246e137c33cfc13319cc473467163530da77b697a27ac09e6e5e623a7380e51510d6b84a9ddf050a98e93dcb82413bce9
204c473449065312095ea952a2c2e3e40328379aa8f0b2915795ef5b49be82e9e2387d7c2fcf8ff21939a495e4c731dd89308de5f6f76e7e4f04687a
dd27894599dc07b5a2adcf1be7a0073efbf8661e5f85852fb6e78822e7206c97a5148d221ea4ded5ce3c60a6bc448998a3e2328ce3d431cc7e3df2e4
018b1298c46fd12899745d1feab2eac667c4cbfb294b7054fc8161ea0a851a158f612f616b6bb38f67ee5f3b0d7318367074878e5236cf05cb8b6256
2d0f7f8e1291a153869cf5ab38e3ab2aba4c41baf855c426481714156ec6c329dfa492cd1de5eb4b90a7a118cfe789e78b1943e46e5f458e6461ac6c
fa2b93ff913b6dc9128714e64effc963af64f33fc8933e61eaf3f551611a26257d2945a2c38274e4db4f5e4b51711886ab205fe35236b7dbd84ec7b6
5854527815e4225c8ac48a51e47958e2eb52cc1b21117891e5492926db90f37bfbc91aa11449234be103207384524cb695f4b5d330cd363191f6d4a4
2f98248e0529ae274ccbe207a04c326d73c4e982ecd4abb8139605739f85df13562da6cd907e7a730868ba25ac62224c4b563d07a40f72e4e752aafb
9cc2f86d8aba16ac793d115ed91c78f16d2eb8cd8e4b5c4a7733906d53dc219877b67359b2b661780a835310590a93a6556c8469a97dd3cbe092e936
1429aba2c8b1e83694c3cb727059aadb79594e2e75d5729eb761330264f665b07005699237fbfb95623400d79509533b938265ca458b127cc56f7779
7324c2c5c5f293727306e2df8af100320697ecabf778020f376168e2af170c2862937357292620991338fb56be5ecbf762b3b577d5d8039976b74d0a
caa8380c3b095bc3acb2542a30c89eb021d8300ce74f6ec6a5ee6eb7ef84a94fa388ba334a8e38c2ba7b2c3bc7a2eb554deb214fec84adcd8361f72a
b29da466557615a516ce41e71dd95457916391e4a1168f856860d3dd43d2d455846d97c22b976a616aad1ca7307c35fd5827ab558a97a5b959639792
dd560b4b2b042b9bf44da5cabcb120afe75c692de7f0360c6e83040fd5b423b26d4e98a6e7eb5c0fb6133d53cdbdd583474989e7fe1f12b8fa61874f
c9e6c8b3a59e1eeac94f4a765b2d77414ecb7960b434c604c86739615a52cb5291ba32607a00aa65a94c53e9a0a9056927bf22effbbe69d94c925690
a4ce7052906e7215719a14813a2a3c07e289dd27db1c23f23d4e98e6f0f8a43d9c9f64bed5c800791f274cc7c2dc24723c4e986e8bb9c94a4ca128ce
c5261e51dc094b82692c0d768b015b7d36592e4611c742f14da36218c6fd5b2ad8d2ac9241dac409539fc6228d584449908acd4d0ad22b4e98c6b97b
9c8c0aaa6569161d2189e26ca6cf99064142c580e92635231f244c9c304d21eb98b5cc6dd74d6a961db5cc6dd7f3d04ce137229f5de2e7660615f910
03a6f7a199ce68a43376bd0fcd729ed6383f5da3d63cbf46e3523d02cd5a9e4662c29a385be8ccfce984ade3d9cc1ab4ce76ba46adbbdd603b91cfcd
f2a136d84e57a50daf3544b79b02d19466a2a09decd37b6be6a08139d892889e66e6000e3c13a63533778a247f01f3d13555d0a02ddd94a3beb4db6b
7db34f112fedae86712c128434ab55900370c23407b3150d62dd80e97b4613ed613b69f09a6986465460761159fc56b112a6b1181534a282e433682e
1ad65713b6f60189fb5611a855e9004a97e17341fabd094b82a9cfceb43849444a37abd2b7afcf2158330c77533991a2e230ec226ccdaf9b55e93ba3
c18b3fe826443af8914d566951711af610b6ee7bb740aa27f6a927a05b4ad033613ad7dd32e64e5ca0146d41af1b465c60151d32d8ade24d98dbe93e
748802b62c2d72b71aa7d78330ad8b89944e9e23eb5c77cb8391092e60929020f5db2a722cc291dd2a1e64509b30b5eb5e4fe202050f2dddb8a09312
31e9ddcd3c207fd8a4c134074bb13ac989e233613cd1494e140992bb85c5fda47b89f7dddc43bf7e84e9bc5cde77921356c32131d85724c960355c37
2ee8c40556a775e3827e730e126874df7764edda1c04b3f457ef18f26d6d0e6f59bac508fd059e2f3e13afef11c98252dca7c7425c507c5e8c0b3a71
4111516b6bcb286e8475c18a6138d70a2e1a15dd307e4f4ff830e331c87828446819c60583b8c0aab6617262909c284de334398114599bc36106b3ab
bd1dbcd3458cd5489e43e21c743e87554a2373dfff951a1e460783648342c19461c1e0c83c1612870c930d83fc8c7c00a2e234ec254c4b638d2f924f
4d9896d4a862c0787053708e62fbf932485258bb378c0ebe644ed6e0d960b6204fd38469498d0e902269f23a9a8305de83a842111ca3221b5608d358
ccb4c07676c234bfe13990a1913b5e5478ee443156c50d732ce3406a0cbd1ec39aaa41eca3d0ee65989919a4521431b7201fd22a72a975038765e8e3
649fc2cac398695c9cba6fd2e51b017b2fa7248c0af779f148886a186658061916b90e9461e533120e4d98c6f278c91e2e996f8b8d3f068c3fb6eadb
62a9c720f6519cafa8f038e1ec136cec3aba87b1c8f14306113daa87a51707a5174a305390b7e82b7e39f884e80ff32b07ec4236855b2c87f99583fc
8a42c645c59f3e394c9df8c3faec83fc8a0270454535ac13d604f31c12c7a9db80cc45abc8b1e8541fb61941c2a2cd914acb61890872114d98be67a1
e941a1a9223045856ee601d3b3cd4af2c3a667079912c59e2e8731cf41424441f8cb61cc83a441016b1aa705a30705a30a575d8efaa7cf8b30cd5dde
a3e54bf3a3e0e251e13e1bfbd4113c2c81413a9e09539f56d11dc43c32498f0acf61a04f45018b0a1ddd83124e45132d87259c07259c4ad010151e0b
d18402f395e3f45a9399e9de773333c8efb239086454084d1c2460ac4e3b2c0f39603f1630ad8b45a30745a3ddfb6e79c84146a78b7f3fac22396eb6
932dcd71ff69f712a6768fef1fcc4937a57c8b0a9f4f123e0ac158908de52bbe9c9fcf92e52107b4eb01539f968720ff4ac024d23ade3f7d729c3a2f
a7b5eb48bb1230313aa7f1cb49994717c3729a2939778c533113cb69a6e424e32127eba8380dc358e4315d4e1322270911e5648e8a6118db49357b5a
3d79523a6acdd8993d87cc76c205a73cafa2b811a67591bb41143b619a9f990b846208989eaad3cc05b2816c8edf17159e3ba989a133715a9870526b
a170b7e5b498f3a498d33aaef3f03879ffe45e5d4e3fe1e7c1718af93d4faf1919082bb2ced37bcbfb378427cecb63a1a0413163cb6926e1e41d1b3e
2fbe63279ee95d99680a5278ace24598e6674600892e02a6b7f17cdd279ed45d2e44e5b246e0823e71970b51b9cc882335c514b766c1847711fe6ac2
d4ce0abe0bd2fbfd17b8e79f886164a4f88a7802150f6d56783889c3116aba7c25907362c2d6b1b82c97bb329746c7f7cad5b04698be67e2fb02f1bd
5b297599f846d8ac09d358fc3c22f5c38469b9ad4c401a88cd995ecb6595fd55b96c3ada57f3f71afb14df7cf9ba5c8ddb2bb475d914f3ea9c9f74ad
974da82fe67793d364b94c7c2313c39498eb7b560e2229c3662fb7a8f0d6cfe7b1d812f3b225e6859ce1333be88259997021d1da6efdd2657bafeb64
3b5168975fc00b37705782ea72994d47568609d3f42e1f1788faf6cda7de84f285576e97d3525478396f8e532fee757b6b1f8e53afea6571def5702c
62a92f6b0791cd61c2ba609efbc36d90e4fbf28d47d68709d33698bdbf5ececf47d02c3c1ceeb65d8e49c50e7751e4dcc552dfc614f7c414a5489f7a
db98f4865a71b77ee936777fff383d21e5dbc6a437118cf54bb7ed73e0ce37615db0cb30dc22f93a957b739f3bfb1452be4d60df444c4af8576efb76
dcc42e4a511f15c5b08b30cdc19cff0df67db792e8b6d4ff86a46fb7b2e7f6837be3c1dd953cafdcb64ab84b234c73b714f086c5e8aeeca351a1adbd
f118ef56f6dc7e8c6fa82377f92c95dbda82bb71eee2456f5b1edc60df77f92c45c51f18e72e6c765b1f790fc27ccccca2df83eb298c75db22e81e5c
173db8f7e17539d8a7b0d96d021b6e9c13a6b95b3988cc0ddb9ebc475600de4405f605ba6d93761315284b69b9cd332379c3cc2c9805f399202a4842
13f7930ce35824e1bd4dd4decf4d98d6dad2fb1bd2fb5d5961ca6d95ff0d89dd6e1fa2c7a69f0f18e3dd9a8bc784eb0383a13d09853c7efc1fde4d6b
2e1e3ffec8b330616bff1e3ffe8815153011e68fef1883afee4992b7c75a37a43d987aca4d30cf21b14f116f4f3a0d832a5d74c8933c4cd0c27b9278
e2f1c3ff642e8bd0cbe3abf9144e5d12b9c7d7efe1f5b302e229976137616a573dbdfab5d392f96a22faff54c3aa9d55fef0b49df927b52cbe6288f4
33619a9fad7b1ed0c9bbfd8e1e5fa3e7c0f6d97fc8217ca2c8710a853c7e8911a6677316c4f298167e4ece5dc7f3312ffa80dfdced23e4703b856eb9
0e0b541ed3bbcf5d08539fb6b77978fdac80786c128ab8f69bc3fb94c7fc26dd79772b27ecce5b104d7eaab575cc7cc510173e60424b8f05e608093f
616b0eaf4556ef8fdf1bff480bbf7667629cf768ba8ef66bd1d4cbd7d17a0d7b0247f1216c2ddb6bd1d4cb9b5b24be78cd72c22978c2d4a7f55908b7
3eb5fa9aa2c54f2faf59117bf19ae5a497b083d84485e7c02b687dc86b3a19d1cc03a6a3f6fa954324f309533bb3a32f5f40eb3cdefaa71dc729e2f4
b54efc6d9530cdc17aef2f2eb97517afd9d1b77f30b5b3a808f1c4274c73f70b8858e101133505d7e0556c84a94f8b8ade83ebd2dd4ed78c1ec4337a
ca82f97a220c78c07c44edb2f45e3b616a6789f2cbab5b7c062d2a8233f1b4cad0ba98507e797595922b2adc8e6cacf27b4585c70251d1ae4c5ce535
11fd9288b65bd26b1dd9fb54c2f4bda71b3608d37ada0c17c1bd264cf3b318e9254bad2c5b51e1fb00278d5d09b40aa23fafe241d8f7bdfa133a88e2
0cb62e2975b533731439cc7555a2e2348c4bb67421d551c4ea17454c79a8ea6f739f5091ed7267aa3f3de251e4522f6950b51374a513f42e3d49545c
863d8495054b1e4bfada697e4221f5c7475c2e4b51711bc63e8bdac970bec2573a60ebfa4585e740225ab98cebaf24c1c8a22b075ab5f37414b92e4d
6b56bcd6443d72678a0a7faf72ad9bbe57bdb59547b06b7e0a5010c59d301d89e6f9355e95aeb94b823dd3c7cfe3b26b98dd4bddd9e5d0f4ba87d239
bda12d92936514796b87a6d03d3d08be9d437e0654326c10a665393c3da8d576b94f4585a7073b41e7e1a93fa9d5ea8fc4865cabeaef34ec246cd772
9e3e2ea4e7e55a15151ee7c57126b5bb7c74496cc8edaada39bad2397a976b5554f8b84073bf4bc1527f8fdb3d9c5fd67abe1e0bf45c7b2b1ae7ebb1
900d574ed24079ea73233f2dd7aaa8380cbb085b73d88c0ab68d73d075b0037485bf73c074e43729b32a1da077e5800d14abbd852f74c096e4a93ac4
5edd48eb2b9c5cdd8c2636f2d3ca1e1c15c5305c15a5e9ad768eaef0859e30b5cb9e1fa5754a9e1b15af60708ede9513362abc9e4405caae12155e17
f2daf29d8a8ad330acb592bb558723ab74aa0e98e66e54b01115c8af2a2abc2e702bdbe5575537a3898d68428aa0a8f0ba747e4f68de0ed751c4def6
6c98bfd7f9bda23e87c7c93b2d854e5478eee4d115532c2a8427b62311a6b53edc277974e5e98a0aefd1c939b4fd9f88e1f8bfa7781636d5504f2f0d
798feee37bfa93173fd9b53497fbbc38d4aeadbf7c25882aa4efa9dbed29defc9e8fe8e3630175f98c2f255836ac10a6714a5d5e3718fbeff2c98a0a
8f9384c8d031dca597aaf4e3dee57715d48ab67ee7b5962ea8eebeba886539610b55ecbe9e3bafa7bca4a2c2ed280a5322a7a080343f3a4fef432fbc
9da72b9ca7ab8c2beaee9bbbf3e64abd14151e0a6fa7d44b51310c03f6193a857bf1d42bb761492faaa314574629dec7924cd5dd3770e70d54b6c5a8
70bbf6b5d31c1465288a9db02ed861185edc210cba777f8fecbdd45251e1b9f315975a2a2a743bf7c1351bea7378ee83db3e341619b954fa5c27052a
8d0aaf275ee38069ee0a8750e9741d308d45d10e2bfcafb724ffaaa8f0f760e592946ea7ee52914571234ce3bcfd3db0f0e9e763ed2b46a7eb241faa
a8f05ac3ea24c987aaeeaf8fe0fbc1569f4976ac51ac8089184e7e71d314984d58164c67376d5c1711bc4912b42816c08afa34619ef01a2739430565
af3583aff484a94fbfaa69e7ba88324826be53e2bae8cca7e4f925ee83a88624095a851ff534ebde05f3fc32fbd47d48d973c8ec53673e49821d459e
89ae71fac54d85ebd9b50fbe9ba9721f4419a4eab134aeb528d7d43c3fdccda4687951d10d1b84a9cfe6f5046f9f94e1a926dfbf04e976521cf69a86
bf37f8bd4dedc6308c7d0a5d3bea7c4590d08089914ba7bf77f27b7ae1d3e5765066a5cde7d3146fba188fdde7f3f2d9bd2ec234cedb73b839079fcf
db7dde5c33a1f274fbbce0f94b726caac94f5c7a38169fcfc7ed1e8ec567f0f1dee2f90b98ced2ebf57cd94e6730fbde2219cf840dc1aa61c0679bce
6056d08328721ff4f467b9c35684f59f30f529ad54a5d77892e6293864dd777a8d07ac0ad60cc37a4af31415a2a63228e5a414693527b74b6ca73398
7d6f33efed2eaa36678f25b34fe1d69cdd0eef6d927b525478ee786f93344f51310c03fedc459d3a207f142b6145b0c3308e73693c6a6e6e87f73629
ca5e7520eb28623da5b18a0aef03a2b72aa841fcd695ce2094a3993ed73d85c1a9eb78da83bdd2833dc9eda7da833d8a3761ebdae6c3533838059105
d9cf6d3ebe3e35ced3df9b4f630944f96fb470be3cf98b87c287d0b469beb911430bea8b9b7971930fe1e3d1f0e194734f54dc86e1d191734fcdafbf
07b554926a2d2a3c4ec8cc03b6fa2ca65be9c79ee4f81315cdb04e5811ec308c63d1e35fccfe1648c2e2d5db05d3252bfb075b3b51fce0d2213d4925
578b1fd5c2cb29b55b545c86713df58817b3aa0546274911f2a3c2df031b9be43014159e5fe63e548d457aa94a47f680695dcce2163eb84908d4ceea
b554ce5d08b4f8c12d20869342fe4585f7013aaba450c051e1b140989ea492abf648af85375031fda2c2dfe3a3aa9c0251d10dc3f714973f2afc3d08
da93746bb50cc340f0a6acf3590eaf0b58d524079e5afc18173eb8d967f0f43e40609eb21061397d96605b99b288cce2c7185ee613a671de3e135027
a7ec33e8c7b8f031ce123f95dbeb7273ee7ae0cbe37650272765298d0acf81773a8bbd2f8fe73005df553e4fd5bee551e450c48fd9b93c8ab82ad947
576ab08a28e413b68652652152e9789e94c5232a9a61ec53fc981dcfa3b8135605ab8675c2d4a7cc2ea3883767253f8b0a4bb4eace25135f559572a6
22ff5dc0845aabeccfa2c8a324d45afd4ed7c4a5166d5a4d4357f886a422914035cb5c21dc4e4568d7d1d9a38863ad5080b516af4bd908d31ce4331a
c5415817ec340cf393ef5275c4f72826c2f4bdea7581d42a298460ade6996b633b8919aadfe94ada5b7e4dd54ef0154eef13a6356b5e33a210e9ffa2
a2185609d3dc2ddda617bc13474485d7938fbf7483b50ecf9df4bc7c9e6a1d9ec3e09a891fab9684d583e3f49957eea928729c557337af5dc96b179f
7999a356bac727f9354585d7e5e45a4b0c56cd3f54f2da4572866a74064ff909d3fc2c22abe42d8a1410d5fc43255a5278c1a8f09987315caa3ebb26
35ead4f1c539d7506e2f19b199547cb53e3e4a909025a9f8a2c29f236b51454d5463ba4a4c27355eada65ee8399fa4c6abd5d44b25f522dfa4a8709f
141728df736da65ee81d9fe4b71415d9b046d82ed86318c7a2ebd0cc923418dc24f92d4545370cc7452104abbde3a3c835d3916f46598d28ab0a9537
ebe31a590b391945c569188e7cd5b16ec973489c83a8906674d632c7222aa499b269a46ce480545b71bbc276eddfac24e27fcd4dbf6e354563b40657
b764955cab9e7ee536e91568d5d327c762959c3de42b72584cc76cf5d9fdbdcee5d62bd08cb51ab196756bcd32fa46e2a6e98568c3c702560401539f
7267ab8dd8a7e91568266e1a250dd61dda0bbe361230cd47fbf2381140385947d6cc5cd09b3d29897c6d26441a09915674ec1faf35afae420c46858f
05afaef560cd57b791f1683ea2bebaf4584f4dd2dfeeeb49aff4a069d75a77397c45b1103604eb86b1cfee763af67de79ae9bcd8bb3c8a9c9f085e7b
90c7d9e31e492a600ff20a0ff229ab16c8c3840c3ef5e507101587612761ead2c235f884074c444337930e27f12909174827b0f30db7c6aafbc47758
80266b9ebae23e44113b2437a3da873f07778c2457a26a5fef28727a628fbae5679defada2f655fb814711abd93d07bfb71d9ae680a94fbfb7fd609f
a23fbb6f0a7dc4935c89a2c2cb797239855dbad5479d723745ed8b0a9f1692fa56117593fa1d9ae699d24a309f16cabd87b7dd8f63876a2929036654
783d61ff92e46654fbe3fd8355691a7a54bb697db88b4f98dabd9e3bb4d769ec6e771bf612b6e637acbd1ebc7d438fe3b04c6e50266795d450f8e04a
9fed24f7a4a810a683fb769551701d26e7070cbed310e2190aed10c58bb022d86318a7a0376e24f7c97773e88db31b7814b92c7ae3866fe6e0bba908
7c75582230284ab7fa68644f1d86e2c9eaa361711d5cbe032671f9b0b86e146ebb1ea3613660900d18c3edfef4c9718a9519d57387ea6c66f3122c1b
5608d3fccc220c480b02a6ef59743f20bacf72a0aea3f9b8200445b6fac87ee5153999262c0b761bf612a6f5345a1a53a8502db01ae610e8729e954c
b0dae53cdeed4498a6307c7211f62eff24fd1cc658f03e9f306d838513f0309f30f5696a1eaee2336089b6c15a35b88a4fd810ccdb7eb24fe9f49df7
298a1c8bb0aefdcaa3f810a625bbfc3d0815b3725b56a7c78b22c722ec69dff128f27b3ef2b7bf77f37b3ed6c66670239f0159340763acf1708f249d
1f165c0c680ab23c9aa2c2c7f3653b61ddc39a820358292bbc5d3d8c950e4820b2dc8fea61d3bb031288acdc55d5cee351c41ce47e540f6bf88e0d47
50db7e58380137f2d96c9dea63779750fee52dfd5b64e1f8bf470add60defc49531a47e2ec855b0f3302f0329f30cdd08cc001841630f7a9d37b40c7
90e5f0540f05b58822574648f990dd6f140fc2347df9dc45f1254c3b689de251384e9dd0c3fafea370ee42ca763b8f22e7ae137a980b388898ac5b3a
8c98e0491e3021dec388e9206252e6bc7a18311d444c0a6f570febfb8fce3513e23dcc211cd0f767eb880e63ad03563cd93aa2c3b28b83586bf7e9b5
85cf013a2b5b7f7458ae71c00639ef3ed9c65a07749801d3386dd107aff680f9d4db4ee040da84ac1076f550348c28ee84699ca7fb849b7bdec534db
cd3d8a07613a13c668c7c53e93f6fd729f37613ebbf71f186efceeb364fb8283986997dce63047022ff380e9113f8c7d8e977390ccf1b00e936ee759
31deaaddce2bddce03b6e6e06c7c51e4deea9c9db6253e89b57661bbd358eb849a2427719ba765aa27d424012b8225c30a614db06618cea09296d6d3
84d689609e01d31c6c6a74267e4f32c7d376097465cfcaa814159e03718f51e869dc7322d276c0344e0b21cecc3948947e5a084117f88065c16ec35e
c2b49ec63d270c86033604739fc43d491cec593d7784b5c856e79c96329c8deb2222f3b43d033ce503269c751abf9ce0c7b25536a7f1cb3985115549
a1ea69e2e61cfc9c4480a751c8395148951f58fcf66a0eaea64fa7d5a2e7c420f5cf046c84740e1e161f5c8b2dce831310823cadaf39a1afc9c987da
a685f4e1cfd61dd9873f8af85e16e3741af1c09d7fc2344e934b277237650586aba791cb4972c94a92d3ccdf0913e42c9fada8f045810e282b5e783d
ad033a6f8e45e4e76972e984db60c0d4ce66c6e7c3718afc3c9f3fed384e490ecfd7df23c292cf565454c33a61fa9ea59f274929459cae4e031a45ce
5d24e62577c3289e84adf5bc2c5eb926095415c32d7e5f06710ae2eb2fd32717e993acbb70257f8e3842ae5e51f118f612a6a198e1ba882314872e2a
4ec3d84e17e5321eb8e01a18302d8b192eb8f9074cccd86549e455d94ec7fab2b5f055393f1debcbf803e1014a174970197d20f5f38cf8b74ec46573
44860b08988669d2e542748d2c17b0a8d0cdbc885aac72ba4c82305c40b65ae9b26a0591030226147f598089c80113a6ed337982c80113a6ef198320
a1ec848d7fa3842ff3550c1910e753ab6d4ae322a55144315cb64864c880acc45551e1537871a8a2762f1b0b5f17b742fcd865dee9221562cdd265c5
ee45de495e6751e1e9c3582360da42cb53af8773d0ab7219195c0fdb490ae6b00051ec384dab4b7bf7d79b8486954eb7098d1bc691d94a27bbf74791
53d06364f7fe7a93d02862f19cbe378aec5397cceefd95eefd01d3382d08baa1bccd450adadb84c60d3b8e8075c1dce78e3e152dafdaf5bfde704b0e
d83aa1b791cf0d694f564aee6ad7ff7ae7af9dc669c9cc4d82414e67f5b684e5a684a5ca75e0b684e5a684c51aa9dbf61874efcfd648ddc606f0f49f
308dc5465674efcfd648d9bd3f8a95308dd398e226935375556e13213714b4d9de63b7dd116e8429cff610bb8d456e62116babeeeef51c5c4f5da3db
0697f7a448e2b4689896ccdc94be54ddb0db64c14db2a08ab2b94d16dc240b94ef2a2afcb99353d02d7296e82836c23405f32a3749862a23b2db369c
37b14b15ef70dba48b5108b21dcb6e6397fbe6b288afb8edb584800413a63e6f2f35fc2c73f555313981800413a62db2a2f526a9517d8d6ca779c35f
32375f15cb846ff231f6107b4c323c24191482af3e96be3ce4631482af3a0a4165148278fa37c1ba616ca7c7e351e2aa285e8455c11ec3384ed9323c
b6d34420838089cc7a6c0af6908f69e2471e0b851fd2284d57c5110aa28833d844823d4621cc001e30f56919ca93390791608f7d269ec276e2391e3b
3e3ec818647586a31754462fc88adc571dbda0327a41c034146b8e18bd202baa5f54b81d318f9dc71e631e2615cf761e7becc0f8744e41e4e063f9ed
435148d3117c8c4118d9209b267a4c6b3c6456bab0f56321ed43718722f7d5c76a2504479830b5b35a89d112b21dc41c2d218a388276107b0e6f3b45
215d74cf63ae8349ccb3a201d6c7d6650f94b3b90b5b3f46130fd184926bd5c7c4c44391869dc01eab951e1213469f8f15b0cfc37511d67544842872
0ea2f41f73160f05b1761e7bac9c7d60571130ed9f398be7659f12bdbc16d22270c28455c19a619db021d86118fb94c2f7b5b8e3a500b70bedbe3621
7b89421429302a4ec38026ba8c075e8b3b5ea2892e0ae5b5e6f64d9c8350eb6b76e5252ae83ad7af4db6192a210f89f85e5b8c22b77ad043eddf48e1
d77e572f85adf6397bed3dfdc2103c5b31f8da9ef425a33374235ed3362f05b14337c2811ba288d3645fb5d776a8c8023f615a51d3362f4c2eb21281
d5d7340a8333045fa51d341df222f859b6d2f0b530e4a5b07508f1bec6222fe990a11bf19a0e7929341da2519cfabd32704356deaea8f05828341d3e
d9966bbc946b58dbf85aaef15245646de37b789c2460ac6d74c087fa92cdb1b6f1359bf39e3c4da2d95f5b9ebf3014cb8a93581d28228a9c836f8405
aa0c0691ad89743088fa9248b1439a8341443113a6efd9b5fabd79966432f3debe2d608f663278c12ec36ec2b49e266e1828a25813e9401151fcfad4
58cc3abd0ffb9440dcc1202ae23b4cd8d767fb89b88962066c111bcd511d1a53d417a90ddb4f015ea2f81096174c844f14d9e72228a2a21ad600cbea
53daf086200e13a6b148b714c54a98fa94e16b4396fb8015f529216d635487a22089cd511da2c8f955b73b0ce37a56cd4f844ffb658eb36a2c227ca2
7802b6ce7554dc8671cd9ac652bc6685e3ec6a573ccec235ebdabfe2b9431b5ea46e8c0a8fb3729c43f3ab1e67e57a0ef529c14d1479ce86fa6cde23
68bc8b9cd5daaf792ce0b98a1cd2daafbb5d67bb45444785e7078aa9280b57fbc959348a37611a4bf7fc20152e72566b0ef91045f6b9abcfe1bd1d1c
a7cfbc8c621bc33a1465e86abfd36710aaeb22656354b81d704f9142b1fd2eb7439ea6a22c5c51e1f9c164ad48a1d87eb7efe6cd764563b97dff6eb6
abfadee376c4214aa7d57eaf61ef0753bbd767e2e5fcbaf6f6f59a41a63ad3a30be6b9bf9cbbcee066fcb21187c8212d2a4ec3d86e51146d93456914
7176952f2b2adc0ee66c45210d9b73de47b100b6a99d18a4283e84a95d72bbc4764b7611156e077f9822e55f5454c3303f398835877508a670234cf3
13a3d310a92160c2599bef2dc33314797a45c56118db2d2a332adcae7ded344e39a4451167495e6051e1f5845435605a1765406888d43061ea534adf
c6d00d65175eda7c6fb7ceb55e6f6adb86cf04efedbeb8a7e6b00e51ac84692cbeb788e230611acbe1f302e7f0a2e44f51310cc39aa54deb29a56fdb
4087cc44d20b767a6f416b1429ffa2c26381517a51e8c5e6b80d6dbbd8e7ae3918176cc405e91f6d24e2ff9ec6c54feac9dd2e7f12aa992217b1a8f0
346e4ec347f4f6346e2e8d9edcedf6d210c5241fdfc7cb0d8bd9a2a88d51d10dbb08d3381f8f93e847111da3c25bff729c7a7237a39fede538f5e4ee
46310c2351a46f8c8a6618c7d2dcee310ce8474ac5b61bfdec305a2fca29d5f6cded766ea18ee8ae18d051449f798955db6e526427292257afb667cf
01362745ae5e6d97cd49143177a9dda2c263218a5118c5a8f0f760981e308da51a56094b9a8351cc0ea148913b57db9bc74914a33c4e51e13e491a64
3d81bb42a637c6987012d8b61bfdec443f0ab118159edfd4ef54b957b55d06eb8de1278a524335879f88e2204cdb67ecb313fbc8d52b2a3c85c165a9
9a9e290a86a670c2d6b61feef3609f4ddf3bdce7c1adf511940c268adc5a517dfbe92378727e7a55f7d36381ff6dddd4a511d34e42445e606dbfbc2c
443ed927d7d86587b77d294b34d5f6db5380636e51c4c6a8f0f7c8cc4825d7f6c75b045d4f91a75773b48bc66817a5f8541b13ec2444a45a8b0ab79b
98a028625cfcf661211da2608e2dc9b3258a381165196b44c56918a790dc4e082b910e91a3575474c38024ca925a4585db914691ca2d2a92619930f5
297fde28e2a2481d1715ee33b1cf25b58a8addb04498be275fdf28727ea2275276bbcc7642bac9b44dca3c12a23592114fca5ceba5736bc98807f132
264ced8ad7acb05dd73e48b714451e9765aed11c24238a5c33d18ac9bc45222650c0c6e640188d81308a1cbda2c2eb42de4219a3a2c26b0d7dce4c1e
bc60c36b462c5185ac93b1448242a7c89b2b2afc3d6210e9ce5a320649c420d567d71824c1682d609afbe13e0fce21692ce6571894a348071615de07
487163db35f7d37d1285c863aba5cb63210a910e2c2a7c8f88421425b1a5db6b4622a40a2327a31006e528f2d86ac9844622a121855554b81d090d45
428c0a9fcf97eb299a36bd9ec3cbef89cfc9262632bce38a5ca4a2a219c639087d66e3904c7988dca79a037644116badb45051a1b5cef0ed2f0a3f18
15c9b04cd89a7b4eee1349608bc2083607de6888b331611aa7a2554611e36c49df332ec890b7162989a2c2e3a47c4261049b0368449163d1de66e984
a3d809d3ba54af19e4a68126fe2d8c44fcff71d3974df5498b28187b23605a36f90345115bdf84b672f7343a5c8c840d72f72c88459a4f8cb1482616
917355cbc343a1a441ce5551210cc3d81b8108d5e7e1efc11da84817d4b269863c199b18a63e27816b145f36d3c69b9cc8bcf05d082d9fde08a4a228
52f7448557fa623bbdc5d9173e5378d1f570660b2f323992be84dbcd813ea2c83e85601ccca3650a32a5b669d9c28b4cee41ea97e6801d51e45844ba
155f6a06ec285d1c42918148144fc2d61c8a6ce4a30864d7bb61b761fc9ee8acb2fb7b146476211107ec8822fb141271508ec6a01c456a9456148dba
31284791075573508ec6a01c4501f8a262187610a6b1148f138a92a2244e51e1758111489132242a74261894a328c1535424c3384e3d560eca1145ec
bbbcaba2c273276721efaaa8380cc35a4b19d28a6f6d812ab628a85f73c08e28e21a0d71a90ed8d118b0a3c8f52a2a3c160a2fe47a15d84b67bec0c3
af28725f2b87f781c24325866ae5f4bacc77b959065f2c672827b7cfc7d3e43c63791405f58b0a61907271c97c747d350bdf6205ee8b0a6f1fafe610
d7512c572c7c8b873056b9fdbd87ed7ce41fb783a77a51cea8e6a01c519cc7acfec45a1493fa88cf31611a8b497dc4e79830f7e9eb87ebeeb496adca
28a33128c70c2e2dd863d84bd8da87ea77ba426f3163500b7619760326daadeeee73679f3af2d5ef346270cc64a63fc13c4e185e046c176c187610b6
f6dd8137a25808d3f78c0aea4405a3ea3654d98f4791cb2992af9a9caf855b248c5cad6240088e808925a97efa2b304155eeaa561566278acf1c8a2e
5835355f1b672e445ead45a88d33172277688dc6d01a01d3f4badb75b6d32daabed088a431615a4d53fa0cad11b075caeaf04a0faeb4a49fd5943ea2
6c044c3441359240248d09d3724a63da1822a3ca09ac394446ab9046566b571c22238a8d30cdc10f7885e956c074222e6f11b0441c737dcfd47c8525
78b5e6a51a8354609080a9cfdb6b0dede68caf2c98d71a18a45af3522d1a44688b09d37a1a13d497f39348caf12c1ae35954b980b526ebcf2826c28a
60c5b04a5813ac19369ddc9a181987ba68885e11cd74e29b950f6de3520bff3713ec0c6751ad9469cadf14452ea744594dd65951e436fc630889f8ff
eda6c03d4a43d51cd1228a9cbdc89726db8a28721ac2f3cd64419b42c52afbacf8edc586636e559cc0a8b80cc3e6cacf2b2a74b01bf25e044cede47c
1b451ca65daac1661c82e01513a6e9992a68901bd65d07ad5924c0681655be5cad59ddd8603e115cb8be6764d0880ce4af1515de5d78d156f96b4585
e7303877e14f47ba88114fffefe68d3767df609f35030c0be6430862beee926f3a404663808caac45651e1e99d5c4e715ccdb8a0216af48c222c984f
04efbb3544cd1443bbd94edc74bbdd0ec47cdd7dcaac4268a018aadcc35a3331df5ece4184707b7d7211c6ab2ada5f5478a9a1899c01703f58970d56
143b614db0c3306c7bdadc4ef3eb08855b1509302a9a61134f5429abba89823e89826a9ebf9b0540848d99005c5f332a40848d09eb827924a425e454
d6ba690984dc98b05db06258254c33302d81981b55d15b5a3757d1338729f166378ae8a417ac37ea16f1758803aaf53f0ee311c5363fa72bdb2dfdeb
857b570cf3cc2b6727b4d36dadd02119ac72456bdd2a89de3873215d87ff8822a7a077bfcbfaaaf5ce7692cbf7ee1d228a5014c0a8d075ee44114954
b04383348606a9c98765f87b90fe557980b56ec69d213eaabcbca2c2eb423c202faf405f5e17d204f2f26adddc418716b25aa5d4e5301fc54c98d6ec
f2f6c152aa66317efdf281bf38169feadb47098ef65559bba2c27ddeecd3a75af69d8da1416624d9057bbc9e7067ad5645f5c7a71a0a84aac882ad3f
5e6bd87e56aba2baf14e8764b05a15d54d83208248c07c3e2d60e8b0a2aad637f5d773204eb2bea95b2bc17023555e65cde1461ac38d5485246c0e37
12c59bb02c98f6766c5c33e1ea61a1c520f1625dd490f77e14d9a768568729698c4512b0755e862d27c6ceb9ebcc0fab3c47e239d3991fd64a301649
957b58732c9228a24f2b9c862591831c8e420b4685e700f3f15a845f46f1dc0bdbed1aa7710f638a042c09761a3643be99551996672082c86ca6e534
e53220c0acca10d686d1d2205a2a62e086359e0cff511521b00dab350729172b8e862997d139051ddd61830bc606a9ca1016c489c732d84e5cda30ab
320e2e9948826151e338d8ce47e9f8d3ee264c5b6bc503427a044ceccfb001c4b8f83d1fa5cbc78ca8a78cf46f74f030853260c3194db56c565f0ed8
70d6ea9366cc34606355e53f1515de5e184054eb95866dac06b1962201b6a1ecb651649fe29c86a9970167fa2a1fa9a8f01c8829ace739acbf3c60e4
50ab6c310f7332c78f7d0a831ec614079c50aa7540878285378600a9d6f31cd66d1ed05954f94145c569d84dd85aebc3369c07e91ef94135c7078922
dbe9881ed66d1ec422d6011dc9ed48dbc8a129a8667f8f984299b2a2c2eb4202c63aa0c3b65947e1f7c4371d66728ec2efc930e4301639ead76e5d41
07eb88228eaf9c8fa2e2320c7bab3079edb0c2e2808f5b5598bc76988239a660a4fd3c7563910352d1197b71c12c0c39880d9a1ef143cef4ed200123
dfa37698c73910b1af5a757498c761cc8d80699836bf3ac8c8341f410b35183b63c66c5c30638a03a6dec185ab9d8d1c104663c2b46416781c147898
7b3fcce41c179753d8fc300173dcfc9e1ee3e3f6f748a4586f7458457950a8d16452795845791015283b5554b8cf8773f0117c3c87877b2411ed6122
e52003a4ec54ed78dd2745a6562a1d26440e12224dd8d5f138a2c871eaa13ecd389d13d334c58f8fdf9741586af92c051baa9b7212bb7461c8d396de
27e91045fa8b0af7490cd2853d4f63909374881555a7b1c4492ca1d8f951910d03d6b512cb21371a226c4c98dad92afba424447e49ed344f72c25aa1
ca2f29d86c2f192ca803a676b6a03e2be7272c78da4af36c9c83f81c87ce8822c729defd6c5eb3c63e450f3a744614d94e3cd069a2e1a45c54fe45cd
7135a2c8f9e9789ed65d22aec684692cc3f3232a907f5154b8cf83f393ddd26979c74962a3cb2af4b4f2e49c169c4d515fe2b7bba458d4fab4f3f411
3c394c49a44eb34727d923b92cb553deae51c4d487bf67f6e8240691e35154f8b890d0b03eedbc7d048941861efed36c0e62656c550e4451e1f93dec
53448183674491631151703e9edf648f5af2e78c78ce874311c7751af19c94c20ec9114e1b6822fcc684692896ca9ce48e866889d3dcd14909ed10a7
7629a46914d94e37e5920f7e14713a9577ab5df27e8b62214ced2c95b98841e493d42ed31917c5b0d6a75dbbbf474ec6fab44b7ef68dc13aaaf5690e
d6d118ac6306e75b30cb592fd2198a641815dada0bca93263fa0a8b80d7b0013877ed9168a4137a6bbccbf91c28ec9d11082239aeaedbf8c7c2e6859
9bdd7daee67650bc4cc71ac13c8dce3e752c1c5ca35da0279add762ed31317e889f6f3f69a9eb80697464cf36573a8ebe03885082f238a0b5cc9f46e
11ec34ec26cc7d7aee27c729f37847d68822e727247959057b9d1ca78f854da5ae6906de2c43ba2c7f416c8ed94c302398ebe2b2e8e9bf4ca2203647
4b224c2f3339d7fd35d3484ca15c3747a9d7fd328582f01b13a67616a35c1095b44d0cd0f57a2830946a8a1fd86e331d88a331766dfa6d692ac268cc
666ba16feb586f482e9ac20eb6db261508953161eb90dd56addcf0ff6af6cb71ec8c28e2e02a315573ec8c28727a3ab8b72906c6c70898fab45ee54e
6ca797ff365f71672e8bd8f0bb787e9070b64d38ebb612e406efd0361dc0dbd404636734ab876e8b19181fa36d4d73f08546a88c80e924ddf6f940a8
8c09d3ba587972f7af9dfab4d9c4ddd94ef8cc3130a2c875d151ba2d66b8112d27780ecdc192d19b97ddcaa1db0a929b97dd3e3bb72da16e500ccde6
4ef7e17d80b94553a2a876fbe967a08bb6ebb9bdcd20309845b372e8b689f40d0d4953a2a8e64017511c84b94f9f3390056df739b3b9d37db34fbd8d
0e74d118e8a25971745bfa793f9cbb989cdbb68ff7c3f51485795bfa79f34a2b8b54bbcd3cdc601e02a63e7ddd1904a3d9efc84130a2c8f59498e831
87f0f0beef32aa73108c28728f44613ed6913c3bcf4b372c1bc63513a5f8f8be3fbcefbbcee7630e01312f264c7d9a0b7810f3a65973f458e2f88043
680a2c1815fe1e9c2c02b6d6ecb1b203012a02265cf758aac8a814cd3aa0c7b8e0a9ec530ff1635cf0f0014f7a881fcb0a1e241d0b3e5bed7cdf9fc6
76c2678feffb034d48b332e7b155c5d3391631da4ff7587a234c7dfabe3fbcefca13d51cb1228ad8a3e4b3644dc8034d48b336c751291aa252d4cd5b
649eff819562b3a2e7f1957ee6dbfac7fee1b11dc3332fe91ff387c742bc673e917f2c1c1edb0f3f9324fe63e0f058bcf7bcf896c4278e0f11c513a0
d5e16b22189122ea26bce2e8100dd121aa7227c6efd3200c5ebbfdfa25456c8800ad43f29a857ea7e4be2a7162fc3e0c9a2a4be5468cdf3a062f22fa
fbe57a938791794244cbbca67e11fba129327f73e88728f2d0895e719086c6200dcdaab2d717e725613c5565ff44fcbebe3b08cbb035c5528c0a77cb
77d49a34c769688cd3d0b2dea0d77707211b264cd3f0dd79f98e5a5bf65a94ff822b6f76dc729c86f682bb6e76ce7aed03f9425cdfb20f84c5f52fcc
0f5bf6b61ffedec13ea556702c86283e84690e268c118be1cfbd7a6db5f8f219b542cce116a27812a67626705f12b8566cbd5630be7c46add87aedc7
f8c234b16509a21c6ea131dc4253bcc4e6700b51e4f444a33ba4421439169141afd9e4176c72b3d2ebf513cb900acd0e58af59e197cfa8e22546c56d
d84bd8b745fda7ab1e45a0c5b28e67ff896c8ee24b585b3029eea288b596975554dc86b1dda63e45367744509830f5a94030519c021751e2fd2754d0
7f7c458b61e2843b82244c585930b9314671234c53179ee8089210b0a43eb3970539049ad270f55ff6b2f0f5957756549c86618be481d51dfda0fff8
8a4a9116156e57715ce42dd57fcd4b0db3a2a60085dd510ca2b813a6b1746f035fc3b28e6e5478ee83736f6a2776368a1ce73a9efd777a8be0c1d3e4
111515dd30aed9d0f72eafe7c5e332b42e97d7e5e6587c3c6fc320886ad54750d7a833aa4053c4c0a8f0f7e6ada9f2e5eb0e0ed0191ca029f5557770
80286e840dc1926138b94a7d1515cdb04e5812ec34ec22ac08761bf6cc612efaa86f92484711274959b1a242abb2c15ea729066154b84bf297d293f5
2d790a8829d0e42b15158761fc5e519fc9dfe34d91af54df8aa75e38f5aa3e65a81b45ecc23250e89b2f0aa20b44331dce4df15da3c8956e9a4233ac
71d37538373d999d21059ad4647d6b5ecef964560500ed5bf7aaf4af9966d03d4c729732b6eadbf05006dbe9dc6e92394711d36b3fad98545351dc09
d3f7c45d46112badd07e7d3b3c9693ed8456b7d3ed78f79a0fe765d8c53e777dcff77283827b9a7e2ed8edcbc0e7ad25cdfdf658f8bc494dd6ed8a1f
458e53786e7b3c160a7e14862f2abc662fdbf9b8bcdea3f9d265a3557be9479153d7d6eea271a3b84f424233d8c52346310e444a8beeecf6c3eff4c3
6fd2bbf55d2aea4e3ffcd69628b7efbbbf369fb926d3b5f89d0de25a2ea948b71b7e871bbe199af8ed41f252b66e982ee50e47d96920ba60d9a3cc5c
e6154c272adc67e6d6e9d8ee32b48d2286d97f9a9d6fec4e1a78aac8fe8506ee7b75b7941d2b8f56540cc3b0a08afa17151e2ae96369d0faeecbbe93
3e961b58b7037fa7037fc0d609dcbbc742de529ab76e2ffd2872fac2abf6c48f22bf275cbd2b0e4814818f7b563bd1c07d270dac68817df76bbaf335
ed45733fbdbd94d676dd86fd729f941729e157b74b7d14bf3e35cecbeb32394f873ceafbed6db8b90d22327619c97738c94f9896f3f11651b4d385c7
f7d7c37c39cca629f8d6d2a3bec9cb2d2adc275fe8aecb926434dbe1253f61eb64278976a2c8ef2d3d745464c3ca9cfad2a9767bcd471108a42fff87
a8d06b9a28f5e9c2ff4951bea2886591735c4fc9ed6005dfe400d7932c443a9cdd274ced4c9326beb472808b0a4f9d1757e9c57a92735c14310729ec
a2e2340cbb2e549daa8739c94ec765ea49e66251c4cca5938b0acf9c8a99214c97a49889fb81c75b7ab7a8688675c2ba601e253c629a5ce3ba7ddf7b
42848c269d5c5478c548c92a866054789c94f90c3d0df6618f22e757b50bf2618f22774f0f403add6e3eba45396ee2b7a77eb29961beb289fca75479
51e10348fe73f8bc5fdea18b9bde35753fd00906ae6df82ef83e276a5fe41ad7930967bab03725338b8a6a18b76868ea8fb70877bd4b75d8edc21ec5
4698fa7c3dbff94217b953c46f9f699887f4df1f98971368a02b8260cfd2d2467110b686998d06f2c6a1881682bbfb2a9e8435c1f43d38ba6f5d9e71
3dfbfdce934b75669cf8ed2e77762976309b18cf605b27b3ba60c9c3848f4d97875b5454c338053d1ad9ec2e9de9bb020ff69c3c05a08f2ecfb8a868
8675c23416a3965c38ceaa76b2ac8f62254cdf2b9e5f65bba639547faff27b4ddff3030dcff680756d83c971bab677e90da3c27d4e0452a44389dfc2
1119dcee64e6164cf2ab2856c2d4a5df6e7ac477a5328b0a4f0f96235da9cc7af6bb9e21bfea9b4fa782a17778b9076cd7f6f9cdcf106075799cf56c
2491f1ae77095ea3c2ed40a9f7cdc7ecf2b6c30a3ec82b6ddfed930beeba4b6f18155e4ee87afae663662a3e3f5c4fe15cbbc447916b269c9b5fb77b
095bcaf06eb7f74ed7f66ee459cc0a978d6bbd44b351510ce3fe099915bfde05af77976e302a4ec36ec216522abed10536195d09c27a917579140fc2
3407f9c3f402dbcf3e1dc7fe890c2ebe9d05ea9ec94d2c981ffec29bbbeb712fd9d3807a37a8600d4766a3bd4018d51526302a0ec3d84e08ad581845
8ff9c97b2c58f5724364dd8ded8a055570900f988e5aa99e5f639fc268c5e47a695c3661ad62debc348e5358ab348f13d6e75daac3a8f0910173dea5
1eecc5cc79196ca7e7bd181d94c1ed95d0acf8ca97c13ec5df95c3c7f7609f3ebe66cecbc139e80d2f728eebf0ac9f30cde174bb8b67425c5c313a28
bcf2ca491615de5b38c775a90e7bb9fd3d64490998da49661dc593309db3dbfb07815a4f3e9fa60b0ae882a079b5d6a60be84e1f30adcbebabf4b29d
cf99e97cbacc77a90e7b35aaa83ff6a997b3faf1af905977a90ea3427d56a211c50f8c8add30dcb1a4735665be15c5415811ec34ec26ac0ba6f35911
2ea74bad1815c9b04a5816ec308cfb57353fa318bae177c50f8c8adb30ae99645cd5c2ee9ad9a750682d9e7be17a8aebaf521977b8d66f4153690e66
dde94f1fb02698e70783d3aed88251e13d025bdfa5be8a0aaf194c44ba9cbda2c2e384ca78926c0b66ca00bef501d3b35abbd78ccfbf9cb6a2c2f3e3
139f7d962ca8ab07db495c6ac7f828727e6249eae17de0f3afb45dbd9e9e032c4003a63e4f9fb3937390a0df4ef351c4339eabbea77c27bd92345020
c05e2f9f79c4e1ecd251f57a7b2c37dbf92cdd9e1f047c5dfaab6ea7f94ea7f9ae2081bd3e3e13c413caf71515ee937822fb7c3e3ef3b02f9f44dc82
996ca8536c60cba06e3ffc4e3ffc49e009e6257b394cbdf04d1e2a1d6ef75b973f57549c865d84ed82e94834645a0ad89a42f3756f88a2d7adda6a0a
a413c54e5815ec30ec266c08e63ec924c80f2c2a76c312619a9ffcd5a258096b8275c30ec2f43d0b15e1ac1f3071f6cd28841efa5d4e6251e1394079
1ec4c72698e7001fb86e016d331902affbad2b82606fb22a8d22dbe93a343310f0ba9f30cda1b95de3ba4824d52c9d80477ec074e49b7c6ca3f84cdb
00bd70cd9446234f52741beca11fc546983ed7fdb9fe7d4ec334566ac44a56a5350b2e1a9992221ea80d6fdfe0d44515345321ede0384515d87d3f8a
1ca7b8f776789c304e9b0feb829961a1fb7ec0d4e7e9b91363c9b12c2a3c3f62ac1978f09f88e16684d688d0ac866b46688d08cdeab4666d61835d5b
b73aad99d76937a7e81b6184d66e0ed527dbbc4e23af239fb4a8f0f41f4edfa7fef5b2c173b7cbef2c2abc15709809988e8589a246a2c8bab666a2a8
11a3553d1edd4451ff719c2244ba55909d121125e7eaddd8aeff38773d1e8e261045ae996e8bc30944f1216c1d8b6efea9136b553d02dd1a0d840108
9878b29efcbdc4b9ebf87613373d719c22521c18208a382f4a961515ee13dafa2e5fb6a8d011edc44cf2658b8a6218ae609324d6deffbd53b4d184b1
bb125d777aff070ed7589ae74e46c7dab66e4d7e875ea2cb29ad77a3984e14a3a45751310cc31eb5acb5368ae9908d766be2ba75161db2d16e4d5c1f
5e3312454dc48d2303c4e7d8a7cfa089a24e34d244f03a3240ef27d74ca2a26ea2a8930952d491a8e886712c3e67a7c74206c99ab37e797e10aa064c
fb67cd26a3067445418c0adf07e217abd5ba85aa08201030c91a1c35208adc2389a6faedbd2563d57cae4d30f5e7eb5367c9f8a523247157d4c5ee88
02517c09d3de9a2aeaa48a94812b2a3c16ca60ac6f1bc62103260e5d19b8a2221956091b8275c370c7ba70f2307e19c42f5d38d9deff9ddeff71b537
c1845f06a929856b8c8add30ec6d17de1da6b4e8fddfe50517157ffae458246818169d0e5245cab215156e47e18cbce0babdffa308dcd3855b8755ad
831493bce0a2c26b06efffae0c5c51d10c032eb0926b982a82b7ff84a99da92278fb076cb8dd6dd84398c6627dcea070466e6951e17d27c524b7b4a8
f0bac0a9771e8d05ebde5bd8e5776bb98645b583384b6e697d74f749c1cdf0191c1e27492685798c0a7f8ff86cf80c5ad73328ab1d620e8765b50c29
10bbad75393c4e38ef74f990f561266f90c95398c7c0991e2765bcc367d03aa2415ca77c587d18d70d9253d6730d33800306c55d2120fbb0c067c06a
388b1876a88140dcd36a38fb74de1e09a5bfc3a7dad25f04160898d8cd61bb2b4613e8caa215156ef77067c56e0eab8307554456810d534be3659f22
a21d85a033d2405704c8ee480351e46a4aad7bc8e6388aec53a7fab0aee7006513a86f8df390a57f6754808065c1aa6183b02ed869d805d8a6715a6c
c3880101fbb7e8c1f1ffdd4d139b36c19a611c8e2ec4913c1cb072434120a3425b78640e4717e23042639082a1009151e165cbec5344ca6149d101fb
90a1888d51e17685cb9dddee328c7d4aca725812cd000601d3dcabb7be729c22a20f2342063718d6751dcde36c1f4c73371186800513a63ecd1e3282
c1b01eecb0e1c8d1b947b29038acbc667483611d99a31b744637183f5d9763f8f84e64d7add73e2cb43a06975a37e918fedce072ea261d66f38e83d3
93b0f9303e430c8409d3b2186731f041bcf21aa68556c7c9e5143d7f9c5ece93df9304e630edc6a0084379bbba83224471234cdb605dd7011b962117
c07e18a33160c2b04eee50e4b78ef80801f3ed3446437c8409d3dc6de0723c6c27e1f6f1b81dfc8f877c00a3c2c7f3e558748d4ed34b27e8a5617ddd
697ae94424a5213fbf7e1aa33182411050bb603a4ae7ceb188b6394d2f9d3bc7a2eb705a457dee9c9faec369ac75221eec504eafee080651c4be6f3a
f2a7ed454fa29eadba9dd6eccc6c279ef2b414e9247ab1a4efb4f9d95938079dcfd3aae693a860136d731a159c10360fe5e6ea67fdd3ee216c9dc1d3
5224043a98b02158310c6750811ea3c27b0b3e2e601a8bed5f4e84521a56e4392a42147126769db3d328e484fdcbb0b2eeb46e1b4110264cf3331fc7
c80701d3fc6cc98d0806b98bcd396d308aa00459c1c2bb830d74041bc826224f4b93115a20409a9befde39a9893cbc05be7a8826904d419ebe79e7c3
56abc3cb17e19a4f7b5648eff89d0daa005581f4ad6bea63b28276c7efc3a013a02ed063d03b41e2af2f3fcdd77c9a9df6347e1783300c518097e5af
171fdf5d94dce5c7f7e2e36bb5e5e5db41cffd21afc6a8b80de3c992ccf32a5e2c843f1c8a971215d5309e3abd24976dc32e3ebebbc4fc97d53b5765
3b71d7972d332f78fd051fa63934ef0eccb003a63e6df87141c83a9230fb65f5ce05cbb161d5e465e908ddfd8732a64585d705aade61b5e56555efc5
573449526377ff285e84a99d05a9f0ee0f986ee3e557f4025730acd2bc2c59b8209d0c4643dfb3f4e002bd1d30cdcff700feef01139d7ed92efa7a39
3f112c97a500d7cb763a2fb739fdfbc77692b8dc8ae5d7e1373f616ae78b77434d1af7e4275833ec204ced7c536eb8ebcdf087ff44fedee6a1efc943
57ebd96eb3d0f7244c1dffb0dbb33d8a38834914cb6df5e3cd1721892ab96da60067f5095beb79fb45b879aead0abd8df5e9a13ee4c917159e3b8943
a5528b0aaf35b17ed66b719b13be491c66d9b1dd3661b879ae15db322adc27627d0fa5598b8ac3b0e7bf1b3b931d6b72220aeffb297ac39a9b93ed58
23d801126f90832db1a06935f0fe84232acf57422cfe4549be3e65a7c7700c8e7062aa13e3c17366ff441ff16c6fe1c83eb1224c7be5b9b29da2900f
0682f46c774cdf83cb7beefc9e38dc070ddd13efaf1ba6d00791f6990a7fbcf5dac319f42403a8e7d2dac3167ba6745bbfd5c8f9f4e4eedb453d1ff4
734fcf568a7a3e18349f9ebdd31537fcda5bfab53ba63a91769ff155a75619fafff079f7de69a0b9f4982eef26ffbf86cbbb27f7c4aab002960b4246
d2ced5aafec9664a48ee6cf69eeca602627ac6011604f2d066c055de934b62266c078bb6e01bd821123d255d0ca19d5b8f3dd94d9cfc3a926edfb22d
62073af7aac2a37e62ea1f6683f0a8af989c3b54a787e6ceb09176ceda1e17220ddfc00edde9475429b2d3b92bd9f3183e36cd1ec7703fb27762d43a
26d21e66503bb4bd3a32704fc65731363da382659d62fa7bf956e795d8bb707ba55cb5c4542732704f191877c30e99eb7944e36ed8396ac3d7de316d
94ae801aad9f399c3a523acab97e669d12083acab970be9f98c69363b8e7318c2b624739d7af5c9dcc11826ebfb24e760a0ab87ee54ad2d1d03158f6
b8a56d0abee919f42f8c06a6c7d93c837149a1144367c728d9c38dca3074120bc0935b621a6b88524f8115e7c08e0a2e02034c4ce5304af6301a5811
7b32a02e238c8b86c112afff165efe8e49713e1456cf93d916ad9781c03a2663ee5c862008c808fdbee13738b87f399280946fe568ca9a4326ce656c
d499b26c11cd1dc8b263cbae6b990dec0263cb2e48ee1cd80546cab978070e6e4b6414022b5a66039be44819181be880cb1f7151cb31f5819b141986
c014b3d3330eb0e8bbde6d6b03ce654c59b6c0ec114aa0452801628efb6f7a3ef562841c6f036135e206948df182e38eb0010ebd2b7ac0608c643070
441c301823d4f0a6389f9ed1c0e6ee5ae8191b765c5fc534ab68a6466aa6f47a5c231c8027efc4f439bcab4658151d53176ec624ac8356a5e4c4e5bf
a5cbbf29cc671b6cd8911aa6eac4f88718e0c1eda791cc825eb8f00c662f3ca50cffc681a16f8ceca2f8a40127915eff565fc394e1f53f75db899517
d3e96d9f5424e9453afbac944bf5777d379f7db4f93c99dd7f43794f0d32d89e98ea9414ed49efdf612f5f6678f65b7af69b6cb89e3184a584ada0a3
f6d9a9324ff6fa9278cf686059a7695874b27b729d4da92a76d094e3ab983ea7eb009e8c45a1c7f13ce304bb1353f70a5d08939c29e8a87d1a5d082f
08c79ab01b2cc8405b35d2bacf689f3c69dba63a4f6636f75fdb340b27339b276ddbd4878befc5d3e226f746cfa00fb991648af58c156c4b4cd37733
0d799ab65de32921da93f9bd43fd7be8c393e372a89d0f75e6492bd7478b08016f32fb5ed4f7cedce669dad80d83559dc2b7fc1b3d8379cfd354fe8d
9e419db933e5df684419b08c32604d3b8548029691044cfe8d9ea1b5b42c5fe5deb5b42c945bb29c817d2b97e3a9b54b2881a9f39e98f4769eb18395
c4d40785bcf2e49d98eadc684bf2f132ef7a86e67609e7479313a367f0bd548cd9aa72bac6e3c91008b51d1631dd53ad1dc5360de7413353f7a5e8a1
4608024f6617367dee6058522f260f47cf2860d9bd5ddfab0c756a861559d41631d69e9c770f757bd996c68a48be5a46615b1a3d8f90b88ea9eb46d7
2d47aca89c310bc98f2b20a967d09433675d2b7e113feec9e9c52e2d80119dc093596555cfcf6f55c604316017bd8bfbd026c3af673098c98d1b7be1
6282921b37f6c2432b27493099c3fd37731037714c36615b1e0633257db9377ac601e6ad5a3da501ebd4398d3e13539d8366ce83d6312de955ef694c
9344602fcbe31907584dac083bc1eec454e7429d4bd62932be8a19f7e493d8214c6b7a9dc622c77695633baf6b967bf91a5bf5ca8f27b39c48eecae1
bd6e39662fe3e2191758f64173b4eed4b9e778be8c8bad3b7dd8735c8abeb7332e7bd6296e618544441c03c744aad783313bf27b626a5668c43a69c4
c454a70cd79ecc71a9ea0334629d17761cd3d25da53b9f0afcc434ef12da3d7925a6ef15be370d57b68ba9590bddab39ed626a0886e0c91c322debb5
52e5243beb47c6545b1bd3d0d6c434d48d69684f62aab3d1758ba19631d53376b02331fb2136d8ffffa168eca485dd72d2d4339baac3613d69ce95cd
d9d4c58b99bf4a62aaf3e27b779613255f250558844d9898ba7f7f2b97432a0665d5fd414f2e8969a53dac8ae74e4cc3dd29d7b37f22c96b6727f52c
27ba4b90058b980a13d3f76042d6917da8eac3a00f49b516adde0daab57db24e11de0d06658b30bbd2384d730dd05795efea8d800c6f3236e022fe64
83686d4b4d8c7237580cb542b8dab652e77a24a666aeb465dafd26a63a57ea4c62a787b5a79947d8b624b609dbc1f27b8bbe87a812b11f26f60e3541
1d2c823a38b6aa1ce248c4779898c60582b61db1e315fad508f8302d4589a91cb2ca76649daf36d13608da56b24ef1f21b8ccd36191bc7c4851029c2
9323b1771b6d523d78724f4c6da92c971ac455c64ecfb8c072cc0a756a4b6f2de741847e4336da5a6ce955db616b8c67cbef693b1062c293b99624bd
6ec6bc27d55a45e8092361db996d9118bac1126d679633d579312e576ce98db50bdfb35d3531f5fde27b574f4cdfbb69e79d752e9abf9bb6dc2531b5
e5662d3d41eab655730b2fb53d47621ab387b63c57629a8787b5347dc44c31e46c8397da7a764f147943dcda9297d2cb80463c08db922ac9466a3b62
d3fec9ae8b7aeeba23e8c933b126ec06cb3ac54fec3271d89ea46713cfb02336edcb9dd826ac83659deafbae3050b627599252cd330a589d43a65d4b
1c09db932a6dd291ec7211b33da9d2d654e546955b76417cc10e0bb627559219741af084ed5b62aa1305cabec72edac533ec328d38cfbd24a67250a5
fd886191a9d3f6c2b094983e992c3d833e943331d509dfb327e551f0d1698a13564b621a4f44b10837e19828dd8ebcb5b73d31d50975897013a5322c
285ef6c912155dc737c24fd83e494941054484094fce9bbb6879f693f64f42c2cb32fe9b0aafa85042c50eedd8a78eb3e826beffa68557b4907144e3
12f1228a625bd90ecfb24f5ae090be05cb1291247ca444f7f787919acad0825a6847ceda7bb45eccd3ded9aa934a9476a8946e167bb205a46ff56f15
8e80d4c441134754a813661f0cc788e1104f75c860eac968bcce90033ee6f8c4f86adf13a5c293d10c9d2007625904a970e8c74204dbb150e912958a
db3a7467c99357406fb70fc4b2638b4933b51292706c318e12808941e1c9f92d7bef441b21283c5902da05516acf526a0692d53125ab221700ff4d33
264b5214e7ca7f53e111156a751fd08963d28962ef8d1dff4d0ba7a0547425cc0e789023cc1fbae1efbf2955831eef4cb5ee7478b227a6516c946b59
4e1cf221ef8669754c4ce56408f5644d4c9d83958868128e89581f27c375463999db3d83f1ba96c4d43fd9473c7924d684d1ce2bda79303db01247b2
1207f3032b71dc59a7547807d2cf7107419699de083de1c92d31d5f9d0966425e4afec19a276478f7151bc5d3b50dd1e7d4f4cfba33366c96770a01e
8379989a5ae74ede692872749a46dc0969d60b9a973237fba1f7d1acc02c44b88803234691af8127cf80de1d4714084fc659aab0bf9e7181c5f9ac08
a99ea121295b0e89b8ea8286b56c6762ea1b7bb5ec393de29c0b068e9212c5c198b05b4b4a14729bb682445152a2906fb495c2a8949298ea446a2879
76cbb63f4db3c2ea9d98c6acd2873c9f65bfb762f4c1a20f7a3cd333f8de59127b974a3919eb33da52a4b3281c9b255ecd3964a828183122f082175b
c1582ba92328d2d215ced4927a00bd8f698543b5e4a1aaf731adb04bcad31253171ebaf76417de2bac5638564bee0499f63d83aef79e98fa80812362
303826a1af0cea4cdd82fc943d83211b4f626f9d15fd414dad67d1f2acecaf9a9a4df9295bd5fb5a9e5c133b84ed60d996f7be806754b09c0771f144
6cb008d03031b513ad67cdada980c19e7181653b1be53a58ce83d8f18aa9b3263b5ede9bb15637fa9e1a51f93e7b06eddc731ea404a9b0e33535a2b2
fb7b86b6514d765c91863d83313b62ccaa04c27a3066474bac0abbc19ec4d416349bb5c4da95eff3342283653b45fd2b86d05ad7c4d44e94043559f5
ba8169cdd72405b2c61b61192c422f4c4ced844c44e885cab6ad1cd0350f68bdb939adba6031b5b2a85b4505595305595982e8016aea012a4b10db6a
445e9898860cdb48cd83bd4a58ac17edbc62b9605127f282d53cbc317f570eef9a873726ee7ad3963ba79d25c8c15e9fac932588ddb5265942c0a918
5c6a1eec3f1a19d82ae77eed4716d5cac6e652a7d6b3ac2c34a4813aa2a558c009aee0c99ed8bbb09b42bb58044230e84483beb425e844dbc10c2c3b
28cb4983796feb27b177409b7c723c197450f17d3da382dd89a94ee84b4bfa82b4d360fb5b5a5c10771a4ac8966c8102f57a0675a612124336f1133c
99fdd3226cba8f64113f61fde8654d237e82276b62fa1e34a4250d9187896750675a4e905d1af4a5257d417869bad5edc9ec9f166883d56825a6dda4
b268c8ed6dcaed7e96a8eb08e711068157d5fc37233649415d985828413b235a91c45be22378b24c88293f999e3386045989d0099e9c2b53afb658bb
5899c9dfeb114fcf60e6ae9839fb568e1149ce4531813d83a6dcd914c94bed6676525588edbbc1dfb7c9c4f08eba111cc12238c2fa91a78c67f0b927
1e02609da0446c4fb6841980f36f6991c59adea00e6db237a627fdacc1d2b464698cad8550d0d224a270c14668044fc65257486033d405110961624d
58078bedcabd21c21fcc4b1089a94ec88a2d6762aa13bb87a5215731813d4313644972e42c6d844d98972712d3f7d0305a4a1b26aeda90362c8dbc8a
09ec19f421498e69db991c9d3c39c7d329bdda82863122284cac0a633c83a5593eda0b844df0e439a7565cb5a17cb4b0f12e8a093caf45806553b424
0c8a13c1151c13674244054fcef8d830a4867ac0c27ab12824b05963a4a7cbc7c45425d6049b7cc801cf695cd98818060e69cea14536d98959a33a80
722022163826ba62d0153bb3e362d30d3562442c9898e615fec2ee2f4c6d41ecb110f2178ce9c64e8f18028e4961656cd98805e098c8be716a472c80
7559a4e030cc9816a7f6a210bd76224e442c00c744004ff6e519e2c422d75d3b1127ce101916b9e77a46056b8169f64e14ff67d80e17b9eedac9f17b
6e59a7c6f3e4f80d6f7cc7741be7dc352ee7d4b39942aafa6fba10caf605cbefa9d0af9eccee691ace83ee1d392cd2629cec85f0cb9f9809bbc172a8
c5569e853a739f2c221f27dcfd59b24e51f1130e3e1ceecb477a51fce63d39a353e86559fffd00654b44744e63d2e796297255f7df3b50ce816cc9b8
c65bb8c61779b1fb6f6d8573eade8a9cd8fd371f3be363b483cd759ed1460cd027770bc2677e623ff626b2e11aefc9d85fd899cf9bb572ef89a9ef37
93709f896921716ff29c214278f9c77ff3b93b7b219bc1c9e17c3e5f9886b3d3c39e3d649ba0ad0faff989a9291cc1e788eda550c09ec1fa1bd9751d
cf1747f01547f08229f9c2c6777db22dda5e172afb2bc9c0aacb6e1764e05ab24e1ddd17c7f3b5c49ac6947c29ecab85e3fdc4d496953ad7d827abf6
d085cefe8a6376c15c7ca11d08077ac7441e2f453fb36bff24f6ee59bce63d19fdc35c7ca181bf42a9b7e83550bbe0d0afe0d0974dc6a78bfb8fe119
3f31d559e95fcd3a3730ea0ca3dba2573d0dcf78bb5af46113ab7da14f0f0f77c774845d9c8a97c53c288cae5d6ce9cbb2efcc1f7bfa3ab39ce8e3c5
d177e516930783e1e3eec9ec0363cd36ba4287edd2c2bb8f2eb473d713f3b72f603adec2cddd31f1e217f6f02b3859c7349e70b25770b25564f5922f
8f27471613269f014f6633a560bce072af7127f67eee668bdd71edd0259e4dd80996e574bbe786cbbd3fd916e9aa71c8b770c09fd8dbce1b73f81dd7
0e5d8c3261052cdb22ce19777d4f665bc439e3af6ff79643adad79cb61c793b1cc1481d633b424eeb876e8d8bb356f8ee13b39524c33b8e55b78da4f
4c75a21bbf8f6827a6999be3f40eddf8222f49cf6860594e54fec6e61d2ef48e89abb95188dd61b25a3095e0426fe1423f31d5895d3b5ce87945d07f
d385d0a32d7a87ce6e58d93bf4687a44d07f33ebf31cae72f8f3df0c66eee78345069b7b87c87d8857b811b9c303bf1e4c2b72f53d777a45f2c421df
c221df210d32eab57b8acaf510b9bd2f9a913a7fa314cd08e59af3785a0a28d7eea94bab8aa2eabf99d13b3bcd2ec05410810178c7d07fb3419eafaf
a925580aee696daf4524fa86144538019e31f4dfdf3e1602c1216a7a236fdf53deae4544eae60ae2dd972ca6bec1d7df3d579654f33746b888633031
3505e276f76c0aeba7336f233bceee478b772793805589c0069e0c46409e9f9ea1ef3d4bb653acdcc33dc3085ee05c9554e50f07fa93544a1e9c9eb1
831d8951cec07a626a27b2c29387bd42d57ac60d96e564e679909b9f30052c98791ee4882705e0a203f641ddffa4005c44a11f0cee4fdccc5990721f
bdb7e8494b4ce550ab3dc924c815d3653fda59b39df5c7a2fffaffd38db8c2e745df25f334a6d0722a7403e781e43ca1ba777148e5e0139e149fabae
c63d88cfcf194b14abc573f2bde4f02bd304fd78ae3864f53ea2671c6067621a36d8fb27798fca34dd94cbfd5ec5a73fa8d92396c1bac8d9cf33e85f
6ec1aaedf9c08b47248275c1a24d24024fc634614678b0f045508289518eefe51684312114812763a9e16147b801ebb9059b0ec4ce16ecc96f37cd51
c71ad7d7b8dd212ad291acfbdc4905071202035804065817bd116838ff5b38ff1774689dd3be475c113dabe5bfa9718f76d06d58ed9e2237b6057cf8
3d19c5245e76b44fe1debf2e38de75a4ea9e775ab4d83b5c400febf9a22707ad578ad558d05cbeea48dc3deece2e98243a1c42cf8dc7cdaccea5961e
1c027bb2c321f4e410b8b5d5d1ae77cbcf89ec74f66bb7fc9c64b66ecc77f2f5b8e4f5932ee45e6e621a090ae0c9ecba18c3ce5eeeb99771bb232880
f5dccbb8dd75aed4f5b88ebb7007ab731db7e73ec7cad1d9e77d320d15ead8f18cec777e4eaa880e09e8777641a7548753e871a960c1c8d1b9a9db53
34c1c8419c014fd6c4342c88f83dc51613d9ec90959e0c81d8e5cea1df93e298a4c7ce9d829e1447f15dad43717a521c1c003ba2491fb122b0587428
4e9f624ba95ad34427f064cb626f338762987832b69789eb1de8f2464a2638eb0d6ee64454818935610f58764fbc1c61063c995d10911e08f1639eeb
b5ea72ca40f8187b4e9ed6f4c0c23f5207889960e8c1564f6653c40a1111c093392ca263038234921d80908d8366a60e5031556d70cb6e84efd2f4c3
1456c1b29d128406acc2487600523638ef2304c1bae25b37d0198c106856cc040421b00842b04e371c61f47dd2a4cab5b081cf64042898c5b422b818
30e2fed0aaa7033da380b5c024770dee160dcb66b202b10746648389e97bb01e11c960fb288c9a677cc36a946349702729fcf7bddc3b9ce747bbe18c
37cc57fbbc1cdb8977f199ee88a69bfee70a964e3f5cd93f37b0bc7a6fba207c72f5fe8c3bd0febf2fc77dee06365529deced75ce327d33b66bdceb1
9680d879fda2c7750cc560e955ac4c8f371416dc06fd347ba7bca7717855acd8718aedf064cef9db7e9f9e4dd892e55e0ae1194358a8f256595d3c83
72ebd7f754a70cf823c2044fec7fe29d6df5ff31bfa3d39ae0873407feb382b46fa332fa4699698ed39d37ff7980ccda1a08b56d519bbe237e6a043f
a55b7903766a043b75bcdbdb7f3e207d96a1368d609fa2cbd154460c9827e73dcb77d58cbed38208def6d1439ca34b8ef1640d6c03a35cbc39f55104
e2d1a5511919f10847d531f412b827e7ae7fa51fffa9f10baaa8b7e006013d4606f4f8523baedbfdfa56cf649b6bfe552daed7f2ae8b990cec7dc1ca
3336b02db12ffab25eba5a3e933db0af5e7bc67b3b60268316bce1d7d6abbc96e2997c123b5eecd5afcd647e6f7feb2cef2da8998c7dfb86d65befcf
2bd5cee419d8978e66bd75677526f37b5fd617cf78f56433794dec7d5669bdaff7449dc9e8dfabd3f28cd78a3c9396d8fe6287ea0c8db5639bcabd3c
9627a705d3b1fdfd9e4223ce6449ec6de7f35a14673268f2ebc5e8194d754648be89951733b0f30b6b2f763e60d9bff23fe15fe68f7f9cbffef4873f
9fbffee5fc47fff9fecf6fbff55ffefdfcfdfef7cfbf9fb93f3f7dfcfd97fe5bffd73ffff3dbdd7ffef59fbfce52f1f7d3ef7ef7c75f9ebf7d41f3d7
5ffff4d37f0117192e748c230400
