1f8b0800000000000400bcbd6bcf1dc775a8f9ddbfe29d03044800dbd9dd75e9aa9c8300b244d90464c92352c90906f3a16f3b216089862427c8bf3f
b59ea7185b3e413898018600c9eaded5755db56eb52e7ff57ffceecd2f3eb9de1ff72fd22f1f2f5fdf3fbcffe3f7e7fd8b4f7fbbffe1677ff5579fbd
3ffff8edfddd8f5fdef7755f1f7efde1ef5e7ef7fdfbf3cdfde3cb5f7ffafab3d7dfbdfbf16f46e5d7df9dbfffe3757fa8f59f57fad5fdcfefbefb53
95e8e7e5afbff9eeddaf7ff58b6fde7ebed45ffc266abd7df7e3efc7af3ffde18571befcfa57cb4b8d4aff707fffc3bbf7dffdddcbf2cbc7d2c68b4f
dfffe1dfbf7ff7cffff2e3dfbdfce2fffd9f9f36f41fc597a5f7c72fd6c79a1cc72f5f3ef9fdef5ff8e98797efef1feeeffff5be7ef9938f7fdad2d7
f7f5ee871fbf7f77fcf1c731ea97fdbbebe58f3fdc2fefbe7b71317873bcfb6efffedf5f9eefbffff6879fbffcdbbb1fffe5e5fdf73f6d275ebeffe3
8f2fdfbebfde3ddf9d7bb4f6f397fdfbfbe50ff7f7dfbefbf1c7fb7af9c3f7effff5ddd8b1971fff65ff71fc73ffb489e7fbdffffefdbfbdfbee9f5f
cef7df5defa2851f68e1dbfb2f46fd5f4de18797f7cf0f633fdf5fe3eb3ffef0e3588a1ff731a7d1e7cb7ebcffd7bfe8f9fc8fe5fceefd8fefcefbe7
a3e2bb1f5e7e3f9a8dd6fe7c38df5d34f21f63fd69436320e7eff777dfdedfff3f5ff31f62b1ff6c853f0c78acd6f5c73189ffffc6fc3257e89ae76b
ff00127ffbfefb97f7e397ef5fbedd7fbcbf7fb7fffe879fb6f11f3b0b6cd0c69fcdf0972fffc5627c79bfa3e5f8e8bbfddb3b06ef91faeefd9fdeb2
abef064c8f79d9eefbefff620cdfeefffe32be1ad03ba6fbfee5feee1a554673dfc7e8be7dffe3fde28a8e46ae3187712e5e9ee30796eda72dfdf0fe
f9e3bf05e07d00ea1ffe709f01d5a38577a3bd7ffb3ee0f93b21fb871f3e36c3b7bf79fde6e5cd579fbffdc74fbe7ef532cabffbfaab7f78fdd9abcf
5e7ef54fe3c7572f9f7ef5bb7ffafaf5af7ff3f6e5375f7df1d9abafdfbc7cf2e5677f71e0bffaf2edd7af7ff5cddbafc6afffed9337a399ff16b5c6
df7f7a79f53f7ff7f5ab376f5ebefafae5f56f7ff7c5ebd1f2e8eaeb4fbe7cfbfad59b9fffb4a1d75f7efac5379fbdfef2d73f7f19adbd7cf9d5db97
2f5efff6f5dbf1cddbaf7ece70fef7365ebefafca7adfcf6d5d79ffe66fcf6c9af5e7ff1faed3f3192cf5fbffd3246f1f918c6272fbffbe4ebb7af3f
fde68b4fbe7ef9dd375fffeeab37af5ec6ec7fdaca67afdf7cfac527af7ffbeab35f8e718db1bcbcfa87575fbe7d79f39b4fbef8e23f5d9931c5ff62
5d7ef56acce5935f7df1ca318c95f9ecf5d7af3e7dfbf3d1fa9f4a03ed8f4e3ef9e22f16e6cdef5e7dfa7abc1dabf96a2cc0275fffd3cf634147076f
5efd9fdf8c2fc68f2f9f7df2db4f7e3dd6e3af7fba8c7f01d17fb1a663bb3ffde6eb57bf8da97df5f9cb9b6f7ef5e6edebb7dfbc7df5f2ebafbefa8c
6d7bf3eaeb7f78fde9ab37fffda72d7df155eceae72fdfbc79f5f3d1f7db4f18d2686facf59bff1ee55f7df3e635abfefacbb7afbefefa9bdfbd7dfd
d5977ff3d3567ef3d53f8e751d53f964b4f3197bf5d5972ccf58e2afbefea7e821d68dadfcf9cb3ffee6d5783f40e9cbff64a93f89357c3396fcd3b7
7ffecd18c9d881b77fb62e2f5fbefaf517af7ffdeacb4f5ffd6f9bf655b4ff8fafdfbcfa9b0113afdf44edd70ee81f3f19a3f986658aed1fe3b5f8fa
cd5f6cd63c4d3f07625e5e7ffef2c967fff03a6637bf1c00f7e6f5044ed6fcd3dfcccdfb2962feff48925f7d777dfafedbc0953ffcec677f3b198a97
bffdc0623cdf7d777d3fb98a819b068ff1b39f2debc08de78f1f1ef9effc76f0357cffe6df7ff8f1fef6f577cff72fc97ad71fff30ebbebcfcedd7a3
30f0eabfbffc3528f26f06267bc6fbafbe0f943628e75f0f3ee43fdebef9e31ffef0fb3b46f75279377022ff8fae0687f36560dbbffd293313bff2e3
6463e462fef4faedbfffe17e596623fff39bd79fbdfc5fcbcbf278594b7d2cfff77cff8fbf0dbafbf02939fa20c53ffc613fefeff7effef91ea3fb1f
8ff1e7ef5fe2cffff86cfbfcf3bf8f779fb5c7e3b34fe3fdfff8ec579f7ffed9e7f3fdab3fd5fd9c7763267fd1e2cf163b1ad470f4ebbbd9c7f86f79
fefdcb125ffdf9cf3f5b1e8f39ba77d7f92ffbf7f1c1fe889a51c8a350378ae5ef5fd63595ccc336de6f5669a3f85829f6bf7fd9b62551bec66bea1e
d158a5c2b18ce24a73c768a1f7285dd1d6daa2788faad566ef51b5562adc2dde168a3d8a7470efa3d82d9ef1d6ba5714e9e1b98e62a3c2334591769f
f446dd6734d6ac1b8d35ba7846633d86bb3c18438c6c59a2858db7cb11c598dab252ac51cc393eb318e3ed1bc5184e7b44b146ddc667e71d9ff1f662
c67471315ebab8a2b14663578da215a2ddd62932795b60bc31b78509f5a8bb96187a8fded64a313e5bcf98fc63a1d8a3182dac578fad78448dcc941f
d144a6893c2a2f777a46136379d6c763658f6b9497076d0c0e3f1e52b4b23c2807d83ca8bf145e2f946bbcdea2b8ae6eff285961a54c059a4bd1f646
6bc91a89f258c52556717d94b1b6c536f653d88c2acb2305bc158a7e992933cb85f70c2476735dd6c539541e9c1cf5fb1a3d51bd478bb107ebfa0868
4f1bc5384e29ea8e06a39828d2e5faa0bcc7eb4e318e435928de51a4893891a332afd798705e29b294abe512afad115b962a455a2e146345b2c56839
5321c50e14ba8ee55b0aa34f31efc4d8528042f22d63e36d80ee92f92c9f51a44261b356e657639885a105602d99897466ed12f51866665d76064fcb
8753ad60ad8969fe13dc33e6f0fc000369892dc8d16d0123c5091ec5e836ced45a0ef6880a077b14e32a27bbdb2982a71ac558a7c022a318eb144862
14a3b738c1636231d838d7a3480b892260135862ad194cb6508c9e6b0ce26e8f00be1c186c3c2cf1f06055ee967960dbefd67cc83c1c3e141e80de87
adf5cd07bed97d6050f7befb40d3fbcd03cb70c7dce361e5c1a6d98bfbf49bc009eb33c84006138ff21867de388bcf38d2795b7d9f78df29e7a8cf11
78b238e38c2f3c5480cb8fc71073ab96c714d39aecac53c746f778cf617e3ec6f07af3f5197d55dbbfa2190ef6f3714779730c637fc6f8e936d04d79
2c74c589cb0e27c0642dc0c933b0d0180e5d0516cadb62b944395b160d0116cf658c3f25e7b204f47b129ecb187fee1ca627e7785dad7fc42056ebc4
04d666c763026b7641e38497b2fa7e4c205537208e78caa09767e09d521d68a09dd1af2b11873f358eee73cd20103f0efadb573a083c996b6170eb16
6830d928d8a9f97e4c20f5ecb76302253d58f5c01763c2f615b4e3f1f0db2bde2fd60f02b5ccf170421ae309a43c7683892520ddcd4e2be785f653e2
5beb6470a8ef0bbbc7d8020f9575b613e34fd5f78d936b9b3de6e55c528cbfba70410106a3c5c2a533e6e80680c52634a51b22efee05f14a199cfd8c
133c081b1d64e89ba01ec7396d2e4a4e6038becd9c60c12617f818dfd7d8a475f918367be600afd55d08e49a93e0953b65071587b4650712bbb3accc
3430702ec90e61a79c758edd29ee487e3210ea14c83168eb19c47bddfc36d0f75800be2d015d0f275a72bcf76c9580ae47f15ba06bf1bd8c9ef51be7
c93ab13b132a4a1cefc762798c3f7f1843e0b5ee8e07b14eab8b5de27c3fb2ed3f631d3ca390962614056d499b47ae0a5db45963fc49dc50e37c0f54
4cb9c431736deb18ffb6cc36c7f8b7c7c3761a385bd0ace075bf75fc8c27b8b4b5cdfa31fe36dbbc584ff6abdeb16e1ef5fae434517ff378d3fcb6c0
8440379e5b4c40faf9dc129367025b4057499603414d7cb9d5e80cdcfedc6202a95b674c605b45e05b1cefcd0ddbf640d4b3fdd880e4426f3181dc6d
0722ef666f370bc4a66e4fdef36d50b25a3d7241c8d20a197ab618ffea985b02f530afa06fb940ea9f0df1403cdae274c88d3d5b1cef89aa8204e622
1d68212b24a8d4b3c5062481bb41a627440765dce4369eede24c3b2020a8588e1de8427497c231d00e9bd0ddca60e6c6aed268975ad25b8f194c8416
3ccce0206c080a27f80545de72f67dec40116176a41d77af432124953d7600b16194e30823378c32085644d76307dac37e9980bb0d9bb30a72f0397d
93c6ed41a31767bfc716ac302d4f04b4de851b44b42221df2b98cb0f62069b7b13e25a4b12d190d716d9dd27dc4519fce7c730da7ec412b81cc1770f
60631a21f00dee64b61608b88a7ef620e113b7220b6e424008836da2b160e40681b5ccf44427c7985e9b28e718b3dbba6d1e71c4bb683224c9711c99
f5d14075acfd010194521f7bccfac16a1c8810f3db13a6d0f298c03629f2c1fe089dc1b99689dece07ec11f54f00ccd378067c6d9e9633455fa2fc33
07b7238a3a6377e6490816758c8735091e75fdd0663089036a7d880964295a3072430e61db4e05503b1b13e89b27e4948f77a03793b40e0450c0bba4
11d4bf620392e82184cfadb979574c6085857d8624bac9d83faf40512d4edd38ab412463e34711d6305384b37aac3e0075d6599020627f1382e26211
3a3d1af0e1a910b7c54387f0a6e0d7835cf1104b3d1eaa0ff4f18441660ee3a1f940b59085e381d13e771f18cbf350f44c88fa21fbc5c3b28268a3f3
354d9990879d993e027652dafd25707f4a67f6a1f1e05462f553ba8a0dc4487296890f7498f226f2890d4ba5cbc433e3fa980fd1405de4db436a1b53
507208ba957ab51a6bd1cfa70fb14afd7af8c037d7fc656c7ada67a7c1a4a723db406859d2395b0b781833b08120de03b9561f466b7929b6166437a7
e47c4218cb49c9fb11742ea743e127d06c4ed7e5437c932f5b8b7dca35fb4decd3804abf897d1a3288030df01f0fdd87120fdbfc269ade9a4d07421b
2cbac3891dcd7d63ddd06b8c87cb8768ba238bb5471cb9dcfbe12f34d09f3e7c4c34cdfda8d6a4ab63f32116e8dc7c085e279ffbeac3c643f221267b
29b52d4163f2fd27716c94178e6ea6bc023c9b3fc0af05c21ce540745b9ccb510e529a033e4639f0c4da2c434a03498e72f092ad591f42d47d7f216e
d8d90d06b7fcb4632a85b095915b4619f5869596393a5a45daaa819e4739b849541ca38cb4f5b05ce18a98f2b2f9b1ad06ae46a61fe5a044b0bda30c
37531cc581cac3ce4e5428d6095a5a1eb673d3198340922a0e68f5e036d67185d5aa341a92547eb85e6a9c1ecd2f60d681be7b6d1f04e4515657d6fc
618784f983dc2e5308596a70c4b61ad26c89a39c6f1459d56d9e88c52d41684aab95e658f93a31568791c424cd5af583a03eca2e2527ea0eb92981bc
4619f58b4b107253daaa1f1f3098f620e2e3d0dd21380daec14a01a069b187e7075540be43265a9b93c8a23dcee59d65fb1845762d05b238964358a0
87107cd62dfb41083eabb014824f7cc0b833e3f3680486486df17dac65163402772dbd5a7ec2cd33cf907c067f4afde21a3b51449f4762dc21faacbd
fa01c09a19767189412077a0bd2183d892dad287b5427858ed3a841f1523a38c12c36117104eb7b71012e6be21e42c859e43c819123aef1172ba53ab
1c13a13e6493d126e5102ad6cded0ca162ad9e18648ac7e2b90a043f9875a61ccc7d5afc2018f7b6fa4130e56b196ce647b0dcdd9cb68b06cb9e3cc9
c1b2e7f260586db792dd1c1c7116ad9d1f7443a37c814318222cfb2ae407cbbe6691547fd8108b103cfb784f6fe85fbba8a2a3955af938388321f1fa
1ee87331bb079651a3827c2c6e63f0e6194dd928c748bbab1cd4b75577a803eb2bb3091e5c8dd62823868ad440eb7024a3cc799d00143cf8ba7876d1
78363145b0e08367a7032e4c5697881b939eedac23fbdb816b3a1f1869b203889fb0176c76aa4e197252240ec141a789350f9560d439b28d32ec030e
4eca72ec1f9475199d61de9cf201b076467722d1bafb2702a14b7aa231b4e393bd11f64e346e420eecee2ab50a7637c1f48c328ae7d9267747f3649c
40bda3566f99fd00622d809ca71ff8804e61f670432898fee531e1fde531293ec4ae4d8a138cede0ade939d8b5943d6fc1a9a4e274e2662a67c1f142
35e5b18a0b93d444d0178acbecb750a2cdf74f8e21dfdec2b80ddd685edd83dbd18957ef848a878dba03a4aa87fb2e601b667003e4129c5b20af5682
68daf5cd6ec2c6dd7135364445de3f61383c45cfc58f59edb829cb73ce4fb6531ee029ecb8cf4f68fae607814be67c60c117172f58ebb40ac032d773
48cf4b7508e5db1f18f7132c1e326e463f1d3f541e1614550fca4006841c5df2e09a1ae50000144619a5318aee8fa03734ca8bc71e8df2a02134104c
4e8699cf2885c78258a7a1656250c1a6c8bc6794c2eb2359df152f946f9808068ef277bee77e27b14e4f2f9d3c64687fb30cc5539e6501b4d0fe0e5e
8edee059500965b4bf2b6a9a8cf677bc67fd56a8bdcb0767b2353b88198b56d0e02e52d6a7dc089a908c0a376fdd4ac91f7c10081885dcc8ea822586
f1b0a9cd1fe80f6e2401976871e30726043b2207871a377eb0d6c90f962f064217a862b3b383bbc82b830d9e206dae003c410623a00dcd150a853634
cf7d0e9e60101fbe2d9c39f40b597568cdfec044577b8029e89075f4a1f103c3282cb8db8b42b46540009e60754743213a169f950985e852dddd2213
ced40ad36c7e0bde8068a810dd1c76f00a83af673a15ad089448c527f71719c56746799c517cc64069a80a19cca07a47ef7482bb58bba7a9aa21b455
10bfb30caea3c342a1b09c920d0acb3179dadf8405c173833375f668209b501562db285be7f203966263cad046549083cad01bea45545579aa176131
502f8e8f05e26065dae2fce556241528189755a8875bd960469f722b6bf68703adab3f9cfec08c825d1964c0be6f7f60c51a7be272c8afac207c748c
19d5565695d804f43e47cbf44261d156372274894b11c43a9a4e17b33b0ec8118ac28cd54546213864383e4694ace35c7d0cc5ed4232e856a5e0e28a
c29164b7098e6471eb77443117178e447e1ba5e09893ef3db008352afe9ac77d775f2b930a9664a0647f08bcd321bd28ef067bc23c0ef09100129c44
975f42713678367612dd4af1c49e80b8f00163c01d4a46c795db2c436ee105d0718da5b41c3bd4c45e41ce53116021e7d5637c89a33c739753b6ec94
672da60c417f5e4c591082e82b343e83e88f3acc3e88fe909868e886d17796d2fcd585bfe1d4163ab82b3db344b7506dab10fd26560ba2bf16a1ef76
a8cc33ec5ed6c5b5b8d18e3b056ed337d7fa29e80a0ac1008cc3cb623ce79058e1a743b2123d8bb09fac5272cf43a1d685af27bb301b7a5a677c5cb0
3a52ff5e500cb6351a1a65f4e69bef39982930ff7808cd72affec06aaf7ec06a17ebdc7e507970b97b94b54541b13d1ed06cce1f3422a0a545ade542
17a1b05853b21c07802bafd0f422645a86db088432ca40034b361e1c9f3fa8b8a4bc3a8c95c142e6c190053397dce6fb4acf0fca9b1f3056940edc7d
8c7267727ec00d61b3a10374c27c56619229a07340e33bcaee091d04d1cddc9417ad671e29fbe0f5228d26013afb8004e93e64a061b52ca747cfdc65
36a710227d2b9d51674764d9460b8d6686e430b8b47c38ece2ba307de866d832fdd7086e54741e959683aaa6ea702bc8cef795a138bf205c1b6cd228
8f3aadb95ddcb475d723747809b66a94a161b38e8b0960715bb6ba41d87de44c1dc8d3b6d017861e25b1714ddcc8b7d001ccac46995dcf1e94905c1b
babc51e670b80f3bb851b8df150e18a8e83dbbc83beb2778efd51f6875c730c3612071ceb3b10357c98f4f302e3d071a6f5b61474398ec1b83085972
9b1bcd6d4c77d007abe88c0ffb1532422fdaf2c6480f3054f203ec0e161b0ad17bd6e7eaa43b99c0f46d1186431c6c5d1806bb7727e90d467689b8c2
c81e9290e25a72ff2e70a967fbe2666bf3e31b506540379d899fc4bdb6796311f2605f03f5b66efb37f024acdc4a7d0c0e74db8483409ea9b8b84a4f
dcdf8c070073e383c0a4ed31dfef56022a109f1e60c905ecb9317dec1047a5cd1f5caf8572f287c2037765a0a465dec9842c301e5c8c4e19a8c8b614
935baa65c6d4ecce3105cf3a1e3809991e16303ae776591c133869091c9b565b12c76670e6b200318b950a65ba087c3b409b1e027d6e705765117de6
ce07813ed7c2462c81011bd7dd6549dc5571a896103c5a77c902d38d32f30c4c37cad63929fbadd7ddb49f55715327ab79629ad8763d0a20b9800013
98001bcfcc4dd02817584d3acbb0559b8d6e7e6cab0d45811f075989dbb38f20b745ad687199432bea95d6289ffe609f182474c682cab3b83821de6c
6299a5b015459040e5092730ca208dca04b1f668a0cf2510f08225db281f7ecc440a5a3d0eec52b9de28f480d905965da38cf5d7834643c6183c8175
9c0f58002bd82ed054ee5ebbf56336d8d68cb26c9d7d3dfd9611a10a15b32c9b4680cc4c556811c0376e17b39532a6018c0e7145d4b26ca8a33c35dc
dcc8112c1bd68fc27dd857e42adc6fce20dbd081986467213e2dce6c437af083a69d14d36970a060f7a521640b65184c343b436ed940214be336c7a5
463c59dc7d94a9c9131abad1757392e8403727d9d94b7883a5739961bfbdc941d171e75ebcd27177668591722b96b23f60bb03afb3687be9e8bc002d
95ee304a40381965610db669090a95d15c8c32b0065a5e7690c9c6daed5ee7f8313a190f1026028b3d1fac9d73c6d673759e183ccac62c2a3851d68c
87826699460fd4afc58662978b4893fbff323b00a70b8f872688d439b90af57d8822e921d89de0d502c55c4eeca4440d277855a4a756b338cd1386bd
da92abed7cb047cd1ee0506b86a929e50bd30376c14be532c7f484c5a7258960718017d7739ee00be156647a892f041fae632726be054f5abd315472
1b6eadfdd92a94884d947ed350f5b405e91bd491f1ddb73f582bc6173cd9c710dc93ee45af2186b445d4a518521f8ce509c35318a394b48a5a9ee583
15e82857103293c2b0ff813e6a3cc0cf0b2c416e27b8436dd3ac122bf51090435759644817549528774779cecf1f305563d556549532d52bd45992b5
6a4a1b1aa151e6528663b36218518bf53744d54e197dee2c23602984ac0fe45c967f0df967083b3684de042e0dabf381dea88f948399f22887cb4059
ac03e0734457ec082a80bf62de8ab2b968a6bec113ac5eb826dfbbedd01b0dd8135b80a97a52bc5ab958555a5a437c19e2251d737b5f60d9b4567f54
e88af6eadc4f8db23dacb68446cc35c2925d6961457df9a8b0a06b72e16929a12be24060d99e8b0b993008da2c43945c8bd04526777f4d1ad05b471a
cb88bc19ad2e005211f728a32c28c0daad19820b3fb606b7a0c5c128ab4ee4e32cb36c9de052a4566b90f7d4b3f5a1868e02c9692b7e7b7179c0488b
56917c8b55a71cdb0a3daff33d6869765ca06e2e4541a4b6036f2a21086b412ea9c291ea47680036fda34ccf9556ed41d5629d95a099abe5e60f7ec1
0a377fd841576c6190f4adbb23558d04c380726f2e3084fb512bdd6d2e1e0d05e5dee6026cc0088776dddc1110f3ba69a1c2cab4873f001890dfad5a
96fcf241281adb03bcb7860eb12d9ed420c5e9e1c16870319951840a710b83d18f60b71503c68758746db09eb3b50b169bc962a8b839d7502236cc83
465914e84a79ebe96e439b8b435459583dec5815ae228deecd0abd759659e410047c5461c9b9d1547259837e973957948ba559a7419a2dc3073d6c67
8729b0be2634d4c1eea7785ab5e4131c20d3d93643e42b0fb7fd40e10b2fb69e1aa43988136a20609dab3ff8c0cd1d440727a6bcba7692dacdf30da9
dd44c492dacd753931d310515c3a11f00184f38133d3785851855b06e4c49a214a96870de1aa363e607b4285b872e55870a16ad5037bd9f56a172187
e0e035caa73fd8544043760f914a976e774f2e84791faac29621e62bb783e363a0e1d6d686613c9d1093839a761b0a3ad9b0b81e65340c2edf13f9df
23f4c45a48cc0fad6beec313ab7218ea84995262b99362251b9d20694a4ce9e1ba40f712340da7825186a7aa7e00742ac3a550dd156e8107dc78e1ce
7b2d87d89e849f06b687a3ac58e57b37bdf843504d8c6147997b976c25d86570405a817fd8ae8450a988935641cc9ef5bb9895b8cec87e1cdb596d34
48d438ce8c1a1d9b3c7b0a1235d03b7592000d5a4a890d814149901f372a71138611e428235070cc53b251cb4002109242546df21b29888f1e2ba3ec
0c9a3fc40c5468248d74b8331d0f9a63313c8d74b8191c0fa83a662564d5f431fb9051914bd06403d3648132c639b361143600599a6e094e44eb1c88
530a5135e3cd39ca5892415d5350b626a94945f7373ac024115f8451de3048b2ce0e72b00cf6551c4a48ad8b4023c51321a6a078cbe2b6142011a625
c5855b56864b1826628d3aca811baa7bcd451c5678a3cc35bd602fb514fda42a0031a4a096898b83511674bb2dfd878bd1288b34603b5308c9690e15
697873012a96d41ecb1086f32ac86d58a940e392c2f026787077f770e5118657576fc3145958df0408b04c521a4eb6d4d8437beb56f26167dcb6cabd
8b957413f06835d0159716e3c1cb1cba6e386a78e4344912929afc2243f2ba8e4b98f100f276a7839ce665360a2be0c7dcb7cde3d451bf7acc42d46d
cdb540d49d20d9fd96459568aa384fd801254129a8e6b6b9488abddc728c87d076a9064bd8e26fb08b49bdac970209b1779b2de12d2422e3daede1cd
46522feb3cb9775b050074b16aa6d20e0080bbd3813d9727fc7085c50968669b7b78147f60ac47fde0ae36ca5867880620c1aa899224589e2069e6e3
524282170f6850e06df3989c984478d2f1235e1c2a97738ff93eb66d85f0a5106f937c40c2485d4a99a0bf45a0ba704682464ff3e9e6c1c52067812e
276ef054b9276ef016717190dfac9a3d497e31531f0f07d289ad6ac79f3e8ae030d751ef986e371eb63cdd281e250b37bc0dc244426e9ec0115ae5c1
1bfb3116129e5d6ff49a582dd4ca71222977ca7eb07325c342ddfa71b238a89ef3ac7f856eded778127b1c94bec57bc11224f50f295882c010947104
b3fe532712eb08b8e23aed7cb21fa842f17d4c403d7d42bc2e4e3ef8892483989e73ed994008d8057bb951d699d8de2edec76a654d7e6410f03d1f34
2e535efdc15a091a9f28c758bd3dccb223720e39f89192e60f2e76b529cced602af303da85d22da3e6cedd3a871f141eb8509a95426de27d567e687d
ea9062b9558ee6e05f121ef6a38c4c0e3ec82193077ea50c77c1f664bde3255e7901153b85c529d8285e21508dbca898636a0ae56db325d4a60fcb37
fa5d4711686c0520332af59a2d030c20e22cf3d3808c1ccc4fc11b6b94d155b890713b896bd2282214000b1983e80a15cf0af70de0cc08f7addba6f7
72bed73bd6f7b8cfb9ee2b3781d697716a004c0ec629abeace89756c96c57a2e6ad214d40fd0c783c33242bf182063802446cf690ed59624b24c13a9
5f31397b152a2398b90a1559e7a4633abc56e6eee0e12e64178f4ab0574958f02a40d567ceda0fb3cf5c053c64ed322c944269ce1e19bec6a6597c91
e59a1abc45c6555305422e400c1837171c69dbc7dc1846456c7a6703601f47525c9e6e6b3aa2fa83e6d8ac33acd0dca4ea6638dbe08506016515e485
ba805919e3acb4f903b3adba0352de804cbb0e16264e15e584a5977538377dfe80811644386ff660995570a536f5518c75e3fa5168dcd86ef762f380
334fd4f65e51e6b6d8191f3720d0d32b672322cccd49fbb5939e4d71b10c5f94e160322421a3d1ef029497c32ad973c335c455c2de48d57dc6dec85b
bddc1dd37cc0685358e98ec966bb6362c9f4697412384e25012a18a355bd5b569dd0ddeae08c4a76e382b7098c46391a5564cfbb1385f5cac1db14e9
600edea6485f72b03603262c1f44eaf0635838d1d16e67966f1b650ab80c261780fb80c744a95c0828b0642e041edda3ed8d8038e260ac08a0f9f006
8ee105ff53f08c18e5f09b7bb83f28fe655bf2e1301c1f9e7f0a1f39982479f50c8ba4b4974f60155e219fee42f601c74c71b6b7063ddb10aea522ff
138f1eb70d55c6c44d98424fca11cc53f18a3b63f1dcddb6b81bf8d024e3142cd06f4c4c8bf1d3c3262f074a33c15f0579a25c1d1b2b847ec3ebb90c
7ff59833d012aa8bf12f47e40f6ca1201c6a8ce2ad7ec6126ab5bee6cf1d762e0743d536cfe48dd58404155e69eef20d1c49b16f8c491dde347efa98
01dca888bd4cb131488f501c0c53d2dc2363f4ec655f7e02e9ee283c8c7acbfc74dab205f03013329e4e9b25f092a0bba34f984ca87091b9f1eaa1c0
dc2cf3870cf035cac20694a43c343e5f286327cf0697877bb1f943dc6720a316b428998358e442ec20b890a2cd53593cb9bee7044030cb0aa070ea8b
f6c8f8678e87106abd54290497f03ead104402af8d517661c0f6052d7edffc419cd6fd024a9f6d095368d722d1358aa092b4916266c9130daf5f127b
824050881191b31f037dd93a78b2a96b2ad06abca346998571f188dab2a8e62c99957148284fc60f3485879398bc70cf4fe8a3512e56f2071cdb5def
20e2c107500e73b8590c55903762a5304fb7aae0150c812b581a2fde8095c261ccfe0032e5c895c23c8b0d394fe756f45ba11221782ac261a9dc533e
7c5fb8a16106417fd72c5055f7d3fa6873edb81e7600006038b5711a4a05d05d0a9c455566179503eece065401ff6583e943455136478d3853369003
34b76c1a805a4ba2cb592d8ddd71a88d901c7055a5090b0cbb61152fdc86e27efdf0bef12da36e98f041ea0aca84264036463afbf2ec30b82e88b853
dd4158e6f07838b9444fab1fb0f99ec70e7734cb175c0913eb2a9904f34e6fa0ba82659637a82554ea2dc37996dd4da81f95504b10d126612abbab5c
7dc06f1d4c5b0ee60111255052533f4ba4a43c3f3e84448fe50124ba2b98742d1347717bdedd8a43b1bb5a8b6570f407785396b8e050a49566c1c77e
f102bd9c2c2814a660d7ab4294984d2d0bbc27b7656281d3ee40d3e574d5194790bfa69556b998a908483ae7d65fdcc07ae62e7792a15e9e6947817e
3fbb7ca13b6813875eee46b3253418ab2d71246049cbe51ec33f97cb3da67c0b519e52cc7f9b18f516e9886a6fccc55c819b01c224959b9d70c16fc6
87385250222c78c58c07007e361434e1e1986ef0f466a30c09d6a63cdd6b4f02b7e8d98642caef0f97f50982d8fc00275b71c293e3db2d737c55bdd4
207241ea28b30f6c1c21b40605ce94373ff00786ddfda17331952883ef185d0da9bbe36f5bf08b5f70b01c650cf1211615d332ad1eeac286ce8616a6
c3e6d6c5c817748c23cf63f5e303e99a512fb0824046e5967bc1db613c38671b6521615b2ac2b2d7327575d736ca1b4b410748cbd38ca5ae18d72d96
4f2ad14110cb51f6fdcda81911d7091534558356764f775528b6336825ce14a39ceccc0f205e804225721e0efda30c6ff1b02137040eab86b4dc3547
ac045dfa5069b7925de04b0e62a908c2f2dd86445b16b724886bd7b81027ffa2c54dcdce9386b0038eb8721fc171358864f16cd4e2ca32c4905e8bda
b95a1c2e5b57ec901116e0078c532b0bc87120d8c0182d28b986245bf0211f65575070adf66cd915b492e784515457d03dc2f2ed2148ebbbebfe0685
cdcaa535286cd1a6b056b189f59fec3b6bb3b998a0ec8a44ac7d540d89b8e3983fca73a84c9a7b729587550b3782d28d07231cd2c5e65821ab951842
8aec35b4fa5d7d66dddc6d28546dae192d85585bd4c4d4906a4bf19871695eddf8e6116212cd23043aa9b8d128b15702f5a888aa21b016fc604639fb
01b32690a008aea2bd4fc25cc8a249e6bbeeec0378b6eac5b27848896da3d051831276552c35c4c96072a31cd46fac37cb8ad6bcfaeda17da087f110
85d010e1653465ac07f67e7e8040a8d4584322ec928a8a3d738533aad8332bafd7d363661d16de2387d25c23938a4dd8a29f4425b48b0261c5ce797e
0025d37ead5e1c0c3bb8bc53b4ce0161f13df477153b40bc34e4ac172e93ce0c79cd9bf07a73b5841ea3de40a1dfde7064ae10d7d1d312bea2ff566c
a937702ed2b8ed197eb962329de02e2a1660d99d7d6abdc6889ed8a8ba4650a862074fce39ac57453ed361a06aabe5890c0a95e6663eddf0a8b31941
a35866e9e06cb7871b8e20b16122ad41e116d4aaab93dc8c68f8b0cc20b856d942775cb478d8745b012b6f0f673c24958fa0b72d485c2bf6b2c09d71
62b65014379c3847191a3adf03e86bf1a1f18395c07bacf1f6a7608385582a4995ee865f4982261056a57887bf21d27995bb6997b572ac36a8d4c3b9
22d2a988dc34bf020e3704b40742e6966cd4f7464be45b82f5c9e86fc49620b0e528c342ac608ccda07c368465d5e2bdd196b14f41aeda703e511cde
5099d6d5b2c306ec3788ce63fe00f732df13d6c2a9113742c975d3471498d9b0ad52f3b571bbac56632bd831b91428454bb78e4bc440a137f3b50e70
368f592bd466e36a5923b68db80f0fa18d2b6445dbad0a92f0401b0121f4aad9a436eb7c68ac8a5fb0eeb325c2d8b999509b47b62c4c0aa0c8730f04
81addefee0039a78a7bfb1b3c5321788e0d4cddb61c168b30746b4b114484f1b97c02a97b7c61d59f13d57e58e0e92f200996fcdf6592fe24810cb6c
9469d3b5c3dc59ae64eb8e8d31e341a9e5efb66306e3318fdbdaf0b2a24c88d887efb5e5a71d149ada046d283417afbd3702a749b437149a0f419fbb
da45e17fdb5977d0e2b66b7e309bc5aa77b3bbd31facc5c2a356da88dba0026d3b80718ff5a19593c7e57080ecdac1967becb894c5f779948398b98e
a71cad65c25fc2086ce806759edb908de42537632168d7b371f93afb4239a85dec76d92f83be98f2c785d3ed02a9c0486c901b19894d59498e7dbb8c
fb48cbca4a6ef50d2585c66c48444a9adb6d430cfdb6211719094766607bfa014bf34488f4043c9d061d1317ac8b78080b3647fab483a8df906964f4
1ad6bd8bbaff16b792493be416f4a339ba66405c80a905f928de57b7071e299cbcf6e0c0c09336c9044158c7833df331d7874a0d0da14624df946938
016d612398415b60741d10e2ca63d6d7e51f96bbad4e8791aae94bbe0fb2ad1aaeadda1b3320c40f6f125b2266841d87f8b169d2d0120e754ec000d3
b699d902d0770b34dd88043bca61e9aad57623ba4fa99623407a9975d857556a2dc317c3e6372c8816b5502df0749abd11985acd5ec3d96551b5d730
8ef56aa905321fff5809bb70a703a65e3948adc2b4c16c376581b92e1555adeb58391988680d131d6f405b055581169bc6aa8e28d8ebe6754843fda5
854253fda51ea335360732d5507f29b936f0e8a2c4d940a4ebfc20fb03cd624df3a125e00286b461adea9d6c0bec39d016c323f6a5125ac30f8468e0
a3cc996dbe87a26ad0de42b9d574906828b71605e216daad9c0512ac66e6e6069a5cf5176cc497d4b9a4a199eaee273e855e63b4d014b5d9ce21f906
780e8394d928fe82da21b4735ecc5166476c887b95455eb8a1422a60db8676c8eb9a7619691924de8873585dfa2bfbc347ed7b1bca232d67da85075d
b78cbf2274a3050aec3a8a358c3bf52d6881f5daeab06ee407086ec3ca64d1c1a861f5d96d5436bb08f9587daec2d08d9fa893bdbdb18016b7db584c
ec64f0df69f5c0de33e89b5fc7e6c940b540a0434e627c188ea459f646cd3296989e58ec47e7a90e04dabced684f185a8e560f3c6970eb51760af381
80d648625d230d36b5e3e2adb54347e1b3108e663c60898a24d689e7adb57c0fe4983e948353522bd417ad5b0be51df6800ef06b58c4021de76d05e5
0ea6d48fb58749449ba35b1d36a7bda3e5a9f6168edc457bf7be0a73cd2fb8b00100baea1ffd733a91b86bf60b42a0ccf78606b1554d1539bd5d4f88
3926f42508661d4f08ade27b926872647bd22494b16214e1f5400f3d4f264fc72837980e4691d4bbb118c955b2beabe47273d12233dabd6829b30720
dae5e33e45c6b4cbae0b01d9e5035774fd265d194c4ea55e9db87073b3b089a8ee4f16a067abac92eb0d1f2f1de8c67a81fe7609849664bd183988d5
33a60b0c4ce7a2456eb7634aaacaa117fcbee1163bca2522118f32966d44071a0f3b1fd30171aa3378a3ab51d243a857302d7c734771043bd109352d
ebd72b6e04b6e9a58bf6613d88489b6b542f7fb0071027e8ab63cfe94d7d2778b457fe5dd54f5dad545955ba56f5530569cc212266d947505c27b634
71c50a4134171d6c7bd0a72ab9ed4d975f562dc853950b21ce66d236bbb7392c1ff09683b5e9046dd110bee32e4ff8c65176c941e89da8d0846619e5
8b1e98383e1204201e6583d330529c1f092437ca5bd4179f706f331016a3c0f0414f9c1ef4ace981d9839c550d99fbce746c34c484aa4b450f312169
d7df910614e77af0fcf581b2a5c3da6b3cd443ed54c5fc3dd8fc2a89ec077e0a9e1f6f4daaeb8581a62c653f18909d9dec289c4d0f75515597dc4f71
3db334faab4b8d5da5e11ffa65c7eccd45ec71a11b965f9d43bf5c2dfa25c98cb253bfdc0e5788c0288b67cfbb116dc4fa85524c2473b14f90a57eb3
8cc8481d0dd152c5569848ca5f74629b2ce2406295c9e37752d9c82f756fe4553cf52776a5820e1e799a5fef5cb62f2a5ef78761fb3a658d58819d1d
65108104475989d432a12d18d2fe70053265876143244b6085f7859380c0b82f7600ecece4095229b2e36fa751eebe184b9e86881762c48f5d573ab0
efbefa6da2cc821103723cc060377fd0c98532f701a4751865f61980dcbd0fd066784f4030d47187531f3fd05dd2b0d64acc0dc1730f754c5597b307
7a1f0c8b65fdca985a26fa3c1cc79e81483b0b1c5b558aec284ed410ec95d1c1dfec84e7d71a64af405eb2cece3db5e5906b347edd093aa51271df68
1f20dcf1e256f7bd6fb4f371cb907d63b00e6a836db5613daa11c3f76086572df2f6ced976d2a10de82b476fdf6d876f3ddbc802fb819d27a873f772
d528147be89787a04343071086b8b8079fdb54ceec9e791885fdc4d54f2039c1b502124e4ede2beed855eb62b87bce5dd519e7b0fac0fe437d762f3e
35b7ddc92ca57263bf989a67440c0046da492ea556652739971a991d86d5ebecdd1b4d2308ec1e7ad7f1b6031ac574472e73975f6deedced02f3c393
5325b485fab71b4d602762f70a823de29c774de08f38a95de7cec3935a2ddb41b7921f67ca27213f28e325abf07f2c800fcb729804c6b84547b0935d
55f811a273d781e208366e94637447225207f07f60cdb228da1c1e4908f1e191948c1f5cd169c37a24bb664809372d98c3c353086f7484c0dcf5f13b
5459b26b0719ba54291c84b55b3a2b7f14760195c25150303a67e23ea4f941f5037a20aa9d0cee514c22e37b3881d91b20cf361fa4f9d89ca651ed8a
8d62a0967d7fdb811fe3bae28844066cff51f15001fc8f8a193d64e8a81cf46a192f6f40e4a844d180e13e401812a12378a9a6e5fca1fd0a6cca614e
0e80f9e0464dcdefb1b95caefbe672b13718992e9a7c1df055d50d09eea9490b8f4da707d762834f991fe065ef626fcedfd5de90fca0730722bf968e
07f9a28c4d7228f21b77e7689806b8005899866ddc47b0db110c57d6d6eb68eeafcb1c0c57d6f5f968e648b052c077f1f56e7d8785a27bf5db13f1ca
fa8674e33d9ad82edc7b87a7a5f8117778c5fbe1a33b0a37ac03651e08b832799aa3135878d6411c11d689d64bdce851466673b3bb81a5185137190b
a3c6e775da2f1ea6d280501e38bdea727018c6572840212cb93a761c5092f59d81ef2be6704c73c777dbddda0ddfc7fb031f49076722328f4f50804c
ecf7512e1c0ddf237e88560ee3f0752b353a6666e4af583d3e07468cab65e0ca63821b8f914f8e53477426a6bfacda88e3243e313cef81cd8d7781c7
699a19cbdc783c6c88c02cf0ad076ca59cd4015bb9cae71f6852b4153fe02b8d79765cb8aebbc75c307a17725c44ce7210287c6704880352322be9f0
0a7377a0fa5865990f54c1daaa1db08fc583786336848c7a84714cd390ec80adccf067c78d1a4ee882f4acf2e4c78d6fae24e3863278885195acf2c3
47a84a8a76b6c7ed1c60ac0ffc6eb5083e9e68fd6c3574259b1e6187c926e5818fa778d50fd48cf9dea8a88cefa9a73273d367c6f38543ae9ad1f3e1
eac1889ea8a73d52e703cb383e3eb9dd5c65fbce87d2ee4a7943cecc941b0290adc2d121f99fc4d85531763e58a4669dd3466d883825dd51607656fd
00cf32b0f5b938540ed5896e3bb160272e30c5512ca2fa8ffa2d9c0bd3988db9b2c9d6f0ad80029dfa03cb8e9e0bfecdb37cf8830383afa9fec07683
ebce15437f38ea731500b33fc084828e4f34409a9e9d68805619c49360bc7aa99fdca09233a19ca44a53ab7026acf3214e67e2a6193ef034686ef73d
b16491524e6f539bed68476f3b0814f33d71e7c114a756b09bdf3ea146ac4bc6cc92037ee241ac507b6a04eb4e10ccdf181f27eec09a3a9c590596ef
89cced1c4956a69c7966f1b0ed739728b462032b763bd1cce88f71c28aa8ad3f31e3e9f685565e23bab378de206167d5cb8a1ff0cd35e4df89ea7e15
b82b24c945ac86fcf35b9dacfcb65287c954a1089a7756b849770c6d8cc64467151d6cf6767fc89837ca98345b6913d221f027feb8c6943a8923a564
796e580d7834103e261c343f46a77d92784bd5f589924566ffc4bed53ba693cb5175b967c3a20396ebec18e321049c98b18a624ec8f39c1a2e21934e
9c1d831e3b2326e1361b62a44214f701da809f9d8e4531415437828016529e14125e14329e14259d93e8117362dc930eaae70f9889c07d9f3b8d562b
e1d106c53c3160f56ee834fa93312c4e2c58c5f42742d62a393cb1602d0e090bd62141b118077632c89667d05803d69c076b57ad725bdf56cd504043
b8c71ae17c3c38262a61cbaa7ef93c998fa8946b5635aa279ea9e5e3e66ea736a29ee7db869912a6a0de649dfa9322379cb70905dca21bdf3c2194b0
f0ab9725270ea5067e3c09dcb4788a09055b5d8f27575c1eaca7c0e1fca0642a12cfa72e880c09c23483199ea8fd55f15db860ea9274a1dd2717c628
87342f03723dcc8b11df5e5001fd1dafc59e9b0f70fc208a0b134ebd2e2ffc17cafcf8a6333a463f2f4b70ad36d4fdc111d190e6999cf50bfdfceacd
cd657a976a252cd9e67b328fa06cb8567b8b05bb40e1aa63ae0404b16d57a20edce7156aee2a7770650e1387e0c2c34f3dfac53d2869fbca55b80d72
d05a38c2b05cc519d30ee10c26eebd8a1df3015620c6f9baaad637ecd4a5d161b3cc2983a85f15fb28d77a633620df2b704f2771f32803c510860b9f
b7950423e3015f7360ea6ada4a31bcc01fdda00a17dcfdeae5ead51d1eade25fa666ff0a0ebd6b467ced7eccba78585d0b0eabc8ea3a80ec04fb7d91
d1cde85a1711dd563d87afb8446c46cdb9b81ff45ae08a13da8c5470c1e1aedaf25f3855a98ebd2e890973438bb26af0718516a56bc17c85f6d3eca8
a36c4bd9af8991e5861216ba40962e523ea845b96eed762de3ffe4f61081d46b9beb364298df1265c6d5e6681b84e192934dc81317977ecdf9631db1
ba871a4738a027c13b5d79823f3fdc73fca01621d8f0a576065a98af633c1db6ef7a12d105dc7b3df1594c1f456e1716e3d3c9e3967fd511d1c4575e
5a93f82a19e4e49eb7867e90fd60e3811b6fc6751b550d4dcd2dbed16790ec58496f40325fa5367b03ee91354c70a5ef0209ae8a3605e4b12a867025
8f9569648b79acc8e354cc633563ff90c76ad5d29d3c56c5d8bfe6b1124199c7ca1d258f55967893c76aa064ea04e26a1afc9a964ab742b252650da1
4938d5b4f927e1545880d310d97bdb6cc83050949333b32ce8813ec938d58c55415ea9cd9843e4952a5e3893566a3114a559a20c8973138dc6b0be77
d67fabf9801695534fcaa8ee351c29a3c2df8ab23a15eba0f18744dfda7b73a049c9b436d71d3dd5f41d272553d785818c4c5d49e6164d66cba0e16c
1d2eb7e1b8c8bc140dd16a655dec81fcb25a7fdd953017f38303498ed155e902a3336a99f5f14f560cb9b9916bb38eeee8b02537c6d8ea726f6ee4d6
ec9cf5a282f4dec1286eaae36eb4d40ad1f7469c42819c740a0a0337a1d0543b91f3a9a9e3bdb12e21e772213579d1178064e4d92bc2bb393a77966c
ad8b606436053b402124fa23c3d368c8326a7367130ce76adc399237159565266f5af5a8247bd3aa072bd99bf2ea018113d5f3e68611f57e8814e88b
4e2bb7846422857979670fb8cdcf0f0e2bf903da8b873d5cfe6053b8afcdeeb0cc145e7617892d44f1a3e44bfaa62500f223d88ddc4eb90a88bb5486
7963ff37afab67de267826f23315a3539a9f691a80929fa94804eee05f93f63f370e58697e4cf015d10dfe570682bb09b056450d061d151eb02f9fab
89298cf6ae64462ad5f37969a8e97b82f2ccfa6cbb33c37645bf3b121a6da4f828e433ea5ebb92cf6833d406e98cb6ee52e2aa543db6f2a7ea63485b
54484b58485b143f3022f431a41f2ea4246af2d3b7267e688e6e99d5890d0d05ea74a0578a7b37367e927d320f9976bcdcde1d424b493cb41a0c92bc
43452fa127d13cd5bb3f3523e7a83e1f5ebd27ca8d363365a706e7f2348a76b34c5c07c805f98792ced7e61f5af5002201510485a2bcfa035d1051db
4815e4b45fa62dac49edbdf335a9fdaa8f0cf98b1697d5a4f6de0b3cd5816c76f1e4f4515ea585d421cffc669d204349a32d320d4df5b079e6576915
89e68bf64a269a57ed4842f9ea6d3309e5e3037f406ee6509a8f68d5bd84844489343dc594f2ab2e222424eaf234e6235af5e62021516bb31cab2f4e
33d39046db661a5af561787ad1e98273c5222f4e76a1ee551d39db9719bb94a4ed9bec0309d99bfc9d09d9d732bf20ac7cf383a73f3023b51fe01692
1085013ffd715d63a01c92102d2a774d42b44a7f4dcaeead0c49888ac1f0c841540cf64a0ea2a2e7363988baa8dffc42c6bc23997ad1ce8464ea495d
0b3985a2b38f3270641c4a9a2a917128bef201a38bc56e3417f0bddea00cb7ba018e4b6b742187a8dfeab3c8389475f726797a26f74e3177faaa1e83
5c44c5783724462fc61d22317a54a2eba97161b67835ad4af824269a0e1f24265a349625ed79f2ee97b4e7791e2f2420ed7f9e4a406a35484cb42a25
989848c755f2124525c66ae273cf0ef1bd55eb9397a8d4d90331c9900c4d4b64d052d2121503219bd35c1e9e7c434d0d2829cd93b8997c4345bb6453
97af6a0ccc37a41f3cb9cb575db6c95d5e8c954ceea12217fd94602a24cf24e5826217aa2147cf29b8f1f56ed026bede41f3e8004923b41956c23442
5e0a932d68c0221b42b2202fda9f923e71adaa9b79320fa7c09c0ff7d9050be2b7351712cb51d546e4f15eb56021a55032262129858ace314f237278
6a08e3edcd0429b7cba40a04e59e206caa4137f08375bd1f8444b10985715752d54a9277a84a82c8ad5dd22c57ea3333d20bcea31e97eec9b8bbe423
5ab56724d3503142251985b27a32320a15b99c27ea222d5f481c9415d4c90f54d44f3e892666e487276e5983b65a890e5c77ee3a34c5223fd04242aa
51861d97f6614baf6de2937c155eb73d550aa9087ae297e51d2af9818ae637e60702a155d20379ed35cae83c639b023773f5f8a09cf8d63ace325366
6681f62bd9810ab75595ec4099c358490e146e531fc16d9504412b4c4b3541d04a1cca4a82a08cdb6a588021095ad6ea935920f09116b2922c283ef6
87831f6ce8841d631a3373718932a1b9087454c9155430e8ade40a5ae1c22bb9820a412f2bb9821294b69a2a88986095544185a8b49554414b730c2b
63702921ba8b6308aa593058aaa404ca91542cca2740cbb744d0209a46d8ed30b14a4319c8de1828169fdbca20883e0a0f3eca442b2ebe1730aa0f9e
4d36cea4bd0f1a923612cb390c630232324b573470e7e3206fa367868d31c287fa17654647782aecc6c2f282f74c8d94795c87c5b50fef1929013989
0813d606c1f077db11c2588a6ac200eb10dfc265e462601382ab48a1d91946cb853206088b20bc1963844691098b7bac4c58ed79b36766b0b981ac04
b9269aa3de80f9647d7bee0c8f5b85b55289a0195c448e320183138d926082607fa37c52c73287d6917636d663d08dbe27c87682c3b88ede2480782a
d98dca367f600a8242670a890d4434d3ed7e3c38071680501946bb1b0fac9e5b422e5e7c122b2990568cea2b998e7212c04cad3b8f1aee0758e78ff2
c13efbfe64ff7d6fcf00de3e7bf60722ee3a3cc24eadf3f07013b13924c34e79f00e9746d0c0616b136c839a75d20357b223b524823a1cabc7eac01e
d709119b6a9b1f70f16b3908555a84f99325ce96b986fb682ec051511b0a3e22312e165f956c498990b6a30c4e9f65e3293b0d5cb930c01865650751
20f1309a0841129599d2e572ba3a97217f289b72c2ddbeb93812afde28ba3c06b761e52d6385b559a78b4128836309223d1e88422414dc4232fba8af
831b8f3a34bb43dcdf3707c70d48113910363bb9bda10eed8bb3441dda456f089e6427a80f054f38c6f1807dc8e207986c384baef561cc2b899d3a39
982b899d0a590baa899db02aaf6469aad817d545652689622a699a32d9162a699a32d682a32cda6b9421b2acca42900c7c962b39970a777aa3bcf3ad
ef516d01dc0bf12f965987a8f1ac22b9988afbbd10f282b413a31c228ac460f1b28530d3e341f864402bf624ce5832c46a2d093d3a4b4deea6ce85d4
28df6811e898c4f3c98e099b88e2b89a41699e4fb224956dfe80f1970da9529c752e3fa0372ea889a956499894441fcbd4355a6e04b965a465f6c690
82dc6ca4541e65d7ddf7c03ba15fc7c393f950093a44fc85d0e3a109f17dcc3f3b4fd228604d51499eb4e28d59499e148db2004188c6c2303c8ddc20
0764496aab4325a5824e57952c498900d89564487d716e18b6ade451a864432aa47ca864436ad9def4f085ac92aca8cd6dc39f4c0cb190e000a3a651
86e172b59ba31008436a69ab8b87d482dab992b9a82f029284a5d943f77c31d48ef75af9982fd6a8c85634861bf65b5b4f96371aa3772cf509be3cca
70108ec4eb68ac5f2a89891a26d995c44405567c94852017641746f981804a28102b8986dadc6beeae360f0737cadd8388d72e372b955c416d71aa27
1a60db27e3dd3c7c81dfbbbb7b42c63c62a76795b222866065f20281db7b2b225e8d0796b5d2fe45480cf0f112b8b967c1eac68b187ab3cc307c74e0
157377776f2ee29cf09338c81059d3f110c3af928e671c18eae37f2b5a241b4f9365241bcf6266a94a3e9e4ee4f64a3e9e45ad5a25214f9bf34498d0
d3a59291a7c90f2ec6da636749c8d3b06babab98149a42b29d8e0ab6926c6711a99a6c67c51eb7926c27912a719463b589d336ca300d8b1d5c30a22b
653c47c198ab0e6aacfcaa3a8fb530398f6b44729e951022a39cec98118584d171641e651692c52383cf8a217425834fc55eb192c12713fbaeaecb9c
81bde1fbcfd692c2a7624934ca4fca7cb04e83481f167ee083307aaa84be1be5393c1fc2749c9008a35ca8c450357ac23e723cc40a7bba49f4b3622e
5dcdf3636ecd4aa29fca1d4e25cf4ffcc0c043313848bb3f3cfd81b5c7aa5aecbb1a231023bcf1c0c95b2dc768158256f4820413ad6400d21ab592c4
a7d6f9ed4dd90e904521ee6b2660361c86b97d1e4e14e328752695e43e95bb8eba9a38c11dc55b6dc5ceb992d12765972f6b02e67b5dba184516697e
ec62a1ae7ab2812c575c9d81fb157de1dc2f1c9d572102e766655112ffac3847d4b51aaa9c6f892ac10d7f258d4f2e422272d0dae7079deb00668d20
84e5f0281ff82158c61e170e62558fe7b6572f1f7dcf86badc90a5556835d58f83400e128badf89de1f33dca27f21113db8498e6c7ac1e22c16a3a56
04d675e6dca3d1e68d31ab4d628124d40719eb220c52779332a092752765d799a43bd5f16b36d53d3e1d86b9d12f3ab622b6e9924cfaea9c4f9141f7
7cba5adc56558f5b3726bd65d3a050de9587f978c7c04d1446ba01947e952c3d4b52085ac9374028835146a1e561530672a43b2e650f1bc2ef5e183a
807270fe7a780f4707f8a6c97aacf8a6252e5bc6035718e233b2e63ddc82639e66cab71ff803c2948003f59bd331cbf743c83951b1b869e8e4b81819
65cd2afd78c38a989e4f5daaac239432ba132875d708a2945432ac587ae00838ca80a968fb04efb88ea1c38b0f6895cc7a4dd466623d74afd5fc4064
aa1e65ddc8f81acb90e6eb627de649de82cde910a629cd329c9e408e755895f05c4ec13689182da5326b9048d8e440767693934418271981420bb981
62104cf3e68648c8be8d03cacc10b5f0ea1ce519d884724781e6fb93f56540d88e6529215ac2249a09892a17a102892a053ffb31bc866eb1b9f824fd
336ccd782060a3c78158505904f074619dec9368df6ec4d3c3e70701deaa7e56ac54aa0b4e60a849b99e2c201c27898da2d1cec3a2484799bb996459
1c69391ca3e43d1241788b9f1acd8532549fc87d35e9960ef098990803885156d1bf513e1943f1011b8e871fdf9c553f36994e2c97a98c645a4965b4
c8b8270d97d9503219652e1547197d4db73e6ac5d53a0dfe8f2211f2719daa643b9adc4982821348bc92e12873b359137e4dc4b8a924352a04faac26
35522797124655d932016b9d6350d444f4ae9a8c9b0f5099af48bff04abea224c74bbea22148fa81c78509649113343e19377ff1e36091673b44aeea
7e0b1464ab6b174dfb6821938b48b22125615204ade4e7aaa4084ac50954a10606d11c41ca57e608f29c92236851174afa9fb5bb7215072fe803d97f
0a2668d5ec3fde2e57b2ff74fcec4659f8985f933803aa435aa075aebbb1f3c146a4ffe9dc2b5633fb90e0be9ad887a05c95fc3d25cdf20142a51dee
c19afb4df8fbc4c55e35b14f1618c99b9705462c0157f709cb11aebe46190f23371f97eeec72353b6696489189909dd5bc3ed963831a322d827203d7
78868c1fe894bb5a557ae873a87c8d1f27cea5c1f60689b7552ec2d2e229e5260cb7804a969f75c2da6e4b0e7037d60f2d4176d78fba975653008d16
58f3a0c92bfea2951440f103fdef3adb30b01da60d7290a6b5b47500090feeee5a251fe02a51029027a8a81a224f5049b383a71fb03ea1c9acd98342
987c425154720615d56de9f02a8a5170c9965d674c2e93125a3aa60137e539245b62480eef70fb843a6c52e6a13be6981860d854b779dab9974ba258
7880a40e25a1ef4cf3039da12c83dcc581273d380c12e46e1ea20b6f01c72d199fe7fa9a8e7f9401106196d0bf731f2e1bb58ec3b6e7d062164ca26a
d260dbddc5a8332da2501c97e6f1c2ed35cdf70847106f92f8ac73296f8cb7dc872768dc7d23036e5ac4a7410df39ca7d4107f9e9aa4867053a6e849
8b07958bba240e7ae23eb6d9c56d253608119ad065d55c3c78d35652f12c18d15652f1ac844fa864dc59b95baf59a316b68a943905df9e9a8d6cc8b6
993267a0787fc03dcf861095855c72e32c586b5672e324828e5452e06ca400aaa4c02984ffaba4c049aac1b26969e788164205173b70df6c095526b6
b275e6c0016793eaa6a869248f4de2cebd9ac62671275cb3496ae189c863b3a81d20fb4c518c35fb4c9a8b9750a8b1b9a49c49dd39241d492cdf7ec0
244214ad58445512cbc40f8c293b56bec87a77f141c60329fb4158ae74abeb7f6415b83ae0c27c3303227d30020d950ad1d66cb3087a1fb305191527
7cd365914b6324e495c9f33df692c5f2348b66058b2881cd2e8643a27b5c7154cf9218667ce0bcab1209fb22058425cdd51514e6aa769e9443ba6c1e
5832c3742c0f2a9961c60788b5591a08912535ccb6b9228d5083cea739515b32d30b84854c2feb3c35d87c2482ed8d0782db38d6666c282a752fd381
3984cdd51e3a49013c2addd048d587c22d31c3e3662d396cec36261074833859876869903ad2b66ccdfafbb42ea41c4e8af34c936c0eebf45186d248
c649d5b2f5f901fe09b38cfe22598795478cce521a72c15552b5642934995ae207be465b9a6619bb60d7e270cee0c47c686560d955754f24422bbc58
3edc38cbeafd6df684d7b35901ce11123b6c9eeba0410d4fae4a4297e21d00195d9ad7246474d18eae9ad1c56c78958c2e8d0c4e958c2e49da694297
4466fa9a8d5def193f898ee5ee8650bab5d9dbe907b6c4c2ba3441cc26c2cf0aa50ad626754902a2d46ca2c80bdd00dc58be1c2ca42d8754ba3567a4
f4298412dc21bbd797ebdaad44b0be6c25840f98982cfd535e25934b5321452297f88101de9ab8d0acf42fb982d8a6240788bb43522146be1783558f
327675ee6348949bfae48ccbc284f6279786426f50c9d644db5249259f1c54b249fff21353717b7e727de1b97c1a29e06351902af95efa638ee4b217
964a1db4d8e9e9f2805a49f8b262c25d678e17b6cc1c2f135cc8f1d22495a47229defa90cba5899d4a288c3369bd46d909826d48e6d29666255b8571
2a068864390bd69f49fea52c4430662fcb42d0b8e607d3ba7be30191c37128922a369420af8d2439b5101d8dc833a39cb87da24e88980d7f86518630
b14be48b69aa1ac917b3cea1aee8f69bdfbaaef3634843b5128a0564c3925443b39489302a9caf42009bec34937376f9c26f218bd00b56a19a531493
be8bf54bd27f9f15831a2b58923a26e38e5d4dfea236ac64339e502708eae63559c1be851c2495e42fab4a7f92bf44e2397e20b8b06796842f55dc4e
c2175581a590aa00aea618826376101791ebea3a166700e22e452b1b7f70d7365b253e42b3676e28110b0a8e0e0ae5a5a26ae9960d5f6a9d83d131cd
903e579522c5401ad0e7b279f45de04df5a46561d59e37cda7989c61319de807b1d4072c95114ec829d388bb5fc9fed29457c9feb279114dc697b4b9
9033af1aed34cd4a1945d7ae97a530659af0d26768621a0ad25bd53c1649af1af24204fad92a7ade34410f1152b673e682f1e2936430aba63c0545af
31b9c64320fd322b11abc79341bc4c555b853015066c1c0fca147cb063649a2d73cdeeb22a4912c8af924ac6c858a33cc7c4c81125e39ef92358aeec
73c04c518b996ed344fe44aa36c70c7ec5b548fdb3186f473362ff41fd13913e2a19633669b91963927c21196396ea2206c9aef8028ef285928e8608
7dd4c503a77b86c8554ef78ca10635ae38095612c9ac78b35612c9d4e214ccfbee129ed8b63d2c5f36eac7dc09a14a28274e01c8492492a9d5a9112a
a97a64c941fb1037df684cd0bc14e9a1b72664795917212dc8dec0fd74a6b98b5b840e56724d2e97accc442e97ec855f21f1ab7c5d2180fe43c04483
da9dcd133438cb6816446418a068214196966abf64691903ad3e84bea85a2751a75256eb66959df7893282919264351c048040c6964577954aca9655
d198942d2bb1c16b0d5296bd1f267d4b223e73257d4b15a26bd0a8ea71201b4bd57687642c71d567436844394015df0597b7628ea25c5457cf89bd61
8ea264486a96ec454ed5c5b7da903d00b4a460494480afa460891fa8157791954c40b54a986625e6008b41aa958a27c228e3edd7acc322895c2b811a
c8a655499c5289db33cac440017b5592921188649403db13e4a2925c6552fe9a111e51bed442004a17af60bc04d624974a15a75563402166d4c24051
379063a57ad06a0174e070c8a5d2885c37ca2c5171c6858e39d655ad6871592ab3415620974ac255b0924b6599823bc954d6875350f62bb3296dbcfd
1a6771b81a12a50c62c4582146c1dd7e04bb911f656a4acc8f92f0ecace44759bdaa273f4af5d09006258be96adc34aec5956a7264d4512e2cc27463
699d07c4a9811a2ae29fec4525cad2878fb9097710419c92bad44a764e6dcd2a9ed4ce1a0b173155dd35bba0faee9859b140fc9bfa938a210b69e46b
3516a5c344d27ab8a3788d91427a946fdaa17c628de0f055c44944eb89738c8b757add6f59e32c7bc37aa5c21fd5c0973d795643ca48d98fc9cd6d92
c24a2a9224d349ca91b6c02b55c2c6c95ed71b6c2096404a9867f549c025b7692610f1b891e27a81ada9a4b8d6ce86cc22cbe6dc9eac9d780bd31499
14b28c2c8b882198ffd5cb1bb38ca4eaf17c7a796f0766b489f2f640f6a503528e3431f5a6f51eece1a6f5de6639b02a1e54950c22f39ad90c225373
49929045d3de6d81abe1546d204f926e8d32ec64f63d38afce0768019bb02d588122496d32f88473190fe8a4ec4d14ab76d854220445a8db0a4de514
6d987b784b4b5a91552173f316c9fd27af48c287ac9257646d2e86aa34b67c13f5426e3651aff7669ba817f264be91541db8e9afd89f8d28c76a1136
e3cf8319483eb2ce1e120493ad22c7c8143dcd31a27f6025c748f6fa7ecb5e3ff231899c354f26f7c8a2f3e67808095a816a23308ef74ee41ea95a20
917b243eb025d0c8ea30205c702d9b418b1d2af6ef62880df3f7145cc847b0db46983f72f08c72e50a85a1200ce0685637956f5e70909ca4aab92339
49caae1ae85be3569393cc15276e8e9601a41dc95ea09076a42a549076a46ad841769145cb5eb38b248ddac92eb23c04b9cd48b5741692c4d69cf7c6
b5a22782887cc4fc1ce56c437e50f8c18684769846729384f10e65b6c253b0397f18c26d43b1011bb4613b825f75dd9a60e6be10924f2511594b1619
f2add103c472c3a16b5edb6c18d46bd1bbe934ad9b0af94caa2cfcd62559ccae13fb08b4b9296268b5b3614b529c6907ce04406c49921e1b9be1493d
a5783e27dd4336cceb3545db826e64ed0d37621bafd010d2a1a4ecc7a64301c56f5e5c69074f3e94b0c0a2ecf8561f5c027adb1d9f2d393ef7942079
8b50c9cd1539e0abe9504cd05a49875271a8aa9b1285c876c3065fc16ae3e64ad68edc28157fa4baa9365456de08ac2a5fb419574ff8c667da6b44f2
a78c3abc0fe9a2aaaf35974ad24782642a556df446f6e6c5118550404ca9ba110d4fe3900d3ddcfc1435dcc3e36ed249f1004196675f68de5601e0e2
fc14df737e849ecbed14a362f8d1a077e451a9abc895c822f35ca99dd3309b3c2ad35c73531a99473aa491aafa79bb0d0c672586213060eda1b2979c
2aab8cc0f6740f2c07025686dab4dbd0b27423574075ce4f634dd1d99361cf3aeeb248d47876cbc762be5552b15402105732ae64c50133ae24f248d7
667e49d04e7b682299293b3fcb2c331888542c0b3ec795542c555bcea61043f2adf1c0a929fe005042309a37574458abe66b213fec28bb22208eb6e0
0d05f125794b7accaf39e1ab75581d3030795992f7d66d65d8cd32fca8ed18cd9f63d908cda1156d53c565fd44f483cdf717a4cd6f998d83c6f23135
b6a8e104bd3a65c4106dca1ba68f84f41be5984c75e1e31aaae26038ca04449f7590189375363b60ed32e1b6124526b6f99afd70b108f13ff51e6487
c984e5ae4d3aaa013fe961aa6e20648759e6ed2be9619252bbd961083b559b84b4815a4d0fe33d19d9615605d786366e75c1084cabb7519b261cd4a9
ce99719359d94bcc16324c5833520635bad818f3ebbcd2c807598535cd3c1a9c2a1964aa371c6da3030e5c534cd14ebf11e35a03f726858356922966
2daeaa19b714a5c91413c69694b33ff8056efde0d2c69d9562650bab8aeae50fd961aab731cd687028e95a90a2ee8d3649609a761ee480898896f4cc
1594d6290d2ae3bd56237eea2694ef0848a05513c5143787e0187869d7366f975c55f44b15e6a2a95f12f208b3ad7ea2490da47b4d6ae082c50dcfaa
2d81596312f920c703fb3ccb38dbceb2fb03616e384e3d6cd51b1bf5590ded918e78e693d14090c4305953e6a600b47ed4c4b78536a911d2a9924dc6
1082b57937a38d12e964565d65492133b68561a17eaae23d026f13237c94b9845a2c63f7643bf83fa5ee0f2276e74a3c28cdf81acebeb2a2e47aa9f3
3499771166a63db50c73b39f6050c4cfae4d1df1afc703e804b1a683bb17f6a56362af32bc2bee684a4e16985ce6c7de6efa31a0056ee98bc3a6ceb2
f8b10fa8dc1837f95aaa176c2453998c4d379b15048f3c29559351f2a1840d20652f0f199db7f444ac1c0f4ff59851ce98ccc3fe91ada4a983ed0557
1f9836728f246f83c83152b59ceeeaf017df5fb4637de4040754dc29a719dc79750b3b3ead4a1c1df4a30d58478592b552e844b2d44c85242355c187
1c2351c9afe320cb529263a47a5fda373c0320f2e415690fd76b33241507b6eb2704ac9356a46a194ce690aa495fc7615541b637a74043989665d10f
6944163d8849231216fc748d5ec54bc43e632c4080cc2332c1add99d95584a81042f55ad127ac77141a0ea0e95de88ecef8d5e87739e1dc3e3a659d6
a2819587c7cd6a327bf0b8fd43251a9a955c61d88c0e8fabf11a79419a08ab1facb01016c84b57fc510eeca8e507a940aa367dfd10fcd92982511a4b
6e3cd8109d911744db3af2826c136ad17b6b56dc4f6ef3dc05d4deaa0a3b77cd59f71112892c04e5a82409a9de5b92f3632543f228e356b27ed456a4
933340cbb07ea339ca96dd2c1a7b7296c40084fad10eb23fbd196776308fd9cb44d27e542d9b4cfb9109cc5749fbd1c87a5649fbd1c86e31ca85ddf2
3d96f8ac07c93a9a5cf5eedd28dcffbe10cec53617ee6a60ccf6e9af0fb4eec1b14dcfbf7d5dfda1f390c0075602e0b26500884849e381c81fd9b2f3
0938d94db0aa959cf93d14ad49dd51bd23dfc913e02ddb1ea8ab111d6e94814a44921db7172f5677983f577e877f9334ef78b1cc01657106ede04fa9
c67f2fec20586f2fce866f758f040390e9232c06e9ac00b9d98fb1b7b063b32669ddb0a364e84e9900be9adcec84fdf7527af796d17514af70ac76a4
7b757f3b26ab0acc3b3eeeca4bbb1ad7641d67cfaae0a398954e76ee09bd32de3b47097169efd84e38351209254124b044f75a7ddf5d16eaecda6183
0df6607d1aa14b473901f17486eba157cf240f890f6c89f52a7e80d6d1750cd6a73797e5b021ea1f6cbe0d610043c2c0ba9f901e68350940fadc2872
d14dc08933dc4518a4f688a8433e5c4ccd0fc24d70aeef2553c7fb797e19dc2d47c8cc6ee32e79ec6e1123a3c63d3bcb13ef378b27583c191eb86a7f
d292bb83698651078e87960e0be5a0b079be67442cfc1124bf0b2da4f3e8c2e9b1300330ca61982b29e641b69d0544403a8f451276707e95f10ff226
8776fc23b8ed80c920e8ec2863e4ed08131a45a0c1ec1ebadc90dd6331fdec78e8fcd029ebbce7c7a0e8c5f798a0b34c07ce6744be1d65d4b12e0d47
980c0ea36c07acf1816a9268c695fc210b41642af9439a461664f7a8de4d91a0a3cf8e3daa9af31c7154db63feb0724dc9482b5e06b02b66eed096ea
308971b14e85df6774957b53978254c5c6af2013472b6e62b0154db358f26d6c7a31996fc32b4ed26d44587c3ad8c85301ef71c06f281e933d236b12
7ec849b8d17212c9b56b7234ec07ca3d6da448901195987ec3267bfeb02375d09b5ed09b3d18a91ff9ed900f41e545f68b5c1c92a198b4e826fbc5a6
984ef68bf88131750f1f3fece024b001d929baf8892c14959c51952c145dfc74ec7ecb28c01e629503eb3bf50f64a7a84404ae64a7985e9c64a7588a
53c3f82ecb27909e22af8b953887c211a867991d70c6dc2a191489c7c14dfec3f9237489aa67160a385ab250b439cbd380f26ced69140ccf11ae5b8a
b807f197a61ee8d0e65b68431823b7673525855cff416e4fb573c765e0271abd1083dd666ff59df2d5ec804545107b08305c5f652f790ff8a189ac08
f0eb0d222926aa112dc830b1748833c923928609c793ab7604ed037d593654028924ea5c4984af0c537ea048d362e49017d2d080c4105dcb15723e54
c22156523e84dd2965eebb00bc99f2e1e3bea7e47ae85abe90eaa192b0ad92ea61f45e6d19351efb4bae87ac269a540f6b83813a518b652f00cfe0b8
d66d7ec0154ef703868ec0669a07c9af691eb2206706875afc18ef5d16ea942d533d77e2d89cbb65ad232d636a8bb87bead78c70453287f89815c466
c00bdc99cc01583cf1962a16d9956e75eef0404ba79179573f65ed16df5fb66f67b2b1969fb88131cd045d02424916313e408573e26a551e564afee0
0376d7eeafe19c6699e8a02e1efa3fcd2449ff90349121fdc3001f96027f2ca5e633e84ad670f8ccc4a680733ba52bd965c1965cb385d3181cae294a
b8562d13744078295acab25e45c4327fc047fbe10718ea38ea42f805418174522ade480cb134179b6c5246c5390deb0b19262f4452f1711ab21011fd
94de80ddc8d490b4d62251c392e5f4cf0d07ae6639f903ad12215d9bde13eddcb46a3b43242ecd2e883aa84ff3b971b32d8c109ec99b4d533be8044e
6a87ac8ef024d7937aca13a5dda0ab0ca3b9b396edcc8f372bf935c1ae050bbcad94684c12a16ae9c477eae1829124423799138ddf3c4646e070d4e4
8696f72617c4e8cc2dd47959502026e03ce598b165afa7c90cb17a21466688f8812f480da1f5de897d9bee13279e5244c21b65921c80f64eccdb3477
3d316fcb44e5ace49528ba4a9a57427306d24aacede32ea8a782ba8e9d249d28eac3cf5dc73a864bd82763109080a2cc3d22ec93b123c826b11815e0
3cbcdf678487abe6fc8258661d084f9ca727bec1507dc2eb816141b20e2196dda2133512acc2693428b74b8f289700c5a57a2d32512cd384e52486a1
660f2746e473bb823c1632b78cb2e0cdc790478de54f42156a00786242aebafde4924abf83930c4f7dd6810b289e623ca588485f496db11acce43459
a0cb7e1b5297e5bd057ba904199e261ac6324e1da7a92db2ca67525bacf320069d2dcde3807bf25c53e2df6b9f47ca8b24077d3edd58df0ba06e0826
235efa9ccf39241fe01b6625e38b58764862eb50918e66596163238ad2f54c1614f04cd6cbff2434a22a84f3e9ea718c2fb51a5a5c5c0f6c87613a2e
8220ea3e4b868da261c5152ad5ac6073e18bd5667da88fb326f5466968c8ae452f143a58d0ca33d46bf19431b98be0868615ba16e606bb431a8e9520
9695341c665dafa4de58bd2bbc8c602fbf63ea0def3d2e351f20878bc8502d597674d481066a197a214ee9097d25c016aa7419ef8340aae3a1f03173
c625d94b860b8bef4c70d3f140247578e82beec9e60d32393c12e9492a393c56adbcaf4c100647cd7558566f74654f0f1f6787c1d1b8b810d3e9eae2
424c9a4e369055c3c72ba8695126ba20a6e3632bc5559f814a4813b2907da95e1a9813be773c80aad247f9b70bab13e30e5e9963006a21d148b4c652
61966e2cbb0bff2fefb6af5063af9d737341cc0dbf7015ac8aa19d17e95d9554c852b2185cbe92a6a4b4d9a8f90d664bec70b667a34f03fb57055940
9e2f52383537a97a716a19be83237e9929164a7d6166a20d88694dc82958496b92d5f95d189937819d24d85e285f41b3fbe2e1d818355893d427a90a
7edc9b75014881510329539f90b97894f10d70ebb006d157e7c2afd9fbffabb914b3078d3f191171f38d777875c10c19ee32e288ad920ab13afd2e40
d845c7b513927a7517d88f9f380750de5d5f1ad2c41c7c7a499b0de576cdf08a4c7a9f678bb2d141dc8520cec95b5b52b6ac4bb58ca2bcf8b1bc83f5
8d7be22838ecd55130d26a7d881d9cd075c015d91722a9b13e4803b31896e03ad86588e9a5b42924104b64ae2f895f8cf3709d0431cfd60111b92a27
ee13222832e9ce737871a7efb704c357a37c5d305d1a5e5cc4eb95085e170807d2450a98a2f0420a986218d0eb9ad1d66949e288bae4baa7f29032c9
119ccdedb23bbc1b52ec7e04dd6b1f2a05da5f05f2db3b4a1b02d636f7800888dd3d7812f80e89e892f069aa74e946e5d994f019f0f30ac2d7d4545c
41f8ba1a7972c2ac0fcf2c990db38140af278cf0ac84c260f600048b16b83224574135a10bc9a44679c7cb79f91876bbb1e098f2fd2dc1832bb8b942
249dfa28bbfe9532ebaf1913a95f06e4f20351f7356f26f54bf66e91d42ff141e2c1f5b74ce827c0f59628820349e592bd80bdd53372286ff48c3a29
deeb0ca4c02808d3a1bddb6dba6f60943c30a5d94150d126f773af9899b18f3744341bc3f4968a562b9db87831226f3e9bef6f3f70184479e4a49014
a678797e2b611a0ef60efabaaa95ba952a5176dd86d9d78be8c6dc5293e49b301f5a7493fc65254f6c35f90ba99f479921593f8b0358ede26a736ecc
f822eb44c297f8810911e0ca0871647cc95ea891f1a5ab2b26e34bf1769e042ec5602977b537eae32dace314a953d25c9730094c1ac4dd8da059ee88
32992213b95356950ab732992345f432002e29524ab321e2b7ab9425cb49337ecf872c27680948735254f693c064d58b9604269bac33f94be2031fec
819676d25470fa4c60327bd88dadea212124a2760337167a139cf5e081ecdf87d814c6e656f88138de0a3ff0a6242f894a2c0031240c19721b464a86
d4ec259259b2978c9618c601c0745b657b9af5a16932a73769f9b4d5b835dc0033df27c30087dea7c310dc02f56fda1bdf81fa9b0a87fb7405e05aef
5350f26ba25e673f38b9eeb10ce294c3bc43d1d8f5e6be4fd71bb0ba5c264f006680c67f22a54afc602d0289b902d8017acb7b5fd86bd78fde9d9288
255a63ea0a60ae1b6ac8b91ba61913c75d823e1391c4880790bf34ce24434bd1e0960c2dd1811f7011edea207fe5d910e2f82c0bb2220ec34639a710
cc925a6533b768757ddfb8e55b1fa75d794732ba4443ecf094b35828a246aed54a449c9c1fe0b220de0849a979a3fd7c4cfa5f78c08b1b5441ea9619
d2ebf9808ddc2cdbd046190d1c7b4d8e15d3905472ac64596752acfc2fc6ce2ce1555689a2538ad254311c4d74fe43f8612dceebfdee1b264a4f01d5
ecdd0cb47a97b44f23675e719890bfaf384c4ee497285901da5ea364d973ded395e2c756c2f72fd29d34f72a26dc4b94ecbf3c5d0f16a614183ebc7c
4c4db51cbb3a6452316e172695f49609914a85e867a66114f9987664871f2446789ab0847a1548e62d5873913970a71c757fbd2e4ac3b9f302c5a45a
eff5e6321c2a453fc2182a94f4ac02e3491ab90999c9465294cc4403cbdb402260aebd5e29747d7cf199115a0a6693269491cc2655507fc84b72371a
ebd4fcc32fd6dcd6080717c98e777905734726be1d505fd6371c256934d1abea50571f484a1abce0fd5575388a5f8011f231cd85c1f109585b0e73da
084914072e850a15f94aaaee4d10963411dbdeb04eb46159c053edfa2bec61f7771bca890e6292dc333a419fb59b52762d3f705252585a18e306bfac
5ec56f723b669d432d92e2604121720a8ebac941f24ffbe9660e713aad0b47aadc7cd9a974527b55fa0d9bb42e16c3c0a0572c5e67d04d1001479817
74f6ea8ef962367706dd4c7697a2f14fae757c043fc8d2171408b7c897adc61b302422a901518210afa1707ccc34ef0b2bb47f6f44f0f1fe4f6bbdbf
df8451997ec89f6ac2ac2548091c1f4dc73a393ef6447f08b2371f78cb550e48d9e191e845dbb5e73cd0097b3a039d2026f1cb891c9aac0e7dc7213d
6487bf63880a247d47139208fe8ef4ec277f47634b8c0f5e355463a6bd19246902c1567705441df383e24ba0a0af3d2c60e7981ff03b1ed50dcaeef9
00e6e9da0102d28d00c679a6d90dc277206a80993b60dd682ce8907403efc3807463bd644e3f0ccb27e9c73f68c4413dd66a08e83806a7f6992ee444
834e6ffabe433506bf2f893b385ece34a77c0292e60320d7832aa199e2e63ad34c9ee2070ffe0d640a5522e68c9906207d5053e427fbf34c33b885df
9b1d96648a2ce5ba1ab06524014c334d645ba3b02533076cb733cd8c714496984cbccb03868cc4eb3c60c81844d105ec1727707401fb4587e02460bf
3851c187ec170dfad680fde220c42460bf389961334d94f6c13b41b4d28702d0ceb4c39c54cf58326c87dd51268c67be44d140c016e702613cccdbf8
e065884670a68d29e67d206009789be98da040fa41cdceef9bb1908201266f87d51ec4701ca6f18d8dbfc21602368c0e21d34c0f8e68d46a18854e53
052fff501303ef0f4ac709a8b8c6640dfc30ea5826800a0f992a4e970fa7f67658757c0bbb13fd1673bcfab0da74b84cd681bcef91b87571a4b4dbab
1db5c67ed10e3b0d6f44b4a8013b85545b332d3c3abf7fed7c7e5f92b43487f72b34b9ef1048d0290c2857a2f9669a057d38c9f06444dd39d34b34ee
7ef949d5420150241141159054cc8f3b350539b529947e28969cdd1c6f41da9e697c1df67a23229fdb564040518afdb58eb7bd3beca0b87d9cf68fa5
85b9aa95330d5886c30c5c2a7152210145dbe2032700544501a34436c5078c85b0a4cc74f28183bb0ebee7b08711cb4421864410f82ecc341a7556fd
817bb4353a0e8c7b34ed8037b0612e0a5821cecf4e3353d7c635d3225c7cfc820ea89486c0c5e934a0913888f38c639d7cd34e82fde154a01d783472
df89439f6b86f028ce4ef201bd05848f3896debca34d0b581e12dfb880e4a1135714903cccca55ff90e581020812699c62e250ed5d7809c86cbc1366
9a8577528be607dd3ff08f67c140da3076ae9c201b579180b5e124986aa69b7f50295cb089000ee81cb4db07740ebddbb8a5b98eb173c533800deae8
bb1afec13d8e097d100889dd216070e828d667da4c691b87c646dcce7cb09be8006ccfc50fb64724b55b724fd7ef38647065b541c890f0c384840c6d
79ecff21df0e85a293806875227f66da2ad2246cc8b973c651c40984eb24311d0139c3c25420bdfaa6f3cacd9ee6a74ab162ffdd76872f55fff08119
e4582f31d609820e3818225d0f4b2a8d6ac1f2311473fa1ab2477f2cb11468a6671a8f7cfb186670305043860571f90286850e76d04c13e5e0c2fae1
98dbfc98612f7efcd2e1a41fbbc234d16d887a581882e0b68085a183113dd3603174df5ffbf8073179204a3e3606b7a1ee0a9046c199e4a1ae383fd7
a16e542beda10e0782803be1f06c740ae4c89a81da20c14b080806d223cae9290b8681f9c08ec6de7a9e8e6c9266b2e25016700468480b39021aee4b
0147c0392cba10eceeef4b68a04a0cb1ff9b251741f8066982b50f3fc56f8773cfb96eb268be67d25b963912b17198cd8ddb92ef18374d9fc21b50f0
a60a7803823b509c12a3f93bde97f846cef412db9f8f699a82bc00f9bf83271780f877dc4d661a2f4efb042d67736a02e33faa1d84c10dd7b599be7c
c907fc300e73b2da8ce6494409ee0533fdf88765834de5e0e033d3f0a89d0f386b21e84f408c77a3916d382e055401278aee902aa0d5fd018bdc6126
8a04808600fabf2b0c4f10a2f0b99c69b4fd1cd184fb576c9d814ad2515e222cf794129318617b1af4e6e808bb61c770a46b369f906b947c336dbf20
ff4edc32173ecd1fa2ed4c3bcda99e3683aa0c61afa9ee006e8d8505867fc7fb2c4e213aecbf758f4d45b7d0fba793633360d2a4cbc2d8354fb014dd
a3ce75a86beedd274a56b7e8f39f9f26b9ae4b6d757b3cb7ef091d02ba2e8ac0995e97c89da94731842430fc6dd7eeab06cef799c6882d00f39bdb32
80f9cd1d4dc0fcd61c45e345941e2843db9eec124cdb47d8ced2f5cc39ae35571307b9b273d299c49c2cc25e7a28c2098732d3abcc29adb4ed5f67b4
b627d3a350f27740d5ed6063e1b85c805cdfdc4c41aeafbbd6c43817fbebb505d4faa5bf5ca17081b90b8140dfdc78ced79046eaf0720bdebfa31e49
bffd0166b6f21781bee1591520d037b74211e81b9170f3c1920be98bb4bfb33b31d7cae13b419a7d1130e7f9b0ae9fee85458a689a560eabdd49a376
64ad0a488f0136c0a36f1e6ec0a36f9e06c19d6f8a7671e7bda3812fdf70850a40e58be7d6b263984deb35ebfb5fdea70ea708639c28caa9759c0f0a
8555d3ab65a3996e7e40f341dc85b269a68dd820d7c204a9fece04e14c0152fdfc98136029a825987640d5cf438c2fbd186ee8baea48b1f316d49d5e
45c1ad4f223602d8fa7469023ddf30460710f30d63c34cbb42d8da0bdb41b1da703a77b60c30e61b249301647ca4994a5009685d1489c10effb0097f
b9bd0578f20df782286a3cc3521e73a6d770a3f0845f42084ed3d61dbd0640f3f971021126e87547d079399aa3a8f2742045f7fbf8d2f0255abb447f
eee9ba549eb9a75ca0913a2cfae7075436988bcd9c5effe0eb448173985e4afc8f392d95e7091a4b804d7f48521c80d3d7621fba8bf4fd205e8ee9b5
ade1e71060cd7728ae0378f9d3cb6f197a445125f683c37e5dfb4127e6294077176b2244776f9e1a81779771314071ef876b91fd603826063f735a28
40ebfe5bed37e8dc760ca763756420ba776f9d00b777b57302b7132511a0b0777527e56ba6ae95afd5a6766b43e838c90428ec1d9f9799beb838d11c
10d9f1670f10d98f7fc3f3b52fe879360a752240b2772fd105300c54b901f27a47b31d22afb7eeda92fbd885b94eca1d73ef4c3bddec6d8eca5e41cb
e3385bf4631114876fc4c70943e8e1a10845cfb9259c4762bc8aa22ef95bbc8ed74ff58fce0366327aa60298076bf14ca36e621ba81fbbbe92a63358
cae09f17e5493d8042f8f8fbcd3bab4675c9d6aa9cadd06f613c0850cbbb8ad77a72720c0be6ccad02b37ae6c6ea17609b77f579629bcbec1b609b77
d599629b4b413c1f1808967ac55da0417037ef2dcc193ba06034b34138a403b615a0a1175c890230f479aaf777cc38619a0015cee0629ecb051b5510
0a4443ad44b7203faa400d9fbf5091e68b4c09c830e70381d71fd3e91f1443ec93fa90cac97a7070adcd01a05e280d08530941cc259c0c40cc0b3af1
00c45c10e5b984d1a72274c02dcfd8697c76ece60eea072bb92ee97aa41542258a676c54a11eecc02036db3e50da61e80ea0cae783f30f7705bc4ca2
0a548418ac8abb70021a15b9ffb8fc83f2042a3a7c89f20e73b53c2447255c9248a099b667a8079cf12d9dbf620d2115aae18fb6f4223ccf124411e2
d60464787e9cbe8829cf2740780f8cbc218e36e885012cf628160c42e7e9b75ec931bd07e0d743d1540d7fe4205df15cd635713ea05c2f7e6013aad9
ae2600d91fa25feb1618a05ff7e19ac56d4b3fc500fd5a9aa810fdfa631f3f684938630a7eadaf50007e5dc2167128c5f415805ff7ea6c7d453de6f7
d78fbb0f98b3150b323e70d8018abac32a12a04f576287669ac84bc465832c1d14a599465063560ed0a73b6ec90bb0d63f2a0fc4d33088c0521f7a97
04b8d4ddab3b20d387a73a40a61bd16901c874015c2dc0983e74610840a68ba79d06d29caa5970a583c8910057fad0a01b004b17580667da181772e5
9c596d034e51dad803c4e903f7b90071ba8ffd01e2bffb3b3d80753f9ab674e47f231ec7d35b33083b4c833181e86c4bf815b0bb0384ea43ff8400a2
fa705b00a2fad0421f60549f69d10683a6bf0f5f32abb508e26f1383f8d560a006f8d55d0d38f8d5871e0553d47dc88d2201b306d52b00b3ee8a8eb6
846c57a600667d12713ed32c0a6cd1f3e1e125461510bbb0ee40e980551902557bd504a8ba7dec29446a38011b80b656026451c2d50368eaf00cd440
9deb8ea92ec0560ef81c4f6ec054a7da2f10a8fbae0fd6f786cd3c9a94b74e200277fe8def92b581fb498840dde0a90c20a84fad8f8d98f3b01ac1d6
edef40ec28515beae44d1312cc63c41ad0d4e1e1bca5ba4fde192c2daf304d0a428e686053c7c7d5a41a1676b1009b3a542b014dbddce2c9761d3fe3
6311e2c6590da0a91b74610134f5112e4670e38a7314bfb20fbb6f1bae021b87dbb0264aa0a9034f9e0099baee998fdb700335783e145ee2638254ed
30b98f1cdb8be004763f50a543f1b851a5551d6c58e95d308a104ed9a04a871b44c3d0afbaadddc85c9b7f0b566a3a7987a14527826f7400365dbc8f
03367d1625e552109f1a89009b8e3d6909a7ff3899712fd32e00d6f401044480357d88a43a1f8278685af64542296601183a5d399c99ddfb01a10e55
48604dd79da93bd95ed83f30d49d3bc4e6e026120052873b0e80d4eb037255b96233d14003ef30d3972ff935662bdb0cd7c31e1050ab9b253cb69f77
1eda6ff5dcc7062751e0ac03cabd00ce3af6ca7e1804363ee0acd707e6043ce7e7aff085f9e24d0ef4ac913b6e0af8327c145022cdb9bbbc86e952c8
cb1c73375a9b62401c1880608757d60d828d00dc18d8d5df69365a98ce61bf3bc7fa3aec873e0a206207c1910122768cfdbb052769e075d8befb61c1
8d34f970dbed2864ba93ac1ff6df204dff719801103b7463e8dade9ca11d0e7755f5a0630f372cc1b1dd4301c70e023c661a37199b7632d3b9ec7528
7fbb43dde10b54e5079a767885064dbb6891014c3bddf900d35e1fd37962c00ed384a41d7e40947e5a8baf1f58346bc06a17aaca91a0174681630d20
db46000720dba1e1aa17882d2c00154edfdf32088e26584e7d0f394a7cb0d4679a69c161ac57fb888e071ab6ef610689dbcd1024eec04767a66db3e3
bfcc95a3efaf31f3d0cc6acbc8a7b17c10e7a06faf6f7d60f920a981df5e9177648a09405d556fb4a7fbbbedb11acdf650dcba844498064f0567fc99
2e6841e830a8e7fb4e2f8d8d6a7b90b857a6d415cf0f75782271f75d42a79d96bc37625bd499861c97fb522fcd038e5fd3c58e1b5a24eda77d6991b2
d90121fa3cefafadf7f088dbf57cb327971a28f0ad9be9752b18beb266bc538d505ad021426ceefe091f0cad27fbb4e3d96c3adbb6372440bbe775d3
97d6b168d813003c788becdc89dcb501ed1eae1c7c463a9816f3a1f0ce5f7e6f01d277d100d8d7fedcddd03bacf7c1ced5d74edaddc381f12e6ec3fd
160299f7d70e18077b78c7bba313c316607d876ab07e3393ec55b917c0c99c0f17aeb9547d53f592fee24cee5a05a6412d2918e0277ece0106f8c250
a2f7ddeb9cab5f4bb00d6bb3abdeb0fbdaec3a81bf338dacf25bc0959c864b3d54212d996994fc8a2a3cebf4efea3f9bc969a0ff00f972a91ab77a28
497f4237fb92000274d24fef523fb8b94f50a1b505662a4960d8f5c00428f9ca94aaae0b5f1e0a498258bbce34fd01b26a7fb1b4c19a583b5aaa7086
6e2793d397f07176f1accbdfe9f5b23f3ad751c26bd16e196bcfeb9ae8c1373f837d117cf3f512454010a8290150f3321c05ccc1e17c7d354bfa31a2
44e72040cd0fb551809aaf3fd603a8e6eba1f240f0509aae64db4803a1d8fc40782d96b7b8e6384c87b8e65dbb2cb8e6ddd37e40f840b0f84c73f9f1
1d81b7980f81b7b56a88c0db7a5f7602ea7a058b28e56a7740293fb61e15987281440298f2ea6e0a0279dff5e62ab8559e20909f81ea1070f1aeda27
8a18a7fe0e021e53340ab729b6ab282e019668c888cb220bee6b5b6d19b042e82f073479d544134233b08c41263fb6d61268f28e0f670047de758b04
507ca4bf377a0fa111d887cf9dc6d86f134048008161916cf13e85e9ee52fc9d738f2a2720c03bac71334d345cfb2b3c6bbe18e64015f185c12d7fa6
a9d669919a9ae8350d02080210bbbb261500bb8dda0a00bb3b68b3016077779982d17d825bb0b8add609c4fe8369219c7d699e9445ec25f148b35896
96d304ead838fc1d1bbc7369dd8f52256400f525247580a5dd4e0bb85079222a84cc16923a80cc96f53480cc3ec47a0e30b3ab16971010cc792f64b6
970730b3a5240920b387ce1f2263ef190a166ae71a2932b650cf21327638a54120d853f7e698e274bde91876ec80bebdab5889b52784eea301e743da
506cc26e978170d5330718eb74fb8e0d8dc3082e355b780e04875afea59906a1895b4e3cd61a8d3600d555af93506e02523a1fd6b4f7fe138f3d69c7
48b27af8c5e51fe60b64e14ea303721c3001c05836d36b71d84ca255dc1e41b42ec54965bc3f8aab40e12618e77cc0c705b53a50d745d5a250d73a61
82747dead92198b5568524aadf535a12ace27d54cc6a2266036c6aa9a6036cea53b51aa8d35d2304a8d38578930074fa107e733e6000c3b69104330a
7619c0511b4ebeb415fcc1024b48ca6d7f8ab5a31d3cf19816e2723eb00cb9d8e48954626924ea3ad128e70353cfd629972d0f501dfd4bd2ab033070
21e6757cfc83856b3d90d100f3cfab0bf8e64c9994ff81fd075cec025a59808b5da1410bb0b0bb46b9f426a0df2f60d8a7c24e306ce12723255ffd13
963c40c41eaa2641c43ec4028c94318e330690d887d889910aedc32fa8d8e14b56acfa80968d0ba710d762470610d75d072720ae0f6118038ceb927e
0dd40eb04633bda6a38b05f8ea517d1f68588fc44053cf8c908a605377a51fd0d4a76e9ad90961b7004c17c1424ba879cefd3e5eba0e12c8b0ba0d27
886cfa5f254609ad4e998e3cfb794a10bed3843e365f5ae26e275759caa294d0cdfa78fe2e16c0f9dbad02f0ea79c4366d70322d1eb678f8352d7686
03061bb618db86663040ad8fdda540dc74ef1909369b2631d0aed71fe474590d8a238cbeebd397902aa8f34f770815fd80621fc4bf47ba43a8f5cf0b
0f425b84f0f7fe0d10f639acd4cd49d9f1bcd9cf5d806c0a6dbf23223fd5bb1d7fdf61cdb9fe84762bbecfda07c26d3e7c315df9c7cf3fac05475744
f346d776b05090a9d7025cbb13131b806b9ffa8483ad7d00603a77665ac38e95f8527aba054efbf4840e1a76f7449f6e34dce300bd1ed57281a7accd
df21a6b10e08fe70b13fa0a571b44d6cbfda2cd293f4fe18c38b76fa7c25e4e0e317ddd5619ae160468a79dd414b0830af4fcf6c605e77ad9ac05907
91b5eb2ecbefa6819d65e28d83d5cf9a15c1da2d7400512680db7c20948b353b968e65186931c01fd36c374eafccbc83f7a4576921afe34f52c0f922
40874c8051f0fddf19e0fb4fbf8a93bd1d1b01ca2ec52e50a2eae5383040a81e1995d01efb060c4b155603ba800ee5e67c485ea208f80254eb80acdd
d53f0cb86e543388ac4d046080acdd552780ac2df04b0c7dbc39e581ac5dd4a80aacedf17c74a46a3bfd030f6c4e4803c0ffe1c8a92af19605e476ef
b6b9536b3b86c018608d62884e02fad57cc02b9e733b00da870e9843a3c3fe1d09a50979e8d7cd211e04ed791ba27a38427a8c0427fbdc6d20e6a577
7ff75b0a5ea234d54b8ed4f3978231ef82491163f83e698cb55aea84c3366443d46b6fdc025a6ba21eeaeb41248db1a4d3d0e774189967a6f8718b36
3a1f184d67315afa624e4b0c550f1440609f90f5ccf4d78f7d00afc766726625fe2dc0c93e04b70c80b2ab7689b1c35128e16b356c9cf1281ce006ca
7cf78c811ec3cb3ec0da874ca101b276f17207b2f6217f6500ad2d32550cb4174ab7b1b417a7b6f141e4b786a6812e429b1868da1524c079d7408b84
841a8ffa6dda89da7dc7a30cccc78773fec1ddd95ef254ecd16e3c861d99ebe51f546f9d8a3b603533fdf50fda002837886c33fdf88765bc58c57809
cd84da8b81bfa32ad8f162e4e1e0355e73656701c6fb54a30a5a77d1df01b0ee63bbec83d6dd559d5e1fbbc00f3ae9467a6d1ac65d5c6a13face9590
07faf55a72b62c20c93f44dc75a06143005dc4bd7886be380437d61638e0dd88a34bc049259640e0fa7300f73deffed4e44493c4d50df0ee50a97615
269dabe8c2700c2edf4c73a7b1b4e2e875ff4031c8e801eb7d74037f2ed4086ed417e2d8690adef7f9d9253878e1d7807d20a6ae4ac4a25d5bbdcc53
5714d75ef2af8ab0b037d77934551e5debd8d9f5c3bf96d02dbb933aeef93607d5b3bafd0bff171df32e15c65e1a2e9c1577c1814b0582f60a3df6c8
086b6dd745ff92ab317d89eb74f81230501fdf59ad04ee2900050f357217908b5eb92e1c66f6b9fb0273d1883390c3ab7ed157ee92fd5a053da581b9
b8cf885762a071441271e4dcd5a4ebe80c80cb9abf63b87040f41b64a7065efc508b740d56133b1f50e307d43d33cdcdd28984ad769f662e6cb5d53e
d256cbf2bbb0bdee2972d182f01d5be0a2b96c01255c0e15255c7863a61fdc7ee01fd821d0265c17d60d540e97cc069cd9c0290f8fb2d7724e1f6ecc
17a74bb57117ca66fd9c2f0cab86085de07654070759bc356a17da87bed3c0d7224e2f95cd7afd5efa08396a023bd9fe1f762bfbe58739d8d98caf39
3c3101c8f969e4eb859fa107c16bc9e2b3ec3447f9b0c930faf6fd8153847e049a4913f0b584e9793a2115a67a285caa7939815f2f8739f6caeb551f
c43bf0d59fca141cc68d12bb542cc4ff21ded0e27ac6bc3f4e696e3d3791dab4fbfe381f1063f702060e9559f7c79e1d3e50177af0fe60c86b7ef0f2
fbaafb8dc7500709753e80eddf4c0bbdec4b8d0f4ed283340568d4842d6a3e885e49094bfc06343d716fbc5f263b30ee01786180c21eae9a1b83a551
b137f8838034c6ad361860c6f9408043f783e11f1471da50bfb849fb92706bbef3f3035fb27e6b1adc487be7d3adb40776723e14fea0070a7dccf2b8
d5137b230001fed4527fab27065f673ec8a1621196cde1136cf85026de956673a2011b3ed4cb830d1f86088a0ddf81cb895bd84124ed5ded7d678a1c
c3c53fbee44a27ab8b60830440fe74bddf6b4fa88633df6822f4dab921dbea69460d70f8e14b4c45838d6e1c35f587bd357f82a9331fe827c7aed94f
9c4aeec610a5d962c1392cefeb4b3eb060500a80641fea0f6f4ff8c9ca03c93e4e9704364fe02c679a7eb5b290537af505a53edcf1efb0bfa96a38cd
ba0f41d75072d8e19c52c5af2f96107678f72de61947c81b242a7d86ee70ba73e4ba13b832876b6d4fa14f2510f4e92624047d4f073b859525bd3c8e
62173d4419334d0cb0b37aecb5425dd19de8497aaf6d28f4b6bc711952490932fd91ce32429ef4a1bf6522e6a07d5f7883d9b4b5a9842a7410eb436d
ed7d993f65ad3de53c38a7dc3722e4fcd3d000847de8457cdf164ebf120105fe7f00421fba9ede6c38407f0420f48b5c9712bf2a45a9e1d7a83eba86
70a86e50d20dc5311862332db2a145af1d6778bc01b73e743ebd7f164d95b06376ad72c0d39fc6f18830af010c84f928fb1d3adc51dc748e14f060c7
775aae43fe9cd114f6f02deaa21bbba2b17bb7e45ee6f35a098e00a0d00f88ab661a020b170afe33c569ac99d01338c8f3a11af87ef7dd7165fb5de7
fa011b6a80367f184dfac53946953080f2a1421940f9848f330494df674000e5c3631c38f0210ec217ff16f5c940bf876a63a1dffb600d00fd9efa0a
02fdbefea0b8d386266973f5254dff9476da7bbee3705202325bbfb4afe41c1fd3dc7f6d0e476cef6300ad073c3a01d07a78bafb6acd839f653e14c0
3fe82fe4ac9bc5b77288671701077da8bd06ef7ca81706ef3ce10e0d30ce874a812f0e1a40eb0578e7436dfab7e3c7a06ee28b83c6b95ffaf9875fd3
1c842640e80350b70008fdd451141cf4eac1fd1b9cb1ec223c3454af007d5e55d30846eec1ed3be80a36ff2f8636e889671abb1987e72f62687be87c
3d193383bf03036e31230ba30045124793ef606eda15434c3bd28a27e422f0e3c776b8017fbcea3a0dfe78d57f5238f1bedfc150601a4d6be3dc0018
7808400218f8e9590d00f043576bf0bc4fe875e2ab08b217bf48f0fc3310f5ab42e2e32c59322976ce84a86b8707057cbde48348e874f2d761e7e021
acb7276560bd8b614ec07acf9ca8239e83a1b5e98b4c3af6c76088db83f004798302fb3b44a401fb5b6e9300fafbdc43adaf83abeab1da7cfbe8664a
592f97529b09977b18310632f7d0e80130f7fa83f940b8fb70c9e01abf5d6d41e61e1a59be58eac2b8beef4bd9c3afd74201a53a40ec3eb6138d90dd
e9d4221a48d70aa1b9c3dd0468ee54590732f7faa3f37092ad2f595bfa09ccee7409fdd6513c75f3fd7112d771e60766925793df8750e88fef130f87
8806d77b65eac7fa4ef3c1618c1e555abae5a1e9f97770bb6219fcd6e17b28357e87d1f20878c0bfe70e422d74e3172f00f0ef748f07fc3bbd9a03fe
1d2223fd961bff38fd1dcc53359d3f5c0dd5cafd20e170dd80037eee3e3a816064dbfbe170d16ce6b2f2a541bde0800f6126c0011f9ac5c1014f5dec
81fb4e23be81fb1e2a4641fb9e8da97e404559ec3f228f3491ff5088b81101f7bd3ee0257cff8cd600ee7bfde15b2095b15102f7bdfe302b4ede6c2c
806f0f014600df5ed80464db3c979013a04c6ad280c64ee7ea0fc225cf843f142adaf641c30e01327eddc96dab97f2393dce03875df58ffde96917a6
414e384d3347906abfe0066a0bd6f135dcde80c93ec2c03570b25323d32f0113634ffb49de68b0d42fcd95ee4ea676ff331e1510ed958359275f5164
0a2246472570adacc5df60e7643b06073b0db60706fb0811bec0c11e866cfc8cc8b7e10424799505c93ab4d9814c9d3a3dfe4021819479a601c070ac
d756102a9b40ac9e859929fa6eaf8a3ff4ddbaed01659d6aac7fe845f4e0fadd4c20c41db0d6e90df77723961cad9b79ccdef1836809aa8699fe5ab0
7ffc58dea69d70b4e0061fd305b4cebbc35b3dd8d7c30bfb0f75c971f8fbcd3b54e2c7dc73befd9c7b148ce35d40653f1fcc9496fdccd48fc18db47b
7fb6c68cd4289ac60ee6e4fed98dfeb1768dd0ac0726f6f0cefcc3d72e3440fff0b5339c054cece18dfb0730696cf1c63ea34fd88ff3b1fed20064a7
87d11fae1e8debdc0f8d7680551b00640f550800640f9514e263c79620ec3f2727d09ffbcf1621af75a238b799b008b6992d105ef49fccaa67695d86
9699e7c3076cc600610faf98605d0f351c20570fab0a72f5f082fe289469f3733849cce840c830c31e0ed1de9e1f70efbc6203449d3aa03df876abe1
01573a74990157fad8375580a5870a0780a5d3c3dc530050b4d68a6bdf2f761edb2fb8d2c38bea53d89558fd4f71efa6e4c2b1819904f6f4b16fb080
4f0feff3604faf3f2c6ed55593e02307ba3e3a0f67766d591ba19a75fee8e9cdd9ffa95683a22b438862e0a90a44aa0198d42e0cf5462c3f9b3fe4db
03b8a95a0d30ae534894a71195689b90fd1aa51f10a854293d28d0850679082035a4e1517fceea78ba4d2d3eb0ce9044c05d8fdd05dd9849de590af7
e18dfb09642927a70711af85fd09107c9d03e15053709827697cae55813eca6d4777a360375f6216b3b93cba538b24f0a47ee2744bead666faf125aa
9af8b43b72887d8d73cf6002ed74f303ca065ddb987ad1b5438bf4237f39b7c767797a840e16206da761d1006a77adb6cf52a69f7bd1e0e8a1a72640
dbc7b076f8791cce870b9c2de73a6e1e871dbff698aa0219fced53772cf0b74f0f9dcfda7b8a47a2076f3f83ec1ec88385927a2ebba5fb80a503a109
60773f6c183a137535e0751f61c7733fd14314b8ee95911fac4b4fdf694997fc58733cb5031d70afee1bfc025706e880629280d67daa53796e02113f
bef3e2854cfe5fc293ad843c0db61242236f7980751770efe33198eaf45beac0b1e011808073d2c36de7b3f3d704683eeb08a45512d8eed3ad0ad8ee
ae27a2a8ddee0ba076170538a0dda7fb2ba0dddd533fa0dde5b4bddbbddc4aff801cb012f2b7bb9055ea84ef00bde610ff082f3f2c8c8b9553e5877b
dffe969ba3eb6ced91a52bfc09cf2a5602f7c9ddf8c75155b2609b680efde3558f4a3cf865d973601bea45ff886da8e07ca868f933c4fec184acb73d
78dfab741f7ee4406eecab7b4c74a7645b05ef7bce72de876c5e30ad07374b9deac1013fb43883037e6c51f62a5ec207f0419d18d22aedc29884ca32
dc2fdd17000baf5a9ede75293bc5cc7cc17180c62ec00a3f0579022bfcd4caf57edc6cd8925edcd78d0b788da26e66449428bbf98b49642b2a40173f
f4d8025dfc80c52f40173fb5f8bedccae0fc9a696695b53bf068ace6c3f467a7068dfcd0a1ee153562bf03a40333e93d448c34ad10b12b70e2f444ff
6acc3e4c13ccc1991294f2022357803a5ed482bd1043888af0e21daf2b0678e271eeb4e2d7be7307afa6f700d24cdc8c3cb3bf15053bd787d70b97be
5f80880f9d0bc1109f7f0cbf78d8074d6bee629f7a81c7d5ca0dd278d1c71fa4f1aa13f8db249731ed82de0f60c5ec8c8c92a61acd8a3b3ecd0028ba
a3e10fcb66f182abb66f096fc74590fd1b6c72757fafeef04cf9b76391742e7470f158e9af6890f61870ba211e1c08e4010a788040dea17d0c00c88b
4172029087766100c8bb9b2800e4a1cfe2ebfdae3aea463a5b3de026f662484b20d704e3c78cb8de5524e6eb0d4e0059f0c487d6bbd793407595803e
a9c6e1f52400af7180345e204e0f90c6d71f7efe1054c24bd82db406bf44316bab7ed5ff2100dec1c597c3cc3bd010b35d02477e2c54111eb02bfc8d
93041e7951bbfbae1d7de8bffc5e3a09b9d22eb467cea7cbfe7445614fd7071470f2f9870242bda1eb9dadd5300410c98f3dd16eb0d79d676b6badee
e92f9e4e214adb8b77befa3620ccd7f2f2e14079444763e0f01ef07e0959b5ab540d8a11f87ef1ef3dfcc001b07e5f14aa4e2faf82ca1aaf829ad45f
882d862dfda1d87416418fb4e5cba63e222342aadc0780378fe24c7bfcd6dfd1d0732978d7eef46f653e56888e795c14d68e8d26fd83fb1b3be1fb7a
08b2426b030afdf95fa0d92a7be7ebcdacee3f0cd1f16bfb657e9c1f360e14438bd9616d10abe7679a12d05bcd07bc0596609b69b03b56331398f48a
ae2a3fb2f29e660444c0e9fb00d6add6ccb4b893bc0f5111fe730930fa2a6cf060ec5f23cd8080a7b71011f88312f0fac7eb60a63bbf531aee4e637f
cceed2fd7670312569d446ae34d6767405336d25cc9f20628e11092e7ae08ab470484953eb65563989f69b69232a774e88f5fd07f3aeed9c0c0f2427
acea87fd55ecec934e2d1be681b4d2c1f2881026d06e8193316c14b736a4c6b56e3942ae8dcd6aa025448b30d35f33f2a55527a46e82d5befe3057a6
5ef2d2dab44e803b1210f740922d5dc74a17da53f17b0edfc1b1de7cd6be567761440b13ef38ef5df46a61d4bc6872fe5e0401984df8a0a9d0af7ed1
b928922b76f458b4a3ff5bc425f8f0e5b3cbd40459a9a4c47e07ddc9dd14c37f7ec0313e0aefe0d045c84582f79ea7d389fd29ad2fe6739c1a661af4
dcf41d40929c2ab1253b052cbbfa1c79da815eb23876b0c2e301901ff7ad66c9f0f7a1244c00e213b2ce041f3eb97726f8f0334fa690f8f0d602ffaf
dd81f87f1d4e0ef6b9662bd73e57f6c24ad19dfd7d578202e0fb3b6d01a04ab16b919ac82c19bc6a3f2050012fa10427bea0b79969872e7c894b8fd2
44100f784ae68328b0b47f28c87de94baefeee31c9df9dbbca132eb9cd49cdc6783affb4e7bbce609342533cd3ce3f9787d10c3b6d401135c2d0cfa9
77a60dbf32d39bc2fcdda565d773b5ddeb0f1e0f051c98f6c8fa14d37ec1abf070f03e99421058acddbd6be71f4be46e1102f61d2164298e7d7766df
0aa0e1d7761845dfd6c8d27416a7a6f0f03685140ec5d589c72e3b9451f2dadb64fc8943b9ffb54234ffeb72555e494a6573f021068760a6a98442e3
4bc44b50301c84c359ce75b3b96835d875271811124de9f343e6ee8f19044776dd374bb1bb7e164685d67df3f858308e06c3090c1d61585136e8c399
43545ef4fd4001ae72422d3ececdc702fcf8f103ffc06bd1c10178f5b0af8972c6683bd3f4a96244cdabcd2734635902fe126e6a65bb8bec1599de1c
c23fa8efba59d68fe2db9b65578cad53c170a8391344776ec05bb885067ecd80ec2e661dd64c21bd04080ef933bd7aaaec778892a63741ec3f616199
694ca7d40ef4fe82fd7f1983c8dfb4fd41fe3055c16493a0fa57f8e7f270b777ed81ea7f70214c51fdc35d47547fd40329aa7f80639bc0fa9f80f4cc
f4d230723798e9870f56f38fd3e653821c82f41d10ff3323ff807a8ae3f24c5b6f0a28e05d5732f57a4864c77c0035b75102c63cb88b671adc03ce3b
474593d1c8b4fa71a76880ac080d4b9803d61fbe857370f36b7cd3779a3658b2d749cf1a3007a467b6c3eba4a79383eb24be2733cdf9e74309edf425
5a4d780a1ed1330d14a2fd4d4c5ed8df8d6b1373f220f4043e9f992644c79961b489b3a1bb07d236824ddcf62017582b824c3b0bdfe9c6ae1cddf906
4256da65aa8951d726bc03dd2df7308a2f7dc9463bfb8295897c38b868ee01e23e09ad6cc247107889a67c0458de133a82825fd54caf4d101ab3995e
85ede906d522de2d79ac6df9000567a60f2b410724d3c751009aa339545e2db9a427c406c7e1bc22a08560fd3c8693d2194d9c7773a808083c9c576e
adbb1e007010ff30d340247dfcf84b3419a5e98c6d775f1873391c1da883ddf88f8b998efc3df0b90e1cd913b6831324a4991e0caee98b0fe83002f7
9695ea0f1177dc4041736839e06769c1306a230ce5803642870b1b617588b41172ec3fd6c65688ea4c28123a8e302945c216526b63aba7d31b57b9c3
56e01177da355f5b611aa9899ffa7c60c929c9bef82d70c9805e61bde41784e6715a3830241e76e056a43a2a803956658b3c0ab67f5d2b9318ad995e
fbc5a9cc21641c75cc4c636b2dbe63a6b607ad6777293ed6db0e7b70352afeb14445719ebc02169b26ae9eeb206c0ba7770cd916229445facdd94e9d
498031c8735f2c0be9e21f9d07fc1a8b69a0d498c7d033546c7e33bd8ec5c037cc74622e375361bf0669ecbc34e1fcd83616017c0e715a98374b5010
1647d6ba7ed201a7374b54b5f3a12282fde30681d9af852830575b8d643a0f70168a1f7390b204f48db275263411817633a5890890f5f294269e0508
4d44b856608938c0969d69f43f4c8df37432a52fa11eb15f891a3fec2658ba08dfcad3fb24fab93c45130f5f72ef34bd5c410188cc534fc0eafb387a
b1c64eed90de08a19308a2b953d60860e9e665840165db913502c8e29435229cc66745dbd1fcc35c1df64aaef67da56dc875a8228a674fa82202db78
4215a1192de17d88e258e12fe8523fbbda01561c5c0feb5e433afc83f1017e1c88f299c62d125106d74394fd01de3b4e3e08bff6e40bfd31795f0e08
3b32807ef813046ebeb8361be2b2661a36056e07a79740ef2bb048340c6b098b443dac550054312c119007f379f999f4da5fced386021c157bbaae0b
6183e972a6130812f274e3c1a52aa19d68f8cb25b413b5d835b862eb9891d04e943d13974ab37d6c425a0d3e70a74a57296cf01fe78388240eefba1d
cedfa9066cc158d9566436bfd386b551157c5d669a8044a4fde91d305d653007ab093a558ea62b6b5d029b3aa573ddf59aaa9d734339d23117764257
9c5b1b9017f321a90625acadad813f35d31769aa0101fce11ce042e88911420caf2bf061c8f296d06194e184860e0378ab99e68ac231e5d4d00970ef
7c20ea80c3a39c1918fb663af8987ade769d1f0fe248a90fd7c448d71e2e37c3c6b89dba859ee863f78cbead2ae9af5d67da92290d4ff2f0fdaf2593
a95e9b69d15fba88ad05c68de35034c2b8a1de0dc68de2dd50c28dc0629e306ed42d9420dc5003752e2d6df3fc76a2a45597702e256d230460a6bb19
51bd75b33cc3c9f9a3aabb34309cd277be1460463f3fa6dade2077c96b834b27276c965b1ac06689cd70a61d36b79f87aa2ad11fe71d9d8425f3b42f
6021f6e87c12e8ff71681f8340fc7615fcb135faf4783392d2634fe0d702181da83b304a24d41deb03ff18a8c6284105b1f7bcf3650673aa91bc2340
494ec83baafa10c83bcee5abf0877883d8e3c03c3bd3c2a77f48638f2c66dc29b193b6bea61922166e81d3186cd6996688686bf938446c4cb285e081
34d38800164a3976339207c6c892f512c59b27a50b01dd7da699afc5afe910c611ea106908b39ca280502502aedcfa36fd07dd0ffdc7e18d13fa8fe6
522ceee40018cf07aacab22c5e33214148794154ee16b7720f0ba5309dba5f30dad5df1b0a7daaed163ffc38fcd80740251d86a262cf8c68334baee8
58eafda6141b4d952ab3bd99a616ecc08548dbd3ceab76243decde0f33dc52757234316da3d7c4843ce4fc97b6cdd468dd3e4f6fc74535316cb28bab
63edc6ce92a6a3892f311b80f69d0fc816c7a4591a1f749bc007c44b11e835d3f6b0f3aa4397e698c08c079eda4c235bba69e62da7ae02311ebe8309
9dc9fc9d7ee9cc5bcea3b09934883512369339525688fe45710a2f4955a901b3c8a11604669146e8794220d280954a08441a806b0981483b5cac493d
39051654bc1fbb179a5015d3b081249115090148c1672acb40c6226fcb608c11199081a4a2b1a8c81d0eb87bb56b70503967d7a0728895a2be7638bd
0643e344007e26d444958bb1619f2c286c63d8bf1751d77e7d291c4d5b3445b827a7efd3d7ec07728fa483ec26cb6e05c7c8a9b6538a11754605a8e5
5831067f49371897a1f548c848ce8fb3de1d98737a91b48a830f24258d68c094a46496427531881eca217c8dbc56c25ed2f0f3c9e2063cfcbdf13bdf
1a4331ec66602b737f2018366df2b23aaceabaac9ede35602f398833c8b23651a93167da4eb067d72eda08a9996947de46b88b72882c900d10003dd3
4c4585cf4f59c75103c293762ade30946e39cece791efecedcf5fd876d4a19b32eb14d7365c1b9f56307bc7612d526108c88fc2c068229c45f480138
975576b504df6d3ed8ab85f4e91f9d87c2178334f7c2d3af9b2f050f768c39392d4fd20683fb0e2b823da07e7087eabeff630736fd7088b2167611ef
1f56d592d9b94ed6683dec780a6053c25965a67fb876ac3e8543a5b91bc0a15288894b28540afebf09394a6a5ea86c37273b23f4260367cc994ef237
4d596c6eb558163d5429eb348d6b80e536c795df712f55070f67496d7e0b67c9be44c159d2f04a48384bda69e39b377b7fa712ec2915b047975ded8e
9fdd2edaa363c99d503b60ed8e5ff875c7479aaa22aa4fab879631d55257a2cb46f7832f9a6cd3cc290710109c84ac763e0058c9d2d9f4271f7b1b76
2950a567daca22ae6b30d938de54ec854954d37c00e7807d05f694e6190ff694f4f856d91bb472557494cbaac783fd4746c431405c9870a4b4f36ffd
9b042ae98d0c029553d95c93114046552371bd9ec1acd24ee7cdda3bc6c739371c013ee09aa7f6aaa2a84c4fc675603eb08edcf33407546e6df8d0cf
f4da200106cd2a3e3ebb7ae562949e7a2b37238da355f74e6457bd6938271998581aa149337df3b1d55bb238c276de0cb1dd8f734a7adfa8378bd4ea
2d213dbc19d4af6b888f7102fdd8fd5f0e5a1c46e07a99df52d857a7766a81a12cbdb8d4af938baafe1070581feb0f9c1fdb4fb86daac6811da641ee
3dd3f8d939c5f1baac8a9c9f4de05803efcbe97516da9786876ec2eed2765571bb4ccf78d0bb340f8eb0bb34a2e8675a083c3fd861d93e60a3760902
4ba6c0ae0a6c337d99496cc215c4b12dec5eabaa487ce96d3285eaa579326bda8f908812b7a49b2bc42d278e83332d63c3202d36a3bf5f18327d7f29
4f008449b85a1abeb20b98ce4c9307346b88a076eed2c895e002951e6d09dde116023fcbe9ed027e9602285dc2cf92c417258429e5d86916329301c2
94462c46c297d23c5c438922aff34c03724a1570e5202e787133d18d7c4a486e2a2b1b07766286669a7ada2b589b0cf44d6853e4845e08e658150b69
1c19c3dfe92edf57aab3ee5a63c5b367c29a721817391fdc4e1a69a64ef3a55db20f048a1ca6693e92b271902778279bf4d52c9186844fd748eb2c79
6447eb36e1aff0d3e54ab14c077626e1071a4d1b51069aee605e69a7a31e9688008179a516ab050920eecfd90479779d40b0d2881d9a6986917da471
8627126aa689c0e56cd2807357ae37cef0a713749de157a67c9c08500eee0d77c48f331dd55deeaee574afd91daa96e5fb60565f06c99c98ebc83a79
5b72f73908f0e9f45bb27b1d4548dff879d31e8ef72a2fe05419bbde28d6886c4938528e2444683ea881a52b2f47deaf39c5efb985d10824e799c6ca
66f5509bfdcbe8c515941a71a2f734d3d0829d2eefdb6160176e0a7e4b26f00c5e916c8a6bb6da4d62c2fe0f71497a7d6a5f273b4de6b4bc1704a08e
9a069bc297bd1c3e934330e584d0e41c2e33544bf82ace3422c0617b3c5df2fe92b1a9f65a5691ce59195291f171adbf06dbf23e4e00a9dda5bdca1e
6afd0abae84b7e4c461873f060cca658e5f00711c820483de10169f65c5f27dc3def3ad6183d33e00449cdfe5d318c3880efa311d59550790ce81eb2
6f09bb1a0f33c7f0fc0dd14623482b25da48008013a28d86336ec2a191dea7e0c4a88412cd34135ecd5d2fb6d23f6efff0817e1fbe8423974dd3238d
15d22b187b2ca95ef1a7a7af3baa89719ae66e81f894ef4295057c1791fb1dc20b4edfa112b09525141749f4624a7191309125141775b7b371abe124
0fc545d71512c68a54430017c5b13af80fe1065145a886e9dd12d9963a760df774982a8a0e499db3e370b896ac0af53c3055840a13992a5492c15451
b411425551d420f6657e3018383bdcd68497cd34c0610e166609e027669a8d9883489754aafb0e6630ce4f3d192b4e00b050c4ee0ddca6137a85f900
6f1162a42fe1543f3bedc7a42f3fa672c223d8781c9d55da74205ed4d4f50b8f4094361d88179539fd72709d3d60bca809ea17ad47e277889d768588
9bf5f8bcd92b102ffdc6eb889da0dff8543ac36e0a7346e297d59d17c0bb780a81bc6256c2ae20b6c8f30fec15452b1be415eb259af0a539e10797fb
276930a9ec6bbca23d79c15e11aa7060af08f54eb05718159d92547802807f225464f41fc154e609375356bb65e9db6bdb195198ebff4761b6c0801f
2b8187b44aaefe3096485a9925c2c586663cab25e373556d255ed15b76bcf63bad79ada9bfa3a371b6eb176525e48cb0d2ef2e60650a6744015120a1
8c587f0c1e44416ca42919d5420084a0cb477c986ac38fad45274d33773e8cfef07d9a6cc1eb945bb5f8c561cb7887889b7938f6251c72102f818a3b
9523b18ebf25f71fdc8b4e73428eea050a4145a8d308a0ca526fca38505ed0f581153cf5c50c41cc989e50579c844724cc15a1f62a8090540113a795
65030801cd90103057c4820dfc43b685b0641cfc4358321b58404ab3170ad060561d93b50aac1056cc4e80234995129413d50b5454d0b9104f81d6fa
df3b0086d969d52e60c389b57f14d5a1d1682aeb2a3c05ab580ca3631df8e6b8b0cb4413a4c72f58aeba7b05066faff621ce173b3a541601f25e4265
61bc7cc264119eb961b2c8be7fa7cdecd0810f54ea721461a6d402c503810533bd31de7d5875f5801a28a5534f9780ef5aefcc10e60bb55884ddc4f8
a69380b625d5465843693140ad4c282d424d4a003ba9162ad80d548b4075310b460ac0755100ca987b8e7d41130663ce8de01fa705b5064632ad04aa
649d6d60ab08552a905284575a382962cf058020bdd20751aad95d1c487a0f8c105484fa00092ab23b2311ef5ef6e326aec7262f95c3d0d60f59c5b1
ef1eb055081890f165749c3c5fc2ac9d0aca7d1592f125268d1360a8feed0ef412fca33bddb0c61ade321f58e14e3d1410aa4142d622850e02de9b4e
fc1842b423f1b3a174c08f6f9da9601b782d87f762e8832eef859cd309ef85080b098b45a86680c4e2109d2261b1d8ae26b25864b737088ed9838e3a
413d67bcc05f38f35ee52c4dc3c4b9e73326ced4bb32d61938c34e7acd940214f1ba49e592de9550dd99b6111c3f12e757e00767dae23a691bc40760
18e8bc0793c54cf3be4a8a7586fc43c2c173216043a6c29d58f284e7a2784b83e6225418c066111ed4e1af48cf0ea90a4387c904b4c60b62a2c2d08d
07928b01926426f2549f84c4b955cf9d24f6510d6c16e41227a42c76edf063ae05877fb088ec34088060becbd44f082900974481722be192c8b4c94b
db30925351566607d86609af44d1bf105e89aaa34336222e0ed3c6aad34a44ab4af054b4eac1994bb456225f67faf20fdad9c423a209802ea6d728f8
2622fd1ac3e17012ac937ad30f3b21a3f3b8082745a8854bb4cede35e0a7380efb080d847a9b54e94cf062c24f5180924bf8298e3db33cc97baa82a0
62ce51737afd83ea05e7138eda89d23975b149301e3f9c3ca1b1a8cd99a4d242ab5386b048d42380c145ea66e8ec458338e4abef4e9c5b1324d6f980
b706b23cd3d22801e7a334622353272d9284c5392591fdba6c263a0b88743295fdca6c4833cee1d418002f39f59679b27aab84dfa20054945057881e
9630571c199670e9594e2d38ce7ff6ef96c6391f528a92a6f1cad92b79a91a423d3bfc1101ad5b4a13e10526bf18157d079e39057322b155f0431f11
7aa5411f317b85eee210ee412fbf5c5a39ed2434aa0078cdb4ad51cc40a3ea010b5e895a9c0a3ffb948239917b7c49488ba0979a6900445c0bea8875
cacb9f51a6b4e6b11fe953995311bfb924fce9d53211f0cbe5eb2ff1267b2adb5fbee03a5ba0dca7b608fbdd92a53ce033acd058c7f839034c277baa
693639259704a98e157ae5dc69fbd5775e0b58b5181aff8ae9007ec3342771cea703731c906e33cdb24ab6ff815cd7bc313c962395a4bed01d6c70ae
56df3e10d63a568dd3260fd2fa03f1edc9b5980500f345e83f35968b4853f4c07c7188e1351f4eb4047c5c10e8ac2a283142afac8113a8f0edf381eb
26c7b7818bc8f6a51f85934337571cc59037b05b844e79a31a16cb3b15f86a4b6e6284f13bf05fd047240415a1ed0b828ad343070415c35892217da7
ef68a7d38a0629859079338d6b72fa125b430e1fbe28faa929cc9c7a688d30b297daa9cbe06836f0cfdfa3ac08d34366a8a8b087b19ba59e3083f3ab
6e4123852ef403506ad39c56c9c334902e407dce34a646871cef897f9d2a0f9b73e4224cc29760a8a80e1b88e5d0fbcd346d8663613e600270b25db8
973b4996696ca8611a37ac31f68528e5b6f956ab460b346e6988826462a8b4816322f4448463e254f923c7847b041413eb634afe7ae3312df405cd41
3d518b1fe0b3be334ad0287c7fe098403371134c3053538a0985db8017da9d7e80256b9ce1f8d92fce1ea49b916fe3674edd87873fa8d223120a1de3
39d5a8309828c2fb29441447b1eb616c6e7f7267256c126138df78099be0d43f5ef6bde2efc233b0170f511d116fe37576d8e7a82900c44ea825aac2
116a89843234619608e0d6126689d028742d3156f57dbcf09ed791e202fb3cc16a980fd83df6c776e12ee14b09e6641722bce09f484d90d7e7f50ff2
3d0c51a0ae07805b0cfde5f9750cff58c7675db4ae83e89ffdb1ad460e5e87b5eda431917e4cafad79a821bd0eac34c39c1effa0e61c7f0d4b84ba22
755ebbd03bcc977cb01e7c0030aeb2ec42d75c3991c16f916097cc7445f9cd3b48d16daaba96145d8295342e554c72182ac2d8d0ab325afe5e7d9ff6
6079db76f1ab8a9ae1070f2ff9fbeb4bfc01baa27b227415c736e25dcb0e9763a7c162d14c7681cfa5ebc785060288d5994e7e375702a91c770475fa
3b388daa84af8dd348011dac2a0e18973e14f6bc785e4eac6e7443f38f9b4b1d1d00402fa8ca33bd8e97da8e2ff0798743d56d33f208068d843066a6
71b867cbbe38ccc22c32d302bc516b15197bb207e35c4d8345e25085b5b08097341925dd8574852823f7024a86cd2e4df5f1fe9e14c609f15a16b80a
acf44caffd1b289e843f23b5fe5e6b5328d5b933ac296a4e0934949c10652464d7333d7cc9af2f46845cd170e84d0451c68a25a17e3065ec49b2b694
d457fb12dccbd3fc75d16348c26b1d85b3ef97e8b0f6e7190ede8d341e57de8de17d00de8ddc93fac2c1c8d62e75782a152f3ddc3d4e5ee0486a3180
5323f513bc96d92edc262f48da74ab855f633b325f5fe63d678c8b8d6878f6ba549838e5be42fed1cde8c387e721083612bee4bc8416f69405c1460a
6371e198313c285d980687138de8aee181e8e294ee2678e1bf3e3cb05c3f17115f8332a2c209de8ed4f4752dafba1ccad41f272ec79e7d4cbbcac53e
368c5e80dc23bd055d0f5da0cc7fec023b1cae66912920f4987fb091c1e891aa462ef08b3d2a5e0f45b3855e8fade6f402d5471aa00dd5477a7bbb5e
96a3ede1bc3e7410bdd6aeb7b7532940f4f0bcd6e6167b19adbd2d75f2871a647eecbe40f4999e6517c1c9e3d845b068b9b4401ab2fe305b947d6cf1
f2820c1d756eb08c0b92f776cf64bddc1fa04b29e2fed867fb25e43c95825524b582432ab25ef2ebe00c9ea431b49f964635d848200f991f20496eb7
46ae261086ece3088421eb25723d1c15d30019d986c3198bf88056243df1412b92dac76115d95e58b7dba4bbdeed3649efdfc0c703b29eb0876ca412
d943863641d84352c7544842d2ab162421dbd40c4948ea730afd47ea370de547eaa70f7f471a30041d470a9a71bbb7a5bf63f144b4c395b1cf437265
0c0d4c7065cc5d856636162c120caa8c342019aa8cf58139515356d60da1b34e2f37f1c2039170af5da87cfe3ecbdd607fa84bb8d98954a5dc815b04
d2e2d61dcf7e05a5c38b35b4163bbee05efbc10ebbbc61a83388f75e3a8c002c6ba6017db69bdc1b543c436591da7aa0b2487566b057cc71a045b858
0f75cdf7b09329cdbd41edf4bdf6866ac0041c17a7020f8e8bc383f12d26865343982833254c4a474d78308a9148f0601435e1f06054c048131e8ce2
f5171e8c432cf08408a31ac7725f18c0119537de7d1fe4cf0d05a842f776b750ed7ce3abad4df206f951c7adfb4601e4d4b839fa3a1bf000841c60a6
979869cebdad8ea77678000ed5eef78defe1fe407839d338c92b1a24e243f8c0c4711aa3091347f5ea001347f17876abff71a97a15b2dbbf3af9bb54
818174d38188a3880f011147dd0b606d4c35771a7c1d2bc77dc928c61b78c8e4bc7daf6da9821c95b7db920605883beae99c05fbd183d1bdb6a53a38
62df3fecc81cfbe1ed38745fbab5e0da756b8b9aeffb2d53d0b98c22a92a1781dc48c7f5c184a95005e2513b1b9c1fd50097fb1171d877c08f71cd01
82aced0e2e904364f6f970e3bce31f84083a7b1fd1c5cc74f50a342733eddd9f46622d1ece7ce3a89c1f2fe127fb9dc23b340070470dc1f70b14a5ab
e0a5e3b873c23552b4f6df4070343b054bb3b8543764ab5e0a6e76b966fd81e5025434373789f37bed71a7b725a8492a442b09334935c4e6bbb6b8b2
62b5ff906a5fe03c40349de9b5dc9d5edf0fa3c029e14b9096a6be2f51d9ce77e84faa3103df0fe1b954eacbbd5204fef97031b416802364b1005a77
9ad16a9d3a113852cecffe9dd63175bee0857886f91e62cfd052ee8b1a97bfd8b2dd81be073d8cb8fecaf67d98cfcd3bd44d4b7698cf8fdf29d75ba4
4629e8558aa2157695aa67ee975ba4ee0edf7589acdee5605d290648c2ba52bd737dd7767abae6be271ecea7ef03b9e0b09db8d2b0cebe04738bc2f4
05684439f92d426e5037b5754c3b18584ebdacbed0717bf3fd8aec6c07adab65eaf5f525025be41388598a5aff6f43d3c3f6fec5a509a4bf9906f300
b9fdc5db7eb7b71b9de5ef1e9da91ba14dc53ae0d7de103e5fa0349aefe36ae4b6ff852c6a4f140c06f0edce344a186483342b6a16beeca3624e7d31
120c81bcbe00508599aecd7303c941ad12ba4648a712c5df1f2eeb54da2db2386db83e79bafb5e7001747fe7bec9f6f75d179e159645dafb0e35bdbc
b2301af20cee7cd06270f4f872274a8e70dfb5e3a551a25f60f685c9f9bae3098f0017cb00a730e16209a5d5173f22d5355fa29686500e5f1c89c47e
f8ded4d47e873fca7066895c862af52f4e919e98be37553dcd88ebdbaede8f77e80a39698b1d29d286330a56aa8f23b8f6c201f5ca4c73f1e102f15d
d7b4d4d2fee596a6b332b43163cf52a29a86ba409861729d59fe926a70277a7e903666c0999ad0c62cd3ed4affa8968b8dfb98dac72fa6ed607bffe2
c4398a3df5b35ed411780e85f0f7e7ece348f7f5a666a3dc060530804366857b90769a71f08344268b7f4007e0e5e2cb75aeef341a64273bb739cd46
5f6f73421e7c419354a1021bcd000472a669341be4776d90a3b8126109803a7ca6316adae738967ab08235260d2e863466c02c33d35fd60065bd6835
38724826234ca0643203b0e6841a6600e39952c32427b41f0a497d917e6e1c024bc20d336fbc8d3407f68f1f7f7d2979a06896e5efe35c0c1f38add3
1790c60c1037134298ed06b5e95da837f42e694cf80fa7261556bfb51554ddc97e87f426bc7f6a026215c001b3c2b348aff3b30e843fb60b15e8bf53
6334b55edb851acedfda2daa2ecc52c600463fd31c16ac83d48da7ef2c6d92815ad0ca14034e7e6285ecec0dbea0cecb43aaf65d053d7ec88700632d
a650cf9c3a79fed85d34d5fc341275df01ced3fe64d7d1a8f003d10aba8ffcc9f3b8dfb99c98a46fbe35ff2f5d62fac7efe6bfb67d7735586bce0f22
0fd69a0ed875c25a737a5787b4e684ff3c21ada9ca17386baa600bbfaa7981ba11b66064f60f47026fbfbf0a1c69314feab3f37cc086319f179b23f9
8090a569fab7d4ab4de7935fd316493e6bd79cf9509f46347ff75bcef80ab6dfbacc5611a27eeb32db57617fc8b51f6ec5dd190829a45edbbf75d1ad
faa2c0b553dddae0daa9804bcfb4abd165d0f18c64f78084a740a29290f0546f88bf2efaadef2c39a883fcaf2b73109c30f51405194c3df12f5365a2
6957ac930d4daff0063f90b744c184a927f6c4102a73a7c194758587e8d5be1fe0c7f10e485a3aeffc96de76e6c33b101ceb12f503965957d85f721f
6597fbc1d66654c36ff82d65a185555bf71b42b59906a59e9306243b454fcd1f9b3fc4ca29378e80aa70e30c9d53e1c6a9a2e1c08d73aa77fee11ca6
0f313c39b1178b5b7375c5e208bc67a7d7d4ea74c6ed604f73aea9e35f56406b17b37a7989ae00e1aaec344db699b8938d7f0f90063971a1cd717da1
031502e9f7b53076ca9f774ac3a8e1d639551dfd7ed69b4ec2530cecee99fefa817fc00970987e788946cb9be34e81b3814ecebf876a87bf6339b487
1f7b8c7de9f7e891445d31d96d59836799a170b0e39cfa83417c53d480c27b3333e20608f1cda95e1ade9bf5076d20ba623701d7b2e6e0be94e6c6f7
daceb408663f1df37c3c5c0fd264c4c78f37264a8310677ecc2ef8b0f309baf57c4049e1c00253ce8e207d0e3bc6b485f90e97463a09429cb08f1e6e
37108924e438a1c9eb61cfd1c7fd39913a8c2c4439c7309e16a69cd0991ba29cf5870f0c215bf40340d50279fe43b83d6c49434b19fc3a01234c42a3
939e62a1d1093b13869c702460c899e98334ed46583d70543a8c0f58fbc36bd183df422fa655e35275902a2a32e3f18a94fe4e01c38c6e3a9f4ac827
8ff484f666689b7870d975e93e4b920e514e9e4e4c265306da1bf1d2537a1b3758d86d0e7dd261b759442c3ed0979c52a0b799692a8a6fd710b7f021
a2589844786fd61f3421981bce1f1c7bc7bfb758eb08f427703e3a7dc9c176e471e6dd33510a7aa7713a6c2ca747af2f8be0e2a67ee4c14b62081af8
80a3af73e0a3d94c07631875868e6f10ea443a611334ae62faeb07741af634c583843ac30528a18ebef80fb4c046fe3ec4b379d17d8692993e1b8e90
ef7867a4b4616f988fbde1ac869b5395c5a3c255d0e207724ecda010ea0c95f790e504b4cd0959ced04f0e829c99a6f7d09382b29f8f30c27637716e
2ac1e5bbd9fd75635a64c37db870555b86636f5a070c587ac03cf0f50ad9f018dae6fc5c7ac2eeb9e4d95468a6993d02c2c211b36f1a50bb0c958cd0
b6e49ee8f0f56a7e79bc6920eb1fe8c5f4187cb4f6f82dc4616a521f022e76e3bd692089a13e19fa9e3dda7a3cdec17d320cbc7cbc6a68f77d3fd8fa
3962407e32ff4078c07eb2ef23af761c41fe5e1cbd202b98e9f48fca031806c3afad20451c348849b8194ffa9f1480091f4a6883860f252b7a2e384d
52bd399c26434c66384dd2c8a797f8081d2c5e828bbd31425d129e89de25a8d318c8f7d4a2c2ef7881c150923094a4ea949770080dea2f561a7de05e
a2e30cae87ac64a88b96ac643bebbfb0438ac1fb567ca191076fb572fecec1c98a569c0b118ef099a43a32a84af675eedd816f1406c1c87683846064
e81e29c1089417335d7c89c1eace3ebad143aae8132f3257dbc50b428f08b4f0931c1a1ee527f1d2f1aac6d241f85d27d9bee706b00f7d67ba6e0b7b
322d217deae90e894931a4170e93c38d057a922a542af4247df7d1d287f53d38c1c1b49b5e50a210e9ce34ea6b048cac25fa6ebc81039d8399bbbf7c
c0a58953f0bb4ec41d0edd84dae4d0a20ab5c929502cd426dd8b02cc26873eda309b9c7b068a026183934e617b7e95c83a47bf440fef9e1868246dc1
387d8992757db084256d9bfbea3bf057752e03170fe5cd4c3366d58ce8ae611a3f0ebb6549eaae6eec05d176ec824553601629a83d8cc3a272a89b81
45e5d0cbf65d87fad3e3271c28e186feeadae07ef15ece10673f9e789acf5ecd5bff3e41a9527ce94115e74b2f698a06fe5d5d39042a45e518fc29a9
d87bc117d2b02f7f8a1eb370a69c6e4872a67829931945efc6f7cb8dce01d12fc2bbe1ab55ca8cb04a7d5c526adcc2de369024fe62ff9b2fa20770c5
c84ae67213574845ccbbee085511ff7245308a03ce95f5120d27865a5f2338570efd51e05c697abcc0b972e848f6fe98040abd9fc3b23fc61664af61
9c12eae85d778d225ced0bff58dbefacaa1a59fe3e1c8bd9a45e5d29b4d8bea0f6e91f09934bd3ef082697e675f17d9c29fba5e40f731da4a9059793
ba3f409163f375b7d813e5d130429b97d96a7e6c2dec55bf7e0d42a40daf9d474e3819a61d06e7bd88a92ff87f1fd7f1cbfadee91f1a8959d3010d4c
21d462400353604918d0c014e243072c30a5efdfe996b568062c300d1f96010bcc89f3eec2830033c0f7898f5e633060876978fa0cd9610656f3013d
4c1bfb2503b3bb39710737d775f9a9f0c90c78631a6e2b03da98832bd8903666c47ee0e03f688254d11faa44c43a5e2143da185c9ac647af0b025ec6
47a6e862469cbec2d20c90346d1bc25c7f74981f3c4c30d3a25cd2b693653128edb4099d3441a4168cff2261750bd28377c8ffb48ffc164bebc7f48a
e91f96a543f849e58a7333692631f4449d0ed8614ea2c486ec301f0b2ecacc64448a41ea7c0cab6873742af11736df434238229579614e0456621e18
b0c324c15d037698f5810f5c7d3e54699d1282553ed36bc6373f6878be0725e3e208e5d580352670e41eb0c62496e90169cc2a808c409c3a1c9cc6da
8cbf7c3fe68b4cd13083a52986bc6ca6b5737f2c1e8749bb5c655b3ab33ade227e6dc01067f3f970922d8d0269107fad99aebe4419eb2453e11c9969
2b4c176e1f4b3fe07ce0822018a8fa4e1812472dbc0ab2130ec8681a3be4808ba612bc36e0a2592f5132de2c7b5e1ae2699f0b10908e64a0a6b7dede
173944ce07900e8ac5314b936e8ac7976875b8f1f2528ac34f65d73d72a18092a697d2df916f767e6a3222d3757e19a7e39074529aa75575fd6dcf1b
d38ca8cb00d2edd309bbce2fe3747806fefffbf7d38c287930e91a35d23d271589eb00d3d19a0cf86ed61f74062798b1ff48fff00133b59306be9b91
4a60105686829033cc48e51168c77bc5af0b661d4ee60b3bb50b98330cd0fd338dc2c1ee164845017939584eac0b6bbcebf47252174b60c5ef3f8c93
e1f71b6703e734c796c301baeda74a83d077ee857ae350a0b45cface82516da6f19670ba42c73ad2d58cbbce5e1c802776bb6f5d7a2b96a701cbcdd9
9447683bf71cc3fba638d581dfdad38173ce9ef69e73d25a40c2bae715788987cd5c4799b3eedff146087ee724b3e7e44f571fdef12443f8cc7ca0f9
ceb19f05f83143ab6cd26b46e9ba1d3ba9e9cf55e2aec8157b7f005ae248a5ff32179e45b98b3fcd50423e74aa4bfa41ecfe793b9d2f128fe8a479ac
22a57b2249a7a291b80ee9b3eb48a31e7a67502d94a7a73dfb72356c7402278faadce02a0f88cc4c33744a016ff2c918413673402c3fd3ca2f06f2d0
3d85c90e0bcdfac3079ce2a806343489b260402b93e9ef1e0708041b875e9816a117264e55035e9974a3943e061491014bcc2c9a774efadc8c30f641
66b87c5f97dceda6b9f7b29a0e76e8816fd08056a662061cd0ca0861356095a96e7bb0ca0467b8e5c8eac79456acb61f37ffa04a86210cbf0030fd43
571292e0f4380000036c7e4037d388a418d2cd0c9c66067433c6800ce8662af850e350116a6155438a69eec62c7cd8664ed7229c32c1857bc82933f0
be1990ca9ca705b02b63fe9fe9250651e5cc341b5b37fd60fa24d38e7a98b3e7b176d1806569a60941b295c4dd7af4926bc6d976a875459243237356
eba0c90a93cc9046c6930e2c32eb0f1f1e4e7da6d13222fa0fd5b11cb26091390f6b1ad68e16b80563a11f87da58fb1a7847fcd966ba6351f5f720a6
921a051e561c9fa1a0896a37a20348a7912a57b6d043952bb78df980cab5523b55aedc5506fc3295f89c21bdcce0f6301f566fa0de986954bff61e08
3cc46f0d7867025df938b4a3154a1b6e4514305c46540f42d370197147279875c03a1369df01ae0390cf4c734a74aae12c733897f177a9b646dbd99f
2480e3d07ee6e8a22c2d4a86afc13dfe8ef856d2420433c2394634dbd8cbeaab9adfb4bdac60e1b67c385b0d2fd8ebe7cbfa7142aceda5ec098172b6
d928d078db2e6e4dfba6fce0367d2802bed24ff0ad06b72d03bd4db3711eb8a9541bf4dbd563587e0400b2fbc33b135bcaae1bb496bb9946edac6830
1cd8d984f18d98da99aebc6fda3c19220c711f9c7e06bc33315cf6af35620ec050f6f9ec3ffc9a0f5ebf3e681c8a616f6f72d0605318b0c80c1843d7
698f773a69aac471048298816d70481083f7d44c1363f4f177ae169c46ce0fee06c4a90cc86286a767c86206b6b401254c789e3f51dda2cd1e30bf24
d8ece3c47ec60d7da6ab5e71d41a7f0ff454334d382747b6f3a4f9e13b4b9b5d6de5698d384540ea321451278a5c8f23273b80430e778b36c90177cb
c06835e06e19986006dc2d030bd94cff48d32d287e5125cc34119fccf2b36255641a9dd506907f257f66142c2e03c3d14c93278bfe6c7acb99e65bf6
d1b339f88ed992f98977cc80c525f1df9b69b023ac74a357d89d4fe43c614e031217adb303ea94939885015d8a30b203b69439491c70cc5acdf123f8
d7c3381c295a2dc799dcd3106770a40c572314292b235fe262e9ec4a6c3ddc03203399a7323e86cce443b0d57c202784d8b984e1c0b97ec072325f42
8c4073b2c0fd495b6fcbc600b5a233fe106fe792a7eb2b2bc01dd569bfbc1847b3172e5b45575db68a0d08e213812f06c4270310a801f1c94224f221
f99a415afe8dc3432fc427a339904b648f66a3084a56ba417cb232f20ffb8d0fd6e561e09035602fc9be7f4f3ff00f4e72ce27dcf53f38e10ee94b30
500ee84b862a15584ad26bcbf97534d8be4f847a33d7af3dc0767c2ea19ec49ccf74f70fbae34b048ec57d7121755d7e29eef0036611820f6a92c0f3
69c01c32da4ee3d87c387f7f7c60a6c0e43467177e0dde32210519cdae7f181317fbe398204ecf873171ce3e4e9cf00b5694cbeed141cfaf1f4ab304
6ae1ac7b99268e0fccd2d8c9679a929d4aaf252bb0b0e31d56496f40d47f9085cc97105290850c681407fc1e039cac011547bafdc0c4313f4072140c
6b9e720ada39fc66679afd8ac12d90373b0a30740ce0cb060c1d0320c299a6694ca502ab33a68499a630cf1de5c4ebf3e31fb21a90918e78984f069c
1ee95d124e8f84c664c0dd31501d0fa83be4161a307424f11103828e2c66ba0ee60363c08088631670f8e0b232edca30a3574f784aae0c0f53b51045
8c0ffe4c9fbe447b2a330905074c1ca35a0d7019f00e9869849f9dbd8eecf3e3e2077a80521a36399c0396d51603b2e99b7728acfb0eedef8c94d5ee
8c4ef51d7cb42db8df9a922880d85f5cc5963d767dd0ff42b25c4651fc5ce8a8603235d3f8a822c88af4576c1e2531a120790b06b18fcad702ec8c52
a3a039c2b379141544762c1e04bb0bc46c70522ab631a80c182f86e731a92960549f690090ed03c529a248ca0a300b069415332376fcb2c5a91931a5
5d4c979d667b2e57191da83c3d39f6974b0f76aa74e93c89d485e642978899662e36d3d597c8ea66f0c2b40d2257e01f9a3da6d874bd7e6904078982
a3f59e7da0367c8a8df83af234ee7bfb07b92a36bb7f201e39b515bcb19b8b1468876e091c5a55c543333154394327a1cfc5804d22d438c326310b73
4e3f043d3ba00f9285935d01f161bee417ce06da8f380dabcda99510ae996647f0c6505e3bc03fd23f6803a7566d11f0460cc21306d40f03cedc0195
43826b37aa920fdbf27ca07e5c81eb61770769aa977eacef04052805b97840f730df21d39331e7c205c583ae39332d0afbaa682d94c53aaec8286025
67da79610b0a271d46aa7aa864b6d5e238efafddfbfd5ae1e54b4c1e4e89154f01b52115402fd8a1679a7981cfe77c605e70d8862142ae8499de917d
3ed01708afda3d17d37e1cac882f1975d3f49c3e3086e907a076b0aee06f982fb16f42e030d43255233b9986d034ac97f85af4986a1ac5b8c3104c00
2d10d02e0cad0e55fdb7f5231674299cfe1071350c08b514bc301c1898f97663d1697b5e8099a17b2d8198a16b8b807fa1780eae9ae171345cfd8545
9576abc6768c961abba799a2c5ce8fef33f171ef19303674b702181bd61f1427b7ece91728f610ae151b3b808e33fd72a7e5f775263df1011ab03a1c
de752ac1a7f831cf34ce00fb7762aa763a88b2a469049f6a6fa8979417be43b7ecdfe996c33cbfa46900d4ec9a21ea12a0e7f077b5d9bebfb4d91d44
eb01b34439cc130676d807671a483717f43a8e56b031063c11a7e7716822ba664368222afe21039a880260d24c1338c0c9b42e717b76870f7275c293
66ba31acd499432a8e3f331d0e8699be3e50f212995d9b588538dd534a8538fd539d6930a727c2adc29c0ee1f2903342d5485da2b456bbe8a15b1cfa
254a4bda9c674f16327a286da7190f0b83455ddb049411071c1b03ca88738fd34bccaf3393504c7c62667af5d1e9181066e9e9a8be4c4c2b4a986577
1ebcd441f9b7d408e563a55f258f95209ed2ad0a8689aeaabb6103c73b6a5d9f96f28d8cda87d6b32fb625e5bb1af086ab5961736fb20385df12777c
985e5a350d193058144d288de84615acb05914e27ec63fa20af284cf5cfd7743218dc7de80c0e28cfd3e9dcb46d00e651cf218068bf980f483c1a280
163660b0e870e20d082c4e4de38df04602bbd68511cf006a7d1247cf846a9e93ebdf47b706d790eaf7763228ec31d061f47fbf23380e6bc8e2d9557f
715de67d8222f50268c59d0189d20aabc4aaaf8dab138334e0cf28879db3f6aa4e34e6803fe3f06e017f4657830a81c6ca948f2b41328876d8344eed
18b0697442a307641aeb03ba1c13b7db24041aeb0fbf187c41d1d0b5036434d34ec4eec39797a8931a743f9095ddce4083aea21c368df5b12fb9a09d
baeb9cde95676dd9abcf3db5963abd0fbbb2ef1941b66b033d3d7dc17a71ee46e0d8f65111d796babb1319ba8e852c1a7e0f22b339dec18021c7ef4c
e35083b6a1a15b2948db966e489c26db3aa40fd59b2d813db03d4b7d3d0ee768e2e3c806069fc5fad85c6f9c587de9cb07b4331dc5f4e1e10f062875
56e583610770ca6aaa6f9c1baa6fd43a35a018f485800143748c75c5e05a449dc0d6f938e12e3e56ebd14099d79b033a8c91360267602d39905e48b0
3624bdf0ec0ae9c5cac85c6f4af6251acaa6d1e093d566d7f0180be5c34def398b559eb8de549ea8b568284ff672bfcd94f613e0a9c46d30a91fae31
2e042a301a170255ddedebcd96f7dd899a9301e461d81186b41a1f6fea8d304c00f1679aa6390dbf28f9155f4bbf3d0e3b1edf63151b50690c1d381a
170535d4d06a84b65d68356661fb0f9aa02c7e504c0ed36be66d198dae8510b899c695cd26e3b1157f52c80c88390a882f337df311fd0129d2478553
c378fa71563e3025705a6bb873116036daeb4e404dd6d6d7c24179b1a9f83e5e5e3a49c102726e01a79797a3ce36581d07bcbc764b370232ddb4b6c1
42d0e34c7f579e76f7eb566cfae1771af672b2506dd5a1cf739fed60df6bd8e9d86cb521c22052f1e31e3088cc8c1a69670992b5c3efea21a0eb2396
66b40c1f4077cef47267c2d17f74d037bdc84839a278eaeb02d53cba77889f3e5ed9fb01322902a01fe91f8587db07ffe12c7298c6c7a25ac4e34bd4
831050554fdd2d559d4c3f31da220fbb5661567a2776061fc1997e185a8ad6c88bd8eb70ba767bac803080ccec052857564c87d255a9d20b5b30a720
184ea6c40cd2f81258b9420b9a65d982ee032a7ecaad38f999cf460f601beb950620e7bafb9b479f5e09ccb34695a028046087f695a8d1e59cbfd2c5
f79711ecdc19e1e9d22c4d31d47dc0f36c57093084fdf19a85ba95c0bf52149870ae54ad9470ae1480d6167628166ef204060890d501e5ca2ccc09d6
0c1866649bfd62e735acf148d2eed6a862a2e3b1a57a0e32967949a6cd60df29f57af7e847713898ebfed897bf562d766a0786fce3fb1c0190555dbd
98fa14c85aaa8ad4ee551419d6bd8aaa73e8c1f0b00174c226d35cf130d72fb06351ee87ef741c35a90561933a20748c25f3bcf79770eb4219a1deee
c9927622e241ae22b2a74b9a9dbf735d5553d575215725d78dead92f1145e5f249c7884307242f55bfcf9e460a98c667926b4a1fdca25c33b8606dc9
0240523809bcbb12fcbce0ecc9d497508b90e7bab996dcdf5ebeef1fe06839cb2091f18807414cd91280984fd5fb10c4cc8f9da2203ec0913dba9e52
4ef51bdc2d3f00bee8031eed7c50a293eb8d61cfa57b375fa28b6f1cf69569d2cc6a6fea370379985e67a52daddcedf7c8c334a07eb77337f59ad3ef
d797f8e2cbeec3aed171a202bb6e74390c9d663a8bbb38b494b846f515e7f002d9cccad49738fcba6b103faac752c7cabda50338d79ec7219b39000c
1b1d6b8a5af60e176d45bbd201cdd3d803c14c6a61ebde6b3dc8413013bae6f59f01fef43624054de18b0bd5678b1f2017f407ee422e70bfee0febd8
8984615b0b577f706356ea8bf5ea80bc1ec5a81dc4335a123b6ac43dc1d8acb5cd76b588dd590504dec749f2da1cfb88a8d23d575f8e0f4a1fb765b0
9347080ecb084249139afb02ee5a704167da598504819226b4ea41495335424b49a33e124a9a53cf4968684e17466046d750141fdbcfef6cbf003c0c
98674e357e50c7144fdc50c7cc4ad01ca863cafee0c40ac8700688ac6a7f63dd0f437b58144610a508c42f33a3e11fe202501a4acb3f19b2563cc4d2
0c30ea81653caa19d33ac45b1006a51530dc12c30f2a50bed534ebd0f4d261160fcb32c178f485f0e584ef6e40eb727a2088661ca0bfafdd4b6f8658
9bd4a12937c0cbfee879020fcc497cd04c7339b52bc1e3217070c00353d51145e7c282848d8ebe8e635304a1428e2d3b08ec6c03ea975918f310ea17
9dc7247551a648d8a2e880a4a5b8ef85e29c088801498b8789c8c7df7d00219b1367781753f10993cb7aa038a2311524b1e47681e774042ac4e21870
cdeace86cb9af22d603bdd197359254e0170b91c1e2de172597ff8c54b69346209e870770bf1e5c2dec6fda8730f86a665a8090cee446a0bc33b1127
62485786ee4d70aecc8c58f6a1fb0f57bfe0ea03d4d2805c25f5db0b9c73bc38c78fd840d7b6571c7dbb832b8e96970027cd4b402c5371399db57ae7
e80a1d8fd0cfa6574ea7b500df4cf91fdc2c3e3a30c7cbb6ef8c79c17cb0aa4bf6242479f338c3207a7acb8f109385b4c0d40769eef8a7ef5802935b
3e95ce3c844f253587e54750794bc00bbdfbfbf0e3e081d8ccc38f6ffff02d808b4e5fb2cb586350b3a49a24a859522b01d42c117e00843fb033cb5f
1d7b3aed395ce795f41a13a340a05519c4ce2e4f71da4f254e96920ab7c40148b197f8866a7acba2bf0defe0cf034ae072d0c68645e749abc2548556
6566faf7f12d8ba5f015a8d32a43e05049af0570a804e87d330dff8fef43e5aa3a183e953444040e95b9cae8be25c686e6ba540de5cc4acdc5f647c3
fc645f12c1d9d37423cd3bddd3048b234113513d9ac2465b32f0fedd810093b33bd298918dcb80eb449ed301d5c9f9191fffb039545be04e672b3110
bb5b36cd95998adfe73b6b433c9cacc161de41091cfa86bfdff8b1d21a02380f2b0a4762ec6fc1d83fcd9ffba4150524f4703e83680242f9803da578
e0c8cd3cc0b7cb8a5d8b333539ee3b233d95bbf21294946a1a003a47038d9ac68644a3a6e7036c2babb368b0d2da2b4b22ad0ff6b6e4f0ad3a2607d0
74b666ecaea64a047986dd8e105770e768bee41728f1d97012cb7a711522e93dc5a5fe5070328c94cfd199a0a5c979b7b68343b73ad85de6074a830b
5f74245a7276f77897aadd1c1120463f3a50c3eeb2fdcfd333ba5e8c7923de39a226fa35fd8fa17d197afe263066c585fbb5a16c2070bd0c9d8e531d
998ad44447b6e52138d25bbcc9a6e84d1d2297be05d4b2e814c35ef227441bb9fe3c28f8f1ba29e9d8920f7a34ee25e9615707e454ffe59c5f1b45f3
0429278b47ce5cfbc4fc98f6abca5267910f3a426bf1384f146f1c835531a7c7600ee910b7ac97c896d0443ddc606849cfcd30b4c4bf0fa017f8fc79
7c4b8fbfde3687b1ffcc95e1f6a2a3df006d25f64bb4ea344dfcd2c7779cfd1c49c6077de261fa4797ac6e93fc45fd23e42f42630fb85f5217ebb137
8e248da46489c3f732d4ee0c3c4789391e70bfcc5d946f4ff5c1e40f8e0a61a8432a17ed8fb0b4cc7c4ca3b965a319582f0eef6903c74eb072671ad5
2db262e02574b062616f991fb0540651fcc5be23404fedebc034af17c568a8baab69dca798a10333fd0e331a04e201a4b3fccf49531a67df4317dfd1
20d7e17036968a6668e3842c66bee4e8105367f0e160d700ce7ba681dee202035bccfa80a2bb571b8aee16674b71e2f7223d08913bedbeb5859c9ed3
8774599cfe06902a902d0c98638a17cc113674bf54a9862faddba91e0f038dcb697b82a5658dd656711aa60605cd2959d07c58d7e23da004cbc12f3c
d38f2fd168370b0e6a10d5346343e1a939a16d9a696ae4ec5c9b42d93358e2f0ea3bd48853c76053d02b7ea0a939c040980f172ff9c78d0cf583af2f
d1db6955ff63ec4d96ae6761b6bb798e66dba6adfa4ec636766619e4fc0791d6f2fd54aad2bcff88cdb5c174028410126d1e5f55e98c815925f694c9
aee00b41bcdf1c6af7e3fda6c821e1fca678593c11c94cf39e5ce5b1684cbc832b3dc7df4dd00e4d3b914ed95f68964ebf8fb0450da1a9ad684fad13
d3993e849c085be45df06bd315b7cf8582a2a3866a9237cd78a0196ec073490ab01c932b0aa5d273a1a886c867a2b3a486d4849757a08bcb9accfc5f
46df260e6d868772fcd9642e8b81af1b7ecede9738d02e75cf9b8fe6b35d671e9f55421d2cffbbb306eb8f3e459a98f2f7e5cb84bbf7720eaf33fbe6
5e80db99ee0dc1895515891d0731538542fdc3a84b847f98a9b80e6f2f530da893f7d4583b99672a574e39c413a3b89b5747b86299be243dd1bac4c0
73fc7e4dc497609fe5a470c53271731abfd132ff70c602d23d5d1da779fd108bc089a6a52b1cfe5aa6fa2b271200bc5fc66f8cb75823349a5c4c4e74
e0bdf1c475cbfe6d14f86e991ec474be8227b1f8dd4c348874b6221371436687553a86a5ebacda89250d9e585469c4134b7c88d971a29aa91ce284bf
f69900ae58266e61279e582283c3833a94cffd4fdf125b328f9d540bc7154bc13ae5c4134bec20948cebf0cd8e84d7deb0543471c5b26dc50cb94663
426ce289a5f998ee64a1c4fadec42bcbee9bdf3317ca48e36fae38d896f0d672b8669cb94e367c26c66f956dc45f707e7ffec54933ec222451b877d9
bfd60f2ac48e8b7b97ddf72fb877d9865d9aeb645325ed749dfc9a8c06966bc0e93ad9cd9c8caa82eb93d55055a63379e786f5d6f80def6c01b93236
27f639e1da5927f000d39cd77880c9828de4b1639f66c63684838c317fbcb74efcb9147507f1e7d27e1fde64f92921b9e286e9d089cb964dfdf3532b
25ce223c987ba983cb96de9cbf181896e93c7185a8a4eabcf8ce7f1a7d9bb87649bb9f9672f2059ac7d35efd2d4f9cbe74df169e78226b12372bb6b2
5b1cc0748f40e70dd3013f853f96ef7d36fe58f64f25017f2cdde7a1f86399eaa19cb9ac1f8a9ccf5cd587b7622717cf3edbc667cbf7b61b9f2df951
23035d0d33204c72aeba0c7f8b18b7d0722fb860e9dfccc048a1fa56b85dd9b76f12b33efbfe01b72b532daef3b1043e8a2d42558b709c1299e1c8f1
9cd2f1453e717152acd2a59085b1c6914964a01a17925fb99a8b051d9bb113af2699a813b1e8eca50b76578e055f24537da20b43833229d74e0fb37c
5ebbe9fd5d9cb907118ca4997997469959382619b85698f825d935461a1158f966227515a806f62f14835f877dcf1678e1cbcbcbf92b85c5c523ea85
915a75382eec5ff8c4fae262b458b2caf650cc5568035472614b50b1e955243d9ac0b5e8e6bdc1851d76e55b57f188e5471937f6d8ab78ce303de3bc
5b409ee77c8b7cd59f1fa5163cb4f2dee0c204ad3489ab94cf9200ae522203fc8ebe52306e3df568b2db151d31362c3b5e4c264ea7e6353061679fb2
986e5e7f5e3c90fa3ea41b13fb8bb54e0bb9f3c29a821cd5c503517cdecd4bd37b92a426f624a489f49dad01cf259fd9954b23791218aa30d81a9b38
1389c28689c82cd9a211af8816b71c53bd00dc724c85c0b8dc985ed2e07163df8aa48033a81d19c8a52f56a913164fdd263c65448658dfff6385c38f
c6f446127f1953d9fc252ba786060e332676e6264e32a62f66719231d557c149c6ae278d89978c149bf39b86b0975d0fd242079ef7405b912278dfa3
08edd2fde014a764490b4dc8ed23f69775931ec1bb436498fc469a0d4ddfae0eec963868481930bf7900ad76e98d62bb3aca786e181fbe9ba1f21b6a
82a1b85d117cc0896785a99a151e14a6eac7785098b8369b784d98ea2ee329616a6be53e2c98c2383dcbb0e241210ab0b48302108fdc28566caa5be2
5b61f6efb7e4010ddd3caa54f4791fa77fd01b0737ac6cf9f7c1ec65f7ba8b45500f5e4f7af6d00383d71c77a5ae10c3ed59dac78a372aefaa2ce38e
21ff2077650bdaccdd79546022c60a96faae9295b82a95765fb291d355f06e1cc4e136eee604a4e4ce87d85c70d4b07fe61a6e4d84c29cdd9e62bd24
bb933b2bb224378ea1f19f35eff1331175e2b4ea3af8f97960e1c08743f72d8d2e1c36158deec1650d1bfbed8b4b168bdb954625a27bda6790ee8ddb
679541f1f4907f505bde3c2a6bc22bc3fea980ea96c12700f7f9154e21a785585dde24eef6888c8b97c8783238dc916e9e5c6f529ae6c5ec10b901b8
784cfb772fef31e13f7c4072236e6bce21acf32bdbbbb94396bfd33abf4f57eecf30b1e4aecf7b26e3d2213d84b2bc40819ab0b69f7ab585088a81ac
4c6bf359ebe037cfee997fd8c5dfb75424f98f750eabf9a9d9c5efc75c94c953bc06dd2d1dccb3a860fa7ec86a6bfa5e4b6f13dbf7512fbeb4939979
8ecdfaf97d949b1005e4d88befaa7660177e2afc5ec8aa3608675571beef9d06531ecbe953410596d3bb17054b77c4cc2e0ca44f1535164728476e79
84928fc1c8799c64cd4ca519bac5bb11251e6b3812148ce065934f5f18bef51e75f15e583a5928aa3416f025f3df21ac35ad06994f6e50601416efc8
bcf15cf801569a83b5f1f1b3692a82583b64d7de712ef6496f5a972e7e71a21211fa0e8ac37678fe416e9d76f87b51edc3df706bac2e6bd14e998385
0044ad24ec824f8f140bf54b8f788ba7ae8afeb1ce3d3d52acd75a50bdd71124fd4b1f1dfec65ceb9786ef3367b09c3d3d3f3c9b65357e5b8783df17
69767e43f52ed98f84fdfde66a8c251e33dabbb7834fee654d127c7c620a838279eda6f20fe6b577b787c73dced5fbe17a50bdf4077f103f56c1c749
e1da8f7deda260f3513bdedd02fbda45b1cc23a7eb5a8e09eda68d83e7a01e50ea838aa14ac68f5ba177d6d8d63e30991abf1b19a86cee844d8b4b4f
ee844d734dd8d9dedc449edcef9ac6919e03133eac8cd8dfdebf132506b8775c024dec6f37c5dc4f41746a661c35a8dcf8fc6900525aa1846122ba9e
b9f3d4af047254da0c5b8435eea6c98e47398bd2e6a7d21e98ada7c2891fff29857be4a295513fcaa83dcd3c958ab1c863e9bb7d15d38a1b33e2412c
bd79598d79efae901e2bde45611856bcbbe6331e2529dad1c28a7777b17bb476a08d2cac784fdfbd3cbc3d535af167c49ba17787f6c08811efa1fd85
07adbe6637740cb617714de2f39b0dda8b68ac7077ef4eb19dddbdc1c576f6ee01e6993022d6141f4bdeec62157bd7974844d809e199308b1dc342e5
904aa881fbb0902934c6fcf5c4cdeb7c34fd62dff17075b04f3dba4df03b880e3cd63d973359b2f91efc9301932c3e49c22ef6c017d9c42ef6e1ab0d
ec62efbe007d6e1e3f70d27a1423a88cfd2c6c1a39b279423814fa3c2c7c1fbd2c4d03d262f900588d07453477ba87bbb9cd6bce4706c15ae385fc1b
275e586db87d8a08274a099c4bbb51cdc089d249f02052e100f1282d60efd722b7efe91faee6361f703c5a0d7552bf5ed1901915b5edeb24de55a925
f5286b98129ba7896a2255fafc0dbfc9c1169bda5a479dd8d4de37af42df1f4c58f1f7ed1fa642f3abf8fbe1767ef2fb35510ed08b21508cc74f4d72
bbaa61743b130d22908c456cf6253bc7cb43abfee5b0a9ccbd77c3861643f4ee5a5a6dfc76b88a7f305c309c2f4e11da34913d4e9ac3d1a234cf13ee
0befe170513fcf135e59629e7bc3cd66fcb63f984098deeeea9fbd45eb38d4954b3b0f392f12675fc1be684fa780f33f16b997e553eef0adda8ef4b7
14c25cd660b7acc18bea870f365f58a96e8778be70c460a5b0003cb1e33d948363c77bdf5ca031e4fd59fec35c772ad3f19b95ac9ae1320325344ba3
3b3f1e8bd23ee1051ff20192b51e6a0c526bb428541ec53af62e4ff6ea17c691c0e695878b173703bb2d9b3c6462d1c17675d77823b6aba78f2eb14b
bdcb9d61977af3048f5deaa6122176a9bb76e7343fede47df5cb6afd79a6bfe32333229f8d306aed49c4851c93d0fbae15cd179ddf7d83637e590977
ee1557ec25eb464b7bc72cfc079837fb51003354fa1104c0f5cff143a721806d716cf88a03c07d44a6e8007b7079eb5f1d0238d6bd7ea6b0d8b2e895
042cb62e5d3afe5067048087cc16568033f8486d9d0f8148705f66d900de0583954049a046d59167ec9cc502888aad2f4bfd00f6c004da1f80bbd51f
cef702887a24e794c0f803da07cc3f8047c83fa660007d3d784bf5157d0063c11126b00304df3c2cd62e0ce0af0b67f900acbf27604dcfc5ec4ac09a
5ec1947f1fb5a6efc2967302d4b46d4b9f9c3f0cb8023c9890fb95dfef0f48a24d60fb80f7f90950d3b62f2cf827404d5b0c6551a3e857fe01af40fd
03ea26d0fe018a477ffd039ef97dd49af6854dfb04e61f3018ca220501dc02d6343a082bde3f4c8804702ebcd31d1a0a00589b35ddca07c01d2750ff
014da0fd01d50edaace91567885dc09ade6b3d16bb1f1ff0fefce85efe8066d5f7fa0fb0839c8409743fbaf77fc0f7514b09cafed963fbfc03364b39
7eff004b39b63fa0d9ebc7fe073c9fead7f10fb01ec77f892c4dfdda3747fd07386847fb80f5f5def15749dc5b0550feaab0be2a94bf2ae0552981f2
01b8163a342ff0018e73fd6bd773da37f55f966f04ea5fc5ded38ad5bf8a61cdfef019bac0634deb5fff7e5385a7d11f60b1cd7a3c0b3fb7074f9bff
006bdaf63f60fbb21c7fc025f1b4f201cf6df35bfd0076c5c3d7be02ae25bc7815e8df47c71ff04d84664ddf85ffdac317b9009f2334c4a5029fce5f
dfff80f7038e0fc0b95302d4b4c7a2ff75a12b7802b7ad75c10e602dfbd4051bc02c2ed8097c7dea721cc0f3b565ec7fc0b083c6f1079c92c3f8abc7
fb4d59d7e704aaad757d4ee023f3d1ff01df37ac69ac7a7fa5cc3f609ac2f519c0525c9f03406894c0fe01cf37bb5c9f01fca8eb7302aebec5f519c0
e6bb3e0330d8f5f757ec6329f5f757ec2badd75ff9077c59fe3e0a6390c0df47f5ecf0ab2ea509bc4bc0e6efb1d54e81f90f606dad2ea5093c7ec3a5
3401fc9efdaa4b6900480c0f5f097fc0673ba1fc019bc5ba9406f0fc6c9c4b29c0576cff03fa97e5afa68f44c7536180d72ee49d84806e8feb7efc03
2e81f60fb083f6bf52def26519ff00abbeff2ba558b1e35f2952503dfe95d2acc751fe010ed451ff01167bfcab47b70b8f7ff57043afc7bf7ab8f7d6
e35f3d9c1ec8b8052eab5efec6053f1a87cf5303c88dd48f96fa0fb01ea5fd011f39c8ce0198c2053680bfa1acc71f30ecd35afe017ea3fe95f23138
b5fdfb868b416d7fdff8a6476de51f6029edef1b1f6f565bfb07d816973e802fcbf803be0e6a7f6df9d68fb448f57fdfc0f6faffd8bf32f1b4c05c16
83bb82a9e5d9d9d327ee1366febc9104557e22d88ac2dfb9cb02e7defa4e6e3eb8a208b61eef39e8f8bdf351d451f2f7eb13a49c52c1c0630839f9b2
f7e4226ce731574464da93265e9cf6a1f91f3f79e65df9c91be6c2cff955f3d533de0f13222f623d5e53be3ab7ca2e7d5f9e09fdf899b2834c5d88a0
cc50f959c48da030fefffdaefdff3cff8ffffdf9dffee787738a08505a8ff89e3b4306292d45d33b19dd848e543ce1b1d90ffb67196413921df81d97
6972fd823a7f9814cb60a21e1908a6b13240516507692087aa2b891c22c97422abddf1cf9101afe626c82d822b892d9164e2333850910e64cb436906
1890ff25d24514a3e5e8edd837ce60431d00a4896422f4c5778cb8663078b498482e281920d5ac204d24cfa65ce9c4ef47089dceacd291cb5f067960
cc41da8b952c4dc5a8443a9f2e1ce3369041f38bcee912c16e4d0418fa4b5adb312012018f1f70e8bd638323833ca7a33abd63e922833cc8f2ee62c7
2a440629d5c19cf78ed5840c48955bf98e9030031e92c1b4ee38ffcb80531c6cea8e7bbf0c4eb102b6c0a6566572418dc810e39c895072c7f95e04a7
e9f2fc1a11d39da6cbe569c7855e064b6c077bc1d001dd61c776e488195431ea7c35314f9eb6edb20c4fd53059fb63af70544c8c76dc96fbda07c98d
ec38e6c90031ce2feb77e05827032e330086c0fb8dfa81479b0c36dece8314112d4d8134918e7d2d902592171408c00f7cc96400b1267373300332a0
d99c2e0fbcc064708a8dc48a5959442bf564000e5d51fcd04d3b704591c123c6d74e73629d2937bb034bff197ca9b21ed8ec8f203701141ee3e71049
61582e97f1f3146135e68c7a6c277db339441c428f9d152a821c8edc4d8f236f8933c0b9080f3b8f232b9e81b52027360733f816cccc5b1ca082eace
0edb1011ea8609b898b1d4d7997860302a677c8e8133efa88a3f501a89c80b663aae708f66bac67bb483fde0c0c245049b733d25a807f6292220ef81
3bfba39bb78b615eee18623e8438b8d13ea6d8dc7c54437b677e3c020cfc1c68071de8bf4780a8fbc0f9c431ed17758aa343b20fd0238e80320adaf9
c769196a7d965f2e75c769bf9ca6e38dd071990eeda65c0bc00ae55ea643bc72dca6bb354004f31011d2717b1ef3b4833dd4ef362faf038e65de25c6
d5d8f188217c8e6591bcafd82bc6357a7152167c06c56299678b829fa0084c87b27cec4fa4c311412c9db9fd143792b2998e6b80b29b6e0753e5b21c
6258814deb18f93d2cbf46706a002379f88261cf087892d4523bcf1ddafdf8ff6d8b8eb43b5950286ab0be05f398115805b8a022699782ea5243e419
119a291937baad48c6a57e58ae5b45922ddaeae8bc422918e8f89fa2b58c8ed26fc1424604e4ed686f164936660fbab8bc214d39bd18b676101e151e
7b47c085952eb92342193e28d6fd6ee115710496c1d1a738058a53402d8be21488331bd74adc1fa54d1730b8ba8e8d96c24b8c0c28032df8c2c38bff
29dfd30a5c65a4bb1731d6f8ed4719ec7385e715891530fa74624e426f9611b9c530bc80fdae324febc71e3478511211eb473b06d6ea8ad3ac38a5f4
e3559c52c5e93390a316a74fb9712031b8592f28f14460b95cba44e40543517867432968c644e0f7105717a75459c993ee63e4a13c2287d834ef0063
dc167bee407fa2a07c10016d9b2c671169621c49500f28cf8f721fbcb1feb8342f5cac47b07f6f20b36d5c7967e0924e5db85bcec0e51bda782a7579
b4ff82edf7f24893dcc1264619ad8b0db10e665e58b21fbc64e1ba35037490a47b2e4823f08d26c2f502f393816530963035197430c6e3910e7419fc
e31d49913f29cfe5f75856e445229862947199174f8f3f5cf716ae2523c019c40f6e3322b603570e3f8c83152e0e33b02e8d3e789698ed753c5ee885
4bbd7ccd95fdf7fee83f1de36afdbb7057978165a404a7e014378326d6c06e31db3bf91e5b7de1b89f580533dd6edb583271491b81e38b7794c2d557
06f4336ae311e962b758b60d395106e6653d781d5fae9112e37b6d893d62d9576f376f376f32de856ba50c4e31ca18d0df3bbe74e49df601a6557f5c
19155c9666605ec60defa319bc62f4df69b9a7dfabd4efb28c8bb3dbde68afb4a1c7cf1ffabbe5bd4d776b1eb0d3a7b7e9ee29465d6ec7ed663cf048
5270bf994113a32e8ffdfcd8cfcc2ddc5466603f3b6eafe9de2e36c14c8787a7df91eb41c5896406556c807531e80afde40a8f9b41179b604b8cf662
eca9e21b318322d6c05eb043fb29396e11119386789d59714a984113eb60a718b47154f2726caab8154c8cbc2982c9e0b3d1423baaf56ba66ba46ba6
93d6b82eac78e98b8077315e9755fcea6570fadaf0bfb7fb8a63bd0cecdec16786dd3bacc2a0db86551876e5a45a1cc122b8c52ad803361d9a49de69
77689bb7385ce787d124ae442aeee12270e9c2d752c5715b06538c322eeb7ca9cab953e7cba1b9bfbc948b50a0e2b36df332a3e2a82d83210639ddd6
8507d381f1bd25492cf33ad44b125bd6a54026790998c1a7564ab9cbba2822c13e6444ecabc7f63ad48fe9b043ebed40e5a89381f56b94f1da5e9c99
29acafdb0f6cfb7d587e0f276319304608c22bcec632b06db98cd64d72df5c32914b478476e02e6c53ac5cf111964113a30cb8ccba392d90f2466489
3d62945b184bfc756d4a612b7eb93230ef4e3ac91d175c9b92d68adfad0ce83f44a911b16dad8b251d6cdd3274fb88a8b36ec3bcd22eea1f75937675
5ba5c0b3e29e2a834bac83f9bdf9d990ceb1dca6df9b7e8f69bb4debec728baddfba9d96812be71f12be8898eeb45f1ae9a467fc476d481f3362b997
dfeb94713307711b9518759626b765de41ba65de655ec7f231dd635ee6e5f65431f3e69658f173940173159158442e31e634eab1159f4611f056fd87
be62440e31f3262b53715f940175410db6ee880d2ade8c364d8f553c1865d0c5b27efb613aac17fe500fad3825cac032a083dd25187f420515a08a3f
a10c9ac9681a9c79c5a55062344d92dc8bd5835cf64a57edd5ea412ebb648a17a1c4685ab5d8661754f236f34aa6cdba34bb8ff7e11ad1aa3bb2c008
202b1e6a45a489d9cd8d2e1d3677d80ec860972477850f5851a9fb349d1c006a7315ff3b19d8a58372cf5b6ce1938f66b8c2ee97cd988cc665565753
e4d7156736195015ec19545cd4644055ba94b1a40257499e76d6fdb1b90fcded8eb8d4b7cb1c7647fcb5fb5ef31ed4cfd56f9701e80edb6b97ca00a0
26560f1980e367debcd388c814bbc5322fde6032305d251d7290084c574df788593f86e8e050194115232fe2d97ab872a2ac5a0f57ce63f77b8def21
22ae1cc903cbcbd388dc62b6a393ae98b788b162e3222503cb6028f1709281e918a3a39b1759fa2f9fcafce7667fc06346b09985e2864dc28fdf8f77
2f5591573d5cf4781753715b92411723ddb40a8af138efd7c38d1df7228131d4b81189c08d1d5151442cd78510b5c088d84c7951f45beb2129e22724
5fc73334b7f5f39c82326a3d5c1c8f758851c6f27bcbefb1111faf79dd4c5193aa78c2c8c0bab0501787bf38fc981daade1744605d988d05e166042c
5cf805aa459eb078aec0807ac525450696cbb016571f1c5154b495e2377b46713fc4394e45641f01efa47f580aaf3887c8802a6396a116f7c3f2b941
86052e0e2fae1d12a3d82986ebe038e956b0532cad0dcbcae16f21024f109351c32f420669cf81d76615970519d029c8ac2262320717ddc75ae4b2ca
fd1953a508d78f92eb479531c4af4006969033acb89f15f92954c12b86ff33b8c5e827f9296cfc2746ded7a1d00c2206e52a36f7338054d0828cc829
06a9a0db5eeb66bacd740c77f54851251554d42bb6f133b0df539c50ab3c1646f02b3716b5baed61f33e92a554bd62ca3e03abc7825cddf6eaf1a5a3
58d92e0dcd6f1873abd887cf6088d10c17949a5bdda625968a95f70c76b10266deeaf798cdd53d0e53ee9b2653226233f084ba21948f8875c1ec9f96
522ad6dc234801c79647b2c4baedc564899c71956a2b54ab6d905a87c9d8f6f27800668f0e9b51e8966955a655615be67a29832e461748c975da34a8
a5221c8bc032a0164ca56760339ae96cc66517349a7b2db17c155f24160f1b982ddfd4a9ad55f2c6007962a473cbac793eae6899c46fb32e4b60ce57
cf15755913f8ba2a7d63f1bb1649efb1228f9d32a9f06bc320795d9fd7eac6aa5def2235beb6f5bd4d967dd79c0558d5de3604901139c52eb12c160b
d9191c62136c8a318ea8a8572c5867b08b9157926fbbafd8e00831629d81654066cdbd11dbd28965e761373a03d3717a6bc8f96babd605bac06a7306
960127dfaa6548de38d4ac1868ce80bb31cc90d4e621ba35cb65c568eeab2d59b35a6d463759372b67f2e621b971d0d89077552c156760b130f7d816
cec06e81916feea5580e4e8cea49b6ed341dfb4893ab6ba743f4cff8e8ffcf16df5ca0dbe97535fb07468333f0d39cc99be710ecf8e6c0d024291d1b
be89d174cfd098ec0d8c05a57986d644af46152ae6772390aef78d66ba2537b664ada655ccee66c06861552522d645fadfa50839466ce226465d1e47
f0b17e9cdd9bc48e5ddcc41806b948ece0260635c945366700164caa570911ec6207186574ee4bf53a1e9122c6306007212253ccfe4b5169ed8a9630
3f9b18799d15dd598111c1ea7545c5346d6294bb5bae96066846f7488411da4cc6e7dc1b30461b1814d69d3c189b4d8caa1486ad17bb190aeb9e897a
b19b5966ba1c4877f2ec8807ba0c28f66403639de9ee03dd7d0037dbb1aedbb46efd202b6cbe66e0e5328b4a572ad55df495e079139336f8c57278bb
ac4a1fa683ac30f71ac1341dec40f7fcd3a7e920a13eed038ee41b8fc26a7731ef9779ed5399950eb3b21d6c365d66a5dfa6930ce43a31b01a9843ee
6ade91766ef821a87dd907cbbc6c227d3531cbe0e0d0151361733531ea225bd339a66ff86d8b88f57b4c87a4afbbc677495c36110baa193431ca90c4
bb247e389672bbdc6e2596fd82d1d40c98d22896576ca16630c50e30f20e4dd4a12b5e872cd1d8bebc13ac8b4193687b47e414bbc5b27e439668ec5a
f2815f196e1003fe67e3962e2297d82396f43c3c508dc3bc2c25436e7c1431e860280b18d238fac6c15f8849e38af2b0329ac112331df43260bd37b4
88eb50ec34da29463bdc3486bc0e6abf75789ec7aa67609c2030e5998165305787a228ac672646ba617ba5717460eb90c6873b84acc39089c1ee64ee
69d4c5d3d670b9aff6bd743f5cee51f78c88dfbb5407b29fe562c6fd13633c6efbd9e55eb11d4625237069576c37a4f1218d2b8e1bd2f858d68583c0
909eb102b9f9a0be8e97750d7b8e9b4fe6eb904d1f2feb46b5ef5fe9ca651cc7c811b10c69bc3a1ed2f890c6f10f5abdad8d60131b60550c3ac09840
448698df63299e323c5386078dc13aa5f1298d2ba29b2ef7d3e51e8f10c1a39a77b75cb8c029ed4e6917af0b11b12e8775617ca7a2ad59ece7ff95dd
7e4aeed3659ea756757ad09cc561e0f8305de6a77c133a2711b9c45e319aa4e415238889d174a7c0e47293b7fb19b1aa2efd4affa6e4fe191f54d2e7
c577c5be6062345d72c7f45ff252d44581c3740af0823c2245ac8a51864c12f7df8951bf695d649c50e38b887576aa28c29b7246136f7e9e96a612b2
e9ecc1cc4e1c1b1c41770d2c4b546cfc65601740895359c5bccccb2a309d51f3b6ca52d82de5706fa639d68898f7b6eb59e5a78cd194314235a54e85
bb18d74b8c321e9bf6d834a9c9cb85c9e5c2d6a4264f0bd3d9c3fbcd88582eca53c19ee6909fce8af387c53016d1d353c0e92900436e155b7c117cf6
4a59404ef9a293fb868da7def5942f3ae58b78721b912fafc54219a772e153be88879611696243ac835997c372a116acf065601950c1e91d04c6f736
2d0ad4d31304f6f512e37b1e9a4f0fcdbcec8b0814797235b729543ebd9a3b6582b05b524f67cce9068121a27a3a63308cb7e9b4282243ccbcdd745f
de5b8c3aa3b5593fd3761887898879bb7919cad3130966e91223afa2bcd319838a4544ac0bfe33375e6e4684213f3df9f2fabf9e9e7c4f4fbe18858a
886548f63c34aed863cba08b914e66091b6a9b0fc72302d99f6e248ae34ecf0d27f76cdbb0ef3d229f1e9187fdecb9e194811af0d1a722a073998ebb
94737de95e31d23dd21fd7ca1be63523e2f8bae1f09cbb62fd2c82d7fa39469e1b4ea4cf8191d77303f6ce02e30876be5f5ecb653c2ea5cf98390b0c
06ea727e5c9e11708c502f99a06ba75cde62d74b26e892e141e93722971865a0d15b2f3788cb0d02dbe0119962a643647a297ebc3c252b6943352e03
d341e3179a65116c62b403b595088618f593b9c19a57602c6197cc0d96bc36df1947c43abbda4ffafe9259bf94da60d6a15e1e7f2f8fbfcad0aed372
a53fd47eebe5527c9d960bf37a5db64d464681d975d9a7d2df84eeb1c995816d8351bd645a2e696d3a1ed2dac5b2bb639dad62862b835b8cfac9a060
d86adb5d13b16c95c1239665dc4a506ee4883b2a57f59641e6455d1eab0b18f39c379689914ec1df8d1424fd6afef7668f65aa08580a7d645b6f790b
0c526de9190eac8a35b11c86dbf3e05d6c12c37f9726d6c5f89eccc30df3b02b14bb651e7878991865b83c621e2a31ba43a10b66a236ad26d75bd1f5
dd6c26247177bfd7cd0bbf7b4b4e77b77b9966b757b9bc320e0cd9e8adcac1ad6d4c9421eb2df38005a79450f03d85851872dad4ae8b885d9ecb63f5
26f7f626f7c6de7b5af44d4ca1cb8df14a5d9245c4222ed3b1d3ddae843794b863bcbcdeb2cf58704a8ceadd0e0747c97d934a64006e563dfded45c4
e62ecb6565bd975dfa582eabe8edb1f17e2c0316f8565a8895a7c40698757eec16240fb794cd1badc4e816d9ecfbb57e0ea52c350a7cdb8ee2565581
2f02eb0c0bbc9c012b6740c5337cfc2e42d564156c88593d1681e5a5f272a228ef5adec3a00298d800bbc5a02a74be2a46a022d8cdcb22b064149613
0a63a475a9c3b39c1d98ea8f4815bbc5a88b9cf7828dde155e2da5258b93e4ae506ab9b02e16d61dc39f75295d5fb58b51674f978b1be41d8bbf11a1
4b178bedae506ab9d82ec48f7acda94ba9caead6195e7329495fb0d13bba5c11f930ebcc6c5bca1fd71473d86499d7b4bdccace5cdce9ab68385759d
b6e3342fb36dc928a06a991875564888b5a66d3fec2b05824b1257a76a7947b724712c00d7258f8bb1a6b45e5ac0ec7b49fc80ecd77388590627f6e5
26ce93e94d8fdd75290559484176ac9ed5a5a87b7142dcd5bd7abc1a7e60687725378f1b362f0b536e98ed7d5cbc1f6952c9cde3e28d8da5c4b2ff1e
176f1e99050643f1486bbeaeda314e501fa57598424a39e406665d0ef3b2f93dc72586c899fd01134819bc26cb6e7e5cb09f6233981e8f24f954abcc
09f091fc1ec94f81cc536fb12546ba66f5da978ea64992580f4a3129e91475a3959a36646986a4c62b9cc4a89fb7360ffbffae5ed623593d3ace50df
caa73611582e53e17185e559cda685d4fab8d73f977566781f79cd07be7257b7cae73255b5559fe9d4c77dfdc1cbdbeeb5cde33dcb23f9299079bc22
c6a6cee6f39bfac857aadeba2ba451bdb53efa0c2f0e9ba486fd9ac098468f020a4cd7249675793d62bd3fbf37ff17f6fa57f52eedd3e83eb9be1ead
5e5747e53a6ac446f08865335f8f56af14cbcbdc885c62b71879959f613e26a5da54d563d42bd9f134b6beb2986ac9fa88a562c921034851f9cfebfe
8f6d894dcf82f575d5c36a4b62a493ed7c5d0995f5bced4b67b96cceafb2641ebf26465d941b7fb65894e1bcb29deff830d27914c2a64a62d4d99510
bb2981b15ba11e9b411723af47a1f7b41dc374909d9ab3f95a2331c913b3288139d4aa72bdf72e463a2500af245b1d4b8f4228d0e6ad00ed90017825
59cc1a46c474b2a7d8438c88657014dab166585f998257a640b5ad57d91bf60a12e37bcf109b62b4d76b731e982546fd3c1ebdb2c0582b8c88f48272
ce8e41c28aed830c4eb1f85e432d37837c198bf4a0a99c1b81c5260945e412b36929f369be566bdf6b35ecff35b4773318621dec11b30bf2d4d354e2
6d2af1eec88122728b3d6235b1c3328e2f1df5632ab49f8b32aa5c115962e6ada443b1a3a1df1b58925f44ac8b4c0136acdb2f97e30c2ca353976a19
b2ccf8c288887de09441bd2b227eafd9079def35bbb4399483faa1581ec12e46d777ebd725a1419d9128a469fb1c8e9d62875d30cc3aa9deb08861f5
265d8592640452e9a42ac3ea2178d0b67d3e4a129b6234e3b47a88e576d4c52262f5b8cfd4365b44a6d82946de4bec12db69eee570c877a0421611cb
bd2df720dded90bb19a056d654e66d2af3eea89045c4e14082bd23306abfc7748ff52bb4f7b50ce4683bce069b0ab94d85dc1d9bbb310dc9bbc9f7a2
42169153ec16cbba6c92f8b65917c845c5dd86ae6e6090c686d0aca9b8bb638338a6357d8afe6e6079726a3e756c9bbc08cf04db26d96ff2bd588b8e
4815838430dddc54e66de8ef2646ba62fd3c15626839222f18cabc3b768823627b25712c7b45c476c80ba32316914b8c3ec09864f3995b53e977c797
6144ac9f248ede58446c076a6f3b7a636d93ec37c91e4155446cc7f07b2c1b2a0247409f8e22e6f786dfabe49d962bed22808a88759667e6cd5a44a0
fbed3cc4e883d3bcf2ccd8238c887d755997beffe7661f69adea55cd42152e9b24ef331cfecb4fdf7e7ad0a4dbbcb7551874f92de93805904f45c4aa
2ebfe7503f0e03e2e51d376d112962558c72112fb70d25931d5db38858ae1b04fe75da8e5caca94fbca357163b075dbe4bc6c8acda2ec9f2c636b19c
02bbe4b94b9e688745c4741ed5308e17bb0ef553d977c7257953d9b7a1ecdb10f6b75d8adda558c45d11b108a913715744a618b3076fd711b1cacd6e
c95340f3157ef315fe8e4fafb64b89bb948875d38898ae7fe9a80baf7d22186203ec146365c57777db87df93cd462c1611ebecaa8c582c2250e73e6d
db24efb4ced36e9e94c125485327588fb411b1bdacb6070f971b0ac21120dc3850148ec82e56c036cab8fc1eb72007f623da8ee82d824d8c7297df83
a53e7e9281a4a652f081ce5844ec036e2d0e74c6dafe3a94ef8765de83fbea081a189bfde1ca7ae4212eb102c6981f9bed60633f38d14550c12a7965
280e56db0365b0e03e681bfabd8991d755f4d86d072bfa21f3701cb603da380eeb77d82facf20727ba86ce6faa37ec60d6af98177a398a7529e68536
0e240a11d8f783725d598f6a7b07fd224d1ecd7e61453f9a6574fb801dfbe8d60f9a3c78c518912136c5c8db6d2fbcf581f98f76487f07528603fb17
ed987e6ffabd8d74738a9997e5402b1d8d07c5e930823eb8fcdee5f758a931e391c101e6f8bab31fb776301cdfdb31d7e937af181beabe195817c777
9977d936968863391e2c7f078a5eed70a93b1ecb707c1fd33d96e1583ef629cb5f608cd16b7b5fd33196453a2de8551c687545a48931df36c6b2a094
1e81fdc2928d99920cec97415ea4614dade403c95770b5d0b35ac98135b02e467b917c4584ddaac0011cd89569a82d67603ac6b248a7453addd9c551
65cec0bccce9524cc77a7aa0b61511ebcc7a7a20f98ac81463fee2c6ab697824822656c14e31cb4d094f43bf39835d8c7e713d2dd22e12b288d82fbc
ba46e93c7e43ba0506e0c0db7d44accab4ca0caf9acf4dcde703f5a9a6e673044b2cc9b49c56e5b42a2ce3c5e5b49c5f5ecabdfc5e2e89355d32fde7
5e5f6e2b7f3b080eaa7b735976d0a4e1126c91600f07f5b134174c94a622b2c458a4509a6ae5f57b88c50e447411b15c6415071ea05b75bf560ffa40
912a225d6c8855b053cc3258bcab6c6ce5a4162be00e06d1d5fdc3b287aa0bab0ace07a2bc385e9957e2446c17915bccf6b2285759d1caa5c581e590
88f83dd8d30385ab8858bf62bf34ca402ed654840e8c76c8b25617d68389acd273abcd3a3391ab0b6b65b33f785a1911fb0559d9c113f9885806428b
03515e53c3b9552991b79311f17b2ea2d84489c810e37bd8238988df43907120a36b98ffc8807660a0b2d5d376c08a1e2848b5ea625b5d588b6379d9
2f08280e0c4236d49823e0aef6c00464446cdb6d5d58945150ce6013a31d2eb6d5c516579d11b11dcb3ab350d7c774886f0facd846c4ba48bbd85b6c
68324790828786ee57537739028b806f5379390248a838e488d91a562512cb221a370f4d85e6032b3c11e962e6856f53a139825dac8135b121465eae
6f23608dc2f2606b9ec0da6ed3e0c71aa69622301d53ba712f178143c4946eaebfedb00bd89b9b3c4143e7e7c0565f446c07428603eb7c4deb181140
063cb16cadda8eba895117743723986203ec12a37ee874352d6b447088f1bd663b386d1d3cc56c4d1eb775d3c1be37d7df26ef809e575369baa1289d
186debb6cda9803c302255ac895167a50c6a4d6b702622b6d7c51b196143853a832a469da77599b60dbead79526ba7e54a1bd8108bc0721b7596176e
f2c255dae01abaa93e7da0e71511db71d9071ccf9a7c4c9317c66b66446cc7655e8e67cd235b93b7c1254c444ce734e2796644a40d2eff8ee698bb05
b494fd054d50c4b269ce36447fad3d0e1127b603d15f44fc9cac0d8e475a730636672062be88d8cd8fdf63d568ee1ecddd039dad889857b61c5bd4ad
bb7ba83d7da0c7159122d6c576b047cc3220972e0bd4b96839d0e38ac8106338788ad9d49e8ec0b6411adda9d59d5ab8338e48139b627c4fd6a6cbda
e0d62e22d6e5b02eec0adde9d68b65b02b747794ee8e828256ebd574d574fdbfa5f891a69be5fb0c5575e67554ec0e4579bd59fd66b7b1aaf466f5e5
9014e5a949ddb069930ac3e41d7e6fd81dac2add59d69d65cae8bab28feee6d2596950abcea088911775bad69d3d9d55a5bbb974397965886a4db7ee
46d22589db727948af83fa5811c490b31d186e6fdd0da2bb4160e03f22f68124cb53cd88380c92ac72b62ec976199eee504bb26a3e1f78876943f254
cbf9c0ff50436d39832a36c186987987e92093b1db36c643ede508ac1f1bbb9aca3186f615dcb89aca0d4de5b65b95c362916d1c383b8bc829768991
d5431e7ac8e9862ebb60c83ca3949c5208204672b8262b291b52c6e086f8500236d0a78f809e422dab8de9e750c73950c16aea1a4760f560b386e7b9
e1baca2bc9a6fe7104b4765817d7d58144f7c0d14344cc7b9a977d784841ea241fa860b5a13c0135e4c4727487e2ace1b98f57920d47f611c88a28ba
1ab222f8b5df0edce634f58f9baeeb03a36d2e8e78a74f8c323cf70dee450ed4b21a0aca19b076e311a30d791154931323dd6b9d91061ff8af68f899
cfe015cbfa4da5c153ea9b2c8ed3b3e0f42ca8280c25e30cac338bfc44bba1a14adcb89c6f53b663a2f01007ef1dac8add6215ec11b32aac79f330af
eb255e859aeac711d80cd6bc29454ed74b5e40b629073e155928cec2e37b06538cbc1e0f51330e0cf1c4f478889bf67c29405d644fa6ecc99ca6fbf2
5a2eacd26cd619115ce1b9639b72e5f8644f8cfac9b24cb8f282b39ba66e72c3fd7a62d4af3b1ca8ec17c559ea2b37ec752556c096d82b467b9d46f8
366f1eb0a61c8b2acc0523844d15e6587f0f31aa321d719e27164cc0b6e9cc42933931ba45261fade5c4c82bd7813a723ea0a05b94caa18e9cd804b3
9b2ff322d3d6ee570496c12c575f3982478ca6dd7e8fc368c1a664d35c5fc31df9a68ba8a66e72c3cb786092c6f27bcbef4906ce365494f381077571
66cdc7be42da3165fc31741b18f74ff375785fd331cb4f252a27b3a8f01cb19dcea2138ebea09ed54eaf124f38fa820db2a67272c33f7860b036a792
3f4ce7066b5e814ea165b2a48273372bc2c0b21dfffdb2be9dee043814cf2c7cda9de03cac3d73fb9451418339316a2aa37232f102332fa37f228329
287e35f49833b0452c0227f7f00db7e189517d74f81a5ec213a3279529e2147c2b288345c474d53ab308a8cedcf0f91d18237dca9de8a6bb28eb3a9d
50682b07c6843f9d50a7130a0b7eed74429d4e289e23b65339371eb413a36d722c38c6de8a32acd35976725b5394619d9e014e67d9eee87b8383cfeb
7c06c4487b2e38b9eb2fbb14e12c3b91510646b9de48eaa9ba28d73a95879f986d293c3d6cb8acce6017a3dccbbca847177cb937d5a3dbe9cce33962
3b9d79b8944e8c7ebecdbbc41cf3f56150f6ee1829373f9d51384b6ea71c101acc81b1289fce9ef3b52e9c554f6594aa3317def635d5999beacc8165
5db4fed7f0e61c18e37679877f39cb70c219914b8c7e39e02a2fcfd21762a082e7ad76b9a7a90a5d14535dcebccb6986d1ce76b981e19a3931eae2d5
107e9503e3ac7a295f57155a5773ed72cee85bb938952fe70c7e9513a35c997bfc280786c8e292b957653ab002b6c45e31daeb9cc1fb716213ccbcce
99038e14fde90ce82bc54f97dcfbd56d079beea51c1e6deac0985b97f3e3826f2b8a9a2ee7070e921b46c1dae5e682d7e348c6d1f2722a5c39151afa
6bf1dbd64e5bebe82adebcf016f455c4cb22fc234732075cb6ff3aad0813f552ce7421672a8744e095a7badb455996badb0d97c95bc1bb4bbb9c30a8
702746b96e4b17b6bc0a0f00dbe5e4b8dc9614025d32811757fd051db47629a3c2837262d44519d5b52c836df8725bba50272cb8496997d7fa7830ce
f77f10c1f3a5b35c4ea07835ce000242072d224d6c88f13d4fc3975b15960d9ae632dbed56a5cc0be7c6195c62d9dedbe3c69ddb4ee30d5fbbbd2245
4b3c92c157dfee13b7fb04de371aae8233b0d86eba47ec15a30819b45b9ae73d61442e31d34140b7f48d83e0c468860c1aaadc81c1b4dd9e58ef663a
c8e0f6b61e6fbf8951aef30095ef8aebe6763b0d30bb9b2f2ab3e76faf4355ff2eb89668b75b072e7f03db4c0745de4e0d455eb75b82eadf45f1d6ad
a8082df0c058326e0fb668812746f7b94da0059e18df732660d034b1f9df3bfd2d5fa62a78c16943448a5817a35ade8caa0a5e3044161147f5b60aec
eab797f5f76d17c1bfddf260b7bb8392ae5b41eb2d0f86365c44ac3e970481d1959ea371d8933eb3295762bf1fd3714a53ed3b82c1686556b5b9db72
2350f8b5dc0870019c58051b625685454b75eeb6dc082aac9fe65d23302f44a73a77539d3b30caf5c0b310aa968a0075b9112cee0d0a1e0a2262de9d
bcbc626caa7837bcf9269623bd9c3c8bd34dc1347153c5bbadf2a5a35c4f28cb051e65b8b63c792c4f1eb8e66dcb93c7f2e4a1446c791fa03a775122
b6a476b4ba13a30c2fb554e72e4ac454e78ea08951ae3360c93ce198362290c642805ad4725baab52ccc4e1435da96b362392b9492e1e02c82697b21
abe5c5edca5d224683623da12c4f230d4a5b2ee7cbe5bcb1b32c97f3e5728ebdb2b6545bc11b70627ccf33fd7226284c5bf244cb25be71e9b6bcf35d
ce0e5c8246c421778957f16d393bd6b219f0354b6d2e94c91323efb20bd0932c4d1272d947993c31ba4ac1e8722b689295f7bb0bfdc7d22521cff44b
3e498d360d80b7c7259e2790edf134f2c827f104b2a945ded422d70b647b5cf671c3b1e957b2e12338835bac813d62968b0cfef17e17a5f3c0d8be1e
afd01ef9244cdcb7c743fde39e81b386a66679d3b96e6c193b18edd5d271c1dd627b3c5b3cc5bab0a53dead03cd574f03a8f8a8d0f16ab14e3a86dde
d4362fbc946c6a9b37b5cd03a30825596a9b175e4f46c474ce1895dc1e678c46928b4a6e8f0a8bf886088c6df3f15cfe7864c02d7d7b9c096aa017f7
a0c7bde091291aac068f87f0c7e3012f25dba3780b85f5c448a7784bedf5a2429bdaebed910352a14d4711edf1c830d86f74f6d034ba5c7865d91e6f
df1e84a6058fbfed91ec1fc91ea367ed71b17f3c0aa8bcf628de7a5cec9dbe8f02d2e7b11dcc7235d523b02e70228f9ccde3815b25b747a1e9839c3f
30fa4fce0667ab817104793d84a3c49e5803eb62436c829d62e645e0fa7a3c783d980fa6f9eb55dbeb54e0e565442e31c87e20147f3d1ebc923d3e77
dbab24f53dac0b53fa952d7a25f1011dbcaa30a8b25e30221e11cbcd9be39a2e59fe73ab7fd52b7b3d5cab0bf7aaed8b13d4c01007bdde2bbf325213
ca79dd5b5e0fdc13ca5141bee1862c3028e7f5fe190bd389d172f7161c452546b9ee192ac3075f464fba3fe0ef30ed41f03d0f0faf87ebc9847f9d15
affbc384725ef787d743f364cfd0b4745341be603f2d2296e1a1794a119e0b5ecf054a195fcf05af222ca58cef69b96e244a1955a46fafec9352c657
f6099fa4899157cd0a5c932646ff79c1f65ed645caf120ad727d51f2a8727d7bdd34549053b93e8222c6f754017e9763c4d5c9bba426d8ac8aa9fef6
ca66e1243231daebe6a2c27d55f2a8c27d045f5eca90f57a1ff3228850b9bea13b9f58e4ed7a8d88a080e566d0d59aef9ab4ae880f3beaf2193c6225
31369c8e6397c4065813eb6085bc48913b8af2895106b2ae089a1879b9d0ee58c00eac92974378576bbef258b4ab35df71f99276464c778ad9de46fd
d870ba66b32beee82352c52eb0a483882c31dbd629a3dab66ab98374d572ab6d1bf45fb5ce4891f5b01c11cb6d963ba95fb3dc667b277939b844e0b8
4df276fb0a89714569aea3429fc12546ff0dd30dd32553d0b595dd55a5af5847ebe8d067b0c42863583f4ef515a5b9ae2a7d04e6ddc93bedd369b9d2
0697dc5db5f98ac5b4febb1c4b44c115e162444cc79ca908123b3af4197431faf9b67e5cdd5504891d1dfa0c4c572963497fcb748def3da6732e60f6
acff5eb1f7c348f7daf7aff51bf4e96bdb384b574cff779cfb64609d194bbda54460bfe46e10914bcc74b9f2f78d9be5081873ec9a45c4745ce7559e
7c766d604750c136d2c16845f08891ee30dd61bae4fd23623af4922ac2c0883431ea87425b576d3e98c24d8cfac14075b4e203636e6dd2a9eaf0154d
b5889c62a6cb5d3722a6eb5f3aca45412e02c608edb588d85e4ed31553fd5d5bd91dadf8c4c88bd0b5ab225f77e6d1269d620a3bb05c3bbb9ecbba76
b1d3fc309879d93f2a3a6b11b1cef3cb4b19a7e3811272c5f85744a6186d3b36da8bd0b56fec0b69b037b1cb3e650fa808033b86b3335862f4f365bf
dce6dda98b34be49e3c7ff820c3fd25aaddb4fb3b46eb79f46c45451698b88d55a56cba15e566bd924965674ed3378c418fec7eee0e6bbf23a352243
ec16a3dcc7729d3ebc588d885dfe5a2e4bebe6f4d95ecb6569d56150570dbf22678c4817b38c6eba478ce98350310e2bd46f4709a36243ac6bd6bb6b
aebbe2223a224b8cbcb85aeebb5bc4ee1681aa5ac74e77064dac824d31ea8cd8ae6b9bbbef4e159e93f6dda982da7e6294d1c4f48687a9fe889c628c
1b6a695d9bdb5d9bdb15fb5e1131af4b7a6129d40e7757375f23a57d77fa689bbbf2c43422d62f65520d35b2389bb132a8ae5f310dd655d78f608ad1
7dce9eddd983aa5a44accab4198deab9f2abc2afa1d1be9fe63dcddbf9de69ded32e75283993446097b24bee974379593f56d1fdb20cf455db465627
d4ee0681f65adf6f9be1e4298eb8b3032be069a02b2957f3df113431aae74cd8659610e5f5fdb1ab90495534d5badaff5dedff5aa502297c77834044
1711d32585575e04c66f07c3fd8147aa1d53e019d0f3f8638dc82566550ed331b10ef70714d52232c4207a3ca4764c8147e09e81a82e22875811232f
faad11404088ef2262dec3bc79daea5a04efbc15488cefa1f3dab5085e79ccda8f62ba623a26f9e1de7214bb9ebde070c21cc53e48595d3f9c30bc15
488c74d5b655d30dfa051957040e475e13741f094460dbd84b0f799b430ae7416af74140f7414045512d22b643de060b61fd90b739903fa5f1d8c4a6
6d93ea1b8bc121d51f08a02a5a695def7a5def7a15195c3f9c098733a139e6ce8483cbbbc0a8f369ded3ba1c94215fe4a3838a6c2d22f60ba7f38a33
80aef9f1085e31cabd2dc3a9806c2d22d2955381d7a25df3e311581766fee154f0d1414503ad1f6e00871b0002b28898ce0d8097a111717c5fdbcb1e
7ebcd6e5f57bf04fba618b007a46252c225dccba307d8b73a1786e404dacfb102102fa00736011a10f0a3adc95679b1139c48a58d6b91ce6c53869e5
3966f78141e74d416294cb2bda0828b71f7c4f1a2f9cab2bc2abae79f45ee4f3798ed97d38108165d0a705596c04438c7634dbc679b9a6a5feffdceb
0befcd2378cdc2a765f97d6b1018cd44af2a02babc33cdcab05a03952ca8bd0c6be5ace88e8cb3a2382b5022eb655a849c3c4a641161a6f8d6202628
794fbf875a554566d58b6b3c16d8a3583ec7013b82d76474b8cb7e91b00713af5c7610a66a2ae2a988d803b7e9586b8b845d3c040c16cce221a0c801
8d1432741f2c744cb52746198f83ef4117b1532f1e028a5c0ce2a4ee4384082c83ad4f1f81dd8708155bfb11a9629758d6a5a2d3110193710cb125e6
f7d8bfeaeef73ce80e26850f1122302f93c24707dd4707153151af583be83e3aa8688c751f1d741f1d541e4046648a9d6294512d174150c5b857446c
07970c15a14f44e87b1f1d540c7ef52a67c3db83c4065817a39fd1228b887596b3418bac634f3d03fa00a14faf526945645a793cd97d88d0b1b81e18
dca70f11ba0f112aaa655df3eb5df3eb15d5b28e3df50ca0215e4a76eca967605e6651bd6c47aeb95dd946958faf97dde7f0ca76f836a1f278b26b56
bdd7dba639e4926475ade5a16444ec3e4972c2ed54cfa5d5b57632b3789410c1633a49e3311d1acf155b61dd47071d83e9691c93326445787b901865
c88af0f62031f34a7e90b366257be352a0fbe8208d19803d62af58f64b73fd6dc86d1a46f87b73fd6ddc8f358cf0f7b69b77372fa4d15c7f796790c6
3b7f6096cb0540603bd8143bc5b29f7d60104115e37b92784b129f0d6ae101420636972db2c97668803d30aaa7e84563eb4d715173e96e5078c30659
d7d87ac7d8fac488666f721dad5b631688a694a5756bcc02e15382ee5382c0a8de30dd301d54d5245c5e0f24466be5447c4a10588e5a9bf6802ed895
343539118db23794d72202f5f17a20319a8ba4b3fb44a0a1bcd67d22d031b41ec778d6709f0844d0c5a88b0b71e32a2c307afeb6aba0fa2009be27d7
a1d5f5a604a939131a33a1e12cb363323d03fa6063616fce84c64c684a909a474cd4fd13a3bd52787bad1f4729f5fcbb7afe0d95b58e827f06875805
ab624dac8375b154aeeb304aaafe7734fb231994d115c66824bd6182ac77190cd5fc9b4225fdb74660733972756ebd3a46d013fb6f15fcdee53fd4f8
6f9819eb6afc778da3375c4b768da34760b5583fbacb79cf4369e3feab6b2fbd6b1bbdf1fe3222b7189d8b9e5a4420888edd9b86b7c9884c31060b53
fa11b17a9c3f1ba6f47b7735ef9c3fdbce00765971b5fc1b3a69bd2b66ec88f51b9e257b97d8bbc48efe5944ec5db4501bfa6711b12ed33a338fd5fc
8fd253efb8dbe172d89dfbaf7c600fe6a0c274349c4d761f08741f08340c9445c4ea5d36174ead4beb1d6b05f99a1ecc9e97ae95607557782ca92746
7397e9603adaeea82962e9acf00d75b6aeb9f408ac0b1b7d7f1d719e95355e5346c42e40f2988fcc03d3347ac71a7a621dec14a39b712cd9358dde35
8dde7861d93583de794fd01a42b2e1623e72316ff2dc43d684d70469e898af49eabc26486c8059826b3e4a6f7db8e66b04bdf1e6322255ac895113d7
7cde16345e7ff42157338ac572ec1d92fc707d578e353c420ed8f0a67cca670911f4fc1c243a3c558e6adf55316bdcac1dd365286d1f9c341baa717d
289ac1627a62a493cd1eddaab06e63373d82613ae41c63d853923caf2b2302d90e491e73f6dd270ddd270ded7030a6dfe354d9d05ceb9a4fef3e5568
68a945c47648df68a9c514b31daee568a975cda777cda737455b9a4fef9a4f0f8cb6dd761f37540daf961191306ecb900a964384e275c37a5ad7cc7a
04e6950ab807ee3e69c817de893db61735d1a6086c3c52010296c6cbcccefb860c1e31ca70be60953d31fad4bd81d70e8139be32ee835baba6bc4b73
ec5d73ec4d7997e6d8bbcf211a5a6fdde710dde7108d279cdde710112cb102469fcecdb6b1164c997e4daf37656013aded3ee5920a7bb5cf26ba6f24
1a7e6f22d2c5ac33b431155dcec371833634d1de7d23d15067ebbe918880bc0abca627d729e7c4d3cc885817d4241a1e3123629dabe976ca75cef8f6
21b003ec12cb277eb2449a60ef9a606f0ab77ce610c12d9643349d46d3695461ecf43dde7dbed07871d9f533dea73b8782ace9ce31875561c835cbde
7dd3d0b0c0169b84654cd3c1c54d59a279da3496f0e9d1140beb813944e7976e89d1a50a62b4a3de7060d9a7827a6da6b7ea10dd0e9b53269d5afee7
3e3fdd312677be0dabf77d2a9e9cdcf9b6e6083aa326775a0d7db188d8bd08ea9b72aee99d96a6d71b2f2d3bef1532302f1cd874179928593774c3fa
74064c678072a953f924d6d603e32ef79463c2dc7a620718547ca23cd494559d1887e83e6568caa54e6596985b4fac825d624b2cfb403beb5d3beb0d
3db0eefb86084cc7509fca2cb5b3de9455f1722103cbe57877ba916853bd61d9ac6b53bd9f6e24caaa4eefbeceeaf7e0bb4e99274cab2756c06c47fb
d22529fa08a163467d6b2869f5d363ef89c0a6f17cb19f0a6cb49fde78bed8b59fdeb19fde7f56d959a1f9f47c739a988787536aef2cca274ad6fd74
234147ab6b523d822246d3e49d7c5b1018c57acd75ca287587d243816f061a66eabb6f0622a0fbba43a9509ea70389d1340f0aa70705b9e953e609cb
eae920802e75233997df63b13d97df73d3508e752a8a3c3d1474ae684f4591a7248ed5b1aef9f408ac8b43f95897c7bee2087eba699c3254581deb3c
3ec8c0721d4a3788d30da233bb7d6f1081e5b2005f325e57ce928e5d8ef87d0bd105e872059b09055dce0e1c5846a4890db106665e67020e2c8337a5
b997fb8382b14baabfa47a6c8944a48831cb1596f9b4a0f39a2031d2a9ad707962406fab5ff24017d2f686de56b0c1360d8d838625fcee93818eb1f5
f4e140b778bb7b75eb02ffe49381082c171e1a93eb1998977dd3270311980e9eea7291bf3c1fa38fd57d471081f563782f6592bc23488c32a6f593c4
d1c78a88794febc77dd2e5f9e0723318dc165f0a8530f2de792512bfcdeaf158791c56dd33b0584e52976cd6259b852a57e7b540065479fa3dd9accb
99806256d7b87bbfdc0094c769dc3d8221463ad9270dbe3714ae2262fd1ef3b288fb682002cb6011bf1eeb976c563ffc9c13e67a2c020eed72c25c9e
b6277cfae5852e4f0c12a3084f25975cd664adbfe4b22e4fe0134eeee6297304a683826e74b0236074b183d66fb4ed22a862a4f354723b13d0d5eab7
ebffed715b799cf6e8239862050c4af31142531ee72384ee23847c149998e7e9dbf59f979e11a14b6f84421d3daa8e65f80c1e3038e6dbbb281f17a4
bad27f6ff5be3de83c37882cacddb793e7462ada559fbabbe9102475ccf3f7db7bdc7b989761f05141bf59f7bb6a51b7ebfecdbadf7f76afebfe3d6d
12cceeedb5d47d5a2e13f47602dc7043a97d0476892d31f35ae7cb7251e7f0254104d68f497b2b2abd2fcb7518bcaaba530da27b36ba3d8ff0ee2093
813951eedb66b0746b7bbef3eea01f6cccb7ccd3bdbe6494e08e712f4b6595bedd3178629018e93c66606d3efdc2f0bdd722b8a8eabcc7ec4b6687b7
0373a79397a7689e0e64b2ec80a54c747102e83cdbec4b113fcf0412cb415b8a8c167a6b5dfd27df0c742cc16f1d8363dd370311583d067cb9c2fb3e
2030f22a275a87e958b9977c0d56df13a37ed5fa71f2ed1b736c29ec59f0307d632097abbe6f06bae2ab251beffb808e69fc8898b79b97115aeaf4f0
4c2031daa1504813f09d07977d29cec7127cbadaa19bc797ce7630444b367ef11a26781deae2097949cc0aad9602a02531ab13b5bc895aacf0dd6ba7
75da2f88fd3b06c2fa72e956f1bf632ebf2f191695fcbb42aba56a0116e303830f56f13f8229665ec78de5bcef8e9bd74e6b9997b551c5ffaee27f57
90b53c0dafc73ac33c2def58d7637bd97197a7e125e96235ac2f9918acc827465ec9d9c7005dfd2c1f0344607b39063d722c8ff4bc7359e8638008ec
2b76dc4719d0b33b1e43ac88d9367652cdcc77cdcc779c2e76cdcc77cdcc77a55b2af4f787b72d5d49d6e349f58163e93ccc8c88df43c926b06cdba3
700725fec098838fa752b5f7bb32aa471a7f9a7959601f69fc7121c6c47f7fe4c91f8cb8759c2e46c4b675d331df1ee9f941e2d3153e3d4af931379f
18751e96811390ae12d5233d3fd23376c1ba1afd11d0578763a4c4e741e2d3953ea9bddfd1de8f531d90bcf6c3ed685720f548ba4fae9f9f9c5e2bf3
11e4595d31fde321f1c965f193c83fdedb3fb9dd7f02f9c76323a6e33f79bc7af61d63f1cdc5eb759347dbbe6dcc0bb5ec3b5af60d5b89f1fb12a212
f4eeeb8a898e7d4039085a808f202576184a8cdfa7508a22b18918bfe9ee174b25ae64efe1e78b23c01ef2babba34bdfb140d255a5ef5a7fef6a89a9
04df5582ef8adc5e09e975c34f91db7f6eeeaf34850afcd6794b1a113fe3baa9444e7df8ae3e7c2fac55af34855a7c62544b9a7a5d3795bebd8a445e
b8e5ae029afaf01dbbf189d18dea38be883f7a7100147fbc5c83f662779f7eef342f621775df2378c4a88b1b3ebaef1f9dbdde96be2e9b0ada5473ef
da95efc58171237fddc815a0bd0a165f974d0568affa8a2f57a31d17075d35f7ae9a7be7dd6857cdbd634a3e31aa27c7fb3e96c1b6f3cade62363eb1
0a66fd1ebb99e5eb95957d5d3679371a9125f68a45570d55da23609ad61cde812e7b06af584f0c015f04f4015a64115962a6dbc80b1b3034fadef1d6
1c912a9607103888812a7b04ae9a550c4e7668f33db09a18ea8a116c625419fa1f28aca77338f2169b810d948e59b4a11df8f1737545db6c68df3d02
ba0acdb2a156faf8b96a22908b88e97004d3d10e1bbf6e17700dd479c839d4361f1a6eef68820d54ca237035ac39e411b1ced33a77d2c1964660b939
bce377d95568467534c12232c46cdbe47bb7edbd1d8e493b6edbb12cc3e15d621ca47a732821aba17678e7e56544fc5e525243f76fa8f43d54faee98
2c1b2a7d47b0894db0438c11c7645944bad8103bc02eb15bac822db1278bcd7d686c480a06d6d6d3cddf0f8c566cdcc774de6c46c4acf291c8db06f6
d533a8627c8ff70f4393ea1d916e44fc9e14846ed8c0467a0656b991978bf408e89514b00fada70f34c4d3e320d5e33d7604f640a72a5dacdbc90cee
c61239540def88db063ae1192c8aa04387ad185f326a322c562e92cbacb14d8b98a663bc358a1e01d5eb3f5a86282c825d8cefc1458e4d2e92a79303
f5ef082ed3319db7cb74d25e77706fb1dbbc3bdf931e3704c4bd3b6a4b627199eb07755e96e13287b86da8823db47adef10a39b47a1e4113a36d8f6d
7b4de770bcf655ae76c5e9ac56760456992ed5107a047b2ef4d404cdeb0ca2e38f23f7dfa1fef550ffba23a71b3ba2dea1fe75ef79341ffbeed772a9
eb5cddc5ef22645bf3d43054bf1ea85fcb280d2ca767b04c260631ee2898e6457162c5528bcdcf473111316fb1eb186ecca96740b1f80688c82546ba
14b5fdd71e3ff6e6673cf363e72c22538c86f3aa322256c17d1f49dcd825eadd7d1fb5b5a1c2f650613bb01cd17d5886bc2412bba1767604569f79ad
2676047e8f3561e71d4304ccff5148c71e3f76f7785e5f8eddd57377f51c953a5f76afa7f001d5ecb7793d0761606da8621dc19797726fdb911ca64f
89c6beec9665b7b009ec28730c14a813a3b98f5de55166b04eecafc5be16dba98ad4aa867547ab2e22e675e51d1093f6d5071ad4892545684b3d02bf
97f2dd8814b19a554e19e8509b7a685ebd8fd48f8908abe7e1e966b09e1cbc328b8066a07c375085ce80aaa06837b0979ec12e463af7e4c3151545bb
8858650916736de340f92e02ea82602f229718bdcc9270348bcdedd7f74b030bea1950636478036be919586366e2814029e886c518795d44bad8101b
60968a665247f56ea8233d0e5e0674647811b165eedcbcc11c1a571fea48771c170c759f23b07e8d5e41f739027b8f05e5b84c970b6bc57653fcb6ca
97c9c424d143fe1251dfc0f87a06769e7471db53b79d3ca8b20b2fa6d813a393a5db43e911aa77e3901150f5b963fc2d224dccae9a54f9b1aba0e581
e870a8fa1c411723ef6bfd72e5ada8d3c46f6980eb86f1fb309b0b790f5e600e54a3339862596c91bccb6611ec3da8466770897530be8752f436d0bc
1bc5f518b3ec5a781a45f22ebb5961078b4c44810d1d38021d68506750c0a0c78222df409f3a31f2caaeaa5c3d78a839d0aa8e806930d0bc8b48171b
6294e1d4d07afbe0a166440eb126c6f7aaf56ba6ebd4a5f9bde6f73adf73c1d5dcfae0b16544fcdef07b4cf1e2442839112a32a1f80dcd17b8d581b3
ce8854b1264656d76035a507a6df0626da23e0066260fa6d14d7e5c2396b6c8e2ec62a069ad081ed749f6b3506db1323af445f58970707ec88980ece
626c0edb6d37a3ad31f0cc39ca72c4e17e07f2c288d85c64516373d8e436ca637b99e3aa4a0fedb80f0cb48df29aee154ba1f1502d7aa8023d9cbc55
1616f3ebe9ce39f3569986bad97f4cb6ea2a5c598507b2c1885c624b2c275195722b770103c36b031de90c4e31ea823ed2a8dc058f5468fbcf6dbe4a
9d5871df065e354775e1ae52ecce228dddf60ca8d6ce365fb93e1e95c3d4e0d965444e31d331f134df3ed4a44ede27b16677204218cec6ea010be5e9
c018c2daac5f372f33afca5ed46e339965559eb976cb6596d56eb968550c448743f3ed43ade98198705499e63a4dc7325d25f73aed5e0e719a791f9a
791f28c18d7a3afca7791d7e99e67a5a17d6644dbf0f4dbf07465d2ed3ddf63d5c5e95dcaba48d4db781cdf70ce817448703bdea0c7631d2214388e0
1263dc96fdc7c16e1c8eafeb79653d1fb81418d5f55cf5eac068c72b89bda673dce44354a51e880e47730ab49f7959319b8b77438630101d4684bccd
69c1fbcbd15cd01bd761b1df6f605d6c8a55b04b6c890d30c61773ef8131964d5943838919bcbf8cc82966ff35eae754510d7bf0fe32224bccb67116
6b0a1b5a312f53b955eb5c6d2f5c7743443bb4e93e701530d4af1eea570f5c770e8cb967d0c4c8dbec2bd8ea81982c22b68d2b8781925a442c17116d
6e7b89b9a2a3671d18cb681bb6cde51be5b388583f97eae21879306ca7e9382eab383db4c19e9b1198fde2f28dd9b4d12eebc2cdf0288ed1e5b85dd6
050189cad40313eb5b6e5a89615768686f7df0b072a0319d01e38b4c6cb46519cb748ed1b27e1c200772b2a132f550997af0d872b4c7be97eeb1af36
b0be9e81fde7f83ed2067a13b90926e632df9235f76667a8873dd4c31e780c1d28606760b1acd4da561fa85e6f037db4885c62b7d80e46d763623db1
ac4a979c31a71e1864d0791013c1106b60a7d8129b60e69569416f6d68837d68837d283bebe8cb8dee0e51e1953a1ebc2238c5f89e875214b30383b3
ee4e0535b207ca6c431bec431becb1216c60d6055dbbe101bcbb2da071bd0d5e60c6b9866ec6d67a62d44546068debc4a84b375db71d1ca5ba5c3e5a
d881411a1d5dd4089e9481b3d27577802e0f54a11635b223e8627c6ef8b9f17d8e629d45dd59a428aecbf87799a00a4fd5a7dd37ad32ab787757d03e
7b600c9b87817e5a2e5c743f2d974bba5c40139331524d3b30f25ed6d99985a25b44ac9f332b1f6afee766df9d78dd89a7f8ae3bf1ba134fb15c576a
d8b9d71b8ae5babc545f5655ca71e2f56515a40879a92e2f856edcd06c7c04565f2a796d261aad033db888d845282c05c630b8097537216575dd4da8
3bf31a8bcf70131a3fcb6583188a1c8727088ca48de16c1c3febcce2a3567804b60d6a522d7c60653eb11c86211f369c658d456528d141c53b3078b8
71f8bdc33a33fcc3cd651c96cba6a1c277048c0746cd22625ea4d6031dba8830d4c319850e5d44aa18a4889bcea176f7181e0d3a2bc3c030f050bb3b
d609cae8d659064a69dd50923d90cf0c94e3c670aa0ca70ac6ca2232c5e8ab5ee803a7cae08c3c94e00d65368333f2508237a66d7313ea6c2e6a7c0f
0dd68fee58ba090da7056e3a871adf635cb68da3d070131a3255bc8688c810b30cc7edb20c192d25711ab11f6a810746ff29b1540b7cf01a3422d28b
f343f1dcf030adb1fb81c2dc500b3c02fb8aa3d558f6a90c59970edc98b0799f1863e4fc183cbd1fbc2e1d6a8647f08ad1a7ee42c35d088b6811b10c
cf24cae9a6736122921f58448bc821d6c426d81083d670f119914bcc7299fb6a770fb5bb07ee3c23c2fc98ee563c438dc82e469f0ee6f9740753bb7b
a06d3730879f8165c0c04f8fced35d08eb6763ba0b4d0f2768db0db5bbc774cee0e2734c45a3d39d096dbb88d836b4bb0716d122d2c5a07185685ab1
1f687427463a772134ba039ba65b628f1865287f9a1e4e508f8b88fdecce847a5c446c07caad3904890dfb14bd90a1144d2bf6633ab7508f1be87a67
605ec7725aae5b13cf5523e2f79c6fd3b15426353d8be3f42022f6df693ad6ec795a2eca50031db73165faa64c1fcf55c7746b9a9ed9a763a9ec4ad3
f603bb6543d3f611f83de6f99411c4c27d627ccf83cde4b6beb0d9ab223e3070df8aa3bb2cc153fc940a3cc5a3141e186ce5f45e4b6df08175b38898
eeb147612ba762d8a9e84ad1da74379aaf79610ad41a1f6a880f5eb00e35c4c7e92ce2056bac5c509086ed07af55c7a94c0ac3f5dbe4b5ea38d12819
6a794fdc7a46a4894db1017689dd601be57a5c51f37ba61f84ffdcecb56c1fc161960ed6c52c0ec2d1b27d044bec00a32bcf627110cee9c453a97cf2
c07568d93e02f3b2699c9e84b4623f79911a11d355bba398ee16332fa78f5349818ae6137f0a0333f719582e4cc1e90455f97c2a533bbbe5f60fa3ce
6e6a5abb9fcad9b4763fd4349fcad94e2f22b4761f18f55318acf6f954f6a6f6f950fb7cfe20a7733afc391987f2e1d3c3d639ed02280c4df40c6c2e
1476cafe9da7d54328a061fb815e7a6234c339a6427aacd614eb61ebbc6c2e7c0716ed33f07b9c484ef73e95d42776d3864aea116c62748b32b593bb
8e898ae0389d792aae4f657968ac67c0506e52a7330f5df5c4a8b31720e7633a840ce7633af46b273a8243a3f84325f5899a4decf1e4d5b0fd54bea7
61fb089618e99c796a9ac726b5833144d76e19ec2d97fb12b6ec03835c2e45bfd76efd2097cb5976f15e7b624b6da8691e01fdbc411a97f7c7975306
a70c43edf37115d3c1436ac47e5c4e0f4f9297d77357b52e8cefa548f792c471c010912e46fdb09136aef6a57bc4722c2f4f4728a12736c1aa1863c9
83d588d8a7f0771327a211b1bd3c459a0afad4528f80bec7d94244ec7bee45a642bd4b19b1d6ee27fa8011b1cef07781513f351ad0342ff80a0ad6cc
2e4d722e1883182a8b0f94c58b9bebe5e91ff5f080a89bb477e5aa5fa65d22e9a1155edc592f290f4bf205cf41e39650ee5ca20ba61ce277116a400d
886fdd294f2a186d88dfa7d00534801ea13721f8dfdba5f6cea556739ef1bb0af17976cadb73f6eda2bab303de2eaa9a819f8a236fa9464ded89d662
44969823c51958d3f011143016a3dbc5f7ae8e1e2bcfed5ddaeda2ba231eb9154361063e30b8dfdb9bdc1badc089d7d388d84ba82704465e2f166e0e
d5f360a5b81543dddcb04d458fb7a707d5b82716e48676e0079adb89d13645adb7abe5c1094535ee81e9f7c448e7011acdedc0a0c2dbd5f2864b998a
286f39f69bd36b30387c4feefc865f98b88918b774826e7460f015b7fa04f76bfdd8306eb9eefb351de3b1e4b0b5c23e0f4e1e985fcfc076a0f2a1a6
74048cef01c7b93c6d2e798383abb825052dd4fcf219e87f6eef4b9e7725cfdb94d32d59de858b75d4d4869ad01130a6073bc752dcb85c590e7689a5
981d45e7c4b2ddcb9565490f8a3497ab881ace13cdbf885877374f4cca45c4be7015c13b4444a02fad9d0796b4b414bd2fe98137b64373e7110c31ea
e74dd342f43ef1921a872bc7e0b47ecc5735a107cacf8935306809ebe881316335813ed4840e8cefb92baedbefb1932f4f849a3b9f8a34972cea4a21
895a7e436be7436be713f3716349722b39d5fee574fd5a526161162fcf83d8410f8c59bc145462073d313e871ef4500f3a30f2cab5aef7cbcba8292f
41373a6a470778b9aa6af4443f70a81a3db4933ed10f1cda498fc08e47c8f97895f5fc2c16e6f691a8b59d3e79881b912ac684c589c450853a824d6c
821531ca5067f091f81f3955059a8fb7ab8fdbaeca80da498fc03258c61fefafd0ae4e8cfa295641bbba2bd2d5747a04cd6414e19afa70e13ad5197c
9c2f9853ef85e9a235f5f1b8ccd683de73997daab563a37b14713e88336785cc1e79d7c78d9d37bc11e962e68519c1de7a0697580ef8d34d8707d7a9
28f491777de45d55377c9c7e8f4bafea868f4b2afad68141400f0f070616d40363297a3c0c6a3a7d2ae37c3c0c6a3a3d30daeb32abe9f4a90ae2e361
f0b91c5dfb4a465573ea81f13d0f7ecfe508b1b43c0a221fb416268f792362fd10aa4c8cd145c476c86c2ab07c143a3ea88b4d0596ea78477088d107
4ea2470654a5c1c7a39f26d6274e1d22629d11aaccc676f13a3b5e84895341a45add034deec0105068263d02cb603c5e1950cca4c72e00e44478918b
4cf5085fef6fb59c3edb97ce22769bc60ef21ee69527c5e1c2d0c27a04569961d3c27a045605bef2557ea2d5f5a9d6e0ab145fedf1d918b65799e32b
efaa0cf3950b79b9f89a3866880843a4faf8e4cdefd086fa507d7c629f6ebcee1c6ff2a4cdcd5155f0812ab8b623e2b735ce339aa6238686d1c7ab57
25db25c780ea77404901af0bffebc2af02e2ebc28f85f3c4288067041124956dd64c02d58af9e459f0d08af9d08af9c4fadd50bd3b825b8ccfa935f6
22450c8caadcb601e9e0ec1c7655e51eaa724f9e058f57027d3d21f598f4ffb9c1bfde42bd2eee58b68988bd8866d8548ff15500f8be5695fde875c5
57ab7ba6b1bdff996a754f0d954face94d0d8bcf9f07232ce74d54b233f07b4984139dec0cac7e9a72981a1b9f1a1b9fbc2e8e48158bfad599fbdb54
837baac13d91a94e6d8dcf9f9c308f90a7b6c623b069b9744464889977d20c56e889c971cd944dcd8a47f025e37388bd23601030ce37b11d9ec12d46
f59a5541843779841c876eab82964c6003ec1683ccc74e0f707f3a7faea8e320ef698f4a87e3a0574e7bd415751cd4e5f27b98489ea82f4eec7f4720
81212a8dc82e7688d17db7dde2ea390aed85e98dc0ef55eab7accbb21d957297795d5151699c687d67609d1b757eec5357cf21b5bc5281cc31fa8b13
3be119d8cf9d3abfe69522d15f9c6a894fb5c4e78082d4089f6a844ff41723c2186ddb972ec768db4cb7996e8a7de96c2f63ae4a78ca1a12e37c1891
22d6c4a80b4fb622b8c5c87b5886fc0662d688d0a71b4a8d1365c5893df10ce8abb9938eeb998925f10e5f3bb5209e6205921d34b75aac67335e174f
55c723b02a079fab36c3f31a1a8c11696256aff0bd6e1778a2e7c5f144673c83bc03451b606ec39e973f40183bd119cfe015a3cad32a4f5bd64837ed
15f9081e2647c4224e7b19ca408f3c83d47e86eb9e6a93cf4da29f9d1a9f5f563aca865dd60e3d8289e0756a527caa603ea7b472d9517211535a5996
9a643e111f4f4d7c4f4d7c4f64b113c5f208e4b0515f8c48158b92f6df4f5279cc9b02a9c4c8fb5a6c2ea4814102688c677080e55633b1e39d41176b
60a7d82d46decdbc9b79591e769888089658058306f6145c05564827d962d53bb16cc78eb5a9084cc714df5d84f7c3b6e5c611914bccbad0577b316f
b1bdb9714cb4cb33b01d8def15db51cccbaaae29f089ae79602c057bb56dd5efb199ecd2fc9e349f187911fc46603b3a7591e6f7bc8c098c21d78cf8
c48c7862f433cc73049718df6b7e2f8563130f79f1dbea75bb99cd44a5f4086c1a6480367a064f62083d27dae819ec6274c1b05bc61223efb0ca932e
40e819912256c5fedb555da45d6681c236a9e9b40aa755f8bf1a3b779deb6d238af67e0a37a9f3e9466aea20e99200790349a48014710cc779ffccac
757e1b70e3140794f621c58bc8e170b83942c8ac97d9dd66b751d4db16bf9b18696f9ff7180f49a15bf080ba5e18c57f3ef1ac3a13c6cabe66068b18
6f70f816c62346734ce34dcb8708c0477805c663bc4b6e0ff8ec85f13c27075c851746595ecbe228e39b1365572a6cfb322d037e73c2d8389ececa29
f0255ec12769bd7dc8ef15d011f9766dde34b12e66bc478c26e0c875e83ebc2c4e6264bb9a47d9020b23ed6a5a07230e8663534bdab6456c03dbc57c
dec2f35489e0d117564d20593e20cb27b6124ff507ce7c61d4c3818717f1c4985824d097054b8c78ea44db61da5a8dc6e6c0db9a69d139362796ad26
96c4981d64da67f08a55b7da50e903d7e3859147f775740637c6cbbcb9c5ac5b332d5d174fe58591561d0b17e589d15de0e257e0f3e82e52f233f01d
a18de2afbc02db0a0122fd3e703d9e186ae6e614b45dc60bd2ded6e3a6eb6ebe73e79bedee6294f9f679f714e3798ff93ea65d68bfc73c9e26461e8f
ef683004f92446e87a3c83438cba0df318b718ed327c47c5650bce04c6e65cb54d8bc7c8df54cf36e72a3c0a86bcfad81c45d83843cfe381e7f1c418
bd3b7b98195c6227d823665ae4fe8e49277687cc868cdf55bb70405ed80636c54c4b99714d5e81d56594efec7566d0ab6af452f9f7b13b8a36d6103b
54b6d81d457c1f37e4da075cfbc490e7bb53daee28c28c59c63db07d1323ad0b8b7da757edc8f81dd34fea0c8b18f11c45fb41353059c6deac46a3f9
3045e68d65699718699d6f76470c8790cb6c07d69b18f55565839a9f1823504fe58177f2c248ebe8809adfbad5700182a7f2061d24a4e9c75ec3a1b9
c491919f41eda8bb9ad92fcb5183418f4ab13b9740c1d7a1525e5bab5af7369820b1bb44d96f72b49eae3ce0da37ce6685aec733588178965306ecfb
ac11f2436fe401fbbeb9dcd9d5cbf649299894f669d7ac1edfce8358ece0677002f1acf949f80291e56b962f099144fb6bf15f8acf1c7560e0cc8042
20730ee78fe38b7ad39f65ef67c0e39138876a1be4fd847eff887ce8f13c031ec2ec0555bf821ba88a7da8be1d1b8d17e46e573f36ea8b022b473f83
7a56149720a4e8073ecf1bc7b2f2da58bbb178bc1ad9511a59836292d73ebea687c639add0d179c0d26fae720efbfd51fdbe45edc8043ecf2b788048
e89c7060e6814992d7c6ea8cfbdd2666cf200e95acdd363e8d771a8f19ff80fd12f83a2f8c78183233e862144e510ff33e3184814ece33201ee6e7bc
b15ef72246f9b0ff6470889d60e67b93ef613329ea0f45fd613b29ea8fc7b42c110fb5a8e361e063a60ea9f9196c62a41de6a1a887771b7a3e8f6352
0fcea7c7e152fc98bb18fd665a37e5bf8253cfe71994a1a517a33da0df575087c834e5345720ad3af4819fb8680a7528f687461b78f6155c40d5e364
d16780cce4f87bdedc62c85b4e3e475356b7cd2aa0153457d238332f8cb2d937db6e33a101340d394d4de6b00ef6cea62603ad37f45c9e81cfc3c2d0
9ab5684d8cb46a2d4d198c2d3b74539ec12346ddba6551de62b78e169625280b4e28f3c6e75d4dac5e45bb6c838b3cf8187134c564c3cbd38181a669
b481e09ed15631df853a38df1d8ea6ec6ceadbf89b8ca6f06c0a4ffc4d46b3f7b4718a519461f18645a9ade9688acf664fc1949d3716794e31caa221
079e7b62287ded35adba3a3cdbbcb16aef10abb47a1a8feeeab7f17abbfdacbbd285679b0b7ef2e8cb2a7680ed62e65176f0bce962b60b5a864cf880
fc5e18f9bafaed76490ecae7cd2d66bea7f1a698ed82fad0355576d5073e3c1cd0dd2b302d82b66b97ecbbedc222a1ab3e7457c4d8b7f3866ed5551f
38519f37d6eda06e7c64b88cb662a758077bc4861879b8d2ed8d770e47b70cb462e68b14e91a307b5fc5c85725bcab52f44d8cbed1ede258a543da7b
40712f8c7cedf650dcbbddb42b70bb02175f95a11ff2e82e51b130477789da5da2765fa5fa7657dfeebe4a6d9f30dc0ba36ada7cba82990f0ae78df9
debc0e2dcc32dca32b84351377857057086b12ee8f793c36b3af52c1dc87697d95da43bbc34885a96b30ea0ae6ffe7647c74e5769f8749e811da8e7a
ad7edbea0b544bc1c57946636a90cc9ec114ab0ea19bf280901ef6ffd371722ef47f3ee79237216641b1089d2a19b82b2fac2a8ed3f20a189f9c77cf
9b2ef68891d671723a4ed4a2f45d1ea79623d528fd9467708951641592d3c5aa866079eb81a3f2c24e305a0ade7a62cc36f2d6e354c46be03d1d13a7
63024650de98568b90bad1e938391d272a47276c860c2c1f2ffa742a381bcd1ca8fca7faf359fa735f6c529565e8e87a938b5393fe595dbd2f36a83d
fdbc380d849a2a3f3d8356904d7cd94c175550d792b21e38290fbc1ac579fb66d53f707619a7fa078cf5c43ef1ac81330867e2f3c62c1eb340dfc239
79062e35b515eba33cf051aeffe6909c1e90d3331a13c3e9ea138e7a3b7c0f2e3ecf610eb6881ac9a9a5542bf3696fc76b79e0123074501ea7534ad8
c554524e4d3d1c930fa9e9112e4839121f3a190fd8e8859d60538ceee93e8f34f432ce8b91d66181aff1c248ab5d2734a872263e743c1ee15081cc1b
d2d503ffe385f13c57a4a196c3678923d47242232b67e2f3c6b23854f82c71de9c6255df85cfd144b82285b55e5807b3be4c290b9f9e09e9ea819ff2
e0e4735ed307021bebc299f8d03f79e092bc30e2395220b227c64c21833d70467e3821876a7860ad5938121ffa1d0ffc8e174652ad2b5173c3e1dc1b
6e0dc02d4f883676ec4489fc4a494154c2619327c6b808c7058ec60ba3242e3f619317467b2affe3f960e4a11a1528d78b46665d8307fcefc4585885
5d145e7762888f50fac2eb5e173ef612a13912cfdf85556d2fd51978dd8931202ffbe3853ab3405d8d4b75062fdf85114fd5052fdf89d17a9706920b
5be10275352ec5eab59996fa5e8a5558d789b1db72edd4e3aab55d70243aaf2d0ac68b454b2b2ebc2bb078340b2ebc2bb01a68ff7aed0eb8d78505d8
23661330cdc2b6ae6011a31a6a1f57332dd2e152d38060ddbe5817cb9bcea0d8fa782ecdeb21640e0c16b8d1156c44a3125acaafb04db0d14a910e28
d20d96735ed3552e3e7702c939af7dd8c5c37cbe9decbac85343eea56d1cce7461bfefb336a44a67407fd37e8b23ef0a7631cafed838cf25c68b72ff
1557df7a9eca6b1ff7582a6c2a9742f71a1f8c6a4f4b3a2da9dd48ab07ece9c2c842118bebeec4d0002e35f4ebb5c8885d5d7707aebb0beb60bb9879
d0dd6e4d1fb7dd7c6573efb69be3c2bbb013ccb40b7d4153edcd71ec806c5d1879aca65de9472b7debd6e671234e17cdb2b7da3824eac418ae50a933
d8bfc4aaafca9ece80f26996bdb568dc2c1a17bc63c6ad4671a3512c1b46afdb7d5598d28591b65bbe6eda4dccb418e916bc5e864ce9b84fcab2a12a
dcda2b6040278668bb958a77d02e1c3f8fdb2e7c8765b6fdecc3f7653cc6ebad08bced6a305d420e740696c536b05bddd81216be7d92375d8cf6e39b
26a173ec80069d183a848eb00347d885515f676e9c5fe784c06b831315f8beae6860704f32305b16a6b7b3f9fd3e62f5b8c7aef6b0ed991ad4067689
198f5d9ac7d9fcf9320f6c0712b003d2756195efa3d9f861db33d5af006b62e68126202d3bf07d5d18cf53a17d369b802e8907ec0a786d9cf8ce1b9a
1e7fd88555977c14b38f33b2262569d801cbba30d26a8b780ef2d5a4f4283e1f6c110b2cc778544a6154af0bc7b6f3c6f2b1ffb8682a7a5ca8e1f07a
5d340149a50ea8d48591567b30546abd0ce6b545613db7e0272f1ea7ee87f51c4e06e351cec2b1ee1001f3dacada6f0f5f9ad3396eb333da016479d9
d33f6c4ef55e9c6677354b09d801013b212aeff2ee29b5b6f3ad90d03b76e8091b0a605efb781677f581e0c25cdc3db59eeb9c86ce6b5bf2b1b0f612
4d2910bcf55f98d7769cf1791a39684979caf25cdfef03ea420164cacfc35050f8be6fded86d4a0fce7531ede89627ceb52b1a6553ef78a66f0a13c7
a3b10e6e796164e1a07ba659f85ea6edf65a607bb5abc34761ae554ba27906086e989779c3f3c662be4c81c3fd4d48e5ebc2a9f1180ae4e168825199
37bbd82166bc109b62e4abce3214d21c01cf9b47cc7898a186faedc064b268861aea3143c5b5214087e691a1e2da900043c3339eb9d7452d75e03731
868a47637d305cce0d853954c9180a7338ea85fdfee9f78c6bb1d8725cf8024ae8893ba0a1af0b8cc6d0eb76060cd44eff1acaf5a1bacbf7b5f2c626
bf78d55a6d70b75dc114a3891c0fe34698e20731f4c49dc1254635553f867342b7d91ee3d9aff9ec48de58be413d2001e68de5b32b76bae750878031
be2e5a84658c6740b36966195afe208e17663c9f675774a290329e01af50869ef4f0987645bef591374d8c5778d2567ac9ce80dd0346c554039ed5c3
9ac41f09de01c17b5df0251892b9033277732d3795d693730eb837cb6b53ee3cdfe2aa2a4c55626d2d72b433201aeaa43eb303daf6ba48d89b6abfd3
bd0e3ac5547a4faccb0b2e086376a3753a809b5a538d18f7d88535b04dac8991d6cd8e8944b72f4e25fa54a2bbfb35b55accf0710c9b69ff9ce1e3d0
e566d8beea1d52f8607a57600330994aee8e699f95ae37edb3d33e2b5d4f72774cfbac74bde916e1649b7c714f6bba4d3eedc75a73a6fd789680ef8e
d629b3713e3e0ed57edab5e76351906253c98e17efc228b23be7531548638ebcf00cba18d550b59eaa457c13386fec160a72a6ffa9d09e8e94405b9c
dac8a7238573d7311d29d391222170aa02cd9796d752331d29b3d4a2d6e903b2c70397e015adb2d50178bc2ad6c1acfeba567cd58024f5bdeebcc004
2fec041b62168f39505a7806160521f0aa44bf259f7b6713e355d979771b8f3ef06ad17e5d536a4681e65d815930f5c8eccec06a30ce5e07d0ab1877
a0bd87d9baa6e44c74bcee16be70b78a2709d6c5cc1785ea55b4bf8a7187daab9c862abeae72f35e75f2174569d58c22593c208baf456b02b3cc3586
badb67af5c4708e4158d96d7f08d23f1c2c856b5e8ad91b4aeb816cc1b8b1766eb9bd41e08d3bc309ee75400bb7cfbe2385dde7cb04e3c9bdebd2278
d919afaa7b7dd15b2e7c2aaff15533de255bf69276183048ae554c9294d4906b1393f2116cc85f523e2ef802f97f690c1714810c6a6991f99679699c
fb3b3873f7edf2acff588a8cf2c33456ffe392fff03825b0fdfadfe67fd55ea37c300da684cfe5e4bfdab214c022fab9a40d388e05c0d1a16f97c3ff
8e6fffb106f85c9adffeed999e75f95c523f8ebe8db37f0dbe94f3edf2e2bfdf6a0a5bffada290d197cce636655d5a9ae8dffe6365f0b9bceb3f9c3a
8d72c9e458fd5c52fbc3962900fbe0e732fc6ffff6df71fdf2dfe133b75fd2213dbd2cfb58feb79bdf363c9cf8b96cfed73fff0d6c5b9f4b7a269c39
81f3fde5bff099659ffd00bffe777dfe3bbffd778d5fffb37ea532e71c58f8e433b62c33a6be92261b4a9c049a1d8564e2e56791849af364957f6ad2
5f39f1ff5ef4a097afecad2b9fc87ef9d65e05c62bf999372f180687151b64de186ffd3c8fb4f4e417270b85659bbfd3e7a1ab3096f2b28b9c9ff2be
1c48aba0e813254ef3f210a954a788a93652f11cf49a17bd865de857b5e645adc12d7b5e0e9159714c455df83cc8711207c5e7e5e320e8fd2f0a4f06
1ce6fcc2d1e98b7a534107dbc48c878fb92f3c30bc1c37abe0b6ed7364bd7ecde2e56b166b69df7949fd90e8f83c7c3db8f27a70a5fd86f85237ffba
7efcee4f7fbd7efcdbf5aff9fdf3df9f7e9a3ffc3cfef9fcfcfd1f0bfd7eccf79f3fcc9fe67ffefddf9f9ef9fd8ffffeb152f1fbee0f7ff8f30fe31f
9fbfeaeeef7ff9ee7fc4c05264181a0300
