1f8b0800000000000400bcbd6dcf1dc971a6f95dbfe2d9010cd8404b3ef99ee91918a0bad9128156b397645b232cf643559d3a1e026a52605336f4ef
37f3ba8ab25a6398c22eb00d48f77982595519912f15774664d6dffd1fdfbdfef9b3fbfbfdfc79fac5ede9d5f9e3fb3f7e38ce9f7ff99bed0f3ffbbb
bffbeafdf1c71fce771fbf3dcffb79fff4af3ffed3d3771fde1fafcf8f4f7fffe58baf5ebc7bfbf11f66e117ef8edffff17e7e2af59f17fae5f9af6f
dffd4791f59ca7bffffedddb5ffdf2e7df7ff93afefcd7abd09bb71f7f3ffff127f2276af9f4ab5f86a7bccafccbf9e1c7b7efdffdd35388bfb8ddea
947cf9fe0f7ffaf0f65fffd7c77f7afaf9fffbff7e7aa33fff7c0a63dc7e1e6f6158915f3c3dfbfdef9ff8a71f9f3e9c3f9e1ffeedbcffe22717fff4
4eafcefbdb1f3f7e78bbfff1e3acf6d3f6eefef4c71fcfa7b7ef9eb40592fdedbbedc39f9e1eef3ffcf0e3174ffffef6e3ff7a7affe1a7f759c2f77f
fcf8f4c3fbfbdbc7db635b77fbe269fb703efde1fcf0c3db8f1fcffbd31f3ebcffb7b7b3c19e3efeafede3fcbff3a7b778bcfffdefdffffbdb77fffa
74bc7f777fbbeef02377f8e1fcab5aff572afcf8f4fef1a9eec7fbfbbcfa8f3f7e9ca6f8b84d9de6339fb6fdfdbffdd5938f3f9bf3ddfb8f6f8ff38b
59f0ed8f4fbf9fb75d77fbcbeabcbb73933fd7f5a7379a15397ebfbdfde1fcf0b7dbfcc765ecbfb0f0a70a4f6bddff3895f8ffafce4f9785eed7f0da
3e75897f7cffe1e9fdfc970f4f3f6c1fcf0f6fb7dffff8d37bfcb965e91bdce32f34fcc5d37f618c6fcfb7dc795df46efbe15c95774cbd7bff1f525a
f5edecd3532feffbfec35fd5e187ed4f4ff3aad97ba7baef9fce77f75964deeec3aadd0fef3f9e4f5a74dee43e7598e3e2e931ffe1a737c1863fbe7f
7cfcf7d5f13e75ea1fff701eab57cf3bbc9df7fbf70fab3fbfb367ffb886fb7fd5da6f7efde2f5d3eb975fbff9edb357cf9fe6efef5ebdfc97175f3d
ffeae997bf9bfff8fce9cb97dffdeed58b5ffdfacdd3af5f7ef3d5f357af9f9e7dfbd55f8df797dfbe79f5e297dfbf7939fff5bf3d7b3d6ff3df56a9
f9bfdf3d3dff9fdfbd7afefaf5d3cb574f2f7ef3dd372fe69de7a35e3dfbf6cd8be7afbff8e98d5e7cfbe537df7ff5e2db5f7df134eff6f4edcb374f
dfbcf8cd8b37f39a372fbfa03afffb3d9e5e7efdd3bbfce6f9ab2f7f3dffedd92f5f7cf3e2cdefa8c9d72fde7cbb6af1f5acc6b3a7ef9ebd7af3e2cb
efbf79f6eae9bbef5f7df7f2f5f3a7a9fd4feff2d58bd75f7ef3ecc56f9e7ff58b59af5997a7e7fff2fcdb374faf7ffdec9b6ffe53cb4c15ff0bbbfc
f2f9d4e5d92fbf796e1da665be7af1eaf9976fbe9877ff8f5f73d29f0f79f6cd5f19e6f577cfbf7c31a5d39acfa7019ebdfadd17cba0f301af9fff9f
dfcf2be63f3e7df5ec37cf7e35edf1f73f35e35f75e8bfb2e96cee2fbf7ff5fc374bb5975f3fbdfefe97afdfbc78f3fd9be74fbf7af9f22b9aedf5f3
57fff2e2cbe7affffb4feff4cdcbd5aa5f3f7dfffaf917f3d96f9e51a579bf69ebd7ff7dfdfee5f7af5f60f517dfbe79feead5f7dfbd79f1f2db7ff8
e95d7efdf2b7d3ae539567f33e5fd1562fbfc53cd3c42f5ffd6e3d61d98da6fce2e9b7bf7e3ee5b32b7dfb9f98fad9b2e1eb69f22fdffce535b326b3
05defc855d9ebe7dfeab6f5efceaf9b75f3effdf1aede5baff6f5fbc7efe0fb34fbc78bd4abfb042bf7d366bf33d665acd3febebcf17afffaab1aed1
f4053de6e9c5d74fcfbefa97174bbbebcad9e15ebfb83a2736fff2d757e3fd74a4fe7f7c233f7f77fff2fd0f6baafcf1673ffbc7cb9d78fac74f0ec6
e3edbbfb87cba79853d3f4307ef6b310e7d4787cfcf42770fc30bd1aae7ffda71f3f9e3fbc78f778ff942c77ffe31faeb24f4ffff86afe98d3ea9f9e
fe9e19f21fe644f658f2971fd68c365f9c7f3ffd903f4b5ffff10f7ff8fdb96af79491cd29119c8f9afecdb76bb2fdc79ff832eb1ff9b7cb8bb99c98
ff90bff9d31fcea770dde47f7effe2aba7ff2b3c85db532ca9d6fffb92fff637ebb57bf3af68edd79bf8c73f6cc7f9617bf7afe7acddffb8cdfffef9
e97f7cd5befefa9fd7dfcffdfbebafd7dfb3a67f75c5cf82379a2fbb795f659fee71bb85c73f3f8575d55ffef3cfc2ed763dfdedfdcf5744af68e7ba
62fed8327f2f08b521294a26c4984a46d6944d08cdebba9209e1169764f7ce0b425512944c08917bdfbdcf8210fb929c5eb5a07ae7d3ab16d43a90f8
ac05b5152443c9589284645332a10e2587926395f13e7725f725a13e8f886441ed5cf5484ad292509f87757e5067eef3f0e90b6af73e3e7d41edd4f0
e1d317d4b1ac116ee805d4ba740f816701b55126ec4af62559960f514944529724a30550fb6d49aa6516d4ce55c78964416d94b96367a0369e7e8f4a
d09da7dfb392bc243ceb5e95d425f1aaae64b5451f48362558de671d4ad07dd9306831a08e759f786055609a04c9503296e486645332f59a6efe3274
bc5b68c114ade7a7815dd336a1c465fbb42525b350c94bb3644f4cc72a93b9eab0cc7a5aa94bd76cfb00f5b6ea980336cba12c4944823d7242b2ee93
93923c4760e559b9789f05354fcdc299e63f5e50c7ace1e42bebcec2d435746449595aaa851ba2ac680dce9b17162585420151555457a186a42bc192
03c9a164f699e055d11b456f141179a3c88da852b29a0b42a346292a496b902724de28792345bba20961f5c778db7cfe8235a7ac52e186be40a80549
51e2ad32a2a188f60e94525f20ac5113430c48162c6bd625ab549d3111cbaafa5400495bb7ea63192a0c45ab0785ce65232a894bc2e386d55c10d610
983fadc0b04eebb278c3e240480dc943c99a99d35265d618c982901292a2047de30dd1a6685b850692bb92d57425203995ac29bcf0b0e0c316cc1b51
88795e08ab5fce9f4909fd2b2ab2020b42f6b2a60445940c25ab3325948dd63152c7826457b21a3c2bb18e0b42e6aa445f064241337b0e104a475295
aca64dd823599f052159467b24ec4199acf11784cc9df3a1e45812ae2ab42b3095c7faf6102094c83bf7d37bf23f7b75ce9236e08290b17b55a78a06
e85dd5a0369e43bb574d51574fa0e7c7a1e28376a74fc5a1951784cc659b8536da063d775b79b79531eaa968814336051405425e4fcbea99ebbc75c4
a8b951eddc672523134dee98308fd5806b0e9f4386ab4a9e9286e14b51d2ec3f4bffd2b148e9d488e9a0385c8aba352edcbc704158afd4f9d3eb36c6
1d8fdba936103a37dabdd1ceb88b480e2577ccc68d0ecc0d84f58e9f3f9b123c151e7fec4a966ecb7b983f4f25ab733614391e4a961dd75b3696d30a
9db6d1aa51757a02c27a39cf9f55098fb7cc50c2dcb07c83d947501f083520894a96b275a97f76ca00b3db2ecf68fe11948525bbd1e1ce1e9525cb0d
645959a61c53c4d98bb246b9a4ac2beb96cbc886b2cd72ca7665bbe50ab24319f3f7edaa3303f15cb3e1ba7659ed1c4d59b31ccf1d3e7775ed592e5b
ce676c5ecb103d37afddbc16039f9bd76e5eeb73b74dd96639ecb25df7bb5b2e223b959d94eb5e4b3b9fab9bad72e86647035639aeddb5e95e2c879d
f7aaccfad125ceddfaeddaafa1ef6e5d76edc7f03eedbae7a11eea76a8c7a11e8372f6d5f361fb72edc39108641cebf93b289a901beffcc72d2a8a4b
142d9514254a0d4459515ef7e2fdf6b05703d311a3ab3cecd7c09cabbd7f533421f7aaa82b9a9062b2ae43d1e0426bb129da56299c88c76d57b4fcba
6ea143c9b1aa5aadd75dd17d3d102fe2713b159d4bd454e8a168c2b42195d7b702ca2d50535fbd4070343c9c278139cb2544da6bc154919aea8001b3
751569af05b3211569aecb0363d67904edb520254da85b06045f5d8fa0bd16e4c1d078e801002146efa5bd16945bf4420db6604e17565f832d88d94e
a1a70094122da5c116245cf1f8d0550052c6ed7ae85101d33be68951832d98b5b78d742980d479a93fa2165b301d18efafc516445f1c0f5d4d608e42
f4d6f300e64b247ffe7dfc88da535fa57b13edb9208decd3b5e782926ef436dd1560b68d9a68cf05f576d306da73414ac17b69cf05355c26d09e9137
47c7047acdc0ec93583d69cfc45cee50d19306e6bb837a25cdb9a0ea5d3ff49a80395e2da53917149ddd877e1350e2f544cdb9602d4e20d25e0be6cb
d24a68af056568c2a4bd16946a6fd09f074abdd11b92f65a907c3d3e74cc80708de1a4bd164cea6cff4e1a6c41caf8ca0fdf90c0a44d542c6bb00c89
72eef2ad09a466ab650db660ba70dc3e6bb0ccdbd0e19935d882397f5a4a832d481d87f99135d88214ed3a3a96c0a47cde4b832d98226bafc116c49e
adaa065b303d316ca84b0ae492ac84065b303d3c6fafc116d4626fcada6bc1ac2a17ea890173bec1f8457b2d88cddbebf202d3d0dcbe68af05e9a609
8bf65a90b21368d15e0be6fbdfdb6bafc2780d96d25ec52521efa5bd16ccd9d20bb5d782720d8fa2bd16a4c9511169af05f99342da6b4194643d8af6
5a90a27da268af05f996ad97f65a30a77ad4d60306a673c920d29707527396addaab3a20a944d55e0b52f285a3cb0fe4e9c221d25e0b52b59b480380
16ae4a68af05ed76f389da6bc1f4031df05583551c486fafbdaaf642c7aabd20b7fdba97f65a10fb5509edb560f609faaa5c0448d73ba26aaf05e99a
b065cac07c2150ada6bd16cc890fc7f6d134d88220a77a340db660b60706936c00b124451a6c41bebc84a6c116c486aff6681a6c414bc30b35d88216
75859af65a909a9db569b005395cf5d2600be650f05e1a6cc1243e3e518335a8a563a169b005b321e9e54d8335f89c93adee3b50abd3a8de3b90228e
f043e71d98930295e8da6bc17c0f6255dd792017a8e0436f1e9814d152da6b41723de5d1b5d78272bd5375f9815cf4bdf4f881c9eb68eeaebd16a4e4
3c240700e65b6dce3a9f7f1b4b1180167c53c9108039fd6b03edd919b04591f65c309b1913bb2e034c97174b0dede952cdb0cfbb5803cc5180c6d24f
603ad5e83234e8827cbd8e25e0c0e4963e52830e5c5e2704c90cd072b694065dd08a6e82cc1d68cdfe3d34e8c085d3cb96f00099d5dff95b832dc82c
ffcedf1a6ce072f8d21e1a6cc11c17d65e830d0ce658916203c1e5ae871c1b08a3e9f46e1a6c410e36c8a6c116e408f57d6c1a8c90c0188e4f572380
58a4179b16bb389c37d3620b5ab3a3cae0809ef4c6372db660be3930a29c0e882cd9cedf5a6c412b5adf5544608e626cb1693188dfedd3cd34d982e9
45a992265b102fdf61d764842b9a6363d7640bfaf5f6755de22161bc445a6cc762bebfa48b40bf5e7cbb065bd08695904002cdb5a1c7aec116ccf918
bda594c07c6dd353760db6e3d5eaffef1a6c414f378c2fef0466a7f6f61a6c41684591065bd02ecf7ed75e3b5dcc29c1a526a05cefe8437b2d986c92
7b1ddaeb70f994da1fda6b416f4e7b87f65ad0938ed5a1bd164cafd37b69af05f19abd5cdc01a68e349aab3b40fc5409edb520ce994199065b9064f9
0fd93610862f43c936509b1df8d0600b4673123b34d8e17aa3a6d060ac1f5ddea30b48c07c22d5bf6bb0bb5e1af7ba6bb0053df9ceb96bb005addb7f
ef1a6cc16c47aa7ad7600b9a2b868fbb065b90bb33e9c3273e76d6c157e326238413d6c2674590142c9f798da1f9b32861052023a94a20b4b7a8ac29
636c5f1776450f28e192049f06d18e4aa212165ed7004a063a847049b2925583c0ad83350804dd94dc959ceb4603dd60a913f095d63c95084c2c3078
39a842b29a6953d6919dca4e342cd4026622ac55e9b664d947acf7492ad86f58d701c1488d2730bb4f38b417951bd677f8048db179b7c772a313cf7c
68d5c75537ae7c78b707612f0487026f3f87e3e7dec6b3ac4f7f5c4f5fb631bc32f9c8c0035d12b8f18443b214968c57490a2e7365fa83c184440c00
4e9522845658555ab68abc4a8429e36e89f7fd8487b2558fc48b6f8275e30949cb004bb6ee9798258425ebc8bcdf715dbbcc93ee5ebb86d0aacb0d59
515694ade7668742cebcb0ca5a3c9d7f34652eea2d476afe417fc98d391fbe3bff48caf42b0af7c3b34df9417fa96b0d29b96c9eca6021b27564bcc2
85756d43465f2b5e3bd6e493aad7d6b5e21557af45762abbae1dc8b8b60617f4a94b65d54858e5b89665a3547946825ea4e6339ab2c898e9cabab2b2
66e8d911918d35fee22cb1da68b07e25acc5dd846c2083634c7acab5900c61958bc8a8f358ed36bb39637c1c97ec61b93542c6dde7de6fcab89fed3b
ee27bd8f361f77afbd5fd7ae91394eaf458ff9325dcfd8d463a32d338bd9f38fa4ccb65c6b99f30fda72f35a629d69f7da3db3a006959c7f9ccad46d
2df8ce3fa8cbeeb5f8d4e9f0da03bb6456cbe61fa7b2ebda888c6b0ff4c82437ccbeedb5a736587478fe810d0e9fd178c6dd67dc95f5f5964ea7b213
59b9713f1790d343595a9e60f6b5b00cb264f0b9f94755567d6e47d690792da91639786d58a43b96bebcb5f9c74399edb1a87236049b83d7f2cecdd1
6b23b27a5b2ee2f4e490a5b57a152b6466fed1945d8bed015947b63cc2154e59f54bb884c22ac7fdf009735a9edd7425d6db2b9b0020ac72155944b6
d2145639ee77f7dafbdd7203d989cc3a97d5e6d9b924e73bee4a5dcec9fca32ad37e6b2e9f7fa0877344a58db273442e976cbda6b3633fd7b5621427
d15cf5ab2c1909eb7e1119f5abcbb4b39c32d63284e822f8fc03dd1cfb2daef92f3bf65770c0f580f5dcc60aaeb0aecdc8b2b235ce5b46b7c6c2aab0
ca29db9035ea9c03f783550bab5c45469d1bc1a396a973eb974c3bd30f1aef8aecdc34d9d56a0fe7a6ecdcd4ea7a8f65e7a6b55cce5a01fd74308f0b
eb7e0319fd65aca581e9f46764ac0d0831926632ffd89551bfe1b5d61958e50232ea3708c8f59b3238fd846439ea07831756b982ac28ab96cbc8acf3
d82cb76c35867519bbe5da675ff5b3ece12527b789dee6a1ece16d906d9a8d98d62c879a501261955366b57400882acf3f3425cdd0e1edd9a9353b65
769cb4ec94999d0a3b2b66d9a9301f2cedf4ba1206e61f4d99cfa0bb1f2ceee4433d602bf30ff438b660b9f58c03122b2c59439694d90c74f7031a9b
9d327b5bc43f3b65e63b519f4975565deeb8a31386d7766474933bb4b20f9aeb0ead1466b9c8b5f0ca7cc7a6835771760a168cd7cddf415180436444
51914e4bb35852c6f22ce3f3246037414f9cf9f7c41317525bfc60feee8ad6424f5e6ffff97b285a1c2876459b22167a16279dbf77456ba5ba77ef75
28625d6258eaae88f4a162fd4f45275c5cd14391be5ee3caa0311664c24df3b7c6300fc62b83c6089731a886cd02e44acb9f41632c48e4c2ccdf4511
d1b89ba2aaa8b27a59106931d8c4cd37db1934d982445ac2fcadc9c89b62d97efed66481b5c4a24a9a6c4148d5ba6ab205b35e5ea8c91624e7b23368
b2051906357f6bb22b7389f172468d41a0ada8b8b334308b753a8bb33410c9609bbf35c6827cb3c9a3c630a78ba0f5fc436b44221d4cf967d418b17f
0a28cfdf1a239a8ed72da635c8fc693653d41ad1a57bcc18b5c682d2ae6a688d05b914d5d41ad1dec2503c93bd857cb3ead049f6968b68d843931622
749698c8cea485d265211e9ab450c242ea99b4509216742fd5440b8c9ccfdf5a28d95f78939f7a1f4062357dfed64489a41d5b2a69a105a955efaf85
16e4e210485a2849e878639f49132d909cccdf9a28e134076b668759604c3f9f59a365070fafd7336b8e05b16bc8ac35b26c8a37f899354776611935
b3d6c8761887bf2f5720b7406d7db702f39deecdb406a1b1e8b8ce5a63c1ba1946cb9a23638ee8959a6341eac1525a6341ce0ec5ac3516845115698d
05d3dba4018ad65810b34f2c76a16217b2058a5d88e0d82d61a0a2cd16449299e66f6d46708c24acf95b93157b10cec2a9e30c84f9d6fbfc3bfbd4ad
06a67371f3ce9a744188ea5734e902d335e66f4d5a76afa4318af62b644f68d2a2fd0afe8b7da268bf05e9eafa7aed4026372d9f3aed40ea7660fd4b
200ddb42f7f2ac268d68f9aa152af3ae5365554d025cb7e0bc52d569c1acacc5d4890cb99b5ec8d9ac47d3d1e501cd7a2c88d519bb590f4250b7e064
df6cc70529565abbd98e04766eba1ba7de1c90c2f500cdd1e928c1bae9e00193def2d0ee03baca3b54bbcae3df954e7beade012bb18636e8b6310199
64e375edb16052039fa93dfae695d4ad3b6c16ccb71a96ec367b3f3e65e96473b2845c1de37ad5408ece9ffdd253c2ca2387e61e371f49230fedbd60
96a2b2436b901e3b7c8f0ead31c8328adc7f68ee05ae09ccdf0e9bc14c63b71a9a6c5cf6a1b243fb0cdf43986c681f32236fc1897768a005f9a6b575
9c8134ec7d3ac6e7b0d593f5d01a0b7a7510e863028b082d91ae3260b2d3fcad313602c6fa1e3aa2800b81f3b7c67009ec9a31f44381187c336d5a83
dcceeeab75d31a0b72705ad9ec406cba8836f9a67dd87531b275d53ea4c8f56cc534cf66ffb964da67c33ec98a691fb9b3138ed41948d566d2ed358d
aee894eaf59ebbe384058053320da4cb51da35c66e3e1537dbb5c59ebd129bed1a6367215b47585a72eeb679f66e2ab56f9fb2cdb29976426e36d3ae
4e3beb832459cd3faeea32cbc103cec3063e88703b0e0f1bf820606b373bd4e920a74ed50f753ae8ed4e2e873a1de48839cc0f553a4c1ff45eaab420
5d44e1b07d4955bd2683c3f63d9c309d910f1bf860c2d48c87b6307550fb1fdae280383a7e0f6d711cde4c990d7c904371d5cc06664935e9481e5acc
d00599cdf30fed7377f6e5cabbf671e19554f4f987065a102eb7faae8116e4aa4e770db42065275a574f8054b4ac8b2740ce4e40770d742787c959fb
ae7d16a4ae9b77d73ef74b736fa6e677f209f3e723dab3a886b9e3af376f7c19e6c14b831a9d76a5535b59cb535b9de467daa54f6d756a2b5db2535b
2d08aeb39ca7b65a10abefb3535b2d984e00463eb5d5e9d4a9af726a9993a95347fcd432a7c3a87a374d73426854eab4eb9c0c2329e669d739591271
6a38b59fa9e6c17ef250f70754d7b9ffa1ea0fe706bbeb43dd17e4ab691faafe601c49151faafe706e70b83dd4fd01bd931e3dd47d41bcccfdb09f3c
c867b7373db4c6c32950733cd473418ace8a0ff534b27299e3a1a20b56aa0b227b82d194e054ffb02b3cf03d595475a15558c52ab2a02c9072754314
1539c8a15126ce0ab941f04c9c1572c06a26ce66d264e795bc38cc931512c94dd93c59c1c4e26c9eac107cef99272b04b63765f364854cc0259b279b
afdc5636c964735b85d99edeac2beaa445594a95585771c633b755880438b2b9adc26ce182e850e47b1b766426ab90642a66b20ae9ba32aa129b5e12
1dc14c5661dd2c2153a7e8bc8efd65d80f197660163195554849cbcab0814c9a523695558855fb48b081598afa4bb01fb2e930acadd68870457b8b6c
1ac8448fb299a9999cd375a5b55575b8b3ef77934e85208732e95408379261b259a7426e9a56eafc903ac79b32554f8e4554973a3fa4ced1fe22757e
b8727ff3a1ea2e758e3003134f859498864c3c155631ec2d770692ab28669e0aab98976a10524f4b50e4185830b5b26a76185971c4af365d5408d976
91159b1b7a8b41995a418173c46c3260b2375731b492a202a9d9f0f97a28bb9e78e19abe29e46a35a4a840bec6a21415984e3a8f94a102eb91165301
f2376bb6980a145a2a5a5b392a10067cd0044e6115434f492830ade695b614199c3d3340e5a0408e8e1f3928307b29cd5e6c2868697548c94a815c6d
14592960102b9bc1294c112693959ac1b972463ffba636c15388dda690b49acd3915e6f155f3553277f0e14de7143299fbd9744e2193cf9b4de714d6
cda8a5dc1698b5c4c855eb4977a38697ee027138b14b77c9de5cc5acaec6aa66235a358d554f8b59374d5371656d458932309cebe5c9e665ded8f295
4dcc14aef576133385d9fce8d454bd391a9cf29aba3796c76c7f57ef49b05cc594d901c8b0ecce35c6828029f266ea2411d7cb36c552980fc0de1271
2019e833c5329b3c79d3ff377b52c8cd99d1d8cb953d69cd0cbd3ca4ebbef74d9f147ab0d9a5eb0fe9ba4eb5f99342884ec7d275603e13434ad71fd2
f5982da639d84445ba7736415258c530b87c1d987eb01a688e6eb343914c911472b39125ec0f097b8422992329e4e63b46c24e3ee42ac613a4e72644
76a75ee9b90991b768a7979f033ddac1873682b217e71a19bbb98e37520fb3c98e42b87a965cfc61864c840498ed2864ce1ec8663b66521b57312e95
8c03c9908db98d993cc6550ce5a5dec074402ca6a29b7323ae9c898c42bcdea6526f20677bb8d41b08970722f506d2f5ce957a03d1454a131985695b
4b698dcde1cee2b7998c42eebe24a5dec02c4654d84c4661fa7616b32b2c986e04f5df3590a49a5ce36cfaa1902470a61fe687d4f8f2d1a4c6407019
d23cbf6c52df2dea57498481e17a85597d4248501cb3fa84e01a98597d42ee0e6489f0c36dfed157857c1688c93e249f35edeee6c29b797742ee5731
1520ef2ed8bdef2a400a49718a91bb02f3bd4f65e5ae8fbb53ba3ac93781549cfde49b40a8be23e59bc0ba92f6947002534f452a70b7d9af4b6df63b
cdaeb3212d05c2cd8942de0964e3330f7927302fa423c83b815e59847c483b81345449daf99076467bb2b4139837a362d2cec7e9f8f7652dc904a64e
f4835303c93bafaac93b8159ec6fe0d50f69293087382acb4a817913da4c56fa389d319ccde4a0407471e7716aac9384722d7f6a2c986ab3534b5481
75331e205305e6ab0e9525aac02a467f95a902f972ac65aa8fc765061e2ae10472d7797da8e7838e921ce50f155d309c9064a58f871dc0e958be09e4
7e554da5a09bb3d8ac4731894730257efe0e8a8ac59455654ce4ab6ac564ce729382a6d5a1e61f431989eccd2b37459bc50ab25dd9cacb1ed5628722
ba75f40177456855bcf054747ab38aeca1cc7e3d9628a894476390315ec827bda0a7ab5854e43e779e49c4585857523542c6c27454141545cd62dead
2b5b933bfb9b0aa7675c104655a4390c06778c16b406c1e01bbda878d88630cd6131cd11d4fd92a97b30dd145154f7a8ee11b3457587c0e292cddfea
ce1ecb1b3cb7789e8790fb75a5ed0e334dcb0d9cbf6df7a8ee11dda3ba13fbedd7cdd47dc16c166fa6ee9164956e35d47d4167069dbf553d3ac161ee
a8ea847e49969ebfed09d1ee6dc534867cf0aa6cf2910b32bb768b278b08b35856e633933beba859f299c9319595f9d044bcc77e9b7ca81c31659a20
db8932c33d522cdb870c89a64c8fcc1a32bbe484ee593bb25bb0ab41d68e0b7a199836ab545683623135c85acd626a90d5a0a04156838cd9b447be34
78b0378cda16fb9084906cba429adf0553295abdd8398a062f5e6adde0751cdc337f6b70c38da9528f627517a4aa258bd5ad3eb4f2d0ea432b9e9657
561f2af3498d2754ef5651dee6abdead39901b066f36c282c69acaca6e5434a1770750f301e41a0dbb47b3a51624d667e66f5b4afe92ecb94d45e52f
d7cdac99642575ab611b34bbae22db80fd60d1f1d36d038e73c8f6abee30ee5aa8d3065d0560262da07a570159481a5e6a7539b8a1244663b763c925
48739f7f68b5aec744d5bab5d5ad670fddfcc327e0d6af13943ef7be9e45b5a081baecab6758a7053ddb7b8675722394636ed8a1cceacebe8d3627af
0d5fd237c3e698db5c07a7d5369b5bd73d3b2636cdb5d18b9df23795d9aac5a8da6675374e2ad05c9bb5dd3cd5c652d676638a4bdeffaaedeecdacad
7d60c174731569e705bd398037ed6c402c3ba3edeab96034acb1abe682764d10bb6ab2716868d95d2d777ab59d6257cb5d2d9d6d76b55cd0b3236957
4ba366d977c0ae4e3b8e55f201f6f49dddefc16aa8e57ef74a8b5d3aad48e9a767dad38f4b4dbad3a19a6cf819b6d3a19ee6ed6787f4a1560b7af02d
70a895b1aeeb157ed82a0bfad08e871a98f19f55e1b82ac20e38afbc3be40c5965bbdfdd31c7769bec6bec6e75efd6cda179b76e0b7a7286b85bb73b
beaf6ec35d83ebf6738cc9fcc3baddd9b6d6ac87d6d59fcf191bdd35e5824ea07efe5683d37a38bf9fd6e3c4460e96d37ae883abd4693d4e0e96b8a1
c069c32fe8433d4f0d79da971da0a7ad7c32d33a399ef6e5d3a018f63ead2c0e75d740a795d52dcefa420f1bf9c1c618c7cfc3ce6c00876d57f30f75
7af012683ce0a14e0fdbbd7aa9d55dd06fd795dad6080e47b01477c6086bd3102295d22fce3cc10475a1b7a82828b2ebd25481388cd0394bad782699
b08a156459199bfb70dddc4923ac62155955669719889a2266a2ec33bba2d554a12a1a8ad0bd5bdb4d91baf3020cfaddc0bc99353b145dbaaf460eba
cfc0544a91ba0775c7770bbacf408ad643f739e83e67dcdba0fb0c744e899bbfd57d41e798bae2896c137c4174efa6a20be6348f067ad441273833d0
824e30d058d92a412738e804932e5e3ce14d88854e1f7482831115966d8afb9984ce66f0e2f98925180429bc5c42f2d2c49e3b66bb90549e93c76ee4
6bce3f6cbe059de3e8e66fb5d24d2d1a44371598c568f8743d7447e4036cab059dfd2ff3f75dd1e9cd7c80f658e0013a53ae3db229b49fcf2e9b45b5
56367187ae92555957b7304f075d5d20275c9ea0ab0be49bc6cab6371112563be66fdb3bb360d6aca4b6cacdfba3b20e31301d1eef6f175810d8b438
7f6b3e73048b3d366b3f7643a4cb0adacf084cd1cc3ac9402498357f337b058fc6288efda239c8ff2bf68aa23916348e919cbfb546495e6931cd41fe
1f2b09f3b7e6d09566f20abad2c014a140d11c7ad76c41997fa8e882c0115ff3b77aea5d177ba2de35103e5da99ed53eeca5550d2a59f0050daa1ae8
84171b54271cf0f4a5f9dbea569b0a0729549baa7294d30dadaa4db5a0c7e803d4a0da54bc8a3d7b54184e2d3af44060857cfebe14580dc5092cf3b7
0d555dcb43cd6adf370db0f0d6f5d046c1f3b5e66f9bb379781c5a368d61c4a338f936ad0189f06d17e41040620be9fcad7d8878e897043904906ebe
02e41040746121c8218070cdd04d8b2dc8d519ba69319946c93e528bc13482869569003168d7a6c91a9181eb669aac691f559269006eb799bfb54f67
b193377fe8daa713f57542e89a473ec20158f30f8dc139135d9de423413e52ac877c0498b6f44a55ef6c36b0d37655eff6edecddd413da121cd7b216
2027df7eb2164fe5bc715c6bf15c4e2136551f6a30d4c0713dd48034c3660bcb7700cf119bbf6dce4102bc1692cf00eb66e829a101d2a82820a10946
3b4ac1dec3f664cb8eab0361a8e7e0f01a1685c2504f231bc517e266e37930a286dc6c3c1953a968206302320190f95bddcd332c786441ca0464d215
e66fcd2163f2852b630ae606966a3135d8702d1af696f7008120fbfcad069baf2bedb13964894654df04bb4a71ae4250f75da5767aa46d2c3b0242b4
a1a44740746927488f82910d324de61feac4969becec253f0232478f94203d721773d1b7931e855dcd9d0be54240285765d57cc74b7646dbd57cf728
3a6f661fdd6dce46db1d6a7eb06fb37ffe44d15954c31c36a373cda1ce0bd2cd194ff204ac627458d91390ab73fda1ce07eea6fedba1ce72ac62d3ca
b1807875003916308bd94287a6e1d8cceccbf5d034071b267d6b1e9a664163ff50f1ec6961ddcc2bed276cf5bd5a48c216246c45434bd880e98aa1a7
848dd3a55731b4926301b1e834dead9a197f97e374b76eece5bc9c579958b8db6cfa24a715399d42a9ee693d4e4e3bb2f79fd6e3b4a986329b0a1257
650172b8705a5db85e38ad2ef9755d5f5b2a160c6e545f62723160f23aafb4bae769312fd59427bbb56dbe871a3cd040dfeea1060b7a706e7ca8812c
8e2dabf30fc7dc839517fd31595c90c5557d01591ce0918af3b7fd8fa30cd8d73f7fdbff0c8b900e34ffb0033e5858779ccbf5806b5695ea01215dd7
69b3059e373a7f6bb305c5b5cef0d064c44e48fd9cbf35d9e33299c534d9829c6861f7210b9e08397f0745810e1f114545bc37573accfc9d14b1bb80
393b4a10a36cd071116583c074bebc7f53d408555aaa2b2267f3120d45788e8622a27410984d9e11ed8aec40c1dade95dd97816e56ed54446e056b55
1e4c5da2f1150ef82b1e4d2d4cc788674a1081c041b6f3b7aa07f5a49f45a91f30d5e401413d393aa0f0ba8a924120b28977fe564f4ebe24f7b578f6
b530fd0a2ba69aeeb54b963a145d9a6334c32b9e919d6e564ccdf932c2ad42043cc64248067ea2c4329af777552dda9eecac33f2e341d9251a37a92c
ad45e326401ccd07a814bba40beb521e962dac2be94372528fcb66ebc9fcad5651ada275532b2227cd3e64e4c463b50d01442327d17d749565c59854
34d9bb796652d1e4e8f752492f9039eda6784a77f14cee9bef154fe516b2ee98c7720bd3e551a43948f28bf684a4391624c775942c0321152fd41a49
b2e713b586fbe3aaed2e5bf6dc6f7613ccdf5a4302cd494ff30fcd015b7609204a8781e02a5d940e03ec02ffecab3a4a9681a4731f25cb807b84e76f
fb89a1a2ca241ea5c64097af7862f90407397c25ca838134600a511a0c8caeb1a4c1c054cf6a6818f210d90e3d7f6b986c9fc0978ac685806080234a
8c81e86294e7a44f703c38bfc9828174750959707417dc650e6930906e761369702c767ed64ca39c176843a5a4bcd1fd6bf8e351ca0bcc2b9db98a5a
992a58bc99ad5d9dcc1c2355ad2a595038da51b21c65c6d55e2133f6ecf69b5ac98ca3697ed5275455a850bfa8c8d633cdaf5e4fb0ab57ba7ab7980d
ba2086ab6aea5e2fadd054220cb4e150aa97562630504a1e1c21bdb7eaa424eb05427344487aa391b34a1c2eca7a81d94da99aac1768575f90f5c6e6
90b333c84181491b69033928308b35eb61759b677f70a5b41458c5985ae4a5c0bc9b2235b8782937939702fd86eb15bb0a749b055f3b769b65410f76
536929906ebe51a4a5408f763f6929d0386073feb65564aafa7151a60a4ca37933adb1a0b37f72fed61a9e6e44da6b8943d539bbb0d90243cd17f49b
bd4f3e0bac2bb99b8436ba93ce1618aa2edfe46b2ff30fab0bdf94b847f96634bbaefab696700229ea470cab3baecd51886c3b68a94b6851560a781c
c2fcad026c7e334c1025a540b9ac2d2905e68bdf0badffe67bf392d94e04e3ca757fdb89605cbd590bdb891301872f5c692a30dfdb5ea8e29b2e0f2d
672c2eee763dfd38092830a736ee2f018d1eece7189680029ebd3e7f5b7f03636ca89c7f5c0f3879a6c5b4e24ebe2aab48513208845bd340d23da007
e712c367c02aa6cc7ac00a5d0d8a92c2c8770e6ecd57a9740fc8d18e26dd8bd2bde64b58ba07c4a639a47b51bad7ec1bd23d20dff405a47b918f22dc
8c4f47591b506e3e40d206ac62a8206b03e65b4e915a19796bbea78cbc01cd958d68e40d2837ab66e40d5857fe0d21eb78d7100b227bda8a5f0e127a
bd1eaf1de496068aa2dc12e87c2869fed60e72cb66f3ca2d819e1d70724ba007bb8a513e60ce6294926dc6536be970ca2d819ee1b3f1d45ad2cdc68a
5a946e0229f8e6946e5edfff680e13d920506eb69a6c10e8c3aac906a334afe93b49f3801ee531d2bc28a76b7a2a723aa01b908d723ac0a3f3e76f8d
fbe0b011bd79495d34d5cd55bc285f0342779848d7806424cd23a2846c7a4992aea59b0af080645c2e5dd96f01515554595228889a227582d6259918
9039926efe1e8a6cf66c3deeca5809aa3ee054c4a4aac799e458406167e79c74d420b8a59852b2aee4d79d38f066fea1069e67c2f84a522c2070f6e3
fcad0606dc8aa5542038f48bc5d4801436ce769dbf37456cddc85eb92b524ffa5592500199ecdef95b3d2554beac93840a887cc865fe562922754639
92913a605d89eeecb71252bfaecc8a8ac53087296c4036a72499c2968cfb35c676926401a1aa951c2b49a8f48e92840a982f7535502b52d15ccb4e12
2a60baebdc4c3e05ac0f3c70a5840a9837a36ac61539a76c1553661bc0811c8d490e04240ec09cbfad2d6784e88927395032878dbd8ff30f6b9bacad
c5ac2d8756ba00970c1802ddb58d240502fc1ac5fc6d658d089a5195243940320321497292c786b03371fe6127cd1eba83850c0926890f3bd7e61fb6
1427eaa7eb4a7ba921416d6b481088fae1492a94f2b57f1d9106321f8e7d42f30fade18120d723b506f970837928c97bd27558be1692f8244f047164
4b7c80ac8f998c0802597699a44240972024a91010b29595090191a3f1e76f6db1201a364c455b18236c0e6c63844008d723d5dc18a1318d246102fc
92c8fc6ddf9630e9c925091310825d54c204148e802ba96aa005d948539242011e843a7f6b1fe28df2c264bc11c89c43357f6b9fcaf6e539b37ef64d
9da461491aa67f92e461c0bc315690860189ccf9f95bfb49c3d89934ffb03371b8c8b8aed4a4062dd98d32ffd0a60bd2652ba396a95ef6d30cda8f18
65b369a56640f47598a466408ef66943944092ea24c95a3244d91c82b235c0b30be76f0d488832da75246b40940224c91ab06e46d73146998c51269f
a98516ccd160653550b3d30d655a88f3f287ed688c3249f3ba435c9a07a4e0dda479c90353baaf4d395df2947b5f00723a6015a35924754070953019
7e0492dc35197e4c1eabe2e420f34b441f6fec15987fa85577dd8ddacaf3929bb2d89231ff50ab8e8feb2094e701395c35732411916cd733ed08861a
bbaf65438d40b86671438dc94449f60acc3f6c8341f2a6f3bf7145a0777b827145205cf396342fc9e9cc8d4f723a60560d738fab6ab614ce6992d401
39398b48ea80d6ec4492baebc85d7619cc3f6cbc05c9ec213fa629cc67d250b2ba6472a619eec9502390dbf54ccdb12075e7377333937cd0ad02493e
984cceb4a1e483c9cf7e3964e5831cf4b9aeb41e9a834cccaa21657f40e694aef95b6bec979ed443f6074c4f57917aee76525f9bd23f60b694c5d473
2f16c36ac61f01bfcf347faba8c146975892c1462045c794c1c6e49e2cf333d37ed5977798f6904c26c9a4043c492693e795d8ff24934008bec3e492
406bcef772c9e49757cd8c481247c0cf4995246f0442d0b8f246c00fa0cddfea046d8cd0a5246d0492343a19250482dccb839c4bba5f2ad19e324960
f21b549248a6bbada2af7e578105c9d4498f7b2ed771cfdd37a24c12982e303d52260924933f934c1108419f50a6086413a9934c31c9144d5c4a3245
200e2779992207c6ae62ca6cce056b6fca12c9018160365b32e298a485a645276921d04cfe4cd242c06f7ccddf5a8320e4358a65854074b349329114
88067d9289a4c9cd5cbd7c7ee7d62cabb116ac7714228db560bdc910692c367399c6930c81025166990c8102395ff7b29b2c70253419000542717a36
fe998c7fea0ec9788164903bc97881e2468324e305a66fccbd0c7f02b3f77aa1e694179bb898e4c5c953481c30f2622087ab94f6842a9b099d64cac0
74402da5bd162497ba924c393daece85c1a4ca40e16ca9f95b8371564976c01bff04ca45d3e4d3c97c5883061e562c4c19d4cdaf1d0b932364445151
b4584496942528644294152d0bb94f2ccbbbb3bc5b769b25de404957b1a6c81e577d6857c68956ac89658937e0f71de7ef4d11b973c30b7745bb372b
c80e65ec4cb9aebc2b5a4900eeadc93276208c4bcd87a2d5a9ccc3f3e3cfc2f427b1a3843d1b26e555980d9302cb1f43a4c902d4960e9a4da3cd327d
ddff2cd307a2de8e5f97168adb5eb24c1f88aed465997e0e76976a318d11cc41c2d8c649b3b4be37eba131f8442007dbcfdf1a838355385072fed618
0b322727942cd107029fb99ebf35069f084c387059a29f25fa9d519725fa40e16cf4f95b6b48f439f16bfea1ea9c53eab25b96e8037ce566fe54733e
f8670a5536e20acc8a517d1703b211d7cecc925d0d00a6af66c5b44f741793a534cf02bf86307f6b9e05e9ea78ae0f00c97c91ecfa40767da0335cb3
eb0340365f35bb3e0014b7006543b0d9c357ba1dc8182c90f474f8e0f805812f30143f3c3ec1c1646f31060b24df52d9f50720e80b66d71f8075a5f5
d040494684fd5d80008281ba6c0c36bb26e1b24d764d02487a74d935096015a31e2e4a00f9666f745122bb0261aa5576050228eecccaae40648f68e9
974ce5596e705f935f721056313475b901082e9167971bb2a157174cb2eb0d4070652bbbde0094a4890cbde67c69858d5c5c0062673dc0cfbf0bb318
8436bbb890d7b24131c931bb6c0044c3bdd96503609125442ab560b1a0cfbfa2b3ab0ac0ec41de5795f9069fdbd8b2eb0cd9c0acb9d9d985062005e7
40d71980e43ed0ec3a43ae977ab4866b0340bc7abf6b03c02a86015d1c00169742a41564ffc31949f60f94ab6d65ffd9946557eeb2f41fc8c5b946f6
9fdbcd62985e2a0e14b30bb2541c281c5b5ffcbc87905c0bf3eb1ec2bcd955ccea922d2c3dca5271a024078e4c1c2866af6799381087166a576537ef
ef336d82c6d62ce72453838130ecc286658128cbcc8665b3a9c16e2fc8927320bacf2b1b82cdf275770a65f93a50f4a7b27c3dcbd77565b27c1d28ae
2066f97af66015b73964093b105d72c812f6dc2f4531914c1c98e3dfeaaa28b9c1c37944269eddd1681e6d968a0331da3bbad30da7a398ce9b0dc202
c13d3bd9206c36ab785c32751f1c4ce72837089b3d30e5aa875158a0983f9665ffd92fc86948d93f1093738189c6d9ac62a39859f60f44137db2ec9f
afaf1737736623ba59f63f1c8db27fa064c78aec3f7b10ca80db66093bb07c15442ab0a0189fccf275605e0941cd1276a0c82eb2841d283acd59be0e
64733ab27c3d2f8e3e1f894e066b81624a5936580be4a0132183074a76c06e974aa715a301a4f04074af7236cd381be6bd9c31c3bc4076c1394bf481
558cdacaf4b389c6be8625fa40e19b47f3b706da9d73a0e6d9146220b97293775597e85f13b9441f28d9c128d107c6cd716156319065d3d9d0727639
606822970380e2fa72763900709133bb1800246316d9c50060f9ef8854dc74638e8f9d7fa8399b35879ea3e9c6d974e3917da45d830074d18135fe0c
242394d96504205c8e85cb0840be1c6497113299c5f3fe349d8b064071ab6676d10098b3a837d33e0b3ed54beb1c58c7416d881a289717e7c202906f
d6cb8505a0987f988d50e7bb9d0053b8ae002c271f9196f0e018974bfdca8b10c6df92f99d5d7600d65d7c98a6ba3b8a30956b0cf97e99ca9a6baabb
a6f24a4d756718394f1a8d068adb77b32b11408edecb9588ece1a5837593ec5204d09bef2a5722b2bb55878ea58b0c40708d3bbbc800c46b48bac800
942cbd73110148ee97c82e22e4eb44182fb4939c9c375114690c93a607f1d2ec920110afc9ce35032079064076cd207b28e9706e763900c86ee0c92e
0700253b8a5c0ec89ee17279c1f2752098d895a5ebd92fef0dc9a87c1d08d75896af03c5e06896af67f3958723eb71559725233899df0c1256b1862c
280bac5d5b2c2a728493415fe4ebc0b85da2a2c8118e375ee4eb4072474991af03c1107e91ae170f8e19cd6243d94ae8a6f18a74bd181377f77b9162
038bef2c9114bb48b155408a0d14f784172976715feaa0a58a841a286e442ff2e9222d76f9a8488b81e286f8222d2e86b107bcb5c86e81e2eef722bb
2d1e1bca770be71f5624da3d505d2a0b44b3e08ba9c2c52f6eb8cbac486581e29e9522972d86b1f978e1fc43b3f1a97ace659fbfd520dab1709a8bcc
1508a359ecae484f69f8845319d435fb00db00eadaec445257608e3c9a45e60a84a89e32d762f6f06031b5485d81e2326c91b99674e9ee03d49d0fd1
e7ac48dd39c5657dc50f994a2566b5ec03540ab6194cca28b24d20993d53649bc0228b4b24d904d6959843b60994cb1c86c081558c874a4081a89f5b
24a0403699b6180107d695167300f14d79b7d3163969c92e2ef34a29125060d16144b6fb8271496cf66ce4362853cf05ddbd2045fa091443b745fa59
8a3a058ba9d3822e072a06b281550cd5a5a4407175bc48498145a311a953b1f1f0fa8b3c11289c7b3a7fdb78c5c6b3a58c4703dd64c0623cba545b8a
177831fa0c0473a88b0cb34027c3cd912c9d04d2655be92490126f83229b04a2471714d924b0d64f3effb62e72cd52878fb74a361ae9bdfa52c5b032
b08a316918570626bda421dd0d0bac4510445a864f039a6e5a8c3497660b79a5fcb334c712f797591663bc8e42996581597aa6dcfcc3aa3566c2aac8
9a3516c09237b366cd4663e9be482d81c5e7115d55f3d4402f956d16d926efeb22db04ca657ac92690cce228924d602d7420b26517a4a4b5e59a851c
e075940c32db7141fc74a5d658301f6929add139c78b577f31360c84ee64292105d6a20c22edd31d83ce18524da0b8b1a2483581558c4be59a40f120
8c22d52cc31eec0427af048a47571479652184bc0e4940a652b0c81415a9d46012f12d2c892cc3ce5794a9c260fde62a6613f3510c4f2bf0fba4c2ba
922636840cac859d2532845c369bc0512e3d04b27bd68af4b06c8e159bdde02dd0334e54911f02ab180f9520025daa532488c02aa6ccfa2e68c6fa8a
04b1b8e9d403448a6c10289e805264834037f1af4806817c3d533208ac9ba1956c1028d91e6fd41758c5bc9bf660dbe9b07fcb198155cc4b6dbe9de6
d31e1ed40384e00269914702d903f38a3c1258c5b0ae44b2ec8e50eba13d4c21bee980c9f480e2292045a6076493d38a440fe892a022d1037af7dd2f
d103d6fd31914c0f2806f48a4caf1c3672f36e6a7030fb75afb44117748fb429f2ba72b74159322db238a078e84a91c515599c835b1607a4e8cbce80
7191d8e9194aec80757f5497d9016b951291aadfedccddbba9d4827e79add2346015b31eea79270cee8b4d9a56a469ac3216691ab0aec41cf74b77c7
1e22791ab08a6148791a90babea73c0d58c5a89b2163209980520c1903c5adbd453607144f7029b23960ad2222d21ca7b393bead740e28f97aa43d61
c1b8a9a7740e281e1952a473e5c469b00bc9e6caa935ae9a698d136bcc16f8fcdbda707081edada51b645a466aa7d72fb5035631659a818dae59fd8c
f402e366b736d20bac3563445ae1e1b87490c8f68054f406647bc05a0244a47e046caf0c04bf062b2cce872828a2f373ff2ad9abb0b82bbfafcae280
c99a33a2a6a859cc4bbb321a6d586c281a6cfb48883645ee53c4cbad865881b5fc89e8aee84e737bb353d1c9faaba51e8a1e3842a829ffab30bb2083
ad323ba0bb05bccaecaa5f87bfaa66a814180edf6aa814689e3b520d9502f9167da66a4213e77fd4569a084493aeab341118ae185583a7c0bad207a8
67b03dad997a06fa2bcb27557e59898b06b7e855e3a2553249dca04a2681c2a7ebe66f55874c86406a51954c02c5038daa641208d7a10bd5c828d09d
dbabfcb25efb4e9993aa641228665854c924b0561410a9e782e16c5ce59240af784c552e090cdfd5552e598d82aa935c12081c013f7f6b8c6447b0bf
c82581ccd7dee66fadb160f02dd4f9db7e9058b5b8f948ed93ecefac3955192730740faa8151a07cba52fb24fb46b46af60d02a33a1b55aa5ad9763a
8bd176925020b8cc5c25a155121aecf19250607822589584f2e5e7550c731b6a048aa757f8e167a1984a52cd7f06a6e74235e488b568487cd62ad503
8a2f802ad3abc56e0529aff23a60ad0c21d26a0b8a794ad55822b0567c10693509a11bdbab8410286e0baf124260e8b854f9602d4e7db8acd56c6460
e8b8f87d6b6115a31e1242a0785c5735e458e588c1b94f8e08144fd8aa724460e892543922303cf1a7ca11817533659a8343926e4e9a461cab1f3374
f4c80b816c40b0ca0b81e2d95b555a08249767abb4b056bb55b198edb960e81d54d38d81558c0718e4048aa7b554839cc0e05bbcebebed8a2e03d150
4639816efa569564568f440a90a86a941308aef557a39cc02a46e3494681b682be9f7d5757b92a30cc71aba62357e9ab07c756e96b6df627eda0b924
a17c036bd2746dd3ed3cd45c125ac9330e7cb66afea1860b8aa919d5b825508aaf18e925d0dd305fa597b5dbd5af07d892dd370555336e09ac6298cb
b825108c2657c924904caaa992c93a7c53d8158d4802c513cdaac41158c5e803324760e89a55239275f85af02d267304bac70f579963dd7ca82f5383
884072f1ba1a44ac9bfd02e7ac1a3104864ca94a09ab9f4e08be13e5844037f2500d1956895d703449ec80616a4695d8016b3576898cfcd5ddeae244
55591c30f896f0fc6d75c9ddad56431207ac97295ac9e280a1c75c257140f2e4b32a89ab9c1314a253a1540c88979e32b1eae714a2b3b4c13a60c820
aad13a60c816aad13a60be4da999d1ba4a642e78a24295b001dd187695b055d27967312fb5ba87af3b1fa0bd0f069a6f40d919103d51a19ace5b256c
9e155f256cc030a8570dcd55d999db14aaec0ce8d7036467d56f0146079a5c0c289eb854e56295885a8836b2c40b281ec6570d9955b958bc64aa7077
2b950f558505e91ac95231605d69b14b05dea7ce68723120ba7a57a56240766b6b958a01393a15c9c48052bcbd4c0c48cd9e261103c2755074958901
c1a04b9589554e109ac57c803a9dbc402e913a9deac47273953e0139b148510d86d5d31e4940a5ca8f80989d024c970582892755c6541f56579746ca
0424b7de551913b0821e88ec911cf01af854cffcc3eef7c06fd065328c06040f25af86d1aa2c8a4ff5cc3f54ca337e9c11655140ba86b62c0a2872ad
26896aa4b3068fea69a6b302e9562c9615d12159666d86c79ac4ca73039ac40ac89e4ed62456c090ac36791590f894dafc3d14a139ee5d935701c5ed
e8cd6cd6e65715f0939b4c0b58b550765776e72461afc4188dd35d67b165da66c80ce87cb972fe56f3059d8fcdcddf6a2eaf8ae56f085b376917d0cb
7563ad109c7f8a32cdb06016f3619a2138b3e05035491650dcddd324598d336283c93c4d4605cce64624a36a322a3e9633ff5043b6949a69da64542d
5a377c8426570272825734a91250dc36dca44a407157623314d7644f91975d933d01e566e3ca9e80604a60933db5483c9791d4a44acd137a982d9b54
a9a54b2714901801f34a6c2b2f6ac9d1850fd2e432c02ce6dd54002e63126f93ca00c555fb26956986d8f8d8cffcc3daf2d579d76f9bec0658c5505d
7a0364cf3a6ab21b60154303e90d505cb76f86d85a76bee78dd28c9401d150733379b365e77bde9ccd4819303d438ba995fc89ef54cd3f540bfe74bb
8ad92c9c9253ae522aba60ce6f2aa5a2e4781a6d6dc6d89a5feb63b269c6d88068225633c3b3c9a822eff426a302a259194d46d58a3a3980e54f4094
ff3553318154860f50a5624fc3b4322a605c85d4884fbc7b427e33c006044fbe69522c207b6054936201e9e6ec26c36ad22917529b740a88c6729b74
0a58c530ac7c0a487ef6a2c9a79a7c2a5e328db1607d4903911db9d291af7a689e05e91a89f229607da90391e6a94e964ea0122aa0184a69c6d99a1c
2b3a97c8b1806430bac9b15a7328e26236d91350dc73df244f4da69478cb37991250dc5adc644acd9d99ce3812a526c7e1a33ff30fb56a6a85850cd1
01c5d05293f6345238afc3f29a51352098f3db8caa01d1785633aa06448f716a1221a018e16a1221607df90491f5ef563658cccaf2397ab3179a4408
2846919a44a80d2b8bffd40c8401d1759726c301e695348a0ca70d9f894fd8dc1109040f036d06b81ac7d75cb1b1669c0a28d73bdead8ec0fa1e0e22
ab01e9717b6893f300d37da266721ea0782a4a3371b24983dc68dba4414094f3376910b03eb682c84667a3633043a0498380625cbb192c035631eba1
ea44cb5604e3f36f6a636940b88ece6b06d39aa7e5b0dcd2a45c403499ac49b9da6ea3f9ba32700614437f4dca05ac625850ce05cc62f44d3957238d
f253e7944d01c5d5b86644ac1d3ed4312d270242734a951301b2d26654ab1d5acb2692c500d1736b9a24a6b103f13a78ae1976023ef910869d80e267
ab9ae984ed6ecd7c1f4a6c80e2426733ecd4e43a1e51d2e43a40bacc21d7018ae75a36c34eedae85aebb69a1bb16f2995ae84e4fb9ee6f4f2161f0c6
424993fd34a98e27df34a90e505c1569529d66d8c965f626d701b2c9134daed30c3b39a4e53ac030e3a9c975da79a98e6d253640b95d225597b1b827
afc958806270a5c9589a3120b75e346340407199a149629af4c43d154d7a0214696f939eb447b5184f307c03748f5d6e866f806228b7c9588068d659
93b100f1b2b78ca5c9583cf8adc95880e2327593b134833c3aa75d7e0214571dbb411e6016e39dde8df200c9e358bb2ca6b3032f9890dee52c40d7e0
5dca0284c2c8e85216a0b827b64b593a078e06b383ba0405e8b2912e41018acbb75d82d22528e6ad77094af70cd2e633d1bd73e0e82cc6434df30392
f18a2e67e9e1520a0d8cfc00411ed16520ddc00faf8f2e03e91c7d13cc22efd20da0b82ad73dfaa6b3212ee4eb52ab1b5894d6b8e1aa2ec77b5dcf7c
287a782577938100c500513767b09b33982ca5521c2f1a0ca777490910ccb8eb86793ac980c12d295d0602440f2eea3290cee99fc12ce96e1806e8ee
dfeb720b60de0b3de5164073777e370cd38db998b4dfe51640f30c8c6ecc05081ef9df8db9f4ec95bc9bbb3972407155bd9b23d7f5dfcd7aecfaef40
77cdb6ebbf03c374b2aefb0e240f1aefbaef402dd7853694397266d275fd776078046ed77f0756316aab030fa44b291d78609831d84d9beb06534c19
ec065380e4aea36e30a5ebfa9b37d775fd81becef5feecfbbacb0c8064765f37d6d24da133bdafebe103499ad1f5f0bbe111d773bace3bd03dc0ba1b
1ee9faf357bfd39f0786598c5d7f1e2846fabaee7ce704153f6b3effb0d53841c57d975d171c2846fdbb1e783787cd44976e78a17bf6a486d667eecd
016c831b1800ba1b4fba81816e769af952ddec34a09898d7cd4eeb06064c44e9060680e2fa703730001423c85d3f1a58575a4cb3e148c7eb665acd90
8289285d4f1a489f9ea9565dad9c834c46038a8bc1dd6434a0f5eb4a8dabdb6cea45d76d06a6eb8875759b816830b1eb367757fccdaee9aef8032924
6fe633078e43f7caeb99d0688fbfee7ad740777f66377d0c58c5d0c0fc31600e431ad9f431205f835ab7bc1b1730e7a0eb1103d1e3a0ba0e3110fcc0
42d721ee860a0c4877fd56a00d07ba7e6b372e6028bbeba402cd3d245d1fb5ef57f63e0f35d10ae89706aeee03ebdb9888d47db71e6ae58e1da07b0e
4037f7aa1f3a4df8d4dd15ff7e5c1bef10d9a02eef1bd7e92eef03c515e8eef23eb08aa1a90959c09c7dbc9b967445def5ecee8a3c504c20ed3aaec0
72e8b89b9e2bd0ab6343c71558c5bc9b752363ca6349ba9e6bd773f54b32fd7e55a4730aa2c56c524e5ee413f5f3b74dba60f89da1aee7daef5ad749
593715e81ef9def55281f9dae44abd546048e0bb5e2ab042c1cad49d531687357349beebb9fa4595aee70a2497dfbb9e6b3fbbc5e880e63801cd1d86
dd1ca7eeca3d1f369e7fa8d582647a6177e51e48aeab77dd60605de943d59defb0b9d4d5758381de7dc9ea0603295d22757fd8c659998a3edcf2a648
3d1ff0d8e26bc3957b20b8c9a4eb2c7717f32f2f52d718c8d75b5cd718e86e59e9bac65dd7d85ca4ae6b0c74c97fd735eebac68ef8a16b3cf4830b2b
02433f1858e9018892229bef926565abebba6e30748dc7cd21549535659ea0d8107545d6b7fe0d9966436f17089ece30f476817517abfe50f6e020a4
659c61ead30857d59559f505d9933b860e30903e89aaa2b5b8661ed5d0011e3ac07e8c64e80003d970dcd00106826ed530f369b82aef074886abf240
36fc3f749387abf23ae243a718087ea772e8138f68b3d11b871e30d0aff670a17ee814fbb591a1530cacec1244eabea078caf6f09488613a949f1619
a64301c1b597e112ff301dca4f8b0cd7f881e9b07837edb1207d2aa53d58e3f754e6e1123fb06e86715de31f9ecc7fe96ebb7390a4c96143d71c081e
bc3d74cd8175b38c2c280b9ccd8835f4cd47ba2c44b3e89b03c9cd1343df7ca4cb1c2865f61390030eea30f909887e23751830006208de5f6b247b87
f7d71aeed329765c23064071b977b84f6718442897069a233173db890c220cf3a10c5e0d230640715578183018060c982286018321e1f0ab2d43c231
fc529dcd2ee118c615caf052cdc11994f2c0615c0188d7c8704f0e309b5d91e6c84ee657d5b407a186ab474a5546be7457a6eec415241c235fba2f7f
a83adae525a35ce650a639e025377cb0212f199210cf6c199290e1279e9dcf242140715d7bb8770788e6880c690990fc0edb907700eb7c5d445ac320
45bd590dcdb1a0c4abb25ac3ec2dbf61330c2d00c134db616861484ffc20cb909e00c92494213d191cd11f4cab1e72116038ab494506673e06bf8e32
8c1900c355cd61cc00689e0331242cc3bd399e8035642c40bffa908c0508d7a77f864183e109fdc9dada9e0608fc14ca3040004477ec0f030440f42c
8121fd19c60cfc2ec990ff00d1d39386318361765575de346800c490bd52dd17243f69356449830323825f3419060d80e0972c87c46970427ff08b26
434a045439f090120129b2a43664444075cd64c88880e4d9c3434204acfb2b53cf05f9aa99b1052078b4f630c90a88cd6e256d02d6cde81cf22620cd
61f637bcada555c3afcf19f81a4628802a031e666a0dd95765817fc8be80e006e521fb02e614cacd645fc323213d3176988305e480273d3c1502a81e
713edce233e46d95f0de90b701d1ef860c79db189706d8414606748f011ae3d2e0e4013ed30e6b8e97c966c3780750dd63388c7700d52f040ce31d40
f28cf461b86348e53c026248e5804fb695ca8d45dfaa1bf486710ca07a18de3050316477355b4c05884a78ccd0d82e051e5c492913c186810abf1132
0c540055e239e480c30d38e6560dc30d40f4cb16c30d38435ee8b73986bc10482eaa0e79e190045e9e8a2410a89eff382481e3b02b38474be58068ae
e390c90d0f59acbe754dcb02aa89dbc3800690dce53e0c688cc3d9d717bda10a207af4ea900302a15b35392050ddf939a4804096410d2920904c2119
32c0619ed6f59a344f0b9837c31a3240a01a6c1b32c061ea9607b30d2920308991f5574db7d1780ad830770b88973f633c03a86e191d12c5e1c697cb
7193dc01d5d0da90db01b398ee97e40e88ae7b0c77be0cb7b9488987db5c801cae07a8d5697575bf24774034a03124774306e537d0860c0aa82e5b0d
19d4f0540153c686140ac826c60d4f15189c1710aee9d1e427203b82361914b08a5564415960961e88a2a268b1862c29e32ca4a8282b3274aca828aa
68101035458d84c888a82bb22f64444391aa5b8b4dd16e2d54e05076504c1186dc0c24b84f63339000541370360309c02ac643cd7e02aa79349b6c6b
336fc953ba37f39680e879af9b3c6a9321357af8264302a2ac6c0b57dd6c9668451eca38b5464d65489b5f2063b86f460d365399ccadde64484035e7
61932001ab180d2a43022e66b2c99036a9cfd57a521f207a4ef626f5d9e4216e4bdee42140369961938700f57695b26a52134fd8dda42640357f6a93
9a00ab189a1a370052f85b3e64bd4966360988c76d6f1210a0de2e91c6373dc973f137d393806a4ad426d900ba19689b6463731fbf67986feee307d2
edba99f5701fbf9f62dbe40c40f290f24dce005403409b9461739fbd5f87d8f4d5816a2acfa6afbee972fb89844d971b88e6836cbadc9bbeb407386c
fad24035c16ad397deccc971f2def49c81e6412f9b393940352d6d33256773a37b6b3ec07ab0d1ddade35bbdea71588c46d073068647bc6e3ace9b1b
0e3c566dd32506b269ab9b2e31504dfad9f48881e4b6844d8f18a8e6c26c3ac45bb3b64cc09bee2f502fab9958b335c7263476334800e46b841923d8
f4fbae71a2dfb7f9d96196b036fdbe6df0508fa2dff4cb80e801829bebe940bd7a91cbe99b1ba83b3ecc669a08304cdedef4a43637509b18bbb904be
e94a1162da74a536bd1fcfabdef47e36bd1fa2329bde0f903c057473057c737f73b7039aa601d4420ec26666fc66e686df61d9ccdc00aaf9309baed4
e68e648f93de5c2907bac9589b3ed2a68fe440d347da5c28f708e8cd857220fa71eccd857220496d37d34036b71ffb619dcd047720ba4376d393dacc
66ef0e3efd2620f9d1becd6cf6cd0c0fcf1ada7492369d24878b4ed26686871fb9d9f492802af7dcf4923677167bd8eee64239504d06da749c80e14e
814dc769d371c201dd749c363d228fe4ddf488806a7ed376bf3478580c0d5c1507aae9589babe2407053ffe6a2f8a6e3e4c7eb371da74dc7c94eafe3
b49d97523c542f09a82ea16eee0fde5c28f7c0814d2f09882e5a6f2e946f2e947787b70be54035596fd397da1ef60fa73117b7816a82ce66a2fae63e
5e37286ca67d00c3efd96fae6d6ffa5746b336fd2b608e3eeaf1b81eaa299953769d2960785afcae2fb5bba9d61365779d1d60b85f63d7d9d97576aa
a24d91f518de6d57663d32a243d15a9b3088bfebffece66b7ba6e6ee6a30504d49d95d0d06aaab43bb7ecdee02f150031d1b60b88f61778178e794df
2bc6b3eb9e0063edf4f8ec4b7b77c5773799c1d323f778dd79e32e8ad499d5d1ebc0c7dde551a0eb5bec7a25c02a469d744b76dd125e96bb6ec9ae5b
e222cdae5b02648fd6dd754b76574c0793e6ae93015493b976574c81ee5109bb2ba6bb3e86e725eefa18bb3e06a36ed7c7d8cd46f6309fdd354260f8
25bedd74863d7b37268edd05c1dd44632689ddf540a09a74b3bb1eb87bbe8f87a0ed262a00d5a49bdd2542209aebb2eb7600395d37b3f798ba30184e
bb6b844096dfeeae1102c1a39e77d7088154aecadac685771433c9aebf02e466db99c70ce47a29ae310a07fd654b9d8a4e2be6fd1fca963bedc79576
971b77fda1c11cb4eb0fedfa43cc2dbbfe10303d134b691f961bfdb8c6ee6a235025fbbb4e13909d94769da6dd15480f84db5d810482c71def3a4d40
94c9ee3a4d40f758fcdd05c8ddc3815870db75a3f66acf70f89a8e0c244f32d9ddf1091413d577777ceeae490e3bb26b924035f56fd701dbcdc9f0a8
ba5d0f0c984416d3ea81ed2e407a2eddaebf057459fcee02e4ae0be68173bb2e1890e2f500757751d2736177172581e89b78775172d753f374b95d4f
0de86e16d8f5d480e209a1bb4b9740f4fcdbdda5cbdd6c0e0fa1db5dbb049251b7ddb54ba07868e1eeda25903d5d6e77e972f7fc2117a377d72e816c
26f6eeda25903c266677ed12b87aa82b97bbf9d4a3597f0d443eb551fedd7c6a20b5eb5e9aac5ff6b1b2da876f900edef3bbbb48f77169ce43755b81
e269a6bbcb95bbbb483d627d77172950dcc7bebb8209ac62348a4b9840f6f0fadd254c20b8bab5bb8209e4725da8eee475bbb37dd75306269142273d
65201bbad85de604ae23a77697398174cd712e73eee6830f7bb28927c0b58f61371f1c487e3761371f1c881e4ebdbb3e0a6479daeefa28903cc47077
7d14583136445a8c7470179577fdfc5da7de8f95ed3af540bafaac4e3d10fc48d4eefae8be5d2ad124ae7c02d9a8ffee6947bbd92f6b3bc8e75fd452
0320f8f5cd5d6a00e4001dd9650640f278c75d6600448fb3d8dd33bb4b16dc10b04b1680156a44648f5890a2d3baebaebbfc61d83ef207207a6ae82e
7f00d6ae5f4436361fca29dedfcdb6bb69e49e53b8cb1f80787952f287dde3914c49d94d24076631aa613a0e90dd36babb860bc4a6cd5cc305a2c943
bbd938bbc4c35c935de20184167ca46ab2861b4d57dc5dc305a28b74bb6bb8c02a8652f21320787efb2e3f0172b2b6d2939d6cf04f3d51ae00249337
76574f81e8b6a1dd341be0daefbc4b288029d289935100e1ba5246b1fb31531606770905b0aea41a320aa0787cdeee4a2c108bb3961c03e89e36b3cb
3180ee4173bb6bb340ce2c02eeb20ea07bd4d22eeb00562d68015907d04d2ad9651d400fbebd5cc105d695348ae93940f12ce2ddf41c60ed2ee76ee6
e700c5b39a7729cc0e5f892e9deef215a0b932b0cb5780e677b77673718075a532757fe89bf900757f9842672975e763acd7b42bf701b2f46d97fbec
7e61c67784093b3bcbcdd1d5fcdde5662099777bc8908055ac230bca38c6918e76b8dc7cf83519177f0fd79681e4b7060fd79681d5f902b2aacc6876
44d41435c2b7195157d4098659b5a18875baee2337451b47cb1444bb223a42f7c243918327f9c8bbb23b075ca8e6a988d3e8aa377b287a306552ca7c
1f205c9fb93c5cbb0652a26f1cae5d1f410331a00e17aa812babe1302d08a86e74382482c064b2de5ffb04bb4bb2980682099a3e7748040fbf12ebb2
e521130452ba445a8885f0e8ebf070211ca8eecb385c0807ae4dfa8719f54774fe62a23e24894071b1f970d11b98c598120e57bd81f91ef04a75272d
c8c3e20e17bd81752526322d08c87e44fb302de8886ac0abec30bb0728eec33b4cee39924d051f3964a140344be290841ec9eae2781d324e607d8518
91d54dd6ad28b36e898de37fcbbeeb43420a24775a1c1252209ba77898c273b8e797e8d6610a0f50dc247ab8800ec47e95ba545eef5b5fcb87093c87
07ed366f6fb7e653b37e84e3900103d16ff71d32602019423e5c653f3c67d71e6c4acf919d041df6e6ef00f366d4c2b5f823db858b0fd0167c43d673
370ed7e281643cfa702d1e889e3275b8160f2463a187d4fcc8ceec559dd43ceb56fa4835e7b3b2aeb11fb275a0e8ef1cb27520e99c1fb2f5a3a8a693
a03c1cc8ee2a38e4e107043b5e035a860d14dda243867d94abb6544da60c2453e70f8932b00e21e152993290fc54e261620e100d3d1f726760722daa
2677068a074b1f7267a0f9a9df43ee0ccc7b797b75e2332e7a6287dc19085774f430e2008ce800944e1fd571aa2165ca403769fb902903ab980a688d
ca2af37537adc1f65e8386877c1a58576247093590126fe043427d345bc597827c17c8c6380fe92e504cb73da4bb47f3adc922e2218f05f23537c863
81598c45c443220b2473bb0f892c905cd93ee4b147d792d643ee091413750fb9e7d1b5a4cd2ead048aa9c687b41258075323d290b0cae90ea3bbb412
28260c1f1e740b145d8dc390c9c141b7d153090f992610ae46966802e172cb0f9926502edd259a40f01bec8744f3e0ecdbe2bc2bab048aab5187ac12
b8361f1db24aa0f8f9b0435679c80d83ad223904da60b5e5901c02f34a6a2139048a01934372789002133dcef0300706c8570b4bfb80592c78a9b5e5
6b298565dc43de071493968fedaaed9d8f385aca76da55c0e9562a0814f74a1d068680550ca5a47f40d6913ea47fc02a8606f23fa0988a7dc8ff8075
e2103d410208143f1072c8ff0017b20ee9df01d79b172a53a99dce57bdd7a5d46931abe6f059103d79f990ec01ab18cf347e04ac73c011a9fb6187f4
4d29d9038aa9d08764ef386c167d53f36e80b2d2eb3effa296e51d72b560bf93ab01c5ccda43ae76dced2a04cd0e633d40bee61173640e2997e7f41d
52aec3635f7d7d4bb90ef99527df1df22ba0b8d275c8af80e2deb5437e75f8595096c80ff915b06ea6cc9624ae635ef721c1025631ab7655776307b1
222d78dae2769fff87b1bb4b9b10d58100bca54f05c4e5b47ffb5fc2c17a99733b7355368fad0410524908e854605bacd6d8d4853a093abf50a7c0e0
0fb90d75ba5e82fa4eec63081c738ac3a602df6de904742ab08bb1bcd0a9ebd5e3f30deafbc1ba996fb0a2c0b80da9408b025d70e3651fc3f51221cd
7ba345f79fd19095f8c681eebf4c1c59636f14e8c677647dbbf19d407534d58def04c6f8f4cfae68d66d4fd9adec73c43364dc384a60b390dd38ca8d
6948fa76631a81c5f99337a611f86e53a66a4bace26a8b6a0476476ade98c6bd68dd2c5b370e11a802ff6f14e2c6176495bb11864035dc6eb1343772
40ebbb918340652fb89183c0775bfe8a1d04aa2d0e3772704ba11a3de4460e02df3fd3e002676e677434fffc29ca8aea10e71b87088c11e89ffa201b
048480df360804aa2d14b70d02370a211fdd8d4204aa989e1b85b87310e3ca577cd3d803d53e829bc61ea8b633dc34f63b11f1ab3c6db75896406391
b869d477c2df57a4eda63f07aa60fd9bfe1ca8c2fc6ffa73605be61fd52caead95d5eca62c070e81d63765f9aebbdb94a9877ca331dadcb4e0bb4a63
b4799a7a54a32812f02a0596a9eedfdc4a81ef44801469a2386f5699c96eda66e0cbd29f22b2372fcd2c70f3dedc727876455e9a0daf3669dc74d23b
f96586ec69230a68a0daa4715340ef5dc74757bbf96502d51e879b5be6a61fe26537fd307050586efa61a03210dcf4c3c0976a2e82727404ba6303ef
3e5f607c6495b87935028744d637cdf23edc666aa398050e5ade7dccdbb4ae8ee102b8296ba10f3765ed3ef49506a18705aacd1637ebfe7d1847861b
537ee0902afba6addd3f75d37f8ced81e3d35dff75d9bec5dcdce77c4ada8b4673d36866d1bcade7c169692a4de03b2c27fdc6a41de812cfdd228903
df6dfe6afc7cd0f7a6483b6453e8b82ded45310954fb446e56e89baee284ef9bae12e88baea48c04bedb22c235df7027855f5a551e949bce2250f1a6
b304ba845f379d25f0251ccc4b19980387d4e2b7f897fb56b798b06e81bd81663dbe45b1dc4cd3f2c2dc4cd381654a75cfba3d39a131bdcb347d538a
a4e2bb294581c24c70538a02e336452478b4ae8ea114dd8e31f35d538a02c54eab9b5214d8a455bee9448195b273d38902cbaea7a84437a3f3169bd3
4d270a6cdd506074be5998d9026f3a51e0b37da4688a9e3c281a889614e868f64d4b0aacd2dfdf62640265b15cd8121ad86c66bea9528163dea475b2
21741e2c7d539b02db11b3e8cd087d53916ce8b9a9488122a8eaa62205fe997dd9926f5a1316f2d09a1ec66427693e8cc981790ec343910a6c8ee37a
842e3f7343a8871545fa3c7aeac3be1cd81c76f050b7027393d243dd7aa85b4e9d7ce85b81cdd1910ffbf2f3e7cbaeca2e6557b66d12e05694dedca2
223d74b040b5cbfa61270e1409131e66e240b52ffa61267e286f52063d94b7c07702578ac89923c62df50fdd2db035b5a0bb3dccc452063d94b7c06a
ebeec34c1ca8f67a3facc481424f7b68788f70e9e2f91a23fb49191c1e46e2c0e2c49287cef7acfa2994eca1cd05bab4d60f652eb038d5f2a1cc058a
fce60f65ee597d7551f01ef14681ee9c8a87e216f86ef34e55fb60130ff7acb36a5fd7f11b3d34b7878d9807f661230e54f11d0f1bf13353dd47e17d
442a057acf37fcd0f91ea77bcb10f708960eec221c1f66e340b559fd61170e7c9a4a8af41323b063a41f56e0279b36794a1f0a6460dd751405f2d97c
8b51681e06de40ef061f036fe0bb4d19414be264b3f23f2cbc818385eab16733506da37fd87c034bfb2f075c3f4cc24ff1bd657a7ea8a181e9787ba8
a14ff589442b7a04453d32e167fa7f1863036bf78930c60696790cfc23282a70382ae4a1ac068ebff97c4d4f599588e8a1ac3e94d5e236b565c615b8
f0d04c03d506b387193730787ee464c50d7cff4c7599710355d2818719373033d43dccb8817d9f0fd31a6dd636fd48cb0decb6053cb4dcc061357968
b9cf9e1120abc1c3581a184437ef147c14d8b89f1e4a6e60e5b67e28b981ef61199c828f020b53cc23fc3b306ed3c7e2911e679f85fa3fecb3815d40
dbc33e1b681cde0ffb6c60b533ed916a3150f84e9e7d8a79c7f9e459ba69cfb6e658281f76ddc0d2a3ca3fecba81eae88a87dafe50c8b9c51f0a79a0
d809fa50c803df6da986d0a3c086e23f74f4c0227fcb43477fb2457275d6e523d02830f30d3ee28c02a36a8a489ea0a2d5f1978fa0a240e1a77d587f
036b3342597f0355d8d8c3fa1bf8722e4728a1478155d6aa87413850b0ba874138b0387de9610f0e54bbb51eb423b014f5473b1eb4632a0268c733f7
4eaa99c648e4d13e1fa63162235e050e3c8cc4814548de839c04bedbbcd440f8603d666db559084bf3a5e32b81ef6c811469b35ff130b7113d2144fc
d18f10a2c032a72aac26509a09076d79989259451fa6e44067497b989203cbdc91feb02507c66aeb36323112f34c3d8cc4816aefdac348fc3012cb02
fb3012072a95f961240e6c72293d1855602c9a1e46820f8ae4d10f4615a876d53d08d573ea01d3d7396bfbe4b60c5136e2e732127c8bb60504563e85
c7b680c03ac710f2f4dc26567a91b09b4095f8f7c18a02df210d29d240770677759706ba7dc474083b00022bb3ce6307c083284967f5dcb31ef93cf5
31a2f4dc3e4fba0c0a14e80e487c44e704f61ebbd48314050e5b8f1fa428b01fb1983f485160771eeec376fc3001cb5cf5a03b81ef9089ffb0506343
0f0bb1189c071d0a7cc753a488c88f8fd02c820e05fadafcd3787d0d4e2d88c2043ac3fa83c23c52402646e9c1611ed6e0a9f9b10607ca544ed09ac0
c685f9a035cf4b02a35f244d6045b31f36e3e7353ae7d38cce1cf425e8f041751ebb34c30e5f4c2730a9c38be804aae0a017d10914f1e32fa2f3ca63
9f95ef457402aba3215e3ce7c560844fbd184c6054aca4e85034c5ec29fb29fb658551742afac6269af0e2392f5253a64cafb24407451d7f919a57f0
8b045e2f5613a87286be584de0bb2d22d8b81918943af5407402cbcc20fc623a81c298f8623a81efb6088fea0416c3efc57402339cfec5745e966b89
c45ebce615fdb2ab2ee1b3e5737506d1cb4c1d188b586eb3e5335024cf7beda978711de1582fae1358eda87b719dc026c7d98beb0466e4f08bebbceb
8ce8899c0cd7812afcf065b80e54118f2f46f4a23fce257ad19f40b313fc457f02df6dfe4a4e074967457ceddd785122a7eabc2851605b437f5e94e8
4589a43d7b51a2c0c1d2f1a24481efb634113b78603027459a08ff719cc88b0005162ad42b3026b049b1fea24481ef9f5eaa476d2d354cd1a4172772
bec58b13051a3bf88b13bda131abf3275e442570d865f7b2bdbfc25930fe97f13db0b315bcc2595e1407d77e519c40671b7b519c57f04a9d6fd0591f
747e8157f0cacb208ffdbd0cf2afe89528262f837ce03bc62162095f090cdd362fb0d724b008cd7dd1aa57900b62fae25581d52e9217af0a7cd93d52
a43d72e6d891a5fe45ab02d5b9eb2f5a153868d8af489897bd1f957cd9fb036531d8b0aa175f42ab5e7c2950e58179f1a5c026d4e6c59702df3f535b
8429b0c931f08a7b097cb7292367368d480cf20a7c79f91d844ebcfc0eafadb6a60a7e8757a24d130a42f68a8511d5f16264afddb73e788c2cb00af3
7adb945db7d7ff90ceece5960814ead32b2c2630bea5bc0bd30b7c0f56a6b9921c5f92a217d57b77f3af818dc405bea32c53a4bff7d934690724ee9d
4136e922242e306e6bdea06d769a8317689aec3391bcf7c5e2de5d3b44997811b4c0665bef8ba005ca5c54f85502551aa4975fe545e3847dbc685c60
652a7fd1b8c0ccfafb62712f578bc884178d0b5409945e342eb088997f05f1046a9b35d31a2176c741248df1c1da7695d51889f469a655913e6f9f8d
910642ec028551f945ec025d30e98bd805369ae98bd7bda27ac418bc585ca0ca56fd62712fef91b883178d7bd1b8e26924ff607590f98bc505bef34b
534472948d43e045d90295edf645d95e948d87f745d902bb7dca2fcaf6f231f10dbf38db3b7d4c7929ce162862c35e1141efcf4c6ea46163812a83d5
2bfc27b01fc5c348f041b1bbf645d95efc8cebf6c5cf02df41a92922c02f219906b2ac382f2e36e77b5cecc5c52817b8d8cbbd35972c642c30b316bf
c858e0bbcd5f49f0c1e0155e4002be2c2ed3972f2b508526bd7c59811939fee26cef65ea308aecc5086c36c6bca27302d5813f2f2758601e6cfc7282
058a2d0aafad18ef3505701b01722cf554bb11c037db33d6390ff19505d639f7729505361ea4f79a023cfee9a5fa206706ec1e661347a009ad7cb1c9
40432f5e6c3250b759a43150c7f9b1a38e81ef50ab1491f38ec9db50b6793c30a6340f23f99dbc1f9bbb48ceeb363f295eb740957ae2e5757bedfe98
a30fc10c94398d229881ca56f22298af50a43910d0c940958ae6e5757b9fe6b6c8c9c716285cd62fd2f9a290d2acbd2864a0eeb36abe9f0fa6e9ebc5
205f7147cd378b4206aa6c9d2f1f5ba04aa6f3f2b1bd093b1aff4cb7f3a8053e152a4504b58b4382b617d30cac1d2b43345f5b36a4717dd1ca40953d
f2b565e3158af465e6fbf7c51aeb0c6c76babd22955e6e3861492f375c60eef67c71d34095f3e77da7d0b15d7d8bf0a7fc8f226043d7b85e142536f5
fb543f2d59d19a7d8b7f29da146d79bc3f164546404951556454f714ed8af4f6aa163f65e9edaf95c7f5a988949b17dcca74ada73d8a64a556f42aca
97fab93cbfb46729cae969e361a9da42a60fd61849be54658a0ceb4d19a192ae3527f27e19d31471b8296a8a62cad6b20b39edc1483aa52f7596b223
554bd32e44474393ec6dfc207b02a8721ee1b8be145d3170a53516adf1c116e63baeb5c6e28b2ee9a895ecd9ee9f4307be444e8af245afa9c6aa3590
d5648efbb26929abc9b591465bc99928ab6453faf25a298aa3f848fd435641893bf94b01a588e4ee2279dc779de02bc1d7086e9cad04c74b63911e3f
f47078e9a23136526eb3fe79e7a6fe1fd46488faf2df28d2da35a26f5efa41692d2fd8bc341431893cc7b5d6ded4a37a817a6c19696bea51d4a39857
5a44289abb6451d8f3cea2b993fe745ff3b062f07db015e3bd187b456d5bbe8ba2b61fac55358ada169f4a53a6bac5b2ec9f06078638a5aaaafbc11a
47eb97df44916f65cf5fabea8621c6c5fce51a51a4c1f7d4b76af01a8ffb9e7a540d6ecf43dbd309d558f8a0fd53642c24abc03fef2428f2977de8e3
07a93e6831678f6b52b559dd48d554f7833579d7befc118ab6fc339ddcb4ee0725dbcfbeec0e8a2c58e6be667c277fd294b319df217a47f14f3285e7
45f51ad7646a2635152353785ed52b4de7e588e8662c375266cbc36e4e6e534aa3afabbfd1972d0f09bdf8f6fea72829041693f2ae3bf1b87827be7c
09cab6ec824ecd768dc13f17dbfef8a1efc2edaaef7fd718fc738d9cbbd6d8f369af6e23fa4ef474c04ef4dda7ad1a44dfb34549cbee44df33c36f1e
4f74bb2cda9146db899e5d166bcb3f3bd13b39b55a2767cf1ab5a5853a3993c3743129779dde0dd1c36dbaf383d1b6ff9ec46cdc4a649b309a46ed04
0c35dbe7cb089843a30f3dd409988c546b54cbf1c3083e323f58880ec2d871b19bef0fd27cb0ce217c90c68e8be861e3878e8c876d9fb7e9c8e4b75a
77ebda4184ecafd8cd40875e3bd26b5b46c54128817dbb05e520d5a1db32048e29d5e3362fd56d4746acefe6a7db3e28396d735c1bb14962ea60aff1
83f0bfe4f6d0443fb2ff086a7aff11f483b2991c7f0445e1e662fa336273204512e08c6b1dcec736b5861fe193c63461f3e39af01f943f6bd68fec3f
b267caf891fd3765771bd93f58bb563bc96e57c75cee4ec26757c7ae894e63210ebb3f2bdba9394e63c144726a8f9ccab69ba34f63e18363a10d9c5a
e883be51a14e2d746a21cbd8a9853e5817ed7d6aa1530bd11a4e2d746678cc1768a16cfe28b3480b0977dcd78cdc4bd53ed8166bc0a56a57466951a4
6a9751aa712fa3347ebdd5727da9c625b7847faa0657dffc826e6d7b2762ae2ad2b6b7aa69ef5bd53ed85ac93b6f55bb359137dc9a2887b7edf3364d
74abae3eb85537a7b7edd4975b756f5e060ae43deb9b58326ac3add930361ad96d60f112eec6c26d60dd31d25bfc1f03eb03db8bc735d99f6c77f2b9
3f647f7c4025a3f42168185b31e53ffae0893bd7f4fe105d02302bf343f4c9e122f9437241913b5deb217adc807f3ed087e48f49522d48eea00c1fde
43f284491603fe21787693746df1123cacae5ae55f827fd0371dfc12fc8363d1fcaf0f2a6192077decf53dc5c7986490e3dac8e0638c4571fcd0626f
b28098375e2d96cdfae336d5d03e6f5262e89257fb64b77e6ce0e35af32453d962b0bc9a47e86428ff60ea1133f09d499ba245511691ac3e0bd2b6d8
6f124bd2f8d194b54c691eb62b32b6f3412d711f82b22d9e7628ca46e4c33f7f8aac04e9f405450bb464441ad78fa210d10c8305450b941ca0dd1614
6de1efdba39d2e8856a01aa00ba2b5d8c69ea497e3877a2440f13b6df75f17eb05c10aec26de05c10a8ca6f72eb270fded8459d43c0ccb685d10ac40
f5352f08d6b25ac27a5e908defe03b67384545d12733aeb0e05c8bad2d7b4fdf225d0bd29581be205d813567868d6b7d261a321b76c70f72e25319af
0b3eb5d88d9220bef1433db6c477e71b5970a7c586f6fdc85f372fcd86f6ece81ad75e9a4321c66dcaf4f707c7a28910a5c0208469224469e1244bf0
cef8e16949c09a28e1716dd8d9b462dd5c8afecea6957dde46d00f7a5535ac68112d38ffa843b9d292d473fc50dbec03df76ff54db9cd9b0e6d093f1
438f66d737cd62418a160c2811dee387669b81866ed37bb6c06447c6f841d00ff6398891a2c0775b9a0d2b0a8cdbd2a358d182157543172b5a262bf2
4f5225b3dab88d0853ac37dd97a7359d803c254c75fc2056c813757e419e02fb6164214f81a3e864e469419e7a96f905790a48ae31aec9de1251df3c
8cec8dece10b0bf61418a3282d893d2d52ab85422cd8d36277785fdd46f60ffaaa7151a585972c4790b505570a6cfba14827e34a49b63a7e90fd83d1
6a7901ae14f86e8b083be1f74c55d12d16f429d00ba1d0a7c519d1bbe76b8eae0bb2322c5d177cd0e7678bca2c02ff720cdcf8a18972a61c0d64e99a
282c6431729190a56ba22c640bca11286c424bd7447c46dd347d68a20ffa6a481e9a283ea3cdc486ab048ec5c486ab2cb84a2701ae12a8bb2f085759
90101476414202fb3fff2414c641395a308e404bf0e5b826d4cf4bc30a172421b01f3af4e7a5b61225f67bfcd02f39c639e998c6b57ec936efdedd65
98fe62b720fb4f6dd186a4a2193f5437a179d96733aef5417679cf351c6d087cff54b5298199d36dbae5343c4292178420d09ba180102c67755b5a92
aa1fe8f343a6ea07eaae2169facb39eb11414ff5c8ceecc3f27caac7a51ed10c974b3de2e7a926b64b3d2e8ddb957969ceb15b74fce5a557427af7ff
b2625fdafe833ed75d442070f8ccf180406bd64e3c207064a7c2b8d6f2a84192ba8e1f8635bf8d190e3508acc5c27093cedea81e4bc1721b61778635
250b81586e4d6a51a4b9078e39e828ee81a398e128ee8bdd4c4738fef278e9070742b53cde49734fa2d7f1436f678ff761a6a5b92f02fc0e9f39d53d
30da23ad46755fb83d0eab221539b0e7dcf471ad1e5c21879587421c18c2e7a5f4e1c058c5dca51e3989998abcbcaaf14167125dde598dc3f33d4c17
bf168134241539b088801b3f74f2077d76f2ab9345eb1d46ffab0f3ee8cc93cbab0fde6cb5ca57be52ae033d1b5bc7f5a2487bcfb2a62c9a74be8795
261d38127f3baebba26f16a15baf14e995ff23396cc78f9fb28f0af4cd6da7a26f2ce7bce6717d298af16151d95bd11d8beb9aa247d19313738e14bd
8a6277c9505ea9dbab60bdf4dcba903289aaf4f9ca471258d755d1a66853fd48c94712387296f7b8ae8a3232320c56aa7b408aa471adc592c438bb37
c6b516fba094a2ae5a6c992da6b25a2ca9ab9286765c6bb1458b79be16a3c1279deff8a1313e6839a7baad34f8c0779b32adf141cb8173e35a6b7c30
8af614698d75b68632adf1412b7f119d561f680cae2ba57e95cd2a1925c70fcdf1c161715d69f5eb3a65f757b2e7cce8e4741ed764b7619d497aa5e9
075a36b88c6bc365f555e44b5957e3e583e96358f95702df6d69360e9640a79eae9b26da4c1c994cd64d1b6d599b5645da288c8337684538028ef21e
d79a08e14806caf1437b6c8983d41e08c76a973ce7dbca3513686d5683501fb43605205462fce2351dd523d3075bc264c63599b2ede94f4ff1d50416
312be307994adc092acb59b3da859f14ade30701722e1d5560c571d61225c2f8c667566e9ea4411e3f7468b25815e30aa109d424ce1ad724772e5d8b
e4f84c60cc416a41727c26d969c70f723a832e4adb8acf048ecc8e2b1f4f60d9fec3511ee3568d9083b357d2a1442bfe9354cae38746c831d8fca02b
feb3da55759891909dc09af321c6b546683a83c8e84960e5035ed19355c45e520c8f1fbeb8961d36595b57f42450aab90c3d5905f11d5e8a9f046c38
18d7fa2cce9d64051ed76a9bc3b25948d6366bfbcdd8c9a033ae7599183e1f2fc2125830d51561591116e3175f096cab49105f59f1153ad08aaf0496
3f52e22beb3e1b23bd829c04160acf8a9cacfb943cedb8933c27cf2575e9b826b978bcf955f2e40496e46a18d7e4dc4d355d7d09ba676cc6d8bff2e4
ace2f662f559797202eb9f79bc1354401e06baf2e4041616b5952767e5c939d483272730a6204524f8e0b0e6a34debe10bb15c613a81b2c43cb7623a
81adf868309d4069fa0ed15905cc1d56184c27b065b7cbb8d6030998ab740a4e9980fdace3da703cb21ceaba834458d361a0614d81a559ad8e29d399
bd4b8a74139fcc316fd3011f8c819c223e9980ed87e35a63fc92458eb6f3d3181f6c8ba5959726b06cdc342b061690a47a5c6b8c786efeac551c376b
bc34db9f1501035b7969b41906b6866e6dc9fc367e90f383ff1791f383ad1ac8e8d61a5fcbf64728be96c0927c7fe39a5089b4dbe6b7c88b12584a0c
162b6ab526846efb3381f18f04a60d633df5caa9ba8b97aa6e5c261b2d8bcb2450fe7c16e7acee5ca853e4e30929dba8d12b561618df4b8a2e9d17a2
b64d2d11510b2cb3f710b5c0b8cdd474e9aa2ba12e3e3c6e9ac0926d1ee39aec28de7ca7719bdcc82239560c2f30be3d7fd4409759348d81c205c6f4
ab12da27517b9bc88515890b2c394a715c6ba02bd3282df7d24057141983efd23e49bd3c1e966adc1a28f4afd3bbb0bfc0775bba13fd0b48d131aeb5
d9071ba7db8afd05b2ab6a5c6ab1c4f66d7f3420eea3c0c6a1b9de9aec8321b9224d76c73066aee5500a8c91e7f99aecd6642aa1c93e18d3eabf6fda
1ab76ad00408fe5151799bd6dbf0321f61a881b5130f435d9fd954e97e8ea4c00cae5a91d6808c66e35a533d3e2dcad0a3b19e6ce831a1e2b101bbea
c6b5b68a072ae79a8e6b6dc50365f2416303a5980778a0d6c75842b5b89b026314a6fdb89b025bf1c5703705eae6fbe66e0a8cb93fd5e76e0a7ccf4f
2ff23705966e1422d381efb63c0d9b0e6cab6997c32930d4e47c1ff875e0fb678442b003750e4c043b204dc1b8d640ef14dd6d44ffe09fae439303a5
19865872609b5c054b0e4c6bde862507bee71f295b940964a8295a15656bc9a66853d4f2cf4cbb1be61c2875ded615f58fbd44a60d730ed02337bc79
cbc9ec4e711b3f1e654ff621bb2df5df16950d05d9b0ddc0d6c246376c775bb47686e386b46ece61cfccb021ad5be8e8f6a739d0d14d8e8cf0aa0d1d
0dccf0a50d1d0d7cff54762b4b268a3ff520c1075bce791fd753828fc127cb62db90d6c0b43c6e386b606171de70d64d06e67c3b1bce1a28d9a637ae
8ba2c4911c9e551525f86ff5476de10c76dedb0d3f0d208a9b48bfc0b8ab7998e609636533d830d6c0e0168a34cf6a0a9a5212fc83924d8b6dc344b7
cd14140ab0a19d81315ad2e968e7b659a3c3eeb64ddd3e18ada148d5b2694ce4d9262070db7453ac2a1b8e19d8c4096c3866a0379d89636e45d5a2c1
6de86360cb396fe35ad53ea8823036ec31b038c27cfcd00585d2986a145d50323b160f331c39cdfe7c29bc66816246de90ccc0223be0f841d0a47a4b
72a371ad0f728ad1ac05c9c331731cd5b826399f992fb84cc9df84d4a4ae620b03eb6634629d5b2565ccf61b7e1858385e372eb3adfaacb3f06c3c5a
81c1a13dcd3b3fd8aa0ee0d00a8c7fc66cb6352f4d06641e9c8d8f6b132098f56f4322038bf0cb0d89dc9a992a5ad8863106a606bd618c814e45df10
c6404d46ae71adfd9bf6ff2f647a43280347528f8f6bddd30ccdf97e1df441cd8910e35a637db0ce718e516efb6c99b433fe1818ff4c6fec5ae683a3
fbc431ca2df471130cb4a18f81b1fcba4dcbc4b7b546d5daf8b6b61c1bb42593daf8a11d121ab8cddbc8993c1dcce51b42b985166e4939d636bc30b0
31db6f786160dc160572e33c0b0ccd23adc67916e8c5bc823d06faeadbc21eb7ecdd1a0f731ba1928223dbb9c635a11cfe6326c0310363047b25313b
31333691ccc0f77cb791f38352ac42220403df6d6934feba40ddac42fc7581ade962eebac03ffd84c406be87e505586c603dac7258ec76e8e2f9345d
ec487355c34f03df6d1943086a60cd19029f815391ce0bb7d870cac03ae7329c32f0dd96bf229581adf93091ca8d5b2fa6b60da70c7cffccf0432a03
6b8ed81cd724f8e950532f4f5f60705b4f23c12fc6a8e8dd1b9eb9cd7ccefea843514f4b24e61918cfdf94e9d078fab6f8a837d4335005d36c1c7d81
bacd8ae9cf9f46b3460a100cb462cac659b70403dae43c7e68a10fd616657b130c18a882b63634763bb58645813f3050aae59b3f3030185f04c06c03
df3f95690ed180be15cc36b0ccd8da0db50dd44d0ba1b681efb6741e6e1ba87341416d03df6d6923dc36d0e71a79690f3c568ce386c706c64bd3c778
6ce0bb2d9222b281719b17688fec2cdbb8c736b435306657b7113e7c546ee3f18358573469ea18421aa8f3d34048036b4e7e6a1b3e1ad8ec39d9f0d1
0d1f9d6b223e1af8ce564b917e473579de37543350161316aab9ddbacf3a824506fa1cf358e4262d6332428f1f24b849a08804b77ed11e4861a02603
d1b82682fcd53e47343130fe4931c41303cb5c0df0c4edd107666bdc2eb06ef39f2478e204a122082edc1edd42e3c3ed02eb1ca7b85da04fcd16b7db
5e0d1ed6b9616d8121d47ff0516f385d603c852e89d405ca1c0348dd86d42dd44ba46e43eacc98485de0bb2dad8ad505eae6e3e736dd5e425339b1ba
805c32e39ad039e1675b6889ef943aa6bf4c0805ad2b9232663d2d585d6049fed271bd2a42f87b8a3645a6e468e0c5e6afc09a0ddee3ba29ca2cba44
012c3c9d45c6917c9a85a733509327735cdf8aee9cabe8f98f223275b7bdcade18065235aece82fd65fe2dc85f590cc56893856333b024e9e3b82e8a
e2cd8841acf06b96c52c3a6fdb95ed493abea6a82b226794958210068650690e8430b089682af860e0fba7db081a37a6d099821006bedb52378c3050
9384745c13343bbdf8de0a465856c32f3349c1ec02557c5ee18b2c685c52608f1f3f65e14a7f5e4028342efb73c70f52adac4b9180e331b0f066177e
c7c22db8ba8d5f3050b9270bbf6060dc6648dac515e8251f75e12a2c9beace32d50db5e3512aa85d41ed7206eff8a16e6218ffdc36ebf6b82d6d84db
055a3172f90f03df6d69370ec4c068ca3c0d032c85a4e17b05df0b6c497e3aae49fa4115a95cd0bd00437fc1f602c5525c78148b63eb337714fc2ff0
4dabcab4c6071b1f4dc1ff4a55ff108082a2050e41f28563305029fb8567b0d4396fa76a7c7f816d36106e57e2fbdb92b167fc50dd1a8fc6fca7ea56
8368f35783e88383a9a488732c6821974f410b033599fcc7b58e4a46c595046861c1e492896efcd09239a646e067c1e402e3369d87ca0566506341e5
0a12c63b5790b08284c5ac5890b0c0329da1050b0bf4ae885fafc489376e8ba42857a05b630b275ec1c2d84a0b16163818a20a1616f86e8b086858d9
238209100b2b585854828285057671c1050b2be8d5ea36f42ab056bd8c5e0596a92215fc2a5037b5c5af02eb5c6e3a0150aeb5b98d041f4c3b7441b9
027d4e892857390cdd680905d92936528d69f25f57ec820a05064df710c27cd0698585432ff0bd4b1961e2d0aba63d842930444ecb234ce530a0a215
9663d63cb601c393f7ae1c06f6eeaf46cf07a5ad5e60f07c7008a0296855f9193c4631c214d8bb7a204c65a6234c03e24b817d2eebf852f9cdda464e
4c282011c7b8565b4c08772ea850603fe60b0c9e38e19659e42349cc23ee5230a1c09234afe39a9898d01a676fc1840205db2d9850e0bb2d2fe0be0b
f46d16698d0f0e36cb821c154e3eba63c18e0233b2af70f2158469f545204c25879d6ebe38eca860472b5d023b0ad4cde4851d057ad51cc851c011f1
e35a0b2147abf6408e027daebac851a033f915dc285005a817dc28d06d9f283c8101d9d2c6b506c2a0561a0d0615e86b5c9e05830a6c186541a002e3
9fe1c405830a7451fd852bb05c1a882e8441053aef41e1f80bec7d0aa081f0ac95da806705964517e35981a976173cab70fc71a016442b5037b314a2
5510ada9e1215a81493f0aa215f86ecb48e0f90bec5de372fd957bb647ba1df92afc7c26387ebe402b3e1f7ebe72cf26f2344d148a86d81614ada068
1b9d0c450b8c4927cd86a215148d27b1a06881ceb55150b4c295b751c070b440dda84c285a41d1366306470b8cdbd2465c7981efb6b4115f5e6041f8
0a5f5ee192133853b8e4027d2ac6685bc976af8d7fb42069815db069e1800bf43997f2bf0576f14105930bf46e8145d50aaac62f5250b540c7b70aaa
565e66ce98cf0a5e163838290a5a5612baba31a417a1ab81dd9ec722743530284c9a834b2e301e4626a2bf3ad9728dbd1591abf412e42df0657ffe9e
56b1b7c09ab4c8e37a5144d0a878559e8ec0916314c67555a4f7f279575c2dd091b0ca4f5713cebab135575eb940b59fa372cb55c48cf5b32266814e
2fa988595d0cc0eddf4fc81cf7aefeb27e743a4b43c5db2ade46afa8885ba0e7d4a3714d42ce3d56a1cab9173878aa2a2e17f86e8bd4c85c602ab155
486a60cf01d1e39ad0281faa5f51bec0f1a76d50beca07489bae385fa02711ebb84e8fd775b64d3a09730bf43db361e5cb0bf4350b41e5cb0bf424e2
1fd76477986abe898af155f40eebaee85da00b90abe85d609d8d86dd057a0e7c1ad7ea8fdd6df39d538028e6cd3f0d81f8f29261b255bebc8a0422a8
15090cb49ccc39ae09f041e3b2ac386060543ffd840306c6c38c31f1a28142abad9c80814572828a2906be7fa63550c5c02282b94a0b52377266f9af
a86260e16aab9862a024ef67ab9862e5de3353557c2fb00818aaf85e2d2468fe4a821c847a78277a17d86d23aad85d2de655438d2f2fb094ea057aaa
f832750bd75d6015f75db9ee2a6298a455e38799e483d5525911c3ca9db7c56c5651be40a31857eebcc0316fd2531fec924154b430309e4528bc30b0
ae06a42d7181efb6f4b130d1804c85e39ae8d557b6ab06d9431f735ae7b8d679b6c9ad44d71acd8717e359e52e0c2c9cbf95bb3030759aca5d589b19
c6672ce634b054532dde59db944019093e68494b38ae49f0c12a98a2e298b599f2cd7ed86360e37cacbc7a81ef366524d805eb2922c1eed3d31e4866
a024d7edb8d69f1fec36ae54b4b3fee3fc5346aaf04e7ba32ada19e8354b6c154e5afbac5a644728039ddfb0229481dd8eda8a4f564c513c7ec51403
a31dd3449862950b5fd07be5770b8cb5d33f35ee070b7757e576abd9ffb6891faa1c6a81564db838666011a75891c8c0f7cf54178b0c34a174158bac
58a430e58a45068e59352c32b06c73fa4323030b3361e576ab98a52d7c15b30cc81238ae7d2e87f63017090c0dec75fe537b7cb0519aaa0d7635b1a2
323c8f1fbe8d23c118ffe1188f56f1d3c0f7943c99df2fb0d9d15bb9fdaac0d11c1e307e68af0fd6b5b84d73fde62eb714692e3ebeb228d35c092695
9aacf2f1d5df6caeb4346a1b28b6b056d4b6fe667329d35cb2801c5ea0b93ee87dd6567385da26f5ebb836b9a0b6858686db06b6b990a1b68131aed3
43a86dc53c653ba898676047502b575d1585ca9456b1d1c0d20c1564b4f2cbcd51867a065a4e621bd724f8607c60aa46824bef4563ad4865603d2c20
4865e0bb2ddf0956196849d138ae75e807adfa8291cac09ac33fc7b50efde01bf12922faa557acb1d862a00822abd862a0f11d576431f0fdd33ba750
d91a6286c016034542aa8a2c56cc708e0ecc30d09acec30c2b179c6880ca051768cd0a880506b63f1337165891b424476d15490b6c5db723691549b3
f7a02269817531df2069557065a1c0606481a1d1477684ac4aefe12b40c8022b6a5b0557060a574be5800b141bb52a075cc5e4c42e544c2e50fe6691
2ef8a0fc197c1c70f58d5bdb0480b5059643df616d959b6caa2fdc6481adccdbd43fb18f736ca063151d13ef51d1b1c026674045c72a0625b0bb6150
81a6811a0615f86e53b62afba264f20d34feaf40e3366f6856c3a992267efc68cac46f79d6ae486da3f834042ad06ce269bc6481efb692b24b593643
658269dc644d44640ee4183f1e654fecbf6b8a5e459fcef7175751c3c61a9f1855a2e1568162336743ad025b0f6f68a855a099821b66d5165353949c
8633059aa5a0e14c0d19620b69c850a099fb1a3214f86e535d1288888c92d3f8bf02c5806ffc5f6df55dccdb5497032c9f6cc38602a388a01c608195
d3ad09760c14bb389a68c7b692e0f034123816b67927098436e68c86f18304c96258a2f8347428f0dd96bfda651718ed910617edd8e68eba4c920d6b
6a58d37c1a41c39abe84a9ffba5c37a42ad092547f5c6b86cdb8cb4cdef0a040a97a8d13ada14654d8861a05369b991b6ad478cc18201b8f59e0f337
a688801f7401554dcc6460fd5bdc4564218d7273362eadc0bac60fd3d0a0c024fe0d0d6a6810ddb49559b5f8f7b2d63534a82515e2567dd5384f601a
8e1a675860b325b1f185059a25b7214681b2990d10a340cb9146e35a737fd02ca50d336ac90cb2e1cd0d0d0a6c7243352ca8a13c92b4369427d07bf5
4e9d52896ea0e03c81468f683c664d206535ec0452069a10c98619b5444d8edbd21c785060cb6172e39aeca8110db6a1468155807a438d1a975c9d15
21fd4caaefa5beb966ac695dceb6c00c3a6e7c6d01c7d97e29235314b6c468dbb0a58606552d8e060566804643831af75b0e5efc52c2296bc944e636
12ecba2fcd8106354190557b70bf050a6db171bfb59d509bba11ea0399d7c735a1302891e60d830a145e8f8641352eb96a8247a1029f3f3d45a4c2aa
e4cd6958556070bbb4075615e84c218dff2d70fcf34e42896face65f442bd058691aa2d578eea6f05855602ed80dab6a42127338e5f8a1c18fe438d0
efa851e0d0ed98513b7c0726ee63be336bcaa648db8a3eac567f3424b0dbbbd138d31a7e51630969f845a0d99bdbf08bc08ed736f4a2e112d5f8c325
025d52a5864bb49f7edfd563d62d0bb6ce431cdaa943adebfc5881e5cf50e0c66a2841ce5e1f3f5424276d1d966294a07133a18a8db21f6814dec6cd
d4b88672b8f6f8e1a557f6fa1b1eb4f826b80e4f6ed4f8c02126a651e303e39f8a349b78bbaa41c4db057ad3efbc45ed9e2f88f0b4ecc0b1510968d9
edced39af5806725b015f5b8e7d37e6e8ba43c2bedce380d9d6836440536b6dbc6d7d2e8ec767b363a7ba02fc6079dbd7185d855d368de81c682df68
de4da05ba337d1b3035fc0c87f58b2a9e18d1ade2c8cd4f0409f0a0835bc3daa4eade23d09143efa460f6f02e1ecdf6f14f1c00c656adc278122a54b
e33d092cb28f35de93c67bd2e22d68d4f540c3891b753dd0199d9aa0b6c0223cab51e09b0d4dcddac07b129819291bef49e33d915dbcf19e040a1b48
e33d096c2d3ae04ef50f143ba277aaff9edd4b5b8b4eb053f4031d9fd929fa7b32e86d5295efb62fed32e885bcec1c25bb0c7abba29fa24fcfcfa14e
e3fa54946dbbd100776a7e609921a23b3d3fb0488abb53f3f73f5d9c7969a7d407867e929a897ddbf94b241cdf29f58131102227a53ed0ac333ba57e
17fbd666d9ae2cf42b9fe1ce5db2738448beb073840436e9b1768e909dee2f13c24ef70f7cc703a78854747fd1cd3bdd3f303ecdbc94eebf53eae5ff
de69f581267661a7d4070e46ad9d521f58e9043ba57ee71c3107ed9c23812d27778d6b42c53922f7d8ce39b20b7dcba4b163033b36101d72c706766c
c0e6b31d1bd8b181b0cc1d1bd8b181a6d5b081c050bdd31ad8c08e0dd888b4630381b9536bc706028be568a7eeefdb943342718504d629014fc82e68
aecd32526da1f58ba7916a33fe740bbf47603a8577eafe6e8f54cec8183f8850a2c184dbeef4fdc08c2bdce9fb7bd1c7da88c724b0c83cbc0b91db39
518462ef9c2881c685b773a204a6cf76e744d939516c06dbb18740930e68c71e02df6dea46f812556df54f3d5ac25063efda118ac0b268486e951dc7
c84abca31881eff9ca34c7075fd29814698eaa39a212ec1845a0b099ec18c55ea750ca0815ae9043c0c635a104d7d9a1b1e30a8126c86f471502d358
b1a30a8145a2d41d5308fc33703185bd15cf8fec6841606580d9b1821d0590ae7c470102c5ae931d0508348e9b5d545ea0c98fb173abec02f52435df
3951028b44b83beeb00bd493d47c471e0243b74a359087c02a5872471e02fb9714ed5f97eb9d2326d018ba778e98c097252745ba76d758a6770c24d0
e6dc8880ec1c31729eef1848e04b639322edb71b01873718017b86b5a95cc68e1d0361e9de3190c0a49e3b06125872aaf260385aa69ba80c755bb302
ab10a51d4fd9911229d277a424b07006ec48c98e94c887be232581264074474a02cbdcb7b36325814d62dc1d2bd979849c4ab2f308051ad7c28ea8ec
dc3fb2abefdc3f818d1abe232a3b27ce1edd71e7c40994121d764754764e1c096e764c25e0d4a5714d8423b392c98b0f27f0fd5319113e98e9a2773e
9cc0779bba1121c44796af1def091419fa76bc27f065534a911e4585a448df51a1c056bc13150a1431dc3b1fcd6e239644e73b274de04b179522cd81
44c9b7bb23518126227747a2025fd2a714698e9fe6f0d171d204b6c5548857059616ffd58e5705be7f662c70d204da4af341b5764e1a3ae4fe9bedf1
6607796acb4913684c8b3b27cd6e2796fc8abb60c340132fbb2369bb6043beee1d4b0b3446aa5db06160b5176ee7f109acf601ee3c3e812fa3528ab4
101f8d70869d8f26d044d5ee7c343b1f8db310763e9a401328bd63778165d11ad8dd7e6921130f8749e0081ddbf94b02abac1abbe0bac032dfc88312
d8fe2c9c3c28816daeaf42eb02332878175ab7df82b5cdc73c28816663e08eed059a18e91ddb0b34f6a31dd90b7c0fcb38901123b0f4e6f946cb9dd1
4209440003652e1482ed769c505ee71d270cccbc8b3b4eb8f3e3cc55921f27f0e5c24a91d6e0c79933183fce2edb23e51c9bdc5147196277d431d084
91efb8e18e1bca3bbae386815558ee8e1bee82eda43fdd05db0556347f4717034dd4fb8e2e060a97db8e2dee925d4888b9a38b81150fdcd1c55d3649
ab08bab8dbc924c06f47e7026d9d0fd3077632edd43b742eb0d1b13b3a17f87290a56851a471ff4bdad12e2e2e5038233a174e97bf62df3d7957f60d
4f1eb98e00060af75e4700036d9d453f45199d45c54f455fa7e580dd717d29b2582bba15dd6ae19f8fb24cedd56dafa24c65d1b53b4ad86d87da7765
5a26c9307246f9b85e15e9c72ce09d3b2830dd301d73ecc2eaf0a28e2706b6bff9520d149ac862dbd1c48effed717c77fc2fd0986c3bfed757d58d42
d87975029b1dcc5d6c5c5f7d11b1c075342ed0722ef1b8d6de6b0caf24c0e2ba741252987794aa6f991933123b46d5939f70eb51373adf48a0d8ffdb
c59b0516494cbb78b32ede4c3590accea9d2ffbc53278765edbb7f6a8e90accd4843b2028d11a1f3a974bcabe75bea7857a0d916d0f1ae409316bba3
5d8131e9e5f96857609a893ada156839b16f5cfb2c9299629f7fd4e932536cfea879103191651d110b1cd1f83b1e1668361d743c2cd04435767e9d8e
9a51143b6a1628ec1d1d35eba8990cef1d350b34475374d42cb0cceda91d370b4cd2d571b3c0b61eeed264b8598f66d771b3c0629b56c7cd022bcf6c
e7ff09347b3c3ab6d6ebac46de894df566ed56e49d2deb84ef49f8599fd92af27c6e9740b349a5e35781b9d3bae357812f49608a74530eb81269d631
aec0ea808f8e71050a3363c7b8ba48b6beaaab7e4a249b3d135d245be761b185aa233881668b47c76f3a0f8bacea1dc1096cb27c77fca6e337e1cb1d
bfe9e88714ea1dfd08acacfb1dfd082cd375ddf94902cdfe9c8e9104bedb3c4dddb275c9090cddd6a5c0c21fd99194deed658946d2a56908347b653a
5ad1c58bc9b4dec58b059a1d295dbc58c7217264f8f8e10d0904dbc3673b0e1138eca0ee3844e701e1f6eb9840a04b64d131812ec2ab6b2354207088
efee42b83a76d08d48ec203083933b76d07fbacf6746ef0facbbe99cda1fd81c38d0a9fd81a10c2b2201e57d8cb9ffb052d3ed035b4e8e1ed7049c7b
8b0c76ba7d609a6a3bddbe0bc032bfd1ed3bddbe9b0ce8f6814de846a7db77ba3dcad5e9f69d6e6fc8d2edbb5406dde764bb4e60958fa0d3dabbcc7d
72a7776a7ba0adb3483df84c64a6ef7c2681315fbacdc72968aa879676415381ed4f75054d755b6cc4957551538145caf92e68aa0b8792a3a553e603
8ba4799d32df739cd2268ea753dd03457ee1ce77d3f96ee63f8d8b0ffa1ed340a7df07d63f0b03fdbedb2723cd50a7e007562798760a7e97cbeeb056
d3d303e3cb8900d4f4c07417756a7a97a3e09865847af26dc6b8d1ed7fe989a3da9c20d6b9730263da711b091ebb9e2d33829f02db4602ba76e79b39
fc95b2dd29db7a8fb21d5825a0eb94edfe6a6fb310353ab032287661533d07126d532be16209b4b9b671b104961eb3481723d5795d643eefbc2e8166
bf58a7a677a1540e533d28e0870c71476c74070d3cd0049b1d42a90e4ab974e807ad3b5024093868dd87c40132791f34e54013917ed0940fae1259b5
0faa72a0d4598f4791cd95eaf12acacc17fde5a029079a4d590745f9b065453aee83a61c58ed483b28ca07a7c591a63c382d8ed5d352448f3d923d7c
9359fab07d23d06c793b042c1d628ceceb39781502d3f072f02a1cab4ec87c7e7021048a3c8c070fc2c15d207aeda0dc069a3c9c0777c1217d9a69f1
a0c906be347f29fa2952b74c1607b5f5100bb47a81bad9507fecca3408bd3526c883da7af00dc8547c505203cd66b683927ad8de2e53f141670c7441
bf079df1a0ab49cf79d0d502fb1155e1a0ab05fe695dbada517ddf7a811d3dd06cee3b44e61c227318420e9139870d0a8ba2590f6d34ffaa8d72668f
bd77076b7b6015977db0b61f144487eb1e14c44033811ccced47f62714f9cc0e1a62a0716f1c34c4235138e56ffed577157d50a6b0833e18f86e4bdd
28848143869783427844fb2b324d1fb4bfc097e1f1df97ed837218f89ea29edae683ce047a30d1079a6db1070bfd9184668521fa608f0f34fb230f06
f723a6f422a3ef41d50cf43f5f054d33f0dd1609a99a87d37ab2721d54cd4093bdf7b0a721d024f33b84f71c31b88f87450206f7c03c5afa60703f62
492fd2031f4ce981667be441950d7cb7e5a574d9c0e2fce0832a1bf872ea4750ba6ca0d9ba79506503df6d918a2e1b2866f4832e7bf4089a95eb605c
0fb439b219d78faef756b791aa67649b48a52f3b8e59b5fc957a1b58658b3818d2034d56ac8321fd388c454fa3f1069a8cd5078df7388c45e393893c
d06ca33c58c803cb6c217af1f1d3efb1521e74d440b3b3f2a0a3068ae8ca838e1a18ff2cfea93d3e38fef9a76a64fbc036ffa91a3fad16abcff19bf5
48ab45253aa8af814ee13c68afc769cc1bb974d5409bb3ad6df0c7a9bd63303ae8aa81b519a654d5e3247b6c9207a37360663439189d8f53e386af1c
76b3079a5da5872d0547f2531799438e73d6d7a29aef80e21bf86e4bdd68be812669da41f13d2ead1b7dfea0d2069a5da5078d36b0cf6585461b6812
241f14da40b741e7a0d0069a30ce83513bf0bd324dc4ac1d58e4853f98b58f5be386681f2cd68166f7ec41ed3d6ead6661a49706d6a5ba4d6d6fad66
29a3aa069aec91075535d0e4513ba8aa87587eb9340f3a68e09047eda0831e8fc1166e7030f806daec166ae9f19a64a20f1eb4cb40b353f560c90df4
3f2b194beef17a01a58e3e185824663adef982086a77e9c16c1b68d259fd688d81efb696b245d997c70019fbd11a037d493d7e02737e51240b23ec8f
221938f4cb8f22f94bb8fdb8ed48d94fd9d7572d43e647b7fcc5fc59246bfcd1ea029d43e0c7fcf95b6ca8c887f063ebfc2d999f32a3fc84beff6c17
cea7f113fafe4ba8cbf8a7a73dca9e4442b9ed55942d573175fe84ba04be7ff69469a20fe6717f3f16d1c0775b04b55d38309424ff244192fac688f9
af6bf64fc44ca0d9b3fb636a0d7c4f89346cad81454e901f5beb6f3508b48dc09740a35afc68ad81efb6549dda1a28dcfb3f56da9f5364a448f8515b
034d2e819f2897df46c2e20d44f8a0dbfbf8a3dc067a5dbc80045ba673b5150bf38bbe5b1cd1faa3ef069addcf3ffa6ea06db366e44c16a8a98bff98
56038d1de5c7b4fa2b465438c18f2135303337fed85103c7fc7418527f09872fa6971f1538d06d24f9b19afe62fb2cf2fcfdd83e038d2afe63fbfc55
ad9609f847df0d34c9967eb6e8fe1c5b191de947030e7cff8ca054e040b3dbfc2706e5578d854cb73ffa6ea0dbd5f5a3ee06c66d3122fde8bb81c905
7f6ca4812e2dd18f06fc6b864766e01f8b68a0d9a3ffa301fff6f982341b3df2670badef841ef9dbe5c50c99f851fd7e54bface33faadf8feab7641e
fd51fd024d9ce58feaf7a3fa4969f4a3fa053601023faadf8f4e37e7393a5d60dad97e74ba5f42210a17e18fb6f613a0bd2952b764962d32aefda866
812667dc8fc932f0dd16e9d92c03cdcefa9f50884093f1ea2766fb47cf5bcdadf4bcc0de0d107ade2f96cd2257db8f6533d0ecacffd1f37e897118b7
a59b6970814376861f0dee77a86e54961f9b65a0d9e2f3b3eb34306e8b6ef663c60cf4bf680f3f66ccc031e736410ebf9fd635c753fe024dbe801fdd
2ff0dd96ba51fe7e94bfea0524f82566d5c741f7fbc54e59c459fd687a81a184e79dec94bf18258ba0a71fa364e0982390a2f7cb71eeffcc9454b840
9fd51537f0a3d58927fad1ea02fdaffba7ea5e5e1a25e0c70219d859dc7ee2067eb7db8c23c6c0c031678b7bde9665826bffc77e1738e68c4d4f0a1c
f4c11f3d29f0fd539976fbe098b327077de0989f1a6d2a7060153fdad48feac4a3f2a33afda6eaa448ab3d4ceb119d933df065d84f6d79d903075df8
271369e0bb2dcdc1f11e38e614480ffbbd5a2de68e1f0d2b7050727f34acdfab47f58ba0e9c0f17db7ffbe6a33f8fd5e1ddebd4c3d93914668c78f75
eff7fa9c42b54f4ad9f9e7bb4e8f9f829e039d8deea46d9d542be6bd936a15e836809c54ab33d9610a33d2c9fa76b2bee5833d59dfce98da0af27a32
b5050ed3f749293be3802e18f3c9011d382c6727a5eca46e31719dd4adc041bf3da95b81efb63c8dbe15d8286a2775eb949d2593da49dd0a2c4c4127
6d2bb0d97871d2b6025fb2841469b5ec3d2c0c08a730e5c03c8ff0a4749d9be6c8fc75528002ff2ff2cecdd336659ef641731cd2b9cda775b745280a
50e0cbd49022bd970c9a8e503829402705885274528002ddaef9930214586d293b294067bccd3317eec9921768b6ab9c74a2b3e85063817339d0acee
279d28b039d3eea41305be7f6e292354a27c97b0e393a5f08c2bb998714e4a5160d99b7f128a9e646e3de949812e7bca494f3aeb7c6984a714059afd
9127a5e8a4edd81070d27602c76c36dace49db9180eba4ed04fadfbc4dc77f506c463b693b81c27a78b2f79d426e135f74d27f020bddefa4ff043669
684e16c0c03c51e264003c734477915fe6e4ff0d6cbba1c60078ee46a916a23905bafd6fa790d793b54d169793b52dd02905276b5b607702d849e50a
2c76809f54aec0f7b008b5cf7a9cd9d09036a3850556c11a272decec5adbe748e53a7b48af4663590b1439f44f4ad8c9b06602a0849d0c6b9b41cab0
1658e4143919d6024d42b85324eb497db333eaa4be05a6f9e3a4be0536677f9c02594fc77def6a464c2639915b679f7286a034d5f07d1e3a2a5e8b93
fa76c6093dc71eeded3ca650690e36b94091c6eca4bd9dcc74b2e39fd4b7c02e9ee564a60b7cb7a58904b79ecc74060c25ef3cccd5969b63d6d7c2ae
c8e7f3d37bd1a14f5a5ea0c95b7452f2ce9f5009ab12952e70d05d4f61abe76fd62d9252e9024d7aa393461738e8a9278deecc0ebe52e2a138d9ee02
0785ebfccdea6689abff61c53e297c67325c1687159c4c7b812eb6eaa40306c66c937141070cccb3654fc6bec0e086eed291ec7fec6227fb5fa04855
7c521ecfa4142912d79c361006bac8fd93f218e8ce8b38298f2793a048da934930b038c7e564123c9904b1d4934930b03ab9eb64120c34fce8a4899e
09572d720a9ce25503453ae7d366c4409fa3c266c433eef1b92de7644c0c8caf501109e21e2ff6ab9dac89815518c9c99a1858669ce0c99c784af56f
aa654d3c6f1d1a33cdc98b1e586c3f3e29ce81c2b777529c038bc0d9938131b038cfe7e4570f2cf4f7935ffd94794417f3ab07be5aa4d138d6030b5b
e2492f3f19308ba593621e58e98b27c5fc7c749e56639a0c14bba04fb1ae27c5597cd849710e7c998253e405519c39cccf67be40db46cd3f79cc039b
24312787f94997b6c3f2a44b079a78c5932e1df86e53a625dfe449302479cccf571b59fc29d0812f17718a48c0f639e764b6cf409371e264fb3cd93e
257139d93e03878feaa2665f2c9892b85c74eac097f438454d51b692e63bb8c49f069af41597f8d34017a776893fbd12593a9eef9d97b22bd5f0fc5b
5104c8ec7bf1975f54761bb42f2a7b60e606baa8ec816253c2c5611e58053a5e94f88b69d59edc8b161f58f7f9b0a2285bd80e0fd318128dc42b7b51
f5032bf3c245d50f7ccf779bd65832d4b2545cb624069656bd52632c534cb711338c40ce8f0b21b8186045d55e1841a0c9c8716104816d99771133f6
572bd685115c4e0b8f87f7c20802dff3d34ff6320616bbf22f242150ec83b890848073a42f86d940737edac52e1b68367b5eecb2812ec7c8652763e0
30755f620e025fbdd4d5c898165d455aec83d526ba8b4137308fb2b8d8732f7c46ccf185cf04becca529d262895628653e4d936573e3fc00987d0383
ba28d262ccbe250ac885f6040a6be585f55cf88cbc3a173e13285fc2d87f5daa2f74e74a2c43715ce1259821b0496e7589c10d14d9322ee10d814df4
c885145d1890737f2e0c285024f5be30a0c0ca587a61401706540c130c28b0c8c2726140812a0dc1c5507c613b26e30bdb09ccc0bf0bdbb9aaee301f
899f088ca7a56ae227021bcbc925d63530fe396f23416cccc79f179080f1787ee38cc78122e3eec5781ca8fbbc4ba77d3093b45f222a024b37d271ae
c0cad87be15c814548f585720536b15c17ca7589b8959ae742b0029b4c5f178275099e981f1cee74e534b8590dd4e9429db26e5ca8d3951d87658e7e
5b0e03334dc3c5347d61589c4417861558ffba22632841b7456e9c4bd06da0cacd7d8984082c33e3e32514225005ba5fb8d9c5f88d4f5d985860867f
5c98d89563c067e6d30bc70acc03eb2e9b0a038bddcf974d8517262621cf8589053687db5fc21e02455cf2859c05663cf6859c05be87a53db0b34015
e47f21678121a7e79333c7bdcd0d731776169879492fe42cb070045ec8d915263693db5ea858a08a69bc30b12b21c245929eab4fd9b39bdd90646e0f
54c7445dcced57a2868bbc3d97a8e1409b6b13c21618ff4c3598dbaf43e7997530b1c0c6c171216297180a7b342e31149733c44d27c8d9754c092215
261658e622cf027f2167320f5cc85960b5b7e942ce02df6d7903137ca04aeb79e16b81d5b93017be16185d906e116e1c58edf6bd8472041689a02fa1
1c17737e8d767a31e707aa43582fdc2fb030de5db85f60ed5324ad2194c3c9b517737ea0da8e71a18381d571c2173a789db381d268423902d5411d17
be17a87378e37b8145c0e485ef5d6cfe3584ef42db02e3eb49cdd8fc03d3787d21721737803c0f17261728ced5bc30b9c03f1a897c918165ce9152c8
048ac438d739c57c73925e8ad0bdeb323585405dfc0781194578e171817944d385c75d97ae2bcac8e478b6bfff40ab2f61248165990f21f1e5eba50c
a27e815542930bf3bb4488d4d80d2e9c2e50e7d81721727186485d74e17481da7df7385da03abcfdc2e9028ba31e2e9c2e50e51abd70ba40b579e5c2
e92e64ad52fd90b5c0e204910b59bb728040918ff8e23209acc77c814ebbc969c5e53309545b552e342fb01e86139a1758f8f72fe1d38179eee8257c
3af03d3f12d8e51858a7826b97e3f518d514793e994011b37df1c95ca8a5bd0d176a1958e7b2865a068600fea9391ecd4145130813a87358639b812a
2de7856d06669aa54b7876a0da797409a0b970d2eab3c14903c526bd0b27bdded91cca3447b25ffecd7f6a8e0fda9cde64d3b9721e9c0d5617961af8
927eab9ad6f860542d62f2fc04c60797a6e5f9b91c0f6e26c06503a518dcb86ca08a34b950d98bcb486a911b97bdc5f148be728be309acb6fadee278
6e9e25d9af6e9ea5407560f28d05dfd9735964bfba71de40957de5c679ef3f5f41f4839bb72930c36c6e9c3750fbacc7adc8484887de486fa0f68d54
91f4e693e288b8d1d9c03c0de7c6666f5141f4b61b2b0dccbd2837521af86e8b08228502e3a5a98748a1c0286a292254ce16dfffdc45a8654a9066e3
e00a2c72f8dde8ecbd1a6b614a37be19586decbdd1cd9b538a85e5c63703d56eaf1bdfbc85fdc8e97ba397b7b09facf2377a19a816ce1bbdbc71495b
876f5c32506de3ba71c95b24909cbb37e61858e42ebe11c7c03fa308710c549b196ebcf1162fd4a2f1dd8863a03aa0fe461c6fbe31b3f08d2506aa6d
4b37df58e0bb2db2738e05560195b76d9d81b9fdff462f03dbf2e761448fbb4c92ff9bbbec2e53f47428fe185865e7baf1c79b574df0da8d40062a43
e6cdab16f86e4b430a350acc637a6f3433b022ea379a1958e580bdd1cc40e532bab1ccc0f77cffd4421f9456d45603c5f73694977f5fad6f9eb9db21
066df1140d58a2616ddea501937f67314eca6cc04cdbd1466e8c36f03d2c5d8bd206068d4e37dae419a89219dcf60d04d6236bc08df706c65de91fbc
f7e60c744ed5cd191898c4fae60c0cac9c19378e1b18ffd419486e600c61d52079f5d9cc7a103d47e0d9757863b981efb6bc01cd0d5479ae6e34f7b6
6f808a70f323066a3784d1dcdbbe01fbf76f5ec3c08693dfbc867723bc616193406039164584ff60651fbd51dfbb4da9d48d5449ca23b5cd2de23f30
244811827ca3b9f6f3dd686ea008fabcd1dc9bbf51f4fd8dd306966edee66f0cac7206dc586ee058ac0b58ee2dc4cbf1a737e76260b49adb7495b0fd
6606c25f035b3375e1af37b24a4fbf91d5c07a985990d59b27511ab41b5b0d1c8e5cbd91d5c026e6f24656039b63af6e64f54656254bbb91d5c08ccc
b9fb9440b7908adf303037e0ddf8eb7df8a80c196c3530ba4a11d911d816ebf68dc0de61ab8e43bcb1d5c036270d0ec71b33958eedc64c033377e28d
9906bedb22a9e0b0c02aedf2cd9318a8dc37f73125787380488af0d740b509f8465f6fe71644f5bcd1d71b7d6d5a0d7d0dac7fd1996ef435f04de529
22e6cf37e503c25f039b6def37fe1a58c548def8eb6d2b42f57c5dfcc3e63d4b1787be4af974a3af81ca9c77a3af37d7658b227ee3aa812abef0c655
03c5b9db37dfe4cd3729e5ce8dab068a93d36e5cf53e49ee693c9181a5fbb279226ffc5566b71b7f0d8c95c2d3c8c99f28b3db8d6006c69797ba2198
377fa219863bf1c639dbae4caf7cf0cfe8c63903e361110ae70c8c2fca1f75ca1545c87091c8f4e64e6cbe45a432b04e150aa70c6c7391c429efdbd7
631e4220035b510d6ec2fb365e08851a065671f1376a185866869a1b370c6c7392e7ee0b54d9596feebe5b809d9463f73deb9675b6fd877c29373219
184d93ef0d99bc91c9166bf38d4cdec8641c5137321958b8466f64f27e749aaf17750ccc20b61b730c7cb7a5a151c7c0a8799a4180df8d264a5276a3
8981fecfd3f4da07a31a6aabd79c2bae8744eedd98a31c6537e61858ec19bc31c7fbfd735bfe8a2706e6d14a379e78e3897294dd78e2ed843acb029e
78e3897294dd7862a08bb2b8f1c4c061f3c58d270656fb816e0184370fe76e9ec21d03e56ffe530bbd71f4cf9a69a150c7b978a08e812f27748ab410
52b867ba7c90c28783738f53e941ed02dbb22b6a8a0eb7d594fd94fd728efa92a253d1e9b6236597b2acc3cd3f6f45773ef39ea2479151da52f42a52
dde85f0f776660759cfcc39d19a8322b3cf8df937caa458ab287ef3250ec1c7ef82e1f718a128d3d9c97812a01c3832606e619520f9af82c9a2343f2
c1091f9c301ae483133ec9a753308d473e9d40b175fdc1099f650a9a320ecd478463beb3873f33b038aef4e1cf7c6c28e1a47d383403453ac3874333
b02c99301f043350e53f7810cc4067c779f0cb673522f531f76560e3e779f0cbc0779b32b22398cdd38c840ff63d1fedc37ff9d833dddda535b82fe5
0f7d70cec022a1d7c37ff97056ca65f6e09c812af7c383733e9c957b28c783740656214f0fcef9f04cee51201f9ec9876772f702b26ffabdf82be193
9d5586f207e77c365351d4e2079d0cf4bf595d52e1897b2694074f0c0cd69996c4130343aa540d4d7c3030ceaa07030bcc148d0f0616a8bdb9cb3bab
7766717e10a9076bcaa2f5604d81715b148787bb30b0b04f3dbc858f1d29f2833ddc8581edf051e15b0f0fa258ce07bb0a145b291fe4eac1a4e4307a
30a9c021a6f9a95384a817995f1f44ea69f305910a83098cdb3266ec6c7e901a09b41ea426501da6f6203581eef0ba07a97976ff0ce978f8cc02db1c
a77c66814d3ec6c71692a76bf0e33f24247df08fc02ad0e5e13f7b5012eea7072509ac82191e94e4e13fd34518c9239291fbe9c13f02cbfcaaf18f87
178c47f4c12202b59386172c30c3791fbce2118fc853f3a00781debb22f5108f285bd4231e3150eda87878c11e3b4cd86c1f2c22b062f00f1211d8d9
b91f24e2e105630e7fb088409549e5c1221e9b4e58ef1f9c2150d6acbb0fcaf0e0076cd30f8210a8532afce0b157997fe8411002555a930741784432
f2353ce84060a6fa79d081c7ae1396dc87a2ff389eccc444d17ff8a918931e7eaa879fcaf8a4fb3ffc5431013f74ffc72e6466a287a32a30dac86d04
3d75a905091f086c88f823303130de19d93184e79c822a23e89909f25035829ef936bbe7ebe49cbc5dd8761ffeac40957de7e1cf7a26918875e1c124
1e597aa2c23f02130355a69d4760e2836fb02b3ef846609729efc137025d9cc4836f04be7fa6bd118ec02244e541381e848375eb41380283d57b0141
3fd8e7a48c7004c63f639778ae29e837f1d99fff085f0c542cede1ea7a5015acfe4155028b141b0faaf2707fb1d33cdc5f81c2e5ff707f05361bd21f
eeaf40e32e79709cc0f7b0b43792f3f07fe9631ce7b1b1085f7f309ac032872497d8734fd9d3b8284b607ace1e94253006735a0d63793016ea04c612
58a7de87b1046a8fadefe1fe7a901876b7078909ac52cd3d484c602df395447fe2ce9e4524e71163677a78c402cba21d79c4021b57c083e93c7624b1
eb3d784da0cbe1fee0358f604bdcf64162027dbe93fbebb15b1ccf7b90984067e77c7098c0775b062912f34c67977f92fdd5c754748c25d0a5c17b30
96c0b1cc1710f4837a5043109647ac25eaf7705005ba94002f2af2fe4d1b414dd9a2ecdb6841bf78f9a7029bfc16af7de6ef9ff92ab4e0c558029bbd
fe2ff7d49ba3b28b4fef158019a8924bbd78cd2bb2b2ff979ca42faa1258d9155f4ce5155249197d39a102ab3ca22f5a12288ce42f5a12a81276bd58
c98b6f18fe2fbe11e80eaf7af18d1791e0b17d1189c0ca30ff221281efb69e32ad9a83acffd26d2f22f13ac83a6bd68b4804c620ce3b11891745b00a
bc2842a03296be28426014a5353084c0ea38f6174308f47f2a762bb206a8ffa348071dcaf4c0079511f4c5105e8e2a8bc0cb5115d81cebfd220d816e
cd7d9186c00cfa7d71867733c4a24abcbc52812aa5d96b5fd78b47f4c30bbab29e040d695a3ce245107a94b21741089465731ba1b6ecbdf64e118c2f
17d47c291754e03077bd5c50af7845717c2f47d25bccd1a91aafd16b7ffaec29fea040fde79fba05dd387cade8c68b6e44bd7ed18d972b47a8f8cb95
13e80c352f57ce2b605178c3cb7113e84eff7d519017b7e0a878718bc02a9af6c52d0287fd362f5fcecb717318b9b845603325bf1c372fba2105db5b
a7089fcfcab91d2fbaf1e6f4e982d0bc220f0355eabd9793e6158c28dfdacb4b13e8731c09467c396e8e68602fc74d60b5cbefe5b879e56072aed62b
0753601ee9f4222f81c54ee0b7cdeabe9992d31ec84ba0db74ff0a597c852c4abaf50a590cd4236ad42b64f1e5cb39364f2354421605afbe7c392f5f
8ecd912f5f4ee0b09bfee5cb09d4393cf8725e7bc76c8b79397302750e0f7bc75efe1d39de5efe9dc0b8cd0bb450a2188b1c6f2f4a1638c42cbd2859
a00b767f0536be76f50b677b71aec06247f28b72bd36941d61ec2fce15e87306c7b9028313a4397881028b54e02f1616a81216be58d8cb0bc4b4fdf2
0205eafcf67881025532f3971328b01e6661f4edb5a7ff08c57eb1b0c09851d2c748d88b71cd8f0ae30aace2b45f8cebb5a7dfb96e2f2e15186d9b97
f2c804ca66cac2ae5ebbbd24c17bb95f025da0e78b5dbda89424782f2a15a8b230bea8d42b56f0d02d9c2d81e3db67f2ef0b36f2f5f2b248a5f7f2b2
040e81892ff2f5625a82e05e4c2bb0cf751dd37aa50140475f542b200bd28b68bd58d53f6506cf9925c44c8555bd2701ad51bc2caff3e2280e58d56b
d39668c8979725b0fe45bd7e71a34047465fdc2850f9cd5fdc28d0ed9d7c51a357601f1af10aec0bd439238bdc7b1110e9985e0424306ecb3b1190c0
d088f34ffce3cdfea92205df8b6d04ba6d042fb6f1729fc8b7f7a216816ee3eecb7df28659d4a9c0a016818309f2156df7866d8cdb3216b18dc0688f
741eb611e87ff1f6bcd846a0cabaf9621b813ad70f6ce30db5a842b05fd422d0c56ebea8c5fbccda2a53db279bf57c9ad8c0fba8ad29994b2350e76a
840d04ea5c79b081409f6b05274760df7dbff8c19bc0b4f1fcd496b21ee8924ebdbc0b81719b77722f04c648c8f7c3bd10f86e4bab094d0b7436d497
e61ff86e1b65fb5f54ff0145594b595556b3806c296a8ab8517a8a76453dfffcd4a6f1e350f6a50d8a1f775cff1469f0cdd34e65675ef097a24bd1e3
b692b257990524ff5c5437f9fac76d7bca16654ba22ff2cfb82106906a4b7d17527db0e75c87714daa6c8eaa7f25f58d83011c89aa1fd7a45a745651
1162c5e71065625c936a89fab67a01a9e28618ff54b75bd99daddd6b8a1e45842fe99885f04b843fd22f2be1d74cfa47ee5ac91e37444df6bcf16353
b6a51e913dec6140739b32fdb70a98f04fb267c7d472b88becab3153d3449b7a7c70c4be3baed543185ace581b3f74c20747d2f58c6b55dbf48b4ed8
f44b82ce0ec368d32f9ba1651c6d2a92a0b3047a8f6b7db019f67a7ed39431f6c7df37aeb564d1462d752b2af2c1919d2fe35a1b7d702457d1b856b5
e2f3db95e9d268e4b1608c6b3d5a74dfae6cbe3433c3967f56cd568ddd1ea9aa768b921ee7f6b8d66c551b757f55910f7ace7f1bd7daa81abb3da3a1
eabf0f7a02b7c7b56673b85932de8d1feafbc190f4dff3898f5bb56aa2aa0edf702560d3aa47a4695af5835e55a969d528e23976625c13a6198cc671
33181b9dd5c308d34c1cc64ff389352185a947d31f2dded62d6ddfc8d7b227f9cff3091075bd2e7fea312598dbd4bea25d17e554b34cb7e35a0f2565
eaf867aab693e08335279f8e6bddf14129f32e3225a6aa2eeab1134a501539773d140dbb26c9dff841a80f4a33e1ec848a1fa42655dff841aa0f646c
18d7844a2eadac0efb5f2754b2a826d0735c13aa138a049d503dfb49973cbf132aaa73cda94be387ea7eb036134ef71d3a55cc9cdc755457db4599da
7e2035e2b856db245ea889ba1c3f8cff8446ade6e4c3b84a2aadbae897c3c0fa604b3eac714d820fd6cd8c7690e04898b8b63d74cb41a835421d84fa
c01e85714da843b758180fdd7264ace9d043b7e430e5b86ec73539136d541713f04f7b24f755e252c7b58725f7d56631fe7958d2f627be775ccf8785
5decfea8d17222d76a593c7571b4e5ba68b4531f27156ab3ce9c9a36daf2b84d99b68d6362b1909d9a36a910ea62f89d5aed833687fc692c9f89bd22
c0a91d3921f4c0a91d4fad61c09c5a230953132c3caeb5c6076bb5309c5a237b6a563ac7a935a27ad7c5377b91fd32bcf3cf8be81f6cd5c77811fd83
b5f82e2e927fe084ce714df2cb276b76bf88f9c15a4da01731938fb52ee6a18b9cc9c7da7c2a17312f938e6175e9bc0ffa1c0837016e2fb576de5e9a
b404877adc5efac19a5ddbe3da3ba9de09ca183fbcf4ce7e25cadbad6d6ff56811e1568f3b516ca6ea473d68d08b75fdd12031ce6f56b6c7579608a3
3ad7cec767961c62f1138e6b03e649ec86a1f610ea83d67cb20fa13e18eb9ae7138a861ebbd2f841a84780a32242e5e8ae55db3e06cc934daf9bbb0c
9887e846e443f4e44b48bcd7fef712fd9da2a7855ea2bf210f5ae325faebc3b082bfe4fc60db699a2f395f338c2ff425e807eb6130bf044dbe841a1b
fef8418468f26dbe9408b4f6cf8ef2afcbf542a95ffe66058e941dca8433ad29fa29cae68468150bcd7cf9f3b2a8800b9d3bd034fe42e55e6262af14
92252676d08c81252676f0dde6af55594d44a8a2a6289374d68a25913fe0fba7a77565193e9f89695c132a9a397572a198079684c78e6b422545c178
585e40710e74637189217e4006f63acb546dcd1680a8930bbd7959ed2351ddd8c0418bfb6e5f28c98bc306f2a12f94e440cba941e3da3b9d439c6d40
e387776ef1f7aee9a9cd3b8b860cb75828a7819648c671ed9fd9f15eb37965fcd0441ff424621cd79a28274a35ef2c9a88a69bb3d7c68f4bd9f785fd
118aa61bf86e8becb13d83d168fea939728c6fcd0991e307493f389221635c1b31d54bc32d96eaa5354becaac84bab97367ff5d20fb664641fd75eda
bc34a461695efac13145a0a306bedb324028a98175570f4a6ae0bb2d8dd4346f8e07c839e9e35ac77c206fc3b8364c5b86a9ee6bfae083fd98d5d007
8dec99ba17aa6ce0283a992a1bf86ef357b2b7f8680f02907d9fb2e7af3bd973b86eb6c78c6bb2e770dd6cab18d744a7a4e624aef183043b0952354a
6ae0bb4d191176c3286361378cb2e7bd267dc0f84184ec79dfe64b49d0f5419695a5abc8cce49ac6a5912edd4bb3482d74cd801312c6b597761f64cc
090bc532204bfbbe1c3e48bae6aadde89a81be1745da88ae99bc8de387bad135cd2974cd2526de9a1330c60f83e18323597dc6b5a63c3465ba8fae19
70a2d6b826d43125487b1c24389251c6d4f6234112b9667bc7b836a5644b77cdd119e38777e6e4d8a61a3fefcc91b075331bd13f03871143fd5c6891
c9033f7e78c11982aab6b4c88516b919ceb4c8406b862e2d32f0dda64cabe53ca86612387d5431bad6393ea89181f1a145506ae41265b06ea63bda60
60ef16a653ab5d443028698381d12d791a6d30f0dd96ba51070363dacd0ba8830b7570535fea6060efbe5beae072a95b6c57cba56e1fac75fff7c33f
c6adaa9ee0919a0caee3877ade0923d853a75b359371bf52ac965b3d9371bf79ffada573d014eeb9dc5afad6d256074a65a027de635c6be9db58b114
d02003a309fdd360a1546ee6f87b8af0e673ca6d94cac0a89a22fdf1181831532c94cac0a0cf118a4e19d873b2e8b8f6813d21219b22dd9170f4baf9
36e981819ef8ae71ad3b62bbfd33b2a9810b9d6ff385d1f902fdcfb0a0f32d94b9cd7a41990bb466c9a3cc2d2cb59b89fad56a1f744473a1df2d2cb5
9b05e37f8cdd51b6b4ac0e04d0291d411086a3ddf6fc8770b1b6fff3779fca66694b0021958440c10bcc5deffddebafddcf67caf855257126ad19226
72fde8ca92e32c76c3c22c5bfe3448984e49d43718adf8b75b913744f92c14bdc0c8419feb7a5374baada7ec52c65ceeb68f222f9d6ef3d21c5f9a03
29d7b59716df5326cdc2e618e8d93fb6aea7a2ccfb49c5b77e9ccab27d32135829ea512eb77954451e28538314f560c14c56afa350ce02bd79927216
48f4efba2c4a4a2cf99193fdb2b05fee9bb2a62c5687eaef754bf2ce26647f5deb16a7a366cc974af207b243625d125c90f3542d723f308ef785e47e
60cf71eaeb9ad8c9dbd492fa6ffd207736d62639d1bad6fe0f1cf15eaeeb9fa2c74e79b86bd73849badf76d5df553f09669376755dab7e94cd3fcd4a
d72cb4c8ec5b593f542d5ae48c6e55689181d5fafe5fcd688c8c0985c618e8c9edb3aeb57f82a31b15a93084067a33589adab28d9af20bdb6860ee06
10db68604f1ec175adb9132fddcc74a569ef96bc2f9b7a108a55d5375ba8a9819eac20ebfa95ea761ba93478722e0d9f45d7e0c9b9d492177afd301c
7b52c585ec14ca6ca0bc1d4a992db4d4fdfd37ed112d3579c9d6b5f678a06483c4bad61cd99fdaf6f705daa34733f12952530bfd738fce5be89f81f5
02b525d4039d1a5c9852cbf1ee9988ec54d2404d52d8754d02e65556d8c2bc1aa85b749ac2bc5a8eb7ba918a4e1aa8f4cf42250d384c745deb3d2ae9
4e782a6960bcb31595b41c24f877e4d951985503353173eb5aa73967d55738884cd565e12f54dd40b7aa17aa6ea1ea6623e3fa419861eef524611ee8
897d5dd786e2205f14e732c89714b7fba16ae4a324ef26774a72a0b3d6154a72a124275de0fa4184077a22b7d6b55e9bc61de1995a03333ec8756ddc
cdf7a51951f4da404fbac0a3d06bcbe9a52a727ae903c730d84f2f3dcd4b56b6d31b1e18184da1fe16baee1e4b47a1eb066a31575176038d55a3b0b5
069e27d543751fd8f0d1c2d81a680c1d85965c2ebd1c2361a1ff061aab46a1fe96ffd2cea6baf4df80ede4eb9a508f4adc58130a8db8bcc98ad22d34
e2c2161a97fd51d8420323c18aeb5ad51e68af00b4dfc2161aadb6507e03ed6d47ca6ff9bcc93152a4fef4e1ddfa4d1f0e6c7f062e7db8244f6c4b52
c5f543737fd2dcd1ae0b1539d010e542070e3c4f6610318f16a74e5185be64a22abf2b085539d0d0dd42552e09976eef0af2d5b631b60e2b3f5b6ba1
1737cb22bd3850ea5b0fed2d80a15941be4478d3052922c2970806162538b04d732d253850b630be729320f1ccad1958d4db407b47079369a0bdd31e
9369493c736b9a927db4fca718a7481fc43e3a0c6f7a717100ab31442f0e34ecbf308f06f6b7b97feaff4bb49161f553ff9f1e48d3fef4c02fc3ca3a
4cc50e344cb150b10bb36ad377ccaa8186291666d540693e288a7860fc7797b67814f1860b157a78a0bc13023d3c701c96356a78a173b7085ee9dc81
a76ca46c53960f2af4ba26301a3cb7cd94556544af29da1565924fb2f0f5e35476e6364f5e8a0cb4aa22b7b2d0c9e1b6f45365836d1e65830d343a77
6583ad6cb04930b67e34658fcb1dbfae6cb0812dc7baaceb43912e483598602b3a909d90eb87ea4abf93b5bfa203812d7bdfd7f55751beff5d1199b6
7cffbb07c9c4529b9c66eb87f62eda3b5dc0521b688f7bf49f8b75151351cbdb0a69aca2158a566829d20ac554106db5622381ca725f9191805445eb
5a2b08a9d6ddb848a0f194565c24f0fc7fdaaf68862289843fd30c5533b4540d3f09b46c345ed79a213b2c5be29bd60fdd1d86329bdbc8c9c6ccb756
3194c038de2775770ec6a899c82b8612685d6fa02881d60d001425b0fe3ff6d98aa30426eb77c551aa688d66542024816d0efff6cafecb3eb78c4d84
24f03c99c6dd354722af79c3ebae3976cd11a65e057504467627ae6bcdb18b744b6dd9cdeb6ec18a4a5b9194404b428475adb6bb1922ab7015d41168
ddb812d3517199e4e75a3fd42d5ca66a6f5ca636b35eb49e8ab8045a37fcf096dabc341114156108acdbd246f842ed160f63928e1f380649a9f88175
5b622f2a1d3f30c5025471168155e405baaf673447b5ae8cd35558f4e12e4d24ce22f9a8d60f3d9a4c353c321539088cfa1611005f488688f543abe5
b08c3f3310be50f18524d95a3ff4684eb0e5f7abf842606bc9a8b57e685c71d13e3496eec0b0b055aca2b274f7388f2b5a1118ef148a5604c63b9f09
da084cc11215d1a8823678f42ba61168ddb72d6823f0dc9617a01781992317d7b526c2254472545c22b08b60abb8441dafec69c941f607160df46f64
17dcc1715e0577049c0bb4aec98e85f4b78cf00fd4c3b7818654011f0c3415e708f4e46b59d7244d7a9cc6ef5627b17276da16c25a518e8a5fd0ce2b
7e1128c2012a7e51e75b378faadb940dce93ea8686503eeb7c2bf2d090cdd845432a1a42f3a96848a0e7bcbd756d049eda8d4ec0be1ea88711786a37
512014912a0a24b018af17a8dba9ddde47b5db9976b3a2a22181a52de649342450a75e464302db7feb3f6b7da0bc2390b13ed039bb2bb252857cbcab
2c1a12e85ce755c847bd7c1c861b1e12e84243abf88ec0b6d173c477546ce5ff5bb391994017ca549199c0f6df8a84cd04ba70848acd543ce55d2cf1
9440df4ca3784aa02765d4ba26cc03b51a77a2382a36f3ce7cd84c60cf590aeb5aa709f678bf6b7426d0375f1d3613d80424556c26d0c53b5464a6a2
24dd628c92047a82e4d7b5daa224ddc28892047a765dac6bd54049ba5510250948cab8aed5835dbefb5ed9e5035dc04365970facdb7c3a0cf381ce4d
5e3197c0735bea86ba04faa6d950978aa674dd87a704b63fb3219e527f3ade98c537025d9043c5372af37a57dfdffbe89d993a1dcfbc5ea9fac9a776
ec54fd9d0e9f2451eb475556937557d1ae4823e54bdcc54b074a32d4afebae281b8b8aa2439106c902b70bca081436821d21087441213b42b08b8dee
218b3bed3fd08550efccf7814a4bda99ef7791cbc79f322fc8e90f391e735d7bc1031d19dda9f0bb94270ccf3bb53b20d5dbbad642f4ea6353a6394a
c64cfcac3bbd3ad04594efc22876be804313f10504ba00e79df6bdf3056463f1fa41829cd9205874a77eef7c014751dd57844f6e53b5afa2afdb54e4
56960f46b7d0bf772e83249939762e8340178fbd53c9f75adc96faf210044ad32f54f24015deb553c9033569d1d6b5267aa064cbd0bad644f5152a55
a34507aa497167e8dfa3442fad34b2d3a203537cc44e8bde69d1c99ab17e90e0813516d292b4e83d1b139bb56c171d12984990beaed5439432d7f92e
4a39d073a2eaba261525f7c8e4b95372035decd04ec90d3cb77954cfe7dc38b1433beb7c6075419a8d713ed039a3f6f656ed9307156922212447f367
fa3d2124d920b1aeb5da03951b7ea76aefc29c7372d1faa18f85396711dc4590ecfd15c0a30478601cef6d04e849b1654852b5f7ec375c2c20a253ac
035dbcd24eb1debb2149765a74601b1a8d16bde70883755bde40170e38667a5deb824317f8335d40553d325fef54d5407fcebefde79abdd364779a6c
f23a1c3b4d761f1964d10c7756f1c0bacd9439b46a72af302dec94db9d267b0c8faa7a8e8c13a4b5d364779aec61cea4c9ee4efc7d6fd3f834d923cb
cf4e930dac7ff3a4e143933db298ed34d9c0ba4d75493a481abd67673d0ff46232a4dceec28839d876fa68a0b346efc288039b6331d60f2f9d5e9aea
d25af7a4586cc3074b1fdd1dd26bb09cda2df914a5f05f3f8c8207a6d88e9df13cb05e907a309eef39cab7c404b95364f7a89e52b31f3bdd3330fecc
dd74cf9d6a38b438d530d0199576aae19e64235266af1f847f600a4ed98576ec226c8719986e16187bf4ee9d6eb653ba921f64fdd0469f4c7d5a97d2
b5b317f3a6ed54ac402f44602fde85562457c7faa1291f9814c25d68c5fe55b7d0c19d26b63bb757bb09c4ddc5510c33ba388ac036ccd4e228763a9c
0d253b1d2eb0540cb7918a0e97c413c74e870bf469c1a7c30536196bd70f92ded236b88da409f5fdd357227d03559ce04ef9db45faf21beeb4bf403d
7402e56fb7578ed76da7af05eab014b02b07fa6eda6757de8560243dc5faa11ebf38c73cc93e1cd824eb5c3fd4e3972413741126e3c0c680b53319ef
3fe3237eaa9df217e839477031d8d4a3fda94754da46d10bec39e06c5d37457a348ca8d9b716985c9a4db445a095344763be6d34b8e452583f7ecad4
237f46836b76b72565cafab129db72db91a2a2c82c9089acb1fc06ba5888c6f2dbc4d0b2f73706dcc0c64cd9c4d006dec09546450cd47aa8c6a588ec
516c1a1d315059ab1a336fb3932d398dd60f823e50c590373bd99a6d6bc923b17e90e081232727ad6b12d02eb3db7ffdd0090fd49a95a3d12e1b5532
f915d60f8296a490cb906954c940ddf5014d32b049abb17e9034aa647fff8ca0d124e7fb67048d2699a327d7b54e16189cf421eb07d925c7c8c4d328
9281cab0d8289281a5102bd2c70f942dd364a35a066a0e9d5dd71a483c4a72beac1f1ae8cd97f1f7ef45bb513d039b141eebc7a12c2103e4630d6e52
c10f7769d204ac48c4b17e68d30716514b9fb106079622ae4893b20627d9c5faa1012b7b91dbb45f8e1293bd6469871af081f582548d1edbf6b71d94
698724e22831423476deb667a0f0d735612c814e1369c2581a1538f918d60f223cd0e9358d0a1c28395a7e5d1b15e2a3934161fd20d5033d99efd635
a91ea8879664476e49cd61ebf6faa1771f28d9f7bfae094551ceb6f5f543755b486456d946510eb43fa387a21ce854a946510eec7f5a88a21c1839cf
7a5dabbfb8eaecd25e3f8cce070e86ac46296e5d1764656882a803a5fbe244a734a9d2b5a3e894c6266d6b67a3280736b6c946510e0c217c8d4dbab1
19db97d8d88c03fd6d5b36e3c0735bfe4ddc736013e5db98911bddf9fd58e9ce8123399bd6b5ea8a989ed1eb1be539506c446decc8817e909d19b91d
26885ddd0c85c49d6c9ea42f37caf18c91ab518e039d86db28c76da8ae89c486bd40614a6af4e5c0913479eb5a6d29c2399562fdd0ba0f1c9c008d22
dc848ccce6df5477884a4e11a5b731e97239355a6f60673a6c4cba8167d3788a0825d47a863435a1d681435459136add1883dfef803138f0ec064f11
411f28bc2e4df475b3d56fc6e5d4845f073604a909bf0e946a1265456e499fdea8608d8e1e787698a7c8b7c1b2fcae0c74f440794733cb72e0f833ed
08dc0eeceffcced6dc28f749c3b17e68a2078e77d053ee03d3b83a35504effe2ff68b4fdc6fa8c2a37d6e7c0ce1ed2589f03073db0898b690cd2e22d
1a837460abaf48a4141713a37d430a020752d09082c0216cb0b14707eadb73ecd1ed4a9f9b3445ca043621c24da04cbb7c779434f6e8c0b38d3f45fa
3791324972bfaef56fccd16dd267d8a30355e4404343026b187892e00f14bbe49a08f3c6043d8d6d26e8c0f14eb74cd08167977e8a74dc8798697f01
3581edd929faefb5faa3153ed66a13e8c7c87f606f7a91b53bb0bf3a286b77a014eb104615a8ec0c0da36aacddd37ac8da1d38447635d6ee86514dd3
2c4615d86d7b6d1855c3a8de951fa30aec7cdb0da30a6c4945b4aec9f9cd071ed2d284ee34fb24674cdb4dec4e7b63da535b76f2c0a2a1a92d76d6ec
93e4c36fe8596069bdaa614ca06249e5b37ebc82de19aeea6104e058938e8b63054a23018e153824db683856e0c9b29022a2e35833d6d28663059efc
0c2922fb03c7bb5433b0070e893b1afb7ae0f933ef247b0eff624c6f7653060e51ee4db450bbe959d643ecac39d68b422eea27f024764811c9c3e1fa
1fad17870b6cc5f786c3b584d1afdb3caaba4982f27e5da2775ac2e83bcb6813be1338241069c2775a785d7f5713bc2e704820d2f1bac0c17fdc45ef
0436f4a18bde094c711a9de13f70486dd2f1c1c07ae5e6c9a6ace5b623455dd1749b474f65e773dbeec94bd1d305f37df2a3889823455f458f36964c
f8ebfa56f4f3ff4fa375b4317024c1f5ba26e6f6d6362f10f513386431e9a27e02ebb64c535dd84fe0b025b7638d812387a1adeba968a62855c31abb
9d97a6c18e36060e1b143ad6d8733657f76977a14081891375ac3150d1c18e35060e494cbae0a0c03174142f4560dd15c951cbc0f3ca5403b70c143e
e18e5a060ebef48e5a06aaed4f9de32230d0b08e6c069effcf10c236039b18e38e6d063601021dd90c54511b1dd90c3c7f460003a16406d63ed8662f
064226938e5a060eb95a3a6ad9e3a3e8668e8e48060e219b1d910c38257c5d6b8d9ad6688ab446722c76df7fc70a039505b56385bd1a083e45143030
fb5b3582d60c78df1d5746e079521941b369e12feb45c70a034fbe94a708290c1c39d4615d13fd81e7cfd290bc1b8181b375a9600247324ead6bad11
ead8df6f1177ec0f779cfdff38067bddaa6576a3c2778f5a06667fab6954eca63cc30eb50cf00575cc32f0247d4991866946b50f1a650c1c36447794
31f0dca68c302d2b4cf4e2ce2b13784edb4c6db9650253b05747367b535b1d894706d6bf7952759b8ed4aaedadaf8e8c541c2e81e350c4e1d2bb5ed3
dfe86660e4748e75add71ed85fd9f96002b3bf45647f60d8d1d011d0c0f3ff69490c3430450276b15381e7368f92bda7f3c884a7f697a76a704435f0
e4c74991167a60f4c30bb45037e5b94b6bf40c6b1f21174f60d899dcb97802432463c7790353e841c779fba13b750a961ad898513b96da0ff5ef1e55
7f291f8d3ea14d818341a40b6d0a505b3a6f518006d191db3ef465ac489deb27b0ef51173a721b58b71dca74a6b4fbba445c53e0b92d8d81f0060a6f
50477803e55d2011de409fba9c7fa80f82874d741c38b0f155761cb80fe338aa4ce70c0a747cb7a3c57d8aea0829e838700089ef2870e0b92b4fe2c0
818e027714b8cf574e65e49c31bb1bdbf86e9f46682c3a1db90d744cb923b781e3a00820b7fdd4dee1901dab0c744cb9a395fd24bb2518130cd457bb
c1047b760d7709923ade177080e8ba26fc038790c28ef7059e27530f81488143d85bc7057b885fb71fa8237e81d90d65c42ff0dc164931bfc018ba8a
03aae7d8ac2e0cb05faf08d993a548f0510fcdeb6f7dd1bcc02e02ada3793d9b24fabba62375815d386cc7da0225191dd7b5eefb902a06bf8eb575ac
cd7c8bb5059edb2215da16d879c63bdad643db7ab2ecae1fbed0077a8e0e5fd7ba2fa9edbb5712fd817d3743f296057619c3ba10a540d9a859d85e60
9300af637b81558958003ab6172836a8756caf3bd779a374a27b81eda0a5a07b5dfa494a27b61728ef778cedf550bbce90d251bb40ade3dfa760af5b
7de6617edd56dd8ef905c6d0b3985fa0b01d753eb8c0f364da94132e3036da267e18786e4bd511c4c0f87bff4d6b2561a5ddc11d410cac5ef4ff1aeb
cdb643f5431003a3984710c47ebf422923d4038517b1f3cb75d4cf68c2fc02eb498c02f50b74f11e1df50b94c3ff0bc0ead8a06c201d1b0cecf65074
6cb0ff0c7ec382af2e50a7818e2006d63b1519fb08e246a9421003e59d4311c42e8f8e4c575d2058e70cb4bce28c81e7b6a7ec401a034fd99eb24dd9
9611a5a828226956a803470cf4e32d6a8af455643844821d7f713964813d0482058aa5e7c01a03cf93336597b227803499e7d7f547912f3f5d7ae08d
81ce3c7fe08d471c7febb6e7a33b70b8c0524a4a8abc34c161227b0f14eed84c98dd6d3f65993532451cc859a008873890b3c0f63a740eec2cd02934
07767614f341f76f5d59cf6d6970bc2bb0bd61b107e2155853842242956cead57b78d7815189e23d30aa407f1b1ca30a6c6f24e9c17f172882620e24
eba8a6fc287307ae14e8c28b0e5c29506c243ef8d40225c7b6ad6b02d40c8550b1037b0a6c6fa4eac1a716a839b66d5deb96ea4318fecd58786097e4
f0c0a88e6a84c75077e04a81ddf69f03570aec2d2bf1812a05b6375af3c095023d996cd7b531bf1be031f11d768b07ba60a803193a768d3b9469dc07
26efffc10d76b4cc3299e10f5b278ea63d32031efc5b819e33b2d6b5f6c82eedf216690e244440da8184042607c681841cd97efd46431db65304ea1e
d5e74042023d2769ad6bcd2197507597e6881b2c3153cf0fa3a36774445939b0904011a671202181ed0d0b3ab090403f7c7a48c8817188453a308e40
91bae4c03802dbfbe9611c47d4ff2ef3ec41ff3fec76c8f27ff0521dd930dd73e8e3faf13e9aafc5174adb0f3822705d6bc8f8b27288d87a97fe4cee
492be66117c341db2f590a0fda7ea03c2765fd73c53e9081c0560d585ce088fade797c0ffa7b60bd3f6d6a7374a00ba43b68f4819a73ded6355968f4
250bd941a30f743bdd0e2a7da0087f3d68f4c7d48fda94232a306d023fa8eac734382d3ddc498121cef2e04d3a4eceee0c14aea3c0f3646ee33b0abc
f99f0eaea3e33412ad1f54fa4065a73a788a02eb3643516058a06ed59324380d1e8b855d0f81dd5e9f43b05860ad8969226ea7c0f36404e5770a544e
9a83df2930256d39908de3dd7badd9389902fd9d90918d23f988d66da9076a11a839e1765d1b6397f63089a21681f56f5ea03d2edf97c90b6708ecef
5cce7f1498fbfb4e125c1958d605fea303d9108672201b814392de03d9383efac097831f04e6d0a3e8c141c997abeba0e407e4115fd75efaf56f0990
3828d3814dcaa683327d248cad171337474960b0101c94e940c9298eeb9aec0f1c38cf218aedb88d49cb3f9d3750452e1d54dec0feae1554dec07a32
a140079d37b0cb5773d0790f3aafec5d079d37d0b98d0e3a6fe0b92dedc12b1228c20b0f4e91c0739b8a10f481f22e33bc22812e6ee0b85f4125c420
94f67e801bfea0520706267a50a98f9f413a95698d5f027ae2903de8ca4742dd7ab5840b750bf49c62bcae494e7faef1a61cf4e740cf91c5eb9ae4c9
30d9df5992661ca8a2120f8af1c19b625da018078a042a835e1ce8f64c0c6a71a0b0cb0d6a71a072a20ece94918d0f5d84eaa0ef06bacd1683be3b12
5dd785ec0eca6da0febdb77d15c54b9b1565d06d47c2e6ba20cdc10112e8b6690c6173819a730ad6b5aae5b8daeebb18c2e6028bfece1435457a6553
d695256f433e82c1733224a89c8ac8990d185d76b341c70eec46c7a063079edbd48decf2274def7c05bddd963ea08a073a1fd1a08a8f44d775b9d206
253bb06e8ba03c2081e7b6b4111748a0bf3d4a151f54718252c503fb9389e69fcbf5a0a80f1e1279d9064d3db0de150169eaa3bceda09ada21c17787
e6a2bc077a0eaf5ed79a863b448cc2a0a9070ae7f3e00e1955871bd87c1f81ca4735e8f32311715d1cd4a0bd076aed9e2455cea9ad598c06ed7dd484
591964b4f240b72371d0ca073f8794d9839f2350da5b337d5b5fa12228e53db089341e94f7415397826ad0d40353e4e4a0a907d66d71340c4172814d
7cd3e0e818147a3bb007857e50e8df97929ddb4236b9c16d11e86c8d83df22f0dca68ca422e2a2c10e5420f0dc164971814097456bd85a1d786e8ba4
f841604d687981add5a3913473f2e00609ac073d49d246aa08cae3319a19b32923c203d53233b088d10d23ed46f30f4c198a06c57f50e9f90a07953e
3019b607953ef0dc96e6e55808748ae5a0e5078acdae83961fd8a5631db4fcc07a309ddcdfda66a7cbfb5fda3b07edbe5f1057c338f47b94fc21d62d
50e4ee1e9c08e3d0efd19906f740a0486536308631fc5b74eac1321fe8f6680d96f9c0ba6db84d732417d2fe16690daa7d352953ed038503658cf7a5
8f0ef996103d9a3d656bd0ec07cd5ece9341b30f6c7cc683663f18eb2ba1a8f6818ef30cc6fa31c969d267990fac06721b3963ac979169200081e749
2f25e74caf5b0618eb03fdd0ebf68f04ba4d6c436cda9856061d3a5f419f6fea1df102d1025be77d19e844a0dbeb36b089c0735bea814e04babd6e83
cf606018b2360e0c23d0ed0f1818c6c03044fe0f0c23b096c0c88e610c0c43e4ffc03002c336ca81618cf3e33615217db8032ffdc01d06ee20207ee0
0e81323508ee10288c7883a322d00fab223611a8ed7d90ec611376ce0d6462f053ece6357e8ac0dc7d40fc14816e53dfe0a608ac19dbffebf6c4acad
3f4ba3e11c8151de6a903c6951bbc47f03e908946144e21ce3a3dfb7ffc3243e6cb51e8ef6f531f17f0cce8eddfcced911d8c4860dce8ef1d1917a8d
1b23d073eef5ba26f4034592fec18b11d8eaf0ff64fee847839d83225038e00607c5e07ad8b52ad743a0334f0fae8740a931690d9e87f1555b8a03a7
42a01f6f91da6246e1e103331a6cfa68e140700253b2b981e00ccc450abd81b904d66d8a8c94078a0d4f037119b731605ca324816eafe740494672dc
7729f406061258e32e55c34046b650f7778162c10f74db4106523258f0dfba6125816e4be860c11f3f5291142b0914016303291909f1ea2c1f83093f
50c4d18e9fa64454d0e981a8042653c240540673fd9e9e9f68c964aedf63459c7849a0b05c4ebc640adf92266fb2cd07ba0db153f8d6fcf33d7565b7
b2276e21677eafeb34efdc747d98f8c42502ebdf721b2a3119dd25b69b1841e0309f4f84608a88da63ca9d54fd4077acc0a4e94f514cb20e4c3a7ca0
63e7930a3f99d325b89974f8c0600d9c74f859f44c96c149fd0e4c03690a500a0cd6c649210f1c762a4c0af9ac3a2173cea46a07a630826953cba47d
4b703a69df812541da83f63d59c0e58f9b2ce0816a3a9c2ce081dedf17a8da034522b159dfaa7dfd595a8daa1d58aabcffd7b8546db9e226553bd005
eb4caa76a00a599cece453b09004a4930e1de8e2d926153ab06e8b6236e9d081f56fa9ae00a1401727350508cd563c99c146c30d74a12853e8cf14e7
c36a3269b8815ddcc914e713e83967755dab060b7bcb1c3bdbfbd233b779527b4bcddf5443e33eb03bc865528da7ccfc31924e06f64015f13b45f904
3a87c664729f027f5a719bb68dcd5d1a8cc9e63e19d8a5699bf4ec409d6f11c985f9f03a4e16f640efba9d361ea896af491b9fb19c77c9dc26a53a50
fea6227226d3516f993b27ad3ab0aa9bdb68d593562d8be7a4550736e95e27ad7ada40f23ea91e875ed9ff8f94a493e97ecac86f8e13cc330fe33a6c
6e32ca07f6615430ca070aebee14a833d9e999ba263b7da0bcddc6101f58eff4a4b61f6fcd230d0d3ed0652a99c26de6d0d04d99867e6008bc9b54f8
c07c5b8b0a1fd8185aa65d289336fd0e32da74a00b1299b4e979fa4862699df4d3c0b4b371524f03bdbf77e9a1d30bcce574d1c014dc30cff705a69b
f09e49170d0cfea5296866524f9b299f7a1a9892054feae974e22909a8a793b5bbc5a137e9a753f67dd33bfd7426adfeba2d8d4bf30c2c45c76d2478
6067169a34cf40699b22d3eaa5a786323df540e5159e14cfc0364d2314cfc0f36486026b7760b7a7655236e77b60536a46d90cac27758b689be9c426
4b964d15f3a343df321d1a733afe3559d3279dd4b148934e1ad884694c3a69e0b94d99f678a072c74e4ae96488e7f9980cf181fd1d580cf153ae1f29
cd26453550a8b853244da0d8fa3f45d2cc9cd0dafb5be6437ba0db7636e9ae3356fd2eb9d364d60f14fbfc2675762655ff7b02dc14ca12582b436e13
ca32e9b3327d4dfa6c60bd34cd469f0d6c9c1093bd3eb0bd273b4d06fb40ddac33b4dec02e4669d27a277b3d33eaa4f606763918277bfd64af970f6c
b2d70756d53ca95f924ce83d8368d28e03dd9ebbc9603f29ccd2ee4c0a73607da27992c21cd83882a62098c9ee2e35efa4e2068a00e8c9ee3e7faa6b
68517103bb5c5053dccaa4f54ae53a69bd81226679d27a27ad57c2b193d61ba8527f9c94dec0f61eae71d27a035d20f1c91a1fe8e2124f612be79fee
0b3b3b29c2812e91fe296ce5149022a5e9292025b0715c9d6cf6a7801449c84e46fb4065793c69d581ba4f7f963e3859e325183aa9d081cebb72b2c6
9f362d08f43d99de031bdbfe69d3c2c9f42eaaf7a46907d6d02a292201e55b4ab193f21de84e5f3bb7b76e3a4145d8d9039b6c2ea7909793e9fdd1df
feb9689f2cf381672f6c8a085dd4292be3c9c01d18e32d52275ab745f5a475070ea18c27adfbb405c06a76da0210a847149a93227eb2795b454e36ef
4067513bd9bc03cf6d1e9dca12769a2ff6a4af9ff60038c9eca4b00736668e93c21e28e6e093c21e287f6f6dc95e7db08717bcc23f1d2214e5a4af07
264bf0495f3f29e792959d94f340795b92727e32664b2f76326607a6a88d93313b3044ea9f6cd98171bcef54b3a65bb2429f0cd781ee788993ddfa6c
da3bdaff49390fd4777c52cecffefe5b5a8daa1c98ec51274d39306c1a3969caa7107646de93721b18124d9e2ccda780121ea493a93930df26626a3e
9380e875639c94db40cff9f5eb5ad5b2d7faf5ea9cf65a07761b104e7bad03db6b7b3fedb50e14fee893a61ca832f49d34e5f3c8c623a394da1b28cc
9027b5f7cc56ebee908c53784a60abd1f54f9a70e0108279d28403959bf3a40907b6d7af718a590f5427409e94e3c0ce9074528ecff18ae905c41cf6
5e442686f1c0f61a794f96f1c02126fe64183f29cceccf2785395037333c85f964e066d13d19b84f1bb27d7a0cdc813517e649f6ed73ee9e8ca0765f
070e41f7a760f45326cee8092793776013da763279075677aa0501920ce935c99d8cd981ad868c9c8cd981face61f395497fc6ee75b26f078ab3584e
f6edd346eb2cb227f3f6c948cdc675325207ca3b11210181c376801309086caf71e5c40202cff9bf2922d4e9934a6df182c0a0a29f78c1290a8641e7
140573da7d1d4fcac9921d38ec2338b187c070e4c9893d9c3800a3c98903040e16f51307382fa3cf4229bc2530d1ff539ecf53e0bcb0d5132f080cb1
96275e708a6511b67a5e6f459e2e781507dafdf9310198c328e981c3916727bb716030259fd4f653148c60c893de1e98fd2dd2050f0ceaf249933f05
c90b1b3ca9f2a76c51be3c9a7ca048987ed2e44fb1e8cf0ea47fafd794ee40757ac729bae6644316e67652ba033b5bdac9867c8a321740768a320fac
af242d48350f1447669f54f3c0ce267b0a323f69eb62974eda7aa0d4f7364d2fbc463a9693ba1ea8fd7d01a16c39b6e8d2d6cf5ba31a51f4f0c0b0d3
fca4869f74eee3fd37a3f8812282f0a4739f746e79394e3af729f23cce9193ce7d8a7f9136e314ff121882d14f96e6d36e6259d54e4a7760677d3e59
9a03cfe93729525d3af711be78d2b9038733164f3af72924e6a09e8a89096c0cbc1735fcfad309b1445c14eceb51aa0fc97c2e86e68b827d84085e14
ecc04cbf5ff4ebc073d748d9503652b599a2a948bf4c65a7b2089a3179d1cc03d5f47ed1ccaf64a1ea3e9d8bce1d386441bc6c27be84d38c28099770
9a40a5bf5cc2692edaba1c5f176d3db0fdbdff46f6ec3a46172fa13317b3f808ddbf98c5038713212fcafa653ff1f85346aa04ca70005ce2642e0afc
c8727451e0034709cbbe28f017057e64b9b828f081e7a49e141194915d1abb8b3a1e38ac6417237be07006f7c5c61e584fa66a6cec9790f5113e7a89
84096c52c55c02612ea6f891c9f0628a0f1cb2355c4cf181c3aefa8b293eb0394ce7628abfcadb1c9ed41c4573a48570870b779017e6c21d0287b9e8
c21d2edc6114650678b60f3b95f3c21d2e1b8365f5bb1085c0210af1c2132e867dae940b510814e91a2e3ce112da3e8a47491aa280dc5e88c2c5b23f
c28b2f4c2170d0212f44e112f632b2805ec25e028713432fac207058042fac207038f3f462b1bfece91dd56da4da13afb0fb7f42ed86aeb94206a940
29d56d847ae0395f2945841227ef7cb06b7f2578f7fc3f45626302855270a11881dde1f4178a11a8f22f5d1c07974dc34335780e024b37f4a406e24c
9031f1e24c086c520e5ff8ca65d3f0d8554d13b5f4bbefc0a6e18b834162c58b8321f09c7b95222dd4b26fcba72784ff128f23d7e2c5e910784ea2fa
f7927df1495ccdb71f05e4e281081ce2492fb4eae2811859902ebc2a7008dbbcf0aa8b6b01cfbcb81602f330b3722d5cddf0cc6a7c711a040ed1a917
9fc175f810a3bb5c4854e0e0e8bf6cf10d1c6c0d972dbed7616037b7e9b7c3c0ce3bd1aa8b07c2c9ba175e15289cea175e75d91de058f48b0b22b009
46bd70adcb866171da17b2153804d35e2282ae83f0a6393b0602558aa9eb7885d7316173174e1628b63d5d38d935486a9e43ad0287a0d20bb3baece9
e5a4bf381902038dba040e5d6894348e171a15d8de891a8dba381986098c972170bc0d82595dd30765e5121414d8ec51bbd0a840b113fa42a3aef92e
1869713c2a5025c1bdf0a80b69923bf2429a02871ca717d2143804de5e48d325da675806d1a1c0364c73a27d0287431f2ec13e1737099fc885215d0f
1d3a64c9bab0a1c0c1a17061438122eef6c28602875d0d1736143884645fc850e070e2d6850c05cad6558248361b4b1c79719204eab44471925c7616
0b7fbcb0a1c02125f62562e712b1337c552276028790e98bdfe4e2c49065f1427302638b41fae2c4081c32ec5e9c181732e4709f0b190a3c61002952
0f4e0c07735ed850606769be90a14095d3e542862e7e0d190d2f6c283046f7a42ee0d79884c7860293d9e7c28602477d85d2077c18b6fe5f7c1881e3
9da7f93002cf6da91b2746a038daea1292737ddfeaa66e885260c3172f4429f09c3f9522b54de6dcceb9747ddfba65c8fb68d1a9cb76dc1983e28529
0536018b97ad09d7ad5fa80e9852608ab7be10a52bac4874f885155d1c16d2bb5d1c1681e130c40b510a1cc2be2f44e9b21d77c68471dd6f751ff6e7
acce0b29baecbd9d340c6e87407130dc2572e7b29f4006a14be84e60f5685e2072e712a62378f5429e0245ea868b0fe3b2ab9673e9e29d081c82c82f
44e9b2ab9657e0c294028790f4ebf78af0ba679ffa7e30a5c07c0e22f8e7a2fde1cff8d839cb53f14191029b63913f18d287570235f9e03e814360fb
07f7091c02ec3f9c1281519affbf15ddfecc933f65bf3cf934d70743fad80f6023fa07a9093c678aa5486d3113099a3f9849600ab0ff6026814368fc
0731093c3968ff52a63d1e18b2427c6ca6fdf036c8d5f7e14e084c1edd0ffef211112473de075b091c0e40ff602b81c22ffb41563e9889cc791fcc24
7008d1ff6026812944ff83997c300269f23e1841e010a2ffc1083ed5671d6df143af0f0c31aa1f6a7d604824fea1d60736fec50ffb7fe010dbff61ff
0f1cec921ff13a1fd1f273ba4da33d301cf4f1112dffe11210d4fca1af070e64e8435f0f1449383e5c029fa4c83938a33ef4d8c0643cff50633f391c
f84d7bf81129139822e33ff4d4c01aa58a0895e8f337ede147f479608ae9f8888af9c4feff2664fcb0ff07a6ed091ff6ffc064b0ff30ff07b637e3df
87fd3f30cafb2409a2e1be29ee3e34dcc0b09beb43c3fd244beb9ba9ee439d0d4c69a23fd4d9406147fa701c04766e880f05f713fdf34d5ef7a17f06
8a00ac0ffd33708842fa88480fec42a63e34d2cfd042996b3f8cec9f3778259515bbf28941fdcd54f5a1f6050e87b17f18d403a545ebfb30a87fa208
be49b43e34c14095c5ec43130c6c6f8eab0f4df0c3a29ea5e143130cec22613e2cea9fa9a7549772f8a11cfa6629871fcae1a11a649f99b70d1806f5
407564e88741fd73eabb708c0f7df1435ff465d31703db9b50ea233a3cb04bc7fe61770fec52b47e68959f84d5bcd9923e14c6c0d6df3fd3c5a7a1d6
fd1b09ce6c98796f23c1a5a7b41af530509c0af8a11e069ef3e0524482070a53e187c2f8b98c0eb32b5530b049f7fe612aff5cba407b0898f95cda3b
7d2c3826b05ee02eb5fda8addb28911f4aa4af8012f9f918446f9996fc84fdc406f3a1307e44bdc8eaf3a131068eb7ba34c6c02195c587c218789e54
46aa688ccf92f1eff59a3e1978fe459db4433287d6309c8fa098cff795260d21b425b031df7f58d903552cca87953df09c6e9722c27c7591e9863e19
d804ff7ee8939fafaa45e5f9d8c41a28ece21ffa646072f37dbe6f6d9faf84cef6619e0fec35d4e8c33c1f28ef6440e9fcdc7a230ce44377fcc8d162
e514ff123884037d68939f58cad71ae0dfbc33d129f25c7f58ca03132bfc501303cf9379013d31306da2fa501303cf6df948e8898181437d447807b6
3725f487293e30ed03fbd02603cf6d1e25d52f524d2f20d503d36ef70feb7c607b53427d98e703ab39d251f4d04f94ce3725d487d21918b2cc7c289d
1fd6798cec4be90c0c93d7975619786eeb292bca4aeae6c9aa481b652c7c85c9048605eacbb01f18d2907ed9f503530ea72fadf5fb68aaabc82ba7a2
5086dddf9f8ace783dfdfda5e88a6bb1a4e8a3e8a3625ef955f64dd2767f762b7a5b23a2d35a03a36a0d66fd6fe2d80fa998bee2d803533e802fb37e
e060f4fc32eb0726b5e44b030e3c7f565346f4078670faafb89caf2328e45afab2fe0706abc497f53f30040d7c19ff0307d2f665fc0fccf2dea53536
a2472bf9d2a70355acee973a1d38f0c92f753a50ad145fdaf4b7bc32e59df4e44079870b3df95b0ce5cc135f4a7160172efda5147f8b4f5b4332c407
563be636fb560343f4d897693e306542f832cd07a6b40a5f96f9c07010dd9765fe5bb57608e097d21d18fbe1cfb4f60353fcef97153eb09edcbd8000
35cd9d35fd4b5bff563219f074f3c09469e14b370f4c64eb4b370f3c4fe6df28e781e1c4992fdd3cf0dce65152e5585f5b9cbe4cfa81e7362f3522d9
f4a32b7ed9f4bfbbd9c488a1b00766899de9cbe41e58b79194cd3d30de2981cdfddb7c8dc4a2d707a6b0c12ffb73609822bf34fd6fc27a0ea79e7ee9
f581c18efa657e0e0c792cbecccfdf4ed0a8255fd1ee812780fddfabf597c13af0fc4b9a90c53a303832bef8c2978a2fd9d1978a1fd82581fd52f1bf
07698c3c46ecaf3c955914bfb4fec0704cfd97d61f98d2f67c69fddf8380c36d043ce203d6b96cd881034dfcb261079e2723141b7660d8e1f765c3fe
8eb7b62963620e1c36a87d85fd04d66d218a5f613f8155dd7c13c27ebe4375a732d51d5904ba27557768f0e9a5ea3bb2309870d08fc07054e777bcd5
f585191722e003c311f15fb6e96f36ac1e18da17ff080c07b17ed9a6bf1883a4485f8c2130467c315f8c21b06ecbe2fc4519029367fb8b327cf10309
38bff841e0e00bfce20781c93ffd450fbe31311f8e1afb220381c3b6d3af209c6fb8c061f3f21719080c819d5fd6e3c07a812749f0c068e6088c2170
0814fb9eaf00f9d08bda0ac40f4c8ed62f121138a4c7fc2211812126fe8b44040e39f2be48446050d3beaccedf589d0fe99abeacce81c161fd453502
93e3fc8b6a04260ef115951318231cff8b7c049eff779bc60821e18ffc2224812974f78b9004061bd6979dfb1b0bf6215bd397053b3005257cf1912f
f2517c3fc847600a2df8221f5f4ca35888318dc078351554223091b12f26f18d1dfa70c8c5971d3a30f867bfecd08121eaf4cb0c1d584feeca48f025
41fa0e07f9ca40596202fd621c81c985fdc538024384d917e108ccffaa41a6af2eb076621781c188f0c52e02072fc517bb083c4fa60cbd081cdc5a5f
f42230f9e0bf6cda81e7c9d45640506008e1f932737f6fdf9da954f44f6072fc7f7195c0ba8d8287ac040eb9fbbec84a6048f9fe65fafede2698f736
bdf7c06090fd8a11faa239affe82e60486b3ddbf684ee0b92d92e2398129f8e28be604a6f0912f9af345735e6505cd098c7730a3395f34e7d54cd09c
c01417f24573be89383a5e9d06a7f9e2348722c2e334af2e81d304e6abace0345f64e559f6feb960dfb8ccfda743f2bdde6cdf8169b7d48d5804a600
881bb1084c3ee11bb1084c112d376271630ce6e81b63084c6d7f630c812964e11608746f64ce28bba9ea37553d63e0a6aa07b63736e3a6ab07a669ef
66200f4c7101370379608a28b829f47731d83d49570f0c690d6f96ef9bfa2ed0e3a6be0786c0a89bfa7e53df592d6fea7be090fbe9a6be07b6d7d17d
0bb709ccff5e408244eab303de94fcbb1ac50923b8a9f481c1047a53e96f2abdffa7d207b63716e0a6d30726fff56dcb6c600a2cb825a00c4ca1c7b7
70fec078bb984dfec60fb8b46ffc20308546dcf841607bbdbf378210386c2ebdf183c0735bfa0041080caee49b393f3064dcb951863b696d5ebfeb8d
20dc12f8c72171e3077782795e37f74df30f4ca11137c53f30dfe6a6f8078efdfd7fb2279bcceb99be85cc04e62ba79099c0f6ba016f21338121eee5
16321358ac2a728a98b913f772c81b758b7b09ccb7bdc5bddcc953f9bada6e9421306ce0bf5186bbab6e66d11b3f084c915d377e7033fb73eddcd4f8
c022869e548f1c45ec54959bd9ff16f59f45e566f50f3ce7452ad3a13d0b59d4a31b2508ccb7dbfb5bdb5f8af2a0ed0281c9c57f2309f751fc7f6a86
120406bbd38d12dc147b89906e8a7d6048d27053ecefe4a639e424ba790202431eff9b272030dfaf9d272030dfd12736e51e9adb28450902bbc8d91b
23b8e9f53217ddf4fa9b5eef9ba5d707d66d59ee6e8a7d6096f7495d20057d0dd1bfc5ab0486cd2fb77095c014d2730b57b9b1846ab21eaf088f67f1
f0e961093796c02c7f63098161bfe48d2504e6788b8cefa4a53fd88f6e8e8bc0e809debbf92d024f94ac47b547d25f8a13b9392eee69422182cdb981
4302981b33090c47bddf98c93d091a0e76a321816e7ff6cd731128ef0221f625d0a5c7bd7195c0e688bb1b5709bce9ec6f5c25501f3deddfab354f47
a0b3e1dec84d60179c7d23378122d5dc2da4e6ce01cc52e2dfdc2181c24c7a634081ca0475634081ea98c91b030aacff72975172be8da74ce38502d5
689c370614584f2ad27889b2117274634081cd86801b030a14297d6f0c28f0bcd29f699e07f6fe16699e078a6d4eb78d09b7f09c18836e3c29b0bf6b
2b9e14a862ab6f3ce996c3d3dc8627dd4891ec563752142822716ea428f09e21702345812addc58d14dd8f63e63d42e0b635395024fdbfd1a4c0def5
089a14a89c7a37b74da08a32bb11a7db796ee679c429b0334ddebc3681cea874a3528135723d48ee873ebdc718dc427a02550eb59b5326b0dbc37a3b
18205050a45bde9dc07bd6c18d820536faff8d82052a7dfa46c1020521bd31b04067adbf31b040c50d6f5ea0fb3d164083216581f7dc841b290b1487
c1dc48d92daae8f0a0d679607fb50e514581f770859b5fe8e617f2e5626e81f2ae2a98db6ddb86cf14730b54dbf96ec4edbe33e1501cb0b4c092310f
226981fded35242db0bdfeeb5b3052602d0cfe4cf3dc9c6411126f0b947754a06d81f754861b6d0b1471fa37da16d89dd9748b580abce734dc885ce0
a99832cdf3c0ce897e8b6bba73d6b743196e442eb0bda30e8fbb937d8823e046da6e295143ed6e9c2d506540be71b640b1fbe346d902eff90a37ca16
d8b88c6f8ea9c0f6ea29485c607b3df9371677ff089ea6c6d802bb5c12b768a8c0bebf1291fb97e9834ec22f1528b4e41f2a17d8ed9afa714bfdb22b
7b7b8b76457be260153545913b8af98fbb29b038ff91a24351fabbba6b2ad2df3d45a7220b70c8c00f2dfcfd65b2a86efb2aca1a5214dd8a9e35c4fe
fc9f18a940e764f8e18e81ed0d43f8218fbf2d1d1e4ef5e36d0a6c72b2fd789b02db9e0efff136058a3dc73fdea6c0f637ff8ff3b87e7c5181fe3628
5f5460afbb3a6aaa1c8ae0e0881f57d4ef25b88ab4d49611f23ef85194c6cb2cf1436f7f02c034317a1bd8deb88b1f7e1b784f92f8e1b73f5bcb3745
1aafa87e7a026ffd39e45c7fd94b1258da5dea2a60eb976ca9b6aafe50d4401589f543517f352330d3f60fcf0cac492eff856706deb3207e7866e028
6f9196ae7440e30dd1fc219aaa8f6706b6370ee38768062ab3f30fcffcf11389a6f8e18181831dfec74ff4e3271213f1e327fad9e791aff6871afe76
1a76b8d04f5c5760da28fd13d7f5e327aa3174fcf8890253bcf68f9fe8c74f244be48f9f28b0d91ef0e3270a54a74dfc10cddfcb2a7dcc586560979a
fe8755063626c21f5619789e54a6c51f28fdad86067f60691f690efb307e2f1f9daaa6c15b74a528c53f7cf427324d32c91ff21958ff962745a6fdb8
b098d37f5c5881755baa86a20644dbfd30d41fdf132efee37bfa39e92053fa0f690decef3c80b406766bec0f69fdf15049f4f8434703bb8d853f7434
b06ecbc2f8c347034faeb614a9ff91fa4f77a9ff03d5d1883f0c35f0fc59844251031dd7fa8955fb1df2d06c1ed551f15ad99bfde3b5fa21b7bb8f1d
b9fd393d5cab21b7bf83a0d1137e686be0dd7ef8435b7f9c5bb22ffe38b702ef66c61f26fbcb968a755bde604b4560b065fd38b20273372b7064fd10
de3d5e821fc21b98b6e5fd10de1fc2bb5b3910dec02e40e087f0fe105e891b7f086fa03ab7e887f0069edbbc81f00f94e3ad1be1a78ef1282afb1383
17c2fb43657fce00df2d919245058a6ddc3f7cf497ade9877de23fecf32792ce8cc22d16d81d0cfb9b6f3d12d21b96f5c34703ebcf2c3f0869a08aca
ff21a43f91748ebdfaa19f812afaf5875f06a6a4dc3ffc32f03ca94c5fd9b36142413003cf6deaa6afb2855d6ed71fd2f94314652efd218abf1cf08d
42fdb0c2c0ba8d328016fe44d759acd1c21f97d7932df2dfab35a617d89dc9f1c3f402db3ba3617a3fc177ef00e5ff0ab46992c3f4023bf2fac3f402
cf93ca5e01d36d3e0054ef27464f7ac99f18bd40b53ff62746ef27464f7ac91fb217d8d8bb7fc8de8fff4b3ccc0f690b1c7f6f918127946e0ff9fa71
8005768ed61f2217786e8b08985ce090dcf887c9fdbefa2864e287a4fdf8c97cfd48da8f9fccc6f61f9616a87653fcb0b4c07feb2296f6fbea5daa1e
4a16a8af4e8392fdbe5a9c56f07debf64ccb6fb3214d810d05f8f17605fe5b2af1a81f86b45b8c31a4c07f6b3186f4b3832376f11f86f4bb7d008611
3e14f86f45c5877eb7c6b5e2a13581ff964f2eabc0ba4d83a33a81b566e7365427209cffc76315781e8c00d84fe0bf7517fbf9f13bc993f4435902e3
5d0830961fbfd3fe3e6a14bd47a579a941f43388bcd320fabd02ac4134fe4250c01e55735d6f8a9e28da24155dd745512448e8d2fa51952503c1a3d1
adeb5dd1b330ee4f7faeeba6a8e5fc007fd6153dfc2dabc5ba3e149dfedf9397b2c744189ab7ae3f8a9e593a09e0d6f557d163e1f8efff6f453f7f96
2737623e50b247715d1373dbdc96d6d8c8f980c0c2754dccb096a36d79c346ce04c9c52eb1aec9997d22c979b0aec9996d22b138ac6b722677d57cff
7f280a2fe9fe7e2a9af122a6e45472a94424df34c603a203d7b5c6100f97a40de3af903c1bdfe3735fd7242f2457ff42f21ca51dcbc1ba2679b19a12
a010f361268208d735011e1083b7ae09f080b0bf754d82074acea35cd73ab8bc42a91aa14ad4f3f736426597fbd1deaae9e20766d25cadeb5f8af8dd
9aaa55826697fb66a455725623b9a4892a41e3784bc2c075ad872bd98950c99e53b2632a58d7baf8813d1166eb5a173fd0e28f7a925b2a7a26c857ce
aa8538d99a56abda23517871cdaf6bcdc1c9d67c04557b642ffc6e2854cd2130afbd557bdb236361e4c9dd50c0ae92ee74fdd01e0f2c3df0df9bb5d6
ad5a2b87686fef9f682d0179ada64ebba649405eec23eb5ad3ecb6ffd534f46e5c3c50daa1483b64f77c27ccae1d1ed8df66d835434ec9dede576a06
4ebe844aad1fe46b19d735df6523003a16cbf2fa4182074a12a0ae6bdddd08b5e70d8d500f8c9c57b0ae09957df147b2ae3ebe27654f87ffa95bd3e1
f858db236823fb0325bb48d735d9f907b32b78fd78c5ba131aecdf742ec7df5bdfee0d3d1f9dc6ed5e907c5f39c7645d7b4137549a27df7ffb25f173
c6e261a8842f0d4d74f898b2533db6a675ad7113e497e5f58993515413f7a748db1eaf561e010e8dfbc0fa80d39087b64ddc5ff52d1ddaf6813134ed
a16931a846a683e40fcc04d2ad6b921f3e9c9ed6388c98235162dd0b34ed912d4cbb6a688c9c6cd747c6d0d01839d9ae1373680c0183cd4435889e3c
61ef7819444f9eb0cd6430481ee6f57e0383e40fd4778519247f60df7d1683e4e3953c951d247fa0162d3b483ecc2cc41c3a7dd835a5b2bea81ca9f1
f7fe99f6e12f6c47ea31c9946330de05659269be3b38f26f930439b33a3120eb9a049c83c98ebb7e1021bb9a1a956192003f6b47aa3b891087e1fb45
4d12086534de27097234465265afeb5702961c77e9612ec4464198ba382ec477313d7571285b31c19cbad8f6798bc769bc9fc9a356f2ca53032171cd
ac7d6a2179c8de22bd6e977d8d94a736c3ce1a95e1d41ad9521fe3eabad6187648bd35d3180ff466e53f35c669bc1ba3a7d6884ff05d764ead7166dd
cc277c6a8b074ad4e1f177690b3bab9a4fe0d2180ff45715b834c6037bd51897c6b8dec6709bc678a0bfabf7a531aeeeb60870192e0ff477f5be8c16
1cb051442fadc1dd6716bdb4065e986c50eb87e6b88c8d087a698d4b6b104a6b5c318d1e69b34b733cb0bf9ff547732487f16ec2f9688db0c249fdf8
688df809df15eaa33592c2f8a00d7f34c6476344f08fc6f8f89c681f1f43232196bbd6fe689fcf2be5fe7f2cd41f8d90d4c57f4dc53542ce096f16e5
8f4678a0be5ff34723bc7bb4f084af2a3db0f4b754e9ab4af1cebd8bfe5797d9a4d5cd345f633a276cbc4ac7572f7ea30c7ae7572fc63dd77c6d5ff5
7fa05683e9abfe5ff54f5b7dd53f54f38f485ff50fad5cb5c893b72e4b66806956bc75593203acdb94e9a03b66592d7feba050cdcd6c716b0c3bbefa
5ba6351e2ed9dfb9e126539c6acd8a799329677afc99da6e32dd64f24a320998ece6b6fb15ea973c2e79e5cfc8fc85bb19bf3f62e6e8eeeceb5cd7c4
8cebedd5767e46a678499df92378cefd7855a71fc1854b7693ff8fe40f944d9ffc086e5758f7b1fd8c8307f63f74ee671870be755ac6cf387860fab2
7e9a2c44f6e83ed39f36fbe563b6aefeb45952270f8bc64f9b21b7c9f43c36e476b3032c5ed3f5a3283387d714554551507ada76c35b0323e9efd775
57f4f47a3dfcd9a1c8787fff6d2a9b3927563d4e4567ce142829ba147d3cd952f65576a70fbcf3a7283b10d3de1b2a1ba8d986feec3351b4a5391411
73d3eba918261b283333f186c806f671b88be088ac0567c364035b5c60cfa618457a3d53d986ca067adcd64f90b722bd9eaf7f436603659b6ed31a0f
cc98c5d7f54751d6f2a4015b3f6e6569a0182bb64d0321913d0afe8644069c66b0ae35aded58d948b07ebc8f66c464906e55db2291dda34864a0c6fe
baae356ed5b8110a87dcaa66233c761858b7e59dd8e1c65d96433fd60fcdf640692d52a18781310c8eaad5aaf6c874bee17d81faf7a71e8442c5ba7f
43c50235dbe1d7b57aecea11fd78dbd5634ff7b534f8ae1e185b7ce1eb878a84b1c598baae75df03abf714e9839c0fd8c889b16dfc6c58fb86b20506
8bd1b6bf12f890b3066f4dbfb477b3778a740bb2f7979ae17a81e7c9f41eb217e84dabe17a818ac76fb85ea01e3a0fd50bcc3874d6b5466bbef6ee36
2d94c3539ab6c5e1b64680a547ff73a9de3af972460a52b675f225f1331d60ebe4ebe6a94cf85b5773e7a19820ba9a77442afdd8d53cc7a1204d5bd7
db28646296d60fc2f42cd5263d1432f0dc96bec521036390b9eb6ec1a309975c3ff4778e2744fbb6aebb1d4f383ca9bb79eb68cb1bf619d851d90dfb
0cf4f723c13e37aeb924df5e3ff46d5c733967645d6ba1c350f7522c327024afe6ba267b12a065bff3ba26fb0335a99ad635d1937f624473dd0ea2e7
c0f466f0a39581fa4e7a6865a0262bc8d8d0cac05a8e22385ab90944edba73107364b2f139609adb78454a35d0c380d34ed63591f8e5e22a5e3fc814
7ab89993b0c34d3869ce58593f5477b024e6b6a9ba526374f3f654df1c93de7c705375f1beae6df1bec0b699a7f0be0def7b1b04ef0b1c39bf615dab
db0335aeba75adbd1f28c3928bf76db2481bb778df9613118f77ca40f20223e19eeb9a00090a3d0e2f40e9021d81de30bacd0eb6c350c0df020e8959
d73eb3a4913e92ea7cfd20fb0365cec889e50546d507585ea0a3de1b96b709b93ccc400856a0262c7c5dab1a9674184658526009906eb9de7f8b2e7a
a48f91a44d9ce461a5c792369bc77c3f585260ee3e0c2c69b3792c36eb0d4b0ad49c45baaeb5ed2783c36c852505b65711c292027b314163491b4a74
98a151a2c0be694694684b42b4e3a0217c346d12a21583e3a3313e9a5691c640a60e4a03b61458b71140637cb2d93e86f80d5b0a3c4ffa37adf1c04c
fae9b17db5063759ce9b5b3f0c846c27db8c17d4687b23178d78dc283077ea066eb4f1a61d94391c27300e5d7c7be903631a1c58cf66a318bbc9766b
f0d09e4279c17a367ce678cbb46e4e5c4fc4c7ba26c19d9d8bd50b48709340f7dd24487861b79861429b8d628771850a058ea43258d71a3c8eb86a4e
408536beb3c36283be6c0f57d9d948375c65fbbdf58804d84560bcea177a11d8b9b636ec2250caff115cb66e554b592a0e4ad1efad66dc8586c54f0f
21244766e4829094d7db5653b4298a0b3d23a5e02345468a0407ad1fbbb2a434ac8a9aa2969a8f147545cf57922d5bebfa50f4d8508fee9543d1c8c6
63159b8ab2753af6a982b4041e8535459722ddd8957d9425c4b8f9ff5bd12b796a86b5048e4224aca570c02547fafa51942502c7bfa12d85032e51a1
eb87d678a0f6f736ad2172ef38223b5a116874e1825604ea9eefa6f09a154c23f1f4eb07111ea8a37ae74f514c436acbb716789e4cb371ae959cf152
b56451db6236181ed507f19a251c715deb83620c0f653a21dbd59254725d132abbd5ac1e05e109ac111b39119ec09193bdd7359970a00455ac1f842a
0983302071a040d90c181428b06dea8f02157eb4847fad1f7aaa668c468b2e7c6681cde45bb0a2c0f67e035851a0ce3fffaf7d2490dbfdbdf6490c61
92e7ad6bcdc38dc6cb55b8d102474e215fd7da07773a869a698da48fceb9e1eb5a63082b4c60d7faa1eff6c8141e537632ed66cbac45059f0ad46ef0
a15381e7b654049f0a1c3969775d13612782cf189f0a1cef37854f955de745ad2afb5bdf745ea6c6822815dea89169bbf046052ad364c15a0247360b
af6bf54892e6ec295ad7aa213830e9d6d70fef6cde997e415e8a1c75234b56e99a2d39eaa8030553299259245bf9fa612c84aafce91754a588184cb6
f2f583043d83212b4a41550a5e92ddf0eb87fa66531bedabe02545c8603214ac1f7a3e9999ebfb5252f564663123e22081f2ce88384860fce9641c24
50ab91cb0316d8b3ad675d6b8db09264095cd75a43c0600e015e3f881e775712eaae6b927377f142144c25d0b295685debbc23d17644c2540a0fd8d0
ed3c6081f6677ca32a018e9b82a904d64d29c2540a5a92bceaeb07c91f58739e22920f03c1acc9031658ff9696e5012bd8cb88f655b097c04ee32bd8
4bc15e928a68fd20e703edefffc807be6ed50c0fecd598e0fa0a6c3224ac1f5a66d828934e1b5ae681f6a737b0a240a3be16aca86045c332891505da
9f0f1f2b0a14aa76e15a2b32018e98fb0aa759603da948cb3cd0b24de9390f5c510680a900752afc635ca505510ad477e8234a819d13a4204a85836c
588938c8024de44ac19d8a98c661d9419e024db44ce1212bdc61c3bc8d3c059ad092c21d1628c54041a702a513009d2ae8d4b0a0a0538196f46eeb5a
733cd092346c5d6b8e079a009d824e05dae64be5342beff9f2c4d440395efef09cf679a0e1ae85cf2c50a7d993cf2cd0de8f9ecb2cb0e5d88f75ad75
50ba113dbba07445feea98fa0a4a17689bf994cbac70990dcb159759a06d74032eb340c370cba575b2672e99b5d7b5d6b9cc9d9621fc3030a676c50f
0b7e880c16fc30b0bf53207e18689b15073f2c222959880a3618689b0f111b2c128e0c8b09ee1768a29a0a0f59f9bcb22b237bf263bfcade87ec1fb2
7b27d9c5600ec2a38381969d92eb9aec0ff56b9b650ef50b6c1bc50ef50b348154e5f3caf94baeb13c88f915c94bb25f77fd20fa03fbabcb7c89fe40
134453be06c2038dd1ab7c35466232f9cbcb57633cd0926f7e5dfb72ec9c4b3afff543fb3cb0160aafd43edfb4cf5b59edf33510e87ac866a0248fe3
ba3610be691f9317475ce07932cdc8135778e25e993450623e87c90b4b0db4775dc552034d5059e19b2b88ebc01710d740db68b9886ba009342bdc75
815af41c775da030e516ec3630ff7c62d86db9dfc650598df140ade611b4b5f0cd0d3c806f2eb0fde900beb9229909d74ae19c0becefacc7395778e2
920571fd20d48f5019eee86df9e9621313bf5ba025c27e5d134104e9c064f8dd02f50fbf448c8b0852eeb38219079a38a9821917047644edaf086ce0
29db53b629dbb2c76da6a828ca72b7ff1f16f08af306369eba8af206ead6bcbe29caaeb8eaed5d514fc57b8a0e455a46d15094c19fd5aba2bc81968d
8bebfa5464151d6efb28cbe04fa7557ebac073db91b25b5976897695fd29ca2a9a99bd62c1757b9b6fa44cf36d19fd64c2822bca9b2c5deb87d6d8f2
e147cfa8dc725516c6e415593fc8be45f6e60564e7831b515b2a1f5ca0253be1babe146504e48babc872a0651bddba267b79df99ea16ef4c96c4eca3
5bd7de99a38fd0a68ade569957e69f27bdf38142edabb86c60e31dace57de737354bdbe2b215979d990c2a2e1b58a2a71ab86ce5cf9b99802a321b68
62362b325b915934bb22b38196ed6feb5a17d47c98bbbb0cc80776a17315bfadf8edf4ff1a88d76ffe29d342090a2d4637821ba8e57da57eaae9a7ac
2615bfad9235724b540437d09237715d6b34f19f392ee27106a56ccfdc1b1e5577adb1133d336115e11958b7452834b8722b666bfcfa41d01cae5a0c
353438b09ef467e44483730ec413dda76cc69ea088a0f8ed3401e0b78196dd8c8b0590208721fd574482a63fd36a1c8181c22f5af901aba0cf99a5a2
720456419fe6098ec02a4c73fa6831e340b1f057ccb836edad1ada5be4664e8b583f8cd21695c157803f075a924d3e06f41475bd92ffe7fc0b6cd9db
b4aec9d4759489a813ea81ca765e11ef40f98b365f11efc01a438a745dcfa49975bfe2dd813da9d3d6b5aeeb9934b3c657b43bb08a32827808032dd9
2dd7b5e679602f060b221e5877a5cbf9076b4feb1cdea8751ed8051a543cbc22cac9cbbc7ea86b5c7a22192aa21c6839737b5dababfcf1d3c2841507
da16ab55e5bf0baca2b42b9e1c689b450e4fae36d14d7321221b68cc62552867a0fe199f4239abb8cd69dac06d0345946c456d032359fdd7b5cada09
37cd11e3ad4762d64ca258699d9bdbf2527c33d06ceba8f86660b550aa2194b30ae57ccec0f8f73a2dd23330e8821569ad3c7ed34480b556acd50a89
b5566960a671cebd1768ef128fb5061acdbb62ad5558e7340ba2ad81f64e21f36d07339ef9136d0d344e978ab556792ca7c18fb606c69f17f002567b
ec044b568434b0b446b711f42468aa8b8f567c74f87f9d8b8f4691aff868a030a9547cb49eaf00110ab1ac8865884e452c03454062452c0345e44dc5
2b2b1219c5b2229181f5ffef9fe9cf2b33c15044ca2ba96a4ce27865c52be94578656029b31109af0cb49c1ab7ae49293873fa2ef1ca40db682d6865
a0f0c755b4b25e1a83009c8c8156ac556865452be9366865b5410f8baf3864a0654bddba26395a398d34b432b08df70544c721a7af1c870c944a5dc0
212b97e2d4905c8a81c2525ff1caca7f380d0e2c32b02521fba85864b5416f6a706430d00a8d0719ac02356d15aad860a02535ecba26156fe4d431d8
60c506a717e851a9f3a78e41fd02db3b47a37e81f6ea37985fe5a0643da8a85f60d523e303f50b6caf2a8dfa0556bfb84bf7d9eec7635e91bac07a67
fe1fa9abf6f64d8a226f64a0fe515c3823032ddbe0d6b5ae0a831bccb115830b3c7bbd9e220c2ed0de450c810b941ca9beaed5d6e14c1469eec99a80
c867e75bca34f7c3c25aa1b3616135c7d38ebfb74cdb3eb01a4d91b6fda1d0a9da8e85059eb296b24d990fc16d4551715b4f595556f38699a25d519c
69594d773c2bf03c79a4ac2b33b0bcf350643e2c291a8aa62747ca4e65f1241efeec5294897fbaeba328d978baffff2afa86bb2aba15dd31fc10f3a7
c848cb7fe159816dfc9109cf0ab424435ed71a68d353f9f4766c29d06cd9d80531eed97df7ec7d4b99da861a2561c6ba56db074a9ffe4c6d73c4ec10
9dbcf306ee25942166dfbd68da92a6d59d3855a0e6ccaf75ad66258c61fc1fc6ef1de5da8b8a871ceff8556008d1dff1abbd6aad284a3b96146825ac
74c792f6ec891bc9bdb47e1828494699d482eb9a3055a346f7d8919d404b0ea575ad6e55ddb266ed684ca0e5d48c75fdd64da3aa9a46dd0dcea8d53b
2e12584fe6365c640ff17024c493e95c5976bf6b68c46397c2c3dabfa31481c6b7b1a31481f976244ab12739c7b08766172218d845ceefdc6f81ed75
1bedfc6f81568cbbf6d6231395118b65ec4e973adca585423c8aaf0bf1d83b017c12f843a05ac277fc21f0dc968ec71f021b77c08e3f04a6ad6b3bfe
10789ecc4b1188c06899a3770462efaf9c911d5d08ac5114a1d085c036c42feff84260a3f7ecf84260e7a4dbfb2b682647b301575ee0f9b3b42d0e11
986c273b0e11786e4b1371e605b6a4165cd79ae8d044d1fb77debc404bcef0e7180545be832cce3b775ea0ec614fbbfd6c81c6dab7e32d81c116b7e3
2d8166e3d18eb7049eff4fb770f005d66d5ea9d1e2947b768a3d659c7281a5f5e7494eb97d18a5593b7794641f5e1ad93192404bdeb675ed9d434f99
a4c7fbd2476ba54fefdc698125675a88376d77c42a0fd58eb8045a3153202e7b369c0d3e991d4b09acf117a1b094c0fcf382a9b9e33b1b8cfd3b1a12
68e29a762c24f0dc96eaa2218122b666e73cdbe33c1b7c6c3b1a12a8e2e77734648f0b6c7005edc844a015731d2eb1279dc6e08fda798c02bbe8a49d
62bfc73d345829776a7ca0e684af75ad3de21e1aacc13bff50a0d9b5b853edf78be26a02a4b4ef122846cdd929ed8196bce1eb9af051da7388cdbad6
c997f6d0e294f6c071e8784a7ba0b118ec94f6c0f36464e70c0ab4a225e9f181c953b0d3e3034d6cd94e8fdf3f44f7b9700f05f63fdf01d57effe8e4
f751727e6249b342d0d903ab1a9189ce1e5884d4ff13337ba606ffca4e670f344c67e70bdaa3b20f96d19dce1e68efbacef113a84f68f0bf576c7ea1
c0f3c7692d8ea1402befbb344314ffc150b253fc03db3b4b53fcf7ef2b4d9a86fa1e283b358bfa1ed806cbe94e7d0f9477d6a0be075a3291ae6b02de
aa1bd3c3ce4d13686fdb73d3049edb3caadba2d2b37fee54fa402bd4107e9afd36147d123c308182a6ec020703cf99ceca4875676fafc58d961f98af
2a4dcbdf69f96a46cbdf7fde1982bdf385045a798bbcf381f9aa9874f5c03658a176618081668b6ea3beb73f2f08b56db4df4063ca6bb4df468965ac
6a94d866a74fe6bd46890d6c03ed6e62e6022569ecd6f5aee899457318fcba6e8acca269c9c67f10d8936b655d0f45d36d3565a7b2337b1bbdf352a4
0fa21334fa6f60feed5ef05394f6880dba09a30b3c4f8e941134392a72f2cd738a8ca257d0882047456008d268f4eb9623500712d528d8818908350a
768b3b62d0e01b7744a0f0a734ea72a02637d2bad62f0f8c9c1fb3aec9199bff40ce1ba37fa062bb8d1adca8c199701a3538d07272c1bad6b6b1f9b3
ab3736ff40e35d6a74e5c0cc6ad7a8ca818dfed5a8ca2da9d6dfadfd8dc53f307344e7bad6b271020c6a65e30408b49c00b3aeb52cc59b5edc28de81
893a348a77607384ebfa41f23d92c798d6e8e281c24cd6e8e2815a7c1742e15a360d0d0a58db5fa932aadeff37aa9acdda59181a95bd51d9b372362a
7b60720c344e80c0e6a8bef5c387d1b01a7f46ce96b9a979929ced955319391f58034d1139e9fa51341b5dbf3542452f6e7c0581968350d635a13aa1
b200366a7c607d517992161f786ecba3d4f840136edba8f1adab6e16a8c6c21f683968e2498ca0e8090d1432d1a8ec81618367a3b1b7ecf71916a546
3f0f0c5bdb1afdbc1d24c872d668d981567cd994ecc0735b24a06507f6aa3d28d9edf09545f16954eac04ca6df754da8c4cc394777fd205562e6726e
c5ba261595bafb3352c53b50fe8f9330d7adbec2434f12fa7885be936dc1ebf5e42060d6c926322eb021038d4321d08a599543a151dfdfd980fa1e68
396de739944851c69daf84461f789ecc58a4d207862de18d461f78d21c7829a91e9839eb705debdc6c121aef3a365ea9329547276cc2e102cf6d1154
385c608af269dc136d6a0ff301353ff0586e52a43da639da30e63208ec7f860a5d3dd0847c34ba7a9baa1bd2ddf80702f36d70ee8176aa871947b85a
a0e5e48c75ad1ea7892fba5513af1678696ce31e083cb7a522fc0381f6df0b744cb6ffec51391aff40a0b25837fe81761a59068358b440fbaf1a844a
2cdaaef7308b402b26562e837619456f99da267cac58e93186c0735b0440191aca404e9421b0069b3f53db8f7ea78450e91b953e34b951e91b5dbd58
afe9ea81f2ce8574f5460bcf190deb871ecd661cceb6460b0f4c66b9c6961ed8de45855e1e2802a71bbdbcd1b2abe59a96dd68d9e1fe8d961d786e4b
7b33b9070a9f62a378b7d8cd47b5aab09b075aa1ba51bc03e3d5c928de2d5b719ed08ea78cae1ca8f65537aa726008a66e54e516ebf7a8d640d6efc0
26eb4163fd0ecc3f5a02eb77fb79671ce14dc45160088f6f228e02dbb0a3a5d9fc1f980cd64d1052fba9878f4ac451e03828136cdd81f97eb4bfb71e
09cc8de3a651b21bf5d92697467d6ed4e718393af5b9ff91207dd0d9b0039331b1b361079ab1dc99b003ef5cda99b00343128bce84dd938c6e0806ee
ecd58161ef7fa7b177eab9b0be4e3defd4f3f44aa79ef74d433665eab14599988ad483922dfebe53b203f32feb58a764774a76250225bbbf4ab67aa4
d57ab4e79123379ed48fcaa23964ac75da734f30cf488ad3f543458a69212f60780e3cb7299bca322de47beff6aaf4e2ab4d2440a72b0706c761a72b
77f6e164615f3fbce1817dd7e214e3c0ba6db8cd1baa61e4360dc28c5cff1fab78a7397756e6e98f55b31a79f9fabbdd2081772eece267fa4ec27cd6
ddaef62e0f5996d44e3f0d6c33eb73a79f06d672973f13ca1258b55064f8b4f897a273774a6c6f06fb749bc1de927e30ca44a7b106de00fd4e63ed09
6519396271fdd0800fec386b67640e3cb7a5b6accc81412decaccc9dcaba67caec54d6c0fe8e012a6be04917f914096fe9b4d83df352a7c506bad48b
9d16db7b779b3263f1812168a4d3583bf3b160ce4e190d6cefe7c47c1c38042275ea6960934b73fd2041b682b04b74e6e3ce566ce37d672b0e544992
3a2db65332f768fa9d9219d8846b744a66c0a1b1eb5a6d1f3884fb745a64e010b4d785a004aacd8b9d5e19a8a236fbf156f6970753317b35023509b7
d7b5ea3fb0f3f17786e2c02277a9174371a72fcacbd9e98b819aa4d3eb5af547aadffd99ea674305a35ca72e060ef698ce00dc597bf7ac289db53770
bc1d4c0d0c3cb72933ba13a7c25ed2c5a17436dbdd22400f0cec7fef6dea31d543917a9ceaa169057b040eb18f9d1a18d8df3ea706f6d310d5c174be
c02146aa53f9028770c54ee50b3801785d6bda332323fca653f902cfffa76dc584040e915add1e85cec06c9364a706060e2ed64e0d0c1c6fa3510303
07eb7d6772eeeccbb4d1cebe1c70c2efba26fa952448e66c912381436840a752f6cb1032dc298b01a70aaf6b7226b463505a3b937060ef260efa6367
ff65aaececbf010722af6b55cb6ef1b11b44623b029549ac0bed08545befbad08e4e1bdd750b6d34708892eab4d1c026e14067390e6cbb11cf72dc3f
a617ed41410d1ccc819d821a388437750a6ae060e6eb14d480e388d7b58efa6a0d5d40410d14168e4e3fed89f570e2f7fa41ce6f06a4f951ac47a01e
04b0f13cf03c99ceb31920b0b7b76ae4fcbe727a293973b8a960acce7e1c38de1e603feeb4dd2757efbf976aca70170ba20129c39de6bb5baa69be81
43085fa7f9f69c5ef3a6eaecacc4014746af6b357f60b144d554f3dbe8d45cacc481fd959995b8ff9258d4a42af02370bcca0ecd3a70080feb34eb2e
3c64d7b9c243020e8c5ed764fa25becaa7448beed26569535a74ffe98df74932458db66ba4d3a2fbef95e911e0a046076af293afeb4d91a53acac6ff
18bbb72c5b552508a05d2a15059aa34bed7f13aec4e47ceffb53b18a81ca4bccc81795134960112c5ef990049c82fdfd2e8af212527a54d276a0cb65
5249db81ca8fa792b6034ebcfe7e774599ced98a53517691ee5e97a29f47ae29bb9565866737331a3551e65fb53c934c1e28e2202b8d79a07258ac34
e6817165ee46651ed86415a984f94a8b4e98a9a4f9c0d66635fd4c9e6779102bbf924ae697f8b392f90395974d25f357ee27f25556ee278155a878e5
7e5251030931eb323bffe46e8ab2142a65bb949e95b23db0e64c874150158de5cdd5ae620b814aaf5ee9da03e36669ae14d181cad7a352bf570482a3
414520029547544520ea3a7b9091c416028e30ff7eeb01771529dc2a779540e5d654b9abd464759ea9682b0ffe40e52a5479b054aa7be1d195ea3ef0
b52d038ea1d4449a37690c2bee11700afbf7dbbc6cba10d369a5840f54b681bacd2ebc79406ae116b568479874a5490f144ad64a911ea8dcea2a457a
60f9ef6646b25832f34a4d1b50399854dca552aeb37257e425b071e6adc84b4d5ead26e146a5490f38d8fcfb6d7069d279a156bca43a29d50b8f9754
6e33b2a755aaf4c0ca305769d22bb719e9c82a557ac001e5df6f3d4db2ad26d158c53802ce91ff7e5b1fbc5f64d8aa1847e0bb5bda466d1e709cfaf7
5b0f8e2ce7d5cdf420ce2fc7aca503c8852c5015b9085466908a5c04be6a11342be794406554a9f846a50f9757a9d28707969c2bf0fdd6b46ad39d65
da161df9dc87a9c803a35a1a42471e68f27456eca5562b3c0246c5550275b867fef38b5d5199406587a9a84cad19077b04de52f9ae484754519240e5
a25b51924065b1a8b4e681ef1b9846d29a071c17fffd360a6d76390348451ea88c29958abcb6d9e58c3d7e13a8ec4d15bf097cd5225f540427b051e8
5704a7223812fa5604275099882a8253f9aef0c0ab7c57029505a7f25da9dd8af291eaf309c3a42ddb40a5d40eaccda8516a57898b779f544e298126
d150c5792a6df5ee6389ba042a9fa58abad4e41f6e9c5e2ba212a80cf5154f09d4b955e12981caa5a3526057d4e5f079435d0295feb7a22e3571d2ff
2d4f8e3081ca9254f194c0a89676202a81cacda3222a152b397c6ab092c03a97115612e8b22f544e2f81655abe2aaf9740e5f15379bd547c466ad38a
cf042a5355c5672a3e234369c567024d92868acf547c863f6ec5670295f354c5672a5775494b2b4213e812b9557c26b038fee5fb47e7730c0d4fa98a
d0042a2fa08ad05484466ed38ad004bac46215a1a909786e02d82bfa12a8cc79157d09545e6295c63d50f9935484a6e220928f561c245059f32a0e52
85151fde65ec2250395054de299577ca61ffe09d12e872b95724a3f24e396253ad5846a0aeb3c81c3c46d212c7320295f5afd2af571e2b328d561e2b
8199a5a6e22295c7ca611d2123813af7146424d0f914575ca4be8b2b73375ee8816f5355a4a314f8548e95023fd073f0eef7db32a2c09756b4a21e81
6d7e6a508fc0a89611c73d024de2b94a835fd19123da848a8e042a0f878a8e5474448ab0868e34ceea32ee364423507260eef7bb283259d12c359afe
c0b7b9ed293a14e9e991a2aac8fc4573d5d08a405d673b2e45da16c2d3b89307ba3c8a8da63ff015a9b52ad2838c5b432b02957b51432b1a5a9143be
bf7ff420b482d5b4a11581ca57a461156d3109f94237e4205099341a6ed0169b6cfd3fa2ba1a52106894348d534ec31324fe6c7842a0b228373c21b0
c8b6d4f08440979cb2e1098dc82e3d6823b207aa2c1a8dc81e38644c6ac270db66191b7b1ee6819910ac91d8db661967f76e2c0881cab0dd18101a29
5e0ecb468a0f8cc8ec1419c12d1f336b8c85a06d9645486923b2070a3ff4c6b9a6258554cb99c2df3f3a2f855476a12685546013ded338d2045ab352
88ff2d827d9323b391ec03bd59025c641a615f0ecb46d80f6c62681a613f50e4066964fd46b0aff98036827d6092cd46b00f6c4dd7c9f58d102f2b72
23c40756725e23c43742bcacaa8d101f2839a0f6fbad533998b2c999ddd825022d87557ebf756affa9968eb24b04be9dcfddf48a437c8d44ddc8ff81
a5db22d82002bbece60d2308146ada8611042aafca86110416169f861134be358cbb8da522b0c82ad2f8d6042a0fadc6b7a6b167e494c8ef1f5d3f92
75221b6b63cf082c73a362cf6828071d5e3b66d79f6c989ee9d546396ad84a4339021b27bf8672349e3a321435368ec0b7ac72379e3a8d0b8e88fd86
5f048aa3561a7ad1584704f435fc22d0e4196aac23ad9ad0cda5ba35a0f2ab680c1f81cae6d9108840e5f7df183e02e366e928cb47a06ca1060dcd08
54a1000dcd68bc739c1bd2f08c40b7c5a01981af15993c34a3a119d5ab8d6604aadca80dcd6868462dcacc71dc6e18c51a9ad1d00c427a433302ab88
cd8666b46ea6220937fe34818d28df308f169b4993fab3319a040a1370c33c1a3b4a8d78d5d851025b0d6969ec280da79010b8e114812a5aa2e1148d
3f4dd57b869440919cbe31a4349ca2da60718ac0f237afd48ed3808406b7733664f0ae368b0cc865e26300682c1d81657e9e593a1a1f98f9d960b008
5491168d0f4ce3fcced3bde101812ad2a2a1018dc30b0fd846c00f2c4c638dc34b60a5406f12deb684a736babb46e60f9421cbfffb8b8d1104aa1894
861134e68c3a1f66e9c59c21c15e23fd07bab4c28df4df88fa755633aab15dd09136a27ea0d1c535b68b765b1711501b513f50a4b46944fdc678517d
c5c9fa81429dd8182f02457ae3c6b9a6b167304136f68c40e5dcd0d833021be55663cf68dc72e4406a88436026266ddc72024d669dc69cd1f8c34bc9
d8d83302d5515a0de368cfec7bde13c1ab812a375fc33802553ebd8671045696e8867004aad4720de1684fbade7cb125290a54fece8df1a3b157e48c
d2d670844015b9d3d82b02f5cf0c600d81a5c9efd8d086c0368515368cc0b70729d25a368c464a60c308ac53b4422402cb94df1189c6b95e8875c31a
02558ec0c6b93ed0db2c322baf05e96626058ff0f5ef784467c3c0853a1b46c72d36d53645876a3d6555d9f02595bbaeb34e74a481f1af230d9d2de2
4fd1a54843f22dee484360e9f9b675a4a1b345b4e83a3ad61058443775a4a1b34564de3bd2d097e64a655d59cc247f6ea669b11e88dae80842a04acf
d611844eb49fe341b40f54115b9d68df29f75b086fa7dc0f6c9c773be57e5f0d513eec9d263fb0712fe87ceb0355deb5bece7618b52849ba8c3d819d
a0d61185c0d2a4abeb984260c67b744c21d08f7c9f3b757fa08a12ebd4fd1d9f90d4aee313812a4aace3139d93920c769d0920d0f1c78e62747c82d4
def189409341a6e3139d1b7e8bf8d63185401573d6b9e177e44122b78e3c04b6be2ad20596028799765421d0b1e2ce52d01d272f855aa77b0f54626a
27b57742b52c5f9d501df8eea6e85114192c425ee7eb1358e98c3acd7ba0e3f09de4dd79a7b77c953aa13ad01d3ed209d55d90a9b0cd4eaa0e54090e
3b3d7b3f2cb67c963a113a305cac53640e0ebb4c5766120674e9443b11ba0b1f95ccaa93970355caba4e5cee64e3965db7938d03edfffa6277a273a7
5f6fd9203bfd7ae70b14fed529d07b4d9b64b6eaa4ddc0363726d26e27ed4a29d549bb9d9f8f7787b41b589a64519db81ba8727f75d26e6fbb6a593f
84dbc052e7038c3e41b64776e804d9c00c56ed04d9ce57bcdb82f98a07be2f6aaaf115eff4e5d2f874526b603aa776faf24e90edb660826c609a7e3b
4136b0fcf7ded1a107be97cf03bcb1823865c9ef8238035daafb4eb6ed3cbe7b348c9dc777e0aba6c843cfae5ae694634fa015bd22db768e3d920775
c26da0f3ceeb64db4e3bee008c4e3b1ee8bcf33aed781739dabd7884db40e79dd729cc3b79b75b35e4dd40c73a3a79b7d38ef35aebb4e3811936d869
c73b5578b7099381038d7343a70aef0240c5547601a081ce23add38e07aadca89df01c58f9c075c27360991f16c273a743ef365c3af44ea09e457693
5ff204861e760273602b2694c01c38ca7ca4d118b096ea5e564cfcd31da7d389d03d67453802a9734fef44e81e35672742f7211c1f12f574b2716025
f476b27117cbd97d1c48bd8179dc7317cbd96ff3645326e206e671cf9db6bc937a6537eaa4de40751a6227f5765e3cb21bf57b36f74935cd357534e8
4e3aece4d9c0ca08dbc9b39d06dde97a9d401ba83c033a8136b06cde0cf19dfdb1a35465ba30609e4edd29d0bb942d9201f567b6ed4db5b483d8db09
b4748a9d401b389c0ed909b4818eee77026da72d97e5a7d396073a72df69cb3bb9772e5c726fe05b6aaa5932e452c9804e7269a090bf4fee36816f2b
aa295a154591dfd4da148ded5aa4df49097e125ee5fd3909af8142763809af81261dcec9b5e624cff6aedaa92ce15df3999722ab68b6f6a7ec97d67a
e6adc82acaf7f3e46f139886f053829693744c1b79928e03dfdd5a8a0c07fd79cf67f6240a079a239e4ea2f0497f2ef1cf497f1e6872ef9df4e78191
e12c458648ba97ef4bf0ef8ff6c96b27d044e49fc4ee335af88f6d7898f18a90ed9b7d12b203a39aa61baf251172dd95862bcafaeea8c493363ed09c
127ad2c69f51b37fd532d2f4ec8126e9e349cf1e18d594199bd5d8e40144f63322fb0cf03a89ec814ad03c89ece7aa0b8b325d88437f890af3e4a273
46b93f93e99e64f6c0277aa61a91fd8c3f4e9753e824a007a6b7cc49400f2c3384f224a00786e89e2273b9e942369393763ff0bd3bdaa10bf1c799b1
4ae736db6b9f4be7f9e39c451722159c04f4c094004e02fa59b4cdccd0db0706854891b625007666ac3849e3818386e5e4b773166d333334f281d6e7
95b36daf6ab954ec406012f753ec40609991b8a7e08140ebb3c8a2d9cd4271a95918d0e41a3ae9f7036dcb3e77e20ee7ae5745995e0d98e2cf49bd7f
ee5e8fa8274fbafcc094c64fbafc73d7f908ab278e119809f14f1ce33c4c8c458e5104a6c072d2e507a6adeaa4cb0f4cb5f789769c87e9b395e218a7
44365e3f1ce38ce2beb3eb9c34f781e9b379a21d8151cda53a3a609ee072a21d8129859d684760e6593b29ee0383c5a56876ddbc47943a3191c0e089
29321a0ea5c8d7f2c44d0295a876221f81e674ca9343d1c9a1687e1e7814051af67d72283aeb1c0d0f301a034af13e52e59ff5522d638bca04a69c7a
d2ee9fd57617a27a62378129f59ed8cdd9acd24831278e129832f449251f987cf9c45a028370a7c87c3651246a59b74da7a2463e69e90365b353087f
087c9cd723cd70b32746857852d2079a1c012725fdd9addbc835a738d8b3e76db45ed09dc02688e4447702e34ad5f4b327bac74c614067f73646223a
d19dc0709c4b914e75db64d49ba7743781e6cc8f5350edd9bd8d119cce3ebbf0e4e0280f3553dd928c9474f2360acc33624e7c2ad0e4f03ff1a9c0b8
320f652c0834871c9f6c0581afc895fa7e6649eeff474cf689a705a6a7e689a705c6e33dcb689df9b4db6af93a9da7454c14c2d302d327f5c4d3ce73
0e430615290b34d2e8c906713a008232f8c4d302339dc989a79d975d8954c06529d0243c3d51b7f3b2646da26273033359f189ba9d972e907b982f02
d36677a26ee7e53decda6b76af683ea2e73df1b4f3a70b510b9e585960f290132b0b2c9dc6f2c4ca4e9e4db642acec4cc6cd4e1779e26081e6c0ce13
070b8c6a2ed5d39ceb87239d485860544b4f1932023384e9e4c61418d594e97d628965e43d71b5c0a8e6090624f60e5cf364ef088c6ab994b7536032
bf13cd0b347e74279a7786e675ba9e13cd0b34b196279a176892e49ecc1de7ada35e14342fd078e99e585e6026f53fb1bcc0b8520f74f4ce97a6ba99
7e3a1bdd7129274346a04dd681f80546356566f9c9a67cb8d22c3f3a4a32c3fc0293e59d985fa051d79e8c1be7a3a3317c9fc86060d2d913190c8c6a
591fdca902cdf1f4276faa4063c23d51c6f3357b5e1876914093f0ee6417098c6ab91b1a19980cf74423cf777634938033069a14c427ce18a8f38b84
32069a33424e9431f0dd0c85612b094c979393cf55605473a9f178f399f545623e098c6ada613cde388f86f19fef1c8f57b531ba179e1a9801dd179e
7ae1a9f9125c786aa0c97378e1a981713357166591efd3d18bb356a0c9067171d60a8c2b3da02aabb103b414354573885c7a2a4b428b55072e45b3ef
2e7d94a5ef213717521af8aa459eb890d20b29cd57f0424aaf45af229d5c186860ea4e2e043430aaa50b1868a00903be30d0c03c3df4c23003e3caf4
0ac50cccc8dd8b6527d06488b890cec04cb277219d17d289135e48e785741e3a603856ef81d165000a3427dc5e0c40d7aa5391142ed431507d0e2f11
e381512d1d15321e189aef7f7fb52ff12097930e7d1a2f0434d0581e2f36a3c04c4b70a1a481268ff385925e9b3738fbe3c53e1468f2e75fe8e7b519
fbec2e17934ea03916e4c22b2f245298eab5cd2764452daa5951c5ddb2b55e385e60388aa5c8ddd03e916317da77a17db368de2d91d411f52facefda
cd47e48e0b2b0b4cbdd5c5a273216aa2072f442d30d226a648d3f67c5223915dfcb002cd61e917ea161837d30e7390f070b9392f16a30bb512d975a1
56815506a90bb5ba7026c14117ce141886881479c0800da7b98ef980c79559d91852a0f153b910a4c0f462ba10a42bc1145d6cd085fb0466ccfb85fa
5cf16ceac2682e9e4d977c9dde099e4d575c96bac0a80ba9094cff938bcbd2555fd5f250a426304f6bb9586caec45c77312217d2119847e55e48c795
7c9a9d8ffc8561043a879c8b8de58a6750e7267ef10c0a7c8c34ed403a024daed20be9b8900ebefa17d2116822e22ea423d0b82d5ecc2e57fc87bad0
858bff50602a6b2ffe431782c12fff4230024d2af4abcf1e1836ab1ec1081487ed5c08466025f95d084660a1bcbef08bcb5974a600bf086cb315f845
60959df74220ae33aa54eb1b59086c9cdc2f6421b0cd3961fa0914c6c98be927b031d25f1845607432e38352048a13a42e6e4d812256ed620c0a14ac
f8c23b022be9f6c23b2ebc8363fd8577045661c717de1158a9732e0115d7a02265ae504c2450f0b60b130914da9c8b112950fe22915db84960110c73
e126d70cbac858302b5de88a708a0b5d096cfbbc99e119b01c56144b5360e304742130816f33cf231198c0ea18dc8ba1295018262e94e6ca19e4ccc0
17fa12d868d32ef4e5e2a4e513cca874312a5988084d60f428eb15a30914b4e4426802dbee2544680265eed1f84ca0b459647406149153173a13581c
8f7aa13381c2d67c613381af28b5b0990b9b19512afffe4c233b81226cf34276ae3872710fbe387205360aa20bd709941eee77e13a816d33ecb8ce35
ac5c5fadac2d46aec0224fdb85fd5cc2d22d24ec27f05de8898605fbb1f5213f814f96737bc3329cb90ad5fd256ee4e2d8e5354387028512ec428702
657e90b0a140718cd4850d05166ac80b190a6ccc3e17321458d6d90823f11889b45eb4c9851f09dcb9f0a3c03a376efc28b0f16cbad0a340d966c30c
c580c2e27f3d7328b819648a58d4025f2d4546c729765e6c8429f06d258a8cce80c253e0c297029b18f48bd92db009d1bd30a840711ed58541053669
2b2e0c2a5076738b4105be0bddcb800d58a9f02f042ab0ecc60b7f0a14475b5df8536011ea73a14f81953de9429f02859bc30f7b0a14875dfdb0a7c0
e6ccf91ff61428cebafa614f81c5cbff439e02857bc40f790aac22397fc853a0d8f47eb853a03850e4873b0536f9da7f4c813f744a60d50f9d0a14a2
d20f9d0aac7cc57e2c8181c254f463090c2c1c327e385760fd9bb55e4519b0bc7e3f942bb05120fc50ae5fa2f39dd4f563060c6cac273f24ecb7649d
ac2ed4efd8f788663fec2a5008fd3fe42a50d8317fc855a0c8d8fd43ae028545f1875cfdc4dc578dd0ed0185b9e6875bfd18f4c484fd18f47e835b15
26b81f6e15d8c8483ff6bc40917afac79e1758d89b7ecc7981c2def4c3c9021bfdd00f270b14269d1f4a16584524fe70aec06a73fa3103fe56fd564b
bf07acceedfea15c816f3969bd7eaf995bade7cb17f83e84e936bb606023e7fcd8057f5b768aa248b7076cf4403f66c1df96e98eccf46302fcf1d1cb
e6f1e3a2f763c71305f863c70bacb2a8fdd8f17eec78027c7eec788185d1f5c78e17a8c57a2af3012d5665f7378839d3bd64dff9a178bf42aa399419
c544e48888f889c8f9b1ecc9f9fac3f102752c957f7e917f0c7fbf9dec1e9ef563be0b54298e7e88e26ff7ba5b71f85ee010d7ffc3f77e0c6e724cfe
18dc02db5c720c6e819539fac7e0f63b3ca029f38063aa2e53341f70c5cce2fe8626e72e7409bc7e0c56817d8fb4f243da7ef3d4b77c407ee858a04a
eef1639c0a2c88f38f712ab0cc6d8de7dd2f11e8dffb9df9e02c17f86e9651e32bf74b92d62eb7e38fd529f0554bd3589d7eec499b8eb227fd26b74b
6b51bbc0776506b2cd765cae4c0ff8cf0556011e3f26a65f12a67699227f485ba0ca3bf2c3d97eac42145d3f56a14095c5e4c72af4eb3fd5dc6d3ee1
8e6acaddbcd221687c8e7f08da0f41dbec9e085a609e6ff743d002b51e6a19dc448bd03bff10b45ff2697d6b3d2b97a526304ef34b910e4c434dc61b
f70ad4f969c4bd0233f9c40ff70a549a851fee15982ef53fd4eb17afbb4ee3f943b402d375f6876805be7d31ad40b47e88967c953f442bd0374b19d1
0a5432d40fd10a54ee353f81eb3f66a04d3791af40ad7633e42bd09cfff743be02f394f41ff215183753668092b595d6e6877d052a49f4877c056682
8a1ff215f82ecc64225fbf6b8e9932633660e632fd615f817910d60ffb0a7419147fd857a0cd5d904129d02418f8216481c643e3879005fadc8c11b2
1f13136fbd1f46166814083f842cd010e91f4216185766e630b2c0082f4e9121439930ca1f4e14e878cc0f270a347e843f06a04015f3f41302131837
cb9ca04e812eefdc0f75faddb369190eac28d089a3bf7b36cd5612cdd10f2dfa310a1948b4e887166dbbe69acf1885e416fbe14581512d4f10f11298
993b7fb85260aaee7fb852a01db348df9fb8f5daf870a5c03c44e7872bfd588eb65d357d1f50b94ffc90a5c0d7f50c1ab2f47b8c5028f00f5b0a8c18
da1419a101df956a19a0271b026113590acce3927fc8d2efb5fdc65af54367026da854fefda5c6767e6c3c1bb100450934c784ff50944097f1f387a2
04e689863f14253053edfdded9ca28d4fedccb2cb2f06c110e6e1ce566a8d9c2226e5c23f03d53b55d510c354dad4391cf4b96f58d59049a54573766
7163165bec2837661168b5bbf25214c5ef9f67fe14f93065fbbf518bc04cd277a31681514dd9ab2ccae02c941bb7087c9dda52b428b2c4a22fbfd969
02337fd78d49dc7cfcb6acce1b23b8f9f865c06f8c203023cc6e8c20b0700aba318240914fee4608028b78e79b87dfcd26639bbdd9646e697c23a3dc
784360916ff2c61b02857ff58d370436ea9f1b6f08f4eeeefa3da0c8c278a30d814f56769df95dc3b475086d082c1294dc68436093d3e666bc096c0e
f9b93189c0f2379b65bce4fc8ae07463128172ccfe182f914291e16fe422b00879bd918bc02ad9ea8d5cdc835c1c2512ee8d5c0436c12d377271cf24
03ee6570061c7c7a6e7c23b0f0b1bff18dc027a9b9bdc18963e2312f34389bd59439e39718f86eafa9066740e19b7f4b3a10f86a6997c119b0a24637
bb536075c8df2d3341e0bb30638f06055616db1b0d0aac9275dc4efd08149fe75b0452a04837728b40ba4b06c774e04a81af2823812bdd83181db299
de885160930bfb96bd20b0b03bdea85260d9374d35122523319b6a2492a8cc0678b399053692dc8d4f0516e1d837c27427ebc17f9b1db7c8c02ecfca
cd2b32b0322bde6855e06b454607ad0aacb228deec6f37fb1bb9e4667f0b94c3cbc0fe163866fbf1b1409120e8c6c7029bfce737f35ba048777233bf
050ae1fde64c19287307e34c1958fedb10456c054a89707aa37b810d39b8d1bd406196b9d1bdc02258fde65f195824fcbf8575ddec8264a39b5d30b0
112c6e76c140fdaf15460c7524e1dcb8e3ed9cc04d358371f862d807d80a0375a488fee797f9e67e791f736432804c898172d81498126f449561fe46
540375beb6886a60a9b3c8380c28f323c6b1f276b0f9e6fe8661c026cefc4670efc479cde8999bd530b0c8a873a3ae3787c939821c26035fcbf200d4
35b03010dea8eb8da6d272dc786aa0c8957be3a9814d8ad71b4dbdf9389628866e3e8e81ea108f9b05f2465d29dd6fd43550e5fabe51d740e5457533
37de39beaf4bb37ba3ae814f5e534d6b73d6c7574d3b2cf5019bc45d379a7a7341947ffac640039b4ca33713e1cd55b0d84e31d0c038263545da71e9
7c88c68d0f06bece6775a083812ebfec8d0e068a243e373a185829b76e743050e7e6890dde9796f91ce07e813abf23d76c9909b53be37e813ab74fdc
ef66792bf662e42f50e7268efc0546350df1b60c28fbe6a1c63bbe835252dfc8dffd33deb34cdf6368db6691be27a3f3dc53f1bac0b85299ce27dfc1
dc67f1ba9b03e0dc41d1b38028c39bbd2cb094ae923efdf42954ec6630bb93977916b18edda89ef8ad1bd50bac8e33bf51bd9b635f399469ed9dfd4c
cb58b66e24ae1cca4ccb6d5ab2fc90b840fdef667a9053fcfadc3c90b8c0ba2d8af420e15b539cc3e1024b25c2a370f763561002ec2c5025d0beb1b3
402d280276763f969fbee35d8155ace32d1dc18d8a9570951b15bb9f99b82a45fa9920afb99651b14095eefb46c5eec7ab8d49b052055699c86e56aa
fb9d9dca7030400536fe8537c616f8aac57475e3648195d7d1cd021518d5d25126a83b415e0e56bdd99b0275ce0a32175864d0bc91b9409dc38dcc05
c6fdf54047df7cb28c2d3677a36e259fd307757bfe660f6aca766574bd3d4587221b67249007290b5414ffc1c91ed69ef4fdc1c902e34a0ffd294bee
a1ee99b722f3d25dfa2a1b5bee1e6ef8206081799eee83803dfce958011fa69c401d29cbfff9bd7eb8db3dfcdc9c6dfa605e815ae6f31f45b1d96579
3e9857a05a9d0fe6f584657504f041b3029b04830f9a15a8d6d883663dc96bdcc5693ec8516091d7ff418e028507de831c05c695da619cd7acffea4a
7d0a3beadcca1ff42850e5227fd0a3402d21b50f7af408ca12e5f4e04781af5a9e891f3d82b2f8f33d0852a0d13a3e0852a05ab10f82f4f09ddbc344
1edc2750bd380fee13f88ad4d2f7cde4adeea6a35b26cf5ac7749e645cfbaaa5b9784da07a811fbce61924a6caf3fe20318171a5329d4a1e05a9201f
2ce689c5a70b1478d098c02e0ee74163020bb1e161f279987cbc85984da0ce370eb3096c3c351ecc26d0a5ec7a309b673751d1b23f18cab3a74f2128
0f82f2b0f2ec21910f3a12e8fcfa1f74e4d9cd4abecd0fa211a8e48107d178920eb9733f7908f481efcb96e612e81fd2bb54cd0fe93db0fc1d8a0c9a
802939981f0153815a66d17ca8359fafff437c0f2c68f6437a0f2c72e13fc4f387f3dfbe2bb3e693a761ee4024f6c05794fb93d803e34ad5acf948f1
7b941c0f21fee123283df4438a0f5482c3438a0f8c6a2e351e35824908ce438c7fe63930f9f63c4c5081ce31f161827a844cedf6052153813ab75fde
858f9029f9d51e21538165cbe7e2e15df8200a7b3e9f0fa2f0487fa60b88c2c3a045c1ff6005813ab764ac2030aaa50be2a8028b44898f38aa87dd4b
06ea87dd2bd025b47bf089406df6617c22f0ad3645fa2eb48a77c3c3ee1568249887e3636054cbb0f17c0c54e7163cb24b04eafc42202781ce04fb20
2781ce02fe708f0c74c7bb3ee8ca332d6d692cbaf208acda4d012212e8fc511f81550ff7c8dd6ecd3d3250f94a3c8c6f0ff74889a81fd6b7401599f8
6035cf698e6df44c6d81cea5fc616a7b4e736c9be4e618a8ada8668e4ff1ede93bebdb73ea957d98612df05553a457716adc8eff23c1e8c3ee1658a8
7f1f76b787dd6db7739fb3836ff8581aceeef630b271f67ab0aac032571d56f5603dfbbc54cbaf84ef2d8ab4fcf251b1521095c03732a9c64af53006
1d31b33d8c41812acdd6836d049a5c310fba11a85d6bd18dc7c985f65f6c2370d0103ddcf39e6452ebf2513ea84560e67b7d589102a35a668d192930
cd260f2bd22366882ae9412d02d346f2a0164ffce1ba1ccfcf3d1bf2c6b090e6220d8fc81f19ef1f0c21d085933c18c2c33fedf05293f31f26179b17
39ff79f5d4c2e34116e8523c3e04f827b916fa110dd3c3edeb1138a30bc4f040e707fa10c3037db3c511c31f36153bf23b9bf14b2db73753c266e83a
1f6278a03b87f661547948e6a2695f92f99b14635dbae5974f57a0712b7ad9595e02bc74cb2f013e304d342f01fe151173ec2eadca62f63a3ca0296a
aa959475653d36090f3815190fcdcd78bc8b39c817f595892c30cd422fbfab97b44e747d49eb812a46f8258e075a59d5d2031614399ede653ef48a55
371d6541094c83d24b8e0f34a789bde4f87708eddde7ee25b4bf321d50cfbd4c1c812acdc4cbc611e82c962f1bc74b683fe6dd0c5a0e23a18b7b09ed
817962ea4b687f576f8bd612bd03cdc1932fd1fb157c221afd157c12f8da71a4c8386ed67776e9973d21d0b896bc64ea97f1402aeb97041da8c2c05f
d683578c8aaccb2f093a30b3e3bd6c0581718ec6282253bfc552c896f5b20c043a87e59750fd12aaa5cc7f09d58199adfd2554079a139b5e9e558169
0d7c89d9af5019599d5f42f52b54c65411aadf18026696ed97bc1c68d2adbc2c0181c6ffed650978f7d9da54a3d00f4cdbe24b827ef7cc68cda6feee
f3d2cc68cc3c2f25f9cb294acecc97963cd065d67c69c903d3bcfb12aa03e3cabca1a4ea40679278a9c95f82765d5c6ad822688b557809da81e268c2
979a3cb008257c89de81c21ef412bd5fcaf49187f99f5fec97ae3d70cced86b01e28c76ca4d91870ccbd8bb01e5865d87fc9ea81cd61cc2f593db020
5a2f59fd1d42f831f71f3278a0ec5e1b32f83be4edaf560694bc1d38e602a3360f1cf37de317f60e09fc98d34f020f6c8efd7b09e081837df8258007
0a63f32bbc2770488ff112c9032b77f09748feb6b96c94e9e410c30fa79abe7ccc02ab408f97ea3e70388ef425a40716c1a02f213db03a25e625a307
0e569f978c1e5864b37889e881756eb144f477e6284ebf89e881832df025a2bf447419b85f22fa3b64ef8363d44bf60e2c730990bd03abcc012fd93b
306e962e11be5f09113496f01dd831eb97f01d28bc9b5eb682c0d68cabd0a440a1a17ff9c2050e96bf97412150a8755e727ce0e0c3f592e3035b9fcd
371671a273f2ca4b8c7f89f1d4fd2f313eb0f0b67989f18145c0ffcb38f1324e384ce1659c08ac14ba2fe3c47bda2742ae5e627ca0d202bcc4f8970d
03ad79d930de88f6b296be24fbc03249e94bb40f2c42ab5eb2fb2b5ee9bf27e869ce76699b2b7574401590f612e7035f515a4b9c0f2c9cce5f6693c0
c6ffeb25e0071ad9ec25e0bfd7ec7a268a4524b00b527ff9c7bdd22420792f8b48609134f7450dde4b9f364dd3a7012baaf6b2740416d6cb97a5e3fd
79a9751d5d086c42fb5f4e6d81c216fa327ebcb224b0d2beac1faf30234d63fd08943f5f11c68f97579b04e22febc7ebfc17ade5d5165825db7f79b5
bd4c1d355e6d2ff21128f3c3f29b9d7a55cba5cc1f81428a7e593f02ab034a5e142530aecc70e028815d829e1745092c127bbc284a609786e4653679
6feb9634c56e125864fb7a257b0e146ac69725e5c577ea7ca6a57c2734c6eac077026523bbb2a404be0f45a6982525b0eef34203144b0aafe817297a
654da83ac0f52db039d7e4655c797127f19c2fee14d825497c71a7c0fe7fa5397979c6057606d39767dccb44335f38269ac02e53c4cb4413d8e5b578
5968024b9937337c4ffc774c2ce6f6cabc30df71269ac042cff2f2960bec7df6d8f83d169807b0da04360694576cd1cb90530d201e18d8fb2c327e49
e0d78c3c3bcecb6833255b469bc05ac9050864609196e7452003eb7f4546838586afe68b1b06ca6113440d5f3c306b67e483fbcac096b338bedf8ba2
25414e6b8a5645639dc4b03d52bf298abd6ad62a8ab24cc607e0fbbd2bb24c7a8a0e45430a48e2dc91f84d914d70bcbbdf3f5d59a4c2e2fea7a2333b
8de65f8aae3c7249d14fd11c0c5dba95dda9e6ca471151fad08e5759acf09ab6189f0165ef79c0627c06ec49f13172cd291aeb2056b3efb7f14145eb
2c33404b94fa3dc3b818a0013d275e7ebf0dd09217e550cb002552289affef775364ccaa9619b3e46148baeeefb7315ba253aa1a6bcce6f99c8a8c19
fb54ad9a61cc066cb1957ebf8d596285d6d92543b6c48ab665645743b66623ee69ec6ac8564396f95d0d591c030fcd5f0d5912048ed3fbc66f2326a5
43d5fed5f8acc6276d5d8dcf3adb9f315bb57f35e79aa1fd21c471e3f87e6bff80bdebd2a6fd9b8db2a5699bd6cadfbda6199bd66e4535656673d3b4
f460d334b4b9b6346d3377034ace901d09f014f9203465266ac09ae3d1bedf262ab6a83fa3b6e927269d60b3ef1f1dddf2c9b4d0361d156a542dee62
5a42a577af45d1d101db6e71141dc5a4ab77a0989792575d3b8abe334f45933312e0291b226d7cecbfdffa5e7454af8a8e0e68396fecfbada3a874ce
56fafed1d364a248ecf8f75b4707d47c6dbfdfb3a36397dbdd6c37a303f604af8d34798ad614a5b1bb7e868397923eedba39a02691f5483ca7684f26
992c98dd82dc67cfd38a5dcf079465de5fcff77cd9aa9b99f57d0e46266537187bb6b4ea660623092c8ea6fdc6423ec244867cff180cf908ade5dd60
70a11b2eb9fffa4ef7bfc3601d4949e1f987c1721a5174c9df3f16ca610033cc87013ce29db4a43387018c8bdd77659a7e18c10125f96ebedf4630e7
11f5442e8c5c75ca0c9722c335b31a7a80fd8d3f5d74dadf3fc6e60801b6d20f43938386cabc99a1616a4b26b8ef1f9d4a26c2b664d6aa4e31b58537
8df475cab2fa9b2b752a0e7387d7b7ea940c1d393a62a4aa539670183da8fae968538bb3ea27835cf3de541dad714837b8d54a61908bc2ecfbc75249
0ec378cc7dbf0d47cd46683bab86838daed96aeb1c0f2c2f57364b61404956a6910a4fd192c8885cd80c5acb4a686a19b41619c8826dc6ac8987492b
9a316b7380b2129a011ad057cbba19a09685609f6d06881360f3716a0668e6215164805a5e255b6f333eac716db643cf07b4d5fed6f57c80bc2fdf6f
3d1f5096594bcf6904128d3132dd29cb2eb26734baaecb56d2884f5ddf071c8b2f45b75ebae158339ddd704427303f28dd70f032cc199c23d39db2c4
087bf3bbe1e8a76a19dc6e3c7a82654946dd7808ad6b448b6ec1f44409fb72760b86256f8a16a7013913256c8b3b0dc89928617bfb693ca215687b9e
791a0f5a8166919e3a9fd8ba3f0bf2d477c6bd9c80f0fda35703b6297b9d3a250962b39f9c7a7526e2dbe7e9d4a9d386b9a557e7ec553e93b39ab590
5c89533abdac852b31f236c44bd7a302582cf94bd72f6ba164842e7d8febe4fcee5cfa7e25489e3c73590a03b604557dbf8d46b298ccbdef321abc29
9bcfd36529248dc9dc832f2b6140392c98cb980d28f3bb7319b301eb4e3eb80c19c7c946e0be8c4f1c27e7ce71191fea8424b9fffe311ac950b2d921
7f4683ee607e397fbafe4bd7bdc73f5d8fee606ea43f5da73b6886e3a7efbfbc05b6939faeb378265ceafb474707ac8bb9fbe9287d42a8d7f78f5e0d
58cbbcdbec5582c16baebccd7ad4097357bbf5f396892517defa499d907357be7fccfa9d59b7ebdcba7eebd4ae4ca76e9df24c9da215182fcbbfbfd6
b70e26b548278edc66526a11f2e06df1cfc48a19fadb2830a536d4e9360c31a5ce9b3d86e131dfa4edc7380c583732e2631c926fa413ba1ec3203aae
79571f93fb645dfb4a3e86e1898838ef6f18062c8b2de3b1ac996a1b06f1e8faa3ebe9c0a3eb087fb3c33dfaeee45a2fe1a3efcfec7bc6fed1f7274b
80f4faeabb28ba2950bd66323e99abd5f95ac46f4c48e6f6d54fb6e0f9d057af42e58b6ffaab57787bf36abe9a1b9b6edcabbedf9afbe635f4657eb5
1695cf29387d41e5973f024d5ed705710f2cf159f87e6f8af42aefe182b92f527764df5e30f7c0a8a6ec50967c5a19a305755f50f796d5bea0ee0107
fe7ebff36a2ecb6c5bca90e6406bee86342f4873ced1fafed136d90b7501695e44c525cfd04803aaec088770a5b6a1c8492134d2802a8b6e3513b32c
b36d33ef4e4fd9a3cc907b40867ce1769970c5ef1f5d58b3ec3517890d7c45792612bbac872b73378c3550e3623c32722afaa9967620b181e6a3b520
b10bab6e32ce7cffccb659bca986c5065af29c8df49b8af2c10e4d59f0da40b53d2e78edc2c532896946764c65e6c0fdcd81bcf7494333725c2ab33e
dc4d3fb95d26e9ccf78f3918b0e74082efb739482a7cfbc782fd2e6575651e8a8a06be2bf3004c74911b2341e1232ba5b223d5b2b230d1458efba451
1989249525e963deaba568da804f2248a78aa6f194d4cf329b26b844d14f516c8df9fa2fe86a60f5f55cd0d5a5c4ef2b02ef829b066a313eb8e92235
7e92b97cff98a801ebaaadf8ea82762659ccf78f6e867626ea7c649354d455cb7ceefa14de198790efb73eed569f058364064a1c31bedf7a3060db75
0ac75c589bbb458a31066a3c2cbedf7a70c4493482f782302ef3acad3c12610c545aa7055f0c6c76c4055f5c787026b9faf78fa9e3c119597c410e03
6b3168876e72ea4ceccaf78fb97358adb718850c8c6aca747dc0166f8aeff7ec7ae6f313ecfff9bd5eaae9e6f31945d2528d554d18a821c543033511
42df6f63858726b2fcfbc76071f9b4a6f1d0c0bada6af0d0c05a8b5a96c980b5d842d0d0c0b647fc5bd0d0402d962116ba4827d9ededf8e592e36e8b
35874b06d6b9a3e2920b47ce5859be7f34962367f8e5d23416278cb2fffb476b3972968c194eb870e48c35e1fb477393103ffe29df6fcd8d95b84719
fffd63052483495c00bedf16408b17ab15d674aac5c13b7acda599fff6ba5966054f0cd4385b7fbf4da79032af1b9e18d8e6d7044d5cba6d2bcaf205
010c341aba05ff5bb86d223c0b661758ab4f186217d872d2e9f75b9fe2b5d92c34bc6e39ed2b11a2168c6d391325b029b2aaf02eec69c1bb025fb574
1def0a382afbfbed99c956b2d8d8cff9ccbc21f6067c6ab9ace4d096052d0ad4628ad1a24544990589162d9c26e7968add2c42c5bccfd8cdc2699204
befc3c344e939b758bb6043e893257a22d8b183012f0f23353bff8d7daca3099c0a89676a0320106f1efb7e6a232535e426502cb624b456516f9e3e7
77e8672dfff21dd251ec26b0cd3d01bb09b4dd78ff4cc180759fad350503ca4ed440810265f1d9478102ebae6128d022a06c8a8538d0c2a46ae3c581
96b873262aecfb6d309214a418dadb60dc7330322928504024daf7db60e4acdc29d7dec66280b0b6efb7b1903a64be51684fe0db5eb54ccf9d956b7f
417b9667ce70fa89a9046ab31e1f331c6fd162cc1e7d1adc65fdfb23ff212f815ebc50c84b60544b3fb197409d32d0a30739a4f6efcf468d4804c4cd
7dbf8ddaeba12e7d3df4f5d03c00b7088c6ae91572111038f7fd9e0f3da37d74334be87d5d391eba2212819ef09ca18953b4e466478a56455baecc07
77c523023db13edfef5d5155cda54d594bb525455d514f9e6cb54e453f576adaad6c6ccbfdcf958fa29800a25159d9f102df9599f895212fd08706f8
9f9fea959d2fd04bf6d9156559177dce7ebfe227819aa417df6f7d8e7f69bc83bfdf87a2db957bcab47c891f603ecc2b92b1ae334f591e8051046acc
d3df6fcf5cad9e6c67ebeaa1499811c7a0efb787c69b343174dfefaa288ba7bad06cac9a1669704532023dc124dfefd934831a55c78a64043a016b45
32d64d0ff2015f518a8000c2efb71e8451d847568c62ddacf57cac57f42120b4f1fbadb939d636c14cdf6f8b67cb52cf3bbd2214819e38aeeff7a5c8
7aca46b5329e057a42ccbedfba1e2fd458febfdfba3ea027234a5f8b9e97840a66875b59d3d662520ed5f4a99894b41f39598b1722efef8a89044431
8e74a98af4c903f4a9e84076a515c908086cfc7eebc060145fb5bcf92b4a11a80cec2b46b1ee9aab6d8c5b01219cdf6fcdddcd8a571fcb08b4c4f87f
bff560efaaa56d5846a02555dcf7db1ce464adcd4c316eadbbe567e1eeb30b597e4d357370c421efcf8ca214815a8d244ab10eb230aae5a1d8424018
ed485ea8e8522dcd4503d6c35a483b88fc6bf5bee70bbe12ba03eb627d13bad76a4a758b3c1d688c952b793af0eda4762f0275a0ef760f669d40a5f3
5f5975d621628f2b55332003845af6958c1d68d5eec45eb3b6d595692eeb4ca0931156d699c0a8e66e7a95d3aa76bb34e97c6db76ae928b138509384
fffbad693d2b3007b48c3489ca226d451e5d89c581512d77231707c4997ebfb5adefaa656288ca819ef4e9df6f53da3309493533922e2a4bfa4bdf01
a692c0a8a6cc2424106a9f0f3009fd524d7bcd42f2c41fbe5144eab5bfaa65b99d66618058dfefb7ce9f7a1a25c5ca3012e8c925fcfdd6d3d32cf8e2
9d6621e74955d3cc5612f89a9bf79bad24f05db929d3f901c256bfdf3a3fa0d360af24fb40dfbdcb24fb8048d9efb7aee7f45f92e64ab20f8c47aa66
2d9cd6829b590b97b5600e984f020298bfdfd6c275a896a6317904da082af9f7279b412430eee2cefa7c451b69ebc319025fb5686b56a421d012dcf8
fdd6e92b9d9e4dd2e99fdef86ee11181c68ab4e21181512d938b4704faae69784460544bdbf088404b1ccaf7db7cff8c8daf3d1e11a8550ff088c037
f8692e1ab1feac629f760c21d07308eff77bf6caf6b2eb8279fb657bb16fe0036b64ffaf5a2e25fc072ae5d2cafeb1de3fd59479c200d1c0df6f6be5
f650bb37034440986f5f1920d6c7509a3f027ba0ef362b027ba0b2c4ae04f6c0f74c3733924fde1cb347840f8cfb675ec8f081efcaf493081ff8aaf9
a892e1036df3b56493581f7db718182002ad185c0688404f1ad8efb7ae3fe9bad784fd2120d2fafb6dadbd79734202d7d70cbcb647df71b421d0773b
15d61018d532686843a0cdc58c35acaf1543847fad18d9fca2aa58592956b481d26a431b02a3aca46c5196f666e56e78c3f6a7bd19b68d6121f055db
525415650e760fe88ae643c7546dc4fa40c31737727be0ab16996823b8073aedd6c6d6b02d5ebec8b81bc13dd09394f5fbad698b71eb1eda9485a466
63d8d81502ddcbb7b12b04beb9d2b44b5176d66c0b1bd7bb2d391ffe783c6c584040e079df38d5056ae205bedffab92eaecc331924022d47c37fbff5
73dd55cb431183405b340d31d8a4d24b58c7f78f7ee6542486dd6dd5cff5542dc3b1ea558e3d3a16457a8553ac4b7a85530404e77fbf753489209af1
4029b64daf3c949522d072a4c2f75baf723ad2a60728c5b6e9e8e26e3a3aa0c7ef7fa4aa55a4a38b321ddd7c2a15e9e8367be0a17ae024dedd03f440
32bb3572c2861b04be8e66fde1068196acf72317aba2d595993ef68dc037f1e915fbc656f42a72c28642047a311eec1b017903467e5645a64aaf582e
0295de6463b9d8b08a84397effdcca122ed1754adff74db5cc28f7b880f40223f1aa22a3fb8df83f3fda1bea10f8de607731f8bba6e743b0a10e819a
434fbedf9a7e6893d79a01212097c1086d5394b7dab4a104dbd14414e5010c08819eece2df6faff0803a47950161c31c562fe731db3104c32433fb7e
1bc1c3bab021d0fd077a4e971b61ab8a8a6a99236c22d050938d0a3f20ddc3084c5424266ade4d73e323c697674326b66a191fda612a6b5ec4b0950d
99d89ab72ea463e3d715f8defe741e73087cd5f215dc508780ac102301a9a243b5b48d123f208fc348eaac4817f2e5da68ec375e5c5e140afbadd921
6378d9da6cef9b894917a8e23734610d8fdcd084409bdb3e9ab0a109abcf0f9a10e8749f1b9ab09d06249a818dae3cf0ed73e93c213e30bc6153643c
1cd0c49cb491d83712bbf120b107a4e2f97e6bc66951fa229db31d24f6348dc4be91d80fcd3044a745694a89ec81ca72b011d93722fbea5b46640f34
4e561b913db0fe6d91f6374afb802416df6f6b3767347dd5d2051e4f81964c7cdf6fe39164715fb534846e3f2019c5f7db105d55b50c25713e20a9c7
f7db785c8f6a99173e4901493dfa46ddbf11c037af24017c2380131508e01bc99a83f246b20e7416ce8d641d6873a7265907c69519711afa409d6f29
0dfd4600df7c1b09e01b01dcab46000fc8baf1fd362f77a4a9f985a37c0fc893f1fdb626ef5db50c25557ba01e7a40d31e903ae8fbad53b7c14da768
dab75b6b7d31a8d537927bd43fdb3d9b96fdc38b46700f542ee21bc13df0ddcc7785e750a0e1821bcfa140dfbddcc4fbc0b8d2ddccd463974937c9f7
1bc97d9b77d3a948eed51490dc379af6cd0aa7690ff4ddb41399379a7616a28dcc1c905de4fbed0134edbcf5b6773e21efa8ced3b46fe4e3a440ef85
7c5cfeacc97c870a679c40cf090bdfefa2e854ada5ec5286916f29fa29f284d0a742180eb4357269210c17c270e2a247ba4d6519f268e40b6138d087
d3fc3fbfda85da3bf05d9126919e0b519969b51095038d8349212a17a272746a85a85c7254cd5f32267cffdccab2f09ace3c8af4398bb1108c033d27
2b7dbff599c49bd0e991144059a632826021dd062420fa7e6b1ab175d32b626ba091030bb1b590517336c1f78f41dd32a8114f0a1935d096ae9651db
2cc6ac9542ef1d68f683426c2d64d4cd1891510bbd77f6ee42460d8c6a1e6a2837fa1c0fb57a88b2494dfbfda357539475b7d9ab6ca36a91644bf126
ea028134d0782e155aee52d20eb4a3505607bebb6524099f8151cda59671328c25e9d8f7dbc4ef8b6a79286575a0fd9917ee2f85405a1665da46208d
785b08a4657f55cb13843804a41b1c593515e5e514e256e892033d67ba0c5ba6a2a29a324f205e465228c4cb12c7933fc6da42700c549fed426e0c7c
d5a2682804c7802c43df6f734596e48c50c892c5c1a1f91414b26460544b433892045ab27b0f2b84a243b5748130598425784be9af035fb5a2cc7aab
dedc7481c859aa392d1aa25b62100c2f1f9140e3d75748a1011196df6f2bb026db87d546a55d28a6d9f70bf1b22469c07fd5b476409933ca1d24b050
1215c265e060aa2b84cbc0218ca6f0062943c97d08762974dc818d32bf9040cb903a0f112b858abbc819506cfa74dc81e5b048a9b88b08016341c51d
3804b114010281afc8bdacaa6ee6425a0a713670204f85341b18d5d227e26c604930faf7db600c6df621fca5d0660716a27ce1f81f58d64d6367cfdf
f813a4169577604d9ea3efb7c188b3096b61213f07962402ff7e1b8b331d373c14de81b2cd0b757cc027a429d2ef28bc370b9bf81cd844c314d27360
117d5448cf81e3bf5ad6c09935b0689735701a9c0c2be1397008992964e7c0da672d8373655944de2be4e42258c0ed69bb0387209442720e6c4c2685
e41cf86a65a009ce816568c9fffd9d2657972bfd253a5075074af2fd7cbff5f74ae7ec579cff03eb322f9c9d1ba9330481148276a02455caf75b7f93
5de008312df4e181855abe90c603ebe195228d078e9cdff4fdd6df011bb354a10d0facc97df4fdb6187ed58ad70aab2129cbf87e142aedc0a8962ed1
69973b33a165f4d7e5b6e5586e1c5aca9dd7cc2e477e0e1c221c0af939705067159e2a817133d58cff9df51649b390b203db4162a1320facdc930ac1
bb3c595c913d0b893a507894161275e0982217893ab035b344a02e4ff61743463b5e9eb9bfa461d4e3e5492f8d05813a70cc979d263cf015a59334e1
8143dc4fe19d1f582ae98d6e3cb0ce57ef999dcc222399508407d6c58e49111e28ac0285223cb0acdea057bfdf74d25224e7070a7d5d21e607be5ae9
23313f500e1b07293ff0d5d208dd1eb0fd1969fe3485febce837fd7979f372cdb6ea644ee744150b97fec0217461c718025bf2660d7ba2a204e7a715
3b857ae010a5b0a31581437cc38e5604969cf836ac3a8af64446b8fda1284351d56a8ac650fc2d6a754599ee79e1a5687864893bda3194c0266e6ae7
beb3ffa58f217b3bce12d8785cef384b60cb814cc3c4abe8c885b917effe40e1e1b1231b814364c38e6c041682f48e6c04d63a6faff54b166bb8c64e
2fbfa324dcda7694645fd2fcf0c11dfd087cd522d6edf84760f36aedf4f2812347740f1aa7281b6077337394247139a56c18861525ae34f2e68eca04
d61c413d54d68a6c8059e83b7a13d88457ece84de0c879d9df6f83b1eab947eaf99a6fdfbc50c793d799c579478b02eb6278d0a2c0bae5abb6d3e607
564916760e42fb96a10831d811a5c0687e1e8929050e12e38e28050e01183ba2b46f99f108fc3b5214d816d38b13050eaeed3b4e1458587a76b1f581
83d3f2ce3d68c79c7828ee98d33e68d29163a086a5324589ad1f66c57f7e9577f680c02a6668670f081c39707a58c214cd71c9ba44bff69c65d3ff14
99fd44d963863bdd7f605ce9010626e7dbf47c4b77242db00a4cd991b47d92b44399911970e49ce8efb79111dc306f66608a814933043704966a91f0
440a2cdc0177e46e1facede8b626ac2d305a91fbf344da73008db8979d87d1ce4ec012b2b313040e42d9ce4e1058e71e23b42170746b95d3d1bea7fd
11dd76443130eeaf4c078ecc53a4b21d510cacf4723ba2b81f19b2a80c77cc2eb0ce69c2ec02dffdeddd620a02470edf1d3acd140d58998576646f4f
f2b91c153dd8b3226366f36638086cb34fb85ea04aacb0e37a7b9dcdf04ccd483838b3d38e8b053ef12c57722fdad90df88aeeec0681ce9960673708
b4399bcc067bd35afb37f7a2c008754991d6360bd99e8ed905aa80861db30b8c6a9a6b210c68ffddcd4218d0737ac2f7dbac7069e202b8a37b818e6f
ece85ea091307706879d97134fc41d05dc7939d96930c09d971367b61d050c34693c761430d0394dec28e0ce54c1236d47ee020d2ddc71bbfdd40e1b
36f615687c9577ec6be783c4876747bf025540c0ce7c119871b53b4616a802c2768c6ce76fc4c969c7bf025590d87ecea6f1eaf54833759eaed43433
1587a3f92d41c002238c2845666a401716ba2360fbb5b859660ab70a34695976dc6abf76d572295e1418114829b2d6780fb1c9ecec0d3bef219f4cde
433bef211e343b4a1568f3638e5205ba08ff9df750a0135af76bf6204bcd970fcb0a747e313b96b5336770dcda11a8401749b02350fb4f3fbda1e852
a0e73cf4efb77ea24bfcdd767429d0b9f6ec4c1c3b130707869d8923f07160edd0f51c61c37f6667e108348e203b0bc78e7b712adb71af40e72bb3b3
70ecf7a65a2e153c1de83c6f76742cd06557d9193d0215dfdb193d76e60c66fd1dd10ad41171feef4f351e16f8ee32ef6cd66201e172b3b380eccc1d
9c8676e42cf06db58aacce983ba6e88c9ced4f7165269c6d23d07334e0f75b07993ba8b077e68ec0f75d4bd3b0b3c0ce2776c7ce02dbe68b859d0576
fec03b76b6735de2a0b6a36781e5cfde889e05360ab3fd995d7f23b666ce30b6c027d5a7ad185be07ba42283f1262ecabd30b6c02e79d72ee43ab04e
818efd661f246e9f622512b74b9ee67d46e2021f3756cbe82479da1c7e242eb034023c1217d82aa912870becb26ded7ca0026bb35ba075815d1aad1d
addb5982f8b41d785d60c12e0fbc2eb008ea3af0ba438aeee8ec0ebcee488635d9b00e242e509229fcfb7d28cae884651dbca90e51183cdf0ec42eb0
a3e307627748bad6b4e25474a7564dd1a368440ffd75f77f158d345a52661d885d6061373910bbc04ada3910bbc04e8f7db0451d822c58ed0fd6a6c0
4a2573b0361d83ffedf6f903ff0b8c2b95e9d2607bbbbc5a07b61718d5dceda72cba8945d1ad2869508a0ee839672d0e5c0767adc0c2f3eb400a0fa4
9007d08114068af0c703293c448fe7537b2085c76acf8d6ee840d102a547f438785c1dec54ff3d54db066c9c290e84ecd8b423dbc8817e1d82c0239d
1d4c5781e5b0d030b2405922fd1d0859a0acf91a1c0859a090280e842cb052c21c1cae8ecdf7d21245bf029f3ca8616620e789765d42bf0245e4cb81
7d05be9b1dca6637139e911e2164814d6ce2817105c685b93fca1528624d0f94eb40b928580e942bb0543d67f10aacc9a0fafdd6f3016bce691d19f9
158db78e22e340cc02dfb82ab24213732e94f5c0cb0eae5bbc650ec42cb01eb39b862cae5b6ddedf908597c94c73e06547b10365e73d10b3c046a43b
10b3639f3d4f9fd8d30245f8ec81990536fe06076276f0f9e21c7270ea0a34993e0e4e5d07b2c6d677206b816f1815e9d4ee3b54ff9dfbfbababd37b
3c6cf3d13890b9c0b88ba65b277bb22444803c10bc03c1e3797120788185d47008340914d6fc03e70b3472d581f30516f12e07dbe0711ceeef4aab22
59d1e5c43ce43a0b94cddae48d16d850f383375a60952de760543c78a3f1563958150385bbee817a1e2c8818ea81541e2c889b223d6741e4f070b020
068a0c9b070b62a0364dc33d03454ec6831b5b603d16175a2861a34784bb031b0d6c48fd818d06da6a1d323c1ed59ab09c981403adfe69ab49672c64
a03c180b03852fd381660656ce98079a19185766d2d914038503d581791e3cd6b8ce1da8e7e1b0a079a559c9e1a373fbc73c03e3caf40af50c145949
8f367b909040c3817906b6f945c03c03df569c7b219e47cfdb7be8274a1958a61c805206dafc1ab22a1eac8a39bffafbc770ccb463ae341a7ce4d230
bc33b0b5797b6391d0f4bf29d988a40934517d87409a40a1d63a981e8f73b6227763e30b6cf3238763061a51f9c03103df95f6322433f0d1f00c108e
79706a3b7c1338b51d327bd96519eb028d72f840280f7e6e47a8cb8151067699740fd6ba40e3177ab0d61d78a724b907de1958a77083771e5cdfc446
1d5cdf028d17f4818a06ea943d50d103159d6f142a1ae8f4ab072a7a0cde59e77ac43b032b6bc3817706c6cdf200c433b0ad11a10fe6bd4011027630
ef1d3f8b2f4abd03170d14f1cd0763de2153b8bd163b3d38e0d997b0d343a2f0e80c0ee43430eeef4aa3f18b3690588d9c1e9ceda620838a0616b9aa
0e543450e62798b35da0d2061f8c85818503e181af1ee25f8e18280ffe7781caa9fd603f3cd80f8f30c103610d2cc5c684b0069ae8a203613d6efdb4
fad814034d40dcc1a678b029d2321d6c8a812ac5e081ea061a9fbc03973d6e531ce3e9c14f2f50055a1c786be0ab46d6405c034da2e203710db471ac
c1bf3fd48c8e070e7b58fd386ca0700f3d70d840a52b3870d840f9233ee3b0c7f3b8598606150d548e72072a7abc3ae352c433f06d83197bc4335005
451e88e721b2e62079331f06d6b9c1619e8155f4f181791ebc040f5b17ea195804801fa867605453a657398075eeaab8e711a2f9554b4731cdc036c5
0f4cf3c0348fc83715d30c14d1fd15d30c54718715d3ac42f973f8ecf74f5156c6877953b42b321e91052aae19a8f43515d70c14b1e315d50c541e87
15d50cacd2755654b30af8cfe94ddf3fb7324cc7cd1e45795957dd7c1599f6d4423feb62d7ce37ac6296815582b48a58d665f6297713f21358b9ae55
c6c68a321ea1ae15650c6cd4bf1565aca2fce508aa386360fbefa19abbfad8857a5726bc40f379aa2c78151994f7b7228381ca91b7228375356ccda5
1ab266c7cf265af1c32a7e3f272e8d830c53b6e5ddcf8656f1c3cab731c72b8d6329948db1cce95ee3e43e45dee4ee52ed8d87e22c31c9b1c549c455
d9e2aa28fc23ca958ae7051cfaf0fdd65afe899b2b8d5a992d4bdf31b8808326bebf5a86c1550fc5e002a3728a2c6661f8394a699ce0a02c1fdd594d
0f3823d67cc72a7b5560a3a0ad9c110395aab4e24e95092b67240d37376561c76103552c7ddd9b6a5946fb7c684fb5348da52be02c8eefb7790f7792
6ca3e24e552cbd2cc115130a2ca2962b2254f9444a565331a1c09a8384c641028a62a4b49811a1c09a7311bfdfbace2552829c8af6040a1f9dca25b2
1ec6db4e81f6041a8b6b457b028bacf915eda97575657a80820456e13b15050994bfa29666b08891e62a0e129068aea220950b6335425c1803955c55
f18d8a5ccc558a5c042a89a9221795258a75aae203810de3abf840c50772f4c5f7cf7c425c3fddccdc097da9b3cce425f44576a68a0f549628be9415
21a8c3ec54896495d5a9e208c33bfe9f1fec8a42042ac1aba2109555aafacc2007818ff866c1620755647cf5b1e0261858376f2643556595a2f0adac
52814accaaac525550cd5c176c50812e6d4fc5182ae312056c25f807ea612b645c0a8c6a191cd6a5c042a959599702a39a2718fde4b32262562ca232
42c9985e71864045312bca10f8aa79c37086402529569ca15edae67bc16e14e81c012bf9bdb20849165659840233b5752585571621d9f62b99bbb208
5545c68d804de35d09d881ce71b012b003a35a7acafc53e5a09aed30bc31ff9410954ae6aeb7e67ad5c9c981260d6465eaa904605eb595001ce8acce
95005c1976f8ae56d26ea00bb4a9f77ce8ad5ac68de526d085ed54969bfaecaaa5a78c2d818d35a1f2840b6c42122bd1b5caf5240d7925bb0696e6f3
4976adc3b2f291c034836125b0ae468d61a5beab9b65fa08a581827e55426915ce224b78650e09147117959c1ad83673404eadf139fb9338bc921903
2da780f646646cc2b869151b9931d0729ee0384b40d19a80e425459ba258f9571716455a9bbdb51123038d3cde48918126caad912203430b96a2a6a8
2535825a5d5177ff9ab253d9992976ff4b9105b3b9f4a76cac523263236c36c2266fd046da6c43b4ec04bf46b40c34d6a7c6b21168f4538d652350ab
fb933f0395eb50237fb605012eca747d89377e2c1b8d6523f049262545ba4e24cd11c9df3ffa94e3499df6d288a48d2d829f6a638b08f49cd33b7615
45d99d9a59e18e1668d5ac70476b426bf8b635fe6801a78c8eacf48a7eaaa521eb6cc89d74328a8c2d9194af67239206bef5900710499bc450dc381b
a342a093a01bf133d0e42369e4cfc6f42058a5313d045a4e5ffc7e1b3632297fc946260db47d56d35ca1d83c2d1bad7fa0711569b4fe8d071567c546
531f68ac168da63ef02d860c5b990f78d2a93cd369266db72bb4ff23094a238b063a5fe246160d3427c9347afc46692ff96aa3b40f7c1fd40c035134
d0c51236a268a3c7b7c535b268139c6d4591451b5994b761238b06be15e94a1d94d789beaa913203df43538d94d948993cfd1a2933e040da91195c91
a5922f54a36f0f547ea88de0d98ed985f4942a3d507d291b4d7ae07b80a699351e5bdcf4da31bb904dd4e642b91ee8985ba35c0f7cef4a3a45b7de48
b69cf91ac936e030def18d5634664f46d146b20d94b9ec08b681858f4b23d906be2fa70bf57cc0b791671829d7039b34c24d544f609355ac09240f94
bf7cc41a2139702c8687901cd8eabcbd39cf5923420b1adfb2c02214aaf12d0b7cedca6ae45b16f8d6b922033660a3186a5ccb02d569328d6b59a088
626d04f5c07ad83f09ea8d15c0378d1520b049bed7180102abf886c60810a882191a1b4060954fa391f903636e33f884fe96a4b2d20e35127e6b733d
65c448f881af5a9e49c20f143e308d801ff864e9749cab59eb733da5e784fec0271aa4e784fa4025ad37427d133ccfc5b3310c040a3fe3c62e105837
9f39a27f60a38b6c44ff26c5164fd0c632d08615e07ba666188d5801d8fe1a2b40138064b71180d4bac1c823d188c022ad614323daa011559ea38645
04be569003d088c0429e6a9cdb5a8e235d7cf7b088c046d5d9d81d1adf36eb9adda109a6e7b6da308676c6126d1d60074dfe2b79d21b23436026ef6f
084363649023b4610c8179124643181a8b02efd6c6a210e8726d37168576597cb321863bfe68324f37bca2d1db77121bc61068426c1bbd7d43227ad8
4c4322025db6ed8644346e653c571bcd7da04f9110af683fe3b6b9d4b8fda2a320d9d1bf37f1ef14908d77581b8ce11073dc308646d9cefadf28db03
c714c628dbdbad6dde29013c81cd89440dd768835f1cce0e6b14eb81ca91b7a11a0daf9043bce11581e5f87f74e1ed9e1d1c763d31b38d2a3ed0458a
35aaf846152fed77a38a6f7cc86cfe54f14de88ebcdc0d6109ecd4c10d610954fae686af04c6890929f2ae3ef1e8f396700e6b9cc3b88d341c26d0e5
db6b384ca392e7abd2a8e40395a775a3926f54f21c3b1a957ca392b72ab09fc0a896e6a23f812e7b5fc37e9a901b0e148dca3cd0d8011a77ad40fdef
019a3ba071626d0851a34467f5ed185117b8cf50db719d40e300d2719d8eeb48dcd8719d40adf36e87a2a65a4b5957964958553b159d316fbbd9a548
47a3fae9584ca0da843a1613a8ac051d89e9920538aba96331816599458ba225cd483fb19840937bbd63317db298b41f8be922ff9d74d45196c02794
fca548371379f34714eb9cb1029da751c7623a2d3a47874e8b1e683983fafb9da9ea988d237a3a6613f864c53417b3e962639c1ed469d603f5bf2bb5
8d4b95d4df1d3f09d41c8ffbfdf650e96da5b1ee74e1812e74b37396ea288b13393aca12188781a4483b72c2e34241de9191409714b3e3228151cda5
da9634b56bd18ed9b6380e47eee91ca17a924c4d21aa539007c6a12329d2dca4ae5dfef2adec14e4818f8da507c84e8fcefcab96d54667de13e72f65
65e7a91468fc7a3bfe13e8127f74fca7274ded22b0acf3410a3487be76caf6401386de119cc03a0f0beb184ea0b260750c2750ed7f9dfe3d30ae5466
5a06cc93cd3a1ed477d3b2b89b1e0ce88253fb3e7b605abcb6184ea03a8cb363383d0c679128bb63388171d44a8af46ac0ceb8d6391405c695e928d2
d325b80d55ed484f6054cb43919e3ea8cbce94d65197c0c219a18b3f097c9243d6d5315b3bb60ac68d8ecc0436c74c746426b0fc45eaeec84c6063a8
eeb84c6034cc95fa94b3137dea3b321358249ee8c84c60936cac2333819d42a823333d39b0be6664ee5097c02a9d5e475d02a35a7a8ebb0496f132fe
f37bdd519bc04e11d4519bc0b871a611b7e9b84d347b1db709ec8ebaedb84d6075f053c76d7a3358f940754c26b053d4744c26b0cd0d1f93092c343c
1d9309ec14411d9309ac1229744c26301ee94ae33760771c654765020b5f948ec904c6955999cc17819d1ea8633781f5bf7582dd04d623a269c76efa
a0323b654e4765022b4356c764fae0283bbd464751029b63293a8a122894561d45091401cb1d45096c7d3642c74f2f5b04ce8e1c040e02486775e8a7
3d3084a16307819d9b7cc70efa69cd4512eacc0e81265f5667750834668d8e43043eaa910e303af4cb56a91d3844a0712cec384460544b47718840a5
dbee3844a051e9744687fe9b0fc843f9f9042a7ffdcecfa72788c371e4bd738a0934aab34e4c0f7421d69d9b4ca061e99dfa3ff0ddcc7799341fe87c
c63b613ed0fee2a3d509f3fd36057153ec84f94097a2ab13e6039dc3726738088c2bd329027ea07157e804fcc0a8a61d662a6749c81ed6c9fc81514d
df4d5532d862989d541f18bec2b994581f682c619d541fe8b23576527d7fb4232ab44eea0ed4295890babbf07879c5bb688b409384ae93b07bf4ff5f
b58c117137d0c4ea9da4ddc0572d5fd793fe3f50853a9cf4ff67a4dd859c72927603ddae7d9276cff8742c58c249400d7409274f026aa0498b74f2e9
08744e8e2791f58cb3c6427439396b04ba9c5727fdf99930806599655d5922d1b2399de2c0cfa4325de8c24ebe14814e41790a870e7cd542564ebaec
4077caee49560c8c330c52a407516f2fb47427f576a0517d9dd4dbe7a65779bb4f6ef481aff3190fe263a09579655394459f4df8a4f13e898acbaca6
6944c5ae199ab6695a3ef3275931d0095f27a7f94097fde5e4711118a73ca4685394b7362ff749780c34898d4ec2e39924518be8b7939f7ba0933f4e
c2e3590c77f69893a81818075cfcfb637dd2a407d6c96e4eaaf44067c03bb9c19fbb459cefe4496c0c7ccc4e91a6131b25453e898d818f9fb99be9d8
f5307bf249591e68c4e393ae3cd099034fc2e5b96b6ef6e493d81868e2924e3e1a27495260dd49920c3419394f92646054cbb01225039d6bcb49920c
7447709c24c9f3d083ec8f27f78bc0382b24457a10aff3c559c8275d79e06b866aa6cd39dcfa4ee00c6c9c5d4e0267a0f8f49c04cec0f796a74f04ce
c0b658c304cec06845fa44e20c2cf480278133b092844f0267e07008e449e00c6c65f148333c84ccaf56163f55796075faf549de0c1ccebd38c99b81
ef454dbf899b818d547292270387632f4ef2e4499e34d4c4c9c0c167f6244e9e43763cfe8c0ed931f00d7eee452f7e122797d8554ee264609dd3469c
0c1c1c704fe264607590d2499c0c2ccd82224e060e19d94ee2e4499c9c93449c0c1c3ef22771f2244e56f7373c030ab7f7933479121d257d39898e81
556aa893e81838880227c5f84931aeb1a4c9734890c77f45c6a2db75f3dd3f899381c367ff244e06beef74069b3819387cf54fe26460dc4c999e0ff8
16bf67ea79cf94773733e50376eacb537eadf34c974c1cf576603db45538f779a64b8687763b50a8474f026ce0abe5429d8ca7fd32bf7134de81c3f9
25279936b048a87f9269cfd3f2b432ced9d83756ee14d178072a27e693b01af88a7233c2ea194df677b3348d263b5019d24e9aec40e5bd76728d0f2c
b4e727d7f8c07733020adff840150370728d0f8c6a59edd4e281eae0ce935afc8c23fc243c2747f840e5b87c1290039593f449400e5466a69353ce99
331e665aa293423d5069a94efaf4d3d9d544df936bcdf9d3b40c243f9af3670a56979a829cd4c0f5fb249407d699bde1249507aa53794f5279a0cbf4
7292ca031b7ff693501e6802e74e4279601e417f12ca0339bcfedfdf68deee27317e7efd89f1818557dc498c3fefd9650fd3e5a49b156b7792b24f52
f694c948d9814aa57292b2cfc7b2b31439fb04eafc42d09d9f8fe9b014f99b07aa845c27b5f849409f9f55027aa03a6fe424a007babc6027ad78a03a
e6e3a4153fe334fedd4c99ce0fa8d22a9d9cc6035fb530cb93d378a0f2753e69c0cfd7228ed87a11edaf28b217d9c62f8aec4031941745f6f5678c66
d9a12c1e3ad90e2e1e3a81516d4d5953160343b43b17ddf68501ac8786dccae2d0b67bc0a3c8341fdaf62a334863315e28c0b5e882275048072acdcc
45217d2d36847c642ef27ea0cbc174513e5f8b87e6eb7d512b072a6dcd259ef7ca490b8be3182f6ae540976fe012bc1ba8b43517179ac0b8329de743
13a8b31d5c6802a35a86970f4da06dc5dd8cee6a85e46b77d15b07c6b1b929d2d1a8b217b9cb2ff424d0d1820b3d09ec949c177612f8aecc17ea424f
024daa808b3f78a0b0295f74e0d7665546b6b878da040e49482ecaedc0e234f98b72fb2af3996907de11582515bdf08ecb7109d9be2ebc235039af5d
14d9818d13f0858a04aab38e2f5424f06def5ac66b275079a55d54db812afce3e20e1ef88ad24b1ce64258242ebfcaec13138cfb9b80f8f6c8cd7f21
2481cd91e5174272518a93302f4af140154b72518a5f34e05ba4ed8b063cb0f20bbc50992b3e3e0b57b80b490974ee18171f9f0b6f71cec785b7041a
efdd0b6fb9e2fa32e35b2fc27be07b661e4a78bf287da583b8c8e0812e0fd44506bfaa39c80e7b91b8039d67f145c57b350392eff345791ae82c4b17
013830aae50924e0409f5d20005f49f6b36c66998e32d0e5d0b8c89981af9a271034039d3aec2268066add1469474f3c4236e28bdaf2221b6eda4136
0c741e8417d9f0ea96918d8d3b44a04b0a719117035d1e8a8bbc789d1e60ff130019e87516794092ecc81d71514806be2bdbff91b8eca2b00c74eeda
178565a07162be488517096a0badb84850815e679101fc6522a3f7bd4850d7cfb2b01b702c0874d15a17bf82c0ba142f1dc7824073cecdc56139d0e5
88b8085517b563518d8413e852625d249cc057cd6227e204bae0d98b0c73512896c5dde61332d05d9181a650948ae4a2500c0c37fd141949320cff91
8b0c13e8fcbc2f324ca04b2b73d11406c695caf4ead12b37d3abb8092cdc362ea24ea00b13bcb809041a1e7a7113088c2bd3797e0257fc046a940517
81e87a5ed55246ae09748e7517ede4f56a6e348517cb7ea07341bf58f6afd7b0d94a98f1037d6e9accf817c5e6fc5c506c06baccbfff6becee912537
8e2000fb3c051dda5a60e60da66d85e4498ad00d76abab236890dc5891f717901f68500e652892af042cd08d012a3beba70bfb297cc526d385af0486
b4f4c2570243fbe7128b2f144647e542610a85f9c4d44c069f2f75e12b812ba73aa68d6973d82bb69d2d6c227a70613581f7ef473d99ee0b5cb35bb8
4960c8982f41f0ca26b29bae75859b0486e283c24d0a37d12fae7093c0d05eac7093da4d5b684d212281a1eb74e121812125bff090a29cda41b728a7
81a1d375a1268574d893b6908ec0505251484760e83a5048476090a54be03d70fe6306aa4d496068325bf4d5c07598530f369f1926e37cf8cce4a355
14d6c090245b6ada0af9d1a4ae909fc095e51d53314d87b1dd830f2dd85c203fdd7ade43c8489198c0d0b5ba9098128cd7f6ad3096c010ed298c2570
d811a33096faf003cc1b59184560e85b5dc2ec8564d89bb4908cc0d017bb908cc075582e4a300d0cbdb28b5e1a785b50152a1218eacb0a15a934ffd8
34742b61f6c0507452a2ec452f95ec5af4d2c0c0538b5e5a02e3369a2c81f1c050b251b281ebe5a266977619180a898a7659d9e575937d5ae84960c8
ef291a61094a2baa2c22616028242a2261094aab702c2a61e049322a2a619104b5152b9a60e0b8f691fa53af5d24c3c2a2f44d282c2ab023bc854505
0e9ddd0b892a92a1ad048b6658ef54f31a34e9af24c07e78bc74bec06157a5a2f395b0b1665845e80b6cb6502a94ac6c29ebfb8592154aa68155a164
951237fbfe14b215b80ecb10287d75297d87c28322f4154ea65154e164950c551bd1940cd5c0430fda42c902d79979943859a55e4da94091e202bbfc
b322c5d5e714b5fb46606981fdee425b685ae0b0ff43a169f5f99eb5cc071e56765a7d3399a2cfa6c813a5c555e4335bd314f92cb05b8e17f9acc867
7a0014f9acf48ce019d59c556ace365bfd16792bf0b0222d19a495ad49f5132974adeabe40a60837ab19458d272051d5bc2f908b12a46a66f9e63b8a
8705b6cd671f0fab9975990fcebcff7d2fd8cb616672665de6e5c7b902bb2d438aba54d4a504688aba5449c3dceedf3c1a163874ed2834acdadb12fe
5f3857e06dc3a0223855eac6361d990ac10a0cfd5b0abfaa36023f70042bf0968e5a04a75a66cdb74aea64e0202b177e1578db54a9f0abc07566ee4d
e158e06a471793c92525c93598c8d4a411f99d4e1a516078f09346345571c5854c942b70358e7ec636d84652125e3165f073339579f9a6966f81b7db
9dc2bf3329859b7d04265527f0b6469a520a03e7611bdb649bb9b723a6666a87e57ee94181ab59de65c2b92682a57660225881a131c444b0668aa536
35fd139b0abc055726a1672258afcd154c5276de7c855a4f046beef7bde529907002c38e7493841318f70890a9899e28539ee849e02d2f70a227f3e1
020f87b9c023c9bbf93d4f61e2196d66a3d24fe24c60dcf3419c99940cc2faa46404de8a0026de1118f7d83fee333393a16b13ed9812f2682053cc34
30bccb1353081cca6926a6303fa4b3c5a74db420307c2ca652f7c0d0e2670aac4eb1507aef140b0d0caffc140b9d62a154bf29161a783f0e67ba35e2
c99591f5a74e7bd25602430dfaa4adccc3dcc7494d61d0c05b0ed414059d89e06d0ac9a6105e60e8af3485f002e761c3617e65ef7c86fc5484f0e6f0
6b0f019bfc6c60f8444e6e76a6366493b13c85ca024311fa142a9b5cefe14d1cf7154cab334dab6cacc3ef98070d0cb5d753306b66cbc44df381294c
15180abe27473b45ae0ec3e22e0343eedbe42d674ab4b7c3a9b2a502e78b92a7205b6aa6ebd226957c0a2d4d5d973c2c91a5c050033e4596265d44bf
8a4917090c25f6932e12b80ecbef8c3012188ae227df1bb80ecb4539dfc0fbd36d72bbbcaa7d7726af1a180272930832677e3444bac9ad06de8f70ea
294213380ff34209d104c6fd71e57d03e3fe96d04526e7882c4fce313084ca27e718180a8a268962b6c77738d3e3cb7ed9028393d0309769cb0a6e4a
7a0a8cfb63c53706c6fd1de51be7f2db0d399b7af80486f8e1148d09bc8ffb1f33ce95713e5dd238b94bba4873979dd4fd8ddad352f703c307b2890a
cde9912d9ad30b0c0eae39bd16ddb06a6cd18dc0a0c2353f18186296cd0f363f6821d9db7dd1f8c1dbd44c2944dddcc662ba46a576b9b9c1c08b7368
d243db933a0faa054a022f4dd69aaf0cecd6c6cd573631c292b1891181ddb60dcd7d069e9fb2a668eeb3b94f6bd2e63e3b5b58a8c468c243e0296fba
090fcda35af4368f1a784a7e6b1eb5e913968ccda506ce0f67c6499f08bc9458347d22f0d4febce9134d9f50e5dff489c043a398a64f045eea299a3c
11384d9947f244e0343971307d8ec9fdfb193c3cf3dd9d998d0b368be5a64404ce333319bc7f6053f4d3bc7f3fefc9c89d89d6b49d2b22b934ef1fd8
1ff9a8b5d04ce0a5e6a2a91a819b573655a36d529117b1c9158187007a4b126b1b5278c3845cfaf7c6a7990c3197c04b47fa167309ec232eafc55cfa
e31e522e80a9045e5731c89f7aeb4664fae37eb0fe65e3fb48fa70565f4d1969a964ca0d9a3412380fcbcc904602878f6093465a944605428bd2f447
e6214a70e340ad284160b291a0c0cbaedf4d2de934f2390fcba9f2c602af7b6ea48d0536b57a2d6d2c709de930a3b2db451842233c8143c94a13505a
69812e0c8dd1049ec2f12dd52b709e990789e3b4542f5d121ac9091c186c0b3305aec33245e24c816173a796ebd5d9da70b39b57536d02438653136d
9a6813b2d7449b26da88e437d126f0fee4bd24da04de2f0f546a57e0f4d48ef2088e24c247e06d3a4d4793b953f99b28133824c73751a6f13b95a18d
df75441994af71b926ca68d6d04499c0a1bcbc89323d5c34e4bac5b15af720af34ca17d8853e1be5ebe13e5e0e731f233a9fc78205b6d0d63b8ebfe9
288143ed7e935102d7611995d856e05081dfaa7f1b339471de9861e07ca7f25830c3c0aea177cb726a6451e79b461603439d41238b8d2c2ace686431
30b4746864b191451d501a590c9cec2e67228b816147ad96e6d45f78ac88264d95091ca2524d956934538786463303bbc87ba39981ebb00c01cfec2f
295ce39e74f76c6451d786461603bb72ae46165b608de6d5026b81a7dddd9a78d3e545883cd4dafe04de36c669e94a81875d885aa96f60b7f572d77d
6b2b5516199404a696c0646b80a60e05b69b0e48606ac13cdd181a8f0d3ce412b6605ecb34b2306c3c36b0df5f5334b605f394cf37d2da14a3b7338d
e082c31e024d316a8a51c490a618050e2bf816ca6b2292baf826223511c9c3232275df599a79527872e0b8bf2878728be50d2410510e1c9af2b5585e
e0d062a5494d814387bf2635054e53c624dda991eeb1b119a7aca548378d7437d2ad70bd91eec0e9c31d6650227e76226aac3b30ec8bd714a95e0685
6b919f02e3f654b8794b95ba7f6bc879e075fc3f9b7035eede32a9862f3cf2de57c8f1a553608b38b688a3afa88863e0f8b88f323509381e49f95848
fffa74dfe533b6c196efcd07d36726b7f170ea17b6a8c04fa6622a873975b245a47d323553a70dc88869312d675eefdc12970c3c75e35be2924b6a95
26074b103270b3d52508b9ac5114282d6b94c0d08a6859a304aec372230a3302cfe3fed7de4ce6289e7da9d5087c28d25956374be493a0b92c3f020f
1b952dcb8f25514b19fcb2fe081cb6e659d61f6bffe2b00c419947e0d0967259322ceb03edef97f541e020992ceb832596a8bddf42d6038756950b59
5f628916420b5b0f1c94952596b88875d62e0b830f6c9fb2b458c4ba85d4ab225f48fd4acf4c25090b835f4faf5d9ce542c40387fe980b115f6a33ac
3716da1d783ff295586877e02ddeba14f62e8516960deb795ff47a15e4002c1c3bf09066be50ecc08b0cbc70e8c0615db888814b1072dc671a408290
d4918569af0f93fb6633b9695d44f658f8f2a2235a382c3a62e06a071a9389145eb4705808f3125ef4aad11103a7290f948e1878ab315974c485695b
052c4c3b30f0d485692fb4da2a60a1d581ab2b694c7e5854c961daa89281a195eea24a2eaa242ebfa89281a131e542d2173d11715fb8f6baf5c45c00
d55ec9d5da65f22db95aebced5ca1004435762953b4abe90dc651b398f0fc90d1c229a4b2c72257deb6422b928921b38f4c75ed2b7023b0d738945ae
74df17d85c286ee0b119138a1b38040f97b063e07c52b95761c79518e3791779a0628c8173ad9333a57dad10e15d11f9c28403c748a46669a9131836
1b5ec28e2b3b73ef5a8e2c7a6860a77d2e72686093dfb3c8a18117dd70094e068ef17617c6343c005f750c3ab0f1ff0b830e3c6d10bc1418acf4d7dc
b32d63a727dd05eef6faf99d7f349b2b7ce4b8dd71f623fd742db1ce3fbeb015dbb86cd14c4ef0902fb9a2356303fbd502ee8f5e7bfff85fa7ddef28
0b60df531ed1da9b755a9aed5769e3657bb1a5767e4fbb8535f28d07e7b917e95b8a1157ca0c2fdb7ed9e209c165fb88edc1f6647bc5f6663343972b
3cff58b1edf7b9e3b2edcedd9dfbcc35225b9d30d8ce595b94267012968b72ad2821275cdfc4ab43c471d932de15c1e0b43dd81c777d2b4edbf51b3f
ff78b3c56fa46e78ad94729e9065dc1ecb93e599e63bb17cc4120d81250a02d83ec5127e7bc2c5c62ff773fee7cee24eaf97f8fce3c19672825cbf5d
ed82eb2836d74b52feeb8fbf81ebbf7ffafcf5bbbffee3f3d77f7efea9bfafdfbe7deb9f7f9d3fd6afdfffe5b27e3f7bfdf8737febfffcf2dbb7eaef
bffef2f53a2bfffbee871ffef6f3fcf7fd7f5d7ffdebefdffd17fcc29791cf2f0400
