1f8b0800000000000400bcbd6fcf65b771edf9de9fe2990b5c2001ece4ec4dee3fcc3502c852cbee0b59f2a85bf13506f362eff32769c0521b929cc0
df7ec8b57eeb48f20dd2c60c3002ec3eeb213759248bc562b158fcefffc7efdefce2a3dbfbf3fe8bf20f97972fefdfbdfff3b7d7fb2f3efeedf1a79f
fdf7fffec9fbeb9fbfbe7ff3fde7f7fbed7e4bea77fff4f2bb6fdf5fdfdcbf7ff9bb8f5f7ff2fa9b77dfff7dcffcfa9beb1fff7cbb27d77f9ee957f7
7f7df7cd0f59463d2f7ff7d537effee7eb37bff8eaeda7fb2f7e3372bd7df7fd1f7bea4f135e44e7cbff3cfe747c33bd6c23dfbfdcbffdeeddfb6ffe
e965ead4cf5bffcbc7effff4976fdffdebbf7dff4f2fbff87fffdf4f0b7afe7c995abbfc62beccb369f987978ffef8c717257df7f2edfdbbfbb7ff7e
bffdc34f3efe69495fde6fefbefbfedb77e79fbfef64bf1cdfdc5efefcddfde5dd372fee10fde57cf7cdf1ed5f5e1eefbffdfabb9fbffcc7bbefffed
e5fdb73f2d67fcf1fd9fbf7ff9fafdeddde3ddf518a5fdfce5f8f6fef2a7fbb75fbffbfefbfbede54fdfbefff7777dd45ebeffb7e3fbfe7ff79f16f1
78ffc73fbeff8f77dffcebcbf5fd37b777a384ef54c2d7f7bfa2fabf6ac2772fef1fa1fdfafed6bffef377dff7aef8fee86dea75be1ce7fb7fffab9a
afcfeefce6fdf7efaef79ff78cefbe7bf9632f7694f66372beb9a99027ad3f2da81372fde3f1eeebfbb77f7b9f7f373afb473d1c827b6fddfedc1bf1
ff1fcd2ff4d08d39768425fef1fdb72fef7bcab72f5f1fdfdfbf7d77fcf1bb9f96f11c59f186caf8510bffe1e5bfe88ccfefef54f2f8e89be3ebfb20
ded3ea9bf73ffc55a3faaef3746f97cb7dffed5fd1f0f5f19797fe55e7dededcf72ff76f6e3d4b2feedb41ddd7efbfbfbfb8477b21b7de863e2f5e1e
3d41ddf6d392be7bfff8fe3f06e385a9bffbd3fd3ab8ba97f0ae97f71fdf0e7efec69cfddd771f6ae1dbdfbc7ef3f2e68b4fdffefea32f5fbdf4dfbf
fbf28b7f79fdc9ab4f5e7ef5879ef8eae5e32f7ef7872f5ffffa376f5f7ef3c5679fbcfaf2cdcb479f7ff25713fe8bcfdf7ef9fa575fbdfda2a7feb7
8fdef462fedbc8d5fff7879757ffeb775fbe7af3e6e58b2f5f5efff6779fbdee25f7aabefce8f3b7af5fbdf9f94f0b7afdf9c79f7df5c9ebcf7ffdf3
975edacbe75fbc7df9ecf56f5fbfeddfbcfde2e722e77f2fe3e58b4f7f5aca6f5f7df9f16f7ada47bf7afdd9ebb77f10259fbe7efbf9a0e2d34ec647
2fbffbe8cbb7af3ffeeab38fbe7cf9dd575ffeee8b37af5e7aeb7f5aca27afdf7cfcd947af7ffbea937fe874755a5e5efdcbabcfdfbebcf9cd479f7d
f69ff64c6fe27fd12fbf7ad5dbf2d1af3e7b651a7acf7cf2facb571fbffd792ffd875f5df4f74a3efaecaf3ae6cdef5e7dfcbaffb5f7e6abde011f7d
f9879f8f0eed15bc79f57f7ed5bfe8892f9f7cf4db8f7eddfbe3ef7eda8d7fc5d17fd5a77db83ffeeacb57bf1d4dfbe2d397375ffdeacddbd76fbf7a
fbeae5d75f7cf18986edcdab2fffe5f5c7afdefc8f9f96f4d91763543f7df9eacdab9ff7badf7e24927a79bdafdffc8ff1fb575fbd79ad5e7ffdf9db
575f7ef9d5efdebefee2f3bfff6929bff9e2f7bd5f7b533eeae57ca2b1fae273754fefe22fbefcc3a861f49b86f2e72fbfffcdabfef7ce4a9fff275d
fdd1e8c337bdcb3f7efbe36f3a257d04defea85f5e3e7ff5ebcf5efffad5e71fbffadf06ed8b51feef5fbf79f5f79d275ebf19b95f9ba0df7fd4a9f9
4add3486bfd3eb9fafdffcd560319b7e2e8e7979fde9cb479ffccbebd13abeec0cf7e635cca93efff8370cde4f05f3ffc725f9d537b78fdf7f3d64e5
773ffbd93fa254bcfc63d48cc7bb6f6edfa25974d9d4f58c9ffd6c9abb6cbc7e1fa87fae5f77dd46dfbff9cb77dfdfbf7efdcde3fd4b71bedb9fff44
de97977ffcb2ffe872f52f2f7f2711f9f75d923dc6dfbff87688b4be72fe9d759167c29b3fffe94f7fbc0f025f36fdad8b45fddb6beb8acee743e0fe
e34f759a91aa44541934991ffefef62f7fbabf4c94f2bfbe7afdc9cbff35bd4c979779294bfbbff9fbef7f3bd6de8b51750bc672fcdd9f8eebfddbe3
9b7fbd77f27e79b9fcf38bfffbe5f6e93f8fbf7c7cd9f9db2f3ff9f457fedbabfe37fff597affadff8eba7faebf8fb2f3fdd7ec5df7bf3feaa969f4d
aebcaf929d16ff4df5fe727afcf3cb34bef871d2cfa6cb056adfddaeff767cfbb35f2ed77f7e69dbcf7eb98d7f5bfff7d6ffadfddf7bfffe72f9d92f
aff37119458d1f75fc6dd3cfe59f5f56ff71ed1f14fddafef9659bfdc9de93ab73b6fed132ebe7d17f56673847514d3faf23834bb88d9f2e76d4bf54
fd1c4d9995f7eca46ca6e09c7a154d19ce3a6a5bf473199f396f276cdb76fdec944d933feb944dc59f0dca5691738a32ff7550368b9c5315affd67d9
d7f1d928b7b46d54bce8e728accefa39f22ea3b0327a641239e5545e95a08aeb20a78e616d655df57bd2ef49bfe751c6b638a108ac4da00a944d406d
dc54431561fd1b17bc096c2e6d17d88b40337069bdb5f3a514a79c021aa1ba5f5d9ab3dd5c9a53ee26c7453f9c323aacb68b0a9895ad4d4e116d6d56
db54582bfaed2f56d76fb0b97e11d34cb306a536d3bc39e518df37977b0e1e151bd4668a7797658a9b3fbfbb167ff2702d028729766f1e9353d4e9c7
ec140377faee6fdce94ded3fdc0071493dd4e9fbe46f7691260206e7b73aa95f0e91bfbac653bffd7788541f1d10a95c27446a6007b34f55359c2671
5683cf62e04cd0eb6cd0ab5a4ed3aba9574f3adcdfec2e40f59fee70ea3fdcfbfec64c525dda55c08374bacbdd80d34c525d805b338fee5b765a7311
506b26fd1c2caffc4b187e16705bb6556071ed451210c9f59fc8b29ed30d5d5db667c35a04cc599bab6aa6c6d93c1b665725d62afe3d4462d94cf24d
63a6b60c861fe55601187e17506b54dfe0f7a936fd745b167fec71599d9f7171491e17b73f13c1df30115c9ac74563b98c9930804b632aa889990a26
8671517b2da936c9aa4553417cbc6822ccfaf8b0205a0d3c2ebb3e664e881116e6c4e214e684bf715b8ab3794ea829cc0967f29c10edcc0913423b9c
403bd44563b6f492fcfba1923452272362e011d9d53e668b64e5c26c712d63b68c69e06ce6300f29b3c5cd62b67820345b6667f29878b0992b92a1cb
c998381b02d5e0363e774963de6bd6ad621af5ce2aa6e97362b463f36ab0cf9380f84fbdb0edee05677ae8efa3abb6c197bd472efa3d298fbe9518ae
53d1efa2bffb77d5df17fd668a3501af29c5b9dc01123e1b6c29c9bd35cfa2eacadd05c5a5212e36017781e6d44647ab3fb653ba861ab88f7eee136f
7cde3cc176714f734ba65dbfdd252aaaa5b39c4b6d1123374fb15ddcdedc96fde25c16d564db0d9a80f87276c1877efbef9607fefaeada2f02770357
f27025fae430f51ae7764c5e1c54a327cfee467af2ec92efed3095930b309562a07640e526a04edefb8af40141d89843cda5df4c9e8165417355265c
23dd3c8bf649f5328bb4e0b6d3fd2ed66aa7fbfde26fdc24ad396d0c6eef2c917aba45bb811ba119dd3c73f68b0b738baa0b3b9de26f20dad440f448
3976d3295de6d8e9e045c0745e0cc4ea92548797935d53f7f052b06b721c568c76ada0c76e6a8ab3791e4b7b3bb416d4e25ca6ac9818f3c1e46adc9d
d23f0eb858f3f4f032b19b1a4f48f1e7e1c561177f1f70aec4e311fe746126b3f91b33627361a666720a048cee3ce03dad14c7c1d451a731d2122707
83ab913e4ef39e1b3dc6431c740c31a6bf9df4b746e294f2a9ae3b596c25404e7ab8fa8b41faecbf8ffe9dfd692f5b42f5b4ceb94b589c9661628733
7da6f223790cd06667815168f117885ed53b7a498d3a590b17e7f180696dbb0e56121557718b7fd5d07b95e221a170dd9fb55cc518c57907edc545dd
7e68f31546d0e272b568dcb57c5f193b692857048296c02b02613118dd293ebc4a0248e45dbd97da4d31c260738a8b95e27e65566b39bc32d6d2c2af
63acb5c85d99b8da2a5c3559d5b55766a794bbab57af7d337003f5f92dbc3528b95bebaa1ad8fb2eedd022f3bedf0d8ac0c340df78d7e049703f0ea7
189c06a39efb49b6f1cd43d37b9dbbc4ff80f87b58a7ab62fd87773855f2f401451aa687a6e87cd17c7d88dd3a70ca62a06fc4561d74226e174d80cb
1882dba44f2e638adc2fe7434bcd3c0daebc4fa7e74c191345486bdd58213aba9d62f331b585bcc4254dd261345f48526c74e07dee127ca833a39b04
7ad29a94d19475e88e0252b0f93d3aed09ca8f4165d405c6867ea5e4d19275b08fc06e29a0dfcd7240bf35992f80c12997e41a9c328796bb7ac54052
480d1d405506a84a0ad0367fa3802185a471085c55da447956a320e834db579738c12dfb0c94f1a2029a8b214dfdd5b34ec0deb2be55de4137a1cd48
2357b62055d968b84c194dca4d4745ddb06a7326383a62ba0cf6ef50468069da97c03e32db74012c4e6bc04e6d573b92f310aaa08779d32dd136bb2b
3b641de3d8b7ec943ae66c5f1b49d35617daaa8d38cf24c9f2650a1c03b04d006f58610e6f33e7cb0ea563ac3a6dee1d6d949a76e34283cbb5ec0bcd
422bc83b89990f47b7f662ccdaeb687e933e3fd0f850caa4c0e8b5d20012dcf3c5946e432af5421ae874e206bc1aba9ccd8260863869ccd2e605ea00
a6651b1dd53587a04d888c43507754414d0862463f7565d139f731f61b6cb2efaaac01468318875d6cd0054a32b2b9dd80c3dcb65e00bd6eedef0424
c3ebb6023d515b52c770d650e24d3a136f1f63d477e0d43fba616d05503c65f60f085fe51d044cd0a9d9b4a6c83199d2823123b64bca7fa86afae150
0fd180d195dae30a8ce22a250ccdb6cf500a1fbcd98ba0bbc60ab75d029691441112228cf57e8a22d7d4763712a9d66c695b609a66b56661b66b37b2
2172a5f5af880c69fd1bc2b459f35a98bed6f1faa0ee40168d15b81936e06eb801ef163764d64ea3a752f290a732de0c70aa3b8b1b725aa799e9c3ab
94b57946105fcdeea4a1682119ee5efb64d410b4fc6504efd2377f80105457a05654197405e79f665e7e0add11cc0aa9043fa46ad9ee127a1319ed22
9b4487eafc5646e67df6c0b722a17c59cc584d52a8efc626d05dc81fcae6d15105a99885ef8616d5d1c5e854295e5b9a44524715a4efdc451d9d4233
e82a34816e42179068292953f5793d6eab26c04c92f8694eca2cc1b280d44fcf420e8bb9b2199e5ed80a994fc94e6839253b21e574efb764b4604be2
75e4a4799a2fc5addb760f78ab40ad3016b94d021891de810e075680ba8fe2370c705e619a24f53617c0d56399fac60cb7786ab27d6c0cfa3654e93e
5a3b6811a26eb35686791b032b63da00271d0665d62f320a92c09b3599b6bb3d13e0aec5d49fede62acfa72651b6cf7cd624ec3d653b18236051d024
33fa5713489d67a9d91aa3dc4045390ba82a6d07a9add3879462655d95b5823cc85026b9ba85b2537c6319d96c4d98a7271c2cb0a514cdcca9855275
ae098d80b272d2a1797549aabbdeab5d93863c94ec0d78f7aa6578b27ec385d7ddb2c44b5cbb36e4c105e88a9875579fe3cccca69b9916dda7dd1adc
412ad2834eba5b42307c77dbb49bd9ec5895b77793883a36ad0f9d4635f730155de15b0d2def10211dba5aaf6487b77633e2e6b8b9e7982287b75bf3
6cfda1c3d950ed3bee6df981c68e5842f4e9d96c2d593ccca7ac225d9a9b053b5cb40758923abeadd333b529f333f554aa893a65fae87b98061a7d51
513a4e593fea5a833ac185b5b2a34e43456d3b6501a9ccc7131348b1b2727a79ac4ba14ab5ad939b8274a6b6acc9dcc9edeb6c4a3a07da83063b6dbb
b599538692b25a809fe2d302d776a42eda2a5f7a935ebcb677288a26b369872201edb4c3d16305c17d9ae34b6bf4a738beb696d431adda94c6c94c57
5b3a5f13abb499b6da2077b99059569b1f8a9251ae4e69adcc38f5b241b336f57df399545b2d2a4dd0c6be64ac4e314c65429f36f8342f1a1d499961
0bd961d17878de9d5233e6d5b3e3b475a8ab9633507dc1b6eac4ec533d773af4d1ef9e82b5b19ae1189982ca855e3d6d06467074b8fe34efe6e62475
d8ecd79572b5272b3b4db731a8b065ecf06108891af9356d1d235d0a037d7aa067a897cd821d7347b2f3d7a40d566b2be468dc56afdee7d5a28831bd
6af9641d3c25e2ea303a7c48ae9f325e5544e5690356b1a43c65c3ea337a06f5be2af396eab79136a5fad1530b13f13ae67e9fdd3be818df594b3d65
012ba5a5ccebc839e5bbdb407368918c78d2f218888eb94a44a093763486785a93360446430a48bcd7d95a4647bd0d954d6647e37ca2a44563b4cb16
aa8740a805d127795ccb9c324fa1e4bc8eef6a720e2e692b2d1a4c52eb1234867342245e7d7e7681b22139fa6ca0ccc13ef3be43e710ff734d4fe8b4
ecd9bb6325ae2b335d06bf7965c6696198eb921a8e1f89d5eb60bb8e52ca1887ccbeab9870da52fb68c3969e9081b065a465216c13df49ce6c25c8f3
3d397f2cb86542ac6c3a3b1a7cc6a6e79445b16e19cd218e2adbaf8e86c85c99bd3638d625c3320e04aa9c16844ea1641da6c5255d31c4566d08cfab
d485f62c65acd3c5eae6a905bfaf960b68d22ab18306a32db0f26d4ca4c266a7a33191366beb1d2d63c9a081b73191faea9252364d8f0aea0d5ca692
324703f735a58c89b44fc93916847d497da37df39c1a7afb968268ba8d89b49435df3d84a87d4ca452176ad044da991eb726330f72ea3626d252b67c
27717d499a5481d0392659b920d16e63929585a1be8d49b6ac30fd4dabee7a49ced1be754a0d3295efa96188fc754b296392ed7bead3f83dcb7c8809
e9412b4308744ccfc9e9dd75a1b56302f60528dfd5d1132c64b73101cb54f2dd685fdd92a6f53282ff3666e01226bc8d19589e9d3d6660efec0ff922
28eba929186aae1a79fa694ccfb23debbf8fb492b4c1bd2b9a946cc5f39c71b127489ba04df3b3ac4145ec940f47f35b984b27af2d9d3fe667790e9a
0eb923b36f3ead4337ba8df9b94ecf1a46ebdb25a55829cf7743fe5c32417cd8fd44bd815d516608353db360df75089352ee637a164cb11d0df65d90
c4f7313dfb770554e5bb9052a45e7ba77bfa48626d2973b48fdd674743be86d1eff60579d637f6a261f4bb0ea9ca9c1aae726a0b2da37d0d01a0838e
695f82b44dc877cd965ebe1bd3735d43a75499ac11773b8d2c49ab9a1294a913fa08b8bba6e7d49236dcccb0e975b40ba59466750e34da17954cc69d
797fd630c4cf3e27e74dda40050db36f815f64f6e969d4a035b021d26cf4e98a1c8334e6675f129338e46b1480bbe6676509963da8b41a34943a6ca4
1d6d3fd2ffeed2c4f6308ca6e782f493dd689ba6d4700a85506fee53cab0c5ac2d696306d6b09674366cd5a70ea1a60a2bdfc70cdca62d6816e23b4d
c0c20279d7045c91c4f73101cbf22c45f207797ed7045cd22f7233296191d36e1641630246b9bbdb2f2b13298e59a09bcc2f41b29cb47c27d30992f1
210b45a1b50f29fcd17a397363057e687dbca09a3cc604eceb7f72fab07403adb232e7bb317ed9153db44f2e519e1f5a2057b897a3bb251fca588dbe
f31833b0a314334468345b5b085b5f083e28971f9a9e5b28f5ea09333fc614ecdafaa8b070c4265a06a83a50d88d7c0e4192ce21a428149f85ad6b52
645e7e7ee4c3b02d3965a4d50eba239983ac98149f818d3d7ea00e1eb4eb2c3e131b0619c8d4866eb5196ec09b6b71b933465a89b80eb59a228bfb9a
734ac6ed00917e013c5caa33eeb2804e6d030d8b9435a5625bfb2e973ea1456807ad42f96e93ada28276a5cda02683fa0534acaa361e0f742a67035d
85528a4e014ad2ee4a5b410f21972963c82e375d21db7616d0ac9c416a1ffdd2383c6cc026535d336976f4b8d42d70244e6b904aa54b65f9e86806a9
d79615b4b88e05a86e5b833627e64bf51bac22bbc76e1d6fa04359f7063c0d93f7ea822af0a673a9e455d73ddbf570bb4894a6d5bf245556920e6999
8ebb6cbd1fc863b78134764bcad1d8ad50eb139c254804ac294563c7f43bcc7f8b7be0b4869fd9a28df47ea9413a0585adbc1f9ee4282128eedc0b68
75e20694a7f8ce5cd19678a43660736a051e86a9e7344c3d57c3d074d3319f1b73f5a162b2ca807761fa687fbb5f6067ed6f87f690ac3a64849faf3e
68dbe14bed54bb90a01c9b906161ed4dfb87345ba68dae5cd06cd9263ba4ceb1f8765aa9527efd0b03ad1d68af83366b815d52bf2c589d7f68e4a969
c29cf556922dda80839ee12efa01793db29a1caab433bf377e03ee8649d5b12bb35fbbc99148ab25442e88227bb7748292d7c4170faeadc41deec0c9
7001aa6f6b902ce988959b99a6d1d5dafff5a14ed6436d692031c59e3aeeea1290ce6297462976e368a9c38e1c8df9a69ddc801350f4201ebd659876
24d2cd67f4480b29ed5de60669b59a6790cf53f3dd438d74a1527f47a1401db25de89d3b1cbc8144cd9c9c62603addc78bd3bee643cd78a6c5dd0b22
ebc1dd87aa70ecddcc0d6dd22b771f93161f25ee13bd2aedad134329e6c9b9815c4a72da79c2a558f36137356055f54112c048516929bd8a200938a4
82b4946d9d4ce84322df2ada4016201eb626ef9ebe99f36cead0a670b7aa4369c43e58ecd01e624dc6bb01af4e5d8143d1a8f36438d94a0de7777828
b3b655a5cd3b1b3e973c8bd5369bdb3a948bc7ba99113b544576ce287d7a0ce6da8b4562879b535d51b1439ed5c0aedb635f5d81b2d9607fec1b55ad
285b31db36397b0fe8de58bd2128d0bcaa459b8da5a56deaabcd7e391daa63b76246ea504e2b979554f9be6dc5b2d8877cc3cce3e6efde764dc52537
09f9ad5a38373b726e752bc0d570033643976c2bf6c662db640fe87b1a4ba376f3902d965c4d1bf4014db32758d93de19bb5f26d09d4625c27cfdb0e
d51bcb46aa1bb840e44392ad43957ce856d980bba18c8111428714cd01d5cfc744664bff636aa6d92d3aa6c35479a53866dfa5197ba30f09f5c377bd
9aad64e528a74f07bcae1cba1534e18932e061681a1793bc5ac21eab0cad177b9c75e83b2df4cd21b7ed013743b3d53691aa1ddb66cb68390e5f3541
233d7ca071992cd78ed39e849387e8f0c1c3e603f50145b31d293af424b37db443bb4d578bc14386f191d915f9ac70b3c7cb805743d37cb591cbc6e3
72c876346dbb95e843d69b9ed99af971f714dc2d618fbb375b3e7f18d0dfd293da827768d17568573aad089543dbbd0127a0bff58c3c1edaa16ccce6
0e75bb0285fdbc88f7fbb7cdd0d3d7968e721695bc3577fb592c72d00d4edf22db7c143ca0faaac902d7e1692e733f9f8b7c02d8a49dbea0b23533e8
b9aa5ffb46de79edaf90d5e7b477419bdcafa73cbd7aaac7f3b45c88ca74eede0e858ae61b4d6ce54e7bfdef3e7c1c7015f49a7bda8b7ff746bd7008
db61031e660d37f7800c0b91d3fecd4bf544b129b6efe5ccdd1800fb925181a279f2d26bc3de94ad918d1c53f4725b32ba10f11ace3ebc6bdf6ee083
8a2c443aa4af46e6daf798ceacdd40edffee86bbe0ecbb19ba4775af3b7719abc8a8b837eeb6d575200edd7d123ee0435092ae43ad0af8e8d47d9568
dbbd740de8ccb2b156bbe77528e57ec0bba14bde6c1eb599beda81aec316e8cccd997d59a3dac3a07ae736d64853e5b3cdbdd0044b825d97640465da
2e34c1ce0abb8df7d53a73879b2bba9919cae6163d4cb3aeb20ca849b6eb66cabd6fb6dc576686017d889a540f997d8707bc1a2e869222bbee677438
d9d8e8edfd805a9c2edaa9762849b0d7273c0c35dc5d45980c5dd4ec8e1debdc07e4fec8ebf635b7a098d9abb48b5e80dbb7cc1578333415be8459ed
e9d037caeeb9c563d2b88595e6ae1a84cd4ec91d9e2e997a579f174d6496c3d0509177a0c4b1cd887dd76f965ce9d7bdf9c0ccdcdd9a55201fc3d5c6
c51edd15e9d0b73076db8306f4bde63a015db2d9b979cfb8afcd2dbafad6aa8f566bd3794657722737e1614f8499bef22abfdb21aa1e17b3a41da707
bcdb242d320e7b436fb6d80ca841f1f9673dacf2ed3e9da87d4195a0f796b91ef27aeddab5e7fab199359ad4a77aec2a79f7ceb2439d93ef5e51ea61
d783bd4195376f65b31439b43feba98b4bbe658c5c9415f2ddce1403bade466a23d5345b23eaa3a07a4fcf8ccd76a70e25ad9b7d9f3a1419cdd69eda
17271bde3df5fbe2341936430d68b34cada7ef5c37fb56d453f7057baab6c0f5dc7f74c03f90dc189ec87ab6fbe2dc7db8b1e543594c97a4e9687eca
874de74a49d391c5a58174e25693d342fb0987c574b1b43825f08a4d1d033d4c0df5eb70de26ae81e47fa475722008a71c4de1ba43ceb06554fba30f
a4739812b4e93c3e85ea1cd8d3e694cf70b16239d05d0d4e4ef916cd8dac6304ba1a4fd6c347595421276c6f0b066aa674031ea28d66d81b6766e476
a9e338f60ce8f31d7ace5ae30c87ec63e5ac9710ab3558578085860a395d32903a09bfb420efdad2e93e6a5b839a8e78e856d9f6bd4f1f48876b2d69
8fa7c3473d1b9e223b6858b0bd031b488353607c7b34afb5813c2b4aa076891304347b7974c6fa9050ef590763d9856e20cfdb0924572b5adcacdad9
356fc07107a4d2cbbaac593395745bb3f3c00cdae5c7929c72bf81217563334e6d035e3d02b4a3b1fd0189b825693ae899a971ac90754d337498dc8b
e143b9654c1786b9c15a958e3dc593881bed2acabc438f74a56663f9805a0242ac3498eaa3b57afa72e38af8d085c6dee809f4832bcf40ab6641d274
26868c92e3debcc19fd22feb74093ae59d14747d3a040d7433311bf0ae0f411602cc5719b6bb0e4185de3497a4d99c4815f6e1f3c149b50f5fef4718
42a6ecfa036a421790f65b5e774e9baea719523daaf60ae85032c1079b03a9dfe0407bf0b1aa9c07b6ce7cb7caf10752b56aac3b63a133facb06313a
216c5b6a78b815c0b144d6690a2a42d02d096097b91a5fbc82bc3ecee3e9743590fd25e04eaf961b9ab13df3ba2c9b41631bb4d055a739c59a027e79
5bc64adbd8ea0b19d57e79759a923664c0baa498dd1fa61c1dc6adf950d4b5d47f53312b48ac02dfcaf05116668e2e75f626b37c9d723b991065a7ce
b5331c52a4e7bd264dfe6973bedbb57aa5d0a6137e08f5fed95efe039e1e9d02bc8d63bc142a4ae7e47c0891f18052120f3be4d160dd98ea85566091
7b17840f1eab1746f5348fadd488e478663d4d2bcd3ad48f732a9147620d82cb28c88ad80c01f6d4f25d866acfc279ac2c1f14d7b645b4a9a6a0c505
d10956fd5994ced36390ac634d981ba4eb18ae6cf9cec2630a3d77d3ce7821e798143eb029ace157df2a460a69bf34bedc813a297826d2990dd8445e
126550855f7d20d3ab4c252843c92b0314aad135f16d40e2df950f75425c585fafbe2c08a7c951b193438fe8246754491db610b179c557718a56e5d3
9b36c1edb60115b4139980aa0f0eab3d128b6d92d57e7fe343da7978bd65b6cbbbaf288ec840964ccc1a7bf7b589f9ad43984150f2ca2103417d4591
0941566498c43e85e92d8376d9dc9610a4439892ce94889b5ad2189440f9bc654cec8a0c5fdaa76f9b59b9edc63745ebbac125480ebbee5de061b9e7
f55dea0c120fd37b3e9f59d9dde09fd709da813ad85883ee5a02f2a50e1de1f79baf30230e70bb5b82208e629a640543e2d39a5a10d638ded594aa6b
8b88ce9b25206a851cef4687a4d426053e895ae551dee4795775375f481a514dfd9638a97ec8c3654df5b2726d2934029152518990bade906e76c4ae
7694ab6cd7ec28374aa2ef0e3bffb160cae36d9ea2cfc9e5ad669f7233cfa24de8fc6a64a520fbd830696ef6aa091378a965bb21d7b5f161a0b5c439
95a8874aca917040f5b3831ad62cbba48d720ad0db1f46f36ee316fadbdd7bc709e16eafb46d5ef3a9e843f99569b64e256950fb61238addd46232b2
9b5abd4c29f5ea7216a09dd1431edd1ea86e6707ea3bf953f43d79aad5ec73e5a9b617b45f79aa8dac81728d61a875fc57c36dbe8f52b391b95b8f67
9b29efb4514e2a51bb603e1f0eae7bd23c31832cf39654a9019b904ebe8888190597b4828c914f588d6cbfdb0f33c548c75b5851ef76934604df4f86
9d62241d1704a9ddb91a0bcf1d2340ca810f33403ef62a2ca9f2c52a2b082307e32303fcbca3ab3cecd84fef3cc25ac9baba920db81bee4049e43595
0c895c5ab25a1f5903cd3f482719fdfb90cc20294f35757a4d67f5952755cd903ccc3e74d0039b0172f581391556d3b1688d3e22cbf3bc97942386a9
c92929c7f47a58cad5146acae724ded4b121c012065275bd7265681f3ab75a528cf5bc68880ff92c6ecf0fbda2a72725c64ac8b114cb889c9e4e6876
0f2dbd654bb3602776173a3d298599f89054ab2d05693eadf970d7d52588f5b9d9f33b7aa000ad91cd29478307033f7cc95e4ae94264898b8d218b7d
dd060717a0769e4b124dcf0eda5c67056aeb299d79a0c389a9c58a4b12ad902df9728c9705fb4077af17a16078bcdb90b438dac568180499d5c4c08b
3df3ca93d8e6ad9096f0c5412faa7dae1607bae8333ca5d292245a4fd821cfdada9a72cc8749b352d3d7e90fc8ee855019db9c1e929fed64056db187
e0ee83ebc50e82b3374e1d1d6e261fca03a2843a71a9426e0a8d2d565be8f5c3a3c778f98c64a55fedf9ae5078829a6ccf0fb5a03fb3bac9a9e2d40d
9da4595b0d3143c1b8a4cbed8b503276991690632d730a01397e06f9ee44bea497dd3993b71030c864b7d50d7e56f48f9ed840da90af41543903a571
ed1b481ad77601a93fb60a725c83a499b74b08809b438095d72da992f213a45b52262d2c4a2db2a04ef0c7e4c574cb870c57bef4ca921e31536e50a0
3b4d9767390f9347d6c3a35068b5ce865a06773aa08892381d813e9f3b58e60ce8595376a0b5ac924fc5185bca35b31706e2f408f2257a5ea57b4f07
2849565da69a698ce4e325fd679e49f765f14da91ec120c5646118e6ddc3d040d43f01350c7b9097d75a81d6c469d70c2bd405a89507ce9c31872ea9
c68b263d3fa37421f638595b6690f4aa760179c5df0319871da8159f219bb537a86b2a11633c3f3c5d6512af2e07fad0ac5632c319c8bd399c01b978
12a5970e5b5e836eda9f4011e68af4ca2983d513698222f614d0b7da836a20ef43a147aef235c4a25a2d29c6fc8558e6acf1e27616ef1f33418b2d66
7b126d12593f788d7ee4f5b6076a0bbe4729d61be367b9ee5c98bad850fea4c832a22571487bdf0d1b91da2e1668e4b5d9a14d20ebdfcc669fa2f682
66e0a25b90f952128459a698c57b79e674a8984b1275bd8779556c29630616546cd8d8c760dc2818d04a135c530e8d676ad1723485878ad7a3b41a71
5293a8bb3a2817e5f0c9dc9a5abc57af29571bd9f489ee384e4f823ccd2ad061d01c806b40db411069c55e145b46d44e4173baecf42ca49ad3d433dc
a7e5024b5439b562b6146bb110ea653c5bd3d79c6eae2ea862f8df40c50435a034ff3989ab1377a005deba027737bc024d5112bd8422a82a7a14c247
019be7acaf55aad2cc64ae5a95666661354fa12de2ad35a71234f602f2144d3b258ae6cb0c821e5ad6ac2a545a2696abcc1dc5afaa0eb6309067008c
a200cb65676e3b92f29405b6b2b2b042288472514c4e21cf7c567545511e792929de8f49dd444312cd9d283a1561846c5404e5ea23e7c5a1b16a66be
6228e3c83090ee45c3188a954c5c85811c962e699e66ac3b7840b4203b0ee5c345c6aa0ad27d4e06d3a19157a6a71c70fa46e402b29e5b40da91b720
87d20b31bef89d32b5938607e49555a298c8a76790cd875af366065da1c0ea8c92bb20d958941733213b06c7095b37a6a242260f9854ef79f7bf410b
5718e51271e5d0c9f5592ca203120e5bdd1bc41f26971e392c1be865dd61cbc2e090c8535488058fdd35a9ea754499022097886587406e6b4a953acd
04925f6caf9fce73849fd46fc1553294a77771a8800bb632ea97e4dad11eecb7b0a1212bd071b109602049dd48020738fe8127ecd211ea6cf5cfdabd
9a97a71de4ae6b20889d80105b80eaca255f3ad268b22a36c19c3a2465515d575b33ca2589e2d1391f4a3f78a6416b6ad42c9c410aa838b3aaafda61
ceec711583aeac2d698a4e3007f9d43aa5d84df9920f8784889c5c7df926c5386e300242219f46e8950b503d5782e8b97ca939c2866a150f661f24b7
e93ab35196d77459d8f8acba919c5579b557694126c9e9a7ce68a90a16556754fed532922ddbaa057186911449aaeca154f2f2c2f45d232f53cc6108
a9a755a525c52a90048a9efcb5862a03b23c61f3bb211569f386bb21126573541244913cc5eb5c93362641bda41ce84b56b1198a89c2540d6193bca7
04ea0cba4a710a013aad5993e69d17327bb33b5164e1d6a09d3a7d1c1ab57473ac0b544287df6e11280ab35d672488e26ce3dc38908fc72188b71090
0b1b7b4126e976381047014dbaab493987352398547e72833c889784ab53d060fd760972efe543051041de6eba035658b736c9b761a2fea0d8deb025
a0ef6f66521692cdfeac33759c746c033267027d06c34e61330fb3b06db84143fae90d6e4bb9630ecd6127c9c692369f36aca65019b4325ab2becd2c
2a720c2bd10cedfbb590532e747566eadb0db9454a290a5959f6240eda569867f7450e78d2711f974b2a14b32ca942c4d08d76efda6904ee5db13a39
f0632dc8d7dd0b321b54797beda5e54bdfd14023b0bbd765ce875e9d5b126f621da863fbc0fab7fb66784897445ba7a4adee8f0a9446b60431431660
93570ee4c980352f49b32d327de765950d952ebb962739967ee981930181bad32e6e4914b3b06cd9bf6b5f53a866c433cdc7a229c59a55906d49b09c
5dba2e88cd66f65893e619c96a2c97ae799f8308e0b50355654de21881ad244dab1fbbbbe65146017144fdadb0a8c94dabac7b1251c25620c39c54cb
7846bdf1320075da141af12647ad2d761c396ad5794d9d96f8cc49bbdbb70c50cb6a09f5f619c7f8d1bcfbc4aa2bf7dc52522c9bcf74a665d6f343f1
cb9a2a2136d0dbb7f4fb618f011265e35cd22e790bc6bce760faf589c45aec62144ebfcef08be2e9cfd1c99a35b432255142935d4bf30e82ac07960e
86c461f1b7829826041ccb8643e36f057df2083b05daa33c05edaa730169722d1fbcc139b2c2052907f64e256e8a59e4b0aac51a7c7873805278208b
d6645577a1de1ee85ac87fdd831ea15c93d7f6ea202f40f497d74306cf510bb325d53de77a41b9b22bd956503d0f2f87d9cdca996cafacb2870da3d9
b01e0ee484d2a41bd22586aac331cfd1757cef79499b6d2fcf3ef2b0ebe99444b91d21360eaf622cebf634cb76e3f08e9325c6c1169fdb4a075bac68
c9f233dbeb2548e3c1f223cfb2b2c184be1f3565af7a4a67bfa05e9e369966632747335cdb06b295624ddea6b3ba05e4eb7b4f68d701d8c58e675174
4e6f2db30bc5d7ec926aec6e5ae64045eb6065c5112d9b4b79a2957489af74ac5b0bd432c3bac26b0469996caddb96b453bd9742afae83eef3aa5743
ac44dc1ee2744400139c56ca58014e9cce438d96cbb5044986a0329eb02885c2a188a2d3db813d1f2ad077bace6e6a3302ce11ee5a16285d671ba929
977651a943a444acda35adc55ae4a07759214e8b3c66e279320890641646ae9f272c040d88c03979a56d857c6d4bd72df4dabcb6863ef9f952c91506
2f2079eecc499be510db40c50d9980d2446a12d5992c490a1d3074ec6495aca4cd571faacfc82682e4b5543984779473c2e2d10c7b9bb54898abad23
d9cfcaddac3eab14cbc6902a67b3b2b19dbb7a59ce9ef96aa3dcf237a8dc84cd7b1270ba1cface21bdf627ed5229d279da754cd9355f2d65230f1d3a
2fcbd0f5b01d630315d5999c55c3453fc3d173a0e271316b1c81a04558ca15ae66f77d45922282e50b57b389767882363fa129a0f7ec2199f36679bb
e125bd38e4405f2e18ccd35755e910316594043bbb4d3302d2de6e6d7e56e2bdcd1a3858361d2de7b79a7d86a21110f4707130824e1d7b6e79c275c5
60028945a6a439766203e92ca5a60ae9ce35df3976e20c522f3f4bb1d5760d35deb833d7e44157a32cda2f2e365cfbc5ed0827dce25015ed16b7b6a4
29a4de96ef06fb36b6123773ef5c52856222ad29c61c5a0215d9311d27891b1d4ede6dbd0ada8812891275738cf13dfda833d01603ee8d0b9e507058
3085a0e387b89303b97bd294b028141da628c52a564f46f2e47d12104fcd81664d0aea38ed28449bb5b95d33ae32fb35b85e57426b9424c77acb61ed
cd1ac30f157a194e4fca825da624ca55b3acf994f88b29d79765dd4679cc11797320cb3098401e736567ff74f78e252b14fe6ab102c9ed6caf8c0101
d2b2f4dbed2caa99fccc4a83b71c05ad65a9bf7b5702ffdab36cdd2f49d49dbcd0ae75b8300de54ad64b819db93e9dfe5308b31ab545612870f31a48
1eb208b8bbc33dd7947a98ba404f2f1462b9a84d39f5bd9b5fe6bf4172e3bf96b55f81306a0e91eef00fadf40d4e169d3b011232423e808d214cbe6e
358bf09d35b9047a9d41acdf4f5a4697b04627d14a28bdf070a8819c433be2418bc2f1b08d6f0b92789e9355515f6bd21cd16f01c96c87bd42be6e5d
09dd40572d5717d04d326e02c9b3aba6146b991caac95f6d8eefd483ed71daa13b0c19773bb3e5b4ffd1bc09801aee2d6d81a70808ba698068226b69
4d395ad8528e77c351931e8e168e71c7ee6c1bcc246f3642db0e44ac0b90235024cd5be32d89decdd4a46a0984431edadbb4749d54c586287838967c
cb77572d39748e2c7fcfce316b3399e44c37e528d0ce743baab27ce9e6ec111ff6144150cb93eea974100ae3398ea7fdf3b7a4aa8dcf52a5c131b71f
7eecf112242dc85cdef408543c261cb7a5778db715ede2b35b37a3d9938e06fbfef6ec484f0329f25d49da58c67cd9662002de83744deb920a75d466
b29b3de57c116c20859b0e69baba80974ff3bb506d83cee6d07e17aa685675e7a45adf5f28d6d7c35b0ad2b8557ac351b439ae6a17076f5d68bf63ab
5f48437e7a3ab60bf2b3d21207654defe09ab6a5206fef2b24788d7d22cb99399f2aeecc9a5ac45735e5782a2f349badca4c5e7b97a3bfb58b655de8
237271be6c92e8f4b40ef731e13645e4cb197c53403ef9807c4866b78bd7d19a2a3407d85ab6c94a20fd33f9daa7256d9b384df3fc6c133b731b189a
7cdcca0a874e76d9c412dae4e4567c5d72202d95cf621d8e311f5edd59f9d0fea5cf2fddcfa1807e26517a607a7df23d19df171bd0d2cd72b94d966e
c97b58bd0d0d98f36cd36cf146dbf81431b5408456dd8cdf74586f5c5392f68f2505b1ea06dadc07ff4f5e3cd3186f1dd2b9f2dddd5225270b5ba074
826731e2a710605d2cc360fd2aedc2049c2a3ce369a4b5ab9d496537368c9f0d37360ca71d5adb5a93b78a8009e495dd4a5c9bbd3b787ee9cb909724
d2792b703806b0587524a5bba6125d56de92662eb102d36673c992440f3569dafb621472948951e3069416b904e17595bc6603e69f7cda76d6f236db
788c95b53902e616fe9ad1fb774ad2516b4997e86c95f5a2cd56f0421021a996246e9e1c74905748c4f2acf888754a9588ab14a4914f7fc965b23c89
a5f7f2a5a3622d216f741fa6ba364796f1a94fc010fe0ed251595066d436187af68e3663cb1dd59d86b10f48cf4b896b9c293b20d85306ccc41e653c
75e615093e7305d06a532b8eb047310a2456fc4cc9401a04eb1e8d6841991a051ece878c7cbed49c82ddcbee41b880c4c297a479857b9643476f406f
680a9f3617f46163772b76ad9d5329af604d20352cc44a3c55562679b7151c09fda8d520201f5a1ead29554b0a2364d7b7f0885ddfb64cf242447f66
957cddca0427e2ea96398f3b1bb6f856acf564c02c92305f746812822cc2b7c087f8ddf4d97f0d1781e6f83f8ded7bab7ed78e2e9137dbbc2010eccc
d6d8cc3739b30d6a93d716933de54a962067aa551f18c1ce6c110f72661bc52e40050165e256e67109641c36a097099ffeb5ea9e6f94ebb8d10816bb
9d555494ead9c8e949ab3630b5245a2f6dd02ebdb43d3bccb3b341908e11c3a7f22b1bc526113649aab7585be018a49dc5c88e66e93d3b9a6d913b72
269b771b37db622b92ed586db1d704abea42cc3ff87d619dd8528ef7382d754a5ab4e485bc067434060fd9620758df851ad0c20dcd567e62d38ea0c1
f58b4d72933f57c59baa23316a8320bd3ab8c27c0b171c93d511ecb0b33924e173ac892d1639bdf8201a5b40935b54c595a4c92baab27b6b8b23f065
19919354c5a0d9163bb370c2d2ec32c5215247933b61035a178289e4425531cb357950cd1b1d2497a9bd4ec9b929e70cf2e98bad237ece6e6a5b120f
1110643f9710e719d752aa2d0c68a42ba72df0a25fb66fd802da8aed1a99b562bd41d5b5dfd4c4094b93e354c5bcd5563fe482aaeda06eb85875a418
58b09ba33ed5f48f9f6e49e7352f961f7cbaa1673da095fa0f688574474062a6c8a9aa66695fb52f89e6a1e7f9e66d4b9ab6c225856aaa66a00f8c50
29d494837cf13f0384a99a6583b7fbd0421c116d8ba4dbd00691161be7194c5db946756293b8082d20d83b89622048d810c47ba08510a2c471f5b6ac
479baf72e198da36b8043ed87037610037b6a1355014b229555ccf9a5545fe4f236bcad5949bf2a1a71cfcb4b1c3400c6d6605b48d8d1d463a4983cf
918b5f16ac38aab4eda0e1815e1259aeec9ed4b269ded0c7d05137a43acb83fc8a7ad392e8958e61945f51ad2888f224aa956d973d89ea9c9c161f48
30dc85b2b7f3a3b10d8d7047543ff3220656a07c99e8ce1df50819b13b5c42b6738e81b66545d819a609b40a25cda70c90e0274d594d772cf9c8935d
1e6d958578b74764fa7ac700c0dab1f3d41ae465209257e39b5a4e8825afd665bc209ba237d5ca7ab03b22c29c2ed1f93a87f60dcf9fec1f1ddaa93e
cbb1b9022125d79f5a4baab4fd794d41bed93ca5209f0bb5906bd67dd2e097f510140d3329991b139cd5adf961c49a44a9731c10b696e14fdee68293
7a1ace4019479f2579f8d7249a05531014ba0f9b767115c5bee96d04fcc95b43ea3fa15fc45b41dedcd08576f2d99e0df744447ae2b9533f7c5d7ee4
d571fd966269f602944c2949140796a449a4a086357bc83efbeba0d510a4e0190b12d1be3b5349259afa4b9685661fc29a441daea1391c5eff59520f
db7138886c07b37b4d5e71201a08af37b2a01ebea296417110288e5b9b83404d1c61363be46c3f90a0d90379f6b28905d3b19d9e9a8d02366deb9244
297b514888d1949ef61b8c9deb691ae7c1ecb4e576539fd4ebdd9892acda7747e13c50bcd6c0cd6dd981b43ba9cd95d2f0838643be975998dc6f2c3e
9772bfb1b8457df01b8bebfe4c75b75090650142ceef2fb6582eec7b5359150eef9438926da7c79b1eb4b74d65c57054a7ba24a7b43d968f3361ab77
a0e40d62ff646a4f29558fbb6e29c77d40e79e18f5d614c4a035a05fbf5b418c1989bebcc8297193b74dcfbb814c2ec5ca81a62ef950de112ceb27a7
73a14fa6e7184f1dcb09af81863f0da7cbcd91569f3a0bef39b62087df4e47f31a2db4daa3263b5d47736a70987d689efac1094ba5c3ec399aadeec9
812e4ade6996628d9063cc7c49dfa210b068d92f660a095a7ab89ed1911480356976a0a3617e2a77499a662b12f56a76424ecb7fa5706dbe5dadee21
3cfcd645cb86d40e2b9549e5b84a754d1af37a034a48ae41e69f2d5f4a57a1c55742a77ad8afb6e87186dc143c691afe6a1f14e17e02b23ecbb11042
d7f38b90957ebc7aeb0033398e52657078d9311bce1f3fe6d8910d379c8d37bba47466a2f3eca2cc2976bbfa95d8e8857a32a3e2d5d9f46446ae03b7
2b8e55749735c8f0d6d57e551c17b62b7acc1e1a14d4754a9d562ff7402f40a157acd6987d7e3a11af143f813c6a3145f626a9f402919460925bb6f3
20bde7b7e7bbab6b2c408b0a08b859546cf9526c4943089684d272e3208a621af5af409b4a832c71d82dc849a3d627e24b8a75207898441e1b7b7856
0e1b5d114e9ad70c14981b131c5ddcfe1b956ef68b7f9735699efce911263f1b45c21a9567359640e92f7bc9457327b0117e3bcdc1ba57eeff36a217
1199a1dd3849678fe2a7f7b66c101cbea87f0b552c3119524b0848269c11ce2acd4fecad2859773688ece41ca2a8eec9ea7e5941ba0736250dd6a012
cf57a8bddbd3124f92e6b7eca69cbc384250e3aa7f232610e7c0cdbe1a5ba597ee8d7a20c2a67d0ea29bbd356aa83f682954f82a3b73f4ee091c1aac
5cb2b7b8c31e288577d8233de66324ee74b7bb154876967a646e8f64ba336353ae4e912adb2f395dd49a666b03f8dcf2e11c91c3be87672cdaa5dd1f
2a9baf87b54076377a6b6dcf9cf443259152767fd84ad2acf5d177f678586021c7f6e91c65721ca1a7b2b23eb09fd2e687e56ffb60a4d89175739d10
2befaca8428f469b69a5b70351cde5f310a7f6269f87b230811f8c348a9cbc1cbada44b17ec719efcfc4cdaecf4fcd7d0cca23834bdffaf8259b19de
3c88c62def8279812fec3f105babfc074656ca9597e09340c72adf538c2773eaf47630cdf66e30faf783a9fd845e033cd3fdb647d93cdcc7c5beacee
dde3e29340cec18f0bafdb3ea1637e27af2e875aa738ecb540ccb501ad5c96a49aff7790c26b798f745cecf78aa7c0716117d9f852728060178702ec
546e2f1d17bbf1618d38ec71b05cf2a139230421041688b74d171e3b1c36c7f17607aa3aecde40de4ab4643577d6a4dad0984473e742d3866cdf58f1
0f9eebdba14fd180d7e4f48d0f36951d8a6926683ffd2c2d1d745a39487ff98e501a222b10eedac785259dde936f40c1bfec50349cbe715e402e95fe
99fc12bb2752471eb07c689900e953062c057931cea7a8ffde911c3ae2efbaed0e9a452d750ef9510802704c2c00def41c8a6a5360f8436f4914c219
1c930399a42572f5e4bec381dbc0330de26889de8bdad2109dbb394adf404804ca61d8d395d6d738633d261b9a2ed0aa8bda8e313610fd439b25df97
4b90ebe443078cdba9e3a40e0892b6ef58d703798d2b49942b5a4b22cd34ed3afc9f62ea3a667bcde14c7ecc3e3965363aa40d86f363b6f7d13e27ab
a7eaf261297ecc287ef4909efb286ba520072361e377e8647ee661e90175416dca97bbc98540872cb2c8ec885a68a94263a14b1d3ad3af4bca39a8a4
02e51078e1430c3ecc3162d6d410e478804c479daff31a79473e3a651776ccf6999ca9446e1f0b53de27e84b3a93f14cce4388213a5d21c4f95015ff
fa4327e6f30531ec43f1957614f4746606a7e26cfc8e82a58829563cd6d6680f9d8af781d94066be35d0f220e82af114e431a0637d2a1e6bd9e11835
31401d8a515317faa7e05f1612a4112e0c9f23d6c4cc752862cd9c812f61991db8e94b1ad6dcd1d0e74563a64bb03f3dcbb92a31c45a7eaf811ae929
75889d0ae4387ee41e62d12e322a3e2ea8e969a98e4b49a2fb9d6261bd9a826ccba083e40b1906d219feccedc74367f8151bf5a1e835f38ab0f0813e
fe8e87cff3234acba99792c31366c39234b121cb76956d696152545fc062d4ebee9c0da41b4df47f45d1b70272541884bed119fc7325d6197c5d6a90
0583f7e9870ee13b634240e33513904ebca7a40d9d0ca7093f06d6f78390aa2383a5a6ccab9cc9833ce2f4a99f9f6b5c2b396a469576c9e2b86d5462
3fd948fd8a41a826af06b9a62089b41d82583d9e0535ad1750749876daa5b524fc591dfafb1264c50e15a7faee0a6e6e47c5019672bcd0fc0d17e88f
eaf38df2fc52868a8d5eb70c4bcfda0b680a4fa087a6337508b5a4252823de321f0baa268b9d03d3b0853f969d37f356a02ea13dbf94657c499ab872
4931aaf2891e9a2f1e91c59cc66a6f5f0176d2c7827d8189b6f8120122430166ca36e7430d2cecbb582f414c2e163c4b0a6d6690d4af19b3a40acf98
7c284f6e44c262a5a5a4373052da1673c81fa1970371764d8b3eead0330babae9c137676268742cfc4a87c28d64ccf99efec66949c120a4b909db553
a6b5ee3d500294957c612f5403152c774f1d700094e37b9654b15d760c8a4b53a65067ae633976b099c681c7b19c10449d766fa9194adfa08207e42b
511716ebd59b1f0890a744c9c2b0facec925df293645cb773e9b9b9368b5c8bbf4431164ea82b423820c4792c79a156f05eac00021b6a2f3a61a5da2
8fd0586d02e13ce658b9519aac43c4ad2c37ab77422b2d817de0a6d51bdf64f5c5395626058699714e3a564c1c68958e0c43208983c830351f5a8cb6
7ce9cdd79e4a90aa341341c58e6ab5684265594fa42a9d794203259df67fa3d57affbb3e915f744839b041e018866c6f7079c8fec62e0f7d5036a0d5
a416b88abe20efd9f74085ebb9a420948b06f45abe802c1de1d34d8ad194ac847ca19ce6ed60c8955bccb8f6fb41e1ed070a899074d8df6159538727
2712706387bc27d5838478f0736738e61c7e352faaf4c666a825ab6727ed922d74831336ad5f58be0efb4294969e854d9ea9960fec94708de00cea20
580b27bfc7e64bc19cfc1e769cc0407d108f8563d803c709cea03ad4bd09f638768ee0d2deb13b2e0227dcc7ee379d59d0148325717879c62cc77287
5c232a77ef8e1d150841bc33f62df0ee5a4cc26ea51819b57b2de2a4f570709595cbc7c78e750cd695af44210071475a62b664d5632c1bd26e37336c
f9101252a994c93454c71c592a77ce315871f6839e0fd47a08c7ed610dbac19a4e4def1ebec39f2f1d6b04b1b07376de02c58fe890fbc9b834a0ee08
41a0fc1d2a87f747b36183b923ff868201fd689c7fb3ae34ef72f0793b9a87704fa97e11013e69b664705e7a34ce9758f814c464269ef1d1e85ce68b
1f8d5a18a496ee845c5fa9aa2d50c17b42ef6183ff9c448def9e6235a07bb27a76b348368e0a52901db4b1777668677ce48ddf9bca51e2a1502185b8
da87c37facd1980f474f8bf9ee48b76c406d3558ff0ffbf361ea3e0e6fda30351f87adf8d8a18fc3cc8bc076300eece0c7c1a3c29740e8057ab715fb
dde15b41d9f51ebe5c9bfda94ff0b7d8797c82df382d3e7c829f53cde3e0c565f8f788204951742acda35351147da41fe5e7b065ae254d7a6a5f0a3e
28d10f7beb11a4e9d0e9ffd3c2e8d3ff05417c66a466a0bb7b0e34b3b3633dbd726d29567ba43d4801fbb654f2f0876eb54ef43b9b518c0cfb1c49fb
81e3bab4a4b97f58524e061181ce4b4a1c271f3a6d9f1bb2cb012b1686ffe4dae114e83aa1c7ca2aa2d56f2a37ee6f1f7e2c698b9985e79162dfe259
a3ac6b7ed6a8712bfbf019fa945ded15331a8ac0d53a44360957eb053112e9707c8a29cfa7e11ca01d3a0dafdc0a3b7c32bd329dae16efb1adf8fd9f
1c951f57bb339667eacd90d48305938275f2b93c132dafd6241eaab58264545b832c49d060afb65bb3922908425d9988579e114f25a7db92ac9e2d73
cab92bd11de4f3e5d8ad14ad60caf9fca1f8043d71032d423b88599644988a821c373479b5b0aef0dfcd6ea431c0399840633dd4133b3d2b04e8899d
1c9928d0c08cbfe9e140037b4d297a9d684a29de6d401bcbc09c0fe5bb9e0e70f0003af2c6355b3e3c4c4c05c9eeb126a7190d29e383e8150ed6d173
a72d69d44fdff08c3bf2c04fe8aca15cf7d5623f52b0801a5b8fc203d4ec526ebe111bfbb6e203f444ea9001690d7158a9b7d46807668c4d77b300e4
dc79be1ef1e427744abaf96e8e78269aede614a46d0b32e88ed82bf972cc28ee23faadf3b93c91a2f5b386dfd1deb7249eb21e6c20f9904fa9434fe6
6c1ff6133f884f905dcadde72388b93bca1de73e1c82e7584a87e085f8c5c7dda1f362c8bcfbd638fbfe3be1868274d91ae973f789c8b34ac51ba941
f20a60f4ee7e0f85fd9f0fcef15b387c34bea28fe9687cde580474343ee3917228c641d9d3ab12d66b86ca1eedb1cddebd6fccd184cfc271153ceede
0fc4287fb70a8850b873578daca7cd4774a3ce517256e317ebcb13791b0d87decdbde187d3cf65a542eba73559ad0fd614a4873758de1f8e1784f5e2
c1da500315349b09f380955750d542919c0a3045153ab5effafb02daf45d2ad4bc47b4e89cbec436fdf09d99d85f1f8e211f9d9240053154fa499e35
899291d168fc064f0c683ee05f91260fd83175629e6036eb499e3de7990a5b306595f0197e8c743ac2afdc703f1e3ea74537266a01a1350e472dc859
e2c34fb1a6cb65625f438d0568aa370b22cd759a5f7206a828050b4ecb878ff697670d5ab63963735c824b8e611e3cf699443a95265ab6c2d60f54ce
b4d1c215d3f9838d6c0d5480b44bb29af294bacb0e401bc59ef3f3bb9beba0c9bec6b5a618f1aa6b3c2fbe47b90429f8832b3c1d99a017b30135b15b
907ad522f9b40300bea6e785874f16908dd833e8d42946aaf03c5a52cc4d85a698bbfc112690a2bb2f7ca8c363b6d467621378744ec526a888a7f3e2
b3233fac34e0aa362e1f14d7272ffcb0b53cfda44f41409f0e79c04ef8f44b3c357d85016586049969d7ca8766d6ca876c01b740d91a673ac4079588
afd3efedf06ccf79b16b20673227410d58cf4e0735887fdd79b1a7205e73e7c51bec27f2ba94f1c3f16ca3609d1eb08f3b2fb6bd3c07c29eebcf9140
6d9ea995986b90af4dd192869f0a5291764bc166c7772aae4141d53d2f8e6d65517c4e3b01d641d6552e20477c2f20cd18866fb256ee85f09c6cc52d
2945e69139356845bf244d4269c9770f2137d72ff3b0489d93af2aedd4672ea44f27afdf30e1c471402a74f48cf0d23444e4865df8d4c33c232fe448
91645f774e44cf601eea9d9ec29b34a77c1a665c954ef9346c6b839eb01da56ad5de1871bde053dab3506f3cf6c0abdab581bcef28497467a51c0d1c
033eb1e1627af3800ffce950077e626d20ad682bedd0deba4f6f68656fbd045ab14cb7b353a3a4d9c12b30679cbcc4c341d4393b74a4dfe51b504df3
0270cef8b4d10d8a36304572cdde4ed8ae70ced8e9f2a557c73559a1287929168a7c6d8575e6747881088e196bc612681511593a3b8028f3df010536
ce7bce9907036899c610bbec699f865e4eeaf489c10a5208b4106f41c1d9d0291787794f566441f25a0f4b3b59cc56e8617f0d6bcc8c7790f4998d9e
e69dfb9463cb3e0d394deb876fd69f0e35b0aef9509ce9edc7697f87d57bccd3510022368afd9f3862ead08214c1c1433b3bab4bc13cbff32d4b061d
647f83754b5ee60ab56ab21284e6e4859c0bb51c6cacf8521b3dce4bcfe27d1eeb6bf1f69dd9e99bfe2b13b920d86da738e5265022bce4265022bc8a
0391703474eadd9a1d578d5317fd0b2fa29df60c5899b97aa766c6527ffa9aff8a54aff81721adfc14cd9691f5e57d769d67b5618436da51602596f0
59393a73257e88665be0bbeab968f5fbaccc4598c957f9d73d5f6adc19cb78112c20710123699f021e3d39ab07b2419ccc937e307420130ea57643e2
0ceb941741c523feac4c76c6a35a13b0a5ede48d1a0c1f679c089e9fda0f35d51cf2dbadc9eb93efa4d92ccbccaba89cccb5ea673e70e83e7d6ebf71
3074fadcbee17b7d7252cfaefdd483323b9b89732134341def93fab8539fbc1a83e7c5b96072649271d19f13a773f1e07bdb7efada7f962a1fe4135f
ffd4d17d6970d4e22b22ecd34f3f0ec3fb262747f73559ada96c49f4125cf2a5aa84fb7d92be2d0cc572c052b48c530fd64e9d90cf1848cec5fe624b
7accab654ba2cef651047d087e49f7b13c863eef0c98568bc565a346877dc28dfd24244024548200b0c6f9199508163fa3d270723f75b45df1f83b7d
ed9f3be6e7ca5ab925ab9514e6876ffaf30ed2e98753567a44afa154a2689e2b2292e9c2c5fe21683e28c257fcbe98771c8a674aac18489fb55a4f61
caae7609ce84f14178f6366ba3cb681bf66738ceefa760d13857dc3f594a57ce615039d7836a68acc67bbb40a1d421a2ea9edccbe794e6f4c5fca526
2ff65304a0df42c129f1d4f176bd4c50af956d9b528e5be6a66c3bdddb80de8b2339fd48c9c69e6ac3796109945d0ba9aa33ea9e7506792561107562
bdb3c53db9a38fe5e2d49175ff9272a4076f53d256a105e411dc93d5971a5aa00f85187d3f604230f17373f0e04b90e32fd2e80c27b5480faea1473a
152fde0f28eb55baeb601028d6615cb7243af40c8df64d00065307df53567aeefd73e073eae4bb531e24a7cdd4c8db72147abaeb82142a2c94ca0f06
6bd5e93748f0dd3f379bb2f6a4d18fb402279992bcb6c0a4d4d18f2db49dbe539dfa1d508ef1d839f54098edb216705fe0d48178c15df0f4bb239c97
9e3b4a3833d38f8b6c733e14d731a777ec55cc441f876f7310926407fa9532be34f37018792a5640ff922ab562e3b7753a70008fd69c7a5ba45c18e4
9d1d154ce7e3ef292ca913ee794d1d7e3f84ab3de76e7fcd2989a325d169773f45c3a9e5a913ed9937274e471ce0e0ecdc3986646d578c81deca242e
4ea41c998138f138150aa04411da3d961c9c9d3e19cfbe598f8474b483b40cb06bd72321254a4af3a2c05ad3508edb87cddd67e3788669a843f49261
774c002e179d7e416463556f7e919235aa615d4c31cdf44c2046bd007d2a56036d5f82611a57ca9754f35049e4d54b46b88e9d3ea7df5083744e5f96
14739858e8091324abcd30acf10d6705566e3fe791f16af6097fa6697ec35b0de3340a70f3011a4b7cd38c5ed2955a1c88e47336075cbb244d2eae7b
4ab9c91c9f9c77cdbca4a937e03ac51518d56fc0494c1824250271efa003f8519c0a2b5030779f8a2330e31971da5fa0c59474784dc111e13c6ce1a3
cb1539a05c10af871f91491df6b4442a1c5ef72f29c6d19af714636b384886385ed13b0fab75911887d5ba4cd1c307cd6b8a953306cfc19e8e227081
211c4420f745cec38f1a2fe92d9e0e6aa0ab8b4da5123e08eec3369170f381031ccb9a3d1030889f8a213073ea71124300292ae7843eeac9d95c250d
43c54781f11b1dd1834f6fd138d23f1d2760ab491c32f5c2d4539880cabdf2535e03d38273e379dab2cb7596f3cc50a720f39a3bc85e0404643efd08
472b29d7321f4f81f36c78cc80a44dc04f0e0cb0ada9b34142ca953e935637080a097a902759fdd8001d2d6f84fe21a55a3060aeb16f42ac2c3c9fc1
91c9795a35c45de33cad1ac2c3723fa8448e3d75d5bff290f9e9372fb6d4afd011b86e9d764ce024ee3cedc08f58387582157d41310186b4835459d1
f6edc3d7e74f3f8e912dfd291152d2281f2eace92a9955b63575d8526b642f894e4005ea7a0a8b8c5ece18890b504d5e93550fd520a7af3ec5c577e4
7424825c7f3af1b6c043e07428020ecaceab2fa45ff2a5d67d36c2f6bdb8b4a40df6c065b4232fd7535aa2e3cf7ca82d283737cfab5514f6cf579fe2
a6557217bf5cf29dfc28d143edec41948dd3ef6f64f377f545270639cf6f3005fca8465b52e8ddcd4ffd0f3104740fd6dd394f3ae50532e5f2d279c5
9ab8045afca55b7d728b58b8fae62342ebca25584847faa1422a6241c51bf99403492516d979b53d0a279bd30f6ec4eacc831b4ff27cec80ca26ef92
3d0745574ec66897bd103853ec509b0a24985fdf20a6dae9f7369e4a881fdcc8edaa532f6e946c2fafb8283061e5b332b79a4a7c3849a36f568db322
cb87a5723ba7237a7607ea15bc2d59fd94ea14687217908c0997942301826dcde1141a57794e8753c045e1bc35e89980a6a78186c4e749bc93873438
a33f6f285428ce37abd17b9025da948244d09a3a35d418befc5ac65347712406fc084f456298b8d677dafd65c3e1e6b4ff4bee7e9d7e4aa3b49672b5
b3d8935766b025c8115b6989df7a61b7227798ae5c851ca905193d33693ac4e7b7cfbe135be63cc1cf6a70e3e4bc39e60f8f0d9e7695e131d5d36f67
1077fdbcf90a277e2ae7cdee056cb46e762fe0d2da79331fd664850f3fecf37dfa618d4e107d679d0e3d404e3609e4733ab0434e70fde8068f849f76
b12180f469179b9d798987cd9a9c6a24db350780e0c1e593d739d264f9d454dec63ee55253da92ac3ae46259b74bcd847bcb693f990d1fa8f32ebf2e
fc093a1263b1c9b9cbe774aa41636fcfddaaf36e9753fc4dcebb9f8c0971cd9427abb8bea58aabdb110875f4809c16b24776480922df9f77bbe1a1d9
d86d66c341ebbc87cf93d7cb5a1a7d98202a9181374665c590986338baa366b0b3bb73d2bb2455bcdd92e883d5a087aba4126d47e63453db914bb845
ba672919f6d3f38e7e3e9119142bde9e325c3256f1e6d379373343fac32f9922c2ecff92bb91a71d6062bf7b444e067a3ab1637cc06aa8a60f3b26c7
26fbc0c4107493d3075f6a19e6dd9ed3ef6f10f5e954bc89c4ab3ae5ab52f1d93b1f3ef047b99277ca9c1d919d53ea9338c61d8162f7141e52381f07
0da1470e1a9254ef2691377e1d837b0fa7bd50faa749bcf9537a530a66942ff99dd43dfdee83bbb876f8118c0dc7acd37e2738b79c0f07798e9b811c
4f2ac1e4cf07828bbda74253d4fdf9a5e74d9ae638540852f9a15407301d714cbddbd55a3ba08b95701ad012700d1c33cef7f50652413369da4b387e
db4012070b95d8f2ecdb9f037ae15b03177d0905cdbef70bc873533d3da063ddafa9a5e9cb94e3dd5f4941ea92e983b72d475629a453ea94178224f9
405e942a558adf1c286b200f6e10ec06b136695aef1e502e124b12c5fd53bed4815cfa477a9dafc40de446428eb7b8173afd701be9663bf2f99c7f40
49ef0bad321fa68d3e31366f0db8b85ff952768d7d363993afe32cb50255d05c4063f9da4b5011ca876ae3bc836cbe5f538ca75f5d8036952ec96c0a
36d0a9edef0cf2467e6e404987209f505e5690b7f53550063e3a76b2efb11f6418500e8b2559d5eb4f647220c01745171ad23c0dc879781a5c40c823
aaf03ee04231873b2b59259cd2466d685b48b3da5fd664d5eb345bb2362f1020530a6de60f26931d48ecf93b90f693173ac376d1999c7644da2813e3
48851a314be6ab1fc7f8e143ef33162875d89b8893d9acc3049d1d27c1379c0654773cb3aa3b98758a88b1dbd769200bc62589e6a4a50075a7624fa9
726260d6e9fd8bea03ba81e471bf5790f8a8248d8690082385021db4ecb0d58c784b253e3bbb40801fc05819e6b9412c7d60c6aac96bf26808ef9dad
a9d33be3675e5fcda21cb934444ecfd8d7601f7baf2c4ce719ed275d8be9e4f9a9ac1c1b75ea7ef2feacc41bfe9282142a694a3943304d195b335044
11013ad612384bcda61229effb255f6ae0970f9ab947562d1ce94ab94a8411671ef8668d71d88f1db6e4698cf24cd435da2d487c909146af67d210db
63610152308f5150a062c7b022168b3fb842ae2e65a62b0bb6136626ae2e11b10ed0e1e04703a97fe0f692c593629b67c60e7233836c962bc9aaeb71
34ba34aa8402d9ecd62d89b05e28b0ca15a4005f08876281c7242e5e109114053e4c319cf8d13d613c8835ab957ca969b2258d41a01c3f32c6d42c5e
d8364a75ec9735c835429c598bf9544e262675a04a33a71592632e487c3bde3cfbdcca163a40b14bfaf284b60eb094561dfe64d1ab7e1094ceaa3013
a4570b403aab9a7bd664353b6f81323323c71c1424b3b4fa11eff2acd2e4b15a38f0c7046be1cfb3d2ebf2e7d96beab45e4657da65a7157aaf3608a2
99b05a4d66994fd230df762841564e97408f6d4da50fc92aa83d74da8d1cab662e18a6c25c1bed34ffc0958aeed111c4a2ccaf49f4e9fbb3202d8bb0
a52278ec35c3c7d29782cc41f053b50bee923a71c1cd007aa78668a80e13b9a4e3797eb62655246cb4d312684f9a94ee34d3da3b1383c74056e4c662
656c2f20139b3488cd973e6e60facb67a8179b2ff5a61e23c44b210bd42d56cd6888fc87e6ccbec5d6840f5fa91c592d6653a8821a2274174bbc4615
cdaf394f207dd756901d7218cac5ba58a3183b7dad4ce9c5916352078b222d3e10e490a3ab0b7b4ba2de919892264131a750c98246fbd918ee81ba9e
10e20e13e761b5d75124dc6221d6182b7689f0993d92f61dc2cd832d69a634c5e8b9db294883ba432976b03df57b0dccc8b1655c52aca5d816a8864c
4176b247a438824724955d99da25e8105a403698a080af7eca297a9ca374d8dad591f6931734063d59d2cb495a154ada2a7401d95cb104ea0e0cc2d0
0f94f8fdd4814c5cd218bb1d480fa4126bb228992b46d69d920e0795a7240e30e9cbd5775dd093568cf64bf20ec1994db4df21999616788a40ba4b72
aa5d528e8f83d27972786aeceaede194e9ec97470a3ba4951ba1089495c32af8c0fe4e2d8340bcda359feadc9acdc5b6fb54830925ffa7daa6246a50
a6a4e9d4167a14bea3b629a8094d20d77f01a903d86ac84daab7b1816e4a03d9ee0e4b6c28dd74f286273f529c3747d610ce89640b64a4dd05f661c2
476440fb886c816a34aa355e4b05d928b7a5da18dbcd915c9696448661075ac8b640591d56a691bc93ca0516923f522f97c6a1c784ded39526ab66e3
f3c35d6c910fd5d548c04d4bd078bafb83a2dbcf9cb439158af3d8e5cb73a923f7a51c976a83f376dfc85be1e0dd0e732b63b6a34b6fc9ec3d2fa274
f77962cda722b6e44bd15392268f34c6400fa0cccfef74c45df6206fc72b484eabe8377e29a595a42de68914aa40274bb21e529d53a858b624edea36
a69c4ee9ba31540affd1b30629043b5a1cee4f2b927397ead34a127d848b74de39c641eddf0f5fb44adecd05510b66ce675ef140093a9d379f9a3e06
44e6a4156e96e7546d35c8ae032c587a8e657e9267f1b3a5f378412789b6fb6448f43cebfe4cb40c46a1b15f55292d95caa91e242fabb9ce41ea2fb6
9fcd8af68a746c769fcef6b8f99470bd04fa50734d499b7a339f76e2d7f4977cb24a45bfb0d7559983bca0b22c369fac3ceb50cfa2b611d56445e8b5
66a3119a63f38df935d4cad890ed69f365e515e969ffad68abf6dfaa0bba6cf39d79e48f82a50c1e4a2d62db9a44b3ed9444934bb187879e3eb0c7f6
9aeeb2404c9760024d27482b6fec0e79a7650d79c4294b25beacc392d1c46053c8c36cceaaae575b4a6cc472d12af599d5aaff9eac3e9f48df5ae8a1
2b34df605aa7d4a9562f417292a225f6d25ae7a0593983d405cc309cb4a8d00fc3709d7840ad7d4b120ff999829a1dc1e890430ff34692fbb197d807
edb2357dd8c36464d5f280043a7c61784f31badaca843ad8d285543308e361efae98a10f5f8d63ed3a7c3b8acdd6c13ab7072aa44c4dd65ecc72413a
1f846326cd21105716ffc39e07e90dc720ab4993da14d9a418307dbf9a527d9604e1f6ba851d1cbaa521a84e8ec1d624ca06cbb6f5b442436f9cd672
993c76d66a6cfcecacd5b6942209bba514311cfa94de7029e559e6ddad2840ada4cc8e13fd86ac568761467b6aad5bd22420d0714f1805d2d08b181b
79718d4906a972f06ccce4d3ae302d48772df694c3ac0a3cc5e321d56ddc416a2393d3f166d62dc81147821845a871c820d671bdde32e758c88fb7b4
6731ea29161f7b74b57ce7add48a422207af297681931b39a8fc8a44531b4bd1e9e3b7f4068fced344764b19395cb3d26407825e528ec7d1ad72c49a
19517185ff1a08b11668d9ce8222efab799e528e580eedc8916e422bcfc02c6b3ef4aace618abdaf1a5d70650f06ef5e3108c1ae72b1ea7a67017946
a2ea5db108213daef8afac49d5be624bb9b2364e8cdfd5bede2caaf26aaa6d0bda652da287ac17e7b0e78a2507aebc4a61b9b4245a7e97243e6453a0
17f01841805dd19a61fd2bb61b76d557c7548d4d4fce4be5b2a7a4c1d11575d311752250ec9db4816e9867e8849b23a6ac34f4b653e7df20b66fb2c1
e490e9e653da18e26f78f762aeb8d9e207ed372bc7c8cd9bc350ac5b123d73a04f5bee86b6c5732f2bedbcf9c1c78289e286e2519259369a279273e4
13edce9a2fbdae305df16c8a25dca17c36e6a05d906a8c977e1c668a415b3e48258a9162f2cc338b9043f2b49634ad08cf341f206694c236f4825ce5
5656e11b9a2d9bc31b1b6b08f0d5cd18416f5c116849d58ad152909e575c530e7d024562b01919a147634ab9a454efc1b77ce909bb25af6d3168750e
e713a1edf83dadd06e3917cd1be37b67b5a3dc3bce9d348d183d3505b937939549d8808a0308f177abb67bd2c46030cd1de738e6837d864a09f2ecd8
0317f71005596f41523bd2ceb325e128c8f3a5fed8a21d6ba7ae29d6a7685b0a327d345aa7680ddd9a6769d0cae543d4b58109241d8f19e7d03b534c
9477df5509ad302d4a8ebd8d5a4b56a95c97a48d86cccf0ff528ed92facdc2f94e4cf1a4c61cccea743793a29ce24eb404698d0bbbe80af1968e6319
4bfd43b22d17743c05d7e96806792bcf0ec6ee4439bc913bd17241ba3f6c788ea559f174960bcc8d37514cb4f2265a2e9764b5428496a79839656173
aa9039e5b20779cf845c53049de5c29ef7c1ba85d2f970485fd4c3870233c5804b901cb485074715acb20fecc98c819d8dc6d5e80f8a6f3d74b35cb0
023cec09122922cfa39e985235b9e22460dfa29289a880374f1be583358de9f54063667ff5201e53900e0a9906f22d5a2ee94b39ee9698a6e55b54b0
30b78b076c0af2cab8077aae99499bfc85660eb09b1c84fa97bb1193dfa2bd39744c43a36d72115ab0703579086dbe273690896da04d3957d0ee6202
a5dcec415eed1a7538929103a10e68fbe50eb53e027024d401ad20348a3adc0bc9bb0ba520cb9f16c80842af3c5e7d0972a09bb66a29c70e968d3aed
888de1b8e9059ac59eb3036975a94f688228d6770c66bacf76939a313b893203b2e3005d3df95d3173499bd01597244a04cc41364a7a47dce45cb3b1
076bf8d6d42989e6455b609b7d6d08bf3aa0de8eb904f930ac410327d3964a6dc216b1044a48f9aef480b486a27c60681db4390e4b7caeda74401314
1f66246a95378303f30ce455760f1427cfd469f3832f6f0f68c69920d00333275127b5177a30c67628d0be157db54df8c4ef49a4a1fed44fc470e4db
6684ea12b8396f018a3de724326c6ea8c3a9b4ca049a7d8578632c08a8b225af66a5c561932b4b47c9296bc5f33b338eb7206db68bd49a621c500aea
acfce398d66606c99bd93633482bcdd6c9ca3425af29807456d69572ed338055a8cd16abdef5b4d96f382cc96aaf67c65eb156ca8870f62149de665f
a408b19ab01b33dd6e2d1b13d441591a16c9367b4bc16c9107ca7229907aca0c32a718afe656159b1f9741363739a0f40f57909d41accd34f99f2cf8
c935799c2c68e1adf81497ad7fe33119df751d5097baf724cadfc39bc096c02bf044698cd7063441946373432ab1b9817d5e2b0d2e4d41e2d2423307
3b75449d3aab9d6091e2e59365a5d8a8b821dd0a7b84962fcd14f481e77881006b4d73d22c25e794a3396e8da6c9c7642492776c037a39b4f9549b99
8bc562ba26cd33339d676950e9103f3ebeb0b4caad64f133590379fe67a4071b2ce86d1de9803cb43a1ef1860cafd6cd58842bba99ad5a1d5af45a57
ed503c825cb63bc8b6213e2b52db7b82c64b30db14687b724b668d1f4b853d4008013ce0e9fea3d6260e5f82d4b467b177d7b2012dd1113372f3d870
296dd59c804057a4968e288791df926859bbd32b87fa3af41c9a7fac04153364cab99b80405d410bb1279dcb97d6c036749cead1463ac80364b92012
f56acb72813179b505b5a562c0dc528c3aaf25eb909eebb398870eb4dc0e5e706133ddfc82cbb621d7169e219f4130df0a343d15d4dce8246a8498e3
0bf22095480f677c160e2f50ebfca44b96589e745951b116f80991b8783d41582cd6f2907a7ed3a5307117b3da1a247d0b31b29899fa7cfba0f096b7
c87259f3a1d745749205ed900543de22dc841948fd0c2f2dba0a3533ff17ee8fb47c78ba91f496640eeed26df10b51b0cb6239927ed5a9195baab6f8
c1411844ae1c05d7f6b6989536badcbe445b8699e503f5c941692a07cb6d8543a067dd119e0da86a603cc5a1a958d53b920598d15a772aad405feb4a
255a24f3a1766a1529274f8e126569456b445559fd60699d9357d7cde1f5153b128b941f5fc1cedb1474a67749d286ce582e21c0de8c4c12b9722c97
7cc841eb1ee88326ca4119d921cf2b4fa5586ff351e557a40f8ab49d3ef0af6fabc5cd16248d36bdaccd7b4bf7a05fb4d461e10371a79f8408b2ec41
4eadecfe585b56b45216d4d5f6cee8b7ab45134bba5d42b66d4ec10a6ab5a6209d9f5c528b2f47d012c743aa2559bd9a309a7ae165b9201970175919
14b98b2c973d48921c39b1e90212a7246df30694d1f3db2f0df36bdb1c16639b9357068d2948729d09ae483ae3cb54228f7754b00dadf80935339943
1b728bbedc7c9f6d65001d4b27fac70697b2dc2a94ce8299a26de6523898d75e2a1a905d4ba21bc8b364bc6517a8a0c4698a5fc94e1f3830121ac766
3b68ba40f6f32df58bf3b2ea6c528026d879b3cbf69a0aadf1a4552783478d0e6cb085005fee4589d8acdbb6a0abb3ba3f76c7684674ed36507e38a6
c9c82a7e69298611a9400508426d71d41b0e203b327397243611900fa515b490634be606b2204536caafa46c88825ddc734931328e67d724df91797d
a6c9f08298d8cd3bd9d5edd68b52852f38661be7e7612ed962c94164c68ed6e42032cdc882dda7f01bfb823888309f768bb1ecf176bf37b5e5d321c6
4a4838a02fb50c319671ce4b32a9a4396ba057849262ed64bba7ceab192814ddd4d374e661fd2275aa9d19afd3bb8f3d70b828978cede99bf47ba0a4
084bddee2b00d97dec27e4421fb14d914e723cd956c4919fb669cf3ac782312162ec68f2543fe469b24cb4cb9e26333ab11d4db07e37f999f49c13c8
029915a2f94e4b368ff23319d46dc0a64f53ece1bc2949d17d97144447a7522bd735e5aa29c8e0c6debfd014f6fe34a5c97f794b9a1df2d971b4a659
b4a71c6f26e1a8268d2c9b37398f2cb1f528f4cf32a5f3bcf86e5806ec4bc29b13030e213ca54b1c38774a87fd3f8c9d5bb6ebaa0e44bb141bf36a0e
2459fd6fc28dab66f97eeef3a9010619842444219647b3417991a54c1b95572801424afab098b28ca6b335b7a7ae4028191085e7b84c359551e8c70e
a3be0517437c26be1bdc780f985dd574c218ccd9440e8fd4d5c37e78f7e0533aaee5f4dd826c8d66cc6d3efd73a97fc59894def124960f1fb1e902a5
fc983fa13478b0a0cc41bca37c534365054a92f774614f0a1ba53c42f5be6ffc4ff56d344be734632ea711c7475e8638f51a52d6eda9aab72f5bcacc
1d7f8518c2abe50edf64d9bd8f1fbe1c19441d29035149f474f94a1400ac2900cb95a8d732280ec3b30c5aea35a4f66678a83c6bd4d95c2fdf45418b
9053e842b6968e65e2adf1c651cf1cc8c13fc2c1d61ce04e0bdd72cf0153a9d8d1718603cdc899b23f31e069dece2c75a10ab615177ec2b64420ea4e
465438559cdb77976a0a8747eb803477a12cb1b00ea6256ee71ebc2746651f2247460547f9b5445d214e128011e2a41e4f4dc6a0402ad7d643299a87
f9dd11034b850028bf7642a947fcbaed5482a0f0a7de34aa0011263985e268824e012137b7ddf67888dbaa02b3b9eda83f6545861b0eeca613351102
e5f71d3f2227fdc0c7518ea133db53e5183ae38d6ca76a1e29dbb291702a8c5b79da54a0af86333d66ccba1352e5041138dfb67318b6f740b427e47d
fec995b91f553d18a96bc35b522ad4311aeeedcb4a2d55b7b61ae9f2a3640b034a5ec10825c38157f04663a45127a76aace7374fb8742821c79e2f3d
e50dea869e242e65cc4aef6147cf9fc5cd7ffb1c22bed0dbc90b8fb4aa7557d2a32e31e5438c1c33e027a18eb8ae7e136a3a59ee4deabc203fe2771c
f3978a61c736f8bda8ecfa1fec0b94d8619925a10fcc912cfcf8e7430c77dd4b11edb403ab74a260d7f15012562ce0db0a0c23ebe43f5c9698a4f761
0138bbcf11f7fc6d5f8bd1f858471112d18b543790f880b495652a05a7a999f40fb7cd59589fe8acd4552c03a5f9c1653af2a9557ccba7bafb72a553
dd9f4b99835f681325fb3947b8750e14d6c4872d248eeb8740c753b729ba9bba523cd83f2162ca33061c7fb147f958eeae30e04bdc9459d5e10e280f
d0c9c5baa93c4065e48ffdecc05326fc263b3f25f3a9474d4d16414885d089287efc327682914ae7530af6ee6395880d11aca61c3d9476dbd84225f3
f9510cb1b3f3f69e429d9d67369c802af134616c4a39f3a55dbb230cc850123afef82d5af6cc42d1941c897d63282ba4d33acf94da68e1872a2b4fcd
79c3d7491869f66bd3887651e29d7aa041859aa964c8983c50154ffc1b3b4997bec4c0fee8eb3c7d394afaa20a71dbf39ad54ca9337ad22ebb4f5c00
67e289f1f9925c83ed93dfaf3a3a43ed07aca2c4be31c0695731a21a761523c25f71629ec4be04aaa9f1e60caac90c7d3981bf52550bbaa5198f25bc
fa615216cc97d0457adc0c10cd12bbc04351b29d7ab080848ea959cf5f345c4d437eb52a55a5e15afa94866be943dc65866480af990eedb5a3b678a5
0a67c5401a2e894f3f52f51bf30bd207cdecab84ab297780e69f8a1bd04d763906dd1c4f3b8e8830257f83890e0fcaded54349c13c9496344acc109c
44ba0cc1a9289fbf48e58414f40c6ba947acce92fe9de325da58af56951ceafcf9580950f004add34279b7c436f40f0b7d85056d077067feac295123
7f3e748e2dfdf34e9325f4e7ad258bf88f8808d2a497abea11de2d952d94d67486c746181da7c7a97e65509158fe52163ab015920465af24584f8959
f15355e74c1989d9a1cc6a24cdf9f8b8fefe23194a06e436ca3df14f25103a5f4fb33a28e54ee5d44356259ae0cf493dac52d6cbe70b9ce22cbd6455
388a5c7ac9aa9cee63e921ab9fe79b0fab222edd14fbc34e33c80bcdb04fb0d7bafc921470aee51441ce437653966d6fbad60b256615bc5e3e09e076
ea7a5926467a71f47ac08253884df8335868d2a72f55b1d15b4ed833aff067a118a184c69e74a2938063a41d7b1e67bab471cf98f812209bc2a507a0
7e9f86b26e188ca6c4024fed4791871c6a2a5649278418c2505ef181921bf934e3e0d10c093f6e4879817efc14a87bb8c803b1842a3a48c6b19416a8
a01d7f94c28f339477beccdf614d35d28cb0e02d6576cf677a7418ccea799116c8f9e06e52ab7f84f24cc3b985add08ea360f96e6ad31e76a66f890f
28c12d0a1d826ec88f806e98e9c301b39a4f2d13ff4c257857b5dfe29de602ff54c3ec474b31946624a3a5c3f1838915bca95c0fc5acc3ce6266e903
1359a82ca378be1883eddd5da1171bc587923a9ca1bcdc3261f2fb79f4ef26bd856e30ef930127a8bbc9af3a8541ef039806250e2adc10584a1c747f
7840fab7279463394cae8052a55c296c5ea829f41c59292f6500aa7e85fea6bed28f0dcafc50d30204ac6b9d0eff5f2994f9400e4e275177d6b99b34
fc973fd179d0f1500c484849300ae874e014d957be9f1fabf48835b317b39cfe87e3fac5db5533bc2e66339fdeb12e92012d3f65c5d5be2540d56fe7
9332e696ff5ae62e5dda7f6d30bb9c0c97766cec5ecc816c1dc7afeb8ce4d18e9db39142f9fe24785bcaf7f3fb6986c0be7ffe520ed8199110b0e67c
a5d1ed66f811d2fdf83f8a7d2cd20e2c23aa80b8ac62e5c43e6929a3cf6f9756a186c22c29137e70861203d82fa7f70181f3a33ccddeb4ac62a97bba
50c80ee131f48ad72f6f9279e64be1e75b783576c7f9906f526b389d086a814bfea3bc6d42910997559d90f3a6f4182783450e21925f2ce7109a4f3b
7f1a499ab14ca22b9509a8029b5946709d67287598369d1181bb10abf81a983317dfa48144985a43b83a48d7650c17ef78dea4d38884fa53a750f2aa
0093af124f1f8ef09c3a5364cf09d4c62a16aeff70377e15873a9e3e91bcb46373cf8a2a36b6ce56dc9653057138bc84e2aa278be6424acf54d5e4c2
9e205d47dc988b9324aced35f895909edd03ca6bbaa7cf65559176156fc28f5122a17a1ea9eafb78a16e071180de12a8ecc73a658e91b089599791fa
2d7575d07e329d17713c34e9c57615bd7f597792cc6d5dbe9298215180f82c69483674a44f6170c281251305287c59059bba8c2f3b4b28af1afad37e
940b78ebf29bb5584ca3cb4e8ca2720855f041ebca7b8b4c25e700b82d4a29f4739153d7daf962b61462f34b7537859b99ba92ca8c15d18e0b66851e
3c1f4afad85be9559d019e6c2a8bcc40eca216998148a8b80c0c6b644959cafe530891af4ad8020744797b4a4d37d64057ca94bd18de2b7b3e56a310
5df57c285f7c29502800f8d18979c6cbe02fae532ee3bbc85bb4aa9ff9c34054cf3a8e8073019dd832e702bab2a37032a046de955589d0e6b7d80fb2
2c940e686463507d1580a48eab5a2cf227f2fdcf2b65d66425fcc9f73fd38efee4ca87ba7b1e7e3099f9156d0f4b7edaae1bf2537dac942ee4ab9d25
cd5880d38a6680f50ca48c6c94abe2b88db4aa74a96864a70ae2fad7aaf6e2ae7ca8ad22d7435673b276ee37ac6615c7aea9191fe4f8c18ff23b8c48
376fa061799b9119d9a9096e769cac2f01ccead942d9572cff86982ca71522f2b09a4d2666a8e1c68503a515aab8ae7ef12c72df2ca1c85db355ec94
e1a9a1989c29a891b667359f5bb78c88cd644b5daffe9676bd2c5aea7a1610b566f9c9af385ac605edc57368716d9b903e408b96506595b3bed52c4e
3d1f7ad53e8524e983fb080dfc0a0674e293369cfd92bae22f2326671f2ccbea03f626a4a564404941b3707b5457aafef8ebe04856c7bb6707d4ed92
31067e818dfba1ab3b1328c2d60d867fbe33ab07d49f678c0fa766178bc4736ce4305d7a80ad26de216058e1406209175638bb58dd6a8c35d4adc670
0b040b1b15cfd6b0b03ec26a745348490caaa9db4465388c872683c48f34660335dfad9b984a21c3eac9fae2a534eeaeae6e0941e7f70d434c1e2e3b
cac9c9891ab99e56dfacea90523a181ee1c60a78f2e5e7d1127ae079341278ae6e81c12f182072d82c0e47a4c0202f61ccea898b43d2a1c41086a2f7
e7082511419af45a5ac95f0fbb3f33148a0d0e987814dbb05383000d8b417ab4554401905888bb393ff28e2b01185a7a49adc4b40cdf92220fe8529e
a17af6b4f371613a9104a1af0d1c0373b7c82c947887906325db5301c72a60cf35ec0d655c7dcb35f18e81dbce1a7662a19129b1741da96adf849fb4
6e6213237cd7a8ec4e876f54833d5d7a74edbcb173ff54dec3ae12fbaf60bfd84729e7500548b78c04e3eacb32108c63e6358cae98e1dce942ce7cf8
357761f6cf83ee3e8def3a19d7c99938fa46f8ae515f29d43a45fb08ec55b9efbd78e82d9ed2f4656bd08c6b3ac13e1b4bd05d9cad2f5205918a6f29
39d09d75fd844457c02e9bc034ecd31ff4b3f05db5bcd290e7eff9d2c7db1e223fdf964df1448060c88069eeda2ee1b26a7985b23b8f204cf67d33e4
d680312851418c985510b36b28564568a7fd9a348351aaf9f0abaaf950ab18db2cfcd449169fb57c8b261132bfbcc6bbd93779e94f52e8c87a0be95d
1f4a59a0a95fdd0ee5d320aaca7e14f859ec8dc290c38da4bf5b024255f22dafe50b77094129214f0581ba0476aa05b762191c4afadab5703a8e94de
4aafb097f49b697de43f75a2518e34eb101dece155845b856e4a5af523e4834931a0a9e44fe41a80175e7e16ad936470199774a2f895a1e757b541b9
8f0a659f0c06801e257cb689d1a1f69432a716b6524a9273c5e06f1fce93b06c196b54ce14123985f216bea7d0bce320e971b3df9730a4901df99cd6
c68e77a84b14bcfa0a0927bc4b40a442769db599a094c10023e22bc309911924f43a3012c205d5d8f8ed613ff3a587eb4855fec475df3e894ce4c2a9
692628e6a5d43485fc7b4bf09f0abe64bd1d534840ed6d9bdaff43e0fbcdbac1b310c6a716b652c6ed24ecfc76b01de0ef727a9996b894b03947b636
7ea88b67d36f52b312de05a38eddd4b35de7f950726db0136f408258383fc515c17c1b199d40a1f3d22411eb7afbde2139efd6dbb7be07264799694a
5ca4371180cc83035389bf19655350b646d91422194a5a5349a7b18cb9e15075f9bdad09ec7d1982d3d9a5bd9dd63303cdfd7064f1e325874beb9c35
3c7a7f936667428901c68b27b4c648a12102034a3b38f29e2e616ccec8d3c74a11eec843433a8be53c34b584921e661d7f30692385ce12821f66584d
b9d28916031be5cf849ff42919217af2f1abc65c715b42d2d482c32b24cd99108d5ed43ab335d7835a2757da16ef6991096df93d2df2c0ae8fef70cc
30e077e54b0af5e0630f65e1626ac966032677397d4d40cbcb6f6a2590f0415ba04b9ccda6645ffff10d22148280371777ad9771371dd4e9fa386304
9965d6072b3bd3cdd698a4ae0613d75de09a4a0af4656c4d4f3ce9cb1d21fcf1af65af86d25ca3dafc1ad6414aa41fd984541b50c28ebe422de1df42
19cf9b1e659c9905a1652a389665b40c97eed6d719cf41572da1652aa0e9653c4ccfeeee6b3b8063285c4b8de87f5115c456be6ccb98cdaf01563ca8
b294d9e52e853f1fdb01455a42c1549e31585fae2ca3a08482a9e4a15f02c1541e2a58c6c090227e090373c4380b0373ce0cb3154efb3758f05795bc
3b50becdccac0b7c057064916806a4d1fae2568f7ca95305c6477099abe26909d7921cbacbb0969cc0e8eda94a2af0e5a7a72ea011cb6f4f25b0fce7
bb3c25d49f17265575ac9258ae902b1530ed1272a5e4af9449663cbc4d9670851cc2d1a419ad909cc209b95278f3e247691ef16378c48a0b9ceb8fab
a778e67a89aa927b7b197152d289c58374dbcb901380d04b1893bbd906a9ffc2a01b2a32b9edb10c1599dcef58467c3432feee97cf5f891f6fc33aa6
5f06bc49bb975e273f52eba4a72e0d9f908c4aeafa46be97ff7e0d7e67404a959d14723436f854d74a39bfd92f6c860dd37e71438f768c09214ab35f
36043d557da27ef133da0197fc9a17f2e0439248586c7fa415af2dcae68525ae8e6ee333b8feb45f18f941a70a8b74824a3fd227f7a1f41a54a3532d
b25779aada165c0caf803ad7c19808feefd75bdb165ce3b7259850c204f7503a11a8a1bce5b4006e72c210e1d987e1b124ecde4256fcba1c500c1fa4
ce7e88d6eda4881921911bdab5ee65ee8da6f0436e37e50dd6a44fdf377aa59d6d8652f7adbf4e55bd39e735f0a3a497476aea0edf8bf1f14b728def
bc8f656efd00532717e8d6034cb54c9ab17f9ed1c23a5f8ce562b4f8ade52981f24326a92a6b4c3c651f5e9f3335bd153c195770afe1c08158a263fb
c8ea4d65e506aaffbea5b34941d39e5e3f5a37e14f83c71c08925149feb84f6fd3985921320aa9e0b71119fdffa4657f86940e65f24e5f1d2090b605
d028643bd9a72323c466b69f6fe244671bbcc19e699f76212735bd93488fd311cb94c15d3e84bb943a757e288b01c27e3a64427af31f299855c6c79b
c891aa5232f644f7c92672f25fe89cca1828a0d2c390f3ce21a47e65e9020db44f6e04c040145248442fe43d7d64c8df279e601a92b3402af47d1a80
c80b3bdb996c78276d9f5c2ccfbf28c1116903f7e9d755c390b69f5c37dea7bdc2ca586afbc986642be74de512ead6a34b95d4603feab63e445377b1
c7c8f22e98a2338552d08cabd3e1f010d71678e3be971d52176890bbe2d4cbf624b6101a05c0ee2eec5560bca0e22a9d6087269f1aa2414c7017541e
4251ec4c6088fc94d3d51e523934edb0ed60341812633448b8bc85caa8206ab64019bf2573416d958581b70788ffd44103c9e576f1c6a6a755091ef9
93b653f0102dd8c52822b4a372ee14ee06edb258b4fc871c5c928afe282fda33752512477ab4889ee9f26b7e52f74fccd2ac952516de09794a463d02
cb80f88a5598251485622d4478d1e5974f9be2db087671c74c0ba4c234681c5e6122beba0d97b8b856bd0d97c037df864b70c3715f833f4b439621bb
e31b4c0437a9b73111248edae4e4b96f4cfd537ffb5526ee9deecb528222b99c1693a8e41642a23cbf4d86ae9469e059639783b871e8048a28af2b85
363d8d1f7306cbfc9742ba6436dcceb973a58fcc755afdb385a5ae9cd5468683ad343b271bc12d04452579d7be7ce2c475d12d04458d3f6200c5339b
8a9770cd633b054f23eab00150f47ce875f330a0751339909b55322078c7de4dec6aac228b4119794e92e56c432db8eebc014170417d57cc89833bdb
9808cec3b73011959c44bbe2f29434e4ec2b138a910d89acf9af7914e9e1968792f1248484a85cbadc0242d42bcc1b39c8d9c3ae7e29f04a214b0376
0516245be8ae8e5fd47020eb97dff48deb2b8dda3fa2950daf54155426e6bffa303adcc805e2b5856d3403c98cb6df369a5cb9d8000d62429aad4409
d5c54083d29d4b87c2b632e0fcf689984552e0f018c4760a9c0c73c34b660722884225cdcd6e411cbf20adbd5a4a3d0770cb21003e90510924c8d9cd
1bd0231f3207291cee853fd3db47e444dd822c1490c35b908502d069eb15a2bbcb0e6961bb526aff9a4ed8725ea9ab1395fca73c5a9010bbb150af14
7adc195b1fd811cbdfcd2b35438b438b03272c41216bfa76469a633cbdf84c07c32e304189c7d67117f04fbab1c2598fdd92c006ce6967b8e6b0052d
a8dcbcdf4e42d3392bda1d43806aeb7e617da6ae0cc1f5ef2cdfbbb3e1ade15d8b013be00c358ffe14d6e08c7fe97c355c27dcdd4292bf9c0065f92f
e7deec29d44a61fa3a891c66aa622ad389835119126da6b8cbbd9dcca6f35cc6ee3e65e6f465fb15a5289dee2bb0b1e5dd6a06b9e87e17924709b652
ddfc061e06b5f3e206ea36a4e12295c2eef62d300442341ce753e659489958cff4f99e0519b677278e9641107c8fd758b6c00f836b945be087337e58
c7d1c01716f6a1d4fc247b7c9447f77b02581b3dcc34c8eeb70d8b20c3d1ee76a2af34aa757ba615ad4554053808708e7b0cd819904a57c5e8f87925
e23d7b182a73a41d454ff90d8322488cb4871fb92104e2bc37c460f7b0d8619486addb910e2d6838d17e33293a6e18e287b518f6517bbe634da40fb9
26383183e724f843f9af5c3adece8173651f652c0328c23d2c722d1f0a405b5226c3c65257069c51f38b3cb69c36e5d1607494e2e6e4b9ebad0c3795
2b417b207061db8107fedee901e23118025138f7da2372c35f5931a2ec846418f12e8625050b34080d658a111538f70e8b2e95b5e678dc1ba5ada900
5ff6748ed1182be31a2608f52d784201f7bff5ca510567b6a78dde53660591427c5e3433b967c8d6b80d4ec8be60b2efe6cf9c8b86fc455be084333e
c274f4e70c65db8099532a9afb57424a96d8aa4d9412c121a79be9f7a32effd4db423294f8c013979848d64448f8310421650a75e7a715a307debc27
3861b638d39e2c6a68729ec7d67192f099cda25f2e22e9d8769a1840615b2887c21daead978b2ad0a06d1cc304d6f8236f3b9bb0c9621b3c426af042
397d1a12bd2663372195ff064fcd195cb2f15f046389c6f85d21de35da4ae87292367d2f4f177fb53030849c94d0e5e0cad216c4a12680b988dea151
0c78e0287b1bf05038eddfcb7b4e16cd621b72d1ac270869e281220e38f7c2bde929559679666fe918252a55ef15150edaf662a112e0f07b4513c0df
5ede79a0e29cd185fb687ba3f0892eec01b705d2dc3628cf0953ed7c2f04f8b79e3a2a20bbf6c636e0e26d1b078efeb6f3bdc427deb83e671a728ce7
8292d19d69c70234c39eb7296798b71146dab6d543f8b34bcc8a576698e3d9c70983713eecf92d2ac44b095e8e2722b471659f52f307079e7a666c7b
ae3324da7a1caf94ddb309666d6fabe4f4efd47833e3b3e911060c96266bc7de56c319916ddbe6e17a9376a040ddd198ac4c9e068a74bd75e5e37caa
325f03525bb19aaadeb4f490dee6f6d4658ac2c29ff66dd4751e685eaddb7a1ba826d8a80c2c3542ab042c07189ead042c27f0ccfdf6a58e4434dfec
527ada419ef817a39c66da15a49f773cf7db0913f13784d6b848a9bd9d56a5df0f24fd537dbf25241370ded6934337995ee028a50ab9664c94840528
fc26094bd4a0711e17b990f6db7e25e0b3fd76c87586b2b8310f3e3c226dd2e6b1221e5fdb6f5c02f490502027391df67b33628c36718c11f2ab694a
5d4bbcb977b2959c1a7c7cd28a59fd7875720b647f9cfa1fa1fe1876c81b48db894f0e4e21b7339f247afac1948f90f7da49e8d24f03351e1afc918c
7c87dce27d42e9a1a0232c30f221d12dfc8b9f7465f83e4440508c8273dc9d86b4dbc80edb108e84c284d9a8d96febc5a1bb21f823adeb2be44775f3
a56e48855da91ad05f5ba88c42d6e82ddc45ad28713d1454238bc259d408aa339ae4308987814833b595e0e4fe2d7363d805e8b32dd8458d240a7551
7304e357828e9cba3add099791b760161554e6f69b41f3ffad7a1793aa8ea7115851be939b9f340bb7e954728903ea77823aaffd6c253ca989c938df
c9c5ededfd8db4d1ab63ea1cedefef64a9a4d4a78a29bce7afc4a3f9226e254c7cfc7361c2ee2b3aedbb5086342c4c5036707a1da866e36ef847b68c
5f14d30c696d78a4ae26188d61b8c78cc87f8991622ebe3ec2c941ecd72975322c8a91264a234cc700e1b5bfdc9c655bfff5d97fce899dca247bca2f
99206a0abd1bc3571138e339eb742e93acfb3fa4aa43e99612b24a7a921cd91ac7916dcc9f533725b8f2c7a5c4fa1f02288267d448e09ff6a3d9f2fc
59d530067f99ec54956e61f0fe501f57ea6ab5a28cf50ad0097474ff19fd3c43c9ab4a1fde08e4ecf78f93108cb6801c2521110339e2d83975484ebf
85e33863039d3aa425d0225847050fb7ff98761860da53f61be54e1a886d88c77344fa67cd525268ab811ff0e7105b4e70ff6c44343af76d75c9808f
d16fd2fc0c28737042dd1c389dd94d6967ad31bf29899d86e3a6961b3d203d3d15ca2bf348a1a64733f9a3ac2cb443bf29c5604e7a7480d411e49b94
445ca1340217ac5a202eba5048a25e30e7c3928752f7321f3fca59e4ad4c6fb2f83f422ab3e5a447c5cced0fdf94b4670640c6a465701ca1f2b3ec3f
52f74bebc53fca75a817ffef2094cfb36f925f663e9c03a6e72f37c34ca7be9fecec1237e979f6a7c7e0572a24fd4cc8eed20669d167e00f36964781
04c492cadbdf76487be5f9d476ac9ac5c3d35b2944db338587df8c33cef626872e79d2a99572a56cf1253f27ad3cfcc6d44dea328b9f5eba49ed115b
28462975bfae9b86bda5f7001f4e7d90326e4355d8951e1eaf237575fed3422985fdc16f93972594f513a370fac253e7d74ed65c85a29302a953802b
857a8088e93f7d8f729a018326fc62ce4d79bacf14fa2ca886b4153b53d9c200bbc649ccfaef3cb1775da981a75d3bb3671afa73bb969b937bba35a4
6e8c945052a84f99eef13c6512ec3aa1b48011b0132f1d1d2160c4dd6587b4100d28062575bd6fce90d975abf972ca3c33655a783e7eb92927ec7433
ca2b71f935a09bf2126525156bc27640091a71fab7843db8ab52e807597b4da94696d5605cc0d5e1ceb8808aec15ab34e4bd6498a9ea072d5e2c7c1f
c45744baf07440a8e5f18183ed4e5c78a14f90284edab11b170ec2d9212dc4c8d74580a2a6f270e905e91f0d8508a5aeb93fc384e229588b8b6d2bbd
306029bb63367e10eca6245d2d143aca437201ab78484313694726c001a69bf2094bfe840de49952b7cb44f88c7cbc3228b7a4f68619f289f915e3aa
83efb363bf2e03c46649a1b137eeb4faa6938fde6fb27a01a4540a036d5209f7b4d42537f209a951e9054ac96559397a27e6669e66fd4ecc4c4338f5
08609dc8c6849423d742c95bec17940d5c092900c20c65010cf70e0e97b463c5cda054668d05a20c01d52fcfded4a54bf670bbcc0fbfe24d614f991e
1f1869d467faf92fa722cf6f59457598137eb4e0f1540c3552ec475d3a73d270b9f00ef4a64bad3d8536322d85f6a6694827dabfba2f2870fb50dec0
a2259bfdaa0e9519fa2712fcae7b29f609439e3d24de17e9c70b91d1a9f4f04dd59b62be3aa41d03e6560fb79c85e5d91683c0a7dab78f5798d74161
651a9a471a75dbd838a16b74ffbd14fc579f59cf8a7ad3ab2a0740a39b944e18b0e03b36138de64bed7ee3f0a6ecb3216dddb1da89d7ac5beda3e269
75ef8e70ad3a272e68171d369763a4aa39489937d928a9ce0cb2ec7d75ddaf85de37bb7414ce9ff8c4b832f0dd89577a4b5549d448d5aa3595aade3d
b21af5fa49adf83b3a4efecd42fe92f9bc526ae51bf6f4f8eec5fad38971adc8a24f813b73edf74ee254f996bb1f4ab929cded4c2bce4bc37fe89df8
82fcf86efacc6e40e7b3b5e2ee74546466c4133df3a5ac2e2abc3bee12de7ca5f44a4d2d1ac66a38e14567b9e99992525851039799c1d17323d5af73
ddb7a6341a4cd620c871a590259e526fe0b1fb23839e52f1ce62f445f1abf7d4fdf3a7f0e02bde13af787811cd09b514a68207dfe9ee3d5fde63d2d0
5e3efc6c2ca9c1ee05875937be6b634ba4d3cf6a60fc4d5d1e930b526f93e08be928b4644f369ce3b0f77c89e4a5aef2d4947422f5998157eedfb386
fa1303a6f4ba476d6c45269e35b6c6e7a4e375a56ef1e01548fb2c78e5baf15dfdb0c44de9adf22394ee86a06374a7fb5733944eddf8cbe90c3b13cb
a363d2126f74b26ab12013b7fb4ae93d7b8d3d8c6e741f37bcfe9feadbcf79cc8adbe6dbdfad87033b8e589be97c84ac131db0dedc9e907ff27ca8ca
d618f7c58f7d146648a7afd7aba6aaedff1552afd01ca9eaedc499c2299845287b24f8e0d3b997b27b9cce0196c154a4b51da158454cc3b653995f91
637b8677c55a474fd5afda494d7b6970e05be5075b16dd2aaf8d8d914f5fdb919a564fe843bdca511bb2bf7cab364ef8227c0a07be543e5efca6ded3
a82d7da23c185b9dc6d686082d203e68f3e5b0269eb40e556b8456c7a8b51da9697d59434ab5636ffd4ac6d51f12f660485be40b35bcb6ed78fe6cdb
30f2dbd60e68361fb15e7d8474d6f4549daa9a56ad95dda39fbe28855d8a0f4a47a46d1b15c6fcf98e793b4349461890ed35cd82cf39e948550739f0
a3373b0d1c721d77d606b3be9c3e1fca7f09b33e22c133dece231a0fd2af6274265a77d3cf17ae1e4f5dc4f3db9e3d44763b534c42717adce22c08bb
0e42cbf99409bb8858fabd8af17482112d212514f96719d10409b6670479dec49a704477e0b669c739a5e067eb098f9a76ac55f8f2ed47c312297b63
4671c27cdfbc3d85db7553e8fd55ea4eeb734cda9b85f2909aec12ca3f5aa07c7f6f40c9f8a513eda51b3eac6f9fcffa3473cbfe6461f8047366fff9
7652802bd4ed9f340cc19b0bc2fd9fd9bfefba368d38893ad0fc35943e95c271a66c2b7e3da12cb33d7d6add8e503294f8b36ff69bf8886f23f0e392
bc111abc83b7352d5ed9db49ab670b69cb8d93e4bbe93f9291b672bdd290ef8298793f0871751cdc8f4292d1327e1ee264e57e881933081fceb2e1ef
832060e73f84b3508a1f4f3dbae443348b79f18def3242f99209ccfb56f74c50590786b561d53e4ea83ad3a98e7e1a93af4bde3747744acc11efd88f
29b42b94d51942e55bdd17464e17b76b7b28c5dc9f0fc54fcd77f05321c50f664c57ba6b63457e0814e3747fd9dbc0ec17f5ca987c99a519520a8498
a31f4c88c3f0f50daf12ca1a63845414166bc48b09139fdc4f241c133720a782d8479f0a8e17cae64bf412af854342342cf7bcb3447d48385e2375bd
42d8377dfdd05ee6f04b189985f7753eb78eefad9bdf07c8ee9bd4094c4b4bf6da3368b8d72ccc2f81a10cc596b78481f7595fc3b8f90d836be07cfb
74ef1a78e65f161bcbf6eb971bc72bed7a9653f8f6a729bcdf744fe8fd8b9bc3dafbb3df5c4329b10026cc97b6c70be1fd7382d2c964e83582dab068
7a8c60244affe7b47f4f4daf09a4ee8fcdeec8977a900755ea770b1abac037bcafc12e4337bc4722be7fc80a53caa56e2492f707c62b759907da1504
bae53f753258b077bec63d5e33854a52c472d241e1a1bb39ffd4e67fb60398469e23984ca09e23b87b81dd05bbfc8bb02be348e1477e571832ef70ab
306e4bab76b4069b22ce1133981c2965e6ad445a0a2d5f6c8eff30faec87ff00a744120c5918aff42a5319de899f78b6e70b1de3e19c2f748c2dc1d4
430387efcedd14ec0f480de05378ef22d9e74f0e21bd76a60e210bf1d6e943c85f33d3a4aff6f9e4fe266de2ac44a69f0be0e2d14dfada26757ddac4
44fc483344a7cb02d7a186abc2dff27a8085a59b7e357dd877ef69c7cbf5084316d59986e410e7d7ec5737fa540a512725bf290119334042b11b217a
538a609ca96969cb3fdb62b45072176cd5e741c8923e0eef836c26678e16adece6c1f41d21b1a90dd20aed4cc3cef46ba99ebe9d7e3991cb7df7d530
c2938e6ce7fdfee54dd26f87f4b4d0eda49f0b524e544fbbde22a71d5d3568e944de60cf771f77097fda21b3019cba815ed95acfc32fe5bc288b6981
391d5fb687ba94e9325433ab15d2ac86d2ac74067e315c0c26f9459e521bd59952b1d760c84e47a66133b2b040d814a9d1edf513ad3475d0599dd2e8
a6a4786c5fe7e910d940a47c96390e160e37c91d0e9aa70f7a7ceff426b5365aaaca76d97ece13c01a53eb84fd17f1a01fc952a6d3884585ec261ba4
5764a15787388d05bd49dbedf9cf0457775dafd0c2efd87a8cf0a4a32884e85c300c4b8b6181616fedf2e74e5fec7cae37595d7742b27c42ca991de9
867fe367484693b9c17c1c212d3b254c288c06f0639e4e07573357dad6d7f084535260c256c2ef8cdc24fdc094b686e3405b9e7e721cfde8dbe097b3
77dc97effc03f6c667215bf50829d9b7873075adfbe4dec54d4aba6df66771aa8aac3e67d33f413b4c67d377ee949b6a6630752d9647eada6cd8e99f
ba8f7db7d4216f197082e69bfaba2e2c118e4da942e24e2172538600f36bd607b6a4d367b49378c78f14ec39ffe229c790fa7af68f9fb42a6531d3ea
72619a6526d2ac0496555d0c6f3d3029c52605735308135cfcb543b728a8e2a0c14c991c08744e892cc09e2f3a004299caa0ffe30fc1295cbd65095d
3e54415f5d0ee460549c32bfb1e275be5c3ba2eb94f927408ce9abdb9d8156a6fbda111a5de4ae1df5a48bdb27518ba97bdb7733541524ba2341d774
8ff0e6fb2d6cc4e645eaa0912fb5516051fae2362735f3f27380e86f9d3cd7fe0af5a7f026ccf980ecc0505ebee98bff3e95f7fe286ce1e6459621d8
93388d03a37a39731912ec3cf8fda1ba7f3a5f3acb31ffa52deef962655c7147c3e05692b3147ad499205d04bed0943aea2ec74329652d76da77c3b3
507537fc8c16f529f8c946e9472abd6e4de18db3389142dd06bfabfedb23ffd5d5490822ea8be32543b7fd1b61ce0bdafb99590753d221ad64684877
c56b47db2a0f7fed0c5d1d0cf384b4ca39f3e554dd02b5449d50b75d247c372b69b15226d93ec21dcae882bc79e7d06d727eef57d06f5287a6484fc5
809690ca9275e64bb37ea6d03e367d4ef3daa0b6281810c47bf67c779b01027bb31256abe9e3cf7dd0aaef09cc50870ba92b3dea7b4437e5416720fd
1266851da9d1b8383ad9af3d33b03ce429d3a379614e57be7a7e587e39f90a6e5263fe706aabcf2ccb68b2dffd5136fa382dcefb3ffc20f14d4ad251
04cefbdf1faa5a35a7aa44e94cb37acd99e5e367007ac6068ffe0a3f5eb0255f4adda2359b0fc7063647d7ea6b473e9aa36fe06c66b38022aecd02ca
b836e7d9eef9f0ed2ed3aa402435d49f281ac5a9c3c6f8567d4b8fb2d81d891406e1668776a643f56882662164607519feae9b66355f4c023083031f
a8c90a77e6bd61856b48a97c06cfd7e84f3610cec1ffdbabc19fb6dfc032a73008e5aaa1dc07acb335aff9d07dc0ceb6e78a37e45bf4fde9634a35c2
dcb6a5cf94586d3d1ffa9f99129f978e7cf8e73ecc5d47a5e1c108d7700f418594509450fe930ec56835484175d1ffdd88af035da4ebf7e7855be754
fefd29f385b9fa1f3477b7c27b9835be6a843dfe0c52a732fda18a0be15678c8939db81012e70b11ee9cc73f85c66fa41dad84a719e5bc47828d8f98
d9ed77b68e4fa96c3d9e50c79ce37de94a7d9961d662990f893e6084ba434647cd973a519af9d2f681ad45f709c0f17c6a73865ed14df90ade7176d4
1562ebdbf0330da1589e42cd200bc5800af0ab13d0c4a059a5f3af204de7e0ed1a3cf1e1c8c1f1d4b548b554e64f2ba4c15868fe619dc4600f823db0
a47bee1578e41c88584b379222e6772036c8f1c00b44117245fe4837ec15d20de1c5f4c39d9396521be474a4680108bfa90bede7097c6dfa467bc790
0cf680615886ac00359fc3968c597422ff71a4537cb692520754c2bfa79cc0d160d79f5e7deae307506fd22c85f21630ecfb31a3fa946abc891de9b2
fadd90db1528e366e982b4a061c184ca28d9f21994718d16f2f2a769c9a7a0f06f8c066098e9ccfbe37848c778e069126842b604d338c2be13f15f19
6fc334a2a39d787f1ca87edd6d2fe032a6511aa058a6501a37bb34ab50527f3e64f5f1dfe072d91ecec5f8d292e7b8a7ae1a625f3f9953667cb2c87b
48efb033f89ef10c2f619ffcb7367d9c80cf896dcae8daedc09b715efe8e15515e7e128ddc94b25a5c69d4ccfe1b6938a70f8a33454e7f494456c88b
ca21e85c5c8e66c32ce8c5c8f42d1b261483801825b19685275352e8274c0a94d278bcd28c7f311f4aa49f0ea5bd7198978fab18a8e59d22fbea1571
a9901a457c59e13546446019d0fa34e360ded38723be7083878c33b0d81c12415cc49708ee2d87a47bea1ae61816fce8fbff4b35e868603f0a300e24
6d597898e66585c04e5ff08dbb597e7bebf19e1a8a4ee893a7675d28fcc6fd2f05f216420ebce63696f20ae555d1432a4d343ea26eb61f27cb60b3fc
473a59f2d7d287a33857ea3a92077bbada5e39639b1bb7026d6b7407674f7393cf0921dd9a5d8ed8a6a01fe5201abbf152f3d70a2471203bf510412d
280a3f3cc029d5dcc65d21797b597bb2bab6ae2a7242f4a38c6fa547c19caf92b2aa9af98ee94a61576187b20d6175fbc9829cbff8d6fdac194ace29
f25b929fc10e7073fd025db449c030532abdcae6da97f26315367b7d9c1e4351faf3214309f3b2360315bc39e70c7f7277b3457e0f186a90871cd114
5e6aa740c1c180d4083ded0c51079480e03d1fb2c03ae4d69c4c2823ab2a94f7bdacdb37ce0671a437916b74de9bfbd404bd7cb77e1c23df7a10f2a9
773dacbfb705ea48437fda3ac08376d7802267302c08ad302cbf0fff83f27e03e4c34619a692e32bdda5bf994db30e3623fd6f1c51d4cc1bc31396b6
35280bc0f7e5afc1e4bf91052cda9b604eeadaac33440e3d83ab9b7e286102769e1f3f1803fb9fe1a9c0d9fce06960fd3e4e73dbf3a544e30c654783
c5a3bbf63749434c31eee5070712fda13bf235e75bbe229fc39d0fc70d3d24dc432a2ad2d003baf6de076225504b39d91b7ed8d68e144a2d9ca19c78
1f0600bc8c7c29a1e708ed43f2da962ecd6c28bbd8cc995f2a7842ab605a46c65ac8b281ebcbeb035c169d1f9c47963ef7e281264edd8bafe34c437f
a2cceed7b940b9ad3941aa002d9fc29fd41c21f9c6fac04bf615f51c11196ed273d000dc041cd5fc12fb9d29f5aa2464eaa70372eee35be7e3c4b6e9
d679cdf991c127e3e4bfbf0eda9ee15ea12cc0a53fca1333f3e9f4543448dec0caa7ba1ff474fa917f9d322fc496862cac5805dd49af3989d295f493
07306e52527584b25f1516e42ce6202a77d2670a3ddf4c93b53701882f8b72e64bcd28caf38f082bebf9cfeb0ebfe10fc026eaf1cf461c0bff37bdbf
665afe588578537fc4935a4add6e8552bb8993fd7989627e9df93f7ef99fac7822587f0bf98305ede933980290d48171f9cb64d3e5f2a30da96a8587
ee1146a4707d75720dbda56cb99d7cf93619867c6df23f44560c271918a23fa72a4097fbcafa3546c8c3e37340eacd14b454a027683fa14b7e038dff
f6e7a3c113cf42f7d42bfbaca577094ea027cbef100cbfc17d938c49839c2e3d20dd50a88f0b4f488b7ca7745aaa3ba576ef6a28cdcb0825a4a383c4
eb35e91306a78d4b87f4dab6a95982930cdca0f5725292316888adff53aa6ccce1c0002107b4d7cbb0d18b41607a0f3e645e26a5f2ae40f22cc14078
1ff2a6acc32663e0f5c9258ef57242abca9fc8592730b10ceee8ec91d6c186dcc6f847ca98d41476f39742263fa576516ca4966e868ffa34e4473cac
1596811f2451be492f5f3b29eb70a08d5b274b188dd3cf4edc14d3ed3f3f186ca6f43046372c717e3e53e8d574a454291e5a0adfda2bc2bd13a7fe9f
94a20f0b9a89f25072a92abc6f618032085e018ddfb42ee442f73a09c61e50d2b0b6a84b99f60b58ba750e181f906ef58492053df3a116ba2356cb38
8b1364e512b0a25c08b133edfba5ed9bb2ca3a68c76b03c914e6e2024db8b8318e73b29c4b9f90ce8ff2ea3c433a4836c3812de609ef0b5dd320a544
1b7551a20889a01185fb20ebe49c7cc0bdc262a005d6e90d4e0b65c17c0a859f277bc0f2fd722226cbb888cef1fb3aa30b19ce6d391da95c5c9aca5a
2c0d8efc7025cb1ed0849f47b949cd604fa155cdf8b7225f4ebecfce769d9bf93507c53b6f64c809f6d937ad62f96aa9e953bf91aa2c940b12139952
0d674fa1ec7b4b99bd587b183f92e9f60809b6519c97f7a6e486d9daafc2a247c605e9f8f57984d4aaeaa16c2d4e5898decaa1ee8a05b0a75dc70258
f485c80a025888b64f2a738678c2beb7cda80f61310a07612be08b8cd1f214e6439dc64e06c5feb093a8dda47554c6c80aa3a72eff429f06043b9dcc
4d6e93fc8c4e7e067ab2489f0c3602ab200cfc1aa9f30163ac8badf10545af0352ff6d277cf916fe6ccf973ee4a3599f349fd88fcb738afa756e7c5c
e9e52bfad19a064a9cc008d7e5dbc37ec8e926dfe6360d49cb03055c9763ab2da58e9980da5b06400c2ec82c232038a058801c80acadcbaac1dbc0e5
a4f77833cb1887912192777502675b171601f7e0f2c3b8cc04d7fb67ea1aa309ea625df6a58f57480d0446e1ca0cc3836fdae0935cde1d4df4a332db
9f25bfb219147f29f4428d075573890aea74d5145e6628a5d5bd74c866ee532a1fe5cca73aa561e4856c38b37a2a66cafbace5f4032740bd556d8b8e
f422d590055eedb511d55dca305063b7ab9f22e252dc72be81f83aca377072dab3aa5dfd116a98a10b52733fd3e53dbf050d28c4c249c47909b05047
caecfbe1de19a0c025972548c2792141d587777776e27f6a72251f2895c9ac11d374b9fdcbfc88d1c2d866a00667812121068e4cbc335cbe32d5dbff
cc94f8911720838bd4fbed69d78b8e755fbd5743df29ab4125c7d132ba8033dea5140717dbb8657001a7b8cb6882d887e6639a0903ce69c0a3863779
8b7b69a194948f7916b8a0105a5f0d79613536e30181fc2da10b0681a0d5301ede9f2ea738b8267fe93cfcd70c0b8ee08f34047f702fb0418c5b7354
de0f99dea422b0f9d296045ddcecad1c193d27303af1ae9a75d24c3b9efa3385b7c18f29697e30327b16e114ca99c1ddcafbc85230302186c4c0845f
9721f96bc60f2594f1e301d234fbd5aca4ea9f824f66d679130a1e65b7ff81aa703aff5f9727a457318e616733819890b33f8acf7914b886b4c8e04f
66b0d59de5bc866248fcdbcabc7f3c1c4da332e196c8cf11b2aa13da316cf4bce0de0f04a693090729b46d781ab26d60ca9439e1e4e87a758c550a15
e09f283ae7da3f8f0ccaf29ce54ba73509652b82ebeca40b844297932ec44e1834c0cd83a5c4fbf7c0e7c36d66d3e55b5fa61d3bc7a9ab38df856a71
aefd1f074c9937ff074e99b2301c9c31ac6e28e88169306a203bba81393a43160f6e87149e31aed5b0ab0aa672092650a34086dff62681da1a5820f6
548209947882c004b82dbc0c13881a187272b872b1862f26dce9d3fea9c787e07424dc58036583dfafe40f859b00cbb91fb801bc061e500da9e4da23
941c6952b42d830bb2009458bf66b58ec5b4d0c962bc18926595cf8205304012b6359cd6a684f252c2b71b3eed699943a1a09e59f2eb21acd021ccf0
c3ad6fe79f351f7a92102a257fb89b6542152f7c665026a9b434ebcd64caa40a5974c3710c169241089c8f2c830eb8d1ba9c313fbf3ca3873aa49d1f
6471f252ed0565254500643ae201e06e4d2ba9e7cbb71bcaa70244f6f4a2e46dec48679e3435258f1a48dd9a8e5d82a65d13ad84f7ad241235233909
59d534e4f8110a634ea69a4ed97ae3774e27ca2c4748e315e9065d53f814b7862dbe723a54f286fd28af39acf6f43504847a46dc68570168b27d2d03
12125d9a3e16e29ece9a3e7f461026f6eaf9d21cf0a33e61e8f950eb1a199ef834195d090dd8cfb506023e20952d14b76a61bee04020841374fd5ace
afe878ea1208e1d69a05b2b9d9944a63b1c6162a0a515838c9e994dd157ee8c2cd41529439e2e4aad572e6883ef3a5c59aff5eb66d48aa510a24dafa
511222b64bcef84f86aeb5d878e1d42ce7d545a91b967065dc976fb664a897c58291362c01b4c52201c5897e75ca89963150c689b8380625ccfcf2a6
0f464f4232db43fabfe0c7f756ce9e86041128ffcc4c7b57fdb85986848d754f2f52bef8311b6b15ea52d901a551c7afdb0e6a67689590a2725b6a6d
a4a243d9fd7fbe5caa5aa114a8644991b902e8c332b881dc43cbe0860eb077296d7f25d7d052d6fec1c9e512f0e1e28ec3720efff950fe8f016519cd
4fda50b534a3fe51bcc23674802acbd806b0dc4b6086f3c221157ca124162bf84225f5e6da7ed565a4ccd684f8d366a794e970c204ccc77696c911ca
4e083ea63267548e61d676de5ee46c5bea50b31b4f277385f38c47b281c6d0aa2f2a1ca96ad78b9ff456ffa118c73483af053f44874b9abd571e1911
96b26a5492c42c031bd289800d15c8fe72c28d2b6bfdedfd3afac4e937b841bb8464a86443586fcb0ac643ef079c1703e9541c1dd0f5f203025796ba
d36d64eb6a6c42c4c3d88413f0d87a5b8310857c3b780f847629a5c649caafa5bcff85e40ccb0936aeac1781132af92cd63b229166ad620967bdd950
b10cdf7e08287f168717d207db51eca4d18890bcbda5c2d209d6f0abcbf996600d7566a4ad99f2a34ede8078bf371e783ab193d3437ac4f0610d6338
737ef4715ce7646d7cac70104cc1184a26ed1349989043a716f950094f599a1f6dcb813dff286d09586f1f2b989efeed972297424394ac69e5eda824
e6587a86e07c3ed44e0cd0c7fa3837d681ece915827284717ce81ff94fcd4d3210e6e06365c4cafc60aed05b1fce1388ff1828c105def521103c5357
ba9a29f9f83c3e16e0e348700ed43ede418d14dae3b952a8d53042c99ce6f00ddc444cc2c7005d52fc2e3f35c0e5dfe54c21b1fd1f4ef858e51f2c5f
4657411faee6ac8faf0490c5717d09feb143d69b01254144bf1940aedbf5c52ad590d2178cdfd772810439e1c709ccfa474a99f0275fbc1ae2145f76
575748e936465ee88c52902181330ac7e1ebebb8ff8196261748fecb7ecc43c9192178251447055dfaa3bcf1228ea3a42115a0eefa5a84463ed429e6
f3a1fe8a25e44706262988d6372906a0ec41a3b19d3f244bf16b340d498896d38770e76819b371c5a27fd984a182fc8e4041d8be3e9002befe232531
339497d1cc971e3c94ff775b1df09f46e59ccfa78e6f30ee4a1f72c6e0e921810ae86ffd1958053efd47fa725987120b64ef5cca2dd25e0fe503bd09
e5bd15a227f4c71955e2570606e957d71f8298aa9abf992e2d79fee93f9f6a16b6a97fde4d91ca73fd398940fc23b289c4edf12304833ce8eb0f2fa8
85fce85fe0c8411e6448f08f922312a13f5a4ed885fe68af7060901d699b96d01f0d84d302fdc1cdce25b8c745c6b265d4c6af902e8df50f9440a88d
96b31fbd2dd012d05786909693963f23fd4964b5fe08095f29b553626db695e6a3b1e7decef2d1b98bb05f48420f59cce0bf6328fb854eb2add82f9f
4e611db6b280346e3def178793569afb4544f94aa95dbe9e52cdd2114a7e3d7bdefd72de19f2446c21471ab0b02de0c845ba98ad7422ed950f6fa96a
0081b6de2d681c0ced97ef08800fdf2fa4c67a7beb7182ced5adadc7091ae1c8fdc25c55c60f7dc2902c33403368171baffd32a208277c0b55d208a5
ee172276c1d02d548d4bad5b494a1ab1c0fdc25fee29f401d345a73843951fdd468e143ac51beafccc8625c6c83277327ed23d7e0af1a6344767dad1
eb782565b77f11de0f8b9f95cb8f42e4436a841c7ed9079ac72b601f4894f5e63ed02747c8b73e2d508edc0c28cd919df47d4c73401986acc29ec5e2
0ce5391ab43ab506192da72f19e548e1d09713ca7aa8a64fbb1b833f9b087148f1879c2a494903b6f2a30e578523dced1152ecb27a0f6ba90243b8db
350d4d3704474be355e00017fa21ed2156c6c8d0998234f2e402db8c4d621260f35b89490a7090ad07191a97837e940fb61e52eb9ee3f87d106f1ee9
c61bfa9a52a1d81131036fb816faa3fc3ed601252942fcce88cd80b4d7c57c2bc349a94fa12e00bcf2a532aff6f488df47a1a5c8e67f2bbf49212abc
4fce289ec2db012a76e5f6e917e45b2899f0f4284d53f21f861393626b1b77738402c958e07c49f1a16994bda47113659f08c9bf5df1edcc2664c0d8
4e6c32ca19d257442794e41dab725a095da929755052f3ab324683ed599ad9669cbfda669cc9b105c44a28a54903fbbf4f22d035ad5a474f7ed9170e
6646d9eae94a973a27a869d616c47bef5dac9fb02765881f947219f644502402e7fc0af321823520c5df53f5e32f532838c69542ef169976816a1a88
f81d4c0d8badf856ec31e1683a6a59527a6f04320805d7a8a5254d18cbb4a0a0ecab6da75499242bdbcaa1d240daef42141a65af942a05877a1b9c43
06be5d1c92c6ce17cb21220b5087938a2da04ec14bdf85fdff843d87a0890e6c6173da2b636b29c9906c897738b7c75c5082c56e5326d7c75d181f25
42f9953194c0bbd2a8a39beef0e2e8eb8252f72d947da4125299f99910bfb2119fe3b2ef8c96b886bbef50ca778abc28254a897db822209046643152
17f1657bd2fb72a208ae2dedcb9b74e24c5bef6f9cdcaddbca98d2c087ef8b9dd90c79aff6f24ad5a11f4933c68c303a929d961f51240948ffbe2c48
2dcc599050a91766103d6948109766b71ff568e1c66f07d794f15730b7e03cedd8d82292974fcf98d8cbef49862100423385d254686a6548b962882f
bf69802e345aa847c55e96c88c322952e8df2630bc2a8c746578145c24afe8be70dc33025b42dfff1dfcdea43d019bbb8d1cba08ff6c4187cec232ac
4eaafe0a7569d0f3a1256240495e9f56ecefa0f1abdf2244690928d440eb6fe740e1f6c8aece0cdb9e3e3cc81d4a3f3968c65106943a8822ee66ec1a
59ae903e63c61fac76ce70d24989c2cd8d5dd1764fa97dc72bfd88f991760d63bbf229329bba5f2d043a95907234b6052b3a08f3fd2859afb067779f
bb23db894f5ac66bc12d436bd3da5308b34c8a651491a96c21316dd54f146652904a3eb435cde891c084b95560218bada2265f2994e738421946f1b4
ead5f54ab3b2b4b8704e673278d56537b025885ec3f9471f3660ecc8b05f59999c1efe486f461894e6f43ca5e65bf906237511b80a6911a3575f3b21
9cbe9b778578f8cd3a90db193fd2228f2d7652136e246d3fa5c23da2dd90a101a5003582db8ca7ce026cf8752d9ddcec0184dc7a7465708b68371b50
145bb344cdd434c68ff5d816bca6aea50693d9ec9f6124f45acb196dd1e4fc674bd12c5f28a866c38b2a1556a981c3dcc22a2519d7764a156e7cee06
aebae5435d240d33d68833cdd82dc09c3727509e6975a8c7b4eab8414b5559d011ea9644a2dabb5910338e32e747a4453bd2b82ce457e1f6ce36e4a9
c7ebec0e5cc08e514ca4fdd8dd797598d60e7880056f4c53ff0f590b7777ae7a32796ec19f0a81d72df8d379b12315dea9718cb7bb33e9ce9459025a
0a3d74708eecb6b4ba14af0c252b8d151432aa0175dd02463510a05b48a8f20c87761d9c1a6d8050dc2dd90242ddcf4fd0877621e0557777b27c1273
ee8e6bd8d2eebd2b023eb7bbd3385f295bee250cd9511c297d6b6ac3d1c775992f23bc51049d58084aa34b59825eddcaad726507476e1502d3bb6f58
48ddad2f5d77f8b087c3c4ade42a0739d0b6d2a7fcf60f034a93c99271f2948bd0f4162caa8112dc424535609d5ba0a8065c6e8f8900539588c608a9
ff0a3bbe2949a47c8f884cc8ad9d6abe7cfb4f26a4b5580ba9d3829976a5c4989441188c95392c26288ab1cc50ca8aa813ead6bf84c6f740a5b12e9c
46a56777389cdc2e7f6d744241a006337fe65361a4662807c5706c048a6a0044f7b01c60d28771ff5c85d94ab1d240cf6d3d9773b7932fbb0a19036d
5741d66d01a61a80ae3d2c31ac8c81aaca77da9d62e78c903ab96cb39598a590df7c0b14d5c0e7ed80a2f07126d1b39e2f9beabea0bc359c21257a89
73292fcbd99f5eb6f7ae50825c6365fc78ce79a6aa537c72c7634f6701e7c7a6f61e5cbadfc648813ede82483512af6d656c398349dfd3fa086f725a
1f859dc9f8d0c72d699dbc977bfa521fc7521b4454b67f73794452e8c9833b05f18fff702d730b3bd500276d41a77ad49aa05385cc4a7b12559b2191
42d8f1b52534eb0433f3904c6648c783f1c1a6450d4f645ab832cef79ea2813eda02563570177b1a235358070256350013dbe95c66045150aa33ba73
59f2b0b5c2433d067c29120b2060f38e0ea7785b495a5a0cf1d2d1730458c0a9c6b9fd5ea8b199422d4b9ce03599ca909a4ac679010747ee16ce3e83
e55c0524d1fd51329298f0b75729c2ed33fec1cb13db890b7ee40bd24ee6437a2c515d2000b81ab33f040958601fe7dfe6bc6b7f6c07f08e3e4e98fe
94393c85b3a253f6c609dbfed81bc045fed8e0e3d82a53c1cd1f1ca0cc59379f09f7903ea8e0286c7fb0ce61d7fb6b2e85ec8f974a4f5da56766e1f0
aac653d32663a4f0ab0341d8dd4e214919d7f4460aedf5f02f4a919ec0910ece7f6e1703e41944cde9143d58e2fde17a0d76fb0b561021fe2a8e9313
aaaf45baa7aad25462a4be569eac131db0b71cdc7c87fb4f9b4b38b8038a394855ad0c045187eff7a8a64765f979fa407e6816138feaf0e97be59071
7f2d14acd42f07a42c9caf1f3b4a8455c7e82d87283cb651660aa51e1099af352d02fef57d69e4d099112699937fa4060f79214fc22b1f223d0c82ee
51744c84d32400e4dd5f7cbb92562d3e33a5e62794b415f2f2b5d5ce44fb20ebbed6f14ffdad33f596e381afa50981fd5ab1465e7c3ec1958fad03f6
23d6c4af75d41c3dfee105e2a8ebbcfd67de2694b5c10c69738756feb3ab37d390907a38567a74e3eee582d4fe9a3c12db2914b2e5fbb35420067f56
15a8611d84df42d121619eba0ac4716376ffd97b4344fefc701c70a1fdc781c12ba51acc992ff9317ec5461509fa93a6e032d0765a849a609b4fc6c9
d2bd7d30feeb9301522023313bbd87d11223f27318351157653328f16474305e8c7e1f4307e1c5d7326fead0c9fc0125cfc13ba29b54b27d79883775
a9c702a51714352337d55496467d2630430eff47ea2e936968ebd3144ad81e7eacae67aa5a0c8e945a595c7c2a2fcc57a76fcabae28007d951876b6e
caeeed15f2725dba71d2cd23cd36b39bba5dfb7d58d00ed259236ecaaa4d3ae7261df0983424813a5f8ceda2cf143ab17ac65aa130a798b8a9b759a0
5d674a392f5a722cec7a31bf76dd1bff8d4aa8b4b47d7072c1b0b2a7db6cdd142a33ed3aea30612922061372b7ce0cafb31bbd226302e118bd7653e6
b786fcd397a60e34463d2159670312f60ba4c48c31d351783b99b5c333cc00eaccfaf471e74d79381b94bfeb503ad69969c5ccd1bd3674f5f59087c2
5b70bedce1848253785b484d4ac5c0f982b29c843b07dc0b9d28d8746f2dfea1c3efaac8389dc81878cf74534514cc3a121506b6d5d7436a584f5857
3273c3776f4a7ae68455fb86d791c28f0a1957e31f5afad7489e1ee59318686d90d225e780ba95b4414737656e269472cc8c0ae51dc04c337a3c731c
505bfda7513d773ad20c6b117614feb45778534d871334e3eb73e3829afee3144a7658313ab86ef6766fcacbf448ab1f2973589dd65dcc07e9233200
0e216500ec475c08b60ea77f7e5faa5a5130cba76305174bc2ef6cf826f54d2d9d25f1cfb63cc68adca454574955cd644933baa0c47a390978d28cac
d29146a55f8eb4e2db53178bf0dcdcb14e5da5e6bcdc7fd14ab75b735312083446f126fe3a52d8a44e4e289b5706c427cefd85862bbc729bbaacb409
796b225fcfbb29bbc993869cd5c1b78c6ed271056c21791cae239525a4f997a94552525532121690117e45aee679a58faf6239b409b6013d5910111a
9550446995e515930fad6c8e5495d5f423143769f5dbd2acd625a6af18a3d9d1694531a118b0b21911fe04d8540da9a05e38f256fd3ad390bddfc600
19f4db5ff95421ad233c584cda05b95c379f5ae59cf954625bd3ab0f8cd3d0d75fbaa1cba83e56a70fac67c78e5fbef884883ba944264239252e9fa9
dd947269f41794a6fa4a17b7e7eecdf04df950e8df4fd9df753ffe2d3e9d2c6bfa9c8c57c8e1d20ea99367a6f0b2805d29b3b7def2e5d7dd50d7604f
5f66ba49a9410c3e8f735ce905d5828e52368a5fdd507a9b62a2a32e3c94332d49c6589257648c76a54e66465eb8a9f2504811c3abc791a3332f3c90
30c4be2493e6bb0857a6fb96851673ccc9f031433a8ed226a416334e062f629c4cb85343d4d799ba1a6dd6a84f7cebaba4ae5231a0d39c27a2a22374
aadb62002bcaa6d38eed110e81b2469cf13a74e07bbd3064359291428d74f7e2a8d12074e9ebb5ff2fb5292b2915eaaaa4d050b8f0b73c7c74ea985d
c79bd1e9ebf9420157eb8c87f232c343d0f3112d1a44f91e6e86e04060ca98329db7969a61df0ec632228a2b0d56a4123ab488b8133ad41713afe3d5
1609d7e96a8b1a52b687bbea0969692b69c83aab5f90f2d95a28297576174e0631fb913ead627b4a6d3e3d5a7e4d6276dc029fbc660894e1a1451073
0e9bff7412900b35af93d752513d6dc2421ad209d053552f328e7469bd8893a0b3d69675d338beea0c98550272a987275a9642f3f9d4cc875208192d
ac4ca7d05e6c06849d2c0652a7a467bf52c8a4f0233a6b7886408189ffb7aa49c86f7119095be0a34fdf45ba290970fe4a479f055bd52d3f686dbf2c
31ae2ba4e467fcf339e4bbaa372b782d1dad02077e69a29434ab1f19034a63370a142e4c0a99d90aa9ffc21fed88dac3bc4318386edd4a066f594f4b
fcfe84bf96073363f2481a71e1a674e265ac789fa29e239f9add7ce959484ddb67d41ccf477484bffb72760b650bc3ccfb3434bebd1241b493a081cf
42e7cc874e3c943e6c67f1fb3bc6070be8d3cf921f41756167bb77c728803c2501034e76f48c9e8fb93ad6879c11cf2068775c8de9bd49bdbef650b6
4518cb6e599c2974f40aabebfc12b3a3059d51a2bed0497e78625cd81b1f9d9eac40e59768e74c4376aa3ad47d8be85552764f59c1231c08183b0165
9738b34d507289565ee9d0c79d15ca1117a45827b0ade0d4e9c4f53af0af861ce48213e764128db5e0b72a6a0b65b35453d5ee1f9e90ce66cfff534e
209b1eeddd2389c33bf91a066e5e4b3a21d28f1b3e9ce1f6c23d1844ec662a4ff19e4281d5ce946d95d189cedde3aee8b8b51544df69266af6f53a52
6d05276844e9a5ee2d7aa3a6b0e93c9a29b0effc7c38d40ce321d7b99f2963e8427a5d60d29567a2151c87e904b6279b5e4e51fb99525bc61a9267ff
5e904ef17841317f1dd2dbcc2b0d5b5fb1ac27fa0aad3381ba117d99d8bfb4ec63faaba5b27e1dcf4219245ac12599d249e5484dfff9cf76ff5389fb
98b560c975b0da0a4675e24fb175d2c16acb6e6312126e212f15c2bab7e9a8a409d06da6aa7f847961bb8683a9e3d2f335d2a5120ca092f448462b88
a2dec8386b069acc6d192c69af688a69244776ed13f41a619489ba6aa92c31463b4cd4152a7c61f3700916725342f2a3a93c5d7a403af2db43eae12a
447959efb09416a15eac8a4f4567476ffb54b4e01cae094b29bc1c4c8125cb5414daf2217b94d6d2a371f54a4b52283355250baca6e5ad5356be1fb6
e82fdcc3e547528e14de837f20e4cb89915f2d0d7995e2ef2c2b14149cb24db4822ce8458c1217dda927eaeb4a97ca9d9f8960938523b0141a2cb8c8
0bff0b776cf9ae4a66d42902ae9ebaddbda42e3e28947e05bbe63415e3c2c95adb7f9242afc11e5209d2463ae15742fa920902e8b7352ab66347f9b8
978d3b8da95566882302b72d180cad32435cd947e9818c73f434e34878cb87b74aabe8966ddd72a58be5996f90dafab6b4a309bbd2a3960e4b725b80
98be1d01e2431d07c43ddc18247c47259c688575b31712cd8f08d01133e3e7333a72a8fc13e79ce9c39337d20992c78f08499498db76503a0a75e337
6130fd5e467655dbb62c53a03d5e41f2366e13666ffbe5b80b7da62413ad60489464a295f063f9c12426c7c44fbeffa9c377c4c97dbec91f8a9ed1d3
1aa3a10f948fa20c8cfb7bf84ff2e1a5a90d65d0d8849243c39ad63b1b3f2aad58d647488322a0ec098537dc6516825ec7380e46f26dacd985dbfdf6
fe3d36c50f62f4177aee6d19c1fcf8cd8b1c70bdad54b0fcce1b71c6702571045b505ec08839d20b18ade045bd395cc2e37bdb0011d879ebc0a1e0c8
be71ad7140df968a2b5415451f8a0ece9eb2ee0fd3c7ada1e3efbc2d30c41cdfbcc8c0a6136cca35c281459895f1b1c383ebcc331a319e1ffcec2b75
ad04674ac52eeea19253f4c6b83b39457fa14c958ee21caf14823f86ba175182451fbbcbf8b91f0e28194bbfc69150d7c70794511d1fdf05bf70039c
65a2be9e765971fc0a5ed34ce9107fe95530f69cd4ea758ed1b08d7a9de3e83d7fe62b6b71043e5ef42caa8f273463b29d7c010e8cd3eaacf28fdfb1
c5c2e9158df6ffaac8620affc48f5bfd0e18b82099c10a69ad48bb5fa66c42d968d4b4d4d56987924cf5342b25c4a2173ce5feb0404aa1634795efe1
2ee4cb69e541ab5ee72d650ed9b28ebebe3a1467c270946c4ec8ea70cd147ab96248bf28851952baee0aa5d58ad3a7bc0eadb0b0bf76575b28fb41b8
167eb7a3bf58835fbba4ccbce12935c140e1535ac10bfe2ea3656100dd821dfb62455800cef930ffcb61e61781a21d05730abb86af4f90630f033a61
c721d0c94d0e48e92874b1f2389c0d9951e286d1580c7fec5cd0f04ed5d0587342a0fc5c9d94490e7a28fb2b8cc11fd777b0307ee1a3bf5259ee69d6
0d691dea2ba48f1ee9d33b9c11ea1edae30cf5f18721852144bdfe79e247283380d9375865c49f029e122749f094d2d0cc4edc501306fab31dc97fca
27c81419ac324b2841748968fdd9326035fe6c0a58e34ae9301a06d8291d1203fa8be660747c05a73e75c5cd4cddb7eb32209618fff34c8207bb1df3
6533ff503eb91a50be50e2519f4ed980a33a0556e97e8deca6c4807f720aab527c7de1a6dcff84d2cd8b912e2cb08daaa8fe063b56239d3e26b35521
bbc9945a8fd8b7982fcffba4212ff8492f9ad8924ebc8627cd689b01ca62be9c3c133f6cbe8015d08cd625e7dff3e5f0c36404323fb463d53e43e979
1f6bb17938388ab29c467280599987b78db86153cf738cc6081c3ae47782f29bb2805ae34d673c38711aa79eee284edd70537f668f427682364b5389
0cce09b7c744f2e866fa51ce034a7e463d68d7a9055fc8c181637fc1922ec7f9f5e19b3a357ca95a74512d942d58fa649d1ef9d29b48587008018f73
2aad410311340f8747d9b04c3d0fd288924d3f0f82c33b853d69463eded4573553f6278ae1e24189f1ef20ca1412a59c194b0e8a07ec6c7e933e75c6
7720c18771c9be1d7c935d2cf0d3de7cd60331912f08f864eabd925223089b290a0b960bebc7e9bc09bfd209a94941c00c46b990f7938c982800e746
b89831a53f38b3a64e1fe2e1da4fbf4a323b53743a0ed14259fe2f3860599f69690a557642bdb5194d9f4e8c38f81559fc0b217102048e7727990bea
493bcb3e4858d0d483bb9bc278dc857c6a20328732f324bf1775ef191c0d6913cae3ac2cec9349a10f1cf491424962867d5b12d385e35e575afd9af7
74e9df74dd8289b71f36f55a4803123095ade02eec900aeadb099ac58ae60c655d72412df59166b4e46dcf663110912dc01490a481fe987a1ca48175
987a1ca4f889e19b2afe0fb899ee9f66a6072b65eaffa447bdb98abb36cb424026a4f61535dc2d9b1e18584e3c93aad67a85c2cdd0c19e1fd3ae859f
36c483edde7452018efc676163862a3330e3f7291c6e9f22b0c40cccf0139f376537bac193679331b9ecd78f50f29b1df39d17a6c00ec8bc3860c7c8
fa418f44f5e7e58b37598fca09f02368e99e88e29cf237a53f2b299351e34f8ca700943379dea33e552d08e8998bd538d3a57e8cd1bc588d0dca63cb
8c0a6cd181744c5dde2fb8b0f342bbb352b9cacfde7e1a6cf1e328953dd270a0dd7c9c998b347d1386b64306f3df419479b17f678d5d9c5020637e09
64a41bc37bd8504d612f0a6ef514f4a28f4c8aaf84b0bf9abab2df38729fd50b9991d715fd9f35ec50ded65ef970e8c309e57c021794c60b6d658806
079bb33aafec9156581c9011205a9d5e1cd85c401a38bc53208dd1f059aa4508db5dd9835f6948e1c49642b39e3ea79a0965bf2cdf59d87a18b08aac
61c061aece9f2900f40cd772fc3f8370ebfe2b2658d08f7264b8840bac351f6ef103073612e931ba84425b67f441356e8b4de3aca8fe7462dc16a1f5
597dc6001c72eac18e7685059f31705c328defb8b0a30ddb8d1c08c351083c4caecb778742a6afcb8fca34b4617ed390a6010eda80fb90d2c54f27db
8561c8b911bcf3980d771e13d36c0d5034ba68dfaefc0ad680f16cd642e1564e000715b3e18156fe4c2e01a8bde97bf6d753260d80d2e69e7d7d5af5
60a62ede69873d8288388006787020ffa3eca474864f2103ce04674347b1c31218a45d1969e5b1395ada593a9a80213fdb30d3cc6dbac695566c2732
0b7eb3f961e7561db14682948cc646a4e1548e9056486ce21a87189d99f7d97d366ecd2e4b4b5dcd3c26a5e14722e3ddf7231c4c989d0814968b8740
b2900ceab8b05c0675fc0a07a4c12a3375b539c25a764ebb7a481915a6be5bbcdabf6328d3d7e42fac48e7dc025fccb7dd2f54b66fbb7378393b3293
2e911936b3c6748cb8da7edce3603108c4d12eac0637daa3f93ab106b6a4bad25ee2ad0ad4d138f79f79bf03310950033bdbfd7a27372da6b119bf6e
f853392aa00f67677a5355bdb0567569fd1c18619efa20cc348dd3e01c71760ea550cdc6698cca880d6f21b014c35e26e2e6773f3a6360ec05e7a7d3
77d839029dbec3de0fb66a03fbc3600ec28d68a1a1380127af53008b4a90700a605139b79e0658f4033f77103460c686ddce9e4eacea6648bbe188c9
c8d4d38d77b3c8e958bc82c0afe1b2864182883d9f5ae2e9c66f176274f45c47bbf29face519929fa153620eccd2705282041dc03c54a67bb00dcc1c
da0d85a3c98cf237ba647eb481ab3e9da6a5239e136fa4a654cb0745e93732261e995fc520a236672691aa18849e52e9df912f6fa827e0e2c9031a95
61311aa21faf7ca968e5d3ac62ec09e14c27ba6726a68fb513109876617bfad498a0387d77bc1f3839c638542289733a60918db32f8f13f39bd3a9cc
1293d095f073a27c2617ddf2a36c3ed3ab8e95383e9bbef5dd0f84635a1c122b9a1b29a3e1ed2b2069c8d1a1b0e4877d30be863990effe0661d0d084
94aa8a7232746154fedcd085f2d4b5d582e1453c0f676b799d3e949e23c5648046b8236fffd4e68b23042211cbea3ce199e5c3c14443969dc1d4f5fb
4b67cadc29a6d38803ce13e672c43ebbe0e518101a717961a238167b4746d70f5cf0e2d84d4a07a2b097f78ed9c02f1671b8b5eb9828c6f21e21fbe2
0d240eff66e3008e9074db20b582707bb7c38cd9a86feb655c523d639163f4b96dae679a711a9d3443d20f286530c065d9286966747b939018c7f682
9ea11cd263156ca23e23a542e59434e4f93dd3cd3d4b84bee7f6c6202107e30c12a235ce80f8fe046790e8c8364ca9628285252859a486129c098f6c
ac37736830c199e0859eaf689c5c4cbd50d1388e98420f940448b7dcb86c7804256809686f8e771902d9ea7aa48ce59b420d0162bba5dafbf1905e83
f92f3ff5c6a40801d012f8f5913fe7b7d347fe403de6dba788d9b3fbcc9f3c4c37d9d44e5af5f4214e7aa0a225f86d444082767aaea22594fb0613c7
b8be653c3258a0052a8bec6d8c6562256fce9610533d6ef1fb945f11dca5be5266653d536868564da9c6bd85b271ce7fca2548eced6d2cf953d5ce69
fe1a5711ebfcc641409b18a3307b4d29c2c744c8574cd0f34d78323f6ef1426c854ab81b4abb8c0aa43511988ef976142b0ea0a107891a0b5ed012fa
7dfb566baf21971b82254bdc9966f9730642de4322cc1f7b0ff759f53f353979301220f9a0a4881a194100ac7e7eb8c598aa5a6508c3c7a71d895be9
458b9640ac010539589b8210b444b1041938b93b3005116809267e7ccd20e72d1fc52813e52363466fa9ab31c048ea998a1f45ab58a474b9cc40aa0a
0dcf1afc68f39810a57269fca806a5bfcae030f16986b329a4cfcf503cc1948f271e31f80846cb7dc7e984199575fe2178c986e763b73141908faf0b
207b4e98c185d8e97726fac112fc0e843875e53634d48033618c8424bf7ec7afb77c7b2b4d1069f36b2732db86af4353b13a5ffb8d0d4df9f57142f6
1fdf2ce70949530d52934610c78f3f8c866e324a20013165b4b8bf8427bbf42d3f2bcf21619a2f4bb4e553f5128efc0e51e2635f81471297f1fb0e35
db9eaf4e7226abeeeb355853265df934f3353f69c7203536207fd6fa08b9934f8c86b6d1f30e2d5124bfe790908960012d411a12535c4f3bd6183da5
36d3c428f4a043ab041b9da86234949880012d21b03f6beb963266b041360f4981b483c450ff018ac767ffc31bc8cf58253724dd600070f03fcaba91
a12791058088f987479f5ff7314343a590ac22fb4865abe8dc4b997f0edd645ff6e7e967bbf4c7f467808507a86c9efebcb74f34ebcfd210dfe6cfc1
9aeb69c9d06586c9dbbdeb69e966f06157fbf7445cfe702a3d0ecb8880caf66991db02c4f8523a8b56ff9df9eaaeca4c0d48414abcc2d7cb514542a4
cbb92efaf194329e1352b26d5bb95ed6e6d6484b908156d30e7182837fb117604db15e78a01586d014279d38b9059ef712bca011c5584a6ed108a3fc
2847203b63820c863ffcd39a76ad417b9878bb1bd8779a3ca26a4bcf45f4715077997ddab5026afca9f73133655a989d460d67e51ac98fb469ea70bf
bcf60a958d5ebb329edb7d3246d88dc29ffae60f11c1a5b4188db0c67ad945ed74ca1d8bce005a5965c43023b69deb20c030a0bc245a0af5db307ff8
3a06a1bb755859f5547590db3183e5172138905a3c08e1f7946e9269e990b7a6e08ae5125aa2b2d55b0706a7c3df84bf90e68f6605482482b40eae92
793bbc0e7457da750276e6e1c0bb28306fef22bf825ef32e7b1975713e1c58cbb5f4f2d1914f58d06ac96f3a93cf818081c82054b69cb70347601991
51f3d7cb6908e863b15898061e3acf87b6ed25753df5a13c9883bff6c189dfa6f991dba985e813e5d8532886064322bc0d7bece5641c33ecb16d46dc
0e5fe3b82226369503dead0cc38f839956f3eb1c8ccf05a9b5315268763a94a6ef959a0a9f3276a7f597f710ebb4c0c0aa736a8c422b763807df39b0
116d765a24bc395aa727d6019d753ad12111c775e2bb5c947a2a67282d9af96fbcca3a1d972606ba4ea3de9cc7f3269de0963fb13f3a191d4544d8ac
2d3fe3c05e68092671382df64d792253b32b149532ebd21ed27ae36224bdd1f0b66315361a764796b00fbc647d53a78efe5f503aa4f5767515e78e26
43c372a28cea0ca43769ed097f8563d2239deaded105c5d6e22115d27456cd9bb4c1b9e8471110b6664b79337e3eee0165037886148ca1a4d98f3ee4
cfb02023ede84e75c6c40f98f5115230d33040d802d12fda6b64ed15ee3520de7e5301bf7f29c3c579a593ed1f49cd2a3bcf7011de424c95d0a2ccfc
962c061bb1656004e0992560c4d96a1a55d653fb2febc263b5abb6fce002dbb2a517165ac38c5f3821de7a2da1264aeca49f58c0695f825034cecdd6
c51612fd2204c591dfd02b0aa5f594157d18caf014faf75c9df0a6359bb121c904b1c81f595518ca71749693934cd42323c0ba64769c39a21eb83217
7a133502b8c1f9806fd246093d228842c313ff51dec8d4144a265844976f3565655c2cce1172ab6ebe544ce060c5f905829ea5603c03db9355fd0eb3
9f08ba498fe705a5f97c3eacae9a42476c674a6d797065ab67f44cddcffd70edd3901526a300848178ee324ca1a4ae5f0b2076ba2ac6f8a96beb32e9
667aeffa54d694a3ebaa11918caed25034bf927e539e3554a65f0b185901d52f3b65cd09c5d06edff59f3a5c6f09b4ac1d611a5a9cbfea87537b7817
a8217e63f58597f898c238b4b882957b74e1569125203cabb27199f46905515268277232f90a3bf9e9d69b924c11b15d0647d423ec0265ce20f8d48a
48eb3256220e9e5361349c4a4125eeb0e70b528a1095e1e41751afc24694b8aacd79b5902143231ad6ba45dcd287873694421a23556135adde72105d
e7cc17a361489df922ee53f36b513105cddbe1f85a64c228a1c4ec912fc5ecc52ffb460b0b07f043434d017ea861481b8f38656da130f815cb1336b8
f9999e8c886293713b026f08a5d58879f6cb01e4e659cdd7a71a9b90666b8319f56301c44416800662cdab459b31ea3e0423d8bc1aea8c3d80210c31
c02dd2948625fc57be347f2e73268c865ba89cfb4736cc9d8d230b83f411e395ba3640cc50b72a21e2be3a4e7f4ba9f8433d90219fb5e92410153cf0
1280e0249eb29c13225ab1fb8491d0fd720efcd15a4a2d8a183ae7b9af5cad5bdd87558d6d66f7d2cdaf0a4ed0b96ab1baad434d557a4de1c70d7548
04cec34b36875728ddc22504bf841928c4bbd7f0ea440f0a3370b39baa7ee8238512b89156257088b832349463e63b6f84f2e1f4fc4e28fb17280bc1
0b12075c42171c119ae16b2a204c97f3e7d7031de0e40ed10fc3407a56aeb107b7d7f44f0d2ee841cbe21876291069f2ec7332b49ccd212a7bb0acc3
fae2bfe060d93d45d18c9c414079991d6949ce49cb975e657814c3f9f3d82539b77ec3b00ec7a539cb584aa67f90086c29d7431957cafcd610cd38c5
d5d3aadd94a7d0c12498dbd63330e7873e66ba50260cd40338070e4fd6204ccaae697abbc7f1ce9a76525a0a8b0b2f48d86b90666f4039f6fd34a475
c2fedc792026e931d7f4116a638b6388443dd0da4e99cf99d2721a885153262dc9029b13fe60d74f7921a6024c140e4917e92388f12f0326265733d7
4427b1799d085feabefd693afdf847d3b061c750da7c9cf96d5fb63ac29fb6a411457244b06cc8c4cf81cd9adcc8838305b7f9d2989db4aa43a19132
2900eccfb473c34a75fa0892492c67d78fc915cce27a853743fc51efd38f77a1dd03c1c8486e41565916cead1f2de26cfa331102a78ba85c5b590bd1
c34c2c6f6990cb85e831aecb1e3192b71491cd325986df70776019bb31e15d580d5ec4baa9ed565315482dd4471755c28e173153b0f05758c5827534
10366bd993ae69486219256c90c7c407581366d3ac6d23522058c7cf63835b0759399c59cb9632bfe2739c1acadcb2849c9022ba7dd9b541b88d0669
c88bd020c7aca1ac63f29dd630ab746161af7f67bf5ace63f11bf6b0e32c420c81f000f1df16a1d90c25ba13232f90c9395940ce55c11dd6b5ec7173
feb3d66664611737889dbe50252531e7e5e858cda4c82b4a545c092846765fc29f9417ab7d5b48d9be6e84148fce70933652d51ae74a5d59c29ac2e1
c20e897e1c90de115c21f5062bb670fbda030a516894d6463850de0f4478733280e232386502ac5bdb0fb4e6576eb9bcb84bb100a344d636929776a4
1d312f429f941733b47d243c8eb4a3edc9cc87bac18d59dcde0922144e794112d0b5ad29f186b6377e33dfe9e816a766db0bc4f2296d456b3843db0f
d293907b1987326a28eb6daafa448093c5a594168d24e5cb292d1a7bfeedcb0f6470f991f67d8f90bac18a15dcdee885579d5e718b6819d032331b84
f9463ed4bb10af7ce845c12a1582a5907d76bdfd9c12aa517896e3603c846029a4f659005822bd6ff4e69156bb66205ffae800c17aa33811dfb7ddcc
87039bf3916ebe42a79f507fee852fe575928675bd11493cb9b7c38388af936390ebf54799bdd47432e301b55476406d85f4d305039baaca00f73463
4fb286c440d1e532af0c9703890f65e61801694ad2382e67d820cde57a3b0f18b2ec041b23c2f48edcd1aa248d6ca8eb6da4fa8196323c853b00eb6d
7c724e08854769249d5c1fb971e47f5ca4b7b80f3fffa9b93f03716e90ec7e06a4d5168645e894465ab9653c0a992417781432b92de351fad3ec9f28
8f49d0292c70a5bbb859a0595fad613a3fec3caf146a1af03e9ccf22de97c02a37ef212524a875bd05d34845b83ebe5589aafe18e79ce56f5c0b49f8
d6c741a99cc57e78a68d769cce2911c08f05e14c558d0faac10fc1cc11d6973be12ff1cd68c6af71cd504aed95bfd266955ca8eb63ecfbff1a7b975d
697a25b16e7e9ea2271aabf2c21b70a08960cd64037e836455a5a1815a8d63e9fd958cb5a27e5992f1f560636744b298bc068371cd1d44e88d3c730c
bdd1b3cfde5ddda798b98c9ee313920163eb3d108c5cf684501c7e3442715423cb3d9093790aaee1d2d9fd322e476aa7bf2e3687f6bb684e7a3a5c69
1f331264f4b22257577e2556976362a69854647f75ccb5282b46f6f0ab6ada93f62b6fafeccd781a9b1291b09559cd8dd6cf17fa37c664be304d5057
3d757ff7949ca11aae06a69a2fe404d2da69120495de93240846579a1b5b193674a2eeed12c519eade63f3239b7202588319aef2d5604b335ce557d7
7641eeaf4568d2b35330c69a453d3706f7cc5a6f5a6051e8392cfd544fac2a7d6e783df7ddafb8774b162ef1531b04cb21819fdb70386d83ac70cbc2
abf57b761469b46af88932385d8c261a5e05a6130dafaefc73f3529fc3403a3d055753a5ae07c0c493dee0673354bce79613c1de3e1d94cbf9750a11
e6918c6b81312f590fa18db3dbac93d32f4ea725c1f848f9b312736e2e2978fe89de5677dc494e05fd11e70e113fb36434c091dd3df661a227791372
d9e2f0beab8e9d3b69b63df6261eefdd137286c77bd563628696b76ac43dcda3e0e135779c6c3dbde6eef51bb67a923a4193ea191ae14392314323bc
1dca5b6768848f92bd8e7520699ea455906d9dbbbafd6c5e087895df4c5ce58ffc867e4a5588e172f0b0892af9bbb8f5e4d8c5555ce3d789e25863bf
494e0503dace50231f4965501caba27ca0a05e35df85ec3b5b1d14a8b7ac851dd36d36dc66dffd7e6401d20066868ef9d87eef6869d673c79c53f250
a7d08582364167a7fa66d76ee470388c703ac3f1fecc793a92eee74b7661cf5fe24c388462a940bde7e14569cf976b4b9aa4661eb95a9b60f4a367cb
43f8e1f41f1e11d991f00e3770f23c6440b26c388b2b3f9b267b907799078e38723df3c0d8722b09c6f2a8f9951967a16dd784253f02d1fabd8c68f1
2fbf190b5947fc49f287e71b09c6becb1fc6ed5e1bcd199921aab69e3372411cde2ae7813e55e38579e057deb352b881c3c18babd3f6fb2583377c89
f3a53bc220023285d32002da61cc8368117bbe641d1cf91231574ee7c414a464c5982b251493ebf170a8792d59af0da42274e7c3a07bd36c0f06629b
27f79e96506c22c9cbd9a54c09c674b6ac2776bba7cec96a4358324f8c3de5361f308ef4e78ef647ca7d72a04ab84fe4f07b4231b92e53c21634c9ef
095fd3edb2f24dd98653db8a92f538bb343614abbb97fd4ccbae270369d9336a2b69d99fafe43b577bbe8c2819ce57c1ad6be30230d1b36a5242caf6
d5021a44d600c51fa46caf1a7098a45da38c197ad543c51849dad39c71865a75d360834cebab1f7cb142abdcf0d52b1137f369f0ff4d7a189ee3472e
b5eaa5875bf40c95e766f47813ab3fbf64f0aa67a21c9999d5bd1eccaaaa44f21d6edc4f93f22547f648106653faa0b652d319f29e679c2ef39e974d
2219eed7bb022cf29caf8aec1b41d9f46a209bf96279fce984f4c994118d3fa96d458b6d083ed2922fd04670e068da6226720d06cc44be6bb032eb34
955bfe344e43e949eb76b50a06ef22993290be9637b369ebe211d4ba4dea829d5d98151329de05126ed7552d2ab9caab6af6a9d7f556138cfd2b3d69
0471537d389bc17c647c52197a66e1d89723cba225715f9a82dcbb2529c8ab9609b3714575d98553f696dc44386557f529241ddf951d9165bcaada20
c9f8ea89d5b0bb35f9994dcd821c53f8643f5c7b56e40e7684c845263bd5905c68493443877a9885865ce1abda0423b3b187497856579519539da937
d8193ad3aa78dc54e14f3d5d90c376cfb7e11be05230727d973474e2ae7add9e9dbcba6e2e749f4a42490fbeba62b5e837bd6aceee09bf67e168e0f6
e7a829e6fc7ec6cf5f124253fd2b89bd9ff6ca6aeb21edc574867e311d8e274ed04aeac8cebd7eb90992d5cf1337548a55799be9b9954e9a9ebbe73d
547fe9bc5cf6e9ed978e879773557a4a2eed43e71ab26557a54424cbae8a0e6628fbaae21b326757257c66ce2e5bcba2b114b6fc2022119927c3c3d7
5fb51044d99ec1147a320fe7ccb10ddd5fcd7b13e1e0155eccc16db1fe40cec29265c384c6032ed479355971d479c350fce6d2ee79c11e6c3bd73121
df956c903c7bfd328bb2b1bca10eaf8b9e123840f7bc700f0dddbcfa8e9c7c0b87d94872d211e83d630399227bf49a15d5286aeb65b63cf286d4db05
a7b33499803b09b4d7cac88fc6b4b923222d764d6e194d5df27068ea92c1bb5835d20123c0f79a2f63a1b8344353579365433597a712bab8e7877e63
f0fd2684865f260d87ebe48322fe7b4daee39252d72cca69e14179b16aec3229b38729441fd045941ffd0066c5707fd9ded06de4017ce174934ccb25
05f6a4b95c2992eb0b32e05208efecbd64d742e6f01b14e589126b03c26fb2b517c77cb61e72e20915aedbd5c02af35258d16c0f2609ed5736ec86d5
36cf6b9a7bc5f611d727c520a1487b2aa6a6f0dc6e9a53cc89c783467973b24e3c2f70cdce43697aa81f0906b1f148405566fcf53959351e0168caf2
5cd66ffb951f0c11e6f16765e6446f563639be899c437e642ad3925f473796345dcf6ccdf366e8bf0e536ecdd0711d4ad62751dd93a4139cfd994c3b
7251ab038031939afba9224b53be393152d4ea6fcee938db78793677001aa95f8bc85bb329414041d554744d3caebbc286090928f98e38c4f9cd9877
093511d77b0a98de70de9ae8cdf0b8def4239a6f96c10f626b4826df7273ce6e3855ef9a614c9caa938aa39fcacd8a2b7452cc371441ba172aa72387
e7cdb921997e6333a2d9df0c0dd4333c5ebfde7844a9ac9f6fc845cd9731585296d041d5247444724f0e0c17eab6fd3e12ec85bbe48db241abc0f9c6
2ab1b77c1bdba4e64b47cb6f72bdd7f06fbe89f87ae6cb6bb1725e26de18cba5d0efeddd5fd26148f8edf753965b4ee7452a1ddb30195bbf398d72e9
c07b1cb52c0beb2e476ba4f79a8d08abf95c5f447acfedf05696d5f2338cb50d62f1e5ac84f4aa4baef4cbd616797ea4413f3096494b0829811b9b20
f0e7afa25827eeb10fe4caf1fae4aa1d82d17467c518f02af1262ab39ccf50991dba594c3466395a1f0456357fe8c5d2b5f8d160561afef160736871
e9cee1d2a53b45b11fd6667613570ad7db07fb25afde1faf0eeece884cfe139d7fa94619c2d7f3d08df4e56a5bb3682c7187f20be193e1fa12362825
c35f177c4fd025e357d68a3f5702b83fd2f088617ee6a53d2291d7bf6a5d039d1b105765d3e4ce2ff62732d3382e6beef1407b581edbc769cbf38731
e60edd173aab41cec4a93939d0706a3e5ebf1f8698abe6171939c94a38353fcda19adb8bb2a44ca7e61446df6109601ee5192ece476e71229fa7b0f1
f65a55125c0be4d44067de2ed9df57e07c246637a76afb81e414a5f5f7b081d6c4bdb924c44150b32cfa825fd9a0cbf2cfb742d75fd920f6ca726eaf
594e593835d73c9f6f29a86beff636ecbc44f8f39ab2d3db3804590fcaa0338b4630a196df8c1628b1b80d7b6fd311966ef93be97bfe309697629188
939ef1b5e6ade834dbca454e69c02d2356b3ac5bc16a43139042927093ae9a96cc5bae4caa1cc1d08f5463ddb9c056b5cb0029047141561614b69751
cf82e0ac7b82ebc6bfbfb22837fe9ef5c4c086d46341abb11c450b7260b39e198d3d85b8b607355fe0275e6e426ba7b21b1714ec54be8bb5369aefb8
130c6b0909feeb0785514c7e9e237f2454e37b87d03a93caef776ce26a372208e35112ba6254b328b2889e2fc33c38f6c882a217af84ee5061388c21
e6e326bda02d4a2614a63d876dbb2281d199ef5a9474bcbd5f8e7cc9095e12fcc61c3b6e38bdb1991e3048dc917dc4d6a039a9214b40deb220862adf
21bea88ee324e58c6d8de31bcbf70585414cffa31fcf2aca84e73738031bb58666fc2083ca825653ab6b7523aa0a411116c8b61f098649a69d446dde
ec64e8c99f4f16a12b0c32f38be1837ce637e0937a8211e876cfa21173a8f9895880fb66c91018921f794111f33c9bc602dcf277b191b72ef434ad9d
d950d798938c4734b7b8054196db2ec838fafd2098871b07fd7893006cde4edd47b840f76c5ca49bcf7954798e0dc102c376f4c81f46cb5dc81b3166
b784b8166547e23ed37f2fbf71a17300825c6263f140de6db23921fb18bb5f54e638ec72c81ccf9c4716eb9eef2208a33b29f4f13b82b70571011ff9
f28ad9c997113bcf6d8d53f5d8ed46b09aa79b3cdca82b190e16141b796f42b4bb083d435c882eb6a058a9256b81e8b72c1a4cc5c8a2e8c746968d85
2b21418f4f86f805b9564e4188ac13b02b686bd9bc18f38341de317c6ef93234a5dde5b1abd0c81629dd2ef9536e489e02bbbad16c843aa97c7b39b7
b609bf0df4600be4ecf9bd8dfd24eddd654c7f656b98b664d15888ce6ee8eb4d64b6207a6aeb71c86a1e7ef86f0fd7f3ae6264f849d2186c394fda84
fede06a13cec99425709ee4e666b0f1c23dde74945a4fb8621c2528f6db1faba1044adef828e761584afeff953d7f110245369137207e6cb08125fe9
ea2163d61364741d96c35bf0f823d7bdcac6d17ef8152c3151012e10cd59367084d5f5912f9181ca4ea0f2ee1e99a1f1ae840b5dd019903d732de428
10a5a138805e74a51fa1d5decedf4b34612e2a62e38f3c7c0fa2823489fdc184efbfb778b2dbf89c702b9ecc53fe32b843cfe2d31be948307a7626c4
95c20d73623591ccd029d7eefe4171bdd79e20373007d068f855ca156ae5e73bd6e4edd1818800f8bd1e59140bd032041b1dcf9fb2e8467e2668d0b9
0b211dec59ef9b9fe65b84a4ee193dc3ab037c5e76d6c21e2ed6842b42cd5183e17e25043573928d7abf4997c36dbce28db1a08d261d820c4b420c4b
4d90e36e6445303ceecd53558aabf9447ebebff23becb791557d78cb5c15dc08aaf35ca0ebbb9c5538781fbb8d2ad0f5337f39835beb42eb2bc796bf
fb84c4274b8641b983a2277875ede0097e48eacab039d613dc4af5782ef02767be8b41c88d4930fb219f5fb4d1767075211f3f70d24b0b5fce845d09
36a464fb424630ce7ce7de1b82416ccf841a5fb12fe19c3bdc6d04b7cf43310c148cefbf20368ccbb1b014a4efd8200ccfb5c255bfe73782d37879d4
8711c2fe928097e02d92112fd311b15bd31149909bb52baa2a9d724555484329429c3f926c42ddf7ee92a91854357744f8731b5075410c49fed236fc
d13465950d726ed770ef4eeeb7a230df5d26b877ff5a8bb42a6f0e35965b755f61143192abd49fdbc557b973b557968d2993abafc36f0a124ca0392d
9553c2d33182d9eb42be2007c8f6116d72df76c1d86352bcb09f7820db4e9cb3ec090c8484b3e691e10f177169c9386159f17cc34fe273dcb3a2b8eb
8f6a4fe01faa63c971d2738048b173e4cb68abd4ad62303a7216261437671e5e63e478719d6a2e9a4650ebe120344f1b6f296168719c2e72ec2c36fb
12661626f75c50acaf9aef62f46a7e23f8e7336b095f8c9e5f88f8fe12a14690198f0ee2dce7854dfb0b57300616a366c938283c41c3d7fc391936a1
418787e015674a42d1d09645d7c89d233ff1896b707e3e3895334bc612908a346eeccdcf079bfacaa6055fda72d048b2d8b364f0463d471b0bbb9673
810a78cf119ed89fe410e326b27b4bd427bd65558493c8bb27c617a365c51fcadacf30be1872cefaaba7b8055b8cde7f60985e9d59963678dfeb309f
798b0e438d5e9df60ef3d9ec4dc7edb26451e22933b861a7d1537014761a0f45f01ba1cb1d2ddfc59691a1ed928d6c0ed75fd933ec30464a15ba9bdf
3b6684a66f2f4f8c7e315cb61cdde8ee35322c2dce9723db51a8bb7e894cff143d04c34b363b39198ffce13bdef97d0472ed4830a6c47d10dedabdda
38c2d0f7653ef147da3dba4d3f054306b665b531786ec4e1e9e19569e4d416c138e3e52bb1f5183d6bbd68d0108c2dd51362ad1df995d845253f72f3
11ab65bf7b6c860bb8f16f160439dcf36548bebc130d27fec8b20cbb9f0cb1f190a9302cfe2b7f184bc43b1a6edc4f739a204b7fcfb721f89799c3d2
63c8770f12f57597087edcc52369c0c57a240d4216f63deb61dfca77879dc7c355387898de35f7c5c0d735c5441a6f34f9ee0123d16419c30bfb68d9
51825274bb7611a4c826e1757d389d61bc71e49e8e20f8fdf0a431067ef740b830ad6b67fef2c3db21f8a5b9160e7babe6554fe7e9762618ac96837b
b1adbdb65c907a39f04be6d39310dfe9bcdb5d329f4782219ecdd642eba5ee57a8aec6ef878c8fab1f4feabd49e774909619b8d0b13637f2c5f5b2bb
c2899e9f4b110b8c9132385c997bf7128bd5c591dbe1e2aed1dce8e1cb5c878ce1a5d25e8271215c956fd522a3fd2a62d3b9032e27df354630fddebd
56114c7fa4946c22efdff77c0bd974b94ef90309cae436da3d4db5d9c8333a6c3656e12268ab128c9b60f7d09ec89fe400274780cce2340a99edc735
b02614f7564fc50923204735a50b252b0dbae05a9eb87deeae95704ceea9119972957283137d5293370bd7e4fdccf174f39f59114dc8a234215bc4cd
6464b5a111fcb339ca2acaf1998d27c75bcb8f707ae47061a4d9bc26ccd05816b98a706bde73374deeb329400ecb90adf67c3962efbb12d61a7b2e17
7664468eb06c00eacb1c4a1c05159fbfbbad298261dbde125a97aae3944c8573f2be59ebbb3b765590fbf39165ef688f6543d4516572f130ee5dd268
e0fb94d9be915feeee58e2e0d72dcb062720ed0e1fe307ca1f3a094df0135dc9a271b4b5acc6d5e5cb2028c5010aa7e25ee51e2342fef30d47249202
bebc21bc094e938ab1300531b4d08242487364359cd847d61332b01c109cdaba04ed8ddb47fbb520040a5b56fb0e1d53fef21bed71ac82454d016844
d93f5f59cb9454d874ec405a4ee63acb9e7ab22c47995446339054dcbc5d6af9722ec8db4d98643cef76213b5d0539ad36219c1f6bbebc586b59d10c
87f5228480ce5f22384b45ca2797d3108444baffc30ce378957cc999edea0f57e5a7f17e05f2d4f287d2c7fc257c94e43f7c95f794f984c1c6534fb6
8f0defd28ba8fbcf4b5b7b3998fe520e43fefe4364d3dd55f3f1f4ca8ec78d24a58b782b975d12fd61296cf9516e2bd919fc81f22b28b5bb0be5e3bd
d703e9934ba30b06011d59965350a6fee3d126ff1f0ecb4f1bb2228e1419b87058de8b3be9432cf8d48d7cbde9ba0709d3dfbb87fa578988c4e56b4c
3beff884e93f1d16dd909b0cd317dfd86569f64732fe95ed916ffc8e58cc720786f04ff177f82cefaffc6868a5bb0be0ebc9268bf4550f9d3fe4f277
66590e5a4fa4af6cad87f457fb74377198e2f454aa7c9598f47c491ce74388368cac77f0d57c0b3b2a8315e636c7cb551706364fbf6def0c922bc7f9
55882aedfe2adcf0a398bb945d96f3ee412d25ec37b75357ce4d7296ee0e0f039796acf54d58f6944363eef2549b656d7c177cd386fc28f3ef291ef6
2e2db9cc30773936e7e946aadaa539f7a00d7e05c9447f6559a40192ab7b9d2e2d753737a74bcf7a106f4b5b6f2cb6f684204fae86307e69af235f06
19967fc3f665a4ceeabe1c31bf79d15a47de2d2d57a1654a97d6de50f09409872d8a6178168460402a7de70cfb9969fcc82c2cd189f11c58a3ecca93
c72b7771138cf9676206e6280d0bfb05b67859843a1565594ec49a9fe1bc86c48f17734a834758923c904d60d34229c68b4dab7477602e4278c90585
14ff9545e3583b6c1dc19b7a165d73d8b4ec78a038f30e1b87dfdcf8bdf4978ec10c6ea2fb11af182d41b6f70f448a5eac8943f9b0d333ceaa1c5ad3
32395c1cc9a76dcf29734420c3ca2ac78b885fda688cb0d8787eba0bb92386600c26db79848986e17016c422ca771826b77cc99eb4451be6dac59723
58aa332182ef5521b8bf627bdc84b01763638e9e3bca9f68f908538c8649d582ded493ed89b3d245bc39d79bdfe4bcce0671d7500a3836d84136c7d8
24cfcd4180e62a8e1b119ce029eb58e288bee720e060822de902bffcd4f6e26f827de803429173ca943536cb2ac52e7e95559303386397e547399f8b
df9c41c37ebf8b3129f9c5e0df619bc6ce22e1bc1dbb8b0449c7d8092082e3d120e9f021251f45991bd7ca91da164e30d20aefa6a91e24123e14838c
d0aeb41707e308edcadedcf335bf3904b9e9b604a3d3103ff208afb5b80bae5d5fdd39a16b798ae6bbf096ddb20128fe5b7e73cd89849bbcc15bb15f
159fe09e5008f61cd80a45e2fa372a2c67cd771e157e91a55713e2eeef4621157071f2c2db743b9d20542949f522526e5edb869ea8fbef870c4efe30
4e11e96c954b28d980c9c5311b4046b7968563f934e72716e5a15c6fa05ad9b36812363f6afcd69c2e388c96bfc4e97db7f5dc2f5a42b1803d42aa87
512e1156b09bb1ca604abc1a6791038d8fea907f3733b05ae5a18b6aeff94bce4727beb1625afe122f2c8efe11ca94f6b263a14c692f07a119fa8d63
7745e606dc056395fc5ec626ce5a5933bf923d8e2d9b2385dc6dfbe0f4ae594fb4a7e74b4e82dd8ee9e690fd940ceef60ce31f95b824156eaf2c0b19
ecb6818085aa744931dc5e3deb61a8255eb8b39e6b73fe9186774240596d1fcef62e08ed80bb24f3edf3d126b4f332411be84f59f408f047b875eeda
708eaed6272bc2b54f05eb03ee21b74d08b6eab0810473528d3b0800ab642533dd6a2747a6db5536dfaec58ae3d120d3eddedd2d43a6dad539208bd6
83d2a0948462b320441d83c5c8cd8d14b87bb24903f9cc104235ec293bb806f52caa7c46fa415cd6a7397e649db34795c11aacb7914563fd0f7bc5a1
0b4f4f1e5bb335afe4b8b0afd9d62075eac7c86a6b508c6152db53e60bd97e91608568bf6975f240575803db98d0126faffc02abc7f304874ec5ea23
1c389b2aca3170a33ef39da3e117c3ca487d0ab96f0f4d57487d6b16fa0545ce8992d5843821c7df6b9407ecc03445913089700f55d8637866e60048
e65c2c97f26249e2a53aca1571292f963a5c18362a6519a15bd814198c08e17a8c9abf0c03f191d54212dd8a681a7a4f6849f29383bb4877e090a075
383def89e75a3d5e5041ec8aab47f8856e67762408e2e6323362eba8f9cb162fab500fc886a37428590d529c914523facb9eb5bee37660ff911f4a24
0ce6aa3c7c5cc414de1d47ecbe5f0939aa7ee32236afe4d0e4becaa347282fda266f7e69a16bb73c8d6507c2efd454cf0be2d691f3738554d77518ce
a4a65e1d99f857b3c3073ce3a5f313d78a2de7602dd9d3cbfeb85ca4af048979fa6749cab8b027cfb6e28aa8951cf982f5d31da60b2e2ddf9d61b557
85d6d81df68ae8ad870cc734a670111ad18d2e040f21cb172ea86ddbf28304f9c90fc6fadcf213df80fc7cac482594640e5ed3e1375891ced52433db
99453b1d3e059fc69d8757cb391c555b1e6bb0eef932a8d40f72e0b25a8c6b7204724dfa955081e6793d31c795a9c27975dff31d0b2bc73c0e400dcf
c654349495c2a07ad287f2e2281e3e53533d99b309cfe7568ba8abcf52caa2919fc19d16ba0bc3750fd208ef69274f1ae163736251501cf2c06ff55f
2d41e959968d95bd27c4dddf3909ed8521b207b9818dc536480d6c50de416ae0f59153301c33e547dfa66f4928d68be38ad263739e43cd61dcc941b6
df96273c3a8fae81d508af56e3000e92fdb66448dec3d1b171b81868bd43eedfdfd5f52d837766b5383c08e937e03912ca0b83cc2c289c95643849f5
3bb4a0196f284fce08c4c593f32d83e49a54e9900d98a10c1cf92e6e69da3a8d702735c2fc20d1af813806897d8d3efa701198b9680635c22954efdc
41b25e03832e287a65a51fe6fccc6a1ad5e40f63d2cffc617cdfbdf4918094ac27ce82913f946f6e82417a3d623f1846b8993e9ad5e5bbc27d2ac11a
920f6b1db62e5f224b90b38bc0a9bacc2d082ebf2538f969824143ce84bee10371fc996aa3a9d8dc30e169da4ed7ef27a88ba2529205af06645146dd
01810b730d7cb4fe94d8442ae174341b04673d6bbe83326e596b90ed1c8150dd27e9f95c92423f19767d6abec6479b2017fe07a36149d847e556cbb2
31eff2f7a1cf487b73b20eaf39704ae2f2b9c9b27fe4e05bfe123e4ca2f145afda2d1c1158d32d607c755c1e42719094fc610c9e9ce0174178fffd90
11c91f7ee2d6ea0f877c86bf1c6e36cb12d45e85caf82a08cdb2b0732ea76faeaefc69745b5e4f7d855e44c3f8abdaa799acb84ababecabaa52aa1cc
4813b9f1659564eb5916357f186196b27938bf6b5636c253f8a87bbe7433dad8e9b6f1adb2ed9620524a09d2573e3bc773da351b812da69a19f31337
9dc206ba8d4d66e066d6a497379616dddea0db501d607ee2a68b50e62756704f7ee29f8c1cd546d7a063e0d83bb4a8237bf1fa2903aa67af1a8a8167
6fcf23f75626657b3d7ff62c6b839b20eccb9e20e7a152847b20f21809c6f2703bdd9e40392e722c8a0d6e650a2e0834235d3d732637ee398a215f4a
8972f8ec1e7bcf772c3bc5256a3fd4d592bef8271fbdb1e339f21ddc79cf97b1f95c1f37ccb00bcde4c529ac4713a2a121e98a37c2980db2151f4440
5b50240e827266ea62a6e5420bd2c7ef2547c229b4385ce58fa42a5e9ddc0563cffe395fe6308ff1d3c9fc664c51cf4fc2541ed974a7283f1a3c0c4b
8c44c6879230f2186f04fc1de4313eceec08ee9425dfd9cb042146d0850b1f5ea2530ed2181f1a1666166395176431debc2d91b578bdccf6d8f40e88
5d982e3fa42d7e7a6d459e58dd8e7162e5d06224348eac8823e2f75324f7d9c28b88bbf99530957dd9226f653960ea829a3d0dce49fdfd85b667cf75
8135a112ff2b7c7753347785b627258764387ef8966257825f265bd020a7f121c5b842f79377cfeb4548ce1d1246d6e2ddf4b0833cc5c9e95f9bcc12
db86b4c5bb916c07698bf3ac316bb15eafd7c60a723d197e5af7f5cb78d3ce2eda1ea513e6256edb0f0c738c91f584d8a9e53b48d2afe83ab635b023
2df121534ee6e15373956bc3466724c4ba3c6d1caccae108187dd551dfe0465c3f1beedcbb7319e1a4ff6a39376c0824c96b0f82d30f72d7363d2c49
5dbb1a902fd99af0a4a4b2dd53b072856b64d3dff2d23552ed00a96d9bde8e99da5623cd6b87aed96b72db7685dfd7ae8ae6572fb4e35713ea427f7b
2050d25de00af7c7a6cbdd75c07c2367b88c28ac9d34e96d9b4e6ad7e1f23ab3ac6d48906129592fdbdefd182e8c07b9b7074969ebafdeb813170785
bcb347cfd67ade14cb067ba269d975783d2a098660f1c8ae29b671431e97fe83457044dff2a7b0b1251b31e365429f15f5e45fe169ff147da6bf1c47
363e7c99a5daf83eeab94222dcf5c52ab8667fcb6e4e9b9e65117fd8d6902d6a51627edbe26974aacd77c99fce75be0cf7ca2ddfc140483c4e34280a
49af08d9db74ad23ddeda1b09974b75b9e1bf844ca633d10774b094b784836151fa4bbdd8edfbb33def941fd977ef5f478d98520caee8d70727ccef1
43688ba2764b35824bf88c4343972452e3eee96d456adcde5c87271e0c25df7191c8c686287adf1cc930dccaa93c6565aaadc318ab674fa61db30918
992b3637bbedb3660f41aa829924bd6dd325850cb64d8937096c57d1ac88e91c5911e2801f18d3e9d487bf63932d22d76dd331815cb7ab41a7200cb6
d4bf84198742d4aba86690869641fbaa50ecb7fcc8205ac9c8978e42fed2c1b60db8b81eaf0439a17f6f6fde5a1509cbbdc599d6f440f071456ce0fd
f583fc4c1584f1956c861f9c392106694ed74bc6be4a6a6454425ddb14ce91d774bdb45ef4654742eb743fe4a32aa6c40a762f54b0c5380d642f7d6a
95821137589f2cd2971e8a962fa3082ba0252369d3949784a4ab4159f606a4a2169cef215fd0ba3d4b70ad5e6f5017ee6b8ad52e54b09a0f5fe85cb5
ddbd50b996431ad18823e3f20b57b3a67da7495035c1bd1a165dba289b13b57bdf3027eae15e6a500547d6b0bfde284881ba9b257381b1c8258c0d36
748977ff48c443e7dab4fbbd9ab7e79eedbbe3a51f51dfef8a42c7aa1d16a955d737adc8d3dff32852a036adfb4881ba5e66d968bc14bfa188d45b88
84a8fb693fc3a1ac69bf4702d4350d9b201a6b9778877d549cf680b18a111e9910f54ceeb6e38594fc48c7824f5917195257c7f3ed37cee5ac37c648
66a5a3a9d4ef2253a4268f112952d356c714a949078819fc7466170c2276e60f6ddf10fcd23e7f2a55907cab5c564c75a5ef9abb105d7339b211187e
1fd9d53011d22eef8198197f19c2f53c26bb0781abd588c2ba1791967481b67fdab97cbb6e0f4ae22ffdde8e5fd9386f904c916cb4699544aed1879d
9366a06bcec379c00020a8ba8617d9912f63fae539060788d2a70b27b472fc40a67fcfc2acc8916d881d23ef804f9a0ec4661e7da96a23f56823cdd1
30d7e8aeaf0cc9469b662f241b7d9ae081172e6a2daf50e61acdb3279cd2b6e68d6ab0f7919c906a747d245fc6ea94c20db6acb33b6017aa25a1f2d5
c6c131cac386a6bae56619ac0ac43a647cdcb550228be3fafc290825dab36c0c9d54f4e2faa09087348eab93827119559b451ac755d69f4e8732dfc2
ad8f0439936c0332b65c33e6715416431ec746feaf41e6c6e7a54203e2cfaacfba664ad8baa0e4660812f3a008553eba0b76eadd04432898f7920909
910f2205e3d06982148c6de9b0fe48cbd1000edd4fae0997a96f08e91ab7df0d6722534b1108de4edaac5e383bb5df2f19b2235bf48e9716bd6c6e82
cc8c838f7bd3d02385448c4dc92d891857593f7339518e2fe611237f198bcee34f87a6bc0a93a6f1f4189d30ac9e61a1216c7bbe8b6ba8f23ef23236
0587a4655c95da3a88948794816e8f3dcbb2cecfac96d6d91c2c5af3d66c2ac6bc35ebd29417e37792b453706796b2f0c167f36d8c9fc714d16d7f57
37a2dbbe72bec9bff8ca89797388e9434352c507948579bb743c4adf1830e81472bd61453cc5dec3ef644d411c7a42ac15cf5952290e5d2e4ca5f8ca
cbfb1beae4b9f5c683f69058bc214852ddb739456437883f3b74272161e2aad71612bd2e8faad0013e17553b13d2d7bc38bf89c4f11b074ca6f2de4f
9c588d4ec99ff81cfc7e13058bde39e44fdc3429307fa2267157e8009b7ec3173a4063a9913df1d0c5cf6c89af9c874fb79b592bcbbe64457754c408
8566afe54d01bfa2268154b397f319cabb968c38da3a8d43c972b8be91a0a4ca6a3137ce9b3c7ab6a77d7ec6ddee394aa2c3dfadf773d937dbeb5151
f22da9227cb926a9ab61b954981dd99bc9002654a2a8d5a060d1c0888c85eb97b6c8ade868a3057be52afa324d2e05b460bf6bf91775bd364557e8c1
d64f8b20ebc6c354bd98d62f6429dc7ed7f6affc45fdb39d78662d549f4ed6c24d651c590bcd97364c5af8d231e601633db892c277e8282d8bb22013
82667b2e7fbd5b78f41298f7956bf0eb82c8514216ad4fc8f5959d3cf26d2cb46cd1e5a8f8d920f0edcca261ebe421a84e4d67972b746afbafdb2425
f78645bcdd57aec108b86b4ab90541d7f62c1b2b27bbe2666f59b653362b5a2c503264e14964beb905b111b3b5e4bad4a8fc4233f7ca6d1031775bb2
b7fa20696d73a1993bf6841cbe5d901d631b50cde58609cd5c3b7e1f715ab2a2200db29aaade527c12dab596bbe90e21829ac2eb1eb6e010644cb2b5
411c52ca7893b9f995ad0d59c5997c4c68cf5aeebcf02b7aa02a14ebcfd9c5c9e8708e6e0cd2528c75e78af29b444038f397172db0b568425220421c
ddf1fa8137a0350583f9eb683006bf81e78cc85ee39b9a0a339c97b4efb8ee69fbecd9e44cdef22d4bbe25c845c3a5abb7528a506fd70d8b614660dd
6e4097f9e244d1ce67be384468c47cb18ae05c6668e29e772fa158c7b46fbe583567d6e280e50fdf51b40b45acbb9645219d88476668de4e0fb8f942
8ba2c46886eaedf988fd80d8d0e78903945334c301aa39b9f325db91cd899b8de1c826cab5971e65f3e5e2cb11f04adcec268befb4271754e0f433b8
c528e09ce8da8ed3f605db719c590f6c47cb974c760e2d0e35e3cfe1c45759b8dbec0d9eb4bf310a0eb66cf9f21b6dc8f68563c7cb26b06c4f8708f3
a657369e755bac54de66b71e2fe139f7049f79e518a1b5ebb6200c4d24e3138fad3ddb2a7bdbb209d1586ee8e49e5d1f4910b100ecf744a5f792ac9b
9a76e882446adaa7a65da80594bf0c87b23dab65b6b90eccf0d83a8c65620ad992c3874a6fbc8adfc43156af4f72c89eded34821bbcae6cb18859215
c18c417fe7266b9b0d743d720f9f9bebb167c5d09e624f43a87f64932eae00bb155fb63fdf4a0ff32dc3620be5a976bf4ad4a75cbd9ba75fb526a4f3
aafa6704b86d4776473a76261834247b63e2f99a2f6160b838cdd0451d9e11a48c5c65bb20ed1d42910af5953f8c0d0e974402c907623c0fd679b5d2
ec89d584cdbbbeba64883cc81bb7a030723fb31acef8ee37a4c72ef35309a27b0015d251f3658c8fa3152aa4433d02391f9f77875090d89aef5827b0
15e6753cf287e88c74182259e3c3c99c42417b9ab51a6d2821588e6e73e2ea6458bb79729ee6172f1a6ea790d073e57aa058d235218c69f377ef6869
d609c1ef1695cde23c9fa713d2fc88f7e1614d13cfacfc294d1f563c61288f2c1bf4a36559fa452f4345d40e8f9592b3350421e370470f1864dc812d
b2eb23c118125b5b64b34afe3226b3fd59e7390b9efe7a3e4d5444063f7aa068adbba220f9577f34430bf4bcb42b413c0c1f338bd44172165a9e5dc7
c719612e8ff67bc7b84b578ab4a2e4db1883df4bc7c06f62569df4b5909b3ab76d64e23429ed2013e751b39b2143519749e64d732d2f2856b0cbb2c8
2a653739469c78a255bee4171f10cd57c98abe80b4a07a72200e34dde6d0296a1aae5291fcc4a3f2f8bd64a8f31d972f37a0d93793f6564f92913f0d
21a42749c499dc0fc5b9b32a41f310aa9825be907c3c207df5a7284b5e8e59656286bf0ce9ea31eca901a65f090651cc5a716a5463f980843a7f2518
1323554c059b674365669c7d346aaf5f518e826c2dd47ee44b3a96ad8d4934f20969399fa28ed7b479f9490ec1ec1946a73a8391a573153e0563bb38
85114bb2e5c9d0947b957cc9f055a11a45b356377317b4f145d0c1cd8aeef829dd0e75dc03595411bc475584856c462b24ede653d4a61398f6950d1a
cc0a974e326d3e157992e9a9f8ca8e2a337104c9aef9f20a33c31db19dd9dc4bbd729645f226bbdcbcee7846b690ae9faf2c6b9bf2251db76f241151
1ef4806115dff2e5c1571c162c12f374439577beec799ca73d27384e01edd949d3d9ce1c94697be827babba113db2418642a9949d3b9debe043f80bb
a055310c1d9ffc3c8c3b4af1d7bf22c4e1ecc8b9914fcc0e47a733d8d4a133d99350ba3ddde16538d63dd0298482a60ac55a91990f57ba359cf972f2
91fce5627a0cea33874396454d5e111061f7866e64a4506cda62923471bd4cb031064330e60c0904c90f1f66f9108a7de72915a1f4cee410f16a3ba5
9c9703fb03f1c5ca6a3a2f13b497f9c9e8971bff5284240310be6ba7fa8ea97b5a3261e19ef6fc32a1c5db1d1e4b17462cc9a1853fda5334a1a05aee
9c0b7bb8e47b50449daeb6cbad92cdc3a7280fe74bc6478632bcd556615b141225e36790fab01917665e6c953da1d8bc67429125e495df9821adb53d
6b4d9cedf74116ff9660585db5fcfcb2ba3256df442575a8a49893f8683fc8e9ab824e58139c805d702d4badb9cc83583d15432365b6f6416ec33d6f
5791dbf0f95d429c9ff62b744ca59ef9728485564248966cebe0f33695d5a35862b20f8ffcfccde8d8b6b8589d0a105046bd0c3c32276bc9719ddee5
6593c305ad9dbfa23023352b0aea9903902b22c1c87f936c4db899adb7762516c8f983189123412641828edfd9e99133a75da3ec5b8a29c9d1b74c5f
c099ca9f33df7e238af12e8460c99147f753f2ba108e60ab11f9162edbab4538866d86cc21f7e1aac9af42205c7e6f09c4912f196039f23736b179bb
c16fec78fd2a86373c13bc79fbaf20e284c7d33667be710b928b8cf078abda2ec8e5df1b44a88d9eb276fce2d8f6324608ba97914a4836b8fd36de5b
c5821715f30beac3497ec1e72a9d652304792ec3776e68db14f79fb3644574dcb5f5519ce2f910caa20576c14a4d4310aaef348793583b4bfef46952
d1c4cb4c8186492353608689991f4e04f9a90ff3bf79cbfab0c1e591cc1aa83fe8fcb8005c1d9f5c0059b853d8ae0dce4517cf07f9894e97f3234be5
7a08f7ae332974a89d9abed7f3e331d0131c54642338076ad613335ef39ddfcc977ed39e5fec1a97d28750edba48ce8fccb6f7b250583d15db550f89
3341a6cd53225cbcdae9f6fb849ef9ac592ddba2e4cb0f205f096dd0a1326886fa67bda4daafdb5a1afac5943d2fa75fb6aabbfaeb4cb9f4bfda2f1e
59538c524be8b3b20d394824667cfd7e09c175534778b8fd48f9990e5679e90d07abf5d69ae47cb370f099e99b4952c3ade411f445549e47361a97a2
8dc74c8d8b8378e3c096373392159edbef6d0892f1767b78112607bfd38731407a8817e87d21f92a67acc305de803dc010fc6c0751341f30d6f0c11d
f0c6927735e304445687406781986bc6ede301433a7b7029bc35fc3cd0303d602c3e93b1de17b91c4e6ec337969faddbe4b8883e2f074d262ecfc985
e8c604b2116debc674713377c28de5e0669cea07247341acc55bfbba03ddef8d195c87bdbf3183ebb0913766708d08c8b75670277afe1b2bb87ef63f
4658b93191eba73d89f0ed2b618c10ae49af7cb9c2f71527a687734669d99c25db28fd107a0794bf5bbeb3e5d7b66f40f989709dcd2e5e114469df85
c2aff7c877e4dda909920fc70f5e1159f070340cf17b0a4598b26ce8154186b369178636f9c14fb05d4c637741745f12dee8c8ef8774ee408870639c
b7c0fc6df085e8796e6cf51eb025b8a813b1e56f4cf556c5363e2e3a5af82e7050b19d89cd721cd9feb8ea1cdc4f1718e613840d59209b65cf9abf80
d98a9bdff2a130035ce010a4bb7d13a4bbc7294877cb2e48775b11a4bb7b135cdd25efc98d61e0aa297f4a77cf2ccba13fba60b8f5fccad2db964d64
2b9d5996de9ed9087a7b24486f87fd715716ab1af4b6e45b7abbfb5b1c0d8e966fe9ede9c00d273741a84cb15583ee8efc505c6373b22314fefa6d82
cc6ec9aa423db8fd7e4be8941c9be1fc397278baa0515d203d9240104fe738f67c4b8fa4aa61a7b879ebbb31545c353bd9840f3ba5aa112f7f559585
99c09685e9d191ad8a09948a865de3a641c202236ceb9e6b2c7885a34a46c38a6b388e93a413182bde48151aa6f60f148a0c18af0505f985dccc58e5
8d2437f7c4d695a00bf70cc330ee5c37cc7f7f59f0ad73af0051250470d616c05d54a0450df9a370f3ca2f456cfbac61f92b1d592cd2151e028b673c
b2ba1571fdcf5efbb799cc59252432af8ecc9b884b2f815561b0c8372c3de9cf6e937537db1ac948987b3869b440b759bccf2cb66ae3e022873782bc
0720cdba6fa26dac513850a28edef09fc433b8c90f4cf0fc9bf4c024e2b8490edc11c7dee406c646e42619705cbeefd78a1b834754589a06223c48b6
3dcc251ec44d62b71e6101034644f60a5d1588a0c55b70c10b81ebfb53c51988eb4562dced88184581d8f1e60e137e11c11c846006c4859a62ad7a11
d83d9dbf9fc4517386f552200ef5ca8b8f0b44c1783482ce05029ee3e8bf12d8ba63d01c080cf8b0d20c04fc740be7cf407c31b70dc3c2401008b685
4fe3426450cfb0260cc4696fc748449c2267388206a2922223f4378140e88b3159207eccca9908f46711db2910189fbe226a5d20e2faf4d4b1d997a1
dd4e5c15164257698c7540e0e91f142f103b9d8b532910aa0dcbee572ed42518a5040295c8d3b0ac347c7c368c580221e58ca40981984c43d0bf40bc
fd49cefe45c0842322e68280010873df8540b3b6a1d105e1ec0feb98388aa0c70c04ed403f2382cfe6342069dc420707e243e4c9c3e5b0994b08892b
08f88770630c04471d72571004d638f7ed879894682226f79eb85580b8fc494f447c05895620087053239c2808a2459e4756fac17030e45581b8459c
7ec5e0aa2d12bf8a0897929e2d1dcd86b52c0163d24e476c234cd6e2a6fc0a01849e12237ff2c194f81c0ed045e2d0da8f44a0656965b773f899b49e
f0d4e5b9484fb679d2f222c5d9723544827b10d09372b644601115b1a70251518c46a450116f107b22584011361004f930cb1fa3a44769142eadd4fc
39fcef83d87f0806efd76a4211b5d212411896567afe04d3ad0741899ddc7b0f4262b393416ac9bcb38495d61fe2cbe85589cd3e487a554e69ed3e26
2dad6ee11d67f107e170eeba64b7eab2df2f5496ad962c81fb438b632d101f5dd95c3bbb469bad4ac1768da9106383601f442ed040b8a7c3ae321003
7bb48dc368f961138d35024a3d88c32474adb9568eee720b3b1d114c8374e1414c42fc391e470fb1ca4ab4bd8920e4c8b99df9959bb0a5e16127c29f
9c3f049fadc70f6120c1bfeab840ec3fc40de25707e3d138bd174201c4ee4ff2306afd2fc4047126821c74cd517f1058f6b4ecfe38f84adff22724c0
6c5d927610acf741784c1cc3211caf2cc10dadf51cc2c11dad458c0a11989e8d2c216de9392f035f81d673c408e3f5204a362cf8abe7b3bf9662094e
de75114635ca96de66af6bd9d29bb3782bfb0f7153c24a2f576177e11ec48b5808ebb82e5c6dbb2cc03111d0b4e13a3d26e991cf3d7b3b0f2e9a11fc
2e1024d46d43aa7768b1d38f91258a257280a6c171c7993fc1a5b18d5ceba84217223ffb214df370f64f32c33fdd77e19e7d87d8862942204ebc555f
affc093ea9fde572781084040adbe740a0b73893ad7a7a823be54b0a7e9a70208f8d737492bbbc3c9c4e0342f6974cc369f41a32142ec445437b042b
0e0497dbbe39a4cf2141896dcb121f9cbb3619a05353cf9ee4e39c64143e86dcdd39bbb682a5ff10d1d9ed2f046e5f9b64fd9c83c8069b6bee9c1781
1ab66cfabc55cec8bc94ceb6ed11bb0404313f36e7a9f470b25f88228228d47d93df2924a55c88fc496308378fe24236c185f893c57f94d6e1707351
1743f8f7e4c0cbd8b1f67eb9ebcb38700fdeb7fcc99925f22795f40cfb9e0822b39ec9b49721079e8ba90c9272f47042054116dbddb5528c24521dde
8243f5d6bca1040259abac714997e7dd555ff0437be67dcf1213eff3ddd55570295b889a085c4f237e5a20b0f2efb9c7cb84f6f6f0b801411dc72b4b
c862bc8e4474c6f8c8de4f930626cffe20580847b6749ab82f640d8120fd594f26be4c036d1e929682967121b252a31e1e47d6f121914732f1651a0b
eb38f22744a9eac7912d3507c621357ace7916d021357a1004ef3b24b50ff76a1d257f4262f31e6af74074ae705506bc7636d7b9791f7b10f8781f3d
7f72419e0e9986daf1577a850fca429880a31f92b84ab4e0153fc99f101a765d6a5e22b8a1f4d301aad721223b97f14c4e19cc7a15e465f52f04d4e7
2c5907a65b6744970c44b3d21ca0cb1d7be600a56cec9472d4eb62904f0fc99a5ea8a15c0a040a5c42eb2f8436e00f576ff7e7466094e2e5aace1ded
cafe43d8db22c9af08899e4a731a7215963d2b45f1d39347af139f845e64199ba9e8897a1c88130a5690452c042efac5a3b8c922f5ba6d3fc404f14a
04535925418d34280fc2edf19cc9644da95287e72ca4a5d595bc100544d6a197793db38ecb2c2dbfaf5c78d157177f23e6e946c653106cb1eadc36a2
5e6e24d55c88cb5cd855feaf117e62f1b20ed0c567492712882f3357e5fe9b3e400458098419849a34a8cd1779eef61c8f496423bcdc0251b4bcaa59
a2b24d9bdba321685c88fc89d7f3ee8eea0a787a93063d08a843b32fcf59c4652a59e895cd36c6a339849d347f0b917510d92f426ffef1fc5a516363
6734b9c56ed69407617da310572a39f0958d94c1eaf993496ce7c851b5101902a67b9274c2bc2cc49608b3916df993b00a5d81c88e1f82cc092ec09e
bb3c99e57ef54c759725d025f4ee19b8f2809ace2dbf926943a5142bd726a9535c5e2bdb26889a5ff144eb35fb729b28b9e567ef4cb062a5d0815665
e29ffb2b0ba1cbe8f567ed50857ccbc31b9966a76715a1135bc3517f083ed27f08d386cbd9acfc93f46d64a5d3311e59e9445bd4b2c0db0c42f22e3d
89cf90d6981e7545fe6c893092846b7aa5b4a3843297151e93d000ce4a46953fba8c88819f572c8d44bc8d97e210af38b394903a1bf06bc5d4b061d7
d0a4dd1dbc8cbd5108644b67d30364b70e4d0f4758bc80c0b6fd905caf48db98a34ae2962d9e2e6b59e9d4b2f9cc3a66fa999c89d075a864c370f61b
aff6438cf63f22aefed2405526ea41e8fce6827ab67cd790fc147168f5eb785c2b2ef2bf0b9bccace39279964c5e66b61b2981bc863e459b7bf21ae4
1d1f9b52cca550c38a498e68a9d42e46ac8a20cdedd86491ae8b0c1de726799a844dde88060d8203bf3bb70b0121f5663d471a9b8cbf4a20c4759d3e
08ac11f6f38788b864afcd2bee42200975cb4d02ee2e114836ecab4cc45d3a898fbbb2899c3f04973e17ee4210037bff95c0c26a93684dc2cb3e8856
7f883076d87eddc736e2dc5ad6417ebad736fe42dcb015d9b01babbdfdf52b11eccd51cbaf04466ea91798c4e57c10928f6998ccd75e7f25303c48be
fc330a9ad72e9bf58c06913936a9fa77e093702469fc12ecfda9c32d761b90b4a4ecf8360268ca481e58df76454437013b5b1e03b7cd3a56de93fff1
f03ab7fff5ecbaaf976c6fff558f0631f2a5894002e5a27f1068d7dbf61702ea2411b8095db99ab82702156eca64ee6be3b379f75f08e674ff95e02b
fdf8d511764379c8de57e4b96aedf8c186697068178271d8f31bbbd670f5f7131c809aacd383c08e20853837911a57b3b2af4798d0a734fc26f8e15f
f2b99bf887ad8e1c0b821c9ea9e7b98964b85af1578968676dbf6f84b56efdab40c8348ee4df6e42ff3dedaefd87400ff6da7e08cc697ea3773a18bf
8613672f35673791f656158928da0d94f643c07afd66a0b8327af6bda27ccffb719adb9caf5f439bd654b5fe10dcca6b7e56f37bf586cfcdf663329c
e742f4ffc78bfde3fae7ffe7fbb7bfef4fc1bf9735127ffb7b7986f0ef2d329ffcedefef7d756efd5be3b606e91d33bdfe85f5530bcc1b0cd1ae1ecc
b1ae1eebdfead55a34ef0893f9fc4372f55a98b5ead63fb8e185b9f815b1218ec0f02b239d2fcce45761c6b5a6e41d6e06eb5f08c8db527abde302be
fe451b83d3794f6a8f94db1be68defb0f35dffe2b711a2fe1ddaf4f58fbc5f81a960627fafb6479893f58fdf2d72fa8eebe7faf705b707ee0e1cf14a
828b7b8701e8fa3729b7be101124d63fc3ea83ebe0e23c0a3dd33b22353cffa20fe1b0f10e53b9f56f35e545a9eb0d2a4879d846bf23d8c1fab7164d
18f0be6f26098e32cc08df110b7cfd8bcad635e81d62f4f52f687a18367fe272befebdc1b5c07dc1f1d1257afbc4bd6efd2b51dd08540d5488ef6331
7fc2db78fd8ba6ad59fe6cd1b44f04e0dd827e7e8210ae7f7c731d259f709d5dfff866d8b52c95cdc2c64398e0612cbff788aaccc332fc0d5b950788
e51c0f9157ad8b1d89bda209810d47631ed652a8c4e57fc0b5f37818cbd643f4defd60e8d607b64f2b48fb013a02450eac8d165413fd7c7290bb7741
33d1df28bd81cecec4b9883a2aa02bd1cb900d67b0a581cad2916b1d67ae0565e9885941509c1d768e079c2ac5d6c42e6ab6133f75813df1033c9587
848f8765e276388661f0c603e6387d886f890ff3fac4cec472380436b4c43cb0617ef89af84858b589bd12bb1cd2c24eec0172de232bd6737aee969e
590766dce545dd71f5e5214c8a8bd833b1611b8a25ec8e808b87b0d93dc45e899d94660823910e0f93154bed61a3c30363e5c28a34eb3c5ccb10856f
86f52d0fdfe8d149ed5088788838dd2497d849b3ccc35a149b957f73c84307d937dbf8cd25f445c84ff8c1057e131f8a1e02f0edfdcec58f1eae12a6
6f2729693cc47e2b89760b91afb3931871856db3f48e515218662ea88b1e58c2eca0833cc603ae26615eb8c0b7f88800840bc8826aa2a18a6146b68f
233f7a74f0a7f89178882d91111738c5c709fc2238c3024be2e364c41d741f67d68f0bf3d9a8be249a40b4847e7ea0eb237ac99d3b61341f68dad710
057542f5ad503ca24382d1f19cdad106f250a2125ad8b247a8a92a214d77b222f210953b493d5b1806be7db79f5dca30901b54c280ee643de4e113c4
28f910b88eff1d23f2140e433c1e829ee0feb88fdcb064915b0b90b67e7216436fd609adb6136f988760428866b75f4d9a4730d1858ff1bc72af5d98
bf25fae3e63162d54eb896fdfa4a0e0805b5a85eb47286ac97870f5cf801fedac463644d82b31d272d1e30400a8bb71df7191eca4ab945ebf159e161
b9399483afde2efc79eb91d1449f892e3f33fd6775338deb615f767a87d892d8b62ce29ad82e767d0252b38033b165d9d555b135b1b10ee8cb027f75
0c48ed003f0ff131453b3e8047df58c3cfc3c4543cb07bb67a5f6b95f0b10b3813bbc44b241e5cd04874842cc376788133f1cb9eef3cc47e12bb6cf9
8ad8cb6604792032e5339fd98c604a31715f404bec1587dd21fa93e8a8780bace7eb7a8064764ab7291e5eb612d1778157e2297f32aefdb23cb2c8d7
6627fb75257e8d1f86b60f34ed4fd87cb7ba810e23611e16138027d882de890e224828dda35fd97f247e2f521e1d79b6ad87289f8bedca465e30ad67
afe2cfc4f7680d63706523d90f2fe2da1e7de698cda0a5afd3f2ef5c2bf0eb1b193516f8151f946d23b8f902afc447ce21824a2ff0161fcddcc878b7
c09ef811f86d179ff5873c711b8ee67b9e898fd84fc4375de0af7cf0b4c3b98d807f3c54f043fc4cfc3bf00e7f5810c6c3e0bba7f58c9278ea292cd7
6feeea2f07e8b189ee898eb37feca2bf895e27537510beb91682b378d056925318fe391d77df6512e35e4052b491066799a8b0190691cb8dfa74909e
8b07ccbdc2b05fb53e0f054140050f495e0f210fc58b7c81b7783483046e3cd183f1b081dfc14feb0f0fed87fac4397ce2741c0f6be962001bd04c34
de092dd04ed47a78472db6f20345580fc4f9aa2ff19fc4870106a6ece78cb0713c44043b98948743c8d6c73d6de10bf8cbd68729f109535792b6af07
3a1bce0b25af3905a2fb5413347819316ce0e37ef5e0c333a2f49d75b91ecec09fd4bf0febd9b5d30dae7181b7f88b669ee2afc48794d05c0e0bbc12
af792fdf3dfa007f44b2c22dd1acc0f5c0e814ba75769b1ff1793c3d17f44e74c8bfc3ce638159cd6935e1bfb02c379af8f0bcdac87fb5c02c4f5841
820e162e5d3cac56c208955ed98485bb12a2c9af66203ccc853ea8a44edb1ee1374e22ab3f2ceb70e431801864302a98b5f2101cc4d2c8ff919d2a49
f50b547fd1298662b06eb52139e11f0b72571e708e1c4cc0955d0b67fe672406f37be5085da403b1b1174cd97a880125c0ea02afc4c7b4e372fe30bc
f9d9706cc606eb81dedde26ff2d9e3caf180395f4195f72d47fa7dcdc4bfc1d39c6fb77cd0bd077f30083724663d84cc89d05905cb401e62b7c02f2f
f31a7a3b220adb4980b4078292ac07aaa15758eff2f08d6a18e47170075e0f6b9d202f28792f580f9845d3db91ab7984f2fda9a651bd1283f5b0022c
e010583005e4210265e29752b014e681418823b18c0ed15f0fc1821267a560dfce43ac1c02999731240da4ec5edc1cf58ccbf2a4b9dea0b3cb7c28f1
b1024f42963cadccc1bc90609f1bed9c393a447dde60f40b795879c0c279a37e5980424ed5559efadf390e661a25c562215f280f41f709b855c8f1c9
4398cbe3a2b8c096f867dc4e7cb517f44974d018c2483f875cb7f91ad3124ca390cb9107accf77bae5b5bd9890d0500a65e41a24e1dd79c6b952c8f3
c64308d8495b56aedd257eed2c7102e22cf04a3c26edc1dd2ef0168ff20eb7f207845f5b0f8c266b96cc3c3c60a30ee97cc099f84fdc486274c8aac3
03a3101e4f85d4373cb048824d2c5752da2b28ed1926290b9a594de8d8367ce6ca55125fb4a9678d93fc8287459871eb7ca0cbc6b78ba9e5b4c4a191
87b5110b53881f200fb142705d7d68bd87dc756937fe622ca7548de8de676103112e998785263fd303c10a16620c3f8d613b139597873842cf83f25f
58d06254dced7488bfee2b8cda169eb1b9730cc21267898162a6e6cb1542d4cf130faa0792f412d7f1c42faa103d9007adf229aea0a61023f0a99d75
360f5b4300be7d73c28958160f117c613b1bad2948580b91bf1e7c385a15024cf1b038d36c7c1f7e1645fa896f6fc11081874503919c2d933cc6720e
c792dd338707c4d467af04875b7033e101f37ea610d69087b540908596bcb597bcb5937f7499f5390861df7722f72bc43ae101d506cb6f2af72b28f2
4ffcc634fde361049a3ebd655e708d7b3e0a5d9c79e84d0fbdb2f1d58fc703d115cee6007f72023f4c6081fc4d057ceb2186ac4058e69d43790ff187
f83df1780040e7e63d7ae2474486137d396418ac34bca36bdf68e57a086a1fee200fb8277e8fd6931bbc267f58e10f9fe221ce5de037f137f8027e5a
4ddcd0cf50c13c509ca43caca47a3de8c403d1a7f510746235e68f3c56c5ab8d87457548c8557be53c5f0f8c5c3fc41f893fc1d3d69a5faff0d66cc5
e7a291f534eb199bf86fe2e9f3a0fe062d5d0f04c38ebdb29c276c6638939ce4aea830863cac83866404cb46d321baa89d68f60f98ad2402d428a273
a0c3b87115efe2bf89a79a9deadf9c1beb213c066a63103eddea3f442e288d567e2febf9629f4294b9da9571d5f4d540b0f68097f5dfc4c5c36bf501
a7838093e0c01df879eb1c8e9d607dc4cb7a40dbaf90f83923a25fe3807f5e0f513f592e1e90f3733dac5c020483aa888c7988755b2bd59ccec93859
cf6159b84076e97a28ab9a62f1f94ef487e2d1db511db5116babbc1a9d6ad99846636c7bcbca1b240057e5057e13cf5c0dc6404eb0c209ee1b9eb80f
08755c0f75553f1882311c9a90213d27c18bea07474a45c45b0841b6a077a2c376906010cbe2378bc70dba22c2a9e3ca91c7ae7610e0a9ae7433e243
47b8e1b45cc7ccb189a057bbe970ea78a32daaa48c7fa826c595f856fc520a17d64a8a651e62e489215c4985ca435cb86b5cb8ebb571f1adcb372eca
878b7ebd729d6964f1eced021ea15d4db7ad3027f8d6cb9bafd6ccfbd6d80fd701175bcdefd8fa2e3edb73d81e16e055125f6c0fc4e86ad2d90b47c2
b316dad3dc6f57835e1348bd5e492d0c15d1bae53d71ab31084e3caf97f1b3f513696e23f1fa03c2f65698aaa73c24f8ba2eebbfd63c9839ad92e487
878d6a0ef1dfc4dfe063f190478707b6b3d54feeb1952437ab3cc33c615fd603dd6ad4f3cee6bf6d3e54f07a77a7f78daf16a94d2b59257818abf990
f04ba94f85f95bcda1faefb09a2fdc51df29ffcd512012cef247107f257e05693a5c54dffc6aa42258c569e5ed4973dd9c34fda8e25be271f9e28458
8628e271c1226b5c25303b0f67c4946ba02d6e7873a3a1d6a942ac12a8f961f94260580937cc03d5d3db9907e5ac5c7c118e2e0b76baa56d641b7477
2abb580f417bc9d2f180d94c425b34b26a5482f8f110f7700fe8e4cb2a7c593999c364cb6ada579697f8ac665a0d6473aa485d0f61b4d66cfe9dcd77
9409affb1ce22cfdf510224008deb2283ac01f701f61b11560497cd8c1948df285b5b91e22864decf4d62b3b773d84312c81d35a1eff8de37f57a4dc
7ae7245e0fef1575ef057ab0c2d7da0833a2b28bcfd6e0f6726248f180f9d9e1670bcd19597d04b0dc954cb73eb31e77e24ac4f2475eeb29cd91b61e
d691566309b5fee6cad6d0993fadeab4164b9d78c07bad3218efe9d8c5ed1ebbb580ae4433f507d57fba9d0bf97b4171f44039931fb62f09421698c5
1d8b46354ae3d70363174c4943ae1e0f71b13cc9acbd1c2368ce78612cd7831a3e2087cbf300912736621b5edad6436c48f2c0ad7dc67751a36fcb83
103c546f3d44d634e2173ffb0f6abb1e6290ade6848aad07bcd4763e5b9ce25188df4d6ccf057e124ff9837aaa0b7784dd7d69bb6838cbf510ac1fd9
8e9f7369d85bdcb5fb96f869f988435bb827b5e4621a5c4cc194448f111e62ecbbc5fb9889c799ae32c66ad7d6c3beaa899b43c349968708644e30c7
866b2c0f3d8af3558562eb216a69a7e89ee82bd0b18786dae3f5f0a1727a7a0d3f1a3c4e6983f1f5ac5c0f11029bb8810b3c131f9ba157abc9e5413c
544d3edab8a6ad09f16c212a691beaa0d743840777472337e361b17d613fbba069ed21272b30246d7cba8be043364cd24b2edf1a17c187fc72047b5b
a0b3fd612f9048bea5fc6c3d9c51de79fae6987d89fdcbeda825c3d660d84a873aae5828a0f1dceee4447b5616c47d3d04512655f2c337bb0c2e722f
ec04746fd79178cd5409dbf380ae8febc02f05d174bb543134132a0f149eedd2beab99def724a8cf722cb29e08aa5d4804db7093e4215c4550cbb6ab
4be748075a5053360278f11053b88570b15db92c09a854d05236521ef2406358dc64f9e3211ac342b866d632a9a5d0a5a4b9e47f2ba4ba7a2089e245
f8cc8e5cfab9a34a6cae702b2dc301fe4a8a49a8b4ef6159fa807776e9b64b906e12e8f070818f753635e56b642ad9f78dfa4905c243c4ade4b6dd48
dec143ac2762032d1f2cd6eb34eb3caa8b87f478acce03137ef27e35d240f0209efa93884e89282962dac3fbf8dd4ae002c78100e73c44247b2c4d16
f8497c04a6270dd20372295b0fc12d70a36c73388733a273d5f0587b20f9f34624e8a739710f6f4482e661ace2a7687994e7e15c6807e7ca418bbb57
25ff569b32f90d9dead346ce1d74a53c7ca3b868ee10eb61199b6c8ee427678a888ba7146426a5984129aa0b617a815b0ff8c3f6c4f7c4478f5c1f9f
9c8f8ff331e8d2ed994950c84a2af79672aca61cabbc9c8e3bab2136c1400ed1d3f8a563fc52498fb7a05b74700e3b361dfdf97a037f84f2bc10c8b4
f702cd5d0fab35689317d4121d525a42903efc2d03bf1ee2beb13c93fec85cadd2b62a4eda4a1cc69e8629eb21d804541d3d0d53d643d88bc7b1d453
53d9d15456f4f69dc84e3c8462b3d935ed333bf69915f58dce873cf4850eb9514ffb93f510f4980c91cb04c65a2ed212123c73d9c2f855c2853752dc
2cb0251e77dd46f977178fb9773fedabaac88e2af2a97f636cde396141f52a6a974e44171e6e8a538da76187a37cf076ebcb59bb1ec203f20c0eb00f
f5f3eb21dce50a9f7dc091f80b7cd43ff64bfc4ed24432973c436fb7c641825944d00bfc263e887244f879c013a1c97a3828dfc0dbdde7a147d0b901
1a8e633de0637c508dd2ffe5c719cb9ce8820bdc124fb74e9a53d945eb81610b36bea3b2e40177e3c277b511590f2105210fc0023f896798599a6364
3d410d9f5d67f9c169dee1d776d388f794357538b38ab17247c2c403eed07194f564b0ba0c5679f5267e24fe8a6a444f5b7f719461d4f4f0a1d3eadf
24d042c7d79148f1801b32c4647c3922d643a5bcf89cac2f018722d2cd022feb27cc50c951bb253223e400cbff9a7a6e8ebef510a6810cfeb57144ac
070693ad85648b8710d035b61051a578081f096260f7ebb0f9cfc33a534a70520b9a898e5b05d6cffd3a9cc32b3c482ad6483d055f5dc157217a7427
3c1a0f37ada19a93fbc07a60d0586ad799d5e3f853b8e43ca064ea8a5448b5daf83a6c6525ed121aa54e805c1e3e111f90d6e48225cbfc539c29bf34
74ef84725d78c65873f4f5105c72d9137f253ec851391885cb29bc220142257c61279c1b0f7cf6a49a4f0e3da1c80ac77c2709280f2b866163015e49
a52ea95485b43fe048fc15c5a353e427e32158f6d2c4c3a274128b2d7c5433777891f5406743babdc04fe223187988641f88fbdf7a88467226cec3a1
9907e1201be8d3919fa19aae11c2e9819ad34a8e94da069f6cdc8c3b194fb681f8b3a7515a9fce1f5a9105f6c48f881a29da73989c20357c031724f9
9bc4cee88e2f4a4c1e3ab5c75a4d13b6ae09dbe8aca639b2fa017f85526d79633b3217d4bbb28649fbc0434c48440f7b40a5999d80ff0ffe6484df92
45ec8e179e6ec9917538b2075f0ef19fc4d39ec2773f57965f0be1b9f533c8dfac9ef0df0321ea03e6faf892883042ec7c978738cb8c106bd52c2afd
0563b71ee2cc43b732d2be783dd05b429af78dde0e6cdeea205f463f98daf5c0594238f72ebd590f41e608fc39b0e9e5218ece25ccf9238f358812c4
43489a91378c94e60da4790f6d25a50dca401ea21708531f900beb40deb7151389a6b670a02dac261aee5e2386a1d43a82ef91e6660373b3557d037f
391a8d08d5a48be88d936c3dc4589b3e1755230fdf28be836626d7438d70ae34a6e750bb8b8843bb82dc39369d75850a678135f18ccdaffc3bf17150
36d20bf49e8def64e544e5b340a72c4c44179e15d4b3997d5a9ec11959ffb07e325fa4ac7310d966e169a73ceb8067edb5243aab99c47720254cda40
af0786811c06dd6bf87a8803749052a1cf2e3e92ae2ccd3dcd9cd9cc6933899bdf3f593ffc42e38634fa3797c8171e9a03fa012feb09bea099c8b97f
a7d57c1d1d7281a5f5dcc07a6ee1e9d69db31596c0cd2cb5e305155f0f7127190cdad06d603d30b9a44618954be27a60d448db3074385b0fcbf5cd9c
95a38e4fa283f6207f1a0fc7b8816f98b199187ee888b61e2ae5bbf86fe2ef7008a4355d62328808d9910f8d94078e940776d2108c91bd1a88b750c9
3cfce5b43911bda06d6cc314c1ad8711918129adbfc77aa0f1cc601a9f0d8ccfdae6506a74bc1ee2fce09c780e0729de081ba32439e39b6d312cd670
a6bed957b26063253b8664793d045946803346ae83e13ae8557cb6e6b635a6cfd61679e80fdf8719913717c815495b37d8c97129a8590fe1cebbb3fc
f084e7210438a6ea4ccdeb40f3da3612eb5dbb9beada097487e5fc48be71c837f661eef0d309bc4e9665268a3fe16ed703f598c9fd74fd3d0f6b4a32
edf9999d3d4d4d0ff9bece99d5d81cd36a2b1e5a0f54432b8babf88a64919959f0aa70f8eba107ba81961a5f713664feac94290e648aab2d7c531e68
90c6e1a12a640ebb92a8a30c7eaab1b8cbe60adea89940f5d2aa603d146a19e2b39648ecb60f338ff7acbd9b4209a27e5d2eb3eb320db129cfafac27
74befbcb54bcc9dbae87b55a7733684f6ee0ebe10e34b5cf5c35113dae6114fa40394da1ff7d1a69e26df54a03ffb007cf3978bd73ad86a3c96a8ce5
b3fa37d593efeed260793d5c81b616690d22d18603ee03b9ffaeb719f54c86fecef97b9b4495dc2fd7271b1342858799a4f64fae6025ecc8671ff072
27448e9b15a5c66a7242486fb3e34cf58033eb3111b4c9e2bf597fdc33896a1d90fb8f8c2f98efaea4efae1a7cd48e5f766e08dfcc403426ddda30f4
5a0fe0cbffc45dd5f6bf32573359bbb91992c6a461db95b55d84cc31239016daeb81403999a7d77d354ff33cff32ed7e12ffa5fe0ede199b27ace630
c1a8bedeeb01bc99324bd613be302d33121547fa7960a44d96aa666c3db03a33ff6636b39a54ef97ae9255fb3c14f034a723605d0f7be01d9e2e4d9b
a10c6ba7a920bd46ac07226c9a824ba9c8c0dbf1293e447f134dba213341cdc48713573b33fd99dc067af525b0b3780ec224df9189caa6f47b4e521f
66feafee10bc495d683aa4b7240debc815c753bcb48bf053eba3b4dd8bf07a38036f1a3665cc2bc753640b3383e6e7aa89262753a64eb2f6afe36bca
2a9d78d6038191cc4ea27229a3ba9433b3f630dfeb2182a6bc32cb4c071df3d58b09447ad612d7ca8e9df182ae442fc7befa4bbf31410f53f890a0e0
d28c7e3d8427dd2ef6486c042b20d1c8d422ec6621350c2a6e0287f110265b11bd32b25764f13831ba192464bb6fac78b542b9f3167c730b6ec39c09
725aebe10af4267a267a2dc6b165e94fa2bf519aba87bd9c61e3dd4cde34472f895e67ce7331cee22df13425135c301124d3abcd2413ecae9b0476ad
67ba8a2bb121de3607c5653bde76e66fe49f101ba6e37dcb4414b7d8d088aac4bbe727eb084372d3d44c99fbe761fd2cf38edcae91e7219822924d3c
9c5bb49947bc485faf33dfcdbfde199ce39529277056f7317e6798b685f8ab4ea2363d54f5f7bbbfea2c7842fed596fa579d919879db9ad1835664f2
3bdead47487b3584d98a5a5979b71e1be2e18c0ed862a67c0cd171cb08747041f948b4bae3fcff1e320bf8cfd7bffceddfffc7eb5ffecfeb3f7fffe9
fddffef18fef3fffd7cf7f7affd77ffab70bfb4f9feffd9ffef9fb8feffffb5ffedb3fdedf7ffa97fff22feb57f1f7b77ff36ffe8f7ffefcdfbe5ad0
fff51ffef6df01303009778b4d0300
