1f8b0800000000000400bcbd6dcf25b79125f8ddbfe2d9011ae8066cf7cde45bb267d1802c95ed1ac89257556a8fb1d80ff9da5d80a5124a7237fcef
873c87f79c2c4fbf1476812dc0d6435e26190c06238211c1e0dffc1fbf7ff38bcf8ef7dbf98bf0cbc7cb37e78feffffc613f7ff1f9efd61f7ef6377f
f3c5fbfdcfdf9ddffff4d5791ee7f1fcf5c77f78f9fd87f7fb9bf3a797bffdfcf517afbf7ff7d3dfb5c6afbfdffff4e7e37cb6faf71bfdeafce777df
bb491fe7e56fbffdfeddff78fde67f3ee629cc8f47fcc5b76f7f1de65ffcb6b77ffbeea73fb576ff519317c0fef23fd61fd6efa797d2bff8a7f3c38f
efde7fff0f2fd32f5beb56f1f9fb1ffef2e1dd3fffcb4ffff0f28bfff7ff3eee487fbe4cb53e7e313fe699a0fcf2e5b33ffde9053ffdf8f2e1fcf1fc
f0afe7f1cb8f3efeb8a76fcee3dd8f3f7d78b7fdf9a706f5cbfafdf1f2e71fcf9777dfbf1047a8d9de7dbf7ef8cbcbf5fec3773ffefce5dfdefdf42f
2fef3f7cdc4faf7cffe79f5ebe7b7fbcbbdeed6befede72feb87f3e587f3c377ef7efae93c5e7ef8f0fe5fdfb5857cf9e95fd69fdaff9d1f7771bdff
d39fdeffdbbbeffff9657ffffdf1aef7f0237af8eefc2ba8ffb329fcf8f2fe7ac2bebf3fdad77ffef1a7868a9fd636a736e6cbbabdffd7bf1a79173a
bf7fffd3bbfdfc796bf8eec7973fb56e7b6f7770be3fd08960fdb8a306c8fea7f5dd77e7874fc7f98f1dd9370c3f016ed83afedc26f1ff1fcc2f0343
c7d876eb9324fefefd8797f7ed970f2fdfad3f9d1fdead7ffaf1e33eb4b2a00df4719be12f5ffe13647c75be43cffda3efd7efce0e3c77d5f7ef5d8b
557dd768bacd8bfdbefff057307cb7fee5a57dd5a8b74df7fdcbf9fdd19ab4ee3e74e8be7bffd3f9428cb64e8e3687b62f5eaef603d0f6714f3fbebf
7efab74e784fa2fef18773ef54dd7a78d7fafbb70f9d9ebf2765fff8e37f35c3b7bf7dfde6e5cdd7bf7efb87cfbe79f5d2fefefd375fffd3eb2f5e7d
f1f2ab3fb61f5fbd7cfef5effff8cdebdffcf6edcb6fbffef28b57dfbc79f9ecab2ffe6ac37ffdd5db6f5effeadbb75fb75fffdb676f5a37ffadb76a
fffbe3cbabfff9fb6f5ebd79f3f2f5372faf7ff7fb2f5fb79edb50df7cf6d5dbd7afdefcfce38e5e7ff5f997df7ef1faabdffcfca5f5f6f2d5d76f5f
be7cfdbbd76fdb376fbffe39c0f9dffb78f9fad71ff7f2bb57df7cfedbf6db67bf7afde5ebb77f0424bf7efdf6ab0ec5af1b189fbdfcfeb36fdebefe
fcdb2f3ffbe6e5f7df7ef3fbafdfbc7a69b3ffb8972f5ebff9fccbcf5effeed517bf6c7035585e5efdd3abafdebebcf9ed675f7ef9ef62a64df13fc1
cbaf5eb5b97cf6ab2f5f118686992f5e7ff3eaf3b73f6fbdfbaf260dda209f7df9578879f3fb579fbf6eb50d9baf1a023efbe68f3fef086d03bc79f5
7f7ddbbe683fbe7cf1d9ef3efb4dc3c7df7e8cc6bfa2e8bfc2695beecfbffde6d5effad4befef5cb9b6f7ff5e6edebb7dfbe7df5f29bafbffe02cbf6
e6d537fff4faf3576ffefbc73d7df9755fd55fbf7cfbe6d5cfdbd86f3f0348adbf86eb37ffbdfffdab6fdfbc06d65f7ff5f6d537df7cfbfbb7afbffe
eaef3eeee5b75fffa1e1b54de5b3d6cf1758abafbf027a1a8abffee68f7d848e372ce5cf5ffef0db57adbe91d257ff0eaa3feb387cd350fef9dbfb37
0d92b6026f6f7879f9ead56fbe7cfd9b575f7dfeea7f5bb4af7bff7f78fde6d5df359a78fda6b77e4d80fef05983e65ba0a92f7f83977fbe7ef3578b
3576d3cf41312faf7ffdf2d917fff4bacf6e7cd908eecdeb419cc0f9e7bf1d8bf73163feff28925f7d7f7cfefebbce2b7ffcd9cffe7ee8192f7fffd4
3cae77df1f1f86b2d17853533d7ef6b3696ebc71ffe959c47ff6ef9aba83efdffce5c79fceef5e7f7fbd7f096c77fcf987d1f6e5e5efbf697f34befa
9797bf058bfcbbc6c9ae5efff587ced29ae4fc5baa22fae1cd9f7ff8e14f6707f0a5a0aeb145fcb78dd6749faf3ac3fdfbff48b9e9edd06ce8345469
5cfdf62f3f9c2fd3e8ee7f7efbfa8b97ff7b7a991e2f73ca21fc3fa3fe0fbfeb42f8c1d2c4a974b9fce30feb7e7e58bfffe7b3c1f97f3ec6bf7fec7f
4e8f5fb77fffd861fdab96cf0e9ac86bfdb1eee36ffbbfe9fac797a97f7d6ff6b3e9f118a3bf3bf67f593f3c3f4cfb3fbed4f22c955eaa2a1dad1455
3a5bbf8fc7b3b83efa30cf42ecbfa99b35fde34bf68fb97513542abd69567169c530ab585b31b9b8b662f4985bff56f0ad7b6fec9e8f5ef4b01dde24
f0d78e9659df6e1de259106fa937f6af0de4695a54ec304f6e0c98d5f3d661ce027203ccfeb5c33c0bc80d6068fa7b1f2868dca3f71c35fda3374eea
f9ec8d637a162f347e02397512a821679527942795e7de59496e105091ab2a222a425105b05234645b37f6e1410b2a8a475950b1045554567894869f
f911825b6ca8d0aa4f8f9da3f89383a3b8c549d03decc5164fb44fd3039dcefa649ad842739966e047834c0165f79009a72b0ae114e013e7aaa59f26
ceb5b8c5dafbac1e73eb3b4a1b659a38d3c56370a6d55d9e84c25d5c8442153367ea559b27b6d042cf335bb8820bbdb80f2e74153e674e5e74dbb64a
6fb14cee63c15404e85c7b7912be674c3d1baa0d65ff3e2626fccf6362fa228c8989d8425fc2280802a7350b7921b0c21f8c79fa93314f4111384fb1
98298c45761f0b3b159c818b7c8373e5aabb0f1274f4283b2a4c2881cbecc907127474a7c4c6ac258a031bea23021b5ab1d8b7b7bf8f63730b86485c
14e1222642a9258ec4853755e4e6ce6e41822f1ea51228c89ba764f98f64cd14b9f3678380ed60ba8c5dfc0423321ea019e1203d0890563c8d4dadd5
4ac082004e1d0b51584ec481f74e223d647f3fe8c123901e8cc73436bdfb189bdea3901e4c536963854719db5e784c63db1bf0410f5a8b44062761d0
044e03ccfb33f74d2f793665327b6fbf4c7a58d461262e4ca499b8486e317880fb202e823f210f102a3279803f200fd0bc337980811e7870838107a1
3f9f18c1e50b238862caa00857902216e1a9904b5886157209435122b7bc3fe1ce30991562c2a829832adc69e712e644853461422ca409cbb83268c2
9f0ca1e78aa377e9113abf3417aa7d818df98ae55dbcb5f699150279c75e32667762d61f5cf85d4b713c806921e598d05efd1d337ed70c8f80df5d8e
f85d101e83dd6806077509eb0107916a067f70ab59021f6437de4807d16ae9780cd62b123c8856f3988b7018cf17b45c216aee12a031a567973399ce
22aa9f133021ed704e44b58698d3580c7f015c68b3ce643b8b76f79c808be5e12f286e6f9f2caca8aac05e9b3de88ab27f276f758f3ba17ca8e26485
81b80884bac89cb96870ce139500414526b2185964228b64f69c39b3c99d726622fc398f991555605197c59d720dab3b3d08a92bc82eab47e15c1a71
7d82609ac9459649300d2e22c56d2e5c636d87b9708d45ef73212aa46bcc9d8bb405d0b40a31b1b8821317f79bc9359687072126a207d9d8c27d0c4c
18f28109b5583837e9dff3321651735b38b7872bb0952519e68553137b9b17422e66302f845c9ad7bc10f2e04fc8efaad0b3ec408fbfe04c8caf85f4
39190caea974e3b9726ae26173e5d40c790593f23eab9c89f76e25bd4a64cd7550a307e1d4aafbe046aa1e84904f6e3100d5b2ad032e75ba0e96a145
d93815b1e779630b53e0c67d6304f683a5b7c4d6d1a9df760e682ac039d3cbb353b313339e774e3bba873e6d7393bdafa7b7e8dec696f09b7762444c
77a6ec30d91e63fe1affc9d95d314e89422a387b700f435c0abeced78d9c837a43727b128ff49fd04fc78238f4a36f7529dee71afaa97716630d8f8f
2009fdb43a057fdbe71e3cccf1311e030fa68b948b307167485d0c3c032e52bb034f678bd4a6c0d3d9925cd1974f7b2bccb04768c89914ebd9ce6348
b7e0903a608799504a8d0a81f4a8d371e8872d29448107ab45c7fe1060c710806180a059078e585c4144b9cb215ba4a785054a5714d18505a7288bb4
b09cacd0da2c172bd447c5a1c90c20ac2b5bb8626385e0d8c627ea039a549e25cdc3ce3eb49bc3ce3e24d2c24ec04c057d43b4837a635d9f208e02b6
4b6bedcf132b3400b643ab780219bbb1677a68c9230e460fb1870bcad63c3df7d774825f842783686568414fd93f5d055bf8c9065b994a8f7f07677d
a2ad9521339e4b313fbab5697ea2b915dbcfd9bf76ebcc53dab6d2f45169fea8d4e5ecad186f74d68addd098354a37d9e42711b7e2620ed94ad51cb2
95c0d01e2a76fa7cb86da7cee78ab7e209ec3d8bdd9e323d51d18a00c24500a1aefa4e92e5aa15dbca49a36dc51d3d4fea3b9c37e6d38adc9851bd47
52e3a20e71ae7fa8c358d9a17e0725b40f34425714cb62bcf4b36791a8981f58f9505c0608d5c859413a494382f966995d5a4547d7f4786ec319a6c9
695a922bdaaa96a73235d3ce38891fcd301a3655d5ed5794a3ca8029892e60bc6beab33ee89450b247e836b1a6e1e87798c40431cc5d35dc7e2eecdf
157dd99eec6e7e1aaf446ac3b0949e9af10c1b5083f88945982eaaec7a332c1755aade0cc345952a333f2d13b33ae8cbd03ad4005de5aa3ae7ce3810
ea9833e34028fb522b46c2a7197485a075a7063b38ca6c8021d45b857a240f9b0df20115258a1471e4eb1582b11bac9b96e87241591f9c0bca5ac5b3
a22c20fb59ad1d509eed67d0511b20aa82203c35ad5611d822a902788c22e7f931ac5cae28ecc39d423989d915957d6455acdc120f556cfcc4c3d27c
273630d3fc5c9f2a73ab00e82e062e90e60a5bf22428a936c4e709a7554080a65b87f477b44df45fcb98d69a8c456c619e89dbea8a316b571084a259
cf07e72498676a5d22ca997a42ccaee03ef1276080466418b35205ed98496438c7d1833043a364127f1ae7f1285e3fceb131b962620b2d17cd65490c
671c03eaade26485fa80ffab55088e95945635b56da058153bf4ccf9a906cf01a4d797fa59d18942de9556a49a2c3e152a76a90c9cad82f243d41c70
f6b85700ce5966f35601edc2a4177018f9e893f4d715d41ec4f2a1467dd4a26b3c4dca3c3d1f739c032b9e938f6767e13291cdf1ea803e92185aea1c
72990556eaf689567e7690faa2b57254191d267ddf8ffcadfca49c54d09f2467ea0cb395f5fd82ef85cad44fa8adacf1babad9ca82a71f505b59fd2f
802fb87f8c2fdd2475c497593f77b47b2553477a6375496560f4d6dd4a86fc3c5acc69a32097544d1b38bee0dbc0f105dec635ab6e4ee6eb067b6faf
e97705b004cd7e27d9882ba61d12540223750162f194fa89b2486f493b90edc1a833073193d4e54d99353aa4cdc37c2175822a92e7a95b278b88279d
116b2d6c9e096541034fe97c2396b37f5f04fc35902b782f4a3bad5eee72a34803cc0fcc7652f1843af1fc3c4fa005ede33c8116fc7977de14f18edc
95b822de92332855622f83d21fe2fd399356d47bb7e5b7f641e588df057b0636244a72b7c1b5725499942070fa4e9263b41537109a7870ce6432b78a
4e2bc5fd61f34ff593244fce580a013ff893d8661e3b21b905174bda59eea4da0f3f42d076f238a48aa1cd88bacb833c4e22bc4c833f3d54c161b5df
0b54ef5926f7b9442a40dac3250d2a538b429e264c97153c4b0b5fb68b903fbba890110dd74f402b0c310df2273a36c0d514e6671f1bac01b319db36
138ca7f9a55554c2f59cdb9609f9e48a89151a050270360d6e357d04f9560b0f90cf2e4e60a3292ccf16e7025f9b95f6734938ab25b7e87dc4e9d6a2
e2935b8b0d2d04e8d9996c3b8556953bbea255b1b39ff09baae6729b4890dbb3951b54d18af0d915e1684e70d20018a4f69c95411662a42766dea6e1
2e117791b23f69d368ba83fbdc7a7971b99367913db055b459842c5174f63d10bc27ce15a89479ae554442b9a802504eda0227e268a2cf0327226982
05d0897d15aa04c2897dd5344ab7e8fbbc4e9e3a226aa2b5a0133135a18ab19d104a4d5dd327b05bde3bdd3097c9d88021333e8ae682f899f8b87d42
9b9a081ac68929dc5619f6cd2ad977d2db653bc1b9072c9ab6f7d975af396be39d0cbcc952ce4e583883cfc527ad9af268b50ac6172d1e040ade6c62
eb869bf030ca794232e73ae9f3ba7f513833b7e88ec4acb3c789c375588c0b1cae832d02278284828cabf3d9856363c7eaa29fb24230659ca00cc9de
f3dc30a4907bc2f118fd7ba7d6aab3cd79c10421d5e57ad0b8f550b9333d8bfaabf3de285b552b07948bcab0e988575f5df4362e31abdc9016e6e2ef
4bff7df2781d65495bfaeac7b5c6331695d7fefd923f453a5dfd241742f5e07bef6c72e7472fcf061e0cea06fcd5cb42ded52d5dd12affd5cf8161ca
febdf3ab2af67375b91467a95d57376444db112e04210523a31f1142f164fbb1310671e5ab8b8f1866f7bfa1ecf67bff3eba7da7b72a6bd6d5359b18
93cb9d182671ec0bd147b32c3357d7fbdbbe53ffdd983dcbe9d5caddb86e3be18540a3db6275cb4bcc6230d78cfda09d7e75d9d6ce801e6ffd88ff5f
dd50d3caeeafaf9ff7fdd5cfac4d0f303c7d7ec5f88225bc9a986008afd2ad2ec420c971d1cae43c6effb1bcb902e48db48aab1f80a302d75a39a32c
7c74ef7354404a2b77be9ec5412e58d663f282f6e8a3a878bb56de50f607dd6a9e8cb07ec28e553cfe42e451bdf5d75514c5e8cc17e28e66eff61e76
d4849d00ecba6c48de30fdc01e7c42bd609f54304c2ba72efb8c801e75d484a5fb2bd8ad82b71fef9322445bb923409e8556eebb5baedb56ee526d49
1ebfcf7ff6fc7a4c515218422b9fbd9cfdfd85b2e0e9c7d210a54b5ddd7017166fc8044ba2b8e9d59dff29780324089e877f875664f8bb12191ee2be
57f7fc876482e98eff94bdc1badfbf95ddbecf3f9b40bbdfbf985b5ff0fb677363841ad94473210ca0defabf40e0c237754709a88bb613b7a7e944c7
d4ab1f4e9aa0f5f7b1e34bc2fdea879320e7552bf7f9476f38c407448bb3abc707a41b81f720a3705ba07e7a690be4df37ec7003b0834084b07e7809
e536e0d97f0ffebd6f802c0d139e906e435219de8aaae3175c21538f27fa14f982b801ebc4570f1b08d5d023f6a87ab97ad440b82d37228f6ef28741
045225af1e43906ff2a58710049b1dafc29391bfeffcf1e1edc8a8a35bb961a79d4fb4fcfd88335b81b97a7841bef5d7a30b82bd0d570f2e9893e549
3f25b4ef055f8f2db81d772e1c1a6ce4b8e005cc5616fa1962b6a1e1eaa108f36d3b2d0811ba8ddf0d0fb7edd44f183958be742b4fbe915fb7f2ccd5
ec0851088bd91d5d8cfebed2b5a1ef7b08423ba00b7ec469dde41f02b5a2f9390cf376ae5c15eb6f76d58f2361aafebdcd3f2b6aaf951794dd1fe483
e551edf3b79a7bf5b3c9bcdcc6ebec516145ad7c4099123df5b3cb1c4c7ffde8d27ed778fde83257b35f863a4cdeaeddd0d5140237e8f2e1a620f5a3
4d885648baf131546f7f9c748ae557bf3f70d3b1af7ef0098b09b09f7b4232bfeec79e3279b7f6534f2b7b02b4fcb8bf6ee6cbd656fb912744136cbf
4710ecb8b910b911bd61fa89a84cdec0b0d24d3adb5d380f052b08fd2242a35fc1df6f228474eb0ffcd1f2a91f9f1a41bb3f6c0013dcc61839973b03
b869d71b9cd5dec0db884d56f9805dcf6518e27476bd70f4f2e9e2a27bdcfa463f79858715b67ef06afa8fdb33ba42f3851d31cefebeafaf8fad170c
22c1c7950b9129d93b80a645ef285816a335c27e8e6b6577d8f9ffed7801d375b500eba7bab918c0030a8029be073ab6e3d0e83fd0b5fd1cbe15231c
6bcbb30c937ed0cf5dbf973614e077ced9bf76e4e7dbc7743c974f891b08b8f9d3beaecf72d7cd17a96a01aee86ee47105fc734f23428073ba1bfa34
377867b2acc0ade220401a63f81b9e0c37f05e902546785ce0b81af3c28c8500b801b2ccd46d9d3bd0d393e1b77237764a9f0c70292d8a7b0ff0282d
ba06d3ca19657f5f60c88a2a2ff87d56b976a43d23015ab9bb05e41d69e50dedabca3bcaeeaff30b5de169e513bf67952f94d57fc4fc92cb34116afe
5d9f5e74cb27c001b628e4a195e9efafaa48b01657010c89f490df2e202aaee93f2e63042dc15c314216462a309c340398c81ed14b5481e2ec726103
f7001c8bf01043b748476ee5151f2c421afc5aadc25fecec5268ee72690993bf009a6fb3be386b358057eb11dd0246b556a1797749b1c8a9d5ca5c79
51ce8a954fee112b9f350b480add3f6b658094dd1f565e9c01317e8b2eb785f9c249cbfb13316acb23ba8ca006912ae3d426c5710544aa2d92b5adcc
6b6bcfd36da083719297b7552c6c515551d922aa62658547dd58e151775618ceceb592e823f4209d92fc418fd269f3101013d88eb64c980865f50788
0bd09e09f485cb36d72ae87f518f333c24da246126e6841884d44d72d60686d4b50ac1d0ed106d0e02a1db215a5920743b431b51584140483244f085
377a141202b6a5f80602e8261fb4bb48ee143d0ba440083442005674526f150b2bdc02e11262350117915a034d1bbceb113dc44e18fc05a10e5a7d5c
2a6a159a06d8d1a3b1a34f104021c2b124de162221f63af4c37ba30cf7be62ce4252042599b2fae17c91b5aa693913daabbf44a47a4484deb70a4d28
71e54d2a09308a7f071ce726855fb60a44ee8859857e426a02c265c8e859abd04f48adecef2f20410320b07952a4634050e2f2308a2bb78356a902c2
d9edb11bbc68951b32bb03301aefb7150348a4c1e35fb2899fbe6743bc42002cfe1dfcddabb01160f5b781b467addac6fedc9ec158ea0f2aa20fbdad
22022097212fc4ec1150d90674199cd72c69c7124c9ac0010768507f077998163d3e7844d7768d0c0b0a9a7304eb2c72ff37ba8765be3ecdccad6267
8bac8aae9cc57952056e3244efb7889b0cedb0fac4545cc6695da3e0785864ef0d111791b36e82b50a0cabc0af10a1802f411c3b2298bbc846dc3611
a3919e3a75db3574118862128c7eb6a1b7f346401fda16093edda2ab3621f11ca6fbb2ad624185f48cd435fb5ef1842361194a1061a60361738fac16
178c83ba201be076efd6c2278232023eebf43c4f841cd1a9427a1b40b0c8c6e709ab556456145554566814386e8ab58b02977749e29c052eef56f184
a394c48ae75cca42c78c584fc1ba94e48a13ae30ddfd6e15c0582a6ac1e927815efa5da45ef11c65816fa5553c9761817dfac62297c0f3b174a925f2
1389ae25712e9aed9209a984ddb2e2c6b00eadade220d69fd35f2e7ac724ff2a6476637b49152b2b9e80555cc12959ccbfaeb867a7b0dac6c716563c
5bac6967c573e556526199d402e6b3227b7d58175ce7eafafc2708a8752708e2bd2b43b7153c1f5678e88ac26a5a0526aaa0acb09e98a84cfa61bd18
732886bd3d08b590451f7ed1d5fb56b1b3e239d16d66cc9a0870c315a7a28b3d612b844307a30ddef4a22b7fad022765997e5b05fbd0926c702317dd
ca091b8284b299dc06bf69ab9854c13ec407b60be4655eb25db84fe913d38ee0dcd6c793227704281419c11a3bc72a56ade20e4769b17274205cb228
c4a35500a7f569f60d4720cd6a5d8e08392c75fbc0ddb45245f6074e1d6d47e90bc438dd24ebb10f07f873150e44b42eb2668413fce9a6599e819315
5c27ef694fdae467e6283a479cb812b7c8e6da2a16563ce985a114ad429ff03a95ee42048431b4166269276f42ea7244801fa11dcbb5b968a66e2230
aa0273d1e59500dbf2743bcbc2f635dd8e44306e3596265d86c69876e8794eff3ad88758da750c9c8e4fe223f093e7c1ac89e28515cbb3829759752f
3c8e4c15f1095864c0f8223371e4cdf4453130ade242c5931b475e8076fc609c90016491706e15fce4e93988085f6e15cff355ab3859a1512e76fac4
696430f12279de2af8c973db465e998c8a448af398edf3b41379576b91492fce072ba23e4150c0a21bcb3140bf59e4c58a389eb48aa70c8c0171b4ad
e239dbc0b9e8526a0cd8d88b6e94368080539154ab6044845b40082cba05d22a76563c418fe06b8b6e41c6c81bf9b2f7b40a88dec7d31cd1637bf0c9
ad6265c5936022247eab50a7b0a92e92e7ad8293ab029d1b5981e2317172e9c9b45bc5c18ae7b00947c4a810a89888c2a4854a65ecb9e75c126e0216
dd236973e328822301b03af9931394dcfd77ffb5fc6aad214864cd6e4802cd66ad409ee8afd6dec938d12df288c7cc2bbaba79d99454b67872f456c1
48f2a7846b151c455ba5801296fcd43162615612c549b44504c2cb33c22c1626af510070a4aeb328a8332e13165e97635ac5495fcb13b085be6419ff
5a05d659e10b7181fabcc8bb172bccf3453692584fd0ac6c09b142b55914c51e57985916190be28a78ba455232aed0c9171d9b1bfd41f42a7f4aabc0
fe53a05fdcca58f867a71b0e458bc2b15a05e110a7d88ed1e23997ede4e9e179106b2701a800326ec61d41fc55a19d71076055e6c3b8eff43789fdec
b86cd62a9ea3ece7c44f9e1507785a557c563c2027aa7c28f1fc3802a8951107752bf394237c9d0f78018b3b80d13ff97784f44ceea0c2a7ebdfe1d5
7b5a6f5a199732a3db53e8dc2abad13f89739d0f387d9f76b156be08a12042dc8eacaaad8c88c9a766d0ca634aea1107155d4d69e5840e6695e1c80c
2e1704ea7800047a689b9e13fc58d5fd9d4089db231272161d9ffd8a53a8c6d14ccfb106ec91340ecb6ae5ca191455ac805853840c692308cb38013b
e8b055d0592a2ce3445c14451dcfaea4c58727012398d2b5b472d7dea7870901e1308a156b659ec2bd502068b9c75ab9c25faa6540ee1d596f5a19fe
edeadfaf7bf0593c2383d30411c25774966e652cabae9eb50a1cd0a39012b907832b6005980c5244489989b51bb982a2865b99ac41538a880ef59471
83af2832b955f40b87d1684f449a3a44ce1a5d256ae50501756e8f0040d33212d63872b755ec5c964f09996badc7a15565cc2769fe091ed359e0f588
91983d7f448cb4d1d441d7877b8516259354a316a180d6c508cf02a7f2a20920934295d7a85540a4798688d48ef26bc7136912b2595a8f5b683813ce
978f82125b3963b7f977b8a1c54511da3c17537ed7e0e36432ea7108f36d463d0e21dc3822ce6ef1468888849e5c8612349b5fc092544d860c2cf056
acb4786b40c639cb511911e7dcb06ebaeb76c7782f5794857484123c24594ff86c2649eb93da904287e2d9150d87dcb632706cc2c7f1d432f35c09b2
bfcf8855d4146081ca8bd6b05b2d1ac604205cf7b578bc8b335445570ee2e48dd2f5c868edeaecc7e3a8a8e23822956f5b795befa1a7ad0c39b498f6
b76134d4b2f53367e3b91ab25b8de664a4eec4897ae451f9b6ce5d80475d0c8c08648eca55d8ca9d1fe5e40e1776e01ee12fcfee00305b50f5137feb
5053d84178de19dd781692772bee853649a611bbaedd34417580cc3fb765ecc7995929122262a0a3ee624784403759ed012a428034019a157553ac55
6c5c57ad5b3f1f652fc28119cc6e7fa1ace6e798811a9c8c60164aba25af0f20423803a25a35a51e721d1fa60b68f55316042739daed838d73d0a44f
607df69008f38e2e0fda5597b4c3487b3e2f4a89a42f7a98f67c939c38abd6c9dbe74afc4278b832cf222a7361fc411764b394feb3bbf21b9afc3d79
96f7d37512682de545b6ab1d86d8f1d645549989773ec5dd141158debb5f5401979a982823c327ddc4880c0d378bbae8ecd45e40f47787cff00c45d2
5fc0322ac5f27a66a25419bb430771c47f075ddc8888ff6edb735299731052af2911048d38d13391dc251975751f43da098889573d84e57e2c8ff2f8
47047907d9d42382a67b07c2c34c95445c0761d14159f022c2a2a30cb59161d15561121171d01d487f81382f899b6ba87e0692aa9fd80822a1fbbc35
2b64624c0612eecf60d477f7e7acc8918848e88e49572014d86b09efa77c1e91a1d045d70823639f27ebaf0876ee15ea02eae2435b08d1cc73d50e40
3473bc611aca61f6f994e1cc0d48e125c25d985d3e21d4dc03a206b4e9109f3c9b358df864534b1a20abc304dee5a54cd4702572468472f408481520
860fcb62d42da18808e58e368f5071b87203e83e528811a21c958d285e5437a321222f34409d7fa76c8060732d1e200f06ae11864a299971d118ac9b
381151c4d1c7714411f73e85e7ccb869290b88139e27abd108148e3e63225038faa88d40e1fe81ba84f3c2663c18604332311588721d1111cbdb3b70
0515f5d9430293c13d825d49b566b4ae2dab88ceed3d0a950b8fb1a606989e75dd3e223eb7873568c88552c3abb1006a9d4e10911b65438f8cc89dac
fa2224f7668944486e54d6878890dcfe81f0b2f04292611a2be10aac84cc0b08caed0db4ba5d598e3669202a7751907e44546effc01588e25b3e25af
69448c6ebcd12fe2a1a20fa108d28d36fa2148b70f6778801213345cfcd972ab9229b84cfe6c3182b0dc6932f764189ec50a8c7cc1bcaf0737c59b9c
82ee5cdc2174e7246d0261af4da7537fdb201c75d82d6f8d3b0b44c4ad568bd68d4623f7b811095e77d846a3f2f9b60a1c845da6c9cccbbe839349af
43a8e974c3e23e48d51f640e29a0f685155a77dc5bb71d9dc1a5c13265a7dee669ed245673cf1d816a661b549f4dbc3b5520eb2007d886317f80568d
c863605a301e741898ba0f1c092cc7904873b1d039407e169c07f8b1b7f4012e62617f704e66335d9f6e0b6190c8f93485ae40976ce23871a87187d4
9fad815f5d7f0ee5d601751ce3fd44d8b9413c31a257f2e20e97be7c41fd0dc593be88369d06af0b961d3389aefe0665096965ece2ec0e165cd2d524
e802bf7d3fb0a45d3ed45fcbb90b4bef2d722185cff310901ed05f1f32b0b58ac16c832a6075486e401817950b6188aa80d9e1797269e5950d3c2655
3d37a0829bdc435f6b09a9563e29070d53bf202543661ab9bc94203b219d5794529d10011d6e939878a47daa340949bda2024e13d278355ee311c62c
dd805ad422a0a90167f7480af7ef54059f3a4b62beaf321b51d3c1310c3542cf168f09bd6b520f3367a90e1082180c122e42e6a8fe7011b2262dc4cc
a5d552220031177f4f21f249a9b55b6b6cf15bef506fb2166d26420ccd866ba7fe9d27048fde55b0879788b14ec1ab1ec60614fcd4e7a5eaa6c73330
45655edc730f634d8461444607131a3c57b978bf44a258841461aec92e0f10344484e6ba68d6d4c68bd630026bc67964ce25ffcedd130cd2d82d0689
4786e2169059932695c0ddfd7b1ac4af3113e8c0840863aedcc3ad3ce8c03d506e1a6f54af8b60eaea743b31b8c78b40eb83ccb50bc20beef0d51b79
e401a5facc74530aea4ceb617005f768d07267eaaac15d80c48ac7e08e0b5abec2f5570f437f8e5a8ec2a46dfe00778b674d14faf4c3b82e8ce5118c
c36f65922c5c7f9791c9ce8bb770f134e0509fa3689c56e1c5652a1851432e3c1b79d60b492a0a2d0b64aba97e19aa9d07a5c2e0d51adaad5934fde1
4978a0f25a85b74a3d6871c5583d4dbc420ff27277053544b3f00a12bb75b0110437d8d9a3a01e1a6ad6272b69cc3c7a1d34a669acb4eb199b2bdd10
2e1f38570aca8d262fe36e83f1f4560683300fdf206816216aa30d4230e26e55f424868a6a79bc91662d581868f0101e76ae8d1904edb966413bad70
66833b4fa606b26bad4d997203da416e5d10d7de17b8d134df8020533201e04a93ee48a7074cb6b9b84b38817315a60f9e87cc320e42593f25ccaeb5
4e484ae0eec1d3bcb30fb822aba6c8ecbf320eb50adc5af54ea605d73bffe071c79be4242958a00d95d3f47782163ce619d940733eb1978d34062c04
6ff613574fad7c9df4ad5bc89eb4e5448f014386d17a621a3720b9b5a32a2e66aa7b685e17ed6a66bc4cbe514c2e17b791917b71f76bd08bf312455e
e45126b00bba42f51064519e17ecbed9ab738dbdfdec92f93df3f3589518af95f5e64fe2cb42baeb90f88e50d6c30f89ef085529f889ef084519e7d2
44d36d7503aa0f62a4d3d043c516f1c0cf6cfd62829a398b9d4cf0d02b6a212167689ca48d4f23bac2434e3c470595c91e8c07a89df3d35e93a6a176
8a4de2359f5ea17943ab54ec57429ed2a87450adcc8d28a2c3b33a419954135fcd99ac60e0919c5e21c4759f7b51f2fc8457721aaaa5e5e0959cfe85
fa0c2306dd2d0aa0720352bed443bc89d3bb10aa0231612036948508b8e5155b95f8988dd280a48986566b0b7ccf46596a139fb3d15b0589afd904cf
3a22ad82171b6efaaced8f80c17638d414234f1042638445a6bacc1ccf06907961dc3fec27a695c84c49d1008e85520f30dccea68d6ea88dcad195f0
764dff403d24d0af8e6e4c119b157494f0564daf700b9a3716f7b922fb8ccb1025b71e0643d298995e26534f2694c24b26b711de91dec1d28c8fc84c
5691f088cce4fbb3098fc8ccbad19ef0488c33f0243e1253b347c0d1247f8a8b28e1fd9806ae905c28e8d419e3c983e9a0f0082eed791a465a818bb7
60f4c0459a1897ad43085e8209b207253e0573673b85a19926adc2603aedae42f3a6d494096aa8aeedb632d740432c63121a62186dcd1416ac4a720f
7c0ec01f2065d2ec112102741e989097ad8de00620ffd91d4031bafd3ee6600890176956b9226f844e07132cb48a0e4c48671c740d3f219f71542860
2b33c6c5fdf1368a390e6cac37e6cd0ba4ee90f95bcd9160208d3239b50a6039b83cb0ec1efa2da6c5b485cc053eae4e3d5c212ab3402bc3afadd3e9
d4d5db600564c2a58b12cc14119ea000ad56060e74e64204f3ec13f7b441a0993461825d3c83aedec68719c836d8b83b5c59a1296c5435938740fa2b
69c8d3062b89b1bc91cbc90c8277887a85badc69bd349f6366368be91db3b04884d1367a61f701b53f00f14a4f9b76ba72bcc9bbd1b66d71cdbb2bd0
4dbb3448708766ffce03b3850f63246fbcfb18b3120c8c71b09e8fd78dec484e7ccba8def8208caeb3d9de8174b346dcc1e81901c9bb53374e75104a
b38993a9c6b425ba4e1c8ab7d449d5d15be01c406b5a27506d46038db75a2a9fc4b43b4066358b9313010116d2d07f676b6427d51f9da7a68b20eb03
a8bb7a75a095079e456fd7d884aea0f7522732e40c77c2b556e61517c17cd15061e50676ded9f477213ace93bee802f00030907e926ba83586fc913c
450673a77f4bc857def8f2a43264bc9810d39757f351a42f0f8a174ab870302b062a8de4e5a2f591aafc61004076c9030240ad08f3942b3f4c629af2
62bb271395473dd3d82a08b246c46d6f453cb4322f0e4a559a11f9aaeba1ad4c2da5bac1013214cc33a9402ac13c3396c00d90536cf2ef99588baa80
029b5c1ebb31a9a222a05040c35e2a77712bd36c6e3ccfc49bca010b6b1091076e3696c25848c11c180fec06a04b8968e4a998f4224b429e8a38df7e
67b483fba382ea324d95a2f399a10a62f6482411bd79e7613d955e3247b891669747b6568140f3687483be6ec5488c90f93aa4cf5460a5c9f119b4a2
68a08467d042f6b23d155a216128b4d52d28b14c3b890fc009065e7e34239ef1dc858d8278062dcede9189124c0c83d9e3eb6d69f3d014342f5e2d92
b50c577c66bb2bf0285a081e62184f8d7a0423ccb70e407dd9208c49b8822770af5566d8911a206959f2ac0bd42bcfbaf0b5509741ae3a66e235b338
9bfa9096cc5aee4cad571117090f914579db5a196bef0f161ac6bc94cb602c1a92f9832510f9ea5851f84eab1804ea0a5e3f72970b601012166c6aef
c165108b3f187bc42d380b5113b552a91a489d126dede7ddada827531372a744bb95e6a1964aa221f549a38d87bfa027c665ca5021aed2f1ae49416f
ed26854f103fc879127533bf95895329fa78b4a083e38aee32d1b3bead5cd840535e9180534a27b2a6045b44673ea8240d915950925186f795269b06
e60d7704cc0460a4bd31326ab55273e68d2775adc986a38845286db4b625ccdbb8a7ff2c771bed12bd023b16d9221619ac8a497be776b6b8d9e16790
223f33acc047773cafe628e0c4d7d5a2c2e7125e570bba3c9df8bc5a09b70a461f993211956bf570864977b201626618eec3831ecc546a3674201399
750bc6e9daa030c36c7b43dc412b9d45392275674b4d3ee3e679773b6e28de805dc75da2898b8105b61ee022e3ac8b6609cfb6455b0fe603de341313
555ccbb47157c910c2ec9bcdfe61f5b5ed7c3eb901340055e0d98cf2c4a16d7107781dc6686624ef6c567c32f8d21bf6e40e37fd9c63d602e2a2a5d2
0281565e9b2267062f98515dcc0a2c28aeb17402935aaf65d4354852505d64d86605546b3d313c89908be7412baf85d2856b1c1a92d98a941ebb9511
7838fbf719371aaaca81939c5401ad2dba01502fc18be445fdc4e30fc0df85152422ea4f393d54814d520d4217423e32052663d614c334f03eab22b0
470d091bf10d0428b3f609207551d0cb0e295097b52525d0469cdc00f9986f236efc40684464425e6e4043ab321e71116cb2a924e02658358b0ec8c9
6c491a661abd8aca0130b87dc44a0af13337c5ec0aa458d53664b2a3da79f82708213c2ee81b54293074408fc325a44af2f5a3c4544975be55106021
315071946905a9917c592621335293912284c0e414c229620fac3e2131520749280b63861e9247d7ec8abe1d6eebd6a3177c9d262193921375272452
6a30cb1a831bd94d61121622486df2efccfcad39421dd7a39a89c995aa493132f3b7a680c4c8f1d61f9d11d910d2b8a31d8eec4b0ece4fc8b614ec9c
40b6a5599972536024b19471e65acade9f48656c9d30407baf3af8054632e85265ab40aecaec0eb939822b90addc4886f26ebd3820b2a178770d555d
6a6880aa9e17631d810dd59e8930b23308a64cc66920f34719d65b9968f434f3a01d419909a58740ce44534219af43aa3c5eb55779c6fed48885718f
c20a6cd6d994019375f5fe2ab86a6a365998525358e36db93b0054478c77c4192b443c210756eb21bb8b9145dc632017a514e3009b7530635dc8694d
4c0bf244eb3c1cf8368825315ffb9c6c7b0cc85b18bd72bcf166950889b5a2955d24d20ad5f45a396f6f196408a9de2108bbcd8be909caf86201b362
d39b092091ce64e365180ab771bd62979bb5ae845130adb8e4605e0d75fbe123099fdeaad6a1029ff108b716c8d1b91806909ff4c0c0505eeb3cc8ef
15ed9d653e2f7be303d32b586c6e6352ea91711436c1868db3720f6313b98272d2326a1bd3126236ea236e40b5de548eec2da5879c7c8a10e28b21d6
ca020dd3c565c8188b941d0f2b44ffce85d03923d0cc2cbb17929635a55f58446470315b8095399a3af148acfdd76168f4f27823abd9ec7051be025b
1c2d107091ee463b88fb75a05038785413840743b28cd303b9e22d26bb3abed8ae160e6eb9e81ee11f9c3c095c9dabd633033472db130314f262e23c
a1059a219f23bf97caccb3e5df692b296ec003a9d5c613b2dfc478e246f80dc41565ad03aede655333d4f368b4c3687dc32282366e3b18411b76e123
6fcaacf498addc79806d060136ec9bda0b13f64d7d1b39d04c08176f8015b7000e6e2340313693e9166c3fccd9cad031b5d9f038f02d362bf2de9cad
cc91f11a9a6244b88651824c30b31278f6f814b4f7ef5d6eeb4a692b8fe7b754c6e5e6870180b35c138a8831d665ea56c68b33061897e81caf18a9b7
6b6bc58939a825b4e3c4b3c6ec163c94c9ee1d119ae1f3759cb0ea5ad538d17f2f5d244e4cbc261ccd78b3495a6d9cc9fac50fe23cd655b34442061f
76e388f02dee92c6226db78828de7b994c727617c8f4973d266835ba47f2146dc7c87b7a3e9f44448304abc611d7f06e508f0748dc438580d2da7455
3ad8831111d9e1b89d188858f78fb58eee0fdbc946834845da68628606498a1847aa424110791896092a22f6239bbc235986d7aeabce4139505a198a
c06d08a61477073bb1e60e18eaff4909125a6bae8a011eaba2f1a168df56098671dfb96e1564c4122e31e14ce52f324f170679d8a065ac8fc3e82cad
32e681158185408cdbca67aae7268d0c9381f94a1e9a872b68a7f62ec395b8e089c20c6d675d44de0673fb58e8cd2bae80ba74eb10d46990a8da7a65
a9a87ad665dcdf55999c4748401e88bc781b2f84580030e4d7fe813814573386aeb8de4cc091666a5befe34298dd03d3163cdc60205a68c20db928bd
34225984a38a23a22f1ce11d47b208a97c11c9228279d14272d1ef7835cff64864d4ea10082f3074dbc91719427ceb7184107bdfc36e6df526f2469a
5d0a71a5be669a1d1117b2ec46445cf850115760567230527736902325a9c9692ddca742e40addc0820529bfe3641006437597a01f631621c80fc76f
c775a0da5d3051aa49b0abd7d1e6e5b80d962b446c10bf96667c21cfd27228cbde351b6661f2186928640c8e1bcf6b5e2e28cfd5b127c8221b8339de
c63cfe22880d046326bc31104cca6784b63db9c3ae4f07bdfed8ca583ba96991792b6e3b71e73671078380dc03b6b2f7d5ceb5138850c027efd49d22
fdd6e3581a61812f3bf8a01d0f76a906272d511e83daab89f8c4ac0c63d7359b4aaf599e30785b713a494fc11d90239a6151bbf4d251bb34399d7c7e
c9ec84791d6e7bf5c2752ad3f00889f8a4f7875a6b1a86bd25a82c7aa12fcabae0f108b1cb9445de23b8d6a6173e5282f6e830a4c418069b79129f60
1756130cbd4a9c9b989bafdaec93a06f16ef80f4a0356ef11860706280891aa388292148c1dc2a4d03a6a40aa4ce17e74833594970c558daa20a4a3f
79f413952f19e9137226e825b29410991ba5cda540355c9b2ed1cc59dd800701b93b12ae54d51b6a69f794c52d2148c03b20051ad08a1b0c7a740b1e
ab8b2bfaf22a75764a54c78ce938e8d115b88523b37da21d53b6d58494087a8fa595c9deb4e952a4f82bee91e7546312c1b6373cc401b4501f99624a
cb9d1e14b11a349109eb4891700f6b11034c8c2cb0d524258e39ab8c6d20d30f9e272fd9443d7210f8833cd17da12f3296d7f4c29c041636297379a5
2b2768330e7d4b78accbe7f354183158dc00af354ab348bcff6fdf66827a63f76e5a26224acb3fdcf226caaeef449b91131eec2a46e40287f1e4f605
ed35a985be4f59ddf00efb543d6b64c6b29310efb0f7577554e65e37812db45fe984909801dcd22d311796ad4b89f7fbed3e4dc356a8634862f62bfb
3613eeecdbe89a90fdca7ef9045ba10350136e402513316c87d178ac5c1a21ba524dd0f7eb005103ae0344c10ced66f1c6837263652675e5265a03c3
93f2b35e154e7c51de8196092f5f39043eadc3dae90108b2ca1baf790ba06da05973e49bf3e993dc4269a3a4334fdea9849a7bf1ae94e30713748838
b9414259e3ef6303b90188d1b4b653902cae2083347bdbc920bd63a04464df3448c3af6e5a3ac696511fc780db15805bd60824c68f378979505d8b1e
031b7d7207dce8a6ce6199338bc495fc287d2c9d04cac844ca2abb3ad3495c6ac873a0c61554042c964faa53160dc36dad4341ba887f8b3c64908ab3
1b50b24b634fb87ba4bcd6ad7ca0ac79227e329ab15f6468e2b279281752bf33948b2a6d3b3f286e6e5f0c86945581804f213ff3cebc7238b70a3a74
a49033c96eb18cc32b05d12126195789acd2e789be3b01850becd62532bdc4f67d673cd3ab4ccb2923b16bf2eae4612b924ccc33dffb16d0f3583e7f
010af198614c425f403f717c7ac6c5a1c593624a27fbdf33deb6752850668ca30d0619b6a478eb91162f31d10cfd45f9a35b991e99ec2e9908657297
f4d4564f835be306159f88175fcb714c549f44321ac9f2dc4d4c454fcab5329464bbfdf3d0596e5f540ee2161b2bdc477f36a6187b914494dd80a4ed
2e07dc221a5c1d8f3a72e5aeb2145f51ca8902e256c107dd8589c4a3a9d1cddb3c37d464aea0bea091c81a47466a7a25386ce5316f112a42151d1a90
330837f877703269ac99ef1adc1097c7b405035e444d62d119a18793c30332ae75270bba8c2b371643196f9ede2641a5277e52c4765e78a9c2f02c83
aadd1da85a5a5a4618a21df39977be6f0b490dc7e445738ec31532e210cb1d62ec55cf08618536c86798636e9a209e382939b9015468ab6db90ebcbb
4bca3563918186b65be59568d334f092a7238632cc3156ecf34aee9f5d51384f2dfe3a30e31695400835eb408d26461d44123df305026b3d998988ac
58e58d2efe5b0b224f5d6e5c3f41c5cc44367e65184ba2e45cde206c1d9a91610c718ecc5631e10b4d03d6103d1addca50a22517f33e9eb9110c3076
444bb19dfb4c2a42eed68e626f62a6e2725b0dbe5d617b5bdec78a6bde3b9f7237d063c1d5e078b04f4de3e0b4849883d3d01088078c1631b0afd8eb
920fb273437dc0826c3a46e64e472e6506083a042543f1b9a978f9a05fc6653ee5e3b58147d23efdcc10411b3c3214a16ab23de9ecf262f2999e1b7f
39a99e15f7495e2ed53ac38a132df8e0137c782d86a664e98c003f5fa0cd7844c5b70c33f522cbc18ba1cb9a76d793e68749f402c39028280fec5d09
9bf240369ae032f684785ae1fd6bdb220a62eda2f672791020ff3e184c5105187f7699f458dc03543be1a48ca70b9ec453a6896bef8a8e2307fe9609
d477fb804c505a72a1d625a416dcd78ea2be8234987a28aa95c732bac70bb1cc0279e68610411744d235ea134cbc9ae2b89632338addb3980994300d
c3d2f4490feab5c6b44a08a9ccd96e5a2df3caf1dd3dd1be18643cb33019406af18b2b28803d49c4e7396cbee0eeb683e94ab838a6680126a26834c6
81149587c547653c59bff8fb9d10686122599741a2ae54dc03c8dd9364124c697885e61eaf741a10096f898e0097c90b75a82b19acef561e3d680838
d81ea6c61e48b6dcf643e639c4bf53184adf2b996c4687a382c0b2e885c9f4aafb77b221e36d049ac9645098a232dc0625773466116a763b501526d9
715862c1cd8eec642185592883d4fc526809d5d1b2e04673f129ae14c6b08a5d155e6976faa852b8806ab00c300428de8dcfd254cbc233b50eea0597
3de2e20f883de1025796ad059465109986c48de2e859542a7e3a8c944ac553ba6ba964923a84953a50e33ef9389db159c7a8028b6e3187ab146a599e
d73a3021b89838c70c64e59d137f0056ae8360195a9754f232b42ee37625d8d19f40419531a1acf4e57908f20c8f8188313dafd3cac4a586c4cde2db
b9be307acb5efdb273daea811a924ed40569cdf5a24f2bf747316f1c014f46ded82ca2af8a114f3b8e8f3665e7fb195aaa9d9e5f6f581a69a4599483
7abfb17210240dc997e17c7a2d5d7b095613cb3126ad494279293e2d15682fbe9054baf2129279c4496290fa5b709f21795b4079c98eca1fcfecc45b
17245aafd539565fa83ea963cd9f1448579877dcc71f3c6238275317a293ec502817c9cf58e8ba4db8cd09ba8dafb4968becc40032d3a2b1c657127d
1c2a7449855b05659af80dde510c45e4b2f07282966ac13d5ce7476d159163b8822f0bf90be48190c6b530d7b8c327960755f8e016dc658bca48c1aa
93f0c2eb0c8e415a86dd499b62e91acfec445f4b371b455ff65d7899c0a6ac05514de9e10e48800672223bd2496599292044d40b32d2e8e58c568e88
9d292af3d457fd01b745740b5acadd80db42ca2bdeb42c569116be532fd6be04bc1be1f6b81f7033322cc8606367f4d20d51a5247740b5c998e5e559
4f12414abee5b30c15c7988ed898523096884b6bc64ae408c663640a768114b9d8ee80fcc9931af6a1ea2ea992b88b446dd4d3ea5a4e3b536856c820
e3eb584b371005a7275a12059aac040b02f4bdb19684dc25d923e21a856789f87c5fcd5b189674fb7d80ac59762daa144f12d963945dba9507fb528f
8cb6f7497ae15b300eaf5832afe76b0e4817a35cb5ad3cf028ac2006293d5c260cea00f625db9b963246149005bb6c7203caf4e00688e4ad6e30d0a0
592d6353092f70bb55df4c5a98c2c5bc008905ed5d5a161a4a3c4d26c976a0d2c2c73e6d42582a1390ea8b4a8ea6d3fb5269e5cc6e810bdf937b5808
a5a0aac82c294ebe0ca39281e84625bf29d8ca17a6a11ed731a4908f9c2845368a651d4cf3539ec36bada96e7906cc6a6d4600eb51d2e96c61c6409f
ab1786ba4b1d5eba221392590f426f92d1be9116dc7e45590bbb1100cd070954aaef7b2db0253d2c461047938d0086a53bd46161208d8ff60bafa33a
4c6a81172ce91cb1ecc8da61fecb24d7f6f92f3b7993cb3bd8a7cb5c56af127c60372befc2cba6560216588a92f1783022d740c174944c19c70831d6
4a2083ca8db68e412a2257189b92f4f7e5e0d208ea034b234d7b61b47bbcf5b8a381274139945d016a993c22a857079fe56454812731d433af26bd6e
36932cf0b2a5e0065c2b0dc19481d675969316312112d1e9378244626ca72f584ec2a849c2f294cdbc2e2656d31c103d7413015d5b6b874cf50fc353
b264447890b5bbfa00f7d4e9a38e07bbb32bb86eb2c2d407ee3a8bbaea833d5695714958eb5a1f64af52e6ea83e4282c57588eacb3545cebd4bb9cad
4c4e6710bade14165930ea34dea254196134937fef2ab2c3bef0b6f5bc68475578e75274ff3bee2eb94ccad22a555ed1f495cb3a0fcad1acbb212914
59cb2aec48d572aece63c3f80b90527497e0de3acf56da8ec2adcb0a49292867ce4ab3464e68ef8f0a4b914df175188aa43c565ee4743c5d0dbcfaa0
1e0388e5f601b5ec5b0318c36458adf00726231a8a9b5fbb6a1583168496803deb490ccd4d56941a39a6e47b45e6405b7a6a1ccfc50b4a98abd2a725
f8a90825b76bb846507bf26880ef56beb07fb58a70f225694815962b5b5feab05c8901d4845b6f6273154a9efd8c15f9a41d4c57a9e389f9573c0698
9207a824344384fd993c20f7a73bc02521b1b04a25d0f11035d1e8247b60cd9ca340e6ad4c9f102ad542a92e35738eee002fd248b1ad19a220f9fb05
ee75b707134b2ef30a90fbe739697105448354a39a79243659653c87e1cd950799694e65ac935ae092a64f7f156e4da7d4abc83d9da4bad432d6c13d
0e200543e191c1a480f02fe731ab0b84b0949bbae0906b90ba92192c102baf5c7ae517a4f3aafe9ece77b3e6a174cace53912f259933f38ea6a3126a
1d7a8066858c29d9ac7618d93c6845d23a034da39b9da5b532c9843fe8cc58af17b7326092d9b45692a3e91349519c2ba7aeb8fe2e195d579eb285e6
6150937e5fa1b43ae75665223fcb9f95ecbfba071ebb4d6feb90074203b3a23818a3229575921a58b7210f84fa6d40a53e37c6220b2f1b2e11dcca7c
25cf3d0e7272455f3c1f612be3b17c86ad3b3dab66054315adaec880da65da7ebc9a08e2f6b5faba0f254dd3daa9ff68564317f52e80ea39f983919b
4f3d1e340e781ac865ed1c22159aa7736356aa85d9bf73ef9b250fab9da99e99f76efc0897161d6e586184f3b1876f4e17db68ebc9cdaf4921915e31
c1742d307483eca78820046a85ea553809b0f7141f0f74f84aa53fd2dee3ca447b0e15a9cc30e250918ad82e3b752af3e83990a332b6cbdee30a3b9e
2f2a57c46ef9a6fdfa78b0875915135626aadce9cddeaf755c4b4c6e003e5fdc80aaa304c93a54c7ea8a93633e815af15849120f5df91e9f4331d669
10fda28ab198591538c32efe0202b4f8033cb059c49757f821f566602b0fa00c04947a23027e482b09eb70324aa2aef3582d57400b1091afc328271a
59a91d3a6c028f9c1727135ee9597488c23a0f5cba02db407afa1ac67a5655e066adc1869fd0c1442b8d68daa92beeedd915b54606d64866ae91408b
c456e4bcf0e5c335f22539d1dc4a9b99e328565eadb315644db8eb2771b2529d71c4c14ae5c4cb9b07f2358dcc2350750572347a1e992eb5d90d4021
8b8700412cfe802c48cac13a9c72ee92191aec0858a92dd8a3b9169ed94d75dd2a15fc8ecfbad0f62601b132c9af0dd26b1dc813fe9194d706ea9561
d57614ad3429d92db3d24366bfcd5a39758159c9e9b4a2709815dbb4d73ae6a10af8c38a2dd2eb4a32d119765dc90664bf5869f6b1dd7165e4b2e34c
56dec1f2c17ddd780fddfb631beccd9d8e25d0e429601d05ba6e5c567701cdc45b0c97aed2e20e78c5d81b08490b6c285f1156942446d67d2ca170c3
4c643ed9aeb4fdd822b752007b0fee38ca2e2e2319b5b703b312d842b6e2b9b2fcf8a4db462b5c660e6b5969c3919c5bf994af4dd6ebc1e597605af9
36af035156d85c9cb360a547cc0434120898479c8441134012db6491c03b5b4e22b3527cdac8b7d2e5656bec7a8d31f409039f9d1466457cce64abc6
f618f328aa98d822ab6261a7aec0ab183ab86ef017d925be3d405e623b1bc25fb2b6ef464165bbde36d1d824b5638364aae1d6e260855acc4351d020
087849b706e4a7d90d5640115586cd38bb4cdea633c3466f8f64f606a3411603d842e4343464e03cfd0177e6ec1e4f34102223495620469e3f45e41b
1e92cadaeb1bae30f9c18b2d8e9ded06834cd52593f9fb8b7e8c6fbc572025322dc3c8e05de9001b8eed5974bfe1d1553b30b704af6af4000b8c37ee
0f6fdb9a7812cf86827888b5d91de0ca9491c4cc48467b1e39e45526805a47860a67b727f98afb6d388467ed910d87ee25faf7019170c860151bb237
786efc1cd386dbe3b66d6e485a6acbe25608a2a6884061bf2cde2a1634d08805b46a908767a718025e8991397443287136880b258bf8eb86fb53e1b6
30b83f956f0d48ceb3bbc471533c72e31b523e8f6e882f76f2816dc13dfd5b19af9649a3d9169ea98a1b6cb039094f0885b9311abeaf5a0c2257469a
c1c61b57e2b91b0ff18b1cb01b6367ec35defab13ef8d992adf23138733bf89a1c04b055a6927419595cccfc2a5c8f371090c12d7e929f688352715b
f78a37b774c2df1094e338aa0d2a469666bbad4cd5a6f6dd62303bc66e43e6ffc52b80a44ed94bcc9b56f6556cb410d821b8c142e0f8ed6da5d8959d
7da381c02c6a5c1ad7071bad9a5a11a464b21f75c3d5ac702bd3ac62da87a7cb2949b78d8f381b009e07bc7f37eadad15de28544a93b1bf3acca02b6
d19e605fc7065fd78d6fefdc2a5a06a837f67d6cc8bbea63f6d6b59d76ae12c8b8ed958d653c0c90cdf290f7dffe9c6de72a789df9709635f76d683f
32ba6fd47edc00d606eb801bae7ed9bcbb21a8289bc71ddc0786e118eba049e16d2cc7366cb81b76937ef05ad9a0bcc169e55c3c1b9fc6d2e9646386
26e728db4e2a952e43de7a99e0b2ca86102e2b2707daa04f3994783b91e54f27cbaddb3692efb96c88374ab7f1a0c6c87bbec1c3f5b08b74ebfa57b8
89c6732c82507071113422afc8db69b5215daa4d3edb306644572083af95948b73f2080b6c46c20192a5ceb7ef0f8e28a42002c9ef236eb07538066f
4772545ba477a46072f6a01da68ed6615105584c7519ab20b1b2c3cde61b05fb834f572695e9dc9955dee047f480dcbdc91d1e18c01d9e88909a54c6
4b55e2503bc2b56d6ad9470e26adeb8e706d33d11d5eb9a8277b5b45060edc032d4a3aeeecd05783c5cc0e3f9ccd1e3bde683517dd879b4d5c719f41
29dabefb0c5a97436a1f8694e20a98c4c592f699c258db6dc743abf9d3d26fef0cd7b6b774671201cbee9d49041cd9bc337edb91ca3bcd2eb73285b3
573ef06421d1b8c30be753face3c03b7a5e353adb7b5635e010737ef81c981356be411b0236f0f48e865b4218b804ff57bd7c0830f1a3b93a54a98ec
713c2ba532353ba13df2692bcd11b9501d01b623f7699176b023a2dcb7fb77dcc673acf58e84014e40b6c32b672fdd8e78f26c84c02b6771bc7775be
641d42f704daf61a24a83b26ede154330089d2d3a4dbbd6ac57e913d8d75178850d87db4dfe955b3977bef5eb526690423f20d38ce73cfb8d4a8b3f6
3eec563afaef88602fa61b3c53506f03f0b8b8b862c7ac45250cb5b2c16ecf44ab7bc4b29b6c0a0fd266328c3e37f523bd931e126f654870d9b07698
bd1a93d11c86d9cb8c75a8f08b3fa190779f0bd98c3be57d3dfb90f7855609b1fb1df996fc24e7be3076d8a8aab89e6bee8a7703b22c527be516740f
b8d0e7abf47b1d50fa8b3184a064fa24cbd11de9936ebc6ed8c54c102bb574cb00e6f637375a692030d9af7c8a4df3463496dd14fb4af47bfd56fade
b4c0f084154f8b4f5ad953bb774bdcec574df66d20465f50af351ef8c6950d73fb30cc99c836d28ccbd002655fd861b84bb71ee917d32437cec12072
b1fd3b885a67c21de15659c6839d5aa77915730cd8b3bbefe4f1e6567c7e75b1681c3e2b69bafb316854784270935f07df8fb1f53ec943b423acdc69
0377be962a8d6b3fc74159dde30a9c8328f693c36b114e1c9ccd1990d5289b959c145246ea8944fea6b4aec2851b83e5334e76d2ee17aed37887750d
2df8adef1d7149d99ca33b9b667bb8f68b103d11783c68c8123f3d1ed4c44517075f529afc05e84238381eb405443718810fcf32b30224d1f201df52
d681e818be2591e681b40179710f202d11ca31e29492ca203591c981b8253f6a79201edccff81ef044e5eaf13825cd60e2f6ccae801cd429f298c794
34052a5032171f7c9fd4a6b4638429ddbae085040f3ae32647f4178c98f1ef744368c71f81eabd76f8018b60f565a1238c2d27b0c2d81e5a0a8605d9
b273e02d791ffd8e48e9e8c58a036e8dca17441d05760c6f9476fec1bc4576141f08fa7642f403798c2c920faa2132451f5ded08d5349a78622e6e00
f4cb967d301828fa036a76c50da88804f70010b4cf8e4ce47a01f32052cd9b9924ad371cc80b69b3db91292e8d5bea09d50d1031242dfc40f0ccc3a8
1e6a81a1a6614f9bf9a05a204bf7c16ce3be447530cf9159ec31f21a49a61fc83f6e9677f03e99af591d48e3e808ec03798c9c1de7185a42f10754e9
bc1b91b8c8efea1ed41a8c37245d74f2faa392eb7b7b0e779a17a772337943335ae6b6bb2a45f86d102a6de6097caafdb6ff101fe3a3e75107ee34b1
95070a93e94adcb94cb793f48463e5d668fafb2748a3631d1009115d6b883e081e88daf6a31ac746fa90b839e0be4b76981fcc486e47f0b171f50421
e2b41fb25e1f10f265728f448a70b08fa550073bed34e6f6302e159d8f8f9dc152c915b0b25a1ae0059fa233d5b153467af90fd8cb4cb24c3464fbd7
71601d3c09c45497c9bf679485155e50b35a7a1cbc9667fe71d03d6b02c3ab947efbe880b5e9b6140793960b2dc33d671606f79cfded0722a283d317
1eb87eefa7c18f732c9d868003af9aa24f660b145a78a1cdc4005dc5aad1c1444676bb1e27e7e43242f00dc178635d035c44b3cb4852eb19745d25d8
727ae0ed1ddf2d3b7a644cb9edfb6b605d33bc0653760bdaf83c42c7ba7d2fc7c5442e86883993b58ee7f02e8ae59eb02ff97edb89fbff0ee33ef18c
a4e324ce07154eb18d13da4f99dd01a8598ce77cf0c022267142d929b3cb83bb2daae08bdcea0139906ef7df4e682f4587e813da8b235bcf892069d2
5d7b090fe1f91c19ba45cc27afef9bdc4f3c6c630fe9c967207d11f69c117d36b9419fa5cf122742a26f37ee4e24d8f6d37f278c3176789f7ccac6f7
5ecf8057181f6e90d8403d063c00216a3a037c158b47a08dda2b05efa66d29279c9945a68713ef3c16d976ce8807ad0d7204ab942c3d7995cd4efa73
783fb5c7cf88539e69036a8cefde9e78e7b1488d39611df1fdff3351f5768789200849699086404874544757d07c69ea4a4c6793e64f114127d26717
6f87ae050587da9e88f929521fcf8cede3d13267a809e44148fe80863ee93c6719b4a865c20b8cb7752e1cc2657019d36aa100d2f1e3c42b2ef6909d
0820b687f98473d3891a4fdcd2af0fff8e4b0b8bfb3be0c472fb133bdebf0367a6e4858e05e9c367d7b91a69bb0c154be2eb44662547739d5dc30a76
079d0badbb42f23216dd1590980e7a3a17d8a4bd4cf03a3e241aceee752cc55ba52216de3c8acad2c31df20198c51dd263a4322eebfbadfa739d0991
9002cfe0edfddd7385b9c2511be78a83ac4ec227a28b1f26ad75d0bef00ea3cbedeae8b9f22d5a2d14bd8b37b6b682314a193a6174996edb6904134b
8c9f30aad869746ef02e98d5d25b68eedf6d2a8d76dcbe12044d7be3014c16dd138f2afa1c72225563c9860919908a370cf4ab8779c20e0d2eb90c99
e950f313b7d8265fec3cf7412eee92142c441e5c4d619aa1c48eb73a69977134d2798cd83f95a17199428f8107c1700ca03c06b440e3e518401aa87e
19da6f639cc8516d03e77942ceca7272c27de7bbce27e2a16cc33bf9c2a15d94276e98dd9e843e4fe8c2de9770aff94588f3e288ea00de3527ed3f2f
3043d9534f0443d99b7ef28a9919d58595ce2ef36eaba78084004b710358f36d623b2f245af094e88e73c4cf89b49125fb03fa1f9ee5eb410b9cb078
c13f67d7f1f5a0374bdbf47a60d2d91fe0955279102e5e7beb916c9f207f2ea45bbadd29be18fce510a40ba1cdf66d5f7862c56ce4a27e269bc88560
b047f5ef9dce1ced7f3163b663d82ef8f39c2eec42c66ca76db8a8cfc9a472310eda08999007e0e1ef11032fc5ff42349a13965d7829d167fc6ba2f8
1280e3a144edb50bc90c6af200275164882ed09566d463d5163b79af79ec5e0d31d3209e5c416eed65c043e276385e4c6e20ce7a8dace09ad44c662d
4dfdc28b2dbe9c72cdd8eec50370bb4f1e013c49d6968b41d437a0e9cd93167c05dc561103b9025dd99a357c79b75bac17eed8f9f47ee18e9dd3025f
781bf1a6ce5dc8b979bbc47cc1db67a3c315680915c7b89033bc460fc91804a305febedb3dea0b0e3f5f63bde258097511f18abcc98739a41c517745
4e4340c1f866b3c6055b9b2f545e71482437008f30c1a701a3309d08a3d0d08d6dc18fca5f7ceed0613fd7505b7582b912a8617199acd7988535ae64
c30072913df6caa406e30d69a91cc47de1dd175fd9bfe0e42b8e23bc10c677bb787df12e5dad1e0347c1c55fc03e9b5ce6bb0b9a25d252f9a8792101
c3c30b93a13379ed33e664b4f1eadc0dcf508deda0bb0a9f101380d094db9c844698078be9118fc058645ecce0e010bbab209649e7e7abac6ce01e40
e1d11f0c0ad74215321fb34f6ac3d2802e68c3be507321a195e3352eda1f75c2b816ce41584258e0e26dcfa840b3679a237528bb90fecad7352e3e97
d8e7fc29f20719498ba5054c97d56bce87d1a5e75c88109c1cbe77c1035a1c0e7ae1ae80c3962e7840ad7a5fb83a304597bb19c897932fde1c7088dc
055dddcfa45d08100c8ea5b89090bd548fb81303ae1840fb0bec7899032e6af3a66478549d19f25a07e1a9c7756c267f41396ebcac5c160dd93da8c1
0e960b39d96db8bc680bf5a5eb6b651c80e5ec8aed53dd80a1152e5f044143228585c345af0d82da94095d3f38b1c2b571c36b69b6c1c63404420127
af358ca77ea1f8eaca7eb1dbff82f1d48ee86b27da6420b810c86793f4b50fe6ee0aee6099102ee64375dcdc05f5bfd80b71d1dcea0d85e7161d0e71
4155f7c3af175cacce137ae1e641b8950fb4174807628da4a45ed0cb7dbabde053bd6562b8980bc2d1c51702ebfc48dd758e496aa5ce3149b7a015c1
ac1099487d4befe2d3e229b8c1c12e847b28f3374517cabceffc5ebcf8e7c0b38bcfc93878f542ac9cc3f32ebe2073db88d0e7fd84d67591bbcaf270
75fd3d2eb71eb8533d716633b5044036533d44d0b45eda3e9e0a47abe0104ff6da2ac8b0b32bfa5ed73dfa564697b37e47ce08251e6e65f0a7a421f9
12b8723cb40a4afbec8a841e04d3c45b5f4965f286e7dab40abefb953d66450fee9127fde02e81b8c93d40c99f3c04c29a9e42a995295aa346800554
39565b99abeff2a0518dc0470b75106a1588c44a6e806d34b90778cd8d2668c4fdcef97f2d865a632240f0233c4e774e5b99f3d7a2307398e2875a05
c4d04308c14be28b1184d70d9daea45524ae817ae8da6f5492fb7672a7c6154538d05495f3a595bb205f82cb0165770004cd1a71b88db33be4b68f02
92af0f06d35e244c5a03b8911f41abcadb278a2a6e15e0552e439595d7a69569008aae80597ad108bc8da26c52ad02e1e3a65d68b2cbad4c10051293
42244d3271bba97de676d3cae6c12d3520dcce8fd9a49a89577f01ee6924743db61d0fdd9e3cc21c004921f4485e2b57ca3d953905818cccf58bf72f
bcd8bafad1ca30323c8433e8b14a8ed08eee383f14f55f06d20561410641330ca8adf70e78364c9a41a1683797438287c5fc6121f34e223e6895cbed
0320cdfc6041544dd290bc6ba268f25641e24c226fbc4da86cc1ad8ce829f38305588ba2dd05d7bd16610d1922166fc061c335a5f0e9c16498f0f4e0
625aa5573c79487ac51f02896f1366934a1d93109e70e9743193aa045a931cef7c67c330a014d84c8e1fd563571dc34ddc0c43b0c911c177c97c65a8
8e5e8a9576b95b17309b15c1b0823c6e43d244644e03dd325884c1503c993a361e683d4d5e83cde65ddd8f1ea23911d2b82e267164ce5f4c0c1b449e
f1ba215787299839299265242e952ca668be4b186e0d903aa3b80c7231316c3c777917323f5ab210ddc9ba6e15c8e7377f8a21ae3506b7366ded3875
18e9fb40ba006230df4d3e20f399f261b63270e81d750cbd41431cdc8322ad833872993664332a24cd7f1867c7004130c1c89c8dc46390b361a2eeea
32d2ce9a559d5412d5016ccc8b39d73990ae0e86135feb3a8ccc59933841bc66efd4758b7f1febaa1ef98ab6d902f5d4a2112ec46b79b75c844020c3
087ddbc1d7600a1a915ef89b0cbc90e4cb220c1185b775a2d66a81c42cb4e956418b9274890949f72de9275cf1953ba19589464d6a8251d9eb343d40
8dd91f703f1557f4f727a549b7320c1bd11df0c070038140177fc1a5d7170c5ad45d9956012baa61a09a2bc44f13ef0a08d3d33480141a261270f427
30cd79dab8763c0597791e48ae2075440371819b6a16334265c46d27eab522bf691e98161e66d0a3287ec2358e45cc761a1733b21b309ce7d625d401
91fc140082173f508eb94bbc8eb4884227deba488661dcbaf0f2071cc4c5c9a64093b8170ba65a3f54d42a0054111e90c77659fc3b4e414643805aa6
6d38f131475dd2691510be8b66153909ff3e26e11ee8c713339a2231ed1ef038bdd7368e4909666abb9e24c20dbcf3273ebebd78448a087f8fc4de12
1913ee662c55fd21fae0464bb0b1eabe6d2b3398d02b4dddb5aa43be9aa45b43ad02b9fa3c62a6acd794f310499f9250bbb5c606abfe1acffce98435
21b64079025a197ca90a3f995bdc94895c65d5f3c99c8f88028aaa79f1846bd54bd51a33955932e5c2deba2c9a6f015154ffce19b8c38c19b80c9258
3483619f359932342178cdcbe0081e82bcd69cb0609293cbbcfa654687e467375e0a03aa5c39adbca2ac49f1512619905a054d29c93de2468e4ee313
e2391fd2a626983cebc3bf4794fd7b46599364ec66f6d6a8b8fa69e60d0be75245099520fbf7b1f242741d58f2903c4148839b561e6f17f5b9f2b52d
f539e2158cf9151a91b4cc69c427247fd1d9bd2d2bd34adb8c09149744aab4ca09e19ed5428c9744b2118df8cf2af3cf8470cf1b4be15d661d77a791
9ac56c6ea347d9f484f0cfeaa5dbf8404576170876d16170dae93bf41ec7dd643d24dfca58ccc9bf238cc330229ca14e2e579485d69d100942e46151
c85f2b13490210d1a3d55c8119784d5cc758370178d0906c79740c34bb82871c33ba63508bd0c4fcb6c9bcf264389b6518a20daa8e3913833783b939
6e0b5753c7496dc1ecf91c8ba7d5e6fb04c9ec84f77fb3b72e72d83e4c92d0fdaa176fe87e9ec74520fc0178c1ad830504e60eb03866e81716430699
09974baa5932c20df4e6642b5f283f113b4331d45b30ad3c7146b32a022b822a28428a3fa179435c7e66404074178031b807c0183e251eae354658af
566d9e9045d89d4fb86bb6b88ced214e344fb887209d70c6c5961afc7b2265790064934bfe60c511c603603b04ffbe1341eeb14d2f172df13c610982
cb785d4a9af1cc5850658d6915e0d6c10d18f1210933cf3484eb6036cfbcafec2f0abbd49833edf7b72f4047c1e58d5fb80b42ad55863d336bb7cc01
84135d66849244f38c970f6e4043a70cc58866729cd90d686cf452766f7f586e0d2843a402ce08380d0ab46a15b8cbe5324ca6d14077a5b254a90733
9f83523a9d5641abac54b899de7f8576b40a063164f759807b77d1a6956f9845da5da5266e655c079b5da642910d144cc9b711b112528467268e53bc
41aba0c552daf9cc943ed9b3e88ae76cdbc59c382bf1fc199aa84f08731ab314aa99d447bc714ebc6fe96d91b02d4cd50c83956bbc55701a1a229380
84275ef7c9462cccacd588e3a3e4d988ca1064b205cc348366033d52e37a48de5c95289ce1cf9f0c74e1c6929e33177a4e0443e162fa031ece167f40
e79fd7020fa3576952332ffdca5ddf2a8097e43222473d4bb8efb37701dcf57288b732d0e49dcd5856038047429d8ba45540de273758716940e5cae8
59a3ad6b8fc13269a6f668ea62461d9302b5493340e6c95ddc1e292cbc4b2b4fe5861046d0ea6542acab9d2f336ca0d6ea67de1ed609795e29b81757
20959f69adeb79a967f4ff1409b4f18d177dbc51224a219a37c6f60a7ca6bb3591303fcd8d77e25e6ff5126d74f06abe7892aa9aa8905caf9a950eaf
b5c91486c52ab3c54c15d008c545e0ea15a20aa8e3fd4c15b0b83f4887e2fe40c4d2496778b0c3adff9333d40c10cf5abd13874ea80f609aac26723e
ca60fe83ccb83e5fcc07494e000f9dd24b8eec35d98ad28c7c7ed5dc04178caa890ef78b7479a195c74e76c5867de429100722830338306be0130cc5
65a67273795081204472dc68cde644a60a2b1678b9b3de3a044e2d606187acfe9efef26cdd0efe725b92e68b9a9b0e6533ae07550b5cfacf8d3324d2
7dc84a3f0fefb8d77d44b71a29483613cc5ba86e8a5003d44bbdd3decaa4ecaaf260c0aea0a492b80c0f0647b84790b294cfc06c33d9657aaeb33ba0
a6239539503d159ac283a76bed8e300c91da0e61c27502edd7408fbcd239b50adacfc4f2c2b85194dd02e7c0e23160399fb4fa815786a45684995bd8
e505964a6172ae8441430ebba1283e40c57b5437a0240a6e70c15c254c05aa11e2c32170d76993856127944215f82a822dd101e95a1e0ab96e15075e
0bd63c600734af0b08d02c2e0f3ba03115a906b8873880985551e1fed490913bcfb88a34eac8b015989cd750c390a74b05ad4cabafe934722f0a2864
6551c84d2b732fca271c12ef35c89415860a163e255b696b0d4b6170fffd225f892e2feccddd53a68a5b040678da5d14a0a029023487cc83507105b9
81385ce8e6bf60ad32c08dade7ac5a1952c404067360bdfdcee000af6d1e14283422f1a27218b61f78a8901d2014648e114f0c8592d0245a78caaf6e
015168e2e816bfd9e7c15006e604259e689fcdb2ba4617f43e4a2bd340637e51c82fbc2b86c14fca72406a46cb9eb0d05661cc2c7419698c654c4b63
f021775be803332d467749dcfb83b1fbb5187820c116bcb070dff97750b4e9b3d245eb7dc70ccb5e2b3eda65091a7803dcfe9a403d50e22654a646d2
2c87dee76d56b9513d2ba4528ce6c4ccb86c1b7fa8845a6881f3bbeaa013f864a98e4a01cef06a4e800717aa19012f49d9241fe00bcf9e039f09b3fd
2120ced247ca804435b69f04d820e75b077d8eba65d3cadc24fe1ee47583907bc45b9d26479d070283282d52e109af263ee47e2e46f246996d88ba81
313da45d879e1cb19535032647b42726748363b909ccae8ea68745d54e42886e90d14053600ca5dd16a1eb9fad813fa03e29153a747d32e82a520e5d
9f0c0fd3dec123b0197457285b8f1ae1a088d611201c0810900e1ebafe17ecbb084c6e28652a1cd47dac689cd40abc7250f82633926e804ccae4d7ca
0cf0f21e3e396b77803d1b8d79844c86db2e3f79f151435c94d0deb5d798a6f07031f9a6cb70f17b475d5c9a4f0a8a0b5d1fec6fac08c08b487bce20
3ed0dbe432d581c515dce122ff88cbda8e7789dd09dc7a78ce304e6443125311f6bdeaa3449c80e6c90d62178d52b3e3c41956950bda67951776e80a
e8838bcb14fee2ad11a967aa1e28681534c98bb345c42a56bd50d02aa8398951c59998f2170bcaee92bcb1ba621087e681ecd54a67d0ca074ee1ee91
71f0123291f777ec3f8901fb56cc31f2c277bc5510480d0127af43eb220d72d1eb1d46064095199be4c581c14d497a5a995a49720330230f11696197
792422df9d0fd791f182d1984cdc027237c44461bab8026f893e5ca6ef5ab2322686b18867c661cc4aae0013550e96563166aa4e339df0c27e261795
761df3805333c9244c4191614698fd01f50c132693d5585589345f29534cab201dca17140b56747603dc9615c78965b8a70454d7864a3176cb408d1b
0c4ca80bdcad76d85d5c280d922b0abf509f0b687f7683b1e6c2042d52d17bb64eec42336716bbe22fc014c4bd63d74d5ad9ed61f3ba7d4f3ad4b131
56448d6677c89ca382994f3739be3752d3b07532ae5c5f4998087fe6e4b55809932635540b591ce24a31e9f55d213074728d306bd9851a7943239a84
70dd5a09765b997255306e48d468bc22eaae9801f036b60de871630e1f41d0958bf4d0b1236e30ace9101af9b8ba4d7b118f8a5a82c41d725a678c38
de8d289f923dbbb5060a837bc316d23129ee3c146777bf52a20a0348b45cbca776c4a3e9a81f47423c53d631d65928a0a621852dd254e52169aaf249
3e1e83fedd25e85f27b3d8559156160cddb559746fba9541dc9699cc5353cc864f1ee5aa7b2069094f27f12490608af2b92b9e64ece61327c4b254c0
787147fa8b6e8c6a3d0a2b17b0622e7041d698702e7205239a8a8854c278f1c463dde202568c858b9cc8a4d48d51c98a70842dca71aef1e29695304a
0f28bad245d2f07dcace9af8aa93f28db40ad09b444b7a8c2e55312c41d28dd334d6c615f4ac547f82d597044c7c0ac3beefc4a730f4504aabc0264b
2e63e2b7214e8e595441e124f697bac2527c3320cda028c9a63463b524ee12730dfbdc9d66ca0969c369c6ea18c6198c41c22dcdb4b8bbc79320b902
97be3d893016433dd01aa5e447ad021423669602885a2c3c052056449f689b929e97f8d2ba0d4909b78b6d2a4848159c6f1d5e703d6b8e7cbfd33696
14c762575540a3d22e497110b5608884510bc30b170ea94a116b2b6e9322f99387c4c1c82b3b9c83d297139c83d632d2b04c49574d89408bc7a70422
17034b8978d6cae0d94ea51b6b65cec165a8ae626f29610ac5fd43c5cbfe9de25efa59ca83b908665c254e460a5527131fee09eb0592561e6876071b
e728b4c114e5ab3309177db369ab807d954fc961da1a47d085e02ff08799d00af20b8837a60284c9d096f8625631990c1fa1f4cfb4f0782b5d3e2d63
d1348165b07c6115296ccc1dd3c247148433dc9eb0644ccb0042b3587859da43427770075d290bca69d0ca13ce2382b95231975a972a8f17b3bf40ce
1bef275e8e5012d056d135607b3852055331174294999eaa6f6546977b4356882d77b08edde10a3a80d5e350da74c24e2b1f6cd610b407e9949586d2
a6134d62d29cf95641a0dd23ce125e181878ecc54e4347ab1e929c51306f7c72cf653246b3d2e1a094e84c1b8f01d228123315fb6c9136f04e693909
716ba5780bc2a769ed36d165f9f098bcefa7596ee4ef16317c41ac981c76680c66548c6bcb5ecd1d42c9bb9c6626332e5cd5b55332d1cae4c5df79b0
0f1ea112047f01d398d9f50e216546b48f4978485cac92ba9b0e72aa5b05f88637eec17d6accf3edf8ece5873668552d1ddc04d6390e28fd26d903f4
e44dc2273f75bf3d2744c259714a5d5dec2fc1bb028f95789ad00eabf184348656cd126e48cc4613c2e08a21c255df9b6085f63879cf4059f4f35fad
024bef395f63e905c1c5953248c8bb13ac675d4082952878268bd2a635a18de3b7786c46d61c1b7af303c4752b8f858aaa406e472972f941bf415699
3b24b841c588ee001a51350434c01795c9e4c5b1339eb5501e8656c6f1be7c4ada84b631f120a936709e20930ccd04bb9ff856c60b174eb4dd2a40fb
86860fc5fb949ef114e8c367e63c511d120266be96a609ce3ca4eb6c97471c9b7670668a661fe3f38c0c32c55d746e6b27469e07d41eb3207f9f6631
de0ef590951fb882622e7808dea6580cc34e62349407164eeb325305330cc0830921f0c8b8b8a2df5bf1058e1c98ec677105389ba47b0e8550bb624c
435007865f897be6aebb16a53d6fe54e6df50643978493585fe665626b69b9fb59d3e459c35237eb5892111967ff50eeba6e6b3fa94c9122b53047ae
958c0939f292b9f846eeca6eebc243acfcc27de26d8fe42eff1763e79568bbaa2bd12eade940688e63ff9b70ed2a4e0dbfafb73f710001421442614c
0d44f8a4b3d086ba993da4ac8307d34dc35fd6c12ac716d68d2f5239249655cb9a815dad418047056f7fb0a4e02ddac5b29aa4b4e0c039a8d48a1d8e
31bd2c2fdc5db9b42a4e8fc1cd42291efbf04ff1e2e67d51d40b2a90d51ac2d161b12b4bb7f89e0d86b3e51cc326cb393c92cb8b971f1233535556b6
b0e380c4a1b0aeee3415288c5f36ef52cde13ffe789901fb9d62c3ba04b47b1e1cfe23c356c76e4d15b7bf4837654af7d1a414e7c80bca29afeef2e9
56bad134d01025d56522a03ce5a6f719d8268efe3468409abdb8343107c3d04d1153259f63142fa51bdcad3cd066fdf9e12509955ee926295deae6df
90d8c5ae016ac531b6391a954d3b27f270b349fbbf6d43f625c636b528df1c8ad8e2a832ecbbf6b04890c0e7810edd3914147b0627aae0f340ee9648
b6a1a3845775210afa2dbb792fc7abb26b88a069d7ace56453766f096cddd26a2638e753d62c7e2abc4552d8e4302c442c09ebfe82a08aa0ec8fe5a4
9093331603c5cebe745a5896249ccf03d34cd9ab814ef90a15885f8e91133bbf9c8bbf48a32f367deacc1f329143c757a497fc7dbe1fe394713915b7
f55396fa1910720e5e0bf35d12239fb228085a2e0ea08d0358d19529564fc5112381f4c54675981d17e7fb0081975b6d02197c87fa793f0bc684265b
cd451d575ecde5f37f3af92a2a9f72485482369417e5365aa63e852960177ca16c9b9184f2e8983ff54b43cd462cb5e64720289f1b86d8d5b9ebb391
d7bfb1807a1ebc360f38b6d7bfd543c61f861f335fc80925b2b8dab7b7f0c3aec321249c0a2dd55216626a94b5250631d59f851c0dfc9c6a2772b2fe
46a687946572fba9c18c53527eade55091563bfe5648fc89e44ed9eb67e68122d5fe68416b7e8602f9fd5281bd383881d469208df461b2fe63e1175d
bed1c9179bce9f5178a1e9cc8e572707b7e6ff613e95b248cc02af233e63489ec7a8a64f2fee9cc15b755c0047f856a9587f9fb2783ddb7a958a95fb
de2a588a0b5f7538c6aca53a8fc5c80fe20486c42834aab4baf8ecbafe9322aeda059813475d4c7f466044bcc962aecb90abfc21b558447d1d90f347
15deb00a55c8dd93515fe4c6ce7b6b6423e3aa22de34baf8de577fac0bead0c7e6b850d7312bfc51ac62caa8ad928ac1047555e88acf0f83e674c218
15ce5a1d3026ef8b64647052d5e5354eee556ec6c48ba9cecff6792f83fc1cf06bd1ceb1f2fd586d3cd08553f4e2b5c8b307d57a55beb6e42528d500
341b647d2d05e75fa52c454c4040ad3eef6794ab47192928c3410cbfaa3334a312aed2e2263fe2533666fe419250422e51aa82e67095585f383a7389
5ddb4009a971648661149a77e800ffdab4f720c51ca79c268c3f117bafe7f0fa43f43793487d633df2c100092141c113b9cfaadd8108595203a0e644
554706e6ce178eb19f361c4f91435b951e981db6f6b1eb87cceec30193a3ebfb8faced0389d086d493cc85022e4e817855f11551cad64d722728baca
4ef033b79b35a8ac984d920559bd79e4d307c53ec44fb33ae20dfaf7ba8f814c13bb9560817475d7618445bb0b34225876cb0596fd48a4cc0f92d6ec
0fc6bd8516453373fbe2deb6b066860e3750a33a6d72f05d956520216aaa23e05404cf6183941c96eb216cfe478d96d8ac0129717f9f1fac6663a68e
c10b34aaa0af95b264dba72cc9813895e920fad52ad3c115d9770e86ce30c974f03d45fecb1624508dcb70957a77f96c28af7e77e66ab52aa60e19b9
9f07b2a92b947df08d06a23a703b2650f5d4910e04787a0432c8f695fe00894b0a0696ec25ce428c5c63856608642f405c866a180ec0bb245718e3cb
14a40f321ff8d1a7a1114698be1ae1099bbb6a5f16cec555996e3ebbe6ed24c4bc1fe9a7527617e0dddb5617ec28f718f80cdb0bcc2bcafd7adb5f82
2664244194847a4b618b5492810107d126e4bdfc6558da9f8ed2e95453ea9b292d3629a1a7950a5629f5fe9be8664794448e7e1e983553a161328785
26352f56af4d911f13fbf6297b79e534dd1ceb9cf3785322be42748a6620dc68d3173b99bb26bd2f06c8cdd69191e6cdcec99ce89b73dd2c503d89bd
1a65f9f064269a8c0b7e8d1a0dd2264830e061e4269f3cb3ecdaac2540bf674baa40d726f765b0719b47aaa494bbb4f36972f63285c879a47b4d5968
fd53a175979d0783c654b908e34475d3e40a432cacb6d8123c7d581405bc529636bd53b68a96d9373c6e54289fa2c27b9f9a3a1458439b2da639de63
02173f0f248b1a65734bfae4f88fd9b99b15b4fcbf4abb0389ab03d864141dd93cc0b1ada34fe9e4ea75de69d11add952acc5d99495b7be239d5d611
ba36e553eb9cb2268a612bdaa89979f9c97cd875581fb002ca98fab458bdf74709d15e78ba4e518db7ea33fa3f25557d4dcca54e0a8155e21b4e1bca
56265a16080bee4acdc98b93a6e279a0894e64e5e7c1250ad3a72a11cfc429e50efe6a4d3e2fb52147ac6b650cecf3828f536b8aeecb8a6bc562820f
3cb3d956daab6e7d680a73bcf0b6121ab435d398efad7dc5fcb509bb72706a5d1b23bcd48b7f0809ddb7fd010b4d260a3fa6ba8f71e3811608d2b19b
a6d4f822d3a70f21c176a59c379ba0291640cdb994095ad3b6c12b54f1ea6089efd8ecb282647aed4c9f132cef077ba4db9b6986041f1b024ddbe67c
17a9d16837771e4d697eb0c36803eb460fd08c7591d7ce9a4800e2f682dd6758324cc2ba9f5110969de0aed7e7fa29d3c0ee0ad3c911de317d345425
865293252a767aed58fd416814549de8c30b551b31d3da21fb6d66fa10496cd64e13c4cc1f66959c38db2176fe34283533dc68a76a1cf4da39782535
bc5876c63da4d90b26a9539e07923334796a98734a69a74fc1c8db17cfae897dff949b2ac8b03a442431c29a4244f64f8db7c63d154a053c21e05fb0
ba6207d864ec3ab1c9098a628cd02e6b70662af01e1538dc2edb4f82372e0ff4c417a7eba052076ea37c8b8894054f714f6af7388a85ca013f03b19b
e1271667ed16c34e5421d5d9a789c1b0fc6090c332bd7d431f94dd15cb07cb90fea7a1cc2aec76aee616afff69f6435397261868d7ff462fd63c18bd
f8a7b350ff336ffc52b65ca910b859744180349e017efdb599786ae007bbc8537e113896d05d8ae52917a3fd67a56cb8adff7cd7ca1fafeaf91982b4
3834cfd902fa3094c846d67f969e2b8d5865c81f5ae733550a5f346890ed21344d9aa688eb3e89a44c7c9771ee3453f61a4dfb7225c223becb95680a
96e893e9c934cc5a7111ffdd96b61c78fbec1bb5a0bc2e3df134f38777989cdabbf4c4c9e2fe46bf710dfc216e67549dc8870be23e4bd67dcada51a2
5fe9c2ba8510767de87a6156877b24d478177a2d04a5eb8bbdd5287b1b0b90eb4aa343689fbe6a7d2cbc57e6137ab5fa701f39d0577793b29d3d3375
eb1045a171158333b23226203e4297a2961095bd381556de17f14e30522f7215c806d0cb60671e2c1e9490582cbae8b4ddbe3f8bb028f65fa70a8b78
184cdadd895ebe78f7218af796b770a003f54cd4a85eb228656d307f681af8987e2a25e5ccb8182fc390c2cbdc607521e029db58af5e23d4a78943b0
d8249798ee7d00e2460b4a78904da5db0bbc50769f5241d34cad94d5a5c8ff2e74bb803dfb6b905b3186ed4e74533f0fde5304d0b377b550281b7123
385e34fb81405d4e5153a5ec151444d315f531492d9fb2ec7198962eee851b8d5da347ea03bb22fa044d0bf113fb667cc1b06c9aa8c21f96248536bc
84ca3fc5eee99b6705dedcbca0d245eb6909f3d29dd19b4343df35ac39d1f65de29989975a76aa5460a1f0f96004984ea7f7c15ce9a4bca8a640fcbe
8f05c31fa29a81dfb5cf21a08f4174e6fe30b7a502d9d24e41f47de85d1b3fbc0125306aeb76d1469dd18d5e19a7c3ce125470c84929bdb663d5e77f
7721f32873844218c97e8a79d8569d639c8c01fd541f909dd2a47297d74fe16d264e6a51bc23bbd4a21370e9d582b624487dca864774e11aa2910762
4e24e32529c2a05dde715861978dc5d8932ecd34ac708946d6f43df23ca54af95191e4a0df83c84cfded9312a2f1f61a033fdc43b2f040c28e9df356
9a34d6a02d0e3a6d4a5d41acfc7e8bfd0289369b1ca058daacf9c4eb64fb533782fc36479544b3b4c9b32a69309fb2d82dfcb9bdc8f0a304df8c0c33
f99b3cb116ae9ab79fd9275be966a41786dce4373e41c14feb38b26a736048bc50374513c70272fbc9aaaed3a29775c671fb69b22b359efe8026c591
d9533659d462b4bc0d9b029a9ce43d19bcbc092a6285bf192a320fce2289766c7356487c9a36397211767b9b6c68cd0f066a1984c9cb38df2bd67892
0a3f656b71b2ce37c516c7f0783354cca9781bb6ae39d56eb229c0cc7893a2158fcd4d360618936c82928578b79b230ccd7c70992468bc3d0fa141b6
ac13c3bc78ea23ecb6175bb6159a160982fe4f51b4b7c51da232e3275875b16b7fa4f3a6f844a8f5379bb96280b339c02321a437a945571cedb76134
908d747344471c7e36a584e4dcbc09bb26abf753f6cc7f6ab0c54bc65999c9d17f6cc5cc18221daf91101bdb8b2cd7195e715e1c2cabb7e2a33b4bea
45926d65e8ea108f61c7ea459d4ec90e75654118e751e1c0752cea17a6b524417eca922381305b532e35a44833a4c9beb735236c3a219bd1f98f0f7c
cf04cdcd27fb6c2b9bd4967320f9d67cef9a1f5e35e5f33e34764b5788ec06f5d1146daf5a7225ffca66f776149d9b901bee02dbe626d289cdd2136e
19c8edc717af80c6b57cdb46aff8e0100d34618571881ec88b5e480738d3c2be98e84ca6eeaf677a29d88453c8e6c83684cede8c82b2916d72369fa3
4ed80eb798069cf99be0dc9bad2ad1de6ea7811622fa45296b72e03ee5d7b80e47e9cd0e4084c1dd4e8f1b1fc8703f1bfee63833786e6c0e8e4dd0d2
4d38668e466d7b356a2bf13bb7816b324cefed6e5be9c365801ad8b2bd306626f2e1769944de0f92326eca88f2433bbbc9e6f1efc7d677bb8acc84fc
75087abb3963096791ed1ebdfcef8fdd1949d07fed7fd64a541ebc5a09c24aef821098bbed5637a1d1dd8d293e4d986503ae7641843907db5d5685dc
a3ecbe3dc57163ff79ef99f8e3ed06e7cafde7bd271860ff69b2205a4e3340827d728044cac27bd9fdf6c9fb6b36ec5d799f5f9efe87ad68b77b0c3a
ecdd619fd139ef932fb9271af46699fd767f6f4e67e0e53e94410ceb5c5c270f248db251ecdee1a3f0daa51c22b2d86ee79689167ce4abfc2066c9d9
7ad70ebf326f23ec4c387c5fb4d07394d81dc41977997d31892159ae29808edd299c5be3031b1865541cb4995c03bbf6ec1958b2af12b1106d4f1402
79edbeea84dba47d9a234af6b183c3aeabe3a905d2eedec203f4f755ab6e8184412434881ba375db8b6f1472c2d9a55f9a73dad8950b0f45df2e4f6c
f432fbbbe74ff88aef4ee94c24de5daedaa468d885010aa683bb7c55b8bcda950bef8fb92fe658b86368973a345dfe825fe440cbb0548baf08b85dea
a519e5ce5e753c8974da955684502dbbd54b7808ec55ab90887efb001a9d46778d5cfeb0eb09dac8dd0a211cf3775d90ce8802038b951a56772354bd
2aa4990009bb5cbc0942b5bf1aa5699e28db17030a8443981be98730a2db65b8871ffbaecbcf1f66a3bb7c4f708fd9bb056ce781b6ae00ef7d739742
9123dea076db379fa8996d7b4fa3d4da37dba730db9bc17230e1be89c98395f7dd7697885069784896b54bc343dab6ddc024786dd7e5243864df9def
91ef254c580423fe33ff3b724996addc4bb050db078e819976ef228d1a7489c630bdfa9fa7c22c43dd5512ff60d755255793fb21c110acb6ebea71c1
7c6a5780676e41f643a64eac4a696f664209efba699cfecd3e613f3da021f70549f367404e1fb7783f84444654aa1f6e7f77056faedc81efa7520704
03edc6480176bb8333136161bf1c5222c7a15d9a1a92f6ec327123cbcfee347164e9d92f379121ba471399d65bbd06bfdc3efeb071de0efec1ae745b
4796157ec88bb9720b723819c7923de1f8334ecf9a3c7409475a94e36f3432e5c1183bfe70f09f08a2e36f74b5e581046a16e5f11bdb46aa5080646e
3f8f9ff7baecafc7cf5eefa9d1666728fb8e9f879f1f6c73931df990aa8374138742d69084e4981c0b2b6be698bc2d64373c863b4478f890c9178ebf
c74036d9f40f853baee82c8fd9963e94956238e7f4c3d18fe7cf0fdebdb2e31e8a31b344961c2f74696b8efec7e24097a960914f07e3e27bb195b275
0961ec63192da6053b3090efe7584c42866119439d07f26040797c8c907b8d07830bd38642c890a8e3d0455912903f659f89b3671ff6aa85afa57ca8
68528ff7a2ec19177e500ef5acb6431765e40e3964a3f597d3e621af5b02ce1f5656c01dc58691333f68dd64873f74c945528463e090409fa38c714d
a78ba73265c18ecf0f8a654ca0b0432e0a04a53eaa4ff5d9af8fe192004d8e5d8c62f6a86371f38b2236664b3f86d3c2a791530b11a2348e4c8caead
08647e348f5b887e41ca4cf2a9c38169be0fbc883a0f24dc99d96614b1d2a42ca4679ae8ae3243afc8345c7a1ec62d709ff525fd9f8c148eae0e415e
b7823d8df5d1216a1f1de20be7fca26c566241d99f81244b87fc19704e39ba798b1f24fc82eb8fee037820cd61a75d54cdc726810b918e730cfb2b01
ef824de3b1d9b72c248dd0814cf436d899072f6790d6ebd88da2a952308acc4bc76ea10ff3c953974cdec7084b433f5f05cf4c90eb63770e517ed8d4
02ef85a983378f5d2136100abb1803e6dedd05be7ff757ae048e43981c217378bb9df8409b0cf3a0f883e47b3ea4402ac4973ee4ad40348143ce0a00
b1e350105778fff0098d2e1d63a6d3e430fa0ab63b6cf48536fb382d9e612fc32d36dbd33a84cf0345970f003e86d5170327ab2f12b01c8a49837ddf
f1e2af670567e015a38600b987945a9553dea1bb39221d1f973394d3c2a5a42bc1ccc7a5e8e320215dd671cd705c8eb9952e5c43aaa48f0a6243c4fe
e3b25401c448eb45f0dbe3f2029820e1328dfc71ab1369c28982413d0a738353f7718f059161b3ab319db8adf1043fdcd62f65573afffe4c54c90379
af10fef6fc93b62fc2f2b4332f5705a713621074e594d115e7a553576b842038ff46bfa9d23c9903d269ab2aa2ac9c52a41136f47458443c864fdda5
110ee2fc89a122bf4e255dfba1233fe5affbe9f7cff15879afb9c8d23d278bede0e07392c7f0c207de3b734a3b751336d1a949d8ed8f1fc4d3b4388d
61a185db10227f28255af9c74477e7ab579b38ee9f2f3c5d89e57aceee5136fb7396f0c93673ea66edc30952b3e16f78ce3e4bcf7c203050a9c0ab34
30ed94511621dd4e815534ace7ecf3498e85e722a3ef2cba53d9d3884e78ca688bd027a70da8087473fa528aec7aa7545a98c99cab56e9c47b03453a
b53a6c5d866d1dd3c483c1bd191727d1fdf4a2f8962938eb94813f81104ec55f219ce6e9d4195cd89daf96eb87b9db59c6224c378a10c01f354acbb5
4293767c86c1f158161a30b64c7d75f4213f5429c7993a29a8906ea7a02349e7ceea710e01d5782040f1b47a8acdf1942f2a01dece17c73d24a50659
e7a3833d05e366d44ba7230e9229ef14aefb4c4cb304cea9f154f414220a9e7d388fa4570e03cd25d4d93d73e9c5b8290bb83ca5e32226e1d98d4ea9
60cc1c1f34b7997e2b15ee1fb2ef056f33de21a7929761ae796e367a8d1aedf4cd1989eececd679d34698d16b9f54e5d9d7dc641e6f4d8619db69ec7
c2ffdc3d57998bddbd8a3ee4d4d5dac254ec3e4804169f32972751d3e9c0ceedd3a62f4e0375ce43a93818c901a682e64e6731fb4803a3a91cd04f69
adf0a73b15dd99f83ea77d43b99c3d0f6f6dc8e843bb065b9b02fc1181e13c3cb22b0fb4aed8b884b6be525f680ba87e2ae01fbef9e7e93e84e673f8
29a453525d71f37a1a4a31b7a74d863a3f0c0c4093d678322eba1024b0cb797a23622bb90cd5ebbf6d447217fd88c3cb8baa529dc41fdc7559115df9
c313973ec94e8ab012a7b0d742b0a7d3d88badedd2a5e8a702cf1befd56326de7978c9c9738ef8d48ca21c4c499179deba2445a42b710688f61c502c
6791f37686ccf4e1b62e0871e66469eca6b78c278151b2ba221ae5a92b523ced4f59611113e8bc250522baaebf3189350f06892d0f149b34a378fd79
77ed290bf2fca851f703e9e2a5fb5182595eca94864aed926d3cf70dd7cf5225f5fdbcc74080515d0e3397501dd2f87264ebec82970259631170fdc6
f2a445a1bca0c26b72cebd8c80eca38847724d63d3ca98496b88fdf525ad2116289762b4fc66de6b238fc8b9266d720cc1e44d8dfa0512b3ad5eaf16
726a13f5ab879137d76446a643565b65841cf41a44750905cedc515f4327c9201bf645305f2fec6b60b06bd62c6797bd864a123699cd78e9d36c1a43
82548e1f5878e976159bc56bf1269be57a390c369e4bd7e2483769425ea318e15ef21a5d3eef2dd1f8c0296fb9ebbac66d2accaadb524e6f97fd4251
b75dabf149da50823410d4658de344d93b5e36f64bc8b280042edda6e23671954153665bd6f895bc9b973c4539835cc58792284eaf627e4aaf8ae782
f7ba08a2d7b287c237e5aa369ac819f4520210b2c35ed577ebd1055cd5daff9cfd2fe5a725feeca5a87a18c15eaf85d48cd7f2250d21468c97705f7f
adc8ff61f3b9840151c75d6d8c3a0f34c8949d1b8415d3c718877edd5a827cafeef54105be7a88c6ef126023bdeda5d821e471baba29c88038a83456
21d7a624757092127da092bf36b322724eb65458b65c428433464297ae303f927cf7c93240e6d29525d74097434063af700d488858d895ff0ac6d0a5
e56733d895f80559be5b4c741e1c9e576ab4f40e27edc652291f1ea7e8a5ae63f422fd3edc8bd0609f4cf2d65ed2bf714176290434e6add7e11d2fd0
f9b2193b17f597e2e6712ab906649ca8d23ac50cbd2123cb6168e83a44fb8039d12d831178d8c9c9a05afab88fe491cfe4e7a47e9d4a8a05d1a7f21d
c3b22fbefa7df490d7e523c4e70b531d9aacaa62b665560e3cba6ee5a6f9e3fdcb0d98f55eb7160d1439403339e0ae7b50109264d0b510adecba25ba
18b7db7bf97f037bff39fad19cf2abf1c3f9e41e70277db8e59d387d7e1873ddf24087ec951f7ce0ac3cb0c2a3f2c7985c88ba752ecf1fbae92c2463
bf7f527a679dddb22a6751dccaff8109e2fd9306240379dbbd104dfded881c9cb4eedfe0d0f4f367b30dda7851d08341d694b5410797dd2fe8a92dd8
f676323272e6de42391dfbe67b1a329b2a07117ca1fb030646b1e97087ba1d9b0eb97c4f3e1f663fbd1526b9637a7bcf1aca4ed93c9ac9f17d2d112d
6fa7a3254ff83db050c4e0fd62a1894853f73c86ee9f0e42f7d08765abbb85843e2c397b55a5d38b9921140bf790d1f9f6cd2a1e89b7939965d1dcb6
eb261beeed64665819dcba6ae57ee01eb0a6f1e05da9a8e2efd55abf850fc65466ea642586b5c5edc4b03f881a53c98321f1d2cfd5739b79181ab508
f2bb0c49cf0303f3e85d6e198ea1bfbd652b8e1ee62e5e16d9756f8790c36ce17eef5fd7f553837c83e9c60b9556cc60efaa9bf540f55b2e846b36a3
5ba6e39f25f05ea5ae9f35a2706f5cefde76002490e85d073e0c852f525a31ccbd75b7fa5900424edc8cde6d4c7e48563c380295dc4d83c41a5378e2
fe6dc167507eb0c6374abbbbd9dc73a189d10b8810cf07ecdf7dcc6dfe90db217abfbb7b6a113f7d742354742b7e72d0bcfb58b77c617b013e78677f
0605dedd4cccd252ea8ffe995e276823b1eabd0dd19d4614f38d03fabd49740709dc324e4345706f1637c86ee7fee83ffe108b20e2a4b8eb9fa5b50d
a23236be44c518e3de758265f0647b862ef07e35790d53d77bc4c18876e8decd0310a5c818e811eedd53bef2814fd94176b7bc09b976bd15e6ed2383
0ef369b8ec90332e2bc1ce85186fdc52e47104bd0fdb73457f731fd689e65c7c9f1efb9020b51a67d25b61273ec3700e7ee0070935c6f1b4cc622b90
451827f95b3a320cf76f5d40e213745be9458bba4ffc61ee718f0b45f0c925e5234c2c4c061ebea5c45affed76e89686ebb3e7dfe6e69c046f5d3662
3d7cdf669cd07b9b7178ffc688277ed52d44b7a277bca59f22d6c2ed141b787cde8e3f81a9c72d84974b8afaa7cbcaf6f7c703d3d852364d53ca45de
eb7c2f6dcb7f93f894c5caff8de853dedcc02f0f3ceb6bca960a3f3ed0acffc726f5ef678a6acaabdc0c2957f731352a5bdbba50d6282de982ecd6d6
250d4aa5b52e21f955693d5de4bd08fa6f63ac7fce2d9b4de07930bb8f3cd020d182c2a9e53cf29425f31924a9a00a83e85068fd9726150f625dd267
e1ae75c918c92cee170b98e7c11894cca333ab5546611e1313221c0c2d31b49e07e69554b18c6e666097d16ac850ecdee78bd0bd78054e6117274fcb
96fc3c18e677fcb2bb8e7465f139892abc67af217c1583acf9c0c9642b0cb05ad84d998f1780116bb7fee9f2705df3be8c1ad275dd1eb664287e1ec8
273389799f07d207b02eca184dfeb8fc078d582f9409d1fde0c27b47bb8dd6f01504ae813fe4d21367fee7c1a138c5194b2729fb65a4aa252c43e5a4
65959e372ff7b4d9469b992f25b1ff636c65b05ee022473ce8a151b65bc97ffa94cd33131ff86276e581b7ec895fcc55744350a3af9f07123a9f2a7c
8698f8e076151999cdfacf950772639c296b27f8bc570ab0cf7b2d8e35d32bf5cf0a53ee434864a0a40f6a7f2c51c386353cb68f91e10f6b4a183bdd
00be59c5feffdde8f9b80ba564aa15d120779e4fd931edd3daab86599216f6295b3eb0746590be2216655f9e4bd3fa77ba83acb2b3997ebed03495f4
c77e7439a13e0f24894be6d1008045758d59cb0f727b6b7f48206fb1ac99db39d1286f1ee4d074bbc9ff3ef8fd59c8853f7f36d6c986f8fb1bc2a4e6
819748f8f537ee74567e69fe62c9030f04e5c1affce17e4d9025455d36c1dfd059a4cd9f6be4fdabbd4f1eeaa72c762e948710fd6fe07e93adbb3e0f
6c1f9e1a95d729facda7ec3b4f7a39d409135fb88d4cdf6ff22a64e8de6dadc685e1295b1cf187fcd4d8487fb3f793990f6c4e1822647bfd8b81cff3
60f53ae48bae082ba961312c2dfc31d29f8403b401e55af1290b1f50e36a0cc5ec399f67a74adf7cc402e67930b82c63256becb550161caf1999d5fb
f9cc03994275ca66ec48ee9fef46666af4fec3d0d9912cf1239f0712d535fd7e77c179cedef02ba631ddf4f9bff25ee9d71a0dd850a850a1a231d0e9
e2810dc9f20a8b7b7bfd556316d6c9bb9fa16b7ea6c023cfb8caff6a851d9af750fad87caca14aa5075ab385feda700a4bd93a8c08fe9f2e3762005b
7fe32c8d047977b8392acea7ac6163e174cb0bf84be97f1262e2298fa9cc32e986444cbe6c8b6756ff36c621556c931f84ca4ddd646ebcbd6537f88d
432e624e87dc440a78ca93d751bab1db15b2ffd36ef4f309b785e2dda749464d76bf6b4b17df036d8baae729eb001becf97312f28e443b64b4410b87
5be4bdf52a88483b8e7784cb611232048a429ec3e253d6fa609e4e2b3b59103e11377e58b546f9c18a0056b96c76d740c0df695499e3d9ef342b2c7c
e18d01a2df2d725958d58ad5b8c2bf9795d91916c70da749c5cb4926caa72cc6e8d4e7707ee9e37b225e6658d1a977a292791e88dd03007fb7453633
29238b15c925bff3958de636057caff00f6c12ba94488c8b3afd598e65094fef863cc79dea291b3f6610a73fedf981c9d34f6396899e6c0a1b55e8f3
608811beb006275867fa8d89e20bf52a5260fa596957f9e37615a1ca8160a2e77b1e68cdfe77987fca9bb4a1a1ca715f1245f379f08e5c22f73fe553
e50ccc3856e64c32e958999c9e4f7952794e79f1c82d79a0648f01b5d32c57e170e3e408dcf12a7b1e0c8ee60f9df7d8b826c5dcaecc96f2cf24c654
9d1663826c8593436aff313b4e7b18f5d9f3c0102dc79c4941b4933aef29bf77fac91bf294e5ab18d936bd10e0f99eb2026731778e4a18e5589d5627
60cbecaf160dd9daa675f0205fbc939b246c4fb9cbd3881f36772abd94156d8186d5e0397bdde410d80cec3a88ccecbe5700f3e707e7f08ec6ee79f0
0ef59c8d697a01c1f2b7f283510b1c2adb88d8133e651fcc263ee8b2c8a26c6c9523cd548dd7726e9aaac2b632b252f927a9da531e2b2f73530daed7
7fd1d13d5f77597aa6cbba118861cd53bed45c7a540d592158c166926ef029fff443e8d7054112753d65cbc708e8e945206b6109c903fcc799661aea
7d686a466e8c51771ba16168ef99a82e7e871d9d7b25061775b2a23d079269738da96033917c6f21bef240fb50f0c4e4207ef5f360101d22157f3afe
0675da8d59e8f7ee1d3f03237b898288ddad94693c90affbc40f5d3fd082378e50209df91cdff7e7814fac8c9bed5f997d059f298868d9367c864d4a
f382e019b60d8d1faceeca71643abc7fe784330974143ae174d59fb247219d909f35a795c9b9a801d99332025698e5548a8c20e0c909fe80c4931043
61cdcab6f46f62d15e262113e5987be88427259b9e599297cca93fef6524ce9ab82d47206180889907e23f864d2002a5d1240c515854b7951581f5d3
3dfc26a8d1b14043e3adbc8708c7dbd23235ccce468d92761e3022227a962d66f97cb0fb0f3ef089983f7edebab285cf03697c1e88a366ca1e883965
3bcdb794b5e5d3a474d9b1ca7dcabedefa54f82ec3d815d4791addcc1fcaef8caa795628e324dd7aca3e41551e78cf0fd29e951aa42c34a1f0e29df7
bbae6d7aca5e139f1a253b1ae55b9dca0f434d10a03dcf3e5f171e98c3028d66a56f4e24b5a76c885078205bab4f0d5aca096af23c309209cc9c15e1
e67990b991befc0dfefd0f1bd13cdbaf3183b21831e4f4314bb98efc9c056a12d5fd29fbde84615e7ddd449f57731b5d58ad59cd3630afe2ae48c879
f5fecd642b76cccc4c143b4fd267c787e37265964f7682193f656f6f102127ed027f151f6e0300e7a139cf1166561eb904b079ca16dbf0b0430f0733
cc552cfb29eb8eea5381685cf97fd09855243b8244a47dcac28311167335893925cd46059d4eb4416368700cba44ec7c1e48e645713e2b4f1c686db6
4bf54cd922aef140370ed9b367278a8be9549dfb202a5f0c9c10643177e3fb48c97928e30322675ffb677799ed6bf3911fddf0abf18757738ec9f3e6
b0e070c0e6cb140486230c27a6e0f3e0ad149fa0e7816e3e11a49b8f5b0cef66798f50d92c7b19ae5d6036a06996fabd040ccc4ad5b6247bcaf3a0fa
41dad82d01103b5262cc09d9f73c309ff0c1e12af8e07c3911cedb0d2f59f587787da5acb047d9eee7638c5dfa79784d338587993ba37dc8b69cc570
d86d93efbdfee0e5a11761461568e68f1dc29005c9a48b8025214feb7cca7103129cd2a2c3120e1e03af3bc15a63319c63f6d286fc670ae320538098
d83f65af3796d7a528932ce16b44df4c2f2e0b890ce43506920fbcdf4793315f83ca7443a1831320ef299f82b8d060a243a42e270a2d08f63c15a697
36006064efb1dac20eb2f12cc085db2c1965c93c8050b423f3ed1357fb9738a8cfd7a7298244e107ba7c1b3d865b16bbbcc486e7793066a2e481ddc0
e79447af5b1e68263e1f14e5baa12cf19d95ba28b531d70a8bbda5633c59979f0f9599b9c55e317f116bcb345cb243c3e4600cf9c331fc98dbc53028
126899ccc235e5e61f42f5e47517a226f9dfafb4e83359a5460b8b1f447a1174aad481868e5b5d13ccb2cc0af41131bad81d99817c41cf1cb3ffa72c
45d9c4f7667046457e28899bfa9405c4028196c567385a947565093c5886c940c4f2b28c71e5c140146197c56277a211e7e6c8b25a1633694e038b3d
4d126fee7920e4f38b2c5fc67d4b547ccbeae90c19eb6835832fa7e6c2580d7d0c35be544d30adb2442424e8533e4d42a8963a0645c1b27a2cf3be28
334c44e052c6b6199265a4503ee545e1e0291777210c55dc05ca9acdc081a58c81cdd0177b2d7ebe30a4602dcb4033211f9ed6b55d317975cc4488aa
3e5ec0830adb87505de4ec92c8944f593233f862d115cfd2605223ab1f4bd5e16da2a35c5af30769b26925167ed02e1decb0b421d34274779bc15e4b
1f022544f4c160195bdb28fc22ca976e799093dbd2bbbfa0156318d68643c824bbe5f3c0630119ba0486e7b64167a8d8c6d8844eeb75e8ba12912dc9
9cf03c58fd4788d8c67ae481ce088d4647c7d28f11ff8f29dbbc2dfe7860469b214b3adebf7ff2377abeb6a69c1996ea8833ed32a05b0e888b915a12
393e0f0649e985e2fbb51ff25dced213f2dcbed289765697c3fdced9683946bf79a0f515dcb40848e129f83cd0ea090c5ace3f7f903f0494262cac16
dd28253edd532e269b3fccec3ffef0669803d922fdcf53677aa62ba4e46179ca97ff0899e718ef7c610d5150c872d9ed231d57feafc4607bca56e7e4
5cb9d819867eead2a9002264a8f9d0480b125d800a250c9bb0bf5aae317f34a1b5825cb9347f3f364bb9d31436d3a173ca4174b9759781f8b40e0aa9
60ec852cbc074f85e8dbfa9f85076600d870040bcc8a5effa4f38c3c5dff34921109abb27f250ad0537eb7ad84e079cac52d50e1a10f7e299f2acf29
5f2ae7fb9f957d61da556100270cbe5679cb24b2cc535ef54750c7fab3674a8ed7ebcf1aa246153acecdfcf1ce2617a9eb4f79feb20fad3f1349f9d6
9d40887640e65f20c2ea74b69cabd6c9d1623b0fec6c976e0adf3d5564a0e4709300ef4fb97860d209d9704e58a1ad93739ba4db2fe07b3f48b7a671
3c80ee5d7173f9c09395d99d943c30f27f7dafe7e6dfa7acd412012dabd45e488bf5c57f13fbc33a0feec840ca2a94db97f5bdae5b92e8e1298f2ef0
40578e61f155e168668671760fa0c8a223a7cd751953951a178b38aa546287c46579ca45e5746a19e39e36168bbc891abafe48af5e8b9e152dfeaadb
3cb4cdebe248aabcd71af9fd4b5cd4e7e3212d3304f27be6427d5d478f43ef2a4b0a587180d399070aad0a9bacee31ecbdfac093415dddc14cabbc83
2a9c29efa0f8ae3ee5776f4351bdae560ab3a0146f67c2746f550eb384187cca3f7f903f5e743ac7c1f6297b163327afadd08c79e52a700a2e5c5fbd
e15a99d4e239e4bd32c643b29cac2b43222521a1979e079ac44f0f8c95c246b2ae45edb15a8998f8bccf83312da94148950bd8553791f5535ebdc3f0
833877a28957a337b15ca576ac8ca1cd9b12edf4796081315383f60bc4bdcd75139af47930a9ca34a178d31376836bd3b8b2569a58877978b1f08c55
df2a67a387045ab8749d44f956390d0cac9c6d7455c01f2eb456e5e7ad707b1f24a6c6ee3b32a492422d5626a27b1b8568e5e74535ba6e63ead24bb9
0955b867f35ebff240fb28032d849a346b75f5e5e42fe86f55e044ace7d75dfccf0adadd623ae5cbcac68eb4bbc590b8fbc01038b9cab8b77e5aec12
e621793704622a1549f12fb9c49f071e96cce52e948db03ec62e991fe42454d98f0e7722e37c8c614bafe4cbbdb2611d86a308c3c32680e9942071fd
bcb743fa4a13a239d8733d6c330a369072b1fd5824ba10ad9ff2ec0f42e48b99a7e4557bca022cb0f8e92b8bcf07b61ca346ad994f85cabd05879fa3
13d4e8b3fee70b019800c1f5f2c8078cae42d09d4e08413f87df7fda82aec15b19656b2a7f309b2e64e373ff94bde3e51cb82a4ee2f3075578e34698
bdce4b2bb6e7eb6d7909c72bfa0ef7ceeb6d69f6f94073cf9a935d17ae06c5765b094efa3cd01a4b05e5cf1a909c7e8a6db37f9f3fcca0855fc648ac
79601bd46c5445a6d7983997a13c0c9945fe49d8a4973fcf76a151b16cd8a7fc9943b34aca80d091cae537e8e681210c8dfec6e0a5d59f6ff70a5f18
77d0acbc9230952e9381d5cc0309deec8065f2519f8ec8a57cc62da94cda94c303653299103120eecc1756c5d133599461645966eb7fa0c237b3bfa8
b0cb6c3229fb304fc79ca876fd7ca1198a56b2ccdeb36863f1b93af2bf2c66de6cc565d1fa8b9c2abe7d6d745db7af1316b565d891d333e3d4ca1fd6
397c1e5863089d439109b70a887e3a666cf999219995b18994d553987daabc37ba33566445566598df95754c589a909ab27e2a18eb3e233392cfe6b0
5fca988fd469e856f9435546fd538a7902aeb1e7d3aff2c0ba15264c6a442c7bca502332328a99835d4da91681cc86b157e05d31d6cade57aa82fa76
5a5424af8506dc09decb3c84b9ab0ac09e0b84d24c71fe6f36f98f0ea434dd81d103650ac164a13447f3480303b9cd7ce09490e9916270e35a579a7b
48055a151f02b407e5d8517c1bcc8829ec62a25c3ce5c15b19021991bd17d6ffb027952ef729d8a8cbfbe0d39a55cb1f727c9711f2bb8f20c13fc536
edc942ff3cf0228eb2b96cba82a9fc619bf29c5aca6621faf942b3c8feb15974c3bbbba6153651e2d8243e7ccad68e326abb72b2b267eda3c9d0b04b
b9cc823b7c920ae22902615c3b171bba330e87d71f9d3894422600bb1c4e6810d63c2c88582cf2e49a100a0e9f83556f716a9106d14265dc7c9781ca
d8294e134dd95283f5f12a2a572ebecb0bbae65f6e16ca69d0cfb8484d89c9453995cb03c12548c50d713965cc0abb5f96f9ace81773ad5cd696cbfe
0aa1e0d2a91b01affb60ee62cb35a69a0faa3e083f5ede1d91318a90c8bd66b9ac0f64e0af31cee9f40bc3e6643fabc5211171fb29b7c50a0c786b47
88c2a52828d067a7bbadf209142db29cfb70f03d063edd92f93dfe50e51e44866a59c6a12ea97f83c892073f817e3e5854e39cf2a0a9e58146f25363
53f997b2fc842a158c855df360d75cf6946d8dbaa66c054764471d902c3acafa33508c00af3f6bf3a36aad3f1fc61b7578a0a8c2c7d2acfd2ab525b3
59a5b604fa54c500c290bd0ed3bb2c8a3a79e0f8c1c8275b6d95651d37c475f2c1a351832f56b28ceae4fd3d12ae3af96b838ad9723f2ba9cebe470c
87d4d92c93edb90ead207f18c764a464d23f61b05c67cf072c2284c625535d3c3fc1ed75c0ad6ce8d5e95dff293ceaf3b1186ca23943b12cd5ba8c61
497beb202093b77a7547a25529ddb863ae52ba71795ad7b16e78303a9d0752a29548a4faead06a8349df0bde79ca01bf169f6ee04039e0a144abc5c9
c442d230c6831d648cc7a5762d4e31014b167782b20f3b3043b5585d7930b99b3c104fe6d8519d558d800fb51a9e47045547e1c178bceaceb74d5479
ab9c6ee80eb8125fa10ea3faa0892af0c3856d15f86939a75405c0e132b63a63085773d5866fd89cd6ee5b8dce179607d1f7d7ee363276f6314ff6d4
6720fef44146df6aaa8991915aea7910b23785b6a05b9b271426d45debc2e9a96e23d33255c821f643c4a9930eef2d210a557a29649fabbbc94e13bb
110b4cb38b4f1153bba12b44eddafc0365eb88770307ece6994cb0ece6b8b3acbb970e027f174720f00f1f7611398a3bcd1d661d86f78873439a609e
7a5a25c3749e960041a4f51cdde20bb7917e1bc3a09eadca1b8b76b64a71c449a90ad3a02aadd7e0eb1025b5d067e8a5166a6c9cd76098907039ad1d
3f587623365fd0321396a23a024ee1fde61aa9e1f0038874e003ca627b7652698eb87ca8b7d53ac85a61988e5b5a551c678c46ea30834318dfbe0e0e
e4adba597d88ca404897c4c1b829132d66704d29d6daf4e3833130250fbabff8e581aba47cfa83290fbc728292dbcf0be3dff6a4a67c1ba8c79a3cf8
59b84df7aabfdc80b4df20307dfa79570d2c6a93166a76d936e932b952b6a8cefed1868ae8f38532b240932e3db9d16eb6f5cf59a4d9523f293d9ef3
b6273b12ab29f32c068a6d960f79447b1bda9d9cd19aecec3b3e884de0021d5f9b156e39fb4b93aaa672106e435513bcd2166d932b1f5453cd0783bf
f8c2502e5b715b743afd54e95c8a91506db501612ea4da001001734d78a0e34cd9740b97947d4f79f053c6a6787a608922570cc82c3641e97ce0d5fb
e30bc5b32a7ca03b822ce626554cfd3ed0a6055155397c3e6541d2681d5b9515230325bd09cabaa608339d7830ad59ce66be150f0f856193d93bd6c7
ad8d2ea5c5e616d225bbc7c151deeaa3396dcd8a04baf0eefdf3c23251f4e169a66ca11a38db7443c5dd4f7b6dbb166cb49bc3cf00e49a2eac501eb6
6ed131f1c0ca5be4d3c00a41a86d1b423233a92b2cb46e6d6005186eb30f6bdad8ccd491bbedc50a13d6466d339594cdf49f0fe4a6454ca3a6983668
e1da3ef6ab8cc43ea8cee0ef5e0588594509e8e5f38b1667e0479365160a9466c3ac24ae7c1e68fe2b1f580c22d5143900e545db0703a449ab5c6039
e5b0e080dbe4c59784244fd9f7ef8d1fc6ba0bd1c7d8f9f942638b6055ac1c2c35dad0b00464b5637044064ac1069238e3290bb106e0b4014f5828a7
4796d992add8ab27fa97dde8f40699a3413b7d4847301bccb0d2871d19c2e7f438c3d4e35e2aa8ad5dbef4cff1a25985824053567b6ea3db30f362a0
2f4f3e15c8d822a0addddae2129af7796019ca40df1e15fe18fd0c0d4af1ba246cdff360f783745421821a925d36f18d835abbc748fcd78fee146018
7ef5a12259521e54b43cd0c8e448d47deb543e35f81e3e4d28caf1b3a3e70f85c9034f74e38d1c68ba220421e9fb6f8c75cf03afbc993f0ef7822ab5
636156dd1dc30077e93efdf98bd4e14b277c41fb64f91f327ca584396f9fc477d10474a56b001c76194d012fbbace427cc7dfbe43d2ec0a9bf20a5a1
66e9761fecfc613b794cbbbabc039f3a79a0c1ca36d7e7c123a16a967b69d05b9773e09280bccf03c7b64937e73174a961119a8be4ecef9d55c5f6be
2bec41c7ebbb1bf76083dca53359126ef74d57e47ef1c5abadc6e7a5cb940a64de174dc6c4f7de8c736eee8a8d3461e6dc152e79c2aab9bfe64f33da
eabefefc41fab16a638b18e94e4c8bb37a97693e08b1cb6b91fbd6be7aa9506e263293654d4d87849743921ff5295fd2cba50fb2c46fbc2f9e891024
5b275c35fbab86991638b2185fce7ca01c99cc75193c4e0bbbfb9c3e1407eacb0736469a72eaeab225425dd9653b5431edebd59dce4c39973d46d8bd
0e89421b5ecd8818ab5d227cbbeeb80842d905e530e6e8af1666e10cde7585852d476f26e95f72bc3e1f7b4541af022f4d58687701bfa47c7fca0a1e
0d9fbcc06fe60aaa77731e7240ee8f9f7088bd0b5f2332fb10569916298196ce10d9aabf4394efbd90467d501de690ad12fb7cf72dd6145546b7c13d
35c8de9e4db41bd761e9dc371f0c834fbb811d827c33774d7cf0222436c9be79d1b2e45e6057894bd477c53c67c9c9ba892db2ef06a30b0fc6b864ac
f7319de9962ec630dbe952f1cc851f6e293f438232512413dd53d66c46ddda0faf909cc8ba8d958817d10f2f4bf8d1b9c83e425a21a270c1ed4e3441
24d9ae9b320246f4630c5c06465aa40f95a72de3d38b73ec2c3c58d5646ab441ff149d519731d24293e7a0890fbcdf7daaf47ec7749f36d1cb07be1a
c35cbaeb6aac2392953d6cc218ba5f9e6f6a5814ff262379797fccf1a5cb79921b802ea0f7d9fd649084af5b97daa9974f05bb3b0109876aa0461f4e
f843995c1724e2ede59e8343b71629d9ba9e076f1bdcd7759be7ffb2dd6d826d9cd837878020bec72603a48530bb9bf44c330075532ad7095bf64d77
5b88b54d7aa785c0bc9b03244f39216fcaf50acede06144c3f3619202194364143dc0037a77a252ceff6aa9a6696f7f6b39ccba16b7b6fc32ae6159b
b0212142b6010d571e28ff4ea3ace30c717e375927b192b6c97b49fa308dd90ad1d318b88ccbe40d2c1261b3ad11517c375d76cd3365afce40e2cde9
2bb045dd94bee29dbe7fd89136992e4d910edb2c9ea68bb371c74aed9edab0e8360f2e0f33c872e933f7ba389b0b4d5871c07b096e26d2bab02cdc4d
d768dc406e326b22cac5a6ac5f9f115b868ccca80fc808872fbe520a4543771665da66dd1936ca9bacefbf351cae922a647d5e69531182a387d8866e
2d44cb801e0be46db5b009bedb56cbcc9c85b6d533936158bd43ae5469bd6544e2b60e5e0a11ab153241f85bd1d0ce2cdc6273f0345a0659a962c0c0
a881b6e291494786b62e0866b30326abaa0caad286eca2080bbb556716498dd50b9985aa10d1f8676ed5fbf2a706d39481f06d5da502c91696d00089
ccc60b12c9e752b736d6585a680aca1fe4ba356fd4d0a49419786a6dca98f1cb85c2a6989d9578ba9b2ca17a8168993e11e3751b3a4358aa59764044
f76939987f1be010ae535a5adc903781c5daa9c14b879151584f42ba6e329722feead6c59439f86edd446718fa18d9f4cad930b23d6df6eefccc959d
373f93b36932999bcdb14bd32707e9c2556b53502e9cd837c5e402186ebafa2308e8b68f1633d2f2b4ece5f3c0bd0e8df6bc2424f926fd1ee7ffcd06
52e5f3c0da944a95da3a02ecb6c344505ef43edf4b9d974c864fd9a09d91d6dd200ec2dbe1b0e939c06d87cf679f2a36fdc10752abb3501dc50b93aa
4db78b048cdc8e81c9a8c19dca4c9cbaab69ff7436da5e54b9e060b7293959ff943d029936abeaf02dd84e6dd7ccbbe26c136b667b1163c5b26ebb8c
ad42ede5ccaba9efc57f33d70e9b92c912a97ebb14b1a1f1de5b65f4a3db35463c1448f3f7d9192f9fab281bab05cc6f97bb40134abe01ebca7e9da8
7adb808770c1ed330cd0edb6c1575ab8e51cc756781bc36610144afcc3b7f718752a1c9035343a9806d1bc36f98312c2697f01e74a1cbf5d965434b9
ff699c0b65eb2e2374f63fb37636845d31ca8895b1cbba1df1bd2bd90671fdf69f1595a14011cb2abe37bbae2d1784ceae8864e836765941c16bfbcf
a82c6b6377a4f128b676df4ae23db1bf3ac38908b2fbe420a39447aff941a2b5501edc4513de20a25edd271f912323762781a5dfd398bb3c987d88ca
a2db871671e60badcaeceefb6cfd5c2ea9f759cb347bd03e7b36a94061a8b28af6799c8968d2f030caecdd76ed5316daaeab4fce59bbe0dc673a9731
74d4d074df4705ca1a9095bfcb661d5f985db1d089e5b4cb77929863bb4dd891c6fba2b08f111dfbaa7599b3c82efde0a70299bc638db63b92ea0f8e
95b724266fbb6de2a7cf035d6233ecab48ccbade1df79c0d642f96045118eec5a3984118ce8b9d3fb4a3300fc5c81f162d9be79e46356e8d0f0cf516
3ed0b269948506b8f7de6d78c536b657a77a669d544b8b0c441d9eda993cc74ec50179afdeadff2d38d02e15236ea5bb63a3b28fee6d707c486c764f
e083aaf30e652f54585e765c5889ef4d73073b3683a688fd5dd1d8b1c7de07d0cbfdcfdebd4c171e48c632970ad73ec3905df94a91a04a47f234191a
1c028d5e1bd87dca426551a3eeba1dc63360773477f4c97b376f64deba3b4d053246f854a03eb36637437044f236a21ba5eca30afb8ac2a77da4c066
1503127573a0fd902023b10580b3efa3cd54e978f130b86f82f179da654a4fb4937df7baedd4e08166afda95a50761b61b757daab02a8cb992d2902d
7c3f74de67a40f1395b3c87ed8f53afd767835c2deef2f982c7f9f72d5c08484c3c761585a58f223df9c4685a406fb6116e707cd7e8704737486452a
c4a782d06c9521a1f0f7d3429d0df41ce2883a061119888110110da7261c2aac338427652dcf6de3fe22c08211ce7e799c42d3651b0958ec457c0513
cefd1a24d1e2a9db84b4203bb2e78390705b1bc7d6f2def5162e59f75b34206dde9bddc2f5e57e9b26d6c56db6476c0f8016a97cbc1ac182c2e55070
b38a03dcf1678eaa3c984d76cf030bc5ec7087ef7ed9d18e3fd1f9f9c3d60591f4c79f95e90b5f180d57be38d555ca3a54a1bd38febc80b32b1e2fd0
2b18c01e2fd05b08a877fc3cb894177d9f167e1e5cfeb728cf6a3d7e66b11c2a0ea7550b471c2f302ca8c60fe3c2d754e81f36a3634470cba84ea637
ad4d9679d9c48fc9c7c2953fdc033e18ec911ebca8b110a9e278416341457d4c6316f8c077ba9192c7c0888101c76ce3b59c7e8f011223508e799099
819e4566d48ec7ac0b82421b9afa891a2feffae9c6ab349c3fdd5ac4d39179c7b8585e78a0a18c02ef582c14b3d08ec51c1c617ff89e78fef1e05015
e9f7d00166a416cd7d4e46c76a9af27e1d0317a257b1df44d9d31bbc74ac5afc0cac03eecf30e87b4d5c00d3c76a21b94283315bf6dd631d8b8807a2
9a35522c1d32708a9fdf488f70d8a20fac70147503f151244673203c8a45f94a95dd5586caa291cdc1e5283ea87c1e188167b33f6ce237c3e8752cb4
0c8583b4e17c75bcd072c618eda82633dd18b7cf9f07925018ee1cd56ba3d1a8f53ef075359f66b33e7cbd4c479a6c7a09ca7034f16560ced1061ba6
a7cead4b4cd7a329fdc0e7033999d1afa694099f1606e8ce075d331c5c7474f90d07701cc38fe0f3c1aadc2361118145bcb48faef3161428531d8156
8eee1d08ae945610c07b6c362d0af03a36097204e1eb6550f0a33c36b31cdf2be175f0c8b1194e20d636c77008776c5a38ec899bc4e0c2f71240c8f5
57c958f0403b769f9ca97037c5e9d26e8a336bbbe699ed6f1774089a39765fabb048766f3539361c8ebb8bdae3d845231ba842637c98d1d1ded0ac1c
87267efd2763bae35007d8590e4336c4dba1f5b352fb60d4744928b17f7e385d031fc8fc8b311b37d130ce691ad2a3611ec82277588c5f8e4ac7693d
3b13f702cbf9338a035716ea1427202606ce64ab393d338cfb2969c5823c7dec65f77a2faf67ce3687efae837e0fa7fc051b5dee66feb78921978087
1c1e383c1d43d38898b90ca6a22d3a2e4975e6e2761369f2d602a24fb7b74384b67127bce38b6736d85b38228aa1637833d080b5f2ff11708e6be825
651154281b62ce3c50c6b14ce4a9148560b7f3cf04ce299ba09ab2920a84fbce3f39bfffa87f305b1efc64ac9a313ded09f1cba1e674a203dc77cf9f
95f8c1c9e7cfc9e4a9424ba4f083857be7c12b96e63f7e90aaf34785b65dcb28ca7f935bf1537a4a5cc6ce9f58b340b259339bc1f9f3f61fd97ecab8
91f018a732241210f0540c6162aa9cd3e873489e469fa8d19023ec7efad23bac71be1073fe10398c1d3b1f48d866bf395f08bafc05929c525b62d971
ce3ec0647b38673117f33262c885a259f3421fa4a4241befe97c4e8db2cf548cd2ace5c5b03a221cae14a7133ca16c38e50c3a678d9fceeff44779d1
3c50815927242f62f74f7d8682d9c1ce45e997233bcf453b5aceeca7aeb071693c9d6aa17c5af4a867940d67636b7b3a065c36a8d34690b8069eeb60
8d4cec6a439240ead378f6393dfdc306743a621c9e85e700b7397c9dab11fa0249ea7383001bfb2e5431d6037f08b005e39f2fda9db9ac3e15b01867
a2b3681ba747be30c7dbf174320986bd8c5e649e8af69bca07a31399e9a27980f9eae0adfcf1061299d925cf6a6e4f055534320d23a65b58e7bd4f9f
3e4bbc5ab4239bad416d946daef569c12bfa8f260445028c4f6b5149b379b6c12c69b4199e23bf9b4f912ca1e66b59b608070f414f753a28f2bc5287
401584b7c1e3a1b399a74345b7af0712ba7b7e53a315a5780e9e8e898c75dcd9c76126e55776e0417b76f364c64ec69484c638ed57f3910c032d23e4
5fb45c303f3f37997eb371191c238037f501fed86c318da8d8461ff8c33c18b8701a0eb3f5c9ade623dee455c311f0343c46806e1a67b680172e17ec
e14fb9dfa2683915798e780de7f0b041fced0a090181bbc463a74243a6009c73d76d2dbbf9ab772d58f99fbbf5512cd45df8a1517e799c3b9fd3689b
51d7153f9721a76c3d0179e7e1651b88753a0f174780f39012041285972bd24c17f40b8c617f1bee5bcec3b832243bcd16a1eccf53d28c5192bfcd12
85c3f9a2e5c295fae914164cfb694661df3b3d8a21d9b93db15f3e95db937090a7b1f287c45315640c5ea85c30bd3f5f683c7fc6e4b5ea2c5cc49eb6
eac4edf154049479a6c557a95b7020389dd88b98f4e740d78fe4f9975d48de3c981d9ff23526f4fb69ef1ecc06ce01c511214a1cf69925f91ebfeab1
3c70b0d5d4701b3b20c604def136386fd9a883e11ca58edb9af31e44f1c7ae1afefbe352828b093b804b3a6082e65e42df53d6dff5274ec902bdfe6c
8315a2af57bf5bb0bebe04c7b1c3bffe444128ba7e6379e48761e0d978a05e43e2cf667d8d2a0677f260979e821a0ef7b2e781656de181aede3a6d48
d46632afa1be8d54b826f16304d7359948decf2a4f29bffb073748d7649ab344afc9f6db51145c8ea7ccb8d83d790eff5e86cb384d5e3619ed94adb1
0d56bc66139d26048f3153bd048f275c3b2fe163ac8eafd9c66a951aaa3ec838cd9afd891635fb39b75cb3663f8bf4b27eb7f3bf5417d9d92fd9844e
b8925e8bfc5da148ea5cac9caf61041a6c780dfd6ea586a23f324ac36a806193dfd082f6f55a2ccb28efd65fa42c179ceca29712a84e78795eab5719
c3b22a7e1add7e15c013217faed5ce267c2f9a832daed5488d6eaf12a701f5d72a710a89eb18c7b458e480c53a2fbe800f58b806a085398ac78d0f3c
f5a1b968ea67bed7d4cfb4b8bf2dc2be45eac920ea6ba8763b0f06fba6460160b23d5fd5e78ccf8331d73cf0ad4700eb554d64c6ad8a1f19f857b35b
309cbc8467b1e4baaa8fcd2ca92a41c14cd923fcc3c152f422d42fe979b1c6bb5ef34ee1957fd884ae26f2820c2ebb8b731d7f35cd7bc0c825b7a1cf
f290ca173b9f6b1810743e9048c821e4ea830d78203660da86d310bcec503273c6fc96d020c1c53d0b3b04cedc9611593ef7ece59503e7ed1098734e
42f76c38ff79e0698978bd87dcc88ab99dab07dfffdbb97ab814be75d0c68ce05e0c1c796f2d6a80ddad5b1b2ec7ef5515e49872eb4e865be87bb559
16fd5abd2d6595deebe8571ee8ce6525dcd05d0c62e846f1b964e6819665e50f2562c932bd9d91f0f3bdb7c2c60797eef8d38dea68e9795fcde18d0f
0c26d3cfaa5b02865ede7d0bf35b352e11c8f7bb263f3e2377130b6611df5e31d973eea6e8ebd96aef268ecc92bc9b4720ed35b717fade1537e3ef75
b7312ffca0550603376fb4331428d2e2a7c5c16d69c2863a7364d9ddc744f240cc1331717783d12cc45be7cbca45c2ddb54ce00da7229c3b1f4856c1
5e5db28045b2c92a17fedd7cf26e3cd040c35b8ecaf0470583d73250f2deabd9d66e27cb99786ff839d382998d45b59946ca12a7f0966e4f385fdefb
e21a336ebb269f3ef8780737eb7a05f17bef5e7391bfb74cb6d9e66e5d96acd80edc8737ef1c8e6e451a9fe1bfc3a2851562b319bcf7ee4353d7a952
16cb4197b70caa57ec0f6ec70527d0d57d5a6b986e9e621fb8c507b8ec03f769ebcaec14f739ba953f74f740708bdb07acfe4f2ab95b87ad86e1e37d
f9de2de7b75b26332883ef6b8c49c64026332887ef4bf00029a1504d4f8d79f09acc54ee0e6f59cc3c346494653183f6f87e4f4305b5e4ad94362b37
07f7ad08568169f7ed69192d3e8cff274131a5fc9311cf2f6561a61c6a9f074afff51fbe7eca8b2898535ea5e55f522e7a4f03be39eb3c68ee237f6c
7e4095bbaae003f1f787466f299d1fcc6b3fbeb0f05a52c57b229b124ae5295b76fd42950e6451fa3d651f1b161e2cfe238d3aadce8f268abbc11f55
7a9f10a5fb8b84c47aca16c1ff49c3e78195633d55ea4036fd652ea641031f384d13b3f39eb84aa2683de5c344a50dc79b9c96d42997bbe78b70880f
4c2523638397694d9db3af219774c49998e78ccc3cc43c6d581fd543e63cd83664e90c35311d0e50f907df2a42654c809fb2fbb1f2e0560d293ba478
5c269f07637d87ec65742c74eb143531baef19a94cccf82a1e61b065b71ce385372dbddea753abff4f1f565d9dc2b6ab490e41b2735eff3e0f7e52a7
a64fc504645ccbe841282e8307f942244d99bb629e83e6a2eba7394dbec8a8e498f7e6f8364da9510af91c5edf6cda2a87c62a65262d564bd1cf038d
f2149a5f2835c5a5e2294bc44da150962a6d81a7757ec9b1ef295f126150a4619d32ec433dbfe687261136a5cf2ff82a31957cf31ceb7dbaac885773
0b45cd27b04e85afd5cad432062ffa5a72bff5940f55f02fe7a1e7e3210542bfd4f641d46fa2565de8a53559a82454cd9bbbd303c607e243d6a7b4f6
39473c650b09569fd4f62b82a95bbe32c90e7ec5086ed25c328246590b4b675322d3951f2cb86023abed17169f8326b4d0f0e2aef9332a8a99b0fec1
a99bc4ebcc0f6293990ae58acbea1c6afa54b8eb368c0604cb7ed4b77bdf62f9ef23f60a7f2864fd128a04a202049fb2f80e1966dbe50512941a3a4e
094fd9008361b316fd0f592cd4357ffe18eb3bbc2b3394b8bb3f652b207aaa7498aaf8d13e0fac6d02019c834c7ed1faa09fa756eccc0fe237883acd
6fe9a6f4e4132b5e262585e532a26c22db9d8d8505a9b8551fc17a79015381c520424bb1087ad2f03d0fbc7d80296453f2d9ee1dd8bb227b6fedc5ac
897b8c5b7a79fb8e8f0d4791be3f54da0c65611539b2557cbf9e07d58d528514a8b0dc6d962b616ae1bf5ec14e3655595858b796054c7adb54842a2f
d7f05f953f1b48473afc64bcd2934ff0cda12aa24acada06337dbf3f45dfabbc57ccb0ffb4c26fea528d240dbe27aa283e9eb22f600b0d9eee53bef8
0de991267e63e078d0fc45cd031997647e7f3ff1e4c27b9fa10a355c6e347f3852567c739f0792cb41393f67285c68d3faf02562f237b9e794959c2f
41589e0796c413758a2db3de7ff360cbb431cb1b8bc95046e9f9531e4c97d17eb1d8fc8af27fd88b7e03a7d183790c130f3c37b0cb0bcc0a90e46763
911ce3dec450ae227d34ec0a0cfb397fe004c32c830afed0e4453efc9c962576becf03058c8ae4fd29c6552eb6de344aaa20a3e458a0710d7d3316e9
834cbe94d920b3dfab175b72a1fa940703f28126ee3f8550fb9521d3428213f47dbff0b63df3852c4d673eb0e13054170f7588b07239c91ddbaf3ada
4488aace1d9adde057bdb683ad7e555b5484daaf8eb90851afa26b66dffe5519ec3257d5f70ab4f03a2a5718a8095fb2cc9af125fc234dd967954953
868cfc359f811896660e9fa9d262b586e3a42c4368fe9af627e48b9565f5070dde1d18a766ec9081ed5e86414c3f633486a96b4782c787a90542b11b
4d64cffabd206d5e918a7d104595ba6afdfc700af64182057910d46ff350e7876d3079867633d1e9b60c8f3feb6ed3f570a702892fc6751bc3940f64
09f119b6ddea8c2083dfae180d48e17d4c663a29d387cf3049f5f56d415347a777eb84b2bdfd64c91087dba7ac35429f65c910d3faf693d9f0c4e623
45585b161e881f83ed7fd68c2d0b0f2ccf6852e10c6684d1a13eb4f4e1d030b6f4f93f50c70763ea334c873a1584ff3b3cf01faaad090bd8fd9d1270
39b2fc94a7bad16d61bafed9c4eda3b604b4fd4e1fe2912ea7bb4115ee0635786af8de4804a16b14575945972d17ffe958f47324f505deb96c8047f9
5591c7b9f62937d987d09a2342428e610633eb40ea0b98e0f21d283558be82431cbb14513432ec85a4dbac018d8a58d093f4f4796084cf28cadc618d
a3c6f340c9bf3f656fb880885b1cdef9c07ad6e092c9e95f62b7f23c98dd46c9038f6d36d4491611f1f47c83cbab4c95c6a535e5d7833686e94ff9e5
8538653e6573740e6b93547a9ce626b9c3c5e7f229db76614dd90abd2ca2e955e89544e77ca3be3f1b722c63de08db7a9f06a58c4b3098375cf53b06
85b277df951f8cac833127b9c77dcbcedb00053e7a65014c3fa97b56487afb30d3e434b6be0cc2647119ec344de68ece2f5dbde203d9f24ebcdff53e
4dca1a19f037c9f8386afe37caab49c8b0bef0b1c4c7f38dd1e90ff8e365e918cabe3134659692897374f84f054d1566d4648d9c00c24f790c330fbc
0a8372a6c5331d129d8f3abefdcf83c555f08511c1ca8391cd3ee3b4388679c66519b31f2a166b17161ab1c88d7899168bdc08cc69980c47bd37adde
f369c51e6e4be1175b65449134ad9edf8cb63488f1d27bca1e9c42955a37412e9360677ce8def05892e239e74e522172fc9b8ab7b3c283451fa485e2
9bee8cccb0f965694ac5c889632a3e6b07ad4fba7cfd6b90a01846118ad38b4acb0c13ebee7565e8ab5db61836c5ccfa4827a7654675330d135ec6b5
5a68167ed142401ed9a677f9b7bd686a1eb420a5c9e96d2ae2a58d51ca20b4ee2fd22b87c05a583942a1132ba5696a59bbcd4ab8eca793ed7b9355f9
0d2c2169008ff641270f16ebe942a771e947f0f6e607fc22809f6d77ea1273ac3e19f0ceacdfedcf15e487cd0e0cf0ec66936d3e28af273b2cbad957
b150a5654450e2240bde19512cd5df0cc729850e27a7691b4307094af4c5fc3938425c199f07ba0fcd31651a4836d076524a9d58d83e656fa1953faa
dbe48f81f8535637b38f4ffb6088747b772ff9c08bbff240f1751b4d8e6ef2c0de91b0fd61657c683886604c9be71888507dda7632fd94d7dacc54bc
c072e1603cc969add189e1b3c64029afe09a13e7241839334c32b29d3e3b8670e40c37c8ea162deb242bdb1971718a2199fc6b30642ad0ad30f87cba
c6dc86c44b9b204bf51aab269d5434d5cf362a7d6385c35f283a75e491a3692d8d260747a7932f189d510d4fb6a3fdec04037b02166448cb3979ba4d
74c6514e70331c3da0275bfdeddd08b97c7b2642a4bce06668949ded0c1418d1b25845f7e0bfff9a984754fdc8b8f9bd6d6ec9bff4949d1c7149d99d
a08245734fd966b23d65a1bcecc1f39fbb407d5e328d0736aa4ad930118a1d3735416a9f076f0d31ae7bcade49720c9a1d17950d739e6c0a1fa13b4b
4f98183aaf8fa8e41def35ae013cb3a314bc7bf43fec45f3887b15d5c3ec1b5e36e4593ac4c4446ef3b8f10d969e65423b47c938cb84363e39afe3a4
6b4c9f67f1d6427955392dcebac7a8bcafae8016df5d069438cbc4768eea7c9e7d248eaa611ea8b041931748d6e06c989823ccec0485c08a79f1a987
6e2d16d99d2fd48dc0eff9858d6f26e3947d24ce26302bfa7e72a63ee5e16a92f2bb68d153ceab69cc54392711d739f3ea1d9c1f3cf21166f36a9a03
9ee6d512fdd3c658e7e9e6409d9d2f9aa8860a794061b231bf18b125c9c0eb4df0f6bbd26fe718043ecdba04e614302bfcc0ccc85587910a4db661ad
9135b32e79d9d167d9ac7e7f185cce07b7684c0b6d9094c96b63fe43b4635d7dda689eeeb4d1bc19c28532ba63e799e58135c394d2237ea4932c5757
74bcb32c57411173f7710b0eeb9677694186a8092ffc947d8dc1daeddd9de00fd3908174acaaa5f381a54960c46c9faca5f340621b196844877c921e
7146c0c8252b81e09fb23164e0d7bc8d75121a149060867f362b3910799b7b11fed9ecec10929cf9883d7bdebcfc596abb7d1b43d46e0ecc0fd20bc6
78f1295b4a66939f0f0941760aa9f50aecf33a34b5c2aa71d2e6cf5e24355e61a9caa3a9226e0e3143a56c7046274ffba0b23b9e46cefca210019f65
e648532b2bf5b469406890ce2e26c44ff91dc7b82a3ce5d315f040b6d548f64b73dffe25fef6f3b1e90dcc99a5a26be0cdd91673c0c7f9b5989b0b3b
c7e5ab1e16e5a5cd9141120efaccabef69618c5bbe1451aece722f9ad9eb0c8b90232f2c6a0504a210546815e77b48aa0cb114744f9ff8431476fe38
fc47c6f416eb65549611922ac06b31eaf9947d71dc52b68f63a671f9339125e5edcd4b9bed7491015decc29ff2ab068aebdc5336453d65b9fb351ab4
6e23526519e67259a0cbcf023f2dfec64caf7950fd802f2cb902bd9649ac956d6991b7513c7dde4b5085f9e3bd644404dbf2c2a48239d7e260f2e0d5
651ef6c929bf2201b398c5aaa9e86b9679cc6c6a9cb50975cacacc1a49baf82613f1bde8261353bac53799e0d9457eec855152f0cee4357aca66ffc8
de6519722e53f5eaa1e6049b7acab789ce07d63a01e397d58791d0b00e8e4ea3abad54d3a6954c6b10edb25a52c14fc59b6d587c9167f91a79be48cb
84f9cfa244c93f86da866b1ce29662fef951c3cbf3f1de7cca1eca40fb45ae3918362e0ee0c9417279af4f0bfad9a5d837990abc2350c1a5ef797fab
9c81b5a74e1cb05fd58db20c6560ab0d40223b963a7a9926640bf7630954238e6ca5cb8b934a4c90dfb3be87251c25e3386ce196aa5b43f8a58eb983
28335024faa20bd7e78bf44b17ae98ad2eb28e5b583623ba3bd24631991626b32bf10b0bb51b7905502cddb7cccc9dd55085b21752f6cac58ee8eb44
9d5db6b4ff92b8f5f9f8908a01021ddb3b67b645086781d9149109538fc51196d6ec93cb661c06c5322ec36479d986c44c154eb4c855e7b2db192d7f
bc0aa356e0df573d34ad0897dd339d16771f8910d2520f61e3b4ece66f1ab41e16ee73dcf67582040f43fe386c7f1abcba1c1e970cc361fc1a44bc1c
baf00a345c147c73a185c3f22d9d90d30086868b6e3a97ecdecb619c8778d3cd27a667cb8b910a26548b9cc06be1fdec3e86c2d314a5c2d3c3ca7b51
9453e2f222a406b85daec189196687c15ca1f9bd367cf393a72c735424f665091da4b9dc639843f4ed2519e8b8d8b68c23fb22d48221d1725b1a2270
ef4155e8be7de3c6ba971dd83253a50f2b39622db7b82123b7da8dba51d6d924fd5cff060d3d0f6c851398b1fa128fc3c9faf3be1151b1da2f1aa3fa
f5c51573f258bd9b90a84ea30a3a848dccaa5b3a4c0957eb6fd6cf0fe6a848c8f56761d0a141fdcee0af9399bea4ecc9084bacaf3ea7626bb62ada39
2608ab13e3708a5b1d34080dd03a0d2af9c593139aa4d40101ae9377e000fb75b6922968691d3a9aacdd75dcdce5b0b0fae68e3a6703852ce6f58537
b50615aeaf25576d4c96fd0f39efae52b96078b32e1a3926e3d5b83c7b7c1a58ac9a58a8a0a982b4b8385451064e4ecadca8adb2fbc2466155ecf24a
9706180ade5ad7c1706961f5520bae586df9c581627d552e2d3e444f591c17a4b20efdcaf24f3745eb2a6d37bcb3bac710d8d51a65835ce835fb328b
76a7ac2bf45ae91a5dcbaa283e9f512fbe3e6314df0bbb0598b216459067d48b3005fcfc02a996d4b94f5932190aca18f57c601413e1b45643ff9cff
57e7b0e1fe75b58d3fb74cab2fec30415f7561c705edea0b3bee255719962dc118ebc039305b53d870c6c921786a34676bf3ae1f14b236f7832a3579
d0d446bf78a0cde4d3e4ee0f20d2319b72585c9b714376d055cecc5c5dafdd6b2a35f84a6f65f4e57489e9c62ae8c40ddfeadcd7f1497f1ec8598165
2d6f80e5f35eb2287bcf6a7dd1fa69c143cf1fe3ca2f87f4751bd2290323cb326c7756c7374719b24a87c415feba5986e6d0bc6e1e7b7ee8efa1a5f1
c3a61bbd1029f78044ac79ca2f266cc8a6cddb1f73f7de113e1f40a20c1703c5d7f78ab025bdef5336b86f3cb03ccd297d1d3780d117aebbb51f3947
adc678ec4db26e5bd82f7de3c7b96a3de4ad9723c8eaf0e8339bb453287e16af8ccd16366947375f61b0c316749d3f74ca0d5058872327abf7d08609
03199321e3e4b7898dc23a6ef4982bdde02d6c3cf207c004613dcd60b430aef0d89a2e2f6e464ed1ce7facabcb3464e0ec11f011c44313c5062a4d14
6780f5d25cacfc600d341c358cbf0012ca4fb3e0e0b7dea3d18cc4adac7d3992aeb7e79f1fd426c240096a1a48c3f90fd162aeb2fd7aeff7ff652fba
0788f86f14cb9f158e19f8a2b89598361641bef884bfbbe2bb4a3388e5cffc4a85122559844571706a4263bdcbc72d963cf0892212b248b184654579
2fe856b4d7e5d52bad18b8949f2dd172c42843cf1456283f0f2a4d5a28771ef85c147e2cd3a0328d4a35c5e57f994656b774dc96fe181494c91aee4a
155e55697452eade6caa65d622621c063aeb3c181d0d11435d950dad38e535faaae24bb335fc54c6a5191c20a7492c0aca32c220a61159ef9796f353
71ecf19a755106a85bf942ab39a2bd08a42523592b0ab588cab7ac8305f2c3ea2d8e19b3f13d86c745d6f7789014e7175c193ddd79d584de7a1e4839
ff6943f74d280bcb2a3f69265029a83fe67d4538abc2dbb2b4c2fcba28d84c4d18aae781ef1bb385152bbdd0b41485b540575d9c751a9d5691074082
423d659fb0b2e79462f80015b2a5e2bebb54fbeac0678a8f38a1a32c75b06e1aa97666a44aeb242153602de97a9eb202b6e0375bdaa8328d36095b84
6b69e65dc646d650f3e70f6fcf7464049b086a2dba3a5b3ee51752e06c57fae868fa35eed2a2c72a0a6638a1e12b9baef2d1ae95cd6de48f4d1072e2
bddb082828324ce26aadf89a0a8547512c082e688a2ce61784d56ed1c360ef5e0c0c848243709b5bf6ea26a8c282825ed84f117557d96f3fc8581db6
fa09e62bc7208307838cd4215f46d459c556f0686a8a55410fc4ff87ada91c0e15cccfda1811d187e315d2da887596b2e22c05dd9573d09f1edacb11
6d59394d3f652ba0596b0e0f9840d7cf035919ce5469f6811be4e6c8c550d165db84b2aac852890b89224b256ec78a610efab6e290140981fc3c50f6
1b0484d33aa3702b03e7c01e97d90301ae18155c1996577d55b8012c2fce9951fe974b716172622d97890e67dccaf9138d4c11a65961c711a18271d4
7dd9ca9ad17d59fd7d1e78edd36bd9150172ab72bc70e5516545849d4675c80acc3fab33baa0d3a97f9eedb06f15d2e1b6aafe79f67342adafc57be1
6ea8feb99b54b0a94c0b3620ce4454ddb931aed596488947f93cf0aa8c02ae3a8ae04a379401668d30a98a59b1fef1de3b4ee7039ba5ae7c21bb9b42
d9308571105842455c9536ba7e7ef0618071f919ab07a7d4019e2203eb3410035f0caecefcbd995f0acafe3a59523334327b471d5f27bb3aadb431c6
2e0f74f7f7b134abb30540f4b855364cdcac5445fde35aa43a664592b23f0f3657193215b3629d68628c4d064be88abb986a7485d14a75480a8c0aaa
6f1451465669c470c1aa8b230bf083562f3ce3fb4214a45581afb956a8eb18984ca03c1d5198d6175b557c08ebaa7189babbeafaf073875965b38ee6
b90e0d55e10f0d4336ffaa242c6b2452b527244ade5a4c123fc8a18af52d8b7314ea5551f9d6ec06553779a8d36b3177ccff64505747c40b385ac956
3e4aba2a2749ae046a95029845a360602bd2a65a179ff36cf52d1d2ab55ae595063feb4e8e9818b519cfb2f4db5822fc214455104832277f1e64549b
ed120a75bc921e53ddeac0131cef6af77e0419563e253de0f3c0fc9a1363ed43a0a467c32b1109a2bb37948575f3a24072cabc081d6edd7c7b98e359
75a888c2600875a10aacdb68932ad42654eee6b8e089aa042668feaa52ddad1c5cab423b74d6ba2edf5081559917ad9f0a2fd3488db6dfcd91b1caf1
107fcf6ac85590824258e82fab00156ab8aa08cb2802ab83452c9f1a2dc12a5f18b144c7550f0f5c7a71986a04ed6922f383acbf51bbd473cc7f264f
6e84eb0f89761a7c3239ce38c241aa0e984447adfe29ac271921e148551d27196560354ec258abda621b1d75f5ad5d410e2a92f18adea0fa1a0fd696
be67e5bc5d0d7c72f0adce4f8ce6b5cad468cd41b85a418466b52a00c40a20acf6fe5b3e75da9325c3e958c7cba7ce97ec4f37a400429b576f8bba8c
5593b1d1ca49b8191ce153d49c7b04879ef637e6b0e5814cdf2249da9fe774a5cecde2892fc6e8f63cd0fa0806687fa23b12b1fd797053e3d01c653a
9ab14f6453fb9907d2f3f61b3c90261db08b7350d3dd21daae26db6fb473ed674d79f699f61bfd0cd5bf311db461c95e21eb70a3e9988330a3d36d2f
60aa2d72ba4deed83f59d8b5c9eb2fc324d3728c3d9b32e4a1056f9337ebecde6df2e61c554a9bbce4b39936a74d46bddb661398819ebd1d667b6db3
8540e1810736a324eb6e94636df8fc45cbd48ca418782bae9276bbb5a1970a0d8bd71eecb06860e8969d045142b745d294895a7cfb132553538a3cee
899b6db9937af77930e63a83fd62af8950084d999539eb372bbe6a342b6d1d54f3c054a709997ba3ba6ceb203223b97a69d286145d5c1cb781ce8285
9ad119dd5c3df6d1bc3469c2a60f4d16c7cc9e3461cb87282d5d8641d661eb0f8eb675183adc561c76820fdced34591c27292d96b17233792fe09b39
283787ca48aed2e7811988b2873e8ab2e63bca64126dad3a546468a89e1b968ee29ca1f06832694731d31419a343b42f39f1b56b7642449bdf14b70c
4d4ed395e60a8dbad2e466b7b5318ef9a1692532754689391737a70cf9e37b5d1f30cef228e4d0dbbaff4f17a4326bd170b42e69129548b306ed2394
bb982b67dcd6dda30c41f76e04830fb017c4d10cf63a652dd31c2fdbe61d12fe952fe09a28f6cf0327924827147d15954993868d6376532e3bceab4d
8e7b498af3943dcf7c5fa5ede4bdf700f8df97744941fb3cd05e9663603b46a7d3a917ea4d3fd6c37b8bb710bda6499786396f9397de4224a9768c41
48a70f8b75a83e6c19c1301d72ba0d506bd69095cf03a9e1df18f2ffb211d9ce2a29489f07efc471de6e2f327c0e17618dd38860e2816c921154ba04
e428dc4e6f9c70bb12cd71ba6e979596acd04b2e009034545f2cb0f7ceaf7cd6fcf0a9630109c1712c6b4270a821dbed4ef2fd2a609451bf478b61e7
5b3128e8b494631cbe9b8cb230026cb7b2aec26cb7520704eef5bf316b3d0f4cf19ab2280ce6e903cbe5b0ddff64909279e9d25b7196ea7fa2e8c77b
2b1422f7ba90195dec3f2bdf783fab02ca36a80b453fcd73a07a7f0152610cbbc36ca174efd20e713eec932f9cb2c2bb2edfd61fa3e4b009f8e87579
bcad0918fe3cb0b48f68ebb6a74a0a8fe781b7dec8b62e50c3d1a8cf3e85ae7c20eecaaaee5220551669f7fd1c3e6c5db087135fb70229190f5a5f8c
82271efc3416a9613116cb01a22f1efd4cb7604ff954b0fa073ef01506a3e950084435ed52311538e88539ff87260b7946ca26555c72f4557e743945
76273fe3f2a00f50f2f9c37b67f681be5a79f1f9456c13b1dd6da3ce6c48c954a283e943c9947da0973174a9c1a97f59edbd78ec32d8c51c101691da
09e4dc8b012244cb500af0dd8b455aa7c95b1fa4dbd5220d22150a01d3c35e078da141aa288072afc6e2d1bf74d96295e8d6bae2734d5c42f46ac14c
37ea18ea8c834dc8b932e8022e20e3fe029729b9511f98f076e311fe69a3493223a514d30bd9df5fcbab19fcdf1d7075faa7bba32eabac12d4d28726
ec438ee789b23463488736fa47f32f2f2195bb23df2733ebf3c0f4535ebc4e3342d68b8158fb88b340593d64217775229ab6ae84139cfbbb6dae0a62
d4365728ffbb6cd801b87d1b022cdddcc4be81297d53de55c64dd1bd80667d585451961c088ae952aa7d56f5ee51cac1b12bce3d08a3eb2a13255bb7
0515972e7d1f2467a66c52c5ad4bdf2d74734aebb2980286f47d302f8d680d46b9d40573d08ff4d3670dd6a023633516c85069317767355569e3f4a1
8b652aa3f2cfd6e03c5e08064796c711a4bfd776138ab8ae58561f29ed9cb8444de897b5bb852fccc46cdcb7153facd2db902dca836e34c350c85ca9
e21dd86f31e5ca0f830a3e385d6586ff1e6cfadf706f8e3df547597135b891da7477c755cf265f38a4f2f6e7cd7de607e745e403590eb4ac8ccd08e6
53be641a46053eaf52834249b1ba371b29e12eb7fde40f1d04b249d5048f6dd234b5a4017a1e8cf94db7a56a42246d4a8d8bdfd726d513c072537452
96d2a6d8527f9cd237ab95b866dd145c8aad65338ce242729b46afd2e664c01f29b6fd772f97b2d7e78f3a85c40a35787906346d936234e7c0ba299b
570932d87c4dc74ddf36dbbc2823ade8a56de1bd13c7a6424733fdb46054f6f9c0aaca903c5b8885e4177255fcce37c533653fdd6c21c555e3e62c3c
6f76b07fd88b36079de7fe7433608bce71b35e8acbaf6d00b21c70b7c53d0a450e3af0fb54a95519fdcc26c0d68912bf2d5e9539a16e8b7125bd9659
3c97b89b14536de5bd247796f5b60eaad30d59648132b657513563fab0d909912bb0cdf1510995b00d45559413db6a96e78fc35540c4e981a011bb97
a4ac5857c4dcdc9468a8fea05a7aa7cf0a28237f52cadeb5271e0c178994472fa8c1c686b4a0ebd9c67bc9a2eca19b112182e245849580829b0020c0
62abb2f785625d45723dbc090f02e6b661eec5b857f917b042ab09e287cb3dca20564b4796a0b550dcef6ecda3983e373307f32007c20f472bcec267
cdcacebee3a9b6e976b3d32b85d34f66e5a7bcbb057e185e11299ff2c48444cb19266e2038048dcceab107dcecb38847cef642bce9b38b08d1f5a09f
ad8f4ed0845101dca4b0fc8db977e8066e3e37856e2874d357a52b65f782652bccf7d9a80cf9584232572b709fa2f0f795b28523ff4b9220273653c8
dc6fde5b19b6cd611b330a0ab405acddb6212d6962f4219d7a51e2d45993728b24b8c4b69b9b161e8c810e95030346adb32990d6ccd16edbcd2f4c96
502127b9edbd9d6d9c8a370585fd43b228e66b890a623b0651694177b34917f6942def16fed006bff241f307e9c531a47626cf97b3dcf76eb279fb60
00c59378ef7bff652392df646910ac8067ac90736816428ff4811d83e4ed05ca73670c5e18bce0dcb79d631a32b306bd8d1a25d0d95aa5f0fb63e615
7ba2272ff2f340c74a20cca9102f80055d037f984f71bcb0a6df2ecd1a6ca064b91ff471c94c032068901dcdc7a65013b8946c8a07db49e0b3c934ae
ad94bd01e587dba29215ac9c01a43eda6e2fd08cf1edc307abe3f6e1e3c70385a760f3bf4d73faa01b641c68b7f7c2b87e44c26de53432411ac58ed8
f28531d7dabb124491fd6177f2dc48f3fdcf6932fe52b6e7454dd980a6f18317f08f16aae68d1a7cd31666dd9d00809bf4dd90fe4393114ea351eda3
85366fb7991a84f14972b0ffcceec1cffbcfcc122285d8c9abb0ff4c34df3b3d494b79d3fb5fcabb103b0d8e89e0070517fe546844bff260ecc42161
721fd2c9c95a15ca2639a3a45c50c428df15678c58effb248b07867d1aa39a0ae6c1cf6941d161493eb0cf3e9c45d0eed6796601ec4e17c0bdffaeec
00445adf858f0972be3b6a17060dfb3256446858c629952f2c5ab32dee2f202e0427dea5c0242efa6e1b3962ffee8b89a2895be50cccb0998b24f95f
635fae434bac1c97eb2b9428f60c67b8254e0c3bb30df80f66a3a1c092f02cfdbfc92ab2ea4890f56e70000e79b893ddcd5e6f982c54bbd3be6934ea
dd8ef362fb0fd81bd1613783dd8a56bd2399c5c119384f425177e4e6b91c3e0e8470ee48cc2b587343ebce4e9f6fb237ad7271a7199d51df1c8260c9
0da1aa7d55df2066870fe73f4040779ad05d334e1c8f966892baea2d33569fbfe105d60b024ea7030bdcf09d517e6e2c0c198c726ffa182b5e324a68
adbd7493d359bcc890d0dac5f33da9632f01389dbb4dfa6e589dda7bf15de651f11fc6b2dbb5ce4d2f645664b969865abc51835df9636e774f45beea
0cee839b9ce7d97de23c7be92639ac57e83d3d76a802dc8ed991ec5da9c5225ae4ae7c7b89497cd7f9a4541f95105798ea81cf3f8bbe9e83d75430fa
a1fd920984073173ed7af4616811238a8731df6ca8f540c1d63e311f421391fd0f1fd786e2cf001ec7ee2e4f0230bd7c1f3caeed24f339e7a508ca20
8b4383a456880da41e421b5dab87c0e5740f8d6352053805b483a9875a2256b879600fd5bb509f13ba445789684283a4cb3f63ab27cec5d7a822ef42
7695312f079a792881b1d2ce4383284b0e1f48542c1578f0bab65ba1878f676bb73c89862987ff51394ced177cf8d865ee83e7b495091f4220a19b27
cd13a20300173c51919c7b06f6d32d02066c0e5ff7641c3ac1d127cffd7406fa145879320fa148aca770de1a43e16668a9e135d04e0f1e8823ace6f1
ccd7adde330fa2c5fd1c7baae15aade2811bc1624cfe502fd7a8ff8151b88df41e88176cdff330449cf1f043b78146c40fdd065a5be50108b001cd33
20c06130f500001c960f3c1763ee685d605d65f4f25cf475a906ae79aa35040828cc2c7ce084c75e049e8b16bb7f12ddb5ff99abae5d60f8385f21be
6cbd0970f063a385076a25569e7ef0b075748967bc6b8f1ff007b512eb1a3c30dbb26ef5734300e4c9c236bc64b7c70b2aeaec81ff9f7e3035a21b8a
2fc2e7cf78e41efb4f3967e0161b8e95feff504aa711c2d94f169278a895e29b311ec18743053ce30d7cfe1c80672232ff8100a0b8051af56b44088c
62eeee33dfc4c17f18f0c081459f675e15cd11cf5cab793d088c6237eccf43cce749c25f9003a73c2f2939d7188a2d87f9bf0fedc24c0c3e0c946272
f2815d583fb7cec05133fc1e0fe160f5b6672a3cbb4b42d69f3f207a951eb6cf8768e5bebd1f453b3f1900086e000eacad31ffe025ece7d18397b059
0d0f8de1ad34f530568a0fdf7c0a0bff3f1f7cc544b7c8851689fc34b84b3018a58f2353e50f7d1c59f5eb697088e5f33bdfc246bd8c8ef7731c1af5
d13c8a468d4c7fe37818ebd141b595b99ef9fa1511f96e7c178a99f932fa9d7dfabe7cbd667fe3e20a2ebedb04adcec071c86e11904788f5856ab4d5
4a5f1a8699f47fa11b6d4dd5976f5921a097e2a9e06fecbecef88ba76d16fa78f9b4154be0dde7baba03aa0444b738b75f638429b3793fefe49c8bec
7d89fc051e5f983ae7e2f27969fc077802d356be3475def5487b13afbad69d2a9ee6debfd0e83443edc583c2ea616fe6b2680e08546b71f49bc96af1
770604f7f73c2b1a416107e54ff0cf5be671d77018c76c17fc7e07dd70f8f0be655e4a0d1836d20e65f5d2467a174e7a27a120f2f6adf3346b0e9582
49a1a1171a9cf6f9f4565237deb849d70b5abd543cb0a6df7b416959b7f26568d75d60fd850ea7b9adef45124b14ef4befbeb6ac7be14d2f5b3efede
04d3a2705fb0898d29de3bb209ff213343c32242b5eedd0bd501eb1cbde41a5b97eebd67d87137011a4030ee7de65268cbc037b666dafbcc5169cb9e
b936eae399c3d4963d85b7df9d306c95cf218c76ac24f13e20507db0e8af654fce00fc308ca35b616b06bc2fdd318a9e7ca70ec4e92a00193efa0c0e
66a9fcfb12ea096fbe448206082f47ad9500f7d7f4d60b5b680b31df81e382f9962f509ae587ef37af8f1aa429b43517df8f604d04e98b280cd507f5
9b20462bf92116b628d697fc5c2b47be0d2450f01f4e76e18c08fa4363807ea7e5852f1526ccc5781ba7bdd6f19bf847a8f9db486e04ff0396683a52
df366f5355c6c31a8732e0d35957fa03fe30a7ffdb774e535d509fc11c866f9f8370150c5b07e60b54b014a6fda04b90ad64f1516bd332e68f2e53cc
74f8e0dfd70fe90f1e51cc36fe0e2e8d48f66f06aa1749f1c1a4d74cdf0f0e7fcd4cff0e4e4307ff230bc20c83ef987c0ecd1c762516017c27a29beb
187f838190cc9dfcc03f3047e9032fd28cc20f21e5cd76fe18676acfae8013b37b00e4a389bafc18882afd7441082d6af08b5cb83f7250f731a08079
281f78097eff7e3020310bec236320fd64903888ae017540e1fa0faa987e1a7d696ea4baa42aa6b92e1f0c80cdf0f8a0896916d997f85088aec0ab2c
e6c4373903c27c1f0d40cc87f9328fac38205f9ec352155880f83df3c19dafbd387e995032b9c9840a9a173992f6a0f89103693ef147df2abbc49f1f
d80fd94a391fd80f46741f880ebf573e08db4d137fe03e9868fee0c3ce84fbc7385425f90f3891be13831d914c007fb41216e6fd18fab48884f82a47
a45933c8c12e82f783b6a4c9cbaf72c85ad73ad7d115880345207ca0524cc67c956f616f459d87d2837899e14e48557b1e109e9b08f9181dd5f4df77
cdddd3b8afb974ea043c059346df206c828dd03e684cfe2cddc5bb2c84f3312ed5aec7c447c2c7f382f18af1f07773d02e27bf4b6f83efe673f5a706
6c47ac92f2dd330ca6467d93f5233cf981cc297af87f83ccc956fbfa1ee20b9fa907674e58f083a5b211ef37891c9f293cfc7f901c681c877cfa40e2
fca03488be4d9f7c74ffb2790090147b402f1fc822953f3cf38b08b36f6a7dea0df5813cf9c14e7ca35bc7f9436004476bfec693fbb014ea237d62e4
4462a318237eec416b40854debfa7c94265b2bfa636803ab517f6d2ebca6d5e6c26a143428f628194d74175be96bb4d4f5996c1c963697144b7439a3
85780c381c42368d3ee4ccde6c0c1f6f55e68617f430a2fd0374d41078d4a8a16dbc8402ec6d9bb0a12a63c0546b85353cb78d8d1a64c706150d4e53
0ce51b5ecb86d16d103f87d7b8ed1c91e6b727ceef500665087a6f37da115bf3a7ed005fc97fc09a0bdeb59d43f4ff411bef1e128db97eba04f9a51b
d90229215dd9160852b3ff812b99fc87b9ae1a036d66ac49dd187ee1f41fae411cebd9d7e8c3d87cec16480708983546a6da7f9ae009f759098c88aa
511ddc0b8de1987ee2b559c79c976bf041a5774463a8a9e4611d50c3d2816e0737c34d12976477caddd12021b2fed9cd21743a8a006aa36db24d4f1a
8d93d34f068e9ccff0499e92a04f4324aaf3a7499c395dfc069dd09f953de7ee69122433bd9b345eb620be91acf4791864e561f3c0767292fe6e9c83
1a88a48e7cca236d1e848b1a8d958bb7029e637e16962a9f964ab4c841691940389ae3dca8c0298e4d2397c9cae1ad12e16a08705d6bc5c136a9005f
5eb2370c0ce08ce4672fa1415744bab68bd4b1c1dd3527e98c7900d5e7201b4e472c6f83fb719a6bd32058f86d60acfccfddbe38242d0215e6f4a869
f05d6255b43658238743abb57b0ed90d601bbc8af4426b35c206df2626e8db20088a230b36f0411cfba03174927523db0d57b9c2956df2450c53e9db
c4d297361825d978ab0d5942ae3e5c609c9823de1ebedc3c66b0494e6b1e36fab5cd3f7d9224345425d13044387f8288e80ac5b0eb9d735287e4a2f8
30d3c39c55d11b4d64f34f0d6016bd62da142dfcd400ea92b0a27d7ca2f82c40c3cd644cfb08f77d9e2757c49b0d3fb8960cb48fa6782ea74cf62703
de1f7d7ce106b788e7d53e46e6d2a43e0212d79fb8ca0de03c8bcdd6c054b1f7d53605039e03cc528a3847adcd65728d79e5d4c520830eb3dd1aec56
aa181cad1155f9440fa2e6b09cb9b579a267177543ec0301bbfe0d05f9d562ffe61ba738637086c2e60ae40c15b7888d581cb4fe3d26a18de8df7323
dce28d499cfa265b67e1a59ef1e20fbbbe072011a0e8dfa0585d8ee00b35ab1c1e554a557b08bdb0fd7c43b1cf03222154fd9dd0ffa16f3837dedd1f
e14cd214071994e55ea57f5fd80577484e567105988f2457c00c377f378807b5e8b07911f3a57feff8bfbf03009bf6242076ede9f28cff6b8f02b90a
d57f2045139df1e19c68ce81bc98a239c1d0f8f01ac00d9ddc71f4ef882e5dce457539b96449ab0e37c0c1ab0e72460656fd9b4a7d2ee7a9708344ec
597f38e99cc3ab0e15bce4b34e277572d8d4330864aa33a01bef49d264c59304755277ad2b7468cacf10e082c427ed2425e9db056a455ab0fd1b0e21
b33a8cb87dbbfe0ff394baebff204d7e060c6dbcbabb3e00c6ae451c3caf7c7a029127d30721629583ff40dce2b31db9ec1a116c534698edbf8e7bfa
9f77b4aec612518baf2e0d573c9f41181d3f8780d2376929f50c68fe1f6e0013f64d610888dddf7cfe7a05063f2d949f3f7c78b16b05a1dd276daf7e
a0f976f510c14cab4123c80490559384e5f2e94302665af522c0df8afc8cf6ef826f97933b53fd870b9bee3fc0c3b3cf3994fdaaf7103ef84e431ba8
f629da5bff063409aa5f38230d7868fa45f9a8eddfb826d1ed118f7953c89af380e9d3ef67c4d01caa866f60d5d5a04355e6b1d4a216e2086f5b2162
f34d29d8a743db42c398ec3f0c6ede517cd4a6c4d0a3ac14fd4437c1e7ae511b7d00ee1e562593dbffb8e6e9d0382f1201598b7d11c1fefc03573c6a
9c8c20917e6a2428e6b9028eb8cfc7451e9316efe24a685e345fcec6f9e0b555df992983ac1ac24d198777f89e80d1ff00743f34ef9b64acf1c5a0c5
8fcd389531bb7e90f24d722a6a9820a577ff818e9925ddef19737fb41053a2689430d56cdc2bd86f9b4ff6336fbfff809056494b3169dde20cee8617
ef2553c4e30483ad1e6af2e5512d5a9b97d26c8fea85918e178f6e01b3492a0681303900ea582ef6fbf7896f4d6b4a08bd101fdc4a458d9146d5d940
0b3e00cf9f3f502eed534816dd0f89d128ca30eaa289c70f65d8e81847d36af34ca893c60d740ba0b04573ec93e3569d81799ffee60b50f76f874946
35a9b84fa162fd13a3d6fe6f1272daaa9d3e6164e25177c6f5923d46cfe090d4e14e66815672dfe139e770056af5af075ecfc85c3737c1635cdd29a0
e3e264f66f32b68bfb78d884ff411980eee71ee6b8d56b982ba52a8188536d064a70bcf8018a50a7ff4088ab33b4337497b4343a5502bc726a7718a6
d424dd7e70f1fccdc54bce207aaf6e9254a26edb3e059bba4c3bb85cbd13f7ca3b5edde8cb7f689769aa9c7c8ccec27f680710bd3478a0106ed6d32d
20b0a8470587790a4cdfbf5fb018fd7fd82679e926134a78638767198590eddf73886a11849f0405fd1b44c4e9722c9461c64eca4fcfb03dd2acc79b
41d734f527e3e62aa84a9afba769825c8b1e35a499d547244d90a0cd494013a7bf33fbd43c11ebb41a04247aa375052c6cf2372fa80f3aa92f61aa1d
ba5055387c0735568a7bcc740aaa3183fa5264f3fe3d60825f467b9eeba649e7b96ece203fc6a7a1904dea334a822aaa46217e15dad94941151fc082
8b2055e99e914144fa0f5c38b73047e53f002d795eb0a5f0cb63874fe4187ca228fef420a962e517dc0e4be2e4cb5a2748d1bce9fac567b65266e313
06d56b857cebdf730cca609c8aecddbab8726a72b02ded7da67fcf75d2a819cf34ec3a1010655683df8beba2595d78f07896a49e0ccfef8908d5c08d
378ce8ca1dd453ef514360608be2266fa0ebf4474fa49d9455d2b690b22a5e6586533dfc074cd0501852cf0e6bfc07620b9f1dd262d5cbceb019d987
07e150fb3fd42855a0fdf0dc07dff2387d8d2009ddbd08300b3ef410dd11f7a22697631b927bc41bc6a0e4811161717f0862660049af7f4689f0e7ec
97fa3e9998fa3ff4bc6af2ff81fe4c5a0c4f37c76ea44cefced9db3e589876ccd9bf31019fe5971aba061c507e8e3e27a4fa4c39402fac1ab4c1e857
717afa37b8561e31549bb357185a60a6ea77287d95e22da2e672f626323c6bf0a634eacb79571a6913f10b763ac6c96eb411498888db2156add99dbc
aca195872258d5f325d0718ed97981aeffca4f06f4554fd7e0a8f4a80fd044aee6bb840d9ba3d313b68783c8ca80397f74058655599b117628750b5b
06b010c5b6efdfb8c2d9e5b8a57a47847d8aa75d016c1211c3016a63d5ecaac05010418c853008b00ec8d442e0c26a4ec7c10a41193053d04e8483ce
26b48cc7ece150065c6678110eae9a1b7850ae11d12a4d4a7f3d035ba94b174eac9a874ca77dd2f1ea1973cc1a13b4ccf69f3f601d75cd039df699f9
11ceb9f71a34f4d064bddfbf01588a7bb83806cd0aa155e5ceb67ff3801eee131733bacbc62ed505d4ceaa6e761812437b1aecdf04d1de7cc807ab5e
ae81466ad95bc3e0a842ce0136b15584556010afcd0de034e9751d126fb21eb621f10ef9342508cf440407289ad5f247efa2c098f5c5470d6c3779c1
e9df809e42cb010670a5f8a8d17d8c94ef6ac864c66a17e8ce2ffb06c2eab59a7519a85226bda69e7133439d0c83b5237b951839b57855e0ae2f7b98
30593d7c56a098fe0357069faac85376ff26ed272c17cac521b88597ffd0bc186ac21cd730c8a8201162ff0e6cc219a058bd539557429380096bd593
283082bc850301ee58fcb60f34812bbeb615e208cf027151ab9e3f01c2e5fad300d7d197909af1d91099fe564444053a33ce0625173d11fa92215ed8
cf0d803e58351f39dc841d6272049051c7cfbda4cfbc6c7003f96f15dd1d28ffcd066088425af55808d410cb3f4d1216f8223e247a7df219183e78f1
1e02721ff5491a19c651a42ba5be9e91d98bff51584567e099e370061ef4d24eea1900bda2adc30bd02b623cbc7456aba9beb0db4ffe065b42983e90
fe495aaa77ae9d3b0088f25d7809157daa3e8e40153ed2eea2b40365b80a97d333e05bcb30e12398310cf8382857e0a03cca8f1bea2e20e0ff1913f1
be470d3e57c86e9128cdeb464d7889aa7b46409430b5004fc93fd7aff1faf9fec2562b19d80f92a9289678ff1e8e4b365196a121e8b48744d32ecfa1
41e54f32a4639b238cca805554f6f778e21e0ae8d833200a17be3ab6b98c4919e4881caed13046d500db4b7a5afd9be845b0f860fc2dcb180e3a0694
da42cf806dccee1a206f84428e9dcbf22736aefdcf735fb3325eac815b030ecfee6d9e56fd010c314556eadfc0e1a2be8f2141edc3d1a20e7aad7fab
43ba0cb490fa08bc50fe069fef7083245c0eb7089eacd734104c0ba81e81d0e9674c37de50eee28154d72d7c18a3961c4a67e6da1f07ec5cddde3141
9726452d34c5d1e919112dba0691b2a0df4125348b4c8f83dbe83f0cced8a6c7e73108be5eae314d7a4e60fe388973d5e0f44be0c30a82ae1f6f3739
143582ef0335be04f58fc80be3c310e7e9d5b41898556ed67a068c1fa2ff40eac497108e9e373d388e084895ddc084e86e8164a890d51119e8d12d3c
68d1a32664f2911e345eff836691e6d2ab854963e9657524b2427d0613b1b09706d604b276eadf0404423307dcf66dbb07c137a4279a01f5dd67e6da
fad065723f84528f3c0f998ec8e4c0fdb441c4aed7d44157ce7edb1e998be536892f45101f9986c59a5826792122e928e468180030a48414727b0639
68068ad39bb25841078490a757afcc5168b50a09279fa349ec49c070545c87dd7fe041d373e6803be5cd7dc0f95ef131993c359187c720eeb2c9c983
22c9602841fb0029e9d6e39a5ba6615f931da9515d3058f68e4d2e5bf11f189c45fb31e93fa31c58144473d08f8bc4bb88cc0351e9379fd59bc75d0b
71035f88363f6e1e6ea3a0c9e7f2201eb2ab459c1f0f60b871d403be828f1943ca1743924197e5f148f9139cf4f0fa89ba3c9e39423737e7ac7584b6
7ff513fd98749f089ae3c52a18dec2aa7ff7f6bfa0a98a81e1cb21ab4ff2ad6441d033c816323c1d7ca96c99e841be94efda4bb18e9102a491666d1c
1fa1a711d78743edbbf6018b88203e3e6211a3c26f2ebcc6f07116da4aaace4991bc679054349aa08180e51dc720c3ec3bb17f93476444d3e6f6a8d3
36bda5bbca84866bf54f28c705cb4cce6d4291ac0c1c316de8b951a2a536cfc1bbea7f88fa2e6cd235480624774ad245d8eadc7126349173679f1ad4
cee50ffa8eec427d82149343f5fe0de9d6e60ac0e1028d27b4cf82a511e72096b2d5c9ce00242fd9e1c9a8a5f5e70fb305add301724b44f2c9505bd2
3def1984413f19942509819ea44d0430ce0328d95b01374c162d9da44c0407cf636eb7d68d1e91cd593f0faebcd0e57972de1ad3396f9fc640ea4610
e73c41148a9d759e3c942ea7918ac7408530cb934fd02a725ad8bf41979efe1e9befeb7d46d2ddc2bf27fd1f59a1e98c58073d2dcf88cd3bfdfdb082
9b040de05b10b999a2444e5226baff27235098f37c260e5a5b93e6e66a1d126fc1ee0c6e961636118b791d68f6283dfe9ef1b109cd837690d2caaf67
c630bd9b99dc6e115067262013223c338e98d732e3f27a102443f4463e3340e94f7dac5cf408f0ac123970169c271114271d0ccb88b6679ccc583dc4
3182e30f3152cc64f86aabe3945d0a91c73c174d1985ce7db2beb173a21522462833e2fe3d0758954166477606d64c803a1652c6ba44113e90e5ada0
7f63eb93cbe12f63f790a828943d86b1d1463fb1f2ca68d615efe3e26f30a1b54b9134985800b1029024974f04a8115c3848c9df6412e95246ea74e9
5cc48b86615a13482d0da1e350f1fa79b0479a5a849f06b8886e00f85138224ef22a7a483799081e12638f7beb2f9c5561f578ef64afa9061870c115
ee098035889b9a2cde6a9268d92dd0b78e9867f106a8c9fec6fd11728c3711ae8fdb8d0b243811195bd62a2591249db7e6216921681641d359a32452
474c862f3d8374818fcf83f397dd020d954510c587a3d6b41faea4166a7a1c16e9115f823b61bbf8e2c4fdfc0170c63dbc38813fff2f40d01ae224ea
441fc597b48c6fd98b3116ff81b84d34587c798bbc0e2fa1ba28c7c8a86356d6881fa0956b7c800d7aaac48f3c2061e848bacf176fd27d82c0113619
a7814342107645faeddff3400465106089864f2445f4fc4921f00fce98a3521301774742ab04368b7cf5f56f12c86e92ee18ac3a9106b172588d2191
09620e7c3a08e30462d2a0357e587689613fad349c0e8ae0a3ff314ebaac6e6b42bc05bf24d3c9c78d0e763ab11b6e119235b97debdfb87b62f2a713
27447ccc043198a9c8740257490c91228e83c888c4d85783a3ff07a828c5b90bdab748dc24289b061972c8274dffe6f85c01b74c6fa744aa44afad14
395e2dd094807982f0bd604175829b587902ebdfe446ab0308bde4d0b77f8f4bb96ffeff055f651ae0e0a56405d2eedf3caac295099ae2962ea5416e
64ab18a40c01ffe9f2b9661a4186f2bb5edd09d1d8ad4e97489e8857903262f2f9364153c96ad8891e20addb923249bfc33dbe50b7778f734eae4180
ec7359785904c253991edbb4d1855c475f7aaa8f9b8197a0fd641e5342d0aceaa30212c2cc85444f0f56794910cbc93ab27f0f019769e25410d8cd0b
0792e2141594e04656ee906aaa2468f5d6480883757a92836d93771f5ec64ca8be9d836d93159bba7f177c6b4a95de3ab32b905fe8f30f0b5085f8e8
df0f1e715aa40a0eb8c11a632a5862942e1e3f2dfb059b201fbf6b6e837abc186243f03b91ed63f94cba382bf5494d74a1a534c912514a69285ff50a
fee643d15b7b41d8e1230e2e90f91d69ea52f99a0faa242b4c70ffc62df5d60d99e069b651ba79077c8d6f061f70830f68310d113449b14a7182cd67
3282219b29bbfc84dab39611f2c0c35382b3c84384577aa8a6a1551e0489e333f66f52512298d32048b20c11fb37bd2c7a0038dd06744376e800a935
bd704fea7d663c54855cea1938cdde46e84ac90377ff2e5c12eddaa047fa8b5d2378e7226b4e700c997cf6409eec3fdf7391dd053501bd4a933c11e5
97e0966250277f827ea03bf573bb40780471e7d3c783ea4d845b48ebe3a66fea1ae89b6f02113fa9c107acd12f8392c94145cf00fa31306e8832e125
8069a745c0a9e11888604b6d1e03ff61204cf936ab1972c1438f904ccb4d4f3a6f13f0ba06ee4ef0371945dae80cc1a162ecf4ef41e8c82170ff0614
d355c8db5cc6531970a5a00740de1851d3df389ada870cb9a39c6fd73ce48c76d4debf0ffc5f03a0ff2eab9ce61d23d6cb2a43ca68e22eef73153564
9a625af13043b468e646de49399fee822679fa66303123c91cb0ace201e600a35d51f739903a4cae00a8e89d3c00f44438e44980ea32640af23ca403
c2fdea723cc2add0990741eab058fd9bcba255382083d6e9cda02e8bf53d33a8cbdd87eb648f2ec79cddc1897d38dd6066836e0047e774031891ae77
3ea75f56b708fc56ddc07cc0680e275087e88c4cad2c5de11ca9aeecf2c827b23312fc3fa98738c7ec3f904b259a3a83b766258a1cf90ccbceb8d984
3300f84e7f7f30c5539f60a5edbe8130903c7d01a0c665767f4e54a8cbaec08dd0aa906af551991af782743971237418e1714cce96fb3761f9ee1e80
7ebc0850c137e4cb69826e0d2193b3205096f31cb406054ad742af3c75bf043c73c6e9d00b2c67dc98e82e6eee8cbbc03aeb399533df570686937035
a862f4afe22a60ced9ba2c0f32359b3f920bb064fc93d0ad237637feac1917bee07f5ae7aa6a1ba048668b805c2731a616eabce3aac1b05c166066d0
98d9b0b1924cf6e9acf3b8ba09ac9ae8e84c51a1ad67739daba6615f8c6da14521e72b18d85d80d8be221716c2f30227cbfc990c75fc9f415f6488fb
345d0c10e9f3764d40a059dcf39aaa8d7b4edc1964bb1b60d201aa9fd7f99e33d7b8a8126fa9697ec83df6381ece549d3c9ca99aa4d657f154215db4
5c2d3fd47430509d949f178b949fef2ee487c5aa66f999c7dc9df2c1e6f5a7770f8bfff24b506f2ae0257b54f37889634d05bc7322da92490f9a0ea0
a3f020f6537ec94333f42601e80b3ef9535ebd49008adb94273bca27eb9b0357958fbc68af385c775bb89287b2d7117c503e9e66f1e1729b4dea1f0d
68cf370691658fc3e57c3315ff0140c127ade110f8f44e2ace1387d0d14adc197165e5147704bb045b24eb1b51648510ca20eac2a6ed2c3489ac3f7f
209a3bf53d9e1f66a717fa1db372728144520eaefb37a1447117d8bbe21e48bc1f1ef3dc3bf701b24ea7b2ec9032686fcbce279486308c2a0f63bdb2
d324dae57392ce2030141c2a083b2ba7ec233acfa0aeab5b24fccdae00342782a550c3cce6e1659f935a5b5b685269fbd60256e4ae435f02d19cce5b
2161e895860d661fb59b24defb6982622f8f3b306286fb841d835e62654a5ecb1f61a532c5b202e70594a7f5810a84ae660994832f049de7728003e0
9d3c00d374a30acc334f0b0dcaa0340f858deddfb0f3096e0077b678045c7681d972f296eb8a15929a3e9e93d4d4252d9394f4f1032bd4a8b4c05ad3
3e2f0a589fa62c0be3d4d8494e61581a1f9ec88dd4242225233f19500fab6e11dc4f1fae4880f953015a3c3ef1e08efaa15422ecd485264b82a0b9fa
9b1742047921dda73745495c14ef14c93a1f563a9a0d3e0b19f8cd43cc38cd02e9e5823ea308c7425e8feb5305dca2ed72116ee80d502e222b5f900b
1b211e58a1e7020bda0a6cefec86a0dc64997aebc80ef2ba30a4a6e543e5261ffaa70f82bb9f36a905e0361ebad83c9d3156c686efe5e1ca6829a746
b80f1c48035b7c97678eca35e6a89cc1c58bee83f0c9a0e26590146dcfc0b0e9a70f3050a297ee635014cf62e25311f6057a3dd6d82d1f1fba3e940c
ee7e78e21f19840607dfb4f0d7720f464bb6aa49f9f8ba881ed68d3ff8fb1d4ee57c2c070e8f8741e6075f26c63d64b3e8c155da1cb4f6b7818c373e
6c73ccae41769a8608af04567e2b70a1a520c0c3849ebb5b95c1e3e03f44005597937e12c4aaf4f469467fddb84a51dfb08296eca5c243d66143ab0a
952033082a833e1adfd58151b325881581dd8f9ff213e51ac1ce232bb05b0702cd36fdae53274837ad0e74d8e99643df3b2afc117fae4ea99d6e4805
aab4d56e0d7397b4887057a0183f43251954abcbf922f40c110332e8315fa12ced83520f1e7f51b595cad096d1d563ae890675908870061c64f60ba1
45987c1451ec157c14db53d6a120942d13aa27e17676933c2cd54d927bf49381c3a27760057633455921e8b3c15c859ff53e48adc4c9b78ed0598dd8
4ad1a0750aef04fa6be4a8759a067acb36a6ad912edeaaff3057ca2dccedd1a8e05b3d1e3ef39194cccf3f1affa14613b181b06885aeec213e5aa550
e5e77b76aa16e835d38e6eea78f03a8a5effe62917ecaf17c18988be7a7129b4fad7dc40f50103f4f3f0f720781444a48f8964a4c1031431a23d4ed5
1b97c3228b8a90203fcb3db0de61294b6588108b2c2af42c6cde51a74c23bb4663869a7ca6af3467cc896b9803c9fdbc872b909c59bf159a18b631a9
4069b6d8a878edc6c3400d2fd39f73fd028088475921a6b0c145a5eaab3d98d4f9502d6e1192175f60e8c6dad4a0329487df7ff5bdd8a4c780bb6458
4f67d9967c5428cfdaa8a3bebc4bc5836af8835afc2664d620a045612dd4fa6576a1261b8fb9906a6d988630796d731aae81510b83558646b68d6c45
30a853d3bc362cb598af17450787f8c7d7460d165d946b0370343ff70292b312d6b5d16d697206317d7113379b70af64f5fc74f28100711f584bd16e
d74e96806ee745b324135ad7407b3f8a88d73ea9813f414a171e957d158232862597ed6bae7d4ea92ae3e39434c2c0bd1316ba88e8cc4dbda61db8ae
ff057d9568cdad8b8643e6535f70606dd5e72b70bbd5c278c41da61eae89d9740f2e8613b169edc5679d8d54af634eddff1810ded2ab8bb6e4c74f0d
a053714faf13384474dd45e78b9b80d8454c2862f23a413589837b9dbccdd57fc00913797a11339a017a9d3ce6d57de2728aacba4e42777511e798d4
24946b15e3b67ff3940b975e447c2226afc87512febe22d74963a22768a3ce0b220285ace9dfd83c71db2e061fad3f7fc0a1179cbda04b6b4daf0b0c
7feb015d0943140ff74a200ff42eb8a059fb732ff1eeb3f2c505d30dab5f5e1761a25ee81763589961784193d0e8e7e233ce0cc3eb227611ccbb20d5
b7c0f99a18ce0b7fcf85f73ff842f255bf8956352af2787fce17835c9997771109267f03b79b537621fa8345ced7e2f0aacf67424135f1d009935682
da87b66ebbe0f524983576c18ef7e7ad783dd85e1188179407eb0f90211a144178318ea30d272f86b0b2a9e285b88d3fcfcb8b0c5bb3cb2e18f7da82
e0826d6ffe69816b7778100ffea00adf1ca533b861de8f6f8e4a5b0a7fcc96355c13cf09755edfdc412d378c790fa3033e0d85ad2f1af79aa771c143
f329fc7f7d8049c2c5d787b57679c3d20ab15e781a9a6b7d3582457192ae86db2d447b31e8c4e1cb4af6aed92e1751b130ef456f2866825c8ccb3898
207f80926edafe9a01726f13849dca08dcfca08c8363f43fb011c2c337fd31fbc97d23cec4e6037503536fdeed9b987a93c8fb2626b699e7bdf3948a
82b8775e0d21d39b0f4aa1ea7b9fbdba4d00aae26f1e4a9118376335da0af0dea7684853dbb1e1c2be3783771d025d7700b014c6b8f9ccb497b41b0c
d86a03c83b4cb73e1a373d251bddde03ddc64397ed1ec2fa6c26c90d64bbfdac15d547cdfdb91197c16603f7c1a0301a0395456d7d7ae399699da51b
8e8dad3f7c03b7da7dc80d69fd2100710fd47ad8acfe3e0b87e88cb90cee81772fbac98626b59203b7663fd66e58d42ad05aff9eaba00606a6cc7ef5
dc4094d6dabff962b486ec1d27285517343b31abe786707cb8e75606819248863b4d50a95ed39cb9e6413ea979337762e83cfd616871160b2cef3cef
9b33b8d8fe8ea8a00633718430fc9d2754d128198fd31a933764d5dbcfa92cd8601f29a854feb06bee425026b47ec3a1dcf673860a4fa108899b226a
ebe6dd85a48b6f28e3795ba1e8a601ac95696e28562a6070ff6e98bb5aa87322aa50716c7cf02abc2f6457e049f637f18e888fbb72bf445bdc78e36f
3f47b7f2dc78b12e822643c88b14f7e17fe06c7a94d75c1a0d6310498742aef5ef9bcf6767105619f2408cfdb33217e3396b94f75c19cd63b0051c09
bd7f13c206d7c039f33c1917d44cc11b2453b531e90d7b0d13af37c261d8affd4da9f8e05efd096e82c8bcdaa5cf0d026bfbb96d20b0fc66b8a93969
bdc11b7cf123f87b6e844eedc3ebe921d37ac3b713c61bc74f9773b3dd24e09428fa9bf27033dc6ed866fc5c5fd8625823f57ee798744f5e2eab6701
eac94cf0fb25b8f62c60517b9ae8bb6159f173e1c113384440df1f4ebd0fcfc7316ad620b67ed8a5f73707a93140e1d1ca8337f8eed5eafe373c0247
33cfee8fdbf993d198a1361bb6d34d809cfad92c08cf7f76b7111cfb5ac188d74a65779ba3d6bc1b49134363ba9f33abf2a611efe17b439b5d0b08ee
c653a843f50c1aaad80bde83305e9b95141fa8455a91f201c164a1ff03adc74397fd01b7dea37e369cc1d3edcda575030f2a147dc3f9727605c27bf1
d29e415e9dc6e70fe3989a0bf980bd7f88aa7ca027e95579c0def7e63e83bd9f7d3c9e499d798883d8ca7658fb401cbed922fbd979a8bd4a93f721c6
e70301c021f9d21308b0c4657a1839d52cf92770e1356a5067c7e916499d65ff8107c65bc1d85ee6633e818f0a4f24f0c078a920418fbbfff0a1530f
aa415ea44140447e88587ba89c69e3d687f49ef814cfa4f7845e9ec95cf101a1a33eeb733e949a8bf67960ba6c7cf41c0c23e12e8877b307854988fb
f2d05ae8e74cd372d9bcd20762f5cd08ea39492b79a290b31fa2f89ec17fe9df6e01f6d63e210cdf6aeeea43ee8ab8004f24a5e4a5a69cc1a6c94f24
91125c05dafcdb1f3d961efa60b179ee03a1fa11dd1fa95a618f87015eed73f1893ce562cf3c714e4aab100915c5f179a0c179780e892f3401eb27cd
69fb1f137afb1f5c598d7b12a5c2490f23bafedc8cccbb254aec61c456eb053d99bba73ef2bc3ace0054f34ce9d6d856ae0f752cad9cf27c08e32ef8
fed0bccf56a9cfc77968691071c96ce7070ffa4304e6f3012e8a107e886044f63e6dce520d224ab51d783c0d8f0cb10c9f06032983073a89302bfd99
f84437ed9d9c6f5dc517c25c85c2eddf5847adeb3b84b987a56d2f9183a8e877a3024cf61f78e84496bde0729b227929bbb595ec4be02e6cf012780b
07be3b9d43fa9b649b980e2f9ec176b3fcc297952d50dec03969ce90a59e7a46bfd04f77689f97b2d59ffa104707b74ffc2516c37b90981581f31edc
49c1e9f720d9aea7fa7bd080d94d70526262bf07e9fac33500f3b26b70d65a05386f388433df736eb50675121f89b87cf94cf6469c7c44556760e13c
0b3ab3324c7ca1e57e6477c14b25b0fb42d46a0f942f9fcdba636f243bc76b8b803d870f2c4096bdf0bd131e09eabe80477641f10e7874e49f726e85
20da3be153f43fb00c3f7f98cba031243e58a3ff71716fdc045f169ae6502e3aec63e64dd82bef7e268da641c354f2f089ce2425bd0c5008b7a8efcd
645989187d33e5cbd14d7eccd098e87cc15ceab7101d8945f5d209bb05542f7c1b1cfd0f7f808edec29d73653ea77df10b4957a18e97316dccf47ee9
4f4a84c30b6f518705186f253f4348f8a5cef7a6e7cb5bb9506a82be0b362ffd85dd164becbd306c0930de195d667306a0b87ba0a7012b1cbc172328
6dcec06e0b8cbf53e22d84f7ded86e1f3008b8b79f0ac46e9ec58d7b56fd074edbb3185a5dd93ee35e782238bcb2f71cb48740ccef79d3f5800dacdf
676315fde3c1ddf5e940e847a3bbf79917cb7fe052ab4f3c7f4fefe67cfe0a27bfcf9c9616668693dedc6443135a982124efdfaaf092f6144e7ec773
36dbb7f6fb22209877f725c4f2205feea618112f1d811a6dbf5338e085f8785bbdda1f49623d1ddf8f33778dccb5750d7287f56279e77b55c4c10b65
ef73738d394eff814ba399333ca339906f83559581353c7d6e7e01bfd4f6b63fe01792f8531cc817e48435865e88036c05f5368cd14bd7e618d73a7c
d425b34df8b7cd85a8cab8f88f4d192f33823266a36ba93ebae2344df221b0f361ded207c176167feb2367dd06d21ffd309854fbc66bafcf447f80a7
9cd37d66ca3dd5220c781cf3eccb1343f80f37bb740b8318b447c52f73ed5c6186f75bdf65fa27d01f60bf6345f70f56e5d5c6c71f389e87f9535fc1
767a59c08c3c054cbf8a0b2d5cfc5558508b16fc60057e0aa07fd447da7e32688cec060bffe08cb90a1e02662d18f34de6a5a89eaf821ded9dbae619
fd231587efe288b52d082d76082f7f8c9e6172f703363883bf0157754fbf8b68d6db7271025ae3890c3ca38b060fa215bec9f914d5fe41dde9f0d3f4
03a7d3cec3be9b0a96ea13d8e00cfe06f038fd8da88cbe64031974324f631cc8e0cc3f03e015db9d0125d4ec010d25547b8dfe1e9a89785f1fb8e4fd
f99e2743ebf8cc93a031c257e08f93ee0f5e67ace8fac1d4278916f85ef287d5002297f92dfd81af791efe26ede0590f3e664ca7ff305e6bf6a7f54d
b6a6e6f072409a0254a1ec3fe37b01220e0fa8711535e28127fa1f34808f2c0881cb0ffe634eefc3e46aeaa1f2c14de0f95381345d729380f95ea436
cf963310b5d474e2d7c80d14a7e48350f8fcf9e6ba1dcee0d609357db0dc3e8552bf3627be6ab409e5052d1b2db36da2dfa608f6f43f3e842309fa26
5753bbd576b204f4286bfb9c99ffc1f78e9e810dca50f65dd8f6b9fe1a051e9aa78e759b78e3f01fb8217a21b59d2f81ec2a24507e3a21617e3aa3f1
1f6b531bec6aac28d8c0473c45a7b73077c815c825d243ae41d5f7d4d16f81148a5ed0ede04cf56069c79c88aa1c73229aea41bcabfbd560c872fed4
402c239fde764ca8a171e2817a4637c999eb30b6c9a513ce6b2731b71e980deac1d5be1dda491ce6737002204737d18719adc0da06572ed9b56ea3ad
8b97064c3a07026c9147538fe216711f4440b648b42aacd8224f898f519c8bfb47aae08d5c3bfb086891a4828f219972768dd022718acf540225e73f
2450c1a2505b225a2bcea86c52638696d4e94308e73e6772f91c83ff30c7a0854bbca13eb70c146be7052d73bbf5146f78e59e825e2d13f1f960679e
0761be06aedee94b0f0f40677217bc7ed17f7899a13e0b3cfc78628587d257a312b008eeb74a0a433c8b46b2c77065923dbe7f0ca46afde3063b630b
3cdaa072a2d5bfdaa072c6daa90578dc3b0d562e0237df25da1d9b2fd22eae9d2fc2c53787abc056e8c78b42635c2ca3d8467774265e1a449cd15a67
ed611b7afc3668809db6026eb0d3d964467e65bc5da3dc455c37d9e072d6d00a38aff15cc7b9673466cc461bec43f643cee55b057d7ee859df609e31
0676ae8c4095af4528f60c2ac7afa761ab104b1c7ae9372adc1f325ee8db08932131ec5b852ba7531c92068dfb2cd7a1fdfbc21f1669d62af6e9d40b
b641af3ccbe76a8316f8eea0710d2ad7bb23d7f4b381006deb4837ea261f52fb68501b2e7a6535a80d1791ed0d6ac359c14b1ab5864fa90935680d97
b3b8c27076217e68ff3ef15df54d13dbcd7f188ea5a3f6eb1a78b2c84550ff1eecb0b8ae54ff7ef0edfac3d745fc19d0876f770857179e2150e62ecf
8b3d03be2f767fc305e682a90d5ac7251d6e808154933318b5d40dc055f6a13563b4d0f51e6cd0492ec9330c8816e219052a107a002fa8d5750ca0b3
dc77b9e80f10ab1d87470496f1213e538316f3c8701b20b225576d506bee19d91990e5478d1268ff18cf9bbf8e991a759e6dbad1332a47a055009170
1c9e36047587b8143d03aa5cf2b0d633787383561606af8714107a46631beaf69cbbadb53ab9563eb027d7ead0c04eae557415ae55d6e29d5caba081
81b7ad80930dead6a34d37c1e5385d833453d5c8418be49f1a5c8dac2d3c79b77d514eaec6e96171350e677035aae61a7972a21a8d5c0def72e46a04
b511b91a3ead91ab716a89e33c39ce20708c1a69e472f84e52d35b4fe59ec1d3919dc1d311dd28e4fefb4f1bf443e7158c73efb5c689b33d34f4c4d9
1a9aa5395bff83b315b280c6f8ee577e83caf8e845c7056a7151accb9ec1d90657e1e66757e16c7db0414129d873839ef96e1da99e81e809c1a71634
d5218f3d0ddaaed56bfe21289fd4c61bd85659d65bed83685eb46eff066e11186d4359562fe686675811efb4e115262658ffa4772c7dd2dd8b3ee9d8
419f196db9328c9f8b3e1161cb6d0ddbdcc37f7e11be5b9f83443fdcf488f4a4dbdf7606e7d227eaeacf3b43c0e873d45d4f9286a795e26d373c6164
d8daf0823148c7fb45b2d586d78b222a363c5e6480dada8049e222b73624eb12eff44fb4ac418e732fcffc0de4bb9c28b506e527ddde3698c78a49d8
3f4f2cb4ff8d6df1bfe129978bb5df0830bd87a5f4df3370b1c352bdda1b628c97e58176ef2b346a6c4b22dc338023f6f598d81b9ce4f42626153454
9671b29777c89e017f9432fa1a192083165baf675c14ebf5cbf05711cff837b5394fb5073bf8736962f68c3689db3c3310edb9674cf8de33d0e351f4
8fb053da19571b882eb44b5d7ec85e19e76182da9e51985154a571a275f532fdd92f0decd01f1ef31fab4a04363b97f3859e71533f621e969e41f385
438b95167db6163c513ebddc6df68c8fda49652d107c81f536f635974cc5c1f5f80a1bdd9e4853b06700774bf9b0674086242dbbbed814d42fdf1561
78d7c13f8e55a54262d807b61a8581e92e9db8b04dd8bb02bbf50cfa865e70336c5062dfa55ed633e073e95841277a066c618e658d1136c8a577295a
f48cb9fb75b5f13264c7c26761fb300e882e5706bbd5367c7438b59075e8478c6bba8ec3ce38ad62faf70cd232cb987f382b8dfc475c1974f4b568f1
9171f31f796540bd520ce39ef1cd2a656540c34f9ccc7e8ea1ff909693fce1ca39f11fab51049ddac59bec190f33ced50bc309f4374150066c0f8b46
1ae7c0f2fa473a99b1566c872bd241dbad5ee03eb1ffa3ae2af0a23732d60215bc30d30a8b18769ad9e618d6e46063988bbe1fba16890bd8ec2fed0f
e20247fb3c0df15c5528e1ef196b395e0867f272e8d9332aff119df130638d9c62e2bcdc49f70c1cc2bc0cee7bc637636bae7f7c8ce011b5a4dfc1f5
d1c080acfa3fb2323227b740d0dea0ded933e63fc2cef3b29e422120d0ee9098ac7f1c6c3439036e467ac6dc9690e8a572b1747b061453735ab734c0
db4acf582b16e8bb44cedf866e4b63c6fa07edd1f2427221dc27ed9fd7f10854339726460854a1941ca367e015d633e63684796d97d277e87721108c
cdcd0e0d7e49b7e521b3cf9e4ef95744d29ec113b5c2a68e0c6ec3bafac7dee86e79ad478745380ecb1ea467c0cfd8b9dc3bf60cbab81fc6d87f1d7f
f57fcff64e65704c493dbed3e3b33bb8981194d198a13608175674bc9ed1c89c09abca4446b938e366c66a83c1557ac61ac74955bcacb539d9cb0a4c
128e48fbcd2516e91995ff5868e2885cdf65c01d0e7a83cf45eb9bf06ecccbd9d4c8a0526ad53f085b8a362dc3e22a17ad18dc94f68cb80696815853
d548e91a322d53e39131bd2cae91e619317cddbf03fecf06f1a06ee98dac68d50b8fe872853402b2bfcc586d5c95b35d24c0f1807b9597f7929e012e
da1934db073b772cabfa8e4610123c2f13d39101b3fac59bea1927ffa1057a79a496639f9e41daa4ea22bc842555dbd0a0019497426327c64e5ea6f9
c0e81954a7590a38a16376d88f2f716bcf606cd76546d3333097b264ebe14484d1f1cc99233d0fb019cbd2b5ee1988f125b4d17110ecf917dbb767c0
117759ecd070d24f9d62c387b3d019e48a83114e3ea4cb12a787f3664cea25bfe8190c8fb34409e1a40e78116c395f78593b969e5738bf6d8a4d8a32
30d9dd192096cbf220d933e83d745f67eefc18446fd7d0db14b82d44123706ec5e3ec44610bfc88cb9e871872679594ec27a06fc8c97e5cfb1673c9c
7e551586965dbe1543443cf691b1da08b41e5f2e0e426410ab22223b9e0c3cb3de1e3d83fe2396e26ea776b6f98f5505715bfa3f163513e92fff145d
1ee91c35ebbcc4ccb9aca0633d03644559f6fd21d2f1d60a18db09781233eb853232c8735ed46f9c9e31d6cb39445804f7ad5db0325ef4edb49cb68e
0c5699dc8b9e41df88cb696b8834402abac61dee616b979961cf00c0298be71ce2a42296ec34c48f6b7c68f61f8fa9c8f2f88178298746fa3116f962
45f48c67fe630dfda33bcac5efe919dfcc588d36ba6c1e0af57f1d7d45bc5ec7bfd7101a977371547a06689fb2388f3d83a1e4161fab931c1bdb58d0
286d109d96c591eb19f466b3b4ff7a06421597a57a1c52c0b13f9697e6e1dd90cfcaf51e4b21b38da22a8cc6b41427433ace195c78b5c108766531ed
42428887e1087155497c6c2e8da390e011bbff63d11ca9d07bfba9c94daf5e4b043efca8d305b033087dceb8da80e4a0f772ac36ea6c540b74f1c69e
5aa0c9715ba2c89e81789c657953ee19f41ab0c4763d83f86cd33f681fd2a9fa35fd87e14a5770bc9e415954700607b62c4642fa888b366dc33ca271
3d5912456645347a6a306c2a2bac5bdfb7c63881ebaaf4147b998c8a9e01a2a12c9f812193442a2b28f3c8b899b1ad0ce2a2b4e05346e4c09eb1eece
78003163359ae85933ad93dc332233561b8c8653d2a20533c377281ec188577cf01f738172269a58dca2118997ff587b9be19b7b64cc45ee4899dd2e
fa2fc3c7d12074d7025d85235dc45cbe191a62b1c64606ba5d3ec27a06ddec2d2944c8cf41636eadc7032a5ed6bc2143d1b863a7b4fef1c2e1b174e5
42fef699b1aa343ecf171b72c413c4462db7223d03914a4b5e731960174bb8d6b404064d59515cfb27ddd8e5f522298814bacb53f888f381c3bf82ca
8f40019119ab4a64f45f11d925bd5c8fb58405310646c6aa32dd912d6ff8238311e4d6a1eb8407a328eeaa52100a76797e19198cb8b5ce58991759f4
70b956e46bfde364948f8503cb35a30a6bfa576595050cca458cbf1c6af70c5e5351cc6562b4b2689342f3d322e2b6d0c2b1881e2eb8ea79f14f4379
b9d7cb4165cf98e35aa44979670cd10581cbb7cfe548ca6027451974d6bfd8d43da3706e0bb196ef63a3558dc2abf00809ffd7d1576933b4e6226cca
043ecbcb55a881677af903ea19f774ff3fd7bfef3affb1782e353e74e9b2b66c06023a564cedc08018c3d5d2ca402886a1121a5646e43f1674a65bcc
e14f690dec9a664deb06773a8642048df47d694d13561b5476ad4b47a967d04ee458e0ba7e2795a81788ab5f99b6b0ab516aebd5a5c112a8fa368cbc
d66cbfe9ab64b1436a7b682d9b95f1e67f95716d3b7b5914d6b5052a94afd3766d655a629c2ba34de5fdb91ed75ea7caf96a23dc249e1798bc1892ba
8a03d96f12c6b122e8842b828eab2bba4bb8d2d4465be4d295a0b3b52d73f79e71cf7fac46eb472d87059e6e847bd815e3a26710e12f37e323838074
bdacef3cd57aaaff4126ee3aa7774e8c0b7e2a0371c1b7a5373732c8095df7f186dbffc11fd1c00a1926eb0adf70bc3f42cea98dc247df3ab83d83f1
3d82fe51897a1644bbe193be67640dfd82aecfeee9df94ec65b581e0d0dbf29e3b321ac90a0d8cfa9acb6de8c880886d49ab7b06951797395bb8e178
3b6c822d37bd5e6fcb59d4c8008528a2fd8d94fb9645667d219397be407e27c02b776ecef643289cdec6ba628d2ec6a378c78deebdc5236985fa104b
a832320afe90f50d49e88a8fd73326695b9c81c9af80c123832ca875b05ba1f87f49b3460621d0bae80d8ea1c730c2caa020587c9756282bd5fbbe67
70df82fe0172b0af97da808655f6c81115221ffaa6cf4951983d83730deae39ac35215e84c1f4ba3a567dc1c67d2e46fdeb7a0b9c2ac431cef06e7bf
3f0cba06efbf798952fbf73765289ad834c148fe07c6b9047e2303c8cf7f68d3e9eceab452f16679641c191484ad33dd33a841a4d5ab73e3f77fa370
b1ff3b88abd1a3acc46a0d1e6547f3ca983a0b8bc269953a0a628ab54a19b32e66ab906a1c7a3c4f7da373f3245eea9e254d93de1a96f551cf984eff
67c608c144cdbeffe039f997eb1ffef787bf8f26fadf67128ce6953fc4a2339911b06e158c67f34a8e35df54e5765337c336a8e47109dd28ae92c775
e0b373497cfb675609a51ddb2a199c8e952455bd4a3eb746975f874adc5a638c8155d2dc1abc332c99fbb60fd26425c1a5cf4bd361bc665759a089a2
74d13b94d228024eba355e07487319da54009fedd8b4b2c7c670b72a492e012c5a6b71ec1ae34175670509e819afcb3e9605953595d10f55d10e1f83
01bc9237eb692403c2ace40c59e4328f05310f3799626c47f5dcc077912954ff3e5c34a6b0b9d6f5b808284a1afedb71bb45d0ce522eefdf6e11466a
5220dd203c5849202ce9e36fe03eace4c3b2acb2cf651cc9d204d9f0905dc988eeaa8ab4718810bfcb3e674384f899848058d1423784555f490e6469
9e6d887fbe921cc8d21cdabf6395f524b4346546127ccf87b47d6089b44a8ea09281c6aa4c1ffb7775d100964bc96ff4aa12a85e2505501a026f950d
4bab7ab8a8781405454b5d2dec716dda7044845a5145c9457d1823da918a6e177da8b5afa2a4be76b89d8c6e305d2e1ada8fb20f1d7252156578585d
8a32fddbb5326aad6b1d400baf242dbb55e2b143f338c8177bcf282eab2c53678f16711f80b1c89f560861c1909ea46ed4d243ec19d9658565ae77bb
0cdac571e954f576d45d20a52bbb959e915c06ed7969f487e0950c787c4769a6f6a1e86005fa21abee2fbb4d3a7f889bfa2bae079dde281df211face
65d05d96e276007f712539ce75db86d0d4651ce78293c39f9aca2aeb15d57b5d0f644dbf52eba81c9bea01408f36d7388fa09b730c8705b20f0b477d
5502fbb9a03873c1a0b02711ec6449bf464676d93898bb3bbb6e17bd28528bc2c90100734ff220dc333e9541a69ae421379cbe3c27426d28827dffd6
169c058a66ba72a73040c023bdc8736bffde5d4463b085b67bc6a3b2a1905e64963524432ac22b7f93ea60385f8f11b8d411e67b8696e40485b4c9a9
4ecf882e03352213f51037b519e1bafe5c3a67fd61a38d8b431fa3c84d768859938b63b58a3ce286585c3456a7c85a324058bb92110dae21464f8df1
da937c9907443a5f4974a6ad491e7dda50a4492761a29ecc6871a90e07043a5fc917e0708d3125ed68c25b2cc8703a24df6f84661e676b0d32fb7ee7
8cc5d2954228839504c927e7b0a1365d37f80d1f6579d2b1a45aff7f846cb87d1b6fe83fca8f6280ebc595a4ca9d0eca6d6003bf850306af097e45eb
f2c11dc251b4669fc8e09e841981bcb285cf17eb7b28af1050845ddb4ac611a85693876dd94a0e9ba1b894c743bb9b8ae81878110ba1bdaef5865f73
ab00d1d04ac65f239763d349e9c930343c0f954497e4a1569955525432b4e004d38679b74be250d44c2a492ec1b1d3520c936f97e16c29a4d0014a64
25b16532431e566d2aab3086d038aac731f06e5634f1fe5d5d04679ed272ef19b7cb8672e8a9c510b0eec9a1181a5572791083012a0fd407de172b79
0173ab5273730dcdcdbd3f4c40f4247427e4f9b793ea2ec33b24296a40cfb85cc67a0b2a1d41245f4f023ecaa4ac675c2e1bf61b52f33ec2a1990578
0f4bbb8a4498f6e4a0806403dabf1f170150cb83ff118a07028ed7a6889e8711734fa29e0f2958c12b09125f88b9679c2e2b18e55aaf707b02f71c8a
66f0ba49c0fe4d6e030ebfbf0ebebf76bda57ac6a732e8aaee8afed2332e972150a6a2631c7e670d257896a9cd505c5651b6f05ecf707fb046d9e50f
7f5852b80c4e0be50fbd67b8dec97a3a2bc779b82cb14c73386f973d28d3f61da7e710d9e6a936637419db5cd8e8c00371254128ace7f3e1a7e2b0a1
c1f1d3cc8b6750e0edce0b263ae100e9d48bd4a08fc33114548afc1c1cc7abfb78808bb92b28631fbd2e64a4075ff9e23b10ed7625a992b81ea6543e
59c94866565a65e150191494aa7c6ef48ca6326ceb2957cc2724b72bb9b32cacb2ecfe86d9e530b8a9abac7e2a1b17469adde3fb76116d7d2670389b
36bc271fb4a819c0707325e9f472bd3f4fd86cae24948964dc71b6db6ddef0282b42ee6c62f4f4e4ceb2b8ca3ecd0e1af4a7a8de4e8ead6a3dc94559
5c91e8876b04bae84d2efc11b7b8ab0ca1967785c08e5b3954369e13bdec547fd56d56eaa42f32bb6734955d9cc2a9b2cb657019b12b2671cfb85c36
d5da3596a7aa6cb8cf397717bd8f8a5eaee642c57117a8eac9412a08abf6efc74590032d7da79eb1bb6c6793eb851477bd1c7bb2b0acaaccf502eb2d
9a3fee8766be8f137c8a7e8a7876afe4989cc8d1b8ebcd15f14216477fa3fed44adea3e8505fb7a73dd8d2a762ddc4fdd5a6ee2f6fddba213178b568
5171caad5534b68b817ee0c44e8c4177840a59a7c8fa0849c54ad25c7b99aa46bf2723de937db516728d411cad9e44303919a2ffc7f46d0c7a09f524
f6475ede7bc6e5329c3079f788a179a4837a90aae3168f4dd50e70cb4f595dc5c3c701c829ecdea1438c849e7c58b6d61a907e2539ccc50b8987781a
3d09f6acdc4c46a8e5ae242eb35e43f1f4f13bc7f13be5ad74583fab8811d1f4968ba71e6c110af4bd49eddf293e6c4f8ef3271e55f413b02769a9a0
5589be5c11f2ae7e6b5677515caa9e1cae7564bc1ca1a7bb9237aa2d83a318859e7a920bb6288b984475f42418ff72e8156188b29238b88a2d139330
7d4f02c2e9bd105372bd8485169a8929bb0cd2ee535eb062f2c94d50623fcfc5c2edcf61ad6642248d5d2fc1989a9625351a292ca410b32f6686e3e3
5ddce4fea4d69a65d8545405718f3968d773003a94c7cafefed6dc3374fc4f195bf78cecb2bed6a73c66f4efd745009b0ad511f3a9e951b66cb74c11
e1e3579206268b188bb9ba4dba4a92397fcc3eef88717d9e0bfdc6dcdc5d83ac4dc18763f1f52abc5ef2e0d6332e97d192653d577a86a074a1dc5eae
3f621199dd93dc05dd1344ac5c499aa908639476bbecc57b75ad26223cae240fd9a2ea63f56daeb8cd4b13ad7f1f9a391c008c6aebdcd6ec325a66c8
263e56498422a2a69db26e8ff5d304eac7e320e2e2727730c63ea3b61c26c92b89132613fe78990eb82eda992cbe66bcf41e8b88b672465dd8db4000
e1234e05338d77d63dbfa9932bef12f1d6cb30221e411824d02abb04db190560974ba5781b5742397694adb5bcbd5ef74baf708ba28fcfa61306dfe2
a72c36e373a83b38853e658119e1257825a7418faa89788d0f8957b128e2d3344a38d41db64eab4d780f9dc9049aea5c7c850e34350378dbec658bcf
1de17f7125c7e3c293fbc4a888d4cd39e538217e12c844688e9fe2f4c62f6a0fbec83dd06dfd926ec147016f5c0f96f819037d89e6453a0e9fcff337
cef329994134ff28c299d768722dcaf768c1a06b7c2e4b99fefd7a720cc32413fb9e71b96c1c3ed9b4522179252b8ad6bc9be94598f6f68108ae3713
018d44405c2fe9d88c0ae16fe7ccda9ce6c3d07818a2407713b3ba27b1cc5180afbd2e7b6799ba332ca536b459163da3b8acc2cfab8a3e2d73fb6841
b5869236cd6084be41778baf92b6ea32f8d05bba82fd5be47c02393f445787ca3e973596c555d6dc6443938b719ea07bbb9223ce7659b0ad53004145
50953d3d48d8dcaee400890a8edbd7665351e1522e5e53cf385c76b26c0d72afee8e6f23ddffb43f6e93cfbb58354c4f7c9f13afc71f11bd69ff1e55
fd18a364ddd714c48eecc9716e153c2d05bd0c07977b142d609442d17282df141cca28054f30c09be2d209eadfa2be7b32b35a51d9e73236b9288e04
01fa4ac2482a2d92231da7ba036b6680c53583e3529b907cf7d7c5a632ddf3344dd5c47a4ec7e7fe3ef6b7382be9d04b20d156bacaa7423a258aec49
962d4a2c9d9edf39c1d1ba43e97cd4df091952565cb6744a0fa22747182a79514c90d7ac24ee495a603f45ef6bdc58b668871445eef7641c4d46553b
1e17bdacb656258ac9df93c7a8b6d06b8a1e64e42035b7d8dc194cda777983e8199fcbb8e70bb22753e60994f99029af8927911c3d9946770b91a424
51764f02912cb3d19e21f49a209189721cdabf1f17410d5bce847a2d57032327896bd99b7177d4d39477c494eaa5b20ad82eef11bd3bad657a40da29
7e64df27dd923cde8f1d23ac6a59329804d3bf28fe48cad20e4a996ca3651fbaa572687b0a74fdcfb4f83fa9a4a6b20c989397e245bf103a44d479eb
18682d66b934bb694abbb4b87a86982e3424097bd69d2c625325069bcf25a8ac799c8de3d461af5229e8498e53f0b666cda1c267ec293716a9be5acd
0a0da85eb6e65085bb7a926691ebb99c2e433fba25ca45f52e513289ae694ef9d84897e4e73d091857746e2f3d6512c8df5e4f68e8badcdf10603b8c
72ba6e77478c5e04722e831546bfec65ebe02254e54a121cb9bb575708c12547bdb57d97c8c99ee4d417c9986e29512508087b3d41fe7bd336dc70f0
90975a7dcf10ab2721189ae331f4efd7451f87a9eebcb388906647fce9ae2eba40d896a026bd9837bcc60d9335955d2ebbd1e49af87d7b907030bb2f
adda9e2175a89e3c59a6514acb2e317a5556ecef747f5e301ae74a7f2321a6cf4a9ef03fbbaee56320c00838f6119f1ea327c4d7e814fd62e1a7d7f5
dec0eeb42aaf4996977e3f24d648dfa9a9539b3e572dcb270e5e4f023d296e5dfaa470d49327cbd692c151f04a827564f2c9647602991d4f1d1553d9
696ae9c74d659f9bfcd8a4b049936e474f42053a6b7acd57a1718714eb205b49b327c18c17eccf9b18a23d09e270e9098f8ce83238f18c4beb7118f1
acb2fd84a7b805c8f22ea2a42761722157aa7997843a83160c162e65536a19945ab070a9e38e5b65038347897bfab79a0c83b3dc8bd620c3e922eabb
c6a06a12498dd8c8987856bda419041afdc91b6586f78f9504d293282b072f5820cc5184c47c4816940fca82960dd396ad9e99a99e5946089b3f217d
b3b53033b530abd401f2716a1a10ce4549acf3e12371f0d1ac987b3dc3d5e6ecb39a94b06e44b6c02c16e1988fea7a6078f4b2b532a7d8743d091e72
59d0bf6371edd249e42d07cec39ba9ca1051685758ea7c7a2c270db8cae22fe7536c8d9e44a066059cc8a790704f0e5a2ea9c928f65e4fd2d87abdee
73f4c6476c7c900ff49ee17ab445951c2947e1cb9e1cd44ed6198c7a49f42448fb653ed6337c5322b4438ac44f39be2efb6699ea35b739705bd43b3d
9b1acda046635e2eaa6832b992d85711033de376190dce75aa939407c6ab7834b95ea439492b342746ca91c7ea9ca4173a1e87a8a69188f1dc936871
49d7b3b58c7af242d1bab1493a383df9b2b3b522a97a2015d596682327a1d19e442815f942ee19a7cb70614b529397c70f486c35bb9c6e8ff266770b
fa65f1957a1201690c57b2d43533e8e3b84c4ffab7f8d119fce82882b2af8d0e5e86dbc16194bccac49ce8c9ccded4a498667d0d7157a5bc9dcdab1e
ae4b504ffb9dbdce19ba4e550ff86c023d83408f452821bf3a7919a60945a19b3b75ac291498d69fcbcd4bcf907e614f227ea0c210e5f2b98c9622d2
9fcf45dafa3d09fb5089a53abcd26ac2c16c87d18b23d5e1958e7ae5e3aa2e965aaeb7daacd8d7ba9076ae5217ef4998704aab255f86edd780ed51da
1bf9d2333583c73cf4cdd6625ebe06f08e18a5bc912fc9cf33e2c3f741ea625d62d9f62406a903767d6ef1438b8bed9f6f8ff1e618938aa461d293dc
b9c54fcfb731ef0dff9e41afb57ceb35d39303c82a6c5fbe2586cc3703decbd023df7a4ce79b91cc2596ceb737f566cc72899ef36360f310d8eceaef
913a5266f8be2a86547ebce1336e9e1e56f91133a727e9f94000ff11b9d593b0ce5398e2fc8a359e67243545f6cdaf11cc4b04a34090f9d553bb27b9
af9ac32be23c23e24eb0fe61cf709b0fa22f29a86abf6c822a2f8444555c92fc45add937787f6919aaf76fe32c441ce9c35cfca8fc492927c3ea372d
93cafe5d35ca6fe8d875acb2a9e876d183a25345af8b387ee171289dace4876a2ad21bb527879ee1ae1d68de71fa823f0d159b215f1bd025f9803531
1f7a92ee328acb8acb306b9d3debba64eaba140505eb19ee8dc15e141d3cb7477b0317dc69172835cf3993e71c376d776bee8e511ac4d72bd6952cd0
954c8a34debf9b8ae07a394805b06c122ef724cc01e487bee3fa35ca9e1ca39492cff090e3224873e439beecefab32585f55391eed191aca3e80781a
6eacff84da2dd671ec49907512bf16eb38f6244cd1169a2fd6ec28d0ec4852c32a412fd49e844288c8b362ab8502ab8524b133bd1fac6419458b975b
acc6384025c65855adbac50ad027e7e6255c1e099d672a3466cf7077a43724f9ebef7e95d1eaabe8a559acba51a0ba315ccdaddd3b76d7db3185451d
14d881ad64633535298aa31c8c96eaa91f52aced49787238d70ba01ca267cb017a368a1a29a7d4b0ca49af1a51c33c05a57af262d91acb79b90c21de
82b827e514cba2270bcb544fa286427381b29c176e25cabcab270fd65be38c5eb28825939bfdde80a61e035da91c6a5220a7443cb6829c34f78cdd65
9cfa22f34bbcb5d4780df47aebc958a204563d492f2b0b3276a2496349786a6685deea19afcbb87dba2649c2a09e4490d1d3f5448995444a4c528162
1e71011d9e6468549274317b92de6116f9504c441712d1715be0b66754975d685245b767778344906e6ec9e2ee97ccf8c2d2892859b64b25d3d98d18
05254b9ed59389f5545635cc0c3f71753905ec1997fb83b64bf44a6769bbf4249c44a4a03625c8eb4968cf6bf38af8543dc94d101828061f05de2e6b
d6552f3e2c85211f14f7a514510f3d39f0725c9472ffbe5d8457adac934af1192be38c2529d21633b20b19d951c14f4a953a52a131759547ed52f5ce
ec492eb48e7435f2a2cd75d4e3bb5429a2f7e400c54993aba22c7a12339064bd54039d3a804e9253e652c5c22f70db9492c0c3e5fb736d3861925997
4bf2ec82f800a36c3579c99aa527f1e08ac16597cb0089e3a2f5cb756951ae61689fe485ba5c62cf1530b47b35cde096fa564fc2bc5b9458b9c559e8
c9e18c3aeb1edc06d23781741236bcf554eec90bd5d6c41f1147053ed2c2b0615a6552522888d93cca56938f48c99ee4a22c815bcf785d86183febfd
d08fa526f0dc9880c88ec788fe01a297eca5bcdeb9778385c9a276cbfba916e230a6bc48c2f24a1c505e866b9694a45885bb7c3c0b1204f78ce2b20a
e7e12a92517541d8c1b4bc42f46fd9eff4245d26696f3ebdf47bb2b0b77575acf85da8f85d8b4eec17dd1da37d4b47a17c926af6e4c132cdce80010e
647ad97a4a9626614741a0ae61fcb976a789ed53608e34cad6d44d7c1710dfc352f450d9eb328e73b1994a4bae370e582a3a27ed727717374870afdd
3a7b0d2e27e272bad833f4622cf0ca9b1cdc719355454f82749068b9daaaa827b92a0a14b489a55ca1319eaa22ec6dd25bad745290f5c6a9dbebee5e
40f5e14bfe4f68deba896b57e179a09f17c5908557c99584204bacb96a0e7d05877e2f92d3d55d0fb5a190fc9f11187bcd709750a38293bf4799c155
eb6f54e86f24310aeafeb8c9875eab14b6d45ad7155ad7a3bb15e36897b8b4c2e165d149eadfd545d8a3acc5de3f8f723c968aa30aee7af3f66442a4
8135c8a0dbdc93912daee84b416a32158f82515654965cc6b5fca9f7b80c3447565cb110dc1f22be0549c17b86f63520d6782f5ba73348fedf93b3de
5a4c9b50f524fb53bc3c0b2e2afc2a8e32cd414f968a27cb20f754e426335d902970a52da87a924ba69865419ca89e043d5215732d08f5d640feb502
c8f40cd7833a4874b0d8f07a2c2fa7a778588748b89ee40d53b4b343cfae7af0d925daa8da414485e5733fecaa76bbc99b2baddb6545f40a45f451b6
96e590d4bdc272286fdaf45324763d695a51b509f6f4303467b02a0a9d16c55bed49ee8282bd45292af4e4f052a0b761ff7e5d04982af6708db2faec
4900ceaacd4b6238f76462bda2b2cf65c3bacad1c29281633a78cf156cdc2cff3a59fe4581c992b8d13d9959b62e7a92b4a6c26f57de053acc4defc9
8ab019ab561622ed494e4ea7c17ada157ada592a2635fb1ee40c1c2b3cda09551dda5c117744e0347b8c995e64ab763cdf87cb108145b1e9b2d0534f
023d897f5ab3cf57e6f92a0a0d9d9b47d9384a45cc2bd2dca8f4285524e6ee948b265e2010d0eba196e86a8cdf1674d44b72191cd5d4aab07456a0a9
50a0c9bb02af1703804217d1b2f9ab7e22543e118af4e46af535a8bc061294d62a51614fb24d21992ab2aa27c7b6062184ea45a958942893e99ee126
8fd96451999b3cd8e49a41155ba227c7b1748cfaaa47614f1614ada3578d3feb850615f8d822840a11c218a3c6f1798c080d12aac24257233b68f4f4
2655ad798c0d6354e8d92a5e7a4f46b65855e61611d03b28965fbd2490e949100087901dc263ad249e3186f8978ffac5a32ece50cf709b379d55292e
acdf383d396e8f8c65faf7e7a286228d44fe0d2a1c4167d97dd4abb908f1d08303c6dea6006e52005232e819afcbe62055cf94d61dd09d22a6df1228
f5e48522b568380ae949962f987a1b8ede079dd309fddf86a337e1a8c438f5f605bfc7051f8a05abc820f626889588a7ded23fef49a0ea4d1b772737
997818441adcd96d66ba875494d3bbba6cdc07c5ae19df8219d05dcac3d2e75f91bb29ffbbd4ee6d8c75c34f8103503fe20ff4241d53eaac3fa756ec
395926a0fe98647f229d51ea3c3fc9f5121d660a103d5e9627d155a600d12b4e604f8229245dd19ef1baec637f6b395feffacba74515f67ca3cb22cb
aada8c6e3362d7451abcdea177eed0327fafafd8003dc99bb05ebd3dc3539831dd75255f292ff56464d91ae6273f563d1950e678db86dddf0ebf2882
2a7e86f6247df23bccb6188815ce347ab5aaa2cf450cf3aa73fb3d2e433c82d321b1a5115ea15135f8ecaa26e65b4f22f6ac20c0d73c900121f3e9f8
bc62b3f72442783b40ad985315e60e233280ca64385ae1d4760c448157c5c0e9c913650ad96d31556d09c1a4451a34395aea498c7ff1236babeeadb2
3787203641de1eba6055543acbd9a77fc9783a60aace504fc285e3c222cdb2ed86983f253a4ca2d6a4816556d24fc4c05b457106535c65b724353d09
e70a4125874be0f84bd1133f6952379cc82c2dbcf6e99ef624549b9747fd116acfd5e0c1a228d8dda7f75783bd8fd51d9b59340d2c9a5c15d7ed13d8
eec90b45bb8a6e178d135e77d77a5df4a196fb6a2a1adc9f5ea4899d1efc383bd9b178bfd383871d62488aa3f89d1efdc9d13b849f3613a1dc93e224
36ddf8d618bed0b1fa2e974042a6987722ce5b9b6bb14a3c7284c92e8e5ea833df209addad0fd15a72ad815b1cf4b37d1edd07f27446d26bfb1a774f
d2b3c9b6ad8878fbe132a8836e6bb37a467419bc1975b8afb2ec323829d9577f237cd21c7f4f12d12cbed1f09e3f2fed4866ca6b960fefb894094612
b29cbc829e95ba942546922eb58f7f8349c7c7ffb9fee96ffecb7fbffee97f5cffe7fbdbe75ffef297ef1ffef9fdfbe79ffff63f8ddcbf7dbff6f7ff
f0fde5fbbffff82f7f79bebffda77ffca7510bbfbff9bbbffbaffff0feaf5934befee77ffb9bff0718127aea0bbf0300
