1f8b0800000000000400bcbd6bcf65b771a8f9ddbfe29d030448003bd96bf1b698130490a556dc07b2e451b792130ce6c35eb7a4014b6d487282fcfb
433e4fb56df904e9c10c300d7437b9172fc562b16e2c927ff17ffce6cd2f3e39dfefd72fd25f3f5ebebe7e78fffbef8feb179ffefaf9bb9ffdc55f7c
f6fef8fdb7d7773f7e795de7757ef8fac3dfbefce6fbf7c79bebc797bffcf4f567afbf7bf7e35f8dc2afbf3b7efbfbf3fa50ea3f2ff4cbeb5fde7df7
c722b39f97bffce6bb77ffe3f59b5f7cf3f6f3a5fee257b3d8db773ffe767cfeb32f2f40faf23f9ebf7b7eb7bcb459f01fafef7f78f7febbbf7d59fe
fab1b6f1c3a7ef7ff71fdfbffb977ffdf16f5f7ef1fffecf4f1bfa43f265e9fdf18bf5b1ae82f2d72f9ffcf6b72f7cfae1e5fbeb87ebfb7fbbcebffe
49e59fb6f4f575befbe1c7efdfedbfff7140fdf2fcee7cf9fd0fd7cbbbef5ec408bfecefbe7b7eff1f2ff7fbefbffde1e72ffffeeec77f7d79fffd4f
db993fbefffd8f2fdfbe3fdfddef8ee76cede72fcfefaf97df5ddf7ffbeec71faff3e577dfbfffb77763da5e7efcd7e78fe39feba74ddcef7ffbdbf7
fffeeebb7f7939de7f77be9b2dfc400bdf5e7f06f57f35841f5ededf1f603fde9fa3f6ef7ff871a0e2c7e718d3e8f3e5b9bfffb73febf9f8033abf7b
ffe3bbe3faf928f8ee8797df8e66676b7f0ace77278dfc01d69f363400397efb7cf7edf5fdff739cff3091fd2718fe00f0c0d6f9fb3188ffff607e09
0c9db1c89e1f48e26fde7ffff27e7cf9fee5dbe78fd7f7ef9ebffde1a76dfc6166a10ddaf89311fef5cb7f818c2faf77b43c2b7df7fcf69ac0bbaabe
7bffc75f99d57783a6c7b86cf7fdf77f06c3b7cfff7819b506f58ee1be7fb9be3b4791d1dcf713ba6fdfff78bd88d1d1c839c630d6c5cb3d3e80b69f
b6f4c3fbfbc77f9f84f781a87ff8dd754caa1e2dbc1bedfdfbf7939ebf93b27ff8e163237cfbabd76f5ede7cf5f9db7ffae4eb572f23fd9bafbffac7
d79fbdfaece597ff3c3ebe7af9f4abdffcf3d7afffe1576f5f7ef5d5179fbdfafacdcb275f7ef6670bfeab2fdf7efdfa97dfbcfd6a7cfd6f9fbc19cd
fcb7596afcfde79757fff3375fbf7af3e6e5abaf5f5efffa375fbc1e2d8faebefee4cbb7af5fbdf9f94f1b7afde5a75f7cf3d9eb2fffe1e72fa3b597
2fbf7afbf2c5eb5fbf7e3beabcfdeae780f3bfb7f1f2d5e73f6de5d7afbefef457e3db27bf7cfdc5ebb7ff0c249fbf7efbe584e2f301c6272fbff9e4
ebb7af3ffde68b4fbe7ef9cd375fffe6ab37af5ec6e87fdaca67afdf7cfac527af7ffdeab3bf1e700d585e5efde3ab2fdfbebcf9d5275f7cf19f6266
0cf1bfc0cb2f5f8db17cf2cb2f5e09c3c0cc67afbf7ef5e9db9f8fd6ff981abc7f74f2c9177f869837bf79f5e9ebf1ebc0e6ab81804fbefee79f4f84
8e0edebcfa3fbf1935c6c797cf3ef9f527ff30f0f1973f45e39f51f49fe1744cf7a7df7cfdead773685f7dfef2e69b5fbe79fbfaed376f5fbdfcc357
5f7dc6b4bd79f5f53fbefef4d59bfffed396bef86aceeae72fdfbc79f5f3d1f7db4f0069b43770fde6bfcff42fbf79f31aacbffef2edabafbffee637
6f5f7ff5e55ffdb4955f7df54f03af63289f8c763e63aebefa12f40c147ff5f53fcf1e26de98ca9fbffcd3af5e8ddf07297df99fa0fa9389c33703e5
9fbefdd33a039231036fff042f2f5fbefa872f5effc3ab2f3f7df5bf4dda57b3fd7f7afde6d55f0d9a78fd66967e2d40fff4c980e61bd034a77fc06b
f2f59b3f9bac584d3f87625e5e7ffef2c967fff87a8e2e6a0e827bf33a88139c7ffaab98bc9f32e6ff8f22f9d577e7a7efbf9dbcf2879ffdec6f42ab
78f99b0f7ac6fdeebbf3fb502d066f1a8ac6cf7eb6ac83371e3f7ec8f2dff1ed506ea8ffe63f7ef8f1faf6f577f7fb9764b9f3f7bf8bb22f2f7ff3f5
480cbefa1f2f7f098bfcabc1c9eef9fb57df4f963624e75faa8afce1c39bdfffee77bfbd26802f8ddf065be4ffd1dbd074be9c0cf76ffe4ca7999ff9
1aaa8c9acc1f7f7efb1fbfbb5e9668e57f7ef3fab397ff6b79591e2f6ba9cbf27fc7effff4eb297b1fe6922398e2f887df3d8febfbe777ff720df0fe
ee31fefcfdcbfcf3779fb5cf3ffffbf9db67dbe3f1d9a7f3f7bffbec979f7ffed9e7f1fbab3f96fd9cdfc650feacc59f2d763424e2e8d7dfa28ff1df
72fffdcb326bfde9e79f2d8f4740f7ee3cfef5f9fdac508ebf7fe96da6da4c7552e7486552d768e7f198c9e76336391379fe469567f9fb97ea8f7554
49a4dadfbfb4d52adbf89c2dd947a5b2927c8e64b6c03e9ba2cfe7310bd8c23993363bfb2f80f29c435a29bb0f509a10eccbe84258f73c7b2b24cbac
66d901586b1bc901d9b2586d40b624ab4dc82ae0ec40e6af13b21570763aae3379d4598d76cf363ba6b773369619db39cb161abb6659c1b9294b0b37
652738cb9caa9e6a25bd905e48afb38d56fc90c8d44e2693498d0c636cf4b03caa756cb89169b6b691d912996ec6d6c668d7474a7ed9c93043cbe3b0
358b9db6e6974b706cfaf6cb44d8b23c6860a5d8b2f805d89695b1d1d892485ba3dabf9966ff00b3083393b22cc2dcfcf29cf5bbedee934a21836511
e2cdb684b85bfdb217abdcf642661562b1b92e7e01e9ebea1733227db38e48ef8c7f750050c9b282f46db1ce066800b0f6995ec0cb0af8d51e77d2fe
1e4082a33580a4540a2099d834d19ae92109e2ca80533263a180d762012fbd24e165e92d29106e9dcd06e83f89f0e8ff29f6ad2391645b3bc8384949
943b802491641b70342be8cb311aea64460326f32479cbe72078fac88ea531965cec3dc10d8383fd673c6da048d06cdbd55099a52c6535bbea426331
57c36a579096f39f275b4c22209fcc1963290fdb65064a103cd82c8c86feca1c4d062bc5b1487bc579a9968f79b125e7c5f1975808d68985606bce8b
73597633b6164b812196580a0213f3c2788b8b175e35d8dfe8543aae7321ac54ae3222c9b53a2f1b95ab639110aa63297e8935611dc7922ce69a6028
d5356121d704b057d78480c438fc10e30045f5a225d3372d31532d66c48c33b231bee66a915736578bbdb4ec32b09814e6943647e2b05acc8a0dccd5
e2ca6bce8993dd9c1379688b39b158305433e7ac6e4b73ddbbeafa44b6d8e9a07a93148fd50c601cd09f5838c482856e7e0755e7038c30a073a10c75
cf95df81f44cfc6e3af33b3d9fb1c480e854a6281f4e1120f339254b39f7e92a92f84e5120b73d835d30cda728704dddf6233e6eb40d06b84eae3416
deacbebac036a8672d8c64d9488b129a5a4b20cb528c05425e5d621bd4be16c6b23d2c25ab8e629b994e06ba5c6df849dadfe507d63eecfd41e63263
27b79d50a50a3df3bcd645e1408f2e9ecd41ba7836f8fb5a8572b101a18480d61a50363220791b12e9238c708d35d46dfd143c33f2826e5702ce4caf
aea26da1df584508dcb58977486b6de2fd611d8784cc59e72a1ac802d4e68836330e8215bdba72b6878d39a26c63bb5fac13400b4d00cd974d38d165
d62d100c9c9b703ecc40ea70aa75134c96eeba090d8b63dd840609ba6e42932ce63a467b5bb783a1594ac81ce7261d2c76233ad13fd62e98acd3b50b
a6d07416a4f4d9854cfaeed204ec71ed31f3362698dd3a1262b731a159fc120080ce67f44903cf583a206d1734d8c9bafbc599dea53d073d55612968
9fc3e7b7c3469d09b4625177286c6120eb21e8d91a137457d331f12b291fa36d98ea7a381a98c52a0f931cce809ff63f701e33a1cd8200388f147c06
eba5dfc9771cd4a90c299671c2906d696ae24091a6badd4de50ff0a6a969af3085f4f8432f696acc4bb2ec843dd9d4f9c7312715e40de19216a90af1
9dd457373494a486b92102931ae656cc4c74428769c562a1d9552a10e2359af58bcda2b8a7d5de11872939d768e1692a8f08b9a4b2b8612aa4847543
c729ba00f264abcd8c03b47af035e46ada109899894d1bdaa12c336d9719f0b6dd66a8d351085d04e9f9f48b99dd0cfdec518c3a48c4ba0e8eff11f6
970e1b84f4d36183f0d3740891d334a96d5803acd704b98d8c5f8a19ea4056233381c8d3601b56176994bf074be44668aecba4c9e562bda4b948461a
293765c37237c87b2ee99156b0f93b1c610e79a4e15b1365eb635a84eb44cb488e9fabbf4e8bab4e3d712451a5494de44432fd3199636647729aec95
b6a6015627798ce4e61a1fa9ee1a1f2996e983e4a48087dfe7fcaff67a31d6995ce9b693a403937440b5497fd8902339f088ee3092072d2cb491ae58
662329e9665ac9cef746652c82079573b732bf3307a3102d4dd13d8c5c3a9e1a708351ad0ff09e9a69bae80eeac944159a854d548ca99199431c46f8
98e715837dd8a6c5ccc06e9ba270d5125f58752b26f6500e2cf3249d49df52cf841633782823149ab3300c6a5a9a56e8905bfc8e110a14189a3dc5cf
70d8b29899a89c8b77fd6042329d9a7deb6303a289ef01c51c35464bc7325eb1593a0278c564e908a9f5836db25261a269549e04b74c21d9d1a857d4
5594b9157515cb6f24619aeb0388a6581855f970ec7ea04d58fdc850dbc5b70ac6d451d19f57d45278f5ba4c4fca90d3a61b698a5c1b69d07b75d274
3cb5cba192cd32eb9c33f4ee91a4f14e72820c3e57266f8ccd2261383632d3913539e0488e9eb09b4612ce9827bf1d199748f7cb9c8c6caf1abd90fe
3a17e7b067e96d2ecf3ae5f24826c977fb081b1b2567970b30cd358939389293b085742ec4f6b0d59bce18e5cad801748a0cecc3919c4d64eaada389
a16dd2dca49f5111344ca9d01e26cbfc998a2c56e6694df44dcbd961c027d60ce914a679d5d62eac3074768cfa15cdb8b238d18b71268de46a6980e9
312914eac152e9ae37330c10dd6864e8ae5f2e688ae1ac1c5f686d7a297167aceb0e7a12c01e122b5849f8cc26aa67668152f83d5c51acc3d4a1624c
fb9191773103098deb43263a9fc265649027b8334766fdd362e54f330e124a4510fee1cb145583b34dffd73a4c1b331391f99aec054374cdf704e051
20823257f9b03c16d217e959a14c748f74264d65165899faff484fac94465d386f990b7ea429bf519ea197a9138f346d4e413fd2f43555e291a69d8d
7e93edd03ef2a74ce434e8b34cd488d9321133966f21cde8a3ea53c63195ab6185c9e4e1c6658703d1ef0e07a2db5d3c768bc82cfc70cc32803f4571
4b407f38559d211e705f185699cc4b16580e1cda952408b141958b04f72d93bfb595d6e16e63266c7fae2a967e99367a63b2ca95c13723bf0a697ac2
65bcc6045db37c03983b90000cb7dc136cd6c9bd1ad2b83e80782179214666f1ba300fd0755d98078b677ce8149902b6b1f06a65f661a3156a79c077
6a757e68657a824699443af33bb05446b27c4c2d1b052b053369a708382649e2331ec99d9986dbd4ea4a8bcc9cbc665d56c6d2850a740154ac3f446d
0d6a2a7e119170fe3ac960aa730c70bfe4e464425a412dede19a85e1b725d6df838c4d43fb0d9565c59933cc61851ab4dd4acc2a5f9aeb94c1b727eb
914968fb2d34b34a67cb610c7f02d031a3063473383b7d0ee563d6d9b1155617ebbeda0d9c7dc744585dd27b159ac5cc6286d660baabf3bdf7f20768
f60f6c7656b918cd5039e6976bc3a3a982736d05bdb2f865d6c94b7ce9148b2f3b5f00e09a8c61e8be9df41c6756985ed316c8359b1e8025e5c535f5
8bac82714d0523bb2a2ecde484f0bdbabb2d30810be807585667c7a5548b0db0868cb1fe3ed39be939fd0d8b79640654a9c2f6ae494b49baba9e0c1d
e37664b2bd6f64e87d8194ae271daa275dec7b2519de052da60e73baa0c5dcbb5f2689f745f0d9ffca5d44b203963a8bf6820196072be1c262ffd0c0
0e6ccac50bf33d3f1ab0b1bf350c0fbf68a942249824c3a414e358f41d7e7ae973d476b88e043221f96bcaccb542a4979b6115bdfcc2a64feadc97b6
3cfec59171376fb331b4eed5899da6567a889a932e5d99979ec70fa59a50fa65ba5e6ba52d14f5b4391614f5a4c570b10b977019acd764b6834b5065
6a8c293933173303cfbeae9d6641c4857b36fbfba4848ebe75dd982188a8fba1c5f8203d17b162e09ebc2263218e7422dd3ec60e6f3c0d6cc38df4a0
e9b18456d2030b696d36d6e6ef8b1d4e1c14d6c03db5d1b19836d2cf591e35e99ebae830e26de7986516cb9f338d5cbb1f2cc4e8f79e69067d4fbb32
ab16dd53774d4bf5f7b9263bcbed9e7c30af88cd7b1a3059fbe2661b2f09f3549d5213b6a9c20ec31ed8260bcb69b59d9db4658e593e5b66ce6dc78a
bca7041ba6bfe939210b5ce566ff6e454dbda75e34689476a63b65c5e538d2d375a3157db35d17b89a5654ae2caa7b85a6a0fc7bf2cda1c5dae6f30f
fce89e86d6485b77e2d335704f0d7ac806fb9a7036c788efa53b47b85e3a32f266070ff7d548bbca2cf3471e7727781c52e59eea775643bea77b2637
e762fac9b37af93d37ef96cacab9f1dbe42272e7de5d66e777a477d2169abe99e220a7269f3b7ce766dfae47dd298ed80d5b6f76ed56297f6eda0d06
4ac7536f4845229b66405233beb1d1d99a1ae93279a90398db7283e15ab741acc0300d85b224db9903c0ef34d293a071448ff4e4965bb1fd09ff2a9c
7347aeb06131d2d74c57cbdfa4e96baac329230bef69f4a64d622d58d870807b6e239424011598dcc3df9170c23305797ac025eeb987908a9334b710
4a9510e70ec2485b66c25f9d78b6e89273c10e429563b041b76db60ffea39d1b420127ca6f18e0adc7cd329a4ca8c6f754ca0663b67c9e6384e1df53
294bb810477ac29f254a7617b22cf29ebb0b2508656ecda540dc54c806e2fc7d87d23faadddd535b4b9bcb602a6ba9458fd7fc3df9fba4ae8ad8c719
368d42d2f8b13aba25deb02549efec36a867dc73b32175a162c7ae8bcab9d79002f5ecd7059f73db01717ecf5d871afc6c6e3aa4feb0ae1a9fe5e7fa
7e48b2eed5457a0c60e8644cc354e35605d43d37226ad49dfb10492fd43db721866dc5e0a7d634cad3efdc850875ee4681d2a0b9f19fd66e3b137e8d
8e7b6e54ac41821b9b6dd1fe34408204a7865593fc6c5a6435a6795a64c34c6636d9a3d85cba3a612ddf756b517e6e500c051f78d8910c3eca966496
c7e0e4d1717677f0ef529c2a585ababfcf88179d21f754c06a937cd9c0c8f2bc3ee1577db8a72eb66ed1e65cde6cc88df489ac63eea68e360c757032
55b4f13b6d4e156dedb209373b1649791a954328f861f2a7107053754b59a1338df0d45d0668713a8bee19c514bac93d15bab439c1539f4b455e32d5
b9b648ac539b1b6901d242b3ee3489ab1ac154e5529608663453d2f976b30f9325b2a9e1b54582c6c25dd03d6ff4bba48098814e831e8067463aa512
7559dff2bfa9020ee2b02e04e4a4eeeed69a9e0b20148f1defb804bd476407e9133bd834c62c3af28dbaa85675eb9057b64c6d313d14a653591c72cc
32eea10033b6755e2d3ff1ac7a7c63e82455b29bfda22a05696a4b7d58da59a93cf5cc91b6f26435a139e132e932c6a971aefac9ee134120d5cc2df0
a1dad58ff0b3a4c77df63d92198fe636d3f888123f4f650871977094d7eaaff8c8a2b09ef266197c50d3001a04f6c052a7500a33cd0c3ecf6950241c
e6d3fead640e8dde4ce6b45dda0a1fd4640ec9683db9557adc7007dabd0110387019555c2503e70f5c818df434f091e50957e046944ec217b811bc36
d295b4e51b866326bdf1fb4abae3f37b909eee23bc6023bd53a6933e485b177764f2f78bdf2be99b34ed64e02ca6359f817fea221be1760997e4c676
c748bb5fd0c9143c1a1d20e07a8fdccccc0f4b354d4ba068edb454194d07130588303d47ab74d7414535ddfc600d70c1e4b273bba16b8cf493421b03
c5a73832963aac0e3a26efdbd26229d01190df42ce073c8aa3065f30504706d827a7da70288eb4d867b69e60bf581bec57a08253118139d27457ad0b
f65900ec186f8471a6f546439476d941dd1ed9349b1b9080bba80bbb93897dd40dde3cd2d50f8d0c81991b949b08585cd8271d99ee974ce669c69677
33b67c98b1ff133fff04382dec225868ee7c0db8e8646179416a69b1f76e21f614a0b5a4df1d9b7664f4a9517bc51b0681a5d5d13228367287686450
386746863ea6ed3160a28b697b8c345d4c1b63b4ca88d8cc29f636ed8a5179611009b265bdb075bba8a44fd63d2964a5bb640fb49418115afdc86c66
3ea6b925367d473f0049dcdfa8c5b858b08f6c3f8700584a3013d3433cdfc80033ebf1914de3e363cda62c34e26b2afb63762cf4047e069999416773
2af51b16e290600b65a85b4484ad12043432c0519c05a7aad037fc25a15d2e6cba8f0cbb622cc83435bec1a84cc3b657f0d8dc13b1fccd206888d08f
853df0c416f6f670d45db202519d9e57cb4055e2ac4bb8d50a2c2ee9f34943b04b760d5a9590f48d0bc51386b4f93b7c472ced0241dd1d7259c1e46e
5dcbb8e9485d44b60af5c8643a330dcf8201b1633e1a350da770e91da06801a0130770a2eee9fa04f1f9a1f60e39676395137067967e63fb609009de
9d3e3d1b2373f8a592993233af0b19e29fb22498897f1acaf11c61de42bba73554d6865f226582c02bb18f2343d36c64a68cf2b225b84a2664a5e1bf
188447e808bac9a036dd48cc54c138d60533f4ad441dc8aae0866e04c0a5a20e49b4f3c86c649031656a403333fb29a0aa2526be9c6cdd3e2a5f6e8c
67429c13eefd6949cfc15536f1876d345bab9906089c189de155c853531c996aa691e966680de75b53ba343cecadb0c01b1ef69199fdb456cc4cd8da
a6938d65d6c05b2b662edc8fc4c88f0c232d2838cd2114c06933ba6f66666b1b7eb39199a8daf091c432df92ba373271cb1683456e45d8807aab4200
23dd9ec46ca32c8fcc2976e610b65b6f247cb5c3dfdd801d99a7998fedba8ea50c78154ed59f848912f73016f066667e7996c3cc44f75352680b5fb0
591b0ea1f4dc887854317a1eb606cf781a9742684f7ae2f96c6c6b8d0c80b311999e1780e3164acf3b49a61327fbc34e19acfb038d5ddf9139cc4cd8
7642340abeb0b4130bd808ab4b7bb31f94bf1d2f7e23f87464d0c871808e8c7560263beeef468c5cdad974ab2ee21d7ff1c82c64acc3dad86fa6d5f5
b4df44e1aa111e04478c3a73f60f36321a86e7603b20b183c403277153f89dc4bc34b66f46061cf4e9b64867922ec0db99e1e1a82f279197ad434a27
5ad8a0484ab10f181cfa3cc2193f31754e0637be302317eb31a4fd95049a3e2f23dbd5f0af6a6be85817419d1bfe8491d9ccccb9722b65642866d021
d153896d8ef185657b19534b2855c2ef34547c684f0fc960b1990cb0118696f07f2ca14b63772ea1fe61608e658becd2c81a8ade1cc27d5a87657b9f
8183512c3f92c5a6923958f966669b1943958994cf715625cf4eb341311bae8d6cd8fdc6ded4c8dc642617c98695bb279d979d61c3d847c66273ab3b
1302323253771c99cb0caddd3630719009d918996ec66293acb341b7995dbcbc06d453cbcb462f6e98c7793dcd648ab1c1b0111b9e13f26cc3bb9851
d54666f2d89c888018990975123642907382e037e2894767e080691c197748fc0283da88fb1a99c3cc0427b36637626973f62c01f6dac8c0be1fd34c
99fb67148bccd3cc9cac8c6418191ac087b0c1ff4746403be048e4798aca5c04b44ce63232a799c747f8652ee8bb99fdc35cc44901c3a505014fc00b
81aa8d60b23108bb028802447db1d805f9e03c1d19981a9e963148e8a282adbae85b87fe2a0ae886973e5703ab89d51d0a835f26e71919cf944d4e3a
32b606c9356665ab53ee0cc35017d9c217c8676b73d734374f76117891956f1b1bfb795b980882db46e6d2c7363bddf48963488f0cb867ab236fa829
1b4ed2dc7105356ca4dc2fe802fb237744dad6a72a909f98551b86467eb2d7bbc17df3133d6743231ff30dfbe6b4d2c840b36c30e7bd05ae67033bca
e0c6b6e4c8d80fab663fe3cb846dbfd4b4a692393428c404467f3e5666815dfc7cd069c7fccec7a1af906577105a3932b3b5e35a2c363327ebb6b347
994f7857c79796af3feeb48d34fb859156d3639cd703ef6ab3020ea5e2efec942d56e8f8affd1dcfe9b4cc461ac77cb68c4c2f32d3a15458a1d703df
f5b44f47fab6677a63af0c8fc248b3b33ea5c6480778d44671cb70a86b1aa19928c091c6e19b4c3736c86c880d1dc8f85af03776eb5e0cc732ec9caf
d0c635c30687bd41a1552f388dce9d2db72647ba0b5123f3040a4085978d96c0061ab81bd923a3f3186ca08d37a24ef235056c7e08140629079f467a
2a39cbc38960bb8abdd09156cb178110082ecb91eef88f4113a7cbb0c8461a1f7cf7f73b3652473abbc14a6f6c39a1b78f342826d4726450fc3303ca
d269328315b1d85d668b5422980667224263a45d1a80978904106c224cdb8cf6f80827bce69ed1983ef056c4022d73b4abc043ae2945f3222d73b02b
49389ceb32bc62640ef109bc251469d2c058fc1d4ff24a0f73472857c7c18ed0a84c85a977cc0c88ab924206590dda61515f0d27f946df9ccfe87801
470696295044b064fcf0f9e2104675a9cefd8e312490b5fd611f7ba42bd4e9efb8d2e1008488ac4d2a9ada4f5e9cbeb997b10674732f23c5ca46ffcc
31e144912ca61172abeb050bb03bdd6e5448b25d6f0c8d1a2b821f37132b3230e31c4f3b3d7f4877d22086ed89075cf9c247b7c0d52f85195b73f99a
42c670889106171211aab27cf77a0a86e52bfbdd8084a55837703a2d99314a3a66cba037dbbc8594cc1414799196a65ccf4ac76baae299c88d1c911f
41e2fbf343d4c048bb1929fdec617483caa9070f1e41b3d3da5b8b08381c0fb555c903df93c16782533301217959fc7daebb5aacbc59c1daf8f2ab15
804366382d855119900e2657aa9a466b2a5231b1c2834bd2ead4598674a602e7d602ad53855b398091891dc9c4a6664247063fb7a1ce561b00698a13
2d3932bb38069753ffab22e904a2d53237698a5c01111f2e234118ceb48e67434cc495884800bc198e921fce094ace52e9e1728546a15d9800fc0233
abcd12e6924d073d505ddb0a2de4bae5548552336c650dce8baedc1749ee2e96621c7755dd222dd2f247f9dcdc56988e74d20763b73117aac4795f42
09de6f7907a44a10cda892497bceac900ed46d647071c687405127d381d20f389ea029225f6617361b02dd52780810eef78773eca4a130147b625f12
415d99d89741c20b696162acf752ec825617bd59c5ea32936e9de0a074b218fac5c0a78a9fd961c804ba247c3a992093598171ac8a215619e1248933
c19970928cbf211b4ed2d94ac9c490ccce2dc51e272cee0eb16ce78a6596105124137620e40c78b1733cc149f44c4ff0cace50268a648edc0c6118e2
164730feb06c184923a4351b3bb2a82b1030323354417c3f203f2243d60ec1101992032308ecaa6e6c68c8e89c31655cb0d5f405c3b406bb12d02171
1fab4b30e23e9ca5126050b9b036456d518b80cd45e447b6258e32c084b0c033917a99c88f39545bea28897e409ea16810fa91391f976f257ab637d7
b59d4dfe52aa9de15768365483c1d0528874f8d6ad338388b94cd446569d276a63d6071fd5581384062118eba2d6410c4656d7250623abb21383310b
511d1f96e6300e86549cbc06ab477525a6625630a3feb2da2c234fd66629a29a183da107818889599ba16faacdce06ee91829e41ccc4dc0ea1d94dce
25b63620c1ae225222e3b7c9464a2caa14844a84854ea844e6a44826546216624c9b817f1fdb11ce0452cc5a42061ab14388a4981f9886a99564ed1b
422936a28b32a114b3901976949daaee48183bfb88596598008aac5d4c00c5ac6db30c4b42615ba1ca1bbb8bc3b47c443646d8c4b2b8fadd2296a561
2027d7f2dc20ccc10fd1459a95d1450a5285f085217ba9bbc7a451795ab3838bd035f1085db6bc6bd4597b7710ce01667fe6268b9141e136ad592a96
0f5629f297b08225467d042958a8da2c1d1e9b19d04cdcbebe1b830992fcec50ce0ae22131b8fa0f365f5d36aa232e824309a6dc39593662e764ba1d
f81918a1ef5367934471a22ec9273952bfc9e84ea658e67bc23b24f59315a4103885cfa535759354651e2a244ede54485a75622e14382bab8fa8c1dc
531f492d2a28bfc4cd45888d5d5fb42a666f091b1de446bd484dc06f878ab67adf5864ae85a95ea4dcad0e65572b6c045703946efa281fa383e24383
907fdea05ff2ba398e3695a4e2a9c807866b213463d2572283f551fc60df1be9661f990ce6c7d4d646fae907db550cfb4105a25863e21c6638d2977c
d5fe66b021867ce154e6049dce178862925721602405508b2af4145985c39999c082c291ccb1ae6c29a0f58392700310358b6a6da9c5df15cf533615
cf6cb6d5012ea76d09095baa9bed222f978fb9f7ca637528b4c6fe771216226fb9e469a4a74ade0b585c9d03f0beaa5d82ab55ce96007e85eca30222
2c0a39281bdd093bf67735273b9ee2f3210add2b4cce400a62a56b759fc5ee3e6c329136d0d41a8137304284497262f128d626bd6547cd04664cae6a
3abaa0a98ca6b001b99a4c633632236d409e3dcfe7ef525eb2bba036bb538d6a7e812f2e0058e03afe5e829068b78072271cbf03eeee910e945b43de
eb5855531afd4dd5646851d6be058442557c26c644cc698fa9a9d13bf5ab1e5b20a95ad8c98c749c407b553f4856613a9b6d49a1099436e7801aa18f
64d0d53c146b21e2bc57004637798893e61e1a7d872fd1296fce81694ef98ad04d84d268a823197ad18bb19956b8649addd4fb847c730a3343dae0cb
52cf16a2d786151c6231140559893efac238d4073a63edcab6cd4c6014e03bb24db44f852065594c673aa3c26e177e38ac0d24a111548a3d9d4f79c9
33e613b09edac58efea927caf4899e4befbba6a6e3dd7112449a05228fd961701b03dcb545e89b18c52c50a112c8bf776941a6e646c583711ce2cd05
a24fc2a57668d9ba9c0f35633b8f6d776b68ef441571923fcefa082d5c030257a533446c2101eae5816fa236dbc6d35d3be83ad5f75c4ba7a075e09c
5e8bd46cf764bd4af1276edb28e371e3871f885896caf548b8124ed53a09ed724a649821f69deb8b39b1dd2bfb01102fe8dc31b9b9915c001761c80a
cf4bbfbe0cfad216cbb68521e3682fc08ace25f94c060745e1028491d16e955978b0a6395db72428226e57030ddfc2c83cdeae4567fb466e749b7229
0a23ee892ae6eea0f959dd73fc75aa89c53dcbca8d78c5fbf588a72adea857b97eaa78a35e47192adea8973176cba21ba2fb4131022358420f608973
05deaa7c5910f71c911fe942fa411a0a409b596277c5661775c344da65e23810fdebb4bbca12a29fe5ce9d773303ec4878f63a0bf70b648e158eb474
c9e472315de26683e2fd738b02862be76686c12602aa173fb8e29062dc39374b513f45dc8d5f1a3dfa410a426473cbdcacc2109323b1939d3403611b
802dc5e275711cdf298b8e04258737c671c343f1c2386e602ade1797843c737443a4b3255059066c4c0fe51550b35a15a3cb5856ddb41787d8b167a9
6c07dbc839c205a150657f7b0247057c10abd332fd0e996398858be16621202d90041aa7b72f54f6ec0a97c1cd8c5fb46836eb3f3998651a4e163562
cdd16ed529d881a4da3b43aa2eac8fb9f80a77bb79a6ac78b5dba238e46ab785f8e999018b3003ae70f3e459f10ab7ce2ae706b7fc90702b27cf5c80
4d564919236692d3d1d4e8514896f03dd01b17b3716356590c5d410fe35ab684f956bc97edc32a6beed63b9bcd3d5ee0681af248a6052d80e8eb9116
5734b5055034157e08d7c606728a35bc03c9421cca5b6d158e84bab4700c76b4e4072869b502f22e7e0f98ec8163792be9ce311304d9826f810de8c2
4d1c89130685ab38323bce23ed6e93750d447381e14208de628cb195f10714171efe808c2538326023990e6c5803ba45d15e3848a1a6bccc9d8dcc01
8891c6ed8e72bc4c2d22297316e2b55a726db39bc1dee4483306544702425695f76587573aed781636219a5a447eb878f6e030567e9a01a45d695f6c
8a5390281ecb8e31243676572e860d17efcd0cd50f8d78d7ae87605dec0750c95df13f64917c042416822010a9cba1774e829ffe8741eec03ef59121
dced0eaf70f5777571799d5be8c15bce80903edc02511de2ea3e7de0c5cbfa7a2c5bfc09ab2bf5e4e606077bba9145e78623c62a3ceddd2572793214
929a6a466a92e0a504978cae0004102f50e2a24299e832f04b8c588173abb2b28b6d0479396ac5aa00bd9468a887cb2d18144293e02aa5910e7c30af
7710aa191dbbe5e30cef763e01f236ac0d206f8d18851a3e8c5502b8d9bc7554b7ae257072e32c10eb7830d8ff2a5c48e389dac23534837f2ca4594b
2c38efa4e9f200eea4496cc315e29b56b609cbeac5bed08ef7d010d050b88626b39d55568ff88235aea15938625556c313d8482b5e4493b96f766404
83560998673364a48d6b45f2ad042b10493cd24aa5ee8793e9068ed5d94012acabdb117ee048e8e2efd5916632e80ac574506d21d3d9a306105c0378
bd475a4f8df8581d2be90492ed9aa3b5aba34b8158e048865ff881e98595738465e1dab4c21196bcc6ef6e8458579dc0b4563ba4b1baab0103e2ec49
96b0d770122083d68ce76f351d1725d085de80ec8789cbe6a0337200fd7e555940a87ac765633fad70c7e5303dfd108a038308c5a1fb45aee87c156f
e8a40fe36c651a2bb766694373c7655ea5d82287644d78c5650f34d79018c068541f46299177ab5e2c6ebb4cc9a6c247207ad8bf58a302335ced2280
32a3122f0eabbb767ce0086911f2866814f2e6b5c2a62103b45daeabccab33cc09523588556d82cd96c2cd9319c7e648837f0b6ddaa0a2768b8544b3
5e8d0173f5aac9c64ed9c8c4e49b31dacfea1b7d30880d22974eb798240b057df945a8983db500440ca796b2ce22c31bf3bcfef823dc8e334d5917e1
1a3a02ac94234af35227fbd103675a060d26ba9b00408ff2a0f9c131a4cca18391160f28435cc4345b35333d65dc913dd2cd0f80ffe40c3e429f834b
4947c0ea8d80486d0f251587cbe5808bd6c3ba139ae482c0ef108b54ed0131b6ee2afae06d470d9305eb76d0c458f7387e30d3d3edb0659171807459
33871d9be47248e6b2b80377144acfeaae846a3ff7631a7851bc1e33b3ab5bb81e3311a35ebc1fb3a5c8b881e7ec1324a1c85e713e2cda22ab91110f
1b3ebd64c025c7956a8b72c590090d8d15ef430cf6d4d895d51334b1ca79bd6f53d8a72b22358975ea115b7622dd97d0b220667625b6b270c766d678
584f1c984e9e6a84fc32c200ed196f45951de1acd055b35e12110da95eac2ef60b4573b30217e3890e832956d9c6e53ebc347b49d8ced91590d3c9ad
c12e73d241a165bebac7e162bcbdf8825eee4027ddab38c80bef98727abc652a2e07350481e456a7da844b07850cf026a28b663d58c74d2a23cd1ef6
eaef2b81519d7412d8850cd235fb01f4c0ac396337b53a0bc177181167e7e66d830f321058b78bc9f45403937782006a5a02372b99646d9ac59d115d
a030e846e2845de2b2a992d417b48e92ee8ce207ae058956770b316c3632ea168020151d37f1908b66502220b24f16f211a697b83744369d56adcf46
3a01007d4e7d65e3b2f2c241bed98d19ae44808e3da4d7653cdcb66a006249ee40706367e1f49e017dc5d37b7d8d8cfd31f8a420c764e2c49e716e85
337983ad3221c9b32be0812d0b452147f266778c28055036abda5ccd4cb20a9cce4d0e23e00ae7f6bcb3a5706c6fc081654560fb10808c2233b58bbf
7be10bb0a2ca70536ff16c5f77cab317be0012f778e4a8ab9faadab3461954cfa13f43830a07fd923e2b0efaaddc1b5192c11a28321ef3abd230b771
28ab13da4e47394d6e7610933b321c77af5696c092192e9e1119283bea1b898d8f2645867a830a90506fea2666d8f7e83aac521cf6a0bfeac2b7f3fa
870b7046da610b6e8df9a2f76aef36c5716e67a2c50db5a4e3a901d22b644aabcd2d724684efa43a2bb84ebab4d8883276a9374fdb3352833d3f74a0
f811378470101153381a396a54abc46531b6e55118c680ef24c91036b98393b7712d09fa76f27a3039b7d7032fdae38923d7596c1ac0a988e36c6556
91e03c65ead2411776498d433d5dea220aa26ece1fbaca26844f88df85c019b245033e85b2224e9e50bcabfe69dff4f7244e4a96c1ed5e1ac45edad8
1583c9cbbd08bd1e194ee96f76c10c239a9341148a324e70667dcf9edad4e79f3cb421e7dd033e6abb93f2f178e45152e86d2e88d28cbc5856b807fc
0c785736f941b5c8517250aab99394bc334c619af49734d3b036b9d9c13550d9dfbdbe842e7484606972d274a8450c9e308ce6e2c00f929d7fae6cd6
b99e42f7c105cf11d4d598002f6c6e6e3924224163d608b670f72d9d2a98f47cba1fe948a75693b2943415994d8b359d1268b6368cdeda847f76057d
4295d1d84e6832cde9bf10cf728e2bce7092f69ca5bf6b0c353fa80d2bc32f8481537e112d2f3a5064bacb8f70d12a8da0d3643183072506cdc64c90
361b336e0f704669e518fd48fbf68769765a6571f85242cec6f954e7e13612b2f98531444b681baeaa9be73214df37421eeae30aedd893ccc67ceafe
c8eec9006a664bc6e170826ae500ffdc47a28cbf4fc64e48f148c7d58da4091e7fd801ce7a80cbc46e10903ed2dcf02610047fbacf9d5572a0c2bc78
bf095c3d2f2a5bab5fd42671b664b66054d4f302e6c1705ebcc10fc193170fbd32b695bb055119f22a1f6239e435700cb41ce850a3ce113cd1acaec1
065566a2273ea45dc9ab5538d15c6d171ac8d6760941aed9385295b2ccce4e52cfc8848b062471d198353a5c10bc4d5d24e9c6caecd8b837969348b0
1d709ead0bf9694964351187e7e90ed851ce71c49a1eb29af6c7fd77998d9e2a1d65d791c89eca49e228c5482332a21fef96b1c2211aac600c52d410
73021398e3039a4a60116f8c71eb2323cf80a7e502cfb05455c5b2c7708ee0fdc9e11141b4e71ac0d3251b2c310b559dc6e9a9d813aea71a32c78c8e
132993f0ce24c0f847b8ea7ca4b15feda2e9226d66907d51190ab03bf50711aa6620e42de2ac49bbd218847ac126896f4241078659e854caa125b840
a69680ef62a61571281c79130e6b785ce2e1874008c323d253169e394862c44666bbc5e8961c074910c8998324c975b7394dfcce6da41ae79ca29c3d
30263c2d7a4b738fe0024b397dae03fc244aae6cd4a5bea7fc54804a0bb1cd825b22b3cda27695d95991af6615113b8feb059cbe67935c19f8133921
53e3ea179efa19e960065667cec4c293951a400546ace17d06cef2d451b2ae8fbc0797a0ca0ec796597af9a84c37140c896d072867264ea3e0bcc8bb
3aa65844d9e8ee177151c38755b77bbd11f3b1334ff28cdd4d4e447e462359ac3c1592c445b5230d3a91a8d9232b41ac8714668598336b40dd92e121
3ae91aad6591880f397ed40eb4310a2f9d5261cfa7d5f970690dda964a82747101a17de3b1c8b2e60b478bf2ef72fad247b5bc7cb9e25da84a7e71ad
e4776e2faf157479794e2468fc263c519a89bd13d75a3833a42ce5b788bfe596c9ea76685ad6279911b1c92560a5f8a60adcaab8c7a16956bc771f4c
141c15dc31513c8adc35d30a22bf494de5a165bbd916eb96f55c14e24c626133c3055996e8af90e1f621164e595d45c94ca0bb9191a1b25b50949d38
7e0ac731b88cb21402243282b724b51888b468de773fa827e1f22a4421f64083b63e566c61b3416a2a4903b5f921a6d62faae3cdcc443537ae94a224
152339a6d60c8172b8818a763c7e83c2a90bae521b69972d445ab21cb5595b0dd99113ff10e3c80108e8c99e4204ed3cdc5589dc1e1999061a56215c
9107a4465ae3c3592bb6bb92869430d5b8bdbe5589248e42588867ea1e7a30b88ee5c33c792c421e57aaa8460529082cb7670b773caadd97e64e74f3
0397cd22588ac714f4f516a497eeeac26b53d598b4125b004efa1465595747e19ec7e6c0379cdd8b651a650070d3078c25cb75fb4b17720e44ea60e5
bafd790f1d69e9dec9dc3420519e8a97c0c8398bc720b5ec8a270e741b97b0a9d1c48a871ff5f5168e19e84c281c7ed4cd5fb0a90d2428be39256160
5f67c7dd451b08e98a0cca3fa36b1a7d46d7c081f0da24506497f2aa4cd995159cbc04b0cecbb73fc2fb7c25c01df9c2ed8b86f49467b800ec451849
7bce5e54ef812b06e2fb01c8d7b2cb2ce51f873a80abd37043f7a60bf284c70c0b97fce498e72388cf0f4cba1d1e32b2cd8c0bdd657bb8d0a5381f7e
3098a9844fdf393c83e4a873062c668005e3843b867270de53119b6d0be25fac20f14b0161e7bad4b173795971ac423b74f09c66d4fdcb4b06d90ddf
72c5b0cc281c64e397a2513615ae7574a6728b235929070ff3ea0739bf1341881f57a38cf4491a78d957cf329ddbc50a77a8215c5061781861fcbe91
96cd45a9587c950cfbf820a87a1c806b444646071d0a8df74d34f927173265b7882ad17baa4075d1274a87c4ed2b4faade6efdf1959bafb900641867
44de88b91a661d3cb6ae5e1f0f206ba0d452cc8eeda6008a52c823e36dea9447991b7f46da95e860b962da2db6ea9eb8f644c5dccb515b6313265091
535c5132d27adcaad53d77b4585d4f74172c492b7af4a67f9665cd0130c5b20b0b7ecf5314e168a988a7c5ed841af2294a751bf3cb6e0698b91aba45
7d27aefa4152b17ac0025e88a6e799c7919e17791a01588bcc2a32ded5cf488aeab16831c22e8655c52aa5b4e59436d5d71b9b3502768880ad6e7713
78f22273494ae1c58bccdd25a57a55d31cec47b8204f602cc1c12bb72417784c658f7b710fa2fa24a31cb6123327ebabdc871c102bed102c753308cb
66b7a0164b412d48d7eaeb0f88956a787c2058498624aa5a646e6d54f6b5db870ea1670161575a9f4fc5c20a49cd6d66ad163fa096286a6b0f1c595d
bee900dda3d684e461901c307239b03b71150b4b45a83ee548d54c135e26e219a3f24bb71386f58c6101a4624612f4b225255bf59c9c42b2ee6e21c4
17074cf55d9cd2a387e6b43b2b86518687f25ac98c8b63f007a3122bec4e67786bc500e2daf391462f81cdd6232e95a30bec9c2ca33c24cdc596788c
a559dbf1892c6fc7d29aad47201ed00f2fea073f47e09d0fe7c3fa80750a22633a058ba6d876ce7237cc277d6cf594db08c989bf43d2e0acbe3103d5
3d68778f2a322da470f5610879eee90578a20ddfaddb06d55d686d9c8a7ceb52c3a5fb7131230188864b89daac2fabc1d8acd85b597e8a77f521ae42
f0c9ccd9533614ba72159ac1ad5551276bbd8d0201f429f6d687b37fb356e04cedc1e4c3e3da83a358c93424c5326d46af6b9634b67e33e4dd1e76e6
efb19e1a19785135ed7c376b207d194f8b8b98e684b56511ff6660e2b01e1ecc1915fcddb58ce2d1149820a011e19e99e1c6e178ae321ce9406bff18
eb6b7f7c17a2b4556a837a1a1bbc63fa01c69034f7a6da6ab48e20af4203ba30083dced3568d1410e10d3ad2425b9f36650d51b4d92317422df6a1e2
b399913d0b175bc446fb3422dedde3e519a1d92ebd63d171d1ef7c6bdb0fa4c35823cd23039be50f7b0079d9a569778abf660dc847603d228f206e5a
6a62be446f8cb5e84e32edba460f6d95a51ce9a84153b8351fce3acf42055d5555317f97b722925b7569a1fb35f64ab348abfaf6fddd25e75863df14
cba279b03d45c3ae72b1c0ce69e888cda364ee6e3782bdaaa7779a67d83d95d89a4e00b4dd46f07853f96ccd50049664337adc9d20de751a30f3618b
6e008057002a0a42db54d5d1f51bb15f79b39023662c44892b18da16134ab3047767a1eaca64f4b1d615efa80badbbd8d1255b8f6159df2b431d7d8f
96e95207a59b4c4d21298ccf18097d7a54cc35e25348f688af924ba747da4945a3692130c5c35350b2c5d009b033da534fa94db95e6c8b1d512ea81b
69c74eb304798739d0dc9c74ffa02909653c4a3c14f5c6c534dc7b37d2f35ade58155c761b1c802dc8267234c3d4e4dae1ad5ba0f0d09f2d316b6b21
59daa95ae4884ebba359eff054716e534a25a5763b03708045483515c1869432f6af4d2195ca476f2b1d059d29d48e46ec5491e67cfec868a2b8b94e
35b85d528a08be627ac0d7a500753979b38c5a1e57bbaec519658f4f3f54bb9d6a4773f38488a020c38c5e6eb74bc93e3cefed88bd23568dafe93d4c
919167b2c6b83d3635a66b33fe09546e84517b7bc17c29dcb6cc78b79ea5383682d4dcbc49c60d95eda1da93fc22656ea4b908012b63334aca1dbd2d
4c42886b9b526df5f8e6c63347c6646fc63069516eec07f23a63d9bcab5475735b5c7a6869db2ab3825836ce6a71e7d67cb19ccdab465a05b55b48f2
ca7ed151e307c90b85819b769bd26df39501d8ce96b8b1ca32842685fdb1719e4b3ffa967c4186812745a058301e5a60d9ea33f86e0b11264632048c
80d932b1998e28db92e3ce5e8e437759a45bc175288061ce75ab2b86ac5214f868b7db94626b13420e5c19bdb84d7b2e79706e2b324c54e68dd82109
712b1c21aab64ae495d0123a6424e9e6c65efc1e60002d8f993681e5b0157797cca7b25d81d43628480d7df35636775ab6ea410260e21015373d8c74
8c9b11b193c793aa236d1f54c0c2d3dadb5ab44ae70d8a5cfc20cf4f7e209ca2fb218601845b102163c2d3d90d02dc3c09e57ae068b44ec16dd31612
5caf54719b6ff3ca60cd8bad7b5300a5baab14cd7feb1afad52fc4c62fd6d8ecfda3a6efd639bc0efbd9c21814021e4e5017d8704ccac9b767f409f6
38a3d43062b667700320f30cb4bafce6bd282e0a8c3c9ed92a9b67a0d5d93743775037b629b486094edfec841551b43b2796799206d9bb1d0006e795
bae1901be6de4336c616571556436edc11d9dce3d22cd88c46763371c32959d0adb6834338f20baf48715b61f3013f2999109c002a2c3c11854b321c
169b31c70a860dabae38eed378093bc4c42b4ec019c11c608a034b316567cc0648c7102ce83cdb29da80e4046d682c9b613b396a1f7c1028f95e35c3
2c2db6cae4a3e06d971b1402159253eceae8d424da706ef2a4e4488b439af2f0b3726cbbb4421938b13731e15ca5e2098aedb26f80c522ac2ecedb23
adc0c4fe5bb0a49bc7879c490cc2229765f74de9db796ab040a6fd41f038f3d51f96e9a489d20693fde1e247acf68793ca983b769c12a813e7cbb5bd
23ed1ac544eb53caf9c0de48c7fdb7a4d9bf5afc7dea10ee6772cffacadb8c230d5d67db39080234ed5c81a36efcaee1b77d8d3901f269b5a586fdd9
31daba5cb2af414e966282b2d5e12168ca5d0b2e45f50e5fa5f75508819c3b46a4a08ecda62fa787c986a8ee46f5baa9db93a152d4c6cd5aa290ba48
7cc092c445d071a01611e22b7d8b1396622e18528262f347f5bd1e421623a9673b85fd778e406ba0f51c6f01001a5663891af8fd8abf433dc5caf41f
e91b0a06bb78490bb2ad63276a37f5b01321f95e08dd648176c46d13d3dc4be28e6e57dac2723a77a0f20ee1487727d6dea0e162a3d2b01588c96311
76c5b01b22ddd7f2b4947b1556c0306c57fda82b941146bd0aab15b8e90d35a157984fb1bc7bf296611916d386ded98e5ade6606468450eb551d5afa
e2edbb2241d69839e06b813fbe10c1ab1eda71df7a6eb8736f494108f51678b276744e1f4d65c9a9604fd3c3a47d8335239efa86da6c77539c275968
373657ec6f9cc7ec96d7bb2f0b09d18e15d6398854e42006f0ba65d17b707f20e42852953d84996ac33c16174b549355af70ef9e32b1d0641cdcda3d
d2f48723a077a7dbb9e7b49107c178a661d3c2ed4ff572d0116629da4e47da7b88b27b22597ef7941d756ba8a43bafcfe04d0cc3e346eeb674ae3c29
08e0be076f023d7bf448fddd800ec6b413a014696f1bb5764c9f99895095e3eec6a3da71f77185cde51042be9ba940625a6b4cec12bde279807e84d8
04c443c9058421e5a52404fb62a138704ced531341b0b8d6c4033d1db9eea1f8ae30aefeee1a906d848d2bf578ac38d61c81b073affa634c0ff35505
cecbd19b6e877eb942809ee3c4cd59bc08e895e2d8914c5d6c5d02135f5c9168d85d2fadbeeeee8962f77abac77ddcebe96c5cea8eeb9e0d763baabb
71a9afbbfb703b5a726783d26302cfc7c31a2b9905ec65d2737ef5373e23f4b5f801fed3fca02887913d4394773397edce0e9f5c3ec69daa23bdfa81
b69620a28d4ce0b1924111de2c05136e16e2a25edea11d1966b859213ab413d41c0782135681f10c4f2b1cf9b90616cd2019209c6798b2cccf53a9ed
5e0917dca7ba5ac313b22cc5e71a63370349a1df3c53e0b79321225a50f0a8ba13f7d41c859a9f848dea187c6677b2e0bdcf2c204ce793432d4ad067
f6264fe6f6a905eacec9d330506d9b6721bc1476f65464b92ff1541889ea1a0802aceaf64c37c3e16fe1aa3a2c573f303b9b4d31219b855c72088b67
b838adeeb10ebd424f25873edd6753ab7776a72d98bcd7eeb969b9c2ac9ede5ea13be4d963c0e0881b28748d3c8d35d19df7d4b0d3c1f6d417a9e7ed
d9059feebb8b140c771ffb7161f4808b0cdec7a63fe4f9748ad0909f4f970316ca53634ccbfb696487bb424f831455ed9fbbb1f7d2d71e4bd606024d
0c4006ed163f4f2b6485f8931b244af77774a6cd0a86774b781c8fd005f364338e178d0acfff4cb4322e8f87aa4d3fb5c8a6b9fa1156f894ab4bc807
faf5669aeb4da4374f49688c3eb9abb2ca197050bae1f4d4daeafeeed8e1cacfd3a980113ebde7da6da32716539733e86a74f2e240836be5b20ffae6
b687228b32a0d113564fd9b0a6f05347a33e85e71d6d51cc28114f4f3dd9095bb46af647c0d5c82c7ea964361b30c32d5ae8c73b5e3d1df23b4fa31b
c5beb3215521ef5da6a805bc2f9a7b48971d4ed8537c39cdf0650dc14163ec3495f8203fa87e78d24b268dd3a29a76dda24fedfae8e0ef3bc605ef39
8c74162c9a4dc26b212978b5f6c507069e9d75baceeac2d0c6ce05863c3037d28534ade6a0783f040950dd9b8c2c354d80f9f80a6917a67d1b35816c
d851fb79266ea4897f83e2779e41305e69270870cbd6e53e6927aca8bf0245b0cdd50ac4193a388fe1899a1a17f390b663f06a1c46b58c24c16ade51
e879b960a477a0f0f7e88d31bb95a4eb64c7f7e695813b51f45af13b370b687defcdae0195400b6f9f1f998d0fb4daa001c1089f5cb307c3d530f677
4230aa5d6f72351c163b0187299046c0618d0f92c76a75d45fd6f8eedd85eac53ef0e51987dda7a523cdad9448ad7d534f6c7ed8b103191f1b52b1a8
bc2fb9d9b5584352ec8625c21f760d800db7f2eeae95feedbde3577655f966ddf4ed7c84efedb807dd5bd8bb87d34d7334ca15def1d646ff9c9395d8
102e31079d7b1ab10e76b6bfdc49dc1133152d627f7afe95323c00e70eefce55479b98e2646015e5461eeaaddab52674a3ee581306aeec3ee3a08371
d798701946143d85768d78b0c6413f3dc6beb49622add9241de15ff4fe807df722723b505f92b67775966c756e7e459ced5e7080e5b96b6fe8dde269
a035f8ca21a9812644989eae9dcb0e0c35dd0fdeb440c6ee843c56b1c10d48d525cc45477ae2781f6e8df35dbb772baaedec21bc70eeec0a2f3f6085
289f77621f7551ec6cc755d7adcfe8451f67e00900b95bd15d8eddc71e5dacf80d757cecb80d3d5bb67bb5229ad9ee693f0f8eee97c2dd343c5af4e1
34acf68cd3d0836c3bf2d0e08cfde2b8329a2eaf2a1583d47636e14ab48998c257bfe3577ce80cde2f9f04f143208921dc2289560dedd76dc8537b59
536d0f23269be19a0a85d12d7cb6b461db31066e2c58a3fc69ab0c887d3aef7bdd7d0b981e0e6e29d0537270accf136e07a6cda8dcc8b09cba69b004
3b3bd8a4334ee9f0ed5f26f778e8ac5b49ef78596d548a2e563e69c8ca17fb830b696e4064f51d04aa683a1d71ae0f1c1f04aab8f00f1f6ce2baeb91
a98cc11a5a7aa874077a4192b51df83b35710eee5776e51fe1d66455f34ed6e8a37c8ccb1d2b048547f108eba999c14fc37ae49dc4090c507293b2d7
301f06aae81b3e3cd1208f3f3cd1601cc861d48a311e87a654a465e6ce4252c3829b1e783dd5f40f0f3b045abd6639f0ea010743418ee48d1700c9a1
061da547e270a6a3e24883d6c031b597a4b2757863018cecc871972169a52f58f0b127a4d0c1c504ee671e5c46c0bb07238d474bf2245cd4a8938313
0c1e103df07cea053d8890a90e06cfa7acfbf00928ecbfa3402fe2a820ca24977064da4191fb4a16d393e9c39a231db8a76b141ccd81434fa61ef8a3
729605de7d70e0c1cdfa63da8eada2b31f613b62091cc4dd34e78abb967a34a40abb9939809cd9717351c3f7a8a2c0daa0dea96a2ae62e2c6368a420
8e0672d9fc48c3e1b1210f4ccdb1b080294c4d1942a83ba2b0c9fcadbfb9b46cc000d222a16d5a25b0a083737c1576796c46633844de730faec0c548
15ebf0e892a935882cadd542d1bba5a2297af7889e7cf8f06504d76fd8a012c353cd469ee46546aeb8a7c683e4f3f46a4c60676b512fd5f11445e2f4
a99f1364e3916c82e81d897aa38f69d9ae5e4b76ec31284aa937380e2f4cd4c83dc2c8754277e7ca3492195be3c0f82d515bdf24c0eec264d722dddf
2112f4d5838dc58a417128ed5d871e70d0637d1cf29ceda3eebdc32b94377970381b51318e338883c1b30f589ba5827e018160198f3dfbbca077771c
5728e2d42088d37d93e3b2259075a194bb42383d575d4697cc50445cdc62e4cc4e719b823178bfa00ee9e326e04daa9c5235794ffcc1ee5d75e5dcbc
7587e3eab8ed6d8eed7c6844c20b4e1fca766e4eaffe5b2cc5dc3086f3a1cd90fd109b2233ed5105def1283c963b6a34d2120fd37f7286a16ed6603a
619967ecf115d24c2d3371b2dfe7e5b927d12ede727de22de4319191163c205a24e16a06be8a567bae011e2029eff0609cde4bac997ac6165f54317a
c98657e2b8b2a5dcc1f277dd54ac005e029e198687f5dc0dcb3b5390285da6a02250e5ce9a16d9c99dffaaa76796d38ac41cb0d0b2370abbdb7986c7
9095707a784ea7f749688b37d69c1ca493859f8a1edc23e71437a93bff454dbcf90114e14f39dd68cb1652f2363f287c9235e8029a3ce3dd6c915a83
0080dd13e8ca8f93b3e59ab2a7afac17f1a0cce87e60170ec5fc6433eb214a424c08894631047e2a26f0b29c5e1b63a8e1e9013b03f6ce385407cf3f
b944c6e57b1a356910e2c9f17063504e0ed279d2eb0c89d12ca4d89562393de73dd5a7d2c3b172c0db5b7fce2eb3917cc38529e2ba042891bb8315d4
d865f3d19802d675e1d5fb41a7ec5b4d15f823dcefec810c46f054eb923e9e22c3b4be4304caf994ee5084ce67f4ca8038dcadd27a12abe2ed5ba7e7
def4159fb8478bcefbd3bb65746e9fbb98a51322541e78534e04415bacedc000f7089451e1d0de920b61f835f4f0f37033b198c1932077e25a3b1ed7
1d69f9ad537162974a129e80d3e63c4f5022504498f0e6fa4857d28cc8d04b5582f33468d4f573ea8a7652b912d74bfc4eacc040d5e97d330c29dc9f
2e51dc9ffafa4fe2457c996d64f01788842bd049533846bb947279d499211981e9645c3ef062ab322749e1123ed30402d943dca14f43b7e830cda50e
4234e552d2437072419dd193e76dc7fe1e9801d23b1888a5b48f6d696246ffda797b02cadebccb03bc5ee18d854df042ef6a84260ff42603572eeeb3
75dfe4f2411e970d2ff10eb66b05a88385c643bcb3103510646d351dab7623e30defd4e0d05d446ef282eea841174829a312aec5ee009c57f87898b8
5c71430bc471799640b2b9b8084e0ff1e5fdb48633f384eeaab1e9a3b9ea563e9a1bf1a01717ae7827ea8551a503de0774bb11cc57e2fad8871f8a1f
a8edeb7cccde95f05d6db6a4cf440ce2edd546e275dc9106375c44dbb0c7781c372976791c377bafe26540a61b01577881a1f72ba3913a2f882aa3a4
2f2ea26d882a9ebc4d9e48e0c9dbd9d247cd5c1ec4cdee8bf320ee1221b257d1cb9ecd68e33bcdc5c35dc55e6fea536a4ab8642884cfe0f20a77e119
dc54ac5c859851d598400b692423d3ae16730e1ab94236f0de6cca342b4b5af09119a3892fae55d311e91bba7ac62f9cbe9e06bf3853d01ffe4e40d4
66dd13c7a2652e5680bf334e2964d30985ae714d9939c8c5346212f6787164cf1dcc6b4ac9a43b8f6776577726796677366406aeebe6e0b5e12f117d
78697905b7f06e6ed270e4d9dcb4b80e157e0f2b7b03db66653d7da43956e01b01bc8e3b7b63407856e3226bdfc76deecef840ae8fbd5c44703c9cc6
67900ab8c1908a80e1ebe985d020506f6c2c57dfd485e15d18524b505a046dc0e62f0c269d7d3ca4bbea8dbdf4b4ca8da6bd34e6cb32dd2e007d5789
4418f3466e520fe359dc598afe386fd7243464e343f23f90b2c5347cd7709acb57e90cf3bd8e9826ab4b150cfc14bb60c4900df71d2fcd2877f1ae33
f6994923299dfd33c6411f6774685b4866c77446e776c8f5cb16e282130d7cdec0cd3cbf5e780377a41937fb84dac19757b8eac2e5a9db35ee2ebf2e
f40b290c77a6b750f1a26df6e12e1eb1cd5e5a74dd2c687c063e61ab17ff3280d2457883f16ada486541e268c2d6fc805748f2ba39a521747a3cdd4c
e329dbd19295754dcdf4ed7b32dbc76fa7e299dba44b9c676e67ad428641a10ddd1cdd7bc0e16efca17101efcd39be08e6bedddf7407cfc77075bbf3
186e7205dd8a54cc1fdec2cdbc605b780a371b78e453b811cacd5bb8ab673b7d0bd7f31db762176be9367c44b8170e263c2c4f180f7a11afe2664f8f
f2286ed22cb817b9231dc7e5af90e6cd69091ec91ee9cba1d9dbcd5402dddc62ddf45ddf6b10364dadfa628a19198a68e2b2797db4b72727600877dc
fa0280abfc04e5e6e62235e3cf6e9e98f396885ba7a81bd2bcc79bf5b3ddc69a04203a485130788277d335cd13bce9e188708f4658723cc10b6fe005
dedc9a69c2b195baf1ecae52886777933688cfee562f4ee4ddddb5679b75dbc221e13a8de0f31bdfa971c9770e4c512573dbbf53e601433778798437
bbc97263cfead0bf31618dcbf539de6ef8f2ad9220e194e81b8c14fb6618d3864d5efcefbbbbd51db53b14011436ded4cd7a716fef6c0d2c60dcb66a
1f4c132e86dbc7ea62ac9c4f3496e5e6da35cf15dcbe5be7d6b4efe84684fa6d2868efb685a6ba590a774331ed7d5040cbf94435de9b531b0f915611
7de29fa76f8caaba8dfe0c7ca069e8ffe4d9ddb854ee46e9683e91c013bcd987556eee5ff316c3db631eeef6f2066ff24d1c9ee09d1fac01b5640b05
b580c0e62273d9ab6020d46e140ce3df7c9cd7ad995b931c058ba779f3bce3ed630c8f2de9cdb5e18eb4bc45d31d65d3577b7df0e8f65ed818143707
f88e14aff6a62efebd101f31e6a3bd8ba702788b778e89da8428b9d3e75bbc3ea3c45bbc8967768b6ff11a1b7e1bace4ee2defef266fbcf4f95dafff
e6f9ddec4327b7472803cf3de06074dc86a34d74abf74820f8923d597e3f638ea9fd0c1ab4946cde213ded9c66a7ff38e94abbb91a47d3fdd6f2377c
fd7ebab3207b7e4279dd0f6eac98beed826639a66240c0bdc3cf9d7cb4a1e4a10cdeefdddc6bbaf758a134c566f322ca710f7851f78d3a64788aaff7
ea36f7f5de3855c1f3bd4947c97d04cf312371635cdcde4be06e6e3cd9ab8fead689b0993ed954a506ca8df733fbccaee7fc794237ee21e005dd6c24
c97db263875ac00bbaab7a342fe82e7172e3f66c88711b37dbbc5e097a5f012c63bd0258bf6857b8aa2f750cb0e6cdf325f9e1b40af841edd9c4156a
8f51d9b7a1a86e9fde5ed066d8812fedba397c7b599b5b7f3cb59bbd7cf1f6653ccf85dc53dbc95bd4908a05de5b066448dc32c0d549f5e10d025cd7
57e3b15cb6a8ea23dccfd5cca47b4e0654dec4cdec5456dec4cddc95513f3c834bb35e1ecfc990ca33b8b32533851af4b718035948bb3626de6abc89
cb1bae95377133c7ee2b6fe2ce525667b08b35d081169b62f36ff2bfea2bb803105ac2e6e75e83eaabb75cc15479f57622fd63412af5e1fdade87995
8770179cd39587703327012b0fe10ede0ac0682084e557dfc1dd848bcd5b228e2befe066cef1d687a73bd9911b19b8de834171d9fce600b9c7d52342
f5e1a37c1c7f1d99277343d759819999349403ce45559ebbcd5b329d485b8131acb41a8eef6a659741a673af584dce73b63f8687139ca731aaefdd36
62364686f5681aad013fdc486bae6533384b4494b1669c34acbc7dbb66e902a5618bb45dd39dc7470ac016c9933255f204cb35563c8da23310a55d79
eb36134a3bd22c7ec7303586b50b447599b818383dc28da323dd65a5a4850828b8f36793b471b113fb551fdef9f36098680c9cc0a80f6f3368b4d302
2ff4dc38e8ec7a4149f85041adb5005193ebbb703915b2b94436794b617e91ed5b1462a02e8b8d6dad42b30694112e53790c7766a0142e63e5c28bfa
f02e56297f63a41972d8887bdc1829c7483669349c104e9077ae16fbe3ced54d12d03d5f6c56f7fc83eebc8cb53a453d80627c441b6f2eb52e20001b
37c457fbd00e8a520693537b4af0141c2e3c174e373bc0c56514125c54f9ce4d892ad8a58d3e9e4c4d34ab01e7a242b42739241e8dc599d9559f05d7
d8e6ea929ccefb945d6cdc8eb0492edc25b439193c7ab389039fcc932a3c9c5264b5448e6d528837b1a6f8c0d998f6b1c3b795e77af3e64cedaa9592
b1e7538b0cfa70b94686f3ca4a074eae6cce27efe3ac22e80804d1aebbc8c1a6386cca71f8caf3ba799312cf102134754aaf50d6e9184debec703172
9fd0c3f19ed105fde105616b7ba4834cec4f55c1343735b81c2fe5361570826caecc2b704085d82160d8e105a900754118721dd589e6ef814e6a7b55
bbcb43d5a0d1d2cd26a5d476db0360e01d09eabe6371d0aa2eff60a937a736e5906c5107fe541214835ed65022a3ad8728e12dddac005888bfc6ef34
d20e1b007964378b3fded5cd4af945f73fbb92956775931c82577593eb6479a84345170202575d1ea29f52ee7613e43632f809ec434d02e4f0c4ee6c
aa9089ce19c62251648b61e40a3af1de4b32adaa54cc3833d94e6e380150adec59c1217c6f179367a403238c83a7ee36286721746b83412c11ad55fd
e07e5954473c403a4ba20b27c0077a8bd5b9d76f63f61743b28a7d4448965390d0e55988f10c6f1189f1c04cf60b1d36c6c1f50edbe6ef28790e2321
452155dfe76d44d0d545e56103c22c50fe1e405943c7280b8e57794753d6e0c500f19c0340e050911058f6285c018b17b76fb62a37b23c77b7c09978
7137f34c70e591dd147387f78040e9917677ba7eecfc6d5dd41f3a2d7b0920e17a95677653b3cbaa80604c35d81f7011a1be753f7011eae2ef2cccd5
86587f9df155c9ded9e73069972aaa6030312807f20d5ed5cd3c9433d2129e54813781c7db2b2fec8e42fe2e4456e6119bc534d3b20151781c2403f7
3092f86fb1326c4afee0aa6e00bb983616d2c5cb49d4e003780370cc551ecc1d6900f4ba40ecbbba786bbb3a87afe4aad4f330eed0284126867e7ff8
7b26edef9534c0ba715f25af4e3cb0cc05e39ea756465a30fc3db00f427a8cce66d5a890b6bc9f3b8b51ffe9f58bd48f4d0db1f344c221e997d8c828
969a2c488369796a6239f9448775a43b2fe88eb4b5f54d8b1036f9795cb52eecebc75232601cad3a5ec74d2edd5d57b8f3c71e7f179dbb775c49a888
73dc31950771971cab8960706efcafbc7b9b390f3dd2ecd3d8377b1d3c76527d0237e8e0b0377ae6ec12fbca951770c718e8989080eeaa88c7ed68e7
0c5cd2f1a9af43de77063acca84aba3ecf982586e7750fc5f57eb9f72a8f648ba2a3ce2deed827390da1dbdd99f16d96221bb902a160dd1b948a4bc8
c0ec2a4973b5c3c329472677111a3259b86e3bb110eb212a6c4ca615409cfce40659d854bc353bd2b60321609e2d98f01d9d8f77673357af8df42274
2b9964e66367ce2a4fd4cee1da86b60e2c6975cf21db1e80b11c57f6198866aabc45bb8ad175e1120ccbf3d20a771754dfa5e5946ae559da8d48c6ea
abb43df97b71366d8863b8c5424f54361b82ac92bf1f0ed0da03a2da40f9ba80aa649acb0cd1385637fdf15d8d0c1c25f9c12d1b38dbbaea8341a9e4
1ddb55838d676c6775da5d75074529e62f99de2d65152101b198f3156ae31ddb4c0cef48bbad071b5fb9a0290041b6a726423c09b6fa411b5cd4f248
cb161fe46188e7950882c46ee3c810e0681acf4016101c033cdf32d2ab90330c83e2348856f713d8b81919b739aaf51bf8b1ca00b10616b87b82fb35
469a98c8d5b40205f1e04bb84bb40aa65032564fddb24b31321aee6835ab67d2aa50f9689c345284103ec4ebb949cd89c773677546e8a934d6b8efe5
d64db22a9095546258024efaea1bb9b8a42bcfe266f661aaafe2b62a1270217407eb35f5d501561825f6c2aae95f0524ee8db059439461adbc72bb2c
02d2244464d8da7496d14713b91652b1dc2ca40f555c71157e471aae4664b32930328ca99826244068d920a852129b02b8e52bcfdfe62ea51b806007
5c19eca1a0ca2bb799eb382bafdc262d8fb51bd6e050a7144ff23f9fa8d5bfb27a64cca950a2bb90bd4062b30c6757a4e0ae566fcf18fe5df4119830
fd6a1f63791d3d039e1e0fd6a29aaf4f39ff668603cc4ef814d0e52167dbbd5e8ddf77b92c828ec768d3c3b17a378493e461ad58fb04607751b8ebb7
06766e3cec4e24a78abb6c201ceb9201f675c76c5915cf228128ed2e0615cf9804abe2b959172ed5ac0b71a00bf0f8acafff8df425a4404420429762
3f3c444b1aa621d17827946b8dab23d4b3789236777957c87631ec93b40a3e9fa4edae22dfb3778209e423126aa483c2cdecd09f203906a6e1640c2e
0f6f816aa63d1b6b3a66819eb935222bb52e8ea92854b8e4b74765c62f63c62eef96d7655f95bfb8ecb5f2783876820a48c4e57599b4ee7bc7194fa8
318470d28bfb884970409cc24aae27c53d04c05bb12b37ee57de8acd841f56df8a6dc4f28f8cdc1096eb03b16cdf57df87253071a43986554deb58af
565082a18224a53ec3e311d9c5bb486a0ac31c72e2e9d8c4ebcc355e8ee54c604d6199b3845384ef55bfa0a736dbc243b330033ef8aa4849ab646d7a
c36267e46bb70f9a0ddb1aca4988df47f7835c2ff9e1c6646484493102cf88275a89d01c19e1c5764a5ee7a47784475a134fd954de624d9c7aae3cc5
9a5db6bcc4ba36d361363bc0ac54702039faa03a66b0feeae42bf17a0e7d50b5736b4d4d5e4a2120d8c1042d8db4ce8a8f5ea43c4a4acb40c3d12776
c2aaafb02ed5b11483a6302f5388d464310ceb48138413e9cd42d6902db360e22556bd7cbcc4bab2dd5f7d5735ebeae15dd5d5173e2a0fab26857bc2
cbcee588d53756bb738af5dce377b719c4778dc966841cf6e68c75f55dd5ce8d3d95875517fd333ea6ea2d2595d7546729bfc0599da0c6a30fd5da31
5a7ae75afdd55539056fe28eb391d6ce72c934978cc4157632fa47e218b8ec8ea755e707daddf4f4d1d61620d29637f1ebf8499ef0ce56173f168ac5
00b2b8d8492398c758b3b23471297f779abb9e68e9d41b3fc4a15739ca849311f2bae17cb155af4cf27579a10db12c69fad2bc9eb7c469ed2ce3087f
bc6ba10b0943c21fdfd1e7e2f95634c0846fbebb2ab814aabb280c30d4dbc3abae6b1526ef80d40c493ea6e682e6d096e6513cf11a15788fa6d89b04
6679a6327a96bee0db494b1c5529b9b52e47c631df9d60ee1869226397b5dbdbb4bd0b5195956757471a883ca0ada38d9756571dc7696a00e521473c
9c0834d2343580f290ecdc59d759c57bac85a0e99a42a4a389f0c06a22d4afa629d2d3c3f93dd5b2952553a6178295475a6e8e12c4c3abc97d591e58
4dbab19207ae9187e954a429632e8584d844162f2e9e6993174e2857df4badb1282f21b702b4ec3e1d6f9ece8bb16dd720da8fbaf3924fbc5749fd8e
b130c8db93f8a6d952903c6f716aba61c2ca086e073c21cb0f0a2da695129b19a91e52e26dd2d52d29de231d35e6e0798f74d658c9ac0eb290012d8b
1ff2bc76166d252f02d54937ca54d29b95cd20aa37d30a067802ef91ce528d8cde1e56ac0f92766e5d1a1905218b91d7498b129d074947daeaaef16e
262608b8b8f584e313237da2d05bdbe01d985b36a84e97594ed0358b3c1b149f2363e73485efda8ddeac7d9bc57b8ad3cca4ddd61371d8b11c3a1b69
a550f1030bcfa67cec9373be95c73e9bba7a76273a3bf222c5e095ca4566bc99e146e18769ddebf0dcec9332da76396cc9620626c0b9a69a4b404c03
55bf3f18aa720114955ca37f20ab4e3cbd54ac8bd542ca1827be4267581a5903924355d577403b975455defe1ca5fcc0fe0c8b2cb7701ed21ff1666a
4f3c0aba784952cd2d064215c2d3ddde89773db58c32e2aa11025979d87374e887403d03d13ecc92b34f9d35b1ea01df6629d6050c86b73947da3258
9a51dea946a1cd9d90806a65af0c000e6f1834a8222b64b4d5b32f9a693bf34c675ac4d5d3fe0030240bf6072f73ce0cbd3fe15be8ccbcc699741e67
c3b6b2b346b43af74c545ee39c86e34c735b487319b1ffdb5c0706b1ebaa89773625d2295bca237d2c30b9f2eae600cb969560a832bea82967e345cd
d11a238c3bac90cef960e8c942501f5a5f3c9ca94197bd6098732e959733d726291eeca86220e43802ec6c9e817786a2b041c6668d469bd568d40ec8
67d092d5a12514cb3ca5d048d3c745049253ab7c91f57a64abc9352eb5cf6e0da793f15d8e8fee300e551fb34fc064d7cac5ea4242e75bcab5d4340f
476d4674332257c40d8b73d26e57870851cc20adf3ad62a768b91911322adfae3a67699a87453dc397388d50e021ce39bc59a83cd027103f25bcc178
117ca2d3fbc02a6f748e7f32e9a84e266c37f4cdb204decce847eb16630660aac55bb4f4c8176fd1e25aee9181f68a69808fa62edb6d64e4832ce732
6553331ca9accc206cb0ac60112e5abc1d43f3beacf22b940ddef81cb44e7f2b0b04be59565d37d6beecce0c41f102950259d4d03ee4dc5d2d0a2316
6a4910092c86173e0b2f98d4a2a588182e5e9fafadc7739f8b96046f7aa61a956f1ce5c0ea2dbf9a4d2507d23b195f9fa0760e22a18f6cdf20edc3a3
d77e00cfacac925d7f368bde2796c3bd8afae1339e0a9812b620aa41290202ef290582616196223ec01aa62027422bef7e169e441a69b404962bcf7e
162e39af3cfb59783f66a415038853df00ed5c4f36329ccd72404a402798b8edf5a397288f82812b5bdb1d0878c0643410ae10a55d9de4c69a155753
52aeaae1a5e19974621be71d58e3a531586cd8e2058ccd690a4f2be2dff744b35b47650b84d2f7166c084c7092cb55cec3a1594f21ef86ae72d9b245
2740b519846eb3c8112b4c619a38475179363429eee3d5506e5a1b1935add5521cf7920e0dade27c7fe5a1d0a4bfab7416932b8e3d53de0da825c2ac
24dc0e6bb4c23328cc8c2e6d6a8790c50ef2d9d086425f34df50184b085914389e134dc63af21a6879b8b09e6856e20cd34c377b09b1da6dd5050e18
bb17979a767dcb05c2830bf72dbb5a1202a578cf865a56d959fa08b0c2866b6b522b8e5e9588a23ff761bbc6a102ed2edb91b379976473360e04876b
d18dd82a720ff89f84af01e8ba24b45acf6dd1fe13ff87a640b2a56e1796c21095a31cf042d7dc1140d92cd188f871cae9628c0c2b437a3e2561b1e3
ddfed52940402b55cb291d296a4ef42229e164fea42f2f0a268cbffa0ca9f28f5748e7adfd66b8824c7011d6ee39160e582b490b6155abc363afb6d9
1ba1d8c19311e28ba486dcf642c85a94dbc27d07fae9e1168376c789b2a488bc19847210f76de3a0eae0eb28f1b084ca1930dd14f5c144463a1098c9
70621c59cbfba5ab7b103e5fda38ce5a79be749bb7407c84e7f1b6e9e8c6eef5fb34d23224384de5f62cce7a8c34573ce099aa1cfd52d7e6f5d3b5c6
ef18c62c4b5e425dbd7a6564a0231bf5ba7f15fdcac5c10f55f2ba28e518c8eadd97c0b4aae7a371d6d87c85baab97846801d4958356cd2a9341e8d6
aa6b4062bb9341384f356e17b6d96e213372cf6453865f6df67138e9f67e8237d0b32a3ded83713821494d76333303d28ceae221d6f9c10c2b16c6cf
7bab6b78b46b0ab08024b907c9eae7c1d5c64535d5f7567bf43119ebc252ae06752b587960b52c428ecdcbdbbb238dd50085d6a94e8c320b69d919bc
341e61d5cea8d9807bd60d8fb08e2a36f5b494f5b9e5ab583dd066272a74d9b600171e564bcc33e0aa5d484b854835e94d17b2fa6bf5493a9150342c
9c7fb408957b5e6a2ddadeb5d81d2d79468c1b23466611426a4f8da2e84eac5eaca51f8aa75d8bf2bdfaa05df377d45da70c5b5b3659bd3ca549d255
af6694624bd7a1b2a56b28789d5ac6e81a0c36421f9ceed032e8d9775cd5c179c775d574ad3e5fc7251695775c5737cbaa3bbd1cf31d99c3520cb505
57b7caed17c0657fb771567764981a24589d26fc0011b03610628758f09c38aa3cfd3a7e07091b14128daa03c0bbebc6c4388c6e6f982295a06f6da8
da15bec50c4c3d0af1aa46f577bbfbd841b4cad3b15b9679746804895bbd7545ad8ff761b7ec827f1ab4631aa3c840031e88cdfa18e2e15779b6e158
1c77ae3c029bd4db7d04b67126ba56df0772c586d92e2de01e56bba8a15088d19d21dadf0e46ff17616772282b8c43d1940acfde742e6020ff101a9f
a3dfcb7e3ba8c2b3adc9922e425cbb244f5272f477c2f11be0b0956c74dff34b732cd3925d7bfc90270eb861436c38dc8604ab67ef1e9aded8761cb9
c174be0da4d87a386906a82b24358dc88a4281014b8ea6d6eee23f54bc6582af3c5f7187ab7a0cbc6b3de29b181f630239efdf33d61119cf1dcbc75a
3e1ca178a6052410715b9bde900dc3b1d783cdd873c59fe64daffe1ccdac5f4a3080b8d643d6a1a1387ecfb02adaf34a17edb66d05fefb9ece6e9dbd
1e3272d26aaabb80f39a82c3bec4494855b7d830f4126db878e5a8078389841bad3e0e069937f54ee9a20a40e8fb2f36dde465df860036fb3d5787e9
57b29cec3f789a4137ba0ed8cd8f2e04579bb809411c3cc3f986cf9057389ff0afbd5bd161723ace513f22d714cff840440917abf1bcaf72b50674bd
b2bb4d1f7463faec9ecbbe90dbe1b026f67eb6059cb22da04b971258c0c02a5df5a49a53fc0c1ba79d4de048380af081a4a280bd66b5b8feefe69867
9a66b3f70803a71b396680fe6d7e9fe5933d4cd910898ef5e08867f60c24bf633dd07add1103b67fe91fc4ae1b16cec6ec3976b235b04c8e55b100f5
b5178569b654d7475ba9ab17fbc54822da8b4dde4bd003bf420385fc0408ad9e2e0142abef0f20b4793a4300f81dfeaea181730b086d1af60aabba5e
2f3dcc0c8850bdc6ccf955c3c6e5571c6ed844af84afc437d10dfaa458e0625683abf8bd71cc617b20db261dfa41b6cdc65675936ac6eff803a11300
535b81ebf99e6373fa8259106b0c28b51be48c0920c12689965a97f74367c1a8cda0817ccfe854f084de550f98b0ee6478a0b991f676b39b725c5b05
00b799c4af4d145bf38f37506c2b60c94d105b8daf60d8664dec7d04b3a074a4667314c2c12b1ef601a9f3809a68c6aa64fd9ee2edc55d0f29d1b069
cbc6cef48fe0153441e8b6d6c53e8d997607864c8070d823b5f8f41f1310519791dcca99e0e16609739fc108685e3c8aeec4714110e46106e3b12e34
75e78a186f50c99b28b9da1840c9ad0a2480e4a698e75323813bede420494e4e67873e892de4f635da4bab4ebf62e05475a973c27101c3ad879bf982
777b8e2e8f85db3f3285fb11044532a538d1ac957e38cf5b9c18c5bd166608c981b9c161bd9dab6743b5bac15ddd0326f820391fbe1744999fa52526
ee23ec10477ca4f6ea0cae580b2b26a542f799b3daff0cb9059937ab61752eacb52b742eacab07fc8eddc3d8b9b056e205c937e9c62d606f095ab64d
14598372276ecc54efdf0b97bccd67656c94916ef61cef08c1f8adfa2b02f15b8307eb831efce441e7704b3faca647e8895d4c6fb97530b6a32bc1c8
831fce93c37e6c813e710171d8bf306448085eb03b1008bbfe698ade9db47141785fb373fb7be43ce4d92eb92f5eef5aa4666f4c0e43ddf24cd74604
e66ffa45555c97188501cc6f8ed327ca2f877720b8146dc8a2fc7a4d01ca6f4ed42ac86faa16a8e8c37bc287ce66e424f95e5c610a2b79283f0d2c14
ba2a0c913ea6bfbb2511ce87d96914e781efdd3d3f78619e87f56aa3633e870820d0a3e1f5399466e810ae02304c1c57ec49622987cff8d63153836b
8963585a7e9a6c4246e66893c22fdb13fcdeaf88cf9e462ca362f92a728c1cb9fe789ed875a836bb856d3c478e669e1170a2b0eafbf425daa678817f
a15c01f27b1807398aee2ff4a990efa5fb8cc166faacaee30a286d0c0be3c7d7fc5d4170da82c606485b4004936ba301115cc929f33dbb4af4cf7072
a8fbd0d6e0f71565cca6abb15a8cda7c343070b082770374b6bae7a7b56a90a81671259959aff6f53a1c35323df07cb3e77d66021d6a83a03bfb38b7
ed6df007c51b715fe1166bb13634d96516282963cb0a3561a60125f8109c60fbd1a0e9f90c797165c396e0c47367216cc1f7a2ba041f114cb893eca3
01265cc186698009572deec00767fd3207ce6b7d78863425d85d9dd7741a0457386777e8681e15ff70b62169e00a57b0d4bee7076ac3920cdbe61b0d
0b3a2c803d7c280c823d5c0fd750e011f278b4a11bb913ca5dc611cf31545fd8631ef2697314de02410507f67b96bec395071281d76bc39ce1c66f8d
3356c322dbaa60f8f8d015cd030858e18cdf6365e8f9693f6c42490a89609c26cca2b40205562f608a93172f23c4099482a1382149310bac6934c696
27be21313cc489180562437221b7cb7a0544b0815fbc0bd3d9881ea7af4a0786eb0da1435ca355fd83b6910e927ddad2c1305c752c7c589cf14573d2
74d3e439fbcb2542f005b2b8a6a81403888bad6fba4ea4e38e35a2c4960cb2de5f434f36729d35108bab9733001657c53f008b8f1224628b0c956441
0dc0e26a78df30d2dcd04e108bd38cd22f7343618c1649bab3e582ea45f3c03321493be1fe5e5d8c47bd2b5b405288840112f13e2ef4e3714292ffdc
96b10263627d7e698467a401ddffc61b9224ad07d7474219727d6f46c126fe8a5b04e534aa8a8de047f22fb7b0e05da41fdb82c096a121d1f3c7d07f
7feab65307768da6f3c7f2d099896143b63c7fd1e5ca4b74d917d7e7e0d9f3d4edc0e9d1b42ef47df832c0c91558aa066e7232ba667247a2eb0810ca
158ccd0684f2aeb5f3a275d9afb661e4eb2db5865d048a34e3ca043a390f4f7fb532156bbf62ef678bc362866d70576d7b896984a4809b5cf5670237
f9fbdd67f731f5e3bea7d33f48c9df374c60b22da629b3432147c21e1f8ad0601def9ed232968d94fd4aca86d03fb16c9095bfcd1cc28f5fb17b9c01
33dc69e60611b9a678869aa1364dc4896674ef0c2b85eb6d24b9c963c033de9f5171d11bd367c9243c17b0e26c741a60c55f83fe4e96327b58d50538
132014d714cf3a02339d358e1d6d57368bb3c055842118a0155723dac127ce09520a3e71055da7014f9c13d47db6d81e5444ac58330258b0e269b687
a95b7c6cd44628f3b488a4c7c5c43891eced961abe06fd5d1ae12a1b77962c4d6fddb4a49fd1277486606177c9869b1d924286eb8d90a149712257a4
6c61b79765994bcf916e1166d30944634570108d8bee47021aeba23e95362028801b572fb4003716baee7b16f3c1dd653e7838cb34619c123bc0c547
72374f6a6a3e2bab785ea6f938298d536182dece901dac963872f2e736608b536cadc98670b11511d0ee6688087fa6d06be018efd567654ef98ee33d
995d98e43420cd08bd691a5cc3ef80353e44aa69c01ad7e458b43c1824354d0caf18352fa602391a84e3ea1dc0c4d800e25b03e0f81018e77b899425
f4f18a05a55f78202624a1803836d90f10c7df1f4cc605f9948eace808ebb05c5d0ae0e810c723ac0ac38fbe9e746f60a7deed2a325361c1f12d1dac
2c40fe21b7868e88f1bd5d620ab9bb6806a303885c9314d934f4e6470204b9aa874e6c051a47e78dc8e264620430fe030ce46f0279de7aff2007f2f7
2c53b34b4f9c705f58630fb850610ef491c81dfee10da8e4ef61c65d8a87b6ddeb6f241fa438be87a6699a6f34cef4bf0a801ef1d7ad270b79e344f9
c20196f8bea4bd744b7a4d31ad179dc4cc42a01f7f7ddfbd0af463553ed18f8523fa5ee8160cf9342e5d9defc4139174bbdf33cbcada9f306ac774ca
a8a7cfafb5d2dee19241894f99300b0e10f2f74cad077b1b8e7a1a62aee73100c9c96bf2f3e08a775aabdb9c7103905cc995fb3ddffe61b5ac38f40c
7ce4a4e7c7191712569b70b245f438e1daba069d726de7c9acb6eaa1a7196bf511041ef9d0131778e40370d5ef599eca20925b9b6fc81e43beedef59
dd8b3d7f9231462f8e53ae8dd07d86630242f4c985847e1b2726043d7a4f2e27bc0d3ae1e6cd8c10272604331e9c9810806ffa83ea9d78ea7773579d
782724e7aab8369c6a609b47b5338593c20907b5b91a67756a3b90a39fc54804a8c849e89c06a253df046fbf4ec3c74d4e72620ca8c60c9c71f300cd
3d8d19d7f1ee246dad62f989a84072f8efd95588125e49312f24ac57dd010cbaea2d771a196ef40cf8cf35bb566697d3ed04fce7bd26be5c4c03c3ed
71cc9987ee66a7833815543796bcd8c2c17fddec9bb50ed27ab7d37471b0ab739014d31334645dcef45050b1533805e49f7f6811b41f62476b2f3d51
de3312c539b434f3d156d8bfdf697b4a156c7c2affa0d09d5b49af664a3b75e557c5073abaea9b749e5645a74e4fbfab14ccf4f09f4d4874b33fcfe8
a17f2cdab02a4d1b742438a6bd426dced624ecd67072b1b0677b0bfbd323ec34b8cbc42aa79c0d4209367405ddf87bb6562a3271bc295a4eafd93542
00e6bcff61e09b2355724e7fcffba657d676ea85679208a09d6bf61486c19a7e1886a51bd7690a15530c9cf02aa03fbfe797679a0bbec5f0b6bd7a54
fbf42810c09ececdaab2b1d8203e57efa1ceb86497c293cfecd0d8707239fe3b24a7af45e8218e74a68538cd43a685e17ca3b7fbabcb7c63aa9cd74f
c5a4fbb21513f3915cb011ef652fb53f8d12973c25aa722bc01c2fd805f8780d84e8aac52c10a2f5e21214baa9dc0b0aad9c7b1dd23bf8c2753089f9
cf3c2b172e70f20f50a5538a671835e4f612184beff18b64e66ea04bdf364d2a974946348b0037bd7b6979e92bf41a8ce92c9bbf4277732a72b3bc2f
9c3c08d6251740cfbcd0e30c06bdf4544bd6a414dafd88c5426607a0faa8ce694464b16b00a5ae86ee5da60fd1cfed2a364d37f03b93e95ca623078d
a189566dc6d1cb94216653bad0fb6207542883fdd0d3ccf0cc4bfbaf8b8b3e083448bb82c8bb1baa51ac480f9754be582d9b140508ecea14a168e055
57a041dad5b43f21cc5d687ec0787ccf78e5d90f1cd955b100b54ebad05f662637e304a8d6d9bc51176ca179270daa75d6a478916854c74d11aec3a1
fd0abd6fdadee33f7e8623b443120645b3c985e697d5cb00bc4efa815de41033eae952f3d323e90214251bab7c058f99567c315abed2bd4cfd5c606b
81e61ac0d635bbf1e52bd512d56ed1e2d6f2b2f117e057275df1c0af4e607036e1ab8f6801d6e3bca1ca79b30bfe74d2655f84e9439f0020a6abae6d
42497725fc6b421d114fc086aeb1f10cf6529bbd4e8574675d4f74754ad0a1f73ff4e454f6804d030f5dcdc0093af43e1cd48c5266d6c50ba5cc549a
977c08d62a6cb4ac47d86833ad00155d4ddd1188d0f1bd81436c675cc8bc41bd8255b97897446c5802d3a5c3dbaa5a01b9a301021d69b10081ae1a6f
afc5c1f83ba11ea8d05bbda049528d681c03153aebac0328f421ca4f03083a6ba30208baea360510748e41dd0a88fe1e078559405bd39e7d9139a46b
9507143a9b4bf592edc17fc57b16bcf07b31da04690fa4e66a563b909aaba9ef2e73779aca0ea4e6aad39ae0cc022436c099abe9e42e61b9f477bd84
e2d2c71580e5ddf75d0454e55db12f3a19409f8052de9f755ed8bbddafa2b2c44b8cd7af8c5be3d0819abcff19bc400cd8bceb08d24511b278680f5e
8249aaae038f1c19d096f7a7eac9eb708afcc88b2f0838e0c6d59c56601b57138a0536b1ae9881473ca0ae2bdca9d8028bbb4d9db257302e788110c4
5df57d65afd47c26d33662bed0c4bf1c1f4921a1d40142cc3902847880c0d20021ce3f9b28f87839262d93d567550c36ca2a512b35e90c65123cf086
bf2618468929e1056f28ed1c2b828c872fb1d2d445a49519bc16664a92d437e18705e56c4bcf68f7097a48d76000fcf0a876844b496d122011571386
81449c4c3f0010713293cf525771659ab7e7d98fd86f50ff85c9d16c4e2b780f2c4dc0e1aeac01c8f0a83ec36ee223b88ddaedc2efc9f426abab0840
d757f83ad99e1937b4350045bc27cacf880b87e4aff0828aca6e36ab0d326e270d8ba29968d670ac4ce06648d98c87cb18ad7f2f6ebce90b04c75916
d278db1dfe207ee01d67236b178a53577906ee386b1f5e322f975f5d095604c2713519cb9ada72fc3d3a6981e8a4ff9814d26797d08da88394590217
0e527a9fade97afa11871919688981612e80a52fb516117093b3bee6cbcc1c6e25f1babc1007f838ebe2b22202da893f639bf8b257c7fc8feb522ab1
382cd1748101891c0b8d67b599e157846ad95fd0bb4c8db22e930cfbd1494dfe8e7c02cf07f93829c2ae8bf977c35c76c96f366dd6a2b416f28c076b
49a6937f40dc9c27c2a54d5abed0f19a594bc04d4e46382cbca064a20b83a5ee586b295ddabd15334eb571bd090f5e5e6f6a3f114b79eadcb5649512
e95b2d225ec8dd8380b1e27ed3c172bf290a01e0cbd51be5b5f9e6b7bb991c62b6bc2658e8945d891484e66a6e8e258ca6990d4068ce46c52f42b2d5
f116b6502d52eb31ac922e3d719ae82bc15ca6295aa2652a6501e35c4d0f018cf3fec3261edbf6ab974e519559b5e5668479e9fcbeded8500c55576f
3bf5aaec4b9e5e553f28e00d1058974b0be55c4d1071ff509439d322391f5a976e336a19c804ae73560ebcb1661a0a71ffa2ef1677cd11fe6eef178d
5e02d8b99a05e036425b0f6e009c936123803657591ba0cdfb23ffb8706db5265321f83b73c596168eb92b5fdc406bfd8a7f487f91308163fe26eb4f
23df9d60c03f6b6003d9648af1dacc2b8fe12b926036a3fbeeadb62655847b8b05d5f409023d77a345eecc6183bcdd18356345d0607576150cbaa921
de5e45760bb893a33976b26b8880a02101c0e85d9aae173c5ed8a437e9300da6beb9ae34e4e8f65ad140af5bbba1a94ac16faede60dd959d9cfc5de6
6d07ab51bd0cb5c64cf9123b833199943a7ad5340ac22b6fbc8d0cb800fdb91a557f9b704b7be84d609397b3778b0d4bb700bf3213d1ad86596d0f4e
e0308c712a56248fa76c8f3ef111089ab2b91b65d1537bc3cacdfc7977e78306bafc01e67dab2a4a686f9c900d9a05137a54971597214d0b375c35ab
fadd06499b82144ce81c9336a41848b337514a0643df33bcc6e8a11947b41582165dcd647087a1123e0e5874357cfa9e4a051688d9f48f61bdf49dfc
d3e65302433aeb1e7693add20bfbfbd44d0155f5d668694651209f476c0b354a1395de823d390e1c7fbc8e0cc467fd8ceecb3964ae8487d0ee7863cd
2c4ed5a56085a801167436abe06dca9011f56a37868ddd8b645d8e3c18221cf7365d659c08392202fe8df6a8332850d2d518b55b87616dd0f7926c4a
2e16944bb249e0b2d11c4049ef12beb00f258e70ca7fc4064ea96803ac7435aee0beed13fdb8c3fb890ea23a6a68be6587cef3ed2ddc9fb8b7edbe83
69d8a6a600078cd1d588a9fb96f049df1ee51eb44c11a8e3688b2f21ff0275baeaba798b2f61024d50a7bf89a49f5c231a7622d2b4e8d7df0b1447b2
8933518adf9d537fa7832e8249aecd6077479a93e90be113b228d0290ca5009b3a293ddcc14691c500a7cea6d8bb5f75378faa5930a5c62f77ecb244
2e208d62bfb1161b3a0066753696ed7e39111ccde717f3d77989a6072fa41460d48f089b2cedf383a51d96c6b644571f4cc506bd03599d54591f3c7a
b44b3d87a789b242561994f2c87d11de00a34e528ec784285055c0a8ab970ccf115bd85ae1c4706b80a92379c8c3f5a131424f0ac2c838d1aef54c79
d0aebd3c02c8fa1b99bf43e839624f82783a8424c1b41e783324f9d99a7912fe09acebaa2b3358d755e733a1aecd3727bc7597233e70e6ac39fd091d
ddc9901d43409ecd8e877cf3c9cc36d4f90915dde5c92e2efdcbb64d13a8e2c1a601c1ae5e0f0382fd9d33b6f163c614fd029f62a41755e142ac4f04
60d7b5c4ef1e46ff30d7b476c727acc86e02acc54a9c8fcec2a62902de3a19a30eba75920b3e6ae2c967a928443f80aee50c005d571dad00b7de5f31
eb22599ac4f7c17558190c78ebfd15fd6dae1f3d6cce95bf63ccb3e75c15ea7506d0f59e1d6a250798be24015ced05f823cec3b6abfc41efc0b22e26
7700cb3ae9d0009675d687fc41d5f672fc81594fbd691ef8b3eaed3362867c61527c363d983b6ec69cb04db0ec2a593cd33d6601cd5368cae2549b63
fa21c8c78c83cfb405fa6dae122f7c00b03e74aa06b2ba6aee01a5fa6bdab3cbf5a29750025367efdf1e4cbc41652e055a18d683595753de63ba11af
369e60d51e0f919c5c1c0cbb4198b60e9b35cb3f974705a5f4c1ef66ea6a024c7555bc7d2e7922cfcbf1a1233e2b7a45df97bda20d3d794d20fda0d3
6aa07c4837a277c2b3a4a288228f1e395e0a80785d95c89e60e1c9e2eadc4c8f2c7c5ada059f76446137d945998ffbc2b494f604fd364e1a1eb821e5
83659da223e043c81b9fcd1b8fd0cd81a3de03f41f7b427baa8cce3ade33b23a20a83f15d5dff76ae85901ec7455e21676ba9b1d59a8e96eea68f1a5
8bd1a4e04b57055cf0a5abb7f8a04647ba2550a3b327e30d36469f448a4ef151ccf9e00581bdfa91826ff745e5a6fb554cb40dbec8f57c85e5b79971
1f18e8aa890618e8eaa60206faf0361b18e8a473cfab63ab961fb19fbb12e37bc4ead3dfc32b1aebda9c2d8be921c833589a0d8ce7f283efbea6a034
4175c03aeb05027cf37eb17834e23fd89a1c1431bc7a16bec6f04a3b0076de25284e0a8fa93704c8ce5586f166d7ffcf4b8d5763b5e1f0af09a4cd40
ff06f3e3ac03fc9c8c577c73cc05f317fae7f0e561c2fdcaddc8008a8bc232c2d74c51fe6a55d60ff63575259beed5bdc55cd4afa92bbda5108859db
d21bec6bf8b277b3a61e3099f78ef08f9862a6955b506f5b5e53391f361853ec4b9c62fa5b9d6fa6243456080dd0cdbb115f146ad0a5c06b4eda2340
68aeea556f737b41ad5f6370bde2007fb9d62881d7b6dd2207a6de0b403167b3b7bd78b38ab907ca728dedb44dc935f61931b49aaec5552e26051057
b9a97a81a55cf595004bb9c66682d96925064b7977956e105c6be4d03b189cfb92141bf35f4dcac17ea4b502e55760e4a646f78ee8958db077108ade
19f3cc5778bdaa2f838cbc4bd0e28c6ed18a308b5ec2bd33b6aeff78f7e01f7b05b2dcf99d6e0cb7a2a04931d5e6d6347532f0c8bbcb544620ad02fe
7b425ee00ec02357558857302553e5bda600134a0848e4aa2805d8f16ed06aa341c6a501d94b98178406333500835cd59f813e1e7a28bc11f982b206
0cf257af0d1207a37ef18a9aa4cde91504d1a4dd2f0ead9a995fe267e3ac2df7002bbaf0a57637e9dbea45cd8b32ac282c407253017e97760064eff7
767e6802b555b9f82518258671c77af81107d571df9e47a90f379e6a000221eb4b041072d603ef55c9cc7f46a8052eb2773d6f586965560f1abbbb06
26ab10f2a25d7a93f5a25d064f78dd2548ada022573d350042aeb11caf8be6efdfbc75831b5fb86f5c9680835c8de010fab8eb142cf4f1e195ce0b27
c680d57f1875071761df8b6d0f9e6d2ff1bcdb235944072c7930b9df335b640fb4839bbc2b3a7871052acf9e8ec33f5881bd4cfd77d85ae7190d39d1
82d085d8ce3a28c815d4ca0ef071258aac837b5c8133ed601d57c033bf676cbbf14c639bc8f69fd99f214adf4bb6afbe907c67d202b1acc8631dd4e2
1183432d6c0edab854e0c4fa8fe8915a18037c13c4daefb9f8917fc4809857936476479163d268c4c8540228bf17d7882225ba4b174bd44c33e4ac18
18d57a20144f27d17c9890f00e42f1be0af6b3cb3274ad28035a44da5ee94c65712a7f98f2b9bb08d5039c9879f23fe383de8110ae80e47520847709
ba8fe57590b7bb8b153c4877dd01083eb2fbaac5e8fdeaf12b2b538f63c28408f6775343a061efc36009bfc2eadc7c2655e3c1a04c4b19cf12064768
8aca6ee7873b9f6a4754cb084118f8390df8e03417ce388b49735c5792f5b803df9bcc5cdac5ef2dc4687f2f52f6e4672ea2dd82cbcc1a2f9caf28a2
e494fce3b5080b7aaafa575f7096cd3e437be277fc94e377f65665a6d1d6aa6b7ec519f9cbc4d7c5ea1d3fb7b7aca5b2d6570c99393288a23b19585a
c93cf93d4f1813534f3c05a6e00e40efc091a7838f5bc8d9fc3d7b4cdcd9f8dc6041ff9eb99c4c8ceab64f6e4c60744a77ec9831abbb548fd06e3fb8
bdabee1379837bf18919e5239c3ac7cf03277576cbbda6bcf4f974dcb4f75aedfe0370d8ddabc40bf764d0d7e317e7a8f3e236633f1c61a6ab7e36fc
a7f0e2407c8efde057f631d9247a2f74f508d5857a0f4bfbfbd6a64996de017eada0de74715f1bc6820ed6ebee882fbac5501a92898adf03c675dadb
d03692ff5817537a2477acc3dd54532cd50ec2eb06fde62b3c32f101fd9e2567d93fbca9a6115c530eaeccfaa1a90b21b983a65ac8bad40153ddf5fa
5564326315a0795863bb10aad813fb516585cea81981a7c5aba2231b05a4d5fd1963c451056c9cef1969a633aa2ac9cfbe7063387d76a3d847cd63d9
d2923c87ab2f25b1e81dccd50a524c0767350342dc8159ad64abfa9e6ddbdfc9a239acc8fb377b6e0a3f3bde9c04ba8193240efddf4cc89edc63d0cb
eedc0e67071e78e0b2585d8e2119b6af4329cee264cb0324b91f237c2479567d81181dd8b9f059e84788e89e9c4d3d335afef7cc50dd70d3b3e25a92
f88e00947ecc985a1673cae55c005c37b2a7e08c7150044bd7f8d99393ee8ebf24bf7e485721594708dc9e69046e021dba30a51389fb7bd1fd76d235
05eb416f2e055d478cdb05c80afdd8b2f4404beb87f233ecff3033fdf4b42eee6aac6959abbfab3679d475ad9f1eaa6513f4964432d33e7135549dc7
5bb5de8da5f03dfca8b28ffd48bdc19d8f0b05481edfb30c1ee9f2b85d92e23f12293bb2c96d29ee7682c4ab7be3d1bec290cc1163b5448a911cf77b
66fea7658d59a6afa0966597dc8c754a9440915672a5751047779768817b96eac9c413bf4ae05e5bf01b82462456d8ad8870e9408e6eecb41f2f0db3
4ee3597ecea0c108ade42befe08256bc487bd283010b4017f4b361e7fe5e54c2e063a27e1ee8db3d29f3722240fadcadfbd56b115a34940a35f97b61
4f6f1da083cf99493dd393d15384d67f2f7bb46434fa9e6f9e195448ba8864807556d2027fcf89e7cc7371b48517f2d322b903dc9995d0c5ed2c3855
76813b87725402500c87e20e7067ea4e2289dd084aecc073eed23461d6959f1367925794d4ef458e8a44073e67252969079e339336ac03cf99f1a4e8
407256f03c3b909cc237f4642435aa68076c332be980b5b93b42cf6b2cb3ffec792685e6f7ccdd12a7527ccd89cad9c1d71489a083afb9aba253664e
611b82b5b91b6746b60129c747268747f7ed226f66a76df387f2ab7e247372f1b931e1a6ba03c2b94bfbc7e43ed2675963fd2b70a383cab9bfa49bc0
6e37a7088b12b933bfe7d8bd4c6a5778712ce07526bb8f4d89abae0e10676df6b22b25203182c49948c2fa3d1f7c44d3989748f1d841e2dc9d67e237
f3a9cddd87bffca10897c258647b4346eb30a675d146d8849cc8c9fe71d94d99c6954b4f9a7490c7d269690a9c36ee37d298ea0b640f769c8c56eef1
121da171f29ae0ddd4d3258bb2ef978c80417183d2a40c972ad6f0c52c817e34f9c89aa45db480a526e3edffbd282c3b563d175c0122b49a94841b90
182aa69ae6418b1b90e1472a9a4863006a7ed522cc81a2599b9d32997a3c3b0a3a25a40952563263bab28ad897dd4502eef28780914c89aab4911e6b
629e8c2bd66091c8809edd840ffe25f13b1e306e1d212ba3da6017d91796d211c12e54e112dca2b9d75e5512049df4865395a58deba7ed9764aeeeff
d7834d896c6a74ad0b39180642002094b5c51f975ff987b2b55f1d52418879604dce7861a1b2cf0e24f3ace7ffe019826fb5184f48f5f23d6b578cc2
7b477209d1738aeef21509c9b57964b26d909eb10353f91d93ee8b141f7904a0ca0a085e07a732e1ced281a9cc04b57ecf6e9d28cdd1183ebf74908f
4259401c01bf720fdb1757138696c93b4eb46a07d8727fe58bac079e0d7ee57ef993f2816e59c9f1d241b73c92fd171e9ac4001d74cbe469ceb02272
e674902a37d5a4cdaaa9cf6e561711be96ab2601880ce092957c211d70c95d9ec9207e2a3b314de75a986a367c56e318b09195f41a1dd8c8af5e1bc1
71bdb9744d0919769bc3fa820c9649d8499056173772fcdc0666c880e80315595b3c63138c02b45dfd3eda66a371bf40a2860e526425cf431729b290
a4a06769feb45323daa60d437109beef224272f7d30184ccf2cbac7779f6d9133a7cc1d204a5ce66e6e49ab003fcb85ff82738007c42e4c701de44cf
61bd814567af08a053597fb73826537e37fcca0d8d4c0d7ae35e2bfe3935887936cc7941a873079af1d0dfae8bcda819416cc6633a15a7e4c6732322
e3749817a200ec2c63960174ad83c8b86f90e9a5661952957d2f9e084f14da8828681de4c64ae682ef7959c43f36aa98a6c17cc9b03d01c0389295e0
7b26a40ec20e5ae3fe88fe2ef7b9d3badc2ccccac22fc60db574ddf51bf7a9fb239419679838aa9f444966e3e9c32a54c838d081711c1ab802c671ba
24064fb96fcc7e39dc5077cc2875e1b2d61c075706b8f774611cc7cfedf8107ceed67e22a09e5e3d1e1206fec4c0fd43928f4a929f689d6e91ed8218
e00eda63c64bba03f658891ae9192b54b32638d75798de7a49e02cbcb133590eeeeb9b1ce275c9d16e72f0b13fddfabe2f15145d456ff60924fb5e60
1b76ff953fb35a45b734eec2be9798b1c68b6ef099e718c1e085198b3fb606a1a656bc766037833599b52b153dcc07427c39945099d5a2c71a1825bd
a47057a78d64c0065f1969ec7c17b919270ee8c7a1bdb2c8cc08bfee603f0eada7403f0e4d9f250c61ddd21e98c3c6dd50d3e28864765e3d0a065632
01389081a28bb703dffc2be339d44184cc047e7ecf6e1a47841f19690a3a289095dc02bd1425496be5261d74a1ef392687519498035f82abb04cc26d
1168dc4191dc2fac6671032018153dc688bfed42470eb02f7a0963193a6fa94e2fcdd4a89909c231bc39c6d0982c8d9ba69b81dc5344f27731240780
1edfcb26e7aa06e04956352ce0248b572ba505f9a51b5c54b4782e64d7f1b9d92516b0d9259f995d58446931094c4fd3b935fe91adb8bfb97c27fce3
ab1db2e884f698291aec4a55ae3361c7120481290952ff9e39f7f097820dae0c3780dcf1701b1bbe85120ecae4fe836a07bbb5f911141d1e12f0935a
7f849f2c6ae1c04fa62376e28cc5641ebca80027e47bf14c205c16308f077e42bd841dcebd650815e9723b18949508f10e06e5d0285fce689f56ce18
17edab61d97dd24b169238f5220f3d3cf767ec595f909d86154727e957c42b3b95a764f6f0c545cd7fb9bc74f12a8d1bfc5e34bb38eb286d8ace25d8
2d32ab8895832cb3df4b344bef884f1e87b447a02ce98d3ee64497f622340511a51dccc93d065fd897f0c20263d42bf57b61f7c1e6c09c4c29ce010c
30799308ce64254ef77b6e76c5afdc40875f4960112c0b9a58f2eeb060cf232ddaf7fcf815cddf312ffc83718f80d62e3665f5d892019278d62e36e5
544f2d3aacd95fac7e4d6622c2d5cf7d4196e82663214d64f27eb13c31a756c57ef34c3dcce921e1c5c5ad499043f54328069032ab4817d5404f88fc
d3b3fdc61ad2915715adf8e222b8d411d4cc6e07857278735381c222f8ac0348598950ebe251123ef63d376bb2f0e28f83e79be7ccf3c333dfc0fad4
3a2b51cbc94b4bc02c2bc155dfb32dd08b43bfb2620955b761098450ce4cc5fea85d1824cb0cac4907bdb21298d5abf8560852d5e41e60b87c2fc4e5
2829826a7964c5fc2ac0153b1758cb5d84e1e1fa46f69c0ec665edf1dc1d9225cc4546cf01b84ae06374b02f775576e52259847f38834c7322672a04
a96ea3663ee29934557027a02fe398d4cd9893840a14ccdd1ae3e65a1faf8d0e0c6621a1540706737fe40b4657f68a3098d951677b646b9e1744df5a
6206295d3caf16274f14014cdf3373e3a84bcc0d7515cf6eb2c4e42b7ab8efc3aa469e8ae153cb4715d0e2f82b9cad0baa494c520754731f778622d8
85fbbc46efe94be53ac4150fa920fb420e0397a9da7b774c55b2a38d6a87996a5cefbaab8feb1d4ec81d54cda4b10454cd3d8bd6fa5a2b35919292f8
e7eff9f00fbe2227251ed0dfb3b3cbbc898381180ddca6f9323a889ab53bd1cdb9f57772fadb0dbcd1bbc341ab366eef7b61fea247323f960f970675
9daab64d028a0e1ae77ea104e2817664a0396b8fe72a59f3237645b22ad08ddccee8e4dd317bc147ba812e68e7c045ec7b8160497f7488205fc0f792
284e55242849de3403cd59bb7b6db05cced3206f5db7c0b2096be2bad589450221bd7baf21804083c1ec3cb41b56b2597777cd8ca6293d353b7afa88
dfee4ed49406db11d2596b0fa8674c27bdc5ffaebb620259a82202c159bb138258403acc5eb5c9029ef8bd6c495a171e50347371d75dd64a07b5cf0e
89df65ad347d2945c1cfc1d0ac3d6a9d101aba71c9d39c5a7297f428e08898da0b61447ab282d6326b38df7549dfb24f4cc78a91d2417cdaab3471c9
fe3dcfcbfb639a43c4e8f1bb8ef6d5aae807fc5e08cda65a0d84e6ae8a174cbd3d9eb37fd0389814a4befc9ef7bafedc2db766acf8c3eb4d4bb3d5a2
302919dd2c7774cad2ea05f10f2c0ac65c1f6707e60fce66de0ebe7f513c44946e6d4f2c27b3a2f67eb8b6a26d7227584d00465affefe5f12b8b48e3
3da7406ee91703f6e6fe8a22448d6901177bb38cf88375708b7239a9af52f312928401df0bdb9202626f368d184d279423be7213343f8b91545e7416
801e02b959f5fd68a164d37cc3b74f071a2036775d56cc9660e980d5dcf5d27cc82310104136c761c587dcca8a8f1830351f5a4d9bffc86eac1aaf3e
fd4504ca4c3a4d009459751e002873673fa363b8d08bafd641caacde388094b9bfa2919024b2ffa8deda4bae3ebd4d6f599dcd56343a0350d205bbec
f1ac0260274d0b5de31f660f4d1d7ccb5d9cba8a723a24a90933018e4d07d5322bf28b6a5986ddc7e29c746568e108632f150fba5fa97fc48bdab5ed
8742ef4e400e884ecade63f6b800958eb5eab44212dbb65867ef3c81afacdeef825eb9bb4555a8ed3d0ac419605491f619c5a0b5982fcacb65bb5f51
1c95ad35d7c4d5d243103c982ed264194e24eab6f7622dd46d47450c98b756e04eee3f982dd9261cb8c92aa1a9404d12f1ba9f89bc2c5664a7fc9d1b
1ee7b393f40683133093d5eb0f51269b96b336b047da23b280799b01e46456eb6dc164b37f989996de917345774fb128bd7b6868f63d1a80ee217535
addb8e92506e2257bee758c73f6920d09455ab7b9bf816ba7c13d7a5a859334834a97d8b6e4da530d85bd3f1065c80efc50d8e5104ccc9a19f508b08
701b3c2502f10fb32b0d3b252fee8b8ba97699c8e14c2ed7ef59ab8023be48a32c6dbca25adab83084b84197c2215cadc1443599373d701cc772afda
a9458a366415312493db7379e8dc6cb82f260f87a160ba4b34b3820d3b0247d52adf82a34ab16e3be2b3a7c63d06cea446f9b619670642a98339b9c7
e71f17da99a5c9dfe5c1843d6af1066732c7f679a443ee74201b344cb7471f265a7810e0253cd8b8b53f834bb9bbe71f9d3f58ef474aebb922125b7b
6f13d6416fbc00a91c767cb3cf4c02cbde0cbfd6b7aebd1e2717f9853aa1478152998382be6a6a306fa1296357bc313974119f9f21097ba3717ac265
2d59713bc093bb44e3e54038f28f42e9cc73b4377861e4517af07cf08c035eb7406cf4cecbc5dc4e9ef517a83cabd370667ab05134768024f784d2a9
43ab1066847e28d30fcb38408b281973068492747681924cb234a024b3ae363d6e7dd9543d39583f92a341a23b97bb5aba418cdc6d5b425b195baf27
693f27b69b9779d84a9616b1fb008adcffd04c76a920e53d1469bf925731429c8692ee1cc041ee120c118eaa51b08b0c4d9afbde83558e3f2f7ebb19
98bbd5b1a8c967d928db59b0c7a991a4d7688889adee7a4e6b479fd546ded1673522f71afbce9718002fe8aa8dd3074c631f6e846dc0ce80aa7ccf4a
73ae361ea1eaaae0376675ff1e97c32e0b97c31ade0176dc8cde26ec94cf0a762e4a9724545f92ddf585b547fcea66c134000410c63d72c66104992e
30403256b02c3a908c5573b6908cdd988c1e6e3d70141116354e83aa58c174e86027560dd0dd6c609a3fbb97b5ba0f0097b8abf21fcf06a6a33ead8b
f1ea504f22e40efa61d564ddd51a93a342531cc93e9e24947282c534d29110fcc33da98cfd8cc4e116c18b391ab991eafcdd93d22cee768286829958
35790399984c98da4149ccc9e378292ed8e005534074e811cfe52a5cae1593cdddae36dd8043d42db18355a0e11ad4c35d2d7f90ab44fb6e0f971fc9
8d6c0b7e261ce1d4dd103cc25d9cafeee8a2ff58177d975769750077b06a740077302b05023b58b50ef427f6090da2cac5f4a0ad0d09f0130b45138f
a942fd48fa82ac07ec6036fca41bc0d5fcfdb4b425962f366e1485cf6c1fa931da9df6a900241cd2066109f4ad0484307911d4e3da56a2f16ada46a4
00537037c840d0f514be810b4c5edb020bb873fbfa470caaf132fde7e0c5e23edffe917871c7f5bf92f76db02cbfa41839b85449011d3451c3f78c93
0dc630a005773bf4f3903ac3f246623343a941131c32f440131cd0b0112a5dfc438634db23e840abfbd0d508794c04c1413aaf0d094355100e4003b3
97dee0048a21b1314dfc8869c9dd15a20d988c7ab21880aa96c0fbed4d4755a176c1a300f8aba4a8db1813f6c43f624dfd47d60bf906bb6fd4286eca
574ea2e07da638eb231809cc1798bddd493a86d19394a6df73ac23e36a4e9d4bd2f0d2b2f9e615d2f40f77f7e13f842a36ff582817f451c4bd7f2f10
471bece4b28b674402b472a0f486820ae07955e517ecbcdd735667481f9877e27f55b0072e3c7a788c11dda3d6614d744f274e57503680a50054bc3d
6abab479422e6e3132658016d587ce3c808ced1cc77b27b97bf69d66d17f65187b25c31dd81455b441c5db29af7dd118e1390cbe81540030de2ecfcc
626154a31dc1375cd8536f64ea3add24d00a01f0bcb51ba7adfbece6893ff060347e0e30bcaa762b185ef77a6c5cd11326e87227491e8844982d3e63
f3c27680ba3b549084ba1b24c7ed40dd5565f2e125a5de42837005959771c52250ad6a944b4bee2b856a21f0482cf63d6bf61f7e14fb938eace008fe
c33c480c08fcf2826684e604931c2b56840112d54052ad0e0a5e55c91fc18edc64b7b370fc19eb21449eca1e10797b5ae8cdadc02f119171b9fbe38e
d4c3763b2f6e96b021c269c7e3bd02e29610788a8040e0650de923ae369d98c785b000772e305aa0ed36b42a7d7ca5014ecc6be7fd2afa4b1ba4622e
841f77f1ec8afe3040d8d521d5c1af6728688e3746b2fb354d05e945e70c95a8f01cad0c5e181562dfd452d8a284d7005445068e01305b0750aeca53
c49353880328ae4a81008adb4d4c5edca9d9af96bdb238945137946980844ee613709aa4f7c8d450a87bb078711a53a7e640dd2b048c2373c4f7cc36
1c3eb3240e1d2f9fa4dbc54cd24f98e0149286399d7ab04ebfd2cfc75b4d60e576795f18242434d0e3f4af9a19ef62382d4872fb8fc68b415c7437c7
7029017cadc2c12ce1f6cd73f223ff2836ee3fd57a6944f0b95fd405df4d16c15aec2c16262bf98d041cb97c127897741999a4ec487a89cc7d53983d
58b31efec10c550827c7679a145a377cb0ebaa5c7be22dabad191cbb0ad6c34ec465e34ca21ad7b489bd3ae43deec0d5254d70138fa1e1efcd99a231
e1ea382d80d2a5e28a37797cf60ff2ed3ae72df68b355df69b3e35a38ef9c33b3d30e33af87159151eccb83dcdbed87166503c011d55668f53645dee
708f94aa148462627b34407d0a4150fc1d3403c8e1c4c4b8ef6ffe2080a0cb5509ed341dc7b42f44f10994d0c19d3b48d9df819dcb12c6b99973d664
08045d32e7dc4e57e10b1d9bc82a1efb190792a943792bd321ea71346d505ba4276f464fe823577ef282a99511b4922eb89cde3262cb4988a73c588f
91792abc221b4c99b08446d039c32ac49993e082339742f605672e1b2107cc5c8f2dcac5a0e41698b9dd842f3126e6e48ae9a58b821414ab7a985d3f
7a51fee91459adc8fad9a74cd7a3b9dc654895d34b3fa3464093dbff509539278398103fa84bf53479951918c0964b868d801b974208172b2e5abff5
eca1577750355f2ad5525a2723a02fbb8072c56aef68cf3fa4a3515c3aeab4dfde18f387664a1d4d2666ca29f9206364d29d04e4b93aedd663e8accf
d25ac4b68963aed62401e982a272b1a73fa71874b34581cb4ed9c4a284a515cefc8acccbc5d3fdbaf511a8a6da1e591c3bf0728776d1a9fbd0011905
46ee50e23f8d1631fa06e4b83d599d17fc65140a4e522f273d744eec8e1ed5139db09880e2345107c89d5d84396595335834fd3ab9ccf3e09db06bdd
54459b2ba69f00552e1b032aaadc00abb2832a9775ab04492e19b07306bbaebe90976ef88c0867ee0a90e4aabb0f24b9ea913853cc22d5a6182c634a
12494ec5e9dd9d192a80864ba01a7dcfee5e448dd3f457dbcde00f0a78921b2be63b9b1a8fee8018145dcef21db6f3a96bae414322c74d7926d07135
d6012326c826fd3414c5b1106c1213ac0ecac63e31676abd3db91234c0e5240b648cb6c459a7afc1c6dd35457320ad859e8ad27aaaa7ea02029a5cfd
576259dc2238dab8a0dc0e027af93dabbfd2117c7f74f400496ed74ae1eab947de3babb3c630aad4b65a5c3d9e037ad658431aa92a59484327600dbf
ecc66e7ac550718b2629126c1af5ed6c8e8a8e85f60ba73a75e67537b66891bab84334b7c2d9cd1a46e9ee2677339372441f5f20e776694bd81e03d1
2ada2dc09972fb05f376b6c81aa9cf1058747b09a9098479a5857348d46d8fb45a7a36824bf7a9b33447307e3791c429c27cb3235c179a34e10c1ddb
251c9e1d1b994ae3c84667306c5797b4d0ba859f306f30cbbbf075d3a8b89338fde95ee2e6d04407c2da997ee19c768461cc98057a68e62c48e1a947
70cca18ebf31712793ebbc9d2615a07f865926a914a1953af2036b9765d627e65483f541b8dbb5322378ecce162ff69cb6f5de05d6f67be122cf6178
89d8e2454da95b1cf205f305f0ee28ae13e194c6e19fa8c5646bed02e1959811ecac3a729fcb9962444bf1324a9c7cc4f04c0fed1e36fcd29bc613c3
ac01e6e70a366a09fbf717366f077a6f78af716e065ff4160586afce787620cca89aaf9e4d40ef65a31541deab866801b6d7bdf83d1f5924037c4c9e
4c598011b4509de47636c90f207cc3cb91d31b45905dbe97981d5a40690e22fb2826fa2c7b45f6391fbb6455e4e27257e09a63d8f0195cdbc57815db
e4b46fe05af08ceba794f555646010a484892df1c6cc5838a404da3676c618cd139761230581fcab062303f257adf6fa311fcd67d578ced8a5f70e27
57c03f236400fcab46095ea4df322ef93a54db698070d2aed3dc8561b778c400ffcb6a35e0fd559714b8bf3d223e32510c869d4bfbad3e58d7d6ae93
8917ae643e009fa3e37ec4366f3ec7425a95640a0302607f7ba20a2fa469b6ef29a69397ac58c8debc42d7cefec3a685ee5f596d17b33a9080d5e059
1001abb1a200ff253da304fbeb7a305dc1ac31ab5c6ad480107f2f54c51601e12fc7f49618ae250616540b900889037089d7ea8492a2c66841c0feaa
11a3978e39d28dab1032ce8911f8cfe0d10b6d3a0ae0bce3ddaa1880e57027e082eb45eda5574f8a17ccec4e0d18ef7a2104bc9fe40be8beaf04aa35
d87dd5d89a2bbc65a75f41cb9ca7a64ce4f203ef9ab4b383d757bd08bb820917ff60bb0d9fe10d5ae385eb2b1249e0fa768b94ef1e1406d2ed16f369
5682ed0cfe07cdbbbaf4de19430fd7d5f8323581a96680ecdb03a007433f28ffe808753ebb97dd415c62ea22234e9f6e76d7900342882e72e1e8b072
05274697bc048c95e25fe42cd043e622494e76dd27498a914d84fcfbaaa58dc064b030872d9e61a5d80c2eccddba28090538347e5cd3e5614aa71db7
00b71851807ebba54fe517a9c71961773c2b9f49d188678d0321349221e8400726bda42fa11d64618116a8cc7b9968c73da3795b87422002aba14740
04ee6158c20991245e1e41c671c933a388baa77388762d91bf00b4d5e5e45a368820762d5dd9e9bb71aee6ff0126b0fde259933f4d2ce56db7085c3d
8ead49ce4cc324b0a07e346007561d452e79b74342cf1e8055f74bddda2441620116b3c65c779c3ccb44230c24f8b5a46ff3e8e6edfda572ed9aa336
6b9ebd365f6ede825d8fe3a3bdc78b139773f3e2e63dfef544737464b3dc626e888b4bd20186f1f7a27a2b55db06eca665f97a69c393b54dd64ddbee
f5da9efbea75fb4859829d4240d656a19bdad322fab4ebdd09c4e037f0ee4bb62b93170f36c47369cc9660ae1fedc7575e514080d64fab4df11f658c
ee3f4ce9e13312a26acb12bfdd2047f0069b9e0be00d16238cd7e144f85cf8869a0e27c2ef2531701c6008f74be3e5d9d62756044cc2b6ed317f10bf
251ff7826e45c82c3391ec0b3527cf31f47e2565d7ea57f6cc3f6289e8d966e4cd2896b5f978d376020ee2aeca3f345a73da57b06e3884a088dd8c5f
2b78375c4520c4624a1a80109ba622801033c00adf33cb902c4daefeecef9b7f460f0b5b8563bcc2305e7c61e428c1ab78bed99babb839a041a2220e
70bbbf974511ba1e7a33032c2c03621f30884d9965d5182b1da9ac74f2d9998603aeca59700e4c3d94dd03dbe4dd144d021f51b1167cc4145156abc6
fef3859eb8cd9a8784c192556898bf69799b2cdb588d6e797a1a5400895588c4a2bcbccced99dd268d59405c0b58c47f2fca30f081e5d57276cff4d8
7e0cc5e0581d178149cc5eacae6ef3742bace6f1c241f4b26c75b7d6b0627535b7095ebafa712dade3f66b98379c210e56dd6d3262a1e9af99aacdaa
009661aef1076e96f67090ce491a324270e18fc95cc3e8c035cc9ac502cbf0df1f9b8d03cbda812f4cfaba835e98a5dc801426239ad694e4b9e6e8d0
4a13ebf4920e8e09606133271980854dafdc75bab07e437a7558c03ae5279ed3d38810d6e564bb49604fce72f11b4e990467abdf4ddf4b210d932228
90864ddf52200d9b59c040346c3ac5025cd874a404b8708fcd9aa46fc850cb8c14aa386017361d23c12e4cb1d4c6d16e65e92fcab7581909f2a26392
b4258ff5d02e769ed471c546a09bb0ee191fdd96f00f2e3a1d6fd8ce5db4db36e8655c46bbed0d8c399001c12cdc2be83f5bcc8cd107836f9667453c
28c1ec912e4030dc69812cc27974e3de8ad992c76d62cf0a724b0b3be2c53241b60cefb1bb7cefc5b52655600bb312e10a251c81693d7245b43a0009
9bc9a6001e6cfa128235d89408d62b7195acc8f8517297e67249f30b2341895be1276545da7b76037718ce0bcf34d67c96cf675f482ec9c4de646295
d1de3f1bce3cdb58e799ec49acf0fdc3e5ffb09e58545e0e5c0f18ffaddbd48104779bad49c76bb00bbf9941f8b80fd3fd5b84edd5fc48a2337dd9c7
2ffffc68d0590b7bebcaa8f1fad5462fd6a1ce93f7c1b237bbe1b243980041dc7da20457e206c5dc247a35d4f9265386114c778a7ed38d14fdb3b48c
866d736b8a67596e81286c3caec7a77f4020a07120201619d08dfaeedd8d60885d320518623339d41d01b9b4969933fb84c26e2eeb5bf0e3e1b302a2
a3cb6c45a7c0505b9daf6e930caa73dfb80b839efe3d733c7f3e17e6c9022e17dd286c9b282b738642de8524e29cf9bb402d11f66f8ceb3acede2688
6a51ab33c36c2830e001711b580b21bcbd2ed759f5aeb12c4c72f53a68fc19cd7b2b4e202bde86e0eae37a870811ff28d7149ba5ffc38674b5281689
7de5570f1b94c16c79226b52bf49c1a12b1f188d4d3fb55bb3bd3eb5e2329a21445cc61d05c30b34aefb47748a996fcc970bdd633df9aa037ee0cc77
770f053a6d3b5d113ccbb26d6b7e8a6ddf2539d2102d02c3672f2aa32677facfaa6041881bb7a602b3f4de23168b8a87428df46528d6bafd86066849
95213f5a4e6ed3790004da017a6cfa8b09e738b572dfc3bd422b53ef2f29c974ae29ad55405fd6db6c1ededfde3344379ef7d9d12f1aa0c6a65b1740
8dc980985b8fb838212181487cb604d274aeb94f1c5f248e0a1d128c933eb936a7fe251e9733fae457ae336ce356d4909ce21017c7167f3885d45bb1
430270321f92a42d82343d796e9ca8d59e808bcc467fdce117e771be0824b1e18b633e2d2ceb8379812339f42b0746b2e96b143092b1892f78c8f079
ef176d77b7128b33c3e581c630d025b30cf8165a43ffe4409754440238b2e9542656a441aa42451617450f39ed6ac043261386090f394d10043c64d6
e2043c640292b5030fd9b4e4df26ca72ea6f17485a7a3b6aba61da5f3d40c08a4cc69bdfca1dd1f44d01c6b0c58ea66310f08f39c6b3eff29b0667d1
1f930eb537f147395bebb64a34dd956e333fb6bf7d99ef105d3c7ef8d9e9d02150a489786e7deebc7db8438cf1f890493266114ff0ad87f26206044a
bcf2118f28c28e7e4d20421665fcdbd85ecd70f71b0dfad54589fd95a88ec9ab8507038619264078fc64d2c1332bc52606d47157db7899fc618193e7
83675aa0b5e7882dc64771b53f7ca1e7367d78913c2c123bc0970b5dc512cbde4e5ea40fcd176c9cd3ba200f4cee13e6064e07308f4de720601e9b1e
20a03c36bd8c40734c9afd4073fc5a601b3f494f169489c7c41f8e49e7f08ce0f02882e886fbe818307dd6f400ff7eb21da12ac40e1d0e1ec48ea413
f083dca13f87488fd35c510f46085d30407a6cfa7980f4d8f45600e9b1e97cf2689c987e8fea02d57fb8f94f3a163fc02e9b1510d0c7a68fc813d7fd
f0ea27ac13dd128daf185ddc3e3854bcf68a3605a021538f7a2ff5169e7196830a0313b9fbc147d51de9902a91ac767d9b2d92016c4fd5b5cc6fe807
7c4590c8f012040db2e98a01186433e9c55363dcd4bae5876e069e47942ccdde4f080d2e4c73acfee1f4d38fc6f467bf61fab3b55ebb56b744435547
2a79c230317d892d41e97fc8ce3c2b6fc54bccb92f9abc100e9e6ee38cb5b3de4eceb64b34afd481986c5e5a0222b96b62d63a87c419d4673e76c540
1ef77c63a3d817c27f50bd67dff607d3026eb27939f7e850affdff19ac014c08e8c91c5b0c9385f7694fdc424cffe06820843d3396c31796c3290d97
3df788c15799f91121ced45900c4358d16afe784ad0758dc57000158b0b8011aedf7a2e8132f4e1d64e18d73c38e7bcd7267b4c26b963bede820c935
ef22de2223f7772d063060f0e29a96fab75200f10cb8b8a6d91c50b8dd13daab92407632b070fb1f5eb0ac55cdeb6f9361d9ada64c967d61fb76bf22
8d1a5bf935576b7c23691dfef1708140b7ba696ef8bdbb6b867fc8d8e96fc7bae4f4e07f5a9cebce98201eefdebbe12d06965bd304febae3a073ef20
450e241a28b7a6cd1b28b7a6711824b7a63dfadd9b30eb0129aadb347fe5eb8e74530c0974b605e2bda3d65855aaf2662c734e4178db13eb0b0bc651
11c76d18bd2f8e5bd7f004765bd370fb9aa41574cc0e8e5b138ae69d9c0737d8891f847be254821fbe3021aea3311e3f0bc49a3240fc4b4169fc9e09
d44dfe2edbcfd6e4a2ba094fdbf61952e03a623153d67d01da49bab602e2d6b450be8aa2ee0e4c69920b20dc36e5a68338af483e5f8c64d50b08e0dc
f657cc013965b26bbc3c4aee2eefb0f42f05abad69f579174e1f70f7179f93eaa5c56b5618431fdf5bed9aeede2c99aba4d0093d02c36daf185dbca3
8b7c855d6a87b6fc41f75e25499716e1717859fe3eda397ffec3dc39f14f8c8bb1708fa5510344b743376610dd76694a708f65a6bb976bacaf0d6685
6b2cad1d40b435d57510dab68dd517621c61adc0b565bc0c07a06c99808c01265bc114b601cbfe83857bf242c2c82da76c00315ac83c83c1b0a77d00
dcd65254a4c572fa32ecab5f9dbe58fca2887fb067a26dc9d9f423d7f6f01f0f67a1c8962813814b0380b7fd152d2250a22c6f382d4bf852fc8a8a0f
6d7156d5ec965f7574351ac4a64580e4f81960884ff1f899bfbc4d8a2350a61f7395a20dff30c1a033b725c7461ce5f8292c961f7519bd9e0ae57116
fdfe617514041ba3f2362a55ca0b818ae97a63ca6061645439c88f75a91f4e9acfb11d6812b930395d86b8ffdc0fc4b8e37a317e0263e0befbbdbc94
e0d9043238e08e808c2bce51894ed21724c3e44c6cf9af2567beb23e4e0a3e205c720c20de5ab283d5efe953c56cec76a87683c6f013a9bf78393019
d0bf6603cc418b1ed18b16ebec3f349798cfe6dada8f86993053ede6740d9174278cb73d4a63e84168de79dd79a6ed8e426fadddd31f2fcc46a21f9b
1d26bcafbe678e6ca265ee9546718f20b3219e8e9fc0df6e04443628eaf885c9a7f2d1e06826fabd9966e32e7d802cd7b093eeecdbf823d0da508a9c
160633633086cd35cbb637fe7fbaf77d0894c9b0e63811f40b5310d2c910810ef0e701e65c26806bfc340415b7149c32b987b10421577dcf1e14772a
a6a0ea019cd20527dd7048477ea2c93b72396571db11450fb8fdf7ecc174f934051537aa6119833636dfcc3122a232eacf9d704216b21fb14cd9c238
51bb83c3fc4361109a0e2b12b7ceb297b4d1a3704564935f9110a8d01a0c1126fd3db3c69e4f9d408a4d90ec1ca7a7f10ba6e950b5dafca41b4bec19
bf8a3dcfea717d8473ff10ea6e922a74fc0c66c423fa7b510b942bdcd1bc9fb1c7ecefcd8ece7ec4badae0edbad25dec33c913c0b510f6b0f18b987b
698eb9d4dcb84434064178dcdc16f0487b28898a982436fd5e245ff214ee85820d98e2a54b2b5e68b77bea8db1d2db579ba9448e7c2fd1bad747c59d
67ac236edadf4bb7628b602870695f97b6b149e0cbb3cb03bd5a2a6ec4976de50610cf238a3f96d8c50f3d4a381d42fe4d52ae0e60fe0eb2580e50fe
92530ac85fc1fe3ec0f8cb00490d20fe9abcf4d87c39a1e40ce1fe122edbdfcb6dfff8e788534355470cd697e13f9d172e8898ebe360cd8bbf2b1736
4b3c56cc57c649e251fdbd403be06087195b8bf56a87291cf323d97b9fc9764a68d3f722c5489667d9d9fb478e65a7ae8ce7a293453ef41ccfb1b8e5
2fda776ce69aa53f47f0567b966398be387f2ed766a84d5674780984083a8e00f168f459b6090b3d4cb89a5cb012adf81513cb39394ca88697c51067
902c2d039cc18cb1710033d8e4148711ff780c0f50069bacefc0b822470570b060501e800ceeb9f30f26752b7043f8c0feb3b7663cfdf78fe43dfb0f
5e04d93f74d1b027cd29a1110d2164aa1d4737068506bb5df7d92d0f8b3c3ad490f37af4982adadb3a6696bc833398ab53d835433156422186e762c0
e6dd994336ef92a194c6c64429f5a8034bb83fa285e1a6c9169722741616bdd4730f2e618b63a55e4a8adbef4542d5fd4716c21c4c772cccef90a53a
bc090174bbc44d8be31016a4401a4129ccd5033ea3418b635d8e8f007e1836219d8111825ed862179fb15f9886d38ed0757c3a627b9e58b9a705389d
cec119c3e30f2e4862a8975a0c8c02dcc2d4251a574c2e9de556248687c6f9af26a6d38e5faa7050ce830b0f7ca60738872dfacd8507fe3fe3c00923
49ef04a82ac517d61b31e850112dc5178fa8d51247913d6f8b3e0dfab418f6a0dffff8ae7fc4f433bc450711824049dce62cab52f94496386e363d92
1a38895fa7e83a6c77069dd717b3c05f0f11ae7e1ea6db6e59c46e59c269f31b998ff44166dbfff4ddfbbef4569c2a4c7f535cb7c73b619fb775065f
e9ef7970f56301c3cd6d524ee36c9bfda6c82a1ecdc296902cc8824c3ae0b18b14a634f7ba3cb64dccc4ecd2e670ea70f44298e3c535805e3c523c4b
a7e5272fbb66fa87e604d891408c93eba6ef255b57e3c579801e272e4af0061e4034367c7e77a21d3874e7797b44e36ff33def35c199f77b76a72067
26b4620550e01d1b3ebbdfb3d71c956775623620b88f8dd0fc9d7ee7a3df5c5ced142cfc4ea5e8b74451eddc27581b7c9660573f524881d5830699fe
3d9b58ca169420d94c093874b2020f502253b6da14e49441248f3c2c10c4c8edbfe167931efa072e15c9df2f7ea75a9c3c4af29bbd46588c062091bb
09a66073f3861ff01031f2df2c93f500bf8621622477353b427e0f350a0c0a33529c3cc88e31528ee9f0c59d0a034bc519a76973a81392f0bd148bf8
8f1ca2fa12b0038caf989086319558015a292a1cc5ca24131ca75424131cfa141e1a68c7a9ca0bac4dd7cdd2fc8c81c135418d6c78210f50231bdea4
43a0c8af80a5d96e3028b0211b3ea02305c347aa060fb229a4061e6469be14fea0a6a6fd9d4185a7853bb7d927a6b129b923db244ccd78a37ccfc4d4
71ae81856cd97d81a5b93a3b5da746474aac641c3e3390ab78a570a240dd0d5848028906b8905fbd7f652818011a59207d693860985fa043764fd588
51fad9f41f7a6a386471e321042437db60baddda43d516b29cf4b020b1f80043f2fb8ac998d1bc7f14955e9a5722085231872f7e8628542ccfe175af
e24991dddde7cf027c74ea19e59638f561f18f3dcb875bf0d435b659dc9302ef4eb8526409073a737681c948a738283665c5dd60804d9994d5c4a69c
b8cc0eb0293fa5999a426e40884864a76bae88f90e4af7ab6ebd7e157211cf74174a9fae580fba7ed95bfff02c745f483931ac36baeb8b2eb7eea2a5
b58736561c71eabd6320f4e4f6729dfee29a999daacde28b9277c23373d8a970cc7480a45ead9e62987a76787841a4a05b70f5ec6ae012a11921e106
913d31370bee023cb1e014c092ad6403e6e59e039a7e20abeee227761b9d25c141106294f1ee6e79c0acf0e819410950f8f7123b84ce6e11206bcf48
3a3a04610aae2fdbc0d341291c30cdaf238c1bafceec0e09a62f1378a57d9290d799a271dc3ab36de30091650e1129e9ce7b638d7755391210716433
e02aa4101c006b66d2da7ecf76ca0285f9f7597f86c9333c9823937f76c9b26eb5e18b378c3ccbb4ed85e90cc8f13000d53cb8f11d59f707225bb70f
b5b6018a27fd78201019a59a68b12160a6f6f12c7bfd58d91fa42f1b4021adcf1108893292355f4bc781d06ca4f018394cd94826e0697e7f3073f83a
e03c37b2266ec572d0341b3e800334cdef995a0143c1eb6fbb915ac05a3775937783b8d94040fd9e15be514072f0eb617b6e32f66b967923b465f3b6
ca5d84dbac9ad181dbfcca4fffa15b08307933f2de9ce0a2f00d51ca2429225df2f71cbe653cef4dadd20e3e67c3d76efbefd19cb38372ae61215767
87839aabfd8017e62ab589ba62efd3dde0fbd37f063db1155c0abda3c99b750f722a0da03e3ffdd9be9b82352380662cdbca49c070b6ec68bbc187b4
a73302c81203b8cd438a0fdc66fbf751ec18ff78699b9a4634c7848e58033a62e463d4359c76ea1a1257579a5b60a91d989c2dbbe868db710a713fa8
1a29c0e46c72923c151c5dcde919a6263c0bc8983184daac3ff7f49c76caaf6c83811bc958a67f785860255907c6327d81b478a6e5ba482d196d3b7b
a0f05fc4756c64ef77659bf98c3d461b444764d74cfc4e4d2a007836fce606f89d193f88efd94e41dbc5f24c92d17ce93c4b8397abcc4768d2dc7e7f
cf9e7218405e1c6629168a7173c9b6b7e068ee36f39207ed43196e6e63dc05bb476bb118dd6799a99dbd754296d2de4a217e460c436c49e312abbbf8
f69e8136d07ef1d3f89ef7b8f1811a59d88eead62317f9f1677682011ae7571bd3fed8175819a09bbb3a06ec95aeec1ca0cddca45e8f763b37ef03c1
7590f0b8986b8dd22ece8b131666848c5f5f9686caee3c439bdd8d26f7216051bd3bbf711a9912f1376b7c45cbd3af965f310f2fcbcc884a042fc238
8b5c2d9eb5800f9e75a4657a81cb6c0a47406476f2b07fcf34c720ca6671193fd0efd9d626cff8a30e2b55abe13495b8cf651303afd970fddb57258e
a8f2d27df11f4f26acb324560c12080667c3fd6e80a8993d1b206a36fc2006209acd3bcc62ee1e658492c3e983e77d34bcaf2a2a8a685de2638e6ae9
0cd19b3e9378192a5034f14a5e40be6cdef1164dbcca0e0527fee6e888d8277ddff7ec1682560088b94b30855b33cc84257ecfaf1de10f7541c51e30
30d3b457357608155781391893fa5f457a00df72af315f358934dba5e06a0fb2cf00edb279bf06d8653e9c126f5d153c4b73cd0e4ba838d0a0daa062
103098cd1bf162d4bec22d38984d8b43693a865b40ea6481876ffcfde59949d09d0e2ff60122665633040373ff410b3d7a4b555cda1e6ea32ea78114
97cdf31a7e1d5b2f7048ac2037b85eda16803caaebd4633e6dd04543b60940cd8a10523031eb7b50b8c22d6eb748b0e3c922e8af38b9406dc4269e72
4c184a99dac69d4f55c2e6b39b0f9a1bd89a35fde5c43cc0dacc800b0cd0353f39c50e98e3058208bae6377a7a49e89f773a22657ecd505ab469f5c8
c28da93e20025b560277463197ac46e072e985c9575bb11bcdbdb155b9543d5497334fad97229fc40455ce4bc172b967ac5433832b6d2a9d9a6cc261
f0d5d2b10019a12cc7c43096f202d24659981f61d98510fc624dcb734ba7f058f2f6ba60032e50f8c0d0548c2cd883bd470543b379b758f09807c067
1421adc83f3580d06cdac1caed14f83bad21c10299a9fff9284fac38d361a07cb51f8f8499e61e0396fd484a02b72f6f4c071d1144aac2ca8b17a68a
fba05b366fe700b44c86358d40b1ac30c640b1ec9e032e3c01f7f89e15d2101741b46c5efb557dd387cfc865d8b7ea2fda98bc7805068ba99a4715cc
ea21ede2b8805d9941f01dc05566b2266e9a4747fc1d324f6f01a53cbca6aeaa60353e720139e840547e5b6fda045d677e80a56cb8430e50297709ea
ddea58f7ee14f0c9ecdd45804f2a785683dd54dac098dcadfb99f3467be862326600277747683cabffc1f86aa8596ce91a665196bd6a16b5bca0934a
d315eea53057f7cd651fcea17eaf8ad66048366fbe6a61b44ed656a03ef24f4545eda458605080452b86d131581cc43563021ad9bcd410ffb1dbbde0
6fb0ca5a635da9a9ba2b612bd5db4de5aaba35a8417aea8de94dbd7fdaf96ae853c5ba31bab86ed5dedb8149cd3e2b4bf8bd5bc3d9d535b757fba25d
0115aa12991633d434603afa6d162d7226a01fb397c4423f56f7c9e68983c4d503b4c7566ca1c50cf1870c8b330816e3ee14b5067e86d5ea73a451b0
6a16d5c5a66216d51a2d62e3d08a5bb92d2db0991aacccc505594a15b11a660678dc4ea4e557f46bd82f8b33a1b637a28fbe40cba2dacb3f6cdc7840
e458901df78c327138906b6307d9b1799954b594566708c75def692a9c50a36935233bfef903c8c7ace748c51ba9c4ef9c3bc85d55adab5193d3e357
614145c6170bb2137631c07f6c5e965593d4a8fb54d43cef0aea290d401eafa7f3e347a489921ce0d25bdd63b82611c9f53d6f823e3c83a714d5f904
d36a44d3fb044ba9419b1c24cb1e554f5f05fe6a1a1b75a81ac654546b9024f73f4cba2c583ac8956c91ec6a40554c0432b228855573daa84d5593c4
c6a6e6f6b448cf4d51535dcce5f5eef42b846a78460dc75f77f582f0ba68b251cf2cbebede6ad43094222400e8f8fd41adf8237979516f17d39ac23a
8abe22b8a318e7039cc67cb80f1fdb60b07a2405c108a550228c52a878541fe6aafa91c61157306e3865266277e8805adfa89891c061f57201bfb179
97017c632b1e0872c10db98c195fb732ff17f1e3f6d37b85fa0643d9cd88002996ec00f5b17937dee0caf8cf0f601e13a9a106608ecddb12b01c9b17
1f8d58b04e98e4de7ad6da7851c0e2a483dfd8bc5f69db165a35a8b4adf655afa38475ec04fa8d162a204bd20e27c26a2520d317c53ed6bda5689d8a
d114bd5768297271d2793d8fbc9700bd71f7d122ee462a4e24c6862803e4d8bc5768c155a72fd1611a09cd91b96e266257750cc046c0cabe17750757
01475c2f265a89506d2ac3a3a801b7349a996500fe1c2d1870f51f763a6447f445f2528e46d8b7160b8018f710f9a84a3e9d490255d41781682c3a90
3513af56078c05b21371f9bd60fa89aab00eaa5a83d798a7734acef4b8566eb0c9ee56e1ea51f794465c562762f17bd1420b956caa9bea50803a36ad
27cd54e96a950d2724620b47132f593b87a08e557b06408e4d6b7cebbad4b9a4846d27b5f6d663475059d777d6e26aea360f6f25c3dd684253e90e0d
bae22e4ec5031a215d68c32de1b8b82eccf195d4dc8e452c0a4202708badc433802310d736a3c3f431ac9868938db8eba48e0c40e28ec3a0c5d3baf8
ea14c8c6dfad0b3ed1b8d6d3a0d93424aae20096d834c18195f83dd3abcb53e6a45cee2707423c89b66a8013775516f19cd82b5d63553285514caa3c
6d79b7064b6e2b9af1259aa10c6eb32a934d4f9ead6ffd41099b5a1d62525b66c660cc322aa9c932d4da9a2314956742fc60c4ed8e7ed1631d6ad54d
01596cda489bfeb4d5fd69f433b95286288b8a8a4d0ea69207e262d3bc07e2e2fe83a9e4ae4fb315908b4d1b65402eaacd0ab338c8de310267d18362
ce72d5d916eccc257a5c22690c612b1a5fc1536cda55db6667593392d08a0accedb123acceebc50dc3837d55973d82561c3716cbea9ec362d98f78f1
2cd8736eeb942700506c1ac03af773dece742c995e9c7613afa99575d1ad0c2e0059b1694eecc21593516080acd834f081acd8348480acd8346c05b0
a24a60c7c8e91488ac6854fbf7e2e645b3edc64413d7fabd1c14a1bb44b0d49fbf4be8a67fe86650fd87396c3ecb941c07ac4fbb06508cb9c7478a4b
8ee950ca812bf560831ce900630434e57b894dc294ee846cadb2c54466accae12033366d3d8031eee2d615e3e505636a5c9ff6ec39408201a6b1694e
ebc4356b1b0b5c4612f10f70198fb8b3ea44b0d46455312e06097fd4e8d6e58fde347503555468bbe658d5f48e1eaae7622fc63ef8119bdab5d2e8aa
59a0933a451b54af312826155f5a4d049de064dd2f7b654cd85c02aa51236fc71747d3480f5db1f915c380277412a7550e9d488d495305f08c5f693f
c227d1ed8e678dd61b8017bf67e60633e9b6ddfc41f97a73d9ac39e25edc29c28aa8f676fc6fb52bf58e19c34d478867f584750d3e48d301d6a8e20a
2663ceee138ca046c4f4a1f8e05118b1cdfc0ae6d83c7cb8cf0c8d397d78a1d12cb30990fe13ddb01405d23e257f36a35a4836d5d1b5902acff61987
895e8653ac270863a7ea751765b879fab9b3d332d14fcdb00898e2358ee660609c2ad12031eeaf2c42bdb62ef8a25e99802f36f566c0178faad8dc09
1099ee7fac9d2a9f9d3bbb1a851fdbb6b40e1508b41dffd7d89b72cde6a98651aacd77d89f0a2ea08c4d15ba1b5e52a2b427b4fb8fcc092db32f074b
af963d9140dc36ce47b8c0a8500572a3c6808e676b3d3cadb7fcdf8933d798f2610fae678755dc9a7b904b3bfd11bbd93d54a3bb6ccf1bcbae2b8bd6
9340636c9e6b0331d52c8066ecbaef82ccb8fff0858543ccee26f1d6b6d0b9b7ab88dca231266d089df0912a9f0e38c612e5f55663f866ea28517e77
25ba8576a65edc05cad21e31b8b9ab0addc3884dfdfa40706c5a0e0570ace409f95eb8aee50001e6b8ebb2f8e909f49f9888c90bdbab5a175de1608f
9ff340e950ef98ad215be3f80d6185b5d08c2396816a8dcc54da03e2b1a9660e7c605479c7a1890612378ee82f3d3962b6ac4b82d36d7259319d343b
88068ab1f95fdf90ca7fd042f0239bea22f8914d5d15f8c8e6853f28914d73cc48d27788fd48d27474e3913c05d0e561fe70ed1523db061393a5b0b0
a6215497f695919d0c4689b78b1ae908ef54d4c021637492d42249f93e46288bb451dcaa2e4b615076511756ad25c04f3675d0219271470b1c6424d5
f83df46f69b08a5162ee9914a0280dc218a416574b186a9d1ddd69d4e8892ff684aa707d51971f351a67e4d52d6c5da89a5ac247305658dd90b1dadd
eafca0530d74d014ed493d9c51c12ea341b6b6c3e026b4922f660c6f42354a0c78b12c6f34bb4eb5cd803d6a6db1b399d040f1b280bc2cfb958be6b3
d3836a1a8098e41f1ea31b8f4e1bdd7973cb118caaaa3370d351d51ac4c44c3ba20558bbced0175633d120d0547d0c10cd566d1b9bafa6eb3162dc7c
34d8ad4ea78c1be97b983fece737d89e9c0f9c5b95b1c7f47bba84823a244c931384f2233a660d02325948c46a00311be85d033cccdd233e0a5e0cb3
19f2e2e9335b18893720303509017bb9dbf0c56c56748a94082a45205d362577802e9be2f2c0d1946c730364cba6ce3930931ed2a44b9ae41ed21a4a
b2e801826553ea1f2b3a4e0701d63adc4fdb4c5a0ce902d932e9563184f0301411ccca3d083abe2435f644188e18dec2871abe3ad445b79de72fba77
630422b3cf10c67290a9788054d914e341aaccc36d78cb29922f5c2d7a18b1ae2a798f5b22ecee210ba882fb7854e5ddc50f2e4936174aa79b721b54
5b9c81f01175f3c170952c85a654410799b279013436ef0d896fbc512bdbe42542c58ea38e2acf0f2e28bd7806af323517f7257f121c1950ca3d3593
177b5179a66578da0cbe8b0c0f5a65965b4c5448c543902b9bb6f8f953dfe01c8b5c695701abfcd45a7fcf14f0d90b5f5a3b986f241cd0299b630e3c
4acd3be05136c557e028bf9964d74fac9df570740669e85f0abce4fe87a166291047767ad948aeaf01bee4ae8d81c0b494fc665618aefec14ab2db27
7a5e77230722a5fe9a40523685d3a99e472aa701d8e45724f97230164a14f92732d52cce10d30e3b6b51a0fa917f68dc72f40661989260a20136576d
b3b0ffb527f17184de376af6022ef2d06836cd76a9d96906138aafa4bfd0a529e4728fcf582e48cbd407c7d9420704dbeb7b76e6a14bc047eefe52c2
4cdaeefcd91c2f93d25c0596078d502924e023bb1de12651c165368fe9b4da973fe87af798da385118de69cf1e6dd3069aa182c7ecca30a853205136
b05506e0933ba3050d768987ddea31258c43d7190d4d405136a50d902813899107489487289f0328ca3c3d85446d4a8726f8195b36fa83f64dd324b8
ee5c518219f13dc7e6b049e7d16794514fc988fe325ddc504a41a6e98448bf3c80a56cb2ff69566e09e75415554a9811cbe1339d72934f3a85223bc9
76a5aa30bd886c92012f22b5238150d91424e6190794ee9e6c0d58136895793a56623865a933ae1b7de64cc0b180a46c867a8348b99ba6051208799b
0024e5a10e3bbd62d4c636afe80633e87da346b6794928903027d78ab29e79c5c6b032f62bba1fb09087aa90b090f570bf1a2f39dc64a1553a9f77b7
45eaba151eddca38d204993219a407c4743e3a870598a3f343b463501393536b6c14c071906c754c031c346802d4b8eba2c7afec15c562cab11c0a77
7e5def55e01c1be9d7bfe768c53f6e8b33456f6c813d2d623b8257f93d1343a3f110a0c7acf50e9cc7260501d97177cb8f4c08eb1f6c81614d6c0136
19908d99dc47dfb3a2b205884574b38be538f4003d0f5ccf613c275aa0cb09c6e3fee8e025a69af6d0023d75003e26dd224f3442793b808fcddd77ca
ffd83da74a9fe665f01e83a89d3243adb7678a0e526d52f2e16c9eff0ca03cbb7b0fcbc33f9b25dcbcb0bf33913604511984c8d4e013010aa9f914a8
c7c38c0b27090846f177f33e53d8640451937c34fe5071a71bd9a34937329711d34a09d4e46c9d5e206efbec1f84ef34c31d19268738904943f2298b
6dfe91fd83ce042b45ac06fcb1c5de3324e288e2ec5d342db01ff79164c0c5bd8b9c2ce063057b6e80f22822f9f74c7a9feaefd01636fb59a327748b
ec05f2196021b35723a7aeb0da234f5319189c7186ca889a725677905f2d8bd8c8ed40ac4ce7329e0986340eff24ef5e3fec09da60eca616a9017996
b6275fc2db8ae7e89525bcc7b626ecd1c3df397650e1535eed5981571b3b099ee4215b393b6e17f642242b48e209a796ed9e71c5e9dc745c9adcc5dd
c6fce8b1770cba7bc8ddaeea851ab0c18d6cb177860be33ce1d61a3b84488ed8d3c246ea9b790a78610fc946043afb08d448addce708e72a9e6ffc79
6ddab3e564069ff570e109e4fdb3c892495398d09241c4e0b9c07c0dd02477a7ac4a1ee1ea91bd6838ff0682680a3e09046976577b71f5d95eb99de1
c6410f65c66e3bae5c9b2b4cc222b068be670fb9df737a3c23a72d3bffa8b1df4cd982e1e28c82104b0507312a47ccc1197da28340664cf72c0eb786
a08058b93ff2252684d68333a38c015999b5a79d626668533e61d38a9e20560ec56e002bf3cf8344aa85862e0278e52e4c47b0419350728058b9fff0
2b487ff58fe11f746a0541613e35426bc306b332b53f61398680961ab8c1b3fc3a606788487593dda172d0268af4d4dd03ccca3c1dcb96318a9ea8e7
1db3c5642b550c4b436ba4ce68ca3f1781009549a6f0ef0559576e75133325efc0b41deb4cc0a629874eb0334cf77692b63a18cfc3d58c2c5a494516
412c4a93a5937e619af60ec8ca3caacfd23b3e7a3ded6e6e322799e4ef7cddc3ccc5abf4e5067b95be0e5f8859911fbcf6833e6105d733fa343b92b3
fa6a35f168a0724f4fa5866fcdee17290ccd497599ba1a4203ace5018ac900d6321b077e79e5ebc603e372f7cf9a3a736909cd9a6c82cb94485af32f
859f684fe635acf8c16b30f1fc5a2f2590844cdf0416e6fe837a0f1789c69171cc0a751d76c46f4c4836783ef9fde0f9c2f868a531517e44ee8c28ac
f0537d09c24d13c93e31094975c967bbc1e8c85868fa1940319b69772ef330b0cfc4c41c2e7d60627a0d000c6633ddd295952a210e97ca3e9be83259
92170a17f9914c8a03da65335fcd6568a6971e57891d451b25c463ff91244061c1bb6ce6da00e3b299d6e6f21ed79417805cb61e55bd3c33a8b8d3e5
f4006cb91ba42add899df51a1bdd3f983758e765fa69c482ab6ad948beb07e90c2ab3aa1fe4e700544ee123ecb7375710b6cbe914bdddefb9640bf84
fb0878d9358b5c5892fbdfc11d806136f38c08863975020700b3758718d2043577939cfa4cf6050785aa6f4ea58b8099113b5a284c0f8d41a2c3e16a
8af6d6ef52d51f4e0aa668338d5c217440f22e43466d04f76373715c23568a4690390c270bdc4c2f9e2e7d9187f3b8d5f6f019bde20ed9ad3c9c118b
c736b15eb689a30d410339f88a481c3e2264d43c0d2059ee9d415553e911c3c63543c0a5ae2991600dc0944b9a20c194db8d345eb439c02b1649ab4d
25b0cc2d26bd5a26ebf49a0abcb966ecfcf220211805ac9c440658b97c586df17cc2fe16a2ba81f4abc4de4abca8d8d0b8373d7a1b8a4367f8f1f24c
156b7a6d8f8f087836307179ebe385d7c2c1f0ab8a7ae350553fab14a171c39a258aabc604d162753b753fdb7d34e3dbd2cae625d9d2c550ab2bf073
61515ac8ea86c32d45726fa056d3052dfbcfb479e691f834534b2c0474efa945a233fe4a24ba21fd03556e8f8a2ee21d6194d332399983eaac2d5440
84b9090cd40061aee9beb94473f7a20920b9662ccd1ace15334220b401170b2b95b7382b446984b745f2ced83d3a4678b3025edc31a4f54b2f091902
e8714da75240e29a8e77cb549e52ee6524b4a47b1909ede5d2e224e8f906965cf6140a2597352981259795eb80924b1236a0e492521250727b3a6902
9b955a359071dbc4f117f55ba7aed84cefe90c315ba6f974f7294e3b59c4ace91225e69cae260b69dad456e0cfe538cddc10794db1f071d403655dd8
f0ec387ef4a35bd63d8cb8115874030a07165df69a1828ba7cc4eff6c8d22f4bc9374b43282d13bbd6a155cb0b2577d716b7b3f992c09d2bb1102be8
a47f781686250c4aa035329e69a258217927ffd8c7c244c46bc556a3af08d4de6806509d6b2a509d46a545b89b99d000adfbaaf5ab7df794752e13a7
6ec8a697d9cf64ece2d1d5c35382a8ad6fcd027bd6dbd815ee22562b41883fc89a88180d1c5d36a86d3d5ae9e285836101f2a1e8e3b390b5f51002b3
2eab7c2c9dffbd4b5c263e738143d886252c84ed234a3821081eeb2534c33d6ad89df2cc32ecce1b4e90ed8617062ba46da9b5d94863395eaf54ab95
7931ef334b232135ef89f7972b646c58f9fd536a459b17de6e9ad2e25666ee3eb3a139dff72f48822f2c47b734270c9a0cbe5dd35be0d64d52e108b0
bba6b3c1adf40cc1bb351d269f5901f60be076df73e299e386d2701f310756e40d43b5742c016de33fae961628615e19dff2038e3728615fbdfe1e9b
cd3f08ec646a6ffdca017ffe5edcf6cc8db7fa9a81800f4baaaba087356f3d450cf33ef32691b4567310c3c255e646aaf29e13f8afddd73fe91dd860
5fcdb43862fbd0a4892c0fe80bd060d98d718fd8bc74064774f3280a06f69560b682712045041a9852e93d35e042f600fdfa9af70f3998931a221027
f2f6bec28b6590bb229b82c85d154c8cef65774c7b02585dbb38bd37c185fea1a0726de64d914b72822001fe56926201b9b58bf847f7852625c85e03
8bade5d59dd85ac92bdefb8ab4f516812f7076ef1543612ab17478b97aaf6891a95c312eea5ad13c53b986a7c1cacc99e89ae356e79d09c85bcd5bb2
db5828b04206285ccd1bc5dbec195e34dc827e7a297dc7d548f1338ecdf42b2db71e1bf1b654426e09ab87e3b6278c04bb85bcf2c6e15ceb2e185b49
0d1e58ada6e11554addd5b0aeb6feec5f7fd786411066ee1beff5bd8bbecc00e2beb79f3f3147be27174e30d083c09925912206f20b5a4c0031f1fec
d8ef1fd6f755f78a9d386bd0a0544d8af762b158acdf41f0e4d4a2e60f3eda91126eb5129ea1df2f4bdbe61f879ff205ac2058eecdb1becad6dbb313
f72ff76bd1a3de4ff23c18f3b3b8d46cfe83ed255df82c3902072f1f63edbce05e84610efa555557f488d7e9f9c7e399879b8e67cd4c8c4651e828e1
ab66d5f9830389e621cbe3c1bd8af104aa720ff2e0de42f9fce136924a0e40a722c5ca8b00032c2b0f46d8aa2c449d526d23ea5477d3f1b81b713f01
a4541485d26346a60209b8a85d8b6140a1aafb7530a1aa7bbd871dbadb6ae0a1aa4a11e1a1cada8c444fad66e02e95153ec1a26a7e4a2e52feca0781
95aa2e518ffe94dc2601255595b71f6cc7dc783eee216abeb868146371facc7af0703aafe807945444e2b39ecebb997a30d7769ff37038ef8e14f8a8
4861248739fb94273711705481a2ba5b2b81a20a303af325b3241ac660ca700f9e2dbc412e82d4e8d5e4954894d17dbab7bb1ff7e66a381e2f3381c9
d3c1968ace3613fac591cadaa2acf6a0e957e678d891288c3cdcf955e079f488d8ab7fd0f38eadd89e54858c471b6e38f6a31fe4ce5202345475dd7e
f4df041ed07ca1751d98c362d00623eb6d24f92a0bc6c3aae4722564d4104ee419d9e96672fbe2c794522c175a7c179f4717c9aed1cf992d4a59ceac
2e1f63afe172f7c4e2b56977f970a89ed53d1de730ba47f7884021cd171635cb886d9abcfbb92c8874b79ac84ecfa5b89cb1301df32ce9b9d20f2f25
b9dcb2c1731f96b1ce46e18965ac79c6f97ce45bf62100d572d6073b7119f6938b987dc8462119286b981e0a1f96b06499e8dd5d8f1eef4f2d6680c2
c7cc6e8570c48f87ad4167317df2a01fd9f061394a4ea89caf99c8839f27bd923f21c2efea0b1fd72319a10b4d97c33e7e893a7866ef81daa32e5c63
92478f4d5a9c3c6f360e457cb311c845136f73d7fd30b051f345236bfbfc354b1adad5a948d7799879d0316c455eefe2bac57f8504a87f05689b3177
44d5c6335d98cf0e5898cebbe41c19bc70e91c76f022c6cbfd5eb4e04e9797eb4a729f17a95c5ef2c6e2b6db26ef6a6e9457c8694d4ede55d51372fc
ab89b7476cefcaf4acfe41fb3087dfd5ac8d83dcb19a9d368ff959964f46eebbb9ca31a4df4d76d0fc87a15bfd23db803c347bd3e8e4d56bd4e11f27
18d2144a9f1cea56decdb58189faea2071cd248e1afb6ad3353239eeb61579ece9ae8746dcb38cc6524844b67af57e58cd72e73c9281f2ee3696c9e5
65cd0fdb72648e823d5b3774847b8719bc9a866b69f66a1b5ef385ae755c084fad4d6f62dc6572fa9689f0620090ad70648b5228977b5b579b718f00
5e9778fbe3602f8cacf01e16d6e7d73291a0b8da39628aa653f0be573bf16e5371e72a1bc1737e355760e7d5ac068bb85a1191f3dc7dbdee02b58979
878c9a2c7001e1c9f49b2b8383da6d8d13826b42d9b61cef02eadc13b94da5d97b66617dc94ee6bbb17c1cbab907d3ed70e705745bfd2688d6c9b17e
9a1d95f0441721eee5269187aa20baed7acd7caf2c860968266bad6707cfa85f6e1829f8bc28a1964c80f6c0a9a857400fd18177db00eaeb89eea639
8ee86e5d0ddb8b0f25518aded03ded397fd818a98d793f4a9c9683add0e151f6ab5f8896df7599ae7f356b795d59d4d90917e77af5de594e3eee4ec9
41e2355ded6d5ead9f5bc682ab21b9bda98eca58b047f6d840c7457fd2629ccbba64010f17dfa553721764e3e34342ed125071ab9e50808a8b116e24
ae9a3b347021d1d96f021bb77b78ffaa505a8d9f3cd1048c13b6b1c0c9a5478437954b9609ebb3ce0eef7db37ac6ca21caa76289dbddd2be98a57964
fb8a67a35eec05c34635f9fbe648999f1aa0ce6d4ce001eadcc6d668883a57d0d50d50e776b0ec06a87331574c4d43c54e75003bb7c2a6c792eef50f
535f14eae0d96d59f0c001ba5c051e72002e57992c036cb97d938ecfa8d1a07381a90fd2e2326ac9678e94cdccc56df85cf9fece7370eb92f19d5b95
a2aeac28c5e793563292bbc9ee1fd88ec5981de0cd5570fae6f38b9a9586c1888d0dd510866ed86098b07174319f712d7d486fc4a1ed36771ac33f5c
b18a2f0ffd435b8858ccb09eb55a59bd281e1778b96133c0a3abec8807707495d3e4211c5d47bd385ff43b4c9958aeb04b1c00d0ed879dbedb232696
e93712004c8cebdcf91c3957878cb77ab90d38809f8b1af9824d8f65d514cdb2b2108d9526e044ab670e5c0cb2430f1773cbc4a284d9c27ce6b279e3
a38501ba1207d3331088e6331e042d04c7c2602d0ef1ed003b9dcfb310edb04002bb76fb01c33344f9f92cd76af47ab165fe06cf3184c5db1dc89c73
35275d95a339aa354ab38cb1d6edd9172a3c39e39b2f5820ed26a0f00e34bd52ad3e2b695b1360f47afef120f053738e9439db1c8bf6e399357bd5b1
9143738e0f6a8bcdf86127b1571d9b74dccb38aee31c6d43db3140d18bc4fe71d201fe8197112714a7cb63a3a85c3e3e9c5c1c28e3a77380a857b9da
339f2d1d8588b3e5829f87b1a8332da69545da60ee722d841797b3141cc80da72c3b5e50cdc6d2b3eb69802e9bb2290505aa8eb44efbed3499c66dcd
3f6233bc77bb3415aee62e0cedea7cd1b755724c2f37af6639d4b5f8cf993d43fea76b42a3514ef972fec3b09777e9c4aa66accaf1b091182ef6cde9
d68f0a9fd684326a30de5c06d8c20ec75aaa6b07595caabb6ced2b27b8ffc07476ca7e2931c8b22ed09f64c77a7c4cfe7db91a16b2472a59fd436721
1c20cc976c3b2a928ad86e921c657cf9234a0945f9e42cf00f1c2956aa926244f7c5d6b2c2b7fb1ef367ef3a7692df0e834ebd6e95ede67863496785
bdebdc5c11f54be5ea80b08147a201685ec59c7f2ca964b52220f26050339f5db29d905c6e3ef20f55e8f6b4bbdd5c5dc49f6db247edbd72a17ebd0e
4611dfec133ef6daa8a6404061a95973233b7ca1ec87cf0aa98c53b1ed46acda7fe17e6b2a6a19d1c0dd459d7d515aa7c556bd4262b8355fcc76e5d9
fd042db0aedc17db8da4a951c8a443f0bba2b420f85d470d3f5f98e9b1a91fabd79231cb1aab3791f1be3e12fd0eddf948f43b4ca8e64bd694689b0c
98f49b8a391b0ab753ebe2b39c82fe5bf500c9e1cc00f1ae62d53a561d19bbfaaebb15f6d90a575f64ffc3e42ede8cd035f5be0cc4c4bb03ba7724de
1d363f43bcbb02b8c094ab9475edc2a3fb0fad846fe3cd02a0fb1d87292ee40b72e4fa30b002f3f966076e1c0c01ad6eee0bed6dee61e1007aac25b3
26358b333aa6f9cc627248a782ce9bd5d51949722ddadcd9585edc1af972590ba2d56c538acbf25a2c098ade7148cfe941c35558d6e173f3bb9417ef
c7c3295175ed60241aa1faec0076d0b872c215c1c49bcfb408ab68ef7e95551458c2213e1e3ef007f0789b821ff078918082b7acab2f6eafec7f9166
abfdefc25888d5e5cfb0bb44c2eb76b24878cd510a26ce616fba1a1653648efe011bb48c58602981ad22e26cf6a0da6033f7c451c173c5babb3a9047
4e23caeec529c7827838cddec43a054f9d43f0bb02c2f158f589d56cc5d3da923c76f0decd9acf593f4aa287632095e70b435a56715a274a78e246c2
d2ba12ca67ae64ae248895b0b9be0b9157c04a1eab8eb3fa5ff1c807007a73ec531557c94ad3b94a765b4547cabb7f5060b906cae039bffc43ae65bf
b9960e9b48375ccd8e63533fffe1035a91280c0395b71f0e4194c3ab95c17e1bd88f216c1e406e03a4bc8a53a3f98cece63402ad169f9303d0bcbd3b
d1bddb2c8bc5b18812ff9a7b79e270b439e42a372cd52526ee7c4d2e4a757431d2ec82d8c97b357fac2ecd8e1196e6437e86f948b19b5c985d4038fd
1cce588cb371713740cddb170b819148b32138ef54084a0cbc6ecb690bd26c537d306fb6d7eb89ae0df6ba14b1ad58bd15d6fcc02baf62cd05ec6e16
c58fddc6a21e1c790ea4b6c4b77343bc79afb9e70b160887b1cc91bd00387691a4f042bbd16162d76d58ac0cc0eb76304607e0752b9e76067875de2a
9fcf34160db161cf01e0cb7c6600235a6d6b2ad38dc48e085963e35074b871dc744d0520f700584ef8e30180dc4c41f9f6dd481b2f1841d1528907c7
e8020f2e22edbc703bc64aecd6d4041fe8e4a61926c7ccf385a6656c8213d7abc5f08632a79a633bb21ce4c7b9e99a7f506f46fce60d65f73adb91ed
4f413851e5e6c1d8dcd976bf749a0725c4a1327e20e6b39dbffb5d066ef1b3af9fe5539c9372936c0031e755e9b1e9e75185030873f3b3a4d622b3d9
6cba46868f8b3037581737fd3f2e26a0f710d805952b609acf17c79dbd57515b8ebf79691922ce8113379f5d85ec5a76b45c041b9b1b5a3839e87311
89427ae38aa3e001ccdc06ccee7c466a6e8e56ac9b87bbf9cd83524e024762cb71ce368093db9bb5d46f72b766dc516e668fadf26e5f617693f329b6
8d1dd72a43e8b8ce51ee003a2eb230c5ed3f945117572a16c08bdb38ab1f9bd79db0341de0c5cd7ea084c3a145a1b05b1e487c9bd000aa96408edbdd
166c1a78768735b8b24a151bde91071c7143353e3281f576c06ad7d3e41e5e6b623ddcf4c8d19c46a757a81d98b895ccd1c4a9e7180e65c1df38e61d
80bf4d99d5f1eb05e2e61443ab0de0c5d8d46a372728fe8a81251b9b67a02d933b2f1cb41fe50a47905eff372bfc91d1386c72a573eeaab4e63879be
34bfe63fdd68f4c327f3f1857d00e77bf30576819802669cb791073071bb9a0060e2bce83b8086eb6892c7e6b2c68abfdd595f3fc454743cddce707b
f13107223d8a3b082c9b1a6adcd00da1de0ee7856837ddb9f098a191ccd0dc1f1bd84f718490f9b91e5812b699e006cf6759a675d5960785fa7c898a
73c57900fbb6e53015dd4d25d98665639509c5f2d7dd3e80f436654ff27e71976e761a3f5aa6974366d47ffb9239175eb0336c3e83e7866fda0188db
866dca7cce6a575edcf8ecc67ac99b58ec3439a19ccfb23678c6ae2f47d551bbd79d39e4982f58b8adc662f95afe86473e235a5fbf966ddd78b9a9cb
c133fcbef9e51c0dfcc11e148f810314b9ce55dd0188dcfc2a0d0168c182f4ba7b135a95fabe39107d669bbc9bd8856a37352a07db61939dc0107661
0e5ae6c70670f5531ff4d6a678c89be6e1085585105072c762da3da72605f43cb5d953a19e9ea98d2513673627989cda6340e3662cffb8e2191918fc
b74927bf5c7b613ffb21af26715e947030b0f8ee87032016df7d735c79be0927da053050bb2b025cc72662ecba5fe696eb00f56d073c6a00fa164968
86588a6711f96e6136361324b7318562004c712ffaaa35c587d496c419e81089b578fe41a96a360f29728d4452dcab1a00fbb9cab9ad16f64bea5ff6
eaa480bded952e5ccd44d9d602373891df6db6839ddbdcf0c092f7961d4af760cba4aa78d72f33cec1e68b8309291200ba99a3c965bbc81b7bd3da9b
32365717d63c00e8e28558bab3c24262ecb94f757ea7b70f366f7b7753c0c77ae64225bb6ba05d976b3102ca3e1851ab7fd8a74870e0ce6d8bdfe2ea
71b78772d7ca8abdbbfe3a7954e06e4e128d93b09818fb992d4951cedca493e389c5b80d997bd8ee1f3a53a3bd72691e7e6b988bff28ebb0ceefc00a
2c0e83cb9143b92ed81622cd7e3956e47ab9bb34938f0a14649afd037b911d7ed86ed8a5620484a9c9df5860acb34dc10df8b928252df6c912d0ae9f
2c3ff5c7fc6828edefb934b3768140d7947200a0db57bb022cf6ad3bb76f73e4bbee20315f1abb4adc2e3b88ad625353bcbb55747cde2aebe45102cb
d9628f0cc02e7e182c8ecf074686bcb13f3232b9eb938d441e8fa5a2893ddbc57266beb882cbb1b45252fb056c9cb7ba87a8714315f2fe66d3f1e137
bddc182d2777b410b8719b4093f3256751e3856ea58101918b0aafbc34fe283c77931bcbd5a1fa61572918e3b1d227140c54b8f94c86ab4db4f15cfc
14df6525c501ce00206e57ff7ab85832cd0f8e5385491847ac7dcdb3d263630d40fb7ae8d478e41f9982faedac96c81f87ae1b31b0992fceb97c510b
081f3e5c8e9834c70e17b7a912cd94467031625e1f7b363b75d597873a9c63b775e0bcc761d9c9efc8514a1e2e60cc3270e8bc523d126dae4bd71acd
3c3cfe54237e084e0a133e0ae2c0e1b35e4b6836d14837d8f6e17d3c8f018f423d9076019b6bd8038c43071bb2b7a3b03438928a8dcb0274b8189987
5eaf548e003cd7b0ff1e47cd86a61ed591b4fa6223d208554e693db4abc5b8681cbabac2fa781c1ad9623634808f6b8baddb54bab0161ecd090a7305
31ae2dd6bd31a8cdc4e507311cf8b7b6647c6a5bcc014991250254b8f94c2be83e03ebe8717897354ca8ffc20181fcd9e580a5a9bba0e94b6a7961fa
a5658579e9de5a6b3cd3aaac1f851260e73dcab7007c572c1facba06583ea2c10fb07c62d46cbcc46ce3fac400cb4778f60196cf8af3fef9ec715c33
8f6878595e11dec0920f44f1ee33ba125ab1b886b26b28834954a527532587930eac3ebba763f00acbc345f5f9ac5124f541bf2b2701a127e5fea27d
d69609acb409e0b5f0aa92cb6431bbcb7d86d9e9bddee63f190b70fd92b8e60c98c2de7633d2950c834c2ecf9e6c7297d6660a2f95b14f2d17d3abf9
ccd883d1964b466db75e0c3ee64ad125b40744c5e5d766fbb8b43053c5e8f17ca8781a8a35db289e867a9602608ff0c723f17a30e99c2f9684a27fac
39154c671a2c39e5760ac345cb4dcfe61fcc2dbf74d3cb19a7c3ccc93a175ed63b107ea2b2a626efee1ff24dd6ce723bf2acc72dc761152f7aa1f488
06bc1fd123e7337303310de89f19096e5e5c931da0b926c331c0fe590f2747c50f3ffe45e67376c8c68b9311b9a7bafc20e65501e39c99c2d10ccf7b
eac69843af58d93d69e85337850e937bcfc3c3941a0bd3eea14775cfa39247389ae1594cc57d943be004a0d14c03009a88e53f316a30a11e00d06c4a
b8e2cfcc5a91c9416b991aa526776ae73363147d513de81d847850693657f37ac013d154894a1367117fe17c55278c6a8f40a989f2d2a6453e087700
8166e7f2d6a86e8186911899c884d5d508c911fc19f18f464dc5a405e66287ba75b068bce63984a201f0623eb32ac20e6aa8219b27b69503beddd2c5
764928a4f9ec5080e756ec64540ad6586e9a0715b5718e7048cf7a9243c38c07491eac9addc3deea92c49ea236fc9c3a0a39ebd35845a09ae169546d
2ecdbb5fbd310ef2ab593e63c93cecfbee6083c5d49ed76469f0eea6dc49a0e18c7be12abe290ca7e29871d8452c236e3c44c3191e4c8186b3617a3b
9f43efa8bc01324e5bad2c4b0a589af3990b3a30600073a2e89416778b87858ded97704ca3eaf969388263fb2586d1003c4790a9f92c408f89dd5d3b
84b012c6ffd77cfe207752b781fec5d9aa4328f57df5b4876999131b3d7bf8cc56e2aba7feb9602f89c2a306ae9e1690ef6a6e0307acb90ab1e8d538
891432693e2bc3daca27aa2f470b1b37b73789cea3894b8d4548208601524f5b6dcdd0ae1eeeeeeae53072645fba5b3231667d66cd12d4b5ba04b3c7
cb3543c81e9c320c407a766532407ad6dde271111d38c7010ccfea9e07181e5dcece671742640f30791a06b0f3d91bdf66c04071ce86e655ffc8037c
9e4dd54dd5eb31fec107903c3ab09bcf385f3f8cd4ad0e2d19cbcf0130fa009d27fea07c5c3caff62f2bd19acfd9187eca63676b972bd1f1576d5fe5
1e8bab14383efb8640505973b64dba03c1c6e5fab98612f5c9d30a9e159758d7ea8bef05b9b6fe29b9b8325fe0760efa17ff565605336015dbc0f8e8
246fd437bbc33f82e772ff7400d0232ef4685afb5af0b6249f3016e36ef3d9fd1c0d0f428fceea06083d3ac21800f4e8986b00d0139f3d78e1ba06f2
11a03cbad21c80f2e8956780c9a37f96010a8fae7406c83bfa161a02ef74ed09da4a29101201ded147c8686bd69a6268caeb4936283cb9a769ab82c8
e1a7b427e5594f93f2dab6d1046c9bdb86b1354290b03bc3f3e5b631bb6dd99d49ccdad172ed67503555a466b7737c30a423c77b9adf420ed0efe200
74c7fba503981d1d2105a6bc09a8050bfc6a471e7e553ae5f64307ed7498b899d80474d761027243066d47fa4830357c739820e535ca74c0ba585e9a
67930ceb56b4ff905e94be7da9ec54f952c972f8879b454413a07834cc9fcf4a91cd97cb24be30910f9f1f6c48f92e3bd5d5511a82423b1c441c60aa
2d6a62d6e19e6cbed850d448e1c02e4ab320662d403e69d1deb8258a239001a84f14c92fc1eeac043642ce60d07e223bb2680c6c16ccd6b21ce4870c
a1fab1e5016733161d83fcd81a03adf8a5cb46a305d9e3e21e633e2b253a9f533c7016ea25b21bad5b1232ecde22faab5173eb7062f3ecb416b24a13
33b6e7d76c085a8b1352ad9200f789d1438a91c39e58ba7754c5db86ca226329783800468e069350632412b181ba56d16d648d29caa9e32c9ac2bde6
e6fc3d612a8eb2938a5846f691eeb284096a16e4541563279e5aa2fb474e090a75e540e69f2bcbee8b7a1da7bcee0a94d7131d48a1a169cda3ea5844
a0a6057bfb58603ef6b1c024f784b35b6234af2a3245046a1a3e272290eac7e6baecc846f1da3d3a6d9f1c397e5829d326f27e8e7ad4267681cb4dbb
d50550ae5beeecba7067c168b15ca95d197411b3b11f6cb79b54f98bcbb3e33e378ad6389767b6802df78676e49385219a3042dd967958679c06e0df
6d769270059a3cb43793f3cf0b3375b0e10a7adfa52b0976ff600ad8ab2f1de1a0c8b5d6c2a3a1d5a8a509deca420d3ad08ed789707d8bce7ee119a0
209ab76b713bf20f19e8c1730860ea6cba374535fae8a86d719532c40c9a65f553b467f74b8a3bbbe5c8f6f45b2cbcf43aa041bb8a05308356fc790d
30837679299041bb427fcf0579f7c539cd74eb5cbac16dce003268d78c251183d4a28218b42a48774f4bb5a2ef6b16309ab96b99ab39333840b34e24
dfe4a0f46b77a9b645360fa67693cb4e3389fa47cbb2e97bcbef621bf5f713de9e3a68db2875d0701bb0849a676e1d4db39b87440f5299d977f60ba6
de99af8c449084e65a0c53003d68c7e3f3003d687786f69d31ddcdc126823d8011b409f432ba0bbe4320177c0672cf85ddae460720371623c8ab2f9d
7dbf6b7cc2027945aceb13ce8e2b3630852aaac5f28523d0616ab6fc766871d267a458c734f8000868570404efe7f0e8b75734e4c3670716e24c7765
46c2ead50ad9822ec00e06dd376cf64583779a756394c06e40a2d9f1e438ba3b34e36b02a3debd9fce1ba4245069b6dcfcf6938662d7d9bd44a15613
8c9ae6ed88c4a8d1c8a7bb79b34e7af055b9d72f9523f92da770a6f768c1341f2fdd1fbe44adb4f7ef1f6b45d5d31ac68e65a9d040be7f324763658e
be58e1e2b79c874e975bb767341d40ddf92db648c5ea3eba3ab354c98f11833a07685a5074f1de549d753df8ef16fe713bed9478f28202cd125ba7e6
595117154e455a8fad5353b1d283cf1fc90382cf97dd69ff70b5487ee7c609d1b1bf5910da1ad6aed0d6df2c87b1dcb0923517253ca91572067fda63
e4011b598fc5eef00fae5facd25d07998dc33bfd6a8ac662ed0acf189b735603fecc2a7f057266530418faac958d823fd3d4bc823fb3ee493fa093c1
ea48c8d49d3f3acf722d062568347379faab6ddf80f36a413f522bca201b705e6daec7968d68ac600638c41b436bd0225dd9d51207136e0032cfe787
679a449852ed88877624ea4113d8462b24306be21f5eb8413fc7d5ce8b1f40d0018ea6699e0bea4c53a707e84c4432b97d354cee162f5fe82b7b14c6
e9e20e324dd30614649ac89c9a1c8a7570cb5168624480914a51b8d12896845e14aedbcf16efd00effc81a9a229b8e1c718453768750715dca7f5eff
e10355e6042316ca6467b33af09ebee4737e98145ea9f7ead708f15a6fa563a4e60c76344e6712eb3260264d95075826f107dfc224ffd87d8eb50c6f
6203a092f81429388029de5304b5647e09ee006cc9a6d538b025bb2ab5a1cf307559e09134adbe462ab99ab15e5f481e02f50e8ef77cceb2fb12a34b
a97bc03e555b0c0e60b42c1b304c6db906b275d99daec8c6394c6ea6087b76a15034cd1a5a2b789d68a498dc4d8d86cd718d1983464d43775f4aa943
b469efbe8c9be12707d2c18a1ab0817d83665ee376f875337cf983d44f321132e13045a38221bc973ab3f13a6260c9e09d34ad4ec03b893f8c4549e0
914327e15a40837db21d1417b893a66dc9a9aa6947d701dcc99acbe4291ab47a89736128b18917fbe450903af506ee627aea0d5c15025028512dff79
5876fc16756795050a2522755ee40edd970dc5d05f79a04029ce3ee050a2361b2f3088c3af6531072f8fc524c966bbc2f84e79a8da83332de7990d00
9cc497a981e67bea504e1ca26839726e363f2942f4dc5d4bce649c8ca953d7621a4b9f0aa29a289f7b16df7f422a55b3786a6dbf672c38322a038048
9a47f7e0904ce183397aca5c59b10025691ec99f87237df807bdca527bca68ddfd9fd83c943d5fecd5cd680eaa618e0c6f964e004a74683cc4245954
da034ad2704a3dc421d9b41e3ee5b42cfaa7d095a0830d80489a6277e290c89b4f944f38911b6092cc48b4881e8c47fec1f082738036d23cf23c512b
790807da48f398114c91e621d88959448e6c64574f644099d83ca70758223223819e15dd78832cd1e485a762a91b6f9025a212bc70a6a01afd4cb66a
e35cd938fea364e8c4b8e4d7e4a80e237bf9caaea1a9e4b8d567160577ac27beaa54a49f5f0d06dffde47c27c9c7bb80d4c4636e2d3b1350c26dea29
7ca2322e10104d35ba10104343d453a6cb0a7eeab1767164e85851b359f020d614854f95136e5b4f0cb535673ab1d36e99c2faee66f2e10f223d99bb
2f36a4edf5648e34f183eccd0a73267785399f4fb62acd8271f62ee352ac85e79f1a6abbcf110902b0c60112c48c44d11fda44fa4b33c0b2017f686a
58c07e880f518e97d10efb3e7583b53b90555f8cbf3aaf9a312d24e5f20a933ba5848370a77469c7ed86083c8898a2072f9b1d61b4dd32f80f0d0677
bff422a2887fe1fd6ab1234581586cfd4bbeaf4df1257fd75cf85a1d09ac35a03ac40b792a09c3f88175888f999e09d97db6f359840476189ab00aec
b0b83d03cca1a94db8740fb9333daf8d490fe7ba9489bdd40a82437c8b1a6fba00668288e1901b822b98f8dcc950e0383a686e962e58f89275d486c0
1ddd858729ed99c07358ab796835a08532780eaba781e23968c871c1b5bd12747176a0e70a601e76af1408ecb0648b1e590dbfe4582d267f494ecd83
3737a550701a765c6ccee7ac050982eb36453fa01956cd8c2e455dcd1dc463c80dcfa50d9a5b380019a2247cb83a01594b4467c8cdd055b3f4944bbd
81fb3090160eade94054e8ea7caf9663d3171bc5e742241237f9152b00880a9182dcf50aec913b6009913b3dd2696cbb10d57beecb00488824340bf7
7697ecb76e4fb3a05c6adb3d41064761cd6dd9a567798fef123cc1a32fc0135635f78027e84b7e889db0682e7c0dbacb0e1edcfa68467274f82cbf63
e1b986edc8fa02c2427cca7fec2f2b793afd9ce5a7f2ccee3ff4bdb99f592db289856fc7c9e67ce6481fce7fa988d7d6f7e27a5256ead4a139995f59
298a155b0bdde8cf6799c2662cbad4e2ea74d8a3ba8b157084d1f15f78e185119882c415cba3cef7e7b313c222a3e11f9a035eac954b0e50d64a05ad
cb23780fb02fd436fbe673b61783e2e32836472dbf1cc4187eedf9d96c7b93331d11822ed5f86e762fecbb7274dfdca7b11befcc8fa176db14968a05
513dcd254292267a1716d4876bf385b556ce0136183b72c9f53088ecb8c7bc29396b66aa0fae2733270f4ed13dbdbe50ff0c4d932e7c651437b1d763
f3e6cbeb0be95f9ad724ac8ed988e8f9b3a55fb987a311c36c4f53af374b42d95f57239987b77bddda5f1a66ef8e3b6db1d53f5daf3d4d277e6239ec
5e22fee02772f134fcc319bb27f11fd63fcf1c3e1ca5ef8cff0f8a224bf259e8e7c3b4d90c26f810a9f38cfb906624d9101bda4fac90872cffa30364
77ef1fd4493bebf88703776bf4419d64437f429dd4ec9a4f2ea8661d6b65d32dc4072dfea2d5fb67759058bbdc08a114f8a04bdad92e7d3627255bc4
8f6e9555077d361b8792b0a0ee87a95d509b7fd85136950e23ddef7f36e52c0bb6d9515611653f6094f3f9e1c36688f52b9cfd83367f676dfd7892af
a1f3c7e5988dcc27976338db277754768ef7973df0173ce66059033ba6c9fe3ebbceaefc94ecba99218562abf5d1a22fc78816e52a0f3e68fd1799a1
a83243336b5065667a4a129badf96c0a6cdbed1d7d37ab62f8144c132d7a71e1fbbbfd8b303143bbf24f71c162b683137328d37fbc0aa50936c830b3
3434982eb794593e7a75f68a383031f142eb952ca81f7386b361fb70dcbf9b7d55c884a97c6a56c17f92c3f88fad4159522680077e74e59c23ac3926
59483fba6cf678eed36c59bed572e8f9c28cb5c43af0d0e2f9e349bde74f9f07dffef09e8f66aa5a2d7f1ecb45b5702fa8fee4c39e0070a301604503
5c7c7c646e48172051c487488ceb752fed804ab1e3317f3e638ce834f1d289fa9d4ff23346e79d2a1a862d10130dbfd5f3997ad306a04dec6a406f19
1582c92da3aad2ed5b565451255c846ed5d81a48dff21d98d32d7f81ad0a12a110797b30a86ae946e0d657c8cd4d482dd2eecde2516c54cdc0cbce67
865bf559832be37f2891df9145b2f1b8776507d6af7bb7616127b780e82a6fee5dbb72935840142ef7ae14b41b8b69dc8c65c9a90577447658ef7d64
8b93e121fb637dbf15c46da843d170f842652d9557219dde37163d6a38efc33108a7b8d1407bcffd56286738dec5cd98ed8037bcdd71c06cf48ef29d
530e467157da87f97bc794db5bd26d2a26e99dd3aff80fd5c83fb21ae4217c875cea16ccc9990196878832032c8fddab5a77a50ded81e6924a35b0cc
dd1d21cd15dd6a6031a37af56e6e1c9101eea6eabc98fcf185fcbcf311fa93bf703f413b8616e0774f8c12fa9afb187bfe61ab4a5758772288e021f7
ba7534a70ae6f6ca22cc18008f6d57bd750f7734f0ef5be39885fdea3dac2849bc62b1d84c27adcf46f43e290aeaad3bddc12dbec064fc9297243cd3
b84fdd072ebed0fa70993b15f6f051803de67789848e7ec948324e4b753136877f58744b15e79dcd5bbac07acc48b4c29505310b1704cbee8d09edda
c1f88868fcf3616cdb09715adae4a2f72707a47fd8247c1749fbb07553d28685df9f2c22954ab7e98bc95f9250a950eccf6722896a2e0b07bba3e9a9
05e88e198902dece4a33bf6d5df626b76e01e4ee77aa98acc8e388b6551e250ea4dafbb1f4c6caf32363a9d74058bb535c66adb8318b39166365fefe
61b528bd6e69dd9fdf2f968b3215eeff2f0adb027b94e4f79c121ceccf6f56140feb6e144b5a1f02f2d10eabfb66de518fc793544deb9f252b327839
fd67e1e5f665e3253f10557cbcb8ef32048047fcd37941a3c70ef3518fa38dfae3f50f57d62784d35932fee022d9e1779b1a61526389a7334c2019a2
1dfce3f2b3a68835da3be04fb3be464a37aaf1dcf33a057f6088a759cf2342a286e28035443568874ef35a25b6e9074c00ec85f94cc30dacd759a281
5b98745aca23bf255f341a3771f70f5fb2166641c9b7bf4a804feef359ee9e8126c5e63d7370d05ca7a5f139e4901d7efee8ae4ba90284860618dc00
a0a1e9af0a50868844a39c168c3649e6c4cc4f500657ac271500083b40316c22fbce9798fbde130596a17937f9813b1d9bcf4c9ec3675cd33a3071bf
ddcc3b98d3d1320387e5ea0b2608cdccc204415f26cf478332dbfa83338b7ccedea1de9fec11f2e68a74ba7801a1a169ce204243657d00954144b201
28c3a6340e28c38cefb36b88258f2d7da9877f0c0c157c76774f996e33a3481c2b7a95e6b99926bb99bdd69a5204bf9a7f90c1e3ae8429ff702debb0
9d72738f9006d4433b3292eb6f35397cc8cabdd98fbee0f5d8f5fb79dd44b3297a50771ff96c5d775f6c4ed820b00f3316957ab3f011eb4deec38c17
9b617825e14dc5f3e13f0f7eca369edddcd38aefeace01c1f25db394fea36c87b80a26c3ea756c3019223db920f81e0c933779d7ee1f36181220380c
f1623417a4fc9882cde1cbeb3fd1c82f96731e5abf6cb90f649c77cbd63392fb360450f013662c4abfb922219d8b8cb078bff6ddb36044dbb3601459
d0036f7d007a307747c6c2c99fa3e2dd73c6903f4232c06d03388488452eb9f18597826e102f24c16a637887047c836dcfbe38601cc52433fba2ad82
30067aa778b570b35a1c18ea69f515017545f806d1a0c575d4bf70c0443bf052c95bec3efbb5642b91a99b60ef3dbcc5e5c32e77afeb958db7c8d3ec
cbcacaeb1f154903e9e0adb2cdeecb30395972a678d8e1dc693baaf4ccc33f320f2a5d1dc98e0bbd427bd9e26d363fe2fd8b847d3043df264375c034
fb058efab2393e9c085c783baa9f72b816ffb87de1bb000ca9a37ebb9def101b4e2af8d13b5c4cd8bfbc2e6dcea95cda1caf7a5bd60c048488a60e0c
8488e2c1a700114ba6e062f2e1943a9db88e438dc5dd0bbd62e0a9a6002f22d2130debbebcd5f1eaa45116fd7adbd7850a7c86f887e27f4c83b02dc4
c2a1e6f5c5f26ec126ff6cc8ce856b28e7a546864b2277df3eb71b53c1ad25300a3754b073073309681cb9f5cabb22d6c22e5f02737865744dc2143f
814bde30d5985b9be556bfb8735b4f02f700b52449c249f143669070ba9f0c7e9f04cf378e5f122c250fce2b24bcd9a02d0977512bd3ca97c047f7fe
8bf1acee92cbf71b42c078282a41370118c74ae812fa2fc96b5d86b9acf747d70b9ceb41103bb3612229812bb70726b3122e554e7df9123c64de976f
0c50e6666dc7f125a89be0a6a384478569df9300779adf58b72f419d3f937212b6d92fcd18e34b80e97a5e2081fd950a7608a980c1a25802fb5f95e0
12bc03b22edf8fde0266a3328700565aa0fa962fc1ebe2688a210803a4d65a8290c2f8239180a5c1ce39fa24cc51075b57ef25217b7f2c5f821e5958
f720580e77d74930dbfe4d22d6987a1008e0cbacea0126e1b8451554c897c08ab48779e9ff3fbf3736b3cdbd8004afef1cdb2f0361da10eb2508e608
4390f06492fe25707aa0c80681757d15b34f020a66e52f0987dfd8bfdf90b94c21c75cca2dfe75c3c37e12308eea59d27227ca249c12c2234ac391cd
3909a228f7cca5ccdda1e518df24e01305c13eaa37b0c8ab087410dc80b7b295243c1cb6f77c6ff7472bf292cca6ddb7c7e125d951fb0e15807424a0
726a80544b60b7d6b81d2a6118a3fc217c246c5fc2a983dab27e098cd056caaf1c4fba8bfcc678f42853eaf623d83ebf82250456693f42b372fd9be4
1575acc88d8f80fa64bc94643681d8a9bcb07c63e447eb1f0296e9ad26b3099d0182d891bc3676f494b4e6143e6f15eead668b4dc229a1ec4950f5d4
6af9c660631436905f82b257ab393c26e14c82dfb86e8f7ddc6449c09eade1f31d42ce690e65213cda22ac2e46930092ce24ecc698eb99ce375a0e87
cf774471649104bb21f9c224bc5e6dcff6f8dc0831813fb27e095c7f3ad6e39bcbab3b0cac369390498e1fc16cebefa3775ea0fff38d53c2f623bc12
7edf70ea3757ef2008f9cc767d12eeef62d4fa1fc225e1f8128a4d98ad3e099e72b4acfe24984b5fbf496e2dda7a72ad4918c6c865e2fe36e158be31
1e6c015b3ff61f6148587f04cfd5c62f86eca31fdfa2835117571bbf31408e9b84f22d1852ff2a029004f4c702d02421af477e4bfaa6bfe6f62d29e8
49213cfdb2f5de55cf567fbea3b0e7c09d0471537b4ec2b9b91dd6364580f7fe707db28d1ca7938024776c59db49a0e7762c70212077cd24c9d8de5c
7afb3e7e310e6364034d82436a1cbf24ca26e3f825915d8ce39bed8bc6ba0d7bbf2c8e8f59fdfa379b0563ab4746db0c4130f1be2cdfef8989dc17c7
4a10a86847a906c14dfb9132d72428fff6450e1e047cb7e5b25142f6c1787871710a025e15faa24431094260e9aa7b12b62c68c71f0e04d167fb6a7b
4fc2ab2be475fdc678751db52a1d95fdf6acba276f990460ca679f29fa4dc2b3e4deb6ff085476fd4310846195e707c1abbfab0332083a235cb3e853
e6480d850b4939724e77ae7b49f012d59a9d38c72c27e17d7540060127127d55180a82086aebf825d11becea523c098f9816ebf87ee3d18876755097
29017081ada7041e041d402dcefa20687cbeaddf248e615d774ac088a76fdb97807a330ccbbedf4809fc3b5e26c1ba60222d41fcbb2d87c3141ab0b1
aad98235b951cb1d0a0437488ac641d0947e935d4f8252d63eb66f8cc76b475b0ea09a6257e7f6b704af80720d1bc2ab6fe39ce3a525efed58c74980
1bf57df9c6482962d9bf84c736deb3f693e0304d993d084212efdbf6231409cb97f0c918ed4bf016ed2e6b09c29384ef475f7d17ecfbf71b802c06e1
9bcb6b8bedfb2f09e24ddff76f49133b6e971b95c050f71b72a320a096eabbac36085e30d9cb2f098e853bca5f080f237baf0ae041a8ee1cdd8f05a1
f98dfe4ba283b35da1a1048c78ba0cf61b71f0630325178b13105afd70d908829b4d4e0f20b843e94736d01480f4027264e526c17b668732e424705c
3a8bfe87208339caf71b1ec41d788990901fcd063abf93f2c8069a8492a64de34b1075ea70910c8236d9a86f24b89e2d1923a42a56892307ee24e8a8
b5b8b90a82ba8eed0fc18295e4ea2177b1162dd90dd7771496edfb51552f3dc5f020600bd58b2263f9dc1819ac7afe81707bd5b8a88b0882a835c5a5
b87c45a45ed7f547b824fccdfcd8d8ae4535f9d3e40b68607bcdb9139c634838929008ef358779108a84ef37446417934282a699eb2f17ce57224649
c2eb3251cb3749cebf9a1d1f12e826c11e78a67c6db60a8741c0107f5993753c99adfe2021bcfa02aa6e0d20085bb4ac5f82373b5b32a82995ecda15
677b84dcd28dd193c029f95c9dea37c67d8a009573e79d0d94846f92dcbb77a75bfd6a7f7a9341052101acadcb248869de52be0e824ea99a4d18046f
63b6e3fb0d314275e13109eb97fd34a5c520b86c36b7289370ebf83825f0497015e8292c07e1b5a4dd24db7d7bedafbb9240d033a3233208e94d79fd
25e9b8e5dd1cf71012bae04842cef2149683f075b0fd8b214c62770d0c423a5a3ebeb93ce9e25f4e110457fcee080a827338c5e920b8a2f5faad4b02
bda6e41b8427bd69fad15d3ed0aa427c0d8988beeeca7241c872299a04217dcef6ef279e359ba3fe0866d27f043ddb748597202490c2f87ef411f3ac
8fdf4771a850db37c29b9e5c955d82f0a6cb27634ce9c6613bb29b26e14af73836f1146644ea1baa556a30072fc864af7c6597bd2b880421afbf952f
c1b3973eb28927a11843ee5ca7eca2bc9c02f9243c6941e624ada1be409bdab2a493706b21b5d524c89206673f12b425da65d74138344a908b05a1a7
59ecf7a39e2c8ee5f87d2373c9e9134283df28df8209c43b96f623dcedff498805df5c14a282201a694a7b41e869fd737c096f1aa7ec49b8479a697c
bff15ccac772c249787b9ecedbea61b34139d69c9361218161cbaa16b38efb6b37a0441404cec5965d2e16842b63f8d1b9363f6adc9303dda9cfd0af
930417fc9e7d1b0479a53b6b081edf8c3f3154e28ebf614219bb8a079693fe563d1472edf123a826cdf9180425dfed57eaaec224a77010104296fafb
46774798a33a083ab9da7e31864b4f72b4d8659a4bfbd5ebe47068fdd336e8f58eb5fdbe8183ef651d7f08af32c7af601e4a6fcb2f0662ec5ecb2f86
a7bc796850e7c67cf18a4df29647897312ea2f0623f248a1bdcd498d265434aa4908795245bb2cbf8575ceb05bf7243c8fdf70feb5c8364f99fa8f10
0785a94089f7d5a30af547103a11daef1dc481517e2952eeed7f08541ea7d5495005e5a80f02eac5bdad7f08b227b940100e0f6ce54641281e901cbf
72b1b9d8737f0fc17edb7e319015f7beffbec1715dfb53f210435adb7fefde154ff1138275dd7e799c59ac5f120c370416977059cefaabfce564dc7e
75c59e2a35debceba7f8f87d02cb843a7e6df1e401cbaf62691f55ffc4a09cb5fdf2c002aafe89c0d5e53d65b4495019b2a71210820761cbfa23d025
e3d77a7776fcafe0f7a6ee63fcde652abf6e569b2df8741214af7e3d80e1638ce06fdd31058c9afc08682b8fe54f416f0f37ebaf18decc58ea2fdbf4
6524a11fb9920d14ad6fc76e79cafa8d97d797f9f5176715b34da242ef6017b5636df8e24c22ce338f78d9bc4b19ebf37cd1bd40e815de8134b0a306
7b754fb0733fe61decfc76f697efc051e901af7df14fd090c9e633b3158bb877702278609cf77295bfe189fde532fe2ac8e0cbedf815d8aaf982ed34
63f1f5eaf9cefdb197dbe21da3b497dbe29d539c97dbe20db4a4f7fc1ee311298c3aa60867a4f0b987a9f17c3e781e3cebb769f18f805128b4e3199c
ccadd17c0e2bd7d2ff76e434237e88e8c7c21f5fc9923c3c9b23eef8acc686b3ee502dbc5c2c9f4c4f3a92229842f305073b21abcf67801e76ea2ada
69cce297ebe673ba52da0d08230bb1791bd60c6e0c90a22bb8863e5bbcf3071baa7d373724b91d13d3f794c5b1d79f2f706e14102f37d4e74bf30569
b0903bb2c08ea5d8eb0d75fd48cc97e1c72830dae87db794dcaed8b17b9c2f5c89c49dee7c71006f7eedf1c53c5fd3f0e9c3ea540a7d581dfbfdb03a
3b991e56a7506b17224c63de3327f946a6586d83c3f99e4e76f432f3c5ea1cc6d29a66501aac595ac6b236cdc238b41d5387b539ccd2daecbe589b41
998bb5297c402167b7715d3f502ccd176b63a7176b73d01c253bc717e773a104c5ea3812d56d6457157ba7f962ef143fe092946974186cad4bf601ed
218e3a07d5f3c5523b296b96da7f2c35fce9f4a49a03e197ebf7f135ba8a2ba105a3e0f962a937a3d909cd6896dac1824d0de72a2ff7f457ef25ce17
18f4e6886085dd59995e6e3f0fdb867db42aca176354cf17de87fb45eca65f8e141b3ba5290ccd3a62dbf76298d6b13a7eb14b63773e1ff5cbcaa30e
1979d4191d8f8d7446c6b155e7f1c23d318fe1cb6937c20d3a358f6124b5fb8940416316705c83f6e1457d8673af97e348073326676c265f0cce105d
5e8cbf709af462fb2547c1f22bd6e2ff8ae56dff2dc7c3260c04cb97c321542cef1bf31145dcfbc6492667902fc237e7932fa654c0a7bc1852b1c8bf
2fb71019e96fa883c18b7c3984eb28bde733cd680c5cdafff779f23fcf7ffd3f9f7ff91fe30ee6bfffc70c38528df7c87b060d97d84108a570043132
17a284fc1301d63c0dca478a1e4b82f2f1b3b8a189265b00429f81b6254b50423f1f817aa0a03ca6d2ffc00ec554afceef82f29a8a7b893190963576
d311c07240cb5c807a8c8032a2005836bf0e3eddaa41dd020c5d04a4c577eb5ceea831b06d989a2d00b545c0e48ab283aa1681e962ba2d60a345f048
dba0bdd0bc548f7263011a2c82cb78e410726a04e969569a79e0a97cc1c262d9876543538fc5fb021c53045194c558e747129b180c6097fd32255a15
ec3a174092222065a16c1f53025eb460beba80c013c1475a83f648338760110b803a11143e3720d17060d4acc8730b18353380a7e30b7f0108260233
88957601c52502330836be3e319d2240a2c3827973fcce20cc42833d07de061498518853f3714809be1da2457c100a4b5665ffb52d716e13c108a627
a9fbf10e2996e60d2cf0080e62154855d2fcfc00936b03d93b8287586b902adf029b5b9b8a0d6cee084280e2a64a8001428a42746e9c6cc0684740ac
18b51ba8d51178ff0a8a65c076706397ba814e1dc190c6c73e541254e5ceddfd6d0b092a02d794106de64b938675b3944b8a1b97a0543eb5a906d893
56a58112b04239a5c48d9860c401b80b85addbc65e6e030c35024c4dcbc2b7baf17033104241b8b996824d21a63ee126551a669a7cbf9b2327993356
34c5764b631f36474e7c6d5fa837733be245c3822518c1190c38bebf87fd58040fa50de97e73c66d409fad62076ec09d45101db7fab1f392744322e5
45c73117d78a71dc7c79a061c45151cc6e8783e5c0e523d035f399ca1f9d45912175c020b6636823191f3be00f33d0843eb8ea7cf9400b53cccea9e3
7ca6d50e74880be2c676dce6092b146a66be508583edd6c281cb7c29d260f65ce2daca42da824fb92364bbad541aae84a1564749b49546e14ad4aae3
61682b5d1240b55cbfd8c0e289a09030b22c164d60978a57b30d089508f8184d542d455d2051d80a039a41236588da1be82911dc4cbbc8b3565ab222
306d5c51daaae314cc8ae8abc8b4394e5ba352a123def0e917012b1d0aa36dbc0c373c8b052d2a7f39dc2e849aed07bbee3afcffb5346fb80489409b
583ae47252e07b23e674149443b70810dd3056db1e56ed19b0c30499617b1c68cfc7d3c4907f362cf82328013b40e1b1b08f20acb64bec67b6376e80
cc40a748c1b3b7f736d6bd7d0dd5370e6523285f93e57da14766b08544b64329525a88430d4a870262772715859a410921ab42a952e8468a1e17a3a4
0df9c8085a30fd0868320c7ac3561fda608fcbf787df07e8099892f93c24e1b8851dd57cb9a4856076507898c10c42282b504e3f1ef209c632f3b149
39e1b0447a4df6926cb6f12e039f0116437838da41658f6038542bb4539af1621605b473d080229f220045ddb6535aec9ed97e4cd98f926d5cf3af2b
24d6d91de0ecce0d90f9fc910423c0687a07593a0232c047fc2e539d01f1ec5c90982340a2383a05390f699d5ca35edb6541aecc8292dc2685872c5c
58db15bb76c5ae15916abe3cd0b0945e71c7b9834d1b013ed971afb82b66ed80cd068db45b9736a005dfdb417e9d011bfc95d3951d70d708f09a818f
b2f962bcc378f4c57eecd2aa34ca725cd23ed068befdb02cc5b407694b9166dae0563bb25e0430f4905a7725be502fd08d94b85b9268f856ad18fc7c
67499a2412daec7b5822756ec8edfbcd380454725d71263e4bc1402c7a21c289c40ebe4004da9886fc78604914416167186aa8e3090d4c049ccca0b1
9f2f2f349af3c0b5d3c1597c04abb42d68cdef817fbe7207f3e0cadd0c6210697a3f9f2f49ea38e6603fb8fc12c187949484638508f46612e2e2c16d
8c08d880b3993edecbb46071af2c7c072c2c82555a09da43e9d83d1dace645be35032b119b80a25c5960313369f09bb284fe21820d5ae851ca12bc39
8203dac1f786698716ff211ecc9717da69510e68a7342efee9d077be9cd2f272007984c81e410092ac92424d1881b50dd65a56a6d40c8295c335e7f3
4712a765187e957595b69a34c4f4b22201cea04b1bd08cb7192f6490b2ee94788d5e3f588f0a226e04513896e1b2c6621e41a0bd705451d6d358d1e7
07f71dcb7a59dcd85f1e78002deb4d63aeb7a32e464ed9acd506a33830d72972bbb2e9e980dd64d9183b33883b8e881b815201a979d928b4b865b36c
c0d5cf5a05f32c1b1ba80270fcb1992b225311ff7d0df7667f5bc0cb66cf6df61cf7240b08e3118cf872ec71cbbe106d473d7fa0e129bbcd0ff3da56
5b0c38eb083ed2a254708f082c55ec05ca8e8c3f0376d198bf95fd66008a37bb225595c3ee3ca23b0fdcbd1490452330292506de328287a4b4e3c1b6
7906d19fec958a22e00cbce7402d8a83ad7010b682cd338559dab1e059053dfa7c3e25e1200b45d4e454540c68bea045652babc10c50d5733dbed495
8eaffac9c3af66a970ea02545c0806a4adc6035d6d852d95daa471c67d70ffbc547bbe62957e1cb1c39e222cb5ad783f5c91040bc0451178cb20984b
690e4ca088225e7c0f189f0838bfc680af00c71301ec10dbb902984e04dc5f41773f5f9ab4d90607f70fe7f32d89e98bd56a6907c56b5ab473b9ba80
ca1281373c62512b6d98d6bbce5cf02acd7101fec571047b2d404344c0a1163666533ca724dd61c669cf7c39a5794524c4a1f90237e89e927319b274
c48419d82a8c1fbc9747e03d0f384e7f2f69377267d4160fe41158b3503e165c864760478624528623793092b1f12ac8e31154a3c518184d9ad71838
fa2878288e209815071a653c146e3c76050bc2e9e7d0e51f5c8028a8c823a017397929a73cfd3cbd6c11fad9824fca0882d11506ede580c735e08163
f97235c6f6a5012a77f90a5eed2260853876e29df00fbdccaddcb229977c13b770418bba5ed6ebbaf55b105248e1c65504319ed07496cfcee7f0ec74
a0a92cb8168a206fa1108d05bc7c5cc011f7cbe72557bcf66cab9d838f9519e05d653d42769f139992e0c364d242d959f0a21141083a160ed3b60890
39387f2ad8de4410bc825d7b790a6df214db8411fb5446cea322bb8490541eb9d653bdc342b33ff6ff13fd7fa03729ee890a57dc236954e2f950310c
570f740a856be811a89864483ce8140a9629077ad982256b04035294f7756dd562f328f08e5746fecac84b48bfe5952d72d9f6c08aa3bc36fa6ba317
d8c48b02610654bf303931508f20697cce79ad9dace27fc162218281271a480fd5d7b2aa71d456174a122e38f95cec392a5ba508a27418825545908a
08122ab01dda23ed955682f69af425692829ea1aeb4104819301fef7e4e21b24ec1b0f335de3042682989a78f99ff5582075ab1afba6f9b24b3ba445
a6ebf073ca5b8cebb9eb37ada21fa856f3e5916681c7fed745bdae71021b814e1b639cce1d3e25dde274f9c0817045128920182b9e65e7368f6ab387
da746b5a370bbae1f302838baaa0318366b40eed9166d2581d2afae308b886526379a8fbc1e7d8aac4348d92ec276951064f896781c6789e01cb03ea
81ba3f7eeff17bb1fba820b947304c1bed7da0569c81b458e5ea61f98e9c4631b6eaf1e17b077aadc65dc97aa0829f41b885c5af4545df1401e3a806
1ba9c5f62c8bb4e0f173bb4d914b30e2c21d87f9fc91741b2d6a01ea74047b440b365a8b991633a56ce5f5635cda5d39ed9a2f8f34db38384655baa8
4817a19b8d0257968219d4f85c30a00a106c043020eeb6d50a1bad68960aae502af0ac11601bca997c0550350234d1ec702b78a4116049c63dc90a3a
6804f00c4ec2e6e7a86bfdb014e2e37bb615a30794bfc959221a4871111c410a4655c1ee8a8096e3f25905f72702f63c206ad61e46e23368cc99163a
fd3958e89c3ebc864565c19d89e092463c36246133475ac66267ab55054e697d83f69aef6bbe0c0a8c2922305fe6f9689465e075e6e028ad8e9bda0e
4cfd262dca32e06933f0e25488baf574367a62df304bad1c244760be21b0d6136df20c987b00edd513b1a9b2b4cf78b0abf3f47ba1081640a1e2a33c
82d5a43bb447da2b2d3a1cd7e011387dfcdccd903af55f6af3e1083b028b1c4b69c5b57404160f0e722d34cb856d47c3f6b5e2ce378211c583fb5d6c
902b624664cbe76c51bcfaea7aad5e43d2c902de37925ad90bff012b50cff5b2c3f169abafa88abfd90886d1281c274c3338a4912b078155b7af0de0
8c7a3d56cceb70d8c5561c784670e0892686e3c7c1ad7b4c3d8bd58f6c0ba78253e2087548bd8d776f7e8e5adc2e1db737e851e9d4e7a0c8daa3360c
65e7cb250db685dfe329ff539407338286c7e28a0b9f08d816b93c292654c48472d0154a0935ed57cb02ed31e96352b8cfcbf9c10cb0f76b14ef75a8
bcb61417bd9ae7b33340d1010f690b9be419b07862fc365f8a340e4e4b1c9486357ad0d603e39d98687377f240d2db3e06b873abf242035957455773
856bac709b8aaec96f2e68c1850baaa9f94cd22db4019314996e87240db4ca4634d461816340811bf12a25d9bc96828f8dc9c4cc01b351d5666db362
9b73058fd5cd93ddc6c96e01d1b0eda8b0daae0a2b6ce8ffb6b237cf749b67ba1daf97e1ae165a48a05afc358f6f9bc7b70305f9dcb55178547f055d
71dbeda85d5198bb80f3c56859c74652d480e1f58f82c6b2db50edcd806dc40114dbdcd791edc14672ee5de27b07fab7d8ca49231eeb4e6c96c83736
d873ab431e87b6ff3d3407ed60d33003e01430f06e07ac7806b42349595c23f03e5ec8e0add82d45686ffc6ecd17e37977094d582b70d319c45a84c1
ee5c41364808660737085a71bc15ce253a0ab3566e694fd288f79a36386241ba6eaed98d35bb705039655deacac14ff8aa2dd02e69de2164cc54d4e8
21f346d2904be73a3920e921130f4d71c91c5a708ac2c1675395d0006d2f5c876e9e1f35b0d88be399d53b82db8f450d80fb8e8068a1fc6915e6da80
ec8e73db15da218db10b766403a03b02ac9238606cf532d7cbcfc5e0045a38021c543a8bd0334410020b56be4dcd4213a89765b881901b01c77a20b8
34b06e23687e8da46cf11a10b5b3700d1ada8606faeb8c47fb36eb2f74ea40dc6e8a1d0db1a3805bdec0c48c802901504203c43002781c37e15be744
7406b87bc65749eb4e7bc1da0e0c3a5ac73c64065c954171d600f08a005f049c4a3410a82260d9008ab98d8bb483f604e5a80dec2166c06d15ce47da
299f002ba770aed0b0fe8b806607fdb99d0e13ecbb0ac70a0dec9108cc940106564704644a879d8f291f528662a55de679996785c459c60c6cb9d066
b44bfe7b05ffdd3664bd76214bcd2026351e97db8562b25d42a160b1d32e44e27689b38162b85d36e625aa064ae0f671927c9c2498f5362cb723c0f3
14dbadf6b181d30532e25ac3503a026f5ec2383e2c7233c0f09fbb290dcfbc11242dbe77cb886e1911ce59da8da03c03db93b2e05021021c99a2916e
dc378e00efa4f8686fb855888005923d467b0a757b62c759b9cbd61e79185e0c67b6b1cb6a78318c6044b403d220d7274e1627075a205d923e900e48
b724cb011fe6682382876890904c1b37382a97b5db6b0bebdbeb7076becec4376646b5c3f0381081d763bbb42e8dd2d2879e96344f4b3a8e68e78b5f
d3a923d815edfdd046b877aac0f73535064d8d4101fca5bdaf9fd31b1dbbc9eee96ce774b67275733ebf90c441e530b32fa87967802b30ee484ffe1c
b9ce2072e578272ea84b422715b780feb69af735f61d1120f06251385f28c11a7ca36206dd3d759d01cb200ad5eea9eb0cb0810b36dd3d73e89c3954
0ec4fa867c3a038e2658debad62e1d6b978a02b863d312410f52ecdcbb07ac3165c973106d9852fc3a2ccffb769a83cea7b80b305ffc9ceb007ac229
9143d33cad2377760f15fa2ebc185b94b9b333de4a51829b778cd522788d46525682beeb58dd22ef1c99cf804b8b4748247d67ddee3beb76617598bb
2ddae9f0c26821db83593583535ae4719cd2048662efd10f360633e8d2888782a66ba8d2f1bbd30bf66833d88d17f916ab56a81ade8966648a5c04d1
45a13ca5018a5c10ca364c80e7cb2acd2287f8111784a1090985e557e72822026f01c74c9d8b127954a4ccc605edb8fd29cde663f854545933c047f9
613c56b45e5dd1d0ad7477fe1dd9a1628ad5d9f147e06de460f35d61a02b0c9425a6f97c19d24e9242ba2c9d18839cb2f786cea437ddf4a3ddef6806
22f0522f93b5a155eb4d7fd098107600ce23601dc5994c07523c021cc5d9028df39219709910f0e4ce714204d87dd0789dddd70c6c148677771a741c
1c0d6e8ef56e6774ddcf7191b9031b1b41f0db122b7f07fe3502a452ecb97ab7cf7af459e5a8bcab6ee8aa1b0a8e0cfbe0606906afb94652604723b0
01180243a636b826531086fbc0f4a203065ab9cbdd01a18c8092a08feec3c93262b2544c773b173b22b831f18d829c8e27a003674a7a0c80bc08fc5a
5825f7133ba4192098954dda298d195f4206e9e74925ceb8d354b133ee279bc58eca6146a324e02645c0ad1a56b40e724e04616adc1827974ce09209
54b8e08548db81d0a95c99eea01644803408d272e7e420822a2d927e585a676025427d375f6e69f8b90cf9a573dd2a020ac272f091417f60d06896fa
6dcbdd0b3643b19af7fb21167ea36b8b25b373f532024e0bd10d758d1dfa639ba3969d2f5ddac03c1b12d6bd9ddbd1958b6ffdc152aaeb15a2db469c
5544d0fd5a0c254d22ba2611a3d3d34ff1738242a079ef5c2b8f609746e91ce85c889db410193b56ed33005577e320a763b21ec12a2d8aacd0d0bdf8
b961b0d45ff37d33dfd81e751c744610930958ed8e4bc9086c28e6e17bd1872fb7dd0afe5e3afe0723c0601207d30b76373380b5a3d01dda6505a00d
349c5e2e280606b61375fc5c26fcf797f4b170b03d342a6f02262139440013c1687e606815018b86b8116b745204a8d3d8020ef52163155c1c6ddfe0
c820024a2ae8ef8aaa67a02b598bf0399e260c4e13aa8056ebc7a41f2fb2e3825cfb8581fd427c2e7c6fae284167c0cd259cf2ae28c167409b89f2c4
0943040fd1a80432eb0c2af71722d38dd13b8362caf0f4b9719832105082d6a15569d635e37da4b116345cbf6e9bdf139b46dcc88d9dc6d8c09498b4
e8e50d2df80c325e545663b219f83d7c07abd6993b30d3e2cf5791682012c5d208c9a44daf0038b9d6966c06560d5fb2d85244c0fa30f071cba9c80c
d41f70356abe188fc387a213f6ed368fdbe2e1077567e99b81430a8fb33be2d90c984aac41438bfa812d6f131b6cbf4c7ad9028c324d2f06a617418b
6aece8a807f6584d1ca50311611c1ae10c1a4553f9384fa116b8a82deca16760abe028b7a07e9f41d8918bec52d856cc8039cd767e14ec3367c00416
b4afa2089841355e87f6487bb1968f5cab93b5ee8e63e01f548d8c548d749cc356b4033368d2622057b44a3308ab436e030fb51433185c4e89580dc6
39030b47ab6bd930b06c681c5c8ce6386982d3c137e7e24c67b7c10d1da67133cfa6c3233157dbb54be38e117e7971451b01ec4b78ca667f35fb4b40
5a449408cc152fc09df38319e0f84234cb8e983c83c7b3872015a3e9e7766348f42a4d7c3fe1693c56191cab34dc628deec0ee7a1f13b051516528aa
744e07c770980c8789807dc82311981666c4e5d608a239c5af1b566250892232e2d84dba67d20ecda462e6e2417c20d6cf20ba55dc8e81301830c490
a20b877c729c24c497be2a95814a25f2e4fb8f792634a8e0de32bb212a28bd3f5ef304e64cc09f818e6206c594039a290162d886a0cc28906600c3de
c567b5fb4fbb5fc89cf332dee57d63a15be5d8278ee731599acf8fa417125fc3fa7c063ba4a8fdf94a025b62d341fa2577bee4cea8cde7cb2d2d3325
9eabd3051410b7c0e77393744222a573158d4f4bb44de7eab57be75f883ae7ea95403f78abbe1cac570cd626b6fbe5f4bd9cbea899c68525c50c60af
89cf574d5a6d60d8f5d54cdb74b1212cdf9016e302bfbfffd57a5ec7ff6b39f7ac6970d6d40486bee45a1756e57ba2afc13ebece3b047e3aa8e127b1
81121f8caf7d8a0e3a0445abc6ab3a0f1171caeae840762c223eb17b9c011b9b25b19b6e698fdf8b6adfb6f6ad1823e8f65da4254cb35830c5b485d6
16f3c716bbb3c5c4f841c49e8123464c19a7d59d981609cfc228ba13ff40680b2e5bcd608326f6817ce001c80ed3b5a14839f0c614401f0dda250dd7
e289cbf148d27539fdfe7ca4e1fef010ae00db87c1f955e82888c6c66e065cc061843faf198893a20f78541433e042910ed4d9380d8c61c2c12034cc
38070e7322039c8bb3391938090e77ed3a9ba7b3df0a18006cfbe5ead10cf4d7ae8b75bf36fc9a6eea1516de8f6e5bf439108ec6694f1fb5ac5f74f5
1184fdcf7f1c152e63f939282f7ffee3f6c81c51bfffda9fff30a65fc1794affb32fffc5a343b6a6a3b1f04d56f98fc7a6b6e1eb03ea465d9a8f6822
5afbb97242ad9b8ffa24e266b7baf39795283c21e0a180b13703bd0e78f73e3efd82fbde8b17b4d955cc60e556be17e54f497189a0e6b5e70b52c9db
dc83bbc3d1f6af30c924042439026ece717d1bbfe211c474e708f5c5215304d843e013f0c5a7590444e3e6ef83f8f96220e619f2ebceeb65e7d5f0fd
fae2e6358213d20ae99214831f38fb17ff44113cc4f25b2f24a0e2073797d9bd457090906f1d1602c3cbb93723e561290e4be17d64da15148ecac56c
766e11708fdacbc7a71414875cec45467adf2c3bf786a5841ead7b859a69f0a2015e3d767899133308e6ea8d7d7c234680b4f1df9838c5cb7f3cffed
5ffea7fff5fcb7ffedfc8fcf3f3effe59fff7cfef53fdfffe1f39ffff13f04f51ff7f3fe877f7dfef9fc5fffe9bffcf3f3fce3dffed3bf452a7efff2
effeddfffcaff7ff917fc5dbfffebffccbff0d7ac1e40d41df0200
