1f8b0800000000000400bcbd6bcf65b771a8f9ddbfe29d030448003bd96bf1b698130490a556dc07b2e451b792130ce6c35eb7a4014b6d487282fcfb
433e4fb56df904e9c10c300d7437b9172fc562b16e2c927ff17ffce6cd2f3e39dfefd72fd25f3f5ebebe7e78fffbef8feb179ffefaf9bb9ffdc55f7c
f6fef8fdb7d7773f7e795de7757ef8fac3dfbefce6fbf7c79bebc797bffcf4f567afbf7bf7e35f8dc2afbf3b7efbfbf3fa50ea3f2ff4cbeb5fde7df7
c722b39f97bffce6bb77ffe3f59bf5f1c8bff8e6ede74bfdc5af66d1b7ef7efced28f29f7c7d01e297fff1fcddf3bbe5a5cdc2ff787dffc3bbf7dffd
edcbf2d78f751d3f7cfafe77fff1fdbb7ff9d71ffff6e517ffeffffcb4a13f245f96de1fbf58474f82f2d72f9ffcf6b72f7cfae1e5fbeb87ebfb7fbb
cebffe49e59fb6f4f575befbe1c7efdfedbfff7140fdf2fcee7cf9fd0fd7cbbbef5ec40cbfecefbe7b7eff1f2ff7fbefbffde1e72ffffeeec77f7d79
fffd4fdb993fbefffd8f2fdfbe3fdfddef8ee76cede72fcfefaf97df5ddf7ffbeec71faff3e577dfbfffb77763fa5e7efcd7e78fe39feba74ddcef7f
fbdbf7fffeeebb7f7939de7f77be9b2dfc400bdf5e7f06f57f35841f5ededf1f603fde9fa3f6ef7ff871a0e2c7e718d3e8f3e5b9bfffb73febf9f803
3abf7bffe3bbe3faf928f8ee8797df8e66676b7f0ace77278dfc01d69f363400397efb7cf7edf5fdff739cff3091fd2718fe00f0c0d6f9fb3188ffff
607e090c9db1d89e1f48e26fde7ffff27e7cf9fee5dbe78fd7f7ef9ebffde1a76dfc6166a10ddaf89311fef5cb7f818c2faf77b43c2b7df7fcf69ac0
bbaabe7bffc75f99d57783a6c7b86cf7fdf77f06c3b7cfff7819b506f58ee1be7fb9be3b4791d1dcf713ba6fdfff78bd88d1d1c839c630d6c5cb3d3e
80b69fb6f4c3fbfbc77f9f84f781a87ff8dd754caa1e2dbc1bedfdfbf7939ebf93b27ff8e163237cfbabd76f5ede7cf5f9db7ffae4eb572f23fd9baf
bffac7d79fbdfaece597ff3c3ebe7af9f4abdffcf3d7afffe1576f5f7ef5d5179fbdfafacdcb275f7ef6670bfeab2fdf7efdfa97dfbcfd6a7cfd6f9f
bc19cdfcb7596afcfde79757fff3375fbf7af3e6e5abaf5f5efffa375fbc1e2d8faebefee4cbb7af5fbdf9f94f1b7afde5a75f7cf3d9eb2fffe1e72f
a3b5972fbf7afbf2c5eb5fbf7e3beabcfdeae780f3bfb7f1f2d5e73f6de5d7afbefef457e3db27bf7cfdc5ebb7ff0c249fbf7efbe584e2f301c6272f
bff9e4ebb7af3ffde68b4fbe7ef9cd375fffe6ab37af5ec6e87fdaca67afdf7cfac527af7ffdeab3bf1e700d585e5efde3ab2fdfbebcf9d5275f7cf1
9f62660cf1bfc0cb2f5f8db17cf2cb2f5e09c3c0cc67afbf7ef5e9db9f8fd6ff981a326074f2c9177f869837bf79f5e9ebf1ebc0e6ab81804fbefee7
9f4f848e0edebcfa3fbf1935c6c797cf3ef9f527ff30f0f1973f45e39f51f49fe1744cf7a7df7cfdead773685f7dfef2e69b5fbe79fbfaed376f5fbd
fcc3575f7dc6b4bd79f5f53fbefef4d59bfffed396bef86aceeae72fdfbc79f5f3d1f7db4f0069b43770fde6bfcff42fbf79f31aacbffef2edabafbf
fee6376f5f7ff5e55ffdb4955f7df54f03af63289f8c763e63aebefa12f40c147ff5f53fcf1e26de98ca9fbffcd3af5e8ddf07297df99fa0fa9389c3
3703e59fbefdd33a039231036fff042f2f5fbefa872f5effc3ab2f3f7df5bf4dda57b3fd7f7afde6d55f0d9a78fd66967e2d40fff4c980e61bd034a7
7fc06bf2f59b3f9bac584d3f87625e5e7ffef2c967fff87a8e2e6a0e827bf33a88139c7ffaab98bc9f32e6ff8f22f9d577e7a7efbf9dbcf2879ffdec
6f42bb78f99b0ffac6fdeebbf3fb5031066f1a0ac7cf7eb6ac83371e3f7ec8f2dff1ed5072a8ffe63f7ef8f1faf6f577f7fb9764b9f3f7bf8bb22f2f
7ff3f5480cbefa1f2f7f098bfcabc1c9eef9fb57df4f963624e75faa8afce1c39bdfffee77bfbd26802f8ddf065be4ffd1dbd078be9c0cf76ffe13bd
6616a144a8336a337ffcf9ed7ffcee7a59a2a5fff9cdebcf5efeafe56579bcaca52efdff8edfffe9d753fe3ecc25473145f20fbf7b1ed7f7cfeffee5
1a20fedd63fcf9fb97f9e7ef3e6b9f7ffef7f3b7cfb6c7e3b34fe7ef7ff7d92f3ffffcb3cfe3f7577f2cfb39bf8de1fc598b3f5bec6848c5d1afbf45
1fe3bfe5fefb9765d6fad3cf3f5b1e8f80eedd79fcebf3fb59a11c7fffd2db4cb599eaa4ce91caa4aed1cee33193cfc76c7226f2fc8d2acff2f72fd5
1feba89248b5bf7f69ab55b6f1395bb28f4a6525f91cc96c817d36459fcf6316b08573266d76f65f00e53987b452761fa03421d897d185b0ee79f656
489659cdb203b0d6369203b265b1da806c49569b9055c0d981cc5f27642be0ec745c67f2a8b31aed9e6d764c6fe76c2c33b673962d3476cdb2827353
96166eca4e709639553dd54a7a21bd905e671badf82191a99d4c26931a19c6d8e8617954ebd87023d36c6d23b32532dd8cad8dd1ae8f94fcb2936186
96c7616b163b6dcd2f97e0d8f4ed9789b06579d0c04ab165f10bb02d2b63a3b12591b646b57f33cdfe0166116626655984b9f9e539eb77dbdd279542
06cb22c49b6d0971b7fa652f56b9ed85cc2ac462735dfc02d2d7d52f6644fa661d91de19ffea00a0926505e9db629d0dd00060ed33bd809715f0ab3d
eea4fd3d8004476b0049a9144032b169a235d34312c49501a764c64201afc5025e7a49c2cbd25b5220dc3a9b0dd07f12e1d1ff53ec5b4722c9b67690
7192922877004922c936e06856d0976334d4c98c064ce649f296cf41f0f4911d4b632cb9d87b821b0607fbcf78da4091a0d9b6aba1324b59ca6a76d5
85c662ae86d5ae202de73f4fb69844403e9933c6521eb6cb0c942078b059180dfd95399a0c568a6391f68af3522d1ff3624bce8be32fb110ac130bc1
d69c17e7b2ec666c2d9602432cb1140426e685f116172fbc6ab0bfd1a9745ce74258a95c6544926b755e362a57c7222154c752fc126bc23a8e2559cc
35c150aa6bc242ae0960afae09018971f821c6018aea454ba66f5a62a65acc88196764637ccdd522af6cae167b69d965603129cc296d8ec461b59815
1b98abc595d79c1327bb3927f2d0167362b160a866ce59dd96e6ba77d5f5896cb1d341f526291eab19c038a03fb17088050bddfc0eaace07186140e7
4219ea9e2bbf03e999f8dd74e6777a3e638901d1a94c513e9c2240e6734a9672eed35524f19da2406e7b06bb609a4f51e09abaed477cdc681b0c709d
5c692cbc597d75816d50cf5a18c9b291162534b5964096a5180b84bcbac436a87d2d8c657b584a561dc536339d0c74b9daf093b4bfcb0fac7dd8fb83
cc65c64e6e3ba14a157ae679ad8bc2811e5d3c9b8374f16cf0f7b50ae56203420901ad35a06c6440f23624d24718e11a6ba8dbfa297866e405ddae04
9c995e5d45db42bfb18a10b86b13ef90d6dac4fbc33a0e0999b3ce55349005a8cd116d661c042b7a75e56c0f1b7344d9c676bf582780169a009a2f9b
70a2cbac5b20183837e17c9881d4e154eb26982cdd75131a16c7ba090d1274dd842659cc758cf6b66e0743b3949039ce4d3a58ec4674a27fac5d3059
a76b174ca1e92c48e9b30b99f4dda509d8e3da63e66d4c30bb7524c46e6342b3f82500009dcfe893069eb17440da2e68b09375f78b33bd4b7b0e7aaa
c252d03e87cf6f878d3a1368c5a2ee50d8c240d643d0b33526e8aea663e257523e46db30d5f57034308b551e26399c013fed7fe03c66429b0501701e
29f80cd64bbf93ef38a85319522ce38421dbd2d4c481224d75bb9bca1fe04d53d35e610ae9f1875ed2d4989764d9097bb2a9f38f634e2ac81bc2252d
5215e23ba9af6e6828490d7343042635ccad9899e8840ed38ac542b3ab5420c46b34eb179b45714fabbd230e5372aed1c2d3541e1172496571c35448
09eb868e537401e4c9569b190768f5e06bc8d5b4213033139b36b4435966da2e33e06dbbcd50a7a310ba08d2f3e91733bb19fad9a318759088751d1c
ff23ec2f1d3608e9a7c306e1a7e91022a76952dbb00658af09721b19bf1433d481ac46660291a7c136ac2ed2287f0f96c88dd05c974993cbc57a4973
918c34526eca86e56e90f75cd223ad60f37738c21cf248c3b726cad6c7b408d78996911c3f577f9d16579d7ae248a24a939ac88964fa6332c7cc8ee4
34d92b6d4d03ac4ef218c9cd353e52dd353e522cd307c949010fbfcff95fedf562ac33b9d26d27490726e9806a93feb0214772e011dd61240f5a5868
235db1cc4652d2cdb4929def8dca58040f2ae76e657e670e46215a9aa27b18b9743c35e006a35a1fe03d35d374d11dd493892a340b9ba81853233387
388cf031cf2b06fbb04d8b9981dd3645e1aa25beb0ea564ceca11c58e6493a93bea59e092d66f050462834676118d4b434add021b7f81d2314283034
7b8a9fe1b0653133513917effac184643a35fbd6c7064413df038a396a8c968e65bc62b37404f08ac9d21152eb07db64a5c244d3a83c096e9942b2a3
51afa8ab28732bea2a96df48c234d707104db130aaf2e1d8fd409bb0fa91a1b68b6f158ca9a3a23fafa8a5f0ea75999e9421a74d37d214b936d2a0f7
eaa4e9786a9743259b65d63967e8dd2349e39de404197cae4cde189b45c2706c64a6236b72c0911c3d61378d249c314f7e3b322e91ee973919d95e35
7a21fd752ece61cfd2db5c9e75cae5914c92eff61136364ace2e17609a6b1273702427610be95c88ed61ab379d31ca95b103e81419d88723399bc8d4
5b471343dba4b9493fa322689852a13d4c96f9331559acccd39ae89b96b3c3804fac19d2294cf3aaad5d5861e8ec18f52b9a716571a217e34c1ac9d5
d200d3635228d483a5d25d6f661820bad1c8d05dbf5cd014c35939bed0daf452e2ce58d71df424803d2456b092f0994d54cfcc02a5f07bb8a25887a9
43c598f62323ef6206121ad7874c743e85cbc8204f70678eccfaa7c5ca9f661c24948a20fcc39729aa06679bfeaf759836662622f335d90b86e89aef
09c0a3400465aef261792ca42fd2b34299e81ee94c9aca2cb032f5ff919e58298dba70de3217fc48537ea33c432f53271e69da9c827ea4e96baac423
4d3b1bfd26dba17de44f99c869d06799a811b36522662cdf429ad147d5a78c632a57c30a93c9c38dcb0e07a2df1d0e44b7bb78ec169159f8e1986500
7f8ae29680fe70aa3a433ce0be30ac3299972cb01c38b42b491062832a1709ee5b267f6b2badc3ddc64cd8fe5c552cfd326df4c664952b836f467e15
d2f484cb788d09ba66f90630772001186eb927d8ac937b35a4717d00f142f2428ccce275611ea0ebba300f16cff8d02932056c63e1d5caecc3462bd4
f280efd4eafcd0caf4048d328974e67760a98c64f9985a360a560a66d24e11704c92c4673c923b330db7a9d59516993979cdbaac8ca50b15e802a858
7f88da1ad454fc2222e1fc7592c154e718e07ec9c9c984b4825adac3350bc36f4bacbf07199b86f61b2acb8a336798c30a3568bb959855be34d72983
6f4fd62393d0f65b686695ce96c318fe04a063460d68e67076fa1ccac7acb3632bac2ed67db51b38fb8e89b0baa4f72a348b99c50cadc17457e77bef
e50fd0ec1fd8ecac72319aa172cc2fd786475305e7da0a7a65f1cbac9397f8d229165f76be00c03519c3d07d3be939ceac30bda62d906b363d004bca
8b6bea175905e39a0a4676555c9ac909e17b75775b600217d00fb0acce8e4ba9161b600d1963fd7da637d373fa1b16f3c80ca85285ed5d9396927475
3d193ac6edc8647bdfc8d0fb02295d4f3a544fbad8f74a32bc0b5a4c1de674418bb977bf4c12ef8be0b3ff95bb8864072c7516ed05032c0f56c285c5
fea1811dd8948b17e67b7e3460637f6b181e7ed15285483049864929c6b1e83bfcf4d2e7a8ed701d096442f2d794996b85482f37c32a7af9854d9fd4
b92f6d79fc8b23e36ede666368ddab133b4dadf41035275dba322f3d8f1f4a35a1f4cb74bdd64a5b28ea69732c28ea498be162172ee13258afc96c07
97a0cad4185372662e66069e7d5d3bcd82880bf76cf6f749091d7debba31431051f7438bf1417a2e62c5c03d7945c6421ce944ba7d8c1dde781ad886
1be941d36309ada40716d2da6caccddf173b9c3828ac817b6aa363316da49fb33c6ad23d75d161c4dbce31cb2c963f671ab9763f5888d1ef3dd30cfa
9e7665562dbaa7ee9a96eaef734d7696db3df9605e119bf73460b2f6c5cd365e12e6a93aa5266c53851d863db04d1696d36a3b3b69cb1cb37cb6cc9c
db8e15794f09364c7fd3734216b8cacdfedd8a9a7a4fbd68d028ed4c77ca8acb71a4a7eb462bfa66bb2e7035ada85c5954f70a4d41f9f7e49b438bb5
cde71ff8d13d0dad91b6eec4a76be09e1af4900df635e16c8e11df4b778e70bd7464e4cd0e1eeeab91769559e68f3cee4ef038a4ca3dd5efac867c4f
f74c6ecec5f49367f5f27b6ede2d959573e3b7c945e4cebdbbccceef48efa42d347d33c5414e4d3e77f8cecdbe5d8fba531cb11bb6deecdaad52fedc
b41b0c948ea7de908a4436cd80a4667c63a3b33535d265f2520730b7e506c3b56e835881611a0a6549b6330780df69a42741e3881ee9c92db762fb13
fe5538e78e5c61c362a4af99ae96bf49d3d75487534616ded3e84d9bc45ab0b0e100f7dc462849022a30b987bf23e184670af2f4804bdc730f211527
696e21942a21ce1d8491b6cc84bf3af17307a1c9496e7610aa1c830dba6db37df01feddc100a38517ec3006f3d6e96d1644235bea7523618b3e5f31c
230cff9e4a59c28538d213fe2c51b2bb906591f7dc5d284128736b2e05e2a6423610e7ef3b94fe51edee9eda5ada5c0653594b2d7abce6efc9df2775
55c43eceb0691492c68fd5d12df1862d497a67b7413de39e9b0da90b153b765d54cebd8614a867bf2ef89cdb0e88f37bee3ad4e06773d321f58775d5
f82c3fd7f7439275af2ed263004327631aa61ab72aa0eeb91151a3eedc87487aa1eeb90d316c2b063fb5a6519e7ee72e44a873370a9406cd8dffb476
db99f06b74dc73a3620d12dcd86c8bf6a70112243835ac9ae467d322ab31cdd3221b6632b3c91ec5e6d2d5096bf9ae5b8bf273836228f8c0c38e64f0
51b624b33c06278f8eb3bb837f97e254c1d2d2fd7d46bce80cb9a702569be4cb064696e7f509bfeac33d75b1758b36e7f266436ea44f641d733775b4
61a88393a9a28ddf6973aa686b974db8d9b148cad3a81c42c10f933f85809baa5bca0a9d6984a7ee32408bd35974cf28a6d04deea9d0a5cd099efa5c
2af292a9ceb545629ddadc480b90169a75a7495cd508a62a97b24430a39992ceb79b7d982c914d0daf2d123416ee82ee79a3df2505c40c741af4003c
33d22995a8cbfa96ff4d15701087752120277577b7d6f45c00a178ec78c725e83d223b489fd8c1a63166d1916fd445b5aa5b87bcb2656a8be9a1309d
cae2906396710f0598b1adf36af98967d5e31b4327a992ddec17552948535beac3d2ce4ae5a9678eb49527ab09cd09974997314e8d73d54f769f0802
a9666e810fd5ae7e849f253deeb3ef91cc7834b799c64794f8792a4388bb84a3bc567fc5471685f59437cbe0839a06d020b007963a8552986966f079
4e8322e1309ff66f257368f46632a7edd256f8a026734846ebc9add2e3863bd0ee0d80c081cba8e22a19387fe00a6ca4a7818f2c4fb80237a27412be
c08de0b591aea42ddf301c33e98ddf57d21d9fdf83f4741fe1051be99d329df441dabab82393bf5ffc5e49dfa46927036731adf90cfc5317d908b74b
b82437b63b46dafd824ea6e0d1e80001d77be466667e58aa695a02456ba7a5ca683a98284084e9395aa5bb0e2aaae9e6076b800b26979ddb0d5d63a4
9f14da18283ec591b1d46175d03179df96164b818e80fc16723ee0511c35f882813a32c03e39d5864371a4c53eb3f504fbc5da60bf02159c8a08cc91
a6bb6a5db0cf0260c778238c33ad371aa2b4cb0eeaf6c8a6d9dc8004dc455dd89d4ceca36ef0e691ae7e686408ccdca0dc44c0e2c23ee9c874bf6432
4f33b6bc9bb1e5c38cfd9ff8f927c0696117c14273e76bc045270bcb0b524b8bbd770bb1a700ad25fdeed8b423a34f8dda2bde30082cad8e9641b191
3b442383c2393332f4316d8f01135d4cdb63a4e962da18a35546c4664eb1b769578cca0b8348902deb85addb45257db2ee49212bdd257ba0a5c488d0
ea476633f331cd2db1e93bfa0148e2fe462dc6c5827d64fb3904c0528299981ee2f9460698598f8f6c1a1f1f6b3665a1115f53d91fb363a127f033c8
cc0c3a9b53a9dfb01087045b2843dd22226c9520a091018ee22c385585bee12f09ed7261d37d64d8156341a6a9f10d46651ab6bd82c7e69e88e56f06
4143847e2cec8127b6b0b787a3ee921588eaf4bc5a06aa12675dc2ad566071499f4f1a825db26bd0aa84a46f5c289e30a4cddfe13b62691708eaee90
cb0a2677eb5ac64d47ea22b255a84726d3996978160c881df3d1a86938854bef00450b009d388013754fd72788cf0fb577c8391bab9c803bb3f41bdb
07834cf0eef4e9d91899c32f95cc9499795dc810ff9425c14cfcd3508ee708f316da3dada1b236fc122913045e897d1c199a6623336594972dc15532
212b0dffc5203c4247d04d06b5e94662a60ac6b12e98a16f25ea405605377423002e157548a29d476623838c2953039a99d94f01552d31f1e564ebf6
51f972633c13e29c70ef4f4b7a0eaeb2893f6ca3d95acd3440e0c4e80caf429e9ae2c854338d4c37436b38df9ad2a5e1616f8505def0b08fcceca7b5
6266c2d6369d6c2cb306de5a3173e17e24467e64186941c1690ea1004e9bd17d33335bdbf09b8dcc44d5868f2496f996d4bd91895bb6182c722bc206
d45b150218e9f624661b6579644eb13387b0dd7a23e1ab1dfeee06ecc83ccd7c6cd7752c65c0ab70aafe244c94b887b1803733f3cbb31c6626ba9f92
425bf882cdda7008a5e746c4a38ad1f3b03578c6d3b814427bd213cf67635b6b64009c8dc8f4bc001cb7507ade49329d38d91f76ca60dd1f68ecfa8e
cc6166c2b613a251f085a59d58c046585dda9bfda0fced78f11bc1a72383468edb6264ac0333d9717f3762e4d2cea65b7511eff88b476621631dd6c6
7e33adaea7fd260a578df0203862d499b37fb091d1303c07db01891d241e38899bc2ef24e6a5b17d3332e0a04fb7453a937401dece0c0f477d3989bc
6c1d523ad1c20645528a7dc0e0d0e711cef889a97332b8f18519b9588f21edaf24d0f47919d9ae867f555b43c7ba08eadcf0278ccc6666ce955b2923
4331830e899e4a6c738c2f2cdbcb985a42a9127ea7a1e2437b7a48068bcd64808d30b484ff63095d1abb7309f50f03732c5b649746d650f4e610eed3
3a2cdbfb0c1c8c62f9912c3695ccc1ca3733dbcc18aa4ca47c8eb32a79769a0d8ad9706d64c3ee37f6a646e62633b94836acdc3de9bcec0c1bc63e32
169b5bdd9910909199bae3c85c6668edb68189834cc8c6c87433169b649d0dbacdece2e535a09e5a5e367a71c33cceeb6926538c0d868dd8f09c9067
1bdec58caa363293c7e64404c4c84ca893b011829c1304bf114f3c3a03074ce3c8b843e21718d446dcd7c81c6626389935bb114b9bb36709b0d74606
f6fd9866cadc3fa358649e66e6646524c3c8d0003e840dfe3f3202da014722cf5354e622a06532979139cd3c3ec22f7341dfcdec1fe6224e0a182e2d
0878025e08546d04938d41d815401420ea8bc52ec807e7e9c8c0d4f0b48c414217156cd545df3af457514037bcf4b91a584dacee5018fc3239cfc878
a66c72d291b13548ae312b5b9d72671886bac816be403e5b9bbba6b979b28bc08bac7cdbd8d8cfdbc24410dc3632973eb6d9e9a64f1c437a64c03d5b
1d79434dd97092e68e2ba86123e57e4117d81fb923d2b63e5581fcc4acda3034f293bdde0dee9b9fe8391b1af9986fd837a79546069a658339ef2d70
3d1bd8510637b62547c67e5835fb195f266cfba5a63595cca141212630faf3b1320bece2e7834e3be6773e0e7d852cbb83d0ca9199ad1dd762b19939
59b79d3dca7cc2bb3abeb47cfd71a76da4d92f8cb49a1ee3bc1e78579b157028157f67a76cb142c77fedef784ea76536d284f166cbc8f422331d4a85
157a3df05d4ffb74a46f7ba637f6caf0288c343beb536a8c7480476d14b70c87baa6119a89021c691cbec9746383cc86d8d0818caf057f63b7eec570
2cc3cef90a6d5c336c70d81b145af582d3e8dcd9726b72a4bb1035324fa0005478d968096ca081bb913d323a8fc106da7823ea245f53c0e687406190
72f069a4a792b33c9c08b6abd80b1d69b57c110881e0b21ce98eff183471ba0c8b6ca4f1c1777fbf632375a4b31bacf4c696137afb488362422d4706
c53f33a02c9d263358118bdd65b6482582697026223446daa50178994800c126c2b4cd688f8f70c26bee198de9036f452cd03247bb0a3ce49a52342f
d23207bb9284c3b92ec32b46e6109fc05b4291260d8cc5dff124aff430778472751cec088dca54987ac7cc80b82a296490d5a01d16f5d570926ff4cd
f98c8e17706460990245044bc60f9f2f0e615497eadcef18430259db1ff6b147ba429dfe8e2b1d0e4088c8daa4a2a9fde4c5e99b7b196b4037f73252
ac6cf4cf1c134e14c9621a21b7ba5eb000bbd3ed468524dbf5c6d0a8b122f87133b1220333cef1b4d3f38774270d62d89e78c0952f7c740b5cfd5298
b13597af29640c871869702111a12acb77afa76058beb2df0d48588a7503a7d39219a3a463b60c7ab3cd5b48c94c4191176969caf5ac74bca62a9e89
dcc811f91124be3f3f440d8c343c6f937ef630ba41e5d483078fa0d969edad45041c8e87daaae481efc9e033c1a9998090bc2cfe3ed75d2d56deac60
6d7cf9d50ac021339c96c2a80c4807932b554da33515a99858e1c1256975ea2c433a5381736b81d6a9c2ad1cc0c8c48e64625333a123839fdb5067ab
0d8034c589961c995d1c83cba9ff55917402d16a999b3445ae80880f9791200c675ac7b32126e24a442400de0c47c90fe7042567a9f470b942a3d02e
4c007e8199d5660973c9a6831ea8ae6d851672dd72aa42a919b6b206e74557ee8b2477174b318ebbaa6e911669f9a37c6e6e2b4c473ae983b1db980b
55e2bc2fa104efb7bc035225886654c9a43d67564807ea3632b838e343a0a893e940e9071c4fd014912fb30b9b0d816e293c0408f7fbc33976d25018
8a3db12f89a0ae4ceccb20e185b43031d67b297641ab8bdeac62759949b74e70503a590cfd62e053c5cfec3064025d123e9d4c90c9acc03856c510ab
8c7092c499e04c3849c6df900d27e96ca564624866e796628f1316778758b673c5324b882892093b107206bcd8399ee0247aa6277865672813453247
6e86300c718b23187f58368ca411d29a8d1d59d41508189919aa20be1f901f91216b8760880cc981110476553736346474ce98322ed86afa82615a83
5d09e890b88fd52518711fce520930a85c589ba2b6a845c0e622f223db124719604258e09948bd4ce4c71caa2d7594443f20cf503408fdc89c8fcbb7
123ddb9bebdace267f29d5cef02b341baac1606829443a7cebd69941c45c266a23abce13b531eb838f6aac094283108c7551eb200623abeb12839155
d989c19885a88e0f4b731807432a4e5e83d5a3ba1253312b98517f596d9691276bb314514d8c9ed08340c4c4accdd037d5666703f74841cf2066626e
87d0ec26e7125b1b906057112991f1db64232516550a4225c242275422735224132a310b31a6cdc0bf8fed08670229662d21038dd8214452cc0f4cc3
d44ab2f60da1141bd14599508a59c80c3bca4e5577248c9d7dc4ac324c0045d62e268062d6b6598625a1b0ad50e58dddc5615a3e221b236c62595cfd
6e11cbd23090936b796e10e6e087e822cdcae82205a942f8c290bdd4dd63d2a83cadd9c145e89a78842e5bde35eaacbd3b08e700b33f7393c5c8a070
9bd62c15cb07ab14f94b58c112a33e82142c546d960e8fcd0c68266e5fdf8dc104497e76286705f190185cfd079baf2e1bd51117c1a10453ee9c2c1b
b17332dd0efc0c8cd0f7a9b349a2385197e4931ca9df647427532cf33de11d92fac90a52089cc2e7d29aba49aa320f1512276f2a24ad3a31170a9c95
d547d460eea98fa41615945fe2e622c4c6ae2f5a15b3b7848d0e72a35ea426e0b743455bbd6f2c32d7c2542f52ee5687b2ab153682ab014a377d948f
d141f1a141c83f6fd02f79dd1c479b4a52f154e403c3b5109a31e92b91c1fa287eb0ef8d74b38f4c06f3636a6b23fdf483ed2a86fda00251ac31710e
331ce94bbe6a7f33d81043be702a73824ee70b4431c9ab10309202a845157a8aacc2e1cc4c6041e148e65857b614d0fa4149b801889a45b5b6d4e2ef
8ae7299b8a6736dbea0097d3b684842dd5cd769197cbc7dc7be5b13a145a63ff3b090b91b75cf234d25325ef052caece017867f7bb36cbcbd912c0af
907d5440845510ba3a281bdd093bf67735271b9ae2f3210add2b4cce400a62a56b759fc5ee3e6c329136d0d41a8137304284497262f128d626bd6547
cd04664cae6a3abaa0a98ca6b001b99a4c633632231505d9f37cfe2ee525bb0b6ab33bd5a8e617f8e2028005aee3ef250889760b2877c2f13be0ee1e
e940b935e4bd8e5535a5d1df544d861665ed5b402854c567624cc49cf6989a1abd53bfeab10592aa859dcc48c709b457f5836415a6b3d996149a4069
730ea811fa48065dcd43b11622ce7b05607493873869eea1d177f8129df2e61c98e694af08dd44288d863a92a117bd189b69854ba6d94dbd4fc837a7
3033a40dbe2cf56c217a6d58c1211643519095e8a32f8c437da033d6ae6cdbcc044601be23db44fb54085296c574a6332aec76e187c3da40121a41a5
d8d3f994973c633e01eba95dece89f7aa24c9fe8b9f4be6b6a3ade1d2741a45920f2981d06b731c05d5b84be8951cc02152a81fc7b9716646a6e543c
18c721de5c20fa245c6a8796adcbf95033b6f38303acf1417b27aa8893fc71d64768e11a10b82a9d21620b09502f0f7c13b5d9369eeeda41d7a9bee7
5a3a05ad03cef45aa466bb27eb558a3f71db46198f1b3ffc40c4b254ae47c29570aad64968975322c30cb1ef5c5fcc89ed5ed90f807841e78ec9cd8d
e402b8084356785efaf565d097b658b62d0c19477b0156742ec9673238280a17208c8c76abccc28335cde9ba25411171bb1a68f8164666fe762d3aa9
3772a3db944b5118714f54317707cdcfea9ee3af534d2cee59566ec42bdeaf473c55f146bdcaf553c51bf53aca50f146bd8cb15b16dd10dd0f8a1118
c1127a004b9c2bf056e5cb82b8e788fc4817d20fd25000dacc12bb2b36bba81b26d22e13c781e85fa7dd559610fd2c77eebc9b196047c2b3d759b85f
2073ac70a4a54b26978be912371b14ef9f5b14305c3937330c76fafa1bb70915ee9c1b28418a71e7dc2c45fd1471377e69f4e807290891cd2d73b30a
434c8ec44e76d20c846d00b6148bd7c5717ca72c3a12941cde18c70d0fc50be3b881a9785f5c12f2ccd10d91ce96406519b0313d945740cd6a550c3b
635975d35e1c62c79ea5b21d6c23e7287b4a2fdb7120901a382156e7653a1e32e7300b37c3cd42d428d0042aa7d72f5436ed0ab7c1cd8c5f346936eb
3f3999651a56163562d1d16ed52be88c557b674cd595f5311f5fe172370f9515ef765b9487dcedb610403d33a0116ec01d6e1e3d2bdee1d659e65ce1
961f526ee5e8992bb0c92b2963c84c723e9a2a3d1ac912ce077ae36636aecc2a8bb12b2862dccb96b0df8a17b37d5866cded7aa7b3b9c90b1c4d4b1e
d1b4a006107e3dd2e28aa6b6008aa6c211e1e2d8404eb186972059885379abadc292d09716cec18e96fc0029ad5640e0c5ef01933d702e6f25dd3967
82e6b4e05c6007ba701547e28841e12e8ecc96f348bbdd645d23d15c61f81082b918646c651c02c595874320630a8e0cd848a6031bd69891839bf3c8
490a55e5656e6d644e408c347e77b4e365aa1149a1b310b0d5928b9bed0c3627479a31a03b1211b2aabd2f3bccd269c7b5b009d15423f2c3c5b3078b
b1f2d30c20ed8afb62531c8344f35876ac21b1b1bb72b16cb8796f66a87e68c5bb763d052b3b3f804af68a03228be42320b11004814c5d0edd7312fc
74400c7207f6a9900ce96e77b885abbfab8ccbecdc430fde720684f4e11e88fa1077f7e9042fded6d763d9e250585da927573738d8d39d2c3a371e31
56e169ef2e91cba3a190d4d4335293042f45b864740520807881121715da4497835f62c40a1c5c95955dec23c8ccd12b5625e8a548433f5c6ec1a010
aa0477298d74e08379bd8350cde8d92d1f6778b7f30990b7716d00796bc528d57062ac12c0cdeeada3baf52d81931b6f8158c785c10658e1461a8fd4
16eea119fc63218d0c60c179294d970770294d621fae10e0b4b24f58566ff68576bc88868886c23d3499fdacb27ac617ac710fcdc219abb21a9fc04e
5af1269acc85b3232318b44ac43cbb21236d602ba26f255a8150e291562a753f9c4c3770acce0692605ddd8ff0036742177faf8e3493415928a6836a
0b99ce263580e01bc0ed3dd2ba6ac4c7ea584927906cd79cad5d1d5d0ac4024732fec20f4c2fac9c332c0bf7a615ceb0e4357e7727c4ba2a05a635db
218dd56d0d1810874fb284bd86970019b4665c7fabe9b829812e7407643f4c5c36079d910328f8abca0242d54b2e1b1b6a854b2e87ede987501c1844
280edd2f7245e7ab7845277d18682bd358b9364b239a4b2ef32ac51639246bc23b2e7ba0b986c40046c3fab04a09bd5b756371dd654a36154e02d1c3
06c61a1598e16a17019419b5787158ddb6e30367488b903744a39037ef15360d19a0ee725f655e9d618e90aa41ac6a13ecb614ae9ecc7836471afc5b
68d30815b55b2c249af56e0c98ab774d36b6ca462626df8ce17e56dfe883416c10b974bac5245928e8cb2f42c5eca905206238b694f51619df98e7fd
c71fe1761c6acafa08d7d01160a59c519ab73ad98f2e38d3326830d1dd05007a9407ed0fce21654e1d8cb4784019e226a6d9aa99e92ae392ec916e7e
00fc2787f011fa9c5c4a7a0256af04446a7b2aa9385c6e075c341fd69dd82417048e8758a46a0f88b17557d3076f3b6a982c58bf8336c6bac7f98399
9e7e872d8b8c03a4cb9a39edd82497433297c51df8a3507a56b72554fbb920d3c88be2fd98996dddc2fd988920f5e205992d45c61d3c679f280945f6
8af761d118590d8d78d8f0e92d032e39ee545b942bc64c6868acb81f62b0a7d6aeac9ea88955ceeb859bc23e7d11a949ac538fd8b213e9c684960541
b32bc195854b36b3c6c37ae2c174f25423e497110768cfb82baaec086f85be9af592886848f56275b15f289a9b15b8194f74184db1ca362e37e2a5d9
4bc276ceae809c4e6e2d7699931e0a4df3d54d0e17e3edcd17f472073ae95ec5415e78c794d3e32d537139a8210824d73ad5265c7a28648037215d34
ebc93aae52196936b1577f5f898ceaa493c02e6490aed90fa00766cd21bba9d55908bec388383c37af1b7c9081c0ba5d4ca6a71a98bc140450d312b8
59c9246bd32cfe8ce80285413f1247ec12b74d95a4bea07594f467143f702f48b4ba5b8861b39351b70004a9e8b809885c34831211917db2908f30bd
c4c521b2e9b46a7d36d20900e873ea2b1bb795174ef2cd6ecc70270274ec29bd2ee3e1ba5523104b720b822b3b0bc7f78ce82b1edfeb6b64ec8fc127
0539261347f60c742b1cca1b6c9509491e5e010fec59280a399337bb63442980b259d5e66a669255e074ee7218025738b8e7a52d85737b030e2c2b22
db8700641499a95dfcdd1b5f80155586ab7a8b87fbba539ebdf10590b8c823475d1d55d59e35caa07a4efd191b5438e997745a71d26fe5e288928cd6
4091f19c5f9586b98e43599dd0763aca6972b783a0dc91e1bc7bb5b20496cc70f38cc840d951df48ec7c342932d41b5480847a533731c3c647d76395
e2b407fd5517be9dd73fdc8033d20e5b706bcc17bd577bb729ce733b132daea8251d6f0d905e21535a6dee9133227c27d559c175d2a5c54698b14bbd
79dc9e911aedf9a103c58fb82186839098c2d9c851a35a256e8bb12dceb463d8277c274986b0c91d9cbc8d7b49d0b793f783c9b9bd1f78d11e4f9cb9
ce62d3084e451c872bb38a04072a53970ebab04b6a9ceae9521761107573fed0553619db13e2772170886cd1804fa1ac88932714efaa7fda37fd3d09
949265a0aa3c54c7bcb6b12b0793d77ba5f8c239fdcd3e98626473328c4259c619ceacf7d9739b7afd93c73664bd7b00486df7523e1e913c4a0abecd
05559a9119cb0bf7809f11ef0a273fa817494e1c956aee25256f0d539a261d26cd34bc4d7676701154f6771186be957485606b72d87428468c9e488c
e6f2c01392a5006e6dd6bf9e42fbc10bcf29d4d5b000ef6c6eee3a24824163de88b770032e9daa98f47cba25e9504feee991dd4e5566d3664da7249a
ad8d8f7511284240bbb23ea1cd686f27949926015c486899c715e738497bd6d2dfb5879a1f548815e317f2c049bf88988fae9fa4c11321a3552a41ad
c9a206274a8c9acd99a06e3667dc22e09cd2ca51fa91f6fd0fd3ecb6cae570a784a88d33aa4ec46d3464f30b63889650385c58374f6628c16fe43cf4
c735dab12f998dfbd40392dd9701d4ccb68cc3e114d5ca21feb99744197f9fbc9db0e2918eeb1b491340feb0031cf6009789df20287da4b9e54d2008
0075af3babe7408679f18e13187b5ed4b756bfa850e26fc96cc3a8abe705cc83e1bcb83f80ecc98b075f19dbcafd82680d799515b11ef21a38065a0e
75a854e708a06856d766832c3311141fd2aee5d52a9c6aaeb60b0d646bbb8620d76c2ca97a59667727a96a6442460392b86ccc1a1d4608dea63a92f4
6465766ddc1fcb4924d80e38cfd685fc3426b2ca88c3f384070c29e738664d0f5965fbe32ebccc664f958eb2eb48644ffd24719c62a4911ad18ff7cb
58e1100d56300e296a88398109ccf1016525b08843c6d8f5919169c0d472413fb45455cbb2c7f08fe000cae11441bae71ac0d3257b2c310b55b5c6e9
a99814aea71a52c78cbe13299310cf24c0b848b8ee7ca43161eda2e9256d66107f51190ab03b550811aa7220e42d62ad49bbd21804e745ea26896f42
4107865ae857caa128b840a6a280fb62a61572e81c79130e6b7864e2e1874008c323da9317b7461a3d4f5a64c7c508971c874910c999c324c975b739
4dfcce8da4dae79ca49c3d30269c2d3a4cb3611a513bc2345c07b84a145dd9c84bdd4ff9a908951662a705cf4466a745052b3fc1027c35ab8bd8795c
31e0f43d9be4cac09fc809991ad7bff0dccf480733b03a73261608eb7818c7929f8112ab78a981d33cd594acfb23efc12618c80ecb965b7a03a95c37
740ca96d072aa7268ea4e0c0c8bb7aa66844dfe8ee19715bc38765b77bc71113b23351328ddd8d4e847e462959ac3c7592c46db5230d3e11a9d9732b
41ad8724668598346b40ded2e1213ee91ac565918a0f597ed40eb4310a6f9e5269cfa7d5f9706911da965a82847101a17d4f39df9a32e6c2d9a200bc
9cbff451452f5f2e7957aaa25f5c2bfa9ddbcbbb055d5f1e160922bf8951946862ffc4c5160e0d494b012ee26fd965b2ba1d9a96f74967846d721358
293eac02bb2aee73689e152fdf0713056705174d14cf23774db582cc6f52537968dd6eb6c5c2654117a5389358d8d070459625fa2b64b88288955356
97513213e86e64e4a8ec18148527ce9fc2990c6ea42c8528898ce42d493506222d9af8dd0f2a4ab8bd0aa1883dd0a0bd8f255bd870909a4ad2486d7e
88a9f58b1a79333351cdb52ba5284ac5488ea93543b41caea0a22d8fefa070f482fbd446da650b91962c4b6dd6564776e40441c4387200027ab24711
413baf7755c2b74746a6818a558859e415a991d6fe70d68aedaea42125cc35aeb06f552289f31016e2adba875e0cee64f9304f9e8d90c9952aaad141
0a12cb2ddac2458feaf7a5b91bddfcc08db34896e25905fdbd05f1a5cbbaf0e4543530adc43680933e6559d6dd51b8ecb139f00d87f76299461900dc
f40363cd72e7fed2859c53913a59b9737f5e46475aba7732376d48b4a7e24d3072cee259488dbbe2b1035dc725ec6a54b1e20948fdbd85b3063a140a
272075f517ec6a83098a0f4f4918d8d8d97177d10642ba2283f2cfe89a469fd1357020bd360914e1a5c02a5378652527cf01acf306ee8ff03e9f0a70
57be7005a3713de5196e007b1146d2bbb1f240b207ae18888f08143fc82ce51f874a80abd39843f7a70bf284170d0b37fde498e72388cf0f4cba737b
c8c836332e7497ede14297e27cfdc188a6127e7de7f00c92a3ce19b0980116ac132e1acac1794f456cb62d887fb182c42f0584a5eb52e76801cf2b8e
5568870e9e238dba8079ce20bbe95bae18961985836cfc5234caa6c2bd8ed2546e71242be5f4615efd20e7772288f3e37e94913e49032f7beb59a673
bb58e10e35840b2a0caf238cdf37d2b2b928158baf92612f1f0455cf047097c8c8e8a443a1f1d28926ffe456a6ec365125844f15a82efa45e990e07d
e549d5e3ad4fbe72fd35b7800ceb8ce81b3157c3ae83c7d6d53be401640d945a8ad9b1dd1440510a7964cc4d25686f13408f08eaf7afdc33ed365b75
5f5c83a262efe5a8adb50913a8c829ee291969bd6ed5ea1e3e5aacae37ba0b96a4153d7add3fcbb2e6009862d98505bff73d0aaefe1c69140fb7146a
c8a728d56dcc2fbb19eb1cbc35e50727aefa4152b17ac0c2641152cf5b8f239db8a9d9df655691f1c27e4652548f458b517631ac2a5629a531a7b4a9
3ee1d8ac11b043046c77bba3c0bb17999b520acf5e642e3029d5fb9ae6603fc205790763090e5eb92ab9c0632afbdc8bfb10d57719e5b095b839595f
e552e48058698760a99b815836bb05b5580a6a41ba569f8040ac5463e403c14a32a75493cced8dcade76fbd021f42c20ec4cebf4a9985821a9b9d2ac
d5e207d412456ded8123abcb371da0fbd4da90bc0e9203466e087637ae6262a908d5a71ca99a69c2cb443c63547ee976c2b09e312c8054ccc0f5ab37
2e29d9aa87e5149275771b21be3860aaefe2941e3d39a7e159318c323c94274b666c1c83c700f2fcfcc82c94022c2c202e3f1f691413f86c3de26a39
fac0d0c972ca43da4464d48327599ab51da0d8f28e2cedd97a04e681fdf0ba7e0109c4f3e17c581fb04e416450a760d1147bcf59f686fda497ad9eb2
1b2139f178481b9cd83770a0ba11ed165245a88518ae3e0f21d33dbd064fbce1bd75efa0ba15ad915311705d72b874408a5cafba8ba57329529bf5e5
35589b15832bcb50f1af3ec455483eb9391bcb0644572e4433c2b52aebe4adb7a120803ee5defa70fa6f160baca93da069985c7b70202b9986a658a7
cd1876ed92c6fe6f86bedbc3cefc3d1654230333aaa69def660dc42fe369711dd39cb0b62ce2df0c6fcbc07b78366754f07717339a4753628280469c
7b66861b47e4b9d070a403adfd63bcaffdf17588d256a90dea69ecf28ee90718e3d2dca06aab213b82bc0a0de8c222f4504f5bb5524084f7e8480b6d
7dda943544d1668f5c0bb5d8879acf6646fe2c5cec131bf2d3887b77a397c78466bbf48e49c775bff3c56d3f900e6b8d344f0d6c963fec01e46597a6
dd29ff9a35201f81f5a03c92b869aa89f912bd31d6a243c9b4eb1a45b4559672a4a3064de1d87c38eb3c0e157455d5c5fc5de68a4c6ed5a585f2d7d8
30cd22adeaddf777979c638dcd534c8be6f1f6140dbbcac502dba7a124360f94b9c5dd88f8aa9ee1699e64f76c626b7a0150771b11e44dedb335e311
5892cd10728f1ef2bad380990f5b740300bc0550d110daa6ae8eb2df0800cb9b851c316321545cc9d0b698509a25c23b0b555728a390b5ae7c475f68
ddc58e32d97a0ccbfa5e1ceae87bb44c97ba28dd666a4a49617cc648e8d30363ae111f44b247bc955c3d3dd24e2a2a4d0b89291e9e82922d865280a1
d19efa4a6dcaf5625bec8a724ddd483b769a25d23bec81e606a53b08ed10746a28f1d0d41bd7d370fbdd48cfcb79635570e56d700076219bc8d10e53
956b87776f81c2438fb6c4acb1856469a77a91233aed8e66bdc953cdb94d299514dbed0cc0011621d5d4041b52ca00c03685542a1fbdb3741474a6d0
3b1a0154459af31124438ae2fe3af5e076492922f88ae9015f9702d4e5e4fd32aa795cf0ba1667945d3e1d51ed76aa1dcdcd432282820c3384b9dd2e
25fbf0d4b723f6a65855bea6fb3045469ec91ae30ed9d498aecd202850b9114bed1d06f3bd70db32e30d7b96e2ec085273f33e19b754b6876a4ff28b
94b991e63a04cc8ccd5029f7f4b6b00921ae6d4ab5d5439c1b8f1d1998bd19c8a449b9b123c81b8d65f3c652f5cd6d71e9a1a56dabcc0a62d938b1c5
cd5bf3dd72b6af1a6935d46e21c92bfb454f8d1f242f1406eedb6d4ab7cdb706603b5be2de2acb109f1406c8c6a92e1de91bef80f21eeb7c3ddceec0
8241d102cb669f11785b88303192216004cc9609d07444d9961c77f68a1cbacb22dd0aae43010c7bae5b5d316495a2c017c429c5d626849cba328471
9b065df2f8dc56649858121b014412e2563847546d95f02ba1257ec870d2cdadbdf83dc0005a9e346d02cb892b6e30990f66bb02a96d64901afae6dd
6c6eb56cd5d304c0c4492aee7b18e9183723622f8f875547da3ea88089a7b9b7b56895ce1b14b9f8419e9ffc404445f7430c0308b72042c684abb31b
09b8791ccaf5c00169bd82dba63124b85eace246dfe6c5c19a175bf7be004a7557299affd6b5f4ab5f08905facb1d9fb476ddfad73841df6b3853528
043c9fa02eb0e19994936fcfe813ec7150a961c46ccfe00640e6496875f9cddb515c1458793cb655364f42abb36f86efa06e6c53680d1b9cbed90a2b
a268774e2cf3240db2773b000c0e2d75632237ecbd876c8c3dae2aac86ddb825b2b9c9a559b01992ec76e28657b2a05b6d072771e4175e94e2bec2e6
337e5232513801545878220a9f64782c36038f150c1b565d71dca71113768889579c8033c239c014a79662cace980d908e2158d079b653b401c909da
d05836237772d43ef82050f2bd6a86595a6c95c947c1db2e7728042a24a7d8d5d3a949b4e1dde461c991168734e51168e5d87669853270a26f62c2b9
50c56314db65df008b45585d9cb7075b81890db86049374f1039931884452ecbf69bd2b7f3e060814c7b5c165fcd884b2cabfe20b69c99ec0f6b77d2
047183e3fe902d2070fbc3e9061b1d0b4fd9d40903e65adf9176f5dac5947f3ec037d2713f2e69b6b6167f9fda855b9ddcc3bef276e34843f1d9760e
62044d3b8b60af1bde6b746e5f63b6807cda73a9619976ccb92effec6b109aa598ba6c75b80b3a74d7b64b51bdc371e97d154220e70e1269ab63cde9
e6e961cc21c4bb41bfeef7f6641815b513931485d452e2033626ce838e6fb588105ff19b17197d84e3f51413c57813842ec4217e319f7ab6530443e7
88b4a65bcff15600a0614f96a8814bb0f83bd453ac4c1791bea16db08b03b520f53a16a416550f0b92c5d00b919d2cdd8e20d647dbb9b7c4cddeae1c
861975ee48e59dc291ee4eacbd41c3c546a5612b10b0c7f2ec0a68f74abaafe96943f72aac806154af9a53575c23a67a15562b70131c0a44afb0a562
f90d17bf6558a0c5b46179b6a3feb799814521ee7a55bb76b6781baf489035660ef85ae08f2f04f8aaa1763cbb1e2beedc6b52104fbd059eac1d9dd3
47538d722ad8eef4ac69df60da08aebea150dbdd14f449e6da0ddd15fb1bc735bbe575fccb4242e8639f75ce29153988f1bdee66f41e72010839a954
650f61c0da308fc9c512d598d561dcbb87502c341907b77a8f34fde122e8dde976ee398ce439319e71d8b47dfb538d1d7484c18a1ed4d1033c63d93d
b02cbf7bca8eba3554df9dd767f02686e1692437623a57a2144473df8337819e3d7aa4fe6eac0763da095e8ab4b7915a3ba6cfcc44a86a73774f52bd
b9fbf8c2e67208f1dfcd542031ad9d2676096cf1b8403f42a002e2a14c03c290ff5212227fb1509c47a6f6a9f120585c7be2799f8ec4f7cc7c574c57
7f770dc836c2fadd3eeae6eb1e498e054904ad7bdc1dc356d5cecbd39b0e897eb942809ed3c6cd599c623be981e86c56a62eb62e81892fae4874efae
ff562f78f7c0b1db40ddd3406e0375f63475d4758f0ebb53d5ddd3d40bde7dd81dfdb9b377e92982e7e3618d95cc02f632e939bf7a229f11165bfc00
ff697e5094c3c89e21cabb99cb7667874f2e27e3ced5915efd405b4b10d14626f058c9a0226f968209370b71912fefd48e0c33dcac101dda090a9003
c13dabc078860f168efc5c038b66900c10ce338c5ce6e7a9d4761b850bf09b17663cf5c8baadf15c63ec66a01af49b670afc7632444b0b0abe5637e9
9e1aaa50f39390525d86cfec2617bcf7990584e97c72e64509faccdef4c9dc3eb54ddd53791a22aad5f32c849ec2ce9e8a2c772c9e0a23515d034180
5555f3ba19ce860b57d595b9fa81d9d96c8a09d92ce49243583cc3f969754f7de82f7a2a39f4f63e9bfabeb33badc4e4bd77cf4d9b1666f5f4720b1d
25cf1e0306475c50a1d3e469188a8ebea7269faeb7a75e4a7d72cf2ef874df5da460b8fb18900ba3075c64f04b363d25cfa75384eefc7cba1cb05d9e
9a69dae44f833edc2f7a1abfa8d2ffdc8dcb97bef658b23610686200326877ff797a212bc49f5c30512449821679e668a40dfd96f0383ca173e6c936
1d2f1e159e079a68fdd88b6da3a40844d57e6ac869e53ee5ea12f2817ebd99e6f613e9cd23149aa94feeb2ac72065c976e453db5c3babf3b7618eff3
742a60844fefc17643e9892de5198aa74e48272f0e3bb8562efba06f2e8328b228631d3d80f5940d6b243f7541ea6d78ded116c50c20f170d5933db2
45ab667f045c8dcce2974a66b30133dcb2857ebce3efd355bff374ba11ee3b5b5515f2de658adac6fba2218874d9e1843dc597d30c5fd6101c34c61e
54890ff283ea8727bd64d2b833aa69d72dfad4aef70efebe635cf0dec34867c1a2d924bc169282576b5f7c60e0d959a7ebac2e0c6dec5c70c8037423
5d48d36a0e8af7439000d5bde8c852d304988fb3907661dab70115c8861db59f67e4469ad038c4e5ce33098632edc4076ed9badc37ed8415f557a008
b6b95a81104407e7293d5153e3de1ed2760c5e0dd1a896912458cd3b0a3d2f1b8cf40e14fe1ebd3166379974aaec78e5bc527027c25efb7ee7e201ad
efbdd935a01283e1edf423b3f181561b342018e1ad6bf660241b6e809de88c6ad79b5c8da5bf138b980269c422d6f82079ac5647fd658defde6da85e
ec03609e7fd87d7a3ad2dc5a89d4da37f5c4e6871d3b90f1b155158bcafb949b5d8b3524c56ec422fc61d700d87038efee674dcff74718df3e6d85e4
dd65bb0fdee912da711cbaebb077cfae9be6d8942bbce3c78dfe39462bb1215c620e3af738621dec6c8cb9c7b823662a5ac4fef4782c657820cebddf
9d9b903631c5c1c12aca0d4ad48fb56b4de860ddb1268c69d97de641d7e3ae31e1328c007b0aed1af1608d6380fa927d892d455ab3493ac2f3e8f502
fbee45e576a0be246defea2cd9eadc0c8b38dbbdff00cb73d7ded0efc5d3416bf0954352034d88307d603b7721a8a1ef076f5e206377a221abd8e082
a4ea12e61e247d74bc1fb7c6d9afddbb17d576f6105e38777685971fb04294cf3b6191ba287636eaaaebd667f6a28f33f00480dcbde8fec7ee63902e
563c8a3a3e761c8a9e3bdbbd7a11cd6cf724a0e74af74be16e1a1e2dfa7027567bc69de821b71d7968d8c67e719a194d9757978af16b3bdb7325da44
4ce1c5dff1383e7413ef974f86f82190c4106e9144ab46fdeb50e429beaca9b6871193cd708b85c2e8163e5bdab0ed1803171aac51feb45506c40e9e
f7c1eebe154c0f079718e8293938f2e7e9b703d366546e64584edd3458829d1db8358d603a7c1b98c93d1e3aeb56d23bfe571b95a28b954f1ab2f2c5
cee1429a1b12597d07212c9a4e479cf903c707212c2efcc3079db80e7b642a63b086961e2add815e90646d07fe4e4d9c83fb97e7caff08973bc2e7c9
92e791ad0100adad10141ec523aca766063f0deb917714273040c94dcb5ed37c18c2a2d7f8f0b0833cfef0b083112287f12c467f1c9a529196993b0b
490d0b6e7ae0f554d33f3c071168f51ae6c0ab671f0c12399217620024e71d74941e89839b8e8ad30e5a03c7d45e92cad6e1850630b223c75587a495
be60c1c7a0904207f716b8d379705701ef228c341e2dc9934852e3510e0e377878f4c0f3a917f42076a63a183c9fb2ee83f7892b4af051a017715490
56924b3832eda0c87d258be9c9f4e1cd910edcd3350ace96acaec6e16a989eccd6ec9bb3106ee31f95005a74f6236c472c8183889ce65c7115538f86
546137330790333b6e3b6af81e5514581bd43b554dc5dc8565748d14c4b1412ea31f69383c36e481a93916163085a92943087567b398ccdffa9b4bcb
068c2dd5d57d6c5a25b0a083337e5ef77b6cc6693844de7b0faec0bd4915ebf0e892a935083af544c0d1a3774b4553f4eef13df9f0e1cb092ed1b041
9d90a79a8d3cc9bb8e5c714f8d07c9e7e9cd99c0cea6a35eaae3298ac4e9533f27c8c623d904d12b14f5461fd3b25dbdb5ecd8635094526f701cdea7
a8917b8491eb84eece95692433b6c681f15ba2b6be4980dd85c9ae45babf4324e8ab075b8e1583e250da7ffc18c7e1c108ddd9c7214372997ac5f226
0f0e67232ac671067130787608bd6dfe38837e0181301a8f44fbfca0577b1c5728e2d420bcd37d93e3b2259075a194bb423858575d4697cc50445c5c
72e4cc4e719b823178fda00ee9e326144eaa9c5235798ffcc1be5e75e5dcbc8587e3eab8ed6d8eed7c6844c20b4e1fd2766e4e6f065c2cc5dc3086f3
a1cd90fd109b2233ed2906def9283ca63b6a34d2120fd37f72bca16ed6603a998b33f6f80a69a6969938d9eff372dd9338186fc13ef116f2d8c8480b
1e102d927035035f45ab3dd7000f90947778304eef2dd64c3d638b2faa18d764c32b115ed952ee60f9bb6e2a56002f05cf0cc3c37aee06ec9d29a890
2e535011a872674d8bece44d00d5d333cb6945620e5868d91b87dded3cc36388443a3d576748db49d08b17da9c9cb193859f8a1edc23e71437a93bff
454dbcf90114e14f39dd68cb1652f2363f287c9235e8029a3ce35d6d915a830080ddd3e9ca8f9373e79ab2a7afb017f1a0cce87e60170e45e56433eb
214a424c08894631047e2a26f0b29cde2a6310e2e9d93b57ff19e7ede0f92777ccb87c4fe3290d4f3c393a6e74cac9193b0f819d21319a8514bb522c
07ebbcc7fa547a38560e7f7b29d0d96536926fb830455c9700257277b0821abb6c3e1a53c0f68fbaf44eefed0f2266534bfdf8ec810c46f054eb923e
9e22c3b4be4304caf994ee5084ce6734cc80a614c92aad27512c5ece75fafeacbee213f768d1797f7af38cceed7317b37442ecca036fca8920688bb5
851d708f4019150eed2db910865f430f3f0f37138b193c0972276ebde3f1dd9196df3a152776a924e1e1386dcef304250245ec096fb28f7425cd880c
ca5425384fc3495d3fa7ae6827951b73bde3efc40a0c549d5e46c390c2fde912c5fda9afff2492c497db46067f8148b8029d348563b44b2997a7a019
92b1994ec6e50330b62a7392142ee1334d88903dc41dfb34748b0ed35cf82044532e253d0427f7d7195779ce1dab16ebe00ecc00e91d0cc42fdac7b6
3431a37fedbc3d1c656fdef3015eaff0c6c22678c177357693077c93212d17d7ddba6f72f9608fbe7f5eea1d6cd70a50070b8d877a67216a20c8da6a
3a56ed46c61be0a9c179bc88e9e485dd51832e905246255c8bdd0138aff4f17071b9e2f61688e3f294816473714f9c1ee2cbeb6b0d74e689dd5563d3
4775d5ad7c543722452f2e63f1cad40ba34a07bc0fec76639bafc4edb20f3f143f50dbd7fb98bd2be1bbda6c499f8918c4dbab8dc4ebb9230d6eb8a7
b6618ff1786e52ecf2786ef6dac5cb504d3702aef00243ef574623755e1055c64f5fdc53db3ebe8bc17bb9c9830cbc973bbba1e562ff8cbcc49cd17f
d1cb9ecd68e33bcdc5735fd8693c8d3bea536a4ab8642884cfe4f24a77e199dc54ac5c8598be6b4ca08534929169578b39078ddc301b786f36659a95
252df8088d71c617b7aee988f48d5d3de3174e5f0f8a5f9c36e80f7f27206ab3ee8963d132172bc0df19a714b2e98442d7b8a6cc1ce4621a31097bbc
38cde70ee635a564d29dc733bcab3b933cc33b1b3203d77573f0daf097883e1cb1bc925b7857b7f95601cfeaa6c575a8f07b58d90bda362bebe923cd
81039f10e0f5dcd91b03c2b31af75cfb7e6e7377c607747d0ce62282e3e1343e8354c00d865484125f4fef8b06817a6363b9fae62ec2edc2905a82d2
226803367f6130e9ece3a1dd556feca5a7556e34eda5315f96e97601e8bb4a24c2983774937a18cfe6ce52f4c749bc26a1211b1f92ff81942da6e1bb
86d35cbe5a6700f075c434595daa60e0a7d80523866cb8ef786946b98b779db1cf4c1a49e9ec9f310efa38a343db42323ba6333ab7c3196cee5d5b3c
92bb6ae0f3466ed665c11bb9d998729ec8cddac19737bceac2e529dc35ae36bf2ef40be91677a63754f1e26df6612f1eb9cd5e6874dd2c687c063e71
ab17ff32b4d2457883f16ada186641e2d0c2d6fc80574837126fdd26a37d7cebb6b99bc65bb7a3a98fdab8bc839b0cbfbf7d8d86a7490befe0267de2
bc833b3f14328caa5a886b8d6171b7719e6ec9de1cf18b38efdb0d4eb7f07c2d57bf3bafe52697d0ad4cc5fee1b1dccc13b785b772b39147be951b51
de3c96bb7aecd3c7723dfa712b7731976ee347847be1ccc2c3f284eaa018f16c6ef66029afe626ed827b913dd2715c0e0b6dde1ca4e015ed91be1c9a
bdddcc25d0cd3dd64de7f5bd0665d3d4aa33a69891a388262ea3d7497b7ba8028e70c78d3000b8ca50d06e6e6e593300ede60d3adf10bcf58aba23cd
83bd5947db6db04900a287140d83377a377dd3bcd19b1e8e08ff68442cc71bbd30079ee8cdad9926525bb11beff22a867897376984f82e6ff55a451e
e65d7bb659f72d1c12bed3884bbf719e1ab27ce7c0145532af0138659e3d748797577ab3bb2c3706ad16cb8d0d6b60aeeff576239b6fb50409a744df
60a4d837c398466cf261001fe6ad6ea9dda109a0b1f1e86ed68d7b7ba76b6001ebb655fb609af031dcbe661763e5e8a2c12c3777b279e4e0f6613bf7
a67d683782d76f63417bb72d54d5cd52f81b8a69ef8a025a8e2eaaf2de1ce87888b48aec13ff3c8d6358d56df867e00355430728eff2c68d73375a47
f30905dee8cd3ebc7273399b6cf7f60488dbbd3cd29b7c3387377ae7076b402dd942412d20b0b9c85cf66a1848b51b0dc300385fefad1f7f43edd660
47fde261dfeced703eecbbb936dc9296b768bba36dfaacaff15db7f7c6c6a0b855c087a678d63775f1ef85f9c8315ff55ddc1de6b1de39266a13a3e4
569f8ff5aabaf0586fe21ddee263bd0687df462bb97dcb03bdc9eb30799f776ef5013897e6f812caedf1ca40740f402cc50ac06cb8d57ca410bcc99e
3abf9f31c9d47e06115a4a3eef989e628766a70739e94cbbb93747e3fdd6f63780fd7ebab7207f7e427add0f6ead98beed826639c26248c0bdc3d09d
7df4a1e4810d5ef8dddc6dbaf758a234c576f322ce71107893f73d15a2e67682effbea38f77ddf3871c103bf496fc87d04d3312375e309bbbdb3c0fd
dc78d4572fd5ad1b415af31d3f2719f5c60b9c7d88d73b00786437ee28e08ddd6c2cc97db2678762c01bbbab9a346fec2e71aae3f6dc88911b371bbd
5e187a5f012c18bc0258bf6859b8acb94dc068d2dbabe94bf2c36915f083e213fa028a8f71d9b7c1a86ea0dedede66e0816ff1ba3d7c7b935b102bba
8f5733debe9de7c9907bea3b798b1a52b1c07b03811c891b08b857a93ebc5d80bbfc6a3ca7cb26557d8403ba9a9974cfd980caabb999bdcacaabb999
8b34ea87877269d6dbe5391b52792877b664a65083fe16a3200b69d7c6c45b8d577379e5b5f26a6ee6487ee5d5dc59caea0c76b1064ad062536cff4d
06587d277700424b58fdf3ce83ff9aeb551fcde5f2a6caa3b97346e8c6db5d51f42a4fe52eb8a72b4fe5664e09569eca1dcc1580514108ccafbe94bb
0917dbb7c41c575ecacd9cf1ad0f4f7eb2273732b0bd0783e236facd0172cbabc787eac367fb381a3b324fe686aeb31233336968079c99aa3c889bb7
643a91b602635869355cdfd5ca2e834ce75ec09a9ce76c7f0c0f37386f67545fc46d446d8c0cebd1346a039eb891d660cb6670978828a3cd38855879
1d77cdd2055ac31669bba63b0f9014802d922765aae409966bac781ac555fee08293ca73b89968da9166f53b88a9330cd5d532ae1357030748b89074
a4bbbc94b420010637026dd2365e76c2bfeac31b811e8c139d814318f5e155078d765a20869e1ba7a05d30a8091f2aa8b716206ab27d572e074336d7
c82673294c30027c8b420cd475b1b1b35568d6983222662aefe5ce0ca4c25daddc86511f5ed52ae96f8c34430f1ba18f1b23e524c92691861fc219f2
4ad6627f5cc9ba49037ae88bcdeaa17fd09d77b556a7a807508c8f80e3cdb5d6050460e30ef96a1fd13ba078a950a6f614e129585c382f9c6e36818b
eb2844b8a8f2259c1255304d1b7d3c999a685613ce55856c4fb2489c1a8b33b3ab400baee1cdd53539fdf729bbdab83a61935cb86968733278166713
073eaa2755783ea5c86b091e9bdb081fe3775ee29aa21667679a69e6d099da552c25630faf1639f4e17a8d0c8799150f1c5ed99c4f5ed05945d01108
a25df78a834f711295b3f2951778f326259e214368ea945e99ced3319ad6dfe162e4b2a187433aa30bfac311521ddf1964627fea0aa6b9c6c1e57829
b8a9801f6473655e81032ac42601c30e474805a80bc290eda84f347f0f7452db9bdc5d1eea068d966ef629a5b6db1e0003074950f71d8b8356f5fa07
4fbd39b8298b64973af0a79620f3f326871219ad3d6409cfed6625c0420836aea79176d800c83bbc59fcf1f46e56cc2fee00b031597979b7a195541e
de4dae93e5a112155d0848b394e8a7941bdec4b98d0c9e02fb50950039bcc23b9b2a64a27386b14814d96298b9824ec8f7924cab2b1533ce4cb6931b
4e00542bdb5670089fe4c5e819e9c008e3e031bc0dca5988deda60104b046c553fb86516d5110f90ce92e8c209f00ddf62756efddb98fdc5a8ac621f
1195e5142494791662bcd45b44623c4193fd42878d7170f7c3b6f93b5a9ec348885148d5277c1b417475517bd880300b94bf0750d6d037ca82e3e1de
d194357850403ce7001038d42404966d0a57c0e2bdee9badca8d2ccfc52e7026dee4cdbc245c798637d58fbead310ad2580787c5dd6ba74305a2d3b2
570412b15779883735bbac0a08c65483fd011741ea5bf703d7a42efecec25c6d88f5d7195f95ec9d7dce9376c1a882c1c4a01cc837787737f394ce48
4b785205fe04de77afbcc13b0af9bb105999676e16d34ccb0644e173900cdcc648e2bfc5cab029f983abba01ec62da8847172f8751830fe00fc03557
795277a401d0cb0431f0eae2a5eeea1cbea3ab56cfd3b943a5049998fafde1ef99b4bf57d200ebde7d95bc3a21c13217ac7bde621969c1f0f7c03e08
e9313a9b55a342daf2c2ee2c46fda79733523ff635c4ce130987a45f622fa3586ab2202da6e5a98de5e41320d691eebcb13bd2d6d63b2d42d8e7e7f9
d5bab0b51f4bc99871d4ea783f37b97477bde1ce1fdbfc5d74ee5e8025a122ce71c8549ecc5d72ac26e2c17910a0f2326ee648f448b35563df6c77f0
164af591dca083c3dee899e34b6c2d57dec81d63a063a202baab229ebfa39d337049c7a7ce0e79df19e830a332e7fa3c6396189e77411497f4e5f6ab
3c925d8a8e3ab7b8699fe434446f7767c6a75b8a6ce40a848275af572a2e2163b3ab24cdbd0f0fa71c99dc4568c864e1baedc442ac87a8b031995600
71f2931b646154f11aed48db0e84807db660c377743e5ea6cdf35eb68fb0bcd58354ec6b55dfb05dd8beaa3c623b87dbc968ebc09256771db255002c
5903c092bf13520146d7851b322ccf432c5c5f507db99683aa95876b378219abefd6f6e4efc5d9b4214ee2160b3d51d96c08b24afe7e38066b0f886a
03e5eb02aa92696e3a44e358ddf7e774d5c8c051921fdcb481b3adab4e18944a5eba5d35d878e87656a7dd557f509462fe92e9dd52561112108b3d5f
a1365ebacd84f18eb43b7bb0f195db9b0210647b6a22c4c360ab1f34c2452d6fb86cf1411e86785e0922486c388e0c318ea6710d640199c2bdf148e8
48af42ce308c8bd3205add5160eb6664dce8a8d66fe0c72a03c41a58e0fa09aed81869c22257d30a946a87b83ba255308592b17af0967d8a91d17247
ab593d965685ca67e5a4912284f021ded74d6a4e3caf3bab83120fa6b1c67d51b76e925581aca412231370d3575fd1c5295d793837b313537d37b755
91800ba13b582fb1af0eb0c228b117564dff2a20717584cd1aa50c6be51ddc651190262122c3d6a6b78c3e9ac8b5908ae566219da8e28a8bf23bd270
35289b6d8191614cc534510142cb16419592f0fce398af3c909bbb946e0c821d70a1b0e7822aefe066eeeaacbc839bb43cd66e6483439d523cc9ff7c
c456ffcaeac130a74289ee42f60e89cd321c5f9182bb5afde8f9634c0faf4017b7042ee8755b710aa816c593b6a8e6eb53cebf99e10cb3133e057479
c8d976ef5ee3f75d468aa0e3b9daf470ac5e0fe124795e2bd63e31d85d14ee3aae018feb10bb13c9c1e22e1b08cfba64807ddd315b56c5b3e82750bb
8b41c53326c1aa786ed6854b35eb421ce8023c4febfb80237d092910118bd0a5d80f4fd59286754a345e18e55ae3f608f52c1eadcd5dde15b25d0cfb
68ad82cf476bbbabc817ef9d6062f908861ae9a070333bf427488e8169381983cbc32ba29a698fc79a8e59a0672e8ec84aad8b932a0a156e00ee5199
f1cb98b1cbbbe5f5d957e52f3e7bad3c9e969da00212a1795d26adffde71c60b6b0c21bcf4e23ea2121c1007b192eb49710f01f09aecca7dfc95d764
331188d5d7641be1fc23233784e5fa842c1bf8d51764894d1c694e6255d37ad6ab159460a82049a9cff0786676f13a929ac230879c785c36f17e738d
b7653916585358e62ce114117cd52fe8a9cdb6f0d02ccc804fc22a52d22a599bdeb0d819f9daed8366c3b6867212e2f7d1fd20d74b7eb83119196152
8cc016e2115782344746781188c91b9df48ef08ceb7c03d1064e6ed8062eec66d72d8fb5aecd74d8cd8e302b16ac91a393954cc70d4cb33e24afebd0
37573b37d7d4e4c5141fdfbcf03d56a29a465a578604922566a0e1f8137b61d5875a17ce30565e6a9d7d328090a9c96258d6919e81a62d9bde2c640d
f9322b261e6bd5cdc763ad2b3bfed5a757b3be1e9e5e5d7d00a4f2f66a52ba27dcec5c9d587d86b53ba998cf3d7e77a3417cd7986d46c8816fce5957
9f5eeddcda53797bb5c91c7c6fd59b4a2a0faece527e81b53a418d3721aab563b4f4ceadfbabcb724adec43d6723ada1e59a69ae19a92b0c651490c4
5170f91dafafce0fb4bbe9eaa3ad2d40a42d2fead7f3933ce59dad2e7e2c14ab016471b9935630efb5668569e2cefeee34775dd1d2a9b77e88432f7a
940b27a3e4f5c3f9a8ab6e99e403f4421b7259eaf3317a5d6f8913db59cee10d20fa8a78e13577b18e43bea3d0c50bafa88009e77c77557031547751
1864a8ab8e875fd72a4cde10a91d927c6ccd15cdc12d4d205e81f5f5969a7caea6d89b046679a6327a96be247b4d7174a5e4e6ba2c19cf7c7782b967
a4898c5dde6e6fd3f82e4456561e661d6920f290b69e36de626dc178a70a501eb2c4c389c87ea87c0024f7d6f556f1626b2170baa690e9a822bcc09a
08f7ab69caf4f4707e4fd56c79c514ea8580e591969da305f1326b7267961758937eace4a16b04623a95690a994b29213611c68b8b671ae58553cad5
f754ab5e539e4a1d1fac002dcf1b953ec6f6d86b4fb11c2ea36ce9c757e0aba47ec75818e4ed697cd3ec29489eb73835ddb0616504b7039e90e50785
16d38a89cd8c540f29f176e9ea9e14ef958e1a1328de2b9d355632ab832c6440cbe287cc8b2899b44075d28d3295f4666533c8eacdb4bc1f9ec07ba5
b35423a3bb8715eb83a59d9b97464649c862e4f5d2a248e7c1d291b6ba6bbc9b8909022e6e3ee108c5489f68f4d6367e07e6968dabd367961374cd22
cf06c6e7c8d8394de1bc76ab376be066f19ee2443369f7f5441c862c07cf465a2954fcc0c2b3291f03e5ac6fe531d0a6b29edd8bce8ebc4831b8a572
91196f66b86ff8615aff3a3c37fbe28cc65d0e63b298810970b6a9e61210d340d5f10f86aa5c004d25d7e81fc8aa134f2f15f362b59032c689f7f096
62296b4272b2aafa5068e7a6aacae3a003157e20fa191e945bb80fe9b0f190889868312c3fc448a8428cba5bc0f1f0a7b651465ef93462e5e5cfd1a1
1f02f78c440b314bcf3e85d644aba77c9ba5581870181eef1c69cb606b4679e71a953677a202aa95bd370038bc66d0b88aac94d15acfbe78a6f5cc3b
9e6911574ffb03c0102d58203cdd3933f4fe8471a135f35c67d27d9c8ddcca4e1b21eb5c365179ad739a8e33cdab664d1cb003dc5c0846b24f67cd47
38603cd229094fc9531ee864bcca39c0a2776fdce7eec5ea8b9bb2365edc1c15e83e2eb2423ce783a1270b417ea880f1b0a6265df6fe610ebb545ed6
5c9bb478b0a78a8990e31cb0b37906de8156698390cd9a8d36abd9a82590cfa025ab434b6896798aa191a68fe9f66dc4a38f340423eff5dc56936d5c
aa9fdd1a4e27e3bb1c1fdd611eaa3f665f88c9ae950b368e88ceb7946ba969208eda8ce86644ae881b1ee7bcdcae0e11a29c415ce75bcd4ed9723322
4771bbea9ca5692016150d5fea344681873ae7f066a1f240a140fe9470f9e247f0094f2f05abbce139fec9a4a33a99b0ded03bca127833a327ad5b8c
1980ab16afd2d2275fbc4a8bfbcc4606da2ba6013e9aba6cb7919111b29ccb144ecd88a4b23283f0c1b28245d868f18a0c75f8b2caafd036780374d0
3afdadac0118675975de58fbb23b3304c60b540a6451430b91c377b5288d58a8254124b0185e002d3c70528bb62272b878bbbec61ecf812e9a12bcf9
996a54be719503ab57fd6a37951c48ef647c9c82da3988843eb27d83b40faf62fb013cb3b24a76fdd92c8a9f580e072bfa87cf7c2a614a1883e806a5
08085eab522018166629e203ac71f52fc7422bef82165e4c1a69d404962bcf8216ee40af3c0b5a785e66a41503c853df08eddc5136321cd01a03fa08
d72bca47679fc06eae201be9c095aded0e043c60331a0b5788d4ae4e7263cd8aab292957f5f0d2f04d3ab18d330facf1d2182c466cf116c6e63485af
15f9ef7ba3d9cda3b20542e97b0b36042638cee52ae761d1acaf90774557b96cd9a213a0da0c44b759e48815a6304d9ca5a83c2b9a14f7f1aa28d7ad
8d8caad66a29ce7c4987065771c8bff29068d2e3553a8bc915c7ae29cf0ad4128156126e87355ae119146646a736b543c8a29cfbac6843692fda6f68
8c25842c1a5cf190d81a1901b136ba9548c338d3d35e42ae769b758503c7eef5a5a65de0b28170e2c27ecbae9a844429deb6a19e5576d63e12acb0e7
da9ae48aaf572da2e8d27dd8aeb1a840bbcb77646dde28d99c8e03c9e162742fb68add030628716b02ba3009afd6795bb4009d80436320d952b70b4b
618aca520e98a18bee08a06c968044b48672ba1a23c3d290a04f6958ec78f77f750a90d08ad5724a48ca9a13c5485238993f09cc1b8189e5afbe53aa
00e499d279abbf192e22135ca4b5db8e8563d68ad24264d5eaf0d8ae6df64638763065a4f822ad21b8bd16b21605b770df817e7ab8c5a0dd71ae2c29
236f06a120c483db38ae3a183b6a3c3ca172104c47457d3091910e0466329c1b47d8f2c0e93ab7213ec2f37cfcb471e2b5f2f8e9c6451195c74f4737
76afe7a7919623c16a2a776871a663a4b115acccf92f956d9e475d6bfc8e69ccbae4a9d4d50b5846063ab2512ffd57d3af5c1ffc5027af8b620e5857
6fc004a655451f95b3c6fe2bd45dbd2a4413a0ae9cb66a56991c42c7565d0312db6d1c4506aab863d866bb85ccc83e934d1981b5d9c7e1a4dbfb09de
40cfaaf8b40fc621ce93aaec6666c6a419d8c54badf38319562c9c9f0759d7706ad714600149721b92d5cf8bac8deb6aaa0fb2f6e86372d685a55c0d
ec56b2f2026b59841cab97c779471ab3010aad539f186516d2b233c475bcd2aaa151b341f7ac1b5e691d556cea6929eb73d757b17aa0cd4ed4e8b26d
012e3cac969867c055bd90960ac16ad29b4e6415d8ea937522a1685938ffa8118b538e1aa1f55d8bddd19207c53459ab41df6ec5d7a952141d8ad5eb
b5f444f1f66b51c0571fbc6bfe5e39e96205765c5de45ea1d224e9aa5fd3897557d7a1b2ab6b34789d6ac6e81a0c36a21f9cee5033e8d9875e55c279
e875d576ad3e6fa769c843afabfb65d5cd5e0efb8ecc612986da82ab5be5f60be0b2c51b1652f5fe5124589d36fc0011b03610628798f09c3aaabc0d
3b7e07091b14128daa04c0bbebc6c4388c6e6fa290b86f8da8da15bec50c4cfde371ca95dd60ede5da8505d8bb04035c1d1a41e256ef5e51ede301d9
2dbbe09fc6ed98c62a32d6801764b34e867819569e6d4416879e2bafc42615775f89f532b75a7d3fc8151b76bbb4808358eda2eece33aa62dd1985fd
fd2fc2ce2451761587825b4a834130a9bdb8ddff12be89d0abe99dd999a60775483a27338a14d74fc993941c059ea0fc0e7a6cdbb2f04b732cd325bb
f6f8214f6c70c38ed8b0b90d0959afde3e741db2ed387283497d3b48b26d73d20c535748ea9a9115851223964c4dbddfbbff50f19209bef27cc535ae
fa31f0af6dcb6f727c8c0964bd7fcf9847643c772e1f6bf97084f299169040c475ed3a44764cc7de107623d0157fba97bdba7474737f29c100f2da36
5987a6e2fcbdc2aa68cf5b5dd4dbbe34f8ef7b3abb94f6b6c9c849aea9f2020e6c490efb122a21555d62c3d051b4e3e555b31e2c26126ed4fa3c18e4
dfd44125c41680d0c72f37dde465dd87e8af1f6009ed7a79843ed8e4e1e820c76e3a4b873ed8dd8f4e04579bb809431c3cc3f986cf9057389ff0b011
56b499a28e73145b669ce21937882ce162759ed76daee680d0313b6c7aa31bd367f75cf5850c0f9b35b1f7ab2de0976d01bdba94c0122656e92a8a7a
ceee671839ed6c014dc25180122415050cb67a36e3dfe531cf34cd668f8c05a71b356780fe2d7e5fe59391c66c8844603ed8f2993db3ff29e405b605
8ddb818ca0ff69181bcec68c9a3bd98f5826c7aa5880fe1abbc2345b2a74d356ea8add7e31928cf86293c79ef4c0af5041213f0952abb34b82d4eafe
03486d9dce10007f9bbf6b69e0dc02525b86bd02afdddb89483b032254b49c39bfeaaa7e0caa71ba6126d18852c98fb21f744ab9c0d56c0658f17be7
9cc3f780be2d3af5037d5b8daf0a736be6eff804a1148063db40edf99e7377fa8261107b0c30b60b058d1920cf26f9967ac8fc21b480d8564041be67
942a984284fa01b311ce86279a4b692f38c3cce35a2b40c0ade47fedc2dc9a86bc0373db4053eea2dc6a7e05e4b66a648f91dc82d299a1cd510818af
7c18035ae70935df8c55c9fb3dc6cb93bb6d92a261d396cdade91fc92c6882006eed8b310d9c760ba65080741899617cfa8fa986a8cb786e054d0073
ab94396672029a1796229c38ae08923ecce43cd685aaee5c11e80d6c79174657230330ba4da10314dd92f37c682570a71d9c24e9c9e1ecd02721863c
3b467c69d78933074e55a74a272c17b4dcb6b9994f98b707e9f45cb8fd3361b81f4151a453ca13dd5ae987f3bce489b1bbd7d20e213d304538bc37b8
7d365c2b0cf00a0f98e884647ef85e90657e96969ab88f30446cf9911aaa3378e55afc4df32eb22e843de020e733c749fac09db58685e0ceba79c0ef
dc3d8c9d3b6b455ea07e8baedc22faee49cc968da26a520e62c7ccf8febd70cfdb7d56c8461b0993e8784d080870d367110ce0964c583ff464280f4a
875bfa61353d424fee627acbbd83f11da10823137e384f0efbb105fac415c466ffd29221217881f040220c7dd494bd83ec7149795f9374fb7ba63ee4
d92eb92f5e6f5ba4666f4e0e435d024d68240214b8fcb22a2e4c8cc40007b8e6e9130698c33b905c76adc8c2007b51010c702dd42a0a7069166828c4
6bc2870e676426f95e5c610a2b7a28400d4c147a2b0c013fa6bfbb2591ce87396a94e7c1f75d3ddf78619e87f56aa4633e874020d0a3e10d3a9466e8
14ae0630cc1fb7db93c2520e9ff1af63a6061713dbb0b40cb5d8848cccd116a55fb62700bf5f119f3d8d480382fd2a738c9a29ff789e1876a8b6ba85
6dbc66aa669e9170b2b0fafbf425dba6f80eff42bb020578331672ec7ac0d0a79dac2fe133169be9b3e6065740716358185fbeeeef4a82d316b43640
da124398841b1d0ce1466699efd955a27fc69443dd87c606bf6f686336dd8cd762d466a581810326bc1aa0b3cd3d3fad558b44b3882bc9cc7abbafe7
e16899ee81e79b3def331338fe0c431b1d6aefd2e0fc967b246f2cdc623dd78626436681963296acd00a761a608437310a962b0daa9ecf901757368d
094e3cb716a2177c2fea4bf011d186838c1f1db4e106444c076db86972075fb8ea9b39f05f8be119d2966077f55fd36f10e0e15adda1a37b54fcc3d9
86a4013cdc8054fb9e1fa80d4b326c9b6fb42ce8b20038f1a630083871db5c43214648e6d1c526fe81adf4bd70049ddd9963f5854de6299fb647e925
11349062bf67093c6c79201278c336cc1d6e10d73872392cb2ec0ac6900fddd13c818016cefc3d9786ae1ff6c32614a51009c661de2c4a2b5160f702
c8b878f732529e402d18ca13d214b3c19a4c632c81e21b12c3439ec8512037145772f9ad37c0043b08c7ab309dcd2871faaa7860ccde1042c445ba9a
7fd036e241b14f4b3c18c6ac8e0b3f1667fca23989bae9f29cfdcb2542f205d4b895ac141388abad83ba8ea4e3ce35a2c4120daa1e60436f36529e75
308d9bd733401a37e53f208db73d69c492191a39833a90c6cd18bf61b8b9f19d601a9799a55fe686c2982d8a84670906cdbbe68173429178c2febdbc
188f9a57b580b4101103ace2755ee8c7e38414ffb92d630506c6fafcd208cf8803ba008e3745495a4fb68f883264fb5e8e825efc15b7081a6856951b
c18f64606e6141bc5616b23fe8de2468cd6ba0f9635ed8c6532f76cda6f3c7f2d0196192e5cb89924ceab2ef25bbec8bebb3f1ec790adb383c9ad685
c60f630640b9014fd5c14f2e86d84c6e49f41e014ab981b5d981525eb5062fda97fd6a9946bede526b5a462049332f4d209473f3f4372b53b5f62bf6
7eb5383c66d806d7d5b6579829480af8c94d9726f093bfdf7d761f533f2e7c7afe8398fc7dc30416db629a2a3b147224fcf1a60c0de6f1ea292d63db
28d5afa46c48fd13db06d9f9fbac29fdf815bbc71930d19d866ec08f5bc967a8197ad3449ee886f8ceb453b8de86939b42065ce3f51915ef7a64fa2c
9944be00b4b81aa20668f1d7a0bf93accc1e369501ce0448c5ade4b3cec04c67cb6347db8dcde22c7019611c06a8c5cdb076708a6b81948253dc40d9
e9c014870469f6dc1ebeec0e88a6bb47d38eeb1a9f1bb513cf3c2d22e97131b14e147bbbc486af417f9746b8ca069f154bd35b372db71435db4bd1c2
fe9216b73a26c50c171c3143abe244b2289049e08c1b682c1d38e3ef9995d435c29c3a096dac100eb4f1ae0b92c8c6faa94fe50d280a28c7cd3b2d50
8ec5b0fb9e057f707b2dc788d069619a382ef265094eb2fc39a9a9fbacb4e281591243b235c08c3f7dd267771d1c6b124d4e22dd0e7e71c9bd35d911
f1a7a037152050fe660a109e6fe4846e80f73c643c8ef76076bb5f79b430434cf3e11a8407bef126644d07dfb80131d813ded850a969867805a97932
1548d2401d37af0126e606a0df3a48c79b0839df4b262ea18f672e28fdc2d1b0200a25d6b1297fc03afefe60bc27f453427265475887cbd5a500be0e
05e967a65d61f8d10a36f11276eae2ae2a3395161cdfa59395052e9c00e9b9ce88f9bd5d620ab9bee886a4838cdc8a24d97cf46649020db9a9894eac
05da47e78dcce2646206d0db1630e46f02795e9aff2019f2f72c57b34b4f1e715f58634fb898610ef491cab92b1f2f41a57f0f33ee523cb4ed5e7f33
0721c5f13f3459d37cb371a6ff5502f488bf6e3d79c89b27ca170eb0d4f725fda55bd29b8a69bd6825430af1b2c4b0b8844156e91306595ca2ef856e
c1910f03d0d5fa0ebc11c9acfb3db3acacfdb138751a5f0e39350b70e0b128a8510711797564e3852658701091bf676addd8db1cb9c34073bd8f414a
2ede941f1bb7bcd35adde68c1ba4e446cedceff9f60fab65c5a1670025179d3f8ebc93b0da82a32db2c701dbd63be8906d3b4f66b755133dcc5cab9f
2038c99bdeb8e0246fa0ac7ecf32550651dcda7c430e19126f7fcf6a5fecf983bc313a721cb26da4ee237d1390a20fae1d74dd383022e8d57b7005e1
85d0013bef2b2fc41f54ef304cae5aeab12f76ec7512e9000e0ac5b9da5d1b4e35f8cda3d9999d93c20907beb9196c75683d90a51fbbe108509183f8
394d4487ee095e801d06919ba2e4c01cd00c1c38f2f2019a7b1839aef3dd41fa5ae5f20359812cf1dfb3ab9025bc956279c85cafbe032a74d363ee30
3edc101a80a05b75adcc31a7e70940d06b4d7c399906861b79cc998770b3d341fc0a9a1b4b5e6ce1e4bf6ef6c55a0749c0fb61d23838d231c88de909
1a7227677a28a9d829fc02eacf3fb409da0f41a4b5981ea8ef1571e618da9af968a9ecdfefb43da50a363e1580d0e88ea5a637f3a51dbaf3abe48321
dd744f3a0eaba25387a7df554a66baf9cf2224bada1f47f6d03f2edab02a8d1b742439a6bd426faed624fed67072b1b1577b0bfbd329ec30c2cbf42a
879c0d4209487403e6f87bb6562a3283bc895a0e6fdab54280eabcfe61e08b2335724f7fcfebb257e7f343473c534580f1dcc033fb9e7122821108f7
2cacd6f7620fa500f02a3040bfe797679a4bbec5f096c57a34fbf42810c09e8ec5aaaa11d9403f376fa28ebc6797c293d56cd3da70703ffedb24a7af
4598297ce94c0e71988d4c59ec78b3b7ebabd3ac63ea9ce74fcd247c599a8959494ed88857b3a7ea9f5689539e9255b915608e27ec02a0bc0e5474d3
669650d13a72890eddd5ee45875e72ee1fb4efdca477308d736386ed255e70f20fe0a54bc9671835e4f614214b0ff293a4e66ea053f7366d2aa7a946
b48b803bbd7a6979e92bf41ab0e92a9b3f5379732a6ab7bc2f9c3c08d6291740d13c51e48c083d75562bd6a4141a7ec46221b38354bd35e734c3b2d8
35a0533743f44e9388e8ea76ee364d37703d93e99ca6250796a10b5b6de2d1d3c421e6543aa1edd53445e059b76a47f4363348f3d404eceaa2110212
d2cfa4f26e87662c2be2c3299947203a1bbb74b7896cdc365858b4d9b36b81429a3bd1fd00f4f89ef1ccb31f38acab63016f5df4a33f4d516ee209f0
adabe9a34ef842f75a1a7cebaa51f124dfa8ce9b625da757fb999adfb4bdc77ffc0c67688724208a869313d5afaa98017d5df4053b492566e8d3a9ea
a757d2093c4a3562f94c2633adf864b47ca58b991aba10d742ce7520ae5b75e7cb589a259adda2c5a5e655833040b22e062a82645d40e3ec02596fd9
02bcc7794397f37217b0e9a2dfbe58d39b6e01804d37dddb04950e45fc73421e914f40896eb9f38cf8529d3d0fa574675d6f74954a70a2d73ff4e450
f8804f0314ddccb5094ef43a1dd48c5666f2c513adcc8c9aa78c08de2a80b4bc47006913ae001addcce091d8d0f9bdd1436c67dcc8bc443d9357b978
a7846a5802e3a5c35bbada0e8647070e9aec587f913decbcda76cf8b5303d3051f7ae917bedcb8d0d1e2c55da15b1ab54cbc9f0e2474d54a052474d3
750a48e89a83ba9510fd3d0f0ab380baa645fb2481486897071eba9a52f594efc180457e16c6f07b31aa04710fcce666723b309b9b19f04e53789ad1
0ecce6a6e39a30cd422576609a9b59e5ce57114fe22b28977eae402dafbeaf22e02baf8a7dd1cf00fa04a8f2fa2c7861ef865f656585971caf5f19bc
c6a1033f79fd33788118b079af2d49174548e6a145f81256527d1da0e44c84767985aaa27c6d4e911f79f7050507e6b899da0a94e3665eb14429d61d
33918907d4f54a972ab6c0c5f5a68ed957722e988160c4a1fe7e552fce7c26e33672be20c5bf9a1f4921a1d40947cc39028e7800c5d28123ae3f9bd8
f1f3724cda269bcfea186c946bcf5aa949872873e1813cfc35c130f69c125ef088d2d07165a8f1f025579aba08b73291d785a19264f55d2062e139fb
a577b4fb044524b41800443c9a1de15e52a30498c4cdbc61601217931000495c4ce873a9acb832dd0bf4ea47ec37a8ff85d1d1a44e57f21e589ad0c3
a1b001dcf0683ec36ef223727018e479e1fa6492932bd404a0eb57ba3bd99e79373436004abc26cacf880e87e45fe9089595dd6c561b64dc4e1a2645
13d25cc3b1d291c590aa890f2f03b5febdb8f1e69fb71ad7801ab904221f6b9500f9b81a5e7ba13985e20ac0c7550bf125f372f955966045601d3753
b25c53638ebf67272d909df41f7343faec12ba11f5919a48de173e523aa05dd3f5f4230e3332d025168619012efda9358980a05cf537bfcccfe15612
b9cb3b712090ab5e2e5786413bf1476e135fd6ea9806f23a954a2c0e4b346b608223e742e35d6d86f82bc3b5ec2f385e2648b94e730dfbd1414dfe8e
7c02cf0703b928c35e27f3ef8639ed92df2cdaac49e9ba90673c589764baf807c4cd792266dadce5174a5e37770920c9c528870b5f27f9e4759138c1
ad72295ddabd2b679c6af38213a3cde505a706145195a7fe5d97ac52227dab46e40b197c1030aebce174b0dc709a170d18e6e69df2b5f8e6b781991c
e2b64c2071a15486122958cd6d87b75e026a9adf00ace66a68fcf5905546ee86315493d4f5185b49979e3c30f495802e93155de2662a6501e8dc4c12
01a0f3fac3261edbf6ab974e5195c9b5e566847ae9007fbdb9a118aaeede76ea55db9787bcea7e50c01bd0af904b0beadc4c1371ffd09439d3623a6f
9a976e136b19cc04c273550ebc31671a0e71ffb2ef1677cd11fe6e6f188d6002e2b999b7f1364c5b2f6ea09c8ba123c03737591bf0cdeb23ff38f16e
b526f321f83b73c596169839942f6e30b67e7fe752be532745fc04b5f99b497a5f60c03fab6603d964c9f1dacc2b8fe12b72617623fceea5b7165584
7b8905cd1c0a423e87990defca6183bcdd583573455061f5771516ba6b24b8bd8c0c0bb893b33976b26b8880a02501e8e8559aaeef38bdb0496fb262
1a517d736169d8d1edc5a2c15eb78643339682e4dcbcc2ba1b3bb9f8bbccdb0e36437b196acb99f225770663323775f6aa6b158457def8141974010e
7433b4fe36ed9606d1bb035eb0fb476e58ba050a96f9886e35cc667b700287619cd36e45f278ca46f6898fc0d294cddd288b9eda1b566e02d03b9c0f
1a08f903ccfb565594d0def8211b380b3af4682e2b5e43da166eb86a55f5bb8d94361329e8d035276d483190666f22958c88be673a8ed143d38e682c
0437ba99cee04e4b257c1cd8e8660cf53d65fc16c8d9f48f61bdf49d34d466550230baea0c779397d22bfbfbd0510155f5d66a696251c09f476e0b35
4af395de823e390e5c7fbc7d4eec673d8deed33964ae4489d0f07863cedc9daa53c10a510354e86a72c1dbbc2123ebd5700c1bbb2f527639f2648870
dcdbac957922e48808f8370aa2fea0804a37e3d46e7d863542df976453727141b9249b042f1bd101a8f42ae10bfb50e208a7fc476ce0948a36004c37
630beedb3ed18f3bfd9fe820aae3b234ff45f7e4952ec2ed1dddb486641ab6a929c0016375356aeabe257cd2b747b9072d532cea3cdac24cc8bfc09f
6e7a6fdec24c984713fce96f22e90af788869e88392d0ef6f702c5916c3e1889b38073eaef74d04530d7b579eceecc75e200713436252f28d5c3680a
50aa8bd2c39d6c14590c98ea6aa2bdfb5577f3a89a0c536afc72c92e4be406d248f61b73b1d103a05757e3d9ee9713c1d17c7e397fc14b363d7821af
00a37e84da644f3f3fb8d666696c4b74f5c1566ce03be0d54595f5c1a747bbd4b3799a282b749571298fdc17e10d58ea22e578cc8a02550596ba79cb
f06cb985ad154e0cb706a23a33883cdc1f1a0af494248c8c13ed5adf9407eddadb2320adbf91f93b849e23f61488a74328124ceb813743929fa59917
61a040bd6e7a33837add743f13f4daac73025d871cf1813357ede94feae84e86ec1802f22c763ce49b4f65b6a1ce4faae82e4f7571e95fb56d9a4015
4f360d1c76f3ce1b38ecef9cb18d1fd3a6e819f8ec467b51155ec43a45007bddf6fcddc3e81fa69cd6eef8a415d94d80b55889f3d15f583516a0eb62
9c3a38d7452ef8a889179fa5a210fd84bc96330079dd74b502e67a7dc5ac0b69692edf070761c52c80aed757f4b7bb7ef4b03b57fe8e31cf9e7357a8
df1990d76b76a8954460cb99e40f7297f8d65e8f3f6241687401d57a37c103a8d6458f0650adab6ee40faab6b7e30fcc7aea4ef3c09f556f9f9133e4
0b93e2b339c2dc7133e784a6b1ec2a593cd33d6601cd5368ca22569b6afa21cec7bc83cfb405fa6dc2126f7c80b24e8022c0ab9be61ef0aabfa63dbb
dc2f7a0b254475f502eec1c49b54e654a085613d987535e53da61cf16ee34956edf110d0c9c5c1b09b84e924199b74e6f4a84c5f2ea7d3d2521716e9
9427f27c393e74c4e7ca5ed1f7cb5ed186bebce6917ed06935503ea41cd13de1b9a4a288228f2e395e0a807ddd94c89e64e1c5e2eadc4c8f2cdc9d93
daeeb4230abbc52eca7cdc1726a7b427e8b779d2f0c14d291f54eb921d012642def82cdeb8a56e0e30f51aa0ffd813da536574d6719f91d50146fda9
a8febe5643d70a00a89b12b700d499ab53d0e93083b440d3bb11a5004d37055cb0a49bd7f8c04767ce25e0a3ab27e34d36469f848c2ef951cef9e005
81bdf991826ff8a272137e95136d832f723d5f61f9ed26de070fba69a2010fbab9a9c083debcce060fbae8ddf3eadaaae54710e850627cb75c7dfabb
7945635d8bb355a13d447b0653b303f61ca22ebe26a2344f75e23beb06028ef37ab17836e23fd89a1c1471bcba16bec6f14a3b40785e25284e1a8fb9
dc21fe207de03f37b9c95bdd1cccaac66a43e25ff3489b6bfe4de6c7590701ba18b2f8d69c0be62ff5cfe1cbc384fb95bb9101ec2e0a0dc2d7cc54fe
6a55d613f63581259beed5bfc58cd4af092cbda5109159dbd29bec6bf8b276b3a61ec099d78ef08f9c62a6955b506f5b5e133a6f369853ec4b9e62fa
db9c6fa6243556080d18ceab115f146ad0a5006e2eda23806a6eea556f777b41ad5fc370bde20088b9b52c81dfb6dd5aecafe9be0026733585db8b3b
abd07bc02db7dc4ecb94dc729f1146abe95a80e5ddc400022c77552f40959bce12802a377d6bc04d6e1a82c14d5e5da51bc4d71a3cf40e06e7be24cd
c6fc579372b01f69ad40f91521b9abd1bd237b6523ec1d84a277e63cf3156eafeacb4024af12b438b35bb422daa29770efccadeb3fde3df8c75a812a
777ea71bc3ad2876524eb509364da00c4cf2ea3295114bab80ff1e9017b80330c94d15e21553c97c79af79c04414021ab9294a017abc1ab4da6c9071
6940f612e605a8c16c0dc02137f5672090872e0a6fc6bea0ac0187fcd56b8344c2a85fbc822769737ac5423475f78b47ab66e69710da3c6b977b8015
bd70a67637e9dcea45cd8b32ac282c507257017e2fed00c8deefedfcd0046aab72f14b384a0ee3cef5f0230eaae3be3d8f521f6e3cd50004445ece44
7f513f2cb9fae7bd6aa036299ea1773d6f5a6965560f1abbbb0626ab10f2a25d7a93f5a25d264f78dd2548ada023373d3500446eb91caf8be6ef2b37
8ff18d2fdc372f4bc0436ec67008811c7a050b81bc79a5f3c2893160c50fa3eee022ec7bb1edc1b3ed159e3bdefb7e8316b526f77b668bac8106f8c9
aba28d1757a0f1ece9d8fc831558cb14bfcdd682e786ababcf615f294da64dc02b0300e4461c59807fdcc0580e308f1b189adff34357fd9dc616918d
9f39a0214adf4bb5afbe30386b229c15792c402f1e3938d4c2eea00d4d05552c7ec48fb49d7ec31a01aefd9e773ff28f1c10f36aa6cc701435278d46
0c4e2586f27b718d28b2677799843d6ba619f2560c8c6a9148c5dcc844221543c203a4e27515ec67a765e8daae0c6811697ba3338dc569fc61e2e770
119a07b8305f8b719a7b2240126e60e50548c2ab04ddc7f23ac8de1d42060f925e0738c15b755ff51cbd5f3d7e6565ea714c9848c1fe6e760834ec75
182ce157b8db116ff0bd5ce4da60ec26a7dc186148191ca2892ac3de0fb73ef58eac97790468e0e73ce084d35d39232d266d735f49eee300c6b798bf
34c4f1dd89d3fe5e24edc5cf5c45bb059b992d5f38605944d1a9f8c76b114675a8fb375f7097ad3e437cf2775244e6ef6caef6978deffb9013e48e38
f304317a14bbf1737fcb5b1a8b7de690fd4a55c9c9c0d44afac9ef79c299987a222ab0050758bc034f9e0027772773f3f7ec39716be357d33ce2b8cc
603c0ee073d747fc019cce1e8e1d53252058f1d32734ec07d77758f2e2277370333e39a37c845be7f879e224cfeeb9d7bc973e1f8e9bf65eab5d7f00
12bb7a5578e1a20c02bbfdf220052f6e33f6c39676bae667c37f765e1c88cfb91ffcca3e169b44f185b06ea9bb50ef66697f5f562172a60700b00df4
9b10ffb5632d08305f57477cd12f86d2e41f44c78f84739df636d58de23fd6c5946ec51deb7017d9145335407a5de0df7c854fa6c478abd2b3ea1f5e
55d308be291b7766b169eb424a0e505503ccf3005475d5eb5799ce8c5580e8618e0da0544d741c5b93173aa3e6059e16d70ac60d5580b8ba3e638c78
aa8091f33d23ce04a36ad2fcea0bb782d367370ad465d33e562d2dcd73b83a53128f1e60af36006302bcd50a187100b7da4859f53ddbb6bf934a7358
911770ddc24478d8f1ee24d00dbc2471e98f2de44feeb1452fb5877c53e4ec3807f82c3697634887edeb508cb33829f3004b8e6da49324cfea2f10a3
0d43174e0bb1a58ceec959d4b3a2e67fcf0cd50d373d2bae25d9ef0841896de6d4b2c5a66cce05c077a37a0a8e1cc75ff11bdf97c52fe9dac1589c54
e92a246b4b89db338dc44da84308573a11b9bf17fd6f275d53b21ef4e654d275c4f85d00b010db12a6076a5a6c0ad0f0ffcdfcf4d3d37a7159634d97
b5fabb7a93475de7fae9a1ba6c82de924c66da27ee869af378abd7bbb194be871f35f6b11fa938b8f3f1a100d0e37b96c3235e6eb74bb2fb8f44ca8e
2c72bbefee76e2c49b7be3d1c0c290cc1363b5c48a9121f77b66fea7650d5ba6afa0975597dcb475a85801246923615a803cbaba440b5cb4344f26be
f84d02f7da82df103622b1c270458c4b003dba30d47ebc74ec3a9d67f93983062bb491b53cc0076d64e58ea20b03268010fcb363e8fe5ed4c2e063a2
7f6e28dc51147a3911207eaed6fdeab5082d1a4c859efcbdb06d971210e07456d2cf44317e8ae8faef658d96ac46dff3cd33834a5117990cd0ce466e
e0efb9f05c79de1dedce0b496a911100f0ac8ae8e277ee785586009e4339aa24b0d8b4381176ce22e9dd884b0c703a57713e32f5cacf9933d52b6aea
f7224b45a403a8b3919a34c0e9ace40e0b703a2bbe1401366703d833c0e68c9c4fa3a9514603d4cdaaa803e8e6ea085d6fb9cefeb3269a449adff3c4
c3cf8f0e3b486ff174e8b6d11444a0a1c5f4294e42cbc699e96542aaf99139e2d17e4308ce0a112c8b41ecbfe6477227579f3b13eeaa0334ce557afc
45f70a6ca2659b324e4438e039d70bdd047fbb3b45d894c8a0f93de7f6655243e9c5b100dc59ec3e56252ebb0244ced6ed652826d81e8159a462fd9e
373ea2690c4c247a0c203957ff98f8c57d5a77fbe131bf29c3953417d9de90d33a8c695db49156212772b27f5c76f3a671e91245a30e0259392c4d81
c3c6fd4622d37c81eec13a8a01cb912fd9111a27b709fe4d514e79947d3fe5040c8a3b942e693855b2862ff8f8173f9a7c644d122f5ac05653f1f7ff
5e94961dabbe0bae00415a5d52c21d480e15634df7a0e51dc8f023554dc4319035bf6a91e680d36cdd4e99523d9f1d059d12d90431ab98375d614510
cc7091c0bdfc21611413a32a6e0076d9005b0cc02e97d6e78b4d3081c61c6bcb282448afeece07d793fc1de718f794a096d95e3292ea0b6bec506124
2a77053ed2dd84afca0a225079d3dfcad2c6fcd3f64bae570fc6eb89a7443573ba86879aac0452024c65ebf9c7e957fea1d4ed579be411329f689433
5f58c1eab303a93c1b1430788615582d7615bc24be674d8e59786d55ee27a296ec2e5f91af5c7348251507c91b0320cbeffc842ff2022415a02c1b28
79019265c1d32500b2ac04bc7ecfeea92ccd99193ebf74908f528d405001e1720ddb175733febae3fdbe64bb234b808bb9aaf045e037ab63ef137914
3559193200b098eb8549c5804366980017732b0e4c6469b20904b898c5f35f615e64da09602c179da5daa67910560d5ee56a83cf9a5604c812b0948d
2c23012ce52acf2c1173559db1ae43ae5d34e656831a80938da41c01e0e457af8de0ecde5dd3ae500d83ae69b1416cabe4f924b02b449c1c3ff78769
356013804cb69ecfd811b3006d37bfcfb6d981dc4990dd21c0986c248708312677321b44954b4c3b35b26dda307e9788fd104b92fba2004ab2ca61ab
1ee9d5678feef005eb14b4bd9ad093abc5003272bdf04ff20c388b9891039c8aa869f081a957af15a06c551fb93c3f530e39fcca9d8e180eeee35a2b
fe3934a279684c94417c7400eab8e9a317a23a6a7910d5719b4ec5211df24089e5381de689f00003ac5872806b0bb01cd7ad33bdd4924386b3efc54d
ef514381113e2dc07c6ca43bf89e2f8bf8c78223d39c584f59bc2700004852197ccf84e1c10ac0795c1fd1dfcb7deeb45e6e1666e5c297c60d75e9ee
eb37ee53f747ea3fce30b1573fa995ecc9d3872169274d41000039347b2500e474490cb872df983473b8a1ee9c51eac2cdad3b0eae1970090a0120c7
cfedf810b1eed67e320a9f5e3d1e1206fee4c0fd435e8016539f6c9d6e912283c0e1000ab2e2591d204136122944c570b5429cfe2282f0bbaf6686e2
ad8353f4e6b665ad7000e8f295d7fd80b65493fba122d557e9d155d41b80e0b3ef057e62f75f393aabb5ebcac6fdd9f79233d679d175bef29c9d1cbc
3063f94727a79ccf9018763328955553d4ae573a97edb16fcab4cceaae971bd826b1977471a78d6290075f199eec7cefb2394e1ca0914313e72e9723
663b408d1ce4250b402387d6d23d6d6761690fcc66e36ea8697184383bafea052bda2b413b90815db77007be7857c5db28c092ac048b7ecf6e1a4784
ef19b90d02fcc8464282d877654f6be5f61d58a2ef39278751ec3907be24576199c4e9223a39c09f5c2face6ee064062daf532236637049d1c6066c4
9ef635d4e4bd39bd34d3b266260867f2ee1853c7b2f46ab1b819c85845f87f883e390002f95e163957990089b2a9930144b97b1db3f724bf7483cb8d
9ecf3b29797cee768905ec76c967661716b1f79c04a6a7eb109bffc856dcdf5cd81332f2d50e59744223678a064371cb752654598220a22591eddf33
e71efeb263b6db871b40eeb8b98d0df9426f079e72fd41b583dddafd088a0e0f49dc4a0d46e256ee840207b895eb1f1a99b998cc83771be08b7c2f9e
09a4ce1db4e4816f51ec69ba736f19764596dd00bcb211551e80570eedf8fb91edd3ca91e3a27d7532bb4f52ca9dcc4fb1cb431754ca1f341098cbb5
487447bd6ed86a8e804e6700b4f37c4883375f5cf16a7f306478c5ba9b65436b12b0979b32f59eec16615634cb4172daef256ba603c4348f4dda23c0
96f446bf7422526317d28228d400ac7275d317f625bc708731eac9fabdb0fb607380559692e7000658bc7d04a0b211dbfb3d77bbe2576ea0cdaf24b0
08963bba5bf1be71c704482eb5eff9f12b9abf735ef847ad0e4603a8656d1e5bf24612031b825a4e35db5d2737fb8ba1b0cb4c44c6fab92f482edd65
2c24972cde49ee4fcea955b1df3c530f73ba4978718beb12e4d409118a41b2acaadebbfaa1274416e9d97e730de9c8abeeb6fbe222b8d41908cd6e07
be7278d9d380d022602d40b26c44b5854096849c7dcfdd9a2c7cf1c7c6f3cd73e5f9e1996f361566364323d4b978d1090c662322eb7b6e7c05c71105
732ab6b74dad6e580431b4fad59a5d8dc9806056005102e0cb4638573491b110a59a3941407ff95e88e65156041073ab0afa4d682cbb0b0f1e00b57c
2f648f6087098ff92b768afbfce2cd6a1302c339041bab00ad11e066aebaeccb498e09ff701299e942b25568525ba6d0bae533e9ad6050c066e64969
8b37176915089aab35068e37800635203477125105109aeb235f30d5b25d84d0ac0ebbda235bf3c820fdb63da790d2bb47d6e2e49722eee97bee3cff
79f501d8e6aa818676cf76b1ba4915747f5db135cd460d53aa2693265046fecee6dbec649e7886224e865bbd65ef69ae7189e292a760507d21f581cb
d4eca05ba629dcd146b34f4c351e7be1eae3b187ef7280c85934a480c8b966d15a5f6ba52672591236fd3d6ffec157a066e038fd3d3bbb4c8d081a08
cba0719a662340e36ce15c76a7cfdf49f86f3770620f8783626db8dff7c2fc658fe47fec2f3c2154779a0a37792b0224cff5420924048dcfc07ab6c8
e72665f3237645b12a8091dccea8e5e198bd16244b4108f839f02cfb5ea0599220dd284833f0bd148a5315794d8af7d3c07ab6703b0d96cb795ab246
f5561984cfd584353d98027d7e79a6a2944120c3e07d6e1a1b1b79b0c35d33b3694a4f6d959e3ec2bec3899a92613b421e6c4d02edc8e9a4b7b8ed85
2b2604865a22f09d2d9c10983f6934a369c80577f17b59c2b49e3f0070d6dd5d775a2b1dd4a83ba47ea7b5d2f4a920054b077eb345d63a213474e394
ad39b54477ffc84b1f607136fce3022cce9264ff4a6acb4738ed85b4efb253ccc79543a587f8c23789e2a508e081bebc76a683881991bfeba0dfac8a
7ec0f385dfecaad6c06faeaa78c1401cf95cfd83c681b32067e6f70c6372bbdc9ab2f20f6f452dcd5efb137d2380e6acdee5b43b7b6cd52a0ef90f1c
0ccedd1ea70ee90000cf3aed31624a58e0c9f56456d4e0371757a4ce69090926326b2396fbfbca2212790f2a705dbad380dbb9bea208d166dacdc5ed
dc47fec13ab847b9d3d4c5a97b7749a281ef857d4901713bbb868caeefca965fb909ba9fe5481a2ffa18401041e46cba8cf454b469bee313a8df0df0
9cab2e2b664bb0744072ae7a693e45122888009d63b3e24d8e64c55b0e989a372da7dd7fe437568d37a06e26826c167d2d00d96cfa1c00b2b9d2a6d1
315cefc5660b50369bf714a06caeaf68244589ea3faab8f6921b532fe17b556fb3152dd2609b84409991cf2a0176d284d22dff61f6d0d6c1c65cc5a9
6b5756872675112a80c0091031ab62bf8898fbb0fb589d0b0865d1d37fc65e2a1f845fa983e48b1ab6eda752ef4e80d76727e5ef397b5c9b4ac87a73
5aa1897d59adab37a5405f36af8541be5cdda22a54f7c80279061855268c4639e83de78bf2b2d9f02b8aa399f5ee9ab85a7a16022513a254eec38944
e5f636ada7caeda8881df3ae0bcccaf507b325df84057779253415984a83610398ca2af102a5b291bee47be6fac7f90c92e5607402a2b27937224265
d77ad60736497b44f630af3a80abac6abe3db96cf50f53dad23bd2b1fcfe0cf508412ebd9ce8a8fe91ad43f790c9bae66fa780f870c261169c9953cb
f8b83dd5f2de272e892edfc4e3290b6b0ac95ab571d1f2540c83bf75fd754014f85edce01846c0ab1cba17f58c1cb7c1432290ff30bbd2b043f2e2be
38996a9789e4cf2481fd9e55fe1dd449fe6569e399d5d2c68931c40d7a291dc2d53a4c54b379d771c7715cee553b7591da0d6145fcc9e2f6bc3c746e
36bc1e8b87c31032bd2cbad9c4861d81a36a99efc951a558b71df1d953e31e03a352c37c5f8cb382be14e055aef1f9c7897e6669f27e7930e1805abd
c1a8acb9431ee9903b1db0078dd3fdd1f589161e2478090f766ecdcc605aaeeef947f007ebfd48693d5744706bf3ed0242e8c4970097c38e2ff659c9
7c19ddb06d5df2faeb7172915fa8138a1408973529e8abaa06f316d63277c59b9343177115d2cfb0bfd9383de12657cd07d0ca55a2f3b2211cf9c74e
e9ca73b6377861e4597af0bcf18cdf5e5820377af07232b79367bd0c1acf2a359c9948368ace0e08e59a503ab56919c294109b42fdb08c03b488a231
6740184a671718ca224b0386b2eaa0137925cca68ae260fd488e06890e6e7eb5768336b9dab684f632b65e14693f27364ce83c6ca54a6ed87d804cae
7f68a6ba5490f2484dfa4f9b5f541919c3c70fa9e82102cee4aa8ef1c36e350c8690d360a845241f851b84a99bc3122c6af15936ca761628726a2689
967531b1cd5dcf690d145aede48142ab21395aee3b5fb28fbca0ac764e1f088f31dc08cb885d8163f99e95e65c6d1c495556817eaceaf79117c42e0b
17c41adfc1845c8cde26ec94cf0a762e4a48129a2fc5eefac2da237e85d9330d1c01bf718d9c711879a6e30c688e0d148c00cdb169d216cd318ce588
740682a308cea8811a40c6061a4400bbd834428759c434818617b6fa1680b4b8aaf21fcf06b6a398d6c578f5c3278372009cd8345b876a637154a88a
a3d8c7835017bb281a92fe874027ae4965ec47661cb708cecfd9c88d54e7ef9e946e71b7133414b8c5a6d91bb4c562a2d50060b1168fe3a9b8608327
4c01d121320ecc55385d2b269bfb5dedba89a4a837630072a0f11ac0c4552d7f90e3441b6fa4a390e446b6053f13c970eaa50894e12ace577776d17f
ac8bbecbab343b0059d8b43a0059589502412c6c9a07e2c97d4283686b393d686b4302fce442d1c4638a513f92be78ba1783aa86ad84815fdddf0f4b
5be2f2c5c60dbef099ed233546bbd34095588643da209e812e99e017162f83226f67251aafe66d440ae00857830c045d4fe11ba4c1b26e67ffa080c0
0dae84c196ca11775ea6ff6cbc58b7cfb77f145edc8e88256373d7410307b9bb5449c12b34c1c3f78c930dd63050095755951709302c6f143633c418
20c221434f20c2010d1ba9d2e53f6456b33d0cc25ade877e48c863820f0ed2802d3019aae254823758bddb066250f0890586e2478c0f37a0a93fec80
c9a8270b1fa86a0932e0da7454956a173c0a6cc0466abb054e614ffc23d7d47f64bd906f60ff46cbe2a68ae5248afb676ab418c94860be20f4ad4ed2
31ac9ea442fd9e73a9185777ea5c928e0b97cd77af91a67fb8bb37ff21c4b1fb077626367a82f5fd7b8138da6090032f9f1109d0ca41e11b0a2ae0ee
35955f60f756cf599d217d60de891b56c11eb8f1e8e53146768f5a8735d13d5d3f5d41d900960200f5d6a8e9d2e20975778b9161039ca9183af4004f
b67223af9de4ee59f79abb3e2cc3902d19eec0a8a8a20d9ede4a95ed8bc688697bf20da40220f55679661613a31aed48bee1c21efa3053d7e1268156
089de7cddd386cdd67374ffe817ba37177c0e835b55b61f4c22bb271664f98a0d39d2405208061f6fc8ccd0bdb01246f534112246f90543700c96bca
e4c38b4a3d8606510e2a2fe3cc45a05ad52897969c590ad582e79190ec7bd6ee3ffc28f7271db99223f80ff32031205e6cddd0fc45ff52ad82838e2b
978bd1132941a6ae005caf690118c9abdc81b753e4147351aab207b8de9a167a732bf04b44645ceefebc27f5b0ddce8b9b256d8870daf178b180b825
789e2220e079554bfac8eb4d27e671212cc0a50b8c1650bc85ca4a1f5f6980637fedbc5f657f698314ce3b61cb2112deae4f0ce0776d4875f0ed190a
9ae3cd91ac7e4d53487ad9395325da79ce56062f8c0ab16f6a29ec59c27b00aa2273c700d22d80a26bf21491e814e280986b522020e656139317776a
f5abcb5e591ccaa82bca34ae42d7f409aa4dd183646a28d47758a4398da95373a02e1642cd9171e27b661b0e9f5912878ea74fd1f56216e9274c708a
65c39c4edd5ba75fe9ebe3b5268074abbc2f0c12129ab873fa58cd8aeb319c160cbaf547e7c5d82fba5b73b89400f956fe3f975d31f41512a96eea31
3fe569fa7a4cd16b484b11095bf7cbba9615459fb6c96da2920d7076c5bd0c9add9a514648bc5ed16d6492eaa3e82932d75561f560cdb6f907fd6a10
4e8ecf3499b4cefba0de35b9f6c463565b3308780d908895c0cbc6994435ae69136b75c8971c00dd154d7013afa1e1efdd99a231ee0675f505ceaeec
ae7897c757ff204faf73de73bf58d369bfe9533758993fbcd4036c2e009eabaaf080cdad69f6c58e3383e210e88f32234fd19f3410f8b9222cf2f7c2
20a12213c3a451ef535c83dddf8148801c4eec8f5eee004bd7a4a5d3341ed3be10fc27c0420058b791ea3fc0abab12c6b99873d56408765d3157dd4a
73e10b6d4f64158ffdcc03c9d4a1bcedd351e875346d505ba4276f664fe823777e92fba9951138bf10954e8f1941e924c4531eacd7c83c145e910da6
4c5842235a9dc11802d4497001a82b29fb025017c6d2814f17b945b91994dc824fb79af025c7c49c9c39bd74517003942460e83640150218ba0a1c6a
004357c8161a53a68b49615eee32a4cae9a59fb126c0d0ad7fa8ca5c95494c083bd4ad7a9af4cacc0d80d215834d009c2b29840b3297addf7af7d0ab
3ba99a2f8d6a29ada311a0992112dd6eb577b6e71fd2d12c2e1d75da6faf8cf94333a5ae261333e5947c9069b2e85002645d9b766b71dff08a02f4ba
f511138473ae062391ec92a272b1a74fa7e075b36781d34ed9c445094b2b9cf915199b774ff7ebd647a09a6a7b647f0c70e936eda25317a20d320afe
dca6c47f184a62cc0e90736bb282173c66140a0e5236177d740eec8e1ed503b56f3771c561820f303f0368baaaac72248ba65f0797791ebc0376adab
aa3075bb692b80a3ab6e77e1e8062097011c5d78d502045d31cce74876dd7c219fddf01929cd9c1740d035771f1074cd2371949cc53f7d9f8f9233c1
808b1494237378b167da0b00e70a5849dfb35b1b39e430a7964e080769b372beb9fe03413b409c6bd9e52adf691670bad90642ce4d83a4c09c6bb90e
d829414489c38813bb4bc0494eb03a281bfbc062a9f5f6e04ad0009783ec9139a03dcf3a7d4d36eeaed93507d25aeaa928ad877aaa3e20c0d0b57f25
2e8b5b044f9bb05eb264a09b1ca9bfd2119c7ff4f400826ed54ae1e6b947de3b9ab3c6309ad4b6595c3d9ee37db45c261a692a59484307200fbfeac6
eebac55071cf2629926c1af5ede88e8a8ea5f60ba73a74e87537f66c91bab8433425c311661ba374b8c9ddcca42ad1cf17acba55da12b6c740b48a86
053853eeb0e4cfced6e2cfa65c0b40ecd6125213e0f44a0bc790a8db1ee9b8f46e04d0ee5367698e18fe30ffc421387db723dc089a6be1481ddb251c
1e0f1b994ae3c84647326c579774d2ba861f306fd0ce43dcbb69c8dc4178bfe9150e6e0ecd8f201e9e591b8e694718c6cc59a08766dc82141e7a05e7
1ceafc9b137730b9cedb612e02fa6770a6ee8de0e16d3af383875765d607e65463fc81c65bb5322378edce9e2ff69cb6f5e03505cd818eacae2050de
57c21735a5b038e40be60b52deb6bb4e04611abe7fa01693e53544d0db7346b0b3eacc7d5ca6bf41f03c2ee5cbafc85fc40f9d591796c3a4d3ee7043
3abd873c30db1ab57e5cc9642d61ef99c61b239ded2f0ebfeb300a805f9bf9ec489852555f7d9b00edabc63282d9d78cd302a62fbcf93d1e79248d3d
665da62c880a9aa80e92429b1d08f8bee1edc8e195229030df4bce0e2da03527957d94137d96bf22fc1c8f5db22a9278b92df0cd31daf848b6ed6abc
ca6db2da37013178c6f953d2fa2a33300852c9e49e7873662c9c62026d1b406304e781dfb0e182800536639881076c567bfe988feeb37a3c87ecfcb9
5d204e62051a2703566093bc9c24ee329ef9dc54dc698168d3d06feec4b4bb7bc8c00dacea35a00136d71430c035243e32c30c8ae5a9055747ab73e9
d7c58c0d67319180cfd9733f8224749f7325ad4a428509019cc035533b2f2478b6ef25e79397aa60c8e63c53dbaefec3ae85f29f557d17c33a6882cd
d85ac0049bd1a26006167da3c4090c7d98ce64d718564e7d75c02ffe5ea88a3d023860cde9dd73b89618d8502d4006254ec029d4ab134a6e1b6306c1
096cc68d0a13b84b39ce9d50738e8c908186909ee8d35900f71d6f57450fdc3777025eb85ed59efaf5947cc1d0eed4800faf1f4202034ac000fdfb4a
a05c83fad78cb039d36176fa15d4cc79ea4a452e3fc8b0454b3b487fcdabb033d9f0ee1f6cb7f1e78d0788805b68ac17057097868202b8ba43e5e131
629491eef0ccb6b90ef4163f4392ef94a18aeb6e7c9ad3407a0cdadf1a01ad0c5da1fc2390eb7c7633bb85b8c7d44b46883f3dedce211384149d64d1
d167e54c668cee7d0a362b593f4976a093cc497a9deac24ff21b4b01484df6554b1b09e760614e5b3ec34db10c9c58bcf55212457068ff38a7ebc3b4
4d3b6e012e32b200fd764f1f8a30928f23a3ef78564493a611d69a2742542543d4411d8cdcfaa242c8a7126850b1f734458f9b460bb73e85a00b3623
9040175cc3b08413224d3cc978e7413d658c5944f5d33944c196cc9f80e1ea75725e36882c765ebab3d377c35dcd1c048860ffe57330289ab814b9dd
22f0f53cb7a647338193b083bad2003bd8f4153965d00e09557b00741da7eab5e9858411dce5e3e79d47cf32d90803498eed29b899785b51bf76cdf1
f6d1427b2ecedcbd083b1fc7477b8f77272ee7e2c6ddabfcf3c9e6acf5c6c8444ddc930ef08fbf17355cc9dab261778dcbe74b1b9eac65b5ee9a77cf
d7f6dc57afdb47d2920c150a722d2dbaab405d04a1860e9ea0137e030f5faa5d99bc78b0a19e97f66c29e6f5a3fdfcca5b0a88ccf5d370b3fb8f5246
f8cf4d977d46485473b9c47e37d611a8c2aef3025085bb81c6d7e644fc29f25d8b6177efc48137ec5a9e85372cbaf2016fb85e3a2fe44b63b9c03aec
da6b2e19b977745746ce3213c5be50b8788e21f857517c6d7e65e3fe914b44e38b93772359aec5c8bbe61320145755fea1dd9ad37e25ef864588a718
e60abb92797398c450dccd65038662d75a0486620593e17b66198aa51f093fdd5a0a76cd2eeeec15cef195c6f1dd17868e227ced1e7036e7b5bb3b20
42222a0e40bfbf978b22f43d756746b833d5487e402876a596abe560e94863358bcf4e355692ab71189c04931655d77999bdbbc249622b2ad982ad58
32d6ea6ab9017da127eeb3ee2961b0e4231aa67ebabc51966f5c9d6e797c3a6400a15578c55d91f9322f68759f746601812d2115ffbd28c5c0082eaf
97ab9b2672ff31148364755e0462b17ab97a85cdd3adb49ce70b27d10bb32bdc5bc38ad5d7dc27e11e80b05f5ac1edd8c0c7c2a00fb014bb7ecc8022
aebae8b179aecdaf0012626df907ce96f671900a2a6b4af9843f26b30daf0315b16a1c4b24c47f7f34f290b13c306f3ddec13eac126f200e8b814dd7
94eab9ea68d20a14d7e1551d4c13b8c36e4233e00ebbbeb9d7e1d2fa0dc9d9e141d7214bf1a81ec685b032071b4e1a7b709c77bfe1a049569612def5
c01410b128860288d8f5300510b19b420c3cc4ae6b2cb0877db953fe45fa4eed6bee3e41113764accbc415ea40c022767d2781452cb9130cb7559dba
2e56469a7cd131a9da259bf5d85eec3d09e4951b8189837bcffce8b6847f70dde978d382eea2ddb64147f2d6d98d6f78cc861808e2e15a41ff599266
0e30797cb73c2be251497e2f89bb9d20a7e1e644ba716f456d29e432b45765b94b3b3b12c6657a6d79de6377f9deeb6b6da7801e5685c22b35718fd6
236344b303ceb09ba80ad8c2ae472148855da1e07a25af121679bf4ba3d15ce2fcc24b50e4aef496b222ad3eab813bcde73bcf34d67d96d5575fc84c
c9c4dea471d5afe2fed970e5d9c68267122cb1c2f70fc7ffcd7a725179d9f03160fcb7ce531b42dc6d4227ddaf413efc6606f9e3de040bb008dbabfb
914467fab28e5ffdf911aafe6661ef5e1935bebf5aea454ad485f2de58f66e375c760813108aab4f94e062dcd0989b2cb1063ddfe4cc308ee92ed96f
ba51b27f9696d5b06d6e6dee2ccb2d8c858de725f9f40f0804340efcc45d1674a3c27b8323946248a68052ecfaa5dd19974b6b9539b34f28ed66c2be
cd49387c5646747495ade8141871ab0bd66d8242958f1bbf60b0d7bf678ee7cfe79d79b280cb453776b64d96953d4321ef9d14e49cf97b875a22efdf
98d8759fbd4d15d5ff4430fabe74da982ae5099c246e836f2184b737eafab3de2dd78c1568de1821b3dc0a144884b791b87abade2944e43f4a36bb35
d3ff615d3a5cec16c97de55730586421601dab86f59b641c3af481f0d8f556bb35deeb592baaa3b94244755cb130bc40e3c23fb253cc7c674a5ce8c8
f5e4ab003ac1990f770f0582b69d918ca165d9964dbfe4b60f498e3444a3c0f0d9ebcaacc99dfeb32ab80c02c7adb5c014bff7c8f5a0e2a158237d19
4ab66ebfa1195a5265e08f3ae36d620f60440398c8aed7986090535bf73ddc0eb432f50193924ce79ad21a06f468bdcdebe12dee3d5378e3799d1dbd
a38179ec3a7701f3580c8bb9f58bcb13921288c46749205d179bfbc0fd45e2a8d021c138e8936b73e865e27139b24f7ee53ac3366e450dc9296e7179
6cf18a534cbd153b240007f321495a2248d79fe7c6955a1d09b0c96a0cc89dde711ee79370121b3e39e6d3c2b23e9817289443ef724028bb1e470942
999bf884870c9fd77ed17e772b9438335c216810039bb2ca806f8139f4524e6c4a45246027bbae65224d1aaa2ad0e4eea2e80aa76d0d70c962ea30c1
25a7a9820097ac1a9d00972c00ba06e0925d73fe6dca2ca7fe7681a4a5b7a3a61be60cd60f0430c962d8f9addc914ddf14600c4bece8dbdf016d204b
d61cecbaeeef5aa405962cfadcde8428d56a93cb6ad1f568bacd1c6972a03b45178f1fde76ba750833694a9e5bcf3baf20ee14633c3e249bcc59c41f
7ca9a2bc98088112af7cc4238ab0a377137892bb32fe6d84af96b8fbcd06fdeaa4c4fa4a4cc8e2fdc2830dc34413e0437e32e9e0999562130309b9aa
edbc4cfeb0c0c1f3c6332dd0dab3e516e3a3bce01fbed0739bdebc4e1e16c91de0cb89ae6289cbde4e5ea40fdd17cc9cd3ba200f4cee9316074e0720
915d17214022bb7e206044767d8dc0822c5afec082fc5a601b3f457f169489c7fc1f8e4917f1caf23f8a203ae33e7a004c9fb53ec0bf9f6a47a80ab1
c3941c0f6247d115f841eed0ab439cc869d6a8073b848e18e04476bd3dc089ecba258013d9754179b44f4cbf473b81ea3fdcff17dd8b1f409bcd0f08
6464d753e4c94b7f78f593f689b044e72b469737100e15dfbd5dab02c09225b2de53bd85675ce6a0c2804cae7ef05173473aa4463cab5d5f868b6218
dbd3f421f31bfa015f1162327d05c192ecfa5c0025d9cd7df1b41c37b5769c16ddf3626c69f97e52687061ba63f50fa79f7e74a6bffa0dd35fadf55c
b5ba253aaa3a52c993a689e94b6e094affc385e659912a5f72ce7dd1ea8570f0848d33d660bd9d9c6599e8eb62fd0fb2074065f75a137ccad50c531a
9c20a757b7fadc325830a4420f060c1ddd9f75e79f4c0bb0caee05dda35bbd5700cf600d60420057d6dc62982cbc537bf22262fa07470321ec99b91c
beb01c4e693aeeb9470cc1aacc8ff87226d1025eae6bb4783d276c3da0e6be02c8b842cd0db06cbf17459f7c7176200b6f9e1b76dc6bbe3b63165ef3
dd69e40687ae7b1df1ee32727fd7280003066dae6bac7f1b0510cf009beb5ace81945b3da1bd26096427032ab7fee105db5a3344eeedf224bbd595c9
aa2f6cdff02b12aab1955fb3b6e63792d6e11f0f7708742bcc76c3efe1c618fe2163a7bf8175c9e9c10b7577ae8331413cdeb577d3670c24b8ae15fc
755341e7de41a61c483440705db33740705dfb3038705dabf3bb3661d50f524cb8d9871fb123dd1443025d6d81a8efac355795aabc1cab9c53f0e1d6
c4fac282711a44811bc6f08b02171a9e407eeb9a6e5fd3b582ad19a0c075716cdec97970831d3843b8270e25f8e10b13e23a1ae9f1b340ae2903c4cb
148cc7ef9970dde2efb2fd6a4d2eaa9bf0b06d9f39edae23163365dd17949ea2832b10705d0be5ab28eaeec094264500006e516e3a880b8be4f3c50e
d6bc83000c6e7dc51c9059a6bac69747c9dde535965ea620bd75ad3eef85e707dcfdc5b7a47935f19a1b660540fe41f7de5bd59bb1dcaca74ba8440a
b1021e6e2d27fdbfb3ff7c85d1cae8975761d1a5453e1c5e98bf8f76ce9fff30774efc93e3622c5c6569d478451bf7a41016d8345800fc16da5e5f6e
b2be3698156eb2b47600f0d6d5c8c1775b36565f887484b502f656f1351c40ba55c23206886e3ba6b00577f63f6cdc931752472e3965c18fd142e519
008735ed03d8b75eb2222d96d397615ffdeaf0c5e22745fc833d936d4bcea61fb9b69bff7838778a2c89b210be3480875b5fd1220225caf2c2e2b284
2fbb5f51b1a9ea36abea76cbaf025d8d06b1691126397e8619e2593c7ea638ef93e20894e5c75c956cc33f4c35e8cc2dc9b11330397e0a8bfb8fba8c
612f3be5f10afdfe617514043ba3f242aa34ca0ba04a2680853983859151d5243fd6a57e3869bee676a049e4c2e27419cbfe733f10cc8efbc5f809aa
8113eff7f2528267d3c8e0863b12706e778ef6ec247d41322ccec492ff7a71e61bebe3a4e007c225c70020ae173bd8fc9e3e35ccc66e876637680c5f
91f6cb970d9301fdeb36c01cf4ec11bde8b9cefe437385f9ecaeadfde898092bd52e4ed71149574e79dba334861e84e695c49d67da0e147a6b0d4f7f
be301b857e2c765870c1fa9e39b28596b9591abb7b04b10cf174fc840d772320954151c72f4d3e8d8f0647f34fcc8e01665de7ae7d8059d731a2ae24
ddb83bd095a18839ad19308ec100174bdd31467ecf17052c9c27827e610a423a19c2d7011d3d00acab84718d9f86a0dd2d05a72cee612c41c855dfb3
07c59d8a29a87900a774c1493728b2d0a70365ddc1c92977b7dd41a2e3e6471e4c974f53d0ee46353863d0c6e29b3547446c46fbb9130ec842f52396
a95a18576a77709a7f280cbcd3664582de59f694367a14ce8c6ff22bd202edb4064384497fcfacb1e7533f90dd26487b8ee3d3f825d374a85a6d7ed2
0db866cdaf72cfb37a5c1fe1e23fc4c99b240d1d3fa316f18bfe5ed402e50a7736ef676c23fb7bb3a3ab1fb1ae3678bbae7417fb4cf104702dd4dd51
19792fcd31699a7b93b8c624088ffbd7021e690f25b1119314a7df8be44b9ec2bd50b20113bd84b4e28576bba7de1c2bbd7db5994ae4c8fa92ad7b7d
b4bbf38c78c41ff27b092bb608860297f675693b9b04be3c431ee8d5d2ee467cd9566e00213fb2f86389557cd3a984d3215ee024f7ea0023702399e5
0022b038a52004eed8df0700811514aa013e6097976e8b2f17949c215660c177e17bb9ed1fff6c796aa86acbc1fa32fc2778e18288b9de36d67cf777
e5c26e89c78af9ca6849fcaabf1768071c6c3373eb6ebdda61768ef956ecbdcf243d5d014e7f50be2df96eb172f6040763abb92768a8e2dae84c9236
bde673ae3c53b6986b95fe6cc95bed59cd61fae2fcb95c8ba17659d1e6251052e6d812cea3d32dd9262c7433b56a71c1f66cc5af9858cec9665a35fc
2c062085855c2d0390c28ab1718051d8e5144214ea363c8028ecb2be0de38a1c15b4c21d83f200a1704d8f7f306f4b811b620fc6cfde9af8f4df3f92
f7ea3f781154ffd049c39e74a78446348490b0766c61240a0d86b987a14e5bb8e7e1915b400e39b05be45cd1e05232abf41d94c2da9cc3d00e654dcb
493c5cb4019f776b0ef9bc6b86569a3b13add4b30ea8e1fa8816861ba35a5c9210ac2c8aa9071f54c39ee74ac59454b7df8b94caf10d79089330dd95
70bf4d9eeaf02614d0fd92572d1e7011427668231887b579c267366871cccbf9111810c32624347042b00f7b6ee323370cd370d811ba8e5347eecf03
33f7b400c7d339387278fcc10d490ef5548d8153807a5842aa71e6e4d259ae457278a89cff6a623aedf8a99a06e9dcb8f1c0717a8092d8b3dfdc78e0
023436bc308a044f74ab7df785f546d4d9d444f7dd17cfa8d5124e513d70177d1af4e962d8837eff63bcfe91d3cff02e3a881404c6e2b26759950a26
c2c476736091c64059fc3a45d7e1bb3309bdfe98fbfed78deed8c4cefa79d46efb6c7df6d9ea9c53bf9135493d64c5e1b67cbc16f7590aedba3ddefb
fabccc33f8447fcf83bb1f0b18756eadb21a67db2438bbbce2d12e6c09e9823cc8dc031ebbcc644a73afcb63db444ecc9038a757870314011d47ae01
70e356f259422d4379d935d33fb427c08f84719cdc377d2fd5ba3a2fce0304b970538247f000e0b1e3f7bbf2edc0a283e7e5158dc3cdf7bca61d87de
efd99d82a059508b95400187ecf8ed7ecfde73349e558ad980a0467622f457a29d8f807339b532b1f03b95a2e0124cb552a0ac31749fa5d8cd8f9452
e0f56049967fcfe697b2054548f64bd950d39acdad3e55ab2d494e1944f1c8c303c19b5c0e1c7e36e9a17fe05351fcfde477aac5cb43fe5b70ecc064
3480985c4d30058b63777c81877893ff6699e407f82e0cf126b9ac5981f26ba85960509891e2e541928c516a4e872fee543858d99d719a36973a7109
dfcb6e11ff9143345f128180f1ede6a5614c7bae00adec6a1cbb954926384e65974c205597f4c2403d2e4d5e606d7a6feeddcfbc8d419f0373b2e38a
3cc09cec78940e6126bf121667bfc1a14096ecf8818e922c1fb91a34c9ae989a68927bf765e70f6aea5ae01955fa5ab87551c115ae4a577647ba2918
9b7139f99e89ade360032ad9ab1b035bf372faff83f20138b93acc1009a8cca3699e72f5b2923e164e908893c41a0d2027bf4619bc0e173bb4af0c07
0cf74b6cc9f0588d1ca59f4dff61348645eeee3ca480e26e1b4cb77b7ba8dc427a8b3e1664181f20502ea7525fb27d5f76f55eda5726486231872f7e
863004b92e93e3eb6ec599a2babf8f9f05f8e8d039ca3d71e8c6e21f1de0524a1ffac7768b7b56e0de056f8a2ae9406daeae30a9e9940885b66c781c
0ca02d8bd29ad09613b7d901b4e5a73753534a0e8811853475dd2531f1c11e7e15d6eb572919f14c77a1f5e5cc05a1eba7bdf50f0f43f842ee8961b5
d95d5ff4ba75a75c1a7c68e3ca434ebd770e849edcdeafd35fbc33ab53b598fcaef05d70ce1c762a7d331d2039581bd22fa897bd3a3c1c214a522e58
777535f08ad09250f084a852949b0577019e5c700a60cc56b6011973cd014d3f1056b7f193bb8dce92e9204931fa78b85b1ed02b3c5e46520234febd
e40ea1b34b08a89a348abe0e499992efcb387076500e0772f3eb08e3c6b1b3ba4392edcb065ea99f34e475a6681ccfce6adbf84054d943464cbaf3de
5ce35555cd4c449cd90ad20ab90407f09b95fcb6dfb39db2c0cefcfbac4bc3e4192e0cddae3fbb6459b7daf0c54b469e65dbf6c2bc06247b18406f6e
db9fb8e4a3ea1e41f8ebf2b1d67640dd453f1fa84745e926a06c80b919c4308e2af785d355c32824f635e3215147aa166c0939409b9d5c1ea3a6351b
d904d4cdef0f660e7707fce746d5caad600eac66c70d7000abf93d532bb02838fe0d503557016b5dd44dee0dc2660727f57b56fc4605a9c9b187edb9
c9d8af55f68dd856cdd12a7b117bb36949077bf32b3ffd876e21c2d4c5caa33b87bb123644a992ad88bcc9df73ba97f1bc36b57a3b609d1d77bbe5c2
4773ce4e93cafb91b3c341adcd7ec00c6b93da645db9f7e96e72fee93f839ed80a5e855ed3d4c5bb07c99506b89f9bb16aa39a8b558e57316e2b2981
c9d9aba30d4310694f7f04302606d89b9b141feccdfeefa3dc31fef1d236358d6c8e091db90674c4f8c7ac6b38edd43524aeae3417c1523b003a7b75
d1d1b7f314e281d0b45300d0d9e524752a3aba9ad3334c4d3817903a6388bbd97eeee939ed945fd90603379e719ffee1618195547d18f7e90ba4c533
2dd7f5a8a16f570f142e8c788f8dea15af6cb31eb9c768830089ea9a09e6a9550534cf8eebdc00ccb3e20af13ddb2968bbc09e45325a4ffd6769f074
95f9085d9a0bf0efd9530e03a81787598a856adc5db2e53038babbcd04e549fb5087bbdb188fc1f0685d2c46f82c33b5b3b7aec652da5b29c4cf0863
585bf22fe267e862738bdfde43d001f45ffc38bee73529f8488d2a7e47735f92b17c93143d2c8e54f4b12fb0321038570906ecadaeec1cd4cddaa55e
8fa63b37ef034d7590f0b89c6bedd22ece8b1f1686848a6b5f9586caee3c438bdd8d2ef7216c51cdbbbe791a19b5789b2dbfa2e5e957975f31d49765
66447b8630c23877b95a3e6b041f3ceb4bcb0c829dd9158ec0cb0c12b27fcf34c720f6c5e22aaea0dfb3ad4d9e71491d56aa5ec369daf34a974d0cd6
66c7fb6fdd9638a2c64bf8e23f9e4c58e75e58314820809c1d0fbc01bc66f56c00afd9718518206a76af3177f3f42823ec35fd3e785e47c32bab5d55
11bd4bb0ccd12c5d217ad3673230430576adbc92176030bbd7bcbb565e65871d3ffeeee808dc278fdff7ec168256808eb94a30854b37ac04277ecfaf
1de10fb541c51e0031cbb4572d770815373d0ea85705b021200076b9d698afba449aedb2e36d0fc4cf00fab27bc506f265dd9c122f5e153cf7ee9a6d
96587b078fdfefd9a123068189d9bd14df0dde57b80514b36b73d8bbbee116903a59e0e11b7f7f796612f4a8c3917d008f59d5fe00c45c7fd042646f
a98a7bdbcd6d14721a48f1be785ec7b563e9050e8915e412d77bdb1d448fe63a45cea70dba68109444d76c08213b4666dd0f766e7177b75b66daf164
11f7b7ff999a7980b65972874fd929dc669f9ace9d6cf5c5eeb33b13829c289cad587ee20cc160b01a37577a9ace058208d4e6377a7a49f49fd73a22
637e35515ae869f5c89d4b53dd4044b96cc4ee8cdda4b29a81f753474cbe5a8adde8ee8da5ca95e6a13a9d796a3d15f92426a872de0beea77bc64ab5
33b8d2e6d469c5261c065f5dfa162023ec9763621897f202d2c67e61808465ef04e2efd674796ee9144e4b5e60ef588177287c026a2a46ee5884bd4a
0550b37bbdb8e3340f92cfd8c5b62211d5004fb36b09db6fa7c0df690d0916fc4c5dd0c7fee4a2321d86cb37fbb1ccae01f0f800cf72d75a269ee5f7
11fd78733ae88868520d56be7b67aab80fd465f7820e74cb6264d34848cb06634c48cbf01c70e709cac7f7ac9086b808bc65f7e6afe99e3e7c462ea3
bfed976d4c5ebc0583c5340da40a666d937671229abee73a01815d59c99fb8881e3da16202e4bcbb02a072f3aabaa983b5fcc815e4a40357f9edbd69
1bf49d0902a2b2e3123940a85c25a877a95ce1fd294094d5eb8bc4a154f26c06bca9980137b95af733278ef650c6e4cc604fae8ed07855c783f3b5d4
b3d8d32d2da3c8f54dcba8e5c59f549c6e8b7d05a02ddff38ae61f4ea2beafcad6c049762fbfdace689daca5417df49f8a76d593dd028302d4ba1b4a
c7607112d792094464df613742412edcc43f285f4bee07236d2d579d669a7b16a6d3bcfe54ea6a4bbf1af8f12df86f1aa503a950ed16c7eae2ba357b
6f1b93c23e2b4cf8bd5bc3d9d53d379acd695840876a44a7e50c75ad948e7e19467759132890d58b6251209bfb6431c5410aeb01f063df6da1e724f0
871c8b43082ce3ea14b5269286d5ea77a455b069fbd4cda661fbd4202d78e3d08edbb830dd61252d79998b0bc6943a6233d40c18b99551cbafe8d7b0
5f1667426d6f641f7d819865b5a77fd8b8318108b2803cae1965e27022d7cc0ec863f73ea9692a6dce10cebb5ed534b89d56d3666e767cf407e88f55
ef918647d29ebf73eea0774dbdae654d4e8f5fa50915215f58c820f4620005d9bd2f6be6aa51f969e8795e17b4431a8040de0ee7c78fe612d6861f1d
584a691cf724a2b9bee7c5a78767f090a43a9fa05b8d6c9acb6f441980270769b347d3db5789bf99cd463da9a53515dd1a50c9f50f932e0f960e722b
bb4b77b5a02a27021eb92b863553dba84e35d3c5e6a6e6027597a09ba9a6b9989737bcd3af90aa611a2d9d7fddd51784d745938f7a6671e9f55ea3a5
a5d439c43aba4becf049f2faa2dd2ea635a5795432f8b8d91d2d596b36f7e1631b0c56afa42418a9154a84d10a958fdac35c353fd23ae20ae625a7cc
44148fe584fa17f97bb35586f9921e15991998c7ee6d06288f7df7b490316ec8824c0cabaadfb800f562a1bdc950d6e8c58214567680ffd8bd1eefb0
657ce807808f850c510358c7ee7d09a88eddab8f4e3c58102ab9b69eb5765e94b038e92039766f58fa3286362d2a7de97dcd0b29011e8360bfd15307
6449fae658ad5602327d51ee63dd7bc9d6a91855d18b855e322b279dd7fbc88b09701c571f2de26ea4e242166c8832908edd8b859e5c75fa921da691
541d99eb6e4a7675c7846e04b6ec7b5179701570c6f566a2ef19914d6578157580974637bf0c10a0a327036efec34e87ec88c34886cad189eed66401
24e31a221f35c9a733a99390ce1da035ee7a917573b036478c0d32c8cafebd60fcc9bab00faa5c03dd58a7934afaf4bc5aeef0c970af70fba88b4a27
382b085bfc5eb4d14226bb0aa75a14f88e5dfb49376bba7a65c7138900c3d1c54ed6d221be63d3a201a663d71edf43bf3ad794d8eda2dede23b70495
853eb2165757b779982ba9ee4617a54a9f68801657712a1e100909431fee09c7c58d61cdaf24e7762c035290120057ec7b3e833d0275ed333b4c1fd3
8e893ed909be2e6ac96025ae600c5a3cac8baf0e316dfcddba60149d8b3d4d9a5d53a24a0eb8895d3b1bb089df33bd3a3d664ecae9867220049568ad
0643715565110f8abdd23f76a9997fd041e1168b1a51bfbc7a8361f72bfbe04bf68171e258abaed975f5511debea75c849fd323d86bf4353252797f1
d616ce78549e89f38313f73b9ba6537ad5aa9d82b7d8b592769d6a9bfbd3106812a60c01179515bb2c4c350ff0c5ae810ff0c5f50753c96d9f862bd0
17bb56ca445f549f15717190c26324e4a207c5f4e52ab43df9994bf4b84412196257b4b002add8359ef6c5cfaa862451169598fb6347588097fc7868
594026f6e6b267e48ae3c666d9dc73d82c63cb17cf823de7be4e81022cc5ae092cb8a1f37e260c63f1863fccc0a65e168259196200ca62d7a2184217
93576080b2d8b5f181b2d8b58580b2d8b56d25c8a26a6060e7740e445934b6fd7b7183a2dc8691d1cd6e91a5ad7190c062fcdaf37729ddf40f5d0d9a
ff70ffd57d962d390e989fa60d60196be4470a4c8e6953ce812f453242ce74023302a0f2bde42e614e5766b6ae7d4894c6a6240e4a63d7dc0330e32a
6e5d395e5eb0a7e60d6a540f027609201bbb16b520ba59f358623492947f80d1b8e5b55510c7d28a55e5b818241c52bb5bc821bd6c0ac355bca0082d
b22aea8126aafb62ec0639f811bbdab5d2eeaa6120c891a2192a5a0e8a49c5a35623412cfe18fab446634c985d12b6513b6fe08fa37524525bec7ec5
30600a4102b5f69dba3fc89f908e454b06388e5fd5d680d7a28701d71bad3b20347ecf4c1c66546d3bd15d360b67f48b3b45881115dfc00957d35204
860c371d819ecd1316da7c90a713b851d5157cc65add27d8418d8b89a1fce05118b9cdfc0aeed83d7cb8d07c2f0c7678a7d12db328902e1461708a22
694ce99fcda81892567584765025da987998e8657ac67a82b077aa608788c3ddd3cfb59de6873834b622628add38ba838173aa4683cab8beb208f5da
ba408cda220062ec6ace00316e4dc139081399ee7f0c9eaa9fc1b55dcbc28f6d5b5a9f0a44dac00956ffe09033764f35cc507d3ee07faab800347695
e830c864cfd29ed0f01fb9137a665c0e965e5df6440271db381fe105a34a95288e9a0302f7d6b6795a6f050027ce8c630a88916ccf0eabba75f720f7
763a2586693c54a443bee7a565e8cda2fd249119bbe79aac1c4ddd223495ba55d0d79a327cc8d410b4c37cde5a1782abbb86d02d3263d18a10049134
19754233ee595ea734866fbe8e3dcbafae64b7d0cfd48c43d02c2d1283cbbba6d43d6478faf60d738fe978276063235dc8f7c2952d2708f0c65599e5
0f8fa0ffe44c4c5ed85ff006901cbb9af2f83911944e0d8fe91af235cedf10635823cdd8721da8d6004de53df01ebb9ae6c00f46c5766c5a69e24f97
e7b1e560e8e69673694392a3b03f97ad3202338868c0188b3b06e0cb0330c9aec6089864575d054bb27be90f6464d722338a041e6a3f8a441d956914
8f01b477984a5c93c5a8b6c1c454492c947888dba5896554278381e0f1a2523ad247154d70c819c302d25bf8cb487d913676f7aacbb23328bba823ab
0613b028bb6ae810b938500407a949b57f0f7d5cc86efdbde4f43229e0521a8a31c832ae9e30543c03ed69b4ec892ff684aa707f519d1f2d1b67e4cd
2d6c5d289b1ac3477256d8d990b3dadde6fca0550db4d092ed493e9c51912fb341b6b6c3e036b46d6e066f43b54b8c6e788a7fd875aaedc6ed516bcf
9dcd8426a497056466d5af5c349f9d1e94d344c72413f11861e4396d84f3e6962326557d66e0aaa3b235888c99764423b0a69da1cfabc6a041bca91a
19889abdd936665fadd763e4b8f968b05b9d4e3937f2f7308dd8cf6fb030391f78b82a648fe9f77409151534e101546657fd112ab32501992c247235
e8981d28af0138e6ea111f253386db0c99f1f4992d8cc89b78985a85c0c05c6df862522b3a456604d522602fbba23ba8975d7979e06c4ad2b901cc65
57b11c584a37c9ce29d9710f6910256df400ceb22bf68f2b3b4e0741d9dadc4fcb52ba1bd905cc6559ae157fd13dc13e0c5704dd728d90515dd221bb
2924478efdc2cb1aae3b54557bbe600722c1cf10b67290b278005bd995e381adacc36d78cb298a2ff87d781831b02a7a8f5b3aebee2119a892fb78d4
d7ddc50f6e4936976aa79b72d9547b9e81f41375f3c171152dc5a9544507a6b27bcd3316f34d916fbc592bdbe4254ec58ea3902ad00f2e29bd7c06bc
b27417f7258d122c1984ca353593177bd178a66578da4cbe8bea0c7465955b4c7448e543602cbbe6f8f953e1e01c0b63695741aefc145b7faf14f0d9
4b5f5adb986f441ca02abb634e704a0d3c805376e557b029bf9964d74f0c9e6d7374866ae8460ad6e4fa87a156291047767adf48caaf01d8e4aa8d81
c0b414fd66551a6efec14ab2db278a5eb857139e529f4df029bbd2e954d123a3d30079f22b527cd9180b2576f92742d5dc9d21a61d76d6b340f323ff
d0bce5e80dc53033c14405ecaeda6261ff6f4fe2e308bd55d4f005766418033b4d7aa96d692613caafa4bfd0a529fe72e4672c17a465ea87e36ca104
02f4f53d3bf3d025b024577f29614a6d77feec8e9749e9ae02cb83d6a7149258927a018025d9155c66f7984eab7df983ae87c7d4c609c5f05a7b46b6
4d1ba8860a1e339461d0a780a5ecc0ac0c902857620b1a0c8987dd8a9c12c6a1fbcc3235fd41ffc0a5ec8a22c0521692270f602937f14007b894757a
4409ec94484d6036149ca609115c776e29418ff89e737358abf3e833daa8a764647fad69ada114649a55882ccc038cca2efb9f26e796704e7551a584
99f11c3ed32937f9a45368b293a457ea0ad3bbc82e19f02e52431270955d41621e7940e9eec1d68035015d59a763259253963af3c6d167ce041c0b7c
ca9ebbfd747408b4933c423212f0293795d8e92da346b67966379841af1cb5b2cd5342818439b95994f5cc33378695b15f51fec088dcd485c4886c9b
fbd5a8c9e1264bb5d2f9bcc316a9eb5678742be34c9364cab48f1e10b3fae82096c88ece0f318f494dcc516da486688e839cab631ae4a04913d4c655
173d7e65af2816538ee550b8d90b9d54c176ec6402fa9eb315ffb82dce14bdb905d6b408f40878e5f74c1c8dd643501fabe63b401fbb140498c7d52d
3f322fac7f701b01f0fa38e454f9fc70156a0165654b1092e86e17d971e8067a6cf89fc3790ed440d713c4c7f5d1c64bce355d470df4d801ff58f48d
3c500965eec03f76b7df417ce24f29ff50b3d3c40cfc6392b54376a801f728d943ea2dca3e9ccee39f0d9467f7ef66793868b784db17067814f28720
2c8309593a9c226120b5a082fcb8997ae120d9c0d8fddd04d01436f1c0aae90fd277c866b3947a3d7dac9e5cfab87869e8ac0f406412ebc32b46edb7
87a9ee48353984852cda920f996cf78fea1fb497cc14c11a2cc89ebbcfc0882d8bb37bd1b580825c879201efee5e2465f11fdb6627f1e4d1607da028
8ee6ef5017b6fbd1b227748b1b4a390d2891d5eb914387584d9287390d0cd13852694451399a5bc8af2e8bd8c8ed40ac4c17339e8989341eff20015f
6cf6047d307753cf1c813c4bdd8b2fe972c573f6ca125e665b1326e9e1ef9c3be8f021b7f6b02c6e1d064a032fb9c9588ec0f7c25e885c05513ce0d5
32de23af399d9bc0afc95d1c36e6478fbd63d0e12977bbaa196ac30646b2e7de192e8cf384736bee10e239f2748822a987e621f2853d24f31089c447
82486acb3e467a58f17ce3d56bd39e2d273339ad870b7720efa0059a2c7ad2893499540cae0bacd7005c7275caaae412ae1e698c86f36f3888d6e083
70906e773519379fed95db197e9c045176ecb6e3dab5bbc2642e0297e67bf61cfb3da7c73372d8b2f37f48971dea61d838a320d052d141c8ca917370
649fe820d819d33d8bdbad81280058ae8f7cc909a1f5e4cda86322585645d143800cedca079c5ae91304cba1e40d8065fd7992c8b9d0514700b35c85
a9093bf44a2df917d9bb3cd8bb55c0199a550fffa0cb57921b665b2bb5466e202c4b320d825334728360f975c0ce1098ea2ebb53eba05ad4e5a9d307
1096753a962566ec3aa41e774e17b3ad60312c0db19102a32cff5c0542512639c3bf17245ad9d54de894cc03f3762e34719b3afc1ca06898f8ed2047
75729e87eb1999b4c20ada0e08965db732102c57c316e012a5f92cc1e3a3d7e3eeee268792e9fe8ed74dcc5cbc0a60eeb057016cf385d01519c26b3f
e81396701da481b68c3c1aaf8613cf065af7f4586afcd6f47e92ccd0ec54a749aca134a05c6ee0990c502eab21dfa7d7be6e3c202f57ffac29984b4b
68d964139c2647d2a27f2afe647b72af61c5d0e16ebdaff5520259c8444e2063ae3fa8777391681c29c7fc50e76647fcc6d46483e783df379e4fa41c
2bcd89f22392686461a59fe64b526e9a28f689ce1695229fed06a32377a1796880c8ece6df01213334278990395cfa44c8f4260050cc6e6ea5b32a58
421c4ef57d36d169da24ef144e3225991d07eccb6ee29ad3084d2f3ece3d77146dec2921fb8fa71e120bfa6537e9068897ddfc36a777b9e6be00f2b2
4756f5f2cca0f25e97d303cce56a90aaf41b76d65b6e74ff60dee09da789a8910bcea671a3f8c2fa410acfe684fa3b3116fb9f3e2ea7385b1eba936b
62b3929ceafedec7245026bc496cccd06c72626936410ad098dd842342634e5dc141bcece110539ca07098eed467b2303828b47d932b9dc4cd8cdcd1
425f7a688c151d0e576bb4377fa7dafe7052b0469b72e44ca9c3dea2d06fbaa19e78219b95e31cb954feb166c1b0b244d1f4f2e9d4257938574b754f
d7d1332f92a72f4e89c5739f582ffbc4e1a6a881247c66d00d1f113a6ac206702dd7d6a0aaa9fc8871e39c29e252d7944ab00820cc15cd9020ccad46
3a2fda1d601617f9ab4d297099664c8225f85cf1aa0af0b96e0cfde54942344a8c39a90c187375b3dadd030affbb10d60da8bff6dc3f8517551b1af7
b647a74341e90c43be3c54bb35bdb6c747043e1ba07879f3e3a5d7859fe15715f5e6a96a7ed62842e386374b15af9613448bcdfd147eb6fa687eb74b
4b9b1765978e865a5ec1a22b3a305d48eb86c55d0ae5de425d5d47b4ea3fd3e69947e2d44c317121a27b592d2c9da156c2d20d092010736b54741117
09a39dc0985bf764fec1e222cf88373781841ae0cd75dd3845982bde36812ad70daab98693c59410116de0c585a9caab9c2ba569e4b78b449eb97d74
8ff07a05ecb86d48ed2f7d25640920c9759d4b018cebbad85da6f594765f86444bbc2f43a2bd61ba380a3ac0812b573d86c2cad56557fa8302023a57
95ecc09c2b923630e78a421498736bb2691fab965a37d8729ba110d7a14b36d37b3843cc96293fdd7e4ad44e16c16b3a46893fa7c3c985406d962bb0
e86a1e67ae89bcabb87075d40fe53a31e4d937fce94758d64d0c574de8b90189037aae7a570cf25cddf2777b64e997a5e49b4b83272d13c41610abcb
5b2577d712b8aba993c0a0db7321ae2494fee1611896303881d6487ea695e24af1baf8c73a172625beaedc6af41591da6bcd04ad73d904adf3eaef22
eecda46800d87dd5fad5ba80aa9a28c4ac1b32eacb4468b276b1e9dae62941d8d6c3e6028ad62bd92b9d46ac568a907f904111411a68ba6a74dbf568
aacb170e8605488ca2a7cf85b4ade8077e5d55c3b80c02f042f132079a0b9ce2363ce17a88b76a967642103dae97100df7a8f1774a3497f1775e7382
7237bc35b852de965c9b993497e3f55ed5565e6fe77d6669a4a42640f112f34a291b667eff945b51e885ba9be6b6b8959ac3673634e7fbfe2549f085
e5084b73c220ca60dd755d066e9d25158f00beeb7a1cdccacf10bc5bf361f1991560bf0074f73d179e396ea80df7967360455e33344be712d0366ee4
ea698918e6bdf12d43e0788318f6d5ebefb9d9fc83084fa6f6d6bd1c2ce8efc56dcfdc78b5af250828b132fe8eee0066ac7b2f2ab498379e3719a7b5
ab032d96ce3437429737a1e084ad81d0fcb0225a1fb97da8d59c961bf40598b0eac6b8476e5edac31fdd948a02837d2598ad641c8811890ca6e8794f
8db8903d00c0ba3185e079ad22be280371226f2f2dbc5d06c52bd32a88e2d5c0c7f85e56c7b42880dbb58ad37b335de8250a42d7e2de143925274812
6071152916f05bab887f842f342941f62e589c2defefc4d92adef3de67a6b0b7087c81b37b5f3914a6125b8737acf7952d3295578e8bbaae6c9ea9bc
86a7c1ca4c9fe8b2e25ce7c509285cddabb2db9828704306885cdd6bc5db341ade36dc0280fe57d8bbecc00e2beb79f3f3147be27174e30d083c09ec
5912206f20b5a4c0031f1fecd8ef1fd6f755f74a9c186bd0a054cdbbc862b158acdf93e93bcf470ea3316d1c2dfa8df42420b1b7dc69dc325627c76d
4d68099a0bd7ca1bbb7315bc406a6deee141d1aaea5e01d18ada9258b3734fbfefc7298b14758bfeed2078726ad1f2077fed0802b77a090fd2ef97a5
6df38fc3ac7c013708967b73b6afbef5f600c51dccfd5af568f7933c0f56fe2c2e359bff6081c9277c961c8183978fb1765e7025c2300709abaa2d7a
c4eef40ce4f1dcc35dc7b3662146a32a7c28a1ac66d3f9833389e641cbe3e9bdbaf104ad7213f2e0e74201fde156926a0e00a822c5ca8b60032c2b0f
a6d82a2d44a0527123025577d7f1b81d714301bc545485da634ba60a09e8a85dbb6100a2aa3b76f0a1aabbbd873d7a6cacffc204c191aaea4cc4912a
6b33073ee36ae96e6259fe1355aa6639b218967020a6aa4bd4a36325f749c04a55e5ed070332b79e8f9b889a2f2e1ac5589c32b31e3c1cd12bfa012b
1591c8d6237a77530f76d96e741e4ee8dd92022515298ce43067a3f2e42e028e2a6854776f256854015267be649144c3224c19eec1c58537c945931a
9ee23d201328613eeed4bde5fdb83b57c7f178a7097c9e0ece547c6c0ba1eb1da9ac2dca6a0fca7e658e871d89c2c8c3dd5f059e47df88bdfa071fd7
b115db93aa90f168c90dc77e7489dc594a8089aaaedb8f8e9cc0069a2ff4ae0373580dfa6064bb8d245f65c17858955cae848f1a428b3c233fba85dc
be9899528af54291efe2f3e82dd965f839b347a9cb99cd2533f61a2e774f2c5e9bc6970f27ebd9dcd3a10ca37bf493082cd27c6151b38e18a8c9bb9f
cb8a4877af89ecf45c8acb190b13318f939e2b5df25293cb2d1b3cf76119eb6c149e58c69ac79ccf47bee53704ac5acefa602d2ec37e7211f31bb251
4806ca1aa6abc287252c59269a77d7a3c76b548b05a0f1b6b05b211cf1e3616bd0594c9f3ced47367c588e92132ae76b0ef2e0d3490fe54f88f0bb1a
c3c7f54846e842d3e5b08f39d1060fee3d537bd4866b34f2e8ba49cb92e7cdcea18a6f7602a568e86de97a2206426abe6869fd7737cecf6b7df80a2e
5dc5ec74316605f86a30b9d70bbbeeff5fb103b4177911dd358e7e7158dcf3d9010bd379979c238397e0079e7ebe88f172bf173db8d3e5e5d292dce7
452a9797bcb1b8edf6c9bb5a1a55127e5abb937755f7841cff6ae7ed29dbbb323dab7fd005cce177b568e32077ac16a76d6366cbf2c9c87d37573986
f4bbc90e9aff3074ab7f641f5086b66f5a9ebcba8f3afce3044f9a4ae99b43ddcabbb93630515f3d25ae99c451e3e7d8f4924c89bb7d45197bbae6a1
13f7aca3b1141291ad5edd20568bdc3992642cbcbb9d6572795933637b8ec251b167ef869270ef308357fb70cdcd5e0dc46bbef0691d1742556bd89b
7877999c6fcb4478b101c85e38b247a994cbbdbdabe1b88700afabb8df2356f15debd4f7b0b23ebfd68904c5d5ce1153b49f82f7bd1a8b77bb8a9b57
d9091ef5abb90247af663358c4d58a88a2e706eb7517a861cc3b64d414812b080fa7df5c191cd46e6b9c105c16cabee5841780e79e286e2acdde332b
eb4b7e64f28de5e3d0e33df86e873b2f60dcea3741f44e8ef5d3e2688487ba08712ff7893c5605dd6dd77de67b65354c4037d96a3d3c784cfd72cf48
c1e78d05a2eb8955a8377d3abdba07f41c1da8b7a69898486f9eae8af4d6d5b0bdb1196af5af109533e2112e49fdcaec9a54d5bc1fc5512bc93ee9f0
a8fbd57944cb425dc36513ae2c2d5f8421a10177d693f4ee941c24ded6d5aae6d504ba652cb81a92db9beaa88c057b648f0d525c7c4fba989359972c
a0e2225f7a297741763ebe24d42e011bd792fb3ceaa1f3851be70e0d5c4974f69b40c8ed9edfbf8f93c8f8c9134dc038611b0bb45c7a467853b9649d
3041ebecf0de379b67ac1ca264154bdcee96f6c5366db0b979c5b6512ff68267a39efc7d73a4ccac0608741b13788040b7b1351a22d01574750304ba
1d5cbb01025dcc1553d351b1531d40d0ad74d458d2d3fe61ea8b4a1d3cbb2d0b1e38409aab40450e80e62a93658033b76fd2711e351a746e31f5415a
5c472df9cca1b285b9b80d9f2bf9ef3ce38f63354fe756a5aab1b4b5b8ce14cf27bd64a6ee26bb91301fab46a2a68bcf2f6a563a063b3636544348ba
618785155bdfeced0d1fd387f4461cfa6e73a731fcc315abf8f2f07da8b7e8c50cebd9aa95d58bea718d976b36036cbaca8e78004d57394f1e42d375
d48bf325becf66cfb05c619c3800a36b28ec06f87315189eb1e8700a43aaf921bd7063cf70245c1d335eeee552e0008b2e9ae40b763d565673342bcb
4a3456fa8033ad9e45703dc82f7ab89a3b125995b05c98cf5c3a6f645a18a12b71303f0b38a278c697a095e06478fc75973b44c20316753ec7f038ac
ad10b0ddaf54e8aacd3fe4690ea262bf51150cd376473218c7e86e061079d19f0c6b0dd3ac632c767b7e0c359e9cf2cd17ac907613503f479aeea956
9f15b5ad2c987a3dff7890f8e9294e9539dd1c8b56e459349bd5b1514273920f2a8be5f8e14762b33a6c04f79af01f309f3bcfd2dd650dff38f900fe
81b711c70d07ccc3eee30ef2e1ece248198f9d0378bdca059ff96ceda8449c2e17fc3d8c45a56931ad3cd20e739b6b25bcbf9cb5e0446e3867d9f202
7136969e5f970ee8f229bb5280a0ea48ebf4df4e9769e0d6fc2376c37bf793a6c6d5d2c5a4e520752c3ab94a96e91de7d52287fa14ff39f3cb50fee9
a2d0e89453c69cff30ec0be5ebcdaa66acca01b191182e7e9bd3bd1f0d3e6d0975d46cbcb90eb0871d8eb5d4d70e8ab8d477d9db574e70ff81ebecd4
fd522a90675d2041c98ff5fd980cfc72392c148f58b2fa877e413841982fd977342435b1b2a73cee32e78f882554e593b3c03f70a958694aca11dd17
7bcb06df6e7c2c9fcdebd8497e3b0c3aedbad5b65be28d319d0df6ca737349d44195cb03d206ae8906087a15a3feb1a496d58680ce834dcd7c76cd76
4272c7f9c83fd4a1fba5ddeee6f222186d933d6af2952bf5eba530aaf8e637f99bac3744d16bb22fa40617a23577b2c3171a76f8ac08cb2016056fb8
a6afa9a96544837d176df645719d1e5bf50f89edd67c3167d2af6e28e88175e5d6d86e24ad8d42ee1c22e115c50591f03a7af8f9c24c0f4dce58bd7f
8c65d658bd728c1ff691507828cf4742e16145355fb23144db64c0a4dfd4ccd9171b8786877fc829f87eabae20399d1920dc552c5bc7aa4b6397df75
b7c13edbe0ea8bec7f98dcd59b11baa6e2978198e077e0f88e04bfc3ec67087e5740e29d8295c2ae5fe9e8fe432fe1e578b302e877c7610a1c135b22
9788011898cf375b70e3600b68737363e8d7e63616aea0c75ab26852b338a3649acf2c2687741ae8bc595d801125d7a2d99d9de5f5ad912f97ad205a
cd3ea5ba2cafc59aa0e91d7e9e9ad3838eabb0acc3e766bed4173fc8c3515ff5f060243aa1faec0076d0b872c215c1c79bcff408ab68efe6da740040
3d5839f1863f80cadb94fc80ca8b0454bc655b7d710be5d71076b6fafd5d180bb1bafc197697a878dd8f2c2a1e2626f3a5b1a0fb878d354596e81fb0
41eb880d9612d82a38cee617541d6ce11e392a79ae58785707f2c86944ddbd3ee5581019a7f935314fc165e71008af00773c567d63357bf1b4b5248f
2dbc37b4e673b68f9ae8eb187ce5f9c29096559cb6e9af12e07a22dcd914974999d0959c97dc2e043a167fb1f40aa8ca63d5bb5637f905dfaf34c555
b2d275ae92dd5ed1a5f2ee1f5458ae813678ce2fff906bf9dd5c4b875da4c7ade687c345f2fc870c3423511806366f3f1c82688757eb8b9536002043
083d40dd06a87915df46f319d9cd6904742dce2707007a7b77a27b8959168b7f1125fe3537f3c4e16c7354e3c0525d45e2e6d7becac4f534d2ece5d8
ca7b417fac2ecd8e915bcb09270e0624c54fe1caec0ac2f9e770ca62a08dafbb0184debe580bcc449a3dc189a7525002e275bb4e6b9066a7ea8e79b3
c35ecf74edb1d7b588adc3eae5b06606afcc8a7515e4bb591533bb8d45ef70e83910db12ecce2df1e6f5e69e2f98191cc6b244360380da4592c20b1d
c71713c86ec366658064b783383a40b25bf1b83300aff372f97ca6b3e8880d8b0eb05fe6332318d96a5b539d6e24763d081b1bc7a2c3ade3a68b2ae0
b907287382210fd0e4660aeab7ef46da78c10c8a9e4a70388617e0701169e7852b323662b7a526f840a7342d3139689e2f742d8313d0b85ead861795
39ba1cdb91f5a03c4e4ed7fc837633e4372f2abbd9d98eec7f2ac2992ab70fc6e6d6b69bd36919d410d7cab88398cf7efcdd7c19b8c56c5fb3252b4e
4a07231dbc396f4c8f4d878faa1c809b9bd9925aa3cc66b7e924b9fccd71fd108a6eb06a6e7a895ccc8d4f8b382ffa5c01fe7cbe3828fdb415ad2692
87e87360c6cd6797213f2d5b5a6e838dcd1d2dac1c24ba88646ae70da2de96e0b3f49657989ba3150be7311cd21e95721638124a8e93b6017adcde6c
881e94bb95e73672b378cc9577bf158637399f62dfd8f1b0328491eb1ce60e60e4a20853dcfe431d7575a5f200ecb80d35ec103a4e84d50174dcec6a
6a381c5a540ad3e581c8b70904a0720910b9dd7dc1a6896777580332ab58b1e1277920e26d28c74726b0dd0e582d7b9adcc3bb4dec2a361d7334a7d1
e94d6a0726fe25733471ee39546f240e1c07bd031cb829b43a7ebd47dc9c62e8b5c1be189b7aede604c57331086563f314b46572e705d2c7f651b070
040900b0d9e08f8cc661934b9d7357cd3407caf3a5999bff74a3f11d3e598e2f6c0438c49b2fb00be414e0e3bc943c408cdb55058018e77ddf014a5c
47973c36d73596fcedcef69a1153d1f1743bc3fd8a8f2510e951de4162d9d451e38e6e88fa76382f04bee9ce85c7028d648196fed8c166c5214296e7
7a604dd86702223c9f6599b6556b1e54eaf365c3a32429f0ec91c354a0b7eeb8c6b6b1ca8462f9ebf8a81f80be4de193b25f1ca75b9ce68fd6e9e598
19fddfbe64c985172c0d9bcf40bbe1a47680e7d6dc85ed4b36bbf2e2ce6737d64bd9cbdff8dfce3e9403ccf92c6b83a1ec3a7c5459b57b239a638ef9
8201dc6a2cd63678dbbeda5e13645f375e6eda6224f87d33718e06fe60138a73c001665ce7beee00326ee64a47005fb02062ee5e8756a9be6f0e449f
d927ef2676a1da4d8dcec1a66eb21318c22ee041cbf22ee442b3faa0b936c543d9f40087a86a8440953b16d3ee3935a9a027aaf8a71bc0cacdd4c692
89339b13574ef531f87133967fc44e744108060a6ed2292fd75ed8cf7ec8ab499c77251c0c2cbe3b902ef3250e6736c795279c70a25db40235b882c1
75ac22c6ae2366aeba0e00e07670a406f86f91846ec0e1c882e005fc9b17a9c75e92db98423100a6b8179dd69ae2436a6be20c7488c4723bffa05635
bb8714b9462229ee551580dfb9cab96d16164c2a60f6eaa480bded5c555e560b51b6b5c20d4e64becd7ef0e3363735b0e4bde507e5f3e4ce36d3c8f8
9110775d8b284f0346d700fe18bbce445411ee4d836f2ad95c5e58f400a38b1762e9d60a2389b1e74ed5099e5e3fd8a1ed286e0f5bdcb3145ad95d04
fd76b91823a1ec8321b5fa871f15110e0cba6d312f2e20773f51ee5b59b281a06b2eeb42d095cd59a27d124613633fb32ba9ca99db744a3c311ab727
7317dbfd43a76af457aecdb23ab1e6d4d8802f17ff502408038be3e072e8d0900bd6b4fd9d055e8e24d95e6e3eadc147fd0a12cffe81f9c80f3f6c46
fcde620974a7572cb44dc90d28baa8253df6c9428c95f5a7fd58200dc5fd3dd766162fd0e89a620e6074fbeaa700997deb4eeedb12c9d73d24164c63
578ddbe507b1576cea8a77f78a8ecf5b759d4c4a90b9cd6739800cf261b0383e1f381902c7fec8c964af4ff603653cd68a5ef47817e399f9e2122ecb
d25049fd171072deed1e22c80d95c8fb9b5d47c66f7abb315aceeee82130e4364127e74bcea2c60b5f8e0e06502e1abcf2d2f8a3f0dc4d6e2c97876a
c62e5370c663e59b503110e2e63305ae76d1c673312bf265b5c411ce002c6e57037bb85a32cd0f4e54054518472c7ecde3d263631140ff7ae8dd78e4
1f9982f6ed2c970820872e1cb1b1992fceb97c510f08233e5c8f9834c70e1bb7ab12d9944e7035625e1f7b763b6dd569875a9c63b77760bdc761dd29
efc8514a19ae604c2430e9bc573d1279ae4bd720cd323c0055277e08540a173e0af2c0e1f30ef09f711451e0db8777f23c083c0aed40dc15780e9380
71e86643f67614d6064752b17359810e5723e6c1a1f72bb52380d0354cc0c751b3a369477524adbed88974429553da0e4d6bb12f1a872eafb0311e87
76b6580e0da0e4da62ef36b52e2c86477382c25c418f6b8b6d6f0c6a0b71f9297fbbda3bc0896b4b664657148b478e64fd003e6e3ed3457ad8e05af2
38bcec8a89f500fd67970396a6f282ae2fa9e785e997960de6a57b71adf14cafb27e140ac1d47b946f19e42bac0f865d03581fa1e107b03e316a365e
62b671836200eb231cfb00d667c553ff7cf640ae594674bc2caf087460cd07b278f71965091d555c43d93694c124aad293a952c2c907ac3ebba963f0
8ad0c36df5f9ac5d24ed41c32b2701ac2705ffa289d696096cb409e0b5f0aa92cb64b1b8cb8d86c5e9c7deee3ff9dc70fd9218e70c98c2e67633d295
0c83422e4f9fec7297d6660aef95b1512d17d3abf9ccd883d1964b46ed67bd185fcc95a26f688f888a2bacddf6716961a60ad7e30951f13c1483b651
3c0ff53405ec1ea1904742f760d5395fac0955ffd8721a981e355872caed14868b969b2f9b7f30b7cce9e62b679c0e33a7e85c7859ef00fb89c69a9a
b2bb7fc837593bcbedc8b31db71c8755bce88dd2431aa07f44929ccfcc0dc43450806624b879714d7680e69a0cc70006683d9c1c1587fc381999cff9
41365e9c8c8836d5e50731af8a1de7cc14996678e253c1eb06f5703ec708e09ef27c56e830b9573d3c4ea9b130ed1e7b54373d6a7944a6199ec6d458
67720b9c58341a6a804513b1fc27460d56d4032c9a4d0957289ad92a0a39e8adf137d77d332297d9e8b0caf91f6e9fe6339f8e0d3fe8359b4b7d3de0
89e8b144aff1a8a2ea8c51f5118035515ffab4c807e10e60d1ecdcdf1ad53dd03012231399b0ba1a213982442314d2a8a97cb44edced50b90e2a8d37
3d87a034405fcc675645d8410d3d645b17e39cdc31a5e0d82f898a349f1d0af0dc8aa58c5ac11acb4df3a8a2360e120ee9d94e4a6818f220c9835ab3
7bdc5b5d92d853d486bf534721a77d9aab0859333c72aacda57937d71bf32073cdfa194be6e1b7ef0e36584ced7953960eefeeca9d049aceb819ae62
9dc2702a3e18879f8865c48d87b838c3a329707136ac6fe773281e9537c0c869ab8d654901c8653e734707060c744e549ddae276f1b0b2b1fd129969
54fd3f0d47706cbf44331ac0e88837359fbdb5df8ce4feda3184a5306ec0e6f307c193c60d34304e57fd42a9f1aba79f98ae39b1d3f3139fd94de47a
eaa60bfe92803ceae0ea690dc9578b1b5860cd658855afc661a4e849f35921d66e3e517e395cd8b9b9bf49a01ead5c6aac4242320c407bda6a77867e
f5581c9c97e3c8a17de957c9c41fd64f8a660dea5a6980d0e3059b21400f9e1906903cbb4219903ceb6ef5b88c0e7ae300916775d303228fbe67e7b3
2b21c207f03c0d23d8f9ecad6f0b60a4386943f7aa2fe40154cfa6f2a6eafe18178203741efdd8cd67bcb01f46ea36879e8cf5e70894f4bff1ba3b7b
8aca7333bdfaf159a7d67cce9eb21c8fa56d7aae532cd795bb2c2e5340faec39225974b64dba03c1cee50abab612f5c9f30a9e959758d8ea8b8b0599
be8e2ab9bc325f6077328e172f57d616536055db20fae82b6fd4373f877f04d3e50eea00ab4790e8d1b4f8b5e26d4946612cc6dde6b31b3a3a1eac1e
7dd60db07a74863180ead13dd700aa27b23d78e1ca060212f03cfad41cc0f3e89b6780cea39396011e8f3e7306183c7a181a42f0744d0ada4a2d9012
81e0d151c8686bb69a6a68ceeb6136783cb9a969ab92c861569a94f2acc349996ddbe802f6cd6dc3e01a2948009ee10973db98ddf6ecce2466f168b9
f8336e9a4a528bdb394018d211e43dd06f2108e87e7100bfe31dd301e08eee900260de04b482157ef5431ee62a9d7a9bd1413f1d266e2636019feb30
01a531aadb917e124c0ddf1c2648818d3a1db02ed697e6e924c3ba154d40a417c56f5f2af709c9a9643dfcc3dd22e207a03c1ae7cf67c5c8e6cb6512
5f98ab87cf0f66a4e4cb5675759462787b388838a5545dd484af536fd9aa1d458b940efc446919c4ac05b527adda1b374571063240f0892a9913ecce
466026e40c06da278aa388e64e83e9d95a56840291225440b63ce364d2b7c69741826c8d9156cceab2d7fee6b26500fcd370a0319f15229ded293d38
477525d98dc64657f3cb16f2427373d43aacb89880ee425a6902c8f64c604fd05d1c926a9904ce4f0c1f528c1cf7c4d2cda34adec63adf9ce343d1c3
1130723898844621930813d4b58c6e231b45554efd675177779b9b13f884ab38cc4e1a621dd949bacf1231282b72aa8cf12b9e3ab8f5fb9e3929a8d5
954399345756de17553b4e7a9d1628b22752906243d3a447edb1e8404d33f6f6b1c664f6b1c624f794b35b6594afea3245076a5a3f273a901ac8e6ca
ecd846f7da3d3e6d9f1c1d66aca0691f794b47556a13a9c005a7ddaa03a8d72d7f7665b8b3627459aed5ae0d3a8ad9d812b6db7daa1cc635d8819f7b
455b9c6b30bbc096db43bfe49395219a9042dd9ec1ad8bcab40618dee64712b940cb86f66672fe7961a78e36bc42efbb7465c1ee1fcc01bfeacb8770
54e46a6be551d26ad8d2847265a9062968c7f744f8c0456dbff00c6810dddbb5ac1df9872cf4e0394430d536ddfba21a7e7434b7384c19c207cdba9a
15fdd9cd499966b71ed99fe6c5d2cb57073f6857b7007cd08a5baf017cd02e37053d6857eeefb924efbe38a9996f1d57d138cf19a007ed9ab2243e90
8a54f0815645e9ee89a9a6f47dcd0a463777cd73b569061268b689e49b2c747ed7bf30c1ee4a6e7761e01b1808bcc86c333ff5935674d33d9785623c
85a8d9530d6d1fa51a1a7603ac50f3dcada36c76fb904042ea33fbce8ec1d43bf3959108a8d05c8d610a0009edb87e1e0009edced00e34bcfb902e22
836c08b8a04dcc97d15df21d02b9e433907b2eed7e6a76fab263e182bce2d2d9ddbbca27429017c5baaee1fc70c53ea45245cd58be700c3a4ccdaedf
0f5a9cf41989d3334710da008540a07f0e8f7f7b45493e7c766021d074d76664ac5e6d903de812cc24ef3a71d8fc160dde69d18d8100bb019466c769
e3e8eed18caf198caaf77e3a6f909300a8d972ffdb41f3f64a46f726858a4de06a9a572412ae46439feef6cd36e9ca57fd5ebfd48f645e4ee14cefe9
82693e5ebd3f7c895669f4df3fb68aa6a7458c1f96a5422bf9fec9128d9525fa62838b79390f9d11b7cecfe83a60bb332ff641c5e63e3a3cb356c98f
11843a67681a4a74b1dfd49e759df9ef56fe7143ed9478f22202dd129ba7e6715117214e5d5a8fcd5353b7d283cf1ff2f61e7cbeecceec87fb45f23b
b74e088ffdcd8ad0d72fd28dfcf5cd7a18cb2d2b457321c2c35ad16770ac3d469eb151f458fc1cfe516004d25d07998dc39bfd2a8bc662eb0acf589c
a346038a26f4d1bc70dce62662e8bc563e0a164d0bedeb5f581f4035eb9e890e1251fcea38817f8ce0d04d3bfa9187710c59606be6e2b5f3bc128966
a566945136e0ae5a5e8f2d7bd158c10df08b378626a145bad2ab95c29f2df0ccf3f9e1993e11b3546be2a13189bad004b9d11409fc9af887172ed2cf
81457d73af84a403344dd34617049aa65e0f009a8864723fd630b9bbbc7ce16321af0e38a7ab3b28354d4350506aa2705a7228d7c12e47a117910146
2a466147a358130647b0cea691f4285ea51dfe912d3445761d25e20fa7ec8ea1e2c294ffbcfe430655ee042716d66467bf3a54a4e573664c0a6fd67b
016c8480add7d2315279063f1aa7538985196093a6d6035c93f883bc30cc3f769f6331c3a9d800b424b222058730c5db8a2098cc9c600f40986cd92d
c14d77b56a43d761aab3c026699a7e8dd4733563bdbe90fc9377587dc9ca537c30d094bb070c54d5c5e01446fbb201cbd4a26b205d97dd098b749ce3
e4668eb06f17174503ada1c982b78a460acaddd468d91cd8d83268da3474fba59c3a049ff60accb8197ff2201dada8051b183968ec356ec75fb7c097
3f48fd2417a1104e54b42c18627da91a1baf4306a60cf849d3f404f093f8c358d4042e397417ae1d344028db4175c13e69da909caa9b76f41d609fac
b9509e6243ab9b3861a01e440a8472284a8984d25d4e4ffd82871ae12f3c10cc9468b3c91e56250ba2635884c14c89489d177947f7654373448a3597
0f9eabadd97809cb47ede3ce35ab397879ac264936fb15ce77ca44d5209c693fcf7400eb247226378df8d4a39c3846d17ce4dcec7e5284f0b9bb9a9c
c9391953a72ec634993e154535543ef7acbeff04f751bb786a73bf672c58328a0130499ae7f7a717c2f1c4325f18472ceee09334cfe5cfc3913efc83
af8a6870ca6955009c874367982f839825124412fd170f414816d5f3a090347c500f8147362d854f192a8bfb295ae50e9f0779a4295e27f0882cf844
cd84cbb80108c98c44bb75583cf20fc609fc017891e6e9e68902c9f336e0459a278a808834cfbb4e2c2072fc22a37af802acc4e6913c4812511809f4
a3e8061b288926cb3b153fdd600325118de085d30315e667724f3be7cacef11f254047f8255ba6447515f92d75b0e89ef894b1569fe1fdee4c4f3c53
a9153fbf9a0af2fde4ac26c9c78b7fb4c4136dad381323c2ede82928a2b22c900f4d85b9900f232795ac9585fad43fad76b7a76e14359105ff614d91
f75409e1f6f4c4285bcba5139bec96296cef6e211ffe20d293a5fb6247da5f4f964817e32b44bdd4993c14167c3ed9ab740b86d8bb1c48f115ce7e6a
94ed7e46e407f01907c80f3312557fe813e92fdd006306eca18526e56f0cf075deb30d04fca1a9ce38f588b53bcad561b8cf3ae5edb0f3d3eb4aee88
12fec11dd1a5cdb61b1ff01f628a1ebc6c7e08a3ed16e33f74183cfcd26788a2fc85afabc50f29eac362ef5f3270ed872f19b5a6c1d7ea48604501c5
215e285399160e0e8c4364667a2664f7d98fcf522390c3d05af54a1c2bbe18e00d4dc5c0a533c89de9796d4c7a38d7a5e8eb0d56101b222f5abce5b5
35eaa2a70f59f515ac7aee58a8701c12343745178c7ac9366a2ee0ceedc29f94d649e037acd5323410d01a19fc86d5733ff11bb4d9b8e0cddef0b938
25d04d05b00ebbd707047258b2478f6c863939568bc95f92d3f2e0cd4d61135c861d879af3395b4182e0ba4d090f2886558ba24b8956cb0621169a56
2597e6666ed5c058889a90717502b27c08b890db9aab66eda997fa01f75b202b1c1ace81a0d055ee5e2dc7a62f768acf8548246ef22b560010142205
a5ebe6d7d375b011a274be48a7b3fd841cbbe70e0b3c844842b7704977c9efd6fdd22c28976a75cf8a814d5873f775e947de83bac44af0900bac8455
153d58097a8e1f42252c5a065f83cfe5071edcf068467274f82cbf63e1b986fdc8fa02a04264e53f7e2f1b793afd9ce5a752cbee3f7c7b4b3fb35914
130bdf8e4bcdf97c299efbe25c7496a172cf569dfa2fa7f42b5b45bd620b81d7fcbf30c34bef161a035f1caf2b035d3a2076b77db13e0ead8f2f0cbe
94242e7c71e954e85295ef16f342953f34fdbb582c971ca12c96ca5397a7ed3b2bdf857e66df7cce0e63547c1cc696a89597a31823af3db3cdce3739
f31129e8525fefa6f6c2962b8737f65b5a1c5c7796c758bb6dadb562455421730989a439de85b5f4e1e27c61999593807dc48e60723d8c223fdc63d9
d49c4533d504d79385530607e61e545fe879869646179e318a9bd5ebb17bf3e5f585f42fdd6b1296c7ec4414fad9d3afecc3e18811b607a7d79b35a1
eeafcb91dcc3abbc6ee12f8db077c79d76d72a9aaed72fcd47fcc47ad8bd31fcc1f3e3e2c1f787e3740fdd3f2c801e2e7c3835df99001f3442d6e4b3
f09d0fd3663798e043a4ce33ce429a91e443ec5b3fb1441ef2fc8ffe8edda57f501bed2ce41fced66dd107cd901dfd09cd50f3d37c7245b5e8582c9b
4e203ea8eb172ddc3fab83c4d6e57e87cdff079dd18e6ef0b339efd8097ef4a2acdae7b3d939d48415753f4ced8adafcc30f6557e91fd27dfd6753d0
b2629b1fca26a2b8077e723e3f646c812f7a3f0a416dbfb3b87e3cb4d7a8f9e37acc7ee593eb31aced931b273f8e97953ddb172ce6605d032ba6c9ff
3ebbaeadcc4a7edd2c904ab1a3fa68bd976344eb7175041fd4fb8bcc501499a149352832333d35893dd57cfe2b0304612677361f5d35ab66f8b8ad62
4b212c4cc9fe5269a50df9a7b8626d46c30c0989e2e3bda7a5f807cd2f26578a80837d74e2ec7d706061e285de2b5917337386b363fb70b2bf5b7c55
ca84a97c6ad6d27f92c3f88fbd415d522880077ef4dc9c23ac392659493f7a68f61ceed3ec59f26a39f47c61c65a63dd7568ddfcf14cdeb3a4cf832b
7f78cf4793542d943f8ff5a2597813544df261530098d1009fa201283e3e3237c40b8027222312e369dd3b388050ec38c89fcf181e3a4dbc60a21ae7
93fc8cd179a72686610ba244c34df57ca6ddf401e012bb9ace5b46856422b8c4e15e4c4089a131b52812ae42b7fa6aada16f190fdce996c1c0570585
508cbc3d025485742372eb1ae4e6dea3d667f766fda8373a651065e733e3adfaac7195f151a76fe6238f64eb71ef0a0f2c60f76ecfc24f6e51d055d2
dcbb46e426b1822856ee5d39683716f3b819cb9ad30a2e848079339fb3cb29f090ffb1c0df8ae276d4a170387ca1b1d6ca8b8f7b31055fa399958310
5671a36af656fbad58ce78bc8bdb31fb01ff76bb0381e9e88de43be71ccce066ce794de58e39b7b7a4db55ccd23be75ff11f9a917f64332843b80ed9
d42d7a935303ec0e116406d81dbbf7b2ee4a1ffa059a6b2a15c10c7777843497749b8171ccfe776be7bbb9af4442b89b0af462de8f2f54c60b1eaa57
04e9189a7bdf3d3149f8d65cbed8f30f7b55bae2ba1341c40ed9d7ad5f399530b7f713594800ecd876155cf7704f038fbeb5835910dbee614349e27d
8ac56e3ae97db6a2f749555070dde9fd6df1052e634ede88f0f0e23ef516b8f842efc366eed4ccc34801f298f9120965fc9291e49cd6ea626c0effb0
ead62a4e369b777281f19891e8852b2b6211ae08d6ddeb118b130e64a5a69f8efbc3d8f623e0d256367a7f7240fa875d42be88da87bd9ba2363cfcfe
64156954ba495f4cfe92844685027f3e134928737938581d4dbf2c4075cc4854f076565af86defb24dba7502207bbf53c964431e47b4bdf2287220d6
de8fb53756b31f8ca5660369ed4e7999c5e2c600e6588c95e5fb87cda2f6baa175877ebf5829ca54b8edbf286d0be451f48971731a70b043bf59523c
95bbd11e696908a8473b6cee9b65473b1ecf4cb5a37f966cc8e0e5f49f8597db978d97cc209af87813df7508c08ef8a7f3824e8f3de6a3264783f4c7
bb1e2ead4f48a7b366fcc1adb1c37c9b3a61526374a7ef4b2018a21ffce3325b53c422ed8defa7d95e23a5dbd478ee793d823f30abd380e7111251a3
70c019a219f443a77b6d121bf5032600d6c27ca6e30696eaacd1c02b4c3a3de5d95eec38fec2059fa1f5b8397753f9924db47c9ac5847b72a7cf72f7
0c742976ef998383ee3aad8dcf2188ecf0f347ef5c8a15203234c0df06800c4df754803044243ae5b46cfa249993151184c115eb490d00d20ed00b9b
58bef385a37d162360189a17911fb8d3b1f9cce4397cc613ad0313ccb766d9c19c8e9605382c575f3036681616c6067a2e793e9a8ed99d1f5c57e473
7e1ddafdc94ea76cee43a7431710199a860b223254d607501844201b80306c8ae38030ccf83ebb8658f3d8d3977af847489adeaf7c727b4f9d6e0ba3
4a1c1f7a6fe6b99926bb85bdb69a5a04bf9a7f50c0e3b68429ff7007ebb09f72778f9006b4433b32924b6c35397cc8c6bdf91d7dc1cbb14bf4f3ba8b
6657f4a0f03ef2d9b6eebed89db041601e662c1af566e523d69bdc87192f16c3f0fac19baae7c37f1edc926d3cbbbba717dfd5ad0382e5bb662dfd47
d90e71150c86d5bbd76030447a4a41f03d18266ff2aedd3fec3024407017e2c5682e489999b2cbe1cbeb3fd1c92f36721e4ebfecb90fc49877cbde33
921b370450f012662c6abfb922219d8b84b07899f6ddb36244dbb362545990036f78007230b747c6c2a79fa3e2dd73c6503e4232406d03f883884529
b9f385978266102f24c13c63785f043c836dcf6f71c0388a4966f145a304610bc215c55f58e0aba19b6d66e3abd7d5573cd415c91c7883e6c5d44437
f08ec85bfc7c7ed792bd64b46e345a565c3efce46e76bd9ef116799adfb2b2f2fa4745d2403a78ab6cb3fb324c4e919c2a1e7e702eb01d557a96e11f
5906edaa8e64c7854ea0bd58f136bb1ff1fe45c23e98a16f93a13a609adf058efab23b3e9c08dc6e3baa59395c8b7fdcbe902f80426aa9dfeec77788
0d2715fce81d2e26ec5f5e9736e7542e6d8e579d2b6bef0122445309062244f1e85340882553700bf9704a9d4e5cc7a176e1ee855e31efd453800f11
e989861d5fdee078f5c9288b7ebddaeb42051e43fc43f53fa641d81635e1d082fbc5c66ec1c2fe6cc8ce852b27e7a5d6850b2177df3eb71b53e1ac25
300a3774b073933209a81cb9e2cabb22d6c2365f02737865744dc2143fc147de30c9985b9be556c1b873354f0297feb41849c249f5432c9070ba9f0c
7e9f044f388e5f126c220f4e2c24bcd9a12d0977512dd3ca9740a67bffc5785677c9e59b87902f1e8b4ad0270066b012ba84fe4bf2da966129ebfdd1
cf02277b105467348c212570bff6c03856c2a5cea92f5f82c7ccfbf28d01aadc6ced38be0475135c6b94f0a831ed7b126040338f75fb1254fa332927
619bdfa519637c09305d0f0c24b0bf52c30e211530d80e4b608bab165c029bd959b16fa6b708d9e8cc21808d1640bde54bf06e38aa6208c2fea8b696
208430ce4724606bb073923e0973d4c1d6557c49c8af3f962f41f72bac7b10ac87bbeb24586cff9b8ad3d8de38812b43006c6645491084e31662d01d
800496ab1d2b5309cc36f70212bca9736cbf3c846543ac972078230c41c29349fa97c0f181221b04d6f5558c3e09689895bf241ce6b17ff390b94c21
c752ca2de075c3a17e12b073ea59d37227aa249c12c22328c391a37a12444dee594a99bb43eb31be49c0230a821d546f60905711e720b8016f652b49
78386eeff9deee8ff6e225994dbb6f0fc44bb2a3f61d2a00e74840e5d4c09d96c06ead711354c23046f943f848d8be84537fb465fd1218a1ad945f3d
9e740ef98df1e83ea6d4ed47b07f7e154bc8abd27e8466e3fa37c92bca58911b1f01edc97829c96c02a1537961f9c6c84ceb1f0236e8ad26b3099d01
82d891bc3676f4d4b4e6143e6f35ee22d8483825e4c83e6f554fad966f0c364661ebf825287bb59ac36312ce2498c7757beee3264b02766b0d17ef10
724e83650ee1d11a6175319a049073266137c65ccff4b4d172387cbe230a3f9f49f033245f9884d77becd91f9f1b2126e046d62f818b4ec77a7c4b79
f57d8175661232c9f123586cfd657ae76df93f799c12b61fe195f0cbc3a9df5cbd8320c433dbf549b8bf8b51eb7f089784e34b287661f6fa2478ccd1
b2f99360297dfd26b9b569ebc9b5266118239789fbdb8563f9c678b0f96bfdd87f842161fd113c581bbf18b28f7e7cab0e265ddc62fcc600296e12ca
b76248fdab883f12d01f0b389384bc09f9ade99bde99dbb7a6a02585f0f42bd61b563d7bfdf98ec29e037712c449ed3909e7e676d8da1401defbc365
c836729c4e0292dcb1656b27812fb763690b01b96b2649c6f6e6d2dbf7f18b7118233b68121c5271e9e3afebd77bdf0a2ee3f8e5272f19c7b74e2f1a
eb361c1a6571f0ccbe715407413d32da660882876ba72a41a7a98b63250834b4a35483e0a6fd48996b12947ffb22070f028eda72d92821fb6024bcb8
3805010f0a7d51a2980421af74cc3d095b56b4e3fc068280b27db5bf27e1d5f1f1ba7e63bcfa895a958eca7e7b58dd93b74c02b0e4f39b29fa4dc2b3
e4deb6ff083476fd4310736195e707c16bbeab0332087a1e5cb3ea53ac480d850b4939724e772e7649f0bad49adf698e598ec2fbea800c020e23faaa
30140411d3d6f14ba2efd7d5a578121e212cd6f1cde3d18c7675509729017055ada7041e04bd3d2dcefa206864beaddf248e611d754ac08ca76fdb97
807a334ccbbe79a404fe1d2f93605bf04a2741bcbb2d87c3141ab0b2aad98335b951cb1d0a0437488ac641d0647ecb815d53cadac7f68df178c168cb
015453eceadcf496e0654f6e5c4378f5649c73bcb4e4bd1dfb380970a3be2fdf1829452cfb97f0d8c77bb67e121ca629b3074108e27ddb7e842261f9
123e19a37d09de97dd652d417892f0cdf4d54fc1be7ff300543108df525e7b6cdf7f49106ffabe7f6b9a5871bbd24c09cc74f390e10401b554df65b5
41f026c95e7e497023dc51fe427818d97b55c60e4275e7e87e2c08cd3cfa2f89decc76858612b0e1e920d83ce2e0c70e4a2e162720f4fae1b2110437
9b9c1e407087d28feca02900e9d4e3c8c64d8237ca0e65c849e0b87456fd0f410673946f1e1ec41d788490909966079ddf497964074d4249dba6f125
083275b8480641ab6cd437125ccf968c1152150bc19103771274cb5adc5c05415dc7f68760c54a72f590bb588b96fc0cd7771496ed9ba9aa979e6278
103086ea4591b17c6eac0c56dcfcfc6df92aa197b00a2a2a8220824d719d2e5ff9a9d775fd112e09cb97e05a54933f4dbe8006b6d79c3bc139868423
0989e85e739807a148f8e62102bb10141234ce5c7fa570be12314a125e97895abe4972fed5fcf021816e12fc02cf94af2d56e1300898e22f6bb28e27
8bd5f9238457bf3fd5ad0104518a96f54bf00e674b0635a5925dcbe2ec8f905bba317a1238259fab53fdc6b84f319d72eebcb38392f04d927bf7ee74
ab5fed4f6f32a8202460b56d990431cc5bcad741d00355b30b83e0bdcb767cf3101354771d93b07ed94f535a0c82cb66738b3209b76e8e53029f0457
819ec272105e6bda4db2ddb7f7fbba2b0904dd303ae88290be93d75f928e0fdecd710f21810a8e24e42c4f6139085f77dabf18a22276d7c020a45be5
e35bca930efde5144170c5ef8ea0203887539c0e822b5aafdfb624b06b4abe4178d275a699eef2815615e26b48447cebae2c1784ac97a24910d2c16c
ff66f1acd91df547b090fe23e8c5a62bbc04216113c637d34788b33e7e99e23aa1b66f8437ddb62abb04e14df74ec698d28dc376e4679a842b5de1d8
c5539811986fa856a9c11cbc22935fe52bbbec5d41240879cdad7c099ebdf4915d3c09c51872e73a6517e5e594b927e149133227690df505dad49635
9d845b0ba9ad2641963438fb91a02dd12ebb0ec2a151825c2c083ded62bf997ab23896e397479692d3278406f328df8a09bc3b96f623dcedff498805
df5214a28220fa684a7b41e869fd737c096f1aa7ec49b8479a697cf3782ee56339e124bc3d4fe7edf5b0d9a01e6bcec9b090c0b065558b59c7fdb51b
50220a02e762cb2e170bc29531cc74aecd8f1af7e44077ea33f0e1f4b7e52b622b0df4fcf0419091baed86e0d9cef813430d6f0ee2d8ccea24fdf811
7094beacee7f21a826cdf9180425dfed57ebaec224a77010104296facba3bbe9cb511d041d5a6dbf18c3a527395a6c242da5fdaa7e7238b4ba650e02
7abd636dbf3cf0e6bdace30fe155e6f855cc43e96df9c5408cdd6bf9c5f094370f0deadc982f5eb249def228714e42fdc560441e29b4b739a9d1840a
3e3509214faa6897e5b7b0ce197eb93d09cf631ecebf16c5e62953ff11e22c301528f1be7a54a1fe08422742fbbd832f30ca2f45cabdfd0f81c6e3a1
3a09aaa01cf54140bdb8b7f50f41f6241708c2e181addc2808c50392e3572f36177beeef21f8ddb65f0c64c5bdefbf3c38ae6b7f6a8e87a7b6ffdebd
149ee22704dbbafdca38b35abf24186eec4df1280897f5acbfc65f4ec6edd756eca952e3cdbb4e898f5f165826d4f1eb8b270f587e0d4bfba8fa2706
f5aced57061650f54f84373d2b7c0b5519b2a71210820761cbfa23f049c6aff7eefcf0bf8adf9bba8ff17b976ffc3eb3daec7d2fed4750bcfa7d010c
1f63047fdb8e2960b4e447405b792c7f2a7a7bb8597fd5f06ac6527fc5a6d72209fdc8956ca0687d3b86cb53d66fbcbcbeccdc5fdc52cc3e8906bd83
5dd48eb5e18b638838cf3ce265f33665accff3453f02a1577807d2c08e1aecd50fc1ce059977b0f3dbd95fbe03afa407ecf4c5114143269bcfcc56b8
e83b38113c30ce7bb9b2df70bbfe72e97e1553f0e516fc2a0ed53b309e662cbe5e31dfb941f672f1bb6394f672f1bb738af372f1bb818df49edf633c
228551c714e18c14fef530359ecf07cf7f3331981175dfb4982a30130a9d7c069b736b349fc304b6c4fa399f3f3c1b3f7cef95acc9c3f3e019d77b36
03b38f154fd4f3053f7cabcfb8ec0e9dc3cbcdf2c90d4d800809b4d07cc1c7ce6e02101d763a41d4d398de2ff7cde73ca6a61b4846d66ef3a2ac05dc
5826c537e21efafc149d3fd869edbba521e2edd89ebea7bc0f25c07c81a5a39978b9a23e5f9a2f888985d21112764cc85eafa8eb4962be0c33a3c2a8
a9f7dd5a72ef62c72072be705b12a7baf3c591bd99dbe38b65bea621eb233b98e61c36c70171d89c9d420f9b538c66731a6dcbd9bf5128e6dce071be
a75c0085cd7cb13987b134b319d406339796b16c4da3070fc7bce3e9b0358745da9add175b33a873f1e3143250c0d9ed5c1716344ef3c5d6f8d18bad
39e88e921fc717277aa106c5e63844557ae4a72a7e9de68b5fa798816b55a6d16db0ad2ef90de80ff1d439c19e2fd6dad95ab3d6fe63ad615ca747d8
18cebcdccc8fdcf854dc162d580bcf176bbd19cd8fd08c66ad1d2c18db70e0f272857ff5cae27c81736f8e0896de9d25ebe562f4b06fd860abbb7cb1
52f5e0e17db879c436fbe5acb1b1859a52d26c23467f2f166b1d73e4178335b6edf351e7ac3cea949147fdd1f1d84867647c5b751e2f7c14f318ee9c
7623dca054f318d653bb5904181ab380731cd4122f7ab5f0eff5ff627dfdbfe77c9c613ad0b1536307fa62a586bcf36231864fa5178331b90de6622c
e02fc6620059be9c1aa17b79df988f68e8de378e38399c7c11bc39b87cb1b10244e5c5c28ad5ff7db99fc8487f434f0c6ce4cbe95c471b3e9fe94663
e0d8fe7face4fae7f9afffe7f32fff73dccefcf7ff980167adf11e65cfa0e1183b08a12d8e2046e64294108c22c0cca741f948d12b49503e668b1f9a
e8960540f4196874b2042514f711a8200aca632a5d13ec504cf5eae22e28afa9b8b118036959639b1d012c07d0cc0550c708a8239a8165337760ea56
2ded16d0e822202d0e5ce752478b416fc3066d01af2d022657d41dfcb4084c17d36d01222d8247da06ed85e67d7bb41e0b0861115cc6a38410602348
77b3d22c037fe50ba617cb3eac1b2a7c4ce11740992288aa2cc63a3f92d8dd6019bbec972951b760f0b980861401290b75fb981208a305bbd6051c9e
083ed21ab4479a25048b5880d589a090dd8044c78154b322e82d20d5cc009e8e47fc053898082c2056da052c97082c20d8f8fac4748a00510fd3e6cd
f13b83b0170df61ca81b5060462167cdc72125f876c81c91211496accac66c5be2402782114c4f5237f30e2996e60d4cf0080e62154855d2cc7e80cc
b581f01dc143ac354895bcc0e8d6d86203a33b82109eb8c2b2adcd580d473cc1e436e0b42320568cda0df4ea08bc9805c53a6054b8b17ddd40a98e60
4823b30f8d045db973ad7fdb42828ac03525449bf9d2a461f62ce592e28e262895ac36f5037bd2aa34b0025628a794b82a138c387077a1b0a7dbd8e4
6d60a246800d6a59c8ab1b0f0f04211484af6b29181b6203149e52a561bf49fedd1239e29cb1a22bb65b1a1bb4397222b77da1ddcced88171d0ba460
046730e0c87f0fc3b2081e6a1b62ffe68cdb00405b8510dc003d8b203edc6a66e725e98644ca8b0fc75c5c2b5673f3e5818675474563bb1d0e9603af
8f00d8cc671a7f74164586d40183d88ea1f1646476c01f66a06d7d70d5f9f28116369a9de3c8f94caf1d281717c48dedb82d135628e0cc7ca10907fb
b0859398f952a4c1ecb9ddb59585b405af7247ac7d5ba9745c090bae8ef6682b8dca956855c7f9d056ba24f06ab997b181c8134121611459ac9af02e
15b7661b402a1190195d54ad455d2051d90a039a41236588da1b182a11dc4cbb28b3567ab222306ddc5ddaaae314e48af8565168739cb646a34279bc
e1d52f02563a3449db78196eb8160b5a34fe72b85d0835417265761dfeff5b9a37bc8544a0b12c1fe47252e09623e6745494d3b80810ddb062db1e56
ed19b0f5c459c2f638d09e8fc78c21be6d98f64750027b80ca637a1f41987397d8cf6c6f5c0d9981fe9282676fef6dac7bfb5ab06f9cd64650beb6cc
fbc21799c11612d90ea54869210e35281d0ac0dd9d54546a062504a90aa54ae13352f5b831256dc84746d082e947409761e91b46fcd0069b5ff21fe6
0fdc136025f37948c2a70b3baaf972490bc1eca0f2308319845056a09c661ef2095634f3b14939e1b0447a4df6926cf6f12e039f01a644b891de0167
8f6038542bb4539af1621605c273d040249f220055ddb6535a6cabd97e4cd98f9a6d3800a82b24d6d91d88ecced590f9fc910423c09a7a07603a020a
c051fc2e539d01f1fcb8003247804471742a721ed23aa546bbb6cb8a5c590435b94d0a0f59b8c9b62b76ed8a5d2b22d57c79a06142bde2907307a236
02fcb2e3607157ccdac19c0d1a69b72e6d400bbeb703003b0336f82bc72e3b18af11e04f03f765f3c57887f1f816fbb14babd2a8cb7149fb40a3fbf6
c3ba14d31ea42d459a69835bedc87a11c0d0436add95f842bdc067a4c6dd9a749c3dd830f8f9ce92344924b4dbf73051ea38ebd8f79b7108b4e4bae2
4f7cd68281587450847b891d908108343e0df9f1c0c42882c2ce30f453c7131a980838b241953f5f5e6874e781d7a78343fa0856695bd09af981b7ba
7239f3e02ede0c621069933f9f2f49ea38e6603fb81513c18794d484f38608f47312e2e2c1358d08d880b3993edecbb44072af2c7c072c2c82555a09
da43edd83d1dace645be35031b119b80a25c5960313369f09bb284fe21820d5ae851ca12bc398203da417ec3b4c3ab00211ecc9717da69550e68a734
6e04ae4031cc97535ade1aa08c10d9230854925552e80f23b0b5c15acbca949a41b072b8e67cfe48e2180d8bb0b2aed2569386985e5624c019746903
9af136e3850c52d69d1aaff1d50fd6a382881b41548e65b8acb1984710902f9c6194f534567cf3838b9065bdac6eec2f0f5c8096f5a633d7db511723
a76cb66a83511cd8f114b95dd97481c06eb26c8c9d19c4e547c48d40aa80d4bc8514eaddb2593750eb67ab8279968d0d54013ffed82c1591a90803bf
86e7b3bf2de065f3cb6d7e392e501680c623189173ec71cbbe106d476f7fa0e129bbdd0ff3da567b0c54eb083ed2a256708f08ac55ec05ca8e8c3f03
76d1d8c595fd66008a3abb225595c3cf79c4e73c700453c0178dc0a4d41890cb081e92d28f07dbe619c4f764af54140167e005085a511c6c8513b215
809e29ccd28f059f2b28d8e7f329e9225a283e26a7a26100f4052d1a5b590d66800e9f7bf3a5ae7cf8aa0b3d5c6e960aa72e60c2856040da6a3c30d6
56d852a94d1a87df0717d34bf5cb57ccd58f2376d85384a5b515c7882b926001bd2802af1f047329cd81091e51c48bfcc0f28980836d2cfb0a983c11
c00e31aa2b20ea44c0c51694faf3a5499b7d707031713edf9298be98b3967650bda6a93bb7ae0bc82c1178f52316b5d28669bd04cdcdafd21c174060
1c47b0d7023a44049c76617c36c5736ad21d661c03cd97539a7747421c9a2f7083eef139b7244b474c9881bdc2f8c18179045e0081e3f4f792762377
466b71101e811f2da48e321cb583518ba15741f68ea01a2dbef768d2bccbc0f947c11d7104c19838b828e3a122e3b1db61fea7d9a1b73fb805515087
47c017e3f8a59cf2eff3f4c645e8620bde272308a65618a097831b0f81077ee4cbd518c79756a85ce82b38b78b80d5e0d88977c22b7436b772d5a65c
f248fcbf052dda7ad9aeebd67941481c856b5711c4d84173593e3bd9e1dfe9402b59703014415e45211a8b75f9b85823da97cf4ba9f8eed956ae4916
1cadcca0b2561d21a7cf494b4d70643269a1d82cb8d28820841a2b877d5b04c817071314039c08822fb0432f4fa14f9e629f303a9fca2879545a9710
88ca23877aaa1759e8f6c7efffc4f73fd09114f73f857bee91341af17c6818d6ab07fa83c25df408544232241ef40705f394031d6cc19c35820129ea
fbba8e6ab67914f8c42bd37e65da2524ddf2ca02b9717b00c7555e3bfdb5d30b2ce1455930039a5f988858a9479034b2730e6b2caba85f305b8860e0
8e06d243f335af6a1cabd5859a84274eb28bfd45655b1441d40e6bb0aab851113742ddb5437ba4bdd24ad05e93be240d85445d83f74710b018207e4f
8ebd41c2c8f1b0d0354e5b2288a989dbfed98e0552b7a9b1479a2fbbb4435a14ba0eb353b6625ccf1dbe6915f380b19a2f8f342b3cc82fce5923d037
e3ef34f47fbca8cfdd3c35dde288f9c08f7045ea882098280e66e7968e66b35fdaf46e5a372bbae1f802ab8baa50318366b40eed9166d258092abae2
08b88b526329a8fb41766c4b629a464df693b4287ea774b340633ccf80a5005540dd1ff37bcc2f761a15ecf6088669a37f0e54883390162b5a3dacdf
91d328c6563d3ee477a0c36a5c98ac07eaf6198477589c5b54744b11308e6ab0915aeccfb2480b1e3fb7d654b904232e5c7498cf1f49b7d1a215e04c
47b047b460a3b55868b150ea565e33e3e6eecac9d67c79a4d9c7c131aa92444592083d6c54b8b214cca04676c1802ad0af11c080b8e0562b6cb4a245
2af843a900b24680812807f31508d508d03ab39bad20904680391997252b70a011c03338f59ad9d1d6fa6129c4d5f7ec2b460fb07e93b34434a0e122
3882148caa02d515013dc70db40acc4f04ec6f80d0ac3d2cc567d098332df4f773b0f071faf02e168d056626824b1af1d87c84e11c69198b9d6d5515
27a5f50dda6bb9afe53228b0a888c07299e7a3519781eb998363b33a6e5a3bb0f79bb4a8cb80a7cdc0db5321d6d6d3d9e8e97cc336b572681c81e586
705a4f34c73360ee81ac574f44a4cad23ee3c1aeced3fc42e92b5a42c5557904ab4977688fb4575a7c703c8447e0f431bb9b21858fef8817dd873fec
08ac722ca5150fd311583d38c8b5d02d17061e0d03d88a57df0846540fee77b119ae8819512cd9d9a338f7d5ff5abd86a49305bc6f24b5b1174e0456
c09debe507c7b5ad0ea32a8e65231846a3729c26cde09046a91cfa559dbf366032eaf5d830efc4611c5b71e319c1813b9a188e1f07b74e32752f563f
b22d5c0b4e8923541ff536debd991dadb85d3a6eafd1a3bea9cf4195354a6d58cbce974b1a6c0bf7c753d6a72a0f26030dc7c5153f3e11b005727952
4ca88809e5e0532825d434622d0bb4c7a48f49e13e2f670533c0e8af51bdd7a1f2da53dcf66a9ec5ce00a5063ca42d6c8867c0e28905dc7c29d23824
2d71281a26e9415b0f8c7462a2cd9dc80349a7fb58e1ce6dc90b0d285d955acd15aeb1c26d2ab526bfb9a005172ea8a1e63349b7d8f94f5214ba1d92
b4d22a1bd1507d059c01156ec4abd464f36e0a8e362613b3046c475591b5cd866dce151c57b71ddd54dbd54d6135df3c8d6d9ec6763c59364f599ba7
ac23f4d87f5bdae7de8b6aa1c02b687cdbee27d81572b9ea375f8c96b58fdd6f5399174efda8552ca80d05dd0cd8201c60aacddd19b53ad80ece5d49
e477a0458b0d9934e2b1a2844312ca8d6df2dcc450c6a1697f8ffd7f3bd80ecc00bc04ecb7db01939d41ac81c09b3696cd08bc6e17d2752b767811a6
1bcf59f3c5785e4d429fd50a7c7206b1ca608f3bd7860d1222d7c10581561c4985d3858edaab955bda9334e2bda60d5e57909b9bab7163352e1c374e
2996b6727c13be680bb44b9a5704190d15657803e4beb49038e70a3820e90013074c71871c5af080c2f1655321d000602fdc766e9e023570d58b2395
753982dbcca20540774740b490235b856d36d0b7e3f47585764863a00202d9c0da8e00db228e095bbd2cf532bb18bba0044780ff49e707da82084214
c188b7a91f6862eeb2c036c06e23e0700e2096066c6d04cddc48cae6ad81363b2bd7a0a13368e0b8ce78f46fb3fd82a00e04e9a640d110280a10e40d
70cb089812202134000723807b71d1bd75ce3567803b675c9134b0d72270f80fe261e431036ec2a0fe6a00714580ab01ce161a485211b02080aadcc6
45da417f0256d406560d33e0320aa71ced9467007953381d68d8f04540b703e4dc4e8709565a85c38106b8480416ca00038c23020ae5839d8f291f52
867aa45d9679596685c489c40cecb9d053b44bce7a61b7b721c5b50b29690631a9f1a8dc2ed48bed12eb04bb9b7621ecb64bac0cd4bbedb2332f9131
50e5b68f93e4e324c16ab761981d01bea3d848b58f1d9c2e8e11c41a76d01178b112c6f161f99a0176fd5c3d6978de8d206991df2d23ba6544f85e69
3722f00cec4fea82bf8408f0538a5eb9719d38029c8fe283bde1352102963e760fed29b4ed89bd64e5aa5a7be46138299cc5c6fea9e1a4308211d10e
4883529f381f9c1c68817449fa403a20dd92ac077c98038a081ea24142e66cdcc1a8dcc56eaf3dac77aec3d9f93a13df9819d50f86438108bcfddaa5
7569d4966fe89947f3cca3e36776be989b3e1b01a768ef873ec27b53058ab7a90b68ea020ae82eed7dcd4e6773ec13bb67ac9d33d6cacdccf9fc4212
d09423c9bea0ac9d019ebeb8023df973943a832895439ab87f2e096d13977cfa1a5b8608905531fc9b2f14b10663a89831770f4767c03a177acfbfad
e6ddb3d31960c9166cba7b72d03939a81c6bf50dc973061c30b0bc756d563a362b15356ec73225821ea4d893778f4963ca52a541b4614a71e8302cef
db6909fa96c2d47fbe989deb001ac0296b43d3c8ac2351768f06fa2e4a189b8fb96733de4a55829b774cce22788d46525682beeb1bdd2aef1c7ccf80
3b894748247d67ddee3beb76617598fb28fae9f03e68a1d883593583535a94719cd2447e6257d10f44fe197469c443f5d23537e9b8d5e905abb219ec
c68b728b4d2b340de7433332552e02dea2169ed200552e08651b86bcf36595669543fc88fbbfd0c47cc27eab73a01081f77863a6ce4589322a2265e3
fe755cee9466f7317c2a4aaa19e083fc301e2b5aafae68684dba7bfa8eec5031a8eaece523f03e71b0f9ae30d01506ca12d37cbe0c692749215dd64e
ac40ceca7b431bd29b6ef8d1d177f6fc11786797c9dad097f5a6bb670c013b50e511b08ee22ba6030e1e017ee0ec81c6a9c70cb82b080a72e7502002
ac37e8bccebe6a06760ac3bb3b0d3afe8b0617c37af76374bdcb714fb983ff1a41f0db122b7f07c73502a452acb27af79bf5f8669503efae22a1ab48
28f829ec83e3a119bc961a4941088dc00e60080c99dae0164c4118ee03038a0ea867e5aa76074c32026a82a6b90f27cb88c95231c0eddcdb88e0c650
372a723a9e40009c29f962e0dc45606e613fdc4fac89668060563669a734667c0919a49f278d38e3ca52c55ab89f6c033bca84198d9a008c14019766
58d13ad0381184c170639c5c32814b2650e18217226d0723a77223ba834a1001d22090c99d338108aab448fa61699d818d08c5dc7cb9a5e1c632e497
ce6daa08a808cbc14706fd8141a333eab73d772f58fec46adeef8758b885aee0d1766e5646c0991f5a9faec9427fec7314aef3a54b1b185943c246b7
73f9b972afad3fd83b759d3e74fb88538808bab9c550d2b0a16bd8303a5ffa296627e8033af5ceadf1087669d4ce81ce7dd7490b91b1639b3e83152e
c6114dc7b83c82555a5459a1a17b7573c3eca8bf96fb66b9b13deaf8df8c202613f8d81d8f9111d851ccc3f7e21bbe5c662bb873e9b8178c00b347fc
472f58cfcc00d68eaa76685d158035d0f069b9b0e51f584054c17f17ce9f87b6df4dc423448308e012d8b60feca1226055883df3dfd6f470481a4956
8157d8020e351d6315251c3ddee03020026a2a78ef8a1267a005598bf0389e130cce09aa8855ebc7a41fefa9e3615c2b848115426417ae3557d49b33
e0fe113e7757d4db33a0cff01736385a88e0215a38f85c91596750b98510856e8cde1914538623cf8d6392818012b40ead4ab3ad19ef238db5a0e1d9
75dbcc4fec19812137761a63033262d2e22b6fe8b76790f1a2b19a84cdc0fc700dacc266eec04c8bbb5e45a28148144b232493362ffde3c35a8bb019
d8345cc562111101ebc3c04b2de71d33507fc005a7f9623c8e158a3ed6b7db326eab879bd39da56f068e381ccaee886733602ab1060dede20716b94d
f0affd32e9650fe0fc5f038a810145d0a2193bdae78155551327e940441887a634834ed1e03d4e4a68051e680b7be819d82bf8c12d28d66710d6e022
b714b61533604eb39d1f052bcb19308145e5ab280266508dd7a13dd25e6cdea3d4ea64adbbe318740755232355231ddfaf15edc00c9ab418c815add2
0cc27690cbbe432dc50c06574c22568371cec0cad1ebda270cec131a4712a3394e9ae873f0cdb938f3b1dbe02e0dd3b85966d39fd1a087dbb54be3a6
106e77f1341b01ec4bfcc9e6f76a7e2f7165115122b0549cfc764e0666805f0be12a3b62f20c1e4f1582548ca61bdb8d21d1ab3401fc849ff1c06470
60d2f07a35ba03bbeb5c4c44464595a1a8d239f71bc361321c2622f2218f44605a981177572388ee14a06ed88841238ad0876337e99e493b34930a7d
8b83f081583f83f8acc2720c84c1000c86149f70c827c749425ce5ab5219a854a24cf27f2c33b13f05e996d90d613ff9fae3b54c60cc04f419e82866
504c39a099129c856d88ad8c02690630ec5d00d68352b94518f8ae91dfe990381d12a2e49c97692faf188bd72a173ff1358f31d27c7e24bd902801bb
f219ec90a247ce571270129b3ed12f39f625c746493e5f6e695928f15cb12ed07fb8f83d9f9ba41312299dbf68815a426c3a7fafdd6bfec2d2397faf
c4f6c141f5e500be62003771db2fa7f4e59446f5342eec266600cb4d4cbe6ad26aa7c3c2af66daa6570da1f886b4182bbafa1d9e1d0dce8e9aa8ce97
bceac222fccfd5b35ccd6bfdff2ce6f82388407f1d823d1db4f0937040890946599fa24f0e81d0aaf1aafe424499b239fa8c1d8b284fec2867c06667
49b8a65bda637ed1ecdbdebe156d84ccbe8bb4c46616fea598b6d0dbc2fcd86377f698b03e88dd3370c40823e354bb13a9221159184577421e0858c1
35aa196cd0843b90373c80d76194361433070e9802dba341bba4e14d3ca1381e497a2be7bb3f1f69783c3c4428c01062705a157a0ba2b1d99b01576b
18e1cf6b0142a3e8f61db5c50cb82aa4cf74365303d397f029080d03cd818f9c28007fe26c58067e81c3433b8ecdd9db8fb7e2ff1f56fe72a96806ba
68d7abbab90d73d333bd02c4fbd1538b6e06c2b738fde9a336f38bde3d82b0fff98f83c1652c3f9fe4e5cf7fdc0b9923eaf75ffbf31f66f22bd04ee9
72f6e5bf7874c8d6741f16eec82afff1d8d4407cdd3edda850f311ed446b3fef4da87af3513744dcd9569ffeb23a85f3039c1230f666a0a301afdb47
d62f90eebd78f59a6ff4b22dd55bd70b72780479297b7005383afa150899bbbac02047c005386e61e3373c8298f99c8ebe385c8a0053077cfebdf82c
8b80685ce07d903f5f6cbf3c1e7edd7abd6cbd1abe5d5fdcb84670425a215d9262a4034bffe27f28828758e6f54202f27d700199ed5b040709c9ebb0
12d84fcecd19290f6b71580baf15d389a06c54ee57b3758b80ebd0de133ea5a039e47e2e42d2fb66ddb9fe2b251469dd9bd08cf91715f0eab9c3cb04
9841f0592fdee3fb3002c48dff8ebdc6cb7f3effed5ffe97fff5fcb7ffedfccfcf3f3effed9fff7cfef5bfdeffe9f35ffff13f05f51ff7f3fea77f7d
fef9fc5fffe5bffdf3f3fce3dffecbbf452a7efff2effedd7ff8d7fbffc8bfe2ed7fff8ffff27f031bb0fdc091df0200
