1f8b0800000000000400bcbd6fcf25b775edf9de9fe2990b044800db395564158bb94600596adb7d214b1e752bbec6605e549d3f490396da90e404fe
f6535cebb78e2427481b33c008b0fbac872c7293dcdcdcdcdcdcfcbbffe3776f7ef6d1edfd71ff59f9f9e5e58bfbb7effffccdf5feb38f7fbbffe927
7ff7779fbcbffef9abfbd7df7d76bfdfeeb7a47efb4f2fbffbe6fdf5cdfdbb97bffff8f527afbf7ef7dd3f9c995f7f7dfde39f6ff7e4faaf33fdf2fe
afefbefe3ecba8e7e5efbffcfaddff7afd66be5ceacfbe7cfbabed67bf1939dfbefbee8f678eff9cf8227a5ffed7fea7fdebe9a58dbcff72ffe6db77
efbffea797e9e797793efff0f1fb3ffde59b77fffa6fdffdd3cbcffedffff7e3829e3f5fa6de2f3f9bcf9a4ccacf5f3efae31f5f94f4edcb37f76fef
dffcfbfdf6f31f7dfce392beb8dfde7dfbdd37ef8e3f7f7752fdb27f7d7bf9f3b7f797775fbfb85ff497e3ddd7fb377f7979bcffe6ab6f7ffaf21fef
befbb797f7dffcb89cf1c7f77ffeeee5abf7b7778f77d77d94f6d397fd9bfbcb9feedf7cf5eebbefeeb7973f7df3fedfdf9d83f7f2ddbfeddf9dff77
ff71118ff77ffce3fbff78f7f5bfbe5cdf7f7d7b374af856257c75ff2baaffbb267cfbf2fe11daafef6fe7d77ffef6bbb32bbedbcf369d75beecc7fb
7fffab9aafcfeefcfafd77efaef79f9e19df7dfbf2c7b3d851da0fc9f9faa6429eb4feb8a09390eb1ff7775fddbff9dbfbfcdbd1d93fe8e1107cf6d6
edcf6723feffa3f9851eba31d5f6b0c43fbeffe6e5fd99f2cdcb57fb77f76fdeed7ffcf6c7653c4756bca1327ed0c29fbffc379df1d9fd9d4a1e1f7d
bd7f751fc47b567dfdfefbbf6a54df9d3c7db6cbe5beffe6af68f86affcbcbf9d5c9bd6773dfbfdcbfbe9d59cee2be19d47df5febbfb8b7bf42ce476
b6e19c172f8f3341ddf6e392be7dfff8ee3f06e385a9bffdd3fd3ab8fa2ce1dd59de7f7c33f8f96b73f6b7df7ea8856f7ff3facdcb9bcf7ff5f6f71f
7df1eae5fcfdbb2f3eff97d79fbcfae4e5977f38135fbd7cfcf9effef0c5eb5fffe6edcb6f3efff493575fbc79f9e8b34ffe6ac27ffed9db2f5efff2
cbb79f9fa9ffe3a3376731ff63e43afff7879757fffb775fbc7af3e6e5f32f5e5efff6779fbe3e4b3eabfae2a3cfdebe7ef5e6a73f2ee8f5671f7ffa
e527af3ffbf54f5fced25e3efbfcedcba7af7ffbfaedf9cddbcf7f2a72fe73192f9fffeac7a5fcf6d5171fffe64cfbe897af3f7dfdf60fa2e457afdf
7e36a8f8d549c6472fbffbe88bb7af3ffef2d38fbe78f9dd975ffceef337af5eced6ffb8944f5ebff9f8d38f5efff6d5273f3fe93a697979f52faf3e
7bfbf2e6371f7dfae97fd9336713ff9b7ef9e5abb32d1ffdf2d357a6e1ec994f5e7ff1eae3b73f3d4bfffed7b9029c957cf4e95f75cc9bdfbdfaf8f5
f9d7b3375f9d1df0d1177ff8e9e8d0b38237affecf2fcf2fcec4974f3efaed47bf3efbe3ef7fdc8d7fc5d17fd5a7e7707ffce517af7e3b9af6f9af5e
de7cf9cb376f5fbffdf2edab975f7ffef9271ab637afbef897d71fbf7af33f7f5cd2a79f8f51fdd5cb976f5efdf4acfbed4722e92cefeceb37ff73fc
fee5976f5eabd75f7ff6f6d5175f7cf9bbb7af3fffec1f7e5cca6f3efffdd9af67533e3acbf94463f5f967ea9eb38b3fffe20fa386d16f1aca9fbefc
fe37afcebf9facf4d97fd1d51f8d3e7c7376f9c76f7ff8cd49c939026f7fd02f2f9fbdfaf5a7af7ffdeab38f5ffda741fb7c94fffbd76f5efdc3c913
afdf8cdcaf4dd0ef3f3aa9f952dd3486ffa4d73f5fbff9abc16236fd541cf3f2fa572f1f7df22faf47ebf8f264b837af614ef5f9c7bf61f07e2c98ff
3f2ec9afbebe7dfcfeab212bbffdc94ffe11dde2e51fa36d3cde7d7dfb0605e3944da7baf1939f4cf3291bafdf05ea9feb57a78aa3efdffce5dbefee
5fbdfefaf1fea538dfedcf7f22efcbcb3f7e71fe38e5ea5f5efe5e22f21f4e49f6187ffffc9b21d2ce95f3efad8a3c13defcf94f7ffae37d10f8d2f4
b7532ceadfb3b653dff96c08dc7ffccf6acdc8a10c68335666befff3dbbffce9fe3251d0fffef2f5272fffd7f4325d5ee6652dd3ffcddf7fffdbb1fc
5e8caa1b3156e46fffb45fefdfec5fffebfda4f01797cb3fbff8bf5fb45ffdf3f8cbc7978dbffde2935ffdd27f7b75fecd7ffdc5abf36ffcf557faeb
f8fb2f7ed57ec9dfcf16fe552d3f995cf9b9509eb4f86faaf717d3e39f5fa6f1c50f937e325d2e50fbee76fdb7fd9b9ffc62b9fef34b6f3ff9451bff
f6f3dfdbf96f3dffbd9fdf5f2e3ff9c575de2fa3a8f1a38ebf35fd5cfef965f51fd7f383a25fed9f5fdaec4fb633b93a673f3f5a66fddccf9fd5198e
5154d7cfebc8e0126ee3a78b1df52f553f475366e53d4e529a2938a6b38aae0c471db52dfab98ccf9cf724acb54d3f4fcaa6c99f9d944dc59f0dca56
91738832ff7550368b9c4315afe7cfb2ade3b3516ee96d54bce8e728accefa39f22ea3b0327a641239e5505e95a08aeb20a78e61ed655df57bd2ef49
bfe751465b9c5004d62e50054a13501b9b6aa822ecfcc6053781e6d23681ad0874039776b676be94e29443402354b7ab4b73b69b4b73cadde4b8e887
534687d57e5101b3b2f5c929a2adcf6a9b0aeb45bffdc5eafa0d9aeb1731dd346b506a37cdcd29fbf8bebbdc63f0a8d8a07653bcb92c53dcfdf9ddb5
f893876b11d84db17b739f9ca24edf67a718b8d3377fe34eef6affee06884beaae4edf267fb38934113038bfd749fdb28bfcd5351efaedbf43a4fa68
8748e53a2052033b987daaaae13089b31a7c140367825e67835ed572985e4dbd7ad0e1fe667301aaff708753ffeedef7376692ead2ae021ea4c35dee
061c6692ea02dc9a7974dfb2d19a8b805a33e9e76079e55fc2f0b380dbd25681c5b517494024d77f21cbce9c6ee8eab23d1bd62260ce6aaeaa9b1a67
f36c985d9558abf8f71089a599e49bc64c6d190c3fcaad0230fc26a0d6a8bec1ef53edfae9b62cfed8e3b23a3fe3e2923c2e6e7f2682bf6122b8348f
8bc6721933610097c654501333154c0ce3a2f65a5235c9aa4553417cbc6822ccfa78b7205a0d3c2e9b3e664e881116e6c4e214e684bf715b8ab3794e
a829cc0967f29c10edcc0913423b9c403bd44563b69c25f9f7432569a40e46c4c023b2a97dcc16c9ca85d9e25ac66c19d3c0d9cc611e52668b9bc56c
f14068b6cccee431f16033572443978331713604aac16d7cee92c6bcd7ac5bc534ea9d554c73ce89d18ee6d5609b2701f19f7aa16dee05677ae8efa3
abdae0cbb3472efa3d298fbe9518ae53d1efa2bffb77d5df17fd668a7501af29c5b9dc01123e0db694e46eddb3a8ba7277417169888b26e02ed09c6a
74b4faa31dd235d4c06df4f339f1c6e7dd136c13f774b764daf4db5da2a27a3acbb9d4163172f714dbc4eddd6dd92ece65514db6cda00b882f6717bc
ebb7ff6e79e0afafaefd22703770250f57a24f7653af71eefbe4c541357af26c6ea427cf26f9de775339b900532906ea3b54360175f276ae481f1084
9d39d45dfacde4195816745765c235d2ddb3689b542fb3480b6e3fdcef62ad7eb8df2ffec64dd29ad3c7e09e9d25520fb76833702334a3bb67ce7671
616e5175618753fc0d449b1a881e29fb663aa5cbec1b1dbc0898ce8b81585d926af772b269eaee5e0a364d8edd8ad1a61574df4c4d7136cf63696fbb
d6825a9ccb941513633e985c8dbb53fac70e176b9eee5e263653e30929fedcbd386ce2ef1dce9578dcc39f2ecc64767f6346ec2eccd44c4e8180d19d
3bbca79562df993aea34465ae264677035d2fb61de73a3c7788883f621c6f4b783fed6481c523ed575078bad04c8410f577f31489ffdf7d1bfb33f3d
cb96503dac736e1216876598d8e1489fa9fc481e03b4d95960145afc05a257f58e5e52a30ed6c2c5793c605adbae839544c555dce25f35f45ea57848
285cb7672d57314671de417b7151b7efdb7c8511b4b85c2d1a372ddf57c64e1aca1581a025f08a40580c46778a0faf9200127957efa536538c30684e
71b152dcafcc6a2d8757c65a5af8758cb516b92b13575b85ab26abbaf6caec947277f5eab5350337509fdfc25b8392bbb5aeaa81bd6fd20e2d32efdb
dda0083c0cf48d770d9e04f77d778ac16130eab91f641bdf3c34bdd7f994f81f107f0feb7455acfff00ea74a9e3ea048c3f4d0149d2f9aaf0fb1db09
9cb218e81bb1d5094e226e174d80cb1882dba44f2e638adc2fc7434bcd3c0daebc4f87e74c191345486bdd58214e743bc4e6636a0b79894b9aa4c368
be90a4d8e8c0fb7c4af0a1ce8c6e123893d6a48ca6ac4377149082cdefd1694f507e082aa32e3036f42b258f96ac837d04364b01fdee9603faadc97c
010c4eb924d7e09439b4dcd52b0692426ae800aa3240555280b6f98d02861492c62170556913e5598d82a0c36c5f5de204b76c3350c68b0ae82e8634
f5d79975029e2d3bb7ca1be826d48c3472a505a9ca4ec365cae8526e4e54d40dab366782a323a6cb60ff13ca08304ddb12788e4c9b2e80c5691d7852
7baa1dc9b90b55d0c3bce996689b7d2a3b641de3786ed92975ccd9736d244d5b5d68ab36e23c9324cb9729700c409b00deb0c21cde66ce970d4ac758
9db4b977b451eada8d0b0d2ed7b22f340bad20ef24663e1cdd7a1663d65e47f3bbf4f981c68752260546af950e90e09e2fa6b40da97416d24187131b
f06ae8729a05c10c71d298a5cd0bd4014c4b1b1d756a0e414d888c43509fa882ba10c48c7e3a9545e7dcc6d837d864db5459078c06310e9bd8e01428
c9c8e6b60187b96dbd00cebab5bf13900caf6d057aa2f6a48ee1aca1c49b7426de36c6e8dc8153ffe886b51740f194d93e207c9577103041a766d39a
22c7644a0bc68c689794ff50d5f4c3ae1ea201a32bb5c71518c5554a189aed3943297cf0e65904dd3556b8760958461245488830d6db218a5c53dfdc
48a45ab7a56d8169bad59a85d9aedd4843e44aeb5f1119d2fa1bc2b45bf35a98bed6f1ce41dd802c1a2bb01976e066d880778b1b326ba771a652f290
a732de0c70a83b8b1b7258a799e9c3ab94b57946105fcdeea4a1682119ee5efb64d410b4fc6504efd237bf87105457a05654197405e71f675e7e0cdd
11cc0aa904dfa76ad93e25741319fd229bc409d5f9bd8cccdbec81ef4542f9b298b1baa4d0b91b9b4077217f289bc7892a48c52c7c37b4a8135d8c0e
95e2b5a54b249da882f49dbbe84487d00cba0a4da09bd005245a4aca547d5e8ffbaa093093247e9a93324bb02c20f5d3b390dd62ae34c3c30b5b21f3
21d9092d876427a41ceefd9e8c166c49bc8e9c344ff3a5b8756df380f70ad40a6391db258011e927d0e1c00a50f7517cc300e715a64b52b7b900ae1e
cbd43766b8c55397eda331e86da8d2e7686da04588bacd5a19e6360656c6b4010e3a0ccaac5f641424819b3599beb93d13e0aec5d49f6de62acfa72e
51b6cd7cd625ec3d654f3046c0a2a04b669c5f4d20759ea566ef8c720715e52ca0aab40da4b64e1f528a957555d60af2204399e46a0b6587f8c632b2
db9a304f4f3858a0a514cdcca9875275ae098d80b2727242f3ea925477bd57bb2e0d7928d90d78f7aa6578b07ec385d7cdb2c44b5cbf76e4c105e88a
9875579fe3cccca69b9916dda7df3adc412ad2834eba5b42307c77dbb4bbd96c5f95f7ec2611b537ad0f278d6aee6e2a4e856f35b4bc43849cd0d57a
25dbbdb59b1137fbcd3dc714d9bddd9a67eb0f279c0dd5befdde97ef693c114b883e3dbaad258b87f99055e494e666c1132eda032c491ddfd6e999da
95f9997a28d5441d327d9c7b980e1a7d51513a0e593fea5a834e820b6be5894e1a2a6adb210b48653e1e98408a9595c3cb635d0a55aa6d27b9294867
6acb9acc27b9e73a9b928e81b6a0c14e6db33673c85052560bf0437c5ae0da13a98b5ae54b6fd28bd7f6138aa2c96c7a429180767ac2d16305c17d98
e34beff4a738bef69ed431adfa94c6c94c577b3a5f13abf499b6da2077b99059569bef8b9251ae4e69adcc38f5d2a0599bfa73f399545b2d2a4dd0c6
be64ac0e314c65421f36f8742f1a279232c316f28445e3e1797748cd9857cf8ec3d6a153b59c81ea0bb65507669feab973421ffd6e29581bab198e91
29a85ce8d5c3666004c709d71fe76d6e4e5287cd7e5d29577bb2b2d1741b830a5bc6133e0c215123bfa6ad63a44b61a00f0ff40cf5b259b0633e91ec
fc356983d5fa0a391ab7d5abf771b528624caf5a3e59070f89b83a8c0e1f92eb878c57155179d880552c290fd9b0ce193d83cebe2a734bf56da44da9
7ef4d4c244bc8eb97fceee0db48fefaca51eb28095d253e675e49cf2dd6da039b448463c69790c44c75c2522d0494f3486785a93360446470a48bcd7
d95ac689ce36543699271ae713252d1aa35d5aa81e02a116449fe4712d73ca3c8492f33abeabc939b8a4afb4683049ad4bd018ce099178f5f9d905ca
86e4386703650ef699b70d3a87f89f6b7a42a765cfde1d2b715d99e932f8cd2b334e0bc35c97d4b0ff40ac5e07db9d28a58c71c8ecbb8a09a796da47
1b5a7a4206c29e919685b04f7c2739d34a90e77b72fe5070cb8458d9749e68f0199b9e4316c5da329a431c55b65f271a227365f6dae058970ccb3810
a8725a103a84927598169774c5105bb5233caf5217fab394b14e17ab9b8716fc73b55c409356890d34186d81956f632215363b271a13a9595b3fd132
960c1a781b13e95c5d524ad3f4a8a0b381cb5452e668e0b6a6943191b62939c782b02da96fb46f9e53c3d9bea5209a6e63222d65cd770f216a1f13a9
d4851a349136a6c7adcbcc839cba8d89b49496ef24ae2f49932a103ac7242b1724da6d4cb2b230d4b731c99615a6bf69d55d2fc939dab74ea961e8f2
917d376d1ed79652c624dbb6d4a7f17b96f91013d283568610e8989e93d3bbeb426bc7043c17a07c57474fb090ddc6042c53c977a37db5254deb6504
ff6dccc0254c781b33b03c3b7bccc0b3b33fe48ba0ac87a660a8b96ae4e9a7313d4b7bd67f1f692569837b573429d98ae739e3624f903e419be66759
838ad8291f8ee6f730974e5e7b3a7fcccff21c341d724766df7c5a876e741bf3739d9e358cd6f74b4ab1529eef86fcb96482f8b0fb89ce069e8a3243
a8e99905fbae439894721fd3b3608a3dd160df05497c1fd3f3fcae80aa7c17528ad46bef740f1f49ac3d658ef6b1fb3cd190af61f4bb7d419ef58dbd
6818fdae43aa32a786ab9cda42cb685f4700e8a063da96206d13f25db7a597efc6f45cd7d02955266bc4dd4e234bd2aaa60465ea843e02eeaee939f5
a40d37336c7a27da84524ab73a071aed8b4a26e3cebc3d6b18e2679b93f3266da08286d9b7c02f32fb9c69d4a035b023d26cf43915390669cccf7349
4ce290af5100ee9a9f952558f6a0d26bd050eab0919ea8fd40ffbb4b13dbc2309a9e0bd24f76a3364da9e1100aa1dedca794618b597bd2c60cac612d
e96cd8aa0f1d424d1556be8f19d8a616340bf19d26606181bc6b02ae48e2fb988065799622f9833cbf6b022ee917b99994b0c861378ba03101a3dcdd
ed97958914c72cd04de69720594e7abe93e904c9f89085a2d0da8714fe68bd9cb9b1023fb43e5e504d1e63029eeb7f72fab0b481565999f3dd18bfec
8a1eda279728cf0f2d902bdccbd1dd920f65ac46df798c1978a214334468345b5b08fbb9107c502e3f343d5b28f5ea09333fc6143cb5f55161e1884d
b40c5075a0b019f91c82249d434851283e0b5bd7a4c8bcfcfcc887612d3965a4d50efa4432075931293e031b7bfc401d3c68d7597c26360c3290a90d
dd6a33dc8037d7e272678cb4127127d46a8a2c3ed79c43326e0388f40be0e1529d71930574ea0d342c52d6948a6ded9b5cfa8416a10db40ae5bb265b
45056d4a9b415d06f50b6858556d3c1ee850ce0eba0aa5149d0294a4dd95b6821e422e53c6904d6eba42b6ed2ca0593983d43efaa57378d8815da6ba
6ed2ece871a92d70244e6b904aa54b65f938d10c52af2d2b68711d0b50ddb6063527e64bf51bac22bbc7661d6fa05d59b70e3c0c93f7ea822af0a673
a9e455d73ddbf570bb4894a6757e49aaac2427a4653aeeb2f57e208f5d0369ec9694a3b15ba1d627384b900858538ac68ee9b79bff16f7c0610d3fb3
451be9ed5283740a0a5b793f3cc9514250dcb915d0eac40694a7f8c65cd19678a47660776a05ee86a9e7304c3d57c3d074d3319f1b73f5a162b2ca80
7761fa687fbb5d6067ed6f87f690ac3a64849faf3e68dbe04bed544f2141393621c3c2da9b9e1fd26c99364ee58266cb367942ea1c8bef492b55caaf
7f61a0b5033deba0cd5a6097d42f0bd6c93f34f2d03461ce7a2bc9166dc041cf7017fd80bc1e594d0e55da99df1bbf0137c3a4ead895d9afdde448a4
d51222174491bd5b4e8292d7c4170faeadc427dc8093e10254dfd62059d2112b37334da7abb5ff3b873a5977b5a583c4145beab8ab4b403a8b5d3aa5
d88da3a70e3b7274e69b7672034e40d18378f49661da9048379fd1232da4b49f323748abd53c837c9e9aef1e6aa40b95fa3b0a05ea90ed42efdce1e0
06123573728a81e9741f2f4edb9a0f35e39916772f88ac07771faac2b1773337b449afdc7c4c5a7c94b84df4aab4b793184a314fce1de45292d3ce13
2ec59a0fbba901abaa0f9200468a4a4b39ab089280432a484b69eb64421f12f956d106b200f1b07579f79c9b39cfa613da14ee569d501ab10f164f68
0fb12ee3dd8057a7aec0a168d479329c6ca586f34fb82bb3b655a5cf1b1b3e973c8bd59acd6d27948bc7dacc8827544576ce28e7f418ccb5158bc413
36a7baa262873cab81a76e8f7d7505ca6683fdf1dca86a4569c56cdbe5ec3da07b63f586a040f3aa16351b4b4b6feaab66bf9c13aa635b31239d504e
2b979554f9beb56259ec43be61e671f3376fbba6e292bb847cab16cedd8e9cadb6025c0d1bb01bba645bb11b8b6d973de0dcd3581af59b876cb1e4ea
daa00f689a3dc1cae609dfad95b725508b719d3c6f4fa8de581aa96ee002910f49b613aae45db7ca06dc0c650c8c10daa5680ea87ede27325bfaef53
37cd6ed13eeda6ca2bc53efb2ecdd81b7d48a8efbeebd56d252b7b397c3ae07565d7ada0094f94017743d3b898e4d512765f6568bdd8e3ec84bed342
dfec72db1eb0199aadda44aa766ccd96d1b2efbe6a8246bafb40e33259aeed873d09270fd1ee8387e603f50145b31d294ee84966fbe809ed365d2d06
7719c6476657e4b3c2668f9701af86a6f96a23978dc76597ed686a9b95e85dd69b33b335f3fdee29b859c2ee776fb66c831bd0dfd293da829fd0a26b
d7ae745a112abbb67b034e407feb19b93fb44369cce613ea76050afb7111ef9fdf76434f5f5b3aca515472ebeef6a358e4a01b1cbe45d67c143ca0fa
aacb0277c2c35ce67e3e16f904b0493b7c41a57533e8b1aa5fcf8dbcf3da5f21abcf61ef823eb95f0f797a9da91ecfc372212ad3b1793b142aba6f34
b1953becf5bff9f071c055d06bee612ffecd1bf5c221ec093b70376bb8b93b6458881cf66f5eaa278a4db1e75ecedc8d01f05c322a50344f5e7a6dd8
9bb235b291638a5e6e4bc62944bc86b30f3fb56f37f04145162227a4af46e67aee319d59bb817afebb196e82b3ef66e81ed5bd6edc65ac22a3e2deb8
d956770271e8e693f0011f82927427d4aa808f4edd5689b6cd4bd780ce2c1b6bb57bde09a5dc0f783774c9cde6519be9ab1de84ed8039db93bb32f6b
547b1854efdcc61a69aa7cb6b9159a6049b0e9928ca04cdb8526d85961b3f1be5a673e617345373343696ed1c334eb2acb809a649b6ea6dccfcd96fb
cacc30a00f5193ea21b3eff08057c3c5505264d3fd8c134e36367a7b3fa016a78b76aa279424d8ea13ee861aee5345980c5dd4ec8e1debdc07e4fec8
ebf675b7a098d9abb48bb300b76f992bf066682a7c09b3dad3e1dc28bbe7168f49e716569abb6a109a9d924f78b864ea5d7d5e3491590e434345de80
12c736239ebb7eb3e44abf6edd0766e6eedead02f918ae762ef6e8aec8097d0b63b33d6840df6bae13d0259b9dbbf78cdbdadda2ab6fadfa68b5769d
679c4aeee4263cec8930d3575ee5373b44d5fd6296b4e3f480779ba445c66e6fe8668bcd801a149f7fd6dd2adfe6d3897a2ea812f4de32d75d5eafa7
76edb9be37b34697fa54f74d256fde599e50e7e49b5794badbf560eb50e5cd5b699622bbf66767eae2926f19231765857cb333c580aeb793da4935cd
d688ce5150bd876746b3dde98492d6ddbe4f271419ddd69e7a2e4e36bc7bea9f8bd364d80d35a0dd32b51ebe73dded5b510fdd173c53b505aec7f683
03fe81e4c6f044d6b3dd17c7e6c38d960f65315d92a6a3f9291f769d2b254d4716970ed2e5949a9c16da4f382ca68ba5c52181576cea18e8616aa85f
87f336710d24ff23ad93034138e5680ad70d72862da3da1f7d209dc394a0a6f3f814aa73604f9b433ec3c58ae54077353839e55b3477b28e1138d578
b2ee3ecaa20a39617b5b305037a50db88b369a616f9c9991dba48ee3d833a0cf77e8396b8d331cb28d95b35e42acd6605d01161a2ae474c940ea24fc
d283bc6b4ba7fba86d0dea3ae2a15b65dbf73e7d201daef5a43d9e0e1ff5e8788a6ca061c1f60e6c200d4e81f1edd1bcd60ef2ac2881da254e10d0ed
e57132d68784fa997530965de806f2bc9d4072b5a2c5ddaa9d5df3061c77402abdaccb9a355349b7354f1e98419bfc589253ee3730a46e6cc6a96dc0
ab47807674b63f2011b7244d073d33358e15b2ae69860e93cf62f8506e19d38561eeb056a5630ff124e246bb8a326fd0235da9db583ea09680102b0d
a6fa68ad1ebedcb8223e74a1f16cf404fade9567a055b320693a134346c9716f6ef0a7f4cb3a5d820e7927055d9f0e4103dd4c4c03def521c84280f9
2ac3f6a94350a137cd2569362752857df87c7052edc377f6230c215376fd1e75a10b48fb2daf3b874dd7d30ca91e557b059c5032c1079b03a9dfe040
7bf0b1aa1c3bb6ce7cb7caf10752b56aac1b63a133fa4b83189d10f6961a1e6e05702c91759a828a10744b02d865aec617af20aff7637f3a5d0d24e9
bdc19d5e2d1b9ab13df34e593683c63668a1ab0e738a3505fcf25ac64adbd8ea0b19d57e79759a923664c0baa498cd1fa61c1dc6adf950d4f5d47f53
312b48ac02dfcaf05116668e2e759e4d66f93ae4763221ca0e9d6b6738a448cf5b4d9afcd3e67cb769f54aa15d27fc10eafdb3bdfc073c3c3a05781b
c778295494cec9f91022e30ea524ee76c8a3c1ba3175165a8145ee5d103e78ac5e18d5c33cb6522392e399f530ad346b573fcea9441e8935082ea320
2b623304d853cb7719aa3d0be7b1b27c505cdb16d1a79a821617442758f567513a0e8f41b28e3561ee90ae63b8d2f29d85c7147aeea69df142ce3129
7c605358c3afbe558c14d27e697cb9017552f04ca4333bb08bbc24caa00abffa40e6ac3295a00c25af0c50a846d7c4b701897f573ed40971617dbdfa
b2209c2647c5931c7a442739a34aeab08588cd2bbe8a53b42a9fdef4096eb70da8a09dc804547d7058ed91586c93acf6fb1b1fd2ceddeb2db35dde7d
45714406b26462d6d8bbaf4fcc6f1dc20c8292570e1908ea2b8a4c08b222c324f629ccd9326897cd6d09413a8429e94c89b8a9278d410994cf5bc6c4
aec8f0a57dfadaccca6d37be295ad70d2e4172d875ef020fcb3defdca5ce20f130bde7f39995dd0dfe7927411b50071b6bd05d4b40bed4a123fc7ef3
1566c4016e774b10c4514c97ac60487c5a530bc21ac7bb9a52756d11d179b30444ad90e3dde89094daa5c02751ab3cca9b3cefaaeee60b4923aaa9df
1227d50f79b8aca95e56ae9642231029159508a9eb0d69b32376b5a35c65bb6647b951127db7dbf98f05531e6ff3147d4e2e6f35fb949b79166d42e7
57232b05d9c7864973b3574d98c04b2ddb0db9ae8d0f03ad25cea9443d54528e8403aa9f1dd4b066d9256d945380defe309a771bb7d0dfeede3b4e08
777ba5b579cda7a20fe557a6d93a95a441ed878d2876538bc9c86e6af532a5d4abcb598076460f79747ba0ba9d1da8efe44fd1f7e4a956b3cf95a7da
56d07ee5a936b206ca3586a1d6f15f0db7f93e4acd46e66e3d9e6da6bcd34639a944ed82f97c38b86e49f3c40cb2cc5b52a5066c423af9222266145c
d20a32463e6135b2fd6e3fcc14231d6f6145bddb4d1a117c3f18768a91745c10a476e7ea2c3c778c0029073ecc00f9d8abb0a4ca17abac208c1c8c8f
0cf0f386aef2b0633fbdf3086b25ebea4a1a7033dc8092c86b2a1912b9f464b53eb2069a7f904e32fa9f433283a43cd5d4e9359dd5579e543543f230
fbd0410f6c06c8d507e654584dc7a235fa882ccff356528e18a626a7a41cd3eb61295753a8299f937853c786004b1848d5f5ca95a17de8dc6a4931d6
f3a2213ee4b3d89e1f7a454f4f4a8c959063299611393c9dd0ec1e5a7a4b4bb3602776173a3d298599f89054ab3d05693eadf970d3d52588f5b9d9f3
3b7aa000ad91cd29478307033f7cc95e4ae94264898b8d218b7ddd060717a0769e4b124dcf066aaeb302b5f594ce3cd0eec4d462c5258956c8967c39
c6cb827da0bbd78b50303cde6d485a1ced62340c82cc6a62e0c59e79e5496cf756484bf8e2a017d53e578b035d9c333ca5d292245a4fd820cfdada9a
72cc8749b35273aed31f90dd0ba132da9c1e929fed64056db187e0e683ebc50e82b3374e27dadd4c3e9407440975e25285dc141a5bacbed0ebbb478f
f19273cfdaf29da573a159bb26dbf3432de82b43b0bbc9a9e2d00d9da4595b4da143c1b8a4cbed8b503276991690632d730a01397e06f9ee44bea497
dd3993b71030c864b7d5063f2bfac799d841da90af41543903a5716d0d248dab5d40ea0f3acb6143be4f336f9710003787002baf2da992f213a45b52
262d2c4a2db2a04ef0c7e4c5b4e543862b5f7a65498f98291b14e84ed3e559cec3e49175f728145aadb3a19ec19d7628a2244e47a0cfe70e9639037a
d6940d682dabe45331464bb966f6c2401c1e41be44cfab74efe10025c9aacb54338d917cbca4ffcc33e9be2cbe29d52318a4982c0cc3bc79183a88fa
27a086610bf2f25a2bd09a38ed9a6185ba00b5f2c09933e6d025d578d1a4e767942ec41e276bcb0c925ed52f20aff85b20e3b001b5e23364b3f60675
4d25628ce78787ab4ce2d5e5401f9ad54a663803b937873320174fa2f4d26ecb6bd04dfb1328c25c915e3964b07a224d50c49e02fa567b500de47d28
f4c855be865854ab25c598bf10cb9c355edccee2fd632668b1c56c4ba24d22eb07afd18fbcdef6406d51908015218507d4fc2cd79d0b53171bca9f14
5946f4240e69efbb612352dbc5028dbc363bf40964fd9bd9ec53d4b32068188c525a6ab10461962966f1569e391d2ae692445def615e155bca988105
151b36f63118370a06b4d204d7945de3995ab41c4de1a1e2f528ad469cd424eaae0eca45d97d32b7a616efd56bcad546367da23b8ed393204fb30a74
183407e01ad07610445ab11745cb88da29684e971d9e855473987ab8e8b05cc8e81f5a317b8ab55808f5329eade96b4e3757175431fc375031411d28
cd7f4ee2eac40d6881b7aec0cd0daf405394442fa108aa8a1e85f051c0e639eb6b95aa343399ab56a5995958cd53688b786bcda9048dbd803c45d34e
89a2f93283a0879675ab0a959689e52a7347f1abaa832d0ce41900a328c072d998db8ea43c6581adac2cac100aa1dc141b53c8339f555d5194475e4a
8af763529b6848a2b91345a7228c908d8aa05c7de4bc383456cdcc570c651c1906d2bd681843b19289ab3090c3d225cdd38c75070f881e64c7a17cb8
c8585541bacfc9603a34f2caf49403ceb911b980ace7169076e43dc8a1f4428c2f7ea74ceda4e10179654dc3e513c880f0a516bd9951572cb03aa3e5
2e883656e5c55cc896c181c2d6c65c54cce40193ea4deff637a8e18aa35c22af1c3bb93e8b457640c26eb33b0ca3e8c8d5c15806b270a09b75892d2b
8363224fd121165c76d7a4aadb91658a805c22971d03b9af2955fa3433488eb167fd749e43fca47e4bae92b13cbc8d43075c309651bf44d786fa60c7
85868aac48c7c53680812476230a1ce1f87ba6b04f47a8b3d93f8bf76a669e3690bbae83207602426c01aa2b977ce950a3c9aae00473ea909845775d
6dce2897248a49e77c2805e19906ada951d3700629a2e28c1ebb6a8b39b3c95510bab2f6a4293cc11ce463eb94623fe54b3e1c22228272f5ed9b14e3
c0c14808c57c1ab1572e40f55c09a2e7f2e5f04ddfa67ca9d57f4bda2ae2e8725d9d5cd8f9acba929c6579b55b694128c9eba7cea8a98a16556774fe
d542923ddbaa15718691144aaa6ca15402f3c2f45d233053cc6e08a98775a525c52a92049a9e1cb6862e03b23c61f7db108bb4b9e16f8844690e4bc2
b22657f13ad7a48d49502f2907fa92556c8666a2385543d824ef21893a83aed29c42808e6bd6a479eb85d06ef6278a2c6c1ddaa9d3e7a1d14b9b835d
a0133afe768f40519ced3a234114681befc6817c3e0e413c86805c686c0699a46d77248e029a7459937276ab4630a91ce50679102f0957a7a0c1fafd
12e4decb878a2082bc6dba045658b89ae4dbb0517f506c378c0928fccd4cca42d2ecd03a53c741c776207326d087306c159a799895ade1070de98777
b83de58e3934879d241b4bda7cd8b29a4265d1ca68c9fc36b3a8c833ac4435b4f3d7424ef9d0d599a96f3fe41e29a5306465d99238685b619ecd3739
e049077e5c2ea950ccb2a40a114337dabf6ba311f877c5ece4c88fb5205f372fc8ec50e5eeb5959e2f7d490395c0fe5e97391f7a75ee49bc8975a08e
fd03ebdfe6abe1215d126d9d92b6ba3f2a502ad912c40c59805d6e3990270bd6bc24cdc6c8f49d97557654baed5a9ee458faa5070e0604ea0efbb825
51ccc2b26507af6d4da19a11cf349f8ba614ab56413626c172f6e9ba2036bbd9634d9a6724abb17cbae66d0e2282d7065495358963045a499a563fb6
77dda38c02e290faadb0a8c94fabac5b1251c25620c39c54cb7846bdf3340075da161af1264fad16438e3cb5eabca64e4b7ce6a4fded7b06a867b584
7a3b8d63fde8de7e62d6957f6e292996dd673ad332ebf9a1f8654d95101be8fd5bfa7db7cb008932722e6997dc0563df7334fdfa44622db6318aa75f
67f84501f5e7e864dd1a5a999228a1c9b6a57b0b41d61d530743e2b8f8ad20a68901c7b2e1d8f8ada03dec61a740bb94a7a04d752e204daee5835738
4756b820e5c0dea9c44d318bec56b55883776f0e500a7764d19aacea2ed4db1d5d0bf9af8bd023966bf2da601de40588fef27ac8e0396c61f6a4bae8
5c2f98abed4bd60aaae7eee530db5979936d955576b765343bd6dd919c509a7445bac452b53be839ba8e2f3e2f69b30de6d948eef63d9d9228bf23c4
c6ee558c65ddae66d96eecde72b2c438dae2735fe9688b152d598e665bbd04693c587ee45a561a4ce80b525336ab8774f60beae5619b693676f234c3
b76d209b29d6e4ed3aac5b40bebff784f61d805dec791645e7f0d632db509ccd2ea9c6fea6650e54b80e56563cd1b2b9942b5a4997f84ec71a33817d
d166d6159e2348cb646c6d2d69877a2f855e5d07dde755af865889b82dc4e98c002638ac94b1021c789d871a2d976b09920c41653c60510a85431145
87b7035b3e54a4ef749dfdd466049c43dcf52c50bacf3652532eeda252c7488958b56f5a8fb9c851efb2421c1679ccc4e3601020c92c8c5c3f0e5808
1a108173f24adb0af9da96ae2df4dabeb6863e39fa52c915062f20b9eecc499be511db41c50d9980d2446a12d5992c498a1d3074ec6495aca4cd579f
aacfc826a2e4f5543984779473e2e2d10cbb9bf54898abad23d9cfcadfac3eab14cbc6922a6fb3d2d8ce5dbd2c67cf7cb5556ef91b546ee2e63d0938
5c0e7de7985edb9376a914e93ced3aa6ec9aaf96b291878e9d9765e8badb8ed14045752667d570d1cf70f41ca8805ccc1a8720e81196f285abd97d5f
91a4886039c3d56ca21d9fa0cf4f680ae83dbb48e6c059ee6eb8492f8e39702e170ce6e1bbaa748898324a82bddda619016977b73e3f2bf1de660d1c
2c9b8e96f75bcd3e43e108887ab8381ac1491d7b6eb9c29d8ac104128b4c4973f0c40ed2614a4d15d29d6bbe73f0c419a45e7e9662b3ed1a6abc7167
aec985ae4659b4635c8cb8768cdb104ef8c5a12ada2f6eed49534cbd96ef06fb76b6123773ef5c52858222ad29c61c5a0215da311d27891b1d4eee6d
6715b411251225eae620e35bfa5187a03d16dc1b373ca160b7600a41fbf781270772f7a429615128da4d518a55b09e8ce4c1032520de9a03cd9a14d4
71d85388366b73bb665c65f6eb70bdee84d628490ef696d3da9b3586ef2bf4329c9e9409bb4c4994af6659f329011853ae421ba1a7c9658ed09b0359
86c10472992b1bfba7bb772c59a170588b15487e675b650c889096a5df7e6751cde468563abce530683d4bfdddbb12f8d7ae65eb7649a22ee5219ce5
4b86fbdae228146729b033f7a7d37f8a6156a3b6280e057e5e03c9451601a7a865a75047e775b8fb1e2de1eeab49e599aa804e5bea14c3cc7f83e8c6
832d8bbf4261d41c23dd61209ae93b9cac3a77422464887c041b4b98bcdd6a56e13b8b7209f442835cbf1fb48c3e61914ea2b55018f5e16003398976
cc831e8de361235f0b927c9e9355715f6bd2dcb9e8babe29b862b190bbdba98636d0550bd605749394cb7772eec280f540cfe45c4d2e6b73dca71e6c
90d3105d63c8c8db9f2d07fe8fee6d00d47075a9052a60264b893cd8b658411eaca635e5e890620ab1de1047537a386238f61dbbb4b596acd269d6e4
24de05c8512892e6dd714ba2373435a95a05e1918738ba3fc9d985e857c793eff9eeaa5587de91f1efd93b666ee6931ceaa61c07daa16e435b963fdd
9c6de2c3de22c86a79d33df50ec2613c07f2b08f7e4baadaf82c554a1cd3fbe1071f2f415284cce75d0f41c56bc2b15bceaef1cea25f7c7eeb66747b
d3d160dfe19e1ded692045bf2b491b2b992fdc0c44d07b90ae6a5d52a18edb4c76b7b79c2f830da490d3214dd717f0f4e97e1baa37e8ec0eef77a18a
6e6d774eaa55fe85627d45bca7208d5ba5371c499b13ab7e7100d785f63bbefa853444a8e763bf20422b2d7160d6f40eee692d0579875f21c1cbec13
59d2ccf954b167d6d422beaa29c77379a1d9ec5666f2dac31c15ae5f2ced421fd18bf3659750a7a775c08f15b72b2a5fcee1bb82f2c90fe44352bb5f
bc94d654a139c0eeb24fd603e99fc9573f2d6bfbc4819ae7679fd89cdbc6d0e5e756563874b2db26c6d02e47b7e22b930369b57c16eb908cf9f0eace
ca87f6317d7ee97e0e05f433895205d3eb93efcaf8ced880166f16cc5dfe6ab1f377fba7b5121ab0e8d9acd9e391d6f81431b5408416de8cdfb45b75
5c5392b6902505b1ee06dae207ff4f5e3ed318ef1ed2b9f2df6da992c3851628b5e0598cf82904581dcb3058c54abbb002a70acf781ae970241b93ca
ae6cd83f3bae6cd84e4f68856b4dde2a022690d776eb717df606e1f9a52f445e9248e7adc0e11c50ad539d487a774d25bab0dc92662eb10ad36773c9
92440f3569dafe621772a4895163034a915c82bceaa61c1ce2987ff26bdb58ccfb6cfb3186d6ee28982dfc35a3fa6f94a4d3d6922ed1dd3ed68b1369
30431061a99624364f0e3ac82b246279568cc43aa54ac4550ad2c8a7bfb4445ef02fec0e9654f1753da143632da16ff41fe6ba3e4798d1509f8221fd
1da9a3b2a2cc686e70f4ec5d6d06978baa1b2d632f90ae971ed739577654b0a710980940ca80eadc2b227ce61ea015a75e1c668f62144dacf8ad9281
340a563e3a218332370a4c9c0f19fa7ca94905bf97cda3700189872f49f312f72c878e6e406f6a0a9f7617f46183772ff6af9d53294f614d20352cc4
0e26698d25582e6ea5a1391498a4e4430ba435a56a4d6184ecff161eb1ff5bcb2c2f84f5675ac9e1ad4cb022fe6e99f4f8b4b137e9c56a4f06cc3209
13c6094d429065780b7c88e14d9f9dd87013e80e02d4d9c2f7eac7ede812b9b4cd0b12c11e6d9d0d7d9747dba036796d35d952ae840982a65af78111
ecd116f9208fb651ec02542450666e65229740c6a101bd4ef804b057f77ca75c078f46b2d8f7aca2a354cf464e507ab591a927d18a69877629a6fdd9
619e9d1d827494183e9573d9283689b04952bdcb6a8163903656237b9ba5f7ec6dd630ec747994cd9b0d9c7db125c9b6acbed87382657521f01ffcbe
b050b494e35d4e4f9d92163d7921af031d92c143b6d80bd617a206b47043b595afd8b4216870ff629fdce5d355f1a83a9118b543909e1e5c61be855b
8ec9ea3076d8da1c97f039d604188ba05e7c188d3da0cb35aae24ed2e51955d9bff5c561f8b28ec851aa62d4ec8b1d5a3865e9769be220e944933ba1
01ad0cc14472a3aa98e6babca8e64607c96d6aab537236e59c413e81b185c46fda4dbd2571170141f67509719e713da5dac8804aba72e2022ffa79fb
8e39a0afd8af91592b161c745dfb4e4d9cb274394f554c5c7df56b2ee8da8eec869bd58914080b7673e8a79afef1fb2de9bceec5f283ef379c597768
a5fe1d5a21dd6190982972acaa59db576d4ca27ae88dbeb9b5a4692f5c52a8a66a067ac71095424d39e8f09d35aac75ccd8e8607fc96245af823e91a
ea20d2a271a6c1d4957bd4496c1217a105047b27510c048f3404f116682184287170bd96f5a8f93e17dea9bdc125f041c3e584016cec436ba0286457
aae09e35ab8a7ca046d694ab2937e5434f39f8a9b1c5400c35b302da46638b914ed2e073ece2e7052bce2abded343cd04b22cb955d947a76cd0d7d0c
25b521d5591ee45b74362d895ee91846f916d58a86286fa25ad977d99ba8cec969f18104c365289b3bbf1cdbd1083744f5332f626005ca9f89eedc50
8f90119b6326643fe740682d2bc2c6304da05528693e698004bf6bca6aba61cd479e6cf26aab2cc49bbd22d3d71b1600d68e8df7d6202f0391bc1adf
d472402c79b52ee309d915c2a96d21dd6111e67489ced839b8ef78ff6403e9f84ef5598eed150829b9ffd45a52a56dd06b0af2f5e62905f96ca8875c
b3ee93063faf87a0e8584ac9dc99e0ac6e7e657245e4761fc37348d87b863f79bb0b4eea61986faf7a893b891efe358966c11404851ef0ae6d5c45b1
ef7a2001a7f2de91fa4fe867f15690373774a11d7ddab3e19e88484fbc77ea87efcc8fbc3ab26f2996662f40c99492447160499a440a6a58b797ecb3
bf765a0d418aa0b12011edbf339554a2a9bf6459e8f623ac49d4011b9ac3eef59f2575b72187c3c8be33bbd7e41507a281f084230beaee7b6a191447
82e2c8b53b12d4c43166b7534efb9e04cd1ec8b3a74d4c980ef0f4d46c14b5a9ad4b12a5ec45212150537ada0f319e5c4fd3381366ab2dd79bfaa45e
8fc79464d5c63b0ae78ee2b50636b76503d2eea476574ac3771a0ef95e6659e3fcd0e27329f7438b2dea831f5a3c4b4aaabb85822c0b10727e84b1c7
7461ff9bcaaab07ba7c4b16ccfa38bac4576b9a92c198eed54976495bac7fa712478f50694c041ee1fcc6d964a79d534ce3afca2eaa060025a76ae29
8851eb40bf8117f21834127d8591a3e22e979b336f03995c8a95174d5df2a15c2458d70f8ee8429f8ccf319f3aa213ae031da71a8e98bbe3ad3e9516
5e75ec410ec29d9ee64d5a68b55b4db6ba8ee9d461313bd23c1584039e4a87d97d347bdd83535db4bcc33cc52221ef98f992be452360d5b273cc1412
b4f67047e344d200d6a4d98b8e86f9c1dc25699aae88d4abe507825a4e2c85cbf3fd6a7d0fe9e1172f7a76a4f65aa9cc2a4757aa6bd298d80d2829b9
06997f5abe94b2428baf0450f5b05f6dd3e320b92b84d2349cd63e28c3fd10647d96632984b2e777212bfd78f5de01667234a5cae0f0be63769c3f7c
d2f144b6dc7040deed977232139d673f658eb2fbd56fc54631d4c31915d7ceae87337229b85ff1aea2bbac4286b7ae76aee2c4b05f5164b6d0a0d0ae
53eab47eb9057a050abd62b5ceecf3038ab8a6f821e4518b29b24b49a51788a70493dcb29f07e955bf2ddf5d5d63015a5440c0cda2a2e54bb1250d21
64125acb8da3288ae9d4bf026d2c0db2c461bb204f8d5a9f882f29d6e1e06112b96d6ce159796d9c9a70d2bc68a0c1dc98e028e376e2a874b3dffdbb
ac49f3e44f8f30f9d92912dca83cabb1044a7fd9552eaa3be18d70dee90ed9bd720bb813c388f80cfdc6693a9b143fc0d7b2437010a3f35ba8628dc9
905a424032418df058e97e686f45cbbab343642be74045754b56f7cb0ad265b02969b0069578be42edddee96b89374bf6837e5ecc571823a17fe3b91
813809ee76d868955eba77ea81081bf7398aee76d9a8a17ea7a550e10bedccd1bb277068b076c9e6e20e7ba015de618ff4980f92b8d9ddefd620d95a
eaa9b92d92e9ce8c4db93a47aaecbfe478516b9aad1de073cf8783448efb1e9eb1a8977681a8ecbe1e5603d9dee8c5b52d73d2cf95444ad903a295a4
59eda3efecf4b0c0428ef0b372b5ac3b4e4f65657d6040a5cd0fcbdffec178b1236b739d102b17ade8428f4e9b69a5f703d1cdedf680237997d74359
98c00f461a4d4e7e0ea7da44b17ecd1917d044cfaecf4fcd7d0cca23834bdffafc25bb195e3e88ca2dff8279812fec411063ab3c084656ca95abe093
40472cdf528c2773eaf47e30cdf676300af883a9fd845e033cd3fdc247691eeefd628756f7ee7ef1592027e1fb85376e9fd091bf93573744ad53ecf6
5b20f2da80562e4b52cdff1b4841b6bc49da2f767ec55760bfb08dec7c293940c88b5d61762a5798f68b7df93047ecf639582ef9d09c118210020bc4
dba80b8fed0e9ee3a8bb03551d773790f7123d59cd9d35a9b63426d1dcb9d0b421db1b2bfecea37d1bf42926f09a9cbef6c1aef284629a09dac74eb1
b5251f5a39487ff9a2501a2233103edbfb85259dde937740c1c96c574c9c73e7bc805c2afd33f93d764fa41379c0f2a16502a44f19b014e4c5389fa2
fe43bc0ef94fdd7603cda2963a87fc288402d8271600ef1b77c5b62930fcae17250a410df6c9e14cd212f97b72e961c771e0990671b444af46b53444
076f8ed5371012817218f674a5f5350e59f7c996a60bb4eab6b6238d0d44ffd066c9f7e512e43af9d061e336ea38a80382a4ed3be2f5405ee34a12e5
8dd69348334dfbbcc1ec0d28cd0a8ff27df6d129b3d1816db09cefb3fd8fb639593d55970f4bf17d46f1a387f4e847592b053924091bbf5d67f333cf
4b0fa85b6a53bedc4c2e043a709145e689a885962a4016bad4ae53fdbaa49c9d4a2a504e81173ec4e25320c8916b6a08725440a6a30ed87993fc443e
3b6517b6cff69b9ca9448e1f0b53de47e84b3a93f14cce5d88213a5c21c4f9541527fb5d47e6f30531ec53f1957614f4746606c7e26cfcf682a98829
563cd6d668771d8b9f03d34066be35d0f220e82af114e431a0637d2c1e73d9ee4835b140ed8a545317faa7e0611612a4112e0c9fe3d6c4ceb52b6ecd
9c812f61990dd8f4250debee68e8f3a231d32518a09ee55c9518622dbfd7408df4943ac44e05721c45720bb1681719159f17d4f4b454c7a524d1fd4e
b1b05e4d41b665d04172f50803e9107fe60ae4ae43fc8a917a570c9b794558f8441f8fc7dd07fa11a5e5d07bc9e109b361499ad89065bbcab6b43029
2ad6a435d023e02df55e7d470b9ea89bcbe9205d7a62742adb00ab277b857de8391dd13fd7691dd1d7a506596ca44a5dc9da1af4745e3c01e9407c4a
dad0d8f0a9f08361e76e115275a2b0d4947995bf7990f9811ef713759d9b277bcd98d32e19245ba312fbd1664da8988b6af28a056a0a92c0db2088b5
e55950d76a0245bb69a75d5a69c2bdd5e1c12f4156fb5080aaafb7fc2dfe297bc57b964abc463dcbb18af84c9419a3d1eb9670e9593b094de109b4d4
74a6cea896b40455c51bea7d4111652974f01a36f8fbb2f1aede0ad43db5e797329c2f4913572e2946553ed143b3c923b298d3d005ec4ac03e7b5fb0
3e300d17df3340a028064de11464570c9a8a73cabe586b41882e164b4b0aed6690d4af19b3a40acf987c28576f04c66295a6a4373061da52b3cb5de1
2c07e2ecba166dd5d16916d664f92e6cec5b7645a789cd7957389a3367bedb7440979c12194b909db953a675f22d50e295757e61a754031550774b1d
700094e39a9654b15df6130a5d53a65067ae63b1763c9ace79c8be1c10449df67ea9194a5fb28207e44a511796f2d55b2308902345c9b2b1fa5aca25
df297c45cf773eba9b9368a5c97bf85d4166ea82b423c80c2796fb9af57005ea3c0121b6a211a71addb38fd0586d20e1b8665fb9749aac43c4ad2c46
abf7492b2d817de0a6d5dbe264f5dd3ad62dc58e99f15dda570c20e89c0e1e43ac899de031351f5a8cf67ce9add9964a90aa341341c57e6bb5f441a1
590fa42a9d794003251d768fa3d57a23bc3e915f7d4839b041e018866c7ef088c8eec71e11e7a034a095a81eb88abe20efe8b74045f4b9a420548f0e
f44abf802c1de1d326b5694a56a2c27cf856cf6e6789fa6c8b5c6ab836bcfb11438228ed768758d6a4797222011bfbe72da91e24c4839f44c36f67f7
cb7a51b41b5ba59eac9e9db44b96d2062734ad5fd8c576bb4a949e9e854d9ea9960feca3f09ce0846a279e0b07c37bf3bd610e8677fb5560bede09d9
c229ed8e5f05275427d4bd0a7640f69de05edfbe39740207e0fbe6779f59d014a625b17a79eaececce244a66b6245a0542106f8c7d0fbcbb1693b059
6546466d5e8b3888dd1d7f65e57ef2be613b8375e54a5108527c222d312d59f5604b43da6d6686960f2121954ad54c43750892a572e394831567dbe9
f940ad8770dc16d6a01bace9d4f4ee58571ae1dbf6cda71e1c5eee1b47eb3d50fc880eb91d8c4b07ea0e1104ca1da272b6bf779b3d981e727f2898d7
f7cef138eb4af71e0897b8bd7b08b794ea5713e0936e3b07a7a97be7f489854f714e66621eef9dce65bef861a98541eae94ec8f595abda0315df27f4
ee3e0e9893a8f1dd52ac06744b56cf6e16c9ce41420ab2ff36d6d013da599f0dafdfa4ca41e3ae682285d8dbbb2384acd1987707588b716f4fb734a0
3622acffbbddfd3084efbbb77418a2f7dd367eacd4fb6ee645603b5e0756f27de7e1e14b20f402bd178b756ff7ada1ec8977dfbfcdeed507fc2d5620
1ff077ce92771ff0e7cc73df799519fedd234852149d4af3e85414459ff80fe5e783227db751afe74329b15b4af55d2a385fbe014ffba37d031604f1
91919a81eeee39d0ccce7ef6f0cad552acf6485b9062fab554f2f0876eb5cefb4f36a31899fd39b0f623c875e94973ffb0a41c0c22029dd796386cde
75163f73f771774c8b85e13fb8963805ba4ee8b1b28a68f5bbcb9d2bdebb1f546a31c2f08452ac5f3c7d9475cd4f1f752e6eef3e619fb2abbd626443
11b85a87c826e16abd2026241d9d4f31f4f9ac9ce3b55d67e5955b63bbcfad57a6d3d5e23d9617bf119483f4fd6a6fc7f24cbd1992bab36052b0ce45
9767a2e5d59ac45db556904c6e6b9025091aecd5566d5632c549a82b13f1ca53e3a9e4705b92d5b3654e397725ba837cfa1cab96021a4c39bddf15c2
e04c6ca045680331cb9208535190438b26af16d615febbd9cb34e639c71be8ac877a86e7cc0a017a8627072a8a4530e38eba3b16c156538a5e309a52
8a771bd0c63230e743b9b6a7031c5f808ebc710d970f77135341b27bacc9694643caf8987a858375307dd29634eaa76f78ea1d79e06776d650aefb6c
b12e299e408dad4711046a762937df988df55b2104ce44ea9079690d71d8b05b6ab47f33a6a8bb590072ee3c718f78f2333b25dd7c37473c13cd7673
0ad2b605197447ec957c396614f715fd1efa5c9e4811fd59c3ef68ef2d8987ac077f83fcf6b977e63e6feeb4d0ea4160f9bcfbf404317747b9e35488
23f21c5ae988bc10e378bf3bba5ecc9c775f2b67df7f272251902e63237dee3e2f7956a9902435483e038cdedd6fa6b0fff3b13a5e0dbb0fce57f431
1d9ccfdc5af23bf233fe2abbc220942dbd2a61bd66a8ecf01ecbedddfbc61c5cf8a41c4fc2fdeefd404cf677ab8008853b57d9c87ad87c4437ea9425
27397ed5be3c91b7d170e8dddc1b7e38fca4562ab47e5a93d5fa604d417a9c837de0c32185b05e3c581b6aa0026b33611eb0f20aaa5a28925331a8a8
4267faa7febe809abe4b859af788169de29758ae1fbe5213fbebc371e6a35312c920864a3fdbb3265132321a8ddfe98901cdc7ff2bd2e4013ba64ecc
13cc663ddbb3e5b453710da6ac123ee18f914e07fc951bf0fbc3a7b8e8c6443520fac6eea80639697cf8b9d674b90cf06ba8b1004df56641a4b9cefa
4b4e0815c560c1a779f7c1fff2ac41cb3627708e5b70c921cd8307419348a7d244cb56d8fa81ca99365ab8b2637fb091ad818aa1764956539e52376d
f569a3d8737e7e77731d34d9b7bcd614235e758dc7c5d72c9720058770858723179cc534a026760f52af5a241f760fc013f5b8f038ca02b2117b061d
3ae348159e474b8ab9a9d0147397b7c2045204f8850f75b4cc96fa48ec028fcea1d8057588a70f49ebe3e26327bfcc34e0aa0e48b1361d2c50e09786
11d0874322b0133efc5a4f4d5f614099a15666dab5f2a199b5f2215bc016285be34c87f81813f175f84d1e9ef6392e761ce4c4e620e801ebd9e1a007
f1be3b2ef623c4a7eeb87883fd445e97327eb8a5350ad60101fbb8e362dbcb7320ecd8fe1c09d4e6995a09cb06f9da142d69f8a1201669b7146c767c
87e21e1454dde3e2f05716c5c7b411831d645de5027250f802d28c61f8266be55e088fc956dc9252641e99538316ed4bd22494967cf7107273fd7a0f
8bd4217f87b67a13734ce642fa74f2fa0d9f4d1c07a44247d7082f4d0afd825df8d0e33d232fe44891645f774c44d7601eea2d9fd6428fb65138321d
f278686b879eb01da56ad56e8cb85ef929fd59a8371e5be055ed6a20ef3b4a12dd59294703c7804f6cb898de3cf2037f3a14829f611b482bdacac869
6f7d4e6f68656fbd045ab1dc92d90b1e25cd0e6e8139e3e0b51e0ea28ed9d125fd76df806a9a178063c6e38d6e50348229926bf676c2768563c64e97
2fbd3aaec90a45c94bb150e45b2dac3387c30f4470cc58339640ab88c8d2d9314699ff0e38d038ef3966de14a0651a43ecb2873d1ece7252a74f0c56
90a2a485780b0ace860e3940cc5bb2220b92d77a58dac962b6420ffb6b586366bc83a4cf347a5a9bc5f10ee907e5f78cd99f561e6e4868f568264d9c
e9edc7616f88d57bccc3410222368abda338623aa105298283c778362b5447c102bff12d4b061d646f045e583b0a7bf442adf2582448cdc12b3a176a
d9d958f1a5367a9c971ec5fb3cd6d7e2ed3bb3d3810056267241b0d323722228115e722228115ec5814a381a3af4b6cd8623c7a138008557d30efb0d
accc5cbd653363a93f1c056045aa57bc8f90567eaea62d7088eff6b3eb3caa0d23b4d18e022be1868fcad1992bf163356d81efaae7a2d5efa3321761
26dff45fb77ca971672ce345b080c4058ca47d0a7818e5a81ec80e71324ffa51d1814c3894da498933ac435e04157ff9a332d9198f6a4dc096b68377
6c307c1c7122787e6a2fd554b3cbabb726af4fbe9366b32c33afa27232d7aa5f02c1ddfbf0b97de360e8f0b97dc733fbe0a49e5dfba14767363613c7
42f4683ade27f571b63e785906cf8b63c1e4c824230e00274ec7e2c1f7b6fd7054802c553ec82704ffa1a3fbd2e1a8c51748d8a71f7e3f8627500e8e
ee6bb25a536949f4125cf2a5aa84fb7d92de168662d961295ac6a9076ba74ec8670c24c7626fb2253de6d5b2275167fb28823e04bfa4fb581e439f77
064cabc5e2b253a3c342e1e47e103120122a310258e3fcd24a048b5f5ae9b8c01f3adaaef8031e8e0ac015f46365ad6cc96a2585f9e14000bc9574f8
6d95951ed183297504dafca0005f919fcc258202440aad788531ef3814cf945831903e6bb59ec2945ded309c09e383f0ec6dd64e97d136eccf709c9f
58c1a271ac3887b294ae9cc3a072ae3bd5d0db1aefec207c6d9fc0bbc7ca0823aa7d6f7fa9c98bfd1401e8e75270593c74bc5d2f13d46b656b53ca71
cbdc94b6d1831de8bd3892d3ef9834f6540de7852550a62ba4aacea8cfac33c82b09e3a413eb8d2deec1157e2c17874ea5cf2f29477a709b92b60a2d
208fe096acbef2d0037d28c4e8fb8d13e28d1fcdf1852f410ed048a3339cd4223db8861ee95485f837876ff7b774d7ce2050ac23bdb6243a320d8df6
3d01065307df53567ac202e0ed72e8e4fba43c482e9da991f7e728f470d70529945828951f0cd6aac3cf94e0d97fe894bb65fe35ae8e204e1b4e3225
a9b6c0a4d4d18f3db41dbe729dfa1d708ef1d838f540986db216709be0d08178c199f0f0d3249c971e1b4a3833d3ef8fb4391f8aeb98d31bf62a66a2
8fc3db1c84b0d8807ec98c2fcd3c1c461e0a25707e49955ab1f1db3a1c5780776d0e3d3f522ef4ddc68e0aa6f3f1f71496d409f7bca60e3f31c2c59f
63b337e794c4d192e8b49b5fabe1d4f2d089f6ccb3148703127070766c1c43b2b62b04c1d9ca242e4ea41c998138f1381429a04411da3c961c9c1d3e
19cfbe59ef889c6803691960d7ae7744ca50523e28bebb570c16a28ee6cce0758e6798863a442f1976870ce0ead1e147461aab7af7ab95ac511deb62
8ae9ae720231ea54c9a9580db47d0986e9dc385f52cd432591578f1de13a76f89cbea106e99cbe2c296637b1d0132648569b6158e33bce0aacdc7ef1
23e3d5ed31fe4cd3fc86b73ac66914e0ee033496f8ae19bda42bb53810e8e7e88ec776499a5c5cb7947293393e39ef9a7949536fc0750a3b30aa6fc0
494c1824250271ef9804f8511c8a3a5030771f0a3330e31971d85fa0c794b47b4dc111e1d86de1a3cb1558a05c10af721768bcee7722795a221576af
fb9714e380ce5b8ab1351c24431c0fed1dbbd5ba488cdd6a5da6e8ee83e635c5ca198327630f0719b8c0108e3190db24c7ee878f97f416af0b75d0d5
c5a652091f16fddd369170f38e031ccb9a3d1030881f0a313073ea71106200292ae78473d493b3bb4a1a868a8f02e3673ca2071fdea271a47f388a40
ab491c32f5c2d4531081caadf3435e03d38273e371d8b2cb6597e3c850a720f39a3bc85e04846c3efc4e472f29d7321f4f81e3e878cc80a44dc04f0e
1bd0d6d4d92121e54a9f49ab3b04858471798b18bac7e1f708e8687923d418d50e0b06cc35f64d88958517363832390eab86b86b1c875543e689dc0f
2a91650f0502a83c767ef8598c96fa155902d7adc38e097328b57b3f62e1d00956fb1b5e2e3e144e608842da2113dbd6528ecca131881c922125adf2
e9c29a6e955da5adc96a53ad91dd24ce4a2a50b7575865f4bac6485c806af39aac7acc06417df5312ece23870315e476d481bb052e02872315705276
5c7d5ffd922fb5f0b313b6f3c5a5276df0073ea327f27a3da5253affcc87da8372b1f3b85a4761037df5316e5a257ff1cb25dfc9911245d4de1e04e1
38fc4647767f57df836294f3440773c00f6ff42585deddfcd4ff104740f7e0dd8d03a5436e2053ee361d57cc894ba0e55fbad547b7c885ab2f4622b5
aedc918574c41f3aa4021a54dc910f79909c28857ada4d295572807d358f723cc9f3b9033a9bdc4bb69c145d391aa35d7643e050f184da5520c2fc42
0731d70ebfc9f1d442fc28472e5f1d7a95a3647f79c54781192ba795b9d754e2d3491a7db36e9c25594e2c95cb3b27a26737a05eca6bc9eae756a740
93bb80644db8a41c49108c6b8eb6d0b9e97338da4283296f1d7a26a0e9e9a021f27936efe0b10d0ee98f1b1a159af3cd7af416649136a52011b4a64e
0d35962fbfa8f154521ca80147c243811a266efd1df67f6978dc1c7680c9d5b0c3cf6d94de53aeb6165bf2ca0eb60439a22b2df17b306c57e40f736a
5721477a4146cf4c9a0ef101eeb3efc4963950f0d31b5c39396e8e09c48384877d657870f5f0fb1a59546ebee189a3ca71b37f013bad9bfd0bc69db6
0f8aee9b99b4a61c989411b1d2bf22b71ce921bb5b79d924cecfe1b80f39c2f5c31cbc247ed8c78608d3877d6c36e6252e366b72aa91a8fc8e0f8157
efc10b1e69b29c6a2a0f681ff2a9297d49569d72b1aedb6d66c2bfe5b0a34cc309eab8cbb10b87821389b1500def723a9d6ad0d8dc73b9eab8dbe714
8793e3ee6765429cd8bee434f56eb6efa9e3ea8604425ef26ae6b14574c80962e31f773be2a1dbd871a6e1a275dcc3e8c9eb752daddedd975422136f
ccca8a3131c7747447d1606f77e7ac7749aa98bb27d147ab410f574925da90cc69a6362497b08bb4cf5232ee87271e1d7d20342856cc3d65bc64aee2
61a843812c5a8e081f7eee1419660f98dc9d3cec02130bde238232d0f3893de3035e43397dd8353956d9074686a09bdc3ef852eb308ffb1c7ea283a8
5087e251249ed5216f958ad7def1f0913f1a94fc53e6ec89ec9e529fc431ee48143ba8f0d4c2f1d869c802a42149f57e1281e3f733b8f970d80fe5fc
3489377f4a6f4ac58cf625cf93ca2da6c3af644c71eef033190dd7acc39e27b8b71c0f4781ced490eb4925dcfcf14072b1fb54e88aba3dbff4bc49d3
1ca70a492a4f94ea08a723d0a9f7bb5a6c0774b1924e035acaad8163c6f9c6de402a68264dbb0907781b48f260a1129b977dff7340af7c6be0a22fa1
a0dbfb7e01796eaaa7077434fc35b5747d397d487a8facde1c96d4a2fe9a52ac34d22975ca0f41a27c20af4a952ac56f0ea4359007370876a3541b35
ad780f2827892589e2fe295fea482efd23c5ce97e206722321c79bdc0b9dbebb1974b35df97cd23fa0c4f78556990fd3469f199bb7065cdcaf7c29cb
8683718e782dd6286a05aaa0b980c6fab595a022940fd5c67903d980bfa6184fbfba006d2c5d92d91434d0a10df00cf2567eee404987209f515e5690
37f63550263e3a76b2f7b19f6c18502e8b2559d5eb4f647220c05745171ad23d0dc8b97b1a5c40c823aa90e5e332af81eeade495744a23b5a7eda1cd
8a7f5993550fd8b464ed5e21402615e2cc20cc26fb90d8f97720ed282ff4864da33339ed8bd42813fb48851a714b26acdfcff8fe43ef341628755c9c
c893d9bcc3249c1d48c1979c0654773cb3aa3b98760a99b1d9dd69204bc6258966a5a50075ad624ba9725560dae9898cea33ba81e474bf559018a924
8d8690082785029db56cf0d58c7c4b253e3ebb4080dfc85819e6b9432c7d60ceaac96bf26808afa2ada9138a20d0ce6e9572e4d510413d6362837dec
c0b2309f67d49f742dd693e7a7327434ead415e5ed5989b7fc25052996d2947286649a32b666a0c8222278ac2570962efd41b57b6415575c52acb822
23adc3982d5d296f8930e2cc33e02c328e0bb2c1963c9e519e89ba49db82c4071969347b260dc13f16562045fb1805052ab80c4b62b1fc832be4ed52
66bab2603d6166e2ed1219eb081e8e8e3490ba006e2f593d29b67b666c203733c896b992acba2147a34ba74a2890d96e6d4984f5428175ae20450043
38144b3c2671f18a88a428f0618ae1d08fee09e341ac59ade44b4d939634068172fc0e1953b378656b94eae0306b906b8438730ff3a91c4c4cea4097
664e2b66c75c10f9f6bd79f6b9b52dc478b157faf284b60fb096569dff64d5ab7e3694ceaa3013a4570b403aab9a7bd664353bb7c0f16489f5bd81b4
a9adf9d0aaebb34a93d792d783475e2f972bbd2e979eada64e2b6674a5bd767aa1f76a87209a09abd5649601250df385871264ed7409f4d8d654fa90
ac82da5d07dec8b16ae682612accd568a7f907ae54808f13412cdafc9a441fc03f0bd2b2085b2a88c756337c2c7d29c81c043f557be12ea9132fdc0c
a0b76a8886ea38924b3a9e476a6b524542a39d96405bd2a475a79956df99183c17b22237166b635b0199d8a4416cbef48903d35f6e4367b1f952cfee
3142bc25b240dd62ddecc3b77246565d866a29471be42d0458cca650453d44e82e9678bd81fce6f304d2777d05d92787a15cac8c758ab1dfd7ca945e
1c3c2675b028d2e21d410e39babdb0f524eaa58929691214730a952ce834919de116a81b0a216e37711e563b1e45c22d16629db1629b089fd92969db
20dc3cd893664a538c1ec59d8234a81b946209db52bfd7c00c0e7bc625c55a8ab54035640ab29f3d22c5413c22a9eccdd42f41bbd002b2c5040d7cf5
634fd1e31ca8239b327b335dd018f4a8c9594ed2aa50d256a10bc8f68a2550d76010867ec2c48fac0e64e292c6d86d407a2095589345f55831b36e94
b43bec3c257186495faebeee829eb462b65f927708ceeca2fd52c9b4f4c04304d25d9253fd92727c2094ce93cf53675b6f27a74c67bf4d52d822ad5c
0a45a0ac1c49c1077679ea190402daaef95447d76c2edae6730d26945ca06a9f92a8419992a6835be851048fdaa7a02e34815cff05a40e60ab214fa9
b38d1d74531ac8967758a2a174d3c90d677ea438af92ac211cc5ba0732d2ee02bb31e12632a0dd445aa01a8d6a8de35241c8cb73a976c6b63998cbd2
93c8306c400bd91e28b3c3ca34928352b9c04272493acba571e831a1f770a5c9aad9f8fc70135b7cf08acec8aa71403c36ad4f9dfdb81f42e9732a14
e7b1cd97f3d289dc97f25daa1dcedb7c296f858337fbccad8cd9862edd92d97b5e44e9e613c59a4f454fc997a2a7244d4e698c819e48999fdfe994bb
6c416260e6ff66bf55f41bbfa5d24bd216f3440a55ac93255977a9ce29542c5b9276751b53ce49e9da182a450039b30629463b5a1c1e502b927393ea
d34b127d888b74de38c841eddf765fa74adee682a8053be733af86b9041dce9b4f4d1f03227bd20a37cb79aaf61a64ef01162c3dd8323fc9b3f869e9
3cded849a20d3f1912bde0ba3d132d835168ec5a554a4fa5f2ab07c9d16aae73d0b814d45924bb15ed15e9d8ed419ded71f739e17a09f4b1e69a929a
7a339f9ec4afe92f795e958a7e61c7ab320779415d43828c73cf3ad4b3a86d043659117abddb6a84e6d87d697e0db53236647bda7d5f79457ada852b
daaa5db8ea822edb7d6d1ef9a378298387528bd8b626d16c3b25d1e452eceea1a70fecb4bda6bb2c10d325d840d309d2ca3bbb435e7259431ea1ca52
89efebb0647431d814f2b09bb3aaeb5d971223b1bcb44a7d66b5eabf25ab0f28d2b7966be80add9798d62975aad54b90fca468891db5d6396856ce20
7501330c3f2d2af4d331dc281e506bdf92c45daea6a06e5f303a64d7dbbd43927f5076fbad98180fedd235b594aae50109b4fbcef0969cbaddca84da
d9d285543308e36107afd8a177df8e63edda7d418acdd6ce3ab7052aaa4c4dd6b398e58274de89d74c9aa320ae2cfebb7d0fd21b0e43569326b529b2
496160cefd6a4af5611284dbf1167670f4968ea03a38075b93281b2cdbd6c30a0dbd7158cba553edafd5d9f8d95fabb7942209db528a180e7d4a8fbc
94f22cf3ee5614a0565266c7817e4356abc330a39db5d69634090874dc035e8034f422c6468e5c639241aa7c3c3b33f9b0334c0fd2758b2de530ab02
0ff17848751b3790dac8e474c899b50539e84810a308358e1ac43aaee75de69c0bf97597fe2c463dc5e263a7ae9eefbc955a5148e4e335c52e707029
07955fc1686a67293a7cfe96dee05d7a9ac86e29238773569aec48d14bcaf138ba550e5a33232aaef05f0721d6022ddb5950e47f35cf53ca11cba11d
39d84d68e59d9865cd875ed5d1deec7fd5e9822b7b3078f78a4108769593d5a97716906724aade158b10d2e38a07cb9a54ed2b5aca95b57162fcae76
f76651955f53ed2d6893b5881eb25e9cd39e2b961cb8f22a85e5d29368f95d92f8904d815ec067040176456b86f5afd86e5018ae0eab1a9b9edc97e6
cbbca5a89bde71825e2f135b0a52c453d00dfbccdf622cb939a4ca4ab1b70d8a6660d7f9cc0af254a1936e78f862afb8d9e407f1376bc708ce9b4351
ac2d899e3a1e25b92fd58ebac583302b7af5cd6f42166c1437348f92cc32d23cd1b818d16ad0e6acf9d20b0bf315e7a698c21dcea73109ed855463bd
f4f331532cda72432ad18c1497679e59851c96a7f7a4694978a6f90831a314bea117e42db7b20cdf506dd91dcaf5a84580dd7c7d3356d01bd7047a52
b56464042541b2bfc02f29d6677922951921a167654ab9a4546fc25bbef48c6dc96b630c6a9d43fa446a3b864f2fb45bfe4573637cef2c77947bc7bf
93a611a7a7a620f766b2320b3b50b10021fe6edd764b9a180ca6b9e31f8754b0db5029419e005be0e21ea2202b2e886afb0d3d5b128e823c5fec8f31
daf176ea9a62ed62da5290e9a3d13a46eb28d73c5c835a2e2fa2531d984052f298710ebf33c54679f77d95d00ad3a2e5d8df285b13b91bcdd912cbdd
88175c07d2bbb54bea370be73b31c5931a733013ee6ef30fda290e454b9016b9b08bae11b7741ceb58ea1f926db9a0e429c0ce896690f7f26c61e450
d4b2a8c8a168b920de1fb63cc7d4ac983acb05e6c69f28365af9132d974bb25a2342cd53dc9cb2b03b55d89c72d982bc6942ae298ace7261d3fb60e1
42eb7c38ac2ffae143c19962c125500eeac283b38a7399fda0fc7e606d6680ec8b3431bff514ce72c10cf0b02f480e2be47b7426e6434dae9a8ed62e
a964222ae8cdd348f96051637a3d5099d9603d88c914a49342a681bc8b964bfa52bebb25b6697917154cccfde2019b82bc346e819e6b66d22e8fa199
13ec2e17a1f3cbcd88c96fd1de1d3ea6a3d27639092d98b8ba7c849aef8a0d64623ba829e70ada5c4ca0b49b2dc8ab5da70e47337230d4016dc0dca0
d667008e863aa035844e51bb7b217937a11464f9d3031941e895d3ab2f420e74d3762ce5d8c7b253a77db1b11c77bd51b3d8797620ad2ef5094d10c5
fa2ac14cf7d97052336607916640f61ca0ab27bf3c662ee913cae29244898039c856496f89bb23afb009eb78d7d42989e6459b60bbbd6d08c13aa05e
97b904f934ac430347d3964a7dc218b1044a48f9bef480b486a27c626825b43b164bbcaefab4431314ef66246a953b8383f30ce455760bd4a57116e8
3ed900e11bdc039a732628f4c8cc49d4ada00b5d18733b241c7a12347d865ffc96445aea4ffd8a0cce2b7d46aa2e81cd790b50fc39279171734b1d53
a55766d0ec7bc48dc120aa4a4b5e4d4bcbc32e67961325a7ec15cfefcc39de84f4d95e526b8a715429a8b3fa8f6f5a9f19256f67fbcc28ad345b672b
d394bca600d2595a57cab5d70076a13e5bae7adfd3673fe4b07c30bec9c86ab7683843d1588a63a00de4450962f5287c4b57ca4edf98a18eccd2b149
f6d99b0aa68b7c50964b81d4438690990a31445957ec7e7f06e1dce582727eb882ec0e6275a6cb0365c155aecbe764e10cad179fe3b2f9efbc37e30b
af03ea66f79644797c781bd8137d059e289df16a401344393638a4121b1cd8e9f5d2e1d214242e2d3473b0d389a85381937cc76b20b121eb4ab159b1
21de0a9b849e2fcd14f48127798100ab4d73d22c26e794a3e5ca2a4d9797c94824efd8079ce5d0e6436d662e16cbe99a34cfcc749ea541a543fc40f9
c2da2ac792e5925632ff33d2830d1614b713e9883cb43a28714388572b67acc215e5cc76ad135af65a59edd53c8260b643486bc8cf8ad8b626d7790e
a64d81b628f764d6f8b156d8078438c0031eee3f6aede2f025484d7b167b772d0d68918e9891a347c3abb4577302125de15a4e44398c7c4ba265ed46
afeceaebd0b36bfeb114540c9129e76e0202750d2dc41e742e5f5a056b2839d5a38d74900fc8724124eae996e50263f2740b7a4bc584d9528c3aaf27
eb909eebb398878eb4dc0e9e716137ddfd8c4b6b88ae85a7ca6710ccb7024d4f0575373a891a21e6f8823c482552c4199f85e30bf43abfeb92359677
5d5674ac057e42242e5e4f10168bd53ca49e1f76294cdcc5acb67e30b8c9c82a6d0c19b398d35a2a943eb326cdeb224ac9827ac882217f116ec30ca4
7e8697165d879a99ff0b57487a3e3cdc487a4b32078fe9bef81129d865b11c49bfeadc8c3d55976b479960103973141cd8fb62566a74b9bd895a8699
e503fdc991692a47cb7d8543a067dd109e1da86a603c05a3a9d8d54f241b30a3b56e545a81beda954ab448e6436dd52a524ebe1c25cad28ada88aab2
fa4dd33a27afee9cc3eb2b86241629bfc082a5b72bf2ccd925491b4a63b98400fb333249e4ccb15cf22147ad5ba08f9a28076564833caf3c9562bdcf
47975f913e68d27ebce5323fa1c94b39d269d3cddabef7f40f0a464f25963e5077f86188200b1f04d5cafe8fc565452d65455d6df28c86bb5a36b1a6
db2ba4b539052bb4d59a82748472492dbe20414b1c15a99664f572c270ea9d97e58268c063646554e431b25cb62089720445d325240e4a7af31694e1
f30b30bd9694da5d65f2caa4310549b033c3154f677c994ae4f48e0ed6508b9f50539349d4105cf465f3a5b6950174449d28200d3665bd55409d0543
456f66535898375f2a2a90bd4ba21cc8b964bc7717a8d0c4698a5fd24e1f383c1252aed9129a2e9009bda57e715e969d260d68829f9bbdb6d7546895
27ad3a183c6a74788316027cc3172da259b9ed415767fd1b54efcd619c116c9bed9774e4667e792246a402152608bdc5b16f38833c9199bb24b1ab8e
7c28b5a0a746db321bc89214e128d792d290059bb8e79262641ecfb649ee23f3fa4c93e90539b19977b2addbac18a50a5f72cc3ece8fc45cb2c7928f
c88c25adcb47649a91059b0fe21b1b83f888309f36cbb16cf236bf3ad5f2e990632524ecd0975a9ac2c2402defc9a492eeac815e124a8ab59fed963a
af66a05074534fd399bb158cd4a97666bc0e6f3fb6c0e1a55c32b687afd36f819222ac759b6f0164fbb11d900b7d4438453ac9f7a4ad88233f70d39f
758e156342c4d8d7e4a962c8d9649968979d4d669462fb9a60ffee723539734e200b64549cee6b2dd93dcad56450d7805d9fa6d8dd79539262fc2e29
888e4ea5d6ae6bca555390c19dcd7fa1296cfe694a970b734b9a7df2d972f4ae59b4a51cef26e1a82ead6b8285fe1fc6ce2ddb755507a25d8a8d7935
0792acfe37e1c655b37c3ef7fdd400830c4212a210c28fd4447b9400a81e193c5bdf84400c27e1e5899bbc95f0912171fadc2303b63c9a0dca8b2c65
4df75df3a13021257d584c5946d3399b41074d7028191005e8b84f359557e8c70ea3be8518437c26ce1bdc7813986dd574da18ccd9440e8fd4d5f37e
b8f740543abee5f4f582ec8d66cc6d3efd73a97fc5b09467d7bc7cfc884d172ee5c7fc09a5c18305e50fe2ade59b1a2a2b5092bce3dfb7757e55ed67
61c0946aa81e8c81012d9df38cb99c4c1c277919e5d46b4859b7a7aa5ec06c293377fc156208af963b7c9365ff3e8ef8726c1075a43c4425f1d3e55b
5160b0a6302c57c25ecbb8380ccf326ea9d790da9ce1a2f2b8516777bd7c1d052d4266a10bd95a3a9889b7b690189c782513fa699c7ca939c09f16c0
e51ee6547dab301c68d09f66fec480a7793bbfd4852ad8565cf809db1281a83b2551e15c716e5f5faa291c1ead03d2dc85b2c4c23ab096b89d7bf0aa
18957d8c1c191522e5d71275053a490446a0937a3c35198302a98c5b0fa5881de677470c2c15c2a0fcda09a51ef1ebb6130a02c49f7ad9a882459864
168aa309400590dcdc76dbe3216eab0acce6b6a3fe9415196e38b09b4ed8442094df77fc889cf4031f479986ceec4f954ce88c37b29d9379a46ccb46
c2a9606ee5695391be1acef4e031eb4e60951350e07cdbce61d8de03d19e90f70928b7e67e54f560a4ae0d6f49a980c768b8b7ef2bb554ddda6aa4cb
8f122e0c28790523940c075ec11b8d91469da2aab19edf3ce4d2a1041e7bbef49437a81b7d92c094612bbd871d3d821637ffed9388f8426fa7303cd2
aad65d498fbac7940f3172cc801f863ae2bafa65a8e994b937a90383fc885f73cc5f2a881ddbe057a3a2311ef80b94d8b9fe7d397e26e50f9c934f3c
bf25251547e3cd1914da4eb0997a3c9484150bf8b602bbd2cc6d73b92f31c9f1c302708a9f23eef9dbbe16a3f1b18e2226a277a96e2cf101699dc954
0a335333e91f6e9cb3b03ed159a9ab60064af383cb74e453abf8964f75fde54aa7ba42973247bfd026caf8738e707bcbe473faf8610b89e3fa21d2f1
d46d0e17f0dbda341e18408162ca33089c80b149f958f0ae70e08bdc9459d7e10f281bd0c9e5baa96c4065e497fdfac053260c275b3fa5f4a9474d4d
56414805d189297efc4076c2914aea530a06ef639d881111b2a61c3d94b6db1843a5f4f9518c9c93f4f69e421d9f673a9c862a1135c16c4a39f3a57d
bb230cc852123cfef8495a36cd02d2941c8a7d63292ba4b33bcf94da6ae1882a374fcd89c3d7b91869f66bdb887a51fa9d7aa042059ca9a4c998bc53
1557fc1b434997bec8c006e9eb747d394cfaa20bf1dbf3a8d54ca9137bd22edb4f7c00e7e389f5f9926183fd939fb13a3a43ed77aca2c5beb1c06957
41a21a761524c26171769e04bf84aba971e78cabc90c7d3984bf52552bbaa5198f25bcfa7d5256f097d8457adc0c10cd12bcc04551c69d7ab0800490
a959d05f545c4d437ebc2a55a5e25afa948a6be943dc65866481af990eedb6a3b778ac0a6fc5581a2e8a4fbf55f51bf37fdfd2997f468c76765dc2dd
94846fc0dd649b63dccdf15475488429f91b4c7478500eaf1e4a0ae6a1b4a4d16246e124d465144e45f9fc452a27a4d067d815bd657596f4ef442f51
c77abcaae458e7cf074b008327809d16cadb25f6a17f98e82b2c683f803ff3674d891af9f3b1738ce99fb79a2ca13fef2d59c47f844490263d60558f
f06ea96ca1b4a6333cb6c2e838bd51f52b838ac4f297b2c241ae9029289b25217b4aec8a5fac3a67cac8cf0e65562369cecac715f81fc9503220821f
2400aa2c42e7eb695647a5dcab9c7acfaa4413fc39b18755ca7af98481739ca507ad0a87914b0f5a95d37d2cbd67f5737df36155c8a59b6283d86906
79a119360a765b97df8c02d1b59c27c8d9c86ecab2ed5dd77aa1c4ac82d7cb6701dc505d2fcbc4482f0e5f0f58701eb1097fc60b4dfaf4c52a767acb
597be615fe2c14239410d9934e7414708cb463d7e34c9736ee19135f04e4d6f2d23b50bf4f4379f90f46536281abf6a348470e3515aca413620c6128
8ff940c98f7c9a71f46886841f37a4e4403f7e0ad43d5ce4825802161d24e458ca0d54d08e3f4af1c719ca8130e6efb0a61a694678f09632fbe7333d
3a0e66f5bcc80de4a47037a9d53f4279a6e1dcc25668c761b07c37b56b0f3bd337c507940017850ec137e447c037cc7fbe227fd77538ada65d0bcc84
b2df728624e318d4474b31946624a3a5e3f1838915c2a95c0fc5acd3e36266e9031359a82ca378be1883eded5da1171bc587923a9ca1bcdc326172fc
79fbef26bd876e30efa30167a9bbc9af3a85416f049806250f2adc12584a1e747f7840fab7279483394caea052a55c296c5ea829f43458292f6501aa
7e8cfea6bed28f0dcafc50d30204b06b9d8eff5f2994f9987ce85cea4e3d77933e19ec30a413a183593927231252228c063a1d3a45f895f4e7c72b5d
62ceecc62ce700e2c47ef186d50cb38be9cca777b48b8c40cb4f5a71bf6f0953f5dbfba48cc9e5c796b94b9776601bcc2ee7c4a51d5bbb17ff2c63c7
09ec3a237ab463ef6ca450ceff401f29e9cfefa719023bfff94b7960676442d89af39546b79be147c8f9e3ff28f6a3c83db00caa02e5b28ab5131ba5
a5b43ef5845725f219e4fc588258953e4389010c9873fc00c2f9519e66ef5a56b1d83d5d286887f4187dc52b9837c93cf3a530f42dbc1abee3b4c837
a9459c4e84b6c027ff51de37a1c904cdaacecb79537a9493c12291101930961309cda79d3f8d24cd582651964a075441ce2c83b8ce33943a4c9b4e8b
c07d88557c17cc098c6fd258226cad515c1db4eb328c8bf73c6fd2b94442fda95328b95500ca5789ab0f47b84efddfe794cb38ae0eaa63154bde9976
15ec78fa44f252d5f69e15556c6d9db4b82de70be2787809c8554f16cd85949ea9aac98503a1ba8ef83117674998db6bc06d48cfee01e535ddd3e7b2
aa48bb8a38e1c8289b503d8f54f5a5bc50b78708466f0957f6639d324749d8a8accb68fd96ba3a6a3f99ce8b481eaaf462bf8ae2bf7c65958c6eebf2
bdc40c8942c467494332a2237d0a86130e2c99284041cc2af0d46588d9594279d5d09f36a4dcc25b97dfaec5641a607662159548a802115a57de5d64
2a3909c06f515ea19f8f9cbad6ce17b3a5209b5facbb29fcccd495e065ac08775c302b00e1f950d2c7de4bafea44f0a45459a407621bb5480f445ac5
656c582355ca520aa042907c55e21678204ade536abab106ba52a624c6f05ed9f4b11a85dbaae743f9f24b814201c08fcecc335e867871a77219e245
f2a255fddc1f06a27ad6f104aa21a628522704bab2a57046a046f2955589d1e6b7d810b22c9413686467507d1d80cc8eab5a2cf22772fecf2b65d664
25fcc9f93fd38efee4ca877a16e8e1009b997fd106b1e4afedbc2140d5c09ff4216fed44ed1b487696b4a2296041032b2327e5aab86e23ad2a6b2a2a
d90983b803b6aafdb82b1f6ab3c861ec6a4edace2587d5ace3d83735438450a4cdb918e2550972d6817fad6670467fc8db9dbd9daa7f2a6f21d02a79
389711689d24a64bc9851e3fa1d966f6505e16187f2717aa38af7efa2c82df2ca2085eb359ec94e1aaa1999c2fa891bc6735bf39d83222b6932d75bd
fc5bdaf5ba68a9eb5940d69a0508f3d61c2fe39af6e25db438b74d601fd0454bc0b2ca71df6a16a79e0fbd6c9f4252f5c17d84067e85043a714a1bee
7e495df1971193bb0f9c65f5017b13d25232a0a4a1f1427b7457aade974f8192ac8e7fcf1ea8db27630cfc141b974497b062bd236cdd80f8e73bb37a
40fd79c6f8706a763149bccb4626d3a597d86a221ec28615ce2496a06185e38bd5adc75843dd7a0cbf40c8b051716d8d0ceb23ac46398594c4a09bba
6d5486c398683202fd48c336d0f3ddca89a91438ac72eb79f1641a175857b784a0f4fb8621260f9f1de5e414458d8c4fab6f567548291d2c8fa06305
4cf9f23b69093ef04e1a693c57b7c0e0180c40396c17876352e090979064f5c4c721f550a20843f1fb73849288204d7a362de1c535ecff307d42801d
3cbcfc23997814dbb05783000d8b417ab4594401905e88fb393ff2de1f82195a7a52adc4b60c5f95221be852b6a17af6b4f371613a9104a1af8d1d03
59b7c82f948887c063251b5461c72a78cf35ec0e655c7dd535118f81dfce1a767aa19129b1741da96ae7849fb46ec2f80ae235ee47a0fea9bc87ef5c
834d5d7a9aed045bb7867d253660817fb19152e6a10a966e190cc6f597652c1827cd6b186031c3b92ffc97147ecd000362c42b696897215e27e33a39
1647df08e235ea2b855aa7681fe1bd2a97be178fbac5559abe710da0714de7d9676709c08be3f545c22012f22da508ba93af9f90e80ad8651798867d
fec39f0ae255cb2b0d79fe9e2f7dc2ed21f23b6ed9154f0408860c9ae6c2ed1234ab965728fbf308c264e337436e0d18831215c488590531bb466355
8476daaf493318a59a0fbfaa9a0fb58ab1cd82509de4f259cb37691223f3136c3ca07d9397fe24858eadb790def6a194058dfad5ed503e0fa2aaec47
819fc5e6280c39e04812bc252c5425ebf25abe74972094d2f25440a84b78a75a702b96f1a124b15d0ba7e348e9adf4b8e3b6fc785a1ff94f9d699423
cd3a48077b7815e156b19b9256fd1af960528c692af913b906408697df47eba41a5c86269d287ee5e9f9556d50eea342d9278301d047899f6da274a8
3d25cea985bd9452e55c5cf85adbe7f3a42d5b861b953385028762fcb6ef8583ef5d1bbd8b12d22b67bf2f6148313bb23aad8d1def50972878f53512
ce7897b048851c3b6b334129830146c4f7861323334ee8756024040daab1f1dbc37ee64b0fd791aafc89ebbe7d1699d08513d4cc285b25a82964e15b
4200d51b45f24f15fe76c421e1b6b70deed3a7650fcf42309f5ad84b19ba93c0f3dbe176b0bfcb49665a025382e71cd9daf8c12ede4fbf49cd4a7817
923a7653cf779de743c9b5c14ebcc10962e1fc245704f36d70742285ce4e9374acebedbb8764be5b6f5ffd1e981ce5a7297191de840032268e4c2500
67a04d41d91a6853086528754d25a7c632ec8663d5e577b726c8f765144e6797f67672cf0c3497c491c58f971c2ead73d35c40a59780361590c712b0
a6c6aef294d6182934486040690747f6d3e5dc342556f763ad087b64a321a9c572369a5a424911b3903fd8b49142e70ac11133b2a6e07c2afb4c2d57
ba84a1f42921217ef2f1fbc6dc735b02d3d482c72b30cd99208d9ed63ab337d7cb5a27f7da160f6b91106df9612dd2c1ae8fef71cc30e017e64b0af5
f4630f65e9626ec96903f47639894d80cbcb8f6b2594f0415da04cfc9c56c9c6fee35b446804616f2e2e5c2f436f3ac8d3f571de08f2cbac0f6676a6
9bad31495d0d26bebbf035954ce8cbf09a9e88d2977b4238e45f0b5f0da5b946b7f959ac83c4483fb209ad36a0841f7d855a82b98532a6373dca3a33
0b02cc54a02ccb80196edeadaf139f03b05a02cc5480d3cb90989eedddd78600cf50d0961ad9ffa22b08ae7cd997319b5f63ac1293507e97bb14fe7c
72071a6909085379cd607db9b78c861210a6928e7e09075379af60190643a6f82518cc715be77f2a706164ce9939b03a42bebfdc644da3bed2ccac0b
7f057664916e06b0d1fae2578f7ca97305c6478899abe26a09da9254bacbc8969cc1e80daa4a46f0e527a82ed011cb6f5025b4fce7fb3c25d49f1726
5575b09268aec02b1540ed1278a5e4af944f663cbc4d9670851c82d2a419ad909cc309bc5278dde247691e716478cc8a5b9ceb8ffba7b8e67a91aa92
827b197452d289c583acdbcba813c0d04b3093bbd906a9ffc2a21b2d32b9f1b18c1699dcf158067d3412ffee978f6089206f233ba69f08bc49fb975e
273f52eba4a72e0d9f908c4aeafa5abe97ff7e0d7e67404a959d14723836f854774bc1c1ed1736c39669bfb8a5473b868510a6d92f1b829eaa3e54bf
f8196d814b7ecd0b79f021c9222cb63fd28ad71665f3d212f747b7211a5c81da2facfca053c5453a51a51fe9c3fb507a15aad1a933d295a7aa6dc1c5
f00aab731d8c89ae00f819d7b685d8f8ed092694a0bf3d94ce046a28ef392d809bcc308478f661882c79bbb7c015bf2e0714c307a9d31fc2753b8962
4648e48676ad7b997b032afca0db4d798735e9d3778e5e69679ba1d47debaf53556fcf790dfc28e9e5919abac7f7627cfca25ce33b6f64995bbfc3d4
4909baf50e532543df3eeca067b4b0ce1763b9182d7e6b794aa0fc9e49aa2ac3dccc60797dced4f45ef0645c81be86034762eff0d8bf34f83eb2b4d3
92d20755fe9363a4a7d78fd64df8d3e031074265547240eed3fb346656a08c4246f86d5046ff8fb4eccf90d2a14cdee9eb0344d2b6301a859427fb74
68043771fb1527ce74b6f11b6c9af669177252d35b89f4381db24c19dce543b84ba933e887b21820eca763266439ff91425a657cbc8b1ca92a25634f
749fec2227ff85cea98c81222a3d0c39fb1c42eac7962e0041fbe456000c44218544f442ded347a2fc7de209a621390b6444dfa73188910aa7b3e1bd
b47d72b93cffa22c47240fdca79f590d43da7f72e5789ff60a2b63a9fd273b92adc437958ba85b6f2f551284fda8dbfa104eddc51e23cbbb608ace14
4a4133aece89c37b5c5bf08dfb6e76485da241ee8a3330db93d8c2681430bbbbb05981f1828aab74821d9a7c6a900641c15d50790845b1338121f28b
4e577b4865d2b4c3b683d260488cd220eff2162ea382a9d98265fc96cc05b5551606de1e20fe53270da498dbc51b9b9e5625782451dacac3530817ec
621c11da5189770af78376592c5afe430e2ea9457f9417ed99ba1289233d5a44cf74f9353fa9fb276669d6ca120befac3c25a31e8165407ccd2acc12
8bc2821642bce8f2cbc74df16d04bcb883a60552711a340e8f311160dd064c5c5cadde064ce09b6f0326b8e5b8afc19fa521cb90ddf10d2ae2be4dfd
4ffd6dc804a9a536597bb852b5fd3813774ff7652941915c4e8e4958720b23519edf264d57ca34f0acb1cb51dc3874824594d795429b9ec68f398f65
fe4b315df21b6e27deb9d247e63aadfed9c25257ce6a23cbc156ae9d938de01686a292a46b5f3e72e2cae81686a2c61f3184e2994d054cb8e9b19d87
a711c6da40287a3ef4ba7918d0ba891cc8cd2a1910bc63ef2676355c91c5a0b43c271973b6c1165c79dec020b8a4be2be6c4d19d6d540407e25ba888
4a62a25d71794a1a720a9609c5c88644d6fcd7bc8df470cb83c97812c242542e5e6e4121ea15e68d1de4f061573f1878a590a501bb820b92337457c7
2f6a3890f5cb6ffad6f59546ed1fd1ca8657aa0a2c13f35f7d1a1d6ee402f1e8c2369c818c46db4f1c4d6e5d6c90063121cd56a284ea62a041e9dea5
63615b69707efb44cc2279707813623b0f4e86b9e125b3031146a192eb66b7808e5f90d65e2da59e03b8e514001fc8b004b2e4ece60de8910f998314
0ef7c29fe9092432a36e61160ae0e12dcc4201eab4f518d1dd6587b4b05d29b57f4d276c39afd4d5914afe53f125a010bbb150af147adc195b9fd811
ccdfcd2b35438bcf8a032730412179fa76569a633cbdf85007c32e344189c7d67117f04fbae1c2598fdd92c006cea967b8e9b0852da8dcbedf4e44d3
392cda1d4370fcfbe6ceee7e877da62159892bcc7a306b482d0654bdb3d43cfa53608333fea573d670a570770b49fe720295e5bf9c81b3a7502b85e9
eb247398a98aa94c270e466548b499e23ef776429bceab19bbfb9899e397edc794a274baafc1c69677ab19e4a2fb7948de26d84a77f31b7818d4ce8b
5ba8db98868b740abbdbb7c01008d290a723b7b2df54eebfff28b19ee9f3550bf26cef4e1c2d8320001f8fb26ca11f063729b7d00f67fcb08ea3812f
2cf043a9f949f6f8288fee6705b0367a9f6990e26f1b174196a3dded445f6954ebf64c2b5a8ba80a8010201df718b0332095b38ad1f12b4bc47bf630
56e6483b8a9ef21b4645901c690fbf754308c4b96f88c1ee61b1c3280d5bb7231d5ad070a2fd745274dc30c80f6b31eca3f67cc79a481f724d706206
af4af087f25fb978bc9d07e7ca3eca600670847b58e45a3e1484b6a44c868da5ae2c38a3e6177973396dcaa3c1e828cdcdc9b3d75b596e2ab782f640
e0c2b6030ffcbd5304c46330cca170f0b547e486bfb26244d909ca30e25d0c4b0a1668101aca14232a70ee1d165d2a73cdf1b8374a5d53c1fbece944
a3315606364c30ea5bf88402f27febb1a30ad06c4f1bbda7cc0a2285f8bc6866f2cf90b2711b9d907dc164dfcd9f391f0d398cb6d009677c84e9e8cf
19cab60133a77434f7af84942cd57fc7bdf744631139723e9a3ef36bba6d131f78e21213c99a08093f8620a44ca1eefcb462f4009cf70429cc1667da
93450d4d0ef4d83a4ed23eb359f40346241edb4e15032a6c0be650b8c6b5f58051051bb40d6498e01a7fe46d671336596c8347480d5e28a75043a2d7
647826a472e0e0a9398b4b36fe8b602cd1183f2fc40b465b495d4e92a7efe5e9e2af160686909392bae459e52d8c434d007311bd43a318f1c059f636
e2a170dcbf97f79c2c9ac53604fbbc3c414813ef1471c2b917ee4d4fa972cd337b4b272551a9cbc99fd18c8b853a43be3d0969c7da7040d92530b551
f84417f680db02696e1b94e784a976ce1702fc5b2f1e15a05d7b631b70f1b68d03477fdb395fe2136f5c9f330d39c67341c9e8ceb463019a61cfdb94
33ccdb08236ddbea21fcd92566c52b3bccf1ece304c2381ff6fc2415e2a5242fc71311dab8b24fa9f983034f3d33b63dd719126d3d8e57caeed9acd8
ab6d959cfe9d1e6f667c363dc280d1d264eed8db6a3823b26ddb3c5c6f320f14a83b1a9395c90b4191aeb72e7d9c4f55e66b406a2b5653d59b961ed2
dbdc9eba4c5158f8d3be8dba4e06cde3755b4f04d5041b9585a546689584e500c4b39584e5049fb9dfbed69188e69b5d4a4f3bc813ff6298d34cbb02
f5f39ce77e3b69e2ff915d700bcbf1db0bd08933fcf388d28f6c5e71fcd8420ba617384aa942ae19132562010bbf49c4123568a0c7453ea4fdb65f09
fa6cbf1d729da12c6ecc830f8f489db479b38837d8f61b97003d2418c8495a87fdde8c18a34d1c6384fc6a9a52d7126fee9d702507031f9fb4a2503f
5e9ddc03d91f3f0080507f8c3be425a4fd714c8a53c8edec27899e7e30e523e4bd7612baf403418df7067f2423df21b7789f507a2ee8080b8c7c4874
0bffe2975d19be0f111014a3e01c77a721ed36b2c3368423a13061366af6db7a77e86e08fe48edfa0af951dd7ca93b526157aa06f8d7162aa3903a7a
0b77512b4a5ccf05d5c8a270163582eaa426394ce27920524d6de538b97fcbdc187601fc6c0b76512389425dd41cc1f8ada023a7aece78c27de42d98
450596b9fd72d0fcaf55ef6252d5f134022b4a7972f39366e1369d4a2e7140fd5a50e7cd9fad9c27353119a73cb9b8c0bdbf91367a754c9da3fdfd9d
2c9594fa543185f7fc9578345fc4ad84898f7f2e4cd87d45a77d17ca90868509ca064e6f04d56cdc0dffc896f18bee9921ad0d8fd4d504a3310cf798
11f92f3152ccc5d747383988fd3aab4e864531d2446904db1840bcf697bbb36cebbf3efbcf39b1b399644ff92519444da17763f82a02673c679d4e67
9275ff875475285d534256c95092235be338ee6dcc3f15f99f733b25f2f2c79d45b6598267d448e09ff6a3d9f2fc59d530067f99ec54956e61f0fe50
1f57ea6ab5a28cf5dccf097674ff19fe3c43c9ab4a1fde08e4ecf78f93108cb6801c2521110339e2d8397b484ebf85e33863039d3da425d022584705
0fb7ff98761860da537667c62413c436c4e33922fdb3662929b4d5c00ff873882d27b87f36221a9dfbbeba64c0c7e837697e06943938a19aeedda5a6
76d61af39b92d869386e6ab9d103d2d353a1bc328f146a7a3493b78977ff1daaea1247a8eeffa01d4bc4154a2370c1aa05e2a20b8524ea0573b778fc
7e2365ea5ee6e3473995bc95e94d16ff47480d405a55ccdcfef04d497b6600644c5a06c7112abfcefe2375c3b45efc955c877af1ff0e42f93cfb26f9
65e6c369607afe7233cc74ea1bca4e3071939e677f7a0c7ea542d2cf84ec2e6d9016fdf3056997ea289080585279fbdb0e69af3c9fda8e55b378787a
2b85687ba6f0f0cb7106dadee4d03cd1ac9572a56cf1253f27ad3cfcd2d44dea368b1f60ba49ed115b28462975bfae9b86bda5f7001f4e7e9032ae43
55d8951e1eaf237505def65dc19b7c2b871c63446e1646c188b9ce309cbef2d4f9b7934557a1e8a540ea18e04ae13d138df93f7d93729a1fa3266ae5
3ba7e1f141f24dfa30a886b4193bffe98bdf752d2afc8b5114b33ea4f4c0d3aebdd933857ffed483727255b786d49d91124a1af52953a6fda74c925d
279456301276e2a6a324848cb8bbec9096a201c5a0a4ae37ce1932fb6e355f4ed967a64c2bcfe72f37e5ac9d6e46a9252ebf0974535ea32ca5625588
f21118e1f0c1cd7d65d2bc22ffc50fb3f69a528d6c2b509662b83330c051ee9bd28820f025c34c553f6bf162e5fb24be22d385f703422d8f0f1c6c77
e2c20b85824471d48ee1b8f010ce0e69213e0b24039dcac3a517a47f34142294bae6fe0c130aa8602e2ef6adf4c280a5ec8e74fa5db09b9274b55028
290fc905aee2218d4da41d797c8e30dd948f58f227ec20cf94ba5d26c287e4e39541d113540dabe423f32bd65527df674ccd6584d82c2934f8c69d56
df75f2d9fb4d562f80944e5d8b7e41d96f6aa94b82e41352a3d20b94ec64da99f613ce90de76a521c77f2706af4e646342ca936ba1e42ef60bca16ae
8414026186b200a20baba3c325ed5873332895596381284940f503b43775e99a3ddc2ef3c3af7857d853a61708461af5a17e4b33bad399dfb28aea30
270069c1e5a9586aa458d7ec89deddd7b33c968c965e76a995e96c00705b0aed31d3908eb47f755f5000f7a1bc832dffc4a1dc75a522ba17406353c6
d2d6a1757104eaa6345a48bcafd28f1722a363e9e1bbaa37c57c75487b06ccad9e6f390bcbb32d06814fb5711f2f54bceecbd7ca34348f34eab6b173
42d7e8067c2938b03eb49e15f5a6a7550e904637299d3060c1b76c667edb0ed3805b674c9b485b77b076e236eb5efba8b85adddb237cabce910bda45
a7cde518a96a0e52e65d364aaa33832c7b5f5ef7a3a1f7dd2e9d85f3273e32ae0c7c77ee95de5255123552b56a4da5aab78fac463d81522b0e8fce93
7fb390bf643eaf945af9863dbdc17bb1fe74645c2bb2e863e0ce5cfbd1937855bee7eed7526e4a733bd38a53d3f01f7a2fbe203fbe9d3e2ba65407b4
b5e2ee74546466c4133df3a5ac2e2abc3bf012de7ca9f44a4dad0bc66a38e54567b9e9ad92525834039f99c1d19b23b5e2f00d21582b933588725c29
6489a7d43b78ecfec8a0a754bcb3187d55fcea3d75fffc293cf892f7c42d1e5e4473422dc5a9e0c1b7ba7bcf97f79834b4974f3f1b4b6ab07dc163d6
9defdad813e9f8b31a197f5397c7e482d40325f8623a0b2dd9940de739ec3d5f2279a9ab3d460cc1703e818cbc12009f35d49f3830a5373e6a633332
71ad31363e291daf2b758b47af40da69c12dd7a5efeae7256e4a6f961fa1743b0425a36bddbf9aa1948e82199aceb233313d3a282d714727cb161332
71adaf7f1e69de75efb96dd875ddf8ee51647ed46356fc365f006f6108cf1173339d949071d611ebcded09f927d787aa6c8ef15ffce447c110e888f5
7ad554b5037085d45b3447aa7acb70a6700a6811ca2e094ef874fea5ec1fa7f3806530156b6d47289611d3b0ed55e657e4d99ee15dd1d6d153f5ab76
52d36e1a1cf862f9c19e4517cb6b63b7e3f3d776a4a6f5130a516f73d486f02fdf9d8d17be08a0c281ef958f17bfa957356a4b9f680fc656e7b1b521
420b900fea7c39b0892bad63d51aa1d5416a6d476a5a61d690d2ed185cbf9571f587843d18d226f9420faf6d439e3fdbb68cfcb6d503aacd87ac571f
217543ef4cd5a9aa69d56ad93dfa018c52d8a6f8a87444dab67161cc9faf99b73394648401d95ed32cf89c948e54759803477ab3d5c023d781676d30
ebfbe9f3a1fc9730eb43125ce3ed7ca17121fd364667a2753dfd7ce1ebf1e0455c3f3f78d158265b18acd7d943bacb0e65a79fc5a8f72fcec24ad039
69399f32411b91593f69311e0e30b125a424260322139b10c2f67421ec9b50146eea0e1a37ed38e714fc6cbdf251d38e550e5fbefd745802696f8c2c
9acd57cedb53b85d3785de7da5eeb4b2c7e0bd59450f294928a1fca305cad7fb06944c633ad14ebbe1e1fa76faac4f33f7c298ff7e76fe5775f19f34
e48c0257a8dbb56958ca37978b7b481b4e5c489d77feeabea094e371a66c2bbc3da12cd04f3b5ad42394ac28deee9bdd281ee4db00fd382c6f8406df
e16d358ccff6765aebd9420a48f17ca915f7c21ebf31faf857bed8fe239906abe52bbdf81e89ffcc0f4a5c1ddff8a37066f4939f973859f31fe2cd8c
d087737098ff202570f42112863afd582ed0421f625dcc8b6f8b9711ca175460de37c26702d23a6cac0d7bf8713ad6994e756cd4987c5d10bf39a253
e29538d67e8ba15da1ac08d1d3be117e611e75e9bbb68752bcfef950fcd47c073f1552fc6000751dbc3696eb872033fefa976d11cc7e51cc8cc99759
9a21a55d0857fabd85b81a5fdf0e2ba1ac4e46484570b1633cb83071e7fdc2c231518c3951c4b2fa4471bcd0445f029ff83b1c30a29bb9233e194d1f
308ed7485d2f1fb65c5f3fd49739fc128266557e9d0caee3b6ebd6f8012afc26757ad3d2921dfe0c1a9e39abf64b4c2943b1e567e11af89cb06116fd
04c235f0db7d32780d9cfa2f8b8d35fdf5cb8fe395763dcb297cfbd314de8fc2276cffc54162edfdd9e3aea1949400e3e70bdfe385f0fe39bde96432
f498416dd842bd653012e1ff7386f0a7a6d70452f7c73e79e44b3de8832af5b3070d5de0dbe1d76083a2dbe123c1e23f648529e5423812c9f3053f27
f6dfdafc0f0003b3ef070b5a0641478e054be9fbe1e33553a8f447ac359d401e5cfab949af60468fc3e691429b4636c03e9fbc0641883fe15ec691c2
8f3cb6f469f6604811e09656eda20db6539c416630398ecacc5b89b4145abed857ffe111b095fe03d8124930dc61bcd2abec687827f4e2d99e2f748c
476cbed031b60453ef141cbe777753b03f2035804f61534eec5052885e3b5307988550edf401e665c4d17db3dbbb100ff57c11deb412997e6d804b4b
37e92b9fd4f5491513f123cd109d2e0b5c871aae0a7fcbeb0116966e09d6f461afbfa71d2fd7230c591a671a922b9d5fb347dee853f947e7a4598320
334042c01b5d7a530a7e9ca96969cb3fdb62b450f2256cd5e741b4933e0eefa06c26678e25adece6c1f41d21b1a90dd20aed4cc3ce136ca99ebed97e
3909cc7d6fd610c4938e6ce7fd7ee64dd26f87f4b4d0eda49f0b521e564fbbde5ca79d9b87b3a513b98a3ddf7ddc25fc696fcdd671eaf67a65533e0f
3fb4f3a22ca605e674f4d91eea529acc50cdac5648b31a4ab3d219f8c5703198e426794a6d54674ac55e83213b1d9986cdc8c2021157a44637df4fb4
d2d42169753ea49b92e2b17d9da7a36b0391f231e8385838dc427724699e3e23f29dd59bd4da68a92adb65fb394fc06e4cadf3fd5f77c2967fa9f15f
5dd6391c45662a6437d920bd5c0b2c39746a90e94ddaa823d8dc19f7932d37e98180ffa9532c84e85c304caf8b618127effbf2e74e7eec64b037595d
974ee3928694333bd20decc32f896c3237988f23a465a7840905e0008dccd3b9e46ae64a01811a9e704a0a4cd84af899929ba41f98d2be711c68cbd3
4f96a31f7d93fc72e68ffbe29e7fc0def82ce4ba1e2125fbf610a6ae849fdcd9b84949b7cdfe2c4e7391d5e75cfc274889e95cfccebb7253cd0ca6ae
c5f2485d9b0d3bfd5377b9ef963ae42d03ceee7c535fd7852522b929f5dedf8676fa32774591381fbfb38fdc94b7ec170c1a329d7ff19463487db5fb
c74f5a95b2986975b930cd3213695602cbaa2e86c61e9894629382b929c4102efeda515f1454714461a64c0e043aa7441660cf972400b04ce5dffff1
87e014aeedb2842e9fc7a0af2e8780587b4eb8df58d43a9aae1dd175c2fd1310c7f4b5efce402b4f7eed088d2e81d78e7ad2a5effbdd3f7ad401e809
4c63ea6277ed88d02560cbebc4e65ebe1dc3566c5e241e1af9545b8592baf7ac70cc332fbf278806d7b175edaf507f0a8dc29e4fd70e4ce5e57bc278
f05379f38fc2266e5ee428e2572450e3c0ac5ece7b860cfbf8fb7586599d969e8041e6e5273033eedae59e2f16c7158f341c6ee5484ba1079e39d23d
e20b65a983f2723c9452deb67fe60bbfabde939285ac7be767b4ac0fd84f36523f52b97b6b0a6f08c78994eaa6f95d35a4ce519052df3b2f19bbeddf
60009c8c8f2dcdac8339e990d63334a4abe6b5a37095c8bf7686ae0e8679425aeb9cf972aa6e815aa24ea8db3412de9b95ac5a2993781fe10e7d7441
debc73643739fdf743ea37a92357c4a762264b4825d93af3a5593f5368379b3ea7796d505b140c08213e7bbebb2d0181bf5909bbd5f4f1e73e68d5d7
0c66a8c385d4952af535a49bf2a033907e4bb3c28e3469bc1ce1026acf0c2c0f79caf4ec5e98d38db19e1f966b4eba839bd4983f9cdaf033cbb29b6c
797f94ed7e81efcd20f3a585194de07703fa43556be75495289d69560f42e3e9fa19819eb1c1a9bfc28f176cc997d2b828cee693b581d9d1adfcda91
8fe6001c289dd92ca0886bb38032ae4d17aac1d3cce698fb51d2ea57c1f2507fa26814bf0e33e34bf92d3dca6877245208869b1dda998ef3b3d89b85
9081d55dfabb6e9ad57c310980140edca02643dc99f78621ae216567183cdfc23fd9433887ff6fbb067fda8183ea9c423094ab86721fb0ceeebce643
f7013bdbfe290e912fe1f7a78f29ed0773dbc63e5322dbfa3ad837e84e7eed786ccda7ad235ffeb913b3d7d16978318245dc635021251525947fe5df
a79bb37394c6cceb6a7fa958876e34d981a6d2ddfef3c2eff34301fd29f36d3c3cc86e8df7306b78d6087bfc19a4ce74fa431517c290e09427bbf16e
fb8e0c778ef39f42c33fd28e96c2d38c92e623c28657ccecf83bdbc7a754d61e6fa863d0f1c07425bfcc306bb9cc874420b042dd61a3a3e64b9d47cd
7c6903c1f6a2fb88e0783eb53d43b1e8a67d052e393bfa0ab9f56dfa9986d02c4fa1268995623c06f0d709e662d0acde03a80055e7e0f51bbcf1e1e8
c1f1d4b5d4b454e64f2ba4b15ca8fe61a5c4600f023eb0a47bf21574e51c48514b379222e677203688eac011441372c5fe4837ec17d20d21c6f4c39d
9596525be474a4880100c1a90bf1e709fa6dfa463c00ae39d807866159b202547d0e9b3266d12f018c239de2b495943aa812fe3de538b2839d7f7af5
b190df50bd49b314cadbc0b0efe790ea53aaf1267ea4cbee77436e57908e9ba50bd282860913a6a364db6748c7355ac8cb9fa6251f93c2bf111e2035
a653f78fe3211de781a749b009d912c8e308fbcee47f65bc0df2889276e6fe71a0fb7537be00dc9886710082998271dcecd2acc249fdf990d5c77f03
eb658b3817e34b4b9ee39eba6a88bdfd644e99f1c922ef21bdcbcee07bc633bc847ef2dfdaf8dde7e7ffd4e813cb95a1b75382afe3acff1d13a3acff
6431b929a5ccb8d2a3ff24653a49ce14397d265159e1362aa7a47371b99a4db3801b23d3b76c98500c827194c45b16ae4c49a1df4029504a03f24a33
fe8b7c28917e3a94f6c6635e3eb2622c96378becad57c4a5426aa0706685f6181181653cecd38c037a4f1f8efac20d2e32dec0627b481471116322c0
b71c96eea96b946458f0bbf1ff956ad0d1c07e55601c48dab2f03093cb0a81ddbec01f77b3fcf6d6eb3f35149dd027afd7ba50e88ffb5f0ae42d841c
7acd6d28e615caaba287549a699c44dd8c3f4e96c166f98f74b2e4b0a50f4772aed475340ff67435be72ce36376e05dad6d810ce9fe6261f1442ba35
bb1cb34d0147ca414476e3a6e6af154ce25076ea25835a50147eb960bcd2a8505b489e502437eb54d555474e897e94e1b1f42894f45552565533df31
5d29ec2aec50b6212c60bf79903318dfda9f3543c959457e4bf233d8026e6e6fa08b36091c664aa557d95dfb527facc2663f8fd363ac4a7f3e642861
5ed6064cfcdc9c75863fb9bbd923bf070c35c843be660a2fb553a0e060406a849e7686a8034a38f29e0f59601d726b4e2694715915ca1b5fd6ed1b67
8348d29b00353aefcd7d6c025fbe9b3f8e916f3d08ff471ce5cd9e88c5f9b6b41de9e54f1b0b18d4de1bbce50cc8058916c8e5f761aada05c04619c7
92232cddc5bf99cd970e3823fd6f1c51d4cc1bdb925eb735280bc0f7edafc1e4bf91052cda9b684eeadaac33440e3f83ca9b7e696182959e1fbf3803
fb9fe1a9c0d9fce06960e03e4e93dbf3a544e30c654783c5a3bbfa3749434c31eee5070712fda13bf635675cbe629f039e0f470e3d24dc432a2cd2d0
03ba36df076225604b39d91c7ed8d78e144a2d9ca19cb81f0600bd8c7c29a1e718ed43f2db962ecd6c28bbd8cc995f3a38418c4d702d23632de8d9c0
f5e5f5022e9bce0fce234b9f7bf5001ba7eed5d771a6a13f5166f7eb5ca2dcf69ca05540a64f6150ea2829543b78c9bee29e9320434e7a0e1b809c00
b49a5fa2bf33a55e95c44cfdf440ce7e7c6b7d9cd836dd5aaf39433200659cfcf7d761db33dc2f5d9d0df34ccccca7d353d12079442b9fea7ad1d3e9
47fe75cabc105b1ab2b0621574a7bde6344a57da4f1ed0b84949d511ca7e5558903f98c3a8dc699f29f47c334dd6de0420be2cca992f35a328cf3f42
acace73faf3bfc863fe09ea8c73f1b712cfcdff4fe9a69f96315e24dfd11506a2975bb154aed2650f6e7258af9f5cb01f1cbff64c513c2fa5bc81f2c
684f9fc1144ea40e8ccb5f269b2e97df75f8f7c59ff9c781318a492092c2ddd8c91df796b2e54ec2c1db64b8f595cc50925b0cd19f531da0cb7de5fd
1a23e4e1f13920f5e60a5a2af013b49f1026bf81c67ffbf3f1e08967a17bee957dd6d2bb0627f093e5770c865ff1be497ebb414e971e906e28d4c785
27a445be533a2dd59d52bb773594e665841214d251e2f59af40983d3c6a5437a6ddbd42c414a066ed07a39a9c91834c4d6ff295536e77060909023da
eb65e8e8c5203083071f322f93527957a07996a0203c307953d6619331f0fae40ec812faa3108559427f2430b10cf0e8ec91d6c186dcc6f847ca98d4
1476f39742263fa5f6426ca4966e968ffa34e44740ac1596c11fe459be492f5ffb21eb70a08d4b2b4b388dd3cf56dc14d3ed3f3f186ca6f4304e372c
71863e53e80573a45429225a0a15637dc1bd13affe474ad18705cd447928794d15deb770401904af80c66f5a17721f7c9d04630f2869585bd4a54cfd
053cdd3a078c0f48b77a42c9829ef9500bdd11ab65acc509ba72093f512e84d899fafd56f74d59651db4e3b581640a5a7181285cdc29c73959cec54f
48e74779759e211d249be1c016f384f785ae699052a28dba28518444f088c26d927572563ee05e61311003ebf406a785b2603e8502d8937d60f97a3a
1193656c44e7087e9dd1850ce7b69c8e7f2bf2e5b4feb33d2d692535d8f5b398e80450157e7be52635bd3d85d643232c687e5176e7667edd49f1ce1b
1972827ef64dab58be5a6afad86fa42a0be582c444a654c3d95328fbde52662fd61ec68f64ba3d9c826e14e7f5bd29b961b6f6abb0e89171c13a7e7d
1e21b5aa7a285b8b1316a6b772a8bb6201ec69d7b100167d21b2820016a2ed93ca1c229eb0ef6d33ea43788cc249d80a002363b43c4bf950c7b19341
b13fec246c37691d9531b2c2e8a9cbbfd0a741c14e477393db243fa3939f819e2cd227838dc02a0803bf46ea7d0019eb626b7c41d1eb80d47fdb095f
bec43fdbf3a54ff968d647cd27f6e3f29ca27e9d3e1f577af9867fb4a6a1122750c275f9f2b11f82bac9b7b94d43d2f2c001d7e5d86a4ba9632620f7
962110831b344b1888ca01c502e5006c6d5d560dde062e27cdc79b5906398c0c911ca81348dbbab008b807975fd66526c80e3053d7384d6017ebb22f
7dbc426a20300a5766181e7c15079fe4f2ee68a21f9519ff2cf995cda0f84bc1176a3c28651de8203e7fd4e9aa29bccc50beaceea54336739fd23bf2
07c87919db8073b8046d38b37a2a66cafbace5ec052778bc556d8b8ef422d590055eedb511d55d4a505063b7ab9f32e24add72ba82f83a4a577072da
b3aa5dfd116a98a10b52733fd3e53dbff7133bffd4e5c2339c84a397e00c75a03aab1d43d4b3e10bdc8259022c9c17e2557db2779614ea691726b346
4cd3eaf62ff323460c639bc11a9c853e05193832f1ce90f9ca546fff3353e24762800d2e52f7b7a75d2f3ad67df55e0d7da7a408951c49cbf0028e71
9732245c6ce396d1059ce22ec309621f9a8f69260c3825028f22dee42deea58552523fe659e88242687d35e485d5d88c0904f6b7042f18048256c378
787fba9c21e19afca5f3f85f332c38823fd210fcc1bdd006316ecd5179bf847a938ac0e64b5b127471b3b77264f49c00e9c4bb6ad64933ed78eacf14
de063fa6a4f9c1c9ec590454e83d83b2953792a56064420c899109bf2e43f2d78c1f4a28e3c70ba6fcb5cc4c69a9faa7e093bb74da858247d9ed7f38
c0b5fc1cc0afcb13d2ab18c7b0b399404cc8f91fc5e7340c5c455abc004066b1d59d25bd866248fcdbcadc7f3c1c4d2333e196c8cf11b2aa13da3174
f4bce0de0f0ca693090729b46d781ab26d60ca9478e1e4e87a758c550a15e09f283ae7ea3f8f0ccaf29ce5cb4b37d519a1652b82ebec9c0d84429773
36c44e1834c0ed83a5c4fdf7c0e7c36d66d3e55b5fa61d3bc7a9ab38df856a71aefe1f0730e4cdff8153a6240e07670cab1b0e7a601a8c1ac88e6e60
8ece90c583db2185688c6b35ecaa82aa5c8209d42890e1c7c1ef046cffd4e203f3c4864b18821237110c011791973104d111431e107732d6f0cd0572
b3fdc84b39da4359d9e0da2b7744e706f372ea08ee0faf810754432a39f70825479a146fcbe0822c0025e6af59ad63312db0b718af016995cf820530
4012b7359c15a784f252c2b71b3eed699943c1a09e59f2eb23acd021dcf0c3adeff69f351f7a92102ae58eb89b6542152f2485de32b6a0b434ebcd64
caa40a33ee8e63b0900c42e008641974c095d7e58cfbf9e5193dd421edfc208b93976e2f282b290220d3110f10776b5a493d5fbedd503e1522b2a717
e57e63473af324aa2979d460ead674ec1238ed9a6825bc6fa5a0a819c949c8aaa621c78f503c7332d574cad61bbf733ad16639421ab04837e89ac2a7
782e6cf19511a29276ec47795961b5a7af2220d433e246bb0a40932c6c197390e8d2f4b1107775d6f4f9338230b157cf97e6801ff50943cf875abac8
f0c4a7c9e8de4243aae79f5e1c08f88054b651dcaa85f9820381104e10f66b393fa3e3a94b20845b6ba6d9e666532a8dc51a5b68214461e124a75376
57b89a0b37074951de8993eb56cb7927facc97166bfe7bd9b621a9462990a7eb474988d82ef9c500127cadc5c60ba766392f2f4addb0842be3be7cbb
2543bd2c168cb46109a02d16e92b80d82f27ac681903e5abb85d9c7fea70231666c663c300432b099aed21fdd330eb8b2de47f5c7a24e0c896113c43
7b486fac7b1a92f2c58fd958ab5097ca0e288d3a7edd76503b43ab7416951b53cb79ff5fa4e65adb3ba9e3f974a96e0a15a9644d91f802ecc332ba81
dc45cbe8860eb47729ef7f2557d152daff51d3e52d4d17d71c961f01980fe51f195016d2fca52d554b33ea1fcd2b704307a9b20c6e00cdbd8466382f
3c52e1174a82b1c22f547277aeed676146ca6c4e08406db64a990fa754c07e6c67a91ca1ec85e0642ab7460540beb613ff224bdb92859eddb83a992c
bc675c920d3686567d1be14855fb5efca4f7fa0fc538a6199c2df8213c5cd2ecbdf4488bb09477a392636619d9904e846ca880f69753725c59ec6fe4
0cb5ea0c1ddca35dc232d4a8c3b78505f3a11708ce8b9174b68e0eee7af909822b8bdd1939b279350021f26100c209426cbdad43084cbc1dbe0744bb
9458e32467d8d2cb0185140dcb69362e4eb496e009959417eb1d9948b356b204b4de6ca958886f3f25943f8bcb0be9a3eda876326d444adede5461eb
046cf8d5e5844bc0864a0693f5b6fac98f3a8503f2fddef8e0e9c46e4e0fe911c3513590e1cc09d2c7f8ca93c5f1b1ca413205642899b44f4461420e
9d5be443654c656d7eb43107f8fca3b42960c17dac617afab7678a600a0f51ee45fd4fe5add41e95dc1d4baf1c9c4fabdaa88109591f27de3a104c3d
72508efc152ef643ea448d39f8581bb1343f182c14d78713052240864a708d777d0805cfd495b6664a3e3e918f0df838169c23b58ff7502385f679ae
146a358c5032a8397e033911a3f03144971cc1cb8f15700578295fc8bd9299230ef958e71fec5b4650711faee7ac8f6f05c4d87c89ffb149d6b30325
71443f3b40b6dcf5c52ed59052180ce0d782810839efc709d2fa474a9bf02b5f1c1be2405ff65057486937865e008d529013e1330a87deebebd0ff81
9e262548fecbaecc43c91f217e2520470560faa3bcf72294a3dc2115aceefa5a86463ed441e6f3a1fe8a35e4770a26698ad6379906a0ec44a3b39d46
246bf16b400d898a96501c3d0bceb08d2b36fdcb3e0c1de4a7080ad2f6f5991408f61f299199a1bc5466bef4e0a1fdbf5b19bc511dce2932cee75387
38187765113963f2f4164105f7b7fe8cad02a2fe237dc1ac438905f27f2ea51869af87eafaed09e5ed15a22700c81975e1b70806095cd71f8298aa9a
bf992e2d79fee93f1f6c1676aa7fde50910c74fd3997403c24928ac4f1f13b068354eaeb0f3fa885d4a4a557c779902121404a4e49040069396417c6
a3bdc2817176a4765ac27834404e0b8c07d73b97401d1729cf96811bbf42ba34dc3f680201375a8e7ff43c414b4c5f89425a0e5bfe0cf6bff359fd53
87ff1132bef2a97d16ebbaad54208d3df9762690ce5d85fd424c7ac862ee27a47592edc17ef9800a0bb0950ca4bd9eba3e9fb4d6dc2f82ca574aedf4
f5947ef4afa1e4dab3eddd2fa79f215dc41678a4810cdbc28e5c2486d9ca2ad25ef9f096aa061668ebe983c6d9d07ef99a0010f1fd426aec136fde37
28307beb93464472bfb0579521429f3024cb0cd00cdac5d66bbf8c1bc20ddf029634a2a9fb85885d30740b55e362eb56ae92463870bff0987b0a7dc6
74d129de50e547b7c123854e71873a3fb3618931b2cc9d8c9f1eb6f76b8a37a5393ad3ced7860e7615710ef38745ccdae54721f32135440ec1ec03d5
e325b00f44ca8a731f289423e45b9f1628476f069426c97efa3ea639a00c4b5661cf727186f2240d5a9d5a840c97d3988c72a470e8cb09654554d3a7
1d8ec19f4da438a4f8435095aca4015df95187abc2110ef708297659a187d55481211cee9a86a61b82a3a5f12a708013fd90f6112b6364f84c411c79
b6818dc6264109d0f9ad04250548c8d6a30e8d0b423fca875b0fa985cf91fc3e88398f74e34d7d4da9a5ca266c1b7dc3e5d01f25701a1740f76939b2
59df67046740daf162c695eba4d4a750d7005ef952d95b9f56f1fd28b41cd903d84a6652880def93938aa7b02ab3f10bea767ab869b685c629253d4a
d9dc97abffa5cab7a139934c5cdbd09c231460c7c26f2d29463491929c342eabec13194a4dbd6c6633bd9de2649433a4ef824e28493cb6e3b41eba52
531aa1a4e657658c065bb434b3cd1b8c6ff3c6e4d808622894dca47103609fc4a16b5ab59a9efc95af1dcc8cb235d4952e752050d3ac8d8837e0bb58
436152ca103fe8e532ec8ca04a04d1f915e643046b408abfa7eac75fa650a08c2b85de314e1a9aeef38232b286e5567c37f69870341dbb2c29bdf702
19848277d4d292268c855a5051a869275799a42ddbcaa6d2c0dbef422c1a7dafe42a059f7a1ba2432ebe5d1c98c6d4178b1a52095c87f38a2db84ec1
51df8518000bdc19522e22045b089df6cad85a4a32245b121cceed3417d460b1e794c9f5a117e64729517e650c2538ae34ea18a73bbc3800bba0d47d
0b654fa884547a7f26c44f75c4edb8ec3ea325aee1ee3b94d2a2222f4a8e526221ae0808a471598cd44594d9cef4be9c2f82cb4bfbf25e9c60d3d623
1e2737ecb652a73450e2fb62733643deabbdbc525581a823cd1839c2e848765a7e44d12480fdfbb220b530674142a55e1842f4a481415c9ddd7e19a4
851b3f325c53c65fc1dc82f3b463738b485e3e4363622fbf4a19868009cd144a53a1a99528e58a29befc3002bad098a11e2d7a5922fbffa1b8932905
e66c21f3238a335d193ba7691fa1ecbb6778b656042349f61310babb3a7f043bd22d00d1595886d589d95fa12e0d7a3eb4440c28c9ebd38a3d1e347e
f58b86282dc1851a98fded5428dc21d9d53962dbd38707b943e93f06cd38d080520757c40d8d5d23cb15d227cd7884d5ee197e3a9951b8bfb12bdaee
29b5f778a51f313fd2aec16c573e456653578e087ea7f29f140ec8b6f04307a1be1f25eb15f6ecf17383643bff49cb782db865686d5a7b0a619649b1
8c2215955d24a6adfaa1c34c0a52c987b6a6193df29830b78a2d64b155d4e42b85f21d472883299e56bdba5e6956961627ce594d064fc3ec06c204d1
6bb8ffe8c306981d19f6532d9333c41fe9fd0883d29ca5a7d47c2bdf60a42e0257212d62f4eacb2740f177f3c6101fbf5907720de3475ae4b1c5ce6d
c2bda4edf758b84db41b3234a014a446709b51d559800dd7ada5939b3de0905b2fb70cee12ed66038a626b96a8999a46fab11edb82d7d4b5d460329b
fd338c849e7c39a32d9adcff6c2a9ae50b1dd46c7851a5422c35d0985b88a564e5daceacc2bdcfdd0050b77ca8eba461c64a6fa619bb0598f3e654ca
33ad0ef598561d3a68a92a0b3a42dd9248647b370b62c651e6fc88b4684f1a97852c2bf7359d7f2a6fa3a27a5cd2eec006bc1ae8446690dd9d7b8739
efe00bd006863d91857877e7bb27a7e71608aa107bdd02419d177b52a19e1a6779bb3ba7ee4c9925a0a5d0430773c86e4babb7f0929b68775be9879d
8f3ee41f6f696de040b7f050e5f9636d2c3839dac0a1b861b20587ba9fb0a00f6d3440adeeee9cfaa4e8dc1dd7b0a5dd7b5704886e772774be52b6dc
4b18b2a33852fad6d486a38feb3225c679a3083ae110944697b204c3ba9561e5ca0e8e0c2bc4a677dfb090ba5b5fbaeef0810f278a5b29560eb29d6d
2551f9ed1f0694269325e3142a17d1e92d7054032bb8057f6a803bb7d04f0dd0dc1e1301a62a318d1152ff15767c5f9260f91e1199905b3bd57cf9f6
9f4c486bb11652070633ed4a8931298348182b73584c50146399a194155127d4ad7f898eef814a635d38994acfee7038c75dfeda188582400d66fecc
a7424acd508e8be1d8081ad58089ee6139c0a40fa3ffb910b39568a581a1db7a73e76e275f76153206daae82afdb824d35605d7b58625819035595ef
b43bc5ce19277572e5662b3d4b21d3f91634aa81d2db8146e1e34ce2673d5f36d57d41796b38434af412e9527696b33fbd6cef5da104bcc6caf8019e
f34c5527fbe4a6c79ece07ce8f4ded3db87abf8d940283bc05946ae45fdbcadb720699bea7f511dee4b43e0a3b93f1f9f7a59ead37753ae931f7f4bd
3f8ead36a0a9ec0de7f270a5d0330beb0af203fad9425035204a5b00aa1eb526005521bfd29ec4d56648a490767c7909cd3a01c73c249319d221617c
b06951c3139916ae8cf3bd6d686090b6e0550df0c59e46ca14d681e0550dd4c4765297194114a0ea8cee5c963c6cad50518f015f8ac5020ad8bcc5c3
41de56aa961643bc74fc1c01167caa7176bf176a6ca650cb1227784d662ba4668b715e80c291bb85b3cf60396301e9747f948c2456faed558a70fb9c
7ff006c576fa821ff982b493f9901e4b541728002ec8ec0f410216d8c799b8397cda1fdb01bca38f53a73f650e4fe1ace830bd71c8b63ff60670913f
36f838b6ca5770f307072873d6cd67c23da4cf2ab8e6bf3f58e7b0ebfd355743f6c7aba1a7ae7231b336785fe3a969933152f8d59920ec6e6792a48c
cb7a2385f67af817254b4fe04867e73fcf8a01f20ca2e674907e8127da1f2ed960b7bf200611e2afe23839a4fa5aa47baa2a5b2546ea6be5c93ad119
7bcbd9cd77b8ffb4b984863ba0988354d5ca401075fe7e8f6a7a54ae9fa70fe4876631f1a80e1fc057ce19f7d742c14afd7246cac2f9fac1a4445875
92de728cc2b31b65a650ea0191f95ad322e05fdf9a460e9d1f619243f9476af09017b225bcf221d2c320e83645c7443859c20de7fda7fafee2f89574
69d99a69d6cc86922a4398be36e991021f7471f363eb58bde578e06b691a2993628dbcf884828b1f5b67ec470c86dfeda8397dfcc30bc451d791fbcf
bc4d286b8319d2e60eadfc67576fa621c1f570acf4fcc6ddcb05a9fd35d924b6132964cbf767a9400cfeac2a50c33a0bbf85a243c23c751588e3deec
feb3f78688fcf9f1397080fb8f0383574a3598335ff263fc8aed2612f4674b5953f5ed7620fd7c2f6ad967e3bf3e1920053212b3d3cb182d31223f8c
511371554e83124f46c7dfc518f83174dc5d7c39f3a60e1dce1f50720ebc23ba49a5dd97877853977a2c507a86513372534d6569d4670233e4f07fa4
ee329986b63e4da184ede1c7ea7aa6aac5e048a995c5c5a7f2c27c81faa6ac2b0e78901d75b8e6a6ecde5e212fd7a51ba7de3cd26c33bba9dbb5df87
05ed209d3be2a6acdaa4736ed2018f494312a8f3c5d82efa4ca153ac67ac150a73a2899b7a9b05da75be94f3a225c7c2ae17f36bd7bdf1dfacfa4a4b
db0727170cfb21adc27f6f5466da75d461c252440c26e46e9d195ee7387a45c684c33182eda6cc6f0df9a72f4d1d688c7a42b2ce0624ec1748891963
a6c3f076326b87679801d4a9f5e9e3ce9bf27036287fd7a174ac33d38a99a37b6de8eaeb210f85b7e07cb9c37fdec5bcabf21b30be10a90929eece17
948528ac3b1a5fe0409128ef3b6e0a19a71de97bef996eaa88825947a2d2c7b6fa7a480deb09774a5b6e0cef4d49cf9c7063dff03a52f85121e37acf
f3f56ae95f23797a944f62a0b5414a979c03ea56d2c61ddd94b999504a26332a94770033cde801ce71406df59f46dffa30cdb0166147e14f7b8537d5
74fe4033be44372ea8e93f4ea1648715a383eb666ff7a6bc4c8fb4fa91c70dabd3ba8bf920894406c021a40c80fd880bc1d6e1f4cfef4b552b0a66f9
74ace06249f8c50ddfa7bea9a5b324fe593e6a7d9d6956aaaba4aa66b2a4195d5362bd9c043c694656e948a3d22f475af11daa8b45786e6e5aa7ae72
705eeebf68a5db73b92909041aa378137f1d296c52272794cd2b03e213e7fe42c3154ffb5397c534216f4de44b7a37653779d290733bf8aed14d3aae
802d249bc375a4b28434ff32b5484aaa4a46c20232c2afc8d53caff4f1552c8736812fa0270b2242a3128a28adb2bc62f2a1f5c991aab29a7e8ee226
ad7e5b9ad5bac4f415c3343b3aad28261403563623c29f809caa2115d40b47deaa5f671ab2f7db1820e37efb2b9f2aa47584078b49bb2097ebe653ab
9c339f4a6c6b7af581711afafa4b377419bbc7eaf481f5ecd8f1cbd79f8e7f0650eeaab225cc92d24e5c3e70bb29a5dbe82f28c9c195fe6fcfdd3be5
9bf289514bff1fff16a593654db393f10a395cda2175f2cc145e16b02b65f6d65bbefcba1bea1aefe92b4d37293588c1e7918e2bbda05ad051ca49f1
ab1b4a4f544c74d4858772a625c9184bf28a8cd1aed4c944b9e85cb89487428a18413db01c9d79e1818421f6259917df47b832ddb72cb4585c4e868f
19d271943621b59871327818e3644e9d20a2beced4d568b3467de25b5f25759573019de66c11151da153dd16035851369d766c8fb0f9ca1d71c6ebd0
81eff5c290d548460a35d2dd8ba34683d0a52fd9fe576a5356522ad45549a1c170e16f79f8e8d431bb8ec3a2d3d7f38502ae360f275ab5fa08ace322
e819891615a2b40f3747b02040656c990e5c4bcdb86f4763d3ea7d45ab33f5caebd022e3ceeb505fccbcce575b445cc7ab2d7a48491feeaa27a4c5ad
a4212bad7e41ca2f6ba1a4d559bece0931fb913ead637b4a6d3f3d5c7e556276fc021fbd660894e8a1451273108b76719e871f7ffcf6bdee4b45bdb4
090b694847404f553dce38d2a515235e820e5b5b164ee3fcaa3360d60908a61ea068590bcd0754331f4a2364b430339d427baa1910b6b258481d939e
fd4a2193c28fe8b0e119024526fe6b559390dfe24652fd6718e5ae2bc3dbc380c43bbfac83d18225eb162ed4b65f9f18d71552c285c7d9d9ad5c21ad
56e8c46f4a94922ff523634069ec4681c2874921335b21c53a0e6947d41efe1cc3c073ebd632b8cb7a61e2c72c3f26176676742db9232efc944ec08c
25ef63d473e453b39b2f3d0ba969038d9ee315898ef077dfd16ea16c6298791f87c6b9573e88761235f061e89cf9d0f987d2876d69a601eb8309f4f1
67c98fa0bb30b4dddb6314405e948001e73c7a46cfe75c1df343ea886710b43dae86f5dea41e627b281b23ac65b7b8cd143a7c85d9759a89d9d1824e
2c515fe824bf3f312e0c8ecf4e4f56a0d24cb473a6217b551deabe49f42a29bba7ace0120e048cad80f2489cd927288d442baf74e8f3ce0ae5900b52
ac23d856f0ea74e47a1d3858431e72c18bd3896b69ac053f59515b28dba59aaaf6ff708574387bfe47398f6c7ab47b8f240e6fe56b18b8792de98450
3f7ef870a2db0bff6010b29ba93cc57b0a05483b53b65546273a788fbfa2f3d656107d679ba8d9bbeb4cb515bca011a597bab7e88d9ac2a60369a6c0
cef3f3e150338c877ce77ea68ca10be975814d57ba8956f01ca6f3d89eec7a39468d85e51835bb4e1da3de2f00be209de9f18262fe3aa4f799571ab6
be62594ff4155a6782759be5df2a7c621cd3ad0ff1af96967c984b684069265ac16399d258e548558f4b4b4312784cb98e565bc1aa4e3c2a364f3a3d
6dd96f4c82c22de4a5425af5461d9d3481bacd54d524a289271b365c4c1d989eaf912e9568009da4c7325a4116f556c65933d26470cb80487d45554c
6339b26f9fe0d7325ae8ab96ca9263d4c3445fa1c317460f9f60213825243f9acad3a507a463bf3da45eb0429697150f6b6911ecc5acf85c747614b7
b34abc22556bc253c8cbf11478b2e044a52d9fb3476d2d3d1f573149cb2a65a6aa8481f5b4bc7bcadaf70b17fd85182dbf9672a4b0ddf7ec909be524
c8af9686bc4ef17896550a2a4e69275a4118f434468997ee1c14f575a54be5c9cf4cb0cfc215588a0e169ce485078643b67c612553ea5401574fddee
5e52172f144abf8265734a8a71e149aded3f49a1d7590fa94c69239df02b217dcf0409f4231b15ebb1a37edccbc6a1c6d82a43c4118953868856185a
6588b8b295d24b19e7e869c6c1f0960f6fa556d9b76ceb8f2b5d2ccf7c83d4eeb7a51d4dd8951eb5765893db02c4f4ed08101fea44200ee2c624e13d
2af1442b2c9cbd90687e44b08d181abfa3d19143e5a138e74c1f9ebc914e903c7e4460a284ddb643cf519a1bcf0993e98733b2afdab6669902edf2ee
cb00ffd4e21baf0aabb8fdc0dc85b653268a56b033ca44d14a98b57061319388a2a72ae2e466df241245d1e88d8dd1d007ca4b5106e6fd3dfc27f9f0
d2d486326e6c42c9a5c174e9c18d1f95562ceb23a4711150f685c21b0e330b412f611c0723f936dcecc2f17e7b0b1fa3e2c72ffa0b3df7b68c607f94
5da2cf96328d16b6dfe923ce58aee48f6013ca5318b1477a0aa315fca837e74bf87c6f5b20623b6f9d39145cd937ce352ee8db527185aaa2e84301c2
d953d6fd61fab835743c9eb76582b0e39ba719d876024fb94638b008b3323e7679709e794f23d6f383a77da5ae95e04ca9d8c541548e8ade1877e7a8
e82f94a9b2529ce3954220c850f7224abce86387194ff7c3192563f9c1a6a5aac712d5f1f18df00b3fc0f924eaeb699745c5afe01acd940ef1975e85
64cf61ad9ee9180ddba8673a0eeed7ff48df5a8b27f0f1a267517d3ca11993ed140c7060a85667217ffca22d164ecf69b4ffaa228b29fc133f6ef53b
60e08264062ba4b522ed7e99b20965a351d35257a71d4a32d5d3acf40c8b5e0895fbc30229858e1d55d687bb902fa79507ad7a9db794396acb3afafa
f6509c092352b23d21b7c33553e8e58a21fda2146648e9ba2b94562bcb5ed91d5a61617fedafb650f683702dfc80477fb106bff6497f33ff4f1d6ef8
4a4db050109556f075becb685ab843f160e4be98185687d3424cc4eb8b405155119b8287f7f52172ec617027ec39843bb9c901291d852e563687b321
334adf301a8be18fbd0b1ade091b1a6b4e20949fab9332c9410f657f85dffce3060f16c64f7df4572acb3dcdba21b9437d85f4e9237d2aee5246a87b
f48e33d4c71f86148c10f5fae7891fa1cc0066df7895117f0a844a9c2421544a43333b7d434d20e8cf7624ff299f2053e4640eb384124a9798d69f2d
0356e3cfa68035aec40ea361809dd82151a0bf680e46c7b770ea5357dcccd47dbb2e036289f13fcf6472b067315f36f30fe5c3ab01e53b251ef5e9c4
0d38aa537895ee67c96e4a0cf827a7e02ac537186ecafd4f285dbe18e9c202dba88aea6fb06335d2e963325b15b29b4ca9f5887d8bf9f2bc4f1af282
9ff4a2892de9c4cb74d28cb619002de6cb593471b5e60b6401cd685d72043e5f0e404c4620f3433b56ed3394def9b1169b87c3a328cb693007b09579
78df881b36f54ec7688cc0a1737e672abf290ba835de74da8313bf70ea0d8fe2040e37f567f628642768b33495cde09c707b4c248f6ea6915af4e298
413d68d739065fc8c181637f5159f7e3fcd2f04d9d1abe542dbaab16ca162c7db24e8f7c79cba5afbddc9487e8820505a90005cdc301d27bc3f22ff5
3df58848238836fd8808def014fca4191979535fd54cd99f28c692672706855afd67c692b3e2c1046e7e936675cc77947c6943dd1803a90323ed6e6a
78441013f982e04fa61e2e293582b099a2b060b9b07e9cce9df02b9d909a1404cc78940b793f498d8902707a848b19530684336beaf4391eaefdf4f3
24b33345a7e3102d94e5ff820396f59996a6806527d45b9bd1f4e90489835f91c5bf1012a739e0847792bca09eb4b3ec838405cd2ed0bb2998c75dc8
a7c622732c334fd27c51f79ec1d19036013dcecac23e9914fac0411f2994b065d8b7852d5d38f075a5d5af794f97fe4dd72d9878fb6153cf86345001
53090beec20ea9b0be9da059ac68ce50d62517d4521f6946b7aa6ccf663116912dc01496a40100997a25a40177987a25a4f8ade19b2afe0fb899ee9f
66a6072b65eaffa4473dbe8abb36cb424026a4f61535dcddcbb6f749ab4bd8ab92aad67a05ee3643077b7e55bb167eda280fb67bd3790538f59f858d
19aaccd88cdfa770b87d8ec0123336c36f7dde94dde8064f9e4dc6e4b25f3f42c96fe65f2e4c811d907971c68e91f5cb1e89ebcfcb776fb21e2f5f9f
00ca399507a038bbfc4de9d7503b4e03c069f834a60260cee4a18ffa54b524a0682e96e34c9ffa3386f3623936280f2e532ac04507d6317581bfe0c3
ce0bf5defe1d4499dcf567e73f8dc6f8b19b963c0fb0a7bd7e5c9d8b5c7e136eb7030a380c171b7816d9c52145a7251f52a425437cd8514de12f7ac7
f911fca28fcc8aaf85b0c19abab6df38759fd52b9991d735fd9f39ec50ded75ef970e8c309e5b4011794860475659806679bb33ac1ec9156581d9091
205a9d5e1d185d801a78bc53408dd1705aaa4508e35dd9845f6948f1c49642b39e3ea79a0965c72cdf59d87a18b08eac61c071aece9f2902f40cd7f2
094006e156fe576cb0e01fe5c870091b586b3edce2070e6c25d26394098536cf28846aec56e9f481ee4f27c66e115b9fd5a70c4022a79eee685758f0
29030726d3108f0b43da30dec881601c85c8c3e4ca7c772c64facafca84c431be6370d691ae0a00db80f2965fc74b25d18869c1fc15b8fd9f0e7b131
cde60045a3cbf6edcaaf600e18cf662d146ee5057052311b2e284ea76ede17907bd377edafa74c8b1cadcd5dfbfab4eac14c5ddcd30e7b441171f28c
f1e04cfe47d94be90c9f62061c0bce868e628b253c48bb32d2b780f5365275e96c0286fc80c34cd9eddd8c2badd8506416fc7af3c38e803f78834295
8c7684b25739425a21b18b6b9c627466dec7f7d9b935fb2c2d7535f3d8948623898c77df91c0cfed84a0305d3c099285645cc755ff0d0a9f067dfcbe
1c9006b3cc34a4ad13b6b47318d643cae22017ddb287a2f15579ce3667e7e08249f18df70b95ed1bef1c5fce8ecca4556406856e58c788af2d204739
580cc271b40babc1adf668be4eb00113a36bed25eeaa701d8da3ff99973c10936035b0b3ddef7872db621a9ef1eb863fd563ef204c67677a5355bdb0
567571fd1c18611efd20ce340dd5e02071764ea550cd866a8cca880def21b014c36e26e2e617403a6360f80527a8d3f7d839049dbec7de0f381fd81f
0673106f440b0d050a387b9dc25854a28453188bcac9f534c6a21f38ba83a8013336ec77f67462553743da0f474c46a69e6ebc9d4514c7e23d047e0d
9f350c1228ecf9d4424d377ec510a3a3873bda95ff642dcf90fc0c9d1274609686131324ea00eca132dd837d60e6d07e281c4d6694bfd145f3a30d7c
f5e9542d1df19c782335a55a3e284abf963171bafc3e0621b539338954c520f4940aee09906eea8af8058878f29646655c0c7ae8c72b9f2a5ef9b4ab
287b8238d329ef998ae983edecfaa77dd81e763528684edf11ef075e8e610e9558e29c0e5964ebec4be244fde6743eb34425742ffc9c689fc96d37f4
f564fb995e75b0c401daf4d5ef7e201dd3f29068d1dc88190d6fdf0349438e0f8525bff183f535d281ccf7370e838626a47455b493d10be37e13fe9f
eadcd086f234649bc6df2cc27db862cbabf8a1f46c290605b04202738b43046211cbfa3c3198e5e3c1c44396bdc1d45d7e6e37656e17db69cc01270a
73392c9f7df072a00795b8bc32d11c8bdd23a3ebe72c787cec26a504d1d8cbbbc76ce117ab38dcda774c1c637993909df106168783b3f1004748ba6d
907261f07bb7038dd9aa6f2b667c52bd689183f4b96daf679a712e9d3443e60f28a531c067d96869266d7b979028c7b68b374339a8c72ad8c47d464a
05cc2969c8f37ba69b7b96087ecfed9d41820e461a24486ba40111fe09d220f1916da452c5060b4d50b2480d26381320d9986fe6d0708233e10b3d64
d138bb987aaba2712031851f2809916ef971d9f1084cd012d2decee2cddedb87fef54819cb97f151fca822b65bbabd1f0fe96596fff2ab6f4c8a3000
2da15f1ffa73823bdfbeda0afe69be7d90985dbb8ffdc9c674934d0da559cf1ff2a4b72a5ae2df0605246ea7872b5aa2b96f80710cec5be623a30560
a0b2cade065a265cf2e67829ec6a7f5159ad7ae6e2c741caacad670a0dcfaa29d5c97a0b65f39cff945390f0dbdb80f2a7aa3dd0fc35ce22f6f98d8b
803a314c61f69a52a48f9990b798b8e79b08657edcf285dc0a9870379476191548ab22601df3ed40169750a6d107091c0b61d0eaff715b73be7df1b5
d7b4b3dc0bfc5a1ecff4c9b0304a722e1281fed8b9e02c7b920d83a3c7f9414b9594deda106cfdfc70973155b5cc10868f0f3c12b9d2db162db15863
0a72b63685226889630935d0b9c63185126889277e7cd720472e1f852913e8236f466fa9abdfc44aeac18a1f451f98a474b9cc40aa0a12cf22fc68fb
9828a5326afca806a5bfcae030f16986e329a4cf0f523ce1948f271e31f8084bcbadc7e9b4199575fe217ec996e763c73161908faf05207b4e9bc1b5
d8e90727fac112fc0e843875e53734d480f361fcc80bd2a7962ddfde5a1350dafcda8dccc6e1ebe054ccced79e6343557e7da2901dc837cb7942d254
83d4a411c6f12b10a3a19b0c1448484c792dee2fe1c94e7dcbcfca7548a0e6cb126df954bd84233f499408d957f8914466fcd043cdc6e7abc39cc9c2
fa7a99d59449573ecd7ccd4fda314e8d2dc89fd53efeb353508c86b6d13b0f2d71243fec90a08990012d611ad2535c4f3b560a3da5b6d34429f4b243
ab841b9dae62349498b0012d41b03f6beb963266b041360f4981b487c450ff818cc769ffc31dc8cf58253724dd7800c0f03fcaba91a1279d059888f9
874b9f5ff7494343a5fcf9e27076927f3e7838f2e9c7852135fd6c98fe98fe0cb0200195edd39f77f78967fd591ae2dcfc395c733d2d19becc3079c3
7707f5fea9cd8518389e7fd1f63e31973f5c4e0fd23262a0b2b95aa4bf0035be9cf1e205847b1933509d39ef26052bf1125f2f071689922ea7bce8c7
53ca804e4809b78de57a599d5b252dc1065a4d3b840a0e58b01b6055b15ef8a015865015279d38c705bef712c4a011c858ca71d188a4fc2807213bff
8d10863f3cd49a76ad427b9878bb1bd877b63c026b4b0f47f4715077997ddab5066afca9773233655a999d460d69e532c98fb46dea70bfbcf80a958d
60bb329edb7d3246188ec29ffafe0f41c1a5ec188dc8c67ad949ed74ca4d8bce005a5b65c4b023369eeb20c630a0bc265a0af5db307ff85206d1bb75
585bf554759cdb6183e5a72138935abc0ce197956e9269e9906fc96eeade6f05b1d95b0716a7c3df84bf90e68f66054a2488b40e2e9479cfbb0e9457
da751e76e6e1c0bd28306ff722bf82627384610979719c0f0756732dbd7c74ea1316b45af29b4ee8732060a03288962da7efc013584665d4fcf57236
02fa582c16a68157cff3a18d7b495d4f7d280fe6e0af7d76d22ec8ed0c43f48976ec291443832111e6865df6724e8e19f6d838236e87ef725c1113db
ca01ef5678e1c7f14cebf9750ec6e782d4da1829343b1d4ad3f74a4d455019bbd3facb9b88755a6060d5a93546a1157b9c83ef1cdab8b5d9bfb4f83a
2d2fde3aadd3b3ee78cf3a9d0c9188e43af16c2e4a3dcf339456d4e43f1c9a260cba4e23df9ccef3269dca963fb1433a191dc544d8ad2dbfe6c06668
092a71383bf64d792253b32b189532ebd21ed27ae36224bd99f0d662153613f64796f00f3c6b7d53a78eff5f503aa7f57e7515a7902651c372be8cea
44a43769ed097f8593d2239deaf2d105c5dee22115d57472cd9bb4c1b9e8473110f6664be9337e4eee0165037886148aaea4d98f3ee4cfb02023ede8
6675c6c44f99f5115268d23040e002d12fda6c64ed15ee3620de7e5a01c77f29d1c579a593ed1f49cd2a3bcf7011e0421295d7a2ccfc962c063bb165
7004009a2570c4d96a1a55f253fb28ebc265b5afb6fcee02fbb2a587165ac38c5f3821de7b2d21274aeca45f5ac06b5f8251348eced6c51e12fd2214
c591dfd0630aa5f594157d18ca1015faf75c9df0a66599b121d704d1c81f595518caa1749693734dd42323c0ba64769c40a21eb832177a13350284c1
69816fd2460955219442c315ff51dec9d4144a265844976f3665655c2cce1172ab6ebed4beff60c5f921829ea5604803fb9355fd28b3df0aba498fe7
05a5f97c3eacae9a42c76c674a6d797057ab67f44cdd1b7ff11f07d6898c02280622ba4b48854e0291c5a301444f57c5183f756d5d50997e2660f6a7
b2a6fcdf890cefaab63d70a4ed89df53bf294f29fad42f0a8c2c8feaf79fb220857268716cf5a440cbda11aca1c5f9ab7e43b58777e11ae237565f7a
898f2998438b2b58b94b1786145a02c5b32a3b97499f56102585762227ec29eee4575c6f4a3245cc76191f518fb00b9c39ffe9832b62adcb70893878
824b9c0da75268893bf0f98294224465380546d4abe01125ae6a737a2d64c8e88886b56e11b7f4e1a10da598c64855584dabf75447d739ffc5681852
e7bf88fbd4fc68544c41f37e38be16f9304a28317be44b317bf1cbbed5c2c201ffd05053e01f6a18d2c6234e595b280c7ec5f2840d6e7ead2723a2e0
643c8b201c426935629efd80405658f315aac626a4d9da6046fd6600419105a68160f36ad1668cba8fc18836af863a630f6014430c708b34a56109ff
952fcd9fcb9cf2a2e1162af5fe914d7167e3c8c22089c478a5ae0d1033d4ad4a88b9af8ed3df522afed00024ca676d3a15440513bc84213809a82c67
868856ec3e63e4a6e6722afcd15a4a2d8a183aa7bbaf5caf5bddc7558d6d66f7d2cdaf0a51d0b96eb1baad434d557a4de1c70d754804cec34b4e8757
28ddc42506bf041b2804bcd7f0ea44d5093670b39baa7eef23853a621c48f5b0fe7fa8af1019f9d03ba17c393dc113ca0e06da4210034502ffa9c305
3f382252c317591afe8693ecd7030de10410d11ec3507bd6b5c109f1a9043f68591d4eeaf0caf68f84fb9c0e2d677588d21e2c6cbc0a900af15c9ce4
a11ea89a916308282fb4232dc93d69f9d2eb0c9f6238911efb2427d96f98d6e1d034c7194b59f50f927e2de57c28e34a991f1da219e7ba7a5ab5a3f2
143a9c0473db9a06e66eabd1b95ab78476786c116007ce4fd62052cad6687ac3c709cf9a76535a0a8b0b2f48d86b90666f4039fcfd34a495c20eddf9
20267932d7f4316a6393639c443d60dfb9f339565a4e07316acaa427596273c21fecfa4d2f4451a089c241e922530461fe65d0c4e482e69a6825b6af
13e94bddb73f4da71fff681a36f8184adb8f33bfed2b5747f8d3be33a248aa08960659f739b359937b7970b0e0365f1ab89356752e3452260d80059a
766f588dca22d1497bb39c663f4657508beb15de0cf447c14f3fd4f5ca7786616424b770ab2c0b27d98f1a715afd991881b346542eafac85e8612896
3735c8e542f418d7659f18c95bbad59965b28cc1e106c1327e63c2bbf01a3c8d7553dbada62ab85aa88faeab841d2f62a660e1b1b08a85de68a06c96
534f9c350d492ca3858de59878016bc26c9ab575440a04edf8f96c70eb302be7336bd956e6577c945343995b9690d352b4ff0373b8963d1f24df7091
8630092e72cc1aca0a086ebc7966092f0c70a676d92c65b496b3093104c204c4835b04673394e84eccbc8026e764013963053759d7b2cfcd11d05a9b
9185231c21f6face5151b29d580e90d5cc8a1ca3ec1f948762640326104a79b1dcb7a5941dec464a71ea8c39692355ad72aed495b9ab291c2eec9028
c801e94dc11552afb1620db76f3fa0110549696d8403a5ff4086378703682e235426f0bab5fd546b7ee516cc8b2b150b444a846d237a6947ea11fb22
084a793145dbc7c2e3483bdaa1cc7ca88bdcd8c5edfd1e52e1cc178035d7b6aa64b6b6b77733dfe9f816b766db11643facec150dc0f1da7e9d9ed4dc
cb60945143597153d587029c2e2e65b668a42b5fce6cd1d8f66f5f8138ae14dafd3d42ea222b66707baf175e7582c565a225544bcfcadb44fa463ed4
0b11af7ce855c14a148ca5908776bdfdb012ba51a096e3603c846229a4f859805822bd6f14e79156bb66205ffaf400c17aa33911dfb71dcd8703dbf3
916e64675a7af9732f7c29bf9384aceb8d48e2cabd1d21447c9d2383acaf3fcaeca5a6d31a0fa8a5b2036acb5d4c170c6caa2a15dcd38c5dc91a120b
4597cbbcf2238e253e94996304a40dc9e7b89c68837c97ebedd3d10ce462acf8307247ab92b43b2fea3f15f7db60f6031566880ad704d6db10e69c20
0a93d2484db93e72f2c812b94881c101e8fa0cc4b9fdafb177d995a64716ebe6fd1467a2b12b2fbc010d4d0c69661bf01b24ab2a0d0d7474d096dedf
c9582bea1724435f0f367646248bc96b301857412f40f916b225c71c162ad5f8721736298694bcb44931a4db854d4afb557b07c498a4858a1b3ca25e
ac26582d0e364ee7c7cbe7992f631a643f086b91ec5718acacb627188b44b21e5961aa3109af0fce9592ea0fd6ceb9fdb16d311adff541f494ead88f
09dbac87a84e2904fcb010f62c1ae323692025cce8d9f48b8fd84b9933ab212fd74828427c65afe2be6a50d4eb83057cee202270e49963048e9e7df6
faaaa8005397d1737c42386090bd078293cb9e043dda74a4b822244735c6dc03399bf9728d974eef97f1395243fd75b539b6df4574d2a7e14a239991
20c39715b9bcf22bb1bc1c1493c6a432fbab83ae45593232885fd5d31eb55fb97be56fc6d5d8948a84c1cc6a6eb47ebed0c13128f3857d82faeaa91b
bcc7e40cf5703540d57c212b90d84ef321a8f89ee44330cad2dcd8ae30a213956f972ace50f91e9b1fd99415c01bcc7099afc6559ae132bfbab60b72
832d42939e9d8231d6aceab931b867d67ad3028b42d0e1fca6ba62d5e973c3fbb9ef7ec5cd5bb270899fda20780e29fcdc86c3691b64865b165eaddf
b3a348a455c54f14c2e96934d1f22a349d687975e99f9bd7fa1c0632eb29bc9a2a763d01261ef506419ba1e63db79c0836f7e9a05cceef9f09f9c431
be90b46b813169f991d8a42f5338cc8d5574da9ee9a425184d2836c135057f3151deea973bc9afa05fe2dc21e367968c6f38b4bb073f7cf4248742ae
5b3cdf77d5ae7327e5b607dfc4f5bd7b46ce707daf7a4ecc50f5566db9a739153ca1e68eb3ad47d4dcbd81c3584fd22868593d43f37b483366687eb7
43a1eb0ccdef51b2d7b11024ce93140b32ae7357c19fcd0b29af229c89cffc91dfd05fa90a315c0e1e9651257f17179f1cbbb88d6b023bd11e6bf237
c9af606cdb19bae423c90cda63f5940f14e4abe6bb108067ab8304f596b5b065bacdc640a5ef7e3f320269053343d17c6cbf77b434ebb963ce2979a8
58e842419c20b453a5b3cb33f2391c063b9de1817fe63c1d49f8f325dbb0e72f712a1c42b15420dff3f0aab4e7cbb5274d58338f5cad4d30fad1b3e5
6b471896721e9e11d991f0d73786f23c6441b26c388d2b429b267e907b9907fe38f23df3c0e4722b09c6f2a8f9951987a16dd78e253f02d5fabd8cc8
f12fbf190b598ffc492288e71b09c6becb1fc61d5e4bcd195922aaccf88cbc1087f7ca79a054d582611eb890f7ac147ee070f0ae70e62e590f83377c
8913a63bc26802b285d36802da5bcc83b0117bbe641d1cf91249574ee7c41e24bf3ab1594a2826d7f3e150fd5ab25e1b484528d087d1f7a6991f8cc8
364f6e3e2da1d844ff845df83cbb646b08c65cb7fc489002cfa493a588bc649ed883ca8c3e601cf85ce1e6c9892ae13e91c5ef09c5e4ba4c095fd024
bf278c4db7cb8a388fac14c562c97a9c5dda130ad4ddeb7ea668d7268614ed19bf9514edcf57f29dab3d5f46b80ce7abe0ddb5710598285bbd0891be
7db580069141400108e9dbab561c266cd732638672f5503b46c2f6b4699ca15bddb4da20ebfaea075facd02a377cf5dec3dd7c9a0760931e8607f991
4bad7aede11e3d43efb9192bde24ebcf2f19bcea99284b6696752f08b3aa11917c873b77354402f9d0d74f1384db943ea8b2d47e861ce819b0cb1ce8
659348861bf6ae088b9ce7ab22fb460036dd17c86cbe781e7f3a217d726504e64f6a5b5165ebbf408af205da080e1ced5bcc4aaed58059c977ad5666
9da675cb9fc669283d69ddae56c1e05d2453c6d45755349b062f1e41addba42ed8d968593141e35d20e1615d55a5929abcaa6b9f3a586f35c1d8a2d2
934634377588b319d547c62735a267168e7d39b22c8a12f7a5e9c8bd5d928ebc6a9e301b9754975d38676fc94d84737655a54202f25de91119c7abda
0d128eaf9e580dbb5bbb9fd9542ec831856ff6c3b66745ee604788d463b2530dd985e6443314a9871969c81bbeaa4d30b21c7b98848775559f31559c
7a879da138ad4ac84d1bfed4d305396cf77c1b1e022e0583d87749432700ebba70ff91927712f0baf3508e2a28258ff8eaa7df44c7e94574768fff3d
0b47eb5d09e4ff7ec6cf97c4d254074b92efa7bd250b7301f22c0c15633a1e4f9ca195d591a97bfd721324c39f276e6815ab123753752b9f345577cf
8ba87ed379bbecd3eb2f7d0b6fe7aafc94bcda872e3664ceaeca89489c5d151eccd0f755053864d1aecaf8cca25db6964563296cf9418422324f468a
afbf6a2188b23d8359f2f01d4e8b631beabf9a572362bf2bbe9883eb62fd819c8525cb861d8d075c68f46ab2e268f48651f94d9dddf3863dd876ae63
82bf2bda2057f6fa6516656379451dde173d25f083ee79e31e5abb79f71d39f9160edb91e4a423e47b8601325df6d03e6086cf74cd1bc090d9f2c81b
526f179c3ed36405ee24d35e2b233f1ad3e6a28f14d935b9659475c9c3a1ac4b06ef62d548078c05df6bbe8c85e2d20c655d4d960ded5c9e4aa8e39e
1ffa8dc1f79b104a7ef9305cab930f8a40f035b98e4b4a5db328a78507e5c5aab1cba4cf1ea6137d4017517ef4039815c3e0657b43bb9107f085eb4d
322d9714d893e672a548ae2fc8804b219cb4f7925d0ba1c36f5094284aac8d0cbfc9d65e1cf3d97ac889275478705703accc4b8184ece8855542fb95
0de36115cef39aa661b17dc4f7493948a8d29e8aa9291cb89b161573e2f6a065de9cac13cf0b3cb4f3509a1eeaff4434f139a1449e1768d28cd23e27
4bcaf301455a1edafa76bfb235a1aacab6e1acbfc9f14de41cf22353a196fc3adab1a4e93a686ba337430376987e6b8696eb50b63e09ef9e249d28ed
cf64dad68b5a1d0f2c9a54de4f5559daf3cd89a5a2a67f734ec7d9c6cbb3b903d049fd5a440a9b4d09028ed74d55d7c4f1ba2b6c98908092ef08489c
df8c799750137abda780e90de7ad9dde0cc7eb4d67a2f96619fc20b68664f22d37e704866bf5ae25c6c4b53aa9381aaadcac384427c57c4311a47ba1
743a7278de9c1b92e9376623dafecdd0413dc3e3f5eb8d5b94fafaf9865cd47c19832565092d544d424748f7e4c070a46edbef23c141b84bdea81b34
0d9c6f4c137bcbb7b14d6abe74b4fc26d77badffe69bd0af67bebc162be765e28dc55c0afddedefd251dc686df7e3f65b9e5745e64d5b10d93b1f59b
d370970ebcc751cbb2b0ee72b4867cafd988309dcff545c8f7dc0e6f65592d3fc358db20165fce4a48afbae44a076c6d8ee7471af4036399b4849012
b8b189067ffe2a8a75e21efb40ae1caf4faeda21184d77560c06afa66ea234cbf90ca5d9a1afc5446796a3f5416055f3875e2c5d8b1fad66a5e11f0f
368716c7ee1c2e1dbb5314fb616d6637f1a770bd7d3061f2eafdf1eae0ee8c10e53fd9f9976a94217c3d0fdd485faeb6f5cf8e3d13afe49cb02f5451
6eec4b6ca1141b7fdd0d3d41d7934d58dbe13451dc8c60e6675eda23ea78fdeb876ba07303e2b06ccadcf9c50445661af7650d3e1e680ff363bf306d
5cfe30c6dca1fb426735b89cb83627071aaecddd441a0f1462ae9a5f64e4242b5fd21e7a9edc5e942565ba36a730fa5ecbb925a50f47e7e7aefb125a
5399c2c6db6b554930322769a3336f97ecef2b703e12b39b83b3fd40f28bd2fa7bd8406be2de5c12e220a859167dc1af6cd065f9e75ba1ebaf6c107b
6539b7d72ca72c5c9b6b9ecfb714d4a3e0f636ecbc441cf49ab2d3fbc20d22dfa10dfa811153a8e537a3054a2c6e43dcdbf48b6d9cbf93bee70f6379
29168980e919676bde8a4eb3ad5ce49406dc326235cbbadaad36340129240967e93abcc1de72652eb0888a7ea41eebce05b6aa5d264821888b65b2a0
30bf8c7a160467dd135c37fefd9545b9f1f7ac270636a41e0b5a8d656017e4c0663d331a7b0a716d0f6abec04fbcdc84d64e65372e28d8a97c176b6d
34df712718d61212fcd70f0ab398fc3c47fe48a8c6f70ea18821b7e517d8c4d56eac03bfe115bda02b46353f812ca267d1b010ae59347af14ae80e15
86c318623e6ed20bdaa264427bd00947f88a4c4667be6b51d2f1f67e39f225277849f01b736caff07c63333d6090b823fb88b541fba329f82a5aa205
f943c6d1b6628e87b47e816b01ec39c871b6631bbf20ec65f21d139ed57006365ee239fdda1de4f09c56b8b720c849db04d9f723c130cbacf9cb10ca
b52a14edd98ad0154699f9c9f0443ef31b304a3dc14f90ac2c1ab1879a9f8815b86f960c8921c9921714d1cfb369acc02d7f173b79eb426bc99dd950
1799b31c7ed10dd9d882a0cb2e4ffca2477e3f28e6e1ce090d794306b920c8b21b0947e89e8d8bdcf33957aacfb122586098881ef9c368b92b7923d8
ec9610f7a2ec485c68faefe5372e6d0e40d04bac2c1ec8cb4d3627841f63f78b0a1d871d09a1e399f3c882cc4e06b349bca905f580f21d37f0912faf
989d7c1931f472c985126ae49007af79bacbc399ba92eb6041b193f72644bb8bd033c48528630b8a955ab216a87ecba2c1558c2c8a826c64d958b852
1214f9a48b5f906be51484ca3a01bb92b696cd8b313f18e41de3e7962f4355da5d1ebb1a8d6c91e2ed923fe58ae431b0ab1ccd46a894cab797736b9b
f0dd4011b6400e9fdfdbd84fc536c999fecad6306ec9a2b1109ddd50d89bd26c41f4d4d6e396d53cfdf0e21eaee75dcdc8f0932434d8729e340bfdbd
0d6278d833a5ae52dc9d2cd79e38c6bccfa38a98f70d4b84a51fdb62f57521885adf051ded2a0863dff3a7aee33faa325759529a3621b7e7108c58f2
95713864db7a820cbd63767847ce06c735781c568431263ac005a23a1bf9360caf8f7c8910547e029d77f7cc0c9577256ee882ce806cbc6b21478158
0dc5f678d3957e845a7b3b7f2f5185b9a888923ff2f43d880dd224f60713beffdee2cf6ee373c2ad78324ff9cb600f3d8c4fafa423c1e8d99910770a
37cc89d9447243a76cbbfb07cdf55e7b825cc11c40e3e2572957e8959fef5893d747072222e1f77a64518c40cb106c743c7fcaa21bf999a041e72e84
78b067bd6f7e9a6f9192ba67f40faf0ef079d9590b7bb858131e0735470df384335f42cd9c6423dc6fd2e5701eaf78642c68a3498720c39210c35213
e4b81b59114c8d4bfd5497e26a3e11a0efaffc0e5b6a64551fde3257054f82ea3c17e8fa2ef7146edec76ea30a74fdcc5f46521adb101ee0a6ed5bd0
27443e59326cca1d14fdc1ab6b077ff043525786cdb19ee056aac773813f39f35d0c426e4ca2da0f19fda299b683ab23f9f881935e5af87226ec4ab0
2125db17728071e63bf7de100c627b26d4f88a7d0917dde16e23ca7d1e8a61a160a0ff05b1615c8e85a5207dc7086178ae15eefa3dbf31890465eb82
b77849c04bf016c98997e988d8ade98824c8d5dad9ac8aa75c5115d250fe28445945399c24d904c4efddf55431b76a92ae70f936eaea8218affca50d
cc9741ceed1a4edec9fd5634e6bbcb0427ef518ad0463d4d305875f715561123b94abdba5d7c954b577b65d99832b9fa3afca62051039ad35239253c
1d23aabd8ee40b720c6c1f4127f76d178c3d26c50b038a07b2ed18f4674f6020249c358f0c7f3883b19671c2b4e2f9869fc4f3b8674571d9273ff082
624957c792e3a4e700916ce7c897d156a95bc52874e42c4c286e4e2ebcc6c8f1e23ed59cdd4674ebe120344f1b6f296169719c2e720c2d36fb127616
a6f95c502ca19aef62f46a7e23f8e7336b09778c9e5f8840ff12a146a8198f0e62dae7854d030c17291616a366c938283c41c3e3fcd83cac1a66c4cd
f909730b03372d281adab228d66623ebf9c44538bf1facca9945630d48461a77f6e6ef824f7d65db82316d396ae45bec593298a39ec38d8d5dcbc940
09bce7104f2c50728cf106d9bd26ea9adeb22aa24ae4e513f38bd1b2e20f651dcb30bf18b2cebaada7c0056b8cde7f60185f9d59963678e1eb709f79
8d0e538d5e9df70e83d9ec4dc7f7b26451022b33b8618cd1537414c618753864618b5147cb77b167645abb74239bc3fd57fe0c4b8c917285eeeef792
1941eadbcb23a35f0c972d473bba7b8f0c5b8bf3e5c87654ea2e6062d43f450fc17095fd67c877b8771bef6741eff8a18d435ed78e0463bedc25e1cf
ddab2d275a7def5bbeb4e9a76048c17e2f63f0dc89c313c23bd3c8a92d8271c8cb5862ed317ad67af1cd21187baa27c45a3bf22bb18b4a7ee4e62356
cb8677fb851fb8617016043ddcf365c8bebc140d27fec8b20cbb9f0cc1f190ab303efe2b7f184bc44b1abedc4f739a204b7fcfb721fa979bc3d663c8
780f72f6759708cedcc53369c0c67a260d2217f63deb61dfca7887a5c722414271af69ee8b81c36bca8934df6832de034ea2c933862bf6d1b2a3c4a6
e876ed2256914dc2f5fa703ac37ce3c83d1dd1f0fbe1516330fcee8970615cd7cefce587b743f04b732d1c4655cdbb9e1ed4ed4c30782d07f7625b7b
6fb9a0f5b2e097dca747210ed479b9bbe43e8f0443409bad85d8cb705fa1bc1abf1f323eae7edca9f7269dd3115a6ee042cbdadcab17f7cbee0a278c
7e2e456c30460ae1f067eedd5b2c7617476e878bcb46732f8743731d7286976a7b69c2850455c6559b8cf6ab884de70eb89c7cd71851f57bf75e4554
fd9162b289c47fdff32d64d3e53a6510242893eb68f738d56a230fe930cc58858ba0ad4a30ae82dd537b228092059c1c01728bd36064b61ff7c09a50
5c5c3d15279c802cd5942e94ac34e8826b79e2fab9bb56c239b9a74e64ca56ca0e4e344a2bf6f51f2979f82eef670eb694e1ccafd03efbec4acae672
6f19f9cd5018fe9ac7f1998d27a15bcb7a382072b830d36c5e0566e82c8b5c45b836efb99b2617daee360cdb90adf67c3962efbb12c27bf9255b1596
21868f5950704ed956d2772b3f7f775b5304c3babd25b46e55c729997a9362dd13e0dd1d9e2ac805fac8b277b4c7b221eba872b97819f72e6934007e
0a6ddf083077772cf1f0eb966583139076879ff103e50f9d8426f889ae64d138da5a56e3eaf2651094e200856371af728f1129fff9862312e9015f5e
11de44a849d55818831861684121a539b21a4eec23eb0921580e087e6d5d82f6c6f1a3fd5a308397cf6adfa165ca5f7ea33d8e55b0a829018d68fbe7
2b6b99920a9b8e254873898425c8534f96e52893ca6808929a9bb74b2d5f2e79c7cbeb4d18653cef76213b5d0539ad3621fc1f6bbebc586b59d152e0
ee2e4bed30a4ae1f2467a949f9e4721a829048b77818621caf922f39b35dfde1aefc34deaf409e5afe50fa98bf848f92fc87bff29e429f30d978eac9
f6b1e15d7a117dff79696b2f07d35fca61c8df7f0870babb6a3e9e5ed9f1b891a478118fe5b24ba23f2c852d3fca6d253b8347507e05b57677a17cbc
f87a207d726974416429bfdf720ccad57f3cdbbc0084d7727b6d5913678a1c5c782defc5adf421287c6a47bede759f4df847224e30ffde3df2bfca44
243d5f03df29022098ffe9a0e9a7dc64a7be38cf7697c757be47c6f13b62356ff992b5239b1d7ecbfb2beb8dc831dd15f0f5689347fa069d4a6eeaab
98edccb29cb49e3a5ff95a4fe9af26eaeee230b8e9a956f92a33e9f99278ce87106d1859efe0abf9167e540e2b2c6e8e97cb2e6c6c9e7edbd1193457
96f3ab1855e2fd55bce147b17829bb3ce7dd835c4ad96faea7ae9c9b2c2ddd2d1e362e2d79eb9bf0ec2989c6e2e5a936cbdaf82ef8a60df951a6d893
3a4c5e5ab29961f1726cced38d5cb54b74ee411bfc0ab289fecab28803a457f73a5e5a2a686e8e979ef520e096b8de186ded09419f24f661ffd25e47
be0c3a2c0377e390905aabfb72c4fce6456b1d79f7b46c85c6295d627b43c2532a1ce62806e359109201c9f49d33ec67a67124b3b05427c6736090b2
2b511eafdcc54d30e69f891958a4348cec17d8e26511ea54946539126b7e86031b1a3f5ecc290d1e614cf24036814d0b31182f36adf2dd81c5086126
171472fc57168d73edb0758470ea593454f21a773c501c7a878dc3756efc5efa4bc760063bd1fd88778c9620dbfb0722472fd6c4a97cd8e91987550e
6ddc38460e1767f269db73ca1c11c8b0d2caf122eed7cea132c268e3f9e92ee48e188231986ce711461ac6c459108b28df619bdcf2257bf2fc33391f
1be6dcc55f8e60b8ce84d6dcba07c7266f586cac3b14e6636c4c20379811c6180dabaa05bd299a15c561e922de9cebcd6a39b0d9a0837005bb62c0b1
c10fb239c626796e0e02345779dc8800054f59c7125ff43dfb898f09e6a40bfcf253db8bcb0926a20f0845ce2953d8d82cab1cbbf855564d8e5164dd
7ce547399f8bdf8c8cd0afdfef624c4a7e3118780ec6b1b3483852c7ee2241d431768288e07b34c83f7c48c94751e8e6aca4be85138c0cc3bb19ab07
39850fe52023f42bedc5c1384285b237f77ccd6f0e41aeba2dc1e834c48f94c26b2dee826bd757774e28549ea2f92e1c66b76c00aaff96df5c7322e1
2685f056ec57c52db82714923d07b64291b8ff8d0acf59f39d47855f64e9d584b8fcbb17c80a5c9cbc7038dd4e2708654a52bd88989bf7b6a133eafe
fb2183933f8c53443a5be5124a36607273cc0690dbad65e1583ecdf989457928d81b2857f62c9a84cd8f1ac735a70b0ea3e52ff17bdf6d3d178c9650
2c608f90ea61944b8415ec66ac329812afc659e440e3a63a64e04d12ac5e79e8a5da7bfe92f3d1896fac9896bfc4118ba37f843aa5bdec58a853dacb
4168c67fe3d85d11ba0177c15825bf97b189b356d6ccaf648f63cbe6480477db3e38bd6bd613ede9f9929360b7637a3a643f2583bb3dc3fc67a971ff
48c21bc76356048dec3690b0856a7c4945dc5e3d3fc23c48d970773d73e776e240f9cb3e9ced5d10da01774912dca7de26b4f33241dbe04f59f408e9
477876ee9bfc4357ed9315e1dda78af501f710dc26045b75d840223aa9ab1d110636452b99f4564b3992deaeb2f9762d567c8f06496f776f25e6bc7d
fa7d08c6e85a0f5a8352128acd8214750c1623d224b2e1eec9260d04344308e5b007e9e01ad4b3a8021ae907d1599fe6f89175ce1e55066bb0de4616
8df53fec15872e3c3d196d4ddcbcd2e4c2be665b83d4a92023bfad713186e96d4f992f84fb458215b2fdb6bdb2e415513a6c4ce889b7577e81d5e379
824fa772f5113e9c4d25e51878529ff9ced1f08b6167a442852cb887c62b24c13521fd8222f744c96a429e90e3ef35ca0376609ca24c9894b8874aec
313c33730024732e964b81b124f152e5e48ab81418bbbf2e4c1b15b38c502e6cca0c4604723d46cd5f868df8c86a21896e45540dbd27b444f9c9a45d
a43d7048503b9c9ef74475ad1e2fe82076e5d5235c43b7333b120471739919b775d4fc658b9755a80764c307219b5a16458e33b26c4480d9b3da775c
0f1c002488520963ba2a111f17a185770712dbef57420eabdfb808d12bc933cfaf42e711ea8bb6c99c5f1ae9da588f63f981f03d35ebf382b876e404
5d21d775218643696461fd23ed3641b006f70f78c62f9dbdb8746c39436b419f8a02c6e5127e254858d4ace61d2c886dc51d5143395207ebab3bcc1c
5c5abe3bc370af0aadb13bec15315c0f398e6968e12234a2a55d0826429e2f3c4ddbb6e50709f4931f8c05bae527be01f9f95892ca284922bca6c36f
b0249dab498ab6338b763a7c0a3e8d3b0fef96733870b63cd660ddf36590a91fe4c065b5d8d7e408e49af42ba104d5ee8a94c247ae7b1c58f73ddfb1
b072cce304d4f66c4c654359291caaa779a82f8ee2e933b5d6933b9b307d92b888bdfaac962c1a891adc69a1bd306af720a3f0ea47be5c47cae6c4a2
a2386482df6ac05a8212b42c1b8b774f88cbbf7382fe62db135a677791370b6d86a179074982d7474ec170ce94217d9bc725a1582f8e2b6a8fcd790e
4587d12707797f5b1ef1683dba3656233c5b0d063848fbdb9223790f47c7c6e165a0010f59807f77d7b71cde99d5e2f320a4eb800749a82f0c34b3a0
705892e324e9efd08666bca13c392310178fceb71c926b52b5433660863a70e4bbb8a669ee34c2a5d440f383acbe06e31864f13506e9c34660e8a225
d408c7503d7407697b0d0fbaa0e895957e98f333ab6954933f8c493ff387f17df7d2470252b29e380b46fe50c6b90906e9f58cfd601ae166fa685997
ef0a17aa046b4451b0d661ebfee8563f86a155d50c900c589fba05710768094eea4d3008cc99d0377c246c42dc3f37374c789bb6d3f5fb09eaa2ac94
b4c1eb1b599451774060c35c031f0d4025369154389dcd06215acf9aefa08c5bd61a643b3b19cafb243d9f4b52e827bd7e4a513e9a05b9f23f180e4b
c33eeab7a45a1f169e1c7e6834d2e69c04c46b9cb3da183b99f68f3c7ccb5fc2894935bea856bb85230e6bba068c08bcdaf2b21c7157db56f287317a
f2825f44e1fdf7438664087de2deea0f878c86bf1cee36cb12dc5eadc9081d456baf2c0b43e792f9e60aca9f46b7e5f6d458e849348cc2aa899a798b
abb4ebabb45bb212ea8cb4921b5f9649b69e7551f387116b299b8707bc966523dc859721ce26e876b4b5d3bde16f156fb70411544a92beb2da39a0d3
bed90a0c3255ce98abb8e91936506f6cb20337d326c5bcb1b6e87607f5861a01731537fd843257b1b27b7215ffc4e46837ba461d03f7dea1551d998c
d74f1951fd7b55520cfc7b7b1ebab76229dbeb09b467591bdc046160f60439111524dc03a9c74830d687fbe9f60cca7191675138702b567045a01ce9
ea9a33d171cf510c11530a95c373f7d87bbe63dd29315101a2be9654c63f11e98d2dcf91efe0cf7bbe8cdde7fab8e1785d6926324e793dca108d0dc9
4ebc11cc6c909cf8200eda822287d0f1679b944c63cc9c5d6849ba7ad14c6acc214d4ee35df924298dd708ec82a1dc1859942ddcb3da98a29eb5c256
1ed974a728eb0d2e8625464ee3436118298d37e2fe0e521a1f67b6159fca92efec4882502308c3159ebc3b312a07198d0f8d0b33a1b1fa0b121a6fde
974860bc5e667b6c7a07c4364cbf1f32183fbdb622cfac6ec738b372f4b0051a4756c419f1fb29c2fb6ce145dcddfc4a98cbbe6c91f7b21c30d541cd
9e06efa40eff42e1b3e7d46351a8d0ff0a27dd94ce5da1f049e121c98e1fcea5d895e098491b34486f7c4831ae50ffe4edf37a119853d24902e3dd4c
b18394c5c9eb5f9bec12db860cc6bbf16c07198cf3b03181b1aeafd7c60a723d19855a27f6cbb0d3ce2e3a1d0514a6286edb0f0c938c91f584e4a9e5
3b48d2af6828d95d7ca1fd3964cb49427c6ab2726dd8e98c845897a78d8359391c0163b03aea1bfc88eb67c3a97b772e2370f45f2de71a0d81248fed
4190fa411adba69b25596c5703f2255b13ae94acb67bca56aef08f6c3a5d5efa47aa2020cb6dd3e531b3dc6aa879edd0357b4d9adbaefcfbdad5d2fc
ea8576fc6a4263e86f0f644afa0c5ce103d9f4bbbb0ed86f8409977185358726d36dd353ed3a5c5e6796b50d09322c25eb65dbbb1fc38ff1200df720
3f6dfdd51bb7e2e2a09082f6e8d95acf9b62d9e04f342fbb0e2f4825c1902d1eaf7f82881f4a75dcadc7a58761111cd1f1ac172eb7640b67bc4ce8b3
02a3b8c68e35fde538b2f1e1d02cd5c60152f71572e2ae4aab6030989e1bc7b47559160188cd09f1a24625a6ba2dfef054a16f734ee73a5f96a065f9
0e0642e271a244514e7a456cdea67f1d996f0fe5cd64be5daa23c1d0ee7b9f7c20ae9723c13deaf123831485f9ee8c777e512f26295df84536bdd91e
08aaece60857c7e7203f84b6286abf5425b886cf3835744c224dee9e3e57a4c9edcd8578e2c650f21d57896c6c88a3f7cda10cebad9ccb535ea6da3a
2cb27af664da319b80a5b9a27333dd3e8bf610a42ab84952dd36fd52c866db947a93cc7615cd8a98cf91152111f881319fdc2d2ebc1ee58bc87bdbf4
4e20efed6ad02908872df92f31d9ca51afa2aa41225a06edab42eb3cd4ade80acfc6ed470a8b3cc3ef970eb66dc0d1f57825c811fd7b7bf3d6aac84f
ee3dce14a707b28fab224efe417ea60ac2f94a37c31bcedc108394a7eb25edafd21a399550d936e573e4385d2fad17b5d891d03ade0f19a98a3db1e2
db0b356c315a03994c9f5aa5ce840fce210cadeca174f93298b0325ab29336ed79494eba1a94656f402a6a19f82341bb3604d7f2f50e75e1c5a668ed
420fab11f185e2550bde0bbd6b39a4128d7832aebff0386b5a799a115543dcab61d6a5a7b20952972fce9fc938b1820f775a836638eec606f6c241b2
d4dd8c990b8c2d20ddc45b2ded73ae50bc36ad7fafe605ba67fbee78693d2afd5d52e85235c622cfeaaad68a3cff3d74221f6ad3c48f7ca8eb65968d
f649f31bda487d86c88eba9f7625dcca9a467c64435dd3b009a2b6768d771848456a0f18cb180192d951cfe46f498fda9323e998f1e9cc46b6d4d5f1
7cfb8d9339eb8d31925de9a82bf5bec874a9c96544bad434d831236a1202c2033f9dd9059711fd2bfbad5c5e62ae8259b919a94cb79e07911a664555
577ab0b90d513897231b81f9f7915d0d3b218df31e8899f1972160cf83b27b12b8208d2cac9311194a1768c7a79dcbb78b5e2a8dbff47e3b7e65e3c0
413845ded1a6691269471f864ea281c239af7503160059d535bcad8e7c19d32f7335384114405d4349c6c8afc49e903fc0f74c4f61d38cbe54a89167
b491d168985874d72786cca24deb16328b3eddf44c0b57b496d724138be6f112ce675bf3d634d8c04847c82bba3e922f63fd49c3069bd2f91b7004d5
9210f26ae360fce4534321dd723b0ce61dd10d191c770d9148d9b83e7f0a424ef62c1b43279dbcb82228c82167e3eaa4605c38d55991b37195f5a7d3
a1ccb770e423418e1ddb801c2d5785391b95b790b3b191eb6b90a5f179a9608048b36aadae9952b42e2841198204372842958fee829d7affacd7bc70
61fa5d4c2614443e885c8c2377fee43491f341cf377433b9268ca43e20a466dc7eb79889dc2cc51c7835699a7ae1d4d47ebf64c88efce83b5e5af4b2
450932330e3e9e4a43cf13922e36c5b3245d5c65fdcce54439be58418cfc652c3acf301d97f2ba4b4ac6d37bfa8427f5940a3d60dbf35d5c3595e991
83b1291c2405e3aad4d641863c860c697bec5996757e66b5b4cee660b89a3763d32ee6cd58d7a5bcfcbe93689d823bb394850f3e9b6f63fc3c888863
fbbb8111c7f695f34daec5574ecc9b634a5f1912283ea04ccadba5e361f9c64e41e78feb0d3fe139f51e7e276b0ae2d01362ad7892923671e85961da
c4575ed0df50274fa6379eb287c4e20d4192eabecd1e224341a4d9a1db08c91157bdb6903875791885a6efb98cda9990b01e6eaf376e22bf71c0322a
eff64484d5b6947488cfd1ee37d1a2e885433ac44dc301d3216af97685a6afe91f7ca1e933681a99120fbdf5cc8cf8ca79f874bb99b5b2ec4b567447
458c50e8ef5a5e06f01f6a1248f577399fa1856bc96ba376d306948c86eb1b094a8dac16abe2bcada34d7bdae767dced1e9c2435fc5d6c3f977db3bd
1e1525df9214c2976b92ba6a944badd891bd990c6042258a5a0d4a14ed88c84eb87e698bdc8a8e36aaae57aea22fd3e452f862f69f37ef2f4a794d87
ae5076ad9ffed90dff29cba2f2a45533a6010cd90ab7dfb5fd2b77e9f1aae38f5a7312146e6adc48506866b4617ec297fe2f0f18ebc195142e424769
599405991034db73f9eb05c1a39710bcaf5c835f17448e12f2665d3faeaf0ce3916f63a1658b2e3bee6783c0b7338b4eee62094238240668ce7efdbe
48c1658ba6fdb6bde1b8d0b27d445bd3e1e5fab274b22feef696653b65b3a2c50325474670dd96c389242ac513a8df86c6e317eab757ee8308afdb92
83d5d748a39a0bf5dbb127e4f8ed826c19db80fe2d774ca8df9e6af323ce4b5614b4415e53fd5a8a484285d6723bdd61c3a105d6750f5b70083226d9
daa00e292dbc49d3fccad6863ce24c5e2554642db75ef80f3d50158a05e8ece24c74384737766729aaba7349f94d421d9cf9cb8b16d85ad41d29f420
64ee78fdc01bd09a82c3fc75343883dfc0734864af7142d5dbe9c24949338eeb9eb6cf9e4d0ee52ddfb2e65b821785ed2a86e02927bd5d372c861931
74bb915be68b2345739ef9e214a111f3c52a827599a1517bdebd84621dd3bef962d59c598b03963f7c47d12e1451ed5a168576220199a15e3b3de1e6
0b558952a119fab5e723f6036a439f278e4e4ed10c47a7e6e4ce977c473627ae36061e9b68d05e7a8ecd978b2f47c05b6fb39b2cbed39e5c5081d3cf
e0fea21073a2503bce3f66d95c45a3b9677e04a6a4d933576a8e3b5e350a9b1e10f6367b83cbec6f8c82852d5bbefcc667b27d77c8c4fd28cbf67488
b062d2b167be58b7c54a656e76ebf19e9d734f9499578e11aab96e0bc29c443a3ef1ccdab3adf2b72d9b108de5124e9ed9f59104b9f943d6277abb97
64dd34b4435723d2d03e35ed422da0fc65388eed592db3cd7d60e27c65ec40d3c5961c3ef4764307abb9e100ab7727f9624f2f6aa48b5d65f3658c42
c98ae0c6a0bf7393b7cd06ba1eb988cfcdf5d8b362684fb1a721b83fb249177780dd8a2fdb9f6fa587f99661b1853255bb5f25bc532ed0cdd3af5a13
127855f63342d93e3559af74ec4c306848f68600737af8903276758ed90885d3e1194176c855b60bd2de2114594f5ff9c3d8e07042e48a7c20c6f360
9d572bcd9e584dd8b6eb934b32c88314710b0a63f633abe18cef7e437aec323f1512ba07d0131d355fc6f8385aa1273ad41590def1797708a1d66ef9
9285025f619ac6237f8962e89565219552d51372d8acd6b84209c17374db13972723d8cd930335bf78d1727b85189e4bd703c59aae0961349bbf0b8d
d69e7542f1bb45e5b338d0e7e98c48de4e6fc4c39a262e58f9539a3eac78c2521e59360848cbb2f48b5e861ea81d9e2b25a76b0842c7618f1e30e8f8
33b07fa4e3456ede25539869bb5264c24a561b53ddf29bec04091a7a20c31c3d50b4d66d5190eeab249aa1ea795eda95a01e068a9945f2203d0b554e
ab59cf220f47fbbd63dc252c456251f26d8cc1efa5ddf49b984f27812d24a2ce7d1b59374d403bc8ba79d4ec661c412a2cc9b2695ee505c50a765916
79a5ec26e788134f60ca970ce303a2de2a59d1179016548f0ea93aa93587de4fd3e0938add27ae93c7ef25439defb861b901cdb499c4b77a948cfc69
88213d2323a4e47e28d09d55199aa750c5faf005ebfc80f4d59fa210793966958919fe32e4abc7b0a7c6927e251854316bc57b51b5e40312d5fc9560
4c8c6431b5681e0e959971f6519bbd7e45390bb2b590fb912fe958b63626d11827a4e07c8a3a5ed3e6e5273905b367d896eaf54546ce55f8148cede2
1446d8c896474353f255f225c357856a14cd5addaf5dd0c6174107372bbae3a7743b546e0f645185f09e551101b2199790149b4f519b4e0cda573668
302bdc3ac9aaf954e451a64be22b3baad4c4112493e6cb3bcc0cd7c276667331c83072d603227b935f6ede773c245bc8d7cf5796b54df9928edb3712
8628117ac0b07e6ff9f2e02b0e0b7687c66b9ba8ebce973d8f03b5e704c729a0dd3a2939db9983326d0ffd443f37f4569b847d4c4d322939d7db3f2b
3f67c7b65417b9191ab8f51dc6a8e37c9f4775472daeb460a2496b48286687a5d3eb6beab999fc4928d69eeef0323ce81ee8144245538562adc8cd87
cfdc1ace7c39f948fe72713d86ef99c321cba226aa0888007b437f31d225368d2a4990b85e26d8e8e6108c39b3d3e1b1d64ea95844cd7ba04d285cc2
647a705f3ba59c9763f70371abca6a3a2f13b497f9c9e8971bff52882403103e6aa74a8da91b5a7261e186f6fc32a1c5dc1d1e4b17962ac9a285dfd9
5334a1a05aee9c0babb7e47b50459daeb6cbad92cdc377280fe74bc6478e321ccf56615b84c592276ea4396c068099175b654f2836ef9950240479e5
3766c86b6dcf5a1367fb7d90f5bd2518b6552d3fbf6cab8cca37514a1daa29e62412da0f72faaaa013d6042760175ccb529b2dd31a564fc5503b9999
7d90c770cfeb55e4317c7e9710e7a7fd0a2d53a967be5c7701434790f1300de5c878d8341d9993d5a35c62b20f8ffcfccde8d8b6609d4e2508a8a35e
46189993b5e4b84eefebb2c9e16ad6ce5f5198919a1505f5cc01c8159160e4ba49b626dcc9d65bbb120be4fc418cc89120932041c7bfecf4c899d3ae
51f62dc594e4e843a6cfdf4cf5cf996fbf11b0781742b2e4c8a3fd29795d0887afd5887c0b97edd5221cc03663e390e770d5e45721102ebfb704e2c8
970cf03fc391bf318bcdab0fce63c7ebf75518c733c19bb7cc1c81f0b4bf996fdc7fe4222310defa6516e5f6ef0d2214474f593b7e716c7b1923d8dc
cb90242416dc7e1befad6ac18b8ab904f5d52497e07397ceb2116d3c97e13b37b46d8afbcf59b222fae6dafa284ff17c0875d102bb60a5a62108d577
9ac319ac9d257ffa34a968c7655640e3a1911530e3c1cc0f2782fcd487f9dfbc657dd8e0f2486608d4ef737e5c00ae8e4f2e802cdc296cd706e7a28b
e7830045e7caf991a572cac38deb4c0a1d8aa7a693f5fc780cf4040715d908ce819af5c48cd77ce737f3a5dfb4e717bbc6a5f4212abbae90f323b3ed
bd2c54564fc576d543e24c9069f394084fae76bafd3ea1693e6b56cbca2ff9f203c857421f74a80e9aa1005a2fa9f6ebb696867e3158cfcbe997adea
aefe3a532efd2f0977b49b230b634bd16fa8808ac61726617cfd7e09c175df461cb855ad0dc48f2a2fbde147b5de5a939c6f160e3e337d304960b895
3c82bec8caf3c846e552b4f298a97271106fb26ce6cd8cc484e7f67b1b92649cda1e5e84c9c1bff4610c101fe2ed795f88beca19eb708137600f10c9
cf41bccc078c357c7007bc31d75dcd380111d621d05920369971fb78c010cf1e5c0a6fad3b0f544c0f188bcfc4abf745668693dbf08d7967eb36392e
a2cfcb419309c0737221ba31736c84d5ba314fdc4c93706300b81991fa014952106bf1d686ee40fb7b63ead6177bff07ea7e6307d7e1316fece01a81
906fcde04ecc006ecce0fad9b3e872923ded49046a5fb96184f0317ae5cb15a7af38313d5c304acb6a966ca3f443e81d50fe6ef9c896dfe7bf01e527
c24576f35d9c331b117f16181eb35b42114a69df85c2b9f7c81f927fa726485e9cfc61c4173c1c0d83f99e4211ac2c7b7145ace16cf7851d4e7ef013
3c1973dc5d2ddd9778991ef9fd10dd1d48186eacf31698bf0da6112dd08db1de03b604435b586c519c89070cf8adb19e36be0b1c546c6762271d47b6
3fee410797d705867505c14316c84edab3e62f60b6e2e6b77c88c0331b32d51b43c0f5a14d90ee1ea720dd2d5998eeb6224877f726b8ba4b8a931bcb
c05553fe94ee9e59168e6074c1f0ecf995a5b76d08b2cfce2c4b6fcf6c04bd3d12a4b7c3feb8658b550d7a5bf22dbdddfd2dae0647cbb7f4f674e086
939b2024a8d8aa4177477e28eeb839d911117ffd364166b76455a13cdc7ebf25804a8ecd70fe1c399c5dd0b72e901e492088aa731c7bbea54792dc30
63dcbc12ded831ae9a9d6c82889d92dc089bbfaacac24c60cbc2f4e8c856c5044a62c3ec71d35e6181119f75cf35168cc451a5b161e4351cc749ee09
6c196f440e0d63fb070a35075cd9828236438b66acf246b29b7b62ec4ae4857b86dd1817b29b9b417f59f0ad7faf00a1250470d816c06354a0450d7f
4cd0799321bd6dd98c887f9fd52f7fa6233f1c390d0f81c56d1ef9ad1595bdfac690f902f11b8b1177e925b07e13fcf30dbf4f1ab4dbacddcde6444e
12e61e361b1dd16d3aef338badda38d548e68d94ef01c8b7ee9b681b6b14f694d8a337cc29710b6e12051343ff264f3029376eb2047764b5374982b1
20b9c90a1c37f3fbb582c7e0141586a881081f926d0f638a077193e0ad4788b180919fbd4293052268f1162cf242e0fefe547106e27a9121773b2252
5120761cbac3865f44700e21b50171a1c358ab5e046651e7ef2771d49c61bf148843adf362f20251b02d8dd07381802139faaf04c6eed83b0702fb3e
8c380301b3ddc2ff33105fac71c3ee301084836de1d6b81019da338c0d0371dadb311211a7c819bea081a864ca08e54e209008636b16881fb3722602
e55a44780a04b6a9af885d1788b85b3d756cf66568d513f78885d0211a531e1038fb07c50bc44ee7e2540a843ac5b2fb950b5d0a262b81405ff2342c
2b0d2f9f0d13974048392377422026d310f42f106f7f92b37f1134e188b8b9206000c21a7821d0ac6de87b4138fbc33a269e22283903413b50de88e0
b3390d882137747081f8107ff270396ca614421c0b02fe219c1503c15187501604c135ce7dfb2126259a88c9a528ae1c202e7fd213115f41dc1508a2
dcd4082a0a829891e791957eb02b0c6156206e11a75f31c46a8b04b022c2a7a4674b47b3612d4bc098b4d311db0887b5b829bf4214a1a7c4c89f7cb0
343e8703749140b4f62311a8605ad9ed1c8e26ad273cf57a2ed2936d9eb4bc4871b65c0d2bd3fdfffa5ca134c4a69c2d1118534574aa405454aa114c
54c41bc49e08565744160441d2cc52b29168635aa95902fef741ec3f04837766478947d44a4b04a1585ae9f9130cbb1e04257672f03d0889cd4e22a9
2510cf12565a7f882fa3572536fb20f75539a5b5fb98b4b4ba8577fcc53752cd0702af6c22b404027d66ab254be01dd1e2580bc4475f36d7ceae4d27
eae785d0d40a193708f641e4040d847b3aac2e0331b056db388c962b36f69d1155ea411c26a36bcdb57274975ba41e12c13448171ec424d09fe371f4
90b9ac84db9b08a28e9cdb995fb9095e1a2e7622fcc9f943f0d97afc108613fcab8e0bc4fe43dc207e75301e8dd37b21944eecfe240fa3d6ff424c10
6722c845d71cf50781dd4fcbee8f83aff42d7f4222ccd6256907217b1f84c7c4311cc2f1ca12dcd05acf211cdcd15a84a9108161dac812d2969ef332
7025683d478c585e0fa264c382bf7a3efb6b2986e22460176164a36ce96d12bb962dbd398bb7b2ff103725acf472157617ee41c88885b08eebc2d9b6
cb021c13e94d1baed3639226f9dcb3b7f3e0a2191e908120b16e1b52bd43739e7e8c2c512c9103340d913bcefc093e8d6de45a474fba10f9d90fe99a
87b37f9221fee9be0bf7ec3bc436ec140271e2aefa7ae54f704aed2f97c383202a50e83a038152e34cb6eae909fe942f29f869da813c36ced1c9f1f2
f2703a8d0ad95f320da7016c4854b810170ded11b238105c6efbe6903e870425b62d4b7cf0fdda64804e0d417b928f739259f8187277e7ec5a1296fe
434467b7bf1078856d92f5730ee2176caeb9735ec46ad8b2e9f35673e359513adbb6aff0257f3cbf9ed2c404d99cc4d2c3077f218a080255f74d66a8
90b97221f2278df1dd3ca70b19071722ebd01f7173511703f9f7e4c0cbd8b1057fb9ebcb387001deb7fcc99925f22795240dfb9e08e2b39ec9b41723
95b55c4c65909aa3474a051064b3dd5d2bc56022d5e12d78546fcd1b4a2010c4ca1a97f479de5df50537b567def72c31f13fdf5d5d058fb385a889c0
f73462a805021f809e7bbc4c686f0f871c10d471bcb2845cc4eb4844678c8fecfd347760f2ec0f82b93eb2a5d3fc7d216b080459d07a32f1651a6df3
90b41454900b91951afaf038b28e0fe93c92892fd37058c7913f2150553f8e6ca999300ea9d173ceb3800ea9d1832082df21a97db857eb28f913129c
f7d0c907a27385ab32e0b5b3b9cecdfbd883c0c9fbe8f9930bf274c834d48e3bd32b5c5416c2341cfd90c4556206af104afe84f8b0eb52f312c10da5
9f0e50bd0e11d9b98c5a72ca43d6ab202fab7f21a03e67c93ab0eb3a23c464209a95e6005d6eca3307286563a794a35e17837c7a48d674520dcd5320
d0ee12607f21b4107fb87abb3f3762a3142f5775eea85ef61fc2de16497e4548f4549ad390abb0ec59295aa19e3c7a9d782cf422cbd84c494fece340
9c10a9822c6221f0d12f1ec54d16a9d76dfb212688572298ca2a096a244379106e8fe74c26774a953a3c67212dadaee4852820b20eddcceb99755ce6
6af97de5c28dbebaf81b814f37729b82608b55e7b611fa7223b7e6425ca6bdaef27f8d00148b9775802e3e4b5291407c99b92af7dff41022c44a20cc
23d4a4416dbe4877b7e7784c821be1041788a25956cd12956ddadc1e0d41e342e44fbc9e2ff1e21fcfafaef4a73709d4838074343bfa9c455ca692bf
5e196f63b09ae3db4905b810590791ff08ceb91043f2d3e416bbe9511e843f1985d052c981afa4a40c56cf9f4c623847a6aa85c82030dd93a413e865
21b64498946ccb9f84c9e88a4576fc10e44f7001f6dce5c92cf7ab67c6bb2c812ea177cfc0950ed4ac6ef995cc1e2aa558293749a0e2f25a493741d4
fc8a275aafd997db7cc92d3f7b679a152b850eb42a13ffdc5f59085d46af3f6b872a644d1edec8643b3dab0885d91a8efa43f091fe43983e5ce66565
9aa46f232b9d8ef1c84a27daa29605dee6119277e9497c86b4c62ca92bfa674b84a1245cd32bb31d2594b9ac0899440e705632b6fcd165448cfebc82
6924e26d4c148778c593a584d4d9985f2ba8860dbb86f6eeeee065098e42205b3a9bfe21bb75687a38c21c060486ef87e47a85dbc6565512b70cf574
68cb4aa766cf67d631d30be54c848e45251b862be078b51f62b4ff1e71f597d6ab32510f42d73817d4b3abbb56e6a788439360c7e35ac191ff7d186c
661d97ccb364f23285dd4809e435f438dadc93d720fdf8d894622e851a264e72444ba57631625504d96ec7268b745da4e2383729d02476f246486810
1cf8ddb95d0808a937eb39d21265fc550221aeebf44160aab09f3f4484267b6d5e71170249a85b6e1274778940b2615f6522eed2498cdc9536e4fc21
b8f4b970178240d8fbaf04e6579b446b1262f641b4fa438425c4f6eb3e8613e7d6b20eb2d4bdb6f117e286adc886dd98f4edaf5f89606f8e5a7e25b0
804bbdc02434e783907c4c2365bef6fa2b815542f2e59f51d0bc76d9ac673408dcb149d5bf0387856391c6fffef83adbff7c7a7d8906ffd4eff6bb0d
495a52ae7c1b2034e5270fac5bbce2a39b789e2d8f88db261fa3fc7e21dbdbff42c4c044d6341148a05cf40f02ed7adbfe42409d240237d12b5733f6
44a0c24d99cc7d6d7c36effe0bc19ceebf127ca51fbf3ac2a8a8fd5a1ed9ae5a3b7eb0511c3c751682beeef98d5d53b9fafb09de414dd6e941604790
429c9b608dab59d9d7833c685bfdc124aa3a5f3f44583f8f1c0be21c9ea9e7b90966b85af1578968676dbf6f84296ffdabc0342c5f7e1441c99132c0
85400ff6da7e086c6d7ea3773a18bf8613692f356737b1f656158928da0d94f643c07afd66a0b8327af6bda27ccffb71dae29caf5f439ba656b5fe10
dcca6b7e56db7cf586cfcdf6634a9cff4504df7f5cfffaff7cfff6f7fd29f8f7b246e26f7f2fcf10febd45fe93bffdfdbdafcead7f6bdcd620bd63a6
d7bf308d6a81798321dcd58339d6d563fd5bbd5a8be61d91329f7f48ae5e0bb356ddfa0737bc3017bf2274c411187e65b4f38599fc2a6cbcd694bcc3
0761fd0b01795b4aaf775cc0d7bf6863703aef49ed91797bc3f6f11d46c0eb5ffc3642d1bf439bbefe91fd2b30154cecefd5f68882b2fef1bb454edf
71fd5cffbee0f6c0dd81239c497071efb00e5dff26e5d61722c0c4fa676c7d701d5c9c47a1677a472087e75ff421bc39de6147b7feada6bc2875bd41
05290fc3e977844258ffd6a209ebdef7cd24c151868de13bc281af7f51d9ba06bd438cbefe054d0fabe74f5cced7bf37b816b82f383eba446f9fb8d7
ad7f25aa1b81aa810af17d2ce64ff822af7fd1b435cb9f2d9af68918bc5bd0cf4f10c2f58f6faea3e4138eb5eb1fdf0cbb96a5b259d87808fb3c2ce9
f71e8195795856c161abf200b19ce321b2ab75b123b1573421b0e186ccc35a0a95d8fc0fb8761e0f63d97a88debb1f0cddfac0f669c5693f4047a8c8
81b5d1826aa29f4f0e32f82e6826fa1ba537d0d999381751470574257a59b9e129b63450593a52aee3e9b5a02c1d112d8899b3c3cef180c7a5d89ad8
45cd7642a82eb0277e80a7f290f0f1b04cdc0ec7300cde78c01ca70ff12df1617b9fd899580e87c08696980736cc0f5f131f69ab36b1576297b75a18
9b3c40ce7be4c67a4ecfddd233ebc0c6bbbca83b6eb73c84bd71117b26360c473193dd1170f11006bd87d82bb193d20c6164d3e161b262a93d6c7478
60ac5c58916d9d876b19a2f0cd30cde5e11b3d3aa91d0a110f11aa9becea3bc99679588b62b3f26f0e79e820fb661bbfb984be08f9893fb8c06fe243
d14304bebddfb9f8d1c355e2f4eda4268d87d86f25d16e21b27676d223aea86e96de314a0aabcd0575d1034b981d7490c778c00f25cc0b17f8161f01
82f00f59504d345431ccc8f671e4478f0efe143f120fb12534e202a7f838815f846e5860497c9c8cf88aeee3ccfaf16f3e1bd59744138a96e8cf0f74
7d442fb973278ee6034dfb1aa2a04e24bf15a9477448303a6e553bda401e4a54420b5bf608355525a6e94efa431ea27227a9670bc3fab7eff6b34b19
0672834a1cd09ddc873c7c8218251f02d7f1ffc7883c85c3108f87a027f846ee23372cb9e4d602a4ad9f9cc5d09b7522afed441ce621981082dded57
93e6114d74e1633cafdc6b17e66f89feb8790c68b513cc65bfbe920322452daa17ad9c21ebe5e103177e80bf36f15860136367c7838b070c90c2e26d
c7b78687b2f26ed17a1c5a78583e10e5e0abb70b7fdeba6b34d167a2cbcf86ff59dd4ce37ad89729de21b624b62d8bb826b68b5d9f80d42ce04c6c59
7675556c4d6cac03fab2c05f1d03523bc0cf437c4cd18e83e0d137d6f0f33031150fec9eadded75a257eec02cec42ef112e9071734121d11cdb01d5e
e04cfcb2e73b0fb19fc42e5bbe22f6b219411e085cf9cc6736239852ecdf17d0127bc5617788fe243a2ade02ebf9ba1e20999dd26d8a8797ad44ed5d
e09578ca9f8c6bbf2c8f2cf2b5d9c97e5d895fe387a1ed034dfb1336dfad6ea0c3489887c504e026b6a077a28308124bf7e857f61f89df8bbc47479e
6deb21cae762bbb291174cebd9abf833f13d5ac3185cd948f6c38b2ced479f39663368e9ebb4fc3bd70afcfa46528d057ec50765db086fbec02bf191
7788b0d20bbcc5473337c21e2fb0277e047edbc567fd214fdc86a3f99e67e2233214e14f17f82b1f3ced706e231e200f15fc103f13ff0ebcc31f1684
f130f8ee693da3249e7a0acbf59bbbfacb017a6ca27ba2e3ec1fbbe86fa223ce9083f0cdb5109cc583b6929cc270dee9f8022f9318f70292a28d4c38
cb4485cd30885d6e4ca8831c5d3c60d11586fdaaf5792808022a7848f27a0879282ee60bbcc5a31924aee3891e8c870dfc0e7e5a7fb86f2f978111f8
f0488e87b57431800d68261aef841668276a3dbca3165bf98122ac07a280d597f84fe2c3000353f6734650391e22be1d4ccac32164ebe39eb6f005fc
65ebc394f884a92b49dbd7039d0de78592d79c02d17daa091abcec1436f071bf7af0e11951faceba5c0f67e04feadf87f5ecdae906d7b8c05bfc4533
4ff157e2434ab891096d8157e235efe5bb471fe08fc858b8259a15b81e189d42b7ce6ef3237a8fa7e782de890ef977d8792c30ab39ad26fc17967146
131f6e591b29b01698e5093a4846abc2a58b87d54a18a1d22b9bb0705742fcf8d5d28387b9d00795d469db2336c74968f587651d8e3c061083244605
b3561e8283581af93fb25325a97e81ea2f3ac5500cd6ad362427fc6341eeca039e938309b8b26be1e9ff8cc4607eaf1ca18ba41f36f682295b0f31a0
c45f5de095f89876fcd11f86373f1b5ecfd8603dd0bb5bfc4d567b5c391e30e72ba8f2bee548bfaf99f837789af3ed960fbaf7e00f06e186c4ac8790
391158ab6019c843ec16f8e5655e436f47c4683b099ff6405092f54035f40aeb5d1ebe510d833c0eeec0eb61ad13e40525ef05eb01b3687a3b72358f
50be3fd534aa5762b01e56f405bc050ba6803ccc28def96a832e17b2af2f7c0ccee810fdf5102c2841580af6ed3cc4ca21ce791943d240e2eec5cd51
cfb82c4fb2eb0d3abbcc87121f2bf0249ec9d3ca1ccc0b09f6b9d1ce99a34350e80d46bf908c95072c9c37ea97052824565de5a9ff9de360ba51f22c
169286f210749f685c85449f3c84b93c2e8a0b6c897fc6edc4917b419f44078d21caf473c8759baf312d91360af91c79c0fa7ca75b5edb8b49098db3
5046ae4172de9d679c2b85546f3c84809dcc65e5da5de2d7ce12275ace02afc463d21edced026ff128eff0397f40f8b5f5c068b26649cec30336ea90
ce079c89ffc48d24468724373cb018821d2c5752d42b28ea19a6270bb25778beaee2b1a6ae92f8a2ed3c6b9944163c2c028c6fe7035d36b25d4c21a7
228e8b3cac0d57982afcfd78889540789a87a67b985d97f6e12fc66c4abd08f27d16360a519379586852313d102c5f21d4f0d318b62dc1797988a3f2
3c28ff85d52c06c7dd4e87f2ebfec1786de1199b3bc7202c6e96b8276664be5c09c4fe3cf1947a20492cd11d4ffc9f0a310479d0c09ee20a640a9102
9fda594ff3b03584e1db377cd50b61cbe201cfd8b3d19a8224b510feebc187435521ca140f8b03cdc6f7e16751989f38f8160c0e7858b40e09d932bd
632ce7702cd9257378104c7df34a70b20577121e30e3670a610179580b049967c9db79c9db7979d1d929c9c18eef44be570878c2032a0c96df54be57
50d89ff88769e2c7c308347d7acba4e002f77c14fa37f3709b1e6e65e3ab1f8f01422c9ccd01fee4047e98c002999b0af2d6430c598180cc3b87f21e
e20ff17be2b1f4879ecd7bf4c48f080f27fa72c8304c697841d7bed1caf510543d3c3b1e704ffc1ead2711784d3eb0c2073ec5436cbbc06fe26ff005
fcb49ab8899fa16a79a038317958f9f37ad08907a24feb21e84436a6d0a78a0cfe5cb9b5fec862d55e39b7d70323d70ff147e24ff0b4b5e6d72b3c34
5bf1b950643dcd7ac626fe9b78fa3ca8bf414bd70321b163af2c27097b114e2327292c2a0c200feb402127c1b2c574882e6a27a8fd03662b0903158a
ef05e5408711e32adec57f134f353bd5bf391fd6437806d4c6207cbad57f085f501aadfc5ed6f3c50e855073b52bcbaae9938100ed012febbf098e87
03ea034e070167c081dbeff3d6291e3b11fb089af580b65f61f0734644bfc6019fbc1ea27e925d3c20e7e47a582905880855110df310ebb656aa399d
9371b29ec3827081ecd2f5505635c5e2f39de80fc5a3b7a33a6a23d65621fc401d2d1bd3688c6d6f59798304e092bcc06fe299abc118c8f15538be7d
c3e3f601a18eeba1aeea074330864313b2a2e7247851fde048a988720b71c816f44e74980112f46159f666f1b829574435755c39f2d8cf0ea23cd595
75467ce80237fc8feb98393611f96a372b4e1d6fb44295fcf00fd5a4b892dd8aff49e1625ac9a6cc438c7cf8207d2b594f79888b758d8b75bd362eb8
75f9c045f970c5af57ae338d299ebd5dc0239cabe99e156603df7a79c3d56a79df1afbe13ae056aba91c5bdfc5677b0edbc302bc4ae28bed81185d4d
3a7be13078d6427b9afbed6ad06bc2a9d72ba98521215ab7bc276e35d6c08987f53272b67ec2cd6d64597f40d8db0a53f59487045fd765fdd79a0753
a45572fdf0b051cd21fe9bf81b7c2c1ed2e9f0c076b6fac97db592eb6695679827eccb7aa05b8d7aded9fcb7cd870a5eefeef4bef1c9228b6925b904
0f63351f127e29dda9307fab3954ff1d56f3853bea3be5bf390a84c3597e07e2afc4af484d878bea9b5f8d8404ab38adbc3d69ae9b93a61f557c4b3c
ae5d9c10cbe0443cae566480ab8467e7e18cc0720db4c58d636e48d43a557c55c2353f2c5f08062b318779a07a7a3bf3a09c950b2e42d065a94eb7b4
816c83ee4e6514eb21682fc93a1e309b49088b46fe8c4a243f1ee2be4d6ecc9a7c59852f2b2773986c594d3bcaf2129fd54cab816c4e15a6eb218cd3
9acdbfb3f98e3231769f439ca5bf1e42d407c15b964307f803ee232cb3022c890f7b97b251beb036d74304b2899dde7a65e7ae87307a25405acbe3bf
71fcef8a8e5bef9cc4ebe1bd42efbd400f56f85a1b612e5476f1d91adc5b4e0c261e303f3bfc6ca13923ab8f2896bb12e8d667d6e34e241f4beb6f2e
5f0d2df7537f3fffcc6c3da587bdd36e9738e40fc8ddacc1703c5f0f32dffaa7dbdc909c17543e0f9473f3614392f8638159dcde35aa518ebe1e188d
60331a12f17888abe2495aece5d24073c60b33b71ef4ed01392e9e07c836210fdbf01ab61e628b91e06ded1cbe8b027c5bbe7fe0a163eb21d2a11196
f8d951d0cff5b038816a352774693de042b6f3d9e2a48d42586e42762ef09378ca1fd4535d8a232ce64bdb45c32bae8760e64855fc9c34c3dee268dd
b7c44fcb4778d9c2cda7255fd2e04b0a4620fa7af01063df2ddec74c3c6e70acaca15e6c3decab9ab80b34dc5b7988f8e4c4686c38b5f2d0a3385f55
9cb51ea296768aee89be021dbb62a8f75d0f1f2aa7a7d7f0a3c1b59436185f4fbff51091ad0907b8c033f1b1297ab59a5c1e8439d558a38d6bda9a10
ac16828db6a1f6783d44d46ff728122f1e162317d6ad0b9ad61e12ae028bd1c6a7bb083e24b22433e4f28a71117c481c470cb7053adb1ff60259e05b
4abed6c319e59da76f8ed997a8bddc775ab2600d16ac74e8dd8a62021a9feb4eb2b346ee7a1e82cc92e6f8e1845d0617391576e2b4b7eb48bc06a604
dc7940d7c775e0518250b95d2a079ac99007aaca766999d54ccd7b128e67b904594fc4ca2ee4706d3838f2104e1e2854dbd5256864f22c28181ba1b7
788829dc422cd8ae5c9684422ae8171bb90c79a0312c6ed2f7f1108d61215c336b99d452e852125712bb15d2543d9044f1222a6647a2fcdc3a253657
388496e1007f25c5244adaf7b0097dc03bbb74db254837897178b8c0c73a9b1ae1353290ecfb46fda4f8e021c251727f6e24e5e021d613517d96f714
eb759a321ea5c3437a3c28e781f13d09bd1ae91d78104ffd4944a74494ec2eede166fc6e25e480e340dc721e22403d36220bfc243ee2cd93dee801b9
66ad8738ffb923b6399cc31971b56af89a3d901c7723c0f3d39cb85937023cf33056f153b45cc7f3702eb48373e5a0c56daa9257ab4dd9f68636f469
23e70e5a4e1ebe515c34b782f5b0cc443647f293334520c5530a329352cca014d58530bd92ad073c597be27be2a347ae8f4fcec7c7f91874e9f6cc24
d663dd202b29996a4aa6cacbe9b8b31aa20a0c240b3dcd563a662b95bc770bba4507e7b0638dd19faf37f047a8bd0bf1497b2fd0dcf5b05a831e7841
2dd1217725b2e8c3b132f0eb216e1044e55aa09f8da3b41222b1a7cdc87a083e002d444f9b91f510a6dce3f83373d553c7d8d1315634ee9d984c3c84
4ab2d9352d2b3b9695f5b0a95ee83bcac48a86bba7e5c87a087a4ceac765bc622d17f9068989b9ac58fc2a51c01ba96b16d8128fa36da3fcbb8bc750
bb9f0e854ac48e12f1a97f63e8de396141f52a0a934e2c161e6e8a538da76187a37cf076ebcb59bb1ec277f10c0eb00f35ebeb211cdd0a9f7dc091f8
0b7cd43ff64bfc4e3644728e3c436fb7c641e65884ca0bfc263e8872c4e679c01331c87a3828dfc0dbdde7a147b8b8011a8e633de01d7c508df2fce5
8119cb9cb8800bdc124fb74e9a53d945eb81610bcd7d47d9c8038ec285ef6addb11e42ae117edc017e12cf300fbe3bb29ea086cfaeb3fce034eff06b
bb19c07b4a8f3a9c59c5ccb82333e20147e638ca7a32585d06abbc7a133f127f4535a2a7adbf38ca30477af8d069f56f1263a19debc89878c0811862
32be1c11eba1525e7c4ed697504111a3668197f51320a8e4a8dd12991137fbe5394d3d3747df7a08a33e06ffda3822d60383c9d64256c54388dc1a5b
8878503c847703a1adfb75d8fce7619d292538a905cd44c7ad02bbe57e1dcee115be1f153ba29ea2acae28ab1014ba13d88c879bd650cdc97d603d30
682cb5ebccea71d9295c721e5032754586a35a6d7c1db6b2924d091d5127ee2d0f9f88ec476b72c19220fe29ce945f9aa87782b02e3c63ac21f97a08
2eb9ec89bf121fe4a81c8cc2e5145e91d7a01278b013888d073e7b52cd27879e20628563be93dd9387157db0b100afa4529754aa42da1f7024fe8ae2
d129f28ef1102c7b69e261513a09c3163eaa993bbcc87aa0b321af5ee027f111633c84ac0fc4fd6f3d44233913e7e1d0cc83408e0df4e9c83f0f616d
1a6c519fcd6925f5496d834f366ec69d4426db40a0d9d39cac4fe70f3dc7027be247c47b14ed394caa8f1a5e7d0b92fc4da25e74c717b5240f9dda63
ada6f159d7f86c7456d31c59fd80bf424db6fca81d990bea5d59c36473e0212624e27e3da0f2c94e1cff077f32c26fc92216c30b4fb7e4c83a1cd983
2f87f84fe2694fe1bb9f2bcbaf85f0dcfa19e46f564f54ef8158f401737d7c493018f16fbecbb79b654670b46a7294fe82b15b0f71e6a12d196919bc
1ee82d91cafb466f07d66a759006a31f4ced7ae02c214a7b97deac87207384ec1c58e3f21047a7e9e288d1c343088711288c14c00d04700ff124fd11
fa3b1ea2994bfef9472eeb29cd857520c1db8a094253ff37d0ff55930477af11c320681d51f64843b181a1d8fa7a037f391a8dd8d26481e88d936c3d
c4589b1617e5210fdf28ce587819590f3502b1d2989e43ed2e2282ec0a4fe7d075d6154a9905d6c43374bff2efc4c741d9c81ad07b36be93501325ce
029db230ee5c785650cf66f66979066764fdc3fa496891d2cb414c9a85a79df2ac039eb5d792e8ac661299814c2f69bdbc1e1806521374afe1eb210e
d041a6843ebbf8c8a5b274f134736633a7cd241c7eff64fdf00b8d1bd2e8df5c225f78680ee807bcac27f8826686e6fe9d56f375745ce877cee2ed2c
9220abdf395b61c3dbcc3e3b5e50f1f5107792c1a00d0dfed703934bc68351b924ae07468d6c0c4357b1f5b09cd6cc4539eaf8243a680ff2a7f1708c
1bf886019a19df872e64eba152be8bff26fe0e573e5ad3252683588e1df9d04879e048796027bbc018d9ab81780b25cbc35f4e9b137107dac6364c11
dc7a1811d397d27a6aac071acf0ca6d9d8c06cac6d0ea5e6c2eb21ce0fce89e77090e28db01a4a8a34bed916035a0d67ea9b7d25bb35f6ad634896d7
439065043863e43a18ae835ec5676b6e5b635a6cad88879eec7d98e97873815c918c753bcd58aea0663d8423eecef2c3879d8710e098823375a9035d
6adbc89777ed6eaa6b27441d36ef23f9c621dfd88739c14f27f03a59969901fe84bb5d0fd46316f6d3f5f73cac29c97ce66776f634e73cf999ae7366
3536c7ece88a87d603d5d0cae22abe220764260cbc2a1cfe7ae8816ea0a5c6579c0d99162b658a0399e26a0bdf94071a646778a80a09c1ae24eaa877
9f6a2ceeb2b982376a2646bdb413580f855a86f8ac25f2b5edc38ce23d6bef664682a813e69e0792c29aacfc72f95d9769874d717e65fda1dddd5fa6
de4d9e773dac55bc9b317b72335f0f77a0f9eaccd514f1e01a669e0f94d3179adea73126da56ef34f0f87af09c8fd73bd770b88eacc6583eab7f533d
e9ed2e4d90d7c315686b9106212a6db8d43e90fbf27a9b40cfe4e7ef9cd7b7395349f5727db231216c78984c6affe4ca56f28edcf6012f7748a4b459
7167ac26278a6c363bee510f38b31e133f9b1cfe9bf5c7fd9338d501b92f49f08241ee4af2ee6ac2ebecf865e38620ce0c2d638ead0d93aef500fe97
dcf9166f1819b3806d5796bf087353ff07ffc17afecfccd5d4e67a3d10fa26f3f2badfe6695ee75f62dd4fe2bf7cbd8377c6e6090b3acc27aaf7f67a
006f62cc92f584774bcb0444c5917e1e186973a3aa315b0facce4cb799cdace6d0fb65a764d53e0f053ccde9085ed7c31e7807af4beb6628c9da69e6
47af17eb81989926d5525a32f05f7c8a0fd1df44935dc8c44f33f1e196d5cecc76261782067d09f22c9e8330496f645eb2295d9f934c8799d1ab3b04
6f32159afde82da9c30e7245e6142f4d23a0d4fa286df782bc1ecec09b754dd9f34ae914c9c14c98f9b96aa249c1949992acfdebf89aa14ab79cf540
a8a34a0a0a954e19a7a59c99a487f95e0f1106e59549653ae898af5e4c09a207df8d70a1d75fe68c097a989a87dc029716f0eb219ce076b1476223ce
003942a6465e372ba661237113f38b87b0c28ac0939178228bc791d1cdef20df7d6398ab61c99dd7e09b6b701ba63b90d55a0f57a037d133d16bd58d
2d4b7f12fd8dd2d43dece50cb3ed6652a6397a49f43a5c9e9b71166f89a729997e821127495e6de687601bdde49e6b3d334d5c890df9b6e9232edbf1
b6337f237584d8b006ef5be690b8c5864a542dde3d3f5947d8869b6166cadd3f0feb679932e476493d0fc1159127e261dda2cd3ce200fa7a9df96efe
f5ceb81aafcc16819fb98ff13b23ac2dc45f751270e9219fbfdffd5567c189f1afb6d4bfea8c84cbdbd60cfcb3828adff16e3d42e1abd1c756c0c9ca
bbf5d8900f6760bf1633e563c88e5b068f830dca4702cd1dff83f9c802fef3f56f7ffbdfff8febdffecfeb3f7fffe5fddffef18fefbffed7cf7f7aff
d77ff9df16f65f3edffb3ffdebf71fdffff7bffcb77fbcbffff26fffe5dfd6afe2ef6fffeedffd877ffdfcdfbe5ad0fff51ffff6ff0116ab9dd9d94d
0300
