1f8b0800000000000400bcbd6dcf65b7712df83dbfe2990b5c20016ce7eccdb7cddc4100596adb7d214b1e752bbec1603eecd7a4014b6d487202fffb
4baec5b3d66edd4ce6c10c300dd87ac8c34d168bc5aa6255b1f85fffb73fbcfbe567c7c7edfc65f8d5e3e59bf3c78f7ff9613f7ff9f9efd73fffcd7f
fdaf5f7cdcfff2ddf9fd4f5f9de7711ecf5f7ffc87973ffcf0717f77fef4f2b79fbffde2edf71f7efabbd6f8edf7fb9ffe729ccf56ff71a35f9ffff2
e17b37e9e3bcfcedb7df7ff8ef6fdffdf2dbf7bf09f32f7fd79bbdfff0d39fdacf3ffbe50590befcf7f5cfebf7d34be90dffe9fce1c70f1fbfff8797
e9578fb9b48acf3ffef9af3f7cf8977ffde91f5e7ef9fffedfa71de9cf97a9d6c72fe7c73c13945fbd7cf6a73fbde0a71f5f7e387f3c7ff8b7f3f8d5
271f7fdad337e7f1e1c79f7ef8b0fde5a706f5cbfafdf1f2971fcf970fdfbf1023a8d93e7cbffef0d797ebe30fdffdf88b977ffff0d3bfbe7cfce1d3
7e7ae5c7bffcf4f2ddc7e3c3f5615f7b6fbf78597f385ffe7cfef0dd879f7e3a8f973ffff0f1df3eb4657bf9e95fd79fdaff9d9f76717dfcd39f3efe
fb87efffe565fff8fdf1a1f7f0237af8eefc19d4ffd9147e7cf9783d61df3f1eedebbffcf85343c54f6b9b531bf365dd3efedbcf46de85ceef3ffef4
613f7fd11a7ef8f1e54faddbdedb1d9cef0f7422583feda801b2ff69fdf0ddf9c3eb71fe6347f60dc34f801bb68ebfb449fcff07f3cbc0d03136d9fa
2489bffff8c3cbc7f6cb0f2fdfad3f9d3f7c58fff4e3a77d6865411be8e336c35fbdfc27c8f8eafc809efb47dfafdf9d1d78eeaaef3fba16abfaa1d1
749b17fbfdf8c3cf60f86efdeb4bfbaa516f9beec797f3fba33569ddfdd0a1fbeee34fe70b31da3a39da1cdabe78b9da0f40dba73dfdf8f1fae9df3b
e13d89fac73f9f7ba7ead6c387d6dfbfffd0e9f97b52f68f3ffe3fcdf0fdefdebe7b79f7f56fdefff1b36fdebcb4bffff0cdd7fff4f68b375fbcfcfa
9fdb8f6f5e3efffa0ffffccddbdffeeefdcbefbefef28b37dfbc7bf9ecab2f7eb6e1bffeeafd376f7ffdedfbafdbafffe5b377ad9bffd25bb5fffdf3
cb9bfff1876fdebc7bf7f2f5372f6f7fff872fdfb69edb50df7cf6d5fbb76fdefde2d38ede7ef5f997df7ef1f6abdffee2a5f5f6f2d5d7ef5fbe7cfb
fbb7efdb37efbffe05c0f95ffb78f9fa379ff6f2fb37df7cfebbf6db67bf7efbe5dbf7ff0c487ef3f6fd571d8adf34303e7bf9c367dfbc7ffbf9b75f
7ef6cdcb1fbefde60f5fbf7bf3d266ff692f5fbc7df7f9979fbdfdfd9b2f7ed5e06ab0bcbcf9a7375fbd7f79f7bbcfbefcf23fc44c9be27f82975fbf
6973f9ecd75fbe210c0d335fbcfde6cde7ef7fd17af75f8df7b7413efbf2678879f787379fbf6db50d9b6f1a023efbe69f7fd111da0678f7e6fff8b6
7dd17e7cf9e2b3df7ff6db868fbffd148d3fa3e89fe1b42df7e7df7ef3e6f77d6a5fffe6e5ddb7bf7ef7feedfb6fdfbf79f9edd75f7f81657bf7e69b
7f7afbf99b77ffedd39ebefcbaafea6f5ebe7df7e6176decf79f01a4d65fc3f5bbffd6fffef5b7efde02eb6fbf7affe69b6fbefdc3fbb75f7ff5779f
f6f2bbafffd8f0daa6f259ebe70bacd5d75f013d0dc55f7ff3cf7d848e372ce52f5efef8bb37adbe91d257ff01aa3feb387cd750fef9fbfb370d92b6
02ef6f7879f9eacd6fbf7cfbdb375f7dfee67f59b4af7bff7f7cfbeecddf359a78fbaeb77e4b80fef85983e65ba0a92f7f83977fbe7df7b3c51abbe9
17a09897b7bf79f9ec8b7f7adb6737be6c04f7eeed204ee0fcf3df8dc5fb9431ff7f14c96fbe3f3efff85de7953ffecddffcfdd02a5efefea9675c1f
be3f7e18aa45e34d4dd1f89bbf99e6c61bf79f9e45fc67ffae2937f8fedd5f7ffce9fceeedf7d7c797c076c75ffe3cdabebcfcfd37ed8fc657fffaf2
b760917fd738d9d5ebbffea1b3b42639ff96aa887e78f7973ffff94f6707f0a5a0aeb145fcb78dd6349daf3ac3fdfb9fe934fd67fc3a54196a32ae7e
ffd73f9f2fd3e8e57f7cfbf68b97ff737a991e2f734aa1fe5fa3fe8fbfefb2f7c1d2c4197471fce39fd7fdfc61fdfe5fce06defffe18fffeb1ff393d
7ed3fefd6307f1672d9f1d3449d7fa63dda7dff67fd3f58f2f53fffadeec6fa6c7638cfee1d8ff75fde1f961dafff1a59667a9f45255e968a5a8d2d9
fa7d3c9ec5f5d187791662ff4dddace91f5fb27fccad9ba052f9c79732bb9ba5358dfeb2b68ed2ace2da8ad18db73e8ce05bf7ded83d1fbde8613bbc
49e0af1d2db3bedd1af8c5106f5303c373dd62872aa9987a57feb64da89445c536a36972576d465370577d465953d83023ffda67346b0a1b80cccfe2
9e7b571af7281d484175f481a27075f46f93063afbb79ec2856fd5f3856f9f53983af9d490b3ca13ca93ca73efbb243708a8c855151115a1a802382b
82607a64f6e1410b2a8a475950b104555456789486bdf911825b6ca810c54c8f9da3f89383a3b8c549d03decc516cf4599a6073a9df5c934b185e632
cdc08f069902caee21134e5714c229c027ce5584314d9c6b718bb5f7593de6d677a348769a38d3c56370a6d55d9e84c25d5c8442153367ea559b27b6
d042cf335bb8820bbdb80f2e74153e674e5e543dcd58e865721f0ba62240e7dacb93f03d63ead9506d28fbf73131e17f1e13d317614c4cc416fa1246
411038ad59c80b8115fe60ccd39f8c790a8ac0798a3d4d612cb2fb58d8a9e00c5ce41b9c2b57dd7d90a0a347d9516142095c664f3e90a0a33b253666
2d511cd8501f11d8d08ac5bebdfd7d1c9b5b3044e2a208173111ca00293524caff9d8c6968e7143c1e777e168544ee8662102a21f627dcf9b341c076
305dc62eba8211190fd08c70901e1c532b9ec6a6d66a25604130a58e85282c27e2c07b27911eb2bf1ff4e011480fc6631a9bde7d8c4def51480fa6a9
b4b1c2a38c6d2f54a5b1ed0df8a007e12e91c149363471d400f3fecc7dd3cfea3093d97bfb65d2c3a20e33716122cdc445728bc103dc077111fc0979
805091c903fc017980e69dc9030cf4c0831b0c3c08fdf9c4082e5f184114530645b88214b1084f855cc232ac904b188a12b9e5fd097786c9ac101346
4d1954e14e3b9730272aa4091362214d58c6954113fe64083d571cbd4b8fd0f9a5b950ed0b6ccc572cefe2adb5cfac10c83bf69231bb13b3fee0c2ef
5a8ae3014c0b29c784f6eaef98f1bb667804fcee72c4ef82f018ec463338a84b580f38885433f8835bcd12f82047f1463a88564bc763b05e91e041b4
9ac75c84c378bea0210b517397008d293dbb9cc9741651fd9c8089695199a8d610731a8be12f800b6dd6996c67d1ee9e1370b13cfc05c5eded938515
5515d86bb3075d51f6efe4adee7127940f559cac3010178150179933170dce79a21220a8c84416238b4c6491cc9e336736b953ce4c843fe731b3a20a
2cead2b4935708a679f090ea110f4ec315e4a5d52070a2a2bc995c649904d3e02252dce6c235d676980bd7f8e13e880ae91a73e7226d0134ad424c2c
aee0c4c5fd66728de5e1418889e84136b6701f63b2867c4c562d16ce4dfaf7bc8c45d4dc16ceede10a6c65498679e1d4c4dee685908b19cc0b2197e6
352f843cf813f23b9d5ee665077afc0567627c2da4cfc96070d9a41bcf9553130f9b2ba766c82b9894f759e54cbc772be955226bae831a3d08a756dd
073752f520847c728b01a8966d1d70a9d375b00c2dcac6a9883dcf1b5b980237ee1b23b01f3b4df55b47a77edb39a0a900a7502fcf4ee54dcc78de39
ede81efab4cd4df6be9edea27b1b5bc26fde891131dd99b2c3647b8cf96bfc276777c538250aa9e0ecdea1c7109782aff37523e7a0de90dc9ec423fd
27f4d3b1200efde85b5d8af7b9867eea9dc558c3e31348423fad4ec1dff6b9070f737c8ac7c083e922e5224cdc19521703cf808b34ebc0d3d922b529
f074b62457f4e5d3de0a33ac151a7226c57ab6f318d22d38a40ed861269452a342203dea741cfa614b0a51e0c16ad1b13f0458390460182068d68123
16571051ee72c816e9696181d215457461c129ca222d2c272bb436cbc50af5517168320308ebca16aed8582138b6f189fa802695e726cd5f218ec2ce
01b4d5c3ce0124efc24ea84d227db7b453bcf85ac07669156e9158a13eb01d5ac513c8d88d3dd3434b1e71307a883d5c50b6e6e9b9bfa613fc223c19
442b430b7acafee92ad8c24f36d8ca547afc3b38eb136dad0c99f15c8af9d1ad4df313cdadd87ecefeb55b67f2f34cd58a38caaad4117e2b864f8bf1
4669add8cd9459e374a34d7e92712b2ee691ad54cd235b092ceda162a7d087db76fa9c0de109fc3d8b3340ac2a0208170184baea7b49b6ab566c6b27
9db61577f43ca9ef70ded84f2b726b46f51e498f8b3ac4c9fea10e636587fa1db4d03ed0085d552c8bf1d24f9f45c2627e60ed4371192054236705f1
240d09f69b657869151d5dd3e3b911671827a76949ae68ab5a9eead44c4be3248e34c36cd89455b75f518e2a5fdc01cf59c27cd714687dd029a1648f
d0ad624dc7d1ef308a096218bc6ab8fd0c09992657f4657b32bcf969be12a9d1b4343f16cda0af7383f88945182faa2c7b336c1755cade0cd3459532
333f6d13b33ae8cbd03a7c6ea2a92b5d5527dd1947421d74661c0965616a4508b9f9a1197495a075a706fbc6061a0f62bd55a84732aad920f733a0ce
b4338e7c92c1f3d4add74d4774b9a0ace6e782b296f4ac280bc07e526bc79367fbb9d390cec7ad88c1ab8a7dba5abf1904d570e4e6c3805554d19d18
4f09d58a0d1ad95b5a11122c3e6566ab20bba86ed109221a3a1aecb4ede7ced44a1641ce9dade5a74ed88a81db7479855869ad3b389360efbc4b26a8
56ec1bd833ebccaa3c3cd2054084a91978d4c4baba20db542bf6aea3fa9a5bd7edf4a6a13addb7ce84d6ae0994878ba9ffaccec0dc442f73009c1a39
1205e2c17304c92791e04c9b6212e7c1595b46cd1927d42c4686f3a99c02ad38f36b015f0751e8833ac4a240aa85154216ce03ad4220d593cc509fc0
89d65a6894ee399379789e37a03f68923b37a2301ee043e94bfcac9840d9fa7db819c4ab42c54e9599b35550868802024e20f78a01e453e96815d031
e46a6b15f3cf3f493faf20b2b403a14c7dd2a2ab364dd23cfd1f739c032b9e0b16cfcec665289be3d5017d24116bea5c72990556ea568a567e7690fa
12b77254191d8ae9a47eb66fe527b653417f929ea933cd56d6f70bbe172a533fa7b6b2c6eb4a672b0b9e7e4c6d65f5bf00bee0fe31bef493d4115fb4
f75247bb573275a43796975406466fddad64cacf03c69c360a7349d6b481eb0bbe0d5c5fe06d5cb3eae664c26eb0f7f69a7e57034bd0ec77924d15ba
764851098dd485884554dae118ce2a02d91e8cca7190144d5de69459a343e2346af0f89ddb8885a66ea32c229e7446acb5b0792694050ddca7f38d58
cefe7d11f0d740aee0bd28f1b47ab94b91222d303f30db49c5132ac5f3f33c8116b48ff3045af0e711fe6a35ef8a5c1173ca19942af19741e90ff1fc
9c492beabd5bf45bfba072c4ef823d031bd36b8e2dad7146e3a832c944b0f66d26df692b6ea04271f69cc9816e159d908afb036798aaa1c75208f8c1
9fa4cee5b113925b70b124e17327d57e041282b693125a1543a311759707799c847a99067f7aa882c36abf17a8dfb30cef73895482b4874b1a54a616
853c4dc82c2b789616be6c17217f76511132d0d0f904b4c21cd3207fa263035c4d697ef6b1c126309bb16d33c190e4de600698cd0ab74cc827574cac
d0281098b36970abe913c8b7a7787c7671021b4d4d7eb6381778dcacb89f4bc2792db945ef234eb716159fdc5a6c682140cfce64db59b4aadcf115ad
9c9dfd9c1f7374b94d24584f38bb2e1cad0c9f5d198ee60427cd8041cadd59197921467a62e66d1aee12d11729fb93368da66bb8cfad9717973b7916
59055b459b45c8124567df03c17be25c814a19e95a4524948b2a00e5a42d70ae00ca678213b138c102e8c4be0a5502e1c4be8ab5ba45dfca75f2d411
9313ab170c5139a18ab19d104ae9a1dd7fc27a79ef74c35cac579d3067c647d15c1063131fb74f68591341c3443185db2ac3ca5925fb4efabc6c2b38
f78045d3f63ebbee35676dbc93c1395967e91376cee0b3f149dba6fc5aad82114a8b07c1e97836b175f34d7818e507c032e73ae9f9ba7f513833b7e8
eec49c35060ed861312e70c00eb60a9c881c0a32b1ce67178e8de3aa8b7eda0ac194718232247bcf73c39042ee09f763f4ef9d5aabce1ce705338454
97eb412bd643e5cef42ceaafce7ba32c56ad1c502eaf114f172cb40a196ae5b65f1b0b99556e180d7371e7a5ff3e19988ecfa4fd7ef5d35d63288bca
6bff5ec780ab9fed42a8ee7fefed277f7ff4b2f49eeb01067583efea6521efeaf6ae6895ffea67c33065ffdef95515fbb9ba5c8ab3d4aeab1b33a26d
0917429182e7db8f08a1783efdb81883b8f2d5c5470cb3fbdf5076fbbd7f1fddbed35b9545ebea9a4d8cc9e54e0c9338f68518a459c7c0abebfd6ddf
a9ff6ed29ee5fa6ae56e62b7b5f042b8d16d3dbaf5256631986bc67ed04ebfba6c6ba7458fb77ec2ffaf6eac6965f7d7d7cffbfeeaa7daa607189e3e
bf627cc11e5e4d2f308757e956172291e4be6865721eb7ff54de5c01f2465ac5d58fc9d127d5ab9bcf63313d741f74f439faea4148531607b9605f8f
c90bda6390a2a2ee5a7943d91f74db7932c2fa493c56f1f80bf147f5d65f575114a9335f883e9abddb7bf051137602b0ebb22179c3f4a37df009f582
8d522131ad9cbaec33027a78511396eeaf60430ade6e08485370ff1d01f22fb472dfc072e0b672976a4bf2f87dfeb3e7d7238b9282115af9ece5ecef
2f94054f3f9686285deaeac6bbb07843265813c54daf1e029082374082e079f877684586bf2b91e121ee7b75ff7f482698eefe4fd91bac7bff5bd9ed
fbfcb309142147c1f400ef7f363746c0d1b2787cacffadff0b042e7c53779480bae8ad717b9a5a744cbdfae1a4095a7f1f3bbe24dcaf7e38097261b5
729f7ff486439440b438bb7a9440ba11780f350ab705ea0794b640fe7dc30e7fd5e9e7eaa797b078fbf7c34b283768cefe7bf0ef7d7764a99f709674
6394caf067549dcde02d9982f737a207ac135f3d782054438f08a4eae5eab103e1b6dc883fbac91f86124895bc7a2441bec9971e4810eac3fdf164e4
ef3b7f7c783b32f6e8566e0868e7132d7f3fe2cc5660ae1e64906ffdf51883608fc3d5430ce66479d24f09ed7bc1d7230c6ec79d0b87061b392ef802
7375ff7dfe36345c3d2061be6da7058142b7f1bbe1e1b69dfa092307cb976ee5c937f2eb569eb99a1d21166131bba3a3d1df57ba37f47d0f44680774
c18f68ad9bfc43b856343f8771de0e96ab62fdcdaefa71244cd5bff748701b9faf7e18c9c5db13410bd1f2a8f6f95bcdbdfad9645e6ee375f6a8e0a2
563ea02f899efad9650ea6bf7e7469bf6bbc7e7499abd92f031e266fd76ee86a0a811b74f9705390fad126442b24ddf818aab73f4e3a36fe5ffd06c2
4dc7befac1272c26c07eee09c9fcba1f7bcae40dd94f3dadec09d0f2e3feba992f5b5bed479e104db0fd2642b0f3e642fc46f486e927a2327903c34a
37e96c77e13c14ac20f4cb0a8d7e057fbfad10d2ad3ff047cba77e7c6a04edfeb0014c701b23e55cee0ce0a6406ff04a7b036f234259e503763d9761
88d3d9f5c2d1cba78b8b4e72eb1bfde4151e56d8fac1abe93f6ecf180bcd1776c438fbfbbebe3eb65e3088041f572ec4a764ef009a16bda360598cd6
08fb39ae95dd6167f1b713044cd7d502ac9fea66fb54ae030a8029be873bb6e3507e857c09f47e3f616bc508cfdbf22cc3de1ff47357fea52a0538a6
73f6aff0a1dc3ea667bab83dfc0d4f6349db240f5829f54118662057c04ff734220438a8bb2d2fab62a7f12eaae2e0981a63f81b9e0c37f066912546
785ce0b81af3c2a40433dc005966eab6ce0fb89d8acaddd8297d32c0edb428fa3dc0efb4e8324c2b6794fd7d81212baabce0f759e50abfd243e5ee16
9077a49537b4af2aef28bb3fb8c9827f3ff17b56f94259fd47cc2fb94c13a1e6dff5e945577f025c658bc21e5a993effaa8a046b7115c090488f585c
d11b4cd9658ca025982b46c8c248058693660013591b512055a038bb5cd8c03d00c7223c44d22dd2915b79c5078b9006bf56abf0173bbb149abb5c5a
c2e42f80e6dbac2fce5a0de0d56a3da8058c6aad42f3ee92629153ab95b9f2a29c152b9fdc23563e6b169014bac1d6ca0029bb3facbc363f22fd165d
8f0bf3859396f72722d596477419810d225546ab4d8ae60a88575b246b5b39b34151052eb72dda9d0197b426c5a0b58aca1651152b2b3ceac60a8fba
b3c2701ef0c73f271a264403f8831ea9d3e6212026b01d6d993011caea0f101fa03d13e803976dae55d0ffa21e677848b449c24ccc093108ac6b6a96
1003237aab100cdd0ed1e62010ba1da2950542b733b411851504852443d4ed0aadc3494808d896e21b08a39b7cd0ee22b953f42c900221d0080158d1
49bd552cac78cdc9262010af8daf09e1ae52fb5a3801637b448fbf13407fc129059106ee1db50acd11bcea115d86ef48bc2d4442ec75e887f74619fe
60c59c85a4084a3265f5c3f9226b55d37226b4577f8948f58808c06f15823971e54d2a09308a7f079cd8260561b60a44ef8859857e426a02c26588e1
59eb541817e1ef2f20410320bc7952bc634068e2f230162bb78316a202c2d9edb11bbc2e951b32bb03301aefb7150348a4c1e35fb2899fbe6743bc42
002cfe1dfcddabb01160f5b781b467addac6fedc9e0159ea0f2aa20fbdad22022097212fc4ec1139d90674199cd72c69c7124c9ac0010768507f0779
98163d3e780ad7768dbcdf1a34e708d659e4fe6fa40dcb7c7d5a925bc5ce1659155dff8af3a40adc6788de5211f719da61f589a9b88cd3ba46c1f1b0
c8de1b222e2b67dd076b151856c15f2142015f823876444877918db86d22844c4ba76ebb862e02514c82d1cf66f276de08e843db22c16d5b74e12624
9ec3746bb6552ca8909e91ba66df2b9e70242c430922cc742074ee91d5e2827150d76403dceedd5af8445046d0679d9ee78990233a55606f030816d9
f83c61b58acc8aa28aca0a8d02c74db17651e0d52e49ccb1c0abdd2a9e70949258f19c4b59e89811eb295897925c71c215a6fbe1ad02184b52d80ba7
9f047ae937927ac5739405be9556f15c8605f6e91b8b5c02cfc7d2a596c84f24ba96c4b968b64b26a41276cb8a7bc33ab4b68a83587f4e7fb9e81d93
fcab90d90e726b152b2b5e13d5d6581ea6912519ea8aab788abb6d4c6e61c5b3c59a76563c9775258996492d605b2b32e68775c18d2f2bfbebce51c4
7b57c6682b843eacf0d01585d5b40a4c544159613d315199f4c37a056eb7277eb7070113b2e8c32f8abc6b153b2b9e73d910569ce417091bee32155d
ef095b211c3a186df0a6175dfc6b153829cb51d72ad88718f3063772d1dd9cb02148289bc96df09bb68a4915ec437c60bb405ee625db855b953e31ed
08d06d7d3c29724780429111acb1732c54d542ed7094162b4707e2c28b423c5a05705a9f66df7004d2acd6e58890c352b70fdc502b55647fe0d4d176
94be408cd34db21efb70803f57e1e882a5b510359ce04f37cdf20c9cace03a795bdba7f23373149d234e5c8c5b64736d150b2b9ef4c2508a56a14f78
a94a372202c2185a0bb1b493f721754522c08fd08ee5da3fb4443711185581b9e80a4b806d79ba9d6561fb9a6e472218b71a4b932e43634c3bf43ca7
7f1dec432ced3a064ec727f111f8c9f360d644f1c28ae559c12badba1d1e47be8af8042c32687c919938f20afaa218985671a1e2c98d23af413b7e30
4e1b5028e1dc2af8c9336431228cb9553ccf57ade2648546b9d8e913a711a1c5ada2ba829f3cb76de4c5c9a848a4388fd93e4f3b9137b61699f4e27c
b022ea1304052cbab71c03f49b455eac88e349ab78cac0181071db2a9eb30d9c8baea6c6808dbde85e690308381549b50a4644b80584c0a2bb20ad62
67c513f408beb6e82e648cbc972f7b4fab80e87d3ccd113db6079fdc2a56563c092642e2b70a750a9bea2279de2a38b92ad0b991e353ad8a89934b4f
a6dd2a0e563c5e21bf62c2f9312a3e2a26e237691553191bf239d184cb8245174ddac40982804c80ba4efee40499cbb9d72a204864cd6e4802cd66ad
409ee8afd6dec938b42df288c7cc8bbaba7fd99454b67872f456c1dc3b4f09d72a388ab64a01252cf9a963c4c2dc248a93688b0884976784592ccc68
a300e0485d675150675c262cbc2ec8b48a93be9627600b7dc932feb50aacb3c217e202f57991032f5698e78b6c24b19ea059d91262856ab3d4a7ca19
57985916190be28a78ba455232aed0c9179d8c1bfd41f42a8b4aabc0fe53a05fdcca58db67a71b0e458bc2b15a05e110a7d88ed1e23997ede4e9e179
106b2701a800326ec67dc6ea2b7a33ee00acca7c18f79dfe26b19f1d57ce5ac57394fd9cf8c9b3e2004fab8acf8a07e444950f259e9f4600b532e2a0
6e659e7284aff3012f60710730fa27ff8ea89dc91d54f874fd3bbc7a4feb4d2bc3e91ddd9e42e756d18dfe499ceb7cc0affbb48bb5f245080511e276
64556d65444c3e3583561e53528f38a8444982b31bbda26e29b5321c99c1e582401d0f80400f6dd373821fabbabf1328717b4442cea2e3b35f730ad5
389ae939d6803d92c66159ad5c3983a28a15106b8a90216d0461192760071db60a3a4b85659c888ba2a8e3d995b4f8f024600453d29656ee0afaf430
21201c46b162adcc53b8170a042df7582b57f84bb50cc8c023eb4d2bc3bf5dfdfb3582cf463932384d10217c4567e956c6b2eafa59abc0013d0a2991
7b30b8025680c9204584949958bb912b286ab895c91a34a588e8504f19b7f84a8f4c7e85643a7b7c492323ad492246351ad2da24f1e5b36b5f71f25e
45529b6042474e1b87f5b68a9d6ba6f9a571685519f349fe1d1ed35910f48891983d7f448cb40ed541d7877b8516259354a316a180d6c508cf02a7f2
2218914fa1ca6bd42a20d23c09446a47f9b5e3896409d92cadc72d34b46811964fe20e5b3963b7f977b8a1c54511da3c17537ed7e0e36432ea7108f3
6d463d0e21dc3822ce6ef1468888849e5c8612349b5fc092544d860c2cf056acb4786b40c639cb171911e7dcb06ebaeb76c7782f5794857484123c24
594ff86c2649eb930a8f4287e2d9150d87dcb632706cc2c7f1d432f35c09b2bfcf8855d4146081ca8bd6b05b2d1ac604205cf7b578bc8b335445570e
e2e4bdd0f5c868edeaecc7e3a8a8e23822956f5b795befd1a5adcce02bd3fe368c865ab67ee66c3c574376abd19c8cd49d38518f3c2adfd6b90bf0a8
0b811181cc719afc7be74739b9c3851db847f8cbb33b00cc1654fdc4df3ad41476109e7746379e85e4dd8abba14d9269c4ae6b374d501d20ffcf6d19
fb716656a2848818e8a8bb801121d04d567b808a10204d806645dd146b151bd755ebd6cf47d98b706006b3db5f28abf93966a00627239885926ec9eb
038810ce80a8564da9875cc787e9028afb9405c1498e76fb60e31c34e913589f3d24c2bca3cb8376d525ed30d29ecf8b5222e98b1ea63ddf2427ceaa
75f2f6b912bf101eaecce386ca5c98f82ab9d3ddfcddf9acf20e1cba7332346fb6ebe48cb4ce1779b2b61f02cb5b175165e6e6492a8f6559540197da
adc1407b5545c58cdc008e02ed05447f77103ce45024fd052ca3522caf673e4a95b13b741047fc77d0c58d88f8efb63d27953907e1ed9a1241d08813
3d13c95d925157f731a49d809878d54388ecc7f2288f7f449077904d3d2268ba77203ccc5449c47510161d940b2f222c3aca161b19165d1526111107
dd81f41788f392b8b986ea6720a9fa898d2012bacf5bb3423ec66420e1e10c467df770ce8a1c898884ee9874054281bd967070cae711190a5d748d30
32f679b2fe8a60e75ea12ea02e3eb48510cd3c571139a299e30dd3500eb3cfa70c676e400a2f11eec2ecf209a1e61e1035a07d85f8e4d9ac69c4279b
5ad200591d26f02e2f65a2862b91332294a34740ba00317c5816a36e0945442877b479848ac3951b40f791428c10e5a89c44f1a246190d1179a101ea
fc3b6503049b6bf1007930708d30544ac98c8bc660ddc48988228e3e8e238ab8f7293c67c64d4b594028f03c5953462c70f41913b1c0d1476dc402f7
0fd425fc1336e3c1001b9289a94094eb888858dede812ba88bcf1e12980cee11ec4aaa35a3756d5945746eef51a85c788c3535c0f49ca417233eb787
3568c88552c3abb1006ad96410911b65438f8cc89dacfa2224f7668944486e54f6878890dcfe81f0b2f042d26b22ee220276fbd79e019649b60744ec
f6065afaae4947db3b10b2bb28823f2264b77fe00a44f199542a31201c221e2afa108a20dd68bb1e82747b8f1e12283141c3c59f2db72a9982cbe4cf
162308cb9d26734f86e159acc0c817ccfb7a7053bcc929e8cec51d42774ed22610f6da743af5b70dc25187ddf2d6b8b34044dc6ab568dd6834728f1b
91e07587f9332aab6fabc041d8659accbcb23b3899f43a849a4e372cee8354fd41e690026a5f58a1a5c5bd75dbd1195c1a2c5376ea6d9ed64e6235f7
dc11a866b641f5d99b7ea796631de400db30e60f90a311790c4c0bc6830e0313f0812381e518d2692e163a07c8cf82f3003ff6963ec0452cec0fcec9
6ca6ebd3219b21538136317505ba6413c789438d3ba4fe6c0dfceafa7328b70ea8e318ef27c2ce0de28911bd921737b1f4e50bea6f289ef445b4e934
785db0ec980f74f537c4ea2eb18bb33b5870495793a00bfcf6fdc09276f9d0702de72e2cbdb7c885343ecf43407a407f7dc8c0d62a06b30daa80d521
b901615c542e8421aa026687e7c9a5955736f09854f5dc800a6e720f7dad25a45af9a41c344cfd82940c990919bdfab405e404027e6e918420e7709b
c4c423ed53a54948ec1515709a90caabf11a8f3066e906d4a216014d0d38bb4752b87fa72af8d45912737e95d9889a0e8e61a8117ab6784ce85dd36b
dc43e9311305ea1df189c1f0e296a41e4e68e57e64ae49ab3473ddb5ce334f665a8399122668c233b6f8ad03a837b70f88100fb8e1daa97fe709c100
7615ece12562ac53f0aa87b1010522f5f9c9203d035354e6c53df730d6441846647430a1c173958bf74b2416454811e69aecf20041434468ae8b664d
6dbc880a22b05634ebc85c4bfe9dbb2718a4b15b0c128f0cc52d20b3264d2a81bbfbf734885f63262cb50911f65ab9875b792cb57ba0dc34dea85e17
c1d4d5e97662708f1781d607996b178417dce1ab37f2c8034af599e98914d499d6c3e00aeed1a0e5ced45583bb0089158fc11d17b47c85ebaf1e86fe
1cb51c8589dbfc01ee16cf9a28f4e987715d18cb231887dfca2459b8fe2e239b9d176fe1e269c0a13e47d138adc28bcb5430a2865c7836f2ac179254
145a16c85653fd32543b0f4a85c1ab351458b368fac393f040fdb40a6f957ad0e28ab17a9a78851ee4e5ee0a6a8866e1152476eb6023086eb0b34741
3d34d4ac4f56d29879f43a684cd35869d73336577a1a5c3e70ae14941b4d5ec6dd06e3e9ad0c06611ebe41d02c42d4461b8460c4ddaae8490c15d5f2
7823cd5ab030d0e0213cec5c1b3308da73cd82765ae1cc06779e4c0de408a3740fb483dcba20aee3eb4411ae3bcd3708c9b14c1db8efa40bd4e9017b
6e2e1e0f1ee25cb50c07cf43e62707a75035a76ef10dc5631ee069ded9075c91b7f64cb9f77003dc5af54ea605d73bffe071c79be4242958a00d95d3
f47782163ce619d940d33ab1978d17062c046ff613574fad7c9df4ad5bc89eb4e5448f0143863177621a3720b9b5a32a60d44d4ac6da2a685733e365
f28d6272b9b88d8cdc8bbb5f835e9c97e8e9228f32055ed015aa87208bf2bc60dacd5e9d6beced6797ccf1999fc7aac478adac977f12df17d25d87c4
d784b29e7f487c4da84ac14f7c4d28ca3897269a6eab1b507d10239d861e2ab688677e66eb1713d44ca5c16ce584f2436550a9b4f169445778c889e7
a8a032d983f100b5737eda6bd234d44eb149bce9d32b346f68958afd4ac8551a950eaa95b9d74474785c27289b6ae2db3993150c3c95d32b84b8800b
b8931b900349cbc15b39fd0bf519460cba5b1440e506a47ca9877819a77721540562c2406c280b1170cb2b7c2af1491ba50149130dadd616f8aa8d32
d5263e6aa3170b12dfb4099e75445a052f36dcf459db1f0183ed70a829469e2084a5088b4c7599c99c0d20f3c2b87fd84f4c2b30db5a49433c629f90
3a80dd763669743b6d548aae84076cfa079a6102f9eae4c62cb1593147090fd6f40ab7a07563719f2b92cfb80c4972eb61f0238d99e964aa823a134a
a12593d9bcc64594f0ce8c73ed243e3333597dc2333313eed63e2bb04a62a87846c6d979129f91a9e28e7845263ebc2133b2f39831158a32b567c478
3019149ec0a53c4fc3462b88f0208c5eb94813c3b27506c1733041e6a0c4f760ee5ca73032d39455184b27980b0d98d2522668a1bab5dbca5c030db1
8c49688861b3354f5880f8e41ef826803f4052a4d9234202e83830212d5b1bc10d40fdb33b805e74fb7dccc110202dd2ac7245da082939136cb00a0e
4cc8681c740b3f21a5715424602b338ac5fdf1328a190e4cac37decdfba3ee10f6d1648604fb6894c5a95500cbc1e58165f780fda803f084c4053ead
4e3d5a212ab1402bc3adadc3e9d4b5db60fd63c29d8b12cc13119da0f8ac56060e74e44200f3ec03f7b4419e993461815d3c83aeddc68719c836b8b8
3b5c59a1296cd434938740f62b29c8d3062389b1bc91cbc9d081c7887a85badc69bc349f63623633ca1db3b04484cd367a61f701b53f00f14a4d9b76
7a72bcc9bbcdb66d71cdbbebcf4db93448f08666ffcef3b2650f43246fbcfb18b3120c0c71b09a8f278eec474e7cd0a8de581d6caeb339db816cb346
dcc1e01901c9ab53374e75104ab3899399c6b425ba4a1c8ab7d449cdd15be01c406b5a27506d460385b75a289fc4b43b40ee348b93132e7fcb68a8bf
b315b293da8f8e53d34590f501b45d3d3dd0ca03cfa2b76b6c4257d079995e27802ed2962674f1fa8b2674d18861c50736e0d9c4792138ce18b9e81e
108e2f184fbdcab0002bf6262191b9b3bf25a42e6f7c7952193c454c88b9ccabf928729907850b25dc3798150295663ec2295a67ee7205ca26a42e8f
0a9d4933d3d7694590ba7c527a983433cc55c13d89c9cba3de6a6c15045923e2b2b7021e5a99f706a529cd087cd5edd056a69652dde000190ae69954
20a93fcf0c257003a4149bfc7b26d6a22aa0bf2697c76e4caaa8882714d03097ca5bdccab49a1bcf33f1a672c0c21a44a4819b8da530165230078603
bb01484f221a692a263dcb9290a622ceb7df19ece0fea89fba4c4ba5487966a482983df248446fde79184fa597cc115ea4d9e591ac5520d03a1adda0
af5b31122364becee8331558296b7c0bad28de27e12db490bd6c4f855648180a6d750b4a2cd34ee22b708281771fcd8867bc78619b20de428bb37764
a204134fe05368f5b6b479680a9a176f16c958861b3eb3bd1578192d040f316ca7463d6211e65b07a0be6c10c6245cc103b8d72a33ea480d90962c79
d605ea95675df864a8cb20579d32f1a4599c4d7dc84a662d77a6d6ab808b84d7c8a29c6dad8cb5f7070bed625eca6530160dc9f4c112887c7aac287a
a7550c0275056f1fb9cb053008090b36b5f7e03288c51f8c3de2169c85a8895aa9540d644e8936f6f3ea56ec4fa3be42fa20af4ab4cb691e3aabc41d
d2a2f447113c3ebd342e53c00aab954e79cd184aadcd0d4879127531bf95895329fa78b0a08fe88aee31d1dbbead5cd840535e917f534a2792a6041b
4467beaa240d9149509251864796265b06e60d5704cc0460a3bd31326ab55273e68d0775adc986a38845284db43625ccdbb8a6ff2c7713ed128de41d
8b6c118b0456c5a4bd733b5bdcec703348919f1955e0a33bde58731070e2136b51d173094fac05dd9d4e7c63ad845b05838f4c9908cab57a38c3683b
d9fe30330af7e1410f262a351bc2932d93750b86e9daa030c36a7b43dc41239d45390275674b4dbee5e67977336e28de805dc75da2898b7105b61ee0
1ee3ac7b66096fb7451b08e603ce341313555ccbb47155c910c2ea9bcdfe61f4b5e97c3eb901340055e0d98cf2c4a16d7107780cc8686620ef6c567c
32f6d27bf2e42636fd9c63d602e2a2a1d20281465e5b2267c62e98515d4c0a2c28aeb17402938aad65d4354852505d64d86605d45c3d31bc88908be7
4123af85d2855b1c1a92c98a941dbb95117738fbf719171aaaca81939c5401ad2dba01502fc18bdc45fdc4e30fc0df8515e421eaaf393d54814d520d
4217423e3205e662d614c334f03eab22b0470d0913f10d0428b37609207351d0c30e295097b52525d0449cdc00e9986f236efc40684460425e6e4043
ab321e710f6cb2a924e02258ed2cfa154228205fb3c56c9869112b2a07002878baaebde8a1e784c4497d785720fdaaf6281321553378bc30e80b5429
3072402fc425644af205a3c44c4975be5510262131507194690599917c572621f75113832284c0dc14c229420fac3e21f5510749580963121e9247d7
ec8abe1d6eebd683177c9b26215792f37427a44a6a30cb1a830bd94d61121622486df2ef4cfcad39421dd7cb9a89b995aa493132f1b7a680bcc8f1d6
1f7d11d910d2b8a31d8ee44b0ebf4f48b614ec9b40b2a559b970536020b19471a65acade9fc8646c9d30407baf3af8050632e84e65ab40aacaec0eb9
39822b90acdc4886f26ebd3820b0a178770d555d6a6880aa9e17631d710dd58e8930923308a64cc66920f32709d65b9968f434f3a01d419909a58740
ca44534219af40aa3c9eb65779c616d48885618fc20a6cd6d994019375f5fe2ab8696a365998515358e365b93b0054478c7784192b423c210556eb21
bb8b9144dc63302d8670009b7530635dc8694d4c0bd244eb3c1cf8348825319ffc9c6c7b0c485b18bd72bcf066950879b5a2955de4d10ad5f45a396f
6f192408a9de2188bacd8be909faf6e259add8f46602c8a333d9781986c26d5cafd8e5e69e2b61144c2bee38981de3150f1bf5f8f056b50a15f88887
aef5b60a64e85c0c02a84f6a606020af551e64f78af6cd329b977df181c9152c35b73127f5c8288ad7dd4f6dad3963773f36982b28432da2b6316721
6da3aee20654f98d252476298e46097c2fc44a59a05dbab80c116389b2e35985e8df99565a20d0c82cab17329635955f484458703153808d399a36f1
14ac9dd761e8f3727723a5d9ec58513e045b1c2a10708bee463908fa759450387850138407e3b18cb5ae9d37905c3eb0ee42c1c10d17dd2304b97bc4
b5b96a2533401db73131401b2f26cd132aa0b9f139727ba9cc1c5bfe9d8692e2063c8d5a673c21f84d8a276e831bcd50c6abd912aedd65d33274f368
acc3627d432202366edb17011b76df2367caacd498addc19800d060106ec9bce0bfbf54d771bf9cf4c07176f7f15b7000e6e23402b3687e9166a3fcc
d9ca5030b59bf03cf02d2e2bf2ce9c4dcc91b11a9a6244a88651822c30b39277f6d814b4f7ef5d68eb3a692b8fa7b754c6c5e6870180a35c138a882f
d645ea56c66b33061817e81cab18a9b46b67c589f9a725b1e3c483c6ec163c91c9e81d1196e1c3759cb0ea5ad538f1952329227162d235e168c67b4d
5269e34cbe2f7610e7b1ae9a259231f8a41b47006f7197340669b74544f0decbe482b3bb4096bfec3141abd13d92a5683b46ded1f3e124221224582f
8eb88277837a3c3ee21e2aa493d6a6ebd1c1ee8b88a80ec7ecc440c4ba7fac75747fd84eb618446ad14613b3334814c438d2140a82c893f0ebfc3f11
4121d9b41fc94fbcb05da90e4a6dd0ca50116ee333d7b83bd8895277c03b00b71eb82a0678ac8a1a40cbbead12ace2be6fdd2ac887255b62021ff617
99470b43350cd0b2d4c76171964a19f398b8c042a0c56de5337573934686bdc07c250fbdc31534527b97e13a5cf0446183d6d3d1ad0c3b9b412874e5
15574057ba7508ea3448d46bbd78d4523deb32eeeeaa4cce232450475dbc8d17422c0018ee6be7401c5aab1943d75a61ff7d96a90a49318e0b61760f
4c59f070838168a109b7e32c9623124538a23822f4c2d1dd71248a90c21791282298172d2417fd8e17f36c8c4436ad0e81f0022bb73d7cb18e80547f
4172f2be875ddada4de46d34fb13e24a85cc343bc22d64d68d08b7f0892222bac2723052713690231da9c9692ddc8a42e40addc08205e9bee3641006
437597a01f63760537bb4d6260da3d3047aa29b0ebd6d1a6e5b80d8eab2e36485f0b333e8e67613994616f9a0d9330758c0c143204c78d6735af1694
e3eab8132490bd73a48d29fc450f1be8c53c7863109854cf086d7a72875d990e7af8b195b174d2d2225356dc36e2ce5de20e06fdb807ec646fab9d4b
2710a17d4fdea83b25faadc7b134c2021f75f0213b1eec520d4e5aa13c069557d3f089591946587ea3c5eb0963b7f5a693e4145e750a8a27b9a59919
354faf2b354fd3dac96799cc6a98efe1b68f2f5cb3327d8f5809f39e6114f68ea0aee885be28cd82bb24502e5314798be0469b1ef74809caa3439012
e3176ce2497c8b5d584d30f22a676e625abe6a934f82ba59bc03d28396b8c56380bf89ff252a8c22a684000533ab340d98922a90355f8c23cde424c1
1563698b2a28fce4cd4fd4bd64a04f4897a047c85242506e94329702b5706dba44136775039e03e4ea48b84d556fa8a5cd53d6b6840001ef8014683c
2b6e3048ce2d786c2eaee8cbabacd929511b33a6e3203957e0028e4cf689364cd95513b221e8299656267bd3a64b91d2afb8479e528d49c4d9def010
07d0427d6476292d777a50c26ad04426ac1345c215ac450c3031aac026939438e6ac32b681cc3e7899bc6413f5483fe00ff244d785bec8585ed30bd3
1158d6a4cce595aa9ca0cc38ec2de19d2e9fce5361b46071033cd428c522f1eabffd9a09da8d5dbb699988282dff70c99b28bbba136d424e78abab18
910b9cc593db17b4d7a416fa3d6571c313ec53f5ac9114cb0e423cc1dedfcc51997bdd04b6d078a5034262f26f4bb7c43458b61e25dedeb7eb340d3b
a14e218989afecd74cb8ae6f836b42e22bbbdd13ec840e3e4db8fc944cc4b01b46e3b1726984e84a3541dfaf03440db80e100533949bc51b0fba8d75
99d4759b68050cafc9cffd41e157c822be34ef08cc8417b11c1a9fd66106f5e89c8fcaccb1e965ddc61a08017c8b5eba5ada28cccc9377eaa0e65ebc
26e5d8c1041d224e6e9050d610fbd8406e006234503b05c9e20a3248b3b79d0cd23b064a44f62583347ceaa6a5636c19f5710cb85d01b8658c404efc
78939807d5b5e831b0d12777c08d6eea1c7639b348d8e5a2f4b17412282313d9aaece64c2771a921cf811a575011b0583ea94e59340c97b5ce04e922
fe2df2903c2ace6e40c96e22c0b523a5b46ee50365cd13b193d18cfd22431397cd43b990fa9da15c5469dbf9417173fb6230a4ac0ac4730af999d7e5
95beb955d09923859cf9758b651c1e28880e2fc9b84564953e4ff4db0928dc5db72e91e921b6df3be3855e25594e19395d9357270f539164629ef9d4
b7809ec7f2f90b5088c70c6312fa02fa8963d373d74fa2b2d1b73239941187676d1d069419df687b41862929de7aa4c14b4c34437f51eae856a63726
bb4be64099dc25bdb4d5d3e0d6b841c5d7e1c5ba721c13d527918c46b23cc32f6bb691a1b24c76f9e7a1b3dcbea81cc42d365668ae7872b6dcfa2411
65372069bbcb01b7f08d5be35147aedc5596e2db49395140dc2af896bb3091783435ba7993e7869acc15d417b41159e3c8c84aafdc86ad3ce62d4245
98a23dff398370837f072793c69af9a44147dc2ba452ce032702102fa526f1ef8c98c4c9710319d7bd93a560c65d1c8ba18cb7506f33a4462465222f
bc50e1219741d5fe02542d2d2d2304d14ef9ccebdeb785a486236d24d39ae350858c18c472070a7bd540236ad0f6f80c6bcc4d13c4eb26252737800a
6db52dd781777749b96644318ed066abbc12339a061ef174b4508635c68a7d5ec9fdb32b0ae7a9c55f0766dca21208a1661da8d1c4a866781bf1f101
6b3d993988ac58e58deefd5b0b224f5d6e5c3f41c5a444b67d65184ba2e45cde206c1d96917760c6d846f460941ccc3086e8b9e856860e2db198f7f1
c08d4080ad235a88eddc6693475811b1ec1e89272f065fadb0b52def63c135ed9d8fb80bf7fb586f35381eec53d338382de1e5e03434044201a3250c
cc2bf6b9e483dcdc501fb01f9b8c91b3d371a599b1818e3ec9d07b6e1a5e3ee89571998ff87869e08fb43b3f333ad0f68e0c3da89a6a4fbaba265790
488dda93da59719f64e5327665d869a2e51e3c820fafc550942c9c11dbe7abb319cfa7f88261a65a643178316a59d3ee6ad2fc30855ee0179204e501
0295ac290fa49a092e634b88a515debcb629a220cc2e6a2b970701f2ef83bf145580ef6797498fc53d40b3134eca78b4e0493c659ab8f6ae805016ab
2f13a8eff60179a094e442a54b482db8a91d457d050930f544542b8f65acaf114578dc203888afccdc2da2f68220ba469a029857561cef526646b77b
8a3321d632c0e8e4b42065a651424865b676d36a99570ee11e88f6c550e18185c93050895f5c4111eb792034cf11f305b7b61d4757c2c53105252c44
7a74b395c7bc551e061f95f158fde2ef7742a08589645d0689aa52710f20774f92e92fa5e0155a7bbcd2694024bc25ba015c262fd499ae64b0be5b79
f4a021e05e7b981a7b0cd972db0f99c710ff4e592875af64b2199d8d0a62caa21726d3a7eedfc9868cb71163268b416172ca701b94dcd1984594d9ed
3c55985ec7118905973ab2338114e69f7496a9526808d5c9b2e03273f121ae1486af8a5d15de6676d448295c403558061802142fc66729aa65e1915a
e7f4827b1e71f107c49e7081dbca5602ca32884c43e23271f42c2af53e9d454aa56a29d5b55432499dc14a1da8719f7c96ced8ac63548145a7988355
0a952ccf6b1d98105c4c99631eb1f2ba893f002bd739b00ca54b1a79194a9771bb12ece84fa09fca9650567af23c047986c740b4981ed66965e25243
e252f1ed585f189c659f7ea10665e64e0d4907ea8284e67acba795fb7398378e80c7226f9c14a157c588a719c7279bb2f3e50c2dd54ebfaf372c6d34
d22cca41b5df5839089286e49b703ebc96aebd046b89e51893d624a1bc141f960ab417df452a5d7909e955afe7b5c6a414a9c605f71c92f70c349bec
68fdf1fa8e8f9ce524457b21cf411a5a87930a98590a338efbf483e70be764ea426c92fd09e522f9190b5db70937b0a1dbf8366bb9c84e0c03732c1a
6b7c1fd1a7a1428f54b85550a689dfe005c550442e0bef2568a9165cc17566d4561139862bf8a690bf400a08695c0bb38c3b78627950850f6ec15db6
a88ce4abb2202cbcc9e008a465989db42996aef1cc4ef1b574ab51f43ddf85f7086cc95a10d3941eee8004682027b2239d549699024244bd20178dde
cc68e588e098a2320f7dd51f705b44b7a0a1dc0db82da4bce235cb622d68e10bf562ed4bc08b116e8fab01371bc382dc35f6452fdd0e159c856e0954
9b8c59de9bf52411a2e40b3ecb50718ce9888d29056389b8af66ac448e603c46265f1748918bed0ec89f3ca9611eaaee922a89bb485438758a5cba96
d3ce149a1592c7f826d6d2ed43c18989964481a663eb82d87c6fac25216d49f688b841e1592234dfb7f2160625dd7e1f206b965d8b2ac59344e218e5
956ee5c1a1d42303ed7d925ef80a8ca32b96cccbf79a0392c1284b6d2b0f3c0a2b88404a0f9709833a8005c916a5a58c110564c12e9bdc80323db801
c278ab1b0c346856cbd854c20bbc6ed5979216666f312f404a413b97968576124f93e9b11da6b4f0994f9b1096caeca2faa292a3e9f4be541a39b35b
e0aef7e41e1642f92a53dd529170526c7e19062743d80d4e7e6ab0952fcc51c3ad031ead0c72a514193096757054cd80b9027dee5e98cfda8c00c6a3
a403d8c25c813e572f0c73973abc74452624b31e44de24a37d232db8fd8ab2167623000219b953aaaf7a2d30253d2c461046933d4786a43bd261611c
8d8ff60b6fa23a486a81132ce91cb1ec48d861fecbf4d676f92f3b7993cb3bd8a7cb5c392f045c603723efc27ba6560216588a92f178301ed740c174
94bcf8c70830d64a2079ca8d7c8e410d5a6c189b92f4f7e5e0d208ea034b234d7b61a87bbcf5b8a381274139945d016a993c220854079fe564508127
313430af269d6e36932c70b2a5e0065c2b0dc16481d675969316312112b1e93782444a6c672e584ec2a849c2f294cdbc2ea654d31c101f7413015d5b
6b874cf50fc353b264447490b5bbfa00f7d416ac0f5c6216edd407db579571fb57ab561f649e52d5ea83c4261c56d885ac9154dcd7d4939aad4c3e26
334fed5a5158649fa8d378635265c4c84cfebdebb88ee9c29bd5ede4af29c0f596a2fbdf7129c965d28dd6a0f2eea5af4bd679d08566dd2d41a1c816
566108aa9662751edbc15f8050a2bb046fd669b5d232146e5d56c841413973569a35723d9bfa2bec40b6b3d76106926a587943d3c17235f05a837a84
7b30dd3ea00e7d6b006b96cca615cebe6444432df32b56ad62d082d012b023e3abce4375286d32a0d4488024da2bd205dac853e378235e5380a52add
7a80ef28f977507b728780ef56beb03bb58af0e025e93f157629db56eab04b697bd784eb6c6262152a5cf1aa224fb423e52a3538b1f68a77fc52f200
95846688b03f9307e4fe7407b8ff230655a9e239d8a1269a9464edab997314c8bc6e69fdbf52e993625233e7e80ef0d28cd4d69ac1e893bf67cca5db
8345259779bdc7fdf314b4b8028c5f8a4fcd3cd37a6f643c73e1cd950725694e65ac935ae0f6a5cf76156e49e7caabc8299da498d432d6c13d0e2005
43e181c0a480d82e2728ab0b44ac5497bae0086b90ba0a192cee2aef527ae517e4e9aafe9e9e75b3e6a152ca8a539108259933f3f2a5430e6a1d525e
b3422a946c563b4c681eb4221b9d81a649cd9ed05a993dc21f7466ac57895b1930c9285a2bc9d1f4896c274e8253575c5d9704ae2bcfd042f3309749
7bafd03a9d4cab32439fe5cf4af65fdd030fd5a6b775c803a181e94e1c695191a23a49c9abdb900742fd36a0529f1b038d85970d17046e65be7ee71e
0739b9a22f9e0fa895c1563ea1d69d6e53b382a16856576440ed322d3b5e4d4468fbbe7cdd870aa669edd46e34aba1697a1740b19cfcc148baa71e0f
1efd3d0da4a17672900abdd2492f2b95beecdfb9f7cd92874dce54cf947a377e840b893d96f035420826361f6af8d074b179b69ee40c9a31d2e71553
d3890b99de3188c20ad5ab7012e05b0b722b9d782bbd8df60d5766d0731c4865ea10c78154046ed965539903cfe12d95815bf60d5758e97c05b92230
cb57e8d7c7833dccaa98b03251e54e6ff66dade3ca617203f0f9e206541d2548d6a13a56579c1cf309d48a4748f456602bcf6ca031a641f48b2ac67a
6555e010baf80b08d0e20ff07066115f5ee165d45b80ad3c80321050d98d083812ad24acc34b2889bace63b55c012d4044be0e939b6864a576e89808
3c5e1ef2ec1e98b54d2c6a9d072e5d816d203d7d0d633dab2a706bd660c30be848a1952632edd415d7eeec685a23a3662433d748a045622b9259581b
5b235f8813cdadb488394a62e5b539db38d684ab7a12272bd519c713ac544ebcbc79205fd3c80cd5a8ae40f245cf23d36136bb012864f1102088c51f
900549395887cbcd5d32f5822df92bb505fb2bd7c213b9a9aedb9c82dfe759175ad624205666efb5b979ad0379c23fb2eddafcbc3266da6ea0950623
3b5d56fabfec95592ba72e302b99995614eeb0628bf55ac73c54016f57b1bd795d49263aa1ae2bd980ac132b8d3ab62aae8c3c7614c9ca0b563e96af
1bef987b7f6c83bdb9d3b1049a3c05ac433cd78dcbea2ea09954ff8eb3c1e20e787dd81b08e9086c065f1134942429d67d2ca170c314633ed9aeb4ec
7493da2b44d34ae9ec0dbae39cbbb88c14d4de2bcc4660e3d88a37cab2b92b1c620e5a5969a1a9fe9d3894245d0f2ebf04d3ca37771d66b2c2a252cd
5de9d232018de400e6112761108cc84e9b2c127821cbd961568a4f9bf0563ab46c6b5daf31863e6154b3b3bdac88be996cd5d81e631e4515135b6455
2cecd41578ed4267d30dde203bbcb707c84b6c6743704bd6f6dd28a86cb5db269a92a4596c904c35dc5a1cac508b79280a1a04112be9d680fc34bbc1
0a28a2ca30fa6697c9db7466d8e8cb91ccde6034c862005b889c86860c9ca73fe0ce9cdde38906426424550ac4c8f3a7e878c30351597b7dc3fd243f
64b1c5b1b3dd6090a9ba64967e7fd18ff18df70aa444a6651819992b1d60c3b13d8bee373ca66af7e496e0338d1e6081f1c6fde1cd5a134fe2d95010
0fb136bb03dc87329298f2c868cf2339bcca0450ebc838e0ecf6245f71bf0d87f0ac3db2e1d0bd44ff3e20120e198a6233f506bf8c9f59da7033dc96
cb0dd9486d59dc0a41d41411e8eb17c35bc582061ab180560df2f0db1443c02b2d32766e0805ce0671a16491c177c3e5a8705b185c8ecab70624e7d9
5de2b8291eb9f16d289f4737040f3b77c0b6e00efead8cd7c8a4d16c0bcf54c50d36d89c842704badc180ddf4d2d06912b23cd60e3752af1dc8d87f8
45eed58d9131f6096f15fe55739aca47dee6d7bccdda5a23478dec435b6502499791bec59cb1c2eb78830f79dbbc59a054dcd6bde22d2d9df03784dc
384a6a838a91a5d96e2b73b0a97db718cc8ea0db90d27ff10a205b53f612f3a6943d111b2d0476f76db01038387b5b29596545df6820308b1a37c2f5
c146c3a55604c996ec25dd70b52adcca34ab98f6e1c772aed16de3e3cc0680e701efdf8dba76749778f950eacec604aab2806db427d893b1c19375e3
db3bb78a9601ea8d3d1b1b12aafacaded6b59d76ae12c8b8ca958d6564fccf667948e86f6fcdb67315bcce7cf3ca9afb36141c19dd372a386e006b83
75c00df7ba6cdedd103294cde30eee03c3708c75d0a4f0e6952317365cfcba493ff8a46c50dee092729e9d8d4f5ee974b231fb92938f6d27954a9721
6fbd4c7048654308879413ff6cd0a71c28bc9d48dfa793e5d6cd17c9975836040ca5db785063e41bdfe0bf7ad801ba75fd2bdc44e339164128b8b808
1a9157dced92da9007d5269f6d1833a22b909ad74acac5397984053623e1005950e7dbf707471452105fe4770f37d83a1c61b723eba92dd23bd22b39
33d00e5347ebb0a8022ca6ba8c559058d9115ce4fb02fb834f522695e9dc9955dee025f480dcbdc91d1e18c01d9e887f9a54c60b54e2503b82b16d6a
d9477e25adeb8e606c33d11d5eb9a8a7785b45060edc032d4a3aeeecd05783c5cc0e3f9ccd1e3bde5e3517dd879b4d5c719f41296dfbbe42eaec3336
82bc55fbb0b21457c05e2e7eb5cf94d4da8b3b5e57f573ad3b83b1ed0bdd9921c0b27b678600c72def8cce761cf24eb3cbad4ce1ec950f3c5948faed
f0c2f994be3389c06de9f804eb6ded9834c0a1cb7b60d65f4d0c4902ecc8db03927519334811e053fdde35f0e083c6ce2ca812267b1cef45a94ccd4e
988d7cb34a73449253c777ed486a5aa400ec8817f7d5fd1d57ed1c49bd231b80938bedf0cad94bb7235a3c1b21f0ca591ceff0ca15d999f604daf61a
24a83b26ede154330089d2d3a4dbbd6ac57e913d8d75178850d87db4dfe955b3977bcfc85f2179bc2399800335f76eb72a5967ed7dd8ad74badf119f
5e4c37787fa0de06e0717171c58e598b4a18486583dd9e8956f7886537d9141ea4cd64185b6eea47ea263d10deca90e0b261ed307b3526a3390cb397
19eb50e1bd548542de7d2e6433ee9497f19237cc42ab84d8fd8e5c4a59226d5f18196c5455dcbd3577c583005916a9bd720bba07dcd6cbd91f0c28fd
c5184250323592e5e88ed448375e37ec6226da955aba650093f69b1bad341098ec573ea3a679239cca9e887d25fabd7e2b7d6f5a6078c28aa7c5b7aa
eca9ddbb256ef67325fb3610a32fa8d71a0f7cbcca86b97d18e64c641b69c6656881b22fec30dca55b8ff48b69921be76010b9d8fe1d44ad33e18e60
aa2ce3c14eadd3bc8a0904ecd9dd77f2f8e555eea19dcfaa2e969bc3a12535783f06010b89886bcac55f8c7d29101134ee94803b5f4195c6b59fe3a0
ac1e70c1cd7112fbc911b408270ecee60cc84a94cd4a4e0a2923f544867e535a57e1c28dc1f27d263b69f70b9765bcc3ba8616fc86f78ea8a36cced1
9d4db33d5cfb45889e383a1e3464899f1e0f6ae2a28b834f244dfe0274211c1c0fda02a21b8cc087679957fe9368f9806f29eb40740cdf9248f3404e
80bcb8079096c4da31e29492ca203551c281b8253f567920dadb2ff01ef044e5eaf13825cd60e2f6ccae801cd429f298c7943405ea48b2081f7c77d4
a6b4638429ddbae08d020f3ae39e46f4178c98f1ef744368c71f81eabd76f8018b60f555a0238c2d27b0c2d8015a0a46fed8b273e08d781ffd8e48e9
e8c58a036e8dca97411d05760c6f9476fec1a44476141f08e976a6f303498a2c920faa2132451f5ded08d5349a78622e6e00f4cb967d301828fa036a
76c50da88804f70010b4cf8e4ce47a01f32052cd9b5922ad371cc8f968b3db91292e8d5bea09d50d1031a443f481e09987513dd402434dc39e36f341
b54096ee8369c47d45ea6012235f163a46d222c9f40389c5cdf20ede16f325aa03291a1d5f7d204991b3db1c434b28fe802a9d7723b212f9bddc835a
83f186848ace4a7f5432766fcfe14ef3e2546e266f6846cbdc7657a508bf0d42a5cd3c814fb0dff61fe263fad1f315d2e8a803b19af5cad386697825
625da64f4a4ac4b172df48b93fd601911081048a3e081e88c9f66b1907f306d93f7ac07d97ec303f986bdc8ee063e3ea090844613f64bd3e20e4cbe4
1e89144d731f4ba10e76da69cced615c2a3a1f1f3b83a5922b6065b534c0d33c4567aa63a78cf4f21fb09799649945c8f6afe300aa3d09444c97c9bf
679485155e3fb35a7a1cbc7467fe71d03d6b02c373937ed4e880b5e9b61407f3910b2dc33d671606f79cfded07e29d83d30f1eb85cef27bf8f732c9d
868003af9aa24fa602145a7823cdc4005dc5dacfc12c4576bb1e27e7e43202ec0dc1783b5d035c44b3cb4840eb19745d25d8727ae0511ddf1c3b2e02
e8df07d635c36b30657f411b9f47e858b7efe5b898a5c510311fb2d6f11cde45b1dc13f625df5e3b71bbdf41da27de87749cc4f9a04e29b67142fb29
b33b00358bf19c0f1e58c4074e283b65767970b745157c695b3d20c1d1ed76db09eda5e8107d427b7164eb3911244dba6b2fe121423947f66d11f3c9
fbf726f7138fd2d8437af27d475f733d67449f4d6ed067e9b3c48990e8db7dba13c9b3fda6df09638c1dde27dfa8f1add633e079c5871b2436508f01
2f3b889ace005fc5e21168a3f64ac1bb695bca09676691e9e1c4038e45b69d33e2a56a831cc12a254b4f5e54b393fe1cde4fedf133e29467da801ae3
9bb5271e702c52634e58477cbbff4c54bdebabcc7267227cc2601a7423f812bdd8d115b46d9af41213d9244374a14f7dd1b5a0e050db13313f45eae3
99b17ddc61e60c85913c08c91fd0d0279de72c8316b54c785af1b6ce8543b80c2e635a2d14403a7e9c789ec54eb01301c4f6309f706e3a0be3893bf8
f5e1df716961717f079c586e7f62c7fb77e0cc94bcd0b1207df8ec3a57236d97a162497c9d489be468aeb36b58c1eea073a17557485ec6baba0212d3
414fe7029bb497095ec78744c35999c75d2356c4c29b4751597ab843beecb2b8437a8c54c6557cbf337fae33211252e019bc3dac7bae3057386ae35c
7190d549f84474f1c3a4b50ef216de6174b95d0c3d573e32ab85a277f1c6d656304609a0134697e9b6634630b1c4f809a38a9d46e706ef82592dbd85
e6fedda6d268c7ed2b41d0b4371ec0a4f49d782dd1e7901379188b43854ee4372ade30d0af1edef63b34b8e43264a643cd4fdc519b7c6df3dc07b9b8
4b52b010797035856986123bdeeaa4e9c5d148e73162ff5486c6650a3d061e04c33180f218d0028d97630069a0f044ab3f40026a1b38cf1372569693
13eebb22b3e0897828dbf04e3e5d6817e589fb63b7b79ecf13bab07709dc6b7eede1bc38a23a8077cd09f9cf0bcc50f6d413c150f6a69fbc40664675
61a5b3cbbcb9ea29e0baff52dc00d67c6f910b59143c237ae31cf073222564c9ee90ee8767f97ad0c6f6bad7202ef8eeec56be1ef474690b5f0f2044
9afe85d4490f499b0bbebadb0398177229dd2e0c5f8cfd7204d285c866bbb62fbc9e622e72513d9349e4422cd8a3faf74e660ef6bf980ddb216c17dc
79ce0576211bb673325c54e76451b91806ed394fb8e4fff0f7088197de7f2118cdd9c82ebc80e823fe35517a09c0f100a2b6da854c05357980932832
4417c84a33eaa16a8b7dbcd73c36af8698690f4fae20b3f632e08170fb1b2f662e1063bd46c66f4d6a26af96a27ee13116df4db966ecf6e201b8db27
8f00962463cbc518ea1bd074e64909be022eab887f5c819e6ccd1aaebcdb15d50b57ec7c3ebf70c5ae149771d5d7dadc857c9ab71bca179c7db6395c
818650318c0bf9c06bf4900c41305ae0eebb5d92bee0eff31dd52b8e95501711afc39b7c9820ca017557e43404146c6f76a85f30b5f93ee515874072
03f008137c1a300ad389300a0dddd616fc58fcc5670c1df5730dc55407982b811a1697c9798d5918e34a360c20179963af4c6a30de9073ca31dc179e
74f17dfc0b3ebee230c20b517cb75bd517afd2d5ea3170125cfc05ccb3c965bea9a05922e7944f9a17b22b3cbc30192a93d73e634e461b6fceddf00c
cdd8feb9abf07530010845b9cd49688475b0981ef1be8b5f8aba989ec11176574128938ecf5759d9c03d80c2a33f1814ae852a643e669f5486a5005d
50867d9fe642b62a876b5c343fea80712d9c4379950042c8e0629ec08841f36e9a2a7560bb90f8aa54035349049a1fb28d164b0b582eabd79c0f9e4b
cdb9102038f9e6fc0507687134e885ab028e5abae0002d3aa45eb839304597bb15c877932f5e1c7084dc0555dd2fa05d9573f207d85bd503ee9ca32b
06ccc212b2abdb667251973721c39feaac8fd73ae84e3dae632ff90b8a71a36525901ab2fb4f83dd2b17d2addb6c79d112ea2bd7d7ca28008bd915bb
a7ba01032b5cbe088286447a0a078b5e1be4b409139a7e70d2846be37ed7ca6c838b690804024e5e6a984efdf0f00555dfe1d8174ca776435f3bd126
f3c085303e1ba4af7df076577003cb807031d7a9a3e62e28ffc53e888bc6d6c5e5034169ea018abadf73bde043750ed00bf70ec2ad7ca0bd403a1069
2415f58256eeb3ed058fea2dcbc2c53c0f8e2dbe1056e7e7e7ae734c52783bc724dd82360473c2937ab056862f86a7e00607bb10eea1ca2f5e0ba8f2
bef17bf1da9fc3ce2e3e06e3d0d50b91720ecebbf8388c439a2e68f37e1cebbac85c6577b8baf61e975b0fdca99e3833955a002053a99e11684a2f2d
1f4f7da355708827776d15e4d7d9157dafeb167d2ba3cb59bf236384720ab732d853d2907ce05b191e5a05857d7645420f8269e29dafa43279c3736d
5a055ff4ca1eb3a207f7c8737e709740dce41ea0e34f1e02414d4f99d4ca94ac5123c0fea9fca9adccd57779d0e86b82b25bebc8d6820f573fe4b86d
65ecb1c9ddc3a16e1c425bd675f4562602043f82e374e3b495397f2d0ab382297aa855400a3d84103c10be184178b7d0a9485a45e21aa887aefc36ba
1088910a5714e14051553e9756ee727c092e0794dd0170306bc4e134ceee90db3e0a483e1d184c7b9130094d70223f825695774f1453dc2ac0ab5c86
262b9f4d2bd3fc135d01a3b4178277519429aa552078dcb40b4576b99509a240624a88a449266e37b5cfdc6e5ad93cb8a506841eab9bc0ad4cb4fa03
304fe3a06bb1ed70e8efc922cc00901142afdfb572a5d853993310c4c849bf78fbc285ad7b1fad0c13c343288316abcc08ede08ed34351ff65e05c10
16240734bf80d27aef8027c3a419144a763339647758cc1e16f2ee24da834eb9dc3e00d2cc0e1684d4240dc98b260a256f15a4cd24eac6a3834a04dc
ca089df28e5f80b528d25d70d76b11d6901e62f1fe1b065c130adf144c86096f0a2e2655bac49387a44bfc2190f8e86036a9d43109e109374e17b3a1
4aa035c9f17a77360cb495dcbee04567f5d835c7709336c30a6c7244e45d325b199aa39762a551eed6056c664530ac208fdb90341099d140b50c9660
b0124fa68e8dc7594f937760b3595777a2876846840cad8b491c39f11713c3068967bc6e48d4610a66428a6411891b258b299a2f0e865b03e4cd28af
491ed71a83964c291b8f64dea2cc8b962c6077b2b55b05f2f8590b40b68ac5b4b5e3cc61a4ef03e91a93917c37f180a4664a75d9cac0a177d431d406
0d71700f6a471cc491cb34209b51211ffec3383b0608820916668523b6f22067c344d5d565649435ab3aa923aa0318981773ae73e0551d0c0fbed038
2ccc59933841bce6ee54758b7f1f4ba71ef93cb6d902d5d4a2112e046b79b75c844020c3027ddbc1d7600a1a912ef89b08bc90e1cb120ce184b775a2
d26ad5890966d3ad82f624a91213f2e95bd04fb8df2b5f422b138d9ad404abb1d7697a801ab33fe07e2aae80d345dc76426235f388e9c1f3c20d0402
2d29383db8f4fa82118bba28d32a6043350cd47285f869e24501617a9a069042c344028efe0486394f1b778ea7e0328f03c915a48e68202e7053cd62
469c8cb8ed44b556e437cd03d3c2c30c7a14c54fb8a6b188d94ee356467603c6f2dcba843a20929f0240f0e207ca317789778f1651e8c42b17c9308c
2b175efe8073b898d5146810f762c150dbf0e21600aa080f4851bb2cfe1d8720a321402bd3369cf84ca36ee8b40a08df45b38a9c847f1f93700f74e2
89194d9198760f7875de6b1bc7a40433955d4f12b106def9131fce5e3c22a580bf47ce6e498509173396aafe107a70a325585875d9b6951949985f93
3faeb50606ab46e36349ba32d42a90c5cfe0642a02c2471e2249f0e356f552dd000ff84dfe1d8c6bf600e04b55f8c9dce2a64c242aaba6dc4c904514
5054cd8b27dca95eaad69879cc922917d6d665d1940a88a2fa77cec01d66ccc06590c4a2190cebacc9947109c16b5e0647f010e4b5e68405939c5ce6
bd2f333a643ebbf1525848e5c869e515654d8acf2dc97ed42a684949ee11d77174189f10ccf9903635c1e0591ffe3da2ecdf33ca9a240337b3b746c5
bd4f336f1838972a4aa804d9bf8f9517a2ebc09287e409421adcb4f274bba8cf954f65a9cf11ac60ccafd088a4654e233821f98bceee6d5899569a66
4ca0b82152a5554e88f5ac0ff748dfad118de0cf2aebcf8458cf1b4be145669d76a79197c56c6ea33bd9f484d8cfeaa5dbf8f6843721544999c7f3b4
d373e86d8c8bc97a21be95b198937f470c8761442c439d5cae280bad3b211284c8b3a278bf56269204204247abb90293eb9ab88eb16e02f0a01dd9f2
e8186876058f62e665c7a016a189a96b9379e5c95836cb30841a541d7326466e0673735c15aea68e93da82d9f339164fabcdd70592d9092fff666f5d
a4a77d9824a1fb552fded0fd3c8f8b40f803f0825b070b08cc1d6071ccb32f2c86ec31136e9654b364041be835c956be507e22768662a8675e5a79e2
8c66550456bc26474f6b4d1152dc1f6d1f1201336305a2fbc704c4aa66c406e896412b23a657ab364f4810ecef275c345b5ca6b126aa8c4b08d20967
dc6aa9c1bf27529607402ab9e40f561c613c00b643f0ef3b11e41edb0c72d112cf139620b88c87a3a419cf0c04958fa255805b073760488724cc3cd3
0eae83d93cf3b2b2bf28ec5263ce34dfdfbe001d0597377ee12e08b51612e6ccacdd3207104e7499e14912cd331e35b8010d9d3214239a99716637a0
add14bd97dfd61b935a00c910a3823da3428caaa55e02297cbb09846030d836995d961e64b4fcaa5d32a6894950a37d3f7afc08e56c11086ec3e0b70
ef2edab4f20db3c8b9abbcc4ad8cbb60b3cb5428a40ecc7c1cfc362256428af0ccac718a36681534584a3b9f99cf277b165df19c6d9e981367259e3f
4313f509614e6396c21433fa8837ce89972dbd2d12b685a99a61ae728cb70a4e4343641290f0c4bb3ed9888599b51a717c6e3c1b5119824cb6809966
d06ca0475e5c0fc96bab128533bcf993812edc58d273e642c78960285c4c7fc0c3d9e20fe8fbf35ae0c9f32a4d6ae68d5f39eb5b05f0925c46d8a867
09e77df62e80b35eeef056069abcb319c86a00f0fca71391b40ac8fbe4062b6e0ca85c193a6bb475ed315826cdd41e4d5d4ca76352a0366906c824b9
8bdb237f857769e5a9dc10c2085abd4c0874edbe97d788a00a5d58327ae6bd621d9fe795527d710592fc9910bb12981e96301b9f6fd1ef1b25a214a2
796360afc067ae5b130993d3dc78272ef5562fd146ffaee68bd7a6aa890a99f5aa59e9705a9b4c613bac325bcc54018d50dc02ae5e21aa803adecf54
018bfb837428ee0f442c9d7486033bdcfa3f3943cd00c1acd53b71e884fa00a6c96a22e77b0be63f488bebf3c57c90e404f0d029bdaa485d93ad28cd
48e657cd4d70bba89ae870b94837175a79ec64576cd8479e02712032388003b306beae505c661e37970715084264c68dd66c4ea4a9b062814739ebad
43e0d4021676c8eaefe92ecfd6ede02eb72569bea89ce95036e36e50b5c0a5fbdc384316dd87c5e5708e7bdd476cab91824c33c1bc85eaa6083540bd
d40becad4ccaae2a0f06ec0a4a2a89cbf0606c847b04294bbf0c4c35935da6e33abb036a3a5299033550a1293c78bad6ee08c310a9ed1026dc25d07e
0d74c82b9753aba0fd4c2c2f8ceb44d92d700e2c1e0396f349ab1f785f486a4598b9855d5e60a91426e74a1834e4b01b8ae20354bc4775034aa2e006
17cc55c254a01a213e1c02779d3659187642d95b029f44b0253a04243f5bdc67df35ca1cd8ca20f2c53de20502978719d0888ad4028c883860509730
e3d9bf1b22379e511569d3915d2b3031af81861d4f170a5a9946df573db4da5a739f0a62a46b51344e2b739f1a0789171e64e60a433d0bfe0486c25b
1941ebb7f2c20fdc0345aa98456074a7bd4501fa99c23f73c83c071557901988c1856efd0b562a03bcd87aa8aa9521444c5fb006d6dbef0c0df0dae6
4180c214922e2a7f61fb81670a990142a1b94520150a425368e121bfba0524a189a31bfc661f074319981394785e7d36c7ea0a5dd0db28ad4cfb8cd9
4521bbf0a618f63ee9ca0169192d7ac242538531b3d063a43196312d8dc117da6da00fccb218dd2571ef0fc6e6d762e071041bf0c2c27de7df41b426
c14a0fadf71db32b7badf81c970568e0ed6fbb6b02d540499b50991649b31c6a9fb759e546f5ac9029319a110fdfb7f77e25d4420b7cdf55e79cc0c7
4875520af0855773023cb650cd087841ca16f9005778f61cf8c697cd0f015196d50c10496a6c3e093041ceb70efa1c75c3a695b949fc3dc8eb0621f7
886470a0c551c781c0104a4b5438c2ab890f799f8b91bc51641ba26e5f4c0fd97e434f8cd8ca9a011323da1113104269076ae8da687a5852ed24049d
f442d7465b034d811194764c84ae7eb606fe80eaa434e8b0f3da91ca5d9d0c0fd3dec113b0f588ae4fb61e35c241092d253f1c880f900a1ebafa17ec
ba084c6c285d2a1c547dac679c540abc72d0f72633926e7f4ccae2d7ca0ceff21e3e396b77803deb38a38080c970dbe5272f3dbeca1d142e4a6f6fe9
6be04048ba9895d365b8ffbddd2eae9bcb05a63633d38b487bce203ef0c1e432b581c515dce122ff888bda0e7789dd07dc7a7822314e6443125311e6
bdea93449c80e6c90d627fb2515a769c3889aa7241fbacf2c20e5d0175707199c25fbc3522ed4cd5e304ad82167971b68860c4aad7095a05152731aa
381353fe6241d95d923756570ce2d03c90b95aa90c5af9c021dc3d32085e4226f2f28edd273160df8a39465ef68eb70a02a921e0e375605da43d2e7a
bdc3c8fea7324393bc38b0b729414f2b532b496e0066e421220decb28ec4841739c51922a305a3319948e5f236c44461bab802af843e5ca6eb5ab232
2646b18867c661cb4aae001355fe95563166aa4e337df0c27e261795721df3805333c9244c4191614598fd01f50c1366c65e915521d278a52431ad82
64284f502c58d0d90d10b3218613cb704e0926dc45f109219681193718885017b856ed3090b850182457147ea1055b40fab31b8c251722688f8adeb2
756217423613d8157f019e20e61dbb6ad2ca6e0f8bd7ed7b92a10e8db1226434bb43a61b15cc7cb5c9c1bd918a866d9371e5f24ac044783327afc54a
9834a9a159c8de10574a49a96c7185bcd0b935c26e65076ae4f58c680ac24d6be5d66d658a55c188accdc52c053177c5fb9f17b16d3e8f1bd3f70882
ae5ba44778cd45d5d61866b5d9a351b3912a1ef194a8a54bdc21c375fe88e33d09697f71070a833fc00ed2a928ee3c1267f7b052a00a03c8b15cbca5
7644a3e9a01f47ba3b53d631d65928a0a2217d2dd250e52169a8f2393e1e83fedd25e85f07b3d8359156160c27a2ff4d6ad42b2c3299a2a6980b9f3c
c955f740d2129e4ee24920c110e563573cc9d7cd274e701a6980f1e28ef417dd14d57a14562e60c55ce082a831e15ce40a4634550d6984f1e281c7aa
c505ac487789173991a9a59ba292f5e0084b94a35ce3c52d2b59941ed073a58aa4e1f9949535f14127a51a6915a0374996f4185daa62d881746e4bd3
581b57d0af52fd09565f0230f1150c7bbe135fc1d0b3c3ad02fb28b98c89df8638396651056593d85feafa4af1b5803483a2249ad28cd592b44bcc24
6cd3669a2927a40ca719ab6318673006c9b634d3a4ee1e4f82e40a5cf8f624c2580cf5405b94f21eb50a508c98590a206ab1f0148058117da2654a6a
5ee213eab62325dc2cb6a520214b70be7578c1f1ac39f2754e9b58521c8b5d5501854abb24c541d4822112462d0c6f5b38a02a45acadb84d8ae44f1e
12e722afec700d4a5d4e700d5ac948c3f624553525022d1e9f12885c0c2c25e2592b03d393328db532e7e0323457b1b7943085e2fea1e165ff4e712f
f52ce5c15c0433ae5f2423859a93890f7784e7573db2da1a8f3570ef1b11209cc24ce54b35093780b309af80b7790dba9635fb789c0abc6126b482dc
02e28da90061b2b3253e96554c26c34328f5332d3cdd4a954fcb5834c1b80c962fac227b8db9635af87e827086bb13968c69194068160b2f4a7b48e8
0eeea02b6541f90c5a79c271443057eae552eb52e5e962f6174877e3fdc4ab11caffd92aba026cff46aa602ae6428831d31bf4adccd8726fc80ab1e5
0ed6b13b5c41f7af7a1c4a9b6c2369e55bcd1a82e6201db2d250da74a0492b17db1d1066977192f0bac0bc6317761a2a5af588648c0279e3637b2e93
2f9a930eefa42467da780a90429198a3d8278bb481754ac949085a2bc53b100e4d2bb789feca87c7e45d3fcd72237bb784e1db61c5d4b04361309f62
505bf662ee9049dee43432996fe19aae3d92893626affdce637df0089520f80b18c6ccad77c828f3a17d4cc243e256956cece920a3ba55803378df1e
dca6c63cdf84cf5e7e2883d6d4d2c13d6095e380ce6f8a3d404fde237cec5357db7342189cf5a6d4b5c5fec2bb2bf04c89a709e5d0f15609090cad99
255c8f988d26c4c01543846bbe37b90ae571f29681aee887bf5a0596de73bec6d20b828b2b659090712758cdba8004eb50704b16254c6b321b876fb1
d88c9c3836f3e60788eb561e0b155581ac8ed2e3f2835e83ac32774870838a115f7512ca0f684bd5e0d1365f54a6001037cf78ed42f9195a19296ae5
71c8487fe3f36f9e20926ebfc3b027b695f1b685536cb70ad0be07e413f13ea4673c02faf091394fd486848099efa4690e33cfe83abde511c4a61d9c
999cd9a7f83c23794c71179dd9da8591e701b5c7ecccd67492c7aba11eb2f2035750ca050fc1ab148b61d8498c86f2c0da08f5333530c3003c981002
4f8c8b2bfaa515dfdec881797e165780b349b8e75008b52bc634047560ec95b867eeaa6b51c2f356ee04556f3074413889f5655e24b69296bb97354d
9e35ec74b34e25196171f60ee5aeeab6f693ca1429927b3972ad644bc89117ccc53772d7755b171e62e517ee13af7a24773996c640fc4fc6ce24d176
5547a2533aae2886e3627bfe43f876042f96b395b7890b1020442009c9079d9536d4cdec21651b3c986e1afdb20e36dd6a61ddd88cca19b16c5ad60c
ec6605023c2a74cbe1bc08dda25b2c9b494a0b8e9993a8b8cf83c9bd4a8d2fdadd30591527c6c0ae508ac73efc53bcb879af2326ec233d22db587140
eccad22db6b27dfe90db1cc326b739ae239717113f2466a6aa5c6c61c781884361dddc692a5000bf6cdea59ac327fe789901e79d62afba84b27b1e9c
fe23c356c76e4d15b7bf4837e54757137bee7920f608ca29afeaf2e956bad134d01025cd65a29f3ce5a6f719d8268efe34683c9abdb8343107c3d04d
51541045178ed1bb946e70b7f1409bf5e7879724347aa59ba47f09dcf37c6ce60efd5dbc1c14571c5d9b9351d9b5ad222c773bbb5396c204c7d4a24c
73e8618b23cab0effa7a45c2033e0f74e6ce99a0f85a70e2093e0f74d712c9365494f0aacca1a0df32c02eb3766888a0e9d0ace560530e6f09ecced2
5b262ce753d62ccebcbf4552d8e4342c442c09eb4e4150455076623929d8e482bf40f14d5f3a2d2c4bfacde78169a6ecd540a76c4005e2977364c3ce
2fd7ea2fd2e88b4d9f3af387fce350f115a925a7cff7639c322e9722b67ecad23e0342aec14ee1af9fc4c8a72c0a82968b436773fbabc8608acb5371
ac48207db1471d3ec7c5993e40e0e5569b40061b493fef17c198d06497b968e3caabb87cfe4f275f3de5530e894acd86eea2dc46cbd4a71805ec822f
946ddcb82bbaceb17cea97829a8d585acd8f40502637bcb0abb3d66723af7f6301f53c783d1ea6682feadfe621e30fc38f852f740325b2b8fa626fe1
8743874348b81456aaa52cc4d4286b4b0c62aa93851c0d4c4eb213b952a791e32165f9db7e6a30e394945f573934a4d5b77e2b244e22b953f6fa5978
a018b5132d68cd2f50a04bbf54e02b1c9c40ea3c9046fa305bfdb1f28b6c6f74f2c5a6cb67145e68bab0e3d5d961adf97f384fa52c12b3c0eb08cd18
929731aae9d38b3b17f0561de6df08df2a0debf4298bd7b3ad576958b1f656c1d2f7fede3f6c3ed5611ab3d0ea32562ab5894d182f43d4a8d9eaea83
6d9642f5fd5f4e1c7535fd198111ed268bb9ae43aef287b46211f57540ce892abc6115aad05d4f467dd51d76de5b211b195715eda6d10b59abf1fcae
431d9be342ddc6acf047915d833f24140309eaa6b0159fef07c9e983212a8cb539584cde1789c8c0a42acb3517dcab6e11132ba63a31dbe7bdfced73
beaf451bc7c6f763b1f140e6a668c56bd1ad1e14eb5589da9290a054e3cfec8ff575135ca64a597a9860805a7ddccfa4540f3242505e83787d55a766
46e75ba5c34d62c4a76cc83c419240424c285501733024d6178d2e98b06b1b2021358e94308c42f3061ddc5f9bb61e84980394d384e12752efbd35bc
4d48fe6612a96fac383e18182124286c22d6acda1d83901535f0690e5475a45eee7ce1e0fa69c3911439b3556981d9606b1f9b7ec8ec3e1b303932de
7f446d1f408436a49d642e146b710ec2ab0aad884eb6ee922c01d1554e829fb9ddad4065c5ec122c88eadd239f3e28ec217734aba3dda07dafc718c8
347158071644570f9d4558b487302372e5b05860d98f0ccafc2061cdf660d85b68513433b72fec6d2b6b66a87011afce971c7857e51648789aea0037
15c173da1d2567e57a0a9aff51a305366b403adce9f383b56cccd43978814615eeb552966cabff1432aecaa910cd4c955321bad72aa7c20dc1780d6e
cf18caa990136615a6e6ba70957677fdec27af7a77c1b05a154f8754dccf0339d415ca3ef74601511db11dffa77ae9d00600bc3c021964df93fee088
9ff40b2cd99f380b31f21b2b34bd94b7003119aa5138f8ee27b9c230fe4c41fa20e781893e0d8530c2f45508cf38dc55df63e1585c95e2e6b369dece
3eccfb91772a657701debded73c18e728f81cfb0bdb8bca2dbafb7ef4ad0845c248890506fa964914a722fe01cda04bcd7bf0c4bfbd361399d6aca79
33a7c5261df4bc51c1269dde7f13dd7c092531a39f07e6be546894cc59a149cb8bcb6b53d0c744bd7dca5e5e394c374739e738de9481af1099a21907
37dab45d2773d7a4f6c5fbb8d93532d2bcf9623207fae624372b54cf62af4659f77732134dae0553a34663b419120c7818b9d907cf2cbbb66809d0ef
c5922a56bca6abcb40e3b68c1c492977e9dfd3e4e2650a91cbc8f39ab2c0faa742ab2e3b0f068da97215c68972a6e91e0c71b0da6a37f0f46155fcef
4a59caf44ed97a1066dfe8b851a1ee1315defbd0d4a1c00ada6c31cda11e13b3f8792059d4289b5bd227877eccceddac9fe5ff4dca1d48dc1c9f26a3
e898e6018e6d1b7d4a2737aff34e8b56e86e5461eeca4cdad5935b536d1b516b53beb4ce296ba218b6a28d9a99d72599975dff61076ac3f780e55106
5f849c6a601005457bb1eb36476ddeaacfef39aeb76a6d1265896f386de85a9968f91fac5c476ace5a9c0415cf034d74822a3f0f7e22226457897826
4eb976b8abd674e1a536e48855ad74d3175eb8e0d49a02fbb2e25ab198e003cf6cb695f66a5b1f9ac21c2fbcad44056dcd34e67b2b5f717e6dc2ae1c
9c5ad7c6082ff5e21f4282af353379f24f983ee5316c3cd0fa40387693940a5f60fa742114d8a994d3661332c5fda7398732f16ada3eb8812a5e0d2c
a11d9bafab20985e27d3e7fccafbc11de9f56e9a21c1a78620d3b63bd1456a34d88dc5a329bd0f4e186d40dd1cf49ba12ee2dad912093ddc5eacfb0c
4b864950f7330a82b233ccf55eb77eca3470b8c2747244764c1f8d54099fd4e4698a935e3b377f101a855467faf022d546b8b476ca779b993e45127b
b5d30331f3a7592507ce768a9b3f0d4ac90c33fa3e3597f3da35782535bc6875e1f647f30d98e44c791e4892d0e4a561ce21a55d3e04236e5f38bb25
e8fd536eaa20c3eae89084076b8a0ed93f35de1af7542805f08c7c7fb1ea86136093a7ebcc1e27248a2b42fb597fb35081b7a8a0e1f6b3f32470e3e7
819ef9e2721d54ea986d946f1191b2d0295793da3d4e62a172a0cf20ec66f4894759bbc5b033554871f66962302c3f18e3b04c6fdbe703b2bbc2f8e0
17d2ff34947fffa48bebbe748d81afff89354270979218d8d7ff4617b73c185de48179634ad972a542e06ed1451bd27706f7f5d729e2a9811f7c3b9e
f20bc07183ee522bcf318bf6c92ad9705b9f6c69e58f57f1fcf4322d0ebd7376803edc24b28ff5c9d273a3112b0cf943eb7ca14ac18b060df22d84a6
59d31471dd67919489eff2cc9d17ca5ea3695fd788b80cdf758d680e5ae8b3e9c9342c5a7111ffdd6eb61c69fb627b5a405e9796785ef8c33b4c0eed
5d5ae2646f7f03dfb806fe10b733aacee08379b82f92759fb27694a857baa06e217a5d1f9a5ef8d1911e0932de055e0bf1e8faea9b6a94bd8d05c775
e5cf21aa4fdfb40456de2bab09bdda7cb68f1ce89bbb49d9173d3375db1045a171138333b27225203442979e96e894bd380756de17f14e2052975e76
ceceddcb60e734a0f839856877bd5874d1695ff9fe2cc2a2b07f9d2a2ce261302977677af922da8728de5bdec2818ed13353a37ac9a254e872eed6f5
0180e9a632512e0c8b0131fc28408cf9aa0bffce0b157a89509fe60db962775ca2b9f701871b2d28d341f694ee0be085b2bb940a9a266aa3ac2e45fc
7761db15e4d99dbb3be8a23bc10da7ecfe62db6966d576b550281b6f2337ba73bea5465d889ab34ff6816d6952f11e93cbf229cb19074ee9625e98d1
d0355aa43ea0eb3fa5107abedecc99e18addd88331db358b0158dd417c8892d49d7692b0477df7acc09abbd753ba682d2d015eba13797364e8878635
e7d97e483a33f152cace950a2c133e1f8cd0d2e9d731982bfdd00daa3908bf1f63bdf087a866e00f6d73c8e773109db93fcd6da9408eb41fb130b4ae
8d1f1eaa2b1e6dddb7b35166748357c6e9f445092a505c7dd8d797aa3effbb0b992af922140248f64bccc3aeead4e2e40ae897fa80e8941e15435ebf
04b79938294589e1d0a5149d414baf0eb4252fea533600a20bbf21197920fe4330fe244518b49f379c890fec29c696f4d34cc30a3fd1c89abe4782a7
54a93b54a437e8f72032537ffba08468bcbd8c800ff7902c3c90b063e3bc951e8d656677834e9bd2471025bfdf62bf20a2ddfe06a89576eb3db971b2
ffa91b017ebbe349a257da75ab2ae92f9fb2d82dfcb90b18322ebb8161a77cbbc5d034997db293ee067a61c85d57c6672898b48e83d2768784e406ea
ae38e2b83fee935cea3a2d7a59671cf749935da9f1f20734298ecc9eb2cb9d168fe57d3814d0e4accb9181cbbb90222ef8bb9122f3e0ec91e8c67667
83e43ed3ae4b5cdca6dc677b59f383715a0661f632cef78a329e5cc24fd93a9cacf35d51c5f13ade8d147328de87a36b0eb5bb1c0af031dea566e5b6
e62e07033c497621c942a4db5d6a56a2adee52b3aeaf6fca3fec42bb6eab577248ecf2729d9983d57c1149b8bfb8b36d10bc4a4a4432eeab3bc4f786
4fb0eaea5bfd91cebb4213a1d4dfede38af7cdeed08e048fdea514ddb863bf0f8f81ec95bb633972d967572a488ecdbba06b92793f65cffca706bbbb
649c95901cf5c75ecc8c21d2911a89aeb1bfc0725be01567c4c1ad7a2f3eb9b3a45e20d93686ae0ef198b1ad5ed4e9949c50371684711e150e5cc7a2
7e615a4b2ae3a72c391208b3372551438a34431a66b71960d309398c2e7f7c602b1334371fecb3adec525a2e41bb7bb3d5353fbc4acae77d68ec96ae
10d98de9a328da5fa5e446e695dd57db5173ee426edc15d87737914eec969e70cb0067135fbc029a6be5fb3e7ac507a768a009ab8b43f4405ef4422a
c085168ed544673265bd5ee8a5601337427607b52168f66e14948d6cd75df225da84fd748b69c009bf09cbbddba512e5ed7e196821a25f94b225f7ed
537e3deb8041bb6fff100077bf3c6e7c30b4ff295bcb53f9c0bd42820ac72c51a8edaf426d2372e73e704d86e9b5edb68d3efc0c50035bf617c62cc4
3cdc7f2691f783a48c9b72a14c286777393cfe4d6c7db7ab48af74598770b7bb7395a08dddefd1cbfffe389c8b04f5d7f167a544e5c1ab942066f421
0881afdb616d130addc398e2d3845936e0ea10445872ae3de4528815e5b0ed945b1bc7e4bd67e68fb71b9c2b8fc97b4f30c03169b2967f8aa37de83a
0d78e1981d3791b2c060b6c663f6e69bddfc50326818fef0dd1854d887033ea3723e669bb867eaf47e98fdf678eda60bf0f218ba20867529ae930792
46d9280eeff0d1771dd20d1154ecf0cd9699167caaabfc2066c9d9fad00ebf316f23e24c38fc58b5d07394381cbe99bb32c76a1243b2eea5003a0ea7
6e6e8d0fec5e945171b866b20c1cd22d7db87393848566df422184d7613b27cc26ddd31249728c0d1c6edd1c492d88f6f00ebed2a4165d9422c73668
84063163746e47b13d21079c43daa525878da3e8461034eb12366a99e3ddf267ae891fcee44c94dd43b7b4c9cd70080214fc060fdd53c1747528091e
97dc8e62868539866ea943d3cf5ff08b2ecf322cd5d22bf2ed90766941b773549d4e229c0ee513214acb61ed12b7038eaa75462cbf63e08c4ea38746
2e7ff8da09bac8c3fa20eee41fb28e2e2c76e38a8d1a36772354bd1aa485d808876e777305e89042699929fb1e061408863037520fe14177c86b8f2b
ec47af2680075ad7d1ad1cddf2b5f3403b57a0f5b1bb4ba1c8c16ed0ba1dbb0fd4ccb66f4ea3d33a763ba730dbbbb17220e1b18bc903958fc34e9708
492978c8927548c1434ab6c3b82470ed90691218721c4ef4c8f792252c8211f899ff1db424cb56574bf0403b068c81990e6f228d1a644263985ef5cf
536196a12c9544373864a8c430799c120cff9650e8905572c5b1ea50d8670c24c729272896ac343b0b01860f1921b13f1c970734e4be1869f90cc8e5
0315ef8790c8884af383edf750d4e68a05fcb894332010e830440aae3b1c9599e00ac7cfd124721a3aa4a8215bcf21ff36d2fb1cce0f477a9ee3e726
320af76822d37aabd7c097dba71ff6cddb713fd8946eabc8b2c24fdd60aed8404e27da58b3279c7f86e95993a74c70e44339ff4623731e8cb1e30fc7
fd89203aff46575b1e48a066519ed3d8365285222363fb3c27ef75d95ecfc937de53a37dced0f59d93879f1fec70930df994a6833c13a7a2d59060e4
9c1d062b6be69cbd2d64373cc75588b0e9297f2f2efd9e03d864cf3f15e7b8a2b23c17bbf95056f6e01cd34f4597f95b3e3f78f7ca8e7b2abccc1a59
72bec8a56d39f99fab435ca68255f73918175bc536ca562584b1cf75b498167c7981443fe76a12320ceb18ea3cd0ed0574c7e708b6d77830b8306d28
7a0c193a4e99c99278fc29fb489c3dfbf48d5af85aba878a22f57ccd64cfb8f08372a767b59d32939134e49483d65f0e9ba76edc1269feb4ae02ee28
f68a5cf841eb263bfc291317d910ce8143027dce32c6359d2e9eca94053b3e3f0875a0893b753f8170d467f5a13efbf539ee234093a316a3973deb58
dcfca2588dd9d2cf7163e1d3c8a58508511a472646562b22989fcde396897a41ca42d6a9d33169be0fbc883a0f24dc99d96614b1fd5386d5b3c9777a
a1fdeef6322f8a58833df434a88135ad4b092439bb3a0479ddfa75de8f0e51c1e8105f38d91765b3120bca9719c8ae74ea32033753ce6edee20709bf
e0fab3fbfc1d4873fa4e2e9ae67397c08548473886fd957977c5a1f1dc7daf2c248da8814cf43ed899072f6790cfeb3c8ca2a952308a944be761a10f
f3e9962e19bccf1192867ebefa9d85f0d6e7e1e4a1fcb0ab05de0b53076f9e87226820140ecd3dcc7db80b7cffeeaf5804ce53981c21737abb9df940
9b0cf3a0d083247a3ea53f2a44963e7555814802a76e2a00c44e19cdb85e719e3ea1d1a573cc749a1c2e5fc176a75dbed0579f97c533ec65b8c5667b
594bf079a0b8f201c0e7f0f962e0e4f345d6fb53f168f0ee3b5ffcf5ace00cbce2d360be3fa5d3aa9cf24e99e688717cfe9c9a9c167ecab612cc7c2a
fc21faa353b63aac0ce7cfe1b6d285df902ae9a302d8108efffc59700062a4f422ecedf9f3029821e1671af9e35627d2843304837a14e2860bdde73d
164486cdd78ce9c46d85275bc26df55276a5ebefcf44953cd0ed1402df5e7f52f6451e5ebec88ba5e072260c02ae5cb2ac715eba645923fcc0f537fa
4d95e6c91c902efb541161e5921e8d88a1972322725bf892298d5010d724868afcba946d6d42457ee9aeeea7df9343b1f25e7391a57bcd16dbc1c1d7
acdbc22b1f78efcc29ed92216cfe3723d1350bd8fd519b181e72e63166347f1b5fe40f254a2b445cba5eb5dacc71ff7ae1e94618d76b718fb2d95f8b
844fb6994b86b50f2748cbc665c36bf1597ae10381814a055ea51f92b44ae125815514acd7e2f3494e7ed72a8fef2cba4b69d3084c78c9658bb02797
dda7087273d926455abd4b2a2dbc64ae4dab74e6bd81229dda1cb12ec3b68d99e0c1e0de8c8b13e47e7a516c640acebae4dd4f10844bb15788a47939
6906f6ba4bc1577076bbca5884e9461102f8a34669b93668d28ecf303816cb4a03c696a9af8e3ee4872add3853270515d2ed127424dbdc553dce21a0
1a0f04285e564fb1395eba884a70b7ebc5710f49a941aef9a8602f21b505f5d2e56083a4c8bb04dd3e13d32c81736abc1439856082571f3747d22b47
80c6067575cf5c7a310c65c18f97745c8423bcbad129158c99e383e636d36fe5c0fd43f6bde06de16ac8a5ac65386b5ebb5d5ea346bb6c3823c3ddb5
fbac9326add122a9de25cbd9671ce44c8f1bd665df79fcfbafc37395b938dcabe8432e59d656a6e2f04122b0f892b33c199a2e876d6e9f366d370dd4
b94e25e1602407980a9abb9cbeec230d8ca67240bfa4b5e232dda5c0cec4f6b97c3114dbec757a6b430c9fda35d8da14dc8fe80bd7e991dd78a075c5
c625b4f515ec425b40f54bc1feb8977f5dee4368bec62d85744aaa2b0caf97a114737bd963e8395efccb3e740d80003d56873268321612f1e5babc11
b1cffc8ce3a3e9ba7457f4230e7f5e54953f24fee0ae9f15d1953f3c71e993dca4082971097bad047aba8cbdd8dae4b03f7fde7bde78af4e31f14ec0
4b369e6b84a6ee3c50f80220cb2d1b29225d593140b4d78062398b5cb75363a60fb77541883367496337bde53b098c92d31591282f5948b9667fc909
8b7840d72d2910d1f5fb1bf354f36090d8f2406149338abf3fefae3d65419e891a651f48177f328f12c8f2a71469a8d47ef28cc7def09b2c5552dfe4
3d06028cea7298f909d5218d7f0e6a9d5df0a718d63804fca6b13c6951282fa8f0373bd95e4640ee51c422f9cd63d3ca98496b88f7f54f5a431c507e
8acf322dbcd7461e91f39bb5c93104b33735ea170eccb6fa7bb590739ba95f3d8cbcf9cd66643a64b55546c8f1ae41543fa1c00513f56fe8241964c3
be08e6df0bfb1a18ecb76896b3cbfe864a123659cc78e9d3621a4382548e1f58f8937115d7bcdfea4d36cbf5e708d8dc5bfaad8e7293267465141fdc
9fae8cae9ff7165a7ce05cb7d8ba7ec39a0ab3ca5acae9ede74ba184e4ff6dc6276943a9d140503f6b1c67cadef1b2b1ff842c0b48e0276b2a97267e
65d094d9962f7e25e1e64fd7443983fc8a0f25519cfe8af929bd2a9e0bdecb1044afe50ec5cd945fb5cf44cea03fe5fec03ffa576d5a8f2ee057adfd
efff7467e8a7acb504a6fd29dc1e0eb2bfd77b6ae13ef34fea431c1c7f02851d0ff39f3020eab85f1ba3ce030d3265a70561c5f431c66167592d41be
bfeef54105363d44e3f7136023afed4f8143c8e0f4eba6207d763c699c427ebbe018624d393e50c9ff76b322724eae5438b6fc8408177c847e32617e
24f9e1c36380cc4f264bcc403f877fc65de137202162e150e62b184346cbcf66f0eada164ce0bfc36222cab29f7cd43beed3bfc3d23b9c74184ba57c
7a9ca297fa9da317e9f7e95e8406dfc82461ed4ffa370c643f857fc6bbf5777ac70b74fed98b1d43fd4f31f33895fc06649ca9d23ac50cbd2163a746
336487681f3067ba6530020f3b2d19544b1ff7913cba31f939a9ff2ea5c382e84bb98c61d9175f4d1f3de4efe723c4e70b531d9aacaa62b6e5550e3c
fadd4a4bf3c7fb971bf0eafddd5a3450e4e0cc644bfddd838290247fae954865bf5ba28b71bbbd97ff37b0f79f431f2d29bf1a3f24c33de04efa70eb
fae1fcf961cc75cb031db2377ef081b3f2c00a8fca1f637221ead6b93c7fc8d259c8c27e4f527a679ddd722a6751dc4afd8107e23d49039281bc7db9
104dfded701c9cb4ee697068fa39d96d83365e14f460902d656dd0c165f72c97c4e0badb69c848967b0be5743c98ef798865aa1c44f085ec070c8ce2
d2711bea765c3ae4f23dfb7c98fdf45688e48ee7edbd68283b65f3e83f3929dc36e612eaf276925ab287df03284546de2f509a8941752f635c333743
1fd678f0d3e4f28757553abd9a19c24ec23da472be6d59e53ee2ed34665934b7ddbac9837b3b8d195e06b74cadd807ee016b1a0fde958a2afedeacf5
5bf9604c65a64e5e62785bdc4e093b41d4984a1e0c89977e6e9edb0cf5d0a84590df65487a1e189847ef72cb710cfded2d5771f43077f1b2c8ae7b3b
7e1c6e0bf76b7fddb64f0dba194c3794270d2fd8bbcab21ea87eeb06e196cde896e7f86709bca6d4edb34614eb0df3eeedfb7f0411bdebc087a1f005
431b7eb9b76cab9f0520708465f46e63f243b282c111a5e46e1a24d6984213f76f0b3e83f28335be51daddcdde9e2b4d8c5e4084783e60ffee636ef3
876e1da2f7bbbba716f1d347374245b7e20781d4c7d2e40bfb0bf0c13bfb0b28f0ee66629696b27ef4cff43a371b2955ef7d88ee34a2806f1cd0ef5d
a23b48e096731a2a827bb74441763bed479ff8432c828893e2ae7f96d63e88cad8d8888a33c67de804cbe0c9f70c5de0fd6af21a9eaef788821105d0
7d9807204a7131d023dc87a77ce3039fb283ec6e5d26c4ec7a2bc6db47069de6d370d9a9bbb8ac04df2dc479e396228f23e87dda9f2bfa9bfbb44e34
e7e2fbf2d88704a9d53893de0a3af119866bf0033f48a8318e976516d25e1e619ce46fa9c1f0dbbf6580e4d6cf6da5d7f24f117d6e191b277c41ee61
6d04bcfca49984c305d800cbb7345c78ccdcd2707df6fcdbdc9c93e02d6323dec3f76dc6497f6f330eef9f39a904afba85e83e8e11b7f453445ab89d
5e830b9fb7a34fe0ea710be1c54851ff64ac6c7f7f3c308d2d65d334a7fcd294e0b74f59da96ff26f1298b95ff1bb4a7bcbb81290f3ceb5bca960a13
1f68d6ff6393fa3799a29ab2b47c7328909d728a1de57920c65b296b94d674417e6bdb9a06a5d2dad6906cbbe5a72c82fedb18eb9fb3ca6613781e2c
ee230f14fcbd8702c552cb79e4294be6334852411506d171d0fa9426150d625b3306c25ddb9a31925bdc140f98e7c11894cca393aa55466119131322
1c092d01b49e07e69554b18e6ea65beb683564286eeff345e85ebdc8982ce74dcb96fc3c18ee77fc72b88e7465f539892abc676f217c13836cf9c069
642b0cb059d8cd9971e595cd3de9fa27e3e1b6e57d1935a4ebb21eb6e4267e1ee84a6652f23e0fa40f605d94319afcf1f31f3462bd502644f6c195f7
0e751bade12b085c037fc8125b282bcdd69481717ab24fd902969172bab24ac79b577b9a6ca3c98c94b2d7ff31b4f2572f3091e31df49024d7ad643e
7dca6699990f6c97dd78e01d7be6173315dd10d2e8dbe78164cea70a9f12663eb85d45986cb7fa73e3812e312e9425eb3fef755ff5f35e6b63cbec4a
fbb3c193c79011ff62227abe9e4c5f78de90620bff1d63d832ee0e605019585907936dec297781944cb5e219c4e4f9941dce3e15be5a9835395f9fb2
c5032b57fee8b1463f653966cd1991cb7d60915dcd24f285a68955e75b74159ae571b4c1cfdeff5953bf316bf94197deda1f02c83b2c4be6763a34ca
bbc73134dd6ef2bf0fa63fcbb8f0e7645f9dec87d3df9025350fbc44c2afd330e96cfcd2fcc59a071e08ca835ff9c3fd9a214b7abaec81d35059a4cd
c935f2fed50c2601f553163b17ca4386fe3770d36ce7aecf03bb87a7466d69516f3e655b35e9e5d026cc7ce136327dd3ec55c8d0bdbb5acd2585a76c
71c41fbaa596bb734fd9dbc9c207f6260c1172bd9ee2c2f33cd8bc0ef942022c126e5a8d4a0b7f8ccc27e100ed3fb12a3e652576c85a9d36432866cf
993c3b556e3e6e85b1a76d7059c64aced85ba12c345e33329bb7f38507f284ea94cdd8f4cba691851abdfd3074be4796d891cf0389ea1a22df4d7059
b2374cc534a69b3efe57de2bf35aa301fb09d16ba737a2d3c5031b9275292c97db9f113664619d683fabcc65f3c807374dba7eb5c10ecd5b287d6c3e
d550a532036d3544b771272c65ab3022f827d936e2ff5aa771944682bc3bdc120de753d6b0b170bae505fca5e43e0930f194c75486c1ba1111932fd7
e285d5bf8f714815b26eb43fa8ded5cdf62f27a3e763cd4bb68a691c8091813a002788c0539ebdc8d2c7c3d7247bbae0036e0bc5870f938c9adc7eb7
962ebee7d9164dcf53d6f935d0737286f18e443be5b3410ba75be4bdd52a88485f1bef0897d324a4970a32dee983dc4836e6e9b23a9305e10371e387
4d6b941fac076095cb65770b029c2e83ca9ccea6cbacb0f2853706887eb7c87565552b50e306fffeaccbceb03866384d2a5a4e92503e65cd7da73ec7
f24b1fdf33efbac08acebac3696c52da9de45b79ca16d9cca47c2c3624976e9d6f6c34b729e07b057f6093904d22112eeafc673996253cbf1bf292db
544fd9f8318338ff69cfeff960d29865a2677bc24613fa3c1862842facc009d699a731517ca15e450acc937576953f6e5711aa1c06266abee781d6ec
7f67f9a7bc4b191aaa1cf52521349f07efc8256aff53be54cec08c53658e24b34e9549e7f99467959794578fdc9a07caf39893f6bce8a670b87176f4
ed5c2a7b1e0c8ee60f45f75b6852229dc95272990498aaf36a48909d707634ed3f26c7090fa33c7b1e18a1e594332b7e7692e63de5d7a29f94214f59
371523bde617013cdf5396bd9b5e3a2261546375de9c5d2d93bf593264679bb7c1827cf1ce6dd2af3d65f9a8447acd3200f4a8be9e07825bb0cf66ec
9cad6e76f4eb2cab791b4466a45f03c0f2f9c1c9bba3af7b1ebc43bd30352f1e58ff367e30688141e519116fc2a7ec73d9cc075dfe58940dadb67f09
ac50e76a2c9733d55c15cf9561973520b9d69ef2589599b86ae0cd18bc886299e9b2ec0171ab79ca3fd5c8f746ac3965cd8a349344834f79d20f2151
e681a4e87aca168f91cff30b40b6c20ad2fdef8923cd3c94fbd0d40cdc1886ee3642c3d0dd33515dfc0e3b3aed4adc2dea6c357bce23f3ee1a53c16e
22f9de327ce381b6a140bdd911fceae7c1203a442af6746e1bd4f93064a1df8737fc0c8cbc250a12f6b04aa6f1c0d995f8a1eb075af0be110aa4315f
72f3fd79e0032be366ef57665f91670a125a9e0d9f6193cabc2078866743e3072bbb721a994f6fdf39e0ccc21c854e3851f5a7ec51482774cb9ac3ca
ec2cd460ec59b9002bcc72293b4600f0ecd47e20e2f9e716320f8ea787c2775616e98545f593aff4e7bd3cc061f9db6282160644587820f662540411
5009cd42088535735b1511d03edfe35204353ace6768bc95d090757f5b18a686c569a6d1c02e032404902e72b42c9f0f0effc1073eeff2c7e49d291b
f43270c4e7811866a1ec815852f68df896b236749a94a23a61be9fb26d579f0adf5516a781bacca39bf943899bd1232f8a529c745a4fd9e7a3ca03ef
e8c1d18b927e9495261439bcf3fe904da6a76c96ffd428d1d028dfea547e184a80c0e845976e26d0d7b298c3027c16e5654e94b4a76c045078601812
8cb82838cdf3e09f76a2458af0c4f47ecabe93983eafdeef737458a41847fa2d822489c7fe946df36014379b8ae8d266660aee5936ab4523c4974dcc
13f9b66cde7d994bc57d5918e8e28b8f01678b43bb611859749f3a61889fb2372788d005eb02fb149f4c03df96a1f5cef9635102b8049f79ca16bab0
a8a30667535faa38f253967de9538168dcf87fd09845221f8004937dca427391054b358939e22cded33b9d6883c6d0e0f07109b6f93c90488bd67b51
8237b0d6e21bcf0b654bb0c603590bb2e32ecef016b7a7baf44154be18bb7c70c1d20dce230497a1490f045c6cb2cfdeb0f89ecc473c74e3a3c61f5e
ac39e32ebb037ac301bb0d21c803c7ff4d38c0e7c15b29f7799e07b25a2227779f9518dedde21c99b15bb4325c87a06820cf22f578c956be28c7da9a
b427cf83ea0769e3b00440aa4803b124dadef3c07cc207a7abe083ebe54438ef303864d59fe2f58db2421665b35ece3176e9e7e935cd149e66ee8cf6
29bf7016c3e92b977ceff5072f0fa50633aa38307f6c00061c482669f1d7442badcba54b1790e064141d9670e01778dd99d11a8be11ab3973674bda5
300e32e3c73dfe297bbdb1bc7e0a10c912fe8dc099e9c5cf422203f91b03c907decea386587e83ca7443517f13dbee295f02a8d060a243a42c0b8516
846a9e0ad34b1bef19d97bacb6b083fc330b68e0364b46d3b10c9cf34fd78a9eaf7d98829beccd99803acf03c103ba7c1bfb855b565f5789ffcdf360
cc44c9035fe15e521ebd6e79a099f87cf06a04d0f6ac760fc84a5d9592189bc0ea9bce2d87ed75f2a92f33b7fa46cb5fc4da3a8febd4a161762085fc
e1087bcced6a941309b4ce66e19a72f30fa17af6ba0b51b3eece6fb4e81355a5460b8b0922bd083a55ea3842c7ad6b09a8591705e988185d7d959881
7c31cd12affca72c2dd7ccf766704645774812f2f4290b670502adab4f60b428cfc81278b00e737fc4f2ba8e71e5c140146197d56277a61167d5c8b2
5a573369c0feea5b228915f73c10f29922cbd7612c897e6edd3c9d21631bad66f07521b93056439b428dbaba06d32abf43a2793ee5cb24846a295338
e6af9bc732ef8b72ba4404ae656c9b21590e06e5535e15c99d727117c250c55da0acd90c1c58cb18d80c7df1a5c2cf178614ac653957265cc3d3bab6
2b26af8e990851d5a707785021f710aaab2eaa24a8e45396cc0cbe58659f591b4c6a6435b1541d9a260ac6b5357f90269b5662e107edd2c10e6b1b32
2d4477b719ecb5f6215042441f0c96b1b583c11451be76cb831cccd6defd05ad18c3b0361cfe2569299f071e0bc89005179edb079da1621f63133aad
95a1eb4a21b626e9c1f360f31f21621feb91073a23341a1d1d4b3f46ec3ea66cf7b638f1c08cb6fc8b8bf7f3b5d4b77f2c5e0710467dbf4af1c39175
1dd02de7bfd5482d19189f0783a4f442b1f9da847cd745e71979ee7bce895456d7d3fdced9683d47bf79a0f515dcb40a4871cbef79a0d51318b45e7f
fe207f0828cd7847ad320725b6dc532e269b3fccec137f7833cc816c95f6e6a9333d93fd2729549ef2cf7f84cc6b8c77be90412801d49eb2af6ca4e3
cadc95f8694fd9da9a9c2b575f64a19fb218154084fc281f1a6941a20b50a1545f33be53eb6fcc1f4d68ad20577e9abf89cd5257610a9be95029e520
bade3244203ead62422a187b210befc15321fab67a67e5811900361c81feb2a2b73f692c234fb73f8d6444c2a6d45c89e0f394df6d2be1739e72710b
5478ea8329e54be525e59fcaf95e5009add7a6087e33ce5a9b2eba2428cc533605a178f29d92951aacfe69d4a0c35ce4c5263b1736d06d527ebeec42
db641229df52d98764074b9e02103667a1e554b5cd8ef3da79e06b72215ae8eea922c3a4ab3289ccfe948b68a05c3d2cd4e09c24e9f58bf6de0fd2ab
799c0d20fb50c05b3ef04c656a67e5fc8bf0df5ec3da327dca4a0911c4b249a585a8d85ef037b3396ccb608d8ca3dc39e349fc945f6fad246878caa3
0b3c90b130fcbd298eccc2282eee0114596ee4a8b9ad63a652e36af94695cab990802a4f59e3ce28ae63dcd3c66a79375343d71fe9d5eb8bb3a180df
64884393bcad8e72fa2fe17f9e8fb57a263a3444658640179631856fdbe871e8dde4e600270e64baf04031516193cd3d86bb379f7642c3e60e665a75
ada7c299bad6934ba74ff9ddd850426f9b15beac2705ca9971badb947a2cb1019ff2e40ff287728fe566ec53f62c664e5e2f9f05c7c84dc81450b8bd
4ac3ad32a9c573c87be5798764dd8eae0c893484c44c7a1e689e3e3d30500a1bc92d169dc7660d6202eb3e0fc6b4a406c1546ca79bec84f553debcbd
f0833877a6892af7e090289d63650ced989430a5cf030b8c851ab45920ebed689b98a2cf835955a609058a9ef1f8db9ac695b5d2c43acc4353ae9d4a
05a749a005b9a9319142ca49ad5db70194b3876e8ad4832d6a5356dd0ab7f741626aec366f21951423b13211dd7b28442bad2e7ad16d1f53975eea7e
4f857b766ff41b0fb48531d082a7498f5637db15a740bf4d110f717bdf0ef13f2be8708be994ed8c8d0de9708b21f1f06921587293e76dfdb4d825cc
43f261fcc3542a9674fd54e051c9541e02d1c8ea73ec9199195deea96c47a7fb90613ec7a8a553ba83bdb15f9d86a2c8c2d3be7b214970b87edefb22
f94613a239b8733bedec09329062b14dac119932eba7bcf88310f9e2e539e9d09ef2cb6f7f70f86573c5e703bb7c51a396cca742a5cc82c1afd1096a
f439fff385e04b40e0f6f3c807886e42cfef45cd7fd98104ad2bb5ff066b6594ada59ce035d95a7357fe297bc3cb1970537cc3e70faaf0be8d2c7b2f
1d6df8856fb7c5250cafa839588cb7dbc2ecf381e69e2527872cee08143b5c25a8e8f3404b2c15943f6b3f72f22976aa9e3e7f98410bbf8c91d8f2c0
cea3d9a78a7ca6f14f2e437118328bee15e14c5efe3cdb8546c5b2619ff2670ecd2a29033f47289769d0cd0323181a9dc6e0a5d5c996bdc217861d34
abdb44f83897d9b86ae181e46e36c032fb984f4774157ce13a5199b5278707ca6c32216220dc852fac86a3677205c33bb22cd6fd40858dae53d4d765
3199947d90a7634e2fbb7dbed00c452359166f59b4b1fa4c1df15f56336f76e2b26afd454e155b5e1b5d97e575c615b60c07707a66985af9c3fa86cf
036b0ba1732831e156e1d04fc70c2d3f33248730f690b2790ab34d95d79abbe0ff55e40f86df5cd9c684a509a928eba782b1ee333223656c0efaa58c
f9489d466e953f5465543fa59827e01adf589a2a0fac5761c2a442c427a70c152223a3583778c4946a11c86c187a05dd1543adec7da52a186fa74545
e05a69c09de0bd3c3f98bbaac0e9311e94668af37fb3af7ef41fa5c9fe450f94e1036f84d21c85230d0ce0b6f0813339a6478a9dcd95b8d2dc432ad0
aaf810a03d28a78e624b3023a67089894ef194076ffdd39e54e41b8625bb74dd7b828dbaae0d7c5ab35af9438eed1821bffb0412f853ec8c9edcf1cf
032fe2289acb2ef34be50f3b8343d46e21faf942b3c8feb15b74c3bb87a6153651bed7e42b7ccad68c326a8752a9b2671da3c9d07048b1cc823b7d90
0ae2290261989c8b3dd41987d3eb8f4e9c4afd127c5d4e2722086b9e16442c165dc19a110a0e7b833b6e71d68f06d1426558bdcb4065ec149789a66c
a9c1fa7895941b46eff282ae658a55a15cc6fc8c8b5494b85b944b3938105c82545887cb253754d8fd6799cf8a7e31d786a1b6fc7c972014fc74e846
c0cb168c1db6fcc654f341d507e1c79f7747648c221b62d32c3feb0219f8df18e774fa85614b9296d5e25086dcd729b7c50a0c786b4788bea52898cf
67a7bbadf109582c728afb70f03d063edd92df7c630bb90791a15a4e6fc93659ebdf20b2e4c124d0cf07ab6a5c521e34b53cd0487e6a6c2a4f29eb82
4fa582b1b06b1e1c9acb9eb2fd48b794addf88eca803924543592703c508f03a59931f356b9d7c166fd4e181a20a9f4ab3f6ab9496cc6695d212e853
15bb0717f43abceab228eaec81e307239f6cb5554e735887ebec8347a306db4db28ceaecfd3d12ae3a676b838ac5723f2ba92eb6218643ea6296c9f6
5c8752903f8c63325272c69f7135ae8be703161142c3c05457cf4f707b1d70abfd93635d7556d64af562b099b2a158966a5dc7b0a4bd6d1090c9dbbc
ba23d1aa746ed897ab746e184eeb36d60d0f46a7f3403ab41289545f155a6d30e96bdc5de69cef6bf1e9060ed4cd397468b5380958481a8e78b0831c
f13068d7e2d410b064712728fbb00333548bd58d07b3bbc903f1648e1dd5d9d008d450abe179445075f41cdcbeabecbd6da6ca5be57443f6df4a5c84
3adce18326aac00fc6da2af0d3724ea90a5c8321b63ad30766b96aa737dc496bb74da3f385e541d4fdb5bb8d8c9d2f8727e9e933107ffa20a36f2dd5
ccc8482bd566fab52b390313ba7b426142d959574e4f751f0992a94237593f445c3ae9f0de12a250a59742f6b97a98ec347118b1c03487f814317518
ba42d4a1cd3f50b68e383570c0619ec904cb670e7b653dbc7410f8873802817ffab08bc851bc68ec9775b8cc23ce0d698279ea65950cd37959020491
d66b748b2fdc46fa6d0c8376b62add2bcad92ac51127a52a4c83a6b4fe065f8728a9853e432fcd4f63e3fc0d8609093fa7a3e307cbee9c83ea0b5a16
c2495407a729bcdf5d23359c7e00918e5840596ccf4e2acd11b6877a5bad83ac759a7bee9355c55fc661a40e173884f16d5370206f9555f5212a0321
5d1207e3a604b2b8c035a5466bf3c40763604a1e747f31e581aba47cf983390fbc72eabf242f7aceb25e35d9939af264a01e6bba7acfc26d8a1638c5
00d2a64160fa3479570d2c6ab3166a76d936cb905c295b5467ff684345f4f9429954a04997f3b16637bbf1e72cd2ec849f541ccf79db931d41dc9430
16e7c4b6e8f277447b1bda9d9cd1da52cd1da141e0021d5f5b142639fb4b93aaa672106e435513bcd2566d931b1f5453cd0783bff8c2502e5b715b75
3afd54e9348791506db3f360ec516d008880b9263cd0b905d964844baabda73cf82963533c3db044d12d0bc82c763fe97ce0d53bf185424d153e38a5
3448bfa48aa9df07dab420aa2af7cea72c481aad63abf26064a0a4374159d7141aa613c8a535cbd9ccb7e2d8a1306c7279c7f3b8b5d1a5b4d8dc42ba
e48b6d7094b7fa684e5bb322812ebc7bffb2b24c1435785e285ba806ce3619a830fdb4d7af6bc53fbb396e0c40aec95e85f2b0758b8e990756de229f
065608426dfb1092994959b0d0bab5811560b8ddb74fd3c66ea68edc6d2f5698f1346abba9a46ca6ff7ca01b58c4226a0a468316ae1d63bfca481c83
ea0cfee1558098d50dfe5e3ebf6871067e347965a1406976ca4ac2c9e781e61f396a272d3cf09baefca3bc68c760803469950b2ca7dc131c709beedf
2591c853b6f9bdf1c3587721fa1c3b3f5f686c11ac0a7283a3461b1a9680ac760e8ec840294a40125e3c6521d6009c36e0090be5f2c84eff148ba1c9
890c2552bbbc41e668d02e1fd211cc0633acf4e14386f0b93cce30f5b04b05b5b59f6dfe395e34ab5010684a468f31ba0d172f06fae7c9a702f95a04
b4b55b5b5c42ea3e0f2c4319e8db1de78fd1cfd0a0d4ac6bc2ed3d0f0e3f484715dba721d9e50fdf38a8b57b8cc47ffde84edd85d3571f2a9235e541
45cb038d4c8e44dd56a7f2a9c166f834a1e8c4cf8e9e3f14de0e3cd18d3772a0e90aed83a4efd318eb9e075e790b7f9cee05556ac7c2a5ba3bf80017
9dfbfce72f52878d4e5cf3ecb3e57fc8b0490957de3e8befa209e84ab30038ecf299025e7679c8cfb8faf6d97b5c80537f414a43cdd27d33b0f3877d
e4f1eceabaf8f7d4c9030d56b6b9be0c1e09558b6e8e06bd755d0c5c1348f779e0a034e9e632862e35ac4273919c7d1dd78a539efd031fac26922f36
b71922e4575fff3e6d08cfcd5421eb28b3b56a3266bef7669c73735750a31917e7ae30c7331ecdfdf57e5a10347d9bfc41467fd3c61631d29d50966b
e65d6ef920c4ae1b8bd85bfbe6a542b999c84c9635351d125e0e495ed3a7fc935e2e7d90177ee37df14c8420b93a714db3bf6a987985238bf1e5c207
ca6dc95c97c1e3b470b8cfe9437184bd7c605fa439a7ae2e5722d4955dae4315cfbe5edde9cc9473d0e380ddeb9028b4e1d58c88b1da25c2b7cbc645
f0c8ee34f62befd797e7b3457599b05e5f8e7fd8907a33bd1944872beed0ab884933ded95dc02fa9da9fb2823ec3272ff05b3041f56ece430ee8eae3
278e61efc2d788cc3e8455a6454aa0b53344f6e8ef1065bb17d2a80faad32fb92ab1cf775bb1e6a832ba9deda941bef66ca2ddb80e2fe7befb60187c
da0dec10e4bbb96be6831721b149f6dd8b9625f702bb850843fd50ac72969c9c9bd822fb6130baf2608c4bc6fa18d3996e39d1fd4a133fcd263fdc52
7ea613ca20910c724f59b389e83abd427222eb765622d2433fbd2ca313eace21f611d28aedc4f5dbee04114480edb29411eaa19f63e03230d2227da8
bcec159f5e5c6367e1c1a62653a39df9e7e88cbad3ddd3e43568e203ef779f2abddf31dd973df4f2814d63384b7799c63a225959bf665ca1fbcff34d
0d0ee146d9fb638e2f5d1727b1007401bdcfee278724eeb975a99d7af95470b8139070aa066af4e1843f9481754522de5eee3938746b919265eb79f0
b681bdaedb357fca76b70bb67162df1ddd81c81cbb1c9056c2e3eed2332d00d45d2958673cd977d9b6106bbbf44e2b01757707369e7342de95a3159c
bd0f28987eec72404228ed82865c01dc9da29570bafbab6a5a8817b64f96733974ed9372db576a5030862cce7d40c38d07ca9bd328eb38437cde5dde
49aca47df65e923ecc63b6d2e43c062ee3327b038b44d8ed6b44f4dd5dc6ae65a1ecd51948bc3bedc4eb8afa0f3bd2ae9c149fb95d9cda27242fe269
bab8187764a9eebe3a4900927d195c1e6690e7d267ee65385b0a4d5871c07b096e26d2bab02cdc5d66342c90bbdc9a0860b12b5bd767c4d62123d3c7
0119e1f0d526a55034746751a6edd69de1a2bccbf9fe5bc3e92aa942cee73097bc9ce6e821f6a15b0bd1f29fc70179df2c6c82eff6cd323367a17df3
cc641836ef901b555a6f1901b66f839742c466854c10fe5e34b40b0bb7d81b3c8d964156aa1830306aa0bd7864d291a1ad0b82d97df9925555065569
437e51c473ddab3382a4c6ea85cc42556867ee66eed5fbf2a706d39481b0b5ae5281640b4b688044664359bff0c3dfdb586369a129987e90ebdebc51
4393525d704b6b57a68b2906855dc1362b8170777942f502d1727d2238eb3e7486b054b3ec8088eed37230ff3ec0215ca774b25c41de05166ba7062f
1d4646f1383beb401e51044eddbb983207dfbd9be80c431f239b5e398b45b6a7dd373b3f73e58b9b9fc9d93599cccdeea0a3e993c36bcdec0c0aa7c5
05f65dd1b40086bb4c7f04e8dc8fd162465ab72c7bf93c70af43a36f5dce952ae57cc430d841aa7c1e589b52a9525b4780dd7e9a08caabdee77ba9f3
9281f0291bb433d2b20d7239783f3d131995d3c7b34f0dbb7ec83039b52cebd4e1b7f0a8da655c24d0e37e0e48460dee53fda78de8921d27e7cbfd05
952bb7eb76e514eb9fb20720b3664d1d370bf64bbb35d3aef8d88499d95fc05871acdb7f865619a09f13a6a6be17fe2d581d76e58025c0fcfe53b086
c67bef94518feebf31e2a1408abfcfc6f8f3b18ab2a15ab0fcfe731768423933e05cb9af130e6f1fe81026b87d8401b9ddf6f74a0bb7aec6b113de86
b019048500ffb0ed3d469d0a07620d8d8ea3419cae5d574189de74bc78732300df21472a9a3cfe34ce85b25597913987bddd23e50e051f234ac621df
7622371d4a91413cbe63b29a3204281459e5e2cd21a3e58ac839146a0ccdc6211f2858ed988cc9b2340e07088fb2fdb04d92bb13c7ab319c09fc7acc
8e0d4a79749a1fb49c0be5c15c34e1ed21cad563f6013912e270ea56fa3d8fa9cb83c547a8acb963e81017bed0a2ccde7e2cd6cec5447d2c5aa5cccd
e2c9a40205a0ca223a967122a24983c3a8b20f6b08e7acb343864f4e5987c0dc673ad73174d4d064eda30205fbcfc23fe4b1ce4d984321cc89e274e8
6e24d1c60e3bb0238b8f55e11a23398e4dcb32279143dac14f057278c717ed7004d4098ed555491cde0e7bc4cf9f07326133ec9b48ccb23e1cae9ced
e328160451171ec5a398411837173b7f683f611e8a713f2c5a76cf3d8d6adc1a1f18e8ad7ca065d3280b0b60f53eec76c52676542768669d540b8b0c
44753732778e6afa5e3efe873de8a8dec79909e917b9527a38a429e1c68f36183e1436df4de083aac30e65af53385e4e5cb8881f4d5307373623a608
fd4331d471c63e06ca8b1eebe85ea52b0f2461994a05595fe0c7ae24a3c1d38792883c4d8606c73ea3d746759fb2205974a8874cc35c0b381c831d65
f2d1cd1a99b6ee4e53813c113e15a8cf2cd9ddf81b89bc8fb04629fb9cc2aea2b8691f21b05bbf804055d8346ed21ef2105b8137c731da4c950ee40e
7fdb0ccc85a7437ef48439390e2fdb4e0d1e68b6aac3a229e37018737daab01e8cb992c6900dfc38759e67a44f139583c871fada75faedb86ac4a33f
5e2459fe3e659bdc43c2e9b3302c2d24f9116f4e7e422a82e3348bf38366bf4382393ac322fde1534168b6be9000f6c76599cefe790d69441d83880c
c4c0876c452f1e2c786c1e5618c29352ff616a3c5efc57f0c0397e1ea7d0f4b383042cf6e2bd82ffe6f11b2485e817ceadc4b33de444f67c10126eab
e2d8595e436fc1c27adca20169f39a750bb6cbe3364dac8bdb6c8fd41ef02c42f97cd581056dcba9a86695db6fe79f39aaf26031d93d0f2c14b3c19d
36fcb2a19d7fa2f3f3875d0b22e8cf3f6bd257be3016ae7ca1e99b28eb4485eae2fcf302cea678be38afe0fd7abe386f2592de39797029affa3e2d4c
1e5cfeb7280ff23827b358769ff3c58595bbc9e78b0bcbab17ff87cde83466c489e81ca1db32aab3e94d6bb3655ef6f073f69970e30ff7800f067ba4
072f682c44a9385fcc58d04f9ff398053eb0413752f21c103128e05cecb996a3ef39306290c4b90c3233d08bc88cb6e55c641d28b4a1a99fa95139da
17debff8ebd3ab552c1d91770ea3f2ca038d649477e76a99987576ae66e0c8fad336e265e2c1a92ad2eda1ffcb40ad9afa1c8bcecd34e5fd36c62d44
6fe2be99b2673768e9dcb4f6195787c95fe0cfd7445c80d2e76619b94183115bb69b731b6b8807a29a25522c1c32708a7adfc86970da9b0fa8701675
03e9512445731a3c8b25f94695dd5586caa291cdb1e52c3ea67c1e187f67af3feddeb7c0e7752ca50c8583b371f1ea7c81e58223da594d66ba312ccf
9f07125038ed9cd54ba3d1a8753eb0b56e53723fe3b465997e34e746ce503571256cdd0613a69fce864b24d7b32965c0e7035d2fa3574d690e90cb6d
00ee7cd035bf014567d78de1a08d73dc20f87cf042c72500f91452e47ef6d90568a040c9e588b072766f3ff0a4f481a0dd73b7535150d7b94b8a2305
dffb05851b94e76e86e37ba5a8ce367feec612c8b4ddd11bc21bbb960d1be22e19b8f2bda40f42fd552f16ee9e9d874fcd547898e274e930c599b543
f3ccde77083704ca9c870d2a2c91c3fb4cce0ca7a3eda2f2380fd1c8eea9a0181f56748cb757a9f22f3bd129ae60233dd501b695d3780de1766af5b0
739d8351d32541c4fef9e1720d7c20c72fc66cd8a0619ccb34a447c3319025ee801853ce49e7650d3b13f7a2cae5338a035416ea1427202406c80cf2
3d2fcf0ce37e4956b1202f1f79d9ba5eb3f5c2c1e6b4d53ad0f774925e80d1cfddccff762ec4fc77eaaa0327a77328197320387f4652d1149d3fc974
e6e2761369f2d602a24fb7374344b641671472a74dce6cafb740449442e7b8c74003d6c7ff47c0350cd06bca22a85036be5c78a0246199c84b590501
6ed79f095c5236413565650a08f75d7fbaf63e51ff60b63c98e4a69a31bd7ccd61ca89e672f6022eee5e93d5f701c9d7e4f4ef54a12552f8c1c2bdf3
e0154bcb1f3f3475920aedb59651d4cd4dece19774945c16bb26b1668164b36636836bf2e61fd97ec9ad91c01897921a1206f052e460a2a95cf3e873
489e479fa8d18023ec7ed9dc1dd6b85e7cb97c881c6e8e9d0f246cb3df5c2ffe5cff02482ea92cf1e9b8169f5eb23d5c8b988b7919c1e342d1a279a1
0f5250923ff7924f2411f8afc5072a4669d1f262581d0a8e4b14979332a14fbc740d74c91abf9c93e98ff2aa79a002b34e485ec5ee9ffa0c04b3835d
ab122647765eab76b41cd82f19afb9cc7839c142f9b4e851cf281bccc6cbf672f0b76c5097dd1fb914786d833532b19b5d48da3f45a3bb0c7573aeba
1c2a8e3b85d780b69f2f8ccf5748529f1b04d8cd77a58ab11ef8e3a705974178b1ee8299fa529862ae115d45db78a3ecb4157f3cb0993ac35e462f32
4f45fb4de583d189cc74d13cc07c75f056fe7843882cec925735b7a7822a1a998611cc2dacf35ad2e7cf12af16edc8666b481b653b6a7d5af08afea3
094191c0e2cb2a5432635e6d304b1a6d06e7c8efe623244ba8d920cb16e1b02168a72f87425e36ea10a882f036783c7436f374a8e8bee58184ee9edf
d4682d2977062f4742c62feeeae32893f22b3bb83b7b75f364c64e6e9404c5b87ca3e62319065a46c8bf68b9e0787eed72fa66e332384600efea03fc
b1db571a51b18f3ef087793070e1321c66ebd3859a8f78d37d1a0e8097e1310274d738b305bc70b9e0097fe9e22d5a964b21e788d4708dbb3588bf43
c12020f09078ec5468c81480731d32d4b29bbf4ad7827fff755819c5423d841f1ae597c7b1f75c46db8cba8cfb18422e797902f2aed3cb3610eb72ee
2c8e00d7290d08240a2f130ced926d7e85317cd3065bcb751a578664a7c62280fd75499a314aba69b346dd70bd68b9604dbf9cb88269bfcc28ec7b97
4731243b1d279ecb97d2711207f23256fe9078a9828cc10b950b4ef7d70b8d97cf98bcfe9c0523ec657f4e2e3c5e8a7db22cb4f86a740b57072e67eb
2aff76b7f51ad01bb1a47b3c381c5fba654cc0f7cbf77af018b806144784281bd8679674ebf8d58de581a3aca686dbd8013126f0ce3d83eb96773a18
cef1e930d55cf7208a3f0ed5f0df1f3fa5b5987101f849014cb4dc9fd0f79cf5f7fb13a76481fefeec7d15a27faf72b7e077fd131cc703fff7270a42
d16f1acb233f0cd7cec603f51a12273bf435aa18dcc983437a0a6a38ddcb9e0796b58507b2bb75da90a8cd64fe867a3652e1378b1f23b87eb389e4fd
a2f29cf2bb7f603efacda6394bf437db733b8a829f0329332ebe98bc04ccfe0c97b92ef9b3b368a76c756db0e26f31d16942f01807d59fe0f1cca5ce
9ff031fec6bfc56e6a951aaa3ec8382d9afd991635fb39b7fc16cd7e16e9cfcaddceff525d6467ffc91b74e612e96fd54d5728923217ffe6df70ff0c
36fc0ded6ea586a23f324ac3638061d38da115ddeb6fb52ca37c587f91b22edf6417fd29e9e9ccfdcedfe655c6b06c8a9c46b75ff5ef4cb09fdfe66b
267c2f9a832d7e9b911addde244e03ea7f9bc429246e631cd3e28b6f2b51df7fc5c6f78085df00b43047f1b8f181a73e34174dfdc2f79afa85168fb7
45d8b7483d1944fd1b8addce83c1bea951009804cdbfea73c6e7c1986b1ed8e411c0faab2632e356c58f0cfcabd72db84cfe846771e2fa551f9b5952
55828299f25df00f07379d9b918fd2f3be8e78ffb00bfd5eafcf0f98f935911764f0f345716cf1bfa6790f18f9e9c2d0677948e58b8fcf6f780f743e
9048c821e4d7071bf0406cc0b48deb42f0b283c82c19f35b4283b416f722ec1038735b4664f9dc8b97570e9cb7835f2e3909dd8be1fce781a725e2f5
1e72232be676861e6efddfced0835dfad6411b1f827b3570e4bdb5a80176b76c3658c6ef4d15e49872cb228309fadeec9245bf366f4b59a5f736fa95
07b2b86c98adef621043378acf250b0fb42c2b7f28fd4a96e9ed3c849fefbd15363ef8c9c09f6e548749cffb6a0e6f7c6030997e565909187addeb5b
99dfaa718940bedf35f9b92d7237b16016f1ed15933de76e0abb9eadf66ee2c82cc9bb7904d25e737ba1ef5d540b37bdee36e6851fb4ca60e0e68d76
8102c558fcb438b82d4dd84b67892cbbfb98481e88792226ee6ebc998578eb7c593124dc5dcb04de7002c2a5f3816415ecd5250b5824bb7c6ee1dfdd
27efc6030d34bce5780c7f5430782d03a57b7b35dbdaed143933ef0d3f175a30b3b1a876d34859e214de92f584f3e57dacae31e37668f2e9838f7770
b3cc2b88dffbf09acb71ee96b336dbdc2d63c986e3c07d7af3cee1e8568cf105fe3b2d5a5821f699e1dede7d6aea3a55ca5939e8f2962ff586f3c1ed
88e084b8ba2f6b0dd3cd4bec03b7f800977de0beec59999de2be46b7f2876c0f6f588b7fd8876e9fbe60351db61a4e8ff7cf76b73fbed0bc30d1bf31
261903f9cba01cbe755ce26aebad204d4f8da941fe3264ebb9e52ef3d0905196bb0cdae3fb3d0d15d492b712d96c580eee5bb1ab02d3eedbd3325a7c
18ff4f82624e799207cf94b230530eb5cf0325fdfa0f5f3fe555142c296fd2f2af2917bda7015bce3a0f9afbc81fbb1f50e5a12af840fcfda1d15b4a
e707f3dac417165e6baa784f647382a83c65cbae2954e94016a5df53f6b161e5c1ea3fd2e8649b0d4d1477833faaf43e214af68b04c37aca16c1ff49
c3e78195633d55ea4036ff652ee641031f383913b3f39eb84ae2673de5d344a50d479a9cd7d4a9cb76cf17e1101f984a46c6de2ef3963a179b21d774
44b908b3fd3ee521e669c3faa81e3297c1b6214b67a899e97068ca3ff856b129e3fefb94dd8f8d07b76a48d9c1c47359f27930d677c85e47c742b74e
5133a3fb9e91cacc8c6fe211065b3ecb715e7853c9eb7d3ab5f9fff46193e914b6dd4c7208928ff3f6f77930499d9a3e151390712da307a1b80c1ee4
0b913467ee8a790e9a8bcc4f4b9a7c9151c931ef4ddc6d9a52a314f239bcbe39b4550e8d55ca4c5aac96a29f071ae53934bf506ace6d8aa72c113787
42f9a9b4159ed6f925c7bea72ce7291856c797ec7e6f2267f7393f3489b0397d7ec157899fe49bdd58efd365c5ba5a5a286a3e81752a7cbd56e69631
78d1d7fadab7feff7de8f9f854edb436a440e897da3e88fa4dcf2a835e5a93874a82d4bc193b3d607c203e647d4a6b9f73c453b69060f5496dbf2198
bae52b93ecb0578ce02ecd25236894b5b274142173ddf8c1820b36b2da7e65f1395c420b0d2fee5a3ea3a26809db1f9cba4bbc2efc203659a8509770
599d434d9f0a0f59c36840b06ca2bec3fb16cbff185157f843c1ead75024101520f894c577c8303b2eaf90a084d0b990f0940d3018366bd1ff90c542
5dcbe78fb1bec34d7243c945f7a76c05444f950e50951bb4cf036b9b4000d720935fb43ee8e7a515bbf083f80da22ef35bba293df9cc8a974b49ec21
ed6fc4d744b63b0f0b0b5211ab3e82f5e7054c051683082d4521e849bef73cf0f601a6904fc967bb7748ef8aecbdb517b326ee316ee9e56d1b1f1b8e
627c7fa8b41bcaca2a724cab5c037e1e54374a1552a0c272b759ae84a985ff7a053bd955656561dd5a1630e96d5711aafcb986ffaa9cec1d1de930c9
79a5278de09b3955449594b50d66faa63fc5ddabbc57b4b0ffb4c26fc2528d240dbe27aa283e9eb20db085062ff7295f4c437aa489690c1c0f9abfa8
7920e792ccef34892757defb0c55a8e1e746f3876364e556eef340723928677266c29536ad0f5f2326a7d93da7acac7c09bff23cb0249ea9536c99f5
3e2d832dd3c6a29b584c86f2482f9ff260baf55ff6a2e9056a0b727e1a388d1e2c639878e0b9815d5e60568024939d45728c7b5342b98af4d1b02b30
6c72e2c01986590715fca1c98b7c989c90255ebecf03858a8ae49d14dd2a86ad3781922ac828390a686e85beb98af441265fca6c90d9f4eac5d61854
9ff260403ed0c4fda7106a5319322d243833dff70b6fdb0b5fc8d374e103bb0d4375f15087082b9793d5b14dd57126425475b7297b69075a4d553b54
64da54c75484a657cfb5b06d4f55feba4c55b55921e3a6b0030d59d0042f5965cdf012f691a2ecb3c8a42843444ecd472046a599c117aab454ad6138
e9ca909953d3f68478b1ae2ca9229f07de1c2a5f183a645cbb576100d36488c630756d48b0f8f0b4601cbac144b6ace9c568cb8650ec8328aa94a5f5
f3c325d4070996e30150d3eea1ce0ffbe0f10ced6ea2d36df91d7f96dd2eeb70a702492fc6751fc3940fe408f119b6c3da8c0083e950700684f03126
339d94e7c36798a4f9fab6a0a9a3d3875542d9dd263932e4aeed53d612a1cf7264885f7d9be4183cb3f7480fd6d69507e2c740fbc98ab175e581c519
4d2a8ec1822c3ad587963e9c1ac6963eff87e9f8604c7d86e954a702f0a7d303ffa1da8ab060dde9d242cf89655272ea46b705e9fa670ff7fdb43598
6dba7c8647b85cee0655b81bd4e0a9e17b031164ae415cfda7bb43cfd7f66a4c750ea1bec23b3ffbdf517e35e4b957fb949bdc43a8c0a12021c72883
997504f51548f0b309941a2c5e81210e5a8a281aa9f542d26dd68046c52ae895fd75381e338af276d8724be379a08cdf9fb2f75b30c42d0eef7c6035
6b60c9ecbc2f715b791e2c6ea3e481c736fbe92c8788dcf27ca3caab4c9586a535e5f7f66cfcd29ff2cb0bb990f994cdd139abcdd2e871989b75152e
f72d9fb25d17b694adcfcb229a5f7d5e4958ce37dcfbb31fc731e60dadadf76950bab8448179e3544b334bd99befc60f06d68198b3aec67dcb4ed800
053e796501cc93b43d1b24bd7d5868721e5b5f0661b6b80c749a677347e797ae5ef1815c7967de1f7a9f26e58cbcce7cfff24ab4fc6f78579390617d
d163c9fdce3738a73fe08f97a5e327fb06cf94574a26ce61e13f153455985193337222073fe531cc3cf02a0cc89957cf7448741eea5ceb7f1eacae82
2f8c08361e8c14f619a7d5c1cb332eeb98fd50b15ab9b0d288456ec4cbbc5ae44660cec36338dabd79f39e4f2bbedeb6167ed1e0047dcd9ba737832d
fd616ee83d658f4da1462d9b009759a033f7e7deb05812e239e5ce522072f89b8b77b3c283551fa485623b77066678fcb2328bfb90e92a3e6907abcf
32bdfe354850eca2c8c459987481876579dd18f9ea0b5b8c9a62657d8493b331a3b89987036fd47373b5cc2cfca27530ff4bc4d3e7630bd46c4573f3
a00528cd4e6b53912e6d8c12bf747f915e39f4d5cac211089d59284d53cbd26d56c1653b9deddd9b64ca6f4809fd9181ed834c3e58ada40b9946a51f
b1db9b1ff08be0fd4a9d1272ac3d79ef2eacdefdcf15e487ddb71760d9ddfeda7cf0cee6c432da7d4db150a5254430e22cf7dd05412cbddf02c32973
0ec7a6791f230709caefc5f4392c42ae313e0f640ccd21651e3836c07656269d024738aeea5af9a3ba4dfe18783f657533bbf87c0c7e48b70ff7920f
bcf62b0f1456b7d1e4e8260f7c3512ae3fad890f0de7108b69f31a0311aa2f3b4ea69fbab2b630152fac5c3915cfbab1d6e8c4b8b0c640299de086c4
13885c182679d8ce9ffd422872811be4728b8a75968bed82b4b8c4904cfe6f30642a90d517743effc6dc86c49fb64056ea6fac9a745241543f9ba894
8d150e7f81e8dc11478ea2b5369a1c1c9d4ebe5074412f3cdb89f6b3110ce4095490172da7e4f936d11947dd805be0e8013cd9e86fef4588e5db3311
2275056e814639d92e008111258b55740ffefbaf896504d38f885b5e53734bdaa5a7ec9c886bcaee0415ac9a7bcaf691ed290be345742c7fee02f579
c9341ed8a32a6583442876b8d4c4a67d1ebc35c4b3ee297b23c92168713854f6cb65b61f7c84ee222561a2e7bc174425e7296b5c1fb8f30f5bd1e2e0
05ecdfcb087815c5c362f32efbf12205624221b765987b83a417f9cf2ed1302ef29fcd859cf7d6a46b4c9f17f1d64a7953392d2e326254de5757408b
ef2e03465ce45fbb446fbe2c3e1047d1b00c4cd8a0c90b246b703148cc0166715e4250c5b2facc43b7568becce17ea46c0f7f282c6378171ca3e1067
135814743fa9529ff2b86792f2bb6851522e9b69cc54391511b69c454a4894afcbe6918f305b36d31cecb46c96e89f36c63a4f3707e6ec7cd1443554
e8fa13fe1acb0b115b720bbcb705de7e57faedd4824b0e738b2cc09c0116451e5818b9ea0052a1c90eac35b2669185971d7d91c3eaf787c1e57c708b
c6b4d0064999bc36e63f443bcad5a78de6e94e1bcd9b215c288f3b769e45d7af1698525ac48f7492dbea86827791db2a2862e93e6cc161ddf22e2dc8
0b3551859fb26d18acdddedd09fe300d194847a95a3b1f586004462cbe90b5761e486c23038de882b617691117048cee63e50ac95336860cfc5af6b1
4e4283a2112cf0cf6e15474e78cbee5e847f76df7408494e78c49ebdec5efe2cb5c3171b43d4610ecc0fd20ac673f1295b4a66935f4e0941760a29f5
0aecf3de666a8555e35ccd9fbd484abcc252d575a68ab839c50c95b2c1199dbc7c0195ddf13272e617c507f82c33c798da58a997fd0242833476f11f
7ecaef38e69ec253be5c010fe458fd4fd14edbf21363b015fe4c6f60ce22055d036f2e7697033e2eafbbdc52d8397eb6f3b0287fda1c1924e1a0cfbc
da480b63dcba4811d5eaa2bb450b7b9d611172e48545ad8040147c0a9de2720f499521967aeee9137f88c2ce1fa7ffc898de62bd8cca3a82510578ad
463d9fb2adc62d655f70cc34ae7f26b2a4bcbfe968b39daef29e8b53f8537e9540b937f7944d514f5977fd1a0d5ab311a9b20e5fb92cd075b2c04f8b
d398e92d0faa1ff0852557a0d73a8b7bb22dadba6a946b3eaf055401fe782f1911c1b6be48a8e0cbb53a863c78755d867372caaf48c02766b5622ada
9a7519339b1a176d429db212b24692ae366322be579931f1a35b6dc604cfaebac45e182545ed4c3aa3a76cf68fec5dd721e73255af166a4998a9a77c
9be87c609d13307edd7c18090ddbe0e8342a077ece01ab754c5b10edba5952c14fc59b6d587cd5b5f22df27c959209df9f55f9912786da5e6b1ce2d6
62fe99a8c14a811065ad13d07ed5bd1cbc1a5747eee420b9beb6d38276762dbe984c05de11a8e0a7ef797fab9c81f5359ddcbe7e3537ef326560abbd
3f223bd63a7a9926e40837b104aa1147b6d2f5c54925fec7ef59dfc3128e92671c8e706b95cd107ea963ee20ca0c14acbecadcfa7c917ec9dc8acfea
2ad7b895653382ba236d1490696532bbf2bdb050bb915700c5da6d6366eeac862a94bd90b257aebe85becdff72a9f5dd83e5659b41909d7483fbba63
7a67a35a857056984de198f0f3581d5e69cb3eb9eec661502ccf32fc95d77d48cc54e1fc8a183ad7c337d1f2c7ab306a05fe7dd543f38670393cd369
f1f09108212df5100e4eeb61fea641ab61e13e876bdf6648f030e48fd3cea7c1abebe971c9309cc6af41c4eb297357a0e1aab09b2b2d9c966fe9846e
0ce065b8caceb966f75e4fe33cc49bec9ef89dad2f462af84fadba015e0bef17f731145ea628155e1e56de8ba29c12d71721713fbaadbfc189196607
c0dca0f9e7cd3524fd1cc88f1f2ca18334d77b0c7388bebd24031d573b9671645f855af0225a6f4b4304ee3da80addb7ed6dac7b3981ad0b55fab092
23d67a8b1b32729bef5037ca3a9bc496b1fd0d1a7a1ed805273063b3098fc3c93679df88a8d82645e309936f2fac5892bdeadd834434efb585a7979b
4c74b8116e56df6c9f1fcc501190db6459d02141ddced86fb379bea4ecb908476caf3aa7e267b629ca39fe079bd3e17088db1c300805d0360f2af9c5
73139aa4d301006eb337e0e0fa6db18e2960691b2a9a2cdd6d98edc2969bcd76d4b91827642d6f42371c70b6d78bab36e6ca770f39ee6ed2b8e075b3
ad1a3926e355b83c5b7c1a58ad9958a9a0a98230d0ea304519385d50c69cb6c9e70b07854d31cb2b5d1a5828706bdb06bfa585cd2b2db062b3d717e7
89edd5b8b4a4c57dcae2b87fca8cf77c3c7a487b5276c33b9b7b0c815dad5136c6e57fb32fb3e8ab9475835eeb5ca36ad914c1e733eac5c63346f135
d7ada094ad28723ca35e0429e0e71747b524cc7dca12c95050c6a8e7038398c8a6ad1af9e7f8bf39730dc6d7cdfefd1899369beb703fdf64aec33abb
d9228755729357d91a88b10d9803b335c50b679c1c7ea74671b6356ffa4c5e733fa85293074d6df48b07da4b3e4d1efe00221daf2967c5ad19366403
dd749119bbf5d6bda652832d7a1ba3af0b97f86d6c424e18f83667bcce7df4e7812e2ab0ac751360fdbc972ccad6b3595db47d5af0d0f3c7b0f8e58c
beed433a6560e45686e3cee6c0e6e84236a990b0df6fbb6568ceccdbeeb1e707a55c40a4ea4ae6c63ad1d58044ab79caef26dd904dbb773fe66e575c
d30f89afb463c7dd5e0b614b52dfa76c6cdf7860799a43fa360c8051176e87951f39466d8678ec4d726d5bd92e6df0e358b59dbaa99713c8e6b8e868
6036274efc2c5e799aadecd10e6bbec160a7dde73a7fe8901b9cb08d4b9cacde531b260c6448868cd39d4d3c14b661d00b70dd64c05bd97874170007
84ed3283d1c2b0e0455fb1fdbcb8193985399f58573fd39081f36d808f201e8a28365029a238026c3fcdc5c60f5640c351c3f30b20a1b4342b97fbb6
7b349a91106ac3b37bbb3dfffca0361106ca4bd3401ace7af82a31ff6533925718b6ffed1e20e2bfe6cb9ff58d19f8a29895f8351621bedc077f77c5
77956610cb9ff9950a254ab2088b62e0d484c57a978f5b2c79e003452464915e09bf8af2dae73694d7e5552b6db8b794c96e68396194a1660a2b94c9
834a9316ca9d073e16851fcb3ca84ca3d24c61fb2ff3c8e5968edbcb1f7f82325bc15da9c2ab2a8dce4ad89b4db52c5a448cc340679d07a3a3216268
ab32bfc589ae515715dbccb6f05319363338401726712828eb08819846e4b95f5a8e4fc551c76bd64519a06ee30bade688f62290963c64ad28cc221a
dfb20d16c80f9bb738664c0129d04f1539de7379a438a9e0c6e0c9e2551375eb7920d5fca709599b5015964d57a4993fe59dfeb8f615c1ac0a6bcbcd
0ad7eba238333511a89e07b63666072b5679a167298a6881a6ba38d5341aad22e7ffc4837aca3e5f3110c5e8012ae44885b5bb545fd381cd141a7146
4359eae0dc34527d8f912aad91844c61b564e979ca8ad5c295d9d2469569b449d6225b4b33eb323672855a3e7f7877a62323ce44406b91e16cfd945f
44c13dbbd24747d3af61498b16ab288ee18c7eafec32e4a35b2bbbdbc81fbb10e4cc7bb7114c50e4968461add84885baa3280c04e699226ff9155975
58f230d887d70203a1b810d872cb51dd0455584ed00b5f5144d9558edb0f3256a77d7e02f9ca39c8e0c1202375e81a23caac620ff8574ff30f3b53b1
9628f0bf9c8e129c71336841429f0e55486b23cc59ca0ab1147057ae417f7ae80b8ee8caca65fa295bfdcc5a7364c0c4b87e1ec8c570a14ab30fdca0
1b8e98858a4c6d33aaaa223f25cc11457e4ad8c68a510edab6e26814897efc3c50d61b04847339a36e2b03e6c01e3fb307f25be129301896577955b0
ff9517e62ca8fecb4f216172602d3f131dceb8edc8916112a4d960c7119c827194b56c63cdc85a56a7cf03af7d7a2daf22306e556e170c1e553e4478
695459d37030ab4ee48246a7fe79b2c3bd5538075355fdf3e48741ebebec5e300cd53ff7920a769569c1bec399872a831bc35aed86944894cf032fca
68dfaae3072696daf3605215e9a6a2556c7fbcf786d3f9c02ea91b5f68ae0a658314c6415009fd7055aae8faf9c14701c66532520f4aa9033a4504d6
79e005be184c9de97b13be942dcba4ce16d40c8d3cded1c5d7d9b79c36da1863970732fc7ddccceae2f51fe45de5c08459a52ade1f3691ea681549c4
fe3cd85d65c854b48a6da6893136192c612b0c31d5d80a8f95ea601428dcaacd89a822abf461dcbeaaab630af083162f3c636321ead1aa90d7d814ea
36062613a83b8ea84bab02f47105ad6e1a97e8baab6c871f036695bf3a6ae73af453853f340cd9fbab92af6c1148d5772051f1d66292f84177a958de
f236479b5e158f6fcb665065c67b75e9ffb013d562d6a1b511eb028e5692958f8aaeea7e24f6805aa5fe65d1280cd886b4a956c4e7345b6da243a156
ab2ea4c1cf32c8110da336c359967e1b4b843f04a80a0249aee40dc57a6d764a28d4f10a7afc74ab434e70b8abdddb116458f594ac80cf03f36bce8b
b50f81929e8d0b89481019de5015d6dd8b02c929df2234b875b7e93087b3ea201185c110e8421158f7d12655a84da83ccc71811355a94bd0fb5565b8
db38b6560575e8ac7559de508055f9166d9f0a7fa6911aedbc9b0363d59dc3cf3a33e22a4841012cb497559009255c556c65d480d56122d64f8d9660
952f0c58a2e1aaa7072ebd384d3582f63291f941aedf285dea35e63f93a71b84db8444bb8c3d991ce71ae11c55074aa2a356fe14d6939c8cb843551d
21195560354cc253abda5d1b0d75b5c9ae20071d940bad417d6150e5ba6595b667e3b45d8d7b72ecad4e4a8cdeb5cacf68cb31b85a3d845eb52af4c3
061eacbef8b77eeaf42d960ca7a31caf9f3a5fb23fdd9086075d5ebd2dcd32564d9e461b07e1e6485edc276abae68725aafd8d296c7920b7b70892f6
e729dda872b774e28b31b83d0fb43c36da10d91188edcf639b1a87da28b3d10c7d229ada641648c7db3458204d3a5217a7a026c321aaae26bf6f5473
6db29a3cdb4c9b463f43f5346683362cd82b649d6e341d73f46514baedc54bf5a1f65ff6a636bbd72160f6f2cb30c9ad1c47cfa6bc78a8c0dbecbd3a
9b779bbd37479fd766aff8eca5cdb992d1edb6c53464a017ef8681286db10c283cf0c06694e4d98d66ac8ddb7e513135032906de5aaba4da6e6d28a5
42c3eaa5073bac1a18bae5eb8168a0db2a61ca44ad36fd44c3d494190f2371b31f77092c68eb98eb0cf60bbd66822034a553e6a4dfacf5aad1abb46d
50cd03539d26e4ea8ddeb26d83c88ce4e6a5491b527361356e039c050a358333bab979eca37769d283cd1f9a2c8d993de9c1d60f515aba0c833cc3b6
c40b6fcd9e6128709bf01df0a815773b4d1607484a8b65acdc4cde8bf7168ec9cd313292a1f4796006a2eca18f9aacd94099fca1ad55c7880c0dd573
c3d2518033d41d4deeeca8659a62627488b685135d7bf3fd4354f94d01cbd0e334d9333768943d13b36e6b631cf343d34a64ea0c12732a6ece15f2c7
f7b21d30ceba4cc899b775ff9f2e4861d6d808baa4491422cdfab38f50ee62ae1c715b778f3204dd9b110c3eb05e004733d6eb94b54c73ba6cbb3748
f857f700b784af7f1e3883443aa1b0ab284c9af46b9cb29b92d8715c6dbab4976c384fd9f3ccf755ba4ede7b0f80ff6da14be2d9e781f6b29c02db39
3a9d4ebd486f9e580faf096f256c4d93260d57dea61b7a2b21a4da3906219d3e2dd6a1fab45b04c374eabe6d705ab37eecd5c1ffcb3e7449419fc8f2
cf03efb641754dda348edbed0586cfd922ac711911cc3c90cb14824a16404ec2edf2c609b72bc31c87ebf6b3ca9215fa93fb3f240dc5170bec35f895
cf9a1ff7e9584002709cca9a001c4ac876bb937cbf091865d4efd162d8f956f4093a2dd51867ef26872c1c00dbad64ab30dbad9c01417bfd6fcc5acf
0353bca52c0a8379fac072396bf73f79a3645ebad4561ca5fa9f289a786f7d42e45e1732a38b7db2ea8df78b2aa06c67ba5034699e83d4fb0b900a63
d81d5f0b957b977288e3619f6d6dca0aefb2bc6d13a3e48009dccfebbaedb62552f8f3c0d23ea2addb992ab93b9e07de7a23dbba400d27a3bef810ba
f181b82babba4b7f5459a4ddc639eeaf75c11e0e7cddfaa3a43a687d350a9e7930692c52c36a2c96f3435f3dfa996ec19ef2a960f30f7c600306a3e9
20088433edd2301538e88539ff87260b7946cafe549838ba500b4693eeac67980efa00259f3fbc77661fe89b75179f5fc43611dbddfee9cc86744c25
2a983e744cd9077a1943971a9cf197d5de8bc72e835dcc016111699d40cebd182042b4bca400dfbd58a4759abcf541ba5d2dd220525110f03bec75d0
181aa4890228f76a2c1ef54b972356896aad2b32d78c09a2570b66ba51c750671cec3e8ec1a00bb8808cbba27b2529ea0313de6e3cc23f6d344966a4
94a27921fbfbeb76b5bcf8ff1ff6a2ee30acf0a35cb24a504b1f8ab00f399e27ca528c211ddae85fa6411e5948e5ee90f749c9fa3c30fd9457afd38c
90d56220d63e622c50562758c85d9d88a2ad2bd304c7fe6e87ab8218b5c315baff2eff75006edf87004b3777b16f604adf95709571535c2fa0591fee
549425078262ba746a8452ec87472907c7ae00f758f9bb0c99e8d8badda7b0b9f463909c99b23f1546977e58e8e694d6e52e050ce9c7605e1ad11a8c
6ea90bc9a01ee997cf1aac41c7c46a2c90a1d162eeae6aaad2c6e54317cb540ee59fadc109bc100c0e29cf2590fe1aed66f4705d51ac3e52dac97031
68f59f95bb852fccc46cdcb7f53eacd2db902dca836e34c350c857a97233b0df62ca8d1f06157c70b9ca0cff3dd8f4bfe1de1d75ea8fb2626a6090da
65b9c3d2b3cb728754deffbcb92ffce084887c20366db42036cd42d95f4dd392f8fe4fd9c7552a500c2916f76e07256ecaed93ae420780ecd234c162
bb144d0defff7d1ad31b9aa4694222ed4a89cb95af5d9a2770e5aea8a4aca4dd98295cbf5ba98489755750293696dd200a6be43e8f4ea5c9d9883e32
6cffcf2897b257e7449dc261851abc380399f659a199735cdd95c4ab0417ecb6d161e6db177b1665a015b4b4adbc77bed854e820a69f168cc93e1f58
511992178bb090bcc889a0d3a0827745deec768e7aed8cffb011edcecc938c61cfd9d5a31e08b81bae153e58fc41081e702cc7db7d758f4291c30d4c
9f2ab526a39dd905d73ac1e1f7d56b32e7d37d35aaccdeb2cb231e0bee2eb554db782fb99d45bd6f83ea74435150c118fbaba65a707bd87dfd10fbd7
eeb0a80449d8879a2aaa897d33c7f3c7e92a20e2f240d0882f96a4ac2057c4dadc955fa84e502dadd367059491362965efd9330fc6ed8894472fa8c1
7e86b420db6ce3bd445176d0dd781039213c488cac5df00f58b157b9fa42b1ec90d88677a141a0dc3e5cbd18f7aaab05acd06a82f8e1e71e6510ab85
234bd03a288cbb7bf328a6cfcdccc13ce8eae087a31561e1b366e562dfb9a3b6cbb4d9e995a2e8b746f9700bfc302e44a47ce90e26245ace307103bf
2168e4518f2fe0eedb8a9840f617e0cd9f4d4478ae07fbec7d7482268c09e02645e36fccbd833660f6dc15b4a1d04ddb4937caee05cb5688efb34f19
f0b184e4aa56e03e05dfef1b650b47fe9724414eeca690b997aaed99092870b8c68c82426c016af77d08449a187d48a75e8c3877d6a42e441256623f
cc4d2b0fc64087ca8100a3d4d90f396d335587d985b91224e418b7bf96d9c69178572cd83f048b42bd96e81ff673d014a265974d92b0a76c71b7f287
b6f78d0f9a3f4827ce21b4337736cc62ebdde5eef622807fd98814650243f0ae0b93a541b0229db140aea156083d5206765c91f717252f9d317831f0
caadbefd1ab3908935e26dd42879cece2a6ddf1f13afa0133dd9909f073a5382602ec576012bc804fce13d05f02244fefed3ac81239522f7033e7e72
d100061a6103051463a200231506b693b66797575cdb287bffc90fb725250b5899024878b4df5e9f19e3db270f16c7ed93c7c403c5a560efbf4d73fa
20eb31376777670160166f6ba61109522776a4968dc598b40fa58522e7c3e194b911e6c79f9363fca5ec3b173565e399c60f5ebf132d54cd1b35d8cc
16663d1cf61f2bfa6140ffa1c900a7d1e84fb799e6946fb7991a84f0496d704c66f7c0e76332b38448e175b2291c9389e67b27256929ef7a3fa57cc8
e045836322f84131853f151ad06f3c181b714898dd870cec6c950a65939c5152062842931f0a304688f7c33161b35e8e798c6a2a58063fa705058525
e5c0b1f86416417b58e199057038490046ff43390108b07e081e13dbfc70b82e9c198e75ac88d0b08e232a5f58b466573c5e3c5c88497c487b4938f4
c3fe7184fc3d56134513b7ca1998e12f174972e8b242278af6e1eba2ccf63616361f686e02c30ea7b80d543d366b8a671e889fb2451d9b278ff70a6e
900de7d8bcf146d61cf2b823d6f361dd26fe16471939195336099125872caaf5df822f1c02bac4753eca90eeff6beccb75688995e3727d8512c59ee1
0cb7c4896167b601ffc16c3414f8e9e159fa7f935564d591214137380097430ed7ee66af9a71e278b44493d2d5d73283f0390fefaf5e10b0391d4fe0
86d38cf2736361c360947bd3b958f192513c6bcda59b6ccee2458678d69e9def491c0b05dd7437e641c0dcd43e8bef324f8a0601dad82e756e7a1fb3
12cb4dfbd3e27d1aacca1f3bbb7beaf0f99a16aeb4bb9cc7d9dfc471f6ca4d62586fd07b7aea5003b81bb3ffd8bb528345a4c85df9f21283f8aef341
a96f54025cedff035f7f167b3d076fa99e770f0d974c1f3c08946b97a30fe389184f3c0cf466559807bab5f685f9109888e87ff8b436107f06ec3876
7ff224fc12d9f4e0696de798cf39ef445001191c1a2435426c19f510d8e8563d842da7bfd03826358033403b967aa82162659b078650fd13fae6042e
d14d22bad020e9eacfc8ea8973f135aac8ab90dd64cccbd1651e4a5facb0f3d014ca52c307d2144b041ebcaded4ee8e1d3d99a2d4fa249cae17f540e
53fb05df3d7695fbe0316d3dc2873046d8e649f384e800c0f54e54f8e65e80fd748f0c52e285c9387382a24f9edbe9027c5240e5c93c837a723d85d3
d6100af7422b0d67817676f04012610d8f673e6df598791004eee7d45301d71a150fbc0716e3f1871ab946fc0f8cc16d9cf740b260c39e8761e18c85
1f7a0b341a7ee82dd08a2a0f20802d679e01000e43a907f7ffb068e0b9186747eb02b32a2397e7a28b4b7570cd43ad214036614ee103df3bc37bc01f
60a3e7a219afb6f1e2aa6b171832ce3788cf5a6f02fcfad85ce1814689d5a61fbc6a1d52e2198fdae307fa41a3c46a060fecb5ac55fddc90fd78b2b0
092fd9fdf17e8a247ee0f6a71f4c8de886ce8bb0f9339eb8c7fe53cf19b8c78663a5ff3f14d06984f0f19385231e2aa4f8668c27f0e1f800cf78019f
3f07e09978cc7fe0fd2fee81c6fc1a11a2a198b5fbcc1771f01f06387030d1e799574573c423d71a5e0fa2a1d8f9faf310f179927013e46829cf4b3a
ce2d864ecb61239387066126051f46473131f9c020ac9f5b17e0a8197c8f6770b066db33559dfd4902d69f3f2062959eb5cf8708e5bebd1fa53a3f05
0008ee007eabad2bffe01d6cedfb07ef60331a1e1ac15b5fea6180141fbef91016fa7ff010de7f7ae0428b407e1adc24f8fed1b59169f287ae8dacf5
f534f8c1f2f99d2f61635e46c4fb390e8daa68d11fa132a6f3381e467af44b6d3dae67be7d4542be1b5f85e264be8c786757be2fdfaed9795c5cc1c5
779ba0d505380ed93d02f208afbed08ab646e94b933013fe2fd4a2ada4faf2252b04f45234159cc7eeeb8cbf78d866a18f970f5b3104de7daeab3f40
6d80e81ee7f66b8cb06136e7e79d6c7351bd2f71bfc0e30b1be75c5c3f2f8dff000760daca9736cebb9e686fe255d7ba53bbd3acfb17ca9c66a7bd78
4e5833eccd5c16cd01c1692d897e33192dce674070e7e759f923fcf3167e5da329f3b86b380c5eb60b7ebf836e387c78df322fa5060ce368c7af7a69
1cbd0b27bd93501075fbd6799a35874aa1a4d0d00be5cd5cfc075237deb849d60b5abdd439b092df7b415f59b7f26538d75d60fd85faa679adef4512
4b04ef4ba7beb6a97be1442f5b34fede04d322705ff0888d29de3bb20bff21b340c32242b5dadd0bad01ab1bbde4195b8deebd67a87177011a4030ee
7de65268cbc035b652dafbcc5169cb9eb936fac63387a92d7b0a6fbf3fc258553e8730d7b17ec4fb8040f5c1a29f963db900f0c3308ede84ad14f0be
f4c2287af29dea0fa79b006454b7a044d220e325d413de7c89040d105e8e5a2b01deafe9ad1746d09660be03c705732d5fa0340b0fdf6f5e1f75481b
682b2dbe1fc19a08d217c117aa0fea37418c56f243fc6b51ac2fb9b9d68b7c1b48a0e03f9cfc840b22e80f8d01aa9d1616bed495300fe36d9cf65ac7
6fe21f21d66f23b911fc0fd8a0e9487ddbbc4d55050f5b1c2a802b675de90ff8c37cfe6fdf394d7d82ba0c66307cfb1c849b60d83a305fa06ea530ed
0745826c058b8f0a9b16307f7495629ec307b7be7e477ff08462a6f177706944b27f3338bd488a0fc6bc66f97ef0f36b56fa77701a3af81f3910e617
7cc7647368e63029b100e03b11d15cc7f81bfc8364dee407f681f9491f389166137e08236fa6f3c7e0527b76039c98dd0320174dd4e5c7e853e9e713
84d0f18ff0d217b9aada28c611300be5032bc1efdf0fb62366807de40ba49f021207d12da009285cff410bd34fa32fcd8dd427a98569a6cb07d35ff3
3b3e28619a43f6253e14a21bf02a8b37f14dc68030df47db0fb361becc232b06c897e7b0d404c61f7ecf7cf0e26bef8d5f26944cee32a181e6457ea4
3d277ee43f9a4bfcd1a9ca2ed9e707f643b646ce07f68311dd07bac2ef950f9276d3c41fb80f269a3ff8ae33e1fe31fa5449fe034ea4efc460472413
c01fed8385793fc63b2d2221beca1169d68c6db08be0fda02869f2f2ab1cb2d6b5ce757403e24011081fa81493315fe55bd85b51e7a1f4205e16f823
a4aa3d0f48ce4d847c0c896afaefbbe6ee69dcd75c3a7d043c059346df206c82edcf3e284bfe2cddc5bb2c84f3311cd5aec7c447c2c7f382dd8af1f0
7773d0ae27bb4b6f83efe673f5a705cc46ac8ff2dd33f6a5467d93f5233cf981cc297af87f83ccc9d6f9fa1ee20b9fa907674e58f0838db211ef3789
1c9f293cfc7f901c681c477afa40e2fca034c8b64d9f7cf4fbb2790060ca7b402f1fc822953f3cf38b08b36f2a7cea0df5813cf9c14e7ca35bbdf943
3c044768fec693fbb00cea237d62e44462a318237efc82d680ba9a56f4f9284bb642f4c78806d6a0feda5c784dabcd85d528684aec513284e82eb6d2
d768a4eb33d9382c6d2e2996e87a0609f1187038c47a68f41d67f66663c8f8a1c5fc07e8a8e1796de3da0633e4f293e72514606fdb840d5505700029
90daf0dc36366a901c1b5434b84b31946f782d1b46b741fc1c5ee3b673449adf9e38bf43051421e8bddd68426cb59fb6037c25ff016b2e78d7760ed1
ff076dbc7b48b4e3faf924c82fddc8164809e9cab640909afd0f5cc9e43fcc75d518682e6325eac6a80ba7ff700de258cfbe46dfc5e663b7403a40c0
ac3120d5fed3054fb8cf4a6018548deae05e680cc7740fafcd3ae6bcdc820f2abd231a234c250feb800e960e743bb819ee92b824fba3dc1d0d1202eb
9fdd1c32a7a308a0369a25dbeaa4d12e39fd14e0c8f90c9fe42909fa3404a03a7fbac499d3c56f5008fd59d973ee9e264132d3bb49bb658be11bc94a
9f8713fc3bd1adede4249d6f9c833a88a48e7cca23cd1d848b1aed948bb7023e637e1696fa9e964ab4c841691940389ae3dca8bd298e4d2397c97ae1
ad12e16a0870596badc136a9005f5eb2370c0ce086e4672fa13e5744bab68bd4b1c1dd3527e9827900f5cd41369c0e53de06f7e334d7a641b0f0dbc1
58f99fbb7d71485a046acbe951d3e0b5c48a686db0460e47546bf71cb23bc0367815e97dd63a840d5e4d4cd0370816b69f0ec05535b862c4242b4636
3892ab7a53b4c917314ca557134b5f1ae20784e0fc0977efea118c1373c4dbc3979bc70c36c969b5c3467fb6f9e79b2409d31fa97137521496ef343a
4131ec7ae79cf44172517c98e95ace7ae88dd6b1f9a705308b5e316d8a167e5a00758967d83e3e517c16a0df6632a67d84fb3ecf932be2cd86ff5b4b
06da47274aee912259837db8bffd39be707f5bc4f36a1f037269521404ec6e3f71953bc079169bad81a962afab6d0a063c0758a414718e5a9bcbe416
f3cae913830c3acc766b3059b10a5c6b4455c62b83a8392c666e6d9ee8f989ba21e481805dcf433b7ef5d8f37ce314170cce50d8dc809ca1e21eb111
8b83d6f3631242b73d3f37c23dde98c4a93cd93a0b2ff582177fd8951f804480a2e741b1ba1e31176a563d9ca994aafe107261fbc943adcf03222154
9d4ff8fea1fcc0bcf1a73de14cd214775014d1f90bbbe006e46415ff01b623eb4ef63c66b839df201ed4a2c3e045cc979edff17fe7a1b87868c40121
6b4fd767fc5f7b14c855a8fe03299ae8820fe7446b1cc88b299a136c8c0faf011cd0c91347cf477cd2f55c54d7934b96b4ea0763866a0e2067645bd5
f350e9f3c13c782adc21117b56072724a2515380fe5df251a7773a796aea058431d505d08bf71c69aee2398238a9bb96151a34e56704703ee2837692
90f41c40ac4805b6e7e10832eb8311976fd7ff619a5277fd1f94c9cf80a18a5777b707bcd8b58683e5954f4f20f260fa1cc03045cff09e27f6c83a99
91ab5eff00f7f4cd8620de17157a35d9c02811b3f8e6d268c5f31974d1f17306287c938e522f80d6ffe10e30615f14467ed89de7ebd72b30d869a1fc
fce1c3835d2b08d53ee97af5f3cca7ab87085e5a0d1a41267cac5a31d82c9f3e24e0a5d5e07ab81cf7dd1d7a3d41dce39e2773a6fa0f1736dd7f8067
67031768fad5a029c2f9de696003c53ec578eb790093a0f68533d280879e5f946fda9ec73589ee8f68cc9b42ce9c074c677e3f2386e250357803a7ae
061df3328fa516b5104578db0af19a6f4ac13e1dda161ac564ff6130f38ee2a33605861e65a5e4c7f08271257e301b9dffed1e56258fdbffb8e6e9d0
382fd200598b7d11bffefc0357dcb8838123d24f8b04b53c37c011f7f9b8c862d2e25d5c09cd8b86cbd9281facb6ea3b3345905543b829e2f00edf13
30fa1f00ee87e67d938a35ba18a4f8b119a53252d70f4ebe494d450d1394f4ee3fd021b384fbbd60ee8f16620a148bbb9837455f05f76df3c97ee6ed
f71f10c82a692926a95b5cc0ddf0e2bde489789ce0afd5435dbe3caa456bf35298ed51bdb0d0f1e2d11f603645c5d80fa606401ccbb37ecf9fc86b5a
5340e885f8e0502a6a8c34a7ce065a70fe77fefc8162699f4272e87e288c4649865117ed3b7e08c34697389a569b67421f69dc40f700025b24c73e19
6ed50598f7e93c1f80ba7f3bec31eaa014ff001bed53e0a8dbba6fa4e38a0bf8aad64eec8ce625638c5ec021edca9357a095dc77f8cc39dc802afdeb
7dd70b32d7cd5df018577f14d07131327b9e7cede26f3cecc2ffa00840f7730f73dcfa6a982ba5268188537d060a70bcf808e7b06fce13e2ea0ced8c
d825258d4e9500af9cda1d06273545b71f5c3ce7b978c90544efd55d9248d46ddba75c5397690793ab7fc45fe51dafeef4e53fb4cb34534e3e4667e1
3fb40388591a3c50c836ebe91e6ed0be1a155ce5291c7dcfbfe030faff304cf2d24d1e944f227cca28706ccfcf21aa47107e9213f43c8888d3f55828
c38c9d949f5e617ba44d8f37834e69ea4fc1cd55509334f74fd304b9163d6a0833ebe9fa0912b4390968e2743ef39b9a27229c5683804437b46e8085
4dcef382faa093fa12a6daa10a5585c3775063a5f88ba0c636113f3ba82fc533eff90113fc30daf35c374d3acf757301d9313ea3855c529f51125451
2d0af1abd0ce4e0aaaf800165c84ecdb571057c7278c1454740f7354fe03d092e7054b0abf3c7638438ec1278ad24f0f921a567ec0edb0224ebeac75
8214cd9b4e5f7c662b45363e61d0bc56a4b79e9f635001e35364efd6c5955397836b69bf333d3fd749a36614d3b0eb404092590d7e2fae8b6675c12d
ae6749eac9f0fc9e88501d0cea299baedc413df52f6a080c68316c7aff0429ddc0e5494b40ca2a695b485915af3283a81efe032668280ca1678735fe
03b185cf0e69b1ea6567b88cecc3032666ff873aa506b41f9efb605b1ea7af1104a1bb170136c1871ea23be25dd4e47a6c43f217f186312879604158
fc3dc42e3380a4bf3fa3443872f64b7d9f3c4cfd1f6a5ed510fb05fa3369317cdc746ca725a15be7ec6d1f1c4cbbe4ec794cc0671964df699c02d5e7
e86342a2cf8403b4c2aa211b0c7e159ea7e7c1b3f280a1d89cbdc0d0013351bf43e5ab14ef10f596b3f790315983f7a4515bce9bd2489a885db0d323
4e76a78d384234dc0ea16acdfec8cb165a07a88155bd5e023de6989917e8f3affc14405bf5740b8e4a6ffa003de46ab64bd8b0373a3c617b3888ac02
58f24737603495b51961874ab790650003b16a7103f48c6b763d2ea99e11619fc26937009744b47080d25835b32a300444105f210cfaabc331f510b8
b09ad371b04150018c14b413e1a09f092de331bf70a800de32bc080757cd1d3ca8d78868922695bf5e80add49d0b2756cd43a6b73e6978f58239668d
093a66fbcf1fb08ebae581defaccfb08e7dc7b0d1a5a68b2dcef79c095e22f5c1c83668580aaf263dbf33ca087bf898b19fdc9c64fea13d02b93579d
9edfd1409f646c2e336703a483550fd7400bb5ecad614854e1e6007bd82aba2a3076d7e60e709af4b80e893759efda9078877c9a124467f54fbc70f7
3fe374eb151418a8bef8a881eb2607383d0fe029ac1c60fd568a8f1a3dc748f5ae864c17c9da05faf1cbbe81b078ade65c062a9449aba917dc2cd047
86b9da91bd4a8c975abc2af0d3973d4cd8ab1e3e2b504bff812b834d55e422bbe749fa09c985727108eee1e53f342f869830c33554703cf5d60f74c5
22abbd5e008255af955079253409d8af56bd8802c3c65b3410e089c54ffb4003b8e26b5b218cf02c100db50a53058896eb4f075c475f42eac5674364
ba5a110d15e8c5381b945c7441e84b8630613f3700da60b5fa9ade841de271045051c7cfbda4b3bc6c7003e96f15d91d28fdcd0660883d5af55608d4
0fcb3f5d1216f8223ea4797df2190d3e78f11e02721ff5491919c651a02b95be5e90f915ffa3b089cec033c7e102bce7a59bd40b007a455a8717a057
b47878e9a556537d61b39f9c075742983e90fc11d519deb976fe004094efc24ba8e853f571046af0917417a11d28c155989c5e00b75a86091fc18c61
c0c741b90107e5517edc507f02e2fd9f3111ef7bd4607385ec1e89d2bc6ed48397a0ba178c85940bc09e3ff072779ed7cff717965ac9c07e904cc5ac
8130d4d2fa3b4e636c0835ed21d1b0cb736850f89308e9d8e608a30a6013959d1f2fdc43711c7bc1b828d2bbeef9b98c490564881c6ed13046b500d7
4b5a5a3d4ff422587c30ee96450c075d024a69a117c03266770b90371d85fc01423a76ae997b9ffb9a55f0620d4ee581c3b3bf364fabfe007e98222a
f53c70b8a8ef63c84ffb17b5a8835eeb797d90de022da23e022f94f360f31dee9084cbe11ec192f59a06826901d523103afd8c094ca6dd9f7820d375
0f1fc6a82587ca9999f6c7012b57f7774cd0a54951072dfba40c916defd12d889405fd0eaaa059627a1cdc29ffe11e79bd3d8f41f0f57a8d69d27302
f3c7499cab0ea753021f561074fd78bbcb1bee70b4b0d4f712d43f222f8c0f439ca757d36238567958eb05307d88fe03a9135fc241e2f569e99b1190
2abb8309d1dd03c95021ab2332bea37b78d0a3474dc8e4233d68bcfe07cd22cda5570f93c6d2cbea48e484fa0c2662612f0d6c09ccff3e120181d0cc
9170a4760f826f484f3403eafb9b996beb4397c9fc104a3df23c643a22b02db078f460bc560501e905bc087a7d1d996be52e892e450f1f9956c59a57
2675211ae928e467f8fe339484b4717b01f9678689d38bb2184147e1035f1f2973145aac42bac9c768d27a22ac8f8adbb0fb0f3c677acd1c70a3bcf9
1b70bb577c4a26474dd4e141dace408402c9602041e30069e8d6e39a3ba6615f9319a9515db056f6864d1e5bf11f189445fb31c9bfea6f548ec2ff20
ed2e1af34028facd47f5e669d73c6ea00b91e6c7cdb36d0c34b95c1ec44366b568f3e30108378a7ac056f031631cf9a13efd272869d06cd90f98e3e1
ed1371793c7384dabb67ce59eb0855ffea17fa31c93ed133c78b5530b88549ffeeed7f415215c3c297a3d237c9b592f9402f2057c8e074b0a5b225a2
07d952be6b2f853ac60990459ab3717c049e3e721f0eb5efda0724227af8f888448c09bfb9f01ac3c759682ba937272df25e404ad15882d60196761c
830ab3d7c49e278bc878a6cdedd147dbf492ee261318aed53fa119172c3139b70945b20a70c4b4a1e7467996fa3c07ebaaff212a5fd8a55b900a48fe
28291721ab73c799d044ce9ddfd4a0762e7f503ef213fa2628313952ef79c8b63637000a17683ca17a162c8b3807ad94ad4b7606e078490e4f062bad
3f7f983d689d0e505ba2914f86d892e2792f200cfa29a02449f8f324692280711ec0c8de8a83417ab5b0244c0407cf636eb7d68dbe90cd573f0faebc
b0e57972de1ad3396f9fc640e24610e73c41138a9b759e3c94aea7858ac74075304b934f902af257d8f3204b4fe7e9415a5b1349760bfd9ef47d6475
a633621df4b23c2336ef74fe61030f0124806f41e4668a10394998780c8c3c61c6f39938686d4d9a9bab7548bc05bb0bb8595ad8442ce675a0cda394
f87bc1c72e340f1a414a25bf9e19c3f46e6632bb453f9d99804c88f0cc38625ecb8ccbeb41900cd113f9cc00a53fedb172d123c0ab4ae4c059709e44
509c742d2c0bda5e70b2e04f6216d53886771823c54c7eafb63a4ec9a51079cc73d15450e8d9272b8f9d13ad103142d910f7fc1ca0be59c8ebc82ec0
9a0950c742c2589728c2fbb15c15f43cb63eb91ece32760f896a42d963181b6df4132baf8c665df13c2ece8307ad5d8aa4c1c40188158024b97e2240
8de0c2414ace9347a44b19a9d1a573112f1a7e694d20b334848e43c1ebe7bd1e6967117e3ae022ba03e047e18838c9abe821dde42178488c38eeadbf
705685d5e3bd93bba616e0bf0537b82700d6206eeab178ab49a265f740c73ae29dc51ba0263b8ffb23e4186f225c1fb71b1748702232a4ac154a2249
3a6fcd43d242d02c82a6b33e49a48698ac5e7a01e9021f9f07e72fbb075a298b208a0f47ad693f5c492dd474362cd223be0477c276f1c589fbf903e0
8cbff0e204fefcbf00416b8893a8137d145fd232be652fc658fc07e236d160f1e52df23abc84eaa21c23a38d5955237e80566ef10136e8a9123fb280
84a123e93e5fbc49f709024718649c060e09b1d7e5d7b9e7e781082a20c0120d9f488ae8f99342e01f5c3047a52e02ee8e6456095c162bcaa74002d9
5dd217831527d220560e2b3124f240cc804f07619c404c42180673ec12c37d5a65381d14c047ff639c7499dcd684480b7e49a6938f1b1dec746237dc
23046bf2f9d6f3b87be2f1a71327448fee042998a9c8740257490a91228ec3fe2796aefdcfdc05f716e72e68df227193a06c1a64c82187343dcff1b9
016e99de4e8954895e5b2972bc5aa02900f304e178c172ea040fb17203d6f36446eb039079c9976fcf8f4b69edb704c5a4c3331aac94acf8d93dcfa3
2a5c99a0276ee1521ae446b68241ca90ef9fae9f6ba61164a8beebd59d1084ddca7489e48978052923169f6f13f494ac849de8fed19a2d2993f43bfc
c517caf6fee29c935b1020fb5c165e1681f054a6bb366d7421d3d1979ecae3e6df25e83e99c594102cabfaa88084307321d1cd83155e12a472328dec
f921df324d9c0a02ba79e140529ca282125cc8ca17524d9504adde1a09e1af4e4f72b06df2eec3cb6809d5b773b06db24252f77c415e53a288ce5b55
c92df4f187f5a7627bf4fc83379cd6a882ff6da8c6600a9617a58ba74fab7ec11ec8a7ef9abba02f5e8cad21f09dc8f5b174265d9c94be49357461a5
34a912114a69685ef506cef39de89dbd20eaf0090713c8ec8e3415a97ccb075192151db8e77149bd734322789a6b946e5e01dfe29b6107dc214c8a3c
449024c5966709f69ec9f8855ca6ecfa133acf5a4648030f4f098e220fd15de9a192865679d0230ecbd8f324a2442fa7418f641921f63c3d2c7a0038
dc86734372e8b8a835bd704dea7d66a453c543ee0538ccde46284ac9f776cf172e89766d9023fdc1ae11bc7391352738854c3e7ba04ef69ffc5c647f
826a805ea5499d9c7f242d4af05761ca2541732a88304da03b42703d0faa37112e21ad8c9bbea969a03c9f04a27d5283ff57635fc62293738a5e00ec
e30bde105fc24b00b34e0b8053c33110bd96da3c06fec3c097f26b5633a48287de2099569b9e74de26dc750bdc9de03cf944dae8bce13205e761f428
42376f0062ba0a799bcb78aa006e1444ffe78d81349dc7d1d43e64481de577bbe62165b48bf69e3ff07f0d80bebbac6f9a778c580fab0c19a369bbbc
cf55d490698669adc30cc1a2791b7927e17cfa13b4c7539e51c48c2373c0b28a0598030c7645dce740e230b901a0a277f200d013dd9027fda9cb9029
c6f3900e88f6abebf106b736671ef4a8e361f53c9745ab704002add39b415c162b7b661097bb0fd7c92fba1e73f6074eecc3e90e333b7407383aa73b
c088f4aecbe7f4c9ea1e81dfaa3b98ef17cde104ea109991a993a52b9c2375955d1ff942764102274d5f8873ccfe03995422a933586b56a1c891afb0
ec829b5db80080ef74fe831d9ebe094edaee1b3888d87cfa024089cbdcfe9ca84e97dd801ba15521d1eaa332d5ed05e972e246e830c2db981c2df73c
61f9ee2f00fd7811a07f6fc897d304dd1a42c62516f195f31cb3c6043ad722af3c15bfb25be070e8fd95332e4cf4176e6e8c760a7c39b90cee79beae
0c0b27d96a48c5a85fc54d0a47ad41157a2df92323d75c80413d9e825d109d9d0bdfef3fbd7351b50bd022b33540ae9316530f755e71b560382e8b2f
732593df2d4824fb70d6795add05564d5474a6a0d096b3b9ce55d3b02f06b5d0b292ef150ceb2e006cdf900b0be179818f65ee4c862a7ef6a02fb2c3
7d982e5a47fb0f130c6812f7bca4fac73de7ed02f2dc0d2ee9fad46feb7ccf896b58d486b7c8343f641dfbd43f9ca83ef270a2ea921a5fc53385f4d0
42b5fc50cbc12075d27d5e2bd27dbeb9101e16ab99e5679e727f94af352f3ffd7a58f6975f027ad3002f79a39ac74b0c6b1ae09d13d18e4c6ad05400
5d8407f19ef24b069a6137c93fdfefc99cf2ea4df24faca63c79513e58df1cb89a7c64447bc53fd01abef21f6226f9a07c3ccc62c2e536bbd43f1a90
9e2f0cc2c91e87ebf9622afe03aebd4f5ac321f0e19d349c270e89a315b83382c9ca1dee8871099e48561ea163850eca20e9c2a6ed2cb486ac3f7f20
923b951f8f0ff3d20b3d8e5931b9401c29d7d63d4f2051fc09ec5df11748ba1f1ef3dc3b7f03449d4e65d92162d0de969d0f280d61d8531ec67965a7
35b4ebe7245d4058283054e09c43eed847549e415b57f748f09bdd00484ee44aa176992dc3cb3e27b5b6b6d09ad2a6ad057cc85d87be0462399db742
b2d02b1da8f472b84ba2bd9f2e28f3f2b8036365f89bb061f8330dba3265b25ef7299315342fa03bad0b5420713543a01c7c1fe83c9703ef7ff77800
a6e9461558669e96189441671e8a16dbf330f109ee0077b678045c7681d972f296eb8a15129a3e9e93d0d4252d9390f4f1031fd498b4c050d3ee2e0a
f89ea62b0b03d4d83d4e613c1a1f9ec88dd42422c5223f05500dabee11ac4f1fae4880f9d360d037564a2e608dfa9954224cd485254b8294b93acf0b
2172bc90ead38ba2242e8a778a449d0f2b5dcc069f850cfce621669c6681f472419751646321a7c7eda9fe6db976b90837f402281791952fc8858d10
07acd06981a56c056677f640506ef24bbd756406795d1849d3c2a1729309fdf30d82bb9f3ea902e03e1e3ad73c5d3056c636efe5e1ca6829a736b80f
1c48031b7b97678eca2de6a85cc0c58bfe06e19341c5cbf028da9e8161d3cf37c03e895eba8fe1503c8b894f45d61728f5585bb77c7ce6fa5032a2fb
e1897f640f1a1c7cd3b85fcb3dd82cd97a26e5e3db227a5837fee0fc3bdcc9f9580e1c1e0f83cc0f6e4c8c7bc864d173abb43968ed2f50b61f2fa5cd
31bb0599691a221c1258f3adc0799662ff0eeb79ee6e55018f83ff001708bbeb493f096255faf83497bf6e5ca5a83c0ca0a5bf51e11bcbf8b04235db
a46865ac47a3bb3a106ab6f4b0229afbf1537fa25e03d879627f7a2cf843519e984317ad0e6cd8c9963fb22daac094b608af5362a70b5281296daf5b
c3dc24b7180055c17d8636328856d7f33de8190ec4d97bd4a6404fdae7a41e3cfd226a2bf5a02d9fabc75c130dea200de10278c6ecf7e150013b15c1
5ec144b129651dca41d9f2a07a126c6777c9b352dd2559473f05382b3e5d406e26282b847cb695ab70b0de07a99538f9d41136ab115b2912b44ec19d
207f8d1cb54e13d824d99f8cf4ed56fd87b952ee616e8f4605a7eaf1f0918fa4557efed1f80f759a880c84442bf4640f31d12aa24f6f3ff9f951f540
7799767153c773d7d1f37a9ea75ca0bf5e8426a2f9eac5a5d0ea5f7303f50d989e9f87f383de51f4903e26529182f4154a18d1bea6ea8dcb61794545
2c105b2dd781f40e8b582a6383585e51a16361cb8e3a051ad92d1a0bd4e578dc1e8728a6facc79bb60dc0ebf862b509cd9be154a18b62ea94068b6d5
a878ebc6c3200defd29f63fd0244883f5921a2b0a945a5d6ab5d97d4f94c2dee115217df5fa8c5dac8a03284875f7ff5bdd8a5c780ab64484f27d996
7a54e8cdda9ca3bebc4ac5836af8837afc2660d620a0406105d4fa657e425d369e72a1d4da300de1f1dae634dc02a316feaa0c886cebd88a2050a7a6
796d586a315e2f8a0d0ef18eaf8dca2bba27d706d8685eeeb5e11a8869796d74579a5c403c5fdcc5cd2efc55f2797e3ef281fcf037b096a2dcae9d0c
015dce8b064926b3ae81f5a083f80738e9da27a1a07ce22a041500d09eee7d4ea9aae0e394d445e0de09095dc473e6a45ed3025cb7ff82aa4ab4d2d6
459321f3a82f38aeb6d6f315b8ddea613ce10ed30ed7446cba0717c388d8a8f6e2a3cee6a9d731a7ee7f8c579e255717adc88f9f16c0a6629d5e2750
88a8ba0b2ea247520538f7a260ae133493d8a5d7c9db5cfd079c30916d1711a3b99f17f468fb985cc01316dc8417a17a54b8be22bbae93e05f838873
d4ea019ab70a7edbf3bc07c27c1731a388cd2b722585e0afc895d420e923dab8f5820041c16c7a1edb2b6edcc5a8a4f5e70fb81682c417146dad0676
411c6025a12b618862f15e09c75aef860b6ab73f3717ef426b665cb0ebb06ee675116aea057f31ba95198a17d40c8d9f2e3ef3cc50bc2ea21f41c50b
327f8ba3af8902bdf0f75c78ff832f2803839b7857a3220ff8e704def378682b882593f340fee6a45d880b6181f4b538c0fae633e1a4ba78e89f492b
41d5445bbe5d708812cc3abb60e3fbf396bc1e6caf28c80b9a85d5067e1711a528c68b111e379f6206b7b219e385888e3fcfcf8b0c5db3d32e18feda
bce082dd6ffee9816b7778100ffea006df1ca50bb861de8f6f8e4a5bfae14d2c0ae39a9850c8f5fae60e6ab961e87b1861f0e9287c7ed1f0d73c8f0b
be9b4f5108d707a8256c7d7d586bd7372cad50efd57095f4e4be1a01a7384d57c3ed162abe188ee2f06525fbb7fe51b088fe6f4e48e3a71b1573502e
86733407e5a65db01924f73641d8a982c0cd77938363f43fb011c2d4373d35fb497e2302c5e6037503976fdeed9bb87cd303ef26aeb609e8bdf3948a
c6b8775e0da1db9b2f4e21f37b9f5f759f0054c5791e4a112137a338da44f086207f336be7deb1e1c2cf37c37a1d025d7700b014c6b8f90eb503b51b
0cda6ae3c83b3024a780c24d1fca46c8f740c8f1d065bb87283f9b8972031d6f3f6b45dd5273876e446cb04dc17d305c8cc6404d525ba6de78875aa3
e986cf632b17dfc0be762d7243966f0fbdf740be874deeefb370882e98cbe02ff0ee4577d9d0a55672e0d6ecd7dc0d6b5b8560ebf9b90aea6060caec
67d10d446995fe9b4f4aabcfde7182527d8236296605dd109d0fc7dd2a2050120d71a7092af5d53467ae79908f6adecd9d18544f7f182a9ec5f2cc3b
cffbe6022eb6f3110dd461268e1086bff3842a1a2523755a9df286287bfb3995051bec230551f60f3fe72e046542eb377ccd6d3f67a8f0148a90b829
c1b6e6de5d48baf88632d2b7d58d6e5ac75ad5e686d6a5a5e4f7d0ba745cef7ad7391135a838363e78159e19b21bf0243b4fbc23e2e3aedc2fd11637
9800dbcfd1ad3c375eac8ba0c910f2224d7ef81f389b1ee5359746c31844d2a1606c3d0f554e61f59b426edb6cde708df2b33017033d6b90f75c184d
63b00d1c22bde70960835be098799a0c186a95a21b14531d86a67f809b6e187a98b0bd0739e500eb3d4f00e02942a25e6d9a7483beda7e2e1be82b3f
2a6eaa555aa9f006dbfc08cecf7dd0a17d783b3d2a5a76f872c2b0e3f8f9e4dc6b7709302582fea6b8dc0cb91b761b3fb7f7855f0d1fa7778e49d7e4
e5b27a16209ecc23bf5f426bcf02d6b6a769be1b56173ff71d4c8343f4f3fde1d0fbf07c1ca3660d5aeb879d7a7f73901a03b421ad5978832d5f6d0a
70c357703473edfeb89d3f058d05eab3613bdd05a8a99fcd826cfd67771ba1b16f150c7cad7176b7396acdbb91323130a6673ab3326f1af81ebe37b4
e7b5fce06e3c853a54cf20a18a1de43d88efb55983f181cea4b52c1fd04bd60978a01279e8ae3f60e67bd4cf863378babfb9b4eee04183a23cdc3267
3720b817b3ed19d4d56974fe30c0a9b9940fd8ff87e8c6074a945e9507ec7f6fee33d8ffd9c7e399c499873868ad6c57b60fa4e59badb59f9d87daab
349923628c3e90011c62a73c81004b6ca8872155cdb27f02175ea30671769cee91c459f61f7860bc150cfa653ee713f8a6f044020f8c970a02f6b8fb
0f1f3eea41c1f250d8fa8104fd10adf65073d386af0fc93d31329e49ee09bb3c93fbe203421f7e56f67c285417e9f3c0acd9e8e8391860c29f20dacd
1e142621f6cc434ba29f334dab6633531f48dd3723a8e724a9e489420c7f88e07b0683a6e7dd036cb17d4218d7d5ecd727c2a4cad38e2494fe4cdffb
a190c236cd4f24012328f944d8016cee9f8039fa0f5846e1dc8761304c673f8cfc6a778c4fe4291777e6897352fe08a1a2183e0fd43b0f0f33f18126
60fda4396dff63426fff832bab714f9a5438e961a8d79f9b9179b744883d0ce56ab5a12773f7f48d3caf8e0b00d53c533a3cb605ec430d4cebae3c1f
e2bb0bbe3f34fdb3c5eaf3711e5a1a8462325ffac17bfe107df97c808ba2831f221851bd4f9bb35487085f6de71e4fc31b433cc5a7c178cae0810e24
cc6b7f263ed14d7b276b5c57f185ac5731727b1eeba8757d87acf7b034ee25721011fd123924d7f3cc892a7bc1053741f252b46b03da97b05dc8e025
ec160a7c77ba8d749e8499b80a2f1ec1f6bffcc2cb95ad53dec02969ca10b59e7a44bfd05d77c89f97a2d79ff60f66e0fe89bec460780fd2b2a26fde
831b2930fd1e24daf5507f0fda36bb0b4e4a4ceef720557fb805405e760bce5aab00bf0e8750e67bce9dd6a04ea223d1962f1fc9de88934fa8ea022c
9c6741375706892f34e02d657b4fde2941dd179258fba67cf968d6157b2399395e5b44f2397c5e01b1ec9fef9de04840f74d587bc1bc7780a323ffd4
732b04d0de099ea2ff8165f8f9c35c068d21f1b91afd8f8b7be32ef876f020868cd4ee67de84bdf2ee6792685a0658511e3ed19994a49701dae21605
be990c2bd1a26fa6f839bacb8f051a13fd320c1ef51f60a3b7101b897bf5d275bba55b2f7c221c3f7fe0ceb99e8f695ffc42ca5598e365b01bb3bc5f
ba9a12027de148eab0f8e2ade4660807bf5408dfc4437b2b174a5dd0adc1e6a5bfb0db6288bd17862df1c53bc3ce6c2e0010f717e884c0fa08efc5d0
4a9b0bb0db82e2ef14880bdfbd37b6db070cf2efeda701919b6771e39e55ff81d3f62c86ce57b637b9174e0a0eafec3d07ed2110f17bdef44a60dbeb
f7d9d844ff7870777d0086165936b67b9f79b1fc072eb5be89d7efe9dd9caf5fa1e4f799d3d2c2cc30d39bbb6ce8420b3384e83daf062f494fa1e477
bc66b3bd6ebf2f228579775f422c0ff2e56e8a0ff1d245a8b1f63b45035e888fb7d5abfd9122d6cbf1fd3873b798fa266e41deb01e2cef7cae8a3678
a10a7e6e6e31c7e93f70693473866d34fff16db0b832b0860fd0cd0fe097bae03fb81c92fa53fcc717d484158a5e08036c21f5368cd14bd7e618d73a
7cd434b3b9f8b7cd85a82ab8f88f4d052f0b820a66a76ba93e3ae93449f221e0f361d6d2b743fa23eed647beba6da73fba6830a5f68dc75e9f89fe00
273aa7bf9929f5548fb0ee7130b42f4f0ce13fdcfca47b18b4a07d2d7e996be70633ecdfca97e9ba407f80718fd5e03f189c571b267fe0771e664f7d
05dbe965012bf21430fd2a2eb470f157615d2d52f08381f82980fe515d69fb29a0a1b23b2cfc830be62a78089875f8a317d237f99a2289be0a4eb5b7
f19a0758db7071c4ce0f7af9105efe1856c3d4ee076c7006e70157754fbf8b68d6db7271025ae3890c0435bf8be610a215bec9f814d1fe411beaf0cb
f403a3d37ec5be810eb27df27dc00667701ec0e3741ee11a7dc9101e387b8c03199cf96700bc62bb0ba0a29a3da0a1a26a7fd2df432312efeb0367bd
3ff97932b48ecf3c091a23dc08feb8effee090c66ab01f0c81926881ef257b581d20a4995fcb1fd89ae7e13c6907cf7ab031633afd870aa556e7c9d5
d41c5e0e485380aa945d6b7c2f40c4e10135aea2463cf044ff8306f091032170f9c1b5cce97d984c4d3d543e78103c7f1a90a64bee1230df8bd4e6d9
7201a2999a4efc1a998162947c10099f3f79aedbe1026e9d50d307abee5328f56b73e2ab459b505ed0b2d16adbe6fb6d0a604fffe3439c92a03c999a
daadb69323a04759dbe7ccfc0fbe77f40c6cd087b25bc3b6cff5d728f0d03c75acdbc41b87ffc00dd10ba9ed7c0964372181f2f31112e6a70b1affb1
36b5c1eac68a840d6cc453747a0b7387dc807c203de41a34814f1dfd1648a1e805dd0ece540f9676cc89a8c93127a2a91ec4bbba5f0d662ee74f0b04
39f2e96dc7841a1a271ea86774979cb90e639b4c3ae1bc761273eb81d9a03d5cedf7a19dc4613e0727007274177d98d1faad6d30e592bdee365ac278
69a000e508812df268ea51dc22ee43fc231bd916897385325be411f2198b73e5352032edec3fa045920a3e86e4c9d96d428bc4293e5309949cff9040
058b426d8968adb8a0b24b0d0b3a52a70f21fcfe9cc9f5730cfec31c83162ef186fadc3282ac1d1bb4ccedd653bce1957b0a7ab54cc4e7839d791e84
f91a987aa72f3d9c039dc99fe0f58bfec3cb027db3c0f98f275678287d352a018be07eab2422c4b368247b0c5726d9e3fbc708ab564f6e3042b6bca3
0d2a275af9ab0d4266ac9d7a8033bed360e52270f35da251b2f922ede2daf9225c7c73b8092c897e3c2c3406cc328a6df45467e2a541c219ad73d61e
f6a1c76f83fed76969618315cf261bf32be3ed1ae54ae2bac90597238756c0788de73acebda0b16076da603db21f723bdf2ae8f343cffa06eb8d31b0
7315042a7c2d5ab01750777e3d0d5b8554e2d04bbf511fff9080b76f230c8a241a69155e9e4e31411a14f2b3bc8af6fc853f2cd2ac55ecd3a9176c83
de79963bd6062df1ddd1e41a54b2f7430c897e3610b96d1de946dde5434a1f0d6ac545afac06b5e222b2bd41ad382bac49a356f12925a106ade27216
37188e30c40fedf913f9aa3c0d7037ff61f89c8edaaf6be0c922f7413d3fd861715da99e7f9077fbe10723fe0ce843de1f841b0ccf30c0f9e502990d
4ac7251dae6700d5e402462bd500029c641f5a1246095dcfbd0695e4923c818030211e70a076a007f082185dbb0c95e5be89457f80d0ec383c227084
0fb1911a94984781fb000d2da9698356732fc82e18d07044b2fa8f515383c6f31881e60c95671b6ef482ca11681540031c87a70d31dc2126442f809e
967cabf5025ecce0af7c2cf0a01bfbd0674fae55d24a9c5c2b9fc7936b75686027d72a6a794fae55d6e29d5caba0818175ad40930ddad6a34f77c1e5
38dd822451d5c8416ae49f165c8dec81f3eafa1e9c5c8dd3c3e26a1c2ee06a54cd357235a23a8d5c8de87f703582fa885c0d9fd6c8d538b5c4719e1c
1710f6458d3472397ce5a8c6fd735c224f4776014f4774a790eaef3f7dd0039d5730cebdd71a27cef6d0d013676b6095e66cfd0fce56b800eae0bb1f
f10dfae0e32b3a2ed0798be24cf602ce36b809373fbb0967eb830d0249419e1b94c8772b40f502c44d083eb520990e39eb695065ad5ef30fd1f8a413
dec095cab2dd6a1f04ef22657b1ea84350b20d4d583d881b5e5945acd1864796785c3d4bc758cad29b8bb2f4eaa06c465f6e0ccbe7a22c426bb9af61
987bf8cf2fc2762b3b28f0c35d8f104fbafd6d67542e65d1567fde19fb45d9d176bd381a5e4e8ab3ddf04291556bc303c5201dcf13494e1b1e270aa5
d8f0365188bfd6064c1293b8b5213797f4a667d1b30639cebd7cf23750e7f29fd41a549b747bdbe00d2b1861cf9e5868ff1bdbe27fc3472e176bbf11
587a0f4ba3bf17e06287a558b537c4162fcbf7ecde5768b4d896bcb717000decebadb03738c8e95d4c2267e823e3642fbf90bd009e2865f3350a40e5
0caedd7f8878fabf2f8af4e64d190554d53cd51f8ce0cfa566d90bdaa45df32c4094e75e30e17b2f40a747d13fc24e61665c7d20acd02e5df8215a65
8487096a7b4161415193c689d6f595e9c97ea95787feae98ff584d22b0d9b93c2ff4829bda0f65cd36d2366169c386be3793fc5a0b9e287e5e8e367b
c147dda3b216086ec07a1ffb9a4ba65ae07a5b858d3e4fa407d80b80bba55ad80b2022920e5d5f6ccae197e38a305cebe01fc76a52e91e6ad7bec0bc
7497c65bd826ec5d11dd7a01bd422fb8193668a8ef521eeb05f0b774ac7013bd00862ec732b5081bc4cebbd4287ac1dcfdbafa7819ac63e1b3b07d18
87848fa3809fd5367c7436b59075e8478c6bba8ec3ce00ade2e9f702d232cb927ff8298dfc475c0574f2b548ed5170f31f7915407952fce05ef0cd26
6515407f4f8cca7e8ea1de90ca84dcc38973e23f56a78836b58bf5d80b1e169ceb2b0c24d049fea002981e168d34ce81e5f58f74b260add80e2fa483
b65b5f81e7c4fe8fba9ac081de28580b54f0804ccb4372d869659b6358938389612eca3ff42b1217b0d95f1a17c4058ef6791ae2b99a5080df0bd672
bc90bde4e5cbb31754fe23bae061c11a39a5c0793992ee0538847999dbf7826f06d55cfff818bb236a49bf83eba3810159f57f6415644e6e81a0bd41
79b317cc7f849de765bd74424084dd211059ff38d86972017c8cf482b92d21d141e5e2d8f602a89de6b46e6980ab955eb0562cd071495e6ef187ea4a
63c1fa078dcdf2427221dc27cd9fd7f108d421cf2b0c480854909498a217e015d60be63684796d974a77e87721108ccdcd0e0d2e49b7e51cb3cf9eee
f85728d25ec013b594ea4601b7615dfd636f74b4bcd6a3c3221c8765ecd10be064ecdcffc466a9ff9b9eef97a1f62898fd9d2ae09892bef84e5fcf9b
0a2e1604153416a80fc2851516af1734f25ec26a3291512e2eb859b0fa6058955eb0c67152d12e6b6d4e7e6585240947a471e6927af482ca7f2c3471
44aeefb2df0e07fdc0e7a2f54d7837e6e5696a1450e5b4ea1f842d459b96614e958b560c1e4a7b415c03cb40aca96aa4f40a9996a5f128981e16d748
f30c15beeedf01e7678378d067e98aac68d50b8fe8f2833402b1bf2c587d5c95b35d24c0f180399597eb925e0026d91934db073b772ca3fa8e46100b
3c2ffbd15100abfac57aea0527ffa1057a79a496579f5e40daa4ea22bc842555dbd0a0e09397ba62a7b74e5ea67570cf8dda324bbf2674cc0e0bf125
30ed050ceaba6c647a01e65296e83c9c082d3a9e3973a4e7012e62599ad4bd00d1bd84363a0e8239ffe2eaf602f8e02e8bdb194e3aa95350f870163a
825c1130c2c9877459d2f270de0c46bdc413bd80817196a4209cd4f02e822de70b176bc752e30ae7b74da948510126bbbb00c47259de237b011d87ee
ebcc9d1fc3e7ed1a7a9bf2b48548e2c648ddcb81d808df175930173deed0132fcb43582f808bf1b29c39f68287d3af6ac298b2cbb1628808c43e0a56
1f81a6e1cbc341880c5f554464c7932167d6dba317d07dc452cbedd4ce36ffb19a20624bffc7a266223de59fa2cb632691adf31233e7b29c0cf40290
156599f78748af5b2b526c27e049ccac17ca28204b7951bf713ac6582fe71061eedbb776c1ca78d1b1d3f2d73a0ad864722f7a011d232e87ad21d2bc
a8e81a77b887ad5d3684bd0000a72c967288938a58a2d1103faef1a1d97f3ca622cbe307e2a51c1ae9c720e48b15d10b9ef98f35f48fbe2817bfa717
7cb3e00f44522136ba725ebaf4bd001a9445447c6c5ccec551e905a07dcae23cf60206915b7cac4e726cec6341a3b441325a1647ae17d097cd52eeeb
0588515c962e464801c7fe580e9a876b433e2bd77b2c85cc3e8a9a300ed3d28b0ce9386754e1d50763d795c5b40b09c11d8617c4d524f1b1b9148a42
8233ecfe8fb540a9d071fba9c94d975e4bc23d5ca833ac900b087dceb8fa8060a07fe5587dd4d9a916e8e28d3db54093e3b6022af50244e22ccb9172
2fa04b802595eb05c4679bfe41eb8f4ed5afe93f8c53bac2e2f5028a9a820b38b0650f12d2475cb4691be6118debc99228112ba2d15383d9525901dd
fabe3546085c57a5a7f895c9a8e8050763432c549c492295158d7914dc2cd8560171515af0292366602f5877673c8058b03a4d74ab99d649ee059105
ab0fc6c12969bd4f3303772814c108547cf01f738172269a58dca2118297ff587b9be1967b14cc45ee48999f5df45f8687a341e8ae05ba0a47ba88b9
7c332ac4628d8d027c767908eb05f4b1b7a410213f072db5b51e0fa87899ea860c3de28e9dd2fac70b67c752850bf9db67c16ad2f83c5f6cc8114910
1bb57c86f402c4282d79cd65805d2ce15ad312182e25af252c813eecf27a9114c408dde5247c84f8c0e15fd1e4478c80c882d52432ecaf88ec925eae
c75ac282f002a3603599cec89623fc51c0d871ebd075c283f1137735290802bb1cbf8c02c6da5a67accc8b2c7ab85c2be4b5fe7132c0c7c281e59ae1
8435fd8b915296a7ee5e408cbf9c69f7025e5351cc6562b4b2689342e3d222e2b6d07eb1881e2eb8ea79f14f4379b9d7cb3b652f98e35aa4497967f4
d00581cbb7cfe5482ae0478a0ae8a77fb1a97b41e1dc16622ddfc74eeb1f44a4edff86bfe115283e9436836a2ec2a64ce0b39c5c851a78a6973ba05e
704fcfff73fdfbaef31f8be752e3437f2d6bcb6608a06305d30e8c85319c29ad024461181a9f611544fe634167fac41cee94d6c0ae69b4b46e70a763
2844d048df97c63261f5415dd6ba54907a01cd408e05aeeb7752477a81b8fa9569e9ba3aa5325e5d3a28819a6dc3846bcdf69b8e48163ba4b687b6b0
59056ffe5705d7b6f32b8bc2bab6407df175daaead4c438b7315b4a99b3fd7e3daebd4285f7d849bc4f30293178351577120fb4dc23856f09c7045d0
7175057609579aca668b5cba1254b2b665cbde0beef98fd569fda8c4b0c0d38d480fbbc25bf40222fce5637c141090ae97f59da7d64ef53fc8c45de7
f4ce3023d99667b45e8088e0db528b1b05e484aefb78c3e5ffe08f6860850c9375856f38dd1fc1e6d447e1a36f1ddc5ec0d01e41ffa8443d0ba2ddf0
47df0bb2867e419567f7f46f4af6b2fa4058e86db9ce1d058d6485064675cce533741440c496a2fe41dd44c9056e78dd0e9b60cb4d97d7dbf204350a
40218a687f23e5be6591595fc8e4a52f90df09f0ca9d9bb3fd1005a7f7b1ae58a37ff128de71a36f6ff1485aa1bac312aa8c82823f64e521095d91f1
7ac1246d8b0b30f9152a78149005b50e762b14ff2f69d62820045a17bdc12bf41846580514048befd20a65a57adff702ee5bd03f400ef6f5521f50a0
ca1ef92043723e94a7c7495198bd80730dfac63587a52650893e96c24a2fb839cea4c9dfbc6f417385d58638de0d9e7fc9a05b05508eaf5a8b6fca50
34b1696191fc0f8c7309fc4601909fff0027828768b456a957233e5f2fa0206c9de95e4005a1be7aff0a71857f036fb53a0f8526457fb212ab35b88c
1dddab60ea2c2c0aa755ea288829d62a65ccba98ad42aa71e8f13cd589cecd9378a95a96340cfa6258c645bd607afc9f0523fa1215f78e7f9f3dfab7
eb2ffffbc3df4717fdef330946f32a1f62d199cc0855b72ac6b37925c79a6f6a324eca4a424b2cabe6710dbd28ae9ac79f87cbce25f1edd9ac1a0ae1
b65533381d2b49aa7ad57cee8dfebc0ed5b8b746a7f6aba6b937f85e5832f76d1fa4c94a824b9f97a6c378cdaeba400b44a99a7728a551049c742bb4
0e90e63af4a9d83ddbb169658f8d816e55935c0358b4d6e2d835c683dacc8a10d00b5ed77dac0baa6baaa393a9a21d3e060378256fb6d348068459c9
19adc8751e0ba21d6eb2b4d88eeab981ef224ba79e3f5c35a6b0b9d5f5b80a284a0afcdb71bb47d0ced21def79f7081b34e9876e101eac241096d4ed
37701f56f2615d56dde73a8e6469826c78c8ae64c4e7aaaab471880dbfcbfc66436cf89984805871423704545f490e64699e6d887cbe921cc8d21cda
bf63d5f52494306525127ccf87b47d6089b46a8ea01ae8a82cedc69eadae19f070a9f08d8faa069a5749b19386bc5b75c38eaa1eae2a1e4441d5d256
0b7b5c7b36bc0ca155545572551fc68865a4aadb551f5aedab2ae95b3b5c4a4677982e570ddd46597f0e31a9aac6e08bac367bdead325aad5b1d400a
af24edb655e3b143af38c80f7b2f28aeabacd3c71e2de23ee06291afac10c202213d49d5a8a586d80bb2eb606de29adb3544c7ab26e9538144eef153
975c8748aebb6a2ed70cebd4a513d487a0f31440b00429d4f702f7478f0e71d3b78adbc13dd8d2bb1ba1ee5c037d6429630730155712eae41a47f108
c1e7efadd6d287d775a056fa4d595f3b36ad2fe0ee68b736fa08ba11c7703320abae70d45735306c0b8a1c170ce17a12014c147aac1764d78d03b7fb
63d7edaa1755eaf1d681031cdc93fc02f7824f75109526f9bd0da72fc589f0190a49dff35ae4b3407f4c57e914600f787b17795bedf9dd5534e15ad8
b8173caa1b6ae445c65443e0a32a3cde37690486f3f51881221d32be1768494e103e9b3ce1f482e83a1019322c0f71539f11fee8cfa54ad6df2bdab8
38d42c8a9c5f879835b93856abc88b6d88c55563758acc180364b02b19d1e11a62f4d418803dc9437940e8f295c4c7b435c9a34f1baa34e92404d393
193d2e8de080c8e52bf902ccad31a6a41d4d786205993b87e4fb8b58cbe36cad4166dfdf9cb158cbc941407c829504252787aea1365d3778031f756b
916f5fb71b7a8ba38a942be9d47f8f740d7097b892d4a4d341b90d4ce06b70c0d635c1af685d3e38313814143c7ca26e7b12caff8afc1b3e5facefa1
1862a93a0658a3ad641ca16735795884ade4b0f4894b273cb4bba98ace7c170d10daeb566ff835920a90f8ac64fc354d39369d949e0c4371f3504d74
4d1eda925935453543b94d306d1865bb260efdcba49ae41a1c3b2dc530d4765d25fcafabee3854874312643c3c6cd1545761c2a071548f63e0d3acf0
e03d5f5d05079c525eef05b7eb86cee7a9c510b0eec9a1ef1955737910e39d20afd13d9b5d730123ab5173770dddcdbd3f4c18f4245422e4adb753e0
aec3f3222916402fb85cc7760b2a1d41945c4f023eca10ac175cae1b5617d2de3ec2a19905b8fc4abbaa446ff6e4a06c64b9d9f38fab00a8e597ff08
c50301236b538ccec3c8b727d1ce87141cde9504e57e164de03a5d5730cab55ee1f604ee3914cde0759780fd9b8cfd0f3fab0e3eab763d917ac1a73a
a8a0ee0ae9d20b2ed721f6a5425e1c7e3e0ddd76d6a9cf505c5751b7f05e2ff0f76064b2cbcbfd3090701d3c0dca87792f70bb93ed74568ef3705d62
9de670deae7b50a7ed3b4ecf21b2cf537dc6e83af6b9b0d18177df4a825058afe2c32fc0611a83e3a79917cf601c889cbc60a2130e904ebd4a1dfa38
1c43efa4c83bc171bcba8f079893bb022df6d1eb42467add9503bd03f16b57929a86ebbd499d92958ce451a555170ed541efa8ca53462f68aac3b69e
729f7c4220bb923bebc2aacbfede3096ecd070d12527dc23cce4b830a72065cfdfaea209cf040e67d386f7e4831e3503985bae243d55ae67e5094bcb
95848e906c36ce76bbcf1b6e6045c89d4dfc9b9edc591757dda7d94131fe14d5dbc9b1d5ac27b9288bd911fd1e8d4017bdcb853fe21677d52178f2ae
a0d6712b87eac683a1d79dfa5e759f95aae68bccee054d7517a770aaee721d1c3d3850572fb85c37b5d53596a7aa6e38bd397757bd8faa5eaee642c5
7117a8eac9412a08abf6fce32a8877961a532fd85db7b3cbc56688bb5e843d59585755e77681ed16cd1ff74333dfc7093e453f453ca757724c4ee468
dc6b54d5c0d462d46f548b5ac97b541dfad6ed690f1ee2a90836717fb5a9fbcb5bb76e480c5e2d1a4a9c7246158ded62a0f736710963d01da19ed529
b23e4200b19234b25e06a623f2a0ea10d97817728d418caa9e4480388f524f9d9ec4060cd7eb7f42e0f6ff5f6e8a13269f1c31348f74500fd260dce2
b1a9d90126f82963aa78f838003985dd3b748845d0930febd62c00e95792b3583c8e788857d193e0baca376484b6ed4ae232eb35144f1fbf731cbf53
2e4687cdb2aa18e64c6fb978eac116a117dfbbd4fe9d62aff6e4387fe23d453f017b9206085a95e8cb1521c6eab7667d2e8afbd493c3218e4c8e23d4
6f57120eb4653f16a3d0534f72c116651193a88e9e043f5f6eb822ec4b56120757f1606212a6ef494038bd17624a6e97b0d042333165d741887dca77
554c3eb909bae9e7b938b3fd39acd54c887eb1eb251853d3b2a446db83851462f6c5ccf056bc8b49dc9fd45ab30c5389aab0ec3107ed7a0e4087f233
d9dfdf9a7b86eafe2913e95e905dd7d7fa949f8b9e7f5d05b0a9f01a319f9a1e45c676a61411117e256937b288b198abfba40f2319e1c7ecf38eb8d5
e7b9d06fcccd9f8308e25440e1587cbd0aaf97fcaef582cb75345059cf955e20285d288e97c38e584466f7247741f70451285792d627c218a5ddae7b
f15e5dab59f588ec49aed8b27f8c08e9b8923c808be28fd537bde2a62fe5b39e3fdce591d86c9de99a5d47630c59b9c72a2150449cb453f6eab17e9a
5cfd785444785cfe1cecafcfa8e3002be495c4e993517ebc4c235c174d4b96396abcf4568b089072465de6db0002e1204e052f8d77160cb8a9862b7f
11f1d6ab3122be4018e4d1aabb04f7e9d57f9793a4781b8f421f76d4adb5bcbd5ef74b3f6f8bda8fcfa6d30767e1a78c34e373e873f0f27ccae832c2
edef4a4e1b1e3513611b1f12b6625fc4a76994f0903bcc9b569ff0073a93f004ba9f8be7d001aa6600ff99bd6ed9744678545cc9f1f0f0e43e313122
d5714eb942889f643011cae2a7b8c0f18bda832f720f7493bfa41bf251a61bd763267ec64e5fa245918ec3e7f3fc8df37c4a4e10cd5b8a70cf35ba5c
8bf23d5a30a8179fe271c7eff5e418564956f5bde072dd387c3263a50ef24a5654ad7937d392b0e6ed0311cc6f26101a0984b85ed9b1194dc249ce99
b539cd87a1f1304481f52646764f6299a380627b5df7ce3a7dce70960ad06667f482e2ba0acfadaafab4cceda3d1d41a4ada348311ca069f5b3c97b4
55d7c12bde520fec7991fa09a4fe10571daafb5cd75817575d73970d5d2ea67a82baed4a8eb8da65c1b64e1d0455413bf6f4206166bb9203242a1a6e
5f9b4d55854bb9f850bde070ddc9ba35c8bdfa737c37e9fea7fd719f7cfac5aa617ae2fb9c783dfe88e84dfbf7a8e9c7a023ebbea62056654f8e73ab
606829e8d53838e0a36a01a3148a9613bca8e0d04429788201fe11971a50cf8b70efc9cc6645759febd8e5a2461264e62b09bba8b4c891749cfa1cd8
36032cae191c97fa84b0bbbf3c36d5e99ea7699d26b6743a3e7fefe3f716d7251d7a25249a4757b95148a7c48f3dc9ba45a5a5d3f33b27385a77289d
8fbe7742be9415672d9d527de8c911564a7e111364392b897b9216d84fd1fb1a37d62dda21453d057a328e2ea39a1d8fab5e365bab122500e8c96334
5be835450f3272909a5b6cfe18acd8773980e8059febb8e70bb22753ed0954fb9023af8927911c3d99c6e716224949e2eb9e04225996a2bd40e83541
5a13e50ab4e71f5741f35aee817a2b3703932789a3d9bbf1e7a89a297f8729d54b7515b05d0e23fae7b496e90169a778907d9f744bf2785b768cb09a
65c96712acfda27827294b212865b2941467219543db53a0de7fa6c51b4a2535d565c09cbc742dfa85d021a29a5bc7406b31cba5d94debd9a5b8d50b
c490a1ed48d8b3ee64110b2b31b87c2e4175cde36c1ca70e7b951a414f729c82b7356b0e155e604f79ae48f5d56a56e8ecf6ba35872adcd593b4845c
4fe97419fad113512e6a77899249f44673caad46ba243def49c0b8a2737be9999340fef6764243d7e5ef0de1b60327a7ebf6e788d18b40ce65b0c268
96bd6e1d5c849e5c4982237feed515ba18dfc8db77899cec494e7d918ce996de54826cb1b713e4bf376dc30d9f0e7969d2f702b18112829b39c042cf
bfaefa384c7dce3b8b886776ad9feeeaaa0b846d09ead28b79c30fdcb05253dde5ba1b5dae89dfb7070997b1fb52a4ed05d280eac993751aa514eb12
c3516505fb4ef7e705a33daea24f2704e959c9131e65d7b57c0c0418d2c65edfd363f48480199da25fecfdf4badd1bf839adca6b92e5a5ab0f893cd2
776aea54a0cf55cbf289bbd793404f8a43973e2919f5e4c9bab56470fdbb92602b997c32999d4066c75347c554769a8af97153dde72e3f76296cd2a4
f7d193d07ace9a5ef35568dc21452fc8d6cbec4930ea05fbf32666694f82385caac1a320ba0e0a9071293a0ebb9d55b79ff0fdb60059de4594f424ac
2ce41c35ef925e67d082c182a76c4a2d83520b163c75dc71ab6e60f0285150cfabcb30b8cebd6a0d329caea28a6b0c6a2671d588758c8967b54b9a41
a09d9ffc4b6638fc5849203d89b972f08205c21c453cccd6f0ccd0f08c691ddb7c4884940f8a908645d39f50bed9ba9c99ba9c45d16cf2a197eaf0ce
323c1dff545daee2093c349a539387b82f4a069e0f1fa4834f6d85deeb056e36d72cab4b89ff46840b4c70919bf9a86e073649af5beb798af1d793e0
4a9785333aeed7de9e44f972e43cbc9aaa0e81857605a7cea7c772d2d2ab2c8e753ec50ce949846b56e0897c0a75f724f64f5d46310c7b9256d98b27
90a38f4bc47109f285de0bdc8e46ab924ce5282cdb938346ca3ab951ef8f9ec48360d999f502dfaf087d932281568eafebbe59a776cd7d0e8c18f5ba
cfa6613368d8280541da56ae24f65524442fb85d47cb74dd85247584f1961e5dae776c4ed21fcd891173e4b93a2769908e27259a69246265f7247a5c
f2fa6cbda59ebc50b5ee7992564f4fbefcd85a91543d908a664b589293906f4f22a48a7c22f782d375b8cb25a9cbcbe307fcb6e25e4eb74779f373eb
b26671a37a1281690c8db2143b33a8eab86c547a5e1cee0c0e771419dad746072fc33fe1b05e5e756269f464e6d7d4a5586d7d0d7157a5e59dcdfd1e
3e4ed04efb9dbdce19da5355cffe6cb23e83ac8f458824bf3a7919360c45019c3b4dad2914d8e09fcb1f4c2f90c6624f228ca0c211e562303c4d4aa4
689f8bd4fa7b1286a412747578a5d584a3d90ed9171fabc32b1df5ca27595d8cb85c6ff559b1af75a1fa5ca557de93b0f5949e4cbe0cd7af01d7a3f4
41f2a5c76d06677a68b0adc5bc7c0de046314a1d245f92c8674489ef83d4c5bac4e8ed490c5207ecfadce3871e972021df1ee3cd3126554967a527b9
738b0b9f6fe3eb7be0eb10f4c6cbb7de403d3980aca2f7e55b82cd7c33ecbd2c42f2ad2778be19cf5c82ee7c7b536f462e97303b3f06360f81cdaeef
3d5270ca8ce257c5c6ca8f377c86cfd3732c3f6201f5245d2408e03f22d27a12667c0a569c5f31d43302aa8dbaf5bdd708e62582513cc8fcea81de93
dc57cde115499f11792758a3b117b8cf075198145bb55f36419597962fe2ade42f6acdbec1314ccba2bde78db31079a40f7371b1f227359f0cf3e0b4
6c2f7bbe6a94dfd0daeb586553d5edaa0755a7aa5e5771fcc2e3506359c90fcd54a5976d4f0ecdc55d3bd0bce3f4097f1a2a3643be36a04bf2016b62
59f424fd6a14d715d761d63a7bd69ec9d49e290a0ed60bfc35067d518cf0dc1eed0d5c71a75da0d49cea4c4e75dcb4ddadf9738cd6206e60b1f66581
f66552bcf19e6faa42d48220a5c2b2495cdd9370372f7ff41dd7af51f6e418a5d486862b1d57410634cc92ff84da2dfbfbaa29acb8aa1c98f6028d74
1f303ec9db75b1d6644f82ac9340b7586bb22761b3b6d07cb1ae4881ae48926257097ad7f624544c449e155b391458392409b2e9266125cba85a1ce0
62c5c8012a31c6aa66d53d56803e39392fe1f248e8655311327b813f477a43f2c27208dc149a8715bd4f8b95410a9441864fbab596c7ee763ba6b0a8
830283b1956c6ca62e4571948341533df543aaba3d09970fe77a019443f46c3940cf465123e594625739e97e236a98a7a0544f5eac5b63392fd721d4
5b10cfa59c6274f464619dda4940516880509697c3ad44d981f5e4c1766b9cd14b16b16472b7df3bd0d463a0cf95435d0ae49488c7569037e75eb0bb
8e535f647e89b7961aaf81de6e2992952831574fd21dcb828c9d68d258125ea15921b87ac1eb3a6e9fae499208a927116bf4743b5162259112932ca1
98b35c40872799249524edce9ea41b99453e1413d1854474dc16b8ed05d57517ba54d5edd9dd2011a4ed5bb264022533ccb0b42c4a96a553c9f48a23
f642c99282f564623bd5550d33c3a15c5dde037bc1e5ef417f267aa5b3f4677a12de2452509f12fff524f4f1b57945dcad9ee426080c14838f02b798
35ebaa171f96c2d00f8aff528aa8879e1c78392e4ab9e76f57e1552b7ba7527cc6ca386349aab9c5ecef42f67754109452a5e05468755de57abb54bd
337b920bad235d8dbc68801df5f82e55aaed3d394071d2e4aa288b9ec40c248f2fd540a70ea093e4bdb95431fe0bfc3ba524f070f9fe5c1b4e9824dd
e59214bc2090c0a85b5d5eb28fe9493cb86270dde53a40e2b868fd725d5a946b58e427b9ab2e97987a056cf0de4c33b8a510d693b0031725566e7116
7a7278adceba07b781f44d209d840d6f3d957bf242b335f147c4518133b530aca2569d541b0a42378fbad5e52352b227b9284b4cd70b5ed721d6cf7a
3ff463a9093c372620b2e331a27f80e825b129af77eedd60b3b2a8ddf27e6a85788c292f92b0bc12229497519b255b29560a2f1fcf82c4c7bda0b8ae
c2cbb8aa647d5d107e302df7113d2f8ba09ea46f25edcda7977e4f167e6d5d1dab9217aa92d7a213fb457f8e41bfa5d9503ec9427bf2609d6667c000
4f33bd6e3d254b9388a42060d730155dbbd3c4f62930701a756bea26be0b88ef61577aa8ee751dc7b9d84ca525b71b072c159d9376f97317374870af
dd3a7b0dbe29e2f2ced80bf4622c70df9b1ce471939d464f82749040bada4ea927b92a0a18b489115da1839e8633d13f2179eb2645d94a6707594fa0
babd1ecd0ba02f9ff47513d7aec245413f2f8a250bf7932b09f1975873d57cfd0abefe5e24ddabbb1e6a43c5f93f2340f6fade2e514805ff7f8f32ac
abd6faa8d0fa486214d4fd71970fdd5b297ca9f5b82bf4b8c7e756aca35d42d60acf984527a9e7ababb04759610df7cfa31c8fa5e2e882bbdebc3d99
1092600d32e836f764648f2b0a5390724dc5a360d415d525d7712d7fda3dae03cd9115422c047f0f91df8264e7bd40fb1a1073bcd7add319a435d093
b3dd5a4c1b65f524bfa7b87916775438601c759a839e2c154f9641eea9ca5d66fa2a53004bdb64f524974cb1cb8238513d097aa42af65a10eaad81fc
6b459ae9056e072592e8a0b1e1f5585e4e4f71b10e91703dc92ba4a867879e5df5e0b34bb451b527890a5bea7ed8d5ec769737575ab7cbaaed15aaed
a36e2dcb21597d852d52deb4e9a748ec7ad258a36a13ec1262e8db605514422d8ab7da93dc05057d8b526fe8c9e1cf406fc39e7f5d05982af6708db2
23ed4900ceaacd4b6238f76462bba2bacf750d5e21d6289381633a78cf1536dc2cff3a59fe4501ca92b8d13d9959b72e7a92b4a6c2c157de053acc4d
efc98af81aab551622ed494e4ea7c19adf159adf598a2935fb1ee40c1c2b3cda09551dda5c11a044e0347b8c99ee66ab763cdf87eb10aa4531eab2d0
534f023d897f5ab3cf57e6f92a0a119d9b47d9384a45ce2bd2f7a8743d55241cef948b265e2010d0eba196e8668ce31674d44b721d3cdad4aaf07456
bba950bbc9bb02b0170380425fd2b222ac7e22543e118ab4eb6af535a8bc0612afd62a51614fb24f21992ab2aa27c7b6062184ea45a958942823ec5e
e02e8fd965519dbb3cd8e59a41155ba227c7b174acfaaa47614f1654ada3578d3feb850e15e3d822840a11c218a3c6f1798c882112aac24357233be8
01f52ed5ac798c0d635408da2a5e7a4f46f65855e71e11d83b28a65fbd2490e94910008790dde5e37cf1388bfbd30bdceea6e72ac580f53ba627c70d
91894dcf7fae6aa8d2d7e415a1c22b7496b548bd9aab10fb3c3838ec6d2c7f13cb4bfda017bcae9b83543b535377c0e7141dfd96d0a8272f54a947c3
4a4848b23cc3d4dbb0f23ee8a94e28fe36acbc092b25aaa9b72ff13d2ef1d02b585506a337c1a8c438f596667a4f021d6fc204777297891b2ef47f67
f799e92b52114defeaba71e611c8e65fd1bba9fe9be4ae759e2a749eb2ac87ea6dac74c3bb81834d3fe201f424bd54ea3c3fa756ec395927c0fd982c
7f223d53eacc3ec9ed12bd670ad83c5e9627d16fa680cd2b6e5f4f82f1232dd25ef0baeee3f7d672bedef597cf872a0cf946d745d655f519dd67c4ae
0bfdbfdea177eed0329aafaf9efa3dc99bb05eb6bdc05398f1db75255fa935f56464dd1ae627a7563d1950e7d8da86cfdf0e6f2a821c7e6af6241df4
3ba4b69884152e387ab3aaaacf550ce9aa73fb3dae437082d3e1afa52b5ea16b3578e96a26065b4fc2319020c0d73c900105f3e958bc62a5f7241c28
3918ad1850158610234c80ea646e5ae1e1760c444156c5a4e9c913750acf6d51546d0981a385fe9b5c2ff524e3e43a84adbf56f935871b36d1dd1efa
6355883acbd2a7b3c9783a38aace504fc29fe3c214cdf2eb860040253a66a2b8003db923ca6750d5e5aae15422fd4416bc551567d0c555774b50d393
f0d6105473b8061ec21465f193fa75c361cd52dd6b9fae704f421ffa086a76b8195c621405c5fbf4fc6a3012b28e643387a6814393abe2bf7d82e83d
79a16a57d5edaa71f8ebee56afab3eb4f2b79aaa06f3a7576962a7073f8e557648deeff4e061d81892e22d7ea7477f72f40ef5a77d4644f7a4788a4d
c0a0358639744cbfcb35109029369e68f3d6e65aac1a8f1cd1b28ba31cea3a34486677ab43b496dc6a201607076d9f47f7813a9d11f7dabec6dd9374
95b26d2b72de7eb80e3aa4dbdaac5e105d07f7481d25a82ebb0e5e4ff6f5bd1166698ebf27898316db6878d99ff7792433c535cbd7775cba04230951
4e96c7ecba74254692aeb78fff4fc43a32ffe7faebdffd97ff7efdf57f5cffe7fbfbe75ffef6b7ef2ffffcfee3f3cf7fff9f46e9dfbf5ffbc7bf7c7f
fbfeef3ffdcbdf9eefeffffa4f7f1dadf0fbbb7ff887fffa97f77fcdaa91fb9fffedeffe1f21a2f780c5be0300
