1f8b0800000000000400bcbd6dcf25b79125f8ddbfe2d90106e8066cf7cde45bb267d1802c95ed1ac89257556a8fb1d80ff9da5d80a53224b91bfef7
4b9ec37b4e96a7b7e7c12eb005d87ac8cb2483c16044302218fcafffdbefdffde2b3e3e376fe22fcf2f1f2cdf9e3c7bffcb09fbff8fc77eb9f7ff65f
ffeb171ff7bf7c777effd357e7799cc7f3d71ffff1e5f73f7cdcdf9d3fbdfcdde76fbf78fbfd879ffebe357efbfdfea7bf1ce7b3d57fdce857e7bf7c
f8de4dfa382f7ff7edf71ffefbdb77f3e3117ff1edfb5f87f917bfed4ddf7ff8e94fadc97ff0eb0b207ef9efeb9fd7efa797d21bfff3f9c38f1f3e7e
ff8f2fd32f1ff3dc2a3efff8e7bffef0e15ffef5a77f7cf9c5fffb7f9f76a43f5fa65a1fbf98db4804e5972f9ffde94f2ff8e9c7971fce1fcf1ffeed
3c7ef9c9c79ff6f4cd797cf8f1a71f3e6c7ff9a941fdb27e7fbcfce5c7f3e5c3f72fc40c6ab60fdfaf3ffcf5e5faf8c3773ffefce5df3ffcf4af2f1f
7ff8b49f5ef9f12f3fbd7cf7f1f8707dd8d7dedbcf5fd61fce973f9f3f7cf7e1a79fcee3e5cf3f7cfcb70f6df95e7efad7f5a7f67fe7a75d5c1ffff4
a78ffffee1fb7f79d93f7e7f7ce83dfc881ebe3bff06eaff6c0a3fbe7cbc9eb0ef1f8ff6f55f7efca9a1e2a7b5cda98df9b26e1fffed6f46de85ceef
3ffef4613f7fde1a7ef8f1e54faddbdedb1d9cef0f7422583feda801b2ff69fdf0ddf9c3eb71fe6347f60dc34f801bb68ebfb449fcff07f3cbc0d031
36dbfa24897ff8f8c3cbc7f6cb0f2fdfad3f9d3f7c58fff4e3a77d6865411be8e336c35fbefc27c8f8eafc809efb47dfafdf9d1d78eeaaef3fba16ab
faa1d1749b17fbfdf8c3dfc0f0ddfad797f655a3de36dd8f2fe7f7476bd2bafba143f7ddc79fce1762b47572b439b47df172b51f80b64f7bfaf1e3f5
d3bf77c27b12f58f7f3ef74ed5ad870fadbf7fffa1d3f3f7a4ec1f7ffc5fcdf0fd6fdfbe7b79f7f5afdfffe1b36fdebcb4bf7fffcdd7fffcf68b375f
bcfcea8fedc7372f9f7ffdfb3f7ef3f637bf7dfff2dbafbffce2cd37ef5e3efbea8bbfd9f05f7ff5fe9bb7bffaf6fdd7edd7fff2d9bbd6cd7fe9adda
fffef8f2e67ffcfe9b37efdebd7cfdcdcbdbdffdfecbb7ade736d4379f7df5feed9b773fffb4a3b75f7dfee5b75fbcfdea373f7f69bdbd7cf5f5fb97
2fdffeeeedfbf6cdfbaf7f0e70fee73e5ebefef5a7bdfceecd379fffb6fdf6d9afde7ef9f6fd1f01c9afdfbeffaa43f1eb06c6672fbfffec9bf76f3f
fff6cbcfbe79f9fdb7dffcfeeb776f5edaec3fede58bb7ef3efff2b3b7bf7bf3c52f1b5c0d969737fffce6abf72fef7efbd9975ffe87986953fc4ff0
f2ab376d2e9ffdeacb3784a161e68bb7dfbcf9fcfdcf5beffeabc98036c8675ffe0d62defdfecde76f5b6dc3e69b8680cfbef9e3cf3b42db00efdefc
1fdfb62fda8f2f5f7cf6bbcf7ed3f0f1779fa2f16f28fa6f70da96fbf36fbf79f3bb3eb5af7ffdf2eedb5fbd7bfff6fdb7efdfbcfce6ebafbfc0b2bd
7bf3cd3fbffdfccdbbfff6694f5f7edd57f5d72fdfbe7bf3f336f6fbcf0052ebafe1fadd7feb7fffeadb776f81f5b75fbd7ff3cd37dffefefddbafbf
fafb4f7bf9edd77f68786d53f9acf5f305d6eaebaf809e86e2afbff9631fa1e30d4bf9f3973ffcf64dab6fa4f4d57f80eacf3a0edf35947ffefefe4d
83a4adc0fb1b5e5ebe7af39b2fdffee6cd579fbff99f16edebdeff1fdebe7bf3f78d26debeebaddf12a03f7cd6a0f91668eacbdfe0e59f6fdffdcd62
8dddf47350cccbdb5fbf7cf6c53fbfedb31b5f36827bf776102770fef96fc7e27dca98ff3f8ae437df1f9f7ffcaef3ca1f7ff6b37f18dac5cb3f3cf5
8debc3f7c70f43c568bca9291c3ffbd93437deb8fff42ce23ffb774dc9c1f7effefae34fe7776fbfbf3ebe04b63bfef2e7d1f6e5e51fbe697f34befa
d797bf038bfcfbc6c9ae5efff50f9da535c9f9775445f4c3bbbffcf9cf7f3a3b802f05758d2de2bf6db4a6f17cd519ee3ffc077a4d6f8216439da136
e3eaf77ffdf3f9328d9efec7b76fbf78f93fa797e9f132a73c95ff6bd4ffe1775dfe3e589a388b2e927ffcf3ba9f3facdfffcbd940fcdf1fe3df3ff5
3fa7c7afdbbf7fea60fe4dcb67074ddab5fe58f7e9b7fddf74fdd3cbd4bfbe37fbd9f4788cd13f1cfbbfae3f3c3f4cfb3fbdd4f22c955eaa2a1dad14
553a5bbf8fc7b3b83efa30cf42ecbfa99b35fdd34bf68fb97513542afff4526677b3b4a6d15fd6d6519a555c5b31baf1d687117cebde1bbbe7a3173d
6c873709fcb5a365d6b75b03bf18e26d6a6078ae5bec50251553efcadfb60995b2a8d866344deeaacd680aeeaacf286b0a1b66e45ffb8c664d610390
f959dc73ef4ae31ea50329a88e3e5014ae8efe6dd24067ffd653b8f0ad7abef0ed730a53279f1a72567942795279ee7d97e4060115b9aa22a2221455
006745104c8fcc3e3c684145f1280b2a96a08aca0a8fd2b0373f42708b0d15a298e9b173147f727014b73809ba87bdd8e2b928d3f440a7b33e9926b6
d05ca619f8d1205340d93d64c2e98a423805f8c4b98a30a689732d6eb1f63eabc7dcfa6e14c94e1367ba780cceb4bacb9350b88b8b50a862e64cbd6a
f3c4165ae879660b5770a117f7c185aec2e7ccc98baaa7190bbd4cee63c15404e85c7b7912be674c3d1baa0d65ff3e2626fccf6362fa228c8989d842
5fc2280802a7350b7921b0c21f8c79fa93314f4111384fb1a7298c45761f0b3b159c818b7c8373e5aabb0f1274f4283b2a4c2881cbecc907127474a7
c4c6ac258a031bea23021b5ab1d8b7b7bf8f63730b86485c14e12226421920a58644f97f92310ded9c82c7e3cecfa290c8dd500c4225c4fe843b7f36
08d80ea6cbd845573022e3019a110ed283636ac5d3d8d45aad042c08a6d4b11085e5441c78ef24d243f6f7831e3c02e9c1784c63d3bb8fb1e93d0ae9
c1349536567894b1ed85aa34b6bd011ff420dc253238c986268e1a60de9fb96ffa591d66327b6fbf4c7a58d461262e4ca499b8486e317880fb202e82
3f210f102a3279803f200fd0bc337980811e7870838107a13f9f18c1e50b238862caa00857902216e1a9904b5886157209435122b7bc3fe1ce309915
62c2a829832adc69e712e644853461422ca409cbb83268c29f0ca1e78aa377e9113abf3417aa7d818df98ae55dbcb5f699150279c75e32667762d61f
5cf85d4b713c806921e598d05efd1d337ed70c8f80df5d8ef85d101e83dd6806077509eb0107916a067f70ab59021fe428de4807d16ae9780cd62b12
3c8856f3988b7018cf173464216aee12a031a567973399ce22aa9f1330312d2a13d51a624e6331fc0570a1cd3a93ed2cdadd73022e9687bfa0b8bd7d
b2b0a2aa027b6df6a02bcafe9dbcd53dee84f2a18a931506e22210ea2273e6a2c1394f5402041599c8626491892c92d973e6cc2677ca9989f0e73c66
565481455d9a76f20ac1340f1e523de2c169b882bcb41a044e549437938b2c93601a5c448adb5cb8c6da0e73e11a3fdc0751215d63ee5ca42d80a655
8889c5159cb8b8df4caeb13c3c0831113dc8c616ee634cd6908fc9aac5c2b949ff9e97b1889adbc2b93d5c81ad2cc9302f9c9ad8dbbc107231837921
e4d2bce68590077f427ea7d3cbbcec408fbfe04c8caf85f439190c2e9b74e3b9726ae26173e5d40c790593f23eab9c89f76e25bd4a64cd7550a307e1
d4aafbe046aa1e84904f6e3100d5b2ad032e75ba0e96a145d93815b1e779630b53e0c67d6304f663a7a97eebe8d46f3b073415e014eae5d9a9bc8919
cf3ba71ddd439fb6b9c9ded7d35b746f634bf8cd3b3122a63b5376986c8f317f8dffe4ecae18a74421159cdd3bf418e252f075be6ee41cd41b92db93
78a4ff847e3a16c4a11f7dab4bf13ed7d04fbdb3186b787c0249e8a7d529f8db3ef7e0618e4ff11878305da45c84893b43ea62e0197091661d783a5b
a436059ece96e48abe7cda5b6186b54243cea458cf761e43ba0587d4013bcc84526a5408a4479d8e433f6c49210a3c582d3af687002b87000c0304cd
3a70c4e20a22ca5d0ed9223d2d2c50baa2882e2c384559a485e56485d666b958a13e2a0e4d6600615dd9c2151b2b04c7363e511fd0a4f2dca4f92bc4
51d83980b67ad83980e45dd809b549a4ef96768a175f0bd82eadc22d122bd407b643ab780219bbb1677a68c9230e460fb1870bcad63c3df7d774825f
842783686568414fd93f5d055bf8c9065b994a8f7f07677da2ad9521339e4b313fbab5697ea2b915dbcfd9bf76eb4c7e9ea95a114759953ac26fc5f0
6931de28ad15bb99326b9c6eb4c94f326ec5c53cb295aa79642b81a53d54ec14fa70db4e9fb3213c81bf67710688554500e1228050577d2fc976d58a
6deda4d3b6e28e9e27f51dce1bfb69456ecda8de23e971518738d93fd461acec50bf8316da071aa1ab8a65315efae9b34858cc0fac7d282e03846ae4
ac209ea421c17eb30c2fada2a36b7a3c37e20ce3e4342dc9156d55cb539d9a69699cc49166980d9bb2eaf62bca51e58b3be0394b98ef9a02ad0f3a25
94ec11ba55ace938fa1d4631410c83570db79f2121d3e48abe6c4f86373fcd5722359a96e6c7a219f4756e103fb108e34595656f86eda24ad99b61ba
a85266e6a76d6256077d195a87cf4d3475a5abeaa43be348a883ce8c23a12c4cad0821373f3483ae12b4eed460dfd840e341acb70af54846351be47e
06d49976c6914f32789ebaf5bae9882e1794d5fc5c50d6929e156501d84f6aed78f26c3f771ad2f9b815317855b14f57eb3783a01a8edc7c18b08a2a
ba13e329a15ab141237b4b2b4282c5a7cc6c156417d52d3a41444347839db6fddc995ac922c8b9b3b5fcd4095b31709b2eaf102bad75076712ec9d77
c904d58a7d037b669d59958747ba00883035038f9a585717649b6ac5de75545f73ebba9dde3454a7fbd699d0da3581f27031f59fd519989be8650e80
532347a2403c788e20f924129c69534ce23c386bcba839e3849ac5c8703e9553a015677e2de0eb200a7d5087581448b5b042c8c279a05508a47a9219
ea1338d15a0b8dd23d67320fcff306f4074d72e74614c6037c287d899f1513285bbf0f37837855a8d8a93273b60aca105140c009e45e31807c2a1dad
023a865c6dad62fedb4fd2df561059da8150a63e69d1559b26699efe8f39ce8115cf058b6767e33294cdf1ea803e928835752eb9cc022b752b452b3f
3b487d895b39aa8c0ec574523fdbb7f213dba9a03f49cfd499662bebfb05df0b95a99f535b59e375a5b395054f3fa6b6b2fa5f005f70ff185ffa49ea
882fda7ba9a3dd2b993ad21bcb4b2a03a3b7ee5632e5e701634e1b85b9246bdac0f505df06ae2ff036ae597573326137d87b7b4dbfab812568f63bc9
a60a5d3ba4a88446ea42c4222aed700c6715816c0f46e538488aa62e73caacd121711a3578fcce6dc44253b75116114f3a23d65ad83c13ca8206eed3
f9462c67ffbe08f86b2057f05e94785abddca5489116981f98eda4e20995e2f9799e400bdac779022df8f3087fb59a7745ae8839e50c4a95f8cba0f4
87787ecea415f5de2dfaad7d5039e277c19e818de935c796d638a3715499642258fb3693efb4153750a1387bcee440b78a4e48c5fd81334cd5d06329
04fce04f52e7f2d809c92db85892f0b9936a3f020941db4909ad8aa1d188bacb833c4e42bd4c833f3d54c161b5df0bd4ef5986f7b9442a41dac3250d
2a538b429e266496153c4b0b5fb68b903fbba8081968e87c025a618e69903fd1b101aea6343ffbd8601398cdd8b6996048726f3003cc66855b26e493
2b2656681408ccd934b8d5f409e4db533c3ebb38818da6263f5b9c0b3c6e56dccf25e1bc96dca2f711a75b8b8a4f6e2d36b410a06767b2ed2c5a55ee
f88a56cece7ece8f39badc2612ac279c5d178e5686cfae0c4773829366c020e5eeac8cbc10233d31f3360d7789e88b94fd499b46d335dce7d6cb8bcb
9d3c8bac82ada2cd226489a2b3ef81e03d71ae40a58c74ad2212ca45158072d216385700e533c189589c600174625f852a8170625fc55adda26fe53a
79ea88c989d50b86a89c50c5d84e08a5f4d0ee3f61bdbc77ba612ed6ab4e9833e3a3682e88b1898fdb27b4ac89a061a298c26d9561e5ac927d277d5e
b6159c7bc0a2697b9f5df79ab336dec9e09cacb3f4093b67f0d9f8a46d537ead56c108a5c583e0743c9bd8baf9263c8cf2036099739df47cddbf289c
995b747762ce1a0307ecb018173860075b054e440e059958e7b30bc7c671d5453f6d8560ca38411992bde7b9614821f784fb31faf74ead55678ef382
1942aacbf5a015eba172677a16f557e7bd5116ab560e2897d788a70b165a850cb572dbaf8d85cc2a378c86b9b8f3d27f9f0c4cc767d27ebffae9ae31
9445e5b57faf63c0d5cf762154f7bff7f693bf3f7a597acff50083bac177f5b29077757b57b4ca7ff5b36198b27feffcaa8afd5c5d2ec5596ad7d58d
19d1b6840ba148c1f3ed4784503c9f7e5c8c415cf9eae22386d9fd6f28bbfddebf8f6edfe9adcaa27575cd26c6e4722786491cfb420cd2ac63e0d5f5
feb6efd47f3769cf727db57237b1db5a7821dce8b61eddfa12b318cc35633f68a75f5db6b5d3a2c75b3fe1ff5737d6b4b2fbebebe77d7ff5536dd303
0c4f9f5f31be600fafa61798c3ab74ab0b9148725fb432398fdb7f2a6fae007923ade2eac7e4e893ead5cde7b1981eba0f3afa1c7df520a4298b835c
b0afc7e405ed3148515177adbca1ec0fbaed3c1961fd241eab78fc85f8a37aebafab288ad4992f441fcddeed3df8a8093b01d875d990bc61fad13ef8
847ac146a99098564e5df619013dbca8094bf757b021056f3704a429b8ff8e00f9175ab96f6039705bb94bb52579fc3effd9f3eb914549c108ad7cf6
72f6f717ca82a71f4b43942e7575e35d58bc2113ac89e2a6570f0148c11b2041f03cfc3bb422c3df95c8f010f7bdbaff3f24134c77ffa7ec0dd6bdff
adecf67dfed904dabdffc5dcfa82f73f9b1b23e068593c3ed6ffd6ff050217bea93b4a405df4d6b83d4d2d3aa65efd70d204adbf8f1d5f12ee573f9c
04b9b05ab9cf3f7ac3214a205a9c5d3d4a20dd08bc871a85db02f5034a5b20ffbe6187bfeaf473f5d34b58bcfdfbe125941b3467ff3df8f7be3bb2d4
4f384bba314a65f833aace66f0964cc1fb1bd103d689af1e3c10aaa1470452f572f5d881705b6ec41fdde40f4309a44a5e3d9220dfe44b0f2408f5e1
fe7832f2f79d3f3ebc1d197b742b3704b4f38996bf1f71662b30570f32c8b7fe7a8c41b0c7e1ea210673b23ce9a784f6bde0eb1106b7e3ce8543838d
1c177c81b9baff3e7f1b1aae1e9030dfb6d38240a1dbf8ddf070db4efd849183e54bb7f2e41bf9752bcf5ccd8e108bb098ddd1d1e8ef2bdd1bfabe07
22b403bae047b4d64dfe215c2b9a9fc3386f07cb55b1fe6657fd3812a6eadf7b24b88dcf573f8ce4e2ed89a085687954fbfcade65efd6c322fb7f13a
7b5470512b1fd097444ffdec3207d35f3fbab4df355e3fbaccd5ec97010f93b76b37743585c00dba7cb82948fd6813a215926e7c0cd5db1f271d1bff
af7e03e1a6635ffde0131613603ff784647edd8f3d65f286eca79e56f60468f9717fddcc97adadf6234f8826d87e1321d87973217e237ac3f4135199
bc8161a59b74b6bb701e0a5610fa658546bf82bfdf5608e9d61ff8a3e5533f3e3582767fd80026b88d91722e77067053a03778a5bd81b711a1acf201
bb9ecb30c4e9ec7ae1e8e5d3c54527b9f58d7ef20a0f2b6cfde0d5f41fb7678c85e60b3b629cfd7d5f5f1f5b2f1844828f2b17e253b277004d8bde51
b02c466b84fd1cd7caeeb0b3f8db0902a6eb6a01d64f75b37d2ad70105c014dfc31ddb7128bf42be047abf9fb0b56284e76d799661ef0ffab92bff52
95021cd339fb57f8506e1fd3335ddc1efe86a7b1a46d9207ac94fa200c33902be0a77b1a11021cd4dd969755b1d378175571704c8d31fc0d4f861b78
b3c812233c2e705c8d79615282196e802c33755be707dc4e45e56eec943e19e0765a14fd1ee0775a7419a69533cafebec09015555ef0fbac72855fe9
a172770bc83bd2ca1bda57957794dd1fdc64c1bf9ff83dab7ca1acfe23e6975ca68950f3effaf4a2ab3f01aeb245610fad4c9f7f554582b5b80a6048
a4472caee80da6ec3246d012cc15236461a402c349338089ac8d28902a509c5d2e6ce01e8063111e22e916e9c8adbce2834548835fab55f88b9d5d0a
cd5d2e2d61f21740f36dd61767ad06f06ab51ed40246b556a1797749b1c8a9d5ca5c7951ce8a954fee112b9f350b480add606b658094dd1f565e9b1f
917e8baec785f9c249cbfb13916acb23ba8cc006912aa3d526457305c4ab2d92b5ad9cd9a0a80297db16edce804b5a9362d05a45658ba88a95151e75
638547dd5961380ff8e39f130d13a201fc418fd469f3101013d88eb64c980865f507880fd09e09f481cb36d72ae87f518f333c24da246126e6841804
d635354b888111bd5508866e8768731008dd0ed1ca02a1db19da88c20a82429221ea7685d6e12424046c4bf10d84d14d3e687791dc297a1648811068
8400ace8a4de2a1656bce664131088d7c6d7847057a97d2d9c80b13da2c7df09a0bfe094824803f78e5a85e6085ef5882ec37724de162221f63af4c3
7ba30c7fb062ce4252042599b2fae17c91b5aa693913daabbf44a47a4404e0b70ac19cb8f226950418c5bf034e6c9382305b05a277c4ac423f213501
e132c4f0ac752a8c8bf0f71790a00110de3c29de3120347179188b95db410b5101e1ecf6d80d5e97ca0d99dd01188df7db8a0124d2e0f12fd9c44fdf
b3215e210016ff0efeee55d808b0fadb40dab3566d637f6ecf802cf50715d187de56110190cb901762f6889c6c03ba0cce6b96b46309264de0800334
a8bf833c4c8b1e1f3c856bbb46de6f0d9a7304eb2c72ff37d28665be3e2dc9ad62678bac8aae7fc5795205ee33446fa988fb0cedb0fac4545cc6695d
a3e0785864ef0d119795b3ee83b50a0cabe0af10a1802f411c3b22a4bbc846dc361142a6a553b75d4317812826c1e86733793b6f04f4a16d91e0b62d
ba701312cf61ba35db2a165448cf485db3ef154f381296a10411663a103af7c86a71c138a86bb2016ef76e2d7c222823e8b34ecff344c8119d2ab0b7
01048b6c7c9eb05a456645514565854681e3a658bb28f06a9724e658e0d56e154f384a49ac78cea52c74cc88f514ac4b49ae38e10ad3fdf056018c25
29ec85d34f02bdf41b49bde239ca02df4aab782ec302fbf48d452e81e763e9524be427125d4be25c34db25135209bb65c5bd611d5a5bc541ac3fa7bf
5cf48e49fe55c86c07b9b58a9515af896a6b2c0fd3c8920c75c5553cc5dd3626b7b0e2d9624d3b2b9ecbba9244cba416b0ad1519f3c3bae0c69795fd
75e728e2bd2b63b415421f5678e88ac26a5a0526aaa0acb09e98a84cfa61bd02b7db13bfdb83800959f4e11745deb58a9d15cfb96c082b4ef28b840d
77998aaef784ad100e1d8c3678d38b2efeb50a9c9465fa6d15ec438c79831bb9e86e4ed8102494cde436f84d5bc5a40af6213eb05d202ff392edc2ad
4a9f987604e8b63e9e14b92340a1c808d6d83916aa6aa176384a8b95a30371e145211ead0238ad4fb36f38026956eb7244c861a9db076ea8952ab23f
70ea683b4a5f20c6e926598f7d38c09fab7074c1d25a881a4ef0a79b6679064e56709dbcaded53f999398ace11272ec62db2b9b68a85154f7a612845
abd027bc54a51b1101610cad8558dac9fb90ba2211e04768c772ed1f5aa29b088caac05c748525c0b63cddceb2b07d4db723118c5b8da54997a131a6
1d7a9ed3bf0ef62196761d03a7e393f808fce479306ba27861c5f2ace09556dd0e8f235f457c02161934bec84c1c79057d510c4cabb850f1e4c691d7
a01d3f18a70d2894706e15fce419b21811c6dc2a9ee7ab5671b242a35cecf489d388d0e256515dc14f9edb36f2e2645424529cc76c9fa79dc81b5b8b
4c7a713e5811f509820216dd5b8e01facd222f56c4f1a4553c65600c88b86d15cfd906ce45575363c0c65e74afb401049c8aa45a052322dc024260d1
5d9056b1b3e2097a045f5b74173246decb97bda75540f43e9ee6881edb834f6e152b2b9e041321f15b853a854d75913c6f159c5c15e8dcc8f1a956c5
c4c9a527d36e15072b1eaf905f31e1fc18151f1513f19bb48aa98c0df99c68c265c1a28b266de204414026405d277f7282cce5dc6b151024b2663724
8166b356204ff4576bef641cda1679c463e6455dddbf6c4a2a5b3c397aab60ee9da7846b151c455ba5801296fcd43162616e12c549b44504c2cb33c2
2c1666b4510070a4aeb328a8332e13165e17645ac5495fcb13b085be6419ff5a05d659e10b7181fabcc881172bccf3453692584fd0ac6c09b142b559
ea53e58c2bcc2c8b8c0571453cdd22291957e8e48b4ec68dfe207a9545a55560ff29d02f6e65acedb3d30d87a245e158ad827088536cc768f19ccb76
f2f4f03c88b5930054001937e33e63f515bd19770056653e8cfb4e7f93d8cf8e2b67ade239ca7e4efce4597180a755c567c50372a2ca8712cf4f2380
5a197150b7324f39c2d7f98017b0b80318fd937f47d4cee40e2a7cbafe1d5ebda7f5a695713533ba3d85ceada21bfd9338d7f9805ff769176be58b10
0a22c4edc8aadaca88987c6a06ad3ca6a41e715089920467377a45dd526a65383283cb05813a1e00811edaa6e7043f56757f2750e2f688849c45c767
bfe614aa7134d373ac017b248dc3b25ab9720645152b20d6142143da08c2324ec00e3a6c1574960acb3811174551c7b32b69f1e149c008a6a42daddc
15f4e9614240388c62c55a99a7702f14085aeeb156aef0976a19908147d69b56867fbbfaf76b049f8d7264709a2042f88aced2ad8c65d5f5b3568103
7a145222f7607005ac0093418a082933b176235750d4702b9335684a11d1a19e326ef1951e99fc0ac974f6f89246465a93448c6a34a4b549e2cb67d7
bee2e4bd8aa436c1848e9c360eeb6d153bd74cf34be3d0aa32e693fc3b3ca6b320e81123317bfe8818691daa83ae0ff70a2d4a26a9462d4201ad8b11
9e054ee54530229f4295d7a85540a4791288d48ef26bc713c912b2595a8f5b6868d1222c9fc41db672c66ef3ef70438b8b22b4792ea6fcaec1c7c964
d4e310e6db8c7a1c42b871449cdde28d1011093db90c256836bf8025a99a0c1958e0ad5869f1d6808c73962f3222ceb961dd74d7ed8ef15eae280be9
08257848b29ef0d94c92d627151e850ec5b32b1a0eb96d65e0d8848fe3a965e6b912647f9f11aba829c0029517ad61b75a348c0940b8ee6bf1781767
a88aae1cc4c97ba1eb91d1dad5d98fc75151c571442adfb6f2b6dea34b5b19726831ed6fc368a865eb67cec6733564b71acdc948dd8913f5c8a3f26d
9dbb008fba101811c81ca7c9bf777e94933b5cd8817b84bf3cbb03c06c41d54ffcad434d6107e1796774e35948deadb81bda249946ecba76d304d501
f2ffdc96b11f6766254a8888818eba0b181102dd64b507a80801d2046856d44db156b1715db56efd7c94bd08076630bbfd85b29a9f63066a70328259
28e996bc3e8008e10c886ad5947ac8757c982ea0b84f59109ce468b70f36ce41933e81f5d94322cc3bba3c68575dd20e23edf9bc282592bee861daf3
4d72e2ac5a276f9f2bf10be1e1ca3c6ea8cc8589af923bddcddf9dcf2aefc0a13b2743f366bb4ece48eb7c91276bfb21b0bc751155666e9ea4f25896
451570a9dd1a0cb4575554ccc80de028d05e40f47707c1430e45d25fc0322ac5f27ae6a35419bb430771c47f075ddc8888ff6edb7352997310deae29
11048d38d13391dc251975751f43da098889573d84c87e2c8ff2f847047907d9d42382a67b07c2c34c95445c0761d141b9f022c2a2a36cb19161d155
61121171d01d487f81382f899b6ba87e0692aa9fd80822a1fbbc352be4634c06121ece60d4770fe7acc8918848e88e49572014d86b0907a77c1e91a1
d045d70823639f27ebaf0876ee15ea02eae2435b08d1cc731591239a39de300de530fb7cca70e606a4f012e12ecc2e9f106aee015103da57884f9ecd
9a467cb2a9250d90d56102eff252266ab812392342397a04a40b10c3876531ea9650448472479b47a8385cb901741f29c408518eca49142f6a94d110
91171aa0cebf533640b0b9160f900703d70843a594ccb8680cd64d9c8828e2e8e338a2887b9fc27366dcb494058402cf933565c402479f31110b1c7d
d4462c70ff405dc23f61331e0cb02199980a44b98e8888e5ed1db882baf8ec2181c9e01ec1aea45a335ad7965544e7f61e85ca85c75853034ccf497a
31e2737b5883865c2835bc1a0ba0964d0611b95136f4c888dcc9aa2f42726f964884e446657f8808c9ed1f082f0b2f24bd26e22e2260b77fed196099
647b40c46e6fa0a5ef9a74b4bd0321bb8b22f8234276fb07ae40149f49a51203c221e2a1a20fa108d28db6eb2148b7f7e821811213345cfcd972ab92
29b84cfe6c3182b0dc6932f764189ec50a8c7cc1bcaf0737c59b9c82ee5cdc2174e7246d0261af4da7537fdb201c75d82d6f8d3b0b44c4ad568bd68d
4623f7b811095e77983fa3b2fab60a1c845da6c9cc2bbb839349af43a8e974c3e23e48d51f640e29a0f685155a5adc5bb71d9dc1a5c13265a7dee669
ed245673cf1d816a661b549fbde9776a39d6410eb00d63fe00391a91c7c0b4603ce83030011f3812588e219de662a17380fc2c380ff0636fe9035cc4
c2fee09ccc66ba3e1db219321568135357a04b36719c38d4b843eacfd6c0afae3f8772eb803a8ef17e22ecdc209e18d12b7971134b5fbea0fe86e249
5f449b4e83d705cb8ef940577f43acee12bb38bb830597743509bac06fdf0f2c69970f0dd772eec2d27b8b5c48e3f33c04a407f4d7870c6cad6230db
a00a581d921b10c645e54218a22a6076789e5c5a7965038f4955cf0da8e026f7d0d75a42aa954fca41c3d42f48c9909990d1ab4f5b404e20e0e71649
08720eb7494c3cd23e559a84c45e5101a709a9bc1aaff10863966e402d6a11d0d480b37b2485fb77aa824f9d2531e757998da8e9e018861aa1678bc7
84de35bdc63d941e3351a0de119f180c2f6e49eae18456ee47e69ab44a33d75deb8ce8c45cfc3d254cd084676cf15b07506fb2166d26423ce0866ba7
fe9d27040fd055b0879788b14ec1ab1ec6061488d4e72783f40c4c519917f7dcc35813611891d1c18406cf552ede2f9158142145986bb2cb03040d11
a1b92e9a35b5f1222a88c09ad11a996bc9bf73f7048334768b41e291a1b80564d6a449257077ff9e06f16bcc84a53621c25e2bf7702b8fa5760f949b
c61bd5eb2298ba3add4e0ceef122d0fa2073ed82f0823b7cf5461e7940a93e333d91823ad37a185cc13d1ab4dc99ba6a701720b1e231b8e38296af70
fdd5c3d09fa396a330719b3fc0dde25913853efd30ae0b637904e3f05b99240bd7df6564b3f3e22d5c3c0d38d4e7281aa7557871990a46d4900bcf46
9ef542928a42cb02d96aaa5f866ae741a93078b586026b164d7f78121ea89f56e1ad520f5a5c31564f13afd083bcdc5d410dd12cbc82c46e1d6c04c1
0d76f628a887869af5c94a1a338f5e078d691a2bed7ac6e64a4f83cb07ce958272a3c9cbb8db603cbd95c120ccc337089a4588da6883108cb85b153d
89a1a25a1e6fa4590b16061a3c84879d6b6306417bae59d04e2b9cd9e0ce93a981dc9148edd68076905b17c4757c9d28c275a7f906213996a903f79d
74813a3d60cfcdc5e3c1439cab96e1e079c8fce4e014aa40ee16df503ce6019ee69d7dc015796bcf947b0f37c0ad55ef645a70bdf30f1e77bc494e92
8205da50394d7f2768c1639e910d34ad137bd97861c042f0663f71f5d4cad749dfba85ec495b4ef4183064187327a67103925b3baa0246dda464acad
827635335e26df2826978bdbc8c8bdb8fb35e8c57989222ff22813d8055da17a08b228cf0ba6ddecd5b9c6de7e76c91c9ff979ac4a8cd7ca7af927f1
7d21dd75487c4d28ebf987c4d784aa14fcc4d784a28c7369a2e9b6ba01d50731d269e8a1628b78e667b67e3141cd541acc564e283f5406954a1b9f46
7485879c788e0a2a933d180f503be7a7bd264d43ed149bc49b3ebd42f38656a9d8af845ca551e9a05a997b4d4487c77582b2a926be9d3359c1c05339
bd4288eb3ef7a22cf9096fe534544bcbc15b39fd0bf519460cba5b1440e506a47ca9877819a77721540562c2406c280b1170cb2b7c2af1491ba50149
130dadd616f8aa8d32d5263e6aa3170b12dfb4099e75445a052f36dcf459db1f0183ed70a829469e2084c6088b4c7599c99c0d20f3c2b87fd84f4c2b
919992a2011c0ba51e60b89d4d1bdd501b95a32be1059bfe817a48a05f1ddd9826362be828e1c59a5ee116346f2cee7345f61997214a6e3d0c86a431
33bd4ca69e4c2885974c6ef31a1f51c243334eb693f8cecc64fd09efcc4cb85cfbacc03289a3e21d19a7e7497c47a68a3de21999f8f08ecc48cf63ce
5428cbd49e21e3c17450780497f63c0d23ad20c28b307ae6224d8ccbd62104efc104d983121f84b9b39dc2d04c935661309d602eb4604a4d99a086ea
da6e2b730d34c43226a12186d1d64c6101e2937be0a300fe005991668f0811a0f3c084bc6c6d043700f9cfee008ad1edf731074380bc48b3ca157923
743a986084557460424ae3a06bf809398da342015b99612cee8fb751cc716063bd316f5e20758730902673241848a34c4ead02580e2e0f2cbb877e8b
69316d2173818fab530f5788ca2cd0caf06beb743a75f53658019970e9a204334584272840ab9581039db910c13cfbc43d6d1068264d986017cfa0ab
b7f16106b20d36ee0e5756680a1b55cde42190fe4a1af2b4c14a622c6fe472b274e035a25ea12e775a2fcde79899cd627ac72c2c1261b48d5ed87d40
ed0f40bcd2d3a69dae1c6ff26eb46d5b5cf3ee0a74d32e0d12dca1d9bff3c06ce1c318c91bef3ec6ac0403631cace7e38d233b92135f34aa375607a3
eb6cce7620ddac1177307a4640f2eed48d531d84d26ce264aa316d89ae1387e22d755275f4163807d09ad609549bd140e3ad96ca2731ed0e903ccde2
e484cfdf421afaef6c8deca4faa3f3d47411647d0075576f0fb4f2c0b3e8ed1a9bd015f45ea6d709a08bb4a5095dbcffa2095db46258f38111783671
5e888e33462efa0784e30bd653af324cc00abe49c864eef46f09b9cb1b5f9e54868c17136232f36a3e8a64e641f14209170e66c540a599af708ad699
bc5c91b209b9cba36267d2ccfc755a11e42e9f941f26cd8c7355744f62f6f2a8c71a5b0541d688b8edad888756e6c541a94a33225f753db495a9a554
373840868279261548eacf336309dc0039c526ff9e89b5a80a28b0c9e5b11b932a2a020a0534eca57217b732cde6c6f34cbca91cb0b0061179e06663
298c8514cc81f1c06e00d29388469e8a49efb224e4a988f3ed77463bb83f2aa82ed35429529e19aa20668f4412d19b771ed653e92573841b69767964
6b1508348f4637e8eb568cc40899af43fa4c0556ca1a1f432b0af849780c2d642fdb53a1151286425bdd8212cbb493f80c9c60e0e54733e2194f5ed8
2888c7d0e2ec1d9928c1c413f8165abd2d6d1e9a82e6c5ab45b296e18acf6c77059e460bc1430ce3a9518f6084f9d601a82f1b84310957f004eeb5ca
0c3b5203e4254b9e75817ae55917be19ea32c855c74cbc691667531fd29259cb9da9f52ae222e139b2286f5b2b63edfdc142c3989772198c4543327f
b00422df1e2b0adf691583405dc1eb47ee72010c42c2824ded3db80c62f107638fb80567216aa2562a5503a953a2adfdbcbb15fbdba8af903e48ac12
ed739a87ce2a7187bc28fd55048f4f378dcb14b0c26aa5575e3386526b7b03729e44ddcc6f65e2548a3e5e2ce823baa2bb4cf4b86f2b1736d0945724
e094d289ac29c116d199cf2a49436416946494e195a5c9a68179c31d01330118696f8c8c5aadd49c79e3495d6bb2e12862114a1bad6d09f336eee93f
cbdd46bb442379c7225bc42283553169efdcce16373bfc0c52e4678615f8e88e47d61c059cf8c65a54f85cc21b6b4197a7131f592be156c1e8235326
a272ad1eceb0da4e3640cc0cc37d78d083994acd86f066cb64dd8271ba3628cc30dbde1077d04a67518e48ddd952938fb979dedd8e1b8a3760d77197
68e2626081ad07b8c838eba259c2e36dd10682f98037cdc44415d7326ddc55328430fb66b37f587d6d3b9f4f6e000d40157836a33c71685bdc015e03
329a19c93b9b159f0cbef49e3cb9894d3fe798b580b868a9b440a095d7a6c899c10b665417b3020b8a6b2c9dc0a4626b19750d9214541719b6590135
574f0c4f22e4e279d0ca6ba174e11a878664b622a5c76e65041ecefe7dc68d86aa72e0242755406b8b6e00d44bf02279513ff1f803f07761058988fa
734e0f5560935483d085908f4c81c99835c5300dbccfaa08ec5143c2467c0301caac7d02485d14f4b2430ad4656d4909b4112737403ee6db881b3f10
1a119990971bd0d0aa8c475c049b6c2a09b809563b8b7e85100a48d86c311b665ac48aca01000a9eae6b2f7ae9392173521fde15c8bfaa3dca4c48d5
0c1e4f0cfa06550a0c1dd0137109a9927cc3283155529d6f158449480c541c655a416a245f9649487ed4c4a00821303985708ad803ab4fc87dd44112
56c2988487e4d135bba26f87dbbaf5e8055fa7494896e444dd09b9921accb2c6e046765398848508529bfc3b337f6b8e50c7f5b4666272a56a528ccc
fcad29203172bcf5476744368434ee688723fb92e3ef13b22d053b27906d695632dc1418492c659cb996b2f72752195b270cd0deab0e7e81910cba54
d92a90ab32bb436e8ee00a642b3792a1bc5b2f0e886c28de5d4355971a1aa0aae7c558476043b567228cec0c822993711ac8fc4986f556261a3dcd3c
6847506642e9219033d19450c633902a8fb7ed559eb105356261dca3b0029b753665c0645dbdbf0aae9a9a4d16a6d414d6785bee0e00d511e31d71c6
0a114fc881d57ac8ee626411f718c84529e36680cd3a98b12ee4b426a60579a2751e0e7c1bc492986f7e4eb63d06e42d8c5e39de78b34a84c45ad1ca
2e1269856a7aad9cb7b70c328454ef1084dde6c5f4047d7bb18059b1e9cd04904867b2f1320c85dbb85eb1cbcd3d57c22898565c72303b86bafdf091
844f6f55eb5081cf78845b0be4e85c0c03c84f7a606028af751ee4f78af6ce329f97bdf181e9152c36b73129f5c8388ad7dd506dad3965773f76982b
28442da3b63167616da3b2e206d4f9bd0590daa5381e25f0c5106b658186e9e232648c45ca8e8715a27fe742e89c11686696dd0b49cb9ad22f2c2232
b8982dc0ca1c4d9d780dd6feeb30347a79bc91d56c76b828df822d8e1608b84877a31dc4fd3a50281c3caa09c283215946db815cf116935d1d5f6c57
0b07b75c748ff00f4e9e04aece55eb99011ab9ed89010a7931719ed002cd90cf91df4b65e6d9f2efb4951437e081d46ae309d96f623c7123fc06e28a
b2d60157efb2a919ea7934da61b4be6111411bb71d8ca00dbbf0913765567acc56ee3cc03683001bf64ded8509fba6be8d1c6826848b37c08a5b0007
b711a0189bc97423b51fe76c65e898da4f7822f8169b15796fce56e6c8780d4d31225cc32841269859093c7b7c0adafbf72eb775a5b495c7f35b2ae3
72f3c300c059ae0945c418eb32752be3c519038c4b748e578cd4dbb5b5e2c41cd412da71e25963760b1eca64f78e08cdf0f93a4e5875ad6a9ce8bf97
2e1227265e138e66bcd924ad36ce64fde207711eebaa592221830fbb7104f11677497b90b65b4414efbd4c3e38bb0b64facb1e13b41add23798ab663
e43d3d9f4f22a2418255e3886b7837a8c70324eea14240696dba2a1decc18888ec70dc4e0c44acfbc75a47f787ed64a341a4226d3431438384418c23
55a120883c0cbfce05141118924dfb91fcc40bdbf5eaa0f406ad0c2de1363ef38dbb839d287507bc0770eb81ab6280c7aaa80114eddb2ac130ee3bd7
ad828c58c225269ca9fc45e6e9c2500d1bb48cf571189da555c63c262eb0106b715bf94cf5dca4916132305fc943f37005edd4de65b812173c5198a1
f57c742bc3d466100abd79c51550976e1d823a0d12555b2f1e1555cfba8cfbbb2a93f30809c80391176fe385100b0086fcda3f1087e26ac6d0155798
809f652a43d28de34298dd03d3163cdc60205a68c20db928bd34225984a38a23a22f1ce11d47b208a97c11c9228279d14272d1ef7835cff64864d4ea
10082f3074dbc91719427ceb7184107bdfc3346df526f2469a5d0a71a54a669a1d1117b2ec46445cf850115760567230527736902325a9c9692ddc8a
42e40addc0820529bfe3641006437597a01f631621c80fc76fc775a0da5d3051aa49b0abd7d1e6e5b80d962b446c10bf96667c21cfd272e8c3de351b
6661f2186928640c8e1bcf6b5e2ee8c7d5b127c8227b67491bf3f88b2036108c99f0c64030299f110af5e40ebb3e1df4fa632b63eda4a645e6adb8ed
c49ddbc41d0c02720fd8cade573bd74e2042019fbc53778af45b8f63698405beece083763cd8a51a9cb444790c6aaf26e213b3328c5dd72cc57ac609
83b715a793f4145e75108a27d9a5b919554faf2b554fd3dac9b799cc6b98f4e1b6912fdcb532818f7809339f6118f696a0b2e885be28ce82bb24502e
5316798fe05a9b5ef84809daa3c3901263186ce6497c905d584d30f42a716e626ebe6ab34f82be59bc03d283d6b8c56380c18901266a8c22a6842005
73ab340d98922a903a5f9c23cd6425c11563698b2a28fde4d14f54be64a44fc899a097c85242646e94369702d5706dba44336775031e04e4ee48b852
556fa8a5dd5316b7842001ef801468402b6e3048ce2d78722eaee8cbabd4d929511d33a6e3203957e0168eccf689764cd956135222e83d9656267bd3
a64b91e2afb8479e538d4904dbdef01007d0427d648a292d777a50c46ad04426ac2345c23dac450c3031b2c056939438e6ac32b6814c3f789ebc6413
f5c841e00ff244f785bec8585ed30b731258d8a4cce595ae9ca0cd38f42de1b12e9fcf5361c4607103bcd628cd22f1febf7d9b09ea8dddbb69998828
2dff70cb9b28bbbe136d464e78b0ab18910b1cc693db17b4d7a416fa3e6575c33bec53f5ac9119cb4e42bcc3de1fce51997bdd04b6d07ea513426206
704bb7c45c583620255ee1b7fb340d5ba18e2189d9afecdb4cb8b36fa36b42f62bbbde136c850e404db801954cc4b01d46e3b1726984e84a3541dfaf
03440db80e100533b49bc51b0fca8d9599d4959b680d0c4fcacffd55e157c8223e37ef28cc8467b11c1f9fd6610af5e89c8fca1bef800bda6dac8110
c007e9931b50989927ef5442cdbd7857caf183093a449cdc20a1ac21f6b181dc00c4685adb2948165790419abded6490de315022b26f1aa4e157372d
1d63cba88f63c0ed0ac02d6b0412e3c79bc43ca8ae458f818d3eb9036e7453e7b0cc9945e24a7e943e964e0265642265955d9de9242e35e43950e30a
2a0216cb27d5298b86e1b6d6a1205dc4bf451e3248c5d90d28d94d04b87ba4bcd6ad7ca0ac79227e329ab15f6468e2b279281752bf33948b2a6d3b3f
286e6e5f0c86945581984e213ff3cebc7238b70a3a74a49033c96eb18cc32b05d12126195789acd2e789be3b01850becd62532bdc4f67d673cd3ab4c
cb2923b16bf2eae4612b924ccc33dffb16d0f3583e7f010af198614c425f403f717c7ac6c5a1c593624a27fbdf33deb6752850668ca30d0619b6a478
eb91162f31d10cfd45f9a35b991e99ec2e9908657297f4d4564f835be306159f8817ebca714c549f44321ac9f2dc4d4c454fcab5329464bbfdf3d059
6e5f540ee2161b2bdc477f36a6187b914494dd80a4ed2e07dc221a5c1d8f3a72e5aeb2145f51ca8902e256c107dd8589c4a3a9d1cddb3c37d464aea0
bea091c81a47466a7a25386ce5316f112a4215edfdcf19841bfc3b389934d6cc770d3ae25e2195721e381180782e35897f67c4254e8e1dc8b8f39d2c
0533eee3580c653c887a9b213522291379e1a50a0fb90caaf617a06a696919618876cc67def9be2d24351c9317cd390e57c888432c77a0b0570d3422
076d90cf30c7dc34413c7152727203a8d056db721d787797946b461463096db7ca2b31a369e0254f470c659863acd8e795dc3fbba2709e5afc7560c6
2d2a81106ad6811a4d8c6a86247ae60b04d67a32131159b1ca1b5dfcb716449ebadcb87e828a99896cfcca309644c9b9bc41d83a3423c318e21c99ad
62c2179a06ac217a34ba95a1444b2ee67d3c73231860ec8896623bf7995484dcad1dc5dec44cc5e5b61a7cbbc2f6b6bc8f15d7bc773ee56ea0c782ab
c1f1609f9ac6c169093107a7a121100f182d62605fb1d7251f64e786fa8005d9748ccc9d0e2ecd0c1074084a86e27353f1f241bf8ccb7ccac76b038f
a47dfa9921823678642842d5647bd2d9e5c5e4333d371672523d2bee93bc5cd6ae0c434db4e0834ff0e1b5189a92a53302fc7c8136e31115df32ccd4
8b2c072f862e6bda5d4f9a1f26d10b0c43a2a03cb077256cca03096782cbd813e26985f7af6d8b2888b58bdacbe54180fcfb6030451560fcd965d263
710f50ed8493329e2e78124f9926aebd2b3a8e1cf85b2650dfed03324169c9855a97905a705f3b8afa0ad260eaa1a8561ecb585f238bf0c44170245f
99b95b44ed0591748d340530efad38e8a5cc0c71f7146742ac6580d5c9c941ca4cab8490ca9ceda6d532af1cc23d10ed8ba1c2330b9361a016bfb882
32d6f3407c9ec3e60bee6e3b98ae848b630a4a9888f4f4662b8f79ab3c2c3e2ae3c9fac5dfef84400b13c9ba0c1275a5e21e40ee9e2493604ac32b34
f778a5d38048784b7404b84c5ea8435dc9607db7f2e84143c0c1f63035f640b2e5b61f32cf21fe9dc250fa5ec964333a1c150496452f4ca657ddbf93
0d196f23d04c2683c21495e13628b9a3318b50b3db81aa30c98ec3120b6e7664e70329cc42e95c53a5d012aaa365c18de6e2535c298c6115bb2abcd2
ecf451a57001d56019600850bc1b9fa5a99685676a1dd40b2e7bc4c51f107bc205ae2c5b0b28cb20320d891bc5d1b3a854fc74182995baa574d752c9
2475082b75a0c67df2713a63b38e510516dd620e5729d4b23caf7560427031718e79c4ca3b27fe00ac5c07c132b42ea9e465685dc6ed4ab0a33f8182
2a634259e9cbf310e4191e0311637a5ea795894b0d899bc5b7737d618096bdfa65e7b4d50335249da80bd29aeb459f56ee8f62de38029e8cbc715244
5f15239e761c1f6dcacef733b4543b3dbfdeb034d248b32807f57e63e520481a922fc3f9f45abaf612ac2696634c5a9384f2527c5a2ad05e7c21a974
e525a457bda1d71a9352a41b175c7648de33d06cb243f6c71b3c3e73969314ed853c0769681d4e2a606629cc3beee30f1e319c93a90bd1497628948b
e4672c74dd26dcc0866ee32bade5223b310cccb468acf195441f870a5d52e1564199267e8377144311b92cbc9ca0a55a700fd7f9515b45e418aee0cb
42fe027920a4712dcc35eef089e541153eb80577d9a23252b0ca84b0f03a836390966177d2a658bac6333bd1d7d2cd46d1977d175e26b0296b415453
7ab80312a0819cc88e745259660a0811f5828c347a39a39523c2638aca3cf5557fc06d11dd82967237e0b690f28a372d8bb5a085efd48bb52f01ef46
b83dee07dc8c0c0b32d8d819bd74435429c91d506d32667979d6934490926ff92c43c531a62336a6148c25e2d29ab1123982f11899825d20452eb63b
207ff2a4867da8ba4baa24ee2251e1f4b4ba96d3ce149a1532c8f83ad6d20d44c1e989964481262bc182007d6fac25217749f688b846e159223edf57
f3168625dd7e1f206b965d8b2ac59344f61865976ee5c1a1d423a3ed7d925ef8168cc32b96cc1bf89a0332c228576d2b0f3c0a2b88414a0f9709833a
8009c926a5a58c110564c12e9bdc80323db8012279ab1b0c346856cbd854c20bdc6ed5379316a670312f4062417b97968586124f9349b21da8b4f0b1
4f9b1096ca1ca3faa292a3e9f4be545a39b35be0c2f7e41e1642f92a5bdd529176526c7e19162743d82d4e7e70b0952fcc51c3ad031ead0c12a61419
3096757054cd8019037dee5e98d5da8c00d6a3a403d8c28c813e572f0c75973abc74452624b31e84de24a37d232db8fd8ab21676230002190954aaef
7b2db0253d2c461047933d4786a53bd46161208d8ff60bafa33a4c6a81172ce91cb1ecc8da61fecb24d7f6f92f3b7993cb3bd8a7cb5c392f047c6037
2befc2cba6560216588a92f1783022d740c17494bcf8c70831d64a2083ca8d7c8e410d5a6c189b92f4f7e5e0d208ea034b234d7b61b47bbcf5b8a381
274139945d016a993c220854079fe564548127313430af26bd6e36932cf0b2a5e0065c2b0dc19481d675969316312112d1e9378244626ca72f584ec2
a849c2f294cdbc2e2656d31c10207413015d5b6b874cf50fc353b264447890b5bbfa00f7d416ace3c1eeec0aae9bac30f581bbcea2aefa608f55655c
12d6bad607d9ab94b9fa20390acb159623eb2c15d73af5f4662b93d31984ae378545168c3a8db728554618cde4dfbb16ecb02fbc6d3d2fda5115deb9
14ddff8ebb4b2e93b2b44a9557347dabb2ce837234eb6e2b0a45d6b20a5351b59cabf3d830fe02a414dd25b8b7ceb395b6a370ebb242520aca99b3d2
ac9113dafba3c25264537c1d8622298f9517391d4f5703af3ea8c70062b97d402dfbd600f62e19562bfc81c98886e286d7ae5e21816a1884229c056c
68cf70a87532b1d4488024fc2bd20ada0c54e3784b5e53802d2bdd7a807b29f977507b728700e156beb07fb58a70f225694815962b5b5feab05c8901
d4845b6f6273154a9efd8c15f9a41d4c57a9e389f957bcf7979207a824344384fd993c20f7a73bc02521b1b04a25d0f11035d1e8247b60cd9ca340e6
ad4c9f102ad542a92e35738eee002fd248b1ad19a220f9fb05ee75b707134b2ef30a90fbe739697105448354a39a79ea35e5643c87e1cd950725694e
65ac935ae092a64f7f159e4ba7d4abc83d9da4bad432d6c13d0e200543e191c1a480f02fe731ab0b84b0949bbae0906b90ba92192c102baf5c7ae517
a4f3aafe9ece77b3e6a174cace53912f259933f38ea6a3126a1d7a8066858c29d9ac7618d93c6845d23a034da39b9da5b532c9843fe8cc58af17b732
6092d9b45692a3e91349519c2ba7aeb8e12e195d579eb285e66150937e5fa1973ae75665223fcb9f95ecbfba071ebb4d6feb90074203b3a23818a322
9575921a58b7210f84fa6d40a53e37c6220b2f1b2e11dcca7c25cf3d0e7272455f3c1f612be3b17c86ad3b3dab66054315adaec880da65da7ebc9a08
e2f6b5faba0f254dd3daa9ff68564317f52e80ea39f983919b4f3d1e340e781a4857ed1c22159aa7736356aa85d9bf73ef9b250fabddf22a3751655a
be1bb3c28d46c7225618e17cece183d4c506dc7a923368c6c8b2574c4d5d450cb6d656046a85ea553809f0ad05b995cec495fe487b8f2b13ed3954a4
32c38843452a62bbecd4a94c95e70898cad82e7b8f2bec78bea85c11bbe59bf6ebe3c11e66554c5899a872a7377bbfd6712d31b901f87c7103aa8e12
24eb501dab2b4e8ef9046ac563257a53b0956736d018d320fa451563bdb22a704c5dfc050468f1077860b3882faff043eacdc0561e40190828f54604
5c8d5612d6e14794445de7b15aae801620225f87514e34b2523b74d8041e392f4e26bcd2b3e81085751eb87405285d7afa1ac67a5655e066adc1869f
d0c1442b8d68daa92baee6d915b54606d64866ae91408bc456e4bcb036b646be24279a5b6933731cc5caab75b682ac09d7f9244e56aa338e3858a99c
7879f340bea6917904aaae408e46cf23d3a536bb012864f1102088c51f90054939588753ce5d3243836dfd2bb5057b34d7c233bba9ae5ba582dff159
17dade24205626f9b5417aad0379c23f92f2da40bd32acda8ea2952625bb65567ac8ecb7592ba72e302b999956140eb3629bf65ac73c54017f58b145
7a5d49263ac3ae2bd980ec172bcd3eb63bae0c4e769cc9ca3b583eb8af1befa17b7f6c83bdb9d3b1049a3c05aca340d78dcbea2ea099788be1d2555a
dc01af187b032169810de52bc28a9224c5ba8f259c5f239956a629f3b177a561c816b995d2d91b74c73977711999aabd5798b2c0e6b3156f99657357
b8cc1cd6b2d28653fd3b712861b91e5c7e09a6956ff33a106585cdc5390b563abd4c4023818079c44918042392d8268b04ded972129995e2d346be95
2e2f5b63d76b8ca14f18f8eca4302be273265b35b6c7984751c5c41659150b3b75055ec5d0d97483bfc82ef1ed01f212dbd910fe92b57d370a2adbf5
b689c62669161b24530db716072bd4621e8a8206414c4bba35203fcd6eb0028aa832ccc2d965f2369d19367a7b24b337180db218c01622a7a12103e7
e90fb83367f778a281101949950231f2fc293adef09054d65edf7085c90f5e6c71ec6c371864aa2e99ccdf5ff4637ce3bd02299169194606ef4a07d8
706ccfa2fb0d8faeda81b9257855a3075860bc717f78dbd6c493783614c443accdee0057a68c24664632daf3c821af3201d43a325438bb3dc957dc6f
c3213c6b8f6c38742fd1bf0f88844306abd890bdc173e3e79836dc1eb76d7343d2525b16b742103545c402fb65f156b1a081462ca055833c3c3bc510
f0d68bcca11ba285b3415c2859c44237dc9f0ab785c1fda97c6b40729edd258e9be2911bdf90f27974437cb1f30b6c0beee9dfca78b54c1acdb6f04c
55dc6083cd49784228cc8dd1f07dd56210b932d20c36deb812cfdd78885fe480dd183bd3bdc6af10445b3ff307bf69b255be1467560847942304b6ca
3c932e23c58b3963855ff2061fd2bb79b340a9b8ad7bc59b5b3ae16f08ca711cd50615234bb3dd56a66a53fb6e31981d63b721f3ffe2154052a7ec25
e6652afb2a365a08ec10dc602170fcf6b652b2cacebed1406016352e8deb838d864bad085232d98fbae1f655b895695631edc3d3e594a4dbc6479c0d
00cf03debf1b75ede82ef142a2d49d8d79566501db684fb0af6383afebc6b7776e152d03d41bfb3e36e45df5497aeb0a4d3b570964dcf6cac6321e06
c86679c8fb6f7fceb67315bcce7c1bcb9afb36141c19dd372a386e006b8375c00d57bf6cdedd105494cde30e92ba6138c63a6852781bcbb10d1bee86
dda41fbc5636286f705a3917cfc6a7b1743ad998a1c939cab6934aa5cb90b75e26b8acb22184cbcac98136e8530e25de4e64f9d3c972ebe68be47b2e
1b428ad26d3ca831f29e6ff0703dec22ddbafe156ea2f11c8b20145c5c048dc85bf0765a6d48976a93cf368c19d115c8e06b25e5e29c3cc2029b9170
8064a9f3edfb83230a298840f2fb881b6c1d8ec1db911cd516e91d29989c3d6887a9a37558540116535dc62a48acec70b3f946c1fee0d39549653a77
669537f8113d20776f7287070670872722a42695f1529538d48e706d9b5af6918349ebba235cdb4c7487572eeac9de56918103f7408b928e3b3bf4d5
6031b3c30f67b3c78e375a3b177d85d4d9870f4e2c739f4146dadbfb8c8d206fd53eac2cc515b0978b5fed3325b5f6e28e5758fdacebce706d7b4b77
2611b0ecde9944c091cd3be3b71da9bcd3ec722b53387be5034f16927e3bbc703ea5efcc33705b3a3ed57a5b3be6157070f31e981c5813431e013bf2
f680845ec60cb208f854bf770d3cf8a0b13359aa84c91ec7b3522a53b31366239fb6d21c910bd511603b729f1629003b22ca7dbb7fc76d3cc75aef48
18e004643bbc72f6d2ed8827cf4608bc7216c77b57e74bd621744fa06daf41824663d21e4e350390283d4dbaddab56ec17d9d358778108857d09ee92
dab13940f7aa35492318916fc0a19c7bc6a5469db5f761b7d2e97e47047b31dde099827a1b80c7c5c5153b662d2a61a8950d767b265add2396dd6453
7890369361f4b9a91fe99df490782b4382cb86b5c3ecd5988ce630cc5e66ac43855ffc0985bcfb5cc866dc29efebd94dbc2fb44a88ddefc8b7e42739
f785b1c34655c5f55c7357bc1b906591da2bb7a07bc0853edf96dfeb80d25f8c210425d327598eee489f746367c32e668258a9a55b0630b7bfb9d14a
0381c97ee56b6b9a3702aeec89d857a2dfebb7d2f7a6058627ac785a7cd2ca9edabd5be266bf6ab26f0331fa827aadf1c037ae6c98db8761ce44b691
665c861628fbc20ec35dbaf548bf9826b9710e06918beddf41d43a13ee08b7ca321eecd43a5f976661670202bb7df79d02c0ac8ccfaf2e969bc3a125
35783f06010b89887cf2ebe0fb31f6a5404458b9d306ee7c2d551ad77e8e83b27ac01538c749ec2747d0229c38389b33207151362b3929a48cd41389
fc4d695d850b3706cb679ceca4dd2f5ca7f10eeb1a5af05bdf3be292b239477736cdf670ed17217ae2e878d090257e7a3ca8898b2e0ebea434f90bd0
8570703c680b886e30021f9e65660548a2e503bea5ac03d1317c4b22cd036903f2e21e405aa28563c4292595416aa28403714b7ed4f2403cb85fea3d
e089cad5e3714a9ac1c4ed995d0139a853e4318f29690ad49164113ef83ea94d69c70853ba75c13b071e74c64d8ee82f1831e3dfe986d08e3f02d57b
edf00316c1eacb424718bb4a6085b103b4148cfcb165e7c05bf23efa1d91d2d18b1507dc1a952f883a0aec18de28692907f316f91acc81a06f27443f
90c7c822f9a01a2253f4d1d58e504da38927e6e20640bf6cd9078381a23fa06657dc808a48700f0041fbecc844ae17300f22d5bc9949d27ac381bc90
36bb1d99e2d2b8a59e50dd00114352b40f04cf3c8ceaa116186a1af6b4990faa05b2741fcc36ee4b5407f31c998b1e23af9164fa81fce3667907ef93
f99ad581348e8ec03e90c7c809708ea125147f4095cebb11898bfcaeee41adc17843d24527af3f2a19bbb7e770a779712a37933734a3656ebbab5284
df06a1d2565fe5123af88efb6d732278c6e7d2a30ec46ad62b4f1ba6e1958875993e292911c7ca7d23e5fe58c7a04244d71aa20f8207a2b6fda8c6b1
913e246e0eb8ef921de6073392db117c6c5c3d018138ed87acd707847c99dc23e7ad69ee6329d4c14e3b8db93d8c4b45e7e36367b0547205acac9606
78c1a7e84c75ec94915efe03f632932c130dd9fe751c40b5278198ea32f9f78cb2b0c20b6a564b8f83d7f2cc3f0eba674d607895d26f1f1db036dd96
e260d272a165b8e7ccc2e09eb3bffd4044747086c203d7effd34f8718ea5d31070e05553f4c96c81420befac9918a0ab58fb3998c8c86ed7e3e49c5c
4608be21186fac6b808b687619496a3d83aeab045b4e0fbcbde3bb65478f8c29b77d7f0dac6b86d760ca6e411b9f47e858b7efe5b898c8c5103167b2
d6f11cde45b1dc13f625df6f3b71ffdf61dc279e91749cc4f9a04e2955e284f6536677006a16e3391f3cb0880f9c5076caecf2e06e8b2af822b77a40
0ea4dbfdb713da4bd121fa84f6e2c8d67322489a74d75ec243783e47866e11f3c91bfa26f7136fd7d8437af219485f843d67449f4d6ed067e9b3c489
90e8db8dbb1309b6fdf4df09638c1dde279fb2f1bdd733e015c6871b2436508f010f40889ace005fc5e21168a3f64ac1bb695bca09676691e9e1c43b
8f45b69d33e2416b831cc12a254b4f5e65b393fe1cde4fedf133e29467da801ae3bbb727de792caf8b4a38613a71728033512ff76889f0098369d08d
e04bf4624757d0b669d24bcc75237bcf89f4d9c5dba16b41c1a1b627627e8ad4c73363fbb8c3cc190ac63c08c91fd0d0279de72c8316b54c7881f1b6
ce8543b80c2e635a2d14403a7e9c78c5c54eb01301c4f6309f706e3a51e3895bfaf5e1df716961717f079c586e7f62c7fb77e0cc94bcd0b1207df8ec
3a57236d97a162497c9dc8ace468aeb36b58c1eea073a17557485ec6baba0212d3414fe7029bb497098ec58744c3d91d8ba578ab54c4c29b4751597a
b8433e00b3b8437a8c54c6657d3f477fae33211252e019bcbdbf7bae3057386ae35c7190d549f84474f1c3a4b50ef216de6174b95d1d3d57be45ab85
a277f1c6d65630462943278c2ed36dc78c606289f11346153b8dce0dde05b35a7a0bcdfdbb4da5d18edb5782a0696f3c8049e93bf1a8a2cf21275235
16870a9dc88054bc61a05f3dbced776870c965c84c879a9fb8c536f962e7b90f727197a46021f2e06a0ad30c2576bcd549d38ba391ce63c4fea90c8d
cb147a0c3c08866300e531a0051a2fc700d240f5cbd07e1be3448e6a1b38cf137256969313ee3bdf753e110f651bdec9170eeda23c71c3ecf624f479
4217f6be847bcd2f429c17475407f0ae3969ff798119ca9e7a2218cadef49357cccca82eac747699775b3d052404588a1bc09a6f77c07921d182a744
779c237e4ea48d2cf95536b9f3a273e2d9fbf5a0054e28bee0bcb35ff97ad0d5a53d7c3d8091ec0ff084a9c4cdc53b710e73bb906ee976a7f862f097
43902e8436dbb77de18915b3918bfa996c221782c11ed5bf773a73b4ffc58cd98e61bbe0cf73bab00b19b39db6e1a23e2793cac53868cf79421e8087
bf4798bb14ff0bd1684e5876e1a5449ff1af89e24b008e8712b5d72e2433a8c9039c449121ba40579a518f555bece4bde6b17b35c44c83787205b9b5
97010f89dbe17831b98138eb35b2826b523399b534f50b2fb6f872ca3563bb170fc0ed3e7904f024595b2e0651df80a6374f5af015705b450ce40a74
656bd6f0e5dd6eb15eb863e703fa853b76a5b88cdbc056e72ee4dcbc5d62bee0edb3d1e10ab4848a635cc8195ea387640c82d1027fdfed1ef505879f
afb15e71ac84ba887845dee4c31c528ea8bb22a721a0607cb3e5e282adcd172aaf3824921b804798e0d38051984e845168e8c6b6e047e52f3e77e8b0
9f6b68a63ac15c09d4b0b84cd66bccc21a57b26100b9c81e7b655283f186b4540ee2bef0ee8bafec5f70f215c7115e08e3bb5dbcbe7897ae568f81a3
e0e22f609f4d2ef3dd05cd1269a97cd4bc9080e1e185c9d099bcf6197332da7875ee8667a8c676d05d854f88094068ca6d4e4223cc83c5f48847602c
322f66707088dd5510cba4f3f3555636700fa0f0e80f06856ba10a998fd927b561694017b4615fa8b990d0aac76bbc42025d344eeaf8712d9ca05088
98c1c53c812183e6ddb455eac476213796ef725c7c4bf1861064242d9616305d56af391f46979e732142707284de050f687138e885bb020e5bbae001
b5ea7de1eac0145dee66205f4ebe7873c021721774753f93762106303896e24242f6523de2ce49ba6200ed2fb0e3650eb8a8cd9b92e1517566c86b1d
84a71ed7b199fc05e5b8f1b212f31ab27b50831d2c1772b2db7079d116ea4bd7d7ca3800cbd915dba7ba01432b5cbe088286440a0b878b5e1b04b529
13ba7e7062856be386d7d26c838d690884024e5e6b184ffd42f1d595fd62b7ff05e3a91dd1d74eb4c940702190cf56e76b1fccdd15dcc1f2845ccc87
eab8b90bea7fb117e2a2b9d57b06cf2d3a1ce282aaee875f2f78519d27f4c2cd83702b1f682f900ec41a4949bda097fb747bc1a77acbc470311784a3
8b2f04d6f991baeb1c93d44a9d63926e412b8259213291fa96dec5a7c5537083835d08f750e66fba2c9479dff9bd78f1cf8167175f8c71f0ea855839
87e75d7c41e6b611a1cffb09adeb227795e5e1eafa7b5c6e3d70a77ae2cc666a09806ca67a6ba069bdb47d3c158e56c1219e86bb5641869d5dd1f7ba
eed1b732ba9cf53b724628f1702b833f250dc997c095e3a15550da675724f4209826defa4a2a93373cd7a655f0ddafec312b7a708f3ce9077709c44d
ee014afee42110d6f4144aad4cd11a35022ca03dc7eaff5a0ab5c6248daaf220600dcf170d75106a1508d34a6e803d36b907b8d48d43a8cbba90deca
4480e047789cee9cb632e7af4561e630c50fb50a88a187108297c4172308af1b3a5d49ab485c03f5d0b5dfa824f7ede44e8d2b8a70a0a92ae74b2b77
59bd049703caee00389835e2701b6777c86d1f05241f180ca6bd48988426b8911f41abcadb278a2a6e15e0552e439595d7a69569008aae8059da0bc1
db28ca26d52a103e6eda8526bbdcca045120312944d22413b79bda676e37ad6c1edc5203c2edfc5032ea5641bcfa0b704f23a1ebb1ed78e8f6e411e6
00480aa147f25ab952eea9cc29086464ae5fbc7fe1c5d6d58f568691e1219c418f5572847674c7f9a1a8ff32902e080b32089a61406dbd77c0b361d2
0c0a45bbb91c123c2ce60f0b997712f141715c6e1f0069e6070ba26a9286e45d134593b70a12671279e36d42650b6e65444f79cb2fc05a14ed2eb8ee
b5086bc810b178030e1bae29854f0f26c384a70717d32abde2c943d22bfe10487c9b309b54ea9884f0844ba78bf95025d09ae478e73b1b8601a5c066
72fca81ebbea186ee26618824d8e08be4be62b4375f452acb4cbddba80d9ac088615e4711b922622731ae896c1220c86e2c9d4b1f140eb69f21a6c36
efea7ef410cd8990c67531892373fe6262d820f28cd70db93a4cc1cc49912c2371a9a4bbfe5f237ff86861b87d8dbc1ac565d0922965e3a1cc5b94c9
d39225ec4ebe76ab40b23fab014858b198b6769c3a8cf47d205d63325eef261f90f94cf9305b1938f48e3a86dea0210eee4191d6411cb94c1bb21915
92e63f8c96638020986064cec6d331c8d930517775196967cdaa4e2a89ea0036e6c59ceb1c785507c3892f340e2373d6244e10afd93b75dde2dfc7d2
a947bea26db6403db568840bf15ade2d172110c83042df76f035988246a417fe26032f24f9b2084344e16d9da8b55a20310b6dba55d0a2245d6242d2
7d4bfa09577ce54e6865a251939a6037f63a4d0f5063f607dc4fc515fdfd4969d2ad0cc34674073c30dc4020d0c55f70e9f50583167557a655c08a6a
18a8e60af1d3c4bb02c2f4340d20858689041cfd094c739e36ae1d4fc1659e07922b481dd1405ce0a69ac58c501971db89aaabc86f9a07a6858719f4
288a9f70536311b39dc6c58cec060ce7b975097540243f0580e0c50f9463ee12af232da2d089b72e926118b72ebcfc01077131ab29d024eec582a9d6
0f15b50a00558407e4b15d16ff8e5390d110a096691b4e7ccc5197745a0584efa259454ec2bf8f49b807faf1c48ca6484cbb073c4eefb58d63528299
daae27897003effc89ef6b2f1e9152c0df23b1b7a4c284bb194b557f0830e8b4f40a1934c100abcbb8adcc4843930115dbaad1f8a4926e0db50a24f2
3338998a80f091874812fcb858bd5437c0337f937f07e39a3d00f852157e32b7b82913b9caaa41ce0459440145d5bc78c2b5eaa56a8d99ca2c997261
6f5d164da98028aa7fe70cdc61c60c5c06492c9ac1b0cf9a4c199a10bce66570040f415e6b4e5830c9c965deee32a343f2b31b2f858d54ae9c565e51
d6a4f828930c48ad82a694e41e712347a7f109f19c0f6953134c9ef5e1df23cafe3da3ac493276337b6b545cfd34f3868573a9a2844a90fdfb587921
ba0e2c79489e20a4c14d2b8fb78bfa5cf9a096fa1cf10ac6fc0a8d485ae634e21392bfe8ecde969569a56dc6048a4b22555ae58470cf6a21c64b22d9
8846fc6795f96742b8e78da5f02eb38ebbd348cd6236b7d1a36c7a42f867f5d26d7ca0c29b10aaa40ce479dae93bf436c6dd643d24dfca58ccc9bf23
8cc330229ca14e2e579485d69d100942a45a51c85f2b13490210d1a3d55c8119784d5cc758370178d0906c79740c34bb82871cf3b263508bd0c4fcb6
c9ecf064389b6518a20daa8e3913833783b9396e0b5753c7496dc1ecf91c8ba7d5e61304c9ec84f77fb3b72e72d83e4c92d0fdaa176fe87e9ec74520
fc0178c1ad830504e60eb038e6d9171643069909974baa5932c20df4e6642b5f283f113b4331ec6fc1bc4204cd4c0ca3589a5611581154411122113a
0ffba844c0cc6881e82e3081e01e3081e0df11d6ab559b276411f6f713ee9a2d2e637b8813cd13ee2148279c71b1a506ff9e48591e00d9e4923f5871
84f100d80ec1bfefc4817b6c33c8454b3c4f5882e0325e9792663c33165459635a05b8757003067548c2cc330de13a98cd33ef2bfb8bc22e35e64cfb
fded0bd0517079e317ee82506b2161cfccda2d7300e1449719a124d13ce3e5831bd0d0294331a2991c6776031a1bbd94dddb1f965b03ca10a9803302
4e8302ad5a05ee72b90c936934d05da92c55eac1cce7a0944ea755d02a2b156ea6f75fa11dad82410cd97d16e0de5db469e51b66917657a9895b19d7
c16697a95064030553f26d44ac8414e19989e3146fd02a68b194763e33a54ff62cbae239db3c3127ce4a3c7f8626ea13c29cc62c856a26f5116f9c13
ef5b7a5b246c0b5335235de51a6f159c8686c82420e189d77db2110b336b35e2f8287936a23204996c0133cda0d9408fd4b81e923757250a67f8f327
035db8b1a4e7cc859e13c150b898fe8087b3c51fd0f9e7b5c0c3e8559ad4cc4bbf72d7b70ae025b98cc851cf12eefbec5d008fbc1ce2ad0c34796733
96d500e09150e722691590f7c90d565c1a50b9327ad668ebda63b04c9aa93d9aba9834c7a4406dd20c90797217b7470a0befd2ca537983f035420816
d2ea354420ac3d33330ca456f9675e2dd6f1795e29d5175720cf9f09b12b81e96109b3f18d17fdbe51e849219a37c6f60a5f4c776b22617e9a1befc4
bddeea25dae8e0d594f02455355121b95e352b1d5e6b93296c8755668b992aa0971c1781ab57882aa08ef73355c0e2fe201d8afb03114b279de1c10e
b7fe4fce5033403c6bf54e1c3aa13e8069b29ac8f92883f90f32e3fa7c311f2439013c744aaf2ab2d7642b4a33f2f95573135c30aa263adc2fd2e585
561e3bd9151bf691a7401c880c0ee0c0ac814f30149799cacde541058210c971a3359b13992aac58e0e5ce7aeb1038b580851db2fa7bfacbb3753bf8
cb6d499a2f2a673a94cdb81e542d70e93f37ce9048f7212bfd3cbce35ef711dd6aa420d94c306fa1ba29420dd020f54e7b2b93b2abca8301bb82924a
e2323c181ce11e41cad22f03b3cd6497e9b9ceee809a8e54e6400d54680a0f9eaeb53bc230446a3b8409d709b45f033df24ae7d42a683f13cb0be346
51760b9c038bc780e57cd2ea075e19925a11666e619717582a85c9b912060d39ec86a2f80015ef51dd809228b8c10573953015a84688d586c05da74d
16869d500a55e0ab08b64407a46b7928e4ba551c782d58f3801dd0bc2e2040b3b83cec80c654a41ae01ee20062564585fb534346ee3ce32ad2a823c3
566072ded705230458f974e3a09569123611476e54418c942d8ac769656e549d7142e2a507d9b9c2d0cf823f81a5f056ee17f94a7479e107ee813255
dc2230c0d3eea200054d11a039641e848a2bc80dc4e14237ff056b95016e6c3d67d5ca902226309803ebed770607786df3a040610a891795c3b0fdc0
4385ec00a120738c786228948426d1c2537e750b88421347b7f8cd3e0f8632302728f10afb6c96d535baa0f7515a99061af38b427ee15d310c7e5296
0352335af68485b60a6366a1cb48632c635a1a830fb9db421f986931ba4be2de1f8cddafc5c00309b6e08585fbcebf83684d82952e5aef3b6658f65a
f1d12e4bd0c01be0f6d704ea811237a13235926639f43eefa4ca8dea59215b62342766c665dbf84325d4420b9cdf55079dc0274b75540a7086577302
3cb850cd087849caee9d005f78f61cf81298ed0f0171963e520624aab18924c00639df3ae873d42d9b56e626f1f720af1b84dc23deea3439ea3c1018
4469910a4f7835f121f773319237ca6c43d40d8ce921053af4e488adac193039a23d31a11b1ccb4d607675343d2caa76124274838c069a026328ed99
085dff6c0dfc01f549a9d0a1eb9341579172e8fa647898f60e1e81cd83bb42d97ad4080745b4b4fc702040403a78e8fa5fb0ef2230b9a194a97050f7
b1a271522bf0ca41e19bcc48ba013229935f2b33c0cb7bf8e4acdd01f66c7f75e0356208f194e1c6024ede8ad4f817c5b7b7f4357020245dcccce932
fcffde6e17d7cde5025b9b99e945a43d67101ff8607299eac0e20aee70917fc4656dc7bbc4ee046e3d3c271127b22189a908fb5ef551224e40f3e406
b18b46a9d971e224aaca05edb3ca0b3b7405f4c1c565ca77f1d688d433550f14b40a9ae4c5d922c211ab5e286815d49cc4a8e24c4cf98b05657749de
585d318843f340f66aa53368e503a770f7c838780999c8fb3bf69fc4807d2be61879e13bde2a08a4868093d7a1759106b9e8f50e2303a0ca8c4df2e2
c0e0a6243dad4cad24b90198918788b4b0cb3c1291efce87ebc878c1684c2652b9dc0d3151982eaec05ba20f97e9bb96ac8c89612ce2997118b3922b
c0449583a5558c99aad34c27bcb09fc945a55dc73ce0d44c32095350649811667f403dc384c96435565522cd57ca14d32a4887f205c582159ddd00b7
65c5eb6319ee2901d5b5a1528cdd3250e3060313ea0277ab1d7617174a83e48ac22fd4e702da9fdd60acb930418b54f49ead13bbd0cc99c5aef80b30
0571efd8759356767bd8bc6edf930e756c8c1551a3d91d32e7a860e6d34d8eef8dd4346c9d8c2bd7571226c29f39792d56c2a4490dd5421687b8524c
7a7d57080c9d5c232c5776a146ded08826215cb75682dd56a65c158c1b12351aaf88ba2b6600bc8ddd0de8af90487163821f81d7358ff4d099246e30
ace9841af9f2badec7ca112f8e5abcc41d425c0790381e9590fa1777a030f8036c211d93e2ce4371760f2b85a6308044cbc57b6a473c9a8efa71e4bc
33651d639d354b6a1a52d8224d551e92a62a9fe4e331e8df5d82fe75328b5d156965c1d05d9b45f7a65b19c46d99c93c35c56cf8e451aeba079296f0
74124f0209a6289fbbe249c66e3e71422c4b058c1777a4bfe8c6a8d6a3b072012be60217648d69e3225730a2a96b48258c174f3cd62d2e60c558b8c8
894c2ddd1895ac0847d8a21ce71a2f6e5909a3f480a22b5d240df7a6ecac89af3a29df48ab00bd49b4a4c7e85215c31224dd384d636d5c41cf4af527
587d49c0c4a730ecfb4e7c0a436fa1b40aeca3e432267e1be2e4984515144e627fa92b2cc53703d20c8a926c4a33564be22e319db0cfdd69a69c9036
9c66ac8e619cb1f725dcd24ca3ba7b3c09922b70e9db93086331d403ad514a7ed42a403162662980a8c5c253006245f489b629e979892faddb909470
bbd8a6828454c1f9d6e105d7b3e6c8273a6d6349712c765505342aed921407510b864818b530bc70e190aa14b1b6e23629923f79481c8cbcb2c33928
7d39c139682d230de39374d59408b4bc132981c8c5c052229eb53278b653e9c65a99737019aaabd85b4a984271ff50f1b27fa7b8977e96f2602e8219
5789fb55c65748a144bdca94894bc47a9ea495c71ab8f78d08104e61a7f2bd9a845bc0d98457c0dbbc065dcb9a7d3e4e05fe30135a417e01f1c65480
3019da125fcc2a2693e12394fe99161e6fa5cba7652c9a605c06cb175691c2c6dc312d7c444168c1ed094bc6b40c20348b8597a53d24740777d095b2
a09c06ad3ce13c22982b1573a975a9f27831fb0be4bcf17ee2e50825016d155d03b6872355301573214499e9a9fa566674b9376485d87207ebd81dae
a003583d0ea54d87e8b4f2c1660d417b904e5969286d3ad12426cd996f1504da3de22ce1858181c75eec3474b4ea21c91905f3c627f75c2663342b1d
0e4a89ceb4f118208d223153b1cf166903ef94969310b7568ab7207c9ad66e135d960f8fc9fb7e9ae546fe6e11c317c48ac96187c66046c5b8b6ecd5
dc2194bc91696632e3c2555d3b2513ad4c5efc9d07fbe0112a41f017308d995def10526644fb988487c4c52a69b4e920a7ba55803578e31edca7c63c
df8ecf5e7e688356d5d2c14d609de380d26f923d404fde247cd553f7db7342249c15a7d4d5c5fe12bc2bf05889a709edd0215709690cad9a25dc9098
8d2684c1154384abbe37c10aed71f29e81b2e8e7bf5a0596de73bec6d20b828b2b659090772758cfba80042b51f04c16a54d6b421bc76ff1d88cc438
36f4e60788eb561e0b155581dc8e52e4f2837e8357c9a0cc9c39cac2d62a2ac071ef5097aac1a375bea84c0920769ef1e685f230b432cefeee103970
7c00ce1364d2ed7798f6c4b7325eb870a2ed5601daf7807c28dea7f48ca7401f3e33e789ea90e638f3b534cd61e6215dc7b73ce2d8b483335334fb18
9f67649029eea2735b3b31f23ca0f6980529fa348bf176a887acfcc0151473c143f036c562187612a3a13cb03642fd4c15cc30000f5eebc023e3e28a
7e6fc517387260b29fc515e06c92ee391442ed8a310d411d187e25ee99bbee5a94f6bc953b41d51b0c5d124e627d999789ada5e5ee674dff3763e795
68bb8a03d1299ded40188ee3fc87d07615af96fbef7ee20002842884c28f5e4b5337e558526419c7fd5079b1eef3fd2f656f29818565f15c45995016
3b99476e9417ec3e55d0c4e63fa853b93d56aa1c5303113ee92cb4a16e660f29ebe0c174d3f09775b0cab18575e38b540e8965d5ca6560576b10e051
c1db1f2c29788b76b1ac26292d38700e2ab56287634c2fcb0b77572ead8ad36370b3508ac73efc53bcb8795f14f5820a64b586707458eccad22dbe67
83e16c39c7b0c9720e8fe4f242e287c4cc5495952dec38207128acab3b4d050ae397cdbb5473f88f3f5e66c07ea7d8b02e01ed9e0787ffc8b0d5b15b
53c5ed2fd24d99d27d3429c539f28272caabbb7cba956e340d344449759908284fb9e97d06b689a33f0d1a90662f2e4dccc1307453c454c9e718c54b
e906772b0fb459ff9bdf6a91e51dfabed24d6ffadbcddca1bf8b9783e28a636c73342a9bb65584e5667b77cad298609b5a946f0e456c715419f65d7b
582448e0f34087ee1c0a8a3d831355f07920774b24dbd051c2abba1005fd96ddbc97e355d9350ad0b46bd672b229bbb7047667292e139cf3296b163f
15de22296c721816229684757f41504550f6c77252c8c9198b8162675f3a2d2c4b12cee78169a6ecd540a77c850ac42fc7c8899d5fcec55fa4d1179b
3e75e60f99c8a1e32bd24bfe3edf8f71cab89c8adbfa294bfd0c0839073b85bf2e89914f5914042d1707d0c601ace8ca14aba7e2889140fa62a33acc
8e8bf37d80c0cbad36810cbe26fdbc9f05634293ade6a28e2bafe6f2f93f9d7c15954f39242a411bca8b721b2d539fc214b00bbe50b6e17457e4d131
7fea97869a8d586acd8f40503e370cb1ab73d76723af7f6301f53c786d1ef05daf7fab878c3f0c3f66be90134a6471b56f6fe1875d87434838155aaa
a52cc4d4286b4b0c62aa3f0b391af839d54ee44afd8d4c0f29cbe4f6538319a7a4fc5acba122ad76fcad90f813c99db2d7cfcc0345aafdd182d6fc0c
05f2fba5027b717002a9d3401ae9c364fdc7c22fba7ca3932f369d3fa3f042d3991daf4e0e6ecdffc37c2a659198055e477cc6903c8f514d9f5edc39
83b7eab8008ef0ad52b1fe3e65f1faf24f87a02afd2b97c1559815ffbeea588d5968751e2b951fc4268c97216af46c75f1c1364ba1da059813475d4c
7f466044bcc962aecb90abfc21b558447d1d90f34715deb00a55c8dd93515fe4c6ce7b6b6423e3aa22de347af1de577fac0bead0c7e6b850d7312bfc
51ac62cac0ac928a01117555748acf0f83e674c21815ce5a1d3026ef8b64647052d5e5354eee559ec4c48ba9cecff6792f9bfb1cf06bd1ceb1f2fd58
6d3cd08553f4e2b5c8b307d57a55beb6e42528d500341b647d2d05e75fa52c454c4040ad3eef6794ab47192928c3410cbfaa3334a3f5add2e2263fe2
533666fe419250422e51aa82e67095585f383a73895ddb4009a971648661149a77e800ffdab4f720c51ca79c268c3f117bafe7f0fa43f43793487d63
c9f1c100092141c113b9cfaadd8108595203a0e644554706e6ce170ea39f361c4f91435b951e981db6f6b1eb87cceec30193a3ebfb8faced0389d086
d493cc85022e4e817855f11551cad64da22540b9ca4ef033b79b35a8ac984d920559bd79e4d307c53ec44fb33ae20dfaf7ba8f814c13bb9560817475
d7618445bb0b34225876cb0596fd48a4cc0f92d6ec0fc6bd8516453373fbe2deb6b066860e17f9eab4c9c17755968184a8a90e7253113c870d527258
ae87b0f91f355a62b306a4c4fd7d7eb0268d993a062ffcdb1e7428226c854209be4f596205592bbb4294af5576852b82f11cdc9e31945d2147cc2a50
8dcb70957a77f96c28af7e77e66ab52aa60e19b99f07b2a92b947df08d06a23a703b2650f5d4a90d0478ba931964fb4a7f80c42505034bf612672146
aeb142d34bd90b1097a11a8603f02ec91586f13205e983cc077ef469688411a6af4678c2e6aeda9785737155a69bcfae793b0931ef47faa994dd0578
f7b6d5053bca3d063ec3f602f38a72bfdef697a00919491025a1ded2c922956460c041b409792f7f1996f6a7d3723ad594fa664a8b4d4ae869a58255
4abdff26bad9112591a39f07e6be546898cc61a149cd8bd56b53e4c7c4be7dca5e5e394d37c73ae73cde9488af109da2190837daf4c54ee6ae49ef8b
0172b37564a479b3733227fae65c370b544f62af46593e3c998926e3825fa34683b409120c7818b9c927cf2cbb366b09d0efd9922ae8b4c97d196cdc
e6912a29e52e057c9a9cbd4c21721ee95e53165aff5468dd65e7c1a031552ec238d1ce34b9c2100bab2db6044f1f164501af94a54def94ada265f60d
8f1b15caa7a8f0dea7a60e05d6d0668b698ef798c0c5cf03c9a246d9dc923e39fe6376ee66052dffafd2ee40e2ea1835194547360f706cebe8533ab9
7a9d775ab44677a50a735766d2d69e784eb57584ae4df9d43aa7ac896aff14b6a715ede2b0859c683ebc3cac0f581e65f045c8a90606d150b417bbae
53f4e6adfa009ff37aab56275196f886d386b295899605c282475273f2e21aecd0e4f5521359f979708988905d25e29938a5dcc15fadc9e7a536e488
75ad74d33e2ff838b5a6e8beacb8562c26f8c0339b6da5bdead687a630c70b6f2ba1415b338df9deda57cc5f9bb02b07a7d6b531c24bbdf88790d07d
db1f3cd064a2f06336fb18371e6881201dbb694a8d2f327dfa10126c57ca79b3099a6201d49c4b99a0356d1bec4015af0e96f88ecd2e2b48a6d7cef4
39c1f27eb047babd996648f0b121d0b46dce77911a8d7673e7d194e6073b8c36b06e8efacd581779edac8904206e2fd87d8625c324acfb190561d909
ee7a7dae9f320decae309d1c111cd3474355622835199b62a7d78ed51f844641d5893ebc50b51133ad1db2df66a60f91c466ed3441ccfc6156c989b3
1d62e74f835233c38d76aac641af9d835752c30b57673c409abd60923ae57920514293a78639a79476fa148cbc7df1ec9ad8f74fb9a9820cab434412
23ac294464ffd4786bdc53a154c01302fe05ab2b76804dc6ae139b9ca028c608edb20667a602ef5181c3edb2fd2478e3f2404f7c71ba0e2a75e036ca
b7884859f014f7a4768fa358a81cf03310bb197e6254d66e31ec4415d28e7d9a180ccb0f06392cd3db37f40fcafe877da82bd00f6623fd4fe39c25da
ed79cd155fff136b84e02e3531b8afff8d2eae7930bac803f3c62f65cb950a0d9b45176d48e319e0d75fb388a7067eb08b3ce517816309dda5589e72
31da7f56ca86dbfacf77adfcf1aa9e9f5ea6c5a179ce16d087a14436b2feb3f45c69c42a43fed03a9fa952f8a24183cc0ba169d24c445cf7492465e2
bb8c73a799b2d768da972b111ef15dae4453e0429f4c4fa661d68a8bf8efb6b4e54cdb67dfa805e575e989a7993fbcc3e4d4dea5274e16f737fa8d6b
e00f713ba3ea443e5c10f759b2ee53d68e12fd4a17d62d84b0eb43d70b3f3adc23a1c6bbd06b21285d5fecad46d9db58f06f571a1d42fbf4554b60e1
bd929bd0abd587fbc881beba9b94edec99a95b87280a8dab189c91953101f111ba14b584a8ecc5a9b0f2be887782917a91ab4036805e063bf360f1a0
84c462d145a7edf6fd598445b1ff3a5558c4c360d2ee4ef4f285b40f51bcb7bc85031da867a246f59245296b83f943d380c0f453292967c6c5901886
1424e606ab0b014fd9c67af51aa13e4d1c82c526b9c474ef0310375a50c2836c2add5ee085b2fb940a9a666aa5ac2e45fe77a1db05ecd95f83dc8a31
6c77a29bfa79f01e14809ebdab8542d9881bc1f1a2d90f04ea728a9a2a65afa0209aaea88f496af994658fc3b474716ffda7835037b08d92a90f608b
5c146e2d0457ec9bc10763b669160b7f58cc446ddb9d7f92e0477df3acc09b9b1754ba683d2d615eba337a7368e8bb863527dabe4b3c33f152cb4e95
0a2c143e1f8c00d3e9d73e982bfd90a3d41488dff7b160f8435433f0bbf63904f43188cedc1fe6b654205bda2988be0fbd6be38737a004466ddd2eda
a833bad12be374d859820a0e3929a5d776acfafcef2e64aa648e500823d94ff107dbaa738c9331a09fea03b2539a54eef2fa29bccdc4492d8a776497
5a748a52b2bf5ad09604a94fd908882e5c4334f240fc8764bc244518b4cb3b0e2becb2b1187bd2a59986152ed1c89abe479ea754293f2a921cf47b10
99a9bf7d524234de5e46e0877b48161e48d8b173de4a93c632b3c541a74d69241ad2f616fb05126d363940b1b459f389d7c9f6a76e04f96d0e1c8966
69936755325d3e65b15bf8737b91e14709be191966f23779622ddc266f3fb34fb6d2cd482f0cb9c96f7c82829fd671c4d1e6c09078a16e8a268e05e4
f693555da7452feb8ce3f6d364576a3cfd014d8a23b3a76cb2a8c568791b36053439c9413278791354c40a7f3354641e9c4512edd8e6ac90f8346d72
e4c2a3729b6c68cd0f066a1984c9cb38df2bd678920a3f656b71b2ce37c516c7f0783354cca9781bb6ae39d56e321bc0cc7893a2158fcd4d66041893
6c8292e58d77fb0fbbd0e6f043337f5fa6970edc9ea4102843d7893958cc179184db0b3cdb0ac18ba44424e3b6b8437c6ffc04ab2e76ed8f74de149f
08b5fe6633570c703607782484f426b5e88aa3fd368c06b2576e8ee888c3cfa694909c9b3761d764f57eca9ef94f0db678096b283339fa8fad981943
a4e3351262637b91e53ac32bce8b8365f5567c746749bd48b2ad0c5d1de231635bbda8d329d9a1ae2c08e33c2a1cb88e45fdc2b49624c84f59722428
656bcaa5861469462dcc6e33c2a613b2199dfff8c0f74cd0dc7cb2cfb6b2496d3907926fcdf7aef9e155533eef4363b77485c86e501f4dd1f6aa2557
f2af6c766f47d1b909b9e12eb06d6e229dd82c3de19601ce7e7cf10a685ccbb76df48a0f0ed14013561887e881bce8857480332dec8b89ce64eafe7a
a697824d38856c8e6c43e8eccd28281bd9267ff239ea84ed708b69c099bf09cebdd9aa12eded761a6821a25f94b22607ee537e8deb7094deec004418
dcedf4b8f1810cf7b3e16f8e3383e7c6e6e0d8042ddd8463e668d4b657a3b612bf731bb826c3f4deeeb6953e5c06a8812ddb0b6366221f6e9749e4fd
2029e3a68c283fb4b39b6c1eff7e6c7db7abc84cc85f87a0b79b33967016d9eed1cbfffed89d9104fdd7fe67ad44e5c1ab952072f42e0881b9db6e75
131adddd98e2d3845936e06a17449873b0dd6555c83dcaeedb531c37f69ff79e893fde6ebce7ca7fd88bf69ff79e0084fda799a447f2a8012fec93a3
27521618ccd6b84fde7cb39bef4a0a0dc3ef768f4187bd3bec333ae77df225f7449dde0fb3dfeeefcde90cbcdc873288619d8bebe481a451368add3b
7c145ebb94434416dbeddc32d1824f75951fc42c395befdac457e66d849d0987ef8b167a8e12bb8338e32eb32f263124cb3505d0b13b85736b7c6003
a38c8a8336936b60d79e3d13867f5f256221da9e2804f2da7dd509b749fb344794ec6307875d57c7530ba4ddbd8507e8efab56dd020983486810c345
ebb617df28e484b34bbf34e7b4b12b171e8abe5dced6e865f677cf9ff015df9dd29960bbbbbcb149d1b00b03144c0777f9aa7079b52b171e8e6e7b31
c7c21d43bbd4a1e9f217fc22075a86a55a7c45c0ed522fcd2877f6aae349a4d3aeb422846ad9ad5ec24360af5a6844f4db07d0e834ba6be4f2875d4f
d046ee5608e198bfeb827466b51b58acd4b0ba1ba1ea5521cd0448d8e5e24d10aafdd5284df344d9be1850201cc2dc483f8411dd2ec33dfcd8775d7e
fe301bdde55e827bccde2d603b0fb475055bef9bbb148a1cf106b5dbbef944cd6cdb7b1aa5d6bed93e85d9de0c968309f74d4c1eacbcefb6bb444a4a
c343b2ac5d1a1e32b3ed0626c16bbb2e27c121fbee7c8f7c2f61c22218f19ff9df914bb26ce55e8211da3e700cccb47ba368d4a04b3486e9d5ff3c15
6619eaaef20d71f02fdb90ee31b9b7dc0f498d00b95df7920bb655bba23f7345b21fb28362c94ab533136778d735243710fbe9010db92f489a3f0372
fa44c5fb212432a252fd70fbbb2b7873e50e7c3f953a20186837460ab0db1d9c99080bfbe5a811390eedd2d490b46797891b597e76a789234bcf7eb9
898cc23d9ac8b4deea35f8e5f6f1878df376f00f76a5db3ab2acf0435ecc955b90c3f93696ec09c79f717ad6e4a14b38d2a21c7fa391290fc6d8f187
83ff44101d7fa3ab2d0f2450b3288fdfd8365285022473fb79fcbcd7657f3d7ef67a4f8d363b43d977fc3cfcfc609b9becc887541da49b3814b2863c
23c7e458585933c7e46d21bbe131dc21c2a6874cbe70fc3d06b2c9a67f28dc71456779cc36e6a1ac2cc239a71f8e7e3c7f7ef0ee951df7508c9925b2
e478a14b5b73f43f1607ba4c058b7c3a1817df8bad94ad4b08631fcb68312dd881817c3fc76212320ccb18ea3c900703cae36384dc6b3c185c983614
4286441d872eca9280fc29fb4c9c3dfbb0572d7c2de54345937abc1765cfb8f08372a867b51dba282377c8211badbf9c360f79dd1270feb0b202ee28
368c9cf941eb263bfca14b2e92221c038704fa1c658c6b3a5d3c95290b767c7e502c6302851d72512028f5517daacf7e7d0c97046872ec6214b3471d
8b9b5f14b1315bfa319c163e8d9c5a8810a5716462746d4520f3a379dc42f40b5266924f1d0e4cf37de045d4ffc94ae16892fc4c7b33c458a147e6d3
33ed77b7977951d81a6e440f831a58d3ca944092a3ab43014147b7829df7a34354303ac417cef945d9acc482b23f43cf69f8903f03ce2947376ff183
845f70fdd17d000fa439ec978baaf9d8247021d2718e617f25e05db0693c36fb9685a4113a9089de063bf3e0e50cd27a1dbb5134550a469179e9d82d
f4613e79ea92c9fb186169e8e7abe09909727decce21ca0f9b5ae0bd3075f0e6b12b8a064261d7dcc3dcbbbbc0f7effeca95c071089323640e6fb713
1f6893611e147f907ccf87144885f8d287bc15882670c81f01ac751c0ae20a7b1f3ea1d1a563cc749a1c465f51a01f36fa42617d9c16cfb097e1169b
ed6935c1e781a2cb07001fc3ea8b8193d51739560ec5a4c1beef78f1d7b34833f08a514380dc434aadca29efd0dddc12bc765cce504e0b9792ae0433
1f97a28f83847459c735c37139e656ba700dc1913e2a880d41f98fcb82031023ad17c16f8fcb0b608284cb34f2c7ad4ea409270a06f528cc0d4eddc7
3d164486cdaec674e2b6c613fc705bbf945de9fcfb3351250fe4a042f8dbf34fdabec8c3d3cebc5c159c4e8841d0955346579c974e5dad1182e0fc1b
fda64af3640e48a7adaa88b2724a9146deadd36111f1183e7597463888f327868afc3a9574ed878efc94bfeea7df3fc763e5bde6224bf79c2cb68383
cf491ec3ff966bf51c7ab21ce14e5d934df47812b0fba339313ce44c63cc68fe36bec81fca975688ba74be7ab589e3fef9c2d39558aee7ec1e65b33f
67099f6c33a76ed63e9c20351bfe86e7ecb3f4cc070203950abc4a3f246995c24b02ab6858cfd9e7939cfcce4546df5974a7b2a7119df094d116a14f
4e1b5011e8e6f4a514d9f54ea9b430933957add289f7068a746a75d8ba0cdb3a668207837b332ece93fbe945f12d5370d6291b7e02219c8abf4238cd
d3a933b8b03b5f2dd70f73b7b38c45986e1421803f6a94966b8526edf80c83e3b12c34606c99faeae8437ea8528e3375525021dd4e414792ce9dd5e3
1c02aaf14080e269f5149be3295f5402bc9d2f547b484a0db2ce47077b0aa9cda8974e471c2453de29e8f6999866099c53e3a9e82944143cfb701e49
af1c069a4ba8b37be6d28b715316fc784ac7454cc2b31b8052c198393e686e33fd562adc3f64df0bde669c6a4ee527c35cf3dc6cf41a35dae99b3312
dd9d9bcf3a69d21a2d72eb9dba3afb8c83cce9b10a3c6d3d8f85ffb97bae3217bb7b157dc8a9abb585a9d87d90082c3e652e4fa2a6d3b19bdba74d5f
9c06ea9c8752713092034c05cd9dce62f69106465339a09f524ce14f772aba33f17d4efb8672397b1ededa10c387760db63605f82302c3797864571e
685db171096d7d05bbd01650fd54c03f7cf3cfd37d08cde7f05348a7a4ba7a6f5eff651f32ce62e24fdb13756a1b00017aac0e65d0745b48d497f3f4
46c43e7319c747d375ca5df4230e2f2faaca1f127f70d7654574e50f4f5cc8969d1461254e61af85604fa7b1175bdba54bd14f059e37deab534cbcf3
f09293e71cf1a9192839989222f3bc75498a48576e0c10ed39a058ce22e7ed0c99e9c36d5d10e2ccc9d2d84d6f194f02a364754534ca5357a478da9f
b2c22226d0794b0a44745d7f639e6a1e0c125b1e28366946f1faf3eeda5316aaf951a3ee07d2c54bf7a304b3bc94290d95da25db78ee1bae9fa54aea
fb798f8100a3ba1c662ea13aa4f1e5c8d6d9052f05b2c622e0fa8de5498b42794185d7e49c7b1901d9471172e49ac6a6953193d610fbeb4b5a432c50
2ec568f9cdbcd7461e91734ddae41882c99b1af50b07665bbd5e2de4d426ea570f236faec98c4c87acb6ca0839e83588ea120a9cb9a3be864e924136
ec8b60be5ed8d7c060d7ac59ce2e7b0d95246c329bf1d2a7d9348604a91c3fb0f0d2ed2a368bd7e24d36cbf572186c3c97aec5916ed284bc4631c2bd
e435ba7cde5b68f18153de72d7758ddb549855b7a59cde2efb85a26ebb56e393b4a1046920a8cb1ac789b277bc6cec97906501095cba4dc56de22a83
a6ccb6acf12b79372f398372ccb88acf1d519c5ec5fc945e15cf05ef751144af650f856fca556d349133e8a50420af81f43f6c3f57f5c57b140557f5
d54014039792d7129cf652c83d2c64afd77c6ac6a5f992fa100bc74ba0b063627e0903a28ebbda18751e6890293b37082ba68f310e89bab504f95edd
eb830a7cf5108ddf25c0467adb4bb143c8e3747553903e3ba8345621d7a624757092127da092bf36b322724eb65458b65c428433464297ae303f927c
f7e13140e6d29525d74097434063af700d488858d895ff0ac6d0a5e56733d895f80559be5b4c741e1c9e3a6ab4f40eb3ecc652291f1ea7e8a5ae63f4
22fd3edc8bd0609f4cf2d65ed2bf714176290434e6add7e11d2fd0f9b2193b17f597e2e6712ab906649ca8d23ac50cbd21231c3f34741da27dc09ce8
96c1083cece464502d7ddc47f2c867f27352bf4e25c582e853298d61d9175ffd3e7ac8ebf211e2f385a90e4d565531db322b071e5db772d3fcf1fee5
06cc7aaf5b8b068a1ca0991c70d73d28084932e85a885676dd125d8cdbedbdfcbf81bdff1cfd684ef9d5f82119ee0177d2875b0e88d3e78731d72d0f
74c85ef9c107ceca032b3c2a7f8cc985a85be7f2fca19bce4232f6fb27a577d6d92dab7216c5adfc1f9820de3f69403290b7dd0bd1d4df8ec8c149eb
fe0d0e4d3f7f36dba08d17053d18644d591b7470d9fd829eda826d6f27232367ee2d94d33161bea72196a97210c117ba3f6060149b0e77a8dbb1e990
cbf7e4f361f6d35b6192fb6b7afb0f5bd13d6b9cc3f1f76c06ceccf932977097b773d59227fc1e402932f27e81d24418aa7b1ee39ab919fab0c6834b
93cb1f5e55e9f462660851c23d6474be7db38a47e2ed64665934b7edbac9867b3b99195606b7ae5ab91fb807ac693c78572aaaf87bb5d66fe1833195
993a5989616d713b31ec0fa2c654f26048bcf473f5dc66a887462d82fc2e43d2f3c0c03c7a975b8663e86f6fd98aa387b98b974576dddb21e4305bb8
dffbd775fdd420df60baf142a51533d8bbea663d50fd960be19acde896e9f86709bc57a9eb678d28dc1bd7bbb71d0009247ad7810f43e10b86560c73
6fddad627b7e0b1c71f979b731f92159f1e0085472370d126b4ce189fbb7059f41f9c11adf28edee6673cf8526462f20423c1fb07ff731b7f9436e87
e8fdeeeea945fcf4d18d50d1adf8c941f3ee6369f285ed05f8e09dfd1914787733314b4ba93ffa677a9da08dc4aaf73644771a51cc370ee8f726d11d
2470cb380d15c1bd59a220bb9dfba3fff8432c828893e2ae7f96d63688cad8f81215638c7bd70996c193ed19bac0fbd5e4354c5def1107230aa07b37
0f40942263a047b8774ff9ca073e6507d9ddf226e4daf55698b78f0c3acca7e1b243ceb8ac043b1762bc714b91c711f43e6ccf15fdcd7d58279a73f1
7d7aec4382d46a9c496f859df80cc339f8811f24d418c7d3320b692f8b304ef2b7d460afe1febfec46ba9dc427e8b6460c7274d9f8c316e41eb78d80
974b9a49385c800db07c4bc385c5cc2d0dd767cfbfcdcd3909deba6cc47af8becd3821e936e3f0fe8d114ffcaa5b88ee6318714b3f45ac85db2936f0
f8bc1d7f02538f5b082f9714f54f9795edef8f07a6b1a56c9aa6948bbcd7f95eda96ff26f1298b95ff1bb4a7bcb9815f1e78d6d7942d157e7ca059ff
8f4deadfcf14d59457b91952aeee636a54b6b675a1ac515ad205d9adad4b1a944a6b5d42f2abd27abac87b11f4dfc658ff9c5b369bc0f360761f79a0
41a2058553cb79e4294be6334852411506d1a1d0fa2f4d2a1ec4baa4cf8256eb92319259dc2f1630cf83312899476756ab8cc23c26264438185a6268
3d0fcc2ba96219ddccc02ea3d590a1d8bdcf17a17bf1229bc22e4e9e962df97930cceff865771de9cae273125578cf5e43f82a0659f38193c9561860
b5b09b321f2f0023d66efdd3e5e1bae67d1935a4ebba3d6cc950fc3c904f6612f33e0fa40f605d94319afc71f90f1ab15e2813a2fbc185f78e761bad
e12b085c037fc8a527fefacf8343718a33964e52f6cb48554b5886ca49cb2a3d6f5eee69b38d36335f4a62ffc7d8ca60bdc0458e78d043a36cb792ff
f4299b67263ef0c5ecca036fd913bf98abe886a0465f3f0f24743e55f89830f1c1ed2a32329bf59f2b0fe4c6385396b0ffbc570ab0cf7b2d8ef55fee
889e8f2541e0d87d48908ca29445ed8ff56b4cb18601f7316cfc61350a03abebc1a41c7bca5d282553ad8806b9f37cca8e699f0a5f35cc92ccaf4fd9
f281a52b9bf315b12813f25c9ad6bfd37d60959dcd24f285a6a98464fbd1556896c9516e809eb2c68d45758d59cb0f727b6b7f48206fb1ac99db39d1
286f1ec7d074bbc9ff3ef8fd59c8853f7f36d6c986f8fb1bc2a4e6819748f8f537ee74567e69fe62c9030f04e5c1affce17e4d9025455d36c1dfd059
a4cd9f6be4fdabbd4f1eeaa72c762e948710fd6fe07e93adbb3e0f6c1f9e1a95d729facda7ec6b4d7a39d409135fb88d4cdf6ff22a64e8de6dadc64b
e1295b1cf187fcd4d8487fb3f793990f6c4e1822647bfd8b0dcff360f552e38bae082ba961312c2dfc31d29f8403b401e55af1290b1f50e36a0cc5ec
399f67a74adf7cc402e67930b82c63256becb550161caf1999d5fbf9cc03593b75ca66ec48ee9fef46666af4fec3d0d9912cf1239f0712d535fd7e77
c179cedef02ba631ddf4f9bff25ee9d71a0dd850a850a1a231d0e9e2810dc9f20a8b7b7bfd556316d6c9bb9fa16b7ea6c023cfb8caff6a851d9af750
fad87caca14aa5075ab385feda700a4bd93a8c08fe9f2e3762005b7fe32c8d047977b8392acea7ac6163e174cb0bf84b197e1262e2298fa9cc32e986
444cbe6c8b6756ff36c6e15fe22b3c5f4ffe3a5dd834064c9cf7be6c15bf71024606ea049c30024f79f2224b1f77fb49f674c127dc168a779f261935
d9fdae2d5d7c0fb42daa9ea7ac036cb0e7cf79c63b12ed90d1062d1c6e91f7d6ab2022ed38de112e8749482f1568bcd307d991acccd3697d260bc227
e2c60fabd6283f5811c02a97cdee1a08f83b8d2a733cfb9d6685852fbc3140f4bb452e0bab5ab11a57f8f7b2323bc3e2b8e134a97839c944f99435f7
9dfa1cce2f7d7c0fbdcb0c2b3af54e5432cf03b17b00e0efb6c866266564b122b9e477beb2d1dca680ef15fe814d429712897151a73fcbb12ce1e9dd
90e7b8533d65e3c70ce2f4a73d3f3079fa69cc32d1934d61a30a7d1e0c31c217d6e004eb4cbf31517ca15e450a4c3f2bed2a7fdcae225439104cf47c
cf032dcbff0ef34f799336345439ee4ba2683e0fde914be4fea77caa9c8119c7ca9c49261d2b93d3f3294f2acf292f1eb9250f94ec31b8759ae52a1c
6e9c1c813b5e65cf83c1d1fca1f31e1bd7a498db95d9528a99c498aad3624c90ad707248ed3f66c7690fa33e7b1e18a2e5983329887652e73de5f74e
3f79439eb27c1523bea617023cdf5356e02ce6ce5109a31cabd3ea1c6b99fdd5a2215bdbb40e1ee48b77729384ed2977791af1c3e64ea597b2a22dd0
b01a3c67af9b1c029b815d079199ddf70a60fefce01cded1d83d0fdea19eb3314d2f2058fe567e306a8143651b117bc2a7ec83d98384fe611f9a0407
d60f3d065e39d24cd5602ee7a6a92aa62bc3aefb80645c7bca635966e2aa913763f0428a79a2cbba118861cd53be5423df1bb2429382cd24dde053fe
e98790a80b8224ea7aca968f11d0d38b40d6c2129207f88f33cd34d4fbd0d48cdc1886ee3642c3d0de33515dfc0e3b3af74a0c2eea64457b0e24d3e6
1a53c16622f9de427ce581f6a14086c941fceae7c1203a442afe74fc0deab41bb3d0efdd3b7e0646f6120511bb5b29d378205ff7891fba7ea0056f1c
a1403af339beefcf039f581937dbbf32fb0a3e5310d1b26df80c9b94e605c1336c1b1a3f58dd95e3c87478ffce096712e82874c2e9aa3f658f423a21
3f6b4e2b93735103b2276504ac30cba9141941c09313fc018927218692d3cb24dbd2bf89757999844c9463eea1139e946c7a66d55d32a7febc979138
6be2b61c81840122661e88ff1836810894469330446151dd565604d64ff7f09ba046c7020d8db7f21e22186e4bcbd4303b1b354ada79c08888e859b6
98e5f3c1ee3ff8c02762fef879ebca163e0fa4f179208e9a297b20e694ed34df52d6964f93d265c72af729fb7aeb53e1bb0c635750e76974337f28bf
33aae659a18c9374eb29fb045579e03d3f487b566a90b2d084c28b77deefba99e9297b4d7c6a94ec68946f752a3f0c354180f63cfb7c5d78600eabff
6243f77cad651d8c3bcfc60f850732c4fa54af759e8827cf03c39c60d059e16f9e07993829d31319fc29dbaf3183b21831e4f4314bb98efc9c056a12
d5fd29fbde84615e7ddd143838afe636a85cad59cd3630afe2ae48c879f5fecd642b76cccc4c143b4fd22dc787e37265964f7682193f656f6f102127
ed027f151f6e0300e7a139cf1166561eb904b079ca16dbf0b0430f0716cc552cfb29eb8eea5381685cf97fd09855243b8244a47dcac2831116733589
3925cd46059d4eb4416368700cba44ec7c1e48e645713e2b4f1c686db6d7f44cd922aef140370ed9b367278a8be9549dfb202a5f0c9c10643177e3fb
48c97928e30322675ffb677799ed6bf3911fdd08abf18757738ec9f3e6b0e070c0e6cb140486830827a6e0f3e0ad149fa0e7816e3e11a49b8f5b0cef
66798f50d92c7b19ae5d6036a0699686bd040ccc4ad5b6247bcaf3a0fa41dad8bdc8113b5262cc09d9f73c309ff0c1e12af8e07c3911cedb0d2f59f5
87787da5acb047d9eee7638c5dfa79784d338587993ba37dc8b69cc570d86d93efbdfee0e5a1176146154be68f1dc29005c9a48b8025214feb7cca71
03129cd2a2c3120e1e03af3bc15a63319c63f6d2865c640ae320538098d83f65af3796d7a528932ce16b44df4c2f2e0b890ce43506920fbcdf479331
5f83ca7443a1831320ef299f82b8d060a243a42e27de102cffb22909133dad65086c1dc0b0df6329865764005ac012b7f9359a9479a0a4a84ee6db27
2eb8c916a109caf33c107ea0cbb7d163b865b1cb4b6c789e0763264a1ed80d7c4e7974ace58166e2f34151ae1bca12df59a98b521b73adb0d85b3ac6
9375f9f9dc98995bec15f317b1b64cc3253b344c0ec6903f1ca68fb95d0c83228196c92c5c536efe21544f5e77216a92fffd4a8b3e93556ab4b0f841
a41741a74a1d68e8b8d5358125cbac401f11a38bdd9119c817d7ccb1ec7fca52944d7c6f066754e48792b8a94f59402c2867597c86a345595796c083
65980c442c2fcb18571e0c441176592c76271a716e8e2cab653193e634b0d8d324f1e69e07423ebfc8f265dcb744c5b7ac9ece90b18e5633f8726a2e
8cd5d0c750e34bd504d32a4b4442823ee5d324846aa96350142cabc732ef8b92bf44042e656c9b2159460ae5535e140e9e727117c250c55da0acd90c
1c58ca18d80c7db163e2e70b430ad6b20c3413f2e1695ddb159357c74c84a8eae3053ca8b07d08d545ce2e894cf9942533832f165df12c0d2635b2fa
b1541dde263acaa5357f90269b5662e107edd2c10e4b1b322d4477b719ecb5f4215042441f0c96b1b58dc22fd27ae9960739b92dbdfb0b5a3186616d
38844cb25b3e0f3c1690a14b60786e1b74868a6d8c4de8b45e87ae2b11d992cc09cf83d57ffc931dc3b28dc51a92ad276a50347a9d4e8ee080cce7e6
3df3c70373e10ccd5200ffb1781d85981b8045aa23ceb4cb806e39202e466a49e4f83c18ad8650c5f76b3fe4bb9ca527e4b97da513edac2e87bb96b3
d1728caef140eb2bb8691190c253f079a0d51318b49c7ffe207f08284d58582dba514a7cbaa75c4c367f98d97ffce1cd3007b245fa9fa7cef44c5748
c9c3f2942fff1132cf31def9c21aa2008de5b2db473aaefc5f89c1f694adcec9b972b1330cfdd4a5530144c816f3a1911624ba00154a1836617fb55c
63fe68426b05b97269fe7e6c9672a7296ca643e79483e872eb2e03f1691d1452c1f00a59780f9e0ad1b7f53f0b0fcc00b0e108169815bdfe49e71979
bafe692423125625f84a14a0a7fc6e5b09c1f3948b5ba0c2431ffc523e559e53be54cef73f2bfbc2b4abc2004e187cadf296496499a7bcea8fa08ef5
67cf941cafd79f35448d2a749c9bf9e39d4d2e52d79ff2fc651f5a7f2692f22db57f8876cce55f20c2ea74b69cabd6c9d1623b0fec6c976e0adf3d55
64a0e4709300ef4fb97860d209d9704e58a1ad93739ba4db2fe07b3f48b7a6713c80ee5d7173f9c09395d99d943c30f27f7dafe7e6dfa7acd412012d
abd45e488bf5c57f13fbc33a0feec840ca2a940b96f5bdae5b92e8e1298f2ef040578e61f155e168668671760fa0c8a223a7cd751953951a178b38aa
54ee86c46579ca45e57f3265589731292160b13c9ca8beabba74f935f75951f1afbaea4315bd2e8ea4ca7b2da01f1d1ad2324320bf672ed4d775f438
24ad3296801507389d79a0d0aab0c9ea4ec1deab0f3ca161751f32adf20eaa70a6bc83e2bbfa94dfbd0d45f5ba5a29cc8252bc9d09d3bd5539cc1262
f029fffc41fe78d1e91c07dba7ec59ccb0bfb64233e695abc029b8707df5866b65de8aa789f74a0a0fc972b2ae0c899484845e7a1e689e3e3d3056ca
da90752d6a8fd54ac4c4e77d1e8c69490d42aa5cc0aeba6cac9ff2ea1d861fc4b9134dbc1abd89e52ab563650c6dde9468a7cf030b8c991ab45f20ee
6dae9bd0a4cf834955a609c59b9eb01b5c9bc695e5d0c43accc38b8567acfa56391b3d24d0c2a5eb24cab7ca696060e56ca3ab02fe70a1b52a3f6f85
dbfb20313576df912195146ab13211dddb28442b3f2faad1751b53975eca4da8c23d9bf7fa9507da47196881d0a459abab2f277f417fab0227623dbf
eee27f56d0ee16d3295f563676a4dd2d86c4dd0786c0c955f6bbf5d36297300fc9bb211053a9488a7fc925fe3cf0b0642e77016984f53176c9fc2027
a1ca7e74b81319e7630c5b7a255fee950deb301c45181e36014ca70489ebe7bd1dd2579a10cdc19eeb619b51b081948bedc722d18568fd94677f1022
5fcc3c25afda53166081c54f5f597c3eb0e518356acd2cffe2f4fa7cacc45cb0ff397a487356047cbe10ba094a5c2f4f4b90ea2a78dde9a1e075a582
6bf05646d99aca1fcca60bd9f8dc3f656f6a3907ae8a93f8fc4115deb81166aff3d28a79f97a5b5ec2f18abec3bdf37a5b9a7d3ed0dcb3e664d785ab
41b1dd5682933e0fb4c65241f9b30624a79f62dbecdfe70f3368e19731126b1ed806351b5591e93566ce65280f4366917f1236e9e5cf135a68542c1b
f6297fe6d0ac92322074a472f90dba79609442a3bf317869f5e7dbbdc217c61d342baf244ca5cb646035f34082373b60997cd4a72372299f714b2a93
36e5f040994c26440c883bf3855571f44c1665185996d9fa1fa8f0cdec2f5aea329b4cca3eccd33127aa5d3f5f6886a2952cb3f72cda587cae8efc2f
8b99375b7159b4c422a78a6f5f1b5dd7edebf43753a78d1ee899716ae50feb1c3e0fac3184cea1c8845b85353f1d33b6fccc90cccad844caea29cc3e
55de1bdd192bb222ab32ccefca3a262c4d484d593f158c759f9119c96773d82f65cc47ea3474abfca12aa3e129c53c01d7d8f3e9577960dd0a132635
22963d65a8111919c5ccc1aea6548b4066c3d82bf0ae186b65ef2b55417d3b2d2a92d74203ee04ef651ec2dc550560cf054269a638ff379bfc470752
9aeec0e881328560b2509aa379a48181dc663e704ac8f44861b6fffe2914c3f3b1bb4fed5a321feab407e54c527c55cc702a266342603ce5c178191f
5998719b5dbadca760a32eef834f85562d7f5af45d4628ec3e8204ff14dbb4270bfdf3c08b38cae6b2e90aa6f2876dca216ab310fd7ca15964ffd82c
bae1dd5dd30a9b28716c121f3e652b4019985d3959d9b3f6d16468d8a55c66c11d3e4905f1148130ae9d8b0ddd1987c3eb8f4e1c4a2113805d0e2734
086b1e16442c1679724d080587cfc1aab7387b488368a1326ebecb4065ec14a789a66ca9c1fa7815952b17dfe5055df32f370be534e8675ca4a6c4e4
a29ccae581e0126ae286b89c326685a32fcb7c56f40bab562e6bcb6597845070e9d48d80d77d30d7ade51a53cd07551f841f2fef8ec8184548e45eb3
5cd60732f0d718e774fa856173b29fd5e29088b8fd94db620506bcb52344e1521414e8b3d3dd56f9042c1659ce7d38f81e039f6ec9fc1e7fa8720f22
43b52ce3d088d4bf4164c9839f403f1f2caa714e79d0d4f24023f9a9b1a9fc4b597e42950ac6c2ae79b06b2e7bcab6465d53b68223b2a30e48161d65
fd19284680d79fb5f951b5d69f0fe38d3a3c5054e16369d67e95da92d9ac525b027daa620061c85e87e95d16459d3c70fc60e493adb6cab28e1be23a
f96cd1a8c17727594675f2fe1e09579dfcb541c56cd19e955467df238643ea6c96c9f65c8756f09fee8cea6c90936194bdff8435739d3d59f08fe01b
974c75f1e405d4d781c5b2db57a777add420069b281b8a65a9d6650c4baa5c471b99bcd5ab3b12ad4ae9c61d7395d28dcbd3ba8e75c383d1af3c9012
ad4422d55787561b4cfa5ef0ce530ef8b5f8740307ca010f255a2d4e26169286311eec20633c2eb56b718a0958b2b813947dd88119aac5eaca83c9dd
e4817832c78eeaac6a047ca8d5f03c22a83a0a0fc6e35577be6da2ca5be5744377c095f80a7518d5074d54e11b2e6cabf04dcb39a52a000e97b1d519
43b89aab367cc3e6b476df6a74beb03c88bebf76b791b1b38f79b2a73e03f1a70f32fa56534d8c8cd452cf8390bd29b405ddda3ca130a1ae53174e4f
751b9996a9420eb11f224e9d74786f0951a8d24b21fb5cdd4d769ad88d58609a5d7c8a98da0d5d216ad7e61f285b47bc1b386037cf64826537c79d65
ddbd7410f8bb3802817ff8b08b5451dc69ee30eb30bc479c1bd204f3d4d35a17a6f3b4040822ade7e8165fb88df4db1806f56c55de58b4b355ba214e
4a5598065569bd065f8728697e3e432fcd4f63e3bc06c38484cb69edf8c1b21bc9f8829699b014d5416e0aef37d7480d871f40a4031f5016dbb3934a
73c4e543bdadd641d60ac374dcd2aae23863345287a51bc2f8f67570206fd5cdea43540642ba240ec64d99685f4bb77fd8919af2afb5e9c7df63d44a
1e747ff1cb03b747f9f407531e78590542b79f574df6a4a67c1ba8c79a3cf859b84df7aabfdc80b4dfa061ce036f9c81456dd242cd46da265d2657ca
16d5d93fda50117dbe50461668d2a52737dacdb6fe398b345bea27a5c773def664476235659ec506b1cdf2218f686f43bb93335a93297dc707b1095c
a0e36bb3c22d677f6952d55462ccb4a1aa095e698bb6c9950faaa9e683c15f7c612897adb82d3a9d7eaa74bac448a8b6da803017526d008880b9263c
d071a66cba854bcabea73c582663533c3db044912b0664169ba0743ef0eafdf1854256153ed01d411673932aa67e1f68d382a8aa1c3e9fb22069b48e
adca8a918192de04655d5384994e3c98d62c6733df8a8787c2b0c9ec1debe3d64697d262730be992dde3e0286ff5d19cb66645025d78f7fe79619928
faf03453b6500db06fbaa1e2eea7bdb65d0b36dacde16700724d1756280f5bb774987860e56d8726638520d4b60d219999d415165ab736b0020cb7d9
87356d6c66eac8ddf66285096ba3b6994aca66facf0772d322a65153d81ab4706d1ffb5546621f5467f077af0224a90201f4f2f9458b33f0a3c9320b
054ab3615612573e0f34ffc8511b6a6185df143900e545db0703a449ab5c6039e5b0e080dbe4c59784244fd9f7ef8d1fc6ba0bd1c7d8f9f942638b60
55ac9cd752e35ff6a3a17e09026bc760978ca2221124abc653169c0dfa6903bbb08a4e0f3b532943329448edf41e98a3413b7d4847301bccb0d2871d
19c2e7f438c3d4e35e2aa8ad5dbef4cff1a25985824053567b6ea3db30f362a02f4f3e15c8d822a0addddae2129af7796019ca58deee387f8c7e8606
a5785d12b6ef79b0fb413aaa10410dc92e9bf8c641addd6324feeb47770a300cbffa50912c290f2a5a1e68647224eabe752a9f1a7c0f9f2614e5f8d9
d1f387c2e48127baf1460e345d118290f4fd37c6bae78157decc1f877b4195dab130abee8e6180bb749ffefc45eaf0a513bea07db2fc0f19be52c29c
b74fe2bb1cf6bbd235000ebb8ca680975d56f213e6be7df21e17e0d45f90d250b374bb0f76feb09d3ca65d5d0e804f9d3cd060659bebf3e0915035cb
bd34e8adcbff6f4940dee78163dba49bf318bad4b008cd4572f6f7ceaa627bdf15f6a0e3f5dd8d7bb041ee528b2c09b7fba62b72bff8e2d556e3f3d2
652d0532ef8b2663e27b6fc6393777c5469a3073ee0a973c61d5dc5ff3a71941d3d79f3f483f566d6c1123dd89697156ef32cd072176792d72dfda57
2f15cacd4466b2aca9e990f07248f2a33ee54b7ab9f44196f88df7c533118264eb84ab667fd530d3024716e3cb990f942393b92e83c76961779fd387
e2407df9c0c648534e5d5db644a82bbb6c872aa67dbdbad39929e7b2c7cebad72151fe694fead54b1df9639d4c2473d70518112abb701e961efd55d1
2c1cd0bbeeb730f4e8cdf466101df6b843af022f4d58687701bfa47c7fca0a1e0d9fbcc06fe60aaa77731e7240ee8f9f7088bd0b5f2332fb10569916
298196ce28d8aabf4394efbd90467d509d7ec95689adbcfb166b8a2aa3dba69e1a6452cf26da8debb074ee9b0f86c1a7ddc00e41be99bb263e781112
9b64dfbc6859722fb0abc425eabb629eb3e464ddc416d97783d18507635c32d6fb98ce744b176398ed74a978e6c20fb7949f214199289289ee296b36
a36eed8757484e64ddc64ac48be88797252ce75c641f21ad1051b8e076279a20926cd74d190123fa31062e03232dd287cad396f1e9c53976161eac6a
3235daa07f8acea8cb1869a1c973d0c407deef3e557abf63ba4f9be8e5035f8d612edd7535d611c9ca1e36610cdd2fcf37352c8a7f9391bcbc3fe6f8
d2e53c8992bf0be87d763f1924e1ebd6a576eae553c1ee4e40c2a11aa8d18713fe5026d70589787bb9e7e0d0ad454ab6aee7c1db06f775dde6f9bf6c
779b601b27f6cd212088efb1c9006921ccee2655d20c40dd94ca75c2967dd3dd16626d936a692130efe600c9534ec89b72bd82b3b70105d38f4d0648
08a54dd01037c0cda95e09cbbbbdaaa699e5bdfd2ce772e8dadedbb08a79c5266c4888906d40c39507cabfd328ebc4429cdf4dd649aca46df276913e
4c63b6fec917769bc6a866d026ef6e11179b0d9108f1bbe9266c9e297be9062f6fce6d81a1eaa6f4159fb995e9d214e9b0cde269ba381b77ac54e0a9
0d8b6ef3e0f230832c973e73afbbb1b9d0841507bc97e06622ad0bcbc2dd7453c60de426b32602596ccafaf5199465c8c8f4714046387cf19552281a
bab328d336ebceb051de6460ffade170955421ebf34a9b8a101c3dc436746b215a06f458206fab854df0ddb65a66e62cb4ad9e990cc3ea1d72a54aeb
2d2312b775b04b8858ad9009c2df8a867666e1169b83a7d132c84a150306460db4158f4c3a32b47541309b1d3059556550953664174558d8ad3ab348
6aac5ec82c548588c63f73abde973f3598a60c846feb2a1548b6b04a060e64365e1c48ca96bab5b18cd24253dcfd20d7ad79a38626a5ccc0536b53c6
8c5f2e1436c5ecacc4d3dd6409d50b44cbba8918afdbd019c252cde20122ba4fcbc1fcdb0087709dd2d2e286bc092cd64e0d5e3a8c8cc27a12d27593
4514f157b72ea6ccc177eb263ac3d0c7c8a657ce8691ed69b377e767aeecbcf9999c4d93c9dc6c8e5d9a3e394817ae5a9b8272e1c4be292617c070d3
d51f713eb77db4989196a7652f9f07ee7568b4e72521c937e9f738ff6f36902a9f07d6a654aad4d61160b71d2682f2a2f7f95eeabc64327cca06ed8c
b4ee067110de0e874dcf016e3b7c3e7baaf897cd48ba3eccb33727b065153bc417f6569bae1e8926b91d03b051837b9c693a7591037d2faa5c70b0db
949cac7fca1e814c9b5575f8166ca7b66be65d71b68935b3bd88b16259b75dc65621e872e6d5d4f7e2bf996b874dc9648954bf5d8ad8d078efad32fa
d1ed1a231e0aa4f9fbec8c97cf55948dd502e6b7cb5da00925df807565bf4e54bd6dc043b8e0f61906e876dbe02b2ddc728e632bbc8d6133080a25fe
e1db7b8c3a150ec81a1a1d4c83685e9bfc4109e1b4bf8073258edf2e4b2a9adcff34ce85b27597113afb9f593b1bc2ae1865c4cad865dd8ef8de956c
83b87efbcf8aca50a0886515df9b5dd7960b4267574432741bbbaca0e0b5fd67e015f6df1d693c8aadddb7923848ecafce702282ec3e39c828e5d16b
7e90682d940777d1843788a857f7c947e4c888dd4960e9f734e62e0f661fa2b2e8f6a1459cf942ab32bbfb3e5b3f974bea7dd632cd1eb4cf9e4d2a50
18aaaca27d1e67229a343c8c327bb75dfb9485b6ebea9373d62e38f799ce650c1d3534ddf75181b20664e5efb259af4c9e62a113cb69977b2431c776
9bb0238df745611f233af655eb3267915dfac14f053279c71a6d7724d51f1c2b6f494cde76dbc44f9f07bac466d857919875bd3bee391bc85e2c09a2
30dc8b473183309c173b7f6847611e8a913f2c5a36cf3d8d6adc1a1f18ea2d7ca065d3fec98261d7ad6de5527cb755167bdc5e9d079a45542d4a324a
75b87167661d3b15efe4bd7a2b672aa462c4ad74776c54f6d1bd0d8e0f15cdee097c5075dea1ec850acbcb8e0b2bf1bd69ee60c766d014b1bf2b1a3b
f6d8fb007ad12beeddcb74e181642c73a970ed330cd995af1409aa74244f93a1c121d0e8b581dda72c54164de9aedb613c03764773479fbc77f346a6
a6bbd3542063844f05ea336b76330447246f23ba51ca3eaab0af287cda470a6c563120513707da0f0932125bc030fb3eda4c950e090f83fb26189fa7
5da6f4443bd977afdb4e0d1e68f6aa5d597a1066bb81d5a70aabc2982b290dd9c2f743477a46fa3051398bec875dafd36f875723b2fdfe82c9f2f729
570d4c48387c1c86a585253ff2cd6954486ab01f66717ed0ec774830476758a4427c2a08cd5619120a7f3f2dd4d940cf218ea863109181180891d57f
6ac2a1c23a437852d6f2dc36ee2f022c18e1ec97c729345db69180c55ec45730e1dcaf41122d9eba30480bb2237b3e0809b7b5716c2def5d6fe19275
bf4503d2e6bdd92d5c5feeb769625ddc667bc4f6006891cac7ab112c285c0e0537ab38c01d7fe6a8ca83d964f73cb050cc0e77f8ee971dedf8139d9f
3f6c5d10617efc5999bef085d170e58b535da5ac4315da8be3cf0b38bbe2f102bd8201ecf102bd85807ac7cf83fb4f47a2e30585053bc6e3e791a772
cbf92ce5e367fecb89e370ceb5b0cbf1a2c682defc3068c48ee81811dc32aa93e94d8593655e36f163f2b170e50f13c907833d42e48b1a0b912a8e17
341654d4c73466810f7ca71b29790c8c181870cc365ecbe9f718203102e598079919cb596446ed78ccba2028b4a1a99fa8f1f2c69e6ebc4ac3f9d3ad
453c1d99778c8be585071aca28f08ec542310bed58ccc111f687ef89e71f0f0e55917e0f1d60466ad1f4e66474aca629efd73170217a15874d943dbd
d1401fab163f03eb80fb333cf85e1317c0f4b15a48aed060cc967df758c722e281a8668d144b870c9ce2e737d2231cb6e8032b1c45dd407c1489d11c
088f6251be52657795a1b268647370398a0f2a9f0746e0d9ec0f9bf8cd307a1d6b2943e1206d385f1d2f7a9c31463baac94c37c6edf3e7812414863b
47f5da68346abd0f7c5dcda7d9ac0fdf20d391269b5e82321c4d7c199873b4c186e9a973eb12d3f568ca30f0f9404e66f4ab2965c2a78581abf341d7
0c07171d5d7ec3011cc7f023f87cb02af748584460112feda3ebbc0505ca5447a095a37b07822ba51504f01e9b4d8b02bc8e4d821c41f87a1914fc28
8fcd2cc7f74a781d3c726c861388b5cd311cc21d9b160e7be22631b8f0bd0410a2fb5532163cd08edd27672adc4d71bab49be2ccdaae7966fbdb051d
967f4a2a71ecbe736105edde6a72a6381c94179dc8b1ab03ecae8a9bf1e154878243ed721ce20af6d2431d6067390cd9106f87d60f9bd73118359322
94d83f3f9cae810f64fec5988d9b6818e7340d217a5800b2c81d16e397a3d2715acfcec4bdc072fe0cd4c095853ac50988898133d96a4e0f3e437b4a
5ab1204f1f7bd9bddecbeb99b3cde1bbeba0dfc3297fc14697bb99ff6d62c83ddf2187070e4fc7d03422662e83a9688b8e4b529db9b8dd449abcb580
e8d3eded10a16ddc097bf8e2990df6168e8862e818de0c3460adfc7f049ce31a7a49590415ca8698330f94712c13792a452176bce79f099c53364135
65251508f79d7f727eff51ff60b63cf8c91e35637adad9e19743cde94407b8ef9e3f2bf18393cf9f93c953859648e1070bf7ce83572ccd7ffc2055e7
8f0a6dbb965194ff26b7e2a7f494b88c9d3fb1668164b3663683f3e7ed3fb2fd947123e1314e65482420e0a918c2c45439a7d1e7903c8d3e51a32147
d8fdf4bd7658e37c21e6fc2172183b763e90b0cd7e73be1074f90b2439a5b6c4b2e39c7d80c9f670ce622ee665c4900b45b3e6853e48494936ded3f9
9c1a659fa918a559cb8b617544385c294e277842d970cadf73ce1a3f9ddfe98ff2a279a002b34e485ec4ee9ffa0c05b3839d8bd22f47769e8b76b49c
d94f5d61e3d2783ad5c21b46f51f76a073f194640a8c7563887b3a405c36a8d31692f80d9eebe09bccfa6a2b93e0edd36037a7a7d311e3f02c3c07b8
fd7c6184bed0aafadc68c3c6be0b558cf5c01f026cc1f8e78b76672eab4f052cc699e82cdac621da17e6783b9e4e26c1b097d18bcc53d17e53f96074
22335d34d4305f1dbc953fde402233bbe459cdeda9a08a46467ac4740bebbcf7e9d36789578b7664b395a48db2cdb53e2d7845ffd184d04680f1692d
2a6936cf36f8218d36c373e477f3299225d47c2dcb16e1e021e8a94e07459e57ea10a882f036783c7436b36da8e8f6f5404277cf6f6ab4a214cfc1d3
3191b18e3bfb38cca4fcca0e3c68cf6e9eccd8c99892d018a7fd6a3e9261a06584fc8b960be6e7e726d36f362e836304f0a63ec01f9b2da61115dbe8
037f980703174ec361b63eb9d57cc49bbc6a38029e86c708d04de3cc16f0c2e5823dfc29f75b7429a722cf11afe11c1e3688bf5d212120709778ec54
68c8148073eebaad65377ff5ae052bff73b73e8a85ba0b3f34ca2f8f73e7731a5033eabae2e732e494ad2720ef3cbc6c03b14ee7e1e208701e528240
a2f03221d14eddc12f30865d6ab86f390fe3ca90ec345b84b23f4f493346492e354b140ee78b960b57eaa7535830eda719857deff4288664e7f6c47e
f9546e4fc2419ec6ca1f124f55903178a172f9fd5b00a0f3c5cdf367c05e93cfc22ded69934f7c224f85479967c87935be05ef82d359bf08587f0ee8
8d5892370f66c7a77c8d09fd7edabb07b381734071448812877d6649bec7af7a2c0f1c6c3535dcc60e88318177bc0dce5b66e8603847a9e3b6e6bc07
51fcb1ab86fffeb894e062c20ee0920e98a0b997d0f794f577fd8953b240af3fdb6085e8ebd5ef16acaf2fc1714cedaf3f51108aaedf581ef9611878
361ea8d790f8b3595fa38ac19d3cd8a5a7a086c3bdec7960595b78a0abb74e1b12b599cc6b68682315ae492c17c1754d2692f7b3ca53caeffec10dd2
3599e62cd16bb2fd76140597e329332e764f9ec3a297e1324e9397ad423b656b6c8315afd944a709c163c2175f82c713ae9d97f03156c7d76c63b54a
0d551f649c66cdfe448b9afd9c5bae59b39f757859bfdbf95fda89ecec976c42275c49af45feae5024752e56ced730020d36bc867eb75243d11f19a5
6135c0b0c96f6841fb7a2d96659477eb2f52960b4e76d14b095427bc3cafd5ab8c6159153f8d6ebf0ae089903fd76a7f12be17cdc116d76aa446b757
89d380fa6b953885c4758c635a2c72c0629d17dfb1072c5c03d0c21cc5e3c6079efad05c34f533df6bea675adcdf1661df22f56410f53554bb9d0783
7d53a30030d99eafeaa3c4e7c1986b1ef8d62380f5aa2632e356c58f0cfcabd92dafe1e43f6c4397c02e665e57f5999af55625459846bb8b7fd85b5a
6024fe252530ced9d76bfbf90133571379410697ddc5b98ebf9ae63d60e492dbd0677948e58b9dcf350c083a1f4824e41072f5c1063c101b306dc369
085e76289939637e4b6890e0e29e851d02676ecb882c9f7bf6f2ca99f27608cc3927a17b369cff3cf0c847bcde436e64c5dcced583efffed5c3d5c0a
df3a686346702f068ebcb7a234c0eed6ad0d97e3f7aa0a724cb97527c32df4bdda2c8b7eadde96b24aef75f42b0f74e7b2126ee82ec62974a3f85c32
f340cbb2f28712b16499dece48f8f9de5b61e3834b77fce94675b4f4bcaf66e2c6070693e967d52d01432fefbe85f9ad1a9708e4fb5d931f9f91bb89
05b3886f2f8aec397753f4f56cb577134766d5ddcd2390f69adb0b7defa29af1f7badb98177ed02a83819b37da190a1469f1d3e2e0b63461439d39b2
ecee63227920e68924b8bbf16616e2adf365e522e1ee5a26f0865311ce9d0f248e60af2e59c022d964780bff6e3e79371e68a0e12d4765f8a382c16b
192879efd56c6bb7f3e14cbc37fc9c69c1ccc6a2da4c2365494c784bb7279c2fef7d718d19b75d934f1f7cbc839b75bd8284bd77afb988d85b26db6c
73b7ee43566c07eec39b770e47b7228dcff0df61d1c20ab1d90cde7bf7a1a9eb54298be5a0cb5b36d32b2606b7e382bf81aefe611fba4fab143306a7
780b56f2e92e9bc47ddaf432dbc87d8e3ee70f5d4c10f9e2f6010b56d379aa61f8785fbe77fbe30bcd0b137d8d31c918c86406e5f07d091e202514aa
e9a9310f5e9399cadde12d8b9987868cb22c66d01edfef69a8a079bc95d266e5e6e0be15c12a30edbe3d2da3c587f1ff2428a6947f32e2f9a52ccc94
43edf340e9bffec3d74f79110573caabb4fc4bca45ef69c037679d07cd7de48fcd0fa87257157c20fefed0e82da5f38379edc717165e4baa784f6453
42a93c65cbae5fa8d2812c4abfa7ec63c3c283c57fa451a7d5f9d1447137f8a34aef13a2747f9190584fd922f83f69f83cb072aca74a1dc8a6bfccc5
3468e003a7696276de135749a0aca77c98a8b4e17893d3923ae555f77c110ef181a964646cf032ada973f635e4928e38d9f29c91998798a70deba37a
c89c07db862c9da126a6c33128ffe05b05a18c09f053763f561edcaa216587148fcbe4f360acef90bd8c8e856e9da22646f73d239589195fc5230cb6
ec9663bcf0a6a5d7fb746af5ffe9c3aaab53d87635c9214876ceebdfe7c14fead4f4a998808c6b193d08c565f0205f88a4297357cc73d05c74fd34a7
c91719951cf3de1cdfa629354a219fc3eb9b305be5d058a5cca4c56a29fa79a0519e42f30ba5a6b8543c6589b82914ca52a52df0b48e2839f63de54b
220c8a34ac53867da8e7d7fcd024c2a67f3910bd6991df8fe7b4de4c7ec643e1b0e616729b8f679dd65e9396a965805e68b6e4f2eb291faa800a8714
08fd52db0751bf895a75a1970a65a19250356fee4e0f181f880f599fd2dae71cf1942d24587d52dbaf08a66ef9ca243bf8d5943e6c524e324846590b
4b675322d3951f2cb86023abed17169f8326b4d0f0e2aef9332a8a99b0fec1a99bc4ebcc0f6293990ae58acbea1c6afa54b8eb368c0604cb7ed4b77b
df62f9ef23f60a7f2864fd128a04a202049fb2f80e1966dbe50512941a3a4e094fd9008361b316fd0f592cd4357ffe18eb3bdc243394b8bb3f652b20
7aaa7424aaf8d13e0fac6d02019c834c7ed112a09fa756eccc0fe237883acd6fe9a6f4e4132b5e2625851531a26c22db9d708535a7b8551fc17a798d
5281c520424bb1087ad2f03d0fbc7d80296453f2d9ee1dd8bb227b6fedc5ac897b8c5b7a79fb8e8f0d4791be3f54da0c65611539b2557cbf9e07d58d
528514a8b0dc6d962b616ae1bf5ec14e3655595858b796054c7adb54842a2fd7f05f953f1b48473afc64bcd2934ff0cda12aa24acada06337dbf3f45
dfabbc57ccb0ffb4c26fea528d240dbe27aa283e9eb22f600b0d9eee53bef80de991267e63e078d0fc45cd031997647e7f3ff1e4c27b9fa10a355c6e
347f3852567c739f0792cb41393f67285c68d3faf02562f237b9e794959cef0dc2f20f3bd16f60b98906c5b31106bf79f06c0898e5aac54c29ddf4fc
290f8ecc54bc406d46ceff064ea307f318261e786e609717981520c9cfc62239a9bd89a15c45ba61d81518f6738ac00986590615fca1c98b7cf8392d
4bec7c9f070a1815c9fb538cab5c6cbd6994544106c2b140e31afa662cd207997c29b34166bf572fb6e442f5290f06e403cdcd7f0aa1f62b43a68504
27e8fb7ee16d7be60b599ace7c60c361a82e1eea1061e572923bb65f75b48910559d3b34bbc1af7a6d075bfdaab6a808b55f1d7311a25e45d7ccbefd
ab32d865aeaaef1568e17554ae305013be649935e34bf8479ab2cf2a93a60c19f96b3e03312ccd4c3c53a5c56a0dc7495986d0fc35ed4fc8172bcb92
32f279e0dd81716ac60e19d8ee9516c4f433466398ba7624787c985a2014bbd144f6acdf0bd2e615a9d8075154a9abd6cf0fa7601f2458900741fd36
0f757ed80693676837139d6ecbf0f8b3ee365d0f772a90f8625cb7314cf94096109f61dbadce0832f8ed8ad18014dec764a693327df80c93545fdf16
3475747ab7da27dbdb4f960c71b87dca5a23f459960c31ad6f3f59064f6c3e5284b565e181f831f0fd67cdd8b2f0c0f28c2615ce6046181dea434b1f
0e0d634b9fff03757c30a63ec374a85341f8bfc303ffa1dacaae80dddf29019753c94f79aa1bdd16a6eb9f4ddc3e6acbf22f1673cfd73ee1237a4ef7
91fadd47aaf7bcf1bd610a12d910afb2c42e9b3552f6ee0aef5cb6b1a3fcaac8e33ffb949bec43a8c0112169d13083997520f5054c70f90e941a2c5f
c1218e5d8a281a19f642d26dd68046452ce8950d76581e3350327758e3a8f13c50f2ef4fd91b2e20e21687773eb09e35b86472fa97d8ad3c0f66b751
f2c0639b0d759245443c3ddfe0f22a53a571694df9f5a08d61fa537ea73b4e994fd91c9dc3da24951ea7b949ee70f1b97ccab65d5853b6422f8b687a
157a25d139dfc0eecf861ce39737c2b6dea74129e3120ce60d57fd8e41a1ecdd77e50723eb60cc491e70dfb2f33640818f5ee1f1e92775cf0a496f1f
669a9cc6d69741982c2e839da6c9dcd1f9a5ab577c205bde89f7bbdea749592383ef26191f47cdff4679350919d6172196f878be313afd017fbc2c1d
5bd83786a6cc5232718e0effa9a0a9c28c9aac911340f8298f61e681576150ceb478a643a2f351c7b7ff79b0b80abe3022587930b2d9679c16c730cf
b82c63f643c562edc2422316b9112fd362919b53ee34ac82a3de9b56eff9b4620fb7a5f08bad32a22b9a56cf6f465b1ac478e93d650f4ea14aad9b20
9749b0333e746f782c09ea9c7327a91039fe4dc5db59e1c1a20fd242f14d774666d8fcb234a562e45031159fb583d6275dbefe3548500ca308c5e945
a565868975f7fa3ac3ffc34e3455fb7331a60aa8f5115dced98c5e671af6bd0c7ab5442dfca25582b0b2c1ef92bd686a1eb420a5c9e96d2ae2a58d51
e297ee2f320a0e81b5b072844227564ad3d4b2769b9570d93227dbf726abf21b3b42d2001eed834e1e2cd6d3854ee3d28fe0edcd0ff845003fdbeed4
25e6587d32e09d59bfdb9f2bc80f9b1d18e0d9cd26db7c505e4f765874b3af62a14acb88a0c44916bc33a258aabf198e530a1d4e4ed336860e1294e8
8bf9737084b8323e0f741f9a63ca34906ca0eda4943a05967080d5a5f247759bfc31107fcaea66f6f1691f0c916eefee251f78f1571e28be6ea3c9d1
4d1ed83b12ce3eac8c0f0dc7108c69f31c0311aa4fdb4ea69ff25a9b998a17582e1c8c2739ad353a317cd61828e5155c73e29c841467864946b6d367
c710549ce10659dda2659d64653b23a94f3124937f0d864c05baf8059f4fd798db9078691364a95e63d5a4938aa6fad946a56fac70f80b45a78ec871
34ada5d1e4e0e874f205a333aae1c976b49f9d60604fc0820c6939274fb789ce38ca096e86a307f464abbfbd1b21976fcf44889417dc0c8db2b39d81
02235a16abe81efcf75f13f388aa1f1937bfb7cd2df9979eb293232e29bb1354b068ee29db4cb6a72c94973d78fe7317a8cf4ba6f1c04655291b2642
b1e3a62648edf3e0ade135aefb87cd68b6096ec2b0bd3ebad6a5a6bdc976f291c8b3948809b0f33a904a18f25e831e34343b84011bf83ce25e45f530
fb86970d79969a303191db3c6e7c83a56799d0ced123ce32a18d4fceeb38e91ad3ad59bcb5505e554e8bb3ee312aefab2ba0c577970125ce32b19da3
3a9f671f89a36a98072a6cd0e4059235381b26e608333b0721b0625e7ceaa15b8b4576e70b7523f07b7e61e39bc938659f7ab309cc8abe9f9ca94f79
b89aa4fc2e5af494f36a1a3355ce49c475cebc7a07e7078f7c84d9bc9ae680a779b544ffb431d679ba395067e78b26aaa1421e50986ccc2f466c4932
f03a0cbcfdaef4db39064148b32e813905cc0a3f303372d561a442936d586b64cdac4b5e76f45936abdf1f0697f3c12d1ad3421b2465f2da98ff10ed
58579f369aa73b6d346f8670a18ceed879667960cd30a5f4881fe924cbd5151def2ccb5550c4dc7ddc82c3bae55d5a90216ac20b3f655f63b0767b77
27f8c33464201dab6ae97c6081111831db276be93c90d846061ad12182a4479c113072c98a17c95336860cfc9ab7b14e42830212ccf0cf662507526d
732fc23f9b9d1d4292331fb167cf9b973f4b6db76f6388dacd81f9417ac1182f3e654bc96cf2f32121c84e21b55e817d5e87a65658354edafcd98ba4
c62b2c55793455c4cd2166a8940dcee8e469375376c7d3c8995f1422e05d66ffb219390cd5ca323e6d371002a5b38b7df1537e07397e0c4ff974053c
90e13562ff1263b0db5da6373067968aae8137675bcc011fe7d7626e2eec1c97af7a589497f63f064938e833afbea785316ef95244b93acbbd6866af
332c428ebcb0a81510884250a1559cef21a9328a52d03d7de20f51d8f9e3f01f19b65bac9751594648aa00afc5a8e753f6c5714bd93e8e99a9e5cf44
9694b7372f6db6d3450674b10b7fcaaf1a28ae734fd914f594e5eed768d0ba8d48956598cb65812e3f0bfcb4f81b33bde641f503beb0e40af45a2671
4fb6a545de46f1f479ef3915e68ff79211116ccb8b840ae65c8be3c583579779d827a7fc8a04cc6216aba6a2af59e631b3a971d626d4292b336b24e9
e29b4cc4f7a29b4c4ce916df64826717f9b1174649c13b93d7e8299bfd237b9765c8b94cd5ab879a136cea29df263a1f58eb048c5f561f4642c33a38
3a8daeb6524d9b5632ad01adcb6a49053f156fb661f1459ee56be4f9222d13e63f8b1225ff186a1bae71885b8af9e7470d2fcfc77bf3297b2803ed17
b9e660d8b838802707c9e5bd3e2de8679762df642af08e400597bee7fdad7206d69e3a71c07e5537ca329481ad360089ec58eae8659a902ddc8f2550
8d38b2952e2f4e2a31417ecffa1e9670948ce3b0855baa6e0de1973ae60ea2cc4011da8b2e5c9f2fd22f5db862b6bac83a6e61d98ce8ee481bc5645a
fe2975eb8baea5f44e8fba6159d0c6d27d05cdc45a4755287b9565235deca5be4ed4d965689b41d04de90af77587efce46b508e12c309b223261eab1
38c2d29aad70d98cc3204ac665982c2fdb9098a9c28916b9ea5c763ba3e58f5761d40afcfbaa87a615e1b27ba6d3e2ee2311425aea216c9c96ddfc4d
83d6c3c27d8edbbe4e90e061c81f87ed4f835797c3e39261388c5f83889743175e81868b826f2eb47058bea513721ac0d070d14de792dd7b398cf310
6fbaf9c4f46c793152c1846a9113782dbc9fddc750789aa254787a58792f8a724a5c5e10848b745baec16c196687c15ca1f9bd367cf393a72c735424
f665091da4b9dc639843f4ed2519e8b8d8b68c23fb22d48221d1725b1a2270ef4155e8be7de3c6ba971dd83253a50f2b39622db7b82123b7da8dba51
d6d924fd5cff060d3d0f6c851398b1fa128fc3c9faf3be1169b0da2f1aa3faf5c51573f258bd9b90a84ea30a3a848dccaa5b3a4c0957eb6fd6cf0fe6
a848c8f56761d0a141fdcee0af9399bea4ecc9084bacafcaa6626bb62ada392608ab73df708a5b1d340825cf3a0d2af9c593139aa4d40101ae9377e0
60f775b61e2968691d3a9aacdd75dcdce54cbefae68e3a6703852ce6f58537b50615aeaf25576d4c96fd0f39efae52b96078b32e1a3926e3d5b83c7b
7c1a58ac9a58a8a0a982b4b8385451064e4ecadca8adb2fb5a023b56c52eafbf7f32e45e07520a185bd7c18d697ef53a0ce8586d16c669637df5312d
3e444f59ec1818b30ee5cb4295d276c33bab7b0c0d5d155236c8e57fb32fb36877caba429295aed1b5ac8ae2f319f5e21b3246f1bdb05b80296b5104
7946bd0853c0cf2f906a499dfb942593a1a08c81cd074631114e6b35f4cff97f750e1bee5f57dbf873cbb4fa4e0e13f45577725cd0aebe93e35e7295
61d91218b10e9c03b335850d679c1c82a74673b636effa4c5e733fa85293074d6df48b07da4c3e4deefe00221db32987c5b5193764075de5ccccd5f5
dabda65283aff456465f4e97986eac4247dcf0adce7d1d9ff4e781fc1158d6f206583eef258bb2f7acd617ad9f163cf4fc31aefc72485fb7219d3230
b22cc37667757c739421ab74485ce1af9b65680ecdebe6b1e787fe1e5a1a3f6cbad10b91720f48c49aa7fc62c2866cdabcfd3177ef1de1f30124ca70
31507c7daf085bd2fb3e6583fbc603cbd39cd2d77103187de1ba5bfb9173d46a8cc7de24ebb685fdd2377e9cabd643de7a3982ac0e8f8e0a66750ac5
cfe295b1d9c226ede8e62b0c76d882aef3874eb9010aeb70e464f51eda3061206332649c5c33b15158c78d1e73a51bbc858d47fe009820aca7198c16
c6151e5bd3e5c5cdc829daf98f757599860c9c3d023e827868a2d840a589e20cb05e9a8b951fac8186a386f1174042f96996d7c1ef5fb6a37b509461
ba95d22fe7d5f53673d09e084252287b4d03863839222ace5586615cfeaff70011ff8d62f9b3c231035f14b712d3c622c8179ff077e37b576906b1fc
995fa950a2248bb0280e4e4d68ac77f9b8c592073e514442162996b0ac28ef05dd8af6babc7aa5150397f2b3255a8e1865e899c20ae5e771a3490be5
ce039f8bc28f651a54a651a9a6b8fc2fd3c8ea968edbd21f83823259c35da9c2ab2a8d4ecace9b4db5cc5a448cc340679d07a3a32162a8ab32bfc529
afd157155f9aad6199322ecde000394d6251509611e9308dc87abfb49c9f8a638fd7ac8b3240ddca175acd11ed45202d19c95a51344554be651d2c90
1f566f71cc988def313c2eb2bec783a438bfe0cae8e9ceab26ebf5f340caf94f1bba6f42595856f94933814a41fd31ef2bc25915de96a515e6d745c1
666ac2503d0f7cdf982dac58e985a6a528ac05baeae2acd3e8b48a3c001214ea29fb84953da714c307a8902d15f7dda5da57073e537cc4091d65a983
75d348b5bf22555a270999026b49d7f39415b005bfd9d2469569b449d8225c4b33ef3236b2869a3f7f787ba62323d844506bd1d5d9f229bf900267bb
d24747d3af7197163d565130c3090d5fd9745b8f76ad6c6e237f6c829013efdd464041916112576bc5d754283c8a62417007536431bf20ac768b1e06
7bf7626020141c82dbdcb2573741151614f4c27e8aafbaeb1ff6a5b2dffe3a0379d8242880b01c83461e0c1a334e727444d7556c228f1aa7584f14fc
5f0e870ae6bdf63e44f4e178855438629da5ac384b4177e51c24a613f672445b564e9348d90a68d69ac30326d0f5f340868433559a7de006b9397231
54749f36a1ac2ab254e242a2c85289dbb1629883bead38244542203f0f94fd0601e1b4ce28dccac039b0c765f640802b4605b782e5555f152ef9ca8b
736694ffe5525c989c58cb65a233f9b772fe442353045b56d87144a8601c755fb6b266745f567f9f075efbf45a764580dcaa1c2f5c7954591161a751
1db2020bcfea8c2ee874ea9f673b1c5a8574b8adaa7f9efd70687d2dde0b7743f5cfdda4824d655ab0017126a2eace8d71adb6444a3ccae781175e14
70d5510457baa10c306b844955cc8af58ff7de713a1fd82c75e50bd9dd14ca86298c83c0122ae2aab4d1f5f3830f038ccbcf583d38a50ef0141958a7
8118f8627075e6efcdfc52d0e7d7c9929aa191d93beaf83ad9d569a58d317679a0bbbf8fa5599d2d00a2c7adb261e266a52aea1fd722d5312b9294fd
79b0b9ca90a99815eb4413636c32584257dcc554a32b8c56aa43526054507da38832b24a23860b565d1c3c801fb47ae119df17a220ad8a6dcdb5425d
c7c06402e5e988c2b4bed8aae24358578d4bd4dd55d7879f3bcc2a9b7534cf7568a80a7f6818b2f9572561591f89f40fdb51b59b241ae05a4c2fb5c9
db8ac52f7374b4ed5521fbd66c1555d77ce8da6b31eb50e1887801472bd9ca474957e524c99540ad5200b368140c6c45da54ebe2739eadbea543a556
abbcd2e067ddc91113a336e359967e1b4b843f84a80a0249e6e4cf830c5cb35d42a18e57d263aa5b1d7882e35dedde8f20c3caa7a4077c1e985f7362
ac7d0894f46c7825224174f786b2b06e5e14484e9917a1a6ad9b2f08733cab0e1551180ca12e5481751b6d5285da84cadd4c153c5195c004cd5f55aa
bb95836b556887ce5ad7e51b2ab02af3a2f553e1651aa9d1f6bb393256391ee2ef598daa0a5250200afd651566420d57156119456075b088e553a325
58e50b2396e8b8eae1814b2f0e538da03d4d647e90f5376a977a8ef9cfe4c98d70fd21d14e834f26c719473848d50193e8a8d53f85f5243b231ca9aa
4321a30cacc649186b555b6ca3a3aebeb52bc84145325ed11b545fe3c1dad2f7ac9cb7ab814f0ebed5f989d1bc56991aad3908572b88d0ac56058058
0184d5de7fcba74e3bab64381deb78f9d4f992fde986743c68f3ea6d6996b16a32365a39093783237c8a9a738fe0d0d3fec61cb63c90e95b2449fbf3
9caed4b9593cf1c518dd9e075a1fc100ed4f744722b63f0f6e6a1c9aa34c4733f6896c6a3ff3407ade7e8307d2a40376710e6aba3b44dbd564fb8d02
aefdac29afffe402db7e6310d2a5df982b08b0d8afd07c98a2f4da119a51f8b6174dd51621de26f73a6d4c5e7f1926598f63ecd994210f2d789bbc59
67f76e9337e7a852dae4259ffdb2396d32eadd369b860cf4eced303b689b2d040a0f3cb019085977a31c6bc3e72f5aa6662455a9c0fb6330451b7aa9
d0b078edc10e8b06866ed9491025745b244d998bc5b73f513235a5c8e39eb8d9963bd9759f07633a33d82ff69a0885d0945999b37eb3e2ab46b3d2d6
41350f4c759a90b937aacbb60e223392ab97266d48d1c5c5711be82c70a7199dd1cdd5631fcd4b93266cfad06471ccec4913b67c88d2d26518641db6
fe605a5b87a1c36dc56127f8c0dd4e93c57192d262192b3793f762ba99837273a88ce42a7d1e9881287be8a3286bbea34c26d1d6aaa3418686eab961
e928ce193a8d26937614334d91313a44fb9213757bb39f210afba6b86568729aae345768d4952637bbad8d71cc0f4d2b91a9334accb9b83965c81fdf
eb86807196472187ded6fd7fba2095598b86a3754993a8449a35681fa1dcc55c39e3b6ee1e6508ba7723187c80bd208e66b0d7296b99e678d936ef90
f0af7c01d744b17f1e3891443aa1e8aba84c9a346c1cb39b72d9715e6d72dc4b529ca7ec79e6fb2a6d27ef2de6e17f5fd22505edf3407b598e81ed18
9d4ea75ea837fd580fef2dde42f49a2675d96bcefb2ffb905cf816c24cb5638c5046e4b0cca74b87cd2618c3431eb94171cdeab3f279201d7d02cc3f
0fbcdb06d635e9d3386fb717193e878bb0c6694430f14036c9082a5d0272146ea7f746b85d89e6385db7cb7a4956e8251700481aaa2f16d87be7573e
6b7ef8d4b18084e03896352138d490ed7627f97e1530cac0dea3c5b0f3ad1814745aca310edf4d46591801b65b595761b65ba90302f7fadf98989e07
a6784d591406f3f481e5a2feeb7f3248c9bc74e9ad384bf53f51f4e3bd150a917b5dc88c2ef69f956fbc9f5501651bd485a29fe63950bdbf18a83086
dd61b650ba776987381ff6c9174e59e15d976feb8f5172d804dcf0ba3cded6040c7f1e58da47b475db532585c7f3c05b6f645b17a8e168d4679f4257
3e107765557729902aebb0fb7e0e1fb62ed8c389af5b81948c07ad2f46c1130f7e1a8bd4b0188be500d1178f7ea65bb0a77c2a58fd031ff80a83d174
2804a29a76a9980a1cf4c29cffa3c9429e91b2d514971c7d951f5d4e91ddc9cfb81fe803947cfef0de997da0af565e7c7e11db446c77dba8331b5232
95e860fad023651fe8650c5d6a70ea5f567b2f1ebb0c7631078445a4590239f7628008d13294027cf76291d669f2d607e976b54883488542c0f4b0d7
416368902a0aa0dcabb178f42f5db65825eab3aef85c139710bd5a30d38d3a863ae36013f2f7cae01ff6a32e54036cee2faa999238f5c1106f1f9f9d
210434896d4498027eb131f4d72c6be670d01d70157e945556096ae94313f669d1f344599a31a4431bfda385979790cadd91ef9399f5796012292f5e
a71943ebc540ac7dc459a0ac4eb090bb3a114d5b57c209cefddd365705316a9b2b94ff5d36ec00dcbe0d01966e6e62dfc094be29ef2ae3a6e85e40b3
3e2caa284b0e04c57429d53eab7af728e5e0d815e71e10d175958992addb828a4b97be0f92335336a9e2d6a5ef16ba39a575594c0143fa3e989746b4
06a35cea4232e847fae9b3066bd091b11a0b64a8b498bbb39aaab471fad0c5329551f9676b70aa2e048323cbe308d2df6bbb09455c572cab8f94764e
5ca226f4cbdaddc217666236eedb8a1f16e26dc816e541379a61286491547100ecb79872e58741051f9cae32c37f0f36fd6fb837c79efaa3acb81adc
486dbabbe3aa67932f1c5279fbf3e63ef383f322f2812c075a56c66604f3295f320da3029f57a941a1a458dd9b8d947097db7ef2870e02d9a46a82c7
36699a5ad2003d0fc6fca6db5235219236a5c6c5ef6b93ea0960b9293a294b69536ca93f4ee99b35475cb36e0a2ec5d6b219467121b94da357697332
a68f14dbfebb974bd9ebf3479d4262851abc3c039ab649319a7360dd94cdab04196cbea6e3a66f9b6d5e94915680d2b6f0de896353a10396be2dfcc3
56b419b27dfeb61e33fd992de1d29f178f559cd237053b65b3dd6c3ec53de4e6143d491df69c5e3dea01819b015be183d91f84a601c872c0dd16139d
461d74e0f7a952ab32fa994d80ad13257e5bbc2a7342dd16e34a3a26cb772e713729a6daca7b49ee2ceb6d1d54a71bb2c802656cafa26ac6f461b313
2257609be3a3122a611b8aaa2827b6d52ccf1f87ab8088d3034123762f4959b1ae88b9b929d150fd41b5f44e9f155046fea494bd6b4f3c182e12298f
5e50838d0d6941d7b38df79245d94337234204c58b082b010537014080c55665ef0bc5ba8ae47a78131e04cc6dc3dc8b71aff22f60855613c40f977b
9441ac968e2c416ba1b8dfdd9a47317d6e660ee6410e841f8e569c858f54909d7dc7536dd3ed66a7578a989fe4c94f79770bfc30bc22523ee5890989
96334cdc4070081a99d5630fb8d92d118f9ced8578d3671711a2eb413f5b1f9da009a302b84961f91b73efd00ddc7c6e0add50e8a6af4a57caee05cb
5698efb35119f2b18464ae56e03e45e1ef2b65cb3ffe9724414e6ca690b9dfbcb7326c9bc336661414680b58bb6d4320d2c4e8433af5a2c4a9b326e5
164970896d37372d3c18031d2a07068c5a675320ad99a3ddb69b5f982ca1424e72db7b3bdb38156f0a0afb876451ccd71215c4760ca2d282ee66df74
61ffb20d1d16860bd569f75f69aef98374f118223d33eb9b5b2e833719c47d0082824d7019bcc96fb2340856c03356c839340b69522abf8e41f2f602
e5b933062f0c5e70eedbce310d995983de468d12e8ec9e52f8fd31f30a2fd19317f979a0932310e6548817c082ae813fcca7385e18cc6f97660d3650
3edc0ffab864a6011034c88ee66353a8095c4a36c583ed24f0d9641ad756cade80f2c36d51c90a56ce00521f6db71768c6f8f6e183d571fbf0f1e381
c253b0f9dfa6397dd00d320eb4db7b615c3f22e1b6721a99208d62476cf9c2986bed5d09a2c8feb03b796ea4f9fee734197f29dbf3a2a66c40d3f8c1
0bf8470b55f3460dbe690bb3ee4e00c04dfa6e48ffa1c908a7d1a8f6d1429bb7db4c0dc2f82439d87f66f7e0e7fd6766099142ece455d87f269aef9d
9ea4a5bce9fd2fe55d889d06c744f083820b7f2a34a25f793076e29030b90fe9e464c50965939c51522e286294ef0a2546acf77d92c503c33e8d514d
05f3e0e7b4a0e8b0e417d8671fce226877eb3cb30076a70bf85f635fae434bac1c97eb2b5ea2d8339ce1963831eccc36e03f988d86024bc2b3f4ff26
abc8aaf30059bac101b81c72b876377bb5dcff4674007b5abf411fdbc9f94daf5d5668b8cf7923348673be52fd0f424fa1c57b10c4c9ce896f3030ed
17fda68e9c7dffde2707e54f34e4b53053674e90e486c942b53bed9b76a1deed382fb6ff80bd111d7633d8ad68d53b92591c5c80f3241475476e9eeb
e1e3e0fc239dee3b122d0b10dd50c9b347e89bbc4feb63dc69866e549ee313a0b92171b523eb1b94ae1d3cdf694277cd38f1935aa249eaaac3cc707c
cec30bac17049c4e0716b8e13ba3fcdc58183218abdef43156bc6494d05a7be926a7b3789121a1b58be77b52c79e259899bb4dfa6e589dda7bf15de6
51f11fc6cadab5ce4d2f645664b969865abc17835df9636e774f45beea022eb5bb9ce7d9dfc479f6d24d7258afd07b3ae55003b81db323d9bb525145
e4c65df9f61293f8aef349a96f54425c1d80073eff2cfa7a0e5e53c1e887f64b26101ec4ccb5ebd187a1458c281ec67cb33acc03055bfbc47c084d44
f63f7c5c1b8a3f03781cbb3f791280896e7af0b8b693cce79ce73ea8802c0e0d925a2136907a086d74731e0297d35f681c931ac029a01d4c3dd412b1
c2cd037ba8fe097d734297e826115d689074f9676cf5c4b9f81a55e45dc86e32e6e558320f253056da79681065c9e103898a0d091ebcaeed56e8e1e3
d9da2d4fa261cae17f540e53fb051f3e7699fbe0396d65c2874046e8e649f384e800c0054f5424e75e80fd748f80019bc3d73d19874eb4f993e77eba
00df145879320fa148aca770de1a43e16668a9e135d04e0f1e8823ace6f1ccd7adde330f02c2fd1c7baae15aade2811bc1624cfe502fd7a8ff8151b8
8df41e88176cc2f330449cf1f043b78146c40fdd065a5be50108b001cd3320c06130f500001c433ef00718e9b91890478b06d32ba397e7a2234cf57e
cd23aff1417a614ee2030f3d7631f05c34e7d5365e5c75ed02c3c7f90af165eb4d80831f1b2d3c502bb1f2f48387ada34b3ce35d7bfc803fa89558d7
e081d99675ab9f1b0220cf07b6e125bb3f5e5051670ffcfff483a911dd507c11ca7ec623f7d87fea3903f7d870acf4ff8782388d10ce7eb290c443ad
14df8cf1083e1c2ae0196fe0f3e7003c1391f90f0400c53dd0a85f2342601473779ff9ec0dfec380070e2cfa3cf3aa688e78e65acdeb416014bb617f
1e623e4f12fe821c38e57949c9b9c5506c39cce27d68176662f061a01493930fecc2fad174018e9ae1f7780807abb73d53e1d99f2464fdf903a257e9
61fb7c8856eedbfb51b4f3530080e00ee0c0da1af30f5ec27e1e3d78099b9bf0d018de4a530f63a5f8f0cda7b0f0fff3c1574c748f5c6891c84f83bb
04df3ffa383255fed0c79155bf9e0687583ebff32d6cd4cbe8783fc7a1511fcda368d4c8741ec7c3588f0eaaadccf5ccd7af88c877e3bb50cccc97d1
efecd3f7e5eb353b8f8b2bb8f86e13b4ba00c721bb47401e21d617aad1562b7d691866d2ff856eb435555fbe6585805e8aa782f3d87d9df1174fdb2c
f4f1f2692b96c0bbcf75f507a81210dde3dc7e8d11a6cce6fdbc93732eb2f725f217787c61ea9c8bebe7a5f11fe0094c5bf9d2d479d723ed4dbcea5a
77aa789a7bff42a3b3fc99f78517af0deb8ebd996ba609228aad65d56f261fc6f90cf0eefc3c481a5ee10734ba328fbbbec83866bbe0f73be886c387
f72df3526a4cb0917628ab9736d2bb70d23b090591b76f9da759c3ac144c0a0dbdd0e0b4cfa7b792baf1c64dba5ed0eaa5e28135fdde0b4acbba952f
43bbee02eb2f7438cd6d7d2f9258a2785f7af7b565dd0b6f7ad9f2f1f726981685fb824d6c4cf1de915df80f99051a1611aa75ef5ea80e58e7e825d7
d8ba74ef3dc38ebb0bd0008271ef3397425b06beb135d3de678e4a5bf6ccb5d1379e394c6dd95378fbfd1186adf25183d18e9524de0704aa0f16fdb5
ecc905801f8671742b6ccd80f7a5c745d193efd48138dd0420c3a79bf1bf2c957f5f423de1cd9748d000e1e5a8b512e0fe9ade7a610b6d21e63b705c
30dff2054ab3fcf0fde6f551873485b6e6e2fb11ace9b5f0220a43f541fd2688d14a7e88852da2f4253fd7ca916f030914fc87939f704104fda13140
bfd3f2c2970a13e662bc8dd35eebf84dfc23d4fc6d243782ff014b341da96f9bb7a9aae0618b430570dbac2bfd017f98d3ffed3ba7a94f509fc11c86
6f9f8370130c5b07e60b54b014a6fda04b90ad64f1516bd332e68f2e53cc74f8e0dfd70fe90f1e51cc36fe0e2e8d48f66f06aa1749f1c1a4d74cdf0f
0e7fcd4cff0e4e4307ff230bc20c83ef987c0ecd1c762516017c27a29beb187f838190cc9dfcc03f3047e9032f72300aff00297d88376f9ef4c72054
7b766f384ebb4747269b48cf8f51aad2cff709be452a7e91abaa8d624001f3503ef012fcfefd60406216d847c640fa29207110dd021a7fc2f51f5431
fd34fad2dc487d92aa98e6ba7cb0f135c3e38326a659645fe24321ba01afb29813dfe40c08f37d3400311fe6cb3cb2e2807c790e4b4d6001e2f7cc07
77bef6e2f86542c9e42e131a685ee448da83e2470ea4f9c41f7dabec127f7e603f642be57c603f18d17da02bfc5ef9206c374dfc81fb60a2f9830f3b
13ee1fe35095e43fe0d0f94e0c76443201fcd14a5898f763e8d32212e2ab1c9166cd2007bb08de0fda92262fbfca216b5deb5c4737200e1481f0814a
3119f355be85bd15751e4a0fe265813f42aadaf380f0dc44c8c7e8a826f1be6bee9ec67dcda5d347c0533069f40dc226d808ed83c6e4cfd25dbcae42
381fe352ed7a4c7c247c3c2f18af180f7f3707ed7af2bbf436f86e3e577f5ac03cc42a29df3dc3606ad437593fc2931fc89ca287ff37c89c6cb5afef
21bef0997a70e684053f582a1bf17e93c8f199c2c3ff07c981c671c8a70f24ce0f4a8374dbf4c947f72f9b070049b107f4f2812c52f9c333bf8830fb
a6d6a7de501fc8931fecc437bad5983fc43e70b4e66f3cb90f4ba13ed227464e24368a31e2c72f680da8b0695d9f8fd2642b3e7f0c6d604de9afcd85
d7b4da5c588d8206c51e25a389ee622b7d8d96ba7f16e6f56b1cb3769ee44c74f70c25e201e2e408d9343a9833efb331b6bcf59c1b9ed736a26d083c
5a7ef2bc8402ec6d9bb0a1aa60c0546b85353cb78d8d1a64c706150d4e530ce51b5ecb86d16d103f87d7b8ed1c91a6b0274ee1500165087a6f37da11
5bf3a7ed005fc97fc0b20adeb59d43f4ff411bef1e12edb57e3e09f24b37b2055242bab22d10a466ff035732f90f735d3506dacc5893ba31fcc2e93f
5c8338d6b3afd187b1f9d82d900e10306b8c4cb5ff74c113eee310181155a33ab8171ac3315dc16bb38e392fb7e0834aef88c65053c9c33aa086a533
db0e6e86bb242ec9fe2877478384c8fa673787d0e92802a88db6c9363d69344e4e3f0538723ec327794a823e0d91a8ce9f2e71e674f11b74427f56f6
9cbba74990ccf46ed278d982f846cad1e761508e872d00dbc9493adf38077510491df99447da3c0817351a2b176f053cc7fc2c2c553e2d95689183d2
32807034c7b95181534c99462e9395c35b25c2d510e0bad68a836d5201bebc646f1818c019c9cf5e4283ae88746d17a96343b46b4ed205f300ea9b83
6c381db1bc0deec769ae4d8360e1b783b1f23f77fbe290b4085498d3a3a6c1778955d1da608d1c0eadd6ee396477806df02ad20badd5081b7c9b98a0
6f8320288e2cd8c00771ec83c6d049d68d6c375ce50a57b6c917314ca56f134b5fda6094e481b7fe000bb52168c8d5270f5c15b3cbdbc3679d27041e
ca69b5c446a7b7f96740a4170d724951e49f02d08b865def9c93fa2417c587991ee6ac6dde68229b7f5a00b3e815d3a668e1a70550977886ede313c5
67011a6e2663da47b8eff33cb922de6cf8c1b564a07d34c5733d65b23f05f0fee8e30b37b8453caff631329726f51190b8fdc455ee00e7596cb606a6
8abdafb62918f01c609652c4396a6d2e935bcc2ba74f0c32e830dbadc16ea58ac1d11a51954ff4a05b0ecb995b9b277a7ea26e887d2060d7f350905f
3df63cdf38c50583331436372067a8b8476cc4e2a0f5fc988436a2e7e746b8c71b933895275b67e1a55ef0e20fbbf203900850f43c2856d723f842cd
aa87479552d51f422f6c3f7928f679402484aaf309df3f9487ffe2dddf239c499ae22083725e88b4e72fec823f484e567103988f2437c00c37e71bc4
835a74d8bc88f9d2f33bfeef7c0060d39e04c4ae3d5d9ff17fed512057a1fa0fa468a20b3e9c13cd3990dd523427181a1f5e03b8a1933b8e9e8ff8a4
ebb9a8ae27972c69d5e1063878d541cec8c0aae7a9d4e77a9e0a7748c49ef58793ce39bcea50c14b3eeb745227874dbd8040a6ba00baf19e244d563c
49502775d7ba4287a6fc0c012e487cd24e5292be5da056a405dbf3700899f5c188dbb7ebff304fa9bbfe0fd2e467c0d0c6ab7fc495eb7f0634d9b5c2
8321964fcf2ef2d8fa94446c41f01f885b7cf023f744c385e1cae19b3ae89e2c5e7acf13b5f8ead270c5f31984d1f17308287d9396522f80e6ffe10e
3027df148680d89de7f3d7931cfcb4507efef0e1c5ae1d80769fb4bdfa81e6dbd5430433ad068d201340564d1296cba70f099869d58b007f2bf233da
f30579d7933b53fd870b9bee3fc0c3b3cf3994fdaab7093ef84e431ba8f629da5bcf039a04b52f9c91063c34fda27cd4f63cae49747fc463de14b2e6
3c60faf4fb19313487aae11b587535e8dc9479f2b4a88538c2db5688d87c530af6e9d0b6d03026fb0f839b77141fb52931f4282b453fd15df0b96bd4
461f80bb8755c9c7f63fae793a34ce8b4440d6625f44b03fffc0158f1a272348a49f16098a796e8023eef37191c7a4c5bbb8129a17cd97b3713e786d
d57766ca20ab867053c6e11dbe2760f43f00dd0fcdfb26a56a7c3168f163334e65ccae1fa47c939c8a1a2648e9dd7fa0ef6549f77bc1dc1f2dc49428
1a254c351b7f15ecb7cd27fb99b7df7f4048aba4a598b46e710177c38bf79229e27182c1560f75f9f2a816adcd4b69b647f5c248c78b47b780d92415
8340981c00752c17fb3d7f22af694d09a117e2835ba9a831d2a83a1b68c107e0f9f307caa57d0ac9a2fb21311a4519465d34f1f8a10c1b1de3685a6d
9e893f790bf57f7377dd3dc86f1124fbe4b8551760514ee7f93cd4e5dc61af514d47ee53e2a8dbba6f24e48a0bf8acd64eec8ceb257b8c5ec0afaacf
9dcc02ade4bec373cee106d4ea5f6fb85e90b96eee82c7b8faa3808e8bbbdef3646c177fe36117fe076500ba9f7b98e3d657c35c0c3509449cea3350
82e3f50d50843afd07425c9da19da1bba4a5d1a912e095531bc030a526e9f6838be73c172fb980e8bdba4b5289ba6dfb146cea32ede072f58ff8abbc
e3d59dbefc877699a6cac927e52cfc877600d14b83070af9653ddd03028b7a547098a7c0f43dff82c5e8ffc336c94b3799503e89f02ca310b23d3f87
a81e41f84950d0f320224ed763a10c337612777a86ed91663dde0cbaa6a93f053757414dd2dc3f4d13e45af4a821cdac3e226982046d4e029a389dcf
fca6e68958a7d5b73cd11bad1b606193f3bca03ee8a4be84a976a83b55e1f01dd45829fe62a653508d19d497229bf7fc80097e19ed79ae9b269de7ba
b9802c179f864236a9cf2809aaa81685f85568672705557c000b2e8254a57b410611e93f70e1dcc31c95ff00b4e479c196c22f8f1d3e9163f089a2f8
d383a48a955f703b2c89932f6b9d2045f3a6eb179fd94a998d4f1854af15f2ade7e71854c03815d9bb7571e5d4e5605bdafb4ccfcf75d2a819cf34ec
3a1010655683df8bebf2472fa4fdc283c74b40d2cac0fe9e5852bddf78e088e8dc415af5e1687c8c7a51dce50d5c9eb404a4ac92b6859455f12a339c
eae13f608286c2907a7658e33f105bf8ec9016ab5e7646c6c83e3c0887daffa14ea902ed87e73e5893c7e96b0449e8ee79c2f2f7d8354dc4bda8c9f5
d886e42fe20d6350f2c088b0f87b0862660049c77e4689f0e7ec97fa3e9998fa3ff4bc6af2ff81fe4c3d0c4f37c76ea44cefced93b3b589876ccd9f3
9880cff24b0d5d030e283f471f05527da61ca017560dda60f4ab383d3d0fae95470cd5e6ec15861698a9fa1d4a5fa5788ba8b99cbd890ccf1abc298d
fa72de9546da442c819d8e71b23b6d4412a2d376484e6bf6475eb6d0ca4311aceaf912e838c7ecbc40d77fe5a7002aa9a75b70547ad407682257f35d
c286cdd1e909dbc3416415c09c3fba01c3aaaccd083b94ba852d035888e2ccf73c6e69763d6ea9de11619fe26937002744c47080da5835bb2a301444
1063210c02ac0332f510b8b09ad371b0415001cc14b413e1a0b3092de331bf70a8002e33bc080757cd1d3ca8d788689526a5bf5e80add4a50b2756cd
43a6d33ea971f58239668d095a66fbcf1fb08ebae6814efbccfc08e7dc7b0d1a7a68b2deef790096e22f5c1c836685d0aa7267dbf33ca087bf898b19
fdc9c64fea13d02cabbad961480ced69b0e709a2bdf9900f56bd5c038dd4b2b786c151e39f041aef7f068017d51518e16b73ef386a7a7a87c46bae57
6f48bc603e6a09923551c8015a6855cfa0c098f5c5470d6c3779c1e979404fa1e50003b8527cd4e83e46ca7735643263b50b74e7977d0361f55aabaf
2c55caa4d7d40b6e16e823c360edc85e08464e2d9e383cf2650f1326ab87cf0a14d37fe0cae0531579caee79d27ec272a15c1c827b78f90fcd8ba126
cc540d838c0a1221f67c60172e00c5eacda8bc129a044c58ab9e448141e22d1c0870c7e2b77da0095cf1b5ad10477816888b5af5fc09102ed79f0eb8
8ebe84d48ccf86c8f4b7226e41a033e36c5072d113a12f19e285fddc00e88355b38ac34dd821264700a574fcdc4bfacccb063790ff56d1dd81f2df6c
008628a4558f85400db1fcd3256181a8e4f090e8f5c96760f8e0c57b08c87dd42769641847a9ad94fa7a41e657fc8fc2263a03cf1c870bf0a0970252
2f00e8156d1d5e805e11e3e1a5b35a4df585dd7e721e6c0961fa40fa47646778e7daf9030051be0b2fa1a24fd5c711a8c147da5d9476a00c57e1727a
017c6b19267c043386011f07e5061c9447f97143fd0908f87fc644bcef5183cf15b27b244af3ba51135ea2ea5e1010254c3dc053f2cff56bbc7ebebf
b0d54a06f683642a8a25def3c371c926ca3234049df69068dae53934a8fc4986746c73845105b08acace8f27eea1808ebd00a270e1ab639bcb985440
8ec8e1160d63dcfe041f1de0894989abe7895e04a80f06e7b200e2a0d740a92df40218ceec6e01da47f8e5d8b966ee60ee6b56c18b357003e0f0ec0e
e769d51fc01053f0a49e070e17f57d0c096affa21675d06b3daf0fd265a085d447e085721e7cbec31d927039dc2378b25eb640302da07a0442a79f31
dd7843f9130fa4baeee1c318b5aa503a33d7fe3860e7eafe8e09ba34296aa1298e4e2f88e8d12d889405fd0e2aa159647a1cdc29ff6170c6363d3e8f
41f0f57a8d69d27302f3c7499cab0ea75f021f561074fd78bbcba1a8117c1fa8f125a87f445e181f86380fa8a6c5c0ac72b3d60b60fc10fd075227be
8470f4bce9c1714440aaec0e2644770f244385ac8ec8408feee1418f1e3521938ff420e3fa1f348b34975e3d4c1a4b2fab239115ea33988885bd34b0
263003fc480404423307dcf66dbb07c137a4279a01f5fdcdccb5f5a1cb647008a51e791e321d91c981fbe983885dafa983ae9cfdb63d3217cb7d125f
8ae63d320d8b35b14cf24244d251c8d1300060480929e4f60272d00c14a73765717b0e08214faf5e99a3d06a15124e3e4793d813657d545c87dd7fe0
41d373e6803be5cddf80f3bde26332796a220f8f41dc659393074592c15082f60152d2adc735b74cc3be263b52a3ba60b0ec1d9b5cb6e23f30388bf6
63d27f4639b02888e6a01f178977119907a2d26f3eab378fbb16e2064a087f86926e9e7ca3a0c904f3081ff2b245b91f0f00bc71d403a683cf20e3cd
17839941b465bf608e87d74fd4e5f1cc41b8c59cb3d611dafed54ff463d27d22688e17ab60780babfedddbff82a62a06862f47a56f926f250b825e40
b690e1e9e04b65cb440ff2a57cd75e8a758c14208d346be3f8083d8db83e1c6adfb50f584404f1f1118b18157e736d35868fb3d06e51754e8ae4bd80
a4a2d1040d042cef38061966df893d4f1e91114d9bdba38fb6e92ddd4d26345cab7f42392e5866726e138a6415e0146943cf8d122df5790ede55ff43
54beb04bb7201990fc51922ec256e78e33a1899c3bbfa941ed5cfea07ce427f44d505b72a8def3906e6d6e001c2ed07842fb2c581a710e62295b9dec
0c40f2921d9e8c5a5a7ffe307bd03a1d20b744249f0cb525ddf35e4018f45340599210e849da4400e33c8092bd1570c364d1d249ca4470f03ce6766b
dde8f4d89cf5f3e0ca0b5d9e27e7ad319df3f6690ca46e0454ce1344a1d859e7c943e97a1aa9780c5408b33cf904ad22a7853d0fbaf4747e6cbeaff7
19495a0bff9ef47f6485a633621df4b43c2336ef74fe610377091ac0b720723345899ca44c74ff4f46a030e7f94c1cb4b626cdcdd53a24de82dd05dc
2c2d6c2216f33ad0ec517afcbde063179a07ed20a5955fcf8c617a3733b9dd22a0ce4c40264478661c31af65c6e5f5204886c43f714dd7ff0c38fbd3
3996357a7878738956380b0e9ba88d93de87e58aaf179c2c584b10c7f00e63a498c9f0d556c729bb14228f792e9a0a0a9dfb64e5b173a21522062133
e29e9f63d0370b991dd905583301ea584819eb1245f84096b7829ec7d627d7c35fc6ee215151287b0c63a38d7e62e595d1ac2bdec7c57930a1b51191
34985800b1029024d74f04a8115c3848c979328974292375bac43b89176dbfb426905a1a42c7a1e2f5f3608f34b5083f1d7011dd01f0a370449ce455
f4906e32113c24c61ef7d65f388ec2eaf1dec95e530b30e0821bdc13006b10373559bcd524d1b27ba06f1d31cfe20d50939dc7fd11728c3711ae8fdb
8d3b223811195bd62a2591549bb7e6216921681641b659a32452474c862fbd8074818fcf83f397dd030d954510c587a3d6b41faea4166a7a1c16e911
5f823b61bbf8e2c4fdfc0170c65f7871027ffe5f80a035c449d4893e8a2f6919dfb217632cfe03719b68b0f8f216791d5e4275518e9151c7acac113f
0024b7f8001bf454891fd93cc2d091749f2fdea4fb0481236c324e03878420ec72eedcf3f34004151060894c4f2445f4fc4921f00f2e98a352170177
4742ab04368b7cf5f53c09647749770c569d48835839acc690c80431073e1d8471023169d01a3f2cbbc4b09f561a4e0745f0d1ff18275d56b73521de
825f92e9e4fb45073b9dd88dfa27a18bfa9fe1f4471b91a0bfa430093d8fe3232667828ccc24663a81ab24a348116745344662602cb3fb539cbba07d
8bc44d82b2699021877cd2f43c87e006b8657a3b2552257a6da5c8216981a690cb7380ef050baa133cc1ca1358cf931bad0f40e82587be3d3f2ee5be
f9ff177c9569808397921548bbe77954852b1334c52d5d4a83dcc85631481902fed3f573cd34820ce577bdba13a2b15b9d2e913c11af2065c4e4f36d
82a692d5b0133d405a7d2565927e87bff842ddde5f9c73720b02649fcbc2cb22109ecaf4d8a68d2ee43afad2537ddc0cbc04ed27f39812e262551f15
9010662e247a7ab0ca4b82584ed6913d3f045ca689534160372f1c488a535450821b59b943aaa992a0d55b23210cd6e9490eb64dde7d781933a1fa76
0eb64d566cea9e2fc86b4a95de3ab31b905fe8f30f0b5085f8e8f9078f382d520507dc608d31152c314a178f9f96fd824d908fdf35b7415fbc186243
f03b91ed63f94cba382b7d939ae8424b699225a294d250beea0d9ce743d15b7b41d8e1230e2e90f91d69aa4bf99a0faa242b4c70cfe3967aeb864cf0
dc7ce96ede015fe39bf105dce1035a4c43044d52ac359c60f3998c60c849caae3fa1f6ac65843cf0f094e02cf210e1951eaa6968950741e2f88c3d4f
2a4a04731a0449962162cfd3cba20780d36d403764878e815ad30b0fa4de67863c55c8a55e80d3ec6d84ae94a23af47ce19268d7063dd25fec7f867b
deb9039a30bc46261f4cd02efb4f7eee80bf4f35412fe1a45d441626f8ac30e992a03bf573bb407884e07a1e546f22dc425a1f377d53d74079be0944
fca40637af46e80c4a260715bd00e8c7c0b821ca846709d34e8b8053c33110c196da3c06fec34098f26d5633e482871e2199969b9e74de26e0750bdc
9de03c1945dae80cc1a162ecf4fc2074e410b8e701c57415f23697f154015c29e801903746d4741e4753fb90217794f3ed9a8728d1bed87bfec0ff35
00faefb2ca69de3162bdac32048926eef23e575143a629a6150f33448b666ee49d94f3e94fd0244f7906133392cc01cb2a1e600e30da15759f03a9c3
e406808adec903404f84439e04a8ce7ba620cf433a20dcafaec723dc0a9d7910a40e8bd5f35c16adc20119b44e6f067559acef99415dee3e5c27bfe8
7accd91f38b10fa73bccecd01de0e89cee0023d20dcee7f4cbea1e81dfaa3b980f18cde104ea109d91a995a52b9c23d5955d1ff944764182ff277d21
ce31fb0fe452896ccee0ad598922473ec3b20b6e76e102c0b6d3f90fa678fa265869bb6f200c244f5f00686a99dd9f1315eab21b7023b42aa45a7d54
a6c6bd205d4edc081d46781c93b3e59e27b8defd05a01f2f0254f00df9729ad05943c8e42c0894e53c07ad4181d2b5d02b4fdd2f01cf9c713af402cb
193726fa133777e64f5c72f77f6313f4d6ca998f2f43ca49d51a8e313458711330e76c7a96070d9bcd3cc9052834ba036c8328ed5cf882ffe980abaa
6d8022992d02729dc4987aa8f38eab05c372598099416366c3c64a32d9a7b3cee3ea2eb030a2a3334585b69ecd752e8c867d31b685e64dce5730b0bb
00b17d452e2c84e7054e96f93319eaf83f83bec810f769ba1820d2e7ed9a8040b3b8e735551ff79cb80bc87637c0a403543faff33d67ae715125de52
d3fc907bec713c9ca93ef270a6ea925a5fc5538500d172b5fc50d3c14075527e5e2c527ebebb901f16ab9ae5679e647f940f36af3fbd7b58fc975f82
7a53012fd9a39ac74b1c6b2ae09d13d1964c7ad074001d8507b19ff24b1e9aa137693c5ff0c99ff2ea4d1a4fdca63cd9513e59df1cb89a7ce4457bc5
e1badbc2953c94bd8ee083f2f1348b0f97dbec52ff68407bbe31882c7b1caee79ba9f80fb8f73e690d87c0a77752719e38848e56e2ce882b2ba7b823
d825d8225979449115422883a80b9bb6b3d0eab1fefc8168ee547e3c3fcc4e2ff43b66e5e40289a41c5cf73ca144f127b077c55f207d7e78cc73effc
0d90753a95658794417b5b763ea1348461547918eb959d26d1ae9f93740181a1e05041d85939651fd17906755ddd23e16f7603a039112c851a66360f
2ffb9cd4dada42934adbb716b022771dfa1288e6fa79fb03a45448357a1b60a0d9a7e4ef1129fef44f99982715184ec3038291839e69658a65bdee53
2c2b705e40795a1fa840e86a964039f842d0792e073800eef1004cd38d2a30cf3c2d342883d23c1436b6e761e713dc01ee6cf108b8ec02b3e5e42dd7
152b24357d3c27a9a94b5a2629e9e3076ea7516981b5a6dd5a1470374d5916c6a9b1939cc2b0343e3c917ba549444a467e0aa01e56dd23b89f3e5c91
00f3a701b4787ce2c11df543a944d8a90b4d96044173759e1742047921dda73745495c14ef14c93a01c74247b3c1672103bf798819075620bd5cd067
14e158c8eb717baa805bb45d2ec20dbd01ca4564e53b706123c4032bf45c60415b81799ddd10949b2c536f1dd9415e1786d4b47ca8dce443ff7c83e0
eea74f6a01b88f872e364f178c95b1e17b79b8325acaa911ee0307d2c016dfe599a3728b392a1770f1a2bf41f86468f032488ab66760d8f4f30df048
a297ee635014cf62e25311f6057a3d56ca2d1f1fba3e940cee7e78e21f19840607df34e2d7720f464bb6aa49f9f8ba881ed68d3f38ff0ea7723e9603
87c7c350f1832f13e31eb259f4e02a6d0e5afbdb40a91b1fb63966b7203b4d4384e3012bbf15b8d05210e06142cfddad2ae071f01f2280aaeb493f09
62557afa34a3bf6e5ca5a83caca0255ea9f09075d8d0aa4225c80c82caa08fc6777560d43c24887f808a2aa2be1f3f8d4f34d6f0769e67c1e43ab06b
b65d789d0a43ba8675e0ca4ed41ccaef68a02599523bdd900a6c68abdd1ae62eb9c580a88af133549241b5ba9e2f424f023120831ef315cad23e28f5
e0f117555ba90c6d195d3de6b435a88344840be020b35f08cd73f25144b157f0516c4f59878250b64ca89e84dbd95df2b0547749eed14f010e8bde81
15d8cd1465852ccf067315aed4fb20b51227df3a42673562b74483d629bc13e8af91a3d6011ee82ddb98b646ba78abfec35c29f730b747a3826ff578
f8cc47122b3fff68fc873a4dc406c2a215bab287f8689542959ffcfca87aa0d74c3bbaa9e3c1eb287a3dcf832cd85f2f8213117df5e25268f5afb981
fa060cd0cfc3f941f02888481f13c94883072862447b9caa372e8745161521417e967b60bdc35296ca1021165954e859d8bca34e9946768bc60275f9
4c5f692e9813d7300792fb790f572039b37e2b34316c635281d26cb151f1da8d87811a5ea63fe7fa058c108fb2424c61838b4ad5577b30a9f3a15adc
23242fbec0d08db5a94165280fbfffea7bb14b8f0177c9b09eceb22df9a8509eb551477d79978a07d5f007f5f84dc8ac41408bc25aa8f5cbfc84ba6c
3ce642aab5611ac2e4b5cd69b805462d0c56191ad936b215c1a04e4df3dab0d462be5e141d1ce21f5f1b35587451ae0dc0d1fcdc0b48ce4a58d746cf
a4c905c4f4c55ddcece28f7876d7463ed0cf083e50271e00165a84ddb5935fa0ab7bd12cc954d83570e28f96e2b54f5241f9c455082a18965cb6afb9
f639a5aa828f535217817b272c7411d1999b7a4d3b705dff0bfa2ad19a5b170d87cca7bee0c0daaacf57e076ab87f1883b4c3d5c13b3e91e5c0c2762
d3da8bcf3a1ba95ec79cbaff3120bca557176dc98f9f1640a762905e277088e8ba8bce173701b18b9850c4e475826a12c7f43a799babff801326f2f4
22663403f43a79ccabbf89cb29b2ea3a09ddf58938c7a42ea15cab18b73dcf532e5c7a11f18998bc22d749f8fb8a5c278d899ea08d3a2f880814b2a6
e7b179e2b65d0c3e5a7ffe80732d387b4197d69a5e1718fed603ba1286281eee95401ee85d7041b3f6e75ee2dd67e58b0ba61b56bfbc2ec244bdd02f
c6b032c3f08226a1d1cfc5679c1986d745ec22987741aa6f81f335319c17fe9e0bef7ff085e4db7c13ad6a54e4f1fe9c2f06b9322fef22124cce03b7
9b537621fa83a5cad7e2f0ea9bcf8482eae2a11326ad04b50f6ddd76c1eb49306bec821defcf5bf17ab0bd22102f280fd61f2043342882f0621c47db
465e0c616553c50b711b7f9e971719b666975d30eeb505c105dbdefcd303d7eef0201efc410dbe394a1770c3bc1fdf1c95b614fe982d6bb8269e13ea
bcbeb9835a6e18f31e86f87c1a0a5b5f34ee354fe38287e653f8fffa0093848baf0f6bedfa86a51562bdf0341c5ceb3f41488d30536ca6abe1ea0b0b
5f8c4871f82693f76b9ecc453c2db47cd1558a39241783369a4372d3f6d70c907b9b20ec5441e0e6bbc9c161f81fd808e1e19bfe98fde4be116762f3
81ba81a937eff64d64bce9fd7613d9daccf3de794a4541dc3baf8690e9cd37a3b0f1bdcfafba4f00aae23c0fa5488c9bb11a6d0578ef5334a4a9edd8
7061df9bc1bb0e81ae3b00580a63dc7c66da4bda0d1e6bb501e41da65b1f8d9b9e928d6eef816ee3a1cb760f617d3693e406b2dd7ed68aeaa3e6fedc
88cb60cb80fb6050188d81caa2b63ebdf1ccb4ced20dc7c6d61fbe815bed21e486b4de6e78ef815a0f9bd5df67e1105d3097c15fe0dd8beeb2a14bad
e4c0add98fb51b16b50ab4d6f37315d4c1c094d9af9e1b88d25afb375f8cd690bde304a5fa04cd4ecceab9211c1feeb95540a02492e14e1354eaab69
ce5cf3209fd4bc993b31749efe30b4388b0596779ef7cd055c6ce7231aa8c34c1c210c7fe70938344a86dcb4c6e40d71f4f6732a0b36d8470a2a953f
1c99bb105a09addf7028b7fd9ca1c2532842e2a688daba797721e9e21bca78de5628ba69006b659a1b8a951683df43b1d2d1bbeb5de744d4a0e2d8f8
e055785fc86ec093ec3cf18e888fbb72bf445bdc78e36f3f47b7f2dc78b12e822643c88b14f7e17fe06c7a94d75c1a0d6310498742aef5fccde7b30b
08ab0c7920c6fe59998bf19c35ca7bae8ce631d8028884fe07c8e9a6075f1b75de5093343d7f3368a8398637e8a96a4bd31bc61ca66c6fc4cab0d3fb
9b2273b3b66e88ccabcd8f6e1058dbcf6d0381e537c34dcdc943d4d10dbef8119c9f1ba153fbf07a7a54b4def0ed84f1c6f1f3c9b9d9ee12704a14fd
4d79b8196e376c337eae2f6c31ac917abf734cba272f57ceb300f56426f8fd125c7b16b0a83d4df4ddb0acf8b9f0e0091c22a0ef0fa7de87e7e31835
6b105b3fecd2fb9b83d418a0f068e5c11b7cf76a8dfe1b1e81a39967f7c7edfc29682c509f0ddbe92e404efd6c1684e73fbbdb088e7dad60c46ba5b2
bbcd516bde8da489a131ddcf995579d388f7f0bda1cdae050477e329d4a17a060d55ec05ef41a4aecd4a8a0fd422ad48f98060b2d0ff81d6e3a1cbfe
805bef513f1bcee0e9fee6d2ba83070d8af270be9cdd80f05ebcb4679057a7f1f9c338a6e6423e60ef1f221c1fe8497a551e70f0bdb9cfe0e0671f8f
6752671ee220b6b21dd63e10876fb6c87e761e6aafd2e47d88f1f980c77f48bef404c22471991e464e354bfe095c788d1ad4d971ba475267d97fe081
f15630b697f9984fe0a3c213093c305e2a08c9e3ee3f7cf8a807d5202fd22020223f44ac3d54ceb471eb437a4f7c8a67d27b422fcf64aef880d0519f
f5391f4acd45fb3c305d363e7a0e8691f0278877b307854988fbf2d05ae8e74cd372d9bcd20762f5cd08ea39492b79a290b31fa2f89ec17fe9f93f42
480f284a73351e866f35ebf521eb452c8227928cf23e500861bbe5279282096e02557f51b90f7db06cd17fc032467749aa56d8e3618057fb5c7c224f
b9d8334f9ce3f6470815c5f179a0c1797898892f3401eb27cd99f91f137afb1f5c598d7b12a5c2490f23bafedc8cccbb254aec61c456eb053d99bba7
6fe479755c00a8e699d2adb1ad5c1fea585affe4f910c65df0fda1799fad529f8ff3d0d220e292d9ce0f1ef48708cce7035c1421fc10c188ec7dda9c
a53a44946afbe8781a1e1962193e0d0652060f74126156fa33f1896eda3b39dfba8a2f84b90a85dbf35847adeb3b84b987a56d2f9183a8e877a3024c
f61f78e84479bd60649b227929bbb595ec4be02e6cf012780b07be3bfd3f3a4fca4c7c8517cf60bb597ee1cbca16286fe09c3467c8524f3da35fe8a7
3bb4cf4bd9ea4f7b88a383fb27fe128be13d48cc8ac0790feea4e0f47b906cd753fd3d68c0ec2e382931b1df8374fde1168079d92d386bad029c371c
c299ef39b75a833a898f445cbe7c267b234e3ea2aa0bb0709e059d591dd13de034647f82974a60f785a8d51e285f3e9b75c7de48768ed71631790e1f
58802c7be17b273c12607d018fec82e21df0e8c83ff5dc0a41b477c2a7e87f60197efe30974163487cb046ffe3e2deb80b3e1e34cda15c74d8c7cc9b
b057defd4c1a4d8386a9e4e1139d494a7a19a0107efc99f5eb9bc9cf12a5fa660a9fa3bff7b14003a6f305b3b0df427424fed54b0fed1650bd707c70
fcfc813be77a3ea77df10b4957a18e97316dccf47ee94f4a84c30b6f518705186f253f4378f6a5cef7a6e7cb5bb950ea82be0b362ffd85dd164becbd
306c0930de195d667301a0b8bf404f035638782f4650da5c80dd16187fa7c45b08efbdb1dd3e6010706f3f0d88dd3c8b1bf7acfa0f9cb66731b4bab2
7dc6bdf044707865ef39680f8198dff3a6eb81cd00e8d9d844ff7870777d0010fad1e8ee7de6c5f21fb8d4fa269ebfa777733e7f8593df674e4b0b33
c3496feeb2a10b2dcc1092f7bc1abca43d8593dff19ccdf6adfdbe88f9e5dd7d09b13cc897bb29f6c94b47a046dbef140e78213ede56aff64792584f
c7f7e3ccdd22736ddd82dc61bd58def95e1571f042d9fbdcdc628ed37fe0d268e60ccf680ee4db605565600d4f9f9b5fc02fb5bded0ff88524fe1407
f20539618da1171c7f5b41bd0d63f4d2b539c6b50e1f75c96c13fe6d7321aa0a2efe6353c1cb82a082d9e95aaa8fde364d937c08ec7c98b7f441b09d
c5dffac859b781f4473f0c26d5bef1daeb33d11fe029e7f43733e59eea11063c8e79f6e58921fc879b9f740f8318b447c52f73eddc6086f75bf9325d
10e80f30d1b1a2fb07abf26ae3e30f1ccfc3fca9af603bbd2c60469e02a65fc585162efe2a2ca8450b7eb0023f05d03fea230dcec21f60a5afd252d9
5f2b6ced82b9441e1f964400e89b9c4d91445f05afdadb78cd03ac6db83862e707c17c082f7f8c9e6172f703363883f380abbaa7df454cea6db93846
adf144061ef4458307d10adfe47c8a6affa0ee74f869fa819969e761df4d054b7d13d8e00cce03789cce232aa32fd940069dccd318073238f3cf0078
c576174009357b404309d55ea3bf876622deba072e797ff2f364681d9fb9d91a237c05fe38e9fee075c68aae1f4c7d926881ef257f581d2072999fcb
1ff89ae7e13c6907cf7af031633afd87f15ab33fad6fb23535879703d214a00a65ff19df0b107178408daba8110f3cd1ffa0017c6441085c7ef01f73
7a1f2657530f950f6e02cf9f0624db92bb04ccf722b579b65c80a8a52605bf466ea038251f84c2e74f9eeb76b8805b27d4f4c172fb144afdda9cf86a
d1269417b46cb4ccb6897e9b22d8d3fff8108e24284faea676abed6409e851d6f63933ff83ef1d3d031bf49decbbb0ed73fd350a3c344f1deb36f1c6
e13f7043f4426a3b5f02d94d48a0fc7c84b4f7e982c67fac4d6db0abb1a260031ff11429dec2dc21372023480fb90655df5347bf0552287a41b78333
d583a51d73226a72cc8968aa07f1aeee578321cbf9d302b18c7c7adb31a186c68907ea19dd2567aec3d826974e38af9dc4dc7a6036a80757fb766827
7198cfc109801cdd451f66b4026b1b8cb7345cebfe014a6a3484f1ba8149e728812df2dceac5dc222e8ba8cb16897385325be411f2198b73e5dda4b0
8956259254f0312453ceae115a244ef1994aa0e4fc87042a58146a4b446bc505955d6a58d0923a7d08e1dce74cae9f63f01fe618b4368937d4e79681
62edbca0656eb79ee20dafdc53d0ab65223e1fecccf320ccd7c0d53b7de9e101e84cfe04af5ff41f5e16e89b051e7e3cb1c243e9ab51095804f75b25
11219e4523d963b832c91edf3f0652b5fe71839db1051e6d1032d1ea5f6d103263edd4033cee9d062b17819bef12ed8ecd176917d7ce17e1e29bc34d
602bf4e345a1312e96516ca33b3a132f0d22ce68adb3f6b00f3d7e1b34c04e5b0137d8e96cb214bf32deae51ee22ae9b9c6e396b68059cd778aee3dc
0b1a0b66a70df621fb21e7f2ad823e3ff4ac6fb0c018033b5741a0cad7a2057b0195e3d7d3b05588250ebdf41b15ee0f4978fb36c264483cf956e1ca
e91413a441e33ecb7568cf5ff8c322cd5ac53e9d7ac136e89567f95c6dd002df1d34ae41e57a77709a7e3610836d1de946dde4436a1f0d9ac145afac
06cde022b2bd4133382b7849a362f02935a106c5e072163718ce2ec40fedf913f9aa3c4d6c37ff61f88e8edaaf6be0c92217413d3fd861715da99e7f
9077fbe1eb22fe0ce843de1f84ab0bcf10287397e7c55e00df17bbf37081b9606a83d67149873b60acd4e402462d7507f0867d68cd182d74bd071b74
924bf20c03a2857846810a841ec00b6a751d03e82cf75d2e7ff2546ad4683e0e0f17fce4434ca80615e751e00f800297d0b541e7b917641740d01f35
05d00487de3e8d3acf36dde805951fd12a8048380e4f1b82ba435c8a5e00552e7958eb05bcb9c15ff958e07135f6a1cf9e73b7b5982797c307f6e472
1c1ad8c9e5886ec2e5c85a9f93cb113430f0b61570b241dd7af4e92eb81ca75b9066aa1a396891fcd382ab91b54b27efb62fcac9d5383d2caec6e102
ae46d55c234f4e54a791abe18d8c5c8da03e2257c3a73572354e2d719c87c305048e51238d5c0edf496a7aff1c97c8d3915dc0d311dd29e4fefb4f1f
f443e7158c73efb5c689b33d34f4c4d91a9aa5395bff83b315b280c6f8ee577e83caf8f88a8e0bd4e2a25897bd80b30d6ec2cdcf6ec2d9fa608382ca
420dd033dfad23d50b103d21f8d482a63ae4b1a741dbb57acd3f04e593da7803db2acb7aab7d10cd8bd6ed79e01681d1369465f5626e788615f14e1b
5e616282f52cbd63294b8f2ecad2b183b2197db9318c9f8bb288b0e5be866deee13fbf08dfadec20d10f773d223de9f6b79dc1b994455bfd79670818
6547dbf52469785a29a476c3134686ad0d2f188374bc5f245b6d78bd28a262c3e34506a8ad0d98242e726b43b22ef14ecfa2670d729c7b79e66f20df
e544a935283fe9f6b6c13c564cc29e3db1d0fe37b6c5ff86a75c2ed67e23c0f41e96d27f2fc0c50e4bf56a6f08235e8607daff10efec7df94677db12
17f702e0887dbd34f6060f3abdff49220d7d661cfbe53ab217c059a52cc2460168a4c5d6eb0517657ef3a68c026a739e6a023bf8736962f6823689db
3c0b10edb9174cf8de0bd0e951f48fb053da19571f882eb44b5d7ec85e19e76182da5e505850d4a4712e757d65fab35f1ad8a13f3ce63f5693086c76
2ee70bbde0a67e4459b38d345f38b41e69d1676b4d13e5d3cbdd662ff8a89d54d602c11758ef635f73c9541c5c8fafb0d1ed8934057b0170b7940f7b
016448d2b2eb8b4d41fdf25d1186771dfce3584d2a84827d60ab531898eed2890bdb84bd2bb05b2fa06fe80537c30625f65dea65bd003e978e1574a2
17c016e658d61861835c7a97a2452f98bb5f571f2f43762c7c16b60fe390747214f0b3da868f0ea716b20efd88714dd771d819a7554cff5e405a6619
f30f67a591ff88ab808ebe162d3e0a6efe23af02a8578a61dc0bbed9a4ac0268f88993d9cf31f41fd2f2833f5c3927fe63758aa053bb7893bde061c1
b9bec27002fd4d105400f3c2a291c639b0bcfe914e16ac15dbe18a74d076eb2b709fd8ff51571378d11b056b810a5e9869f9490e3bcd6c730c6b72b0
31cc45f987ae45e28227fb4bfb83b820ce3e4f433c57134af87bc15a8e17c299bc1c7af682ca7f44173c2c5823a798382f8fd1bd0087302f83fb5ef0
cdd89aeb1f1f2378442de977707d343020abfe8fac82ccc92d10b437a877f682f98fb0f3bcaca7500808b43b8422eb1f073b4d2e809b915e30b72524
7aa95c2cdd5e00c5d49cd62d0df0b6d20bd68a05fa2e917fb7a1dbd258b0fe417bb4bc905c08f749fbe7753c02d5cca5891102552825c7e8057885f5
82b90d615edbbcaf3e3e1a762cd657080d7e49b7e121f33fc45f7d69e8b17f852bed053c6e2ba6ea28e01e2db870ec8dbe98d762754085b3b28c457a
019c909dcbf7632fa0fffb65a93d0a66935305fc6c52a7eff4f8ec3e2e1604153416a80fc285151daf17343267c26a3291512e2eb859b0fa6070955e
b0c67152152f6bfa27bfb202938423d27e7389457a41e53f169a3822977019708783dee073d11226bc1bf37236350aa8945af50fc296a27dc9b0b8ca
452b0637a5bd20ae816520d6543552ba864ccbd478144c2f8b6ba479460c5ff7ef80ffb3413ce8b3f44656b4ea854774b9421a01d95f16ac3eaecad9
2e12e078c0bdcacb7b492f0017ed0c9aed839d3b96557d472308099e9789e9288059fde24df58293ffd002bd3c52cbb14f2f206d5275d65fc292aa6d
6850f2c94ba1b1d35b272fd33ab8e746759aa580133a668789f892a8f602c6765d6634bd0073294bb61e4e44181dcf9c39d2f3009bb12c5deb5e8018
5f421b1d07c19e7fb17d7b011c7197c50e0d27fdd429367c380b9d41ae3818e1e443ba2c717a386fc6a45ef28b5ec0f0384b94104eea8017c196f385
97b563e97985f3dba6d8a4a80093dd5d007ab82c0f92bd80de43f775e6ce8f41f4760dbd4d81db42247163c0eee5436c04f18b2c988b1e77689297e5
24ac17c0cf7859fe1c7bc1c3e957356168d9e55b3144c4631f05ab8f40ebf1e5e2204406b12a22b2e3c9c033ebedd10be83f6229ee766a679bff584d
10b7a5ff63513391fef24fd1e591ce51b3ce4bcc9ccb0a3ad60b40569465df1f221d6fad80b19d802731b31e21a3803ce745fdc6e91963bd9c438445
70dfda052be345df4ecb69eb286093c9bde805f48db89cb686481ba3a26bdce11eb6769919f602009cb278ce214e2a62c94e43fcb8c6c324e83f465f
f1e31916cd1e3f5036e5d0343e062a5f7c8a5ef0cc7fac797df455b99841bde09b05abd3467fce4bdbbe1740c5b288888f8dcbb9382abd00b44f59cc
c55ec050728b8fd5498e8d7d2c689436884ecbe2c8f5027ab359da7fbd00a18acb52d60829e0d81fcb4bf3f06ec897e37a8fa590d947511346635a8a
93211de70c2ebcfa6004bbb298762121c4c37084b89a243e3697c65148f088ddffb11628153a683f35b9e9d56b89c0871f75ba007601a1cf19571f90
1cf4af1cab8f3a3bd5025dbcb1a7166872dc96b4b117201e6759de947b01bd062cb15d2f203edbf40fda8774aa7e4dff61b8d2151caf175016155cc0
812d8b91903ee2a24ddb304f615c4f96449159118d9e1a0c9bca0aebd6f7ad314ee0ba2a3dc5af4c46452f00d15096cfc09049229515777914dc2cd8
560171515af0292372602f58d7633c8058b03a4df4ac99d649ee059105ab0f46c32969917b99e13b148f60c42b3ef88fb94039134d2c6ed188c4cb7f
acbdcdf0cd3d0ae62277a4cccf2efa2fc3c7d12074d7025d85235dc45cbe191a62b1c646013ebb7c84f502bad95b5288909f83c6dc5a8f0754bcac79
4386a271c74e69fde385c363e9ca85fcedb36035697c9e2f36e48827888d5a6e457a01829196bce632c02e9670ad69090c9ab2a2b8f62cddd8e5f522
298814bacb53f888f381c3bf82ca8f40019105ab4964f45f11d925bd5c8fb58405310646c16a32dd912d6ff8a38011e4d6a1eb8407a328ee6a52100a
76797e19058cb8b5ce58991759f470b956e46bfde364948f8503cb35a30a6bfa576593050cca458cbf1c6af7025e5351cc6562b4b2689342f3d322e2
b6d0c2b1881e2eb8ea79f14f4379b9d7cb41652f98e3fa139711fddf33c0e802cfe5dbe75a251570044505f4e4bf78d8bda070e20beb96ef63a7559d
c2e5f08a171f4a9ba13517615326f0595eae420d3cd3cb1f502fb8a7fbffb9fe7dd7f98fc573a9f1a14b97b5653310d0b1626a0706c418de94560142
310c95d0b00a22ffb1a033dd620e7f4a6b60d7346b5a37b8d331142268a4ef4b6b9ab0faa0b26b5d3a4abd807622c702d7f53ba944bd405cfdcab485
5d9d525baf2e259540d5b761e4b566fb4d5f258b1d52db436bd9ac8237ff4dc1b5edfccaa2b0ae2d50a17c9db66b2bd312e35c056d2aefcff5b8f63a
55ce571fe126f1bcc0e4c590d4551cc87e93308e1541275c11745c5dd15dc295a636daa288ae049dad6d99bbf7827bfe63755a3f6a392cf07423dcc3
ae1817bd80087fb9191f0504a4eb657de7a9d653fd0f3271d739bd73625cf05305880bbe2dbdb951404ee8ba8f373cfb0ffe880656c8305957f886e3
fd11724e7d143efad6c1ed058cef11f48f4ad4b320da0d9ff4bd206be817747d764fffa6642fab0f0487de96f7dc51d048566860d4d75c6e43470144
6c4b20dd0ba8bc28b9c00dc7db6113f8b8e9f57a5bcea24601284411ed6fa4dcb72c32eb0b99bcf405f23b8d5db97373b61f42e1f43ed6156b74311e
c53b6e74ef2d1e492bd4875861fd4641c11fb2f29084aef878bd6092b6c50598fc0a183c0ac8655a07bb154af897346b141002ad8bdee0187a0c23ac
020a82c5776985b252bdef7b01f72de81f2007fb7aa90f6858658f1c811ff2a13c7d4e8ac2ec059c6bd037ae392c3581cef4b1345a7ac1cd71264dfe
e67d0b9a2bcc3ac4f16e70fefbc3836bf0fe9b9728b5e7bf2943d1c4a609467f5dfc0de62aff06e26aa4e76568390a801893ba6fd321ed1a50a5528e
7880bd8072b075de7b01b58bb4b2751e0a4d8a4e6325396b701a3bba50c1d45958144eabd4511053ac55ca9875315b8554e3d0e379ea1b9d9b07fa52
f72c6918f4d6b0ac8f7ac174fa3f0b4608266af6fd3b4cd8bf5efff8bf3ffc7d74d1ff3e936034aff221169dc98c8075ab623c9b5772aceba626e3a4
ac24d4c8b26a1ed7d053e2aa79fc79f8ec5c12df9ecdaaa1106e5b3583d3b192a4aa57cde7dee8f2eb508d7b6b745dbf6a9a7b8377862573dff6419a
ac24b8f479693a8cd7ecaa0b3451942e7a87521a45c049b7c6eb0069ae439f0ae0b31d9b56f6d818ee5635c93580456b2d8e5d633ca8eeac2001bde0
75ddc7baa0baa63afaa12adae163308057f2663b8d644098959c218b5ce7b120e6e126538ceda89e1bf82e3285eaf9c355630a9b5b5d8fab80a2a4e1
bf1db77b04ed2ce5f29e778f30529302e906f9c04a0261491f7f03f761251fd665d57daee3489626c88687ec4a467caeaa4a1b8708f1bbec73364488
9f490888152d744358f595e4409672d986f8e72bc9812ccda1fd3b565d4f424b536624c1f77c48db079648abe608aa818eca527fecd9ea9a010f978e
dff8a86aa07995143f69c8bb55370cadeae1aae24114542d6db5b0c7b567c30f115a45552557f5618c7846aaba5df5a1d5beaa92beb5c3eb647487e9
72d5507e9479e81093aa2ac3c1ead293e979b7ca68b56e750029bc9234ec568dc70ec5e32057ecbda0b8aeb24e1f7bb488fb808b45eeb442080b84f4
2455a396a6612fc8ae83398a6b6ed7101daf9aa44f0512b9c74f5d721de2b9eeaab95c33cc57974e501f82ce5300c112a471df0bdc1f7d3ec44ddf2a
6e070f624bef6ec4bb730d1496a5ad1dc0545c49e89b6b1cc523049fbfb75a4b1f5ed7815ae937657dedd8b4be80bba3dddae823e8461cc30f81ccbe
c2515fd5c0f22d287c5c3084eb49c4305942ad51905d370edcee8f5db7ab5e54a9c75b070e70704f720cdc0b3ed5411a9ae4f8369cbe142722682830
7dcf6b91cf02fd315da553803de0ed5de490b5e77757d1c66b61e35ef0a86ee89917595b0d818faaf078dfa41118ced763048a74e0f85ea0253941f8
6cf295d30ba2eb4064c8f23cc44d7d4678a43f972a597faf68e3e250b328f27e1d62d6e4e258ad2247b72116578dd529b2730c90c1ae6444876b88d1
536318f62417e50101cc57121fd3d6248f3e6da8d2a493104c4f66f4b8348203e297afe40b30b7c698927634e18915640f1d92ef2f222e8fb3b50699
7d7f73c6622d2f0801110a5612949c7cbe86da74dde00e7cd4ad45be7ddd6ee82d8e2a52aea453ff7fa46b8047c595a4269d0eca6d6002778403b6ae
097e45ebf2c1cbc1a1d0e0e11375db93b00e90b3b5f0f9627d0fc5104bd531c05c6d25e3883fabc9c3646c258729505c6adfa1dd4d55f4f7bb6880d0
5eb77ac3af155580c46725e3afedcab1e9a4f464188a9b876aa26bf2d096ccaa29aa19ca6d8269c36adb3571e85f26d524d7e0d869298625b7eb2ae1
7f5d75c7a13a1c922003e261aca6ba0a1b078da37a1c039f660509eff9ea2af8e894f27a2fb85d37743e4f2d8680754f0e7dcfa89acb8318ef043996
eed9ec9a0b18598d9abb6be86eeefd61c2a027a112a130749d02771d9e1749c1007ac1e53ab65b50e908a2e47a12f0519662bde072dd30cb90f6f611
0ecd2cc02958da55257ab327076523d3ce9e7f5c05402dc7fc47281e0818599b02751e46be3d89763ea4e0f0ae2428f7b36802d7e9ba8251aef50ab7
2770cfa16806afbb04ecdfe40de0f0b3eae0b36ad713a9177caa830aeaaea02ebde0721de25f2ae8c5e1e7d3d06d679dfa0cc57515750beff5027f0f
4626bbdcdc0f0309d7c117a1dc9cf702b73bd94e67e5380fd725d6690ee7edba0775dabee3f41c22fb3cd5678cae639f0b1b1d78f7ad240885f52a3e
fc021cd62f387e9a79f10c0a9cd879c144271c209d7a953af4713886de499163c4e378751f0f302777c55aeca3d7858c74cc2b177b0782d8ae24350d
d77b933a252b19c9a34aab2e1caa83de51952b8d5ed054876d3de561f98440762577d6855597fdbd614d39ec68eaaaab9feac685914ef6c8dfaea209
cf040e67d386f7e4831e3503d863ae247d59ae67e50953cc95848e906c36ce76bbcf1b8e6245c89d4dfc9b9edc591757dda7d94131fe14d5dbc9b1d5
ac27b9288bd911fd1e8d4017bdcb853fe21677d52182f2aec8d6712b87eac683a1d79dfa5e759f95aae68bccee054d7517a770aaee721d3c41ec0a35
dc0b2ed74d6d758de5a9aa1b5e71cedd55efa3aa97abb95071dc05aa7a72900ac2aa3dffb80ae29da5c6d40b76d7edec72b119e2ae17614f16d655d5
b95d60bb45f3c7fdd0ccf771824fd14f11cfe9951c9313391af71a553530b518f51bd5a256f21e5587be757bda8387782a844ddc5f6deafef2d6ad1b
1283578bb610a7bc554563bb18e8de4d5cc2187447a867758aac8f1040ac24adb09705ea083ea83a4437de855c6310a3aa271123cea3d453a727b101
c33bfb9f10b8fdff979be284c969470ccd231dd4833418b7786c6a7680d17dca982a1e3e0e404e61f70e1d6211f4e4c3ba350b40fa95e42c168f231e
e255f424b8aef21e19a16dbb92b8cc7a0dc5d3c7ef1cc7ef9413d261d4ac2a063ad35b2e9e7ab045e8c5f72eb57fa7d8ab3d39ce9f784fd14fc09ea4
01825625fa724588b1faad599f8be23ef5e4708a239be408f5db95bcd16cd911c528f4d4935cb04559c424aaa327c1cf979fae08fb9295c4c155c898
9884e97b12104eef859892db252cb4d04c4cd97510629f726e15934f6e826efa792ece6c7f0e6b35130264ec7a09c6d4b42ca9d1f6602185987d3133
fc19ef6212f727b5d62cc354a22a367bcc41bb9e03d0a11c51f6f7b7e69ea1ba7fca86ba1764d7f5b53ee508a3e75f57016c2a0247cca7a64791b1bd
2d4544855f49da8d2c622ce6ea3ee9e44856fa31fbbc2374f5792ef41b73f3e7208238155338165fafc2eb25c76cbde0721d0d54d673a517084a178a
e3e5d1231691d93dc95dd03d4120ca95a4f589304669b7eb5ebc57d76a2270e34af2902daa3e56dfe68adbbc14cc7afed0cc61d73f9aad735bb3eb68
702153f75825e889088676ca683dd64f13a81f8f83888bcb9f8319f519b5e5b0345e499c3059e6c7cb74c075d17c64999cc64befb188382967d485bd
0d041015e2548cd27867ddf39baab6721a116fbd0c23c20c844102adba4bb09dcefd77794a8ab77125745e47dd5acbdbeb75bf74f6b628faf86c3a61
70197eca10333e873e075fcfa70c2b239cffaee4b4d3513311aff121f12a16457c9a46093fb9c38469f509a7a0339940539d8bafd081a66600279abd
6ed96d46b8555cc9f1b8f0e43e312a22556e4ef943889fe42c110ae1a738bdf18bda832f720f745bbfa45bf0516e1bd783257ec6405fa2d5908ec3e7
f3fc8df37c4a1610cd3f8af0d135ba5c8bf23d5a3068099fe263c7eff5e4185d4996f3bde072dd387c3255a52af14a5654ad7937d38bb0d8ed03115c
6f26021a8980b85ed2b11915c253ce99b539cd87a1f1304481ee2666754f6299a3005f7b5df7ce3a7dceb0944ace6659f482e2ba0af7adaafab4cced
a361d41a4ada348311d1069f5b7c95b455d7c1fbdd5201ec7991f309e4fc10491daafb5cd75817575d73970d5d2ec679824aed4a8ef0d965c1b64e01
04554103f6f420614abb9203242aac6d5f9b4d55854bb9784dbde070ddc9ba35c8bdfa737c1be9fea7fd719f7cdec5aa617ae2fb9c78d5f7be47751f
638bd4fa47446f0a6247f6e438b78a8996825e8683cb3daa16304aa16839c16f0a8e5094822718e02471a9faf4bc88f39ecc6c5654f7b98e5d2e8a23
412ebe92b07d4a8be448c7a9cf813533c0e29ac171a94f08b4fbeb62539dee799a1668623da7e3f3f73e7e6f7156d2a19740a2097495ab84744ac4d8
93ac5b94583a3dbf7382a37587d2f9e87b27644859e1d6d229f5869e1cd1a5e41c31415eb392b8276981fd14bdaf7163dda21d5214b9df93717419d5
ec785cf5b2d95a9528267f4f1ea3d942af297a909183d4dc62f3c760a9becbc9432ff85cc73d5f903d99324fa0cc87ac784d3c89e4e8c9343eb71049
4a1251f72410c9b206ed0542af091299287fa03dffb80adad5f211d45bb9191839495ccbde8d3f47f54b393d4ca95eaaab80ed720ad13fa7b54c0f48
3b8585ecfba45b92c7fbb16384d52c4b069360d117c51f49594a3f29936db42c3bb7540e6d4f810aff9916ff2795d454970173f2d2a7e817428788aa
6c1d03adc52c9766372d649772562f10d385f62161cfba93456caac418f2b904d5358fb3719c3aec55aa023dc9710aded6ac3954b8823de59d22d557
ab59a197dbebd61caa70574fd2da713d97d365e8478742b9a8dd254a26d1e3cc29d719e99284bc2701e38aceeda5a74c02f9dbdb090d5d97bf3704d8
8e8e9caedb9f23462f023997c10a835af6ba757011817225098efcb9575708312347bbb57d97c8c99ee4d417c9986ee94625c80f7b3b41fe7bd336dc
f0db9097b67c2f10ab2721c699c32cf4fcebaa8fc3d4e7bcb3087c66fffae9aeaeba40d896a02ebd98379cc10d4b34d55daebbd1e59af87d7b90f01b
bb2f65d95e202da79e3c59a7514a792e3128555648ef747f5e30dadc2ac47442a89e953ce156765dcbc74080816decfa3d3d464f089bd129fac5c24f
afdbbd819fd3aabc26595ebaf39058237da7a64e25f95cb52c9f38783d09f4a47074e99322514f9eac5b4b06ffbf2b09d691c92793d90964763c7554
4c65a7a97c1f37d57deef26397c2264dba1d3d09cde6ace9355f85c61d5208836cddcb9e04335eb03f6f6288f62488c3a5fe3b0aa2eba0e4189732e3
b0cd5975fb0907700b90e55d44494fc292421e52f32e0975062d182c5ccaa6d43228b560e152c71db7ea06068f12f7f4bcba0c83b3dcabd620c3e92a
aab1c6a06612498d90c7987856bba41904daf2c9c96486538f9504d293282b072f5820cc51e0c37c4816940fca829669d296ad7599a975591499265b
7b32537bb20e79ff9f90bef938350d08e7a224d6f9f09138f86856b4bc5ee06673f68beb992dac1b012b308b4538e6a3ba1d181ebd6eadcc29365d4f
82875c16f4ef585cbb741279cb2ff37052aa3a040ada156d3a9f1ecb49bbacb2f8cbf9145ba327117f597124f22924dc9383964bea328abdd793b4a1
5eaffb1cbdf1111b1fe4bdbc17b81d4d4c2547ca51f8b22707b5937506a35e123d09d27e5985f502df9408ed9022f1538eafebbe59a776cd7d0edc16
f54ecfa64633a8d128753e5a42ae24f655c4402fb85d473b729dea24e581f12a1e5dae17694ed2f6cc890170e4883a27e97b8ec7219a6924623cf724
7a5cd2f56c2da39ebc50b56e6c920e4e4fbefcd85a91543d908a66eb5d9993d0684f22088a5c1cf782d375b8b025a9cbcbe30724b69a5d4eb74779f3
73eb2e67f1957a1271660c57b2d43033e8e3b82c4a7a5efce80c7e741441d9d746072fc39be0b0355e75624ef464e6d7d4a598667d0d7157a5939dcd
ab1e1e49d04efb9dbdce19ba4e550ff86c023d83408f452821bf3a791916074511993b75ac291458cc9fcb414b2f907e614f222ca0a20be5f2b98e06
20528bcf454af83d09b34f89a53abcd26ac26f6c87d18b23d5e1958e7ae5e3aa2e965aaeb7faacd8d7ba9076aed202ef4958664aab255f86edd780ed
51da1bf9d2333583c73cf4cdd6625ebe06707a18a5bc912fc9cf33c2bef741ea625d62d9f62406a903767deef1438f8bed9f6f8ff1e61893aaa461d2
93dcb9c54fcfb731ef0db79d41afb57ceb35d39303c82a1a5fbe2586cc37e3d8cb7e23df7a4ce79b31c82596ceb737f566b471899ef36360f310d8ec
fade2375a4ccc07b550ca9fc78c367383c3dacf223664e4fd2a18100fe2372ab276174a7e8c3f9156b3ccf00690ad89b5f2398970846f11df3aba776
4f725f358757c47946209d60fdc35ee03e1f045552acd47ed904555edaa9884b92bfa835fb06ef2f2dfbf39e37ce4220913eccc58fca9f947232ec75
d3b294ecf9aa517e43c7ae63954d55b7ab1e549daa7a5dc5f10b8f43e964253f345395dea83d39f40c77ed40f38ed38bfb69a8d80cf9da802ec907ac
89f9d093f482515c575c8759ebec59d72553d7a528d6572ff0d718c34541bf737bb437f0ac9d768152f39c3379ce71d376b7e6cf31f882f87ac5ba92
05ba924901c47bbea90a1e95835400cb26e1724fc27bbcdccb775cbf46d993639452f2198e6f5c05698e1cc297fd7d5507a3aa2a7fa2bd4043d90710
4ff24e5dacc4d893a0db82bc26fffbd46eb18e634fc2c26ca1f962cd8e02cd8e2435ac12f442ed492884883c2bb64928b04948123bd3a9c14a9651b5
78b9c56a8c0354620a55cdaa7bac007df2595ec2e591d027a6225ef6027f8ef486247ffdddaf3a1a7315bd348b55370a54378607b9b5d4c7ee763ba6
b0a88302f3ae956c6ca62e45719483714e3df5438ab53d09070de77a019443f46c3940cf465123e5941a5639e92c236a98a7a0544f5eac5b63392fd7
21725b10f7a49c6259f464619dda49d450682e50964fc2ad44596df5e4c1766b9cd14b16b164f29edf3bd0d463a08794435d0ae49488c75690efe55e
b0bb8e535f647e89b7961aaf81de6e3d194b94c0aa27e93c6541c64e34692c094fcdac885abde0751db74fd7244918d493881d7aba9d28b192488949
2a50cc232ea0c3930c884a922e664fd2e9cb221f8a89e842223a6e0bdcf682eaba0b5daaeaf6ec6e9008d2cd2d59dcfd921936583a1125cb2ea964fa
b011a3a064c9b37a32b19deaaa8699e1fead2e5f7fbde0f2f7a0ed12bdd259da2e3d09df0f29a84f09f27a12daf3dabc223e554f721304068ac14781
13cb9a75d58b0f4b61240785732945d4434f0ebc1c17a5dcf3b7abf0aa957552293e63659cb12445da62467621233b2aa649a952472ab483ae72945d
aade993dc985d691ae465e34978e7a7c972a45f49e1ca03869725594454f620692ac976aa05307d049f2b55caa58f805de98521278b87c7fae0d274c
32eb72499e5de0f67fd4ad2e2f59b3f4241e5c31b8ee721d20715cb47eb92e2dca35ece7939c4b974becb90286766fa619dc52dfea49586d8b122bb7
380b3d397c4c67dd83db40fa26904ec286b79eca3d79a1d99af823e2a8c0f55918364cab4e4a0a05a19847ddeaf21129d9935c942570eb05afeb10ba
67bd1ffab1d4049e1b1310d9f118d13f40f492bd94d73bf76eb03059d46e793fb54278c5941749585e8903cacb28cc929214ab70978f674182e05e50
5c57e1135c55b2952e88269896b3879e97fd4e4fd21392f6e6d34bbf270bbfb6ae8e15bf0b15bf6bd189fda23fc720ded251289fa49a3d79b04eb333
60805f985eb79e92a549d851107f6b1876aedd6962fb1498238dba357513df05c4f7b0023d54f7ba8ee35c6ca6d292db8d03968ace49bbfcb98b1b24
b8d76e9dbd064f1271f952ec057a311638db4d8ed9b8c9aaa227413a48b45c6d55d4935c15c5ffd9c452aed0184f5581f336e9ad56fa1ec87ae3d4ed
f5e75e4075b988af9bd872151e03fa81a87f46f356388b5c4908b2c49aabe6d05770e8f722395dddf5501b0ac9ff19f1aed7707609352a38f97b9419
5cb5fe4685fe4612a3a0ee8fbb7ce88c4ad148ad755da1753d3eb74217ed129756f8b12c3a493d5f5d853dca5aecfdf328c763a93858e0ae376f4f26
041058830cbacd3d19d9e30aaa14a42653f12818754575c9755ccb9f768feb40736445040bc1df4320b72029782fd0b6078410ef75eb7406c9ff7b72
b65b8b6913aa9ee4f71406cf828b0a7789a34e73d093a5e2c932c83d55b9cb4ccf628a47690baa9ee4922914591027aa27418f54454b0b42bd35907f
adb830bdc0eda00e121d0336bc1ecbcbe929ccd52112ae2779c314c4ecd0b3ab1e7c768936aaf6fb5061f9dc0fbb9addeef2e64a2bf0b215d12b14d1
47dd5a964352f70acba1bc69d34f91d8f5a46945d526d881c3d09cc1aa28225a146fb527b90b8ae116a5a8d093c3fb80de863dffba0a3055ece11a65
f5d993009c559b97c470eec9c47645759feb1a7c38ac512603c774f09e2b0ab859fe75b2fc8be28d2571a37b32b36e5df424694d853baebc0b74989b
de9315d13056ab2c44da939c9c4e83f5b42bf4b4b3544c6af63dc819385678b413aa3ab4b9229c88c069f618339dc356ed78be0fd721b08a42ce65a1
a79e047a12ffb4669fafccf35514f139378fb271940a8457a4b951e928aa48ccdd29174dbc4020a0d7432dd1cd18962de8a897e43af89fa955d1e6ac
4053a1409377c5532f0600859e9f65f357fd44a87c2214e9c9d5ea6b50790d2428ad55a2c29e649f42325564554f8e6d0d4208d58b52b1285126d3bd
c05d1eb3cba23a7779b0cb35832ab6444f8e63e9d0f3558fc29e2ca85a47af1a7fd60b1d2a64b1450815228431468de3f31811f12354457bae4676d0
e8e95daa59f3181bc6a888b255bcf49e8cecb1aace3d224e775088be7a4920d39320000e213b44bd5a493c630cf12f1ff58b475d9ca15ee03e6ffaa0
52b857bf717a72dc1e19cbf4fce7aa862a8d44fe0d2afc3b67d97dd4abb90a61ce83e3c0dea6006e52005232e805afebe620d5ce94d61df0390542bf
2550eac90b55ead17014d2932c1f2ff5361cbd0ffa9c13fabf0d476fc2518971eaed0b7e8f0b3e140b569541ec4d102b114fbda57fde9340d59b36ee
4eee32f1308834b8b3fbccf4faa8e0a57775ddb80f0a4933f28219d05dcab2f4a9b771d20d4f0443aaf237d46e4aff26b1fb883fd093f437a9b3fe9c
5ab1e7649d80fa6392fd89f431a9f3fc24b74bf4832940f478599e440f980244af38813d09a69074457bc1ebba8fdf5bcbf97ad75f3e2daab0e71b5d
175957d567749f11bb2ed2e0f50ebd738796f97b7dc506e849de84f5eaed059ec28cc6ae2bf94a79a92723ebd6303fb9a7eac9803a87d136ecfe76f8
451154f133b427e96adfd1b3c540ac70a6d19b55557dae62f4569ddbef711dc20c9c8e742d85f10a8daac167573331df7a122e7e0401bee6810c0899
4f87dd159bbd27e10ac97167c59caa3077180eff5527c3d10a5fb563208aa72a064e4f9ea853246e8ba96a4b88112dd2a0c989524f3224aea3d5fa6b
955f73646113e4eda16755059bb39c7dba8d8ca7e3a0ea0cf5243c332e2cd22cdb6e08e553a2a31f6a4d1a586625fd0402bc5515678cc455774b52d3
9370ae105473b8060ebd1414f1932675c389ccd2c26b9fee694f42b579f9c21f11f4dc0c1e2c8a62d87d7a7f35d8fb58ddb19945d3c0a2c955e1da3e
81ed9ebc50b5abea76d538e17577abd7551f5af95b4d5583fbd3ab34b1d3831f67273bc4ee777af0b0430c49e111bfd3a33f397a47e6d36622427b52
f8c3a61bdf1aa3123a04dfe51a48c814ca4ec4796b732d568d478ee8d7c5410975e61b44b3bbf5215a4b6e35708b6379b6cfa3fb409ece00796d5fe3
ee497a36d9b615cb6e3f5c0775d06d6d562f88ae8337a30ef755975d072725fbfade888a34c7df9344348b6f349ce2cf4b3b9299f29ae59a3b2e6582
91842c27cbc1755dca12234967d8fdd9f437e87264fecff5cf7ff75ffefbf5cfffe3fa3fdf5f9e7ffdeb5fbf7ffc97f71f9e7ff9cb7f1aa57f79bff6
0ffff8fdf5fbbffff4af7f7dbebffcf33ffdf36885dfdffdfddfffd77f7cffd7ac1ab9fff9dffeeeff016ed2164415bf0300
