1f8b0800000000000400bcbd6bcf1ec791a6f9ddbfe2dd011a7003b2fbc96355f50c0cd0126573204b5a926a8fb1d80f75ec266091022577c3ff7e23
afab285b9e46d3d805968074e7136f555664e42122232333ffe1fff8fad52f9e1defb6f317e5978fa797e7f7effef47e3f7ff1e9efd6ef7ef60ffff0
d9bbfd4fdf9e6f7ff8f23c8ff3f8f0d7effff9e9ebf7eff657e70f4f3ffff4c5672fdebef9e11fe3e1176ff73ffee9383f3cf59f3ff4ebf35fdfbcfd
cb23e33b4f3fffe6ed9bfff9e2d52fbef9f455fec56fc753afdffcf0c7f8eb4ffff0049f4fff73fd6e7d9b9eea78ee5fcef7dfbf79f7f69f9f52fee5
e3d183f2e9bbeffefcfecdbffedb0ffffcf48bfff7ff7e9ad18fc9a7b42c8f5fe4475ae4e5974fcffef8c727fef4fdd3fbf3fbf3fdbf9fc72f7ff2f2
4f737a791e6fbeffe1fd9bed4f3f04db4febdbe3e94fdf9f4f6fde3e291028db9bb7ebfb3f3f5defde7ffbfd274ffff1e6877f7b7af7fea7f90ce2bb
3ffdf0f4edbbe3cdf5665f476e9f3cadefcfa7efcef7dfbef9e187f378faeefdbb7f7f13b5f6f4c3bfad3fc4ffce9f6671bdfbe31fdffdc79bb7fffa
b4bf7b7bbc19397c4f0edf9e7fc3f57f5584ef9fde5d1f78dfdf1df1f69fbeff2144f1c31a658a6f3eaddbbb7fff9b2fef3f8af3edbb1fdeece727f1
e09bef9ffe18d98edcfe9a9db70799fcc8eb4f330a46f63fae6fbe3ddffffd32ff7e08fbaf24fc81e190d6f1a728c4ff7f3c3fdd123aee3eb67e6812
fff4eefdd3bbf8cbfba76fd71fcef76fd63f7effd33c7eac59da0679fc55097ff9f45f08e3cbf30d398f97deaedf9e8379bbd5db777fa152ab6fa24d
47b9ccf7ddfbbfe1e1dbf5cf4ff156b4de28eebba7f3ed118f4476ef0777dfbefbe17c52a291c91165887ef174c51f7e9a0932fcfeddf5c37f8c86f7
a1517fffddb98f561d39bc89fcfee3fd68cf6f6dd9df8feefe5fd5f6ebdfbe78f5f4eaabcf5ffffed9cbe74f91fefae557fff2e2b3e79f3dfdfa0ff1
c7e74f9f7ef5f51f5ebef8cd6f5f3ffdf6ab2f3e7bfef2d5d3b32f3ffb9bfefed597af5fbef8f537afbf8abffeb767af229bff369e8afffef0f4fc7f
7dfdf2f9ab574f5fbd7c7af1bbafbf781139c7a75e3efbf2f58be7af3ef969462fbefcf48b6f3e7bf1e56f3e798adc9ebefceaf5d3172f7ef7e275bc
f3faab4f60e77fcfe3e9abcf7f9acbef9ebffcf4b7f1b767bf7ef1c58bd77f8093cf5fbcfe7270f179b0f1ece9eb672f5fbff8f49b2f9ebd7cfafa9b
975f7ff5eaf95394fea7b97cf6e2d5a75f3c7bf1bbe79ffd32f80a5e9e9effcbf32f5f3fbdfaedb32fbef84f251345fc2fe4f2ebe7519667bffee2b9
3c84643e7bf1f2f9a7af3f89dcff928a913f3ef2ec8bbf11ccabaf9f7ffa22a821cde72180672ffff0c910687ce0d5f3fff39b7823fef8f4d9b3df3d
fb4dc8e3e73f15e3df34e8bf916954f7a7dfbc7cfebb51b4af3e7f7af5cdaf5fbd7ef1fa9bd7cf9f7ef3d5579f516daf9ebffc97179f3e7ff5df7f9a
d3175f8d5afdfce99b57cf3f896fbf7e064b915fc8fad57f1fe95f7ff3ea05527ff1e5ebe72f5f7ef3f5eb175f7df98f3fcde5b75ffd3ee41a457916
f97c465d7df525e209117ff5f20fe30b436e54e5274fbfffedf3a04753faf23f11f5b321c35721f24f5ffff53bc149d4c0ebbf92cbd397cf7ff3c58b
df3cfff2d3e7ff5ba57d35f2fffd8b57cfff31dac48b57e3e91732f4fb67c1cd378869547ff06bf2c5abbfa9acbb377d428b797af1f9d3b3cffee5c5
28ddfd6634b8572feec689cc3ffded5d793feda9ff1f35f2f3b7c7a7efbe1d43e5f73ffbd93fdd36c5d33f7db032ae376f8ff7b76111435398193ffb
59ca3134ee3f7cf809ecdf8669c3fbaffefcfd0fe7b72fde5eef9e8acf1d7ffaee7ef6e9e99f5e462286d53f3ffd9c11f21f6320bb06fdabf763440b
c5f9734d911ffff0ea4fdf7df7c77330f854a1c5a808c6d7c2cef9728cb7fff4539366fc953fde96cc6dc8fc85fefacfdf9d4fe9cee57f7df3e2b3a7
ff2b3da5c7536ea5f5fffba6fffe7743f53efc952dc1d0c6df7fb7eee7fbf5edbf9ec1deff78c4bf5f3dfd8fcfa6cf3fffd5f8fddcdf9f7f3e7e07ab
7ff3c6cf921985c28b7ca57dc8e3f148d7af9ed278ebaffffcb3f478dc5f7f73fcf846f68db68d374662f777c0324138204ce7af9e7a1e843541584b
bcf1e09db54aa983c24b6b9312d07da44b08581608938480293fa0cc52027a3597454a406a7e7b951290aa6f6d5206ff0f73b60403522b502cc280d4
64e794720e4a8572491992cbe4b329990193a5da2cf980bef0d696a50c59349f5116037a6d5094c580d4cc59610c98a6198ad2189092f9288d01a9f8
2da5312075cabe298d0d69f88cd218903265df94c6364a6a556c9674a3a47d50764bba0f0e3bf9ec7238201578dee5f0189489af1f37651ad2a0a487
3c0f4895fa3ae4f9185f9f29d7e1d707a4463ea75f3fc7d717783efdfa80a40c4fbf750d8aede7ba297c9d525c7efde2eb48f5f2eb577c2ba7f14cb2
7f004be99292a404694828256a1508d202a9482a902aa455d23a480820a54d52c052693329c32790f263c9d06669338f3d202d9296414a3e65fe99fc
bb9999ff8020f15491fd01a952a02aa542a13cd5f20c48f4ac54cda8c268f1b55dd2e8f8851a4ef59074f0394ad8ccaa915581a26406a48aacba421e
906984d1f0a4a4418181ae08ba2220ebae08ba22f02945d015c10c49cebb2230f753d2495ed44dbf245de445f926bf3820671e9a2cde809c616132a7
01994120d9358045822fedc8844120edbeb5fb7d3eb6fbfd01f1148c1fe634205842be876219102f525587f21d104f51bc43010f88a724554995a760
fd92af014bcd23afdcc81e88a7664855122f5237b92d92103be3416eaba415d20269936483192d2f4f8c6b4090467de5195681a53202e47997b4f314
4c2c941188a76055e1648543bb2a765580a657eca8e5319a1e8da83c8a94f1391fa912ea8741bc3c9a94366ab443e95218581f50562963182d7e7b93
3286d1d250bf1f54e67faa45cb63f785a1731045b1df038edfc55e0f24ba5c29080260482945de0ac3ee9055b1e7005383b248195a3806ad21bdb22a
07f464887a90545565e7a98270769fda790a755a143b300627a461a304060d460fe5716cd24676d5ea00d2831a8a560d2935beb040a244b54062c0ad
16b2d60b8dcd53b654204833a44dd2f6e3b8994e749910bd6a827448a2d90ffd9f1fa381dc904b8252a404f451c1f901a7421fe368249314464d0866
3320dd14b319f08152a5d4bbbe22d9a40cc3a7f3712420f4218048ce52a222fa186823b94a59292c945dca319e91c153ca50a5999cb385c8a36d4ce4
9ce539c333c2c8f293e1478afc64f881e7623e0326bf55cca79461faf8cc22657098e0b06c5202a682348a3c0f080e133c16b91e50c6189ba3e2a154
8c45deabe63d60bc0707933c4d28ea6982e48bd30209ae669f9a21cd64b6cac44a1b69908e03d280691a32d00c10529a5b8356a48d3253c2c4d8218c
a77c7391163097872fae92564815d225e9fab1f1662d08617e208a64d300a6ee3733cd10981f3266a5027974ee48fade8028a30f6d92466d4c43f2a9
c83d3d6f8868d09a3c30fc9789179b2fb613126f76a53314f1d47caa5bc6a175e72cf3d6501ad531df459c7c6ae2a90556272531208433fa5e5a7c71
8c63d3182b236909074c63648ca48c0e980aac2f550a437b7ec0e86211178a98136c2dca66997c8eea5866698b3478ddcd6fd8bc7351f6bbaf0e085e
f9eabe4bda7d13de0ef977d0cc0f5e3d2cc180a991ff61fe03a646b94fb31f303f92a449d20489f74e791d1024d83f6d732792a65b651b3030d1c8b3
a31e30d154b30d1a986824d9060d440b9b7d6f9236e661635611c9594ac054fdda2ac5e16991b6491b0d6e68fa903f4d17983a6d243b86027d98f691
9429c6d078748666f603a6fe716d1b4f1ebe303af4308c23794a39c780e5872e2917dc2010c74b606a1d8a02717494a2383285f7ad45cae80d157eb3
fc0e982a9fb7f7e5bc8f8ff9962c0e98d38230b23c0e088e107ea19100d3438a1c0d98189db3a32ad03b1915f32e141faeab52ad4a150d929bb21f30
a1e2b2fd1ae8f4cedcad32ac0bb455ee5dca680e0f29967674fda923dac99ca7fb6b3c354b1b96df54e17236a779e45479cfee9a97bbf9c181dd1518
344ab3580776e1c4c895edc2c0a021f545390cf8cbbb0a79514b2e4862b5dcebc3e7e06e9597015323b7cd06b3d1600a2f9e6636609a179e3a7d6a80
da533b55f8d0a98a9d0a1803d32841b12f005872b956240b8cbe30f8afd6519decb483d5aadeab33830423749d91461d23e9fca072eb4233a9c3cb30
ab432b6e865c770cadc2305a1dbcea8911581885ea291f0366a646b959a856e9dde8ccd6240d98f3f0a244fa9474421adf6cb6282048e46503028254
201d9278912ed498b109f1d4107f53c300f1144c4c663fc433675a6c9b250d91cc997a6bf32269e1459898656286099a639b3749682b86b0c6644508
92d9cbea802099bdc59ee11eb1b659ee67b8c7126c2aac365a7bbc386ab2d910818921a9ad323f6042b7b7354bc90cf6be26ef38bdf2fdc155e6717b
050d116ebebaa146617e2b5250a3f06e9b0046ff207f9c4f427cd2c714c480098bb96dca61c05410d66e69761bfe829877cbb363bea0429b5a159832
7cee7e6fc7f5d7a158613b152607bb051c30653850170361933de4c1aa1830a172da6e4d0c986ccba76239693374a9765a37038284dccf2689ea6244
682a6c20646c63b6ff03da92ddaed21f644f8575f52c30e50ca54b410809ca29e5c4d01b52e88e10c08771aa3b0fe889e6c7c0ded575c0ecd8d25576
403cc517ab6c55bc97645fcd7ec084e5da1d6c80c8297d5cf376bb37104d658264b6dd060b3bbd48522405529554796a86a4943a1267c4ea6a1f2048
15d224c9c64941f01d052c9a2366b64a1b3a79b2704aae3b1bc14ceb8e3bc03499bd92ebd4e7e074d2909a743324e6559316cae4fccc81212c0868ed
6e1da3e0310b8336513528a4c91e0ecc1a90275e1221552711e7dca4356692cde72669138ebcfbb945dac2bbf7739bb48de7e83ea723d93986adc88f
2e7c3a6e0135d3394fc72d20d54a614fed73a0f62a294b0a281a13a7163a5035d14f473ca0da394e553e10930f2cc753950fa4da18964e553e308aef
176669f8735bf75d8b3fa0e16188b4a51fd09ce69c8ba51a503ae3ffe9d00b142bfab466ce155766f7cdd552b1b6513500cfd562b1bad170e6c50fcb
b052063cfff1437e57f89d66cab5ca2f9e99e2987f3a9c03a92c0cc1a7c33990eab2f89c553860186d900e49078fd922566b95a58cb2d0f9cfcda20d
48a1cb7957ed00fcf809f50310c550046a0320d507f3ec73b3182c3dd4c7fdaeec6dbabc50e27a638454eeb6b3c91f6aa226aca8533501c41c8f9add
656f406aba57ce5df60644abc055723a6f037267e83ed530a78b157d4602bb42de11f26ca5a940809802334d387739de5d1a9afdaccd07bba9659bfb
21c703cac37a74ce07c4632896f3901556497e7c55811e9342f139dbca803128429293c31eab3c0f65c7f249d0fcacdcb18012344aa63e03525776ce
2381526c8cce238154d0a9e769bb1b909d019da77c9c78c5ab4ff9c90165610e725e167e407c71902e15e1a5214c9bbbf0110ab3ce85cbe115a87812
235d24154813a42a09c71aa3d7a552056230cc90baa43e9c4b93794d92a6f154928959d290756358baf4e2003112ce905649ebc88ba1fb728a0b84f5
ec177749fb783199d721e918a42cf7a72406da9bfb4bd2354848f5d207090409269c420325759f525e0362b04084cea1819ac3eefaa8dabef4535ec3
2b190ac74c94dd8020c176527603b2dea14b572550f4045e49d90da805857ca91e815ab2d92bbb0141f245653720c60b5f547603d2c2c4f9d2ba016a
6d9294dd80925079975379e076f25c7aceaee1260badc217b3821a10c38724253120cf4c232f9d0040d40c42d7c106e4bb7de818006a6794bdb2c2c9
746246b14b67011036bf7c299c01b73abd74170041327b8533a03aac5dba1080b0436455e10ca893b2cf0a67400caec84b7f2e90166cadab281c5609
2785a38f178891cf179557f98b4ebff45000556fd0a58b02a87a0daea2bc06549d0457515e03aa9e8cab28af01a9335e5eba9581d0f1369da2c00684
1a353305362048bea9c006c4d88ba4f58b0075c1aeb8743f0369b9b35760037261fa71692b03b71bf1aa0a6c40181ab0affd0c94e670a0df0528c95e
ad7b1b4813f3c5ab2ab001c54581ab2ab00161b498bd021b101d8602550536a0a5e2171518bef2b99bbdf21a50e6e48bca6b40cc23e44b7955ac0925
5195d78056502e57555e031acbdc91565e035ab122750500a53257bf9af21a10da86c6aa030ac8ac03475a790d68baf0afa6bc1afafce153caab610b
5b468d6da0b08c1469e535a0345b66535e035a775468ca6b40907c51790d28ddeea1131c18d63224e53520755557535e03d23ccb97f26ab4affb8bca
6b4072a67c39cf0292ae80cb891410161a2f3a9102c2ce44844ea4803076cc4b790d08bb864a73220514d61a23adbc0614fd379713292055ed86cb99
14d0eeaed615d8807257b7732b20aadba714d880189b644c810d886688a49d6e0165bab950600342d03ea5c006e4ce14e4d2f303dca6efa5e70708f3
9549e5a5231248c561675262f8269d465dfacf80b2c8fea4c406e4c5ca75ea0694bba14c4a6c40be35fba4c006840989a8270536a00f9dfd716dec32
095016b5f1a43c27dd397e4a790ea80f478d49791ab0709394a7d1594c082e975c80ac097ab94e06f43b7bdd66400c37e4a50f17c84d6dec541588bc
90ddac380744af367bc5c9e4351798d0fb0be4ae4de77416c8fa7d2efd9840be7bba135c2034af7c29af01f9eee94e79815ed4c6ce78817e37797d77
405e1c659d0303d13e2429af0163e974909c0203c969d1b528af01bd5b4667c540ba6d0967c540e8339f525e2c5c2dda12ce8a817c6b2527c540498b
4f29af01dd2596cb2931d075b35fce888131bd82a4bc0664a74397936420cf3713ca6b409eb32f2aaf016129d3baf5a703b9d82d9c5d03d9e5c1cbd9
3590175590b36b604cac683afa3681b0c77c4c810d28b75dec7c1b2855d3516f3d5016872e67e0407209ec5a15d8807b8e76392707ca6cc3774a0e94
a6f272460e4cc9a1c5093910240ba9c056d702cd5e810d98bb9319a7e340a9f69855810d08ddc8173705b63129b6273b6707a6e498e4941d08127939
6307922efd6b535e03a20f51c64d790d28edce5e796d680435bb337d20fa95d92baf8d0e692b77ee0fe4c74d525e03ca3d3bdb94d780ec8ac4a58300
8817693afa0780293bd4eb1e00a6bc9897f2da759353461d06c03dc1bd741800a96b13ea2f00ca43835c770110e6ab2f2a9cdd9020e4a50701889e66
5e0a67c0edb8b97685b313c0e304fad2730da46e27d5f5006497f02f9dd9c0549d03e88c008264fe4a6740b967b8fab781b46813ecb77446f773f5f3
725107086dcf17f5575c2c48d7e6534a6740cce261c245eaeb682cf3c4178b11c485e81962658ad13302567b24ab94ca42f90ca9491a83d5f85c2467
28632ecb20548ca811a64246c9ac13ab860f28664dfccc6820c5481881f5cf4250cc0d53f7f34c1185202d1f55c2c5e01961c6c02fc6c10863d54e9a
1c1a4591fc18b31d215ea5b04c17ca638cfb73a5b08b0519302de6cf201c808642b48b2519a36b6f5056331a81ae4ba6b404ba06105e9278e832a30b
ed47d69742ba101282bcccfa22ebe80ac5e5efc242767a10f95b5cca0eb858a61e5965a500ccb8eb229d24b1949c7caa481a0566e6535ccc1666024f
8babd9c24c4c6ea4bba40ec9ec2749132ef20a699634f35486b4485a58cf7e4092fb0173b290cc14859970d4e202ba3013265d5c411766e29b237d4a
3a790ae130531466a2cd4343299c8a709a24855375f037485952e64549caab222fea2ccfe6852bff8112881f96087ffcc31e99179fc318091acf2d7e
74c09c7c75f1a30b1fa50de4c58fd22a5337332b69a1921ac55cac247cf48fbac0ee622d2dd45297642de1a28fc7cccd6a5aa8261a795eaca685a5bc
4cc3582cd480787346dcf60560d07cd58a5a76bf404dd9438068fdbe6a4d2dd4d462d9ada9e5161b8fad8acd38c93a53d45519e1f28f2ff0eeaa90dc
ce501704b72aa561364483a710abe51a30b36520d2966bb5f9d194578bb5d2fc9a7c58aa95e6d7cdcb426136b04521d2166aa550ddec2dd44af363e0
cd9b65da6c7e54c12169f4f3601f5e0d4910e607ddcee0d962f06cc2f62a86cf0af158865425551febd09a343af1ec07baa4ee6313b4491a5b18e661
b997a20e30d6369e5ba02dd2169f939355da2a4d5636699b3459d9a5edd22cd921ed20f0a9414298c540cd990657542cc0d4cc2d59b001517e184e16
2c31b4175fb45cc9722dbe69b912415a8c0c2559ac64b1184a4bb258b837c3f6f7b99b37d77dfd28155d860333e945881f591aabaa8c17255b5dd9ea
a21eb285cad537a9876ca972934619b2c51a1032a208d9620d0812ac654b8582888e452da8208099a0e1485b31841a360b9aad836c411395902d28da
543764fcb01516968febdfa1a60d9116921ebc61714a1b82289942ab7b4ab1d01911aa6980097f5da42d74a12e7111c60f4b8d5732683e67651622ee
5006455d530c805db08c8aca0688c764c4164a0c6c30e2ab4aa7289d22734aa72a9dc2736a1260d090a2aa04884f48b2f8b5fb18155c2d5865951cbd
54aae5aa96cbf6522d5725b2733637cb3520a4646616ab5a063466a996a1d2cbec78f52ec2493548b225374ba5e09aa56a44b02fb0d12c54b35265b7
592ab691048d8f366bb5d9bced2ccde6dd2c3dc3626996be517af99dfc2aeea234a321cb64b9084fc57c8fb4d53511b877932ce9847599690e93259d
8cdc332f4b4a5ceb436e6739334eabf0d46c1d1088946c82b3d9b3301f8cf9a6f9cf5aaf9054fac5082f9b823a190812ad4d9d0ccc0f5bbd2a190812
35a0ae05c627cdcc822f14e901b32a51604e8e90ea502032a39e345081a93be2a8558b214b8a47a50acc44eb45daca5c196d95eb6a8956ac0c1b951a
0e8842f2c5cd2f6e0c1a9916baf9c5cd2ffaa25fdc0cafe68bbb4fedea3c8c9db2cb05f341dc7c9156623b460c5647d995d84ec7b6c3ee0a6c478dab
a176ab72a7a524ca7d98fd41988bbdfab08e0e756087ffc34e77a8ef68d89585512115e233e3479366f80472ac0edcd58d25cb58e22cc6030ac32d39
b8abecd91082c65ca2a9698030426909cd9108b8a347ca64239deee8113ae844189510cfd157d60ba103e31b43509b9a0b081a03e5267f407205b99c
9abac0787794ed542ec078779443bf8810df1d1da632cfba613c1772aec6ef0b831672ae1967b910ef0e73a66a140b435651b6f8dfa85c61f0329eab
0c48c270ac05cf318f1efc09e31b836618933068f3a061cd09e31b51bf7563415e18cf8def9e186a824be6914e920834b84945124ed831bd8f749534
3e1a65e9d02669782cc69014e959124bdfc9cc16490b9e7b9f5a25e15f1d0643a437492c88545f3c240def440b117d4c77c7a3a76fe0eb1f06613d93
0566cd9b40f2485b6036deb0581e694bc7b69a3ac323b69a50d96d10e92e09177391a40806d492cc5e1124161d872d1c694590f0002e662fab034250
be7849ba14316f66791d10832e6f66b9c8ae1bc045f693038c7a88b4226611f8b150c8ac88f366fe889d5560e10e2b8a1fca3debc4a62ab2ac615a45
4b8256646d407c01d6b09d84c43ee348cb2d0bb5445f445a9915c713aba958026c22fc879156680332764da42dc1808c3e8db405282c5ad82ccbcdec
f521baa39ed556e00ed5a2d0aacc56e34260b6daee595d254421d2b60c56572b9b6de2874da3ba7b193956f9c7f6a9496eabdc56a2396ce555d10e28
44f045da865071b8d910aa05a84493299fe62707449b42fe4dc936254b5e4dc936fcab895236191b509315d7146c232ac7f6df6c2d6dfdd58700c1f8
21af2c3e4eb68c26af2e3e360ad9e4b5e16ace70d115ec80da2de4645b9968c68e4493b29ef0c3cf7c7132fb89414c2626b39f2e19e393b39539c048
a048fbc901952302aaf18d82d13b91566203ca62379915cf8cbb7e82d759f1b01e34d9ae67c533a026dbc06ce50ec8447c57232085728f9ab33244ad
d5bb45cd9692a0c82469513c0b239243c6628958eac1e4ae463b0a41f2290bb9380b818bc5421aec88afb41ad828d4870d6ab1940382448d2c168925
9bc74cbb582c120e929429d222fbc342abc9ec57d91f60345c25c6f1869a6cd5abec13d5887f32d2b2bfca3ed9afb23fa04cca75957bc21cfb4c1358
659595913e23c355510f084153a0f566f5a4bee16bb3ed6c706f0fd96c88032a6b319196890195c8c06a4062bd0312efdebcd92cb6f5439c57a4656c
735ddf2eb2fbcd01b9c8c6aec406e4a6f47725b62b3132db95d880ca210dd5c843a1b29929d276fa01a937f392311704ba2fcad80e63aab35d890da8
6c0689b412db699b76addd1e3820e63be47558a0436d105afee39af9b02803c68e394856fe807c57fe61e906e4b9fa94a53b08afcb94eeb03d0c08bb
408eac9d01b93b161e966e40b71e0e0b7750b84c9b3c2cdc002dcc7a9e16eebc0bc763a7d5751a5588f04e5bcd803c3b7c9d9671407dd8424ecbc849
13a9c3c5295f2752cfe6256327419715d225170312bb0aaa019042beb5e6a5bc38a462566b5ecaeb525ebe68d50f184e5d48f6eb015120ca7dc9d7e5
5065d7b814cfe5e84bdf30e85288572ba424899557063e232c85b9dca445d20267925649cc4a68a786400ae393e67f4823680fdbd08047213ed9215d
9268a858ed063c0a8538ea6ac0a39058a6a897961e303e096749ce9221d3149c6521a1e2eeae46130a211d32d352020a076654a3e384ca3902d52037
218c5d18d35032a28d3d31d5f03521b7ea8b0a113f51b1dc45560764964faad16bc2289134d9277c8d90a06af89a10ed0e896901195ff66894bbcad8
808c8fae1a3926d4bbdc55c6aae3232393e15e4254af24eb6d40616b5935dc4bc8b645c3bd84d04430d6ac37c3bd9a24796d744145dd946bd35a6314
35b8abdec15dd5fc2d5263df2d639ac15d42e594866a24975088beaa467209b79567249710240ad914f580cc5a5235924ba81c14518de4126aebf0d5
2d77bfc71ef2ef72d1e936055ebb12eb8c5af687c93727da18b681814942949bbc264531b14acf906b14925089f8ab460b09c145367f4b3951ca6266
9672400cdf1469b2941870c6e5568383849cec83b39cb11da561d319bd235496f2aaa13a42e5948c6a5c8e10f5c627b5c380ca56e56a108e102dddec
6562466285d6a3cd055456e4aae135c24cb060359646980b83ae813342bd6b77b1f1b052559d98183923d4c4c4dd3019612e36286d2e20b123a41a13
2344af81b45abbec27ed8ce046bb085120b2d72802ea18003faa958d26116290a674da4c4693b446e95685c741558b03df66431a1023133c6a3319ee
b138966fe6b5ddcd01b16f66b631b791a4e5635cc56c73d86d213b5ddb76a43104a45b78bb5d834d7cc5115fcbc75088e260a8990384d4299166cea5
99630bd1cc0106af08543b07a849f11c8afda0d558f0435e0fdd3b18f48639083539b26ac8007976ccd490016a727c3fe4ff6080c198bb0eabf5a0eb
3139b8b46d80d21d4db4642e2d19db83960c3075eb4d4306887a232f0d19a04cf78b727f3275b20d68a200b9c8d7e9174fbe886d735de675317fb69b
5db69401a52e3e654bb9e840582dd7a52406147d26d7a5242ecfc8312f8b7d9b280ebf978c5d5465877dad16202a3c48cd189300e7ff4307374f6d11
e20363bed30c2a112aaba991ee92e47686b448628638ccc1486f923666f1920e49a392187f237d491a91cd38909ae7c20883333e898d2254cca26624
8b506ec6f059099585f5e6c92f42f454f3975756099721ece6d92f42656139d2b29f341886fa6b1eff228418cd5ffe13aa3af15496d72caf7c32cb2b
2b899c9112e922a950bf9428cb3efb225855691e1d235416f79b67c70861e15247b8a385c12b45c20126d4746766c1337af37ed382670b2e17167c40
59169fda2569e7c9be5539a062b5445ae964c736ebb2c86c314210fe8b5c14a3e77dca4fdec65941b0d5564094c7dd14ab52ac4a911aaf4ab13253ed
92fc64c592992952553e1a67139554154f453c1345aa3286bdf6e1296b57b75382af265f8d117082af6625352ac9c6df64024f143eef48cb44bb2bc9
3715bfc6d3442535653d20cc4132ebe68f777b56fcddfcbb2e8d22cdccba464a21b76e6e9d9a9b10c6640126054b954c0a76f2741ba438d91627f6e8
64d898640353e961c927d998a85ea53829d849c19abd6d6540baa538cbc4ac143fbe081d8ffa759d57330d6e36df9931df26325b61eea52d85022ff6
475c496c6b6d0686097359a8eac5a2dc4ea202e38b651990efea596c24036204337fe5be5089b39929769c449510d1e6a14842c621d73c135328b3c3
f266556cf83c2cd3661bd71be3a8b3c9ffc6403753a44df9607fe0d56c1e6829e42a139b7d14fb832d22edb1fb45bd2cf697ddbc388b72b221ed967b
b790d4f46e81760b59f9e46e89089fcc77fe5609b1926c8d698fc31ae178b3be208ac34f0e28932f1ed6c8411fb2a11e56c881577fa1dc878c0d18b6
868f592307c1fdb6d4c382ebe9b0899fcaf544ae6676ca856ade7671ca85e760960ab3a7823d89a257019eb2713ad9abe6a630f46b58cc53364ed870
703d95cf6993add02ebb07be8ec6916af1c33abf6cb3e476c9ee25bbd4d3251f1763fc82b42f47579c1d846a36cfde12a2474e9092249ac122a94ac2
becc926649b3cc56688b343fd9216d921cd08709d5926a3ddd6a1dedef219f4276dc4fea70a072c454a49ba406e901a94ba26d0cef56a4652d693a16
48aba49517332439bbd53a7a37a9d681414342ea7520b340d93c164c88dcf880ea13281c6136b688412ac4d7279e627547a8442746da178b9c214695
2050ed3a0907855039b720d2f255d9b06a6556f96225e703a94862078e9559952bab36332d2a55e53a20e3b78ab472adecf152fa2a4f203a2b425479
0279b242549e40b4018a5d2d63656eb748b28c157fba82ae96b1ba9bd72f1e929883d9a0aa55849324d95054c440ce566453f6032a4798348e59bba1
72c045a4e58bbd6778ad222d136c34232431d20abadddd128175f3efe64f89baf9777b2532545d03ee628eb432ecaeef75690ab12344060c4f5f6d1c
f456d903d93c6a5570ff73a46596433596ee279558c71aebbea8c43afb9fede2930d6572d8e545757abadd1ff0a54e076256367f5c35a7c9d20d481c
bdd53ce85528b8ee1b87d4dd903ef4ecc9a2e03099e55bcb00a8c47f475ab1cf8a9dccb40680c2e1319196ef99b3403010d2ec2767b69863c4a4d9ca
671f93066f9a6562a605665f549ef84b92038796055089a96d1ea22774b65cb5a4ad01548e716a1eac2714f6a7344fd6132a27f9358fd16b9c9c5739
24b5717cde0db9d9dab43e809cadae45560dce35fb55bef08d34479255be56677b8d46bfca180b521cda14695bf34a6fc988759531b6fdb0ed37d24a
7a9557ea63b5bed9e3d330fdd32aaff85e380334d24a7a40619adbd226afac3e718452a4e575932fbea809040409b16a02013999bd26105039002ad2
b28a0b66b68c5a45407d38226cf2b569c9343353ae1b470a603c258d2720448df47719dbf57438e4ec72e6e9188e551a5440cd6a935dce06e4aa06d0
c6022a07dc44daee3f60ec078124b303c2b8413c5a5dc94d2b4ca992c613e09a41a4cd0baf4976c039ccebe0acadd9a7cc8b233026dba6b61330c4c3
9ba7f5767a70028df3b4de0694c9b6aff104e46a67d67602f2a2b6d276026ad65838eda627274138469ff27ab240a34ed3c0026ad6a2d0c00206af30
a63505d45b535cf27a2507234856dba5a31c2740d2c0023c1e22d2168905a6bb3b5f367e5c35d90ad70c0352b1949745baf4c399bdfc5ff8431cb22e
f9c779c3796bcd7326050fa488749294e5b5412bd20a0ba80952954477a6d3677d37406199b579faa490594c6e1e3f29244ef96a9e3f292402949ac7
4f0a95d3e8227d4a827da4ef91944262db63f3004a61b03f419357ed3eda58d6ee0366d6aa222daf04171161d83c8852c86cbe6c59470a50b49e3d65
5288993cd9eb35012a278b35cf99140af104cddd3942cd4a5a470710240456aca3421da1a6dd9d23d46c19f5860031324892890159078ffb6e84d066
662f5f851ed2fe0e9decb61c216b20bb2d471807fd0e927662766d0b0b306b2702d59e97b500813ca3fab2e65ebed7b6e45b7b0fc81ae0597b2f6bdc
31e0678d3b204f8a582f0b5009016a9e912e8cd041480a8fe307fa2cc9ec1b2532af66f603263d12b9595dac2a65fb4fb74df65b1df2c9ae2c3a3633
337b431785ccda56a46d471877e5ce4cc66e5f8c22d392036abe33533c1a77d83ab95bf0eefa2c24bd33407429f8d76c036ab6483a6c8071441624d9
9f686ecc49b33e1c2048b0afbd07644db5ac770688ece17e92af890af1a9d9ec3d2f0de5c1a9a237244213226dd365818a789f96b5c180304f9084d6
15104fd12ab49bb27613fe32f752094142d2da4d868dd6627bd29503c46330b6d82c163d983eb54b527950a2c5422eaee1c0ab869387943a37746792
5089728eb4f54dc434374734372609d199f8e26a75afcc321c5d56f95a6dae30a145c42ea4e05e927cb1e5a8596e2d22a0726a71a42d361ea0bb336b
fe64cd1f9c427993afcd591962d5d601aa6672d6aec92e4a6100e75d490c98b91521d232b1534578a6b2d60f50380a27d232b1e324c410ccbbed845d
bcb3c3e56e3bd97523741f93d70185a38b236d43211c47f3c4ad56424c82cdedb0a5b0cf36a9e6742701c539713e6483b019a2eb222d1b8485139a1b
69b91850265bb0761310b280578d2420135a1c69858883c9595f3eacc903efb1f5add994359b7030e553ee07e4ee20a6670a88bc6887a7f5cde9629c
cf1d69dbe189193efba2651c9008a16d59e30718a2a6de2e3fc9c1614eb0f3e5272f3e699fd1f8c91a3fea342d9d8c77898de291b69d6bd6dc9f5414
6c875b1cfc2e457111138921e8063961e620b8e60639a1ccd9a7b2a44c04e102a949429557495d12a2c028732b9c306b5fbb134e305ebbb9e9ad95db
51d57dec9046ab5be4e292340644627d5bd19d553c396cf93b3cd86e75133c00acb9d54d48fa16ddea26140e0d6d6e6b13b2cb5aee6a130cde6d453b
08c89392caf2c8095d0eda452796fbdc3813a4b9a74da8c58ad08002666e86696e42138acee492954a562ac8ae983d11d0c517b58300c3559bdbbd04
43409bbbbd84187911ba268cbbbd3816bdb9d94b48ba4fddc4258c1a347f191b509cab1797930043409b5bbd048f5a6b6eeb12f26415e92403aa0b7c
45271960dc6373ef9790b93ba5b9f74b488b75abd504184fd6dcfa25947a676f21ebdd26e57597e60c953ee57630c148b4e63e2fa1e8b5749f979039
eca7b9cd4b08bd4cbd696fb9cbabdb355caf028a7641691669400c0830a1330d2877ffd19906785e5da4ad244c30c2c95ae9560817144db660adb272
5b65d81d45e30a88d90385d4b6028c088ab49fec8a4766758001067c45da763120e9f128da5b40cad6a5f696dbd608ef8cb4421c3057dbb0f61610ca
96826b6f01a9db08b4b780c2219b9156ae13fb23b24c28d7c9432d10cf642320ba88a8ade6a638219eea3e66890806ef8e557acb00038e222d6333e7
5531ef289a65c5336cd51e45f3aa788082ddd25531a072c64f73739b1096140577050c8801dfbc640ceb6a9631ad2bc088a056742e01469834f7a309
06c844da2fae04fd3966697079db8eee87a275553cbe952d1ff1439171566b66b65b569bc54ab3c0a677bf9b704742b8b94d985d5472739b9038f42b
d2f2bac9ab4fc905d1ce5c1ad3dc0227789671f31a20e18e7070079ce0c98cad68110161c3209d5d4973a42a879135f7c909615ec1bd2e22205401c5
d69402629c4138bb92d80960c1ede2d639211b2752742401f9ae0f2d2920bbc65a349b80cc9eb1e6fe3a61d48734791d50aa03a0a614303b572fda4d
c01d4750f42d0149bf42d16e02f264756b37011c65f9719dac5905a4c531d4354020718b47a495c1bd0638f998f575a2c31c57f563017951c6fab180
bc38bc9fcae0a485d88e746d01a13d90b1ae2de05ec72ebab6807b79bfb876082417ae8af61e90d9b11f698537203bb92a5a808017b9445ae1b18f50
d775d1020446b9a5290bfc5ff5cedff630203fd43a1a8a80d7b3445a515c982cd8b95e5f25dcabe4552f169038e22bd255128e39a453b5e480cca901
639154128700159f5a250ddd44cc7fa437499ef15620ed92d8a3f2908943120b5094b1ead802121b65227d49ba18db7951a3102844a646da32e2fe5a
e88bd5354820cc6f9ff28b89eaa622ab2b9040e2ee9856b5e780c25d25639fa4a48ec6872ffd5af58e069a7c53e910fae3ccb61ae70384519921298a
2c17922c37be2e0789aa4107441931ccbc4f4cb8d776ab465ebd4f1a45d41a7940669f7ba4e56240d16b595df504ee25e65a144f9131bf28639e2a5a
cd5e89157a8393b7aadd57b5fb948f6144d55d6e96528b0e286c1889b4ec0f0813951269be55d738ef176d62d573a67c515eab2179f79b325b952205
d754038a235a358e0848ee35891f96a93116fa982651bdfd4d1828d5c54420dff2d7df04e4bbbfb998088c37a16900019e651f6959c3e1a423bc6aed
00c541d12b51849199344b30a1cff10857971381db3956b580aa16902d5b73a76aee3419b319184c9de442d14ef64b0aee7221703bf2aad60e703b89
aa6b83c03d07ae2e0402b3aaa8ce32c106b664c3736d10a8466355bd57f5dec086515167eb970d6c2e9054d70b817bc1adba5e08dc4e8faa930bb81d
e15593abde81487609dd57c0acf6aeaee8d57b450f774f75450fa81a88d5153de01ec1ab4657d5e87258d4c2026ed3a96a61013347da445af9b0a2a7
42affaaf807baa52b5b9ea7acbc73715c6803adc491f55cc55030cc8f748aa01563d28dfb17b93ef0dbe99fb555d5ef5de9586d3a8eaf3023ef44897
f78064a840d50d067c183637f9de0c02c020aabac680c4be85485b1703a2d593bf461f705b0cd57541e09edd5417018191bf6fda3b767a0733aaaa6d
08dcb39baa6d08e4a42ad0c4034666c84c0f17f061a8d094aa9a52b6254d29e003175a4115e7d23d5268f10061a5200b2d1ea0182856355caa868be2
d770a91a2e3608ed0fa0245b97f641d53e50d4ae8f011f9ab88e2460e62cc1d6b40f9a178e32d035fd414058ce1dd22489d574fa6353a7034360be79
49a3dbd2b99b4abda9d4a990e662157077d1a62b0748ae1534356c7377b901ab4d7ddad4a7f8d99a6e14a07050746bba518010f504a94862cab0486a
9234cff02636b56ed3b5c244bea97581bb5978de849039faa235156553512a0b9782803ce3556b7a439ade101c304ddd0964ce558cf42a49d3df52ea
c1003ef0eaba0f509c42375d13409ae996cd759fc63624d74d9b1e06a01a14d35cf701aa6b85de8c254c1ca3185959c8dbc3e09baefb001f2a496d04
547d874d6d0454a7296d32ff01552759531b01d5a581e6c2095075f03415149039e23dd21672664d2199970d7640554135975780f441164ee481c48e
dee63d5b42d561ed3d5bc238451292eccfb67eabd7b93d50f57334434e80eaca4973ba0f2403539a0a0a488de1a2199802240ec48cb49f5c94182d51
3f0150f502b7d582afac2ba1539afa09a82aa3a67e02aa2ad13bba84ccfd32cd2bba84642c46536501c9e0b5a64f00a8cef69b3e0120b9a1c16bbbda
7d6d1766517348072ad76547da1e42a8c75d938ee840ade6e5441ba8c61f34e7cb40bd4736c333806af844736e0c542ed56ecd592fe0c59acdbbb584
ea9a78739206c41779ca2005a08ec35f3eaa959b03325039ce26d2ca8e80054e9f695eb425e405b74877c2d6efb851c6a5ee8c0d481ac55ec815a0be
6594eb8eb5407575aa3bd602554ba0eb36076214e29b068402c9d0a2eecc0ba81c3113131f2a1a18c7fbc086b325206934750769a05633739006b231
4fdde04fa072ec4ea4659fcb1b5c1aec4e96805aef1765bf3867a39b758772201e830b673840ba0718af141392d12ddd894a7775dee5bbae57b9eb55
7654e88ec9409eee57ad816a752247876920dd7db41b7c09546e278f749154c661abdda7fc2647fa572bdd2575a0726850f3c23121ddc3add78b0989
73045ad7edeb8d63f778eb8d63427551a23bc7012aa703356f21132a870335af1c13d23dd275a73ddd457587a7ee2407886909427342038c902f84ab
0317284630f549d63860fe2e94daa1ab1d988b76c77da0eab0ef8efbdd1bc798d87607f4ee80cec4b33bbd00aac65877251ca8fa49ba518540bad556
774007a6de7cccfc19d06f25d5f5d602f566c3e905505ceaebce2580aaf2ef8eaf5dfbff968f036c7780b5a1b9a6dd3d52ca31bdbba80dd4ea88e0a0
0bd4bb5f6bcd035172f2d726076ab54cdae440909099363950b93223d2365a1cb15cab1069eb12639be3e323adc8769b5e327f653660d2c7da75a802
f126c270a7035039023ad27ef2f0939448872ae07d3b91960b0c77ee1c8cb45f3c98d05bbffa53816c487ad79f0aa45b0175d7a6bb5758a1e9bb0bd1
40322ebaab4780bc5897ea1120ddeaa66bcd0351e370a6cf11c80f3476d7c0071227a947dafc2f02d41c0dd4405d0dd47dca52b2c971917db50e901f
56b8d300a072c27b9b5c4f068294211549ecb12b92aa249a18c6fca46e0282d4212d92e4ab415a25dd7d6482b64963ace9920e496848443139a5003c
7bae4dee7b98bc6592616532260e88177daa49b2f7a6bf23ec6b52334e6a46c43ea90681203d20ed92e841184a93dec6e92ff73bb5c9a56260b41ab8
74ad1848b76531e98204aac148932e4820b1f536d2b2c1454d1cf9106965c589a53303c5a49a05d26d184dc6d601d908a2c9c9d0546c971805932a74
525d626f4e3a1781eaa2f2e43407a81c521c692ba3ea6aa0982ee70289fbd1236dfdb350cb51f791568c2eca6a874ceacf49fd39f9a66522bc8d83aa
daa4fa9c3ccd013367d21f0824f72c4dcd56d874c150272e91029553d9226d8b2648ed61c331480d98efa6aa9205c226f329b3671db532899dd4a740
79d887f40f02e936f026571d81781359b8ea088ceb582159e3048355a6fd939315a0ba783039330192fb65269d6e40bacdccc9b54920dea448ce39a6
e57e8cdcd45a935a8b59eca4d602d262f334a86bf286c9e2534a113f190750475a61ac685d26b193ba0d9835c827270a40e544ee489bfd26afc85a47
1590b0b5e3874a6b52693908a88e26d511d3eb49171150398f3bd2b6ce9dd016fb884a0b98ef6ee9ba2050b87838d2364e56fc1a63eb64ecd4a43662
509e9c9b4cce4d169f92894326c8deb909508c8b989c9b00c98d60936a06280d737252cd00a18479d1f5b5c9f5b57a3fe6e070aac76cb18668036171
231e97a82697a3aac574aa03e46c1f54d100c5f58f4945032423a1a7cb325d6cd12c7ed23279de8fc6faaca601ca84b067c39466c39490c66c981290
b83733d25d125b6bd05ab39a0648f7946156d50021ed19d22689832c30e867b50390ddd63a1b280454c3b6671796802091bd331e20dd138bd9b11ea8
9c3317e92aa9b200324192b1ecc4df172f4917b7574072bc9ebdc2817e3f3b55020a470c455a8915ad6d0cf5d9b91290f5a3cefab880c2292e91960b
439b65dff521a01af7363bd003c5a081d9801f20e64e7cd1511d484e4b67274a4075f7ccecd80cc43c09260cab016afb3bcefb8a472ddc80c2b10c91
9e244d148e8664880d50384222d2d62a87ee38ef998dba018ad19fb3de2e20279f525900d3a4d4ddc10654ce9989b4d977b72a204ee75040e184b136
ab0680781111181403d4e68baeff00d9e9d2ecb62fa0720063a477490edc4c02679d6940d631373b5d02d23de79ef5a601c900add9ad6040d51b35ab
2c80d29955cd6ea602f2ccd037ab3f80e23ae0ac830a9855e8b30e2aa03a66ce7aa3803231a99af54601e99e63cefa9e660f9fb1353b0f02bc69b1cd
2e74cc469aa05e67f50710934eb8507f00f1222572a103a87767dc6c16038284c08c47016a73ac729d03c80f0726274b40e996483f16105f443aea1d
20260864ef2c68f68a5f7b99c12740be9950ef00e99ea7cf06f2ce06f23af59d9d2d01f14d8ae46c090812b2503f01e99e47cfc6fb02f9ae4b275540
bc49c539a9022ac7e4455a291e48111b62769e351bb852efcc2c149eb8962d808522e0b7610bcc2a4020269330e60c0af09eed48cbeba96479d17594
d9dde3ceb667e34400af578db45c102772370c67634076bfc36c500850f54bcd4ed080ccd17f9156d697bb86e1d5391b505cf79d55a54018847c5155
0a44f63ea5c458ba512fcf6e3a9ff1143646f7451d0978396ca41749c47cd35616951f104f2d903649046067f3da25398430195e9c6701c915d7c5a5
1ba0b62aa9491a0a85fb6823dd256143d0d417274d8047b7455a5e89c275916c310a17c8dc161d6979c5c3c83d79919657eedce598a3b6781e0c5026
162417d52d906e8fcee2a625a0723958a427498c63d8c18bde4aa0708863a4652ccb18ecbb1805145bf062b8c742b84753862e4f01c9d0d6450dbfdc
5332fc028bfa1c080b8bfcd5e74064e653f2ea4d0ff8bd177d9a406d4acce5a9c5eb67938dc0f529a036f977310a48ee05589ca501c9d891c5a80da0
8cad591f55cb8bbe52a01851b73887036abb490a8113f98c2c599cc301f1145fd74e0092475d2c7a4581d939caa2210094c9fa32f203a82e4e2eda06
8bb601be8545db00a85cb71b692b9a03641afeab45a72b303bd3585c1c0366cdebc59530205e842fcd85c5c531bd748bf6c2a2bd80336c71bd0c98b5
cb17e79b40722eb0b8e31d8817cd4bf6bbebc7bea8f09982b626c9127523e6fca2ed14ff6d6bb26f89bab3035b8801bf40a84d3e69d80ae0b5d29156
fa7874dd00bee8bd056ac3a3b51869022437d92eb3e299514ef8aa1627bd40719fc6a281021475c7e272df62f4edc3bc2ce4ccf6d6c5bcfc229ba21a
5a79d18c015277103238042877f7d79f0b14e3201737400195fbda226df60bd933b35f9c0503d5dd678bb360607632b5e8e105b2abd38bf60f50dc30
ba38315edcd9ed40ab610344f63ca5c902c4941456355980b9de24b9e71ac3f4f045ab169345cfede2bc1888ec91846e5a207b5cc6a27d02a4dba5bc
383106b2c7712c1a23404a3ea52d02a405eb6d71ae0ca4db81bc689f00d93d3e8bf609903c216ad1ca5858db6bd69116c5a245d17dd13aba5db70e29
ce9697db03eb60a401012437722fcea081a495ba18ae01c407683d46a30265c2bdb06865004527c7a29501844d8751b718f509247d648b1a1e481e86
b1385906b24798ac867802c973b656bdb240d213b8ea955def10cfe6638b34c686c9c776496a7d86a3d5f84aa072d26ea46749d8e7a88a554d0d54d7
a757353530c21813343f8063943374237d49c29ab2004ea081ecc8bfea175d6fbf28e3e9aaf65ed5deb48355550d949e7dcafcbd3b1e25bc3ae75d59
1f7416b51a1309645bc6ea0417a82e91ad4e705727b8b4cfd5e80ca0788addaada04d2bd28b1aa0581aa2a5dd549abd1882e54acaa1b207beadbaa86
58d5100a5b0d01a47b3d63d5ff089461077f5431af2a02a0724f52a495828a0097cdaa22586f45c0e0bd3a975c3d73d5658555972550b865bbadc6de
01c598dbd58530a0724159a46d268b1d84ca709608a47ba96135680148f78ac4eaa008a47bb161756eb71ac4e6d2c2ea821650555cabe16940089012
38060295db9fdaeab40d48865baeae7101952bc5226ddd3a2cda501c0281c84b924c709ad76cd53a2a02956be1236d35e208740d67759eb53acf6250
59f5faad1e18ee92ca6ad81990177ba063dbaa2750d13a8e01956b41222dfb9c0ec109bd6d75beb15eb0cf00b5e99303d2bd16b3398200c97eb43995
00aa6eeacd4105a806256f4e0880cac54c9136afe40c8de1d45b7684ec0c70b3cf03e95ec6d934c681cacd5291f69b19d743977448b22163006c7ad2
363d690c779b663650b9ea24d2725be4d6a74e4927a421ffcde102a84ef137878bcd2b405c2ddadc010754ae968ab46522e6cbf3c3366ddfcdb3976e
92990d882e07fb1aba40185170e1a00254ae6b8ab4ec73f2b40ed64ddb17c81ebbb169fb0261fd9bbd72e598698f74d80c0c03724e7e51b9362d390a
644cf5e6051d4ac7210b48b7585d5701c200e045ed5ca0720372a4e5dee085ee8b36158c5a2ee388b4cd6e40704fb175a801d5431137031080ea2c7d
d38005aa13e44d1f1b50b50a370d582048d4ade10740e5bab4482b9cdbedc67c6c73a8dcbc4cc4a5c04dbf1b50b97c2dd2b6ba01a9dce2d7d2052ad7
b6455ad6666c454687cd68062079d491175109b9dc244546109ba7606c9ac840bad7f336d78a809885210dd78a80a4936dd392de3cecfa2e9235ceb1
900e3e9ba11140f110db4d1f21905d24d80c880392ceac4d7b1bc88ba38a6a03288f3b7b59f5be379bb0fe4620ddb5a4550e14f7486cfa1b81ec3ef2
cd152c20754c844ddb1dc81343f3a6ed0e64f7ba6ddaee409915abdbeb80ca61d391b60d7051d60808f9a86ade5cf30272729050af6d777036f91acd
012437dc6f1e5100648dd9cd000f20959ba4d071767a12c0e6cc0128dc391a690535201bd6bab9a2b6796a01d3bd4d7d0864775b6e2eb20155236c33
8e0f483ad636fd9f40d1c8de9c72006130c2972e5120f2920959e514a7ce647b53b70245bfe0a66eddd4add8659bd30b20e962df9c5d0049b7c3e6ec
02a81c741d69e5c5a998aea46c06866c5e3ce720e1ec02c87a35365d984075cfd4a60b13c89eaabca9b981e41694cd8071a01a5abbe9e8048244199d
a700d5bd5c9bfa1da846646c9e59008c9b8d2159a0012d3ba86a0500b9dd4c58c693f19f5584cda90b30d79b641907945b09e90d05aac7f06cc6a600
d569dce6ca2230ae598724f797dc235537ba01f92eb6d609903dc269334812c89ee0bb395702b27bdf76e74a40d11bb2eb3305b23bbe76e74a40565e
bb4b8d4075bd6377a911c80636ed46c0efc4b97494d0ae85b47b0f30ed6bd7ff0a64ae518ff42669c3ed2c1387a483bcccfe9474b2046af697240ed1
6456b73b5d03b233b8ddc817a03abcedc67cee5e3ec79530f1c31271d5dcf4f04dd9c7282b739126fff8649d88ed9eef09ccae23ed4ee180f8262f6a
cd0141e2456775fb3dab9ba4c91acba23303ca6e680b503dca7bd7dbba1bfa6f1cc8ae8507a4897167d7c0dbbd44ce08955ddf2a909d96ec7a4d7722
f8fb4db298c563371090d12e40d603bb3b6d048a3b3f77974a81ec1467d75a048aa6ed6ea0e9ee090a8cb7bb062410ecd33a352081eab6b95d6371f7
223894efee1414a82efeeeba698134a14377576281e2797bbb2bb140727bf5eee63a20bb5973d75b0b541db8bbde5a2048d4ae162b508d7adcb55881
6002bef4d602557dbc6bb102e56e897a5881601e11bafa0ae499716dd7c30a946477d3c30a644f54d99d3e035367f6b46b8beef7f4f9ef391c7bd756
05f26433d25605cae298a061badf11b4b3345b0853ea8e2f60d78f0a04c9cc1428075579d0deaeb10a644f16df8d8c052ab72b44da4fb2fadb9989ef
9aa1fb6d862a77ad38201e43306e9603d23de8784814104f212b635e8120f1941be376af01c99264cc139b18b7777d98409e18a477d77081a4c36c77
091788ec29b7937a208c00b2379415c81ed8b66b0eed9a43b2aaa103445e64ef5194404c591198b60f90dafda23de37691c2aa2e5220f242f83a1180
20f9941589c7c0b30876ad1a2048c85e1366d784b1c7ea1e00d21d9ab46b9decb7f3131b69d7ad09c4abc8c2a93f503c4c75d77e0092277dec9a01bb
013fc94a52e903c93d55bb4a1f88fce9c7ba308118aa10999142403c85605d0205ca3d00a8f481720f008613ed9ef86834ddaed6076657a577b53e50
bc636057c503f149e4af3b14c86e40da8d5b05e2a9d12e0e75f0e1598b49d22689baa4dc87aa14c806bd1cea4da072bd5fa4ab24dafeec534d12d54b
bd1daacde35edc6c90648243143d37ffd0650a540f793e54ae40f590f643dd0a542edd89b4dc27b9a7407a4c816aa4e4a16e3dd4adf89b0ef5e871af
77de8fc96b3698cbdc5cf0046617fb0fbda8875e5454fc610c2730bb1c7ce8c900d21d3278a88a8074c7071e2a9ec3cd6a86eb1d6a1ea07a1cce61b0
27501da80f35cfa1e6c13375a86680c23df691963522853c75f950cd1c2e0a569f327bb6b479bae1e1700d64e7fe87a3f5e168bd483a24b1b6872573
385a03f961c1f5231cfa11689d87a3f5e1688ddfeb709a0f547beae1e215500db8399cd203d50d54871373a07875c6e1907e38a4e3753c1cd281eac1
40873e5820dd719787633a90eec0cbc3493790ee30cbc3c93350b58d0fc33f817407501ece9e81ea54f9700c07aaa6e4e12418a81ebb75b88005a4e6
31888723365047e8cf4755f3e1807e6c04f15633b6c511a6f3c08d74387a0375c27b76e80206aa37221c4e2d81780ac138b5041257fc45da1739356f
c2343c9c6d02b3aba587e339104ff1a2b34d2048484a7f2f102424e56c13487744eae17413a81e047838dd04f22d50a79b4076c3d7a1ba386e4fb17d
487d0164375b1cce3781e41d82f1436ed9ae30d96d9d700269b1cda96980e80b94dc092790b8cc39d29609dda3223b9c5d025124c4ef541288bcc8de
281a202dccb30fa36880785192ac7209d424f7ea1ea0784ad3a1ea01aa61a587e137405ad40d4e38817447ec1eea1e20196377a87b80acf7f270120a
244f5e3d9c8402a970b36ff33e74617c608296a5715c0ccdd30bd18562cccfe99c1328eee8f10e73a14ed9177749b458c67daf1f17e2295e74870490
ee2058af246fe7bd1f8221cb0bc885624ca7b78d0be90e96f5ba7121be9021ad9256483e25b7496e9186f1b34079d0a44e7dfc407675c07bc485ecdc
d72bc385ac6d771a5c737a4192f1b95e232e644f9d3d9d147ab3b86b2ca7fb1d8028a5240bcea5129ed3ed8de14236d6ef74b60714cd062ffe16aaf3
382ff9168284ac0db70182e48b967b4071c5fd742911a89e4a79aa278172d7b87a12a846a29f2e0d004142124eb480e29e0b2fef16aaf1025ede2da4
3ba0d90bb785780c92332da0b89bdd3bb885788aca75a60594661b732605544f343875de9f1e2e67a0eb69ec2b906e51ab62bdbddb75a4d35813a078
e2e3a9f7fe44ebdea5d47b0f241dcaa7d3262019ee79ead007aa9bc64fb7a9036979f894d29f8835c3803a0d6501cadc7cd10af156f1fb2965c8968e
0933eb34e005884607abfafc816015496b2000d9c5e45303012806337a5db8905d4b3ef5c903d92874efee160a377037efee168af3d353373d5092a3
85e6c1a979f078fc1dcbcba73efbd333eb663faff016ddb4903428bcdadb4b3abc8e5b285eac76baf80be487edc8f9a53774df91d6a71b4a80748796
7b6db7100a84daf10095fbda6e06fd53bf3990f4ca7a21b79075b89f1a27401409ceb43e80680fbe68e57ba6897e662fdf6edeb43d59637ac981e269
63a79b4c80cabd889156f058240f7ba821374075b79e376d0ba97ad0ae97680bd5bdc75ea22d548fc03bb5524e679d46f69f9a2940d2e2f5966ca11a
a07f1ac57b6a92c88626091024b8d0dd0d94bb963449806cf082975d0bf122b2d622018284c4344880aa4be1d4ae3899c07a86d7a98b1a0812e5766a
0a54cfd33ab52b80eabd79a74604503d82e9d48800aa112cde7f2d24978fbcff5a88f6441bd68800aa06c9e9941648f324c96ac3ac704aeb2dd942f1
18d553b30288bc9084660550dc01e285d84271a1c40bb185aa27e5d2b70d44dbc9902649932d40da220db1b210e3bdd9427161df7bb385ea2d5d97b6
07501f8b4f1d9246a330dacc9bb485746f29f02a6d217bbcba57690bc56d465ea52d548f57bff46e034957c4a51d03c4c06a5e4d12215dd8bc97960d
50dd607c3971078ab14897c60e107d1ef6b56280bc34b3b7dce9b044be6989d8f1f9b092dc0504cc06cb5dcedc8174ef62b8348080dbeb7e39730742
15254832cb1ed0051d76e92807d2bd41e172320f54c3172f4d27a07af68677880b5507e7a59ffcd24f8efde61de2c26c7cde652c1550b881be79adb8
90eec8fdcb5065203949f4aa71a17a9a88f78a0be9366ebc58bcdd178b6b0a78b1b850746d5cfad881bc30425d1a6240ba37755c7ad4816a38ffa5d9
05cc1efe74e93e07aacb82975e0c203919beb4c4806a90b9778d0bd505742f1617d2bd27c59bc585ea51d2de2c2e14effff3caf0e6fde013dafad23a
bb6eeb0c3bdb3bc3853a7cfd1f55cd5e162e442f924b9b04c7fb4cb8582f4d3ca01ad17569e201c94d3e97f61c90ee0d2497aef1cb70e56531370b43
7c9a4ee9cb10666036e6ce9bc7859806518b86a901c5d9d2a5c10814eead8fb445ea9816367c1d3740354ad12bcb856c2cdba59b1d48de35e22de642
f546a6cb13f580ea81959726245066667b5e4f2e149d645e452e5427d197e11f40f294874b4b10c8ae2f5eba8a2e5d4518d8de612e544fe7bb340e81
a810f83246e43246c481547bf1d2a184d3c69bce8520c98405f2c462770779fbb9108fc998c2c715b5586bbaa280b460305cbaa280ec92b9b79f0b91
174d57ef1450b8d73cd2167240f62839af3a178a07a77ad3b9503d60ffd2440582e417e5cb0dcc6e51ba8c2d04aa1372af3a17aac7857ad5b9903caa
e132fc0348f7e6a64bbbf43228d1dd4d97862910b9217f173e8062a4f6a5a90a64f71c7a33ba102fd254749a7933bac16ede8c2ea47b77d3e5620850
8c01ba8c0d01cac346a68d0b0c1f8f6f5a80cd2e480568d15edb3dc4f051a3438068b1084d871a5067ed011d6a40324ece4bd585ec8e0a2f5517d2bd
63eb72d50428baa5bd685d48f75eaf4b5fdca52fce0ea02feef23e541b95b62a109cf1a221945e84ee611c5e841e808fdbfe65c43890cafd94d963d1
1ac976e964036617febdf55cc8cedabcf55c48f72631ef3817aa47ad5f2ec05ce75d4a6976b053ab10f9bb0273b957db99d3a5510b840a94e447316a
dd08e15de842f11e032f3e17e2295ff493c47bcef7530ae3b2efd883f5795d9e13e2f0a9250a542e9f0adb700848a86cd2e95e422e54d6f4bb97900b
f154869425311a34f2c26c13e2a909529764a073833449b21b0e3749f71272a172f645f71272613c666e9b344a9e7c7397840d9bfcc0218955f161af
f647967f62d43974a47b2fb950b901b47bbdb890fadfb15daa7bfbb8100c9989c5634b1a7125ddcbc785c4c698eee5e3429d6f1e2d30dbc939ccaa7b
f9b850b92724d2560e01f238ebfba358126e999815011e3221b9bb307e983f97acce19c6aa6f625f719555f75671a1ce459299e10f63c75ef75671a1
723549a4cdbe9a3d85acb2cfba11b7df44dabae196863923b066dd6072e11a8fb44c340ea95060cdba69c4cad9689a32c4949a6f924c3499e08bcd2f
badbabd1c09b326c36705eec32d16de008bf2b9c7e0f0af0da650c938a53c322ad74bad2f1cd2a89a1c37277d91f10b310f3b255b0018cc374236d89
dc7c6e89ba25ea9608f6bb62e54cafd93ed5ed05ac84cdc5a72c375b01583089b4e566256ccebc38596ecf3399f8e224ab132735d88b27db3406d587
17cdcb50593693f6c7acc4d81336db6367a5831534df4f291dd6d008a9eade662ecc8441455a51cc84e9cf34ba595178467183d75951cc88a2d20e67
4531134c3e238a5951b0996cb6332c5624270d735b57f7167421714a5cf716f400ca5dc96b9109f644cc76ef45261699a0cb2c8eaaee8968f7634acc
1bb62ad25995fe803277a4b32a300e6369f6d255c66e5b4689ad72b6e2d89890d86a25ad326bfe0a1153a6386caff28fd72d59479b5c6cce792cc0a6
7c0614bc4add8bd7853adba03639e3843276c3752f5e172af72f445a5ebd75d4d6b3d9f689699d1b05dfacb78d3d731305dfac37d6fc669bc56ef63b
472aa89b76b367ebdb6cb3d81505776c6545b15b49b7d3cdba3c6caf6cb0e74c8f485b4816fd3846a47b17bb305715dd21fb87ec4b52ae1c47f6e8b0
7ff8c9e3fe24fc1f967240ee96f2b0addc268a5cd8543c3ac65e795a49a706042f9eb28f1f6eae8c29a7ecdfab8088e7541627cdc251ec947d8e2e4e
13ec5f66ef3d098e9297d96b9f4ce475d92a2ee20a6caf975fbcfc227c5db60afc705c631c69eb88e336e78e582f9970e5aed9052fdbebc5a67287ef
4bb9125b32a2893eae932fc5ae7984aef78277a11270dabde05dc86c168a749144dd8f8976a4bb24da56f7a959123e64861caf7c178a3d2fe1470bc0
ac9a7cf19264a5f25492898487c9ec35ab52ba3bbb8f3569f429c4ee5dee42c21dd6bdcb5d889e2d6997a459d8a4c9061729e093e849eb0898f1f176
6f77172af3d2484f92a8431a65d2b00182d420f9c98c26a205a662f685ec874b34d255124d8456e3b5f0c2ccd691ee85ef42640f5f45b972b4cd3cfb
d429495153b9c53216143c0d3c69d724ed9a1926aa4c5499e0c52a13d532fa9465e476f7ac08357592a68e35a9a9e355ee7616af7217c2889109b9d7
fa51d055ee2b875031c6a5663b24ec92ebea236d0b603550a33235f9d2d4997dcaec710bb1e1a47b6fbb5039b4ba7b6dbb5026bfa80d0324bc42dd6b
db85785192c2e1da768d5d6f6d1712fbf9bb57b40bf12292e89691ade88b8d49530488a7a8474d1120392a7945bb50b99a2bd2b28abb679ee17eb21e
b9d8735e108e360c50b96fa97b91bb90b4a5bda95da82c0f76af601792e718c40fd99f609fc98977b00be51e176633c36d83cfb77bbbba102478d514
495e97c0be83f861fe33d1b2cc6abc4b5d08cb19e92fca0287ccf2f0290b4eb8e7f2f0294bc90d552c8246da3a5ad80fe1e0b73860e17de1f2a648cb
eb22af3e651d2d9a78a877af44174ab3cf68770085e97af7fe7321793643f702742139abe432f41be29b34e155f9138bb43ccc4cf1108bc415d93d69
9d00e9eea61a19c98d334c2cd26691082c5a94eb665edced89d3aca7ddbc765dfaf687dd46c69e182edbe85e502e540e6288b405e700a0875cec169c
35412e50ea5e632ed4bbf5ec32b6cb18a2d03c012a012add9bcd85283725da6d3dc4322df6c0c39672df00ca17b51e80e469163d69180075c1acf436
72a12e5688fa1d280fab52650ec4538842650e04e9e32eec785449a1fe973b5f2585fabf476d553d10f952944b195cc88049a5b7840b41a27097b5ca
9a1b276c475a19e0e958b039bd385ca89cf9d8bdd83b80ba41657ab1b710236d86b44b82093a6356bd0395c0c6ee5ddf42e66e899ef59a00f9ce4b8d
eff5dfdce110e92cc9396585542411118905e585e0427cd1a79aa4663dfbc92e8d93099a6f5a22b68010f71ce94d12adadf894251ad027da4c4e9628
21d622e992c4e1ad1827594b0188a724c944766f8aa44592ae334c66ef12172ad78b77ef12172a974845da4fe2f0e83453af17172ac1fc915688dc07
c1f5929156621c9fa709e68de342181a4aacd806b898c99ee1d5e042996f928c71bf52e1c286f82167ec0ae992aa9c551ce932ab8f05a8dcccd4bd67
5c481ef4123f64cd585c8e5de9de342e642244232db703fa2db3aa6839b28790caee45e342e656bf9eb546b2a7b372604bf7f271211aa96c584e96c4
387fa1e766019a7e102cb3ac8992bd33d366a68902144e9ee8de512e8c3729bb664b76e732c68df7960bd589b197940b95358a9ef5d0009525c3ee1d
e5425d2cb9060910248aa4f591ef8370c84bbb02084b9b2f6a1e0045a7649e14eca4607d4a2972efc5823198b50e802051467d2340d6accfb3dcb38c
d46d52da10406569a67badb850173b89de926c4091c2d75b0224775e76ef15172a871347daeec5a93a4ea6bc575c288ec3de2bdeb9443c5ea4c2352b
bc435c5f555efca4db831d43b434b2968603c6627b5d8cb8f145eb636143a07d4477095039dab77b1fb950747d663d2840d682f3a6f17edf34def9a2
160450aa8d420b02680f07ddcd626f445b2856dd144079d8283645e8713c56f766f66c2c5914be6e0a2071cd6ca4ed461bc1a5d84459a302a88b63cf
ae54ef9594ee63728137e3d63fda19593bc3bad5ce00eaa2f0b533b2760653552f0c17ea38d8f7a35a396b8664cd90c9af5b3a6d0ee6cede3a2e78cd
6aa46ddf042b2d766bcd901f2f2287a4d4f1ae2cf68243b110bfd41d2374b8005953341f4aeab0fd51b8431170aac6e2e0a80fc6dbca175bd6a108b8
7693f0ceee6de542ae37ab96f1b08cb486c3321e94d1ceafbf0548ec5689b4057295c8e1e6342f0e07aa2afdd3bc4e7614aa5b4fdb3267c42f775e8a
9053090965ee597f0b5017f3d2b90224e7d75e432ed44503427b0c08c58f2434b8f27d0725c5d694caf7129115a9e104e4e2a8a1e194359c68a5de43
2ec40c3841ca926cdf0ba44992ab76be384ba295e20b28ba4a8a5b6cbba455920b3df4eba2c95534b928b8f7900bc923ae7ad19a0282bd02c96fdee1
ce54af37860b89fd4991de24e19b4b5453d1b8295e3189ba2dfa3c80ca490991f6032ce62456438acb3440d8924843ab05c89ae0dee92d24cfb8ea5e
ea2d146ee68ab4e52446990340ba977a0bd501c63bbd853c49d2c3516eab82feec15db4276a5c3bbb3859ce4423bc0abb389948cb4f957db2722739d
06a8ac9b46ba49c22d512429310eea7bdc24bfc831246c6fed45ef02307895e69b03e20f30a636073277cf77afbb16eaa2acf5380041f22925362073
6847f7d26a21e9bef2866a21792655fce8d2187f17df94b101596bbc4cd61bd799647bc92417030af7c677afa81692a765f5a221005487ada2d607f2
a460d5fa40f21caff8211bde84d22cc1ac803c3ca49a9b02d212587cd30a1890f500147d0e40555597d92ae70e156eb2ee453704903c752c7e2847cf
892a929499a6009e2eafc516d25d26f53e90aafd57255fee6512fb975e07a0128dd4bd2a5b280bd66659edf92bfb6d99429755c606e4c58ee9620a10
79c1c56acbe300bf2eaf3a3080d024be28fbec87e5009cee1ddbfdbe63fb7ed156e00d5b4d262ca42e8d3b2fa5cfb957e34c848f2a66afdb1692f38f
e24a4b3142c431581306a89c4bd7bd6e5bc8931d598f07d01e985665579c038244e1747800d94582a2bd02b487a3a1b609d01e3671ad0ea0b1e124d2
56e06e10317c691d00e5e168a27500240f6c8b1f967b40635f47f7be6da1b870e04dda42d1c1e845da42227228d24afd50dda97c54e05e9bcd46d2ee
1dd942e3588beebdd5429010b53a1d88d99ffd4ca50ea4667bd057024413a148aaebe2065a1bbdea1a680fe5a3ba06822f471dbd2140d1ab595d8d00
1a6142dd7b9e85e45175ddfb9a85ec7aa497330bf1e660d6cb9985e4b97af1a348431a49529554c7a9e9f87faa3e06a011441ae949d2c48b1dd22e09
158e6aab44cf0ae39370a6af0068aaf0aa860582344132334e0863135ce75ae61b0ae74af6ea8c1f68441a766f6216dac317d5b9403246c0db9385cc
052ddd6b9185cc1eddeeb5c5427bf8a273636072ce509b4c34876e547375d25b3dc6fe216993e4e2207db53ac505e6ff87b1734bb395d501e0941a30
80c3717999ff104ea8e23cefffa58be65b2aa2920b81b0f34496edd86ec7d20c2520686c9c9165fbc26dffc2ced6c30eb2b57486b20d6415efcab065
a4ea229628cbf6cfc05fd43cd0c68edd58ee53a9058af36087d208e4f9a9525a805af8ca8fd3034f5e323ed643f3126415fda33f1ab466979ddee549
2447f75c3e92d35d567809f4508346d6e86e8a5f91a7a7771ccd415671430edda0e9ed3679af4813da2aaf78f1aa60d51cce9f833afc1e1cc1411bbe
899a973b13afaf8ac335883f7c7ae6e615d92ecfe515f70a15461a53ec8a3d5e986257e4c9b849cd4b10c6df984e5784ead9a11978b8693d49c1bbc9
73451dbe4fb7cdb899a646bb3c1caf0fc76b24eea1ed7668bba1cb9b7457e4af78200ee120ab3897f6167978d36cb7cad3bf4498215b0e87ebc3e1da
a1edf5265f55c9d3237dd15f2d226edc69709097a41335de40e9ffc58f7d68b581bc3c0f4cab0de47979ac7ad141fe8a4b29194056f92bdba818c09a
3c1403a0b8cf65370fb008725b64d9d7e6f36bf4e9eb1507a17e7068dc816a2449e80207c18ea8dd74c1a2b86165fe13d6f1dee013329faf286e4599
ff4ceb78b0588fa1a515ee0bc9f694f9cf6d1daf34df55e86c0661d05e281bc030c82cd86f48e4819d2a5b5be9c7f0c0cb2a3a886fd44cc3227f35a8
b21155af90077e56b186c546284048219c074eaabc710508df7b38530d82c0ca6e9e6111648aeae6191685948a59b65d2c8ed0b630f5b0687d9fcb76
61dab1995437cfb028279227f40dc7b1df15ceaf731804fb6866d99e3ee869f48f508c81c93697ddd4c3a2392d164a3650ba7da8b507f25c5c510f2f
c82afa500310a47d401f2afe4090102fcbf6ce4271cc3467b10812717473168b2099570f67af412186bb9bb258d482a617dd76b17e812d33b36cbbfa
ee30eec8b039508c7f0c67a141653fc92c7bc9c1f76c87693982ca265d59b677062e529fb786236846b086f21684417f61d41c580de392fa8649931c
4e2d865e5f50dc99b59b145934070293228bc3e91273228bda7d6e5a84a08577a945086af140cd3fd0580095651b8b07f9f0a3d1eb1b2e40f57d757e
19345d59a1f507f28e68845e5f50db9f57f4453c19603d504b0f94c238198a785006b22214f1a159678769d6816608acf98f45b0336537ffb1a8c52e
54ea83ea1c425cb6eb72aca05d4a7d509d7c8b9f57fc3130a0ec84521fb4eef0a1880f3dc888b5d0830cf2f4b44b090f82658a59f6a570a6badb611a
6e20fe7cf735dc42c30d25db2ccca2e9d60d6db9d096c36e08e7a04165c7852cdbd69b61135d3634ef4035d434d403423d00553674d882a2500ebdb3
20340243bb0d84eeaf500f08f580f9ef248ff953afce6e180a4d73408bd2d8a725ffb10f5e76b0f456541340751637541340e90e4246cb817c38748b
2622a8c35b519900750ff75a8da0145f53c3ec40712fe5fcc727ad066157a94180e2bec6f98f728e15a90d4b265404401eb9aaba121e4c36b5cd72b5
8a606a047c37d20de4815675abd819048753d7a30baaf32d26a91693fc6659beac42fe9e5ef1b64a7fd3a0eab56ac9391648f5ae4d0af28a9c4bfb13
14ad05f35d8bdaf7afc22a6c6abef5ae8ed1d5314e0ff48a6e73c880d375f082ca3687dd7cd7a254bee2ae8e01a63efdeec200509ba7d7330c1a5b36
64795a455825235557ed00c54dc3f39fc7ba87dea12b9cf606f3b0f3d54e4065b7d06e866d319bcf4385a56bf1223a7ab3ad2a2ca7bffa59f55bbbea
31487443eb40d5e56b366d1105d3a33b770da2d87aed62502b4a5f773a1b141d87ddd03a900716aa7c7516b2ca036d17d3d4c60498835b14b707ef66
dc167924cd778100a81aff5dbd03ccc3774725a39b31d4fbd6eceeb1cfcf8dab788028bbca0782e2a1c1de8da403e16479778540778500db83e73fb6
6c21744c76f593ee0e86fa9d4cfc2d426da1eb13efa6291dfeca8fd2edb4ffacf236974b3ccabea4b78943807d7ebb69bf457197f2fcc77b721ebc79
03de1379bf5d5cd0d57f40b69f2767c81d986c7fd74d042e6af755d7b900aad67957ff01c55dd6bb89c0457526afab0081c2e62a59f692e83f054754
d7250eb28a4baafe981bbc610d74d51f90bfa22f547f40e810e8ea3a205821979d67234eb659c25aeabab54175b2bfabeb80a2f5dff57483205f5337
a7b898ec0d9865dfb193770c096f4a7131d96eaf9b525c34bd555d5da71bfcdf7da19c0807871e94ae6603524671493d15a0694774dd12ddec7a7ef5
3a9641635fbb2c7b473feec8d3abc68058cae13fa5b269c945b02d49966d10ae68f60ecdb22fe0c26429613753b9c89ee29d51a301517c4d555fc08a
c7a1dbf56d74a3fec39f792bf7b4f7b83d5dd6208a4f5a2f33c82a9aa1b602ea6163f55a8028bea77a9941334ad68ce3a23505963a0dc80379f8aa1e
200cd6ee2a15209c58ec2a15dde9e5ee77a00a01a228785417cc2e3e3c9933c7201f2197d407018a13435def34c873d17c7d102048279a653b914d9d
0fefdb407d50b738573f0193fd05b3ec4bb990028b47e92c34c8a1ca2bda61ac531c4a145d17a0b25b4937c5b9a86cc8d14d712eaad2c914e7e27011
c9d09901561ffab3691dc1870c42e638178d64b4dd7ce6a2b10d6b379fb9684e2e0f351b30d943b19be25c8473cbe63317c56409f9cf61dd81be30a8
b2b1a4e3fbdb4776ab7c533a55c3aa352bad4765389f0d1a3b5666d9b6ba5757f15cb6b5f00536af685b5d0ee081bae449571e8a2bd3958be62ad1a1
df05b4611fea77018d7d67b27c5b75e3acf6f4b60bfda7d8d3ea3f20d81c38850dc3c0d8fb59d05417358eb6fb903b5201028d3d00b36cf35180b447
4d862e42cd6ce8b101a1cb7f3831000a6960b26c5b1b8ba4f98c866ad2504d22be68a8260dd524bc01439d08ac48431a66881f88fdbcf5d88062de8b
fcc73791397b32497453abf79d5a9dcd2fbba9d54533e2d1d4eaa29053b79b5a5d54871e53ab8beaa2b661381fa806350d3d3ba0ba24c004ec220af2
7038b50fdabe7355a7a1eae44ba0ea04aa4b4387531d204831d64de62eaa0b5386ca14682e451c2a5343c5c97e55711aeeedbc0fb4f59d50316c2a93
b98b20d35d967dba4c9b38d53c5492407e6cd3f3db7cb67b666ffa6e1a789127e3be8d29048dd45e59b6f93a8e90ad435d0a64158f48c71128aeed18
ea52a098d524fff11dc699449e902cfbbd392db37268fc532c0f031841369c5b368011541dfb66b417edf0add4fd044297fa50fd1a6e6ce681ea5a43
5dcb91c9259a20d8acab9bd15e844bc787ae26508d0c1b4e0a8136ec76d52fd01461c37922d0d8ed2ecb9e9e8d249af7a8fa056ac5b93554bfc0a12f
68e86a02a17637d4c840254b49967d38179fb1039fb349208cba1e7a8c4031987de8311aaeb3d43737d4c84031334dfee33bf243f9c57c1e6a6920f6
97ed8287b13385f82bbb07ffd31e59d5e586ba1c2278a8cb0d7539bbda8928300f5f54830486c943d06c869a19a82eb41c6a66a0e9ce186a66205ce6
369c61024d537c389b04a2ec2a7b8cb801cddb61dc0068dd461837004a3896184208ea502c380d056af3e1ea9102e5d8e3aa5353a0399d30d4fb4031
254cfe63fb8d38e856f9423de8f3aa23aee304b1750f5d53203453c76bcb5e9ea41f8d3e27102e7c1aea82435d503d435d1044b17b0c4100b1871c67
a840fe8a2a15c6b17d4e8e1cfa9c4075727ea83182b6c5821a23a8d551548d11d43dbaab0b826286a4fcc717ea3322ce236dec8707c8614e9d0e14b6
72efd3584330d94d37cbd52a8c22c4ce54cd03ad367f755845ec4578aeb02a707bac5765aa8681eabcec54bf02956c12591e56ad5785bd6fb2fc5a45
57e34a982e7c00c5f89be924d634c00177cc74e103c80339979ad374a387d373fdac62909c1e785ba5ccc728992e7c984d87036fff74e503c843832a
fb82950f2a45537507145df9d3092a50f5c84fbd42a0184e3dd58040d51f305de400f28a8d2afb82dc69ae4e9e3a8a4071d5f7542902cd9167ea2802
930d8fb3ec03514d9a9ecbd6a326297ca6135b20d8812bcb3ea3c367c40da9fe4cf796403a4cd59f699e0bdf30bd49601e3e6f352250d8b727cb3695
c00ef2e464d92e542342639c3a98a6711d2b23d13f65f254890255a139754981c60e9459feacfa98e5a25bd48540145f24dd43a0ed774b2d0414932b
e53fdecb42549c71533504145316e53f3e8aa1956d9517180c56a755becfe3f248cfe6b3580852e265d91b180c4df6b29e1fd00caf9d7a7ea69e1f5c
ad53cfcf3418d230d3a93a025af37d76692508d2ad66d9562c0c7708994639823c3f8fdf8014505462a74b2040fe8a03d53da68b1bfcb69dd302f92b
ab6c847e1e0705e7b440e89a99ea1e2048669f659f128a86b3b2d3392d504c4895fff84470fdb815c4749e6b1abee8476bf82248dbc05fd9b0cb86f1
a1a9a280f6e7a0a38a32555170d84d174f80ea94dc5469995b69c14c9d2a2d53a5c5c1d600459077c98dabb480b2ef527504e4afacf2855a08521267
d96f64ef0ec10351f7986629f349aa7b80b45938500f10c8378076e900026df88cd4504054e582b361a01817318d8a01e12ce0546901f3f045516999
2e85e8be75ce9081d66dab2a0a08e7fca63b4d80504b9d7aa64039f6a8a32603821dd6b2ec5d1263e31adca9d202eab94f6663d9de55d56cea9a0279
2e5a61942408e322a6f36920aa63b94a0b0867c5a61365a098102cffb1cbdc0bab2be3555b4075f5db546d017901aa545be6a7ac63fa6ceae80295d4
5259f6617ebc3e4a443d51a0c43e99af8f8b1f5c8a79ea3e0287938fa7da0708f22965f9b08ac784d678aa5780a22e70ea5002c18ee759fe59853364
7ac5dbaa9b5f79c5c72a578b58f55ab51425639c4e1d4a2048e5dd4f973e8062ceb1fca75a57692b9754e139b7df89c1ed3448075435dcd335a2203f
1c8fb4fdae90e0833e9d6503c57d0f4e9520106a62a74a100863f24e237940feca2a3bb1faae734bfa9d40b882e4d4ef04f240ba5aed0964155dad5a
04c2688f531508a4866895576c0ea747fc5b329fba924090be27cb765ee37db33f9d5e3bddf3d4d99053b50944dd553e44968b1a3674ba910468ee6f
70aa7880e632d053c503e4b96885a138a0ba01cde9fc1728e65dcb7f6c6cd858abbc6418b3cea350ff00b1fb4afd03844b7e4efd3a20dc07e3d48903
5a65343f75e28020db5f967d1f70e2540c9753c5e5ecfbade492aef50053ddf9d46503f292b4d5892d90e7b715b6d58daeaa07dad64e5bfd3674e280
3c8eae50313ab7626463f5cf80d6bc4b75a5535d094fe1a9ae04caf01d542f02d9899edf3b1abebc9ede073278207eee7a64c061b0dde9ba91d37523
dd2aef487dcaf14b7dea9cca19dbaa4205c2d9d9d3502250f4de9fae0c0555fff4a9a6040a59b1fbe98c1830df4b96ed0a56866a2f9f7a69409ae35c
d11931909a37ed52530275bfd57a6940ec9747b5e8542dc2363ed57740319f5dfe63575f743522fd54bb01c55475f98fb774f9c2d258751910c6809c
ea32209c343a75b68020636e96bde4cf8f6bffcc7b227ab776cfef2599e1aadea6335c200c3038f5a380706ee6348c07c4fe469ccd02c39880532de5
544bc1bf73aaa580e272a8d3981dd00c523d555c4ec379b10a4e1d3020cf45f7abb8806073dd2cdbae877621aa4f359273fb51ec57d50fd0dc65e6d4
8f02daf04dd76702c24553a73e13905d4d953e133049579265bb425d4351aaae719a13d5de79ed9d970099ee3bfcda3d2fcf0815f75423015115fbaa
1520dc6bee343a1794c359845355e354d550eeebe700cd10d8d3e9acd3e9acd393f90e7cbc039839979a0628661acc7faa7534031df752d500c1d6f1
59beace225c0e6bc5435407381daa5aa71a96a9c567d567d5e9266a8315c6a0cbc18971a03c82a2ee9441508f7afbc9ca8badc7bc2d57a976e13508d
03b95435407350bfd42b40b04f7c965fab780be67f10cc97b356a01ae674a98980c67ead59f6eed0448cb4bbd4442e3591d303a755aaad7cb5975e1b
50dc40ea52ef00a5154fe6ad98d69411f272260b041be3f74bed044cd2dc64d90e6d5ab47c7d97ea09a846355daa1f97ea0786caa51f0784cb222e35
12500ddfbf9cc902c539c94b850454f771b98c3d06c53c93fdd21f03f292fccce063504c3499ffd8b2851936c380649047d219ba6d40b824f232e407
141d70973e9acbfd25c85a99ffd80c7c2d7160d05cce485dee26611ceb656431285a1c973a0f08b2cc64d98b6e9f0c12e3d29d028a81ea97ba0b685a
8f97ba0b0843542fa79640341fa74a0998e17daa5b80ec0ddaaa6a01f2579c5e0de15243f0f350d083490a8e2cdb54b7da442c5eae2205d5bd232e1d
27a0985133ffb11b899969d83397333497fb86775f5a3d27207f46f7a80f80620cece5140dc85fd1325504504cd999fff81e2c847b4e5e8a7a1086f5
5dfa492ef7967223c44bf10f826c1a59b61bd702ce3c19e777d12508d7e45cc6f082fc15e757f85f0a7f1f9c1e0a90bfe2f4ce8e80ace2c695ea200c
b3bc94d797f29a11fd321417e4afe80b4538883d3e385701829c0c59f657ec2fa970be34d44134bf4ce36241197698912697eb190d84bc949e20c8e6
9e65df958570d38f4b817a6d81ca4d3a090166d8d3ca5850cc2e9affd83d0bad39ee2b6441380b79393171ed2015e59626380877e3ba149520dc93e6
a76d0d9a1b2bfd1478209cf6ff29f07e0a3c3ae3a7d802d1300b7fbaf141e8aafc1900018afaf74f49038aa94af39fcf3abacc5618150a8afb9afe14
2fa0d65dd5ac5a5f9c331a3f63477fa6f124fb6afe33ac234a8d77e5a7cf1e34b709fb39fcffb675ea6d1ab60082a443599e56f1c6626fff1cff41b8
20fbe7f80f8a535d3fc77f5048dd94653b83f13fec453df4205ce7fa73a8ffb931d18a1efda774fe290a403861fe33a8018442ea675003482384aed2
830fea7e21940e200fa4dd9ac83f7df33e6ae505c85fd12d8a8bdf1617d39fd90a65c3e1f97f56f15a62ddfd140d20ab78605abaa0984a36fff18dc0
d46d18d73fc505a8fa0b7e9abaa06a63fe8cfd04d545333f43187ee6e068d36b7a03ac61710fbd9f919ea0e910fe692383c328ea9fa62ea85abf3fc5
1128cd95e13fe511a8c658fe3475c1e142c99f762d5881763c26c5d66fd88d56d98d0b55d7d34fb1f59b3c39ccd39fb6e84f5b945cbbf98fcdc0e1df
fcb0145b3fc5165af56fda190b8d349259b63358d66270ec4fc3165452a467d9864d0323e91fc5dd4f7167c76ac5823064e067f427a82edef969d882
30def4e7025410cec2ff8cd804b1df6b65d68f75270d65f9a7f31d444303fc699d82aca227b44e4190e833cbf697620c6de9a7c10a8a62eca7ef1d54
f783fa69c38270239f9f8e7650cb3e97fdf57371214f4ddf3b0827e67f1abaa098a037fff18e7e7897f121fe0c2200792eeedba528a0b80aeba7d71e
842efa9f662d08925f64d956904ee270eaf9a75d0b9acecd9f762d68c34f441f3d28a63fec3f1df2a0e945fc299a4118adf8d3470fdaee0ccd5f30f7
2d69fd82e6a4c64f010e9a7b65ff94cc3f2533aad24f4ffbcf0d85ba5fa5162bc89fd18b0a5890559c5f7f3908834c7f4ee9ffb6bfdc21c4397d903f
5b6fd4ada71a04195bb2fc59c57881b4b8dd1ce02e7bbc1bd415eb967a3c3c99b6e28d61e89e87b74620282e66bbb5f840fe6a75d9ade8044176f32c
1f56712eacebdb80bf7b07fcf1e06e4d27505d50712b3aef2d3a31896f452768e446cdb277ce14b8ce995b39796b27b93dd9ad540429a8b8273db760
92afafdfce8183f6e7259d030775dfa673e0a06824df8a3890a7e7961471a0eafcb9f5ef82ec0cee52ff2e28a428c9f26995bafcf91fb616b975ff82
a2127febfe05939c82597eac7a70ec1e54d96edcbf6e5c792b2741756b915b3909aa7b7eddcac45b138a91e2d6d50ba26184df8a3190bf0aaa3c7db7
d7e903c3ee4075c7f35bc9068ac6fbad6003797a0fec56a90c7849a7ad4171cbf35b2976ef80ba7da87d8133d66597b7361ac80b70973a5e41b69f5f
29ec4028d26f651d68ee2b7b3b917dbbacd3a9c15b61072639feb26c974d22959a27f3b9b1865357fbad64bb956c7eb55a6db7561b76eeed9e0c20ab
b8a253e0a0a81edc8a4450cce79effd8b09378806a95efe04914897d61481e0887db5bff2f0877cfbc350a6fd33d9155bedf06e08136fcf6b4006f77
f5f125539ade260e3560e276fd0368c3ced00404e1ceb8b71216845badde8a535014cdb7562168eeb3743b490dda7ef1949d205cf0772b3b41d5e37c
2b3b4175c1dced624f102e26bb15a720dc3def569a82a267eed60e05c5b09edb397090e7a2110a5810a6b1b89df00675f83ee94a064d997b2b604123
c15bbff508df7b2a1b697d2b266fc5a403bc6212ac9f5967331eb6064399b9159df79ecbf6ce9dcb06e1ce8fb79e6310c620dc9ac86086df8d121684
f339b7fe65102667b99ddebe4da83e3cbf521734dd4db7263268daa6b753dea0e8a1bb5d410a9aeb0d6e2d6450dd26edd6420671282c94e9f7de25d0
67e2243858759ecd678e5457a3bd9d05bfcdcba0d055d08370e5cbad9cbf5ded41631f1dcc6079d01a75877598fdb8281e8debc7cdf7c89498fffcac
4379e1a57a7427837075d4e334f5f3b76f80b3a9223c4e4a9bcbe7d15607e196b88f3a02c8f7916bea2806a1d47d541b4073a3e747f31db4ba0ffcac
a2cff8281ea79641fb3bacf2f4f8732b7af4a33f1754b7797af4e7827097a1477fee53f75dd230ad7750b5581e351590479e54d90af6925882fe9fb2
f9d1dd0bfeffc4d459401888fd38dbfc38db8c87e1d1b607e1a2fc472d0634fd288ffa09686e2efbe8ed05d57d1f1ebdbd209f0d8d50f3789c597663
c447d50384b38a8faa05c82a5aa16a015ad82dea11609d8c3a6d6410aeb57ab491411cb64c1bf971cf407dc78f363228cec63fdac8a0babbd9a372f1
682363dd3deefcf098c51cd7cae3a4f1e3fac8c3d3fb726d1584bbd44406cd7de01f4de4c7658eb64b0b1954375b7e9cfa0561aa84470de1d11c7644
7fd407401ccd2acfbf30c3974075005427071fcd6190560efacca38a00daec1ee95db2f4f1c0447e14fe20ab78e40a7f90553c24653f986e19f128fb
c1e17e6d8f821e34a3141f053d68467a3c3a6cc1dcef85f6f063a644dba5f10b8a33c48f662d88fdd894d620ab3cd0d3132ce6eea48fe2f471132565
e0a3750af25172a4f2f47193defdfa2b501f052a1ea2478b158481cb8fd3b520cc4ff62863c13a194f44c316986b35cbb6963d168ec396d95aa2cacc
72f4288a41f9ffe0a47f195415ad47bb16c4e107a1240661e8efa3247e9e1d86c73d69c582a693fe51123f4a623c5c8f92182c779047fa4ae1863e1c
6f95b1a0ba5bfda3cf1984b1c58f8b2041f619e757a082fc15fd6f2cfc63d6c5e1fbaf907d14b218e68f421694ba7f65cfbef6acbfb2ad84ccabe43c
ca5350dddefc7142184c97223d8a5850d54a1e63e14173f7d0c7d5938ffbee3a38bb7a124cb7617a9c4806e116af8f0e7310ee2dfce83007cd55af8f
616c60ba28ebd5610eaa4120affb36bce608e749be5afda0ba2cfa75c123a82eca78550640b6eba0ea67d58f578cd36bf483e29eb2afb3c1205c81fe
2ae35fb33cba5aec55c8bf0a79f4e3d7c033501d7b5ee53e28a60079f5e4837006ec55eebfca7db4b857af3d28fade5fbdf6a0b9caef7552f8ad7bd0
1dff16ccafde0a10e6477af5568070138757b5036417fbab6e15e28941e17536004cf72f7a554e40d181ffaa89bc6a22c88fd7f500a09a72f1752525
08f2c166f9b5caf7db6eb1a7aa663a5dac1305e41571fdbfaa1aafaa06a3edebcc0298aa07af1e1310ee09f2ba68004c57e4bc6a1f204c99f6ea0a01
652b29afb30d208c5b788d88038d64d759f62e89f4770bef57270a083718790deb7f9d45d643fc3a05008a73deaf13c6a0bab9c7eb0c00a826c378d5
5b5e5d22d52a7b914901b3b4bdc6da83669eb3d799601026487b552b40908136cb9e8b05850690beba314098dbf0d56701c29dff5f1d0fe0700b9d57
2f3ba8c6c6bc4e0e83662a8f574d0384f112afba01687a015e63e341b823c1abfb0014530cbd2a02a0aaeebc3ac64168e5be4a7dd04c22f03ae70baa
7badbec6c68330c8f4d5e007c5a509af81f020dcb6e0d50700c26889571700c897dac7ad5601620f856a1520486d9e65efc804855854afce72107b74
d4e007cdf99257531e84baf8aba201a60b475e278b41b8c9c1ab9e01c29d495ed50cd0c8889d651b713b90a327bddaf220d4fc5ef58c77eb19d5b3d9
19b7ae08fa423de355cf383d99efd3ad328e707a552a5e37e6b5699afc20f647a3c9ffaa54f8daa92d80b28d9557931c54f7a97cd5164035f1cfab1e
00ca7663bccaee57d98d5fe9d53c7e358f7d4c0a6a102e1f7a5db4069a1ba4bc4a651046e0bc4a65102ef9790ddc02ab33acb3b11f1f2ffec0d7602e
1006fd7cdadaa038abf519cb059a31909f3b2c815af7af4eabb05518543e9df1e0d8555ad520fb9a2b2a83411824f719a4058a510a9f621954d7b17d
cadbafec7785562837418a9fa0cae6232449749d652f59895c4039f834a1bfba4f66ddcf3a1c71b65fc9059a11ae9f3209ac23b9a62bfe41aca514ff
94cb9f863808a3cb3e0df1cf290377c7fd946ca0ba5ddca78002b11f8f4e7e10ae3cfcb498411846f5691e836276874fc9f3b9073043c5e7743428a6
c7f9143c2074617d1acc60b595be521881707ae953187d6e9f5f3cbfcddf4634a3cca78002c511f1d3f5fe99ad7860c67d1ad6a0ea2ff934a24168d9
7dc6548388fd2baf8979ec16cf9f720c8461249f1e7ad0dc2ef3d362066176d94ff31884a1509fde781046947d4646837002e0d319ff1919ed56279f
e20e84f12d9fde781006517d4a4010fad43fa79941edf68e9e771046727d9ada60c6fe950f69ea82c148ff74bd7f73b7cc0bd865d8dafadb3e23a640
68cb7fbae3c13a928b1a68fd998bd869cccfc02a506257d93676d96fa6b0fcf4be83752857d5af0e421be4736b7c109a989f13d720b47a3e43ad3f13
f919c6fb297a41a81c7dfad541731f994fbf3a084dfc4fe31d4ce34d3e25efb7d78361bd7ffada4168e47c5aeaa0e87eff7486836a6ec54f390b426f
cd675016686e6cf169bb8350a9fd146620f623d66806a152fb692083d8cdd71a06abf91ee9cb81637a0f9d8a3c903f7304723a188476c0a7b31a5463
c33eed68d00cc7fcb4a33fed689ba1e90b9ad6f6a7f804a11af269fa827002f153a2826aceca4f6b1884c1359fa62f08a73f3f4d5f30ffff2bfb7561
b89cf8d3cefd5c196e84d4a7a10bc2054f9f4216048eb7f1874415c1de9d590eabbc64a5aa5bb52ec91634591e56615eaddecff26915efd3ea9d2cff
acf21905559f553c8ff524c75fb111c5460caa6c04fbf3f0d564795ac56b71702e84ac08166966d92b32074e3ef02c3f5631c61eb40bffb6687557d9
2eec5cb2248fbfea6d935e8f5d30b2ec6d2f54f6a1cab2edaa8c5bde368258d46ee7109c2c826cc359ae56f1191df444b30bdb7e90ffde2a3b7febb5
5c4ace12e6fcc7db53ea1e3cd5c3ae3afc82bce5c3430f553f3a397c14c1a308ab0eab1c22edf8f09ed9679f051259b697b7a8b403f1378b20c76b96
3d5bdf67a36ddd67c6267acdd7abdbb4beef8acee93ea16dcdf1b487bd4a2a5b846c966dda2052b9fb2b4fb6500935cdb2ad1daeb6b7ca4e1bde80f7
3eed0eb70c1edec1f4d59c7e1f74c7f4b1910ae6cf1e9af63711526caf98652fe0d29f93969dbe02cc10b3157e963dbdd3c16cd395ff78fe932fcbaa
cb3ebb08856ef4f6e56d129d4b2aa42c7b9beeb0bb7f652b98ad65516896ed588c3702e08639e845b06364967df55d9a336ceccfcec627ccdebc59b6
adcce0b2e15a96ed8b8582af3acb369f8d5088911a7fb7e722d51a3bf20f73c98bc0bb9f65db4a8c114eee612af984af94ed7f3cd9a33cb5331e5b86
97357c691fbbcc60dfe10d3cf619b39be10bf4785165882fe8e79be1f01ddcc0e7f93f8206bda7cf737d9e6b5515e606c574c42d8ea565fb11c3bad3
3a1b7b50f55985c5cb3049f6f28dc21a922c7b60f1407f7559b50c6a92560c13968b2015d83039b958ad38a92bd6198ac4c91c1441c5d21fe61d1783
e8b02c7ba01b6828324af3c8858a901a261e1715bb7e94c35f1d0816845439bca583cf8b2fcecce0629d9f93399c81c04d3c4cfa2d2a710ea3b00785
584756eac23a9490ce3d85cd60c375324a65d9661005848e90652fa9ff0a6156ba9d6104ebe0353313b808927065d927b7d01a038b99c045b0e75d96
6d8516c3f057be2c9dcd8227fdd36d98fb92565b61c3ba7d419775fb82545dacd7c80ef1c0a1b8f12d73640415f75efeb1ad8489864f09655d0429d0
8649b8451993564cdf58fc5c04788ce28857b612ee27717afe85460aca2cdb17cc8b856f998320986bf1d22a7bfe85da7cfd2f1b76d130bbc771b138
2e32fc949faf277a34cb4db2dcacd2a0f593702c2b6ac893f3ffec45224856d2997f0ae8727bad858959364c7b2d1aeba58609ad452b5eeaf6eab757
a7410e8860359217fab645b72da2f71edf41b67362c79c2cdbefcc5785bde7b809d6c93cd247a1863e3dd247b15058e196655fcb3dade507f3f85e12
604296a3617e6c71a0418ff2da32b641085f92d7f3bf3a4fb8f3d7f39b56c473bd9e9ea5896c3e9e659fabaaf7e9e97d79774e48eee8b57bc8094920
ff289f5764374eb662ccb27dcd4c51f86d7ff635eb28c2b1eff38a9f57a4a99fa7ff5846e4d8f779db38ae58f1344c892d56faca3feaba751d6f50a7
eab10a717152553cb2d0613c4a934a8b20f27398545aacf3afeea9eaa52088a71b2682168dc41259f6642ead1b8c4d55f515049b8d65d90b3003c28e
f8c3e4d022d83a7d981c5a0431a3590eab02dd8bce500e80a68a6e6e68b15ae1913696948db3797e1bdb6cd841950d63b9ddb017d57e416579ed3083
f4205d741e48153e27b12ec9c9943d20d8cc79981a5a3436081ca686168d1894611e6811ecbf3ccc032d4cf633aaa20734f26d0df33b8bd50afa4769
b4b339ef7b52e106c1e6c4593ead62368b11c304cfa274df022554751feec1e05d55d5ab9b1ef1b2d7b08316dafe55b783d874bbd9ffca317090b625
cbf60f73334cf767d986218e14177578e0603f11a45dc55b25820d838779a045638b912cdb54fc501339601e6811dd2b4e5f4556e9b16575966d3d9e
29b6811de68116c1feb459b6f50bd17d3ba757dcfe252fa9d002d13dffe9ab72f2aaf82c2f5b71312d5ab9e4e5819707d2159797bcbc24a757408194
a83c5c15f7ea3afbb1eb7c466c234480d730e1b298dac4f5e7259976619fc32cdbd53f15e4699dedffb1eaa27aa4dd8fb4ebfbfcf6f5cfd18d1bbfbd
4b5c448dc519c32ccca2ec9740110782bdea86899945ecfeb96d053e22d64f0d93308bd5588fb41988b86e631571e6413e7795ad78bcf37ffbb587d9
8e45518934b5b1a8da12a63616395ad348c518198af3523cd7d7abbf5e9d17e2f55c64af6071de308fb168d58f4a9905caf0b5fc6c17f328ec109665
0700f6863eed4f651608b61bcbb24dfd76cc9a27f3929ffb5ed00acd12d058f7339a664973f76612dd0e13068b6015d468acfe13c1964b591e56d9d8
46d5cf2a57654caa6eab18bad1e19b420b043b2e0d33038b4622e3d1aa0d234b848e934600800836721d260b16abf9348ce97e11ec6b9465ef885844
a28286398545633975965fab5ebe47cf6fc31682dd9546d3c469dbc441576acdc692268265d259b6c79a93d7fecaf3e39e618fa4619a6151aa0d63d2
7eec34c3ecfd9dff787ee20809b0cbb29d411c219b5465d9f393c7811d8b86d98245b073ce683a67406dde65b717592fc06e3159b6c7582fd0ed7e6d
8bb67d3328714d470c0856df0df3008b420450966debe0c1ed2a1b3634f73cd056306941a4cd300db008761d19a60116d17d87f5f380158fc391d3bb
74b536db440c93fe8a72a246349d3a6d2a73d109cd032cdae91574f480c2dc43966d077314ac761e4de3a56d170e02d6d4bda268759a9477906d77fd
8c6fe2f267d76e07a7d3a401c5b8c161925c51742c981157ac43e94a850138984bcab21d8267875d4586096ec59a89a6dff4f634bd3d1325b0e9c701
c52496c34cb822d85e23cb3e06f22e1dffff99dffac2d4af68765c11ec9291659b8b1c61ad5e96bdf9db9781aed42e0253af62bb6dd9cdfa3a86bd76
7b4596acfd39ba28469a62c4af477712586de548e50898bac3cc8e2ba60eb8a6a068ee5f3b7d8b1e2f40805eb7fd4a0a5009001aa6c21553a75f7b7d
23dfbd0d03add52e02c19aa661c65cb1aec9c37bbd75766399c85eb3e88a4610f93089ae0856ef8ca6070b4477f8fa6c06990bf2fcf490c6928975f5
2a36651108f687c8b297744e9f8578f98fd7fcd8da80c61eec272bca5aacf04f117d28978ebfdda4495d5847cf2090cdd82bda795835ac6264092f7f
5ab5144c72a264f9b2ca1d3c50dd0ffd65c7de910d6dfbd013060a61e6eb9f6a9d4b662a5536d775e93e8e43717528aef8564dc62ba67e5393f18a75
24b7a00403535feda1040353c7ac397bc53af2a0eeb50ec5cd3b55841dcaab89b27b68b01d1a6c08a7a3f9881a4ba718804cf72b8a330c87661d68c4
390d33008bc69ae02cdb7ea733a69da6590782dd33b2bc5b86bcc2383eb4ce4090662ecbb6e2d85d4b6f689d1d26679cd5437fd6f9f478fd0f42dbc4
aaa3bd4e751c06b2919430fff1b6c247c525949c47ec4bd0bb9a5e205be7d9bc2d620cc86133cc3c2c8a932487d61808f696c8b24f6aa16aa81c1a63
2034e3cc582c0e42bab2ecb3eb0c53dd5ff9ec986f61d3852cdb6b0be3d8553e28931db163f030d7b10836a5c8b277a4e4c78c3b9ca839faeeda4e9d
8d253681553e79191bab3280fd7a0c3b7beccea61dc3d6b22e9e8466c3c4c922d89b21cbf68fe61e2ae1a1b977b821dbf45553ce1faef8c30f7328d3
8fb99f1c67538083a973ff50808360fb82719c5ee0f402c8f9e3f4fb3cfd3ed1738fd3c7e9d23a72f40d33258b6003832cdb45278e7b5f046dc5e3da
57a0c335160f8d45db76795757f36774a506e4a101393d9b6dbb76dbe85dd581437560a28b9a405914278d0e65ffb1653f9aeda1b03ecc92e8e8f4f3
160ceb9f28d387a2f930e7cf440f37c7b10896ab67d9436f5e103c8f262f16c10aea61a662b14ec6dd3b3b030a1b0266d9de75867f3a16296241b078
7998d15834c2b686198d45b0767998bd5894f0a3d2cd68f662d62967d957862de249dc94655ba134f5cd7dbdcb970e2a8eb89f0d53c2a2069ab25804
eb5e87f98945d312373fb108560366d9ce56e662208473f7603a4514ca57102cfc1be61d16c192c161da6111acd5cbf26dd54d55a1eab1eaa1ea3fc8
ea60a59ac82356b78453fba06a7c46b18d84d4b19c2dcb36a8d820eec4d97e509cec0ac532a8bab04d792c1af9a4b26c238a8db0eab3eac3fb44bb14
dda0344d05d3208bca4ee759b661849ab3615396bb559df35b655b4dda63af6b5582a6b96b6664112cee1a66461693750023f4aa825676957dd8d870
0da114ca6d50ffec43e536a80e32e64f16f50cab6ceac2c14e6759b65bf1b3fe21a3cd9f2c4ab3279ca903c16ab2110a64102c13cbb29d830395e52e
593ead3aa9a2114ede81d05d140a6d10fa5842076a988b67ffca5792087596710d932c8b3520d0d6c36e353d0f43b05996456b3e6ee31a406331dc30
59b268acaacfb26d0ddbcaeba45c07c16aa32cdb564207cfe1e96deb42d579120a71d058ce3eccb22c1a71d959b65ddd6ee57938331826de410737f1
b228ca53132f8b208839cbde50b7f3fd9537b4d0f63ba758074158f33061b3282eb4cc7fbc2362158961ceb23dedba3d545bf33a8ba229160a7a50c3
af54ef2f88b1abbc49f7c52ff6befa0008826887b99e45ab7e0d3a0cccf53c7c92ba92c399cd79d8321bcbf66ece6198127aec94d013bf8829a14510
cb99659b819b98f0db61ae6711048666d99e9dbc2a3e12750bd09c2c37fdb3a8062684d3a420ab68ab1a486c0d04bf8b29a145d10b1a3aa6e3543fc0
6313cea682207233cbb68c8d0208a3ccb20f93fdf3f56484ca0688e19b71f94c581040c4e430b5b328ec433b422f3408b6bccab20dfbf15e3be4ea78
00418463966daa8ee989d61c2a24200854ccb2cf972813a2fa86e99e45ddb24fb70308c30b4cf72c82a8c12cdbfd3f26871cdaf43a80188ed57aafcd
f63c943eb7ed62d940387cebaa0695150e59b6a7d17f8cb20a1d1120b49ecce32cc288aa50250295bd6ab3ec1517ea9f2f8f612de1dac1ffb081e730
19b408a3b24c062dda9faf966a150883b2ccf62c52a1a68daa50207fc5813a2ec07a82f4810ad34eda7c7aa4cfc685f9241619a66816613891e99813
5cc00f419704a8e73ed0f31bed387db93efb9d6847ddf6a1df1b84a15ba14722989935a8cc3cce629dac5157ace37de6fce66316616c8cf998c53af2
a0ee671d23299a73578deaaa513c58f32a2734c0b8cf6ed80e58751caa2ad3dd446fee633febb805d44c532b27789be822532b8b30c8a2abb780c142
80616a65114e7f983359ac4b72a3aa24208c39301db20863254c872cf2485ba61e01c20003d31a8b76f2cd98d658ac23adb3b52a12c32a5bcb26a7c6
1c98d758ac23b975d506131b1bd9d4d511ba3a02f9ba86898d4573e4e986fc80e61c6b77da1584d3d25d510fc2f972d3130f53113b936c8e61b15ac6
91cae7ae7ce67bee3adc3b36b633bd5dc90bc289bfaee005eb645ec0f7a06b90f98815bda614769aaf6b77f76d77db1d3ae64138c1669a61b17ec633
56f676652f82bc2b68bb8296c1d334c3c265ca59f6a90cd6d31e5ed29b1ade94bff2a6067350be1b9afaa0b1326425d1a66a7a4b9c4bf90ce67ec01a
ff66317626c62cc6a21586ebae14effaf8d1444d6c2c2a0beb87898d4538ebd295e2209cef30b1b108cd87aec806b5d885a7ed62c1bf930ae63a16e1
7484598c13bc04d884fdf48a27d19dbeebfa1ac08c7d7a1b71eae4a3a997b77dedf7ce3a2f79e16c44393565b16887839ebe01108edaa62c165945ef
382d008672dd2cc6099b4fc3f416805afc4614b2209c62e80ad96e14d461959fcd6df36dab73c4a0ed814bcf83d986abdf83821794ea977adb636e64
371d4414c6209cd5e80a6310ce0098a658841318dda962d0c81d97651f12f3c24e4a99a658a425f61fa6a0bb921784b308ddb029d0f6ebf6fa1933df
acdfbf2b8c4131d4a92b8c4163d3862cdba14c22e8d0efba3840e8a9efce2180d0c76e46e4b133224f9fa16e0fd026b690199145d37b6efa63d158bf
364c6c2cea7e919ca906a18bdd94c5625d920e55629ba0582370289d41654564960fab0e4ed6a81a567197fbc069d5a4aa50755a45e4e4f0c09f553f
faf5a4eab6caf88cd5afa60116a12fda9cbf22ec1d73fe8aaa793414d6a0292b86c21a847ef9a1df8104c1413ed62cdb5466b375f29b9357ac0eb3ae
5ba76e8127d7acbcc314bc3ac94dc12bd2e8a7fd5af8a038c08cc3c61eec3287c432b7ae9886b20e0533087deb43ab1984aef5a1d50c42d7b1496dc5
6aab757699e1b3e4be1926ac15b5f3f69bb0568cffffaa59d5881e9a54d98d44d46a249bb05634dd1143210c4207bf396cc5d218bca437d0bd01aa94
a4c3296ec3938696278889f9351475c3c57406f8980c5684be6993c18ad0ab6d4e5711faa187920764156fb18621083dd3e67415eb92fecc234f8fe4
06744383d07f3d34f940334acaacab62f506cfe9b287dc1b6efa191ac7042a7b8c65d95b5f48758f5f296840e8d23611ab68d52fc0f824107ab4cda7
2a4287b6f95445e8341e9a81039b4f47f5501c81d0c53d34dd40e8461e8a86a168c0743395a9089d08a62815a1c36028074053af1bca01105aefa628
156ddfb64338088df7e1780daa9e9ea1971aac9ea6ad8ee1a0b962c64ca6a218763e9c0706f5b40f1dc2cd64ca02bf61265351746799c974ec4ca62c
771ca62d15d5491dd3968af533fac7411c847ab5794545fd43bf994ed7827564a7eeb6ce23d71b3b8b47b2a59986de74c50328be7653730ad4c26039
1d6541689a994554cc15d0ff4fd16c92d1b1938ccee989bd165b9e155ba46105f2f293aa61d59a7932f2686a584df7379be895661915598716699651
d19c5b37cba86886914d8dadb98d2dd4c8e9900e1a9b3566f9b38a1d49188ba6e14220c82d3c4ce729a66b05a61e54501abb810ff3798ae20673c3f4
99226531d7d47d09a631ffd30116acd672364753d0b4eba7960f48659ceed6ca01c557df2c9ba2b55de52571266a269b2a534c83b7a7360808ed53d3
628a72faca692480d0fe9d1a09a0fdf994a6e79a9e8bd61b373a8d1bf52939544f876a4cfae9500ddae18ba99160564c32bb65d98774f246fbfe9c36
62e1f8f3f5d1ab0742b3793ac483d5d3f48e6e3d105aa266b214cdd8dbe9180faab374d3211e8416a6992c45684d9a7c5284b6a9692545d14830ada4
08b5c9a9270e84daf974a904a8d5ced72200a14e68f249119a38269f14ebbe69851681a926558e4c3529c29994a99130b79180dd338d139af7ee456e
d37853d0d8762ccbb696ac13dacce69a14a1f9627a48116a2ae6821cd3eda85df032d5dde776a49dfecec7a4a6eea7f47aa3648ad0c73cd5d441a8f0
99e5511472bb0e333a8a950b99a6397e83507b99ce3c82f5339e8aaafa34a8d4389769bc0f08f2f60c733a8acaa636591e567103e83d265d14550f99
19164538a49b605184da8bc91445381498c75084ae3b93168ad0b3763a15074221753a150742f1666a43310d5a3f9d773b0d98614f9e61ba43b1ea3c
d46b2e54f6bb1e662a1c3b53a1b14fa7fa35388cfe3779a1583febd4d941cd655af4866a380885e5697ccc691e68cfefc87e9a3ee864fc3c55cd4121
b57596a755ac8fe5019f4ed1814ad6d1d41bbde442f3453661a2080771b3238a500a9d3ad140d5dd69c244114a3e93238a50f09dda07a7c6c0f9f7ef
7d3c87c91345652fe861f24451750e9d5a14202fcfaf9c8803a1603779e2d8c913f9e44fad07500f5f1c251968e1c3d1390752fc737aa7a8402b3e2f
e51108c765d30a8a70c83af576813831214d34288a130aa7ae2d70fc31ee9c86ba80ea1c83b9074538ae9d5a13a7db699c18dda7620b14121f0c5314
8af6e75375860a34fd51a62814d3f55ea7be2db0cecf9186cd9c86cd9cc5dfd90ebd5b7e7e4e478170c43523a12886929890508463e4a9903a15520c
75e62314e148776a7380e61a3653148ab15f54cd10108e7da7ce2db09a4fcf6a879c38bc1c0e4d5128d6cf68ac934fa038c963da4251483c314c5b28
1a0979c769602ca8ec2f3acc6428aaab9e4fa36041ec81488977ba3f157ba60ef3168aea6a8d53b905ca3ebf3e30d0d80d27cbbe526cccb14730679f
cc3e78ec7379c9675f9296e9bf02d5b99253ff15881307d3a9f103b2ca5ff94abdae89b5ca978095803a254c5228628f99da3ea09e88c053a908620f
865a35a01e7e968a36500cf9b89c1002c5356c97513560dde4a02eac233244b17be96002e1e775e96002ebd049ddcf3ae6df18482f278940f8e15c0a
4a500dcdbc149497bb3e9f8c35a60c14cd5911d3038a66c8df65340de901c38ff0329a06e478c77d1a4d03d258b7ca5638054576eb614e4011be6597
f616085fff4b83e77226e9245cc0a47da2923b6a5c0a5910bb6b35814021697b96bd251234ed56185b7a195bea8a984bb10b6277b6521714b2b80c33
f489a29fc50c7d2276c76a3b5dda4ebcb297721854925066d9b6329de5828fcbe92c10fbbe15cd3bb3df893fcccc7ea269765fca6110ffff95cd3708
86ad15f31fdb7f1059e2f3d584038514a959b6fddb84a3650a75500a3aeca56c06b13b51a90ad625399902f3d22b77fe97b55526f91b66f4db0dd743
072a7bfd64d95beede324dd232bc0c3245abbb94b157df4de24827bb401ec9fd690782a26d7b3989058ad1a9e60214eb641e693386cde0f92bb14171
eaefd28f07e2c49c3665a0a886ce5c4a6cd048503c4c1928aaf182660c1469e27145679e409e9e17c7f80e90031b77a4b908aad32d97e62208b27965
d9fb669a89bd3687f9024556d108853308f6331a97b1aae60b748acf74816275186dd5a8bc0c4cdd7da10909c2cd46cc21288a9369260c14c568f84b
ab123405f6a5c006792e0e543a5fbf7d49fa472f21c89fd1328d4f505c6167aac1841fd1aef39af8044f1c1c261614e5f029b96411e4afb8a40629c8
2a1aab410ad6f9e9341d8c208c47be345241e88ebb94d8200cb2b814d8971b57fbfaeb9904f92b3ad6a05a90559c4bb10ea6e19197621d1c2eae322f
a288735779474a7adc90975123a64a349addbc88a29d3e37774a01e10229d3228a517c61b5764135c4ed521d205362ec7b541d00956c1a59b65da481
60a3e92cdbd36c647da281984f514c77493077a2a85b0cbcf6eaabca6995ad7f6dbd07da7ab7e9f2ad536900f92b5a6fc02e28c6f05e4e7081a33a98
1ba502f2d3e5860c5201b5ee2aafb850dcede4a7bb1404e90386f91b4578ae9f1e5410862afeb4b67f6e23e347ff5325014577a2691e45b808e6a746
02f2fc8daacf2a5e3074b19fea07a8ecd298651b563487f9e67fea1a3f750d148b9fb365a0953f4ff65a85c4e5753219a4286cf59ce5b06ad935eed4
f0d3e807cd3dbf4cfc28562b0675b682dd0fce6ed56dd5f22f6a87fed43e7edbc46fd635ebf842b088cc1929b28abb749e0d6495079e56ad275e7839
7f0a7e102aa6a679146df7a256faefd8eda77f34d381790a87a91d459a95dc9201303fb3fc1eff412c9b0c52648b0eaa1eabf810f0cd991f52648b7c
2f552840f30b3567a4c84ea0dd7a8941dd2733d40664bbfd957decb607c537ce785c903fa363742680cad6e659b6b14163f9f8cc193976ce484769f3
3c8abc27facaf01b104e669ae651ac2369ad5e6810ce58fd543f7e5bfd38bca83dc46ed3eaca3f3592df4095c5db653a48b18ea4bbd55240b683fb34
f4158462fea7fa01c2886253338ae666053f5dd3a0b88d96791845769007da7eb2559dbe381af4207fc55dea9afe99635861f453ff00f9337a56bb1f
b4e63357ff00cda9a79fca06a8657a2edf68958d5d65ffb3af1989ccb3ec7de3d43e7d598c7c01594587e92e0059e5813e108361f681de249b5e9f7e
43973779ed657c5479c50b69e1c7e7ac25a8463a9b4652acdee164ba107eee22e4ab62c80cc83be264ba10403398de748da22a417e5af8205c99fe53
f9008dd42fc30c8ea293092ecbf6f4ad2f9f2bea1a00757f966a15e679742b43f33c8a70932013388a70eddfcf2950b0ee9b9fa91dfc9efdd9f83bbb
6ca1ff393a28f841ad3e372d7c90ba31ed57ca836e08d64f290fbaab1b7e5af8a0936c26cb5e71e1f8538e394709fa1f66f44f610db28a73e9e30659
b5ce756bf483aeb1772b4d41569d54fdacd2cb7358f758c77d23f94df328f2670c5be674149ddc0059ae56553626f257cd2adb6fd561d5c1819c5ffb
1ee4af3cd76bd5bb9c59bcc3b7563ae84678dc0ad85b01eb7cd7edb4e8bdd7b5d219ae8301dd45e3b74217ac23fd99cda8366350755975514537ea7d
07fd8f4fe956e8de5be8a2fedd8ad3bbed0b709f1afd200fa5375cbe021a5911b2ec03683c002c58334b8a831c7ec3cc92a275c636334b8a3c90f66b
ba83aca211ca4b9055b45579796ffb9bbb5436824e3edf61b2499155ffc19d7d2b3aefd8fd4223158a20cf62955d15bcd11833b761aaa0bb75a2292b
c74e59a97a6b1e49d19d0e368fa4e8ceb9de4ee082fc154f4c690ab28a4e509a82757e8fb4af3a7d8519742b26c1fa199da59cbcc77e0d69ae4b4440
7383a65ba108babbfe993672ecb4917f080c73448a66f49139224571218339224531ecd21c91a2efb7c4451da06925dc8a535077c314a7a019016cf2
47d1dd6cc0e48fa2a9069be9513432d366d96e444e1ace7d2b27416b5e518739a82e1cba956da0141fafb20df43f3f65979482ace2f44688826c2af7
68c80f28ae96bcf5b483ca56f859b65d172f194a90c9204527015c96ed9c8bcfd191488b1f74d71b981f526415ad77c508e8eea16aca48d1d9a77998
1f526415ad776af9ded6bd7da8ef1de4cf6885be7750dd48c2d48f621d49fb15cda0ff39761bba0aba6e3f733f8aacf240bbe7f683ebfeccf11087bc
deaddbb965505d8f716ba583fe67cb0c4005ada0c499c051acf3fb33aff9f0481c4895cdf796cda884b7a63bc89f5965073daab48ea486a282a60675
6bcedfbaf25108ccf428ea968b863681eeae34b75639682a68266714eb92bc071adca0bba1d8ed4435e8ae18bd9da7065d497f2bd66fc5ba4f4e1b1c
54770fbb35b841fe8a47a2c71f14e3ee6e634c41714782477de0d993000755d52adad5ad3aac3a08e93aa90aab58b383047fb4d4417769e3a36ef1ec
59817dc9cb3adb3aa8fa59c5364abc3e8fea06686e65fcb8432068a4cec872b34a4f160e8347450254a3df1f03a740773b4033468ad4cffcd5b46a72
4b9eebb4ca09639aef7402284e5798575234f7677c9c610079c5a0ca3b72eb422dc64745055417a63cea29a0b9fef9313e0ba475e8afbcf1ba6f9cf6
ab8180ea0cdba327e0315146ff0fcba84c4f29fa1f43f7e3e25d70283a1f8308402d283be6b01479a0553672afd4a5f7743080fc15cdd69b00aa9b73
3f061a80fa37adb2118d0fc8ce3334e07163434dfcc7690a501b5fe8a3ae038ad36866a914d5854466a914f9c068ab0e0c9097f4f4be220bd3cd391f
3d13200fa4d755a5403132f6d1cf00f25cf4a1aad4a32a45e8c7a32a058a71548f0e8427f683e64d52317a548cb0a2cd9e29d6cfacb36541cba647da
32b7f1c51a7ef4333c7b16c4a6195c00aa86c3e32c07684e4c3c4612806288a07937455ed22a1bdb9d98a07f0c2e00ddf57ea6ca147d3f7157f48014
0df48f5e06d049869765af38b8a2dda33ef5ecf5b53c37674740dd1f953321a0181af3e88a00ab2b3cbfdd3310b0b8141edd138fcb6b74b0982b53e4
cf389b0a15a932f367de93de08903fa31d4e7380ace28bd05b008a91cf8fde02500d693631a6e806ca99185354d79e3caa4fa017549ec7690e30dd02
f6517d7a549f30911f273e403738e2510b7ad482b0adcdbb29aae1938f8a11287a441e15a347c5c84f5c3703c82a5aef5408c8a6722ed52750b500cd
e1299aeb291e7d11a0295c4deb29ba53cf8f2b7ac0744f5b337d8abca2e7b2a37f48277483c759155075113eaa5d8f6a975da8da058a51a9a608154d
a5c2a49ea21b226c524f515c6c6a4e4fd10e47319d18cfbddf26ee482f06a8ee8366024fd1747799c05354b2e80e13788a5e50674de029a67bf99abf
53f4a288340a025417a03fea5c8f3ad76e84bd838ba4a854a87281ace28ed4af40db5de17409e8bacf1fa74bc0da9c954bea5c01f933da6ab820686e
e969964f51dc8eda8c9e6275a275b69f8d2a7727aaac3d4615fa95ba87185847724f2a70a0bbf2ee51810387e691a939c53a92d6aa9b81be328afd53
2cbfc61c82e27616af4a1968158965ea4ed10bdf86793ac5ba7ca7eeb4eee4679eecb2eaa2aa50f5b38a46e2e37875eebc3b2e83d1f0d5bb03ba0926
4cde29d6cf3cd4b3a123b5e191af55ac503f3df2b38ad10a8f8c3938c53ad9499deda8bc270c0b26e114dde834936c8a4e7abd61fa4c5175649a1853
34f539535e8aea1e1aafae1c90e70aaabc220a4f4122be6a3720ab6897be1dd0ddb8c52498a293867598045364151d668807c82a9aaa07e8d503747a
2e9b4a10a5fb48bdaa45a0b989a26931459e8bd6abdc80ace21e9d9d79f7ec8cf7adc20372a0989ecdc61e0e0256d958a6675cbe63924d919a18dde3
fc0898eefafdeaf601d54568afb196a01a0868da4dd10b02f155e179831ec353f3aac9806e428e5745066415ed529101c32d875e1599d7ac667aff5f
d516d0d570cdce29b28ab63aaf02f2fc9eccdee9368c9b34d0030cb7397b9d6901cd95f7a6f514ab15d4e94102c515b3af0a0f583fb3ce660c9bc1f3
d583047ab1635d1700b28a974ced06a420f0927e82834fd0eed7a704aae3e1ab4f097403f75fa33a5e542032e366d9be5898c6b9992454e4afe831dd
4caf0b0a9c1d790dcd045d696a2e51d1f64bac370a74634b5e2777de3db973fa33db7ff2a5e24b79d5bade131182f7c32ca4a2abce9a8554ac9371e7
aa5da421cd9fadc67efa7441716b7c33048aaed7eaf31bfffcc6f9203eed90cf9dfe9c9a301fa0c89f4daa86556a2efeeab6cafe39a9faacd2c983ba
f169509049b0bb1bc5e747f86d830281677641d15d04f8f91582ace29e74be82eee23853048e0fafaa4bc13fbf2f901d8bc6f9f9e57c7e39c32a4fe6
978359f0f9e580eaf7f5f9e580e2823fb3068aaa77c81481a235ef484b01a4d2435b350b403326ef337e19b4c34762d014e86b45f73f45f3e7c70776
e0a3a9014577d2f7f383f9fc60b0533e6399413316cf6c81227fc5cd39f309b28a36faa5816eecc9e797069a11bd9f5fdae797366c977d47c0f3e1e9
fd5ec07a5cbc22ce7c7e7e1c081573008aee4e539f5393a09bece8736a1274d2100f13058a690e0713058aae483151a0281a2e9f5e5850dd8ae833ee
0a14771effb42c403754e0d3b200dd50d74f9b01744d12f3048aee24fca735f0690da0689839507447be4fd51f14bd6f9f7a3e587dc81d39cd095262
71327da9e409ec1ab49fba3fc82a0ff4b1dd841fa1027dba52c13a3fb7a4560f52bcd27ed7e4803c1977a9a2ffa9e89f1e68639fdd587ea62a6e9ec0
8e87c73c81228fa4194e608275a47576e3eb3d79a47dc60c66f189ab77836254bde904c53a99477a9fef6e1a871a96048a1bff9b3d507417fd981750
a4f6cffba34b142c5fbf75b6e363012b9acbe7324ed008cbcdd76f5d5234c2dea7d903c5811736cbd5aaea14cd495db3ae61ae06558755072d6b5485
5581ebf1a0aa5bd5f99597fc59f5a3ca5fdd56ddacbfb115af55be1a85ba62fb172acbd9a68907c5fa191728de008a7bfdf367369628a7c0de9e2628
149579df2c0fab0626b8d79c56f9003a55b61617685d0f73fe559b81de5effe8b2ea25ebbe24e7aff60693b0b1fbb17a81855ed7d39c7fcddec6bd58
3bf7d43c92ad79911759beacdaef014d6bf62dba75b5379aad7553803f5f04f46d5109b7c9f267d5c791541d5e134dba7a0387d75cc82a9a11f676d0
dbde527820413f6c503e4d37287ab5ade1b9c273d1aef0a107f317a7a7b75d61bbe8ecee6b40b450fced3a1f001b0cb02b48966d58b7613c936e2bf0
cfd54a5f77cfdff10137ce353cff42fe8a560c4f3ff66bc6c986e7c767572b7d3d7c70f8ec6aa515c3d760e0c2f192c3176f38dcec3abb6cd0d7f5df
6b9bf3a7beab0b95b8c32c9f56f1ae56fa7df8a4d183597632cd92288e3fdfae6127a01a33f4cfbf69bb279f77a55fa6ed5ee8847e64d9664f9b4db7
4cdbc55adb3669c4b45d4ccad649b74c5fd48503af74967d51171a6bc1e6df697fe242241238cb5e71a192ec3ccb3e55a65b59b69865df2da47af573
39bd225ec5da3cd0ce5928e446c9b29d733aecf8082f1f3e1147a75d71f9ec17eaee8acbde61d78523fc956dbdfcdc7d452efbe2d23bcb352f1bbbd0
30dca6b921c53a921bb8ec9f8b61a779a437c0542d0b8fa7992045dd83c2cff66f5f23e7ffd9fe1f1e6e2ff9f381ff0867f7f43f1bf66367a88346dc
3e1122ac514bb2ec81376f8a83c9ed8d2f5482f2b26ceb91fe6d57d9d74ca4b2fe66fe3d1ef8f03e79c5c7f7893c904148c7340fa4c8fbe655796ceb
c313f7fc8f9df8f8c469eb6387e1c0ab7e348fad60ceb4fb26be76d8eb03e7f4af37c9e2de3d58bd3ef0d7cfc103ed7c2643d9ee789a65526415ddfa
792eb6d7d9e7fa7c8517ca7010fdecb08fc71dfecad69bf4855f158535a8bed545290c0afb9d66b95bc580cc3d9ab1521c4cb564795ac5cae4354336
cd61293a5976b37c5975b1cc9c5f154f5ff67bcec9949ba5ecc736a8f3506718e99e82f74ce405f815de2d9155275536a3da0cda5f3d90ac678d657d
f9cf671ddd1f340df796a8a79da17405d98b5679fe85e6475f94ae654b57befa824f4ae4f9e98dc3f33b5587223acd7f29f267b44cb969b2cb20be27
fff10e985fabc145317e45fe8c71c50498a292cf6f168c5fd1700067d976600f93312dcbde67d08f48e182392caa82d3c499e2605a20cb76a32277cd
484e135b4eb25876164867d9e677225a9abfb2a9ddfee15cca525099c1c8b24d1d36d52adb351842104965f8fe2c34874e735d8a16be9fc37e1d7aec
b8476519a8d3177bda888940ef56d988a940f7c3997e4b18b7b5d3d3d33ec4b8adff21dbc534d3a65827a6e1d37bc1ac65b3b369aa4dd159ee354db5
29aa2a4651fe15e5dfe0419f3e899351a7fb2bcfb5d0c28ff4f4453af1fd333615851d686cba35cb65bf5cf60bbfbabce2e515e996cb3b22dca8daed
9737743129717aa00fe7e2131d34e2e7e999f6aa8cefa6e8147538022877c0ea306ef2e74d32c9557d863f2f890d5b0797543c815ebda39f37c9f455
1df4cecf97f2c74b3978aa3f7b9ae9abc6005c6edb4ad0507554bb7d1d081a526b29ca35509a9fe76dbb6eda3569d76d57dc74c5e4866edb75d32e54
9472db885b9b10e15d1edfca874f03ddc9149fa24edbfa78c9c74b5ae5251588681545815814887ed88f977cb9c993e6bf9efe3592815f29d7405181
3375a7e8e4bdceb28d605e0a675b96bde2eb2e0adcf7eb7dbffacaf9d5e715d985489dae2810cbde21962b7ede10934b41ec60fee3f9995c2255f234
9da74881e1af7cde1fcf7b390b66d5c8ad04feb03340969b55cdf35b17d6f1d6f15657a524e8a416cbf2b44a513da83aad5a41f044cc65f9b26af53e
e969b37c5b753355ef818f550fbf2a54bd56397744f3357b41673f892c57ab56e431138559ee56757ed5a8b2f598b3a497cbb2ad572c77ab7e56fd18
43e9092d5c905a9257b45d05d32cbce267d51ab09ae7d20eae750fabdca4c21b74bd026631155503c82ca6a237efa8da0a627c8eea81b682201e9c4f
d38ca5625d92c7a688079d4dffb37c58b587190ff58193d994a894696653d11ae35f6df6e24239f7c9ec459ce0047866d9bb24d8876d5d26b94a37f2
57344cd500ac7c15dcf9e1f90f3727e236550dc0fa19cd38ecedc3f1020dd79ca222bb83b385ed087b9bdbd4d006f92b0ff4c56346a961ed9b3f5464
15ef8f1634e8ea9bb5db8d841613bd9665efa93b49c09d6b6783ae8a55bb8de83c5f3f1bd505508913cab28de8ac2365eca9aa0ba037df152d6f7391
ae2520ff94ca55f31a94fd696b3f57fce10d9dcfeca562297334526b19e4cfe8166d57507409997254e4afe896e981534b122dcd2ca4227fc6ed9d5e
f344a939acf2640bf9d5d0b2d37e21d8a5f976696f56f789f5e1686f82527c433424411e485bb523416733b269ae52d1d4e5ea65f3afdd7c6e49db12
541530d3978a341a39bf321e34e2a2b26c5f938a2efebc4b053a28d3eef9d9173f36c043cdaf3fdbffb3fd56d958fcd4acab9b263915ebfcd4ddf6cf
ad9785f32bbec1fa19dda8c805658ff08f4f8968de86425295c2e05071ae8f5f02dbbdb32bd43419a968e1e7a86006bd79e39aa520bbcc037d24849a
686857cd52d09b2380e21bf4fd94b454415721a94a74d0990dcab25dc196847bd47ced0ab624246d7c966dfd423d7df95f9bbad034edabf62c282ac9
55890ef28adca3121d7452764f739d8ade1cf914e8a03765f0e71591f1cd515a810ed6535b9ddf94e860920822cbd52ac2a710334d210f3a1b284c93
a48ac29ed5b329f677de54de80a6bd0cbace8aa68c0759e5e95fab5ee6f0a852083785b04d5508b7c23883903193aa28cc6acfa6d10b3acb00a70951
45d18d6da653d109029da635159ddd61a6694d4556d1390a4990ede21e158820ab6897f2106415a7571e824a0c65966dd742551e36851fe864a3cdee
40f835851fd6ade950c57a90b4e2f0924c0ab3934d963d197b59b17573962fab2e7a9a9b541c82a2f5dc348b419eab516557b8e3e19f7da1c31a548d
fda6110cd6cfacf336172a9b4acfa63c04938db766d3e30bbafa8229524556d17e650d28acb89c263f15c581d9e4a7a2ffff57dee5c2ecf6855e58d0
55a99b5e58539fc69ffdaf1b16744719539f8a6c187dad190afafe1c1465609d8c1b579681ee28df146560fd8cb369ae82fcdefe1dfd35cda92a3a7b
bb64d97e3f751cf9466be182aea669ea55915a072d57483685245e84a6850bf296b9175db7a0b383d3343dabc85f7145cdd99d9df5cf4f4d3f2de8e4
369d666c1579c3b44289081a5bc04cb3b38aceaaa1693655d11b1655d32a259beaba248fecf664379f32766353ae814a0e992cfbac1766f755bd6d2b
b1971d59d1f4c08232fcfaf4c0826c18554a3a50f60bad5316d4c3b66a82824eb859963dfd4225ac2bcbde11dba0178798d7078209daa65576f542eb
8e3a5a9266448d3f5f726511e8bbab75b782b2fbf5f3fcccaab2a9c9344baa68ec709a65df01021c1b46bb8953459e9e567cdef7c2ec4a94cf9e66e1
a9b67153623525d669950ff7e3e1e24c306daae8a46a9ee64515cd992d139e8aae6a63765331d8eb3dcb3fabb8223774685b8246fecd2c3f56d98893
aad72a2279a757fcacd2aae0d33a9c533df69c2a2ffa516c7f719ca319c42f8ace92b6693a55d1892f9c264015cd8fc604a8227fe5b96cff423f3095
0ea598c94e03116fca52d10fac964361746889e113389cf00459e5b9ec8b85e60ccea12506f28a34e2f05cac816093f22cdb7a366c60ffc82cdbfaed
ca659839f4d182c6d2d769d251514f5b113e37b2891ebe034e5b82466ade695250d159e5334d0a2a5af12635bacc004aa0f33401a8c83bf25c5e11a3
4b3bfee8f64e37929ea6767ba73b1679a0378427f7d8bff24d59c82ade274d33d0b4aa0e851f2824bf9b660415c5cc70f98fbdb3d0d98922cb369fc9
cb03e5f9d0bb0b5ad8d3fa68411ec833d2e30afae18ba28506ea61879dbeade4f6d8efe1e9810b55b7eca135061a3907a6194245ea119ecbae40d01c
98b7877384a0138b3e4de929d67d737e0d2d906de5641a5560fd8c439d9e0365b75f372998dda7ab05056af8566b4181ce0a912cdb1758502b0ddc3f
85f2f1f38e7fbe2236c846febc63aaf4981e5b5ca1141c8a2bd049c897656fe5564f4011399c310495255e59f625218488d8de2c7b2fb7df1ef7a254
03fdf0f1dcdedecd47c5807fe86c05fd70607d6cec42279f76966d2b0b0ac86c94651bf1d808aea8fd063a59bda7794e456713ed699a5331d5298ed7
aad711992bbe7e54af8bdaf9821457c7b73b91562889409edf2a4fc65c206941b2ec4d7eaa69ddb3f9943e9e125e8230e407547dc5a171131a37f89b
cc1d2af264c80ff37e8a4656e369de4fd1d87033cb875534b6f9abb08a511af339b4814805dad9597b9a0a541467624df229f2c0f574437f22e8443b
4e737c8a4176d069424fd1549c4cd529f25c85aac72ae2db782d421b28b65390a7140a99d029b87fe691880ff5ab702a100c76ee9ea1c5033afb4b67
d9e61f34df9bd408026909d156e50ec803e91de50ea887cf48b903aade6f536e8a3c3d1da6243299e6b0f5ce0382490cdccaa56e158f087f4328af40
23f9e8ca4d6e95edf25cb66b21cf6595edd2bb88f91c86f180d5ad344c1906fabe6fbd84e06019df34dba568cea69aed52b4f0e12ad640b6824b2ac3
403fb0f34c33293a6b8db26cc370e61d9ecbb941905dc1151528a069c085d614e86cfabeb620b38ade416d357da4c82a7ac7493db0ba827e5514816e
a4888921451e49c3944e207fc51b76da8a13331249170a2cd08c9c0b035d4067eff62cfb3510dacdb6af339cd5037945abfc8c162a0931b3ec4d5ede
243dad65042a21d559f6bed97f27fc8a348ccc31c90ab12cdb888536fd18148760f50e9da8e311b4b91b6627e27774440ce716c164fffb2cdb3bdbc9
887d6b924991a6057de1ac21c82a9aa1d802076b1cb3ec81cce11d18206681148dbdd9b26c5b77fceab0cec6de8c623e11a54f287dfcb61ebf40e257
8ffe1fe2bd421903f2085e11a35940567175e35440235436cb5eeaf552f4b12617686a2ba1c9053a7b764e13378a7218e8181a40a0ee915cc71ee86c
fa36cde528fae14baf9904ea74d8d6b107f257ebe1749d7820dfb74255b70aa1cc53ed9a49a0b25bd53495a3c8469c54fdace23be0adec4e9b81f5bc
0675cd3a0626445fd78b0742a7735782817076a42bc1401eb8eea86bff80ac0aaa4eab742460b79aa25134b6dccbf267d5dab7892c5cd3a48da21fb6
d5204d90559cebf05c07ef0026bcc912456197cdd9758d81a28d6dfa44b11ac691c68780ae85d21515e03002a83be283d2f781f635a64dd3956b9a45
d14e3b56c100caf09138ed04ba61095d5101b265d8cf665e145d23be2b0540652dde34f3a258477201ed16d32cc69f57d07001dd88c1aef9015addbf
f23e87969e17d56d070acb6ba669104571ebc8d99504a0e85831056182ef775ae591dbd5663b94047d2f5b402a9a8450f46357f958cc2f825ed7759c
f5ed38c37bd00de700fdd8553ee30be986fada2f3b775b2a9ecd61bee3ec3a769577c05cd2c198de1d9941d735641642915534f6e7f7c492046336bb
2600e85a386609145d9da7ebd802d519d4eec0dc1d983156bb2600a8eced374d1228caf47574aceea60441fc74a77040d7f3dfd5f7bb9bafa0a69824
50e40744bb9c9c015ddf8429ff4477bac9647e7327f363c8eb0ebca0b34fcf344d9fe82424c8b2ad5f4893932b6a3b98b84f5dacebfd0279201d6d18
a159fa4e47114767d0a3f82b5fcebd80c057d1e119e4cf68981646df1606de1c93f989a2fb6e686180cec6f359ae56556c9f4a55b3aa71fe3faaba55
9d033dd7b46a5235a93aadb2fd8daacbaa8baa4ed5cf2a27cc79c5860e30d0edc5a14d03b28a862912405e92932911c03ad9bf974ae56f6d383bacb0
174f966d7871e0e7151f8a0c9003af55b755446aed235fabd42af8124c2728f248eecff921b07e16d47951622d0203dc148322ef996e36a20164158f
cc8503200fe4f968e280757e9aa6000279240f4853055463c18676093874f80c231b4167e3f02c7b7e56fae9be189a2aa007d6e450fe806a70dbd054
01f92bdaaa5d02b28a2b2a58409e9ede71e100c82acea5ac0179a0bff2bdc4b5a6fa6f7e4191bfa2f7354b4056d1393acd405671a08266ec7503f83a
87c18e205b41efeb2203cd68ef61fc23c85f717e2783406365d41cbac3407711c0d02e01eb92fecc4f81fdce9cab1e1a0e60fd8c66e8d7029d35cb73
385b023a394ab3ecd3450c18ef61dac039d4e3d96f22fff1648806f6e99c2609149dcdacb3ece3fd8547d2696ae8a09dbe8b3ab140aa22feca7b6206
c520d8a14b0af4fdae286740779a682867409e8b86296740567145850ae8ecaa38876a3ce8866a0c430540d74339742281754734cc590fd00d9e1a4e
670c578eb19744fe63372e0ca3c04d0028d6cfacb3671df851d587131a20ab38d967cf7ef4ac3eafe18cc6f8bc4f1e80f261b88b8383a9b20094ee87
e9b80ff2c055359d8207ab659dba665db36e5017d6317235abba55bb8b3cddb08e392c46ebe9a03eff76179dd43dd6f1d4c3b3bd56d1360caee9ac06
e8bad5a743ff74e8674c3211a1c8f32394cc44283af95eb36c6b99d30fdcb8d3411bac23b9a6de2b30c8603b4d58283aa94fa619094527bb5196ed34
a6fe8fd35fd9196ccca9413d9d0e019d2da7b26cc39a0da37b9c8807dd089de9c83e1dd919cea69e2a50a64ff3b05d07edc2ca9a87dd73f0e960c44d
274d407586753ab0836a9cf6d42401a197766a6c804e82c22c7bdb0bd579b3e9ba31b0bad523ed8a60ef0686dee9603f1decc7bfb7ccce9fda079827
063a9bf770eebc87fbf2be48eca940c6c12cfb50e3b34574827336a03a584fe76c4027f55896bdbdee42191e8eb173609d8c4e56b2cc9d8eca93d9d8
ee03e348a3e841d5ed661245d1d9343fcbbebb041e04e6cad40706ea692b34574027755396bd71dc6281d5349535a00c4644532d8afc95553642f183
3a38153fa038bf34b57c409df68e02097417fa4d030a400f9b6a7400a8d3a1431718e8ecef9965afa8ddc31626f98fafc8c92b823a686245d1c97635
a7c26d2adc4eab7c46b8c5d8426a9a4451acf3d3d5ca40d0740f4dfd56a0b3575edeb08f0d53287cc78c0e003dfcd89dd901850dc8a6191945271144
96bd71bc5bc5814f09388d7a63bb9bfcc7e7c6440d3b914c53328a5a7c5f9d940187cb4ca60bbba68212adc1c48da23af56ce246b16c5debec9f7bf7
0f9da1130c34b6dace47ed351ffc0d6ccc324db628ba615c53c71868d3a1cf6083c91c8c6137539b0cac9359e748447a8bdebca63d84834cc7fdd44e
03f57f8d9dbbaeeebc71407b3f859bd4d924250e5907499704c81be80ab8f0058efdfe19ae25177173fee26071cfd1279114c5e16538e3a076684407
1afeb187411a45ff3e38b76ac6abbeb3a753ed82ee42f4d0180e54e7a7066914dd05f8a17206a3db649dbb81362d91ba19740d10863b41a0bb0d6820
4751bb2d43750daa1a7c3a2703ddcdeda90102e81df537d5ccf3d3cc0c910d01299aca683a0303f9cb8ae85244c6d08853bb75505cda312aa4c89961
43d414357ea86828b24531769faa5c3034019af89d14bd7f573d8a1e6e86c8991348514764898836b117eb47a304624ce665ab160d2829d665139915
84ceed3482a9090248110550e782145119cea6a6b3299cf80c43408a8ee3f74c5b1b9bb541fdab8741c70358a6ad0c6653ddb7a4d205e1d765204751
da273217a8381c4d0c832b8aece9c9abf324d08939996933d1cd0459759e04fad7c89c1481dedb6f30cc36f6a2e81e51982ed881aee9d254d981eafe
ea741605f22a45be56367c3ab3c7e9721d58b54ee9d476202fa38da8ed407e4214c57d21508c9f398ce428daf41bf28018e8763a536b3cd01c704db7
8fa667a27d5fea49903fe44db868083a91c886f11e4521cce53090a328f600d3f541903fe4e5a83a41f500f4547582a615b0a11d4527ca75a6cdc442
71a76b6adb00f22aead0ad2290226eef222268d302b98608f22a6a42653abfad22453666ecd1fbe6132d2373470f8a4e4d22407705db608fa2389d9c
4e1d415e4526d4922045d4aa4a92f08c29e2876a2750dc219b2a27b0da0e79757237bfc99df5aa3d00e8dd0f485534d53b4c570d96288abbeed38d99
a9db118d658c9638be6889569976d9a077df88266df3d345b661b5cc54cb5802550a48d1aa3363238a4218c74c174598f0c7775955563993b2236a8a
6864a89943cd005636fce550c6f8af79d9a188773e7ce6a588774e6f6eb444d1f0cb92e95791a36f6fa65201998d89c8cc16cc72e9e10f950a28f83e
ccf4aee8ab6db2e1d40e74bf7b432f8aaac597a11745517f1f9e990299ff82e856c43b676e649845519dd91dceffc0ca0539730208cab0482aad43a5
458777a8a040aace0d918fac687e46b9066314c5d3d98787a1401b9b576d8a3636d0b8978aed50b17d22aba2392527fb9e8a06d539a1111b45c5b7de
3062a3a86e141caaba4355c7bcdaf089a27b28fdd01202748f8e1817516485d14719055154d7470f0dbd411dbb5759d5cc39f17f9869cbcdf96717fc
0fd717417375ff70b6083a11b7326d2ef01baca305032a8ae241dcc36920e88e6e0c9828f273a090ea4d50f5e3600c45513dc6680c45b1b9f774b8bb
05bacbea8655145d2ba3c3554850034d6da04551967ef8a55a3e5cb7049b560b873af8301012bde1a1f13ba86e83188651649ba1bc9ab583ae6daa31
17c57aa9e4dbb924c8cba8030d31408aa829addf41ffbe02952b28d38c69e90e1af1c8336d2e062e86ec4a9c8482a645cde1ee1be86e6d1aad51d4af
ab72f30d5442420de3308a1c2df0443529c8e6adc87783d13a315886a11945fdfa33f5eda1be65be6cb04691f722abce544121044ba6cd975ad98f5f
ad0c8643cc439b0ed0093e3a0cf228b267fc7e69851d1e57a5909a6b80e6a0c2288fa2126934d3be488c17b5b93f34c3004d9b8b432343233a3aa03c
3cc50586035d633c8aa6ef8fc3b92bc842d2285ce4059d38d3c3e08da26a916b584651bf3e5b9378505cf73552a3c87b512027b3a0ba58615846d1a6
99706800364de80e4706872303466f871357d0dd2d312ca3683f56a1fb8ba07b54d8b08c6238a5302ca3e8df1b722a0bf253a3813d6695d00e5d55ee
c624e89fde70dc019ad362c3328abc8a02b9680db240e4de056ad0c6eebdccfd6367c9550e5840277c6aa66dd2af4d9a06e01006ac6ec1cbcc9846f8
ccae0e6d5040efe6d5910ea85a811aaa5114f7420fa7c5a0e2307f9c8e8740eb6884d3f1d0a947e2f0aaaa4877393f8836451ada04a2501454be575d
8ae8fbbedb3f8a1e2cb656194fc734207fb821f2f6c557d41075459dab14f9c4e213774453d164c630101d8a0eae2a884e45276b983ef156c451fdef
5eafa2af9be6915afd83aef9e5e93237685fb56a9109f22acaed7625484d45b93dce0652448569b7797ae69bd66a344791f7a2a61d99809531f2efd2
3728389ecdb4558dbf96604de2741c025244899c729fdbd7ea78a69b9aa07bc8dfb08ba213ed79186351743ded18625174b7708c942886937503258a
f5c8df7052ca408aa26bd8796a9f09aa239053d31cd009669c692b79b792bdcaa26099a3dfabd35500d0f17f3e4ec729a0101b25d3de8ba569a2ea0d
832d8a8ee7c14c7bafeebd28b02390f31b81902f8718a07fdf94438cd373dde804432d8aae8397d3693e2876eda76bdaa0ebc2e07488717a72ce1f3a
a507dd23faa7d377503d11733a0b079f49dfe9d801740d234f4fc481ee28ebd4acf3fc4e18902fd7b44f26e661b19d98831451d12e561330314554a1
069b6035101ee9e0e19cdf48783dd3006ba2ba687839440779b71dd1ab8817c2d8e7f23bb8fc0e18845e8ec741c3bd65a6bdfde6778682bc1ca383ae
6b994bd364d01cba19744d74c2d965fa514495319037c29a4811d9f7d3b8be4f6357b62bdbb9ac22f2910b4d574f97fb32a06a5b73392007f9c386c8
1fe28bd793e897ad1a6c6ed81a074d745c750fe39b89953172e1263de8bab3b91c005f3a29fa51e4238337c2e7763926065961dcdff12fe8444bc8b4
e51e969b4a74640bba47e42f1b2ce86ed55c3658d0d444863c4b50fb56ab16c6204594db612c4811b9d71b01584e1110f926179a9fc8e53016348d02
0c6626aa0b9e063313d5a18ec1ccc4aa5672e1a015348d5d0c5d264afb1e69551c1ab152ad8e6341f7808201ce4471b7ff72647b39b21d8a2c24e772
6237fb1692fd1c42e964daef083b647dde5c8e7f411b747f86411bc63c23205ca62d245b3c6e275cdac481ae0debe5160f689e5fbe3ce203ea089f68
814eb69e18c61a3f4d341cf60fc3a7892c903f34f706edf0fbd0600214cf415eee1681cc1715ed88fb72b7c8f6eb6e1168fa5cb91c8483ed6b140ec2
41d54d9f31d64477e5c1106ba2eadaf472100e720264567d1d465db335798207347d365d9e5e054dfb27c3a989d5c078a40373d03dfb7339300775ed
d7fe52231b934d544fb0187f4d546df90cb6269ae7f32f07e960e5489975bc907a88aa72c510642679ab0edc41d758ec72e00e9a062e97a6dc977e98
86b7b74219a5ab4e2ef7b3c07091df286d62b83b604836b1f2ea65de1f5b41fd045e6e4b81faf3ddcc47720836189d18a64dac9bad0718816d106ead
138a71185b4da468473414f11dd009196d4de4551ba25311df3a1933da9ac8ab7ce2ab086dc8f8de006c2245035155c4a26255d414f142686f866413
2922f70ed36f87e94cd50da32656b9b9991b2aa0ba3a604029517545726bf60cf26614d2b522b06ee6653e006ff21e75b9d560b7a6d0856ee876b508
e4dda8580766203f2172e6c00ce455dc4cdd672caa60227b3b3003cdc577635189e194fe76ac068a1ba4b79b2820efc5135de7b9f59957e8d36e751f
68b6a85b45078a9edc6eb5daad05357100c6edea0c5832de80432c900f251f2ea980aa9797db5d8d5b7fadc406c83f6c79786b7751e276df01d46139
dd7730b85230bf356c92e8c42b1db71d294811f77243fdbebe47f24e5ca800ddb33306491229a236ec106fcf9e10b56018374974a26a0cc31f891471
7f7bbfdbde8f7583dbde0fa488aa75ef1c14b5e4ed1a04e83a5936b091a82e4c19d84874fd7718d748acbc727fb7d84199d6bf1d17518cbaabf60631
12eb975486f66f60d38bcfed6202683a1bbddd6207a930c8acbd14e8baf4b83d3209bac7520c2c340c22a4058b418444d3e5c9632f021abedac7632f
02ba67381e27d54402ea9a5018094874c27c0d23018955487ee9723fc8ee815cb81f0dba16668f0bf920455eb52bda11adea7f34ee025db7e68f9bca
a069976a941c915751158ef5416682bc3a33065d7f8486cd1129da119d8aecf1c25f5ecaa87d66b08fe37fd0edd60d92233a1133871171448a7ec3ae
f2e36c165417041f97eb4177a0f6b8360f5244beed9541271471a6cdf6d791b2c66ef41ab1645ce7e415e44f299e7d24a83af579ec23415e45f5393d
783c6642508d61441bd1ed621efb4dd089bd9869efcffab823a7c76e1374e21565daf7cad94582ee0dc3d788ae3f9dc79d66d0756664f81ad106d32e
83d088eeee9e3168c4ca3ebf74cd1c748f5f3c4e368c4be346c863a70cba0b0c8f7306d0ddab7a1cd383eeb1c1c7313da81a2b3e8ee941fff2ea00fe
d183199149f20f1b0687ed1ddd3e8ee041d70fd9a39116e81e417cecf31ff79a094d927ff82e4f8ca1dca379ecf541fe94cb1c6483702fefd1b20ae4
5554a38a00a4883239560629a2ca1c2b83aae3c1476d01f22a6a516d018a863d8f23eac7033174dd8fca028c6ebb70440d5629c9984bdd20c7c5dccc
9df1e7db1967bcf4a841407703ee515d80a61fe1c7612e681ade3caa8b4775c104ed719919a488ba701cfa181ad87b691df5e82294682ef987bf7cfd
25756da7ffd8e9effed2cae064cbd7a41c9a82bc6abdf2d70d6f503c2cfc6acb0cfaf8445311c761e9a75fb505c8ab3aa24b1199a0ddbd0e304177d7
f7758009ba87ca5f0798a06926f2ba910dbad6bbafebc020ab82a1e9eb4230c89b293a15513b0c6f5ecdaa408a2aa25b118abf988b57113a8b26fcba
c20b5244213d7cf2eaea8526fcaac5c0f6c342c4eb494750f525f5bac20bf25e14d2ede82ff214417886a1a744f34dbe2efa82fc2595e87e344811d5
e33a30e86ecebd2e89819cf85222b5e4ab96a49f378cd5f8c2587d5759fb382cd32ce875e10c74fdd8bf6ac9572d490f65602b9122ef654d6fcccad0
b8af8b6486bfd27bf5ab0534e81ede785dc0055d8b5a035689ea24dd8055a2386a7f5d107bd56f7c32afc7c541d534fb75f51174b74f0d8024aafeaa
5f4f8b80beaaf0976ad9f848a2139936d3d6dd37e4f6592eff804d57cfc64c129b43ffd7251b90372347f6f85fcc24ba726326896eb885d70eff75cb
9231d36b870faa273b8cac245a63b4f26a954b64a59557eeef9a0de81a68bdce054073a7ee75cd06349d89bdaed980aa7318a32d894ad8acf13a6300
c5281cafeb2ca0b9dc67fc2551359d7e5527ef37afb07ad427a06ceedf1a814914d5ceab1200c56541033089a6d5e3eb240274f7990cb624d63329a6
1d3ee86a8fd7c9c0fb4d06ac334da14077f9c3004ca2e890cb004ca27d0dc32903c8fb53d96a0fd0dc7f7e5dfe785dfe283ed1cae610cd60c6664426
51f583f4ba2202f22aaac70d49b0b24f2edc9104cd89ddabc202dded4763390d0237e5cdbcbf1923a203abd1d3204da2b2153f0dd2242a138b699026
b172a1ac295b932062454d2332897ca4f7ef8a56fe31919b4664121d4f3b99be15dd880aa247d1fabaf86e32fd2a42c37b5531fbc4682274f9344693
c84c0c4466154f323f9f6853c486ea46818ab957d34d45e69ed515ccb3a6419b44ddbf7b4d4568a29d32b2092a1a4e44336d19d9f1c4622bd39691f9
1a11b2326d1931e262dc9d72cb48707ba645d30050227fa8c85784a917a68299b6d80b1bde9f336dee39ea834d69a62f45ce38a697993122b78e414d
371f49680b3c3c66da473636d0d6379369eb90e92053d7692c29d1d9afcdf450a4af51f2daac43542b9682d35052a26db6b966be9a8d827b6de68b30
ad78e6ccb4f922787db7016fbeee6fd7757a9979ddb0abb1449bd5c30e5458a2cd8ca15b67a1c6365f2e1b50e8d64cdba69981569bd3e6fb46dd624a
9069b38f75196eed32edfbc66c6c162a7ff7b5ed7c58857bed661f4b32a28f64dadce344f42bd06e4db3694b0cb669202cd109aa98690bb4109b65dc
ade9853aec1776b3ba5bd364a2db0e31416b7e7eddca67136cad10ff4a29e7a5164e0b35b3dd2dc942fb5e7df73d74ec881a9f75b7241c8a9d7e05dd
92e8bec7baeb56fa421d9fc89260a1d66c92dd4a67cb987dcc69782d91229e18e66ba16ebef9b086994fcfca071b6695334fe177176675a1b2e99a69
9b0cb3ee321559e981c38a41bec2dcb3b13c2baf26cc2aa770377b8de17b606319f78299f63d305be7504fa62dd0b040e47e58f70b3b9e0ba671b744
e1a4eb34a296c86ed0ab2c90877cbfec0f2b9fadc16947352c24f37c021965daec0f6aba51d3d3bc2eb461973dade96f0dd5674eefef89619c334d83
6a8925a35087e53c544d934a3b2ce8c11764877cf8e6165ab7d51f960acbb4e96b3a2cc1e18497121c96e0b00464edb4044cd8a7adf3b41ecfaf7fe1
91a7a5e258151e7c32ed2317da8f2ae6f26604b82cea93cb5c30edfef16d5e36e2858df1db345295588fe497b715c4b47836ee7fdba66ed7ac7de6ed
dd6e4cdfccd96336d8251aaaa2c79a653085df98695c2ad1b1bacfb445223207677533ed233945bc297afda1b656df68e1b57e5ecf5e918bd732bdf4
bff63aaf3763cc824dc0340a95e813bd568aa2a2a820da1571e889bc16757771e2ea08a2a8bc41277858a62f45979721537182c169894cdf8ac81945
2aac998a8ea9e634249458376bc8cc6d33b78a0e458797f9531fd06e65ab860a6ba462c93a328b80dbd0eaed5451209fe02f4f45270a9c126c1694d3
b4044ec8b4cf446bb5ef878f22ecd8e8b2cb6e01706a8dc3f569b027515905ca7457446fb9717bf551511f311c2cbbf9e2b46c9608997aa5f4afd2c8
6cf7999dd106df7e519980bc9b57998dfe35b489cc96d0f91037455619de4ba7adaa5b655d3f005e65fde0bd1417d9a955cd857a820eb384b960bb6a
320229aa0e5089e695691b107a023fd7d3a053a23af0322894c87b5148fb6350375f927d6fb1efdda9fe612db2a03abdfdf0550e74e16fd863ce4b7d
d30691a8bec469939e1ce13047d34c4ec6579d674d33e9691f3a618342898a6be74c7bfff9dd1f99fd37c88cf3cbc377b85077bf18fbeaa2cf20428d
e61fbe30966ae7cedb39ac85c35aa0291d66e3c0cb81adebb0628e2f1b3ee05546374f9f55ece641b0999b69338bb1f14ef8d1694429d167a74cf6fc
06949a9d6ab4e72f7a4f6d8acc3fbb7813d55e4e337bdaf3f8b22f5f002612d3dabefcb016da66f3ba7c01183f143376f9c8854a0c9469ac28d1097d
9469ab8c055d7cc964da5c183ad9cfeab2ca2ecc358799f0652eb4611f7059899ec31dfcf036f778b170906dd82951c2d67b5b20b60da77d93ea0d8c
6e277f5ba085ec70a9e9db3a5c189c45cbb4055207daee6e0bb450f0f594690bb450775fae5ab1a815d521b705620b72da01a82841c7cfd834aa9568
3fe65e454954abd155048f65c474227c438f657c5077c37b99afc74cd0285eab50afadd517a9ee2c2f15c614a4a83bc1ba8c6cbcd6c56bdf8a423588
95c89ffa048bc9b6e46470549db783c101b869742a913763086ee0293138ee368d32251a8100a751a644c1cfde34ca9418ae0b5427eea04f6aa33a4b
079d781099de15f16dad35c569b02891229e88f9af5879e5912c188b2038c334e693c85f927d5687c5fa654566361ac646d4a2619ae617a689d66f98
26b17ed990f9ccc601152b434d0f06c701336d36160667fa32fd2ae295f02919e0492cdf7a88ccecf665966c38d505392bf297d619abc893afd73050
62fd929c39b6009d63069936ffce7e87f73f15f17d312daf8e10c0e000e2347ed4fce247110a3827211680fd57ce6e65da77be30386d986973c602f4
1cdccc296bd50f2ccacd285322ef45f61d4854bd02fef84333e62c96758cea2cb61ace99e8c3d3c853a2e1d67d1a794a7442434d234f89cad9ad4c9b
57e7a9282f0348894ae8cd69eca749eca7c1b9bf699c27d1d6c9895feae6eaac0f94f051cee7406dbe9ce19bc68ee5fb449dbc818117951cdc98c7c9
b49df17f9dde8b3dd46915382b03dd096a9d5601e6c4737a2f6fcf51240c4f32edbb2142a4a39feacc0de40fc9aae303d01d56d6c38af2f810eadb58
5122b3ca0f4fb3cae668fb9adbe92f5918c7fffd34bc93e804189af5f23deb1dbc9a33f55ff5504ef585a9c740fe94ba568f81e198c7c04da2753ba7
dbacdd18df7745d6e28d2640e51ab8490c8e064d033789e1e2a0f19744668cb9737dccc5632ec8989a06545c084e432b89c119b24c7bffc7caa0908f
6fe961e3e0bbbd95cdc48dd89bb3be1672a1e1c36e1a8049d4af11bc3602ecf6badfeceb131786d30d033089f8417f1b80498cfe3dd176a1719ff952
3f81c149c769fc253130029f065b9a5fb025e20f4c432b898a6148a66f45ceaa9a97bdca5e72c6652a2850d997ccf4ae68f797e483d3baa2e29b22d3
53117a867ea2b91c0c52d411998d85c1d1c24c3f8ae846c37b99b1f235022e733d1854dcc365ba28a21b659cd25c0f06f9482ac8f56090a2406491aa
ad7320b2ca160ab6f4990e452a8be6cd2c7865de6ffd70c0465436b1327d29ba5882f62a4bb990b9a012aba56493165bf7690829b1fd5822d79641fe
5091f5daac579ed8ccc442fc3085696a449057717bd55ffbd41f8b1b4df50706311ba691a0c46a52decd072c34f62633edbb746715fd6dd827b11e40
653b45068d303399b6b21732b7dc4cfd0786dd4a53b381ea6cbeb9640bf2873c52cd065244319df982950b2ac8792e5832b2e1441714ccf6326d99ba
9f0903f0e6522ac827d018c387063d124347235289c25ed734d694c81ff2ced580a0eeb6cfe155c3613aa269954d5e1d232f833889faf35d65952dd4
6165a8839a3a88f16b530735570fab8dd1a926181c7ecdb4375b282ba0c02f55b3d19be617bdc90598e6b4b32dbd9519e72d1e961857e33fd6fb69ed
9dbe3272a9da0241b0d24c5b96d337c6a4c0504d62c9781797dff7c5f7cd90ab3953048313c699b6992f840314c337897533ea5485074225de9cb881
56ac66276e6da9b220bad9345893084e5d64dab67453190cb99a93ade6648bc17e7366054a58729720c1ca184552e181c09b54a66d710f3d03a3e0e6
b22408dca6cda692020313d34c5bf0f72b383973c1b1bd5fc35f25379e920882274f8327892062f034bad1fca21bb90bb4a9464010f8771adc480411
a833bd29b24c15d150c482c18f3f9c8a58e7fbf1aa43111d20ba6053178070d76fb36306c1f98969bc2331d4d89bb39ccdf0149c729ac64012619bdd
dccf0341ccdd69582451ddd1ddec99377b66beb5cd290d58f747e6ee1d08a2cc66da6cd85bd3b037e72f6060f63b8d9e34bfe8498c7d37e7129bd1f7
98256cf6c220088a9a696b7fd73f05f5ea56da663cbe8afed99c5f80202cdc34a0920877cf37e71720dce6ddec85377b61efeff4020416c499f6f6dd
eaa15ebbb7ef764fe6dfde15c48f35e60224589751727b5c103fe6df3907889fef6697223a6166109b1b4e207ebe7b59a4a0488cc137f7a040a8b736
379c408a56c10d80219afdcaee022758795d5566040cd13049cd745544fd305edd9dda80ca81c169500c118409cbf454b43e083c964d836288205c56
a64f451c57283ef155f4b25dcbed9d13ed7a4237abae7382c1e1fc4c9bafc9849b0a33728608dc0f67ba2be213e95e65554cba75460dfb614d1cbc5c
260bbb8ba1bb9b59bca2ddbd2c50f0fd370da621aabdc58e2f06f10d7d8daf2156e57b33ebf0b00ebd99193be82819011a7343ac5f9a332bf1f85aa7
d7ddca683d0cae77d74cf72f402fed6e77d11414ec68326d09ceafab21232abe5dc517fed2879e7c710c8877574841ac103abfd4cefb692e4ffb739b
1776b32288dd317795e7aef264d8b5bba60a4af1cdaa294170ec2cd3e6e8324714c5d552103f96f8b6c437ad04e563500e11c41dc8b4efeca6e1d02b
efaa53d0dcefd95df404ab44decc5cdce4822e72579f82c0dd7fa67d150f5f1a2b3cc6eb10410080d9ddff020d3f1599be157d95b872d655345d45c3
fa407752005234101d8a0ece6536448f22fa135690bac37dd0f03690e953d1896d0119538380823defec2e8a818a5d6ba6cdd7e6d088f7d635090181
c3f64c6f8a3852b42bf2911bed8d558aee1619881f06b3c6c01055fddd5ded0281f3f5690c0c5134ece86e7e819531eeaf52010d4789d3481622708e
91691fb9d3a058de30b885088e544c835b887077b9ab7a4071fdd77817a2e23934d35645770d81db3b73e8ce1ce802baeb5f20dcefecaa31d088103c
0d8a21020fdbb3abc5407151aaabc540b894dfdd4603cd714b57af81e65263d70203347753bb8aa7abea981074150f686eef195e4314cd1a0ca5211a
4673b36b0fd1b5877076d75d5303c57da03ecc054ef7a62fd2653650c26a5517818a61eb342c87e88e340ccb21a25822f7e14021a45ca67db7833326
cca0ba8a0714dcdc4ce3748828b626e74620f09b3d0ddd21025fe0999e8af0e36185395d0215af9899f6ddb2a5470c854c9bfbc932865fbc7a0d1497
de0d0c2236577e0c0c22564d9331d513081c75cfae7aea1a69308e37568858bf241bee058228e6cc1d3d30ba8dc7e9160827305d85d54f1ba25799b3
85c02df434a4888862edbbe20836e769dd3dbe8e06c3e172a6adc4532f40dede4ae4f8f46656dde2039593b099365fceefd8c532888968186b67daf7
4dd4f966199df1814a94da695c1351344431ae890837098c6b2202abd54c9bd5cb33c766c2f78d6a2b76286e04825876e5bf54c9dd8924a8c557ef62
6ad75f2f4eb3f30f4b87822cbe7b1524e8f81299c650111b11e8a7315444edb640f52388f289ccf7ed36b055a582044d5381eeee1e68957149777209
8a4bc6865a11eb663cc0155650bb1dd363ce166a65e0d1ddde036d5735bdd68f0e17397f927f98b3979edc2ff4b5325e7c405926370141d3eacb902c
223832320dbf221afe1ca77155446dcc948cab22562e946dcaf836aabfec8af836587508e7c6a0e2a07c1a6b45044e03a6b156c4baff86ec50c6090e
36df0cac22a27ca247112d8efa0fe7de20f0bc3a0dbf22028f10d3582b221c408426be2070bb398da522c2218b715344e598e3346e8a28cd42566ba7
523b2c13844ba7a0b9c51b8e88407cb5afdd10083c5b66dada770194a965b83509062eb2326db52ee8ae30d3e6be997b6adaa1141878e0cab4b54a44
49dc53ce708c04a2d804dc5f0403475a99b68c4ccfbf276e56e14615d24d84d37310b8d69a466e118113a54c9b890de5317da2ef71a3d7660816ceeb
c33d423ea3705e0f2aee23a7915bc4c04d57a6cdd7421b16c89d4450dd8d0967fa60354365be6e8660f868cab4af7ba111556f1ae045e4553c52c325
109b6dce211868e34791d56ac8319c7ee51fd66bb75e796d0eb8c201974d402b58109aad87a64ca0e0a123d3beef4e57be2bb2aa318cb59731808c58
b9e091ee5e8270253e1c97457c99251b6166170a87f6336d3682d7cbc42f1c7281c0ff42a6ad58d620f04531c3a50410b87cc8b4b71f1e84a2940ec2
40e05623d356cfa07a989186c32b10382b9806a311a5d8541c4bc5e4bd31700a8744a0120a2ad3e67e7eed829b390002c1f9ff198e7640e97616cee2
c3597cf5a3770404a2d8f09ca083f872e6680784334ee3df881c419333e7dda0757b31f744c3310b1ad5583709e7ffe3374c95c33930084ebf4fc3d7
88e0ac78a6cd240bc8eea919be4604879667b8150a8a76a1a1a60e7da35426a9a15e0ef5329a2ed4cbf1e96526ae06a6115154458f9711a3acda48d4
91208a5fb29b9520bb72afb2757db6a8c3cbacac97e6651b57bb82287e1dea4d43d5681a126e4d82828fb269a81ad170e09be9aaa8b2f4ff83a8296a
9cc8ea887645580da23e8c5d23aa6b57434d0a2a3123327d28b2a90e6f7629a362878f7c147d15ebdd5e65e84d1af970c91a34cecd4dc3d988821fed
4c5b247cebdbd30db52b684e6e8616b7a0e2f625d3e6bf30379bfed0fce3819f73d89936afe5cbeb7a2306b811c181b869341bb12e23ff6ae1a11666
da355c000779990f756b1234bc1966fa5684e91213a3a16606e1ced8709d1c14272e436b20908ff48716b3f195b0e063b81c913a91eec97839a211a3
2dd3668c732f1e45186a6b101cafcbb415a487ff4a8f6ec01c11c566e09206886235baa4610c9d615da88807075308ed9a691b064b1ac5b6a2d62586
ce7a2435eb9ee6d0811a1fe6501383326ca0ee690ef734a737b37e5c0c09afb27e76fb87ef97360dd6e1c336e59209688efe8ca52336f781870b1860
e0fa34d3e6a23b0fa27ad494434d69f3710163e881a1faca3d3032548b56996a1184c713865a1184a718861d3a68448b9a067811e11986e154158447
188cdc22c2f304c349e870126a899c718295577fe9fdbfddc2efa73ee074ebc5dfdad983d0227f38c304e1510143b088d0627ed8ff8375332e73c605
da862e33408ae8df2f3569311a0a41d4e6d0a205e4309441ce7012068a3615c355caa1f3fa666e9d7281703b6c38bd02e1ead0507380edeb20d41c60
6fcd479ab38763364c1f8cb6228aa6be865611c57195115244756bd60829a2b9a76c8414518934981d1fd50f62f535bfd4ce53f5001aee4b323d1559
053ba2431166ecac3b1a2c4514fb6583a588eae93183a58870a1d96029a2349afd74a71284c6fac64f11a1adbeb152268151423bf2a9d50a086daea7
fd39084df5a77d3708cdbc0d9f22068ee432ed13b5eedcfda1655c08a2e266fa516426a81c275553e34ecfb04dfb5642a58426d7d34565b02e23b3ce
8e40685d3bdd9604e1bae6749203c2f5d6690f0cc24183015544687b694015b11e49015c4206e142da742e34d9d0d4c474dadd82d0d072dadd82123e
d2190d58f7e799ae171b8b656fbe72b7ae8ce4d1989c1ac96312b62334989c2e1782faf35d656d2f0c57f0a79b52205c2699f68720a7983c514b09d0
f08c95692be3e09530b698f68760e5955c38e80555abf1e9da1d682e0d4ef795a6fd61b37dba06074213b0e9821b68c450ceb4375ba8f8b4c8b44562
c1cd258b690f090a5ef2326d29e921c35cb8e00632177e129a5880aacde574650c845643c60a11252ca50b6320bf4b1a86db4420b4679af6c920341d
9b1a6280d08e6bda2783d0a66ddaff82d02862da8bcec73742265ca49aaf5751202d2c406807331d3283b07f9c0e9941fe6e5d655010111ab3181344
ac0a2bc87665342826dc06001139a6eaca1e650ffac307bc8a2825137ae378883abccafece381e9e5f37668758d9a8c8a6323e7254d661bf058a11db
f38f5016ca28953d17a8f85cc9f4a9c81a9a886e458fbf24230e4441b3ab378886589705321fca48d465c2c391e8a15dba767987a3c7c34e8f79f861
a70742f383c33eefb0cf43711cae0881d0fae0b01b3cec06d18a877673603d9242d9c3817053d9681b62e0897c1a4643045e93a7313344b88f7db8b2
7318ba916053f98725df2d398f74f0080adea2a7d13644b88d7dd80d82707fd8d01a22d606eb2f95f3e1f20d08f71c0f47a020dc3235f2860837000f
b7d0407cedd7412908f7a08ca220aa660d864710615767780411aea11fae021ce75753bc1d478d203b6172618778d82132cd3fdc9400e1eab8910f44
ed364b4da541b8ec7dd8871df6614c160f17030e76bf5d493eecb040d530ea707d000c6764462b1003ffefd36805f3b0c362926fd081048d92a9ba11
0644b87873b81c0f5a9b5e654d3b5e6492668401d136e6cd46181079150572bc08c2151e830e8870d5c20803225cef309a8008d71e0e17e80f3d4b35
9ba9dde661b7c94cee74c0781aed96b05ef94757462999a49d8ec64e47634cf8f4c82fc221b0bef645381fd6d5be58f7df915565542c8ae6d4621804
614c321d8ab83f53a1d31e0c944658ebfce351e633c99956682047e25ce5100d84037d5df227ec5c19e29cce9b41d74ce974de0c0ac1eca6fef74571
afedb44f0355130b5df28bf0e0c8e92a3708c789a7dd1c68d11559cad57f8563363df28b70e4783a6603e1284b8ffca2e1e27dea5e5f84e31bddeb8b
a2fd91ceeec5a6419b6eecc57081f0746e7ac6d75494f9c8b0448a2cd1c2f068e4e92a2e58bfa4ad688b05c2918bfee8457135f67451150c6230e4c0
cb824f0a8e06d745bd68449b9da7265520daf7439b357bd6eadc737a7b8ca5d4a5a7bbc520f3ca30f1b49f04e189e6d3f936683882cfb48d078f7e2e
579ef6a6a07e25d25e1754fcd8cfd3512818615538e204a10e3e1d718250399dee0383115685fd2b08b5f2e918f474d3d7bdccd3e12508fbefd3fd5c
50fef1d938be04c593afa7b64a20d4c1a7bd35c89bf1437bebf3e67ba3f339b55502f1b51ef75d417565f8f414cb797fb9f09716938d57970e4fc797
20076856b6964920be4666170ee2fbc4dd7805f1f547dafe8214fd3a90455e6a2e9f2f9764c9ed5b50747772aa084ee3a33bef39dd9805f195cf3e1e
c457f12e1380f85e998bc9a0b89176daed9fef970dcaa7f1f1a9f171b381b976706a7cecdac4e5d62c188432c9f4a6887ae00997aa00840bdd976363
9057fd209a8a689a64e372c100e455defe54f4d58637bb945dfcd28cdd8af0f3401f7fb9ae00367bd7cb7136c8fb17444d116f96825fae2b80b0fe2f
8fdb80f0cd5dc58c2d84de092e1711408ac897837190226eafd60229a2dc6aadeb1b9e5b3d6ecd822523b3aa32d0f6e2331f45f4fb4c572e8fb080e2
bac8e5881de45554a2caed52b93154be1cc45fdf20defa77a1f872a1988edf381b22eceb2e5520285a675c0eeb41e0d37f1a7a43acfb2bf399ac1337
c6f5c6de1029e2feeee182aae9cde5e81cb430afda535f2e0a7f95e1501c6c1eb8318286c8fb7395dba720f0559f696fd6bf9b29f366dd9cf1ea1c33
5ffd7b4dc8340c03a113ae4bc330b02e5366a1826f82f1ffe5da2268dad05ff61a20afe2d5b9da089ab3d6cb4e0304215832ed57f2f0953097d0f3bd
088f155d6e4a81e6a90c9de18b864bef4c5ba2175337dae7eda4f8fe26c5b4f6db712108dcfe66ba2ba22e9853e8e55e3457a1f4722f8230b7999e8a
e81eba573d8a3073f0877ed1b75f348b20b7dfeaedb7ca005f37f4a23812ba1d7582d025c4ed060e08cd956e0fa081f0e4e0edb41914425b66fa5044
83ea8a7c62d5b8c67b5d8a2e72cf13fd6c40f5fcc2ed6773fbd98422b3dacc2a55e8970482a02099b626b6ef7d4c649b327a1f7ac5dbefedf67b6345
f8f67bbb3d80e60777fbc1817009ea76091084477c6f8793b7c3492615b71b272045e4ccf53e503c3c7a6b447a6331da98b3dc7e82a06aff7f6bc100
1ac13032ed3bfabeca5d99a564bedbe8e80d1530bf5001ab5bf9a5763692801844b99a461210ad7fb9f45d74de0593150309884160ad4cfb2e30296d
4c996e0d1040b84e766b80005626fda5af3f5c6eb11a3c6d0082582599b67cc35aa695685cf00504b00fbb1d0883826fe8796b4a00321f88347f04e1
91f35bbb4610c4eccdb4f573d0c33073bbdd2b02a14f9adb51e9fdad8dd245de1add83bc191973a40adacff74b5bdc498b9b8acceb4278e2f176f00a
f22aeac2912a08e7d2861b10610779bbc50456c6bccc5c5c169cbc3ac405f94b5e9343dcfb1be2ee3ed3923378f58cc3edba024811a574a47a1b33d9
befb76a80a426716b76b0d207f49653b52bd3d706de77dbb8c00c209e46daf7f7f43453af4db45039097915b5708408ac8864345b07952e0b6dbbfb5
45f87a5c575141fe92dcba4400aa5ef36e478fa06a74753b7804b1313b79ec971f8f2cdbc93f2e5f82411cb94c1f8a4e7e5910dd8a6cda68b7c74d79
90977133e79020455ca58a0505c7a399f6911807e94a4f9ff3223ce6fa688f0d424f478f478f4075914bcff422348978b4bd06a1bdb40ee61317a255
d77a9317397621f74e47418a28b7d351b06997f168550df2aa8a281469fdebbdccfd24f72ccf3c4e5ac1e651e7c7effe39be174e55b84f02f2978aba
a2a5fbedab1fa7b68f2e90d4ea8f5d060882524d1dd88bd03790deeac5fa2555e67c17e465d48ffd03088f043eae1e82205047a6cd065dc65615998b
93dda04d91b9c02b310ee033ed1bc12b717c4f34630b9b53733dda8b5d25fbb879fd18498a1efbb16301a5396b7dec5840f987c8fb7334c75d5d3dd3
8ba27f9d47fbe58793ae841a9e7aa617236c636ec380ea81401dd38bfca1226b676127947ca6ad9d85366cfb4e939f6f9a4c565de804e1c6d8e3660d
084f653cf797553e40c62e8f1be8204554ab035a109bd5ea80f6f9a6c139a8faa56e7e9c2583d069cfe342285877f161be1dfb392bd44e0da488e239
967d58f6dc9824e8505fa48812bbeaf9d881d1905ec7ad2f83d48d61d2eb88f435743b7ae075da0932630cfdf4782f96ac206bca1a16203cc01e12e4
031a229fa99b408770fab7174bc675ae9882ea36dfeb6c14e4dd36449722de2c0d47a7f462dd8ccbdcb879dbf750ae731e0896ac233b956169f15d66
85307c251ed37c1dabbedfac8fee555ff262c906b24319bdc5ee653e6061d77fb26ee24576d5139145d03cc812383904a1dbc7d7754e101e5ed4bfbc
58b950e6cdb49a45a3ea3a5e6c1ee97e1d8682f0bccbab85eccbdc50b393570b5990f71f5e6629d963d97c510e33418aa8336d5fc1fa25d9705009f2
3232abc603eb325a87934f109bcdcfc927c85f521b8e1641d3d5daab773db06e46b3f25c0f58324aa50a7a5541b6656d5141b8faf2aa82c0ae1bd857
f3549057717fcd535fcd53992ebc13df586260719b37b910b1f542e4ebd78d55311860bc6eacbe077ebcd0a0992e8a56e7c9e7ffbad72af2f65ed514
2dd372a67499de146d8826a25dd15aa2de57eff2ba232b0621e8321d8a9689088765323d141d88bcd7a9684d36f661be2e45172233712b5a36e91c8f
cbb4c5c62fcbfee5eb2b3666ead604bd410233f54256abc5ae1c20ae8a2c76c5a2bef9438bad0f96e65596b1e2b6a151f7d532ea807435f5d7cd6431
bac5f63d82d12d1013e597fde5d1cd7db5d8d55d359f68b11706dee95e83558bc910fc3558f5fb45a6ae489a928d8bd6dd0d1c25820e24d345514554
1135450dd10fa25d5147e4bd42d1eafef1579ee9a9e84054109d8ad6a7808fee4cdf8a1eaef25ebcb3870d6e7c9367da7c31579f6bdcfbbe1611303e
c86455b2de226e735e83b50846d099dc94783006c9ae448b75245d8916c548424970eb7f3a3ad5da3f2be5173db8b0fc38ad5ef735fc8b205073264f
252747e6905c4a96295e33bbb7921b47be481e25ab8f6f66ee55b2bc6075ae41cdbe2841ceb264d2a713e3650d3e5e43bc085b9b115e04b69f99f459
451740487c16215f36de839f13c013f0ab6e7ddfefc52f89efdde02b41d99b4f5ff023796d0880a5b65775297059f81a9e45e058ef7d379fbec084f1
55a3beef5ac01cbef2dda713eadadad87d3a81523a25dd7dfa022e4732e9d37149d76916dd3baf59c2dad3c8e4e3d31f4f2e21b10db23db2739fc726
4820a38d723d36c18581c7a7d74017226cde8f0d0877cdf5ff3bb759e93f1e7ff9ddbffde7f197ff3afef8fcfefafb5ffffafce96ff71faebffdfe5f
97f4f7399dfdc39f9ebf3efffbe7bffff57a7eff973fff65fd8a7fbffb977ff9f73fddfff3fdd7faebbfffe377ff07995f1ddf95920200
