1f8b0800000000000400bcbd6dcf24c775a6f95dbfe2d90106b001c9aecc784dcf420045b6acc650a496ddb4c758ec87acaa4cbb01912d90940dfffb
8db8ce53f75dd4783d8d5d6009d8eaf34456bcc78913e7e53efff57ffbc3bb5f7d76ff783d7e95fee6f2f2cdf1e3c73fff703b7ef5f9eff73ffde2bf
fed72f3edefefcddf1fd4f5f1dc7fdb83f4a7ffcbb973ffcf0f1f6eef8e9e5af3e7ffbc5dbef3ffcf4d7e3e3b7dfdffef8e7fbf1f8ea3ffee837c73f
7ff8de9fcc765efeeadbef3ffcf777bffaf6fd6fd3faabdfcdafde7ff8e98fa3f4e7052ff4f3e5bf7ffce1d89797657ef70fc70f3f7ef8f8fddfbd2c
7f73b9f4f187cf3ffee9df7ff8f0cffff2d3dfbdfceafffd7f3faf48ff7c59b6edf2abf5b26cd195bf79f9ec8f7f7ca1e8c7971f8e1f8f1ffef5b8ff
cdcf7efcf39abe39ee1f7efce9870fd73fff347afdb27f7f7ff9f38fc7cb87ef5f623ef8cbf5c3f7fb0ffffe727efce1bb1f7ff9f26f1f7efa97978f
3ffcbc9ef9c78f7ffee9e5bb8ff70fe787db3e6bfbe5cbfec3f1f2a7e387ef3efcf4d3717ff9d30f1ffff5c358b4979ffe65ff69fcbfe3e7559c1fff
f8c78ffff6e1fb7f7eb97dfcfefe61d6f023357c77fc45afffb321fcf8f2f17cf4fdf6f13e7efde71f7f1a53f1d33ec634da7cd9af1ffff52f5abe69
3abffff8d387dbf1cbf1e1871f5ffe38aa9db53d77e7fb3b95a8af3faf6874e4f6c7fdc377c70f9f3ee73fcec97e9ae14787c76cddff3c06f1ff5f9f
5f5e67e8fe7ac4f6c796f8db8f3fbc7c1c253fbc7cb7ff74fcf061ffe38f3faf432bcbdea08ea711fecdcb7f32195f1d1fa879fee8fbfdbb63763e4e
d5f71ffd5756f5c3d8d3635c51efc71ffea20fdfedfffe327e3576ef18eec797e3fbfbf86454f7c3ecdd771f7f3a5e62464725f73186712e5ece51f0
f34a98c31f3f9e3ffddbdc788f4dfde39f8edbdcd5a3860fa3be7ffb61eee7ef6367ff384ffb7fb6daef7ff7f6ddcbbbaf7ffbfe1f3ffbe6cdcbf8f7
1fbef9fa1fde7ef1e68b97dffcd3287cf3f2f9d77ff8a76fdefefdefdebffceeeb2fbf78f3cdbb97cfbefae22fcefbd75fbdffe6ed6fbe7dfff528fd
2f9fbd1bd5fc97f9d5f8bf7f7a79f33ffef0cd9b77ef5ebefee6e5edeffff0e5db51f368ea9bcfbe7afff6cdbb5ffebca2b75f7dfee5b75fbcfdeaef
7ff9326a7bf9eaebf72f5fbefdfddbf7e337efbffe25ddf99feb78f9fab73fafe5f76fbef9fc77a3ecb3dfbcfdf2edfb7fa227bf7dfbfeabd98bdf8e
6e7cf6f287cfbe79fff6f36fbffcec9b973f7cfbcd1fbe7ef7e6658cfee7b57cf1f6dde75f7ef6f6f76fbef89bd1afd1979737fff0e6abf72fef7ef7
d9975ffe87333386f89fcccb6fde8cb17cf69b2fdf441fc6cc7cf1f69b379fbfffe5a8ddff1a8c7f34f2d9977f3131effef0e6f3b7e3af6336df8c09
f8ec9b7ffae59cd0d1c0bb37ffc7b7e317a3f0e58bcf7effd9df8ff9f8ab9f4fe35f6ce8bf98d3b1dc9f7ffbcd9bdfcfa17dfddb9777dffee6ddfbb7
efbf7dffe6e5efbffefa0b96eddd9b6ffee1ede76fdefdb79fd7f4e5d773557ffbf2edbb37bf1c6dbfff8c2e8dfac65cbffb6ff3dfbff9f6dd5b66fd
ed57efdf7cf3cdb77f78fff6ebaffefae7b5fceeeb7f1cf33a86f2d9a8e70bd6eaebaf989e31c55f7ff34fb385396f2ce52f5ffef1776fc6dfc756fa
ea3f98eacfe61cbe1b53fef9fbe7df8c9e8c1578ff342f2f5fbdf9fb2fdffefd9baf3e7ff33f2ddad7b3fe7f7cfbeecd5f8f3df1f6ddfcfa6d74e81f
3f1bbdf996699acb3ffa1bff7cfbee2f16ebf534fd921df3f2f6b72f9f7df10f6fe7e85e7f3936dcbbb7af9b9339fffc77af8bf7f393fafff1467ef3
fdfdf38fdf4d56f9e32f7ef1b7af22c5cbdf3e848cf3c3f7f71f5ee58ac19a8694f18b5f2ceb608db79f1e24ff73fb6e4836fcfeddbffff8d3f1dddb
efcf8f2f29bebbfff94fafdfbebcfced37e31f83adfefbcb5fc121ff7a30b273fefdeb1f26471b17e75f8524a282777ffed39ffe78cc0ebe2cfc6d70
45fe77b436c49caf26bffddb9f4b34b394c2574126e418fff9fdbfffe978adec177ffb3fbe7dfbc5cbff39249fcbcb5a4a5effafd7bfffe3efe7cd7b
096a8901cccbf8c73fedb7e387fdfb7f3e46effef7cbeb7fbf9eff5c2ebf1dfffd7af6f02fbe7c5430eeb9515ffcede7bf9dff2de7af5f96f9ebe7cf
7eb15c2eafad7fb8dffe65ffe1f1c3fd32bf7e10cbaf5fd621ab3dc83cc8258b6ce3d35244f6415e9ac8edd72f9b7fbafffaa55693d7f16dab0ff23a
1b4d2abd2e93bc881ccd0e694e641dbdc8eac575f6e262b2cf2ebbe6d18b9e5791b31b4d5dbed20d75f97afbf54b2b1afdf53ec8ec5e1db3d4559db3
21f5ea56e700d5eefd3249d57c9f9d4caaf9de673792c86392feeda8b979ae8e3adb5555e765926af7a466f5eaecf3b7aaea9c7dae8f8f976599bf7d
d4bcacf459a56b9b1f3fa67d7477928bc87576d2a56996ae226937893ce7c7fa6d9e7dae59e4324bf5dbbcced222722c597b2a65c9d4e77c9da5aab9
d02bd55ce8d563ae963a07d84cce016a08eb5ceebe6a37acb73657f451f57a6727ad22b749eae3fb3ec92cf23ac926f23649b574bf4ff2313bf932f7
f7657dac522ed08f351d5d18d3b53551631063e5445e67af1f8765e5780f5a9faf63467abd884e977968abc871987ae9abe832da4aabcb2b74163d8f
4871f19c332df49880d95ad9d4f536abcf4524539cd5d9363b9b551b3ce2412d97b178636f889c13be3caa5a96515ab68bc8c9051e5b795dd6c9a9d4
ad654ec25af5311b3dbb748ee9c114d6655b2717d0c75b99fca589a42197ce4da2012ddbdc24457dde669ff3633696c9d77aaffa7a32b6416b4cd715
3a8b4ed0fe7d86565fd8b1bdebfb1bf577d577bb4f5a8bbddc4e6895dff97e70f07997bcf2fdff879b607c4c678b1abbcf69da5c177d2da6e1d26afa
987b78f17a1d0bb426fd58a135734782d61a4dae37684ddd31e67dd3911a74a75c53756c943fea5be705b8e8108d6331b7b14be75653e5e3be98bb5a
f334f6e9fc7a15396f36cdfa3a37666f5ae5f532b753f78f3922da31eb655e14cb6360ebe4c1630b8a9cd3d874fed6659f9b513d5beeb36ed5b51c93
dbfbe3937e6b94eb1cb436e70a2b68c9f43647ad495867535aa1753d66c7543a19c522b6b24e3eb17497ce53b1e8b7694c584fab8b67b79b6628cf41
162dde9acb64039bcb3be5fa79b9d071954f063926497358584d2d488939d49c969d15d0e715f1c2e464b74fa5314baaad2132789a7a66b9358bbd40
6b66fa6c2d772d4abf42ebfb9dde89ddac3b1cf8a2f6f739b3de4dc7c1546aae8e29be3d049a35c556d5d8d3c2545c44d2d987a43126720cbd2c9bc8
31f4f290ac06397e5c569393c53efdf6364b4d8e352de2b8e5724cb2893ce76f1f832cf30a2babc9d96e3139dbd5692cb076ad4f996328ba81ca52e6
c755649d6411d9e66f4df6f95b57b5cd8f5dd53e49975ee76f5dca785dd51cafeeaa32cf56d1ed34da98bf75297dd66cacb3cfda32659dbdd2fd5356
da7529edbaaa3993da2e25d1ae6a4eb46b927655d53c87256b448976b5fa89764dd2ae49da2d9f723794cc026ae34ca1ac6491f3425dbd177852e8d2
2bf351b1e8ce2bf378aceec53e198bc737df18aba779be3156aff6941f2c0a15aed7e6afe7f5bae8f62cf3765daa4b39c7e2ad8577850fc37c57ac3e
393c249a18609957f1525d3c195e754f60cc6280e58610a6e21b77803a76834348262bf32db1489829532e5daa4be71c78c96f730ebcf36ef0be6e1a
f9cd1d999753f51eb8cd0ba56a545360582437950366d334df93178d5f3f7a562f93758925d4c99b16b1843a39c4aa1353b907b549ea3c6dabb6799d
a76d5b57d3fc582dcd9b6e148b5ee9897651cddc7c6a7aeecf4567b756f698c9f98e1563ab750a7ce23775be1256b181f1689d7b6c1339bb5d5c3a25
7b31b65a4fc4e1475d6d32ab31618be81dfa31096dde934358d7f725be7f8ce39cecbb662dc879193dafa99b46b09570714e49a5e66c7a3e9e72737d
f3f5e48bf79c7c39af927dcfc99873d68a9eb0e2a5ab3eb8ad1e67839e0ce6e2fae7a2564b61e75cd5b43dd1f3699bc5f94f98aaa7f384ab66dd8de7
64ab792da6c752656fe733047bddb5e764b4cdc2fbb9c2ff35bf279cb76e2ebf731fbafdd1bfd474f79f93f9e6a7f1cd3771f27a9df3519c72f7f77d
8eb7ba7cb2d8f644cff9e84fbf9feff37e51ffe1c1c5eb3bb775dd3c5f735fe79e5d3ee62b2771f833cff9ba881b9c53d0ca5bf1f775fe7ef1f78dfd
a5fe4c41ac2edafce77c8bd7d5e39b8ff1dc3cdf93f1f7d9de275c1a67be31982afa9c9dd1913f4bc82a2a9f52dfd8bba657369f3a5b3293a5c19632
27b39a9e9ba37b3395b979175d3567999b65ab6e7f47c1a3c196b959cc96cfc2e696d07b96b998e6a567998bd9b27f3f9520174fde1443c7e26b3c53
0ead8ba4e2730aa2e9a9fd1a57bdcbe7e15fbada9b7cab9a079e53dbd1aafb57b7b9f87a529d7547bfe3f2eb9c5f1fbec9daf2d3e69fbc2db7a7fe4f
89af5ddc3e0283994f9bebd7dc7e9b7a9deefeb7a99c796a6fea0a72f5e16e733c9bfbd7d8acd5e593d948d735e829cd75ef9776657db439a7f2215b
f83ddb7d6e761f8ea98c18b4beeff3b0a56a7aae4fd27d7676f69f0f5b1fe3a9e5a2fecc8742ddbcffe643216d62f667af0858ea6f9fea285f9f679f
87affb70f56d32178f6f3e34ca73ff2633b79c7576f6df53fd27ea2ef577e33279a2e77eab9216cf2dcdf67cbeb679be36efc7a918494fcc7f6a4672
f27a6e5c0e9effa90c6965f1f7e880259e9ddb5cafbeb97c9eafeef9da26737eda2fdb1cdfc5fb653b29577d53ce6c178f6f5fb92c4d27d653edcd87
57ae92ffcf297a666969073d9963f17c4fe1335b7b754ee9b358e83877f883f7d73ef5c7abf9cf7ef026d2f8f6c9ff9ae77f6a8b5a9374755ed97fd2
e49d57fa2f45c339b543ad797f4e81b695cde595f6349e2bebf354ff3c4fd5ccfe8ae2d5eb3795e5b956fffe3ad7ffa9fddba425d89f53aa4d4ffce6
36cfcb667e30c5dcda3d3fb779fecb133dd7c3efc0738ac179aa463ee5729942f2e8ac7f0c737faa7c43b2d06090932f1eec549dd5e6c33805e3244d
faa061763eecf778e09a46a76d6639b5652d595299eab271f6d5bfa92e4bdb6333a50b1aa98720902e0b4a89072f1cf42c7e08e2e932e5a62e057b42
6b3b3e177d5e9f8c2283bc4da5eee364a565de248bbe5e11c51ffb28ad8967d4830f0d3a9e3edb839e7c737d1cbbb44eb632b8dc45f4a87cbb74d307
2a63b5368fdd7679b0b594a60ab53c6e9d946ea86e4dce4df3b8a307193c496481058bc4a051444e49feb1048344b8c92237d891c8c99d1e876d9053
b2699bab9e97c5a26e857d47a5777ae952c452358c25c16398b6825ad48f692bd02d3ec8b9111f9dcec7cf5f0083669f3d9676d0f3524dd534e7a0f9
fb3968293906bda1a7713997ca83e90dfa8a1051454f26bc5cd41f4c48eb63730c7a32a14bd6efd1d6485138682ebdc78a0d7a4ac8fdc124063dfbf3
fcfbc9246bd7f75342afdb2a1a89bb5f4ccf73defdfddcac79717b894bc6f33725e87a59351e2468e912075de89fe9f9fb2dabbe7c4739a5fee690e0
5d3fc6bb45bf9f4268929a7cd030ddaef197edf94537685e089bbf9f7ca82efe7ef2a15ed59f29c4a5e2f611da92c7d7b834bc7e53a82a17cf4f437f
b6a8bd467b178d6f0a3d5997e8a0275396ee6ed09c5eefaf299494d5f3d56fcf2fd4414f5ba714f3f94028d10b7ad0737f4ba733688448f7677297f1
00537fa65032b6bbfa3fb949be14ff3efa933ee112191f23e13655365555b96e3a0c3b964a1faea9ca4db2ef0cba60b9f5efe7646f59839d124493f5
72d061cc747df346addeac3b97d2c5ed1ff379beaabe2b128b0f13e66d3dfff3714322777bf3861ee55aacc94ddbd3e19f0c33758f77f2c4f11ad7f8
6e6c36f78f4b33372dc6bcd4c6735ceddf0b93aff6265f6c4f9bfd8e8495345f77247ccfc79d4b7b51fb7736b7fb8ba55c068f7c4c235296b16ed053
c2c8debc476133aa3fd3965e7a527fcf156663ba7218b439a7b17d8c5fedcf6b7630e747fde764cef9a2c3794e66db744de757758c0e1bea98b1595d
3ee7f3a2fe9f538336ea4ba24fd42d8ffe9f68d92fdafca873fa133dd5197913b33ea7b6386f2e9f6243ce9bda435fdc92cb77d6cf341ae387d09243
9d9193e8cc35a8fd17ea8645cc34d40dbaeb33ea86267df5a0efa81b4c1f7caff99ccc753073fd7e6a0caa4c94198d41955d2f8746a03e14ad83de60
561a4f613d9eea9bcc62f17af1e22f629ebca89b5e7c395ec05dfb9f17f0986fd3bca892dae745bbaca6791179fc93f98efea8fe296915a9b3322fd2
d23cdf3d5e6ca6b98cbdbf60d659973d2fcc71defdfd3ecf7b527f27f3cee5e2f23bea32f5a7c7fc8b8659279dd7781116aff764c64338f0f7f18250
fdf3855793bf87bf495d967921b5adea7b5e38a96a3ee07f39abfda9761f2f4eadff9425932f075e20cd97372f90d23c7f88844fe7119970f37adf70
d491b01142ffd23ec59e9e7901a4eacd76e7f9a69bf39cccb0146f963bcf2fdd9ce7647ec537db798fcd21fae0f928c9f13c62b3a8be03839d276f2a
f38b1c4bf2792e307f959f93996ebaecce93e7a527eb44f7abcbe73c7744f3d7c91e6c6945b25b45c766eca2e761922432e8b85c4c4f66bf3d986bb9
a0abee8fcd5b7822e5f5a9bca2ee50fb53b26c52c70c7a67b3b97c7a7b2d8ff91f34928fdb47577d7930b371ea17fa6b9af9796ca641c765aaf6a66e
3a3df57fba570dc1cfe553122e5dfd5979803c1e6983e630babfd34cd87458063d0f8fd415054f9d2275d998791c6616b53799ef60469affc97c535d
5d1eba5eb597e330a9ffc14cbbe61fe6f9d41eccb25d54df544f8ecb53e52de647e36b21b9a93f93395679740c7a328f5cd59f8efab4a8fdce4b63d1
7a75f68bf7db86ae7ed17cf1ce4ceecf86faa6ebfb297cb5d5eb8ff0a53777b95c793914955fe3b273f99c9fc5eda16e49c9dfc7fe52fba83b2eabe9
b95fe58d38e81de147f3810622257d7fe7bc7a7f216c5ddcdf296cf54b32bd23b9ab3f781dae5e4f84a3256b7da6c7cd78a9683cc754675d3c5f27ea
c9a4f6a7303476a57e7f067f7a942fbc64d343b81cf402734da279da6b3d970bc2d7e33228f883255de673e5b97c16d1313ffa7e9ed72cabfba0776c
538ffe854363d1795ea6ed7c5c26aa6f0a3f596e2383bec1dfd47f6c3397aef1e550179b4ebc6c8a68f87dd3f83297d9c5f5e1acd8d5de3cafe3e1f3
292f97f131967e4d3e4e944986a282db64be2c6e6c6ef62ce6b16474fdc99d9dcfdaecc57bb5bd68f2e761cfe971f99465da2ef2c583c73691fdfd34
aae6c59331adaa636dd51f6c1579f5ef61d6de0cf56786cb41a37becaeff0eb3d4782aba70d36de17bf5b77158bc3990cc2ede6c2d5e42fe3efaabf6
1a2fb5a2ef3b864231ab055dffe6cd3325adb678f374b43c4deb339fb9b9f9f7f3599b25e915dc0eab3ca6cbb2c30cc51c1674d9cdebb163a873fb3b
eb2566b4a01bee1eef95cdbf9a9ef3f9b47ebc14e5933de8cae1d5f737d6efa9fcca6676f96c5feab582a76236335bee51aef1dd4332547d93590d66
a672841be9facb8257f4537f1066a46e1d34cc7071f9bc5ce41b32e80de6a7fd328599e6cb6239eff8283fca712fb4e1bce0503804f9227aceaf5c08
0b1e85d5cc1497c27137babe1d49be893e107644a3766b0f97f141b35e0f3fc1829f60936f7e591146f4b21b34fbddf54dc378ae4fdfa306bc983e78
19683c29c6abfe269895ce3b0e80452fe3416308f7fc24843d8f2ff1f2f27c4ce125f9b2c763b0c9dd7abe8190fc555f8efeaabd57fea6fa33fb7d33
7de7fc6abe4aec67d55f58af45f35b1046b5dfd6a996cb5d97253e84256b7fad937f8dead5bf1a2f3bcd4f0d615be3c536fa543ef9d1102e5d7e47d8
56ffe74bb0c91bbaacf3e5d7368f67da12b3cc198346385f353fd396989feaebd8aec7f79f70b9ac3cf39a273f0c87623eeb7cd6d96b64d07851e866
5c61567aa6153c22b3d446058fc8210969f0d3b05665681a343771f5f75724577d4f6446d3615d3144556fa61b92ba98d37a8b67a426e716cc559303
336b3e2c3726ab6af1a76d27571f962979654b1e2bea7ff9b41522095259d4fe546be5aecb8de081b6793e78e9558f7f32bf5c24e9ac770c87eecff4
a52e5992cc7a843542f51d31bfaaef64f378b3ce97dd907cd49f330eafda9bccb03ef5ffe4b089f9ae27cc62338d63873667baf07214734c93f975a9
2906cd669730902ebc3c74d9a65073e9f24baf368624bae2f8611a470f31eb848da16a7ed2b49e551feeb422498bf9a7f9b24b72931df44e7b59346a
09bd6413cccdfb214d2f9ebc48d84853524c726c18f4f2ec4535e8841a73138d1ab5f9f72189abbf78e9c8103e685eba621e092f9dede2efefd88434
bea9262bf2581ff4cacb54bf278ac62fe504b3f4f94f0561ceeb395f8283396abda67068afb0411f5c3e6abf623cd3cb3fd5b0919846982d6aafb29f
3c7f0d9b98f74bc366e0f6e74b735c262ee77c6efe7d637fabbd1636267f7f72de55df54ab8d87bafa3f1d258a856b2c98e332d57c4c4787b655addf
e4875516d3927054b03096761c4574fed31e8e3cfafd7c8916a9154bc2105fbc1f506b5d7c1e3074ca0baf60e96c97acf50db5bee71b614da14e83e6
252d612d4d4d55a9deefa1c6d7632285e6cae39dfc6cfcfe932e973425b92109a9f1c9ccdaeac99ecccc2e84839e8bdbc45cd3c1e4b9f3331024351f
de031d9e24fd745cf152d0641c375c04fd3dcce8893eb9bcd43e9266767f4fd4429e8c139f7a6fde9367a02ea784dacce3cb5372ec5603e44b6cde26
3a22fa5c8e81538b91b12954bdfcf22524fd229a979d984b9e9265b35a2a4f669b65f02d79617cea7f0ec953974f5e983f319fbcc05ca456caf3193e
487dbf12af28e692d790b4d43f5c3417d7b76280d6e6ccd3e17d303b7d9fb83cb4be19e69b24f9e529490ec959fd99cff66649344f97cb519ffa834b
a56c6683263653975b9ecc3429a2a210acd7b2d45699976cf77ad5508b693ee3e5a9fd92a74d209b99e4c99c922fdfdcf03a74ffe74bb3c9e03d68d6
d3eb83d79a74ee83265c54976feefcbebafce0bc68bc1b5e975eff1d359dd76fc7a5589745dec320aefab05976cfef95104c31e37c65ff7a7dafd80c
75b9676c94be7cf38d185531ebcccbb3fbf7b7380f6a1f9d7dd1e596e127f2661974ccaf7e7fe022ecf1cef39e9ad7efe07cb8bd799e9b5cfb078d97
a8ce5399e7b5299c67d0785d69ff165e7e16b6889bc95663112993e5605e8842199b4af4ca79d2cba4a4504317d15318ea92f40b2ec5496aba82dac9
6ab732d54cc5fca18417aedb9f977f92cd79d05333b2babf256ce48ff92895f5d6792a0d35b084eb82dab6e8722b5ca6d9fd65bf5ab82fbc6452537d
1de1a6f97bbc58cba7c4a99482014ae151830e494983e7a6eeba39cb7441ec7e269769a04a0a4c2b84a38cdfab3e5e2a49cfbab287378d266f1e962c
97d541c761717d070652f58797892513423f86fca3720cec9b0e67b9633390645150a35caae9b061e8f7f3322df2a71f74e8e4b59827315e5e8c29d9
57393814223c9a5c48078d0e58cca02e78b55d4c870efc319f846d14cf678da072493235d11f493e75aa194677541f9269d3cb86e08c315ed55ff147
d7786a237e419bb3b2d936d353f22a72491f34066e5dc675e765a9975abd86fb99dabb6220d6e55891acacf6a904e45e74b8ea1def2931fb7a27204d
ccb3def15671ffee3023093bf508c957e39bc248924bfca051c349ed59cfb8bc1ee369788b29706bd08c47974bbbc4cbcfdf73d98b59b74b18e81fed
3774f072b11b74e8bc5d0ef3d07e6ed3fb2bcbc57fd03f8b07296dc55bcddfafc48fe87cb4443c4436cd4b54fbb345bc845e060d6801cf47cba126d1
f8e3a5a4cba1f152920bf9a00f5eeefafdabc381da2fa819751e5b4538d07ab48ab02a9b4cc3453fbbfd1a21079abfa9b6cebe3cda7ce9a4eaf1b510
76555f0b9ba0d60717755f866daa81b285cd86cbb8f74bdbe2b256fd3b361aafff74784a7e49365ca815583f787dbc84d4df574d8aeae325f2d4df1b
21071797cfcbe469beb0695badd58e104e343e846f0b8fedc4802fe1b74d079de6c744e33cf8f268272f1ff1b776c22f75fefa8597fad8cf9f70b9f4
0b06e8ec1f63f014b3ebc12c75383a87ab3c9573796833755c319bd4147d1aa4c789d1f72b3a6fd73775bc55181c836e30337fbfb3795d8e0bab16ab
1359ba69b3f744fd5adc3e99717deaef9434c66156ff12cc45cfc48ea4dcdd3eae931731973e258d5424b975d410c5e5a8196c83e8a819d6669acd2c
49b113afe3c3d2914c92e783f81a79074fa7492e4bf56f1ecee6cbb447fc8924a7de78364bedd3916c6c03e80d57551ddedec3c1c3f4bc5c7c987ac7
c62049a86fbc047419f62d0cd0da0fd31bb16ec9e5c47368b3f78847d0cbaa4f6124275d8e7d0f4950ed4fc9bcd806d7af213c68fdaff82527d30736
09d137f6c7aaf9c1f9fa2261a8e3822fd7ce417379793eb9fc14fc38689887e7ef4efc9624e93ed5a6f969bfdcc3a6e9fa503bbaffa845add6eb076a
1b49defd88cb55e33f704df5e19f2ffdaaf8e8d2b10959c7df91fc15bc3768c2a9bd3f4378d2e5b55dc215f851dfb6a0861533da50632ad871d03840
4832df426da9f9da16848bcdf40d1b9ebe5fb1216afeb795f323616f5b7130d0fedd267f6839b91cef37f1832d1c4cb2cb0fbc251fe3dde0170a9918
34c1847a596dbc44fc12d872084ffa3e2e63cf5746389030b6655cc325fc6d5cc6dbe6f2f046d3fccecbb9091d65d0bcbc75d96c258441fd1e87166b
8ab6c96f9ad5861bfcc52fb12dd496e2375b0d4d8fbe9f36ee6afebc71b967cfe7144eebb4617dc2e5b255244b5d2e5b058d409b6f23184fc1d6656b
e1c7aec609ae13aacda03b87d9e57736b3360f92c3a6c3b3759845374db09e37578fc8622d2eccec2266b76d6c66bd0cb68dc5d6e1da366c2062fe1b
aed3c98b0773b39a61c33bc76ab1ed8a8d462f916d32af666fa8ed1a97a7269f3812b95a0f9ae022d7770b039ec67b8b4861cdcf3dd42ca643ada3fe
c1cc727379465256ffeed4efcdcecbcd3af46dbedc9299ef8601dc6a9b6d86e2271b18b703b58c24a36daa39dbe589e625ebfd835aa3ba7dd4909b0f
6fb8324badb19d04474af8d8f1d659c57c760cde7ed9ee207c58edb287a42fe6b32f0803122e76d41cf6bedbf1ded9b47f7722c3050133e882dac134
066c8d674fa19356396a3f4519953de30d2466b96784b3669acb59c2cccee1efda7f3b87ddc2d85e438da9f6c28143fb6bdfb0898859ec043b2aaea9
ec3b3a75f70f9ba51d08f65b48f29abf1bfb49c2cd1e3a7d31977d3a583433e31d3558959a650745aebabe0335b2849feb2582a78be88dfde372203e
74f95f2fa1c9108d0d4eaefce58acd4ca80ae53a5f66c59a862bde89ddedf3b25224ffa0513beb257c2dbca4b4ffae0507a3a7df73f9e8bc5d0b6a59
edcf6bc186b7faf75cfe4ff5ddd10ca8ff051bab5efad71a6a31d51f2f3b8f17d7f0eafa26b32fb6695e098e1612c4a0e7fa14cf270e49cbeaf200d4
331d0e516aaf8537da633daf1de1bc7e4ab0e4f8b86193d0e4e22d509ae979f3761d862b413d02ce19f48dc3a2c59a7ee1c9ccea8a81ec22c9f13abd
995af6646ea186d1646de11aebef0912f362cdcba25ac77c2592d836892b876bf1e21049ec67f19567ac6015060db3f6e47118edcd729d9751b581eb
8a414e386b83bec1ec5d8e642249f17ae5b268a679664b0d710d359298e1f50ac4d1c5dfc3ecbd7988d46dd9dfc3ac3c9ee9f73e95690ffa16cf64fd
7e3293c10c5c1ecf78b5770bc954eb87646f1bd095cbd26ad22b714236105e27f3199b57f5cfcb323fad0fc1b0d587e51e3631d3f18cf7f7bc24a4f6
b8e200619dff35d49ade5f07067ccf1f36c4e4df1f048d89f95e5f5d5d353f9339161bb8af47b4aff16133b01ae23a9967f1cbfbfafab2707b30478f
e7c081c3e7879786d52a575ceb2da95f4f82f4dcdff367b0268386b96abfde80f5b24de0865acf6a9a1b360881570d1a6f46b5774313b16e2ec78695
5c8e4daa9a464d26e67cc3a62124cd41879a57e501ffa5f5be7159584d74e3a59374d9dfd06c08c575d0210ceaf7d84014c43a68822a75de6f09cd8a
e6ef96f0be94707bc3dbac3dd10823dd34de779e9f57870eb5170e1d5253dd081a1512c9a0e7f9b53070cb010b631a61c8e3cf1167a3f167340bf23e
bda129b19af4c6e5679bcb8db8251bf86f35bcf5341ebc734b351d6a7fcd67050941c2c4ad62134fa6e7f8c7003fe572b9b5c09853e5e0e9d9bbebb6
05a68ecab7b80935793b3a556f066016041333682e23ff7e0fc959937305d34837f90db547d333f2760d35832603d7575f2e3798ad307906bda35357
fbf36551ed4d74c380593cd9770cd2ee3f3acc24e67d3b60e6de4c67c401a9bf67e8cc351f48e666b6375c51cd7cee17bc83f412bb73386d60bb4710
a1fa775f78b93cd119b553128d6b70364dd0a3fa7f5f702594e47a5fa37df5270cfa5a9f3bae990ad21b34eb2583e67d4a7e3969f3df2b6a0f5d9e77
5ec23ebcf71a362dd13d2ea32efacafc89de703596647b0fd769d70f4c88603c064d1c93f6d3fd8ab7952e97fbeb7e307d430da4faafc0968819df6f
11a7a3fac37bd0eddf99efd5f41d358de693380ddb0cefb83e57afc711587c9a0f0cde767dbf1fc0201597e3daaecbfe7e441c92e6eb60bdbc3ebc1c
2f9e9f9320d7667ae525aadf9fd818c57cefec6f0b4b7774f4d5ed87daeca9fe88407f941fc491090aa31caf36ac453497e5e2f278f93ee62f100b1c
7776c4e5a397020804e325651aef2549f2c74210b6cec7c14bd4aeb4076a33bfcc402c18c7e5b1fe070e2cc5fd21e8d66a23100ca64fa0681c3c24bc
1c096f43ed97031b976d92076ab5a6f3088241b30de840cd669bd841e8876d324781f957d3b33df3ab63aad1b3d56e470db387dac701c06ad7a3fd0c
13ad8040d0ec4d798466aa9a6e5c5e9f64d03f7816d93be16818a0a5633ea6f74cb39f367006d937ed01469383828e8eab687739067c0fae1354a4cd
1b7003667e072f171ba88ff932494208187448c66a6f8fcbc074307b6d3e30876c43012120d915f915114087f3b886f787da27ae2379735e83796b31
60667ef61f5c66569b1ca81d92248923bc6d24691d11e7a197402004646fc67bb8baaa3e825e85405d4000c842641d349266f3efaf4836fe3e5c3fd5
1e41ae17497a0792be6d542000245f5ec794c4b31d140e5c9f6da320c27f2ca7e66332a731bffe9ef5f4613971d5d6663e43f2d6cb0b80c6ecfe10f1
df2c494504bfa08a0b11fb45c03d83c6db512f1d0018abe39cce255e66fe9efddb5c1f7028c5bf47ada7f50580b136d7bf1234abc37b9203c02f7f00
14b322e20b0088c5eb7526ce83e617c4806466076240f3fc45c47fd6cb1040c1e4f3084660b6811d0480eccb024cbfac08ff02a65f6b12ce88f06f9b
d69788feeab83830f69a0df260e64d4b8b6834235e5fd43ab68904865e69a623cec9743890b87ebc49755e410818fb57dfa306bae8b23b5b306bf5bf
815820b52c9876ad787c20042cba1c02c3ce716681612764f372869a48fc050cba214c683df0aeb2f0138800c20c1c747853aabf780f26cf4704dd7a
bfa0165d25ec82119793f71faed376780233ae581805f3adda3b0d8cb76c35e4391f0bc5de8c60b435bfac03a3edd23ec9a07f22f9556fde3d9e81aa
8c9783bd8b0054cbabd40401a0669bcb490291cd8b8db7c4d3e1c3dbcb416fe72dbc1134d88057912478e277ad88ff0262407dda2c30c7e4c33b25b9
7177a83ee23c164f2e2f892e35cf49c4ae0009c7aa036ff17899d488b817b3a91171af88e24a44fd908cb368b092aae8355ca74d0347f378a90c9a88
e8c7b3bb12315f1414578998afcff585c3c1261abffd55fd25223737d5076ab5e0496a44c8b78bfa9f59af8bda2b78576d2a2f01ffa3fa4b18f8d53e
f022c2a21a34584e0fe63a167ae570a9bc1234b869fcf359de25c95622e89b24c341874ed8f5a1e6689a8f4a1061d5fa01e8b978be2aaeae9bc65fe3
32123d9953579c468d08fbad6bbc3dd45e2e0f574f97132499347f1b0e1649f5a3f6955a68d078bf15d371f96b7cc44d084ea75ec23b69d5fc4c356e
53dc49253f515b5ddf0e16daa2f5412dabb88d4a447fd14ba012d13fceb3e6ef1ade886a1fb811bdc42ab98692d49c95fc415968b93512082d5e6fd4
aa6dd1f87098781a0f0e12ddeb7dc706554ca376bee8f7775c837d7e0201c4eb1b08209be607efa9e4f5e4252735dca0019ccd2e474d7f7139fbbbaa
7dd490f9e9f7f01bad3711fe4597657d8de857ff1734151226064d86a5879a75d08c6fd3ef7198684f7444f4eb7bf0fc65b3ab2002a4b2885e79f93e
5e1ee34d1e41c39b68e07336d301f7544483e6acf55912de819f6473a9911269756500d1097ea2020f9005bc5609ffaf522b5422fcabd45095bc4849
92728dc4483999e6a6163389d448f2c31e3411e3d534d9aeb4b99712ae995acc1a6a0bd58f414c6ab90aa664caae2f922de93220e23f097ea612d15f
bdd989d8cf3280d68520afd5e36d6c1e6f96162f1bd5dfe2b0a97eb0946443986f1e9883eaefb8ae5e5c8e8170d37cf5f0be527ba82db3d76fc3e0ed
f66076ab37ef469c8afbb7854155f3b9857788eadfc33b45f307f3922bf9a081bf58d55f5ccba5c6aa4b60c73dd1082fdefc57245f31fb4000d816d3
3baeaf6aff1aaeaf1a2f41b44a5a3568e064ba7e1f2f45af170e154997db12f89ad5df879a49f51f81be2b9ab80b398c5422f8f3d379408d24e0c11a
11fdcdeb81b7d6a59b9ef3f3741ece602e8ffa23a25fde3f9588fdac0c0495887d43b75722f6b3722d55d2fe14050d0e3abcc15c3f2f6d9d8f7589bc
1ea661d6ba3cd605ec2aed8f35825cb3e9b06974d1f3a52c35565d096a2deedf1a19f88a686c525a2f22fcc7e5abfe8302abd0814a3ea02c1b570501
c0d0f5838ef3abf6b099c84652571c008a98f59a89f3d1e547847f91f7672527d0a85fe3c11b4cd98b2a11ff86caaf11e12f1b765d2388b5ab3fa0bd
fb3259c3814a97c1da506b4a785801ca5cdc9f16ed6bbe30c0cbc1a312a15f14f7340e2a660ef7af077f50fba07b57cf0f2f2f0bbb04dd4f9fc14fb9
5c88c82fc98d85c15dcc6fdd42e7aac9d830007a72a6e4d564a0ac44d88f67a67e7f65b13c39d75083a9b37863c9fba1925aaf08ca7bd0c053f870a1
665abc5848425dcc73bde13d24661b11f9d99b8197d2f644073c83fa7bc36027e6b9a29612706025823f15497eeb1db550320d5062f2f7015ca9fef1
f25abc7844f86f8bbfc76141cc2c22fccd5cc90f98a5d3ad6b188cc5bcd6031b82371f0664a52ea86b1890c5fc56e04e7cd912e19f36cf2fc095cdcc
e2c4c0d84cc77c3dda4f81cda4f1a508627ba821269e2c3632d1914744c24c5ab9dcc52c8898af9b2e8b94c28143ed815d26078a4147c47a151daea4
2a27e25d41a183462d22e12911d426d7d59a482da1540fd3e99efdacdf5774d0daef11816e612d552e43edef848e7bd3654444795b9eca71d5d5e59f
1a7160daff4498170559d684b76511334de190f354be31bf1a4f0fef50b58f9ac5eb9d366c4a3acf44a827a939077de5e5acf257b58aea9b6a9526ef
b641134723664dc47a6d9eef9dfdb5f9f7382ce8324ca86114c734e848ea29fa06424857fff1765316ca0ab077925aaf82c69d7d19071c77f3fc82c0
e1f39a88b3ea9ebf7b980934dfaf2f25f587a0d0eafe4650a8cbcff0c6537b67c029a9bd93b8b7874dbbe61006749e22e8ba6bfc993c3b021a9d4ed4
f017d308239a9f8cebb7b278d6bc025cebf215fe226127af08f75adf9c40bfbf7cd2cb8588e9a620c39a71adab9224f3f43668abcbc1f2aa4f3487bf
a833b8b259ed920952529cca5488ccce664d5e5c6e9264f286eba9ebdb021e66118d378a0e5f44344b873d6892e248b2cf2149eb66ce7bbc844c1f6c
66fd9e3c0d564be42b497974f8f31503b4c703eaf245924b8ebc0792bc336a40b9ca0e1a3f741dee7ce3a5a7cb3447aa02b747aa02e9c86bc6c02cd7
df4123b9ada6031b48edddd1c1bb7f47385068f38537d5661ab8988beac3b5546acb41f33293a49423cec2df4744b5fb8781b84bf289086b4bc69920
54c52d54721a665fb61181ada0c81a39001507505f13f969fd49dd97e54a3e68d48862e6a4e71bfd517d1c26a58ea81191bdb93f04a916311792f025
b92e57b2f00d66a6faa77752125c462de18df4b0295622b8b32fdbf29a4c59dfe36d246fc041a3f3d6792b781329027cd0c4c93497c37cb45f0a7112
025eac447c5761e10dba71b9aaffe43952dea271d011a6749997c85b24354fa9bcdca4a62a355eaaaa8fd0067957cef04fc6a7ef1b36305d4685382d
c13f0d3af23af9f77179ba9c2043970369efcba6f43050abfe4e10b65e4211916eb561e961e3d1f80241416ab7b26130f77c86cdc3eb49e883858f12
a8c8de0f5be48374fd38bce8fc9340b158582efbcf927e0d1a7ee2f9db637e541f080ee6b704a58f97b2dadf01eef4f9b8e28aaf97279911b3805a2b
a9119d64ac921ab1cc20f04fb85c4a78cb5c34793726cf87eb16d854eacc2dfcd035981b3a6831373218d62e354981195a0759702d5552ae5aa6ced4
19d12a11f2f9e2c31390f13e0ca829566f7ee230b6e2efc12edb5c3f6a81ecdf1341ad97453923284efd0bc9429240017b6bf1e29e91df41ed9da123
7f6c2622f493803a071dd8515d742cd62a1a1db324857a011559cc8e248eb915d3276a08b5871ac3976fe525a0b881418342accd014240c95203d4a9
d3ed565b90f7b1c8bbab92f8b128ee6502dd603055fb6ba0a8ba7caeafd5263522ca75d956bc738ac70b2281f2a9d48a4e587113838e7c14aa0f3548
77fba841968bcb77faaff1052ab35ea2159b946d4a64aa2ccdf51187629b4b8dfc23ddbfc726e7fe933fc43afa5a88f04ea68923d24bb31680343dbf
25e657e3ade12aad726c50166e2a11ec82d0af64cb1cfbc7bf0f5775b517c2a0f76300b97abd50c35898228366f2cbafb6c808a9f180222d07804103
44e9f50a6c2ff717e056395c0c1a3828095b15b5cca6f35af12634bfa940e66f3e3f1d35aefb8f9af8a2cbae463e135d0615358e8270078d9a539749
25695ad7e554b7105e5c5fc0fda8ff782f9a19575e668bf8670de62efe5703525f6af30a8a75f1fa139ae0971b0817ad3c7d4f0a0ef1bf0af6d8d37a
4e35f1e0476a3f1234e972a8840e28087ed0bc64bc5ec431290eadd6f086347f210588e202078d37e8988f4fb85cea3d5034d5b9033590987125bfed
d3613dc37b428d9f4822d2d956b0bc2e3270d5c9ac93d52835f2839819106467831bf01cd56a1ae039aa0d76153882e7fac206e1725040b5d9da8597
971627e03d14c45981f370face896a8524eaf2c877619a140362b60d669d349eb6840384ea0b145a31d7b604bc837f1f2f95c7f8db4ad0a50e6f8359
cb3baa02ffe1f4a2838e20ba261a6f141dd646e6eccb131d10e56a7f25025eccbdc1cc2df9b660e6fe7d0411ba7dbc99fcac265d6fb3daa7e508ca34
1dc9b5545f782f4938693932326a3c25e284f4fb12f0309b6824538f07c95caeb28306ebadb81c6f47f707e66ec9b6e18de4c3dbf0eb7f1a4fc08d2c
a6176c50fa3eb0cbbcff5aa881355fa8c17c59b7507b89f93524714bbe0d545bdb345b7863ea7cb4404c103303be249b79b71e6a3ef50749dc6a62e0
4dc6fc683db6007e75390e029e4f3409cdfb79432dabcbb991af44f041e32e01e856975dbb06d69dda2345c0e6f15e434decef23a3aafa0ff3bce825
db5073f9726a1157257ed6ee61e3d1f7917450c2602328d99761bb875a4de3c5fb32797ee1977ee936b01437d9101b6a6a05490f1a6c44efbfc93ff3
e2f37ac679537f4829629bd82b7c8bcf03715016761b6a353b64b4335cadfd7bf2b1e8f2e94b38f814d100e1ea72e98436d826d4e15fcaef547b00c1
b64f49673c3e46e7baf9c7e1caaaca5113ac62de3d85eb7216bdf16c53e712cf626d9e9ec2a0a5fa721c4ed3bc1c7459f41c0643b547663be5f31834
928524b50ec4bff235d41e711862c601cf9274b83accc8cc12b8962c48f8da2b87433ad7de02fe46e3055535bb7c1ae473f678714d94ebeda0395c4d
f5a3f693dffda0f1ce9124d4e7611e97f1263a2e1ff59f67b422cc6bdf49de2349ba2349594dd671c516b6580db815bf0c3aa8acabfbb7876badbebf
22a9793cd788bbd1fc129754bc1eb8725f9e68bc8dbc792348d3f3778b14061acf2b6ab5bf071bcb9b1d14ebe6f9b9939f67335d70c8d07c62e3b2f7
50c0b13ced1774ea8bd703576dc53d0dc19820341fc68320441fd623bca75c0e7c8f24f57e864d53f59f6103d17870cd56dccc4c1ccd7a2ea279b95f
4c874dad880eb5ee63beb625d65fdfc74b5297cd065c52f7f709545e095f1b711ac9ede5b0393cfabfc5652e7e117024f2eeac0147a24c8b153892a4
940983063143f31ff024ca403b68840dbd94802bc98a6b1a74008faafe1a2f23f51f871cc1b3d4401cb19a1cc491a9bc128dc15bfc616b91cf46e347
18509c5c0581a499796f8d645b1e1fa1151616b62d5ebeeacf864d43fc2410437c996ea1e692b0b9edf132d3efafa8dd259c04628835491b080c4ac7
5cb7408d77fd243fdcb45fb75b2092a8be1b0e48e2efdbabcd59f3c77e9f0e239f70b900e7918a27eb0cd4620de60ce6661aef0f19ac7682a604993d
6880ee749881ebc842311e74a4277639712dfe3d41523648ee609399f901df516de0da49be23a0b94107dc83ca1311cf3abc7b02cb4a87639f976351
72ac41a3a6925a62e772b403c03ebde79292550d9a38171dde3d63f014f3dd813c17eaeaa0139b59e3076b4c10f583065bcbed030f619de95ee3b2d4
ef5173588db9e30d2248ee41f372f4fc23e99a39ed64def366db3b92bd98f38eda4041b583c6db4f92fa0ee2815f1efb1e41681a2f978f72950f3a50
9735be5bf8edabfc864381d723d259eb72db492e651bcc7e0f66a2dfe34a6a66b323c9f972bb1237636fb12bf95036093fc08d540157d62baee849fb
05f891acf4dcf54a826cebc4af91bc4dfdbbae81baadfa0022150aeda0010aeca601f21473bce2faa9b8ab7acd681274feaee42b696e9fa057c5ed0c
9afc4a622ec09f8ce16bbcbcdcbc9e5780256d30be8265679b0ff024f37d2d3ad232fb7b840539505cb1c908a160d0a89925ac5e5ba494d0f8884b31
b3039e24f9657205b55af961060d7c8a98f11507073bb85c7b00d9aa7f00b32a93680d04127b475df1ce14e47d0541a43c8d1787a6e2f5206e44d88c
f51a9973b57faf61e3f07ae20a6eef4e1039f2eafd740d6f5cb577254e503698eb95f5153f0491a32a8d77bd826aad20cafa8ab0e1fac3c1c1f58577
e4ea72d4807a495d79195a78026123cf34cf9f70b904fc46f2e6017e6371e7c0ef6f1e2c7124ca575203de42c091f5154e429b23e01fccfc6f91b951
92e28dcba669f26f18640524586f096f08319f1bc9859413ba02f750957fa402d730f3413ee88890d5e1bba173b7f7c98d979282be6ac02d5c74186f
780b09a5b5de22ce4392ca0d8368d5e5712be1daaafe95909c4c93235c6a805bc12f5d9231700dd506c71baed24a9e35e8b001a93d5e5a17797fdd5a
c4d5e8f72d92b1a97e929bd9d5fad670281073b801296f35daad856ba4e633d2ceea70dc30a02a73e7a0518bea65719b2fb96a03e2ad07f694cb012a
7daa0fd74c1d9e5b47ada5c31c8811f616ba05d696f6eb0d35cfeaf9982fc36c03fc8d646adde3250e254932bc45d09974deb72d6c042ec71b526a1a
1028b25d9d6f489a76ddbf05dc8f0e6f204ad8667803be4769ac074ddc84d448370ca836d0deaebcdcbc5f02dbcef309fc8fd2e4d65b301b5dceb75b
043dba3c5e1e6a2f324f167f8fda75737904716a3df196545cdca0e3e5aaf9221f888062070d3c89fb738437a97e8f83896d5037f217590d7bc3e164
313fc0e6fac44f8eb079693ef0967c1aff110e0faaef35858769f6afcefb1db5b82fdb3b2935acd60441a3d84102848c715916d121bc76d173bfd821
e3be6033d1e5745f019edd4c73d948380c440d6b52ee6bc4053dc67f4778f1f8eea404f0f9bea7487e5745f312d17eba0397e397f03dc1ef37ff3e50
cc3fc9e672c75b2c7bb001bca7c5bd63b0b49ff41de66957b57b09ef0a358e64a334af838ea043fd9e085dc1550c3a22d2355904c1f930dec3ef5b97
c31def12056d0e3a9eadfa7d0be6a4fe830adcbcf8e8b0edd77e7f0d9ad3646350acde3ce1dae9fe22e9081872d018b8c4fcef04d5093b68d007875d
ed61602cde4c60af6d5e4c74de0e92ba23f9743ddbef483edd9b8b2057c701dc6f7199aabe78093497871a4ebf472da508ef416330aea671c01073b9
23e958d2bbdf7030f0fadd813b91647a470db5fa7085ab7576f9ce4bd6e56173d078c3bbcdfbe1083588f6dbc1eff552060ea53e1dde700515f3000e
a5d8f534e04f843a3d68f6835e16017ff234ff9189d2878d203b210c0c9a380f5de67782ec8445558f48b1a09774c099f8257d1024671d37f026c971
17472002a8bd63255f87d6e758c3b57b13cdcb51c2ddb186abbcbf07914297e1b1e24db6f9f738f0683c47a4b54eae0f0799cd3428ca1e6f4252d7f9
3d122f7f19c08157a956a31ee17de7fef1b213c2c1a0411ca8ae3fd4ee5d34c29b5ef6478eb4e855343644edef23871940e38d9402ee5f216e4692fb
5102fe45ed15bc47bd9ef0430bb347c1e621e121e05aac293840305072b741137a20fe75a0c6f3e57f00a7a4ccbb15f8966a35dd11c0c2ee5fc3c145
c2db110e0fe29f07c0bff6ce040125db55f920a5cae6fdb7f192299fe42d7680d5e467dab1076aa63ab70349af9b0ef894aacc6883c6202ae6725c79
1948f2053ea50a086ed0b8167bf3a316b141ef88b4b817d3918657bf0fef06f7874c6bd9870bc94a90fc8326ce41ccf520225899032b702ad506b423
5c7b25391c473808683ef0267344fc01b371d0da01d652f3e1428d68493de04d84153468e056b49827290eac1603de245b6d09bc49527e930a9c49d9
9e68e208c41ccec97c72757d6ba449d5f7afaebb5d34974777f90dc95df50157e2389f3385b78cea873908e579d0a831a5a6397939fa657916bc13c5
ac4e5069cdec038ec40e22276a441fce1314dafaf4fbf0d651ff4a64faf4f77867b9fd4010909ae0c45b4b290f2a702359a8bb83063e43fb07f89164
e1e4c41baa687f002f928d3870361c42bc1ec029f9e50bbc48b101f9eca176527bbcec8c187192f6ba7bbd7a447cabbfc14cdc3e363ebbba021f9284
125c4f1000aabfdfc3155cfd2588d6c219881ee3f256ff775c6ba5163be10755ccfcc4807ff17ec6d575f57ce1fdb44a983b8963b1b072de22599cc6
7f0bd763f50f1b83b0f2068d2641de75272f2b3b6c9c91efc9edddc3e6a8f90001c0a10c2728d0be5ccf23f885c67784f0acf181fda6940483e63c79
ffc15f9ecacf0882d67a9e1104fa5a5fbbc03fe43d386820f71f97eba0710d5f5c1e2ff1223a80479b68f8cb839fb70bd86e0afa1c74a13f8be8082d
f9149bcbf818bcff07331e3497c7e2ca41156eea2c990f7375637133fbf771d968306ba0009b0eef274d16de4f8a686fc099d48b7f1ff91592268338
81b4693272a0ceea7bf221c8e03b68986155ff4a6031a93d100064606cc0930ce6aaf12149742f066aa72debfbd009affabe45722cd54f9a5519e01a
f022e9a97e2260937f1f2f9d4df416065ad51711f6fe1e9468e9ac1bf022499276bb60f05732ac065c485184f4a05123783c012ceafa222ec8eb01f3
681e0f36954b310d969bc7770d5764fd1e359020e0db85a0d7ecef6f2433bb68be716dbf78ffdd03eb4b8789b4d2c98783140272d56d9748aed4543f
41a3b56b3f9cd8f8dc3f801915e7314d9b73bd55ff7289a03e9707b350f912c9979a681c06aacbc375f4d1dec24b4306fd410377e4f2c857f478d94c
3c5fc6237ada5cc67c2da2091a7e30ef0662467bfafd2b4246178d1a4fe763c13b4f6a934187ebaeea07ee4741bc83be6153cca2716870fd15b5a4eb
7b75add6efc3b5bab99cfde3f1e04a2d1bf0a009b2de5c8e642ffe02224611f0e5783306cab669d43ee277206054a1500f9a9745d778387f42286820
5e54a9e5da03e142f56f814aaefeec047d7b3cf37c55e5c369cb1561d3f5a1e6141c4d5b228ecefb11382d05bd36102872127f028122cbdb75d081c2
2d1a6f3a099783064875d1ef23087cd3fee13296b7e4a0833f7f8ab7585b882351be93b644d05c55e70f7228eba65c48432cf8894147a634d10144d8
d59933b069541f37f1eacd4e9c8874bc0db88ba667e4742ae6267dd4073c45f664aca1c314330c380901330e1a6f886e3a98bd7e9fe299a8f6d059ae
daac6b0009ea70002f5164f31834de34d534e3d7615df1c6519055038ea20a28ae05fc845c65078d2b6d7139416eba4c027e422fb5414784f96373af
6081098ea2012f312419d3606589b9ae48faab249d151b91e24a06cd3358cc72ade140a1f602c25b8761ad782769bfac3087eef161c04d9e2fd49652
330e9a08e7a4fa3bf3d34d2fa84d35fe1d03e3a2dfef30dba2f106fc8c84999597b68597f516f3afefa7249ca4561974bc54b5feb74836a5efef48b6
5e9f3b711e5e5fd480d5fb31520248f85981ec2f5eaf33bcf9b49fcf50ebaabfb8e2fbb25fcf480bfea82f5d42527ff43705aab02eeb14aef0dabf89
886d25a31a342f21ff1e1b80e05c068d5a58fb27057ccbc3bba881b090bbeb434da534e983c6fb54eb9d32713d1256524652d66593c2155dcc3fe120
73f1eff146dbfcfb1afb5ddf038cb9e9724c2d2e4ff5aff172d5f94c788be9253768d4e2e25781a0b04a780441a1c94166668a4258537bd3c6382e3f
8d071ba3cf37080a55717f83266548d2787a08ef6a8f97a7928535101592f2adcc9c9b9c67d50790a592950d3a6c4e1a2fdea449c20f880875f1fc85
37a984d34450f9bccc3fe17249afc0751a0c40940a126ac02be4eece71f8b227879bb27b716f78377873bd1a004d23597ab16eb8f68ab903bf305648
df93b94faea4838e380ad34882923412696ebb37ff113a75d54f663fb9e60e1a6f0a2f0e976bf3e4f2cc6d4ff5e15da49b1db8872c355d03be21cbbb
67d07118555f78df49b249276a3b5dd69967af74aaf3c1cce6c9a2d9fc6a2ff30c969a6ed0210cb83e2286353f79099b98e900fa7c8c2f132459b5d9
f21a3614b5875a4dc9e4263004ccd5bfaf6c66f5670d87844534de519beb238ee8e2df63c35afc7bd450d9ed912f48cc3ebf4af6ea6fe2e529669189
d3b9787e3170ca9b6efa0d217ca87e5ced05c1de7204652eae2f82581ffb33e33022c48641c7e5abef3358521e1f90eb59cc2313a4b97a3e70e5f5e5
99494e2583f8cc098bdac73406dda7ef43f3a0f67959280e67d0bc2cbacb91b4250983c891e53d39e8c01ad478511bcaa6346832797afe700d7e5a8f
1ae7c7f45c7fd9081b081f59c9e8869881b7a2e7e7d56144e59df5f5fac3ac150a30685e6ecdbf474d2ae135c36ca5f61b74bce4341f208074efdf8d
a052f77f0fb5bfeadbc30149f3b38766c2e5e16da9fa80b7910d64d0210ceb7be280cc6f410829e589e6252161295f23d3a7e687a0785f1619070f79
ebb68c4dd59a8f578410af37de61b209371040aabc1d1b0820e3fc7dd2cb057890261df0a023284a74e81ccddc0292dd933d9977b35a06b8906ab542
3ef0d3d665928160cfda2c2520d6c5fc81fb487eb69585c514732b4ba4a54da2019ed46415d410d2990e3a0caa2e0fc87fd5bf069cc5263a507ff5fd
0afc87249db206c4bebfc7fbc5ed057394e45e02784f2fc1924267abef13f01a5afc92402dd64b00b8912caca0167023cae73068824c3d3faf39d0d5
7fd486c2e26ac0835461a135e041aa6c3213250e6f2bd54f1cd0e6df97b8acfc3daec09bbf27cdb1e7a780dda6c3059cc81036544e7222f9e937e044
bafcfa070d73d77e2a0137a4cbb120890a58b0011fd2bad703efb8556a42e043b20cd6830e887a971374e8f6a6e4991494d9800ba9c29a1a34067ced
ef420ef6baf8f73828aca6436dacf6c98f249dfba0610efe3dccaa783f921f69f37979c5eed37801022d1edf141e9332110e1a616af3f7385ce83207
eea3ca95b501f7911587d540f4a882fc1f74c499a9fc55f8d478228ea9b81cac3931c31228e8de1fa869bae7f31e0e28eacf1d4409b787c34872fd08
a3d5fb132c303924b4720074bbaa7d821a57efbf9372cfe719edfb7b92b3495828008fca263c7636c2cec534f037e25735bcc7c4af40c0a80aea6d20
603461db4dac0a5e9e5d3436eac574c4bd34d1f02b9d47102ab26cb40d448a2c07ab41a366d4f82b7042cab4399ecc2bfcca34f978d64fb2b954fcda
e5fdd0027e4270252de023e4773d6820b0f54caaf1ccd4e552f15e100a6b03fe21354f0611c9ca0c3868828ac4cc8083a85efc1a875b9235f010cd3a
6fe01f925f4ec03f8cc5d6ef375c25b5798163688aab69f54a1097ebbf863784be2773a30c8c830eef13f5ff869a4c9747bde11aedcd834151ae8ead
4626465d0ec02d2421240c1aef1c493ec02de4d59b936454c59b81a03fab11eb119295c67f0473d1ef8fb82cb459c8b4e8cbb3e2ba29f89c06024396
77520371a15a07fb8ab0a0c31d080a4feb1340972a6ff132d3616ac49dd8e6036242534a82066242561057033121296dec786382d02066d97060b05a
a2adf1127fcc67031bccebd752201ea8be1492a4fa07e4b85cefa7756a32531dce46ca020b038dcb5628c833fb3a87bd8a26225e9763ab81c8a0fab1
f109cb6a5a0f597f7ddf7018d1792582bf5edc5e8fcbfeb1be0d2cac26354a4332b7cda9e1c0a3941a83062e4997439b6a91eccb8b08fba4388f4684
7d96ebf4a0439853fdc46554afe73c5fe325aef99a6ac4b67a7d22f441c26063ff2b6df5187ec0f5687cb82afb25ddd0446c4fdf1341aff3d28ef006
f3f760db25d3bc8cdd3ede848a131a1b859cf3d29c44c4bbbccb26a7a1fd45346a499d874e7e9fd4fc3ddeb13a1f1d0799f270a019340e153a2f3d13
e429fed573d8141fe3ebd8907d59f6cae5227ede03fb4d9751aff17bd1a02a2b25418b2071db8c3ac2d50c72fe84cba51347202c9c4173d38a39f790
bcf4ccea01e9aec521a2bc2a8d6eeb3bcccce5afcf42d507caa90deafd1a93abc9c4809537d30051ea7074fcee2d6912c1dd6c50ee003d0a08af750c
5836b813519d158733e8986c8dff08c9558b3d5d5393f28f0c1a780d494edb0538128def35625af3b901a76007800db590e020068d378998e716a8a4
ba0c36d4324a933ae883cdadfab1d92839dad42ed37ffd3eb0b25c7f09354e164de643495a445457a10c3722a8ab5c41078d6bac24a38d978a259f2d
36b7983f11d7c5921d11d745c98e06cd4b51cc8c88eb66351e11d655f0426d0bd460f7979786bcc3dad6035b4dbfc735dc36b1ed55876d1a1b8c98c9
c64bc292fcb6b37e1effab4d47f3493e24e5eb69445467dbc0b6c8b4eaf9c201c26a8f8d97c2aaf3b35d8933cafe1ed75a499e1bc24f72ff22b3aa84
0922b4cbeaf1dc48eee4f9bd0510acfa7f0bd757950397f2b4def77028d17cdd43ada8f6ef11b7a3fe63f0b5cd653b90fcc5bcb6b0e98a396ed87495
d67cd0a0567bff9f919cec51ff7e216855e3d92fb8d26f2eef9cd7553497bdcedf7e617f4a58da491e97a51624a8bb09fbae11d45dcdbc771ca06c43
ddc9e7e4973841decd36b41d357377f9ab9af7317f7ba469d679de71cdb6e660c7a1c9cc7fe7256235ea9e226856fd4fc441e932db53c0efa87d1052
9a5ec27b0ee146f3096ab86dc03b2903945263d068a2d64f897319824be8e8f5e38800979a6447e76ac966af618072794050abb30d78091da61da03b
bf04f61606284d16992f154437685c9fdd1fbcad2c89eec4a9089ba7ed3db09d3419e1ba29496bef1141affee2fda188f3410399efc507bea17b7305
e4b8170f1dac99f53e9949da3c5f7b3828a87fb85edb9b67c7d5da369ffd169288ea8b644a3e3cb7c877a1fe459c89cb01027ddabca46dbef8fb3bae
afeeff3d74c82a3fc260aaf9471294abefa00b92a97e7f10c1bcf9f77784097f7f22198a3ec977a3cb663f03e8d1342f471fc6131b9c36fb35803ac5
ccaf91837d350d5659334df22d31c32b080f5997c9355cb3351f57d40836a05e516b0aae67d07847ea305f4174b05a9788f9f13c594407c282da236d
b4b0e61a11f4135e523439d3dd1f24d18b987544d42be873d00833629e571c3872f1f7b8c626d32139ab3d6c2a72051f349a089de72b716549eb756d
e12da4df731e2fba8caec485d975f5cacba97afc1d5774096fd72db0ead41e41ad7638b882086107942bf985ac36bf1277513d5ed2ac778f8fccb2d5
eb873756f2fc5ec99cebf5c69bb17abe8913f37e7d8d7897707a0d6cb3c5df57da737938e0687e099db0e68108f762878a2b69d5ad59b8a25948ae1f
870fa5a46837525874fdfe06dc8fd5f237bc117dd9dfc002b3d9e2b686e647f5e19021acb741938f46fcf10656a0e06cda2df2e3f44fb2b9dce6cd36
0e972a27e8c8cfcc1b874110e78366f1b438b730008af9df808358fcfd6b50a4061fc07e928c89e82e0a1a1c34c96f74d94404b6928fb5d7086b1dee
1b2f27618d0d3ae22c5c8e8edbfd239f84bd576e784bd855ef16f00d52fbddae015fa3f1a0d3b66bec2d74da5efc30b05d5c8ea42c9d3511cff371fc
a0ef6113301d11f1ea4f48826206378045057f3368e03224e9dc80ef114aeda03190ea257307d2de3adcfb85885e3dbbef534d5584e23b686c187a59
de2f4856b2c1dc2f48f2ab7f8fabf0667a3267a5506877bcfdbc3feec4e9787d23c259f947068d01b1ba3c5e62fe3d97b7d68f08e8317feadf1a8757
bf5f03f5dbe5e1bd661a03b0d6efbec6fe57fd007dfaa5735f793989b9dc7130b04de3fe6a4353fd781f2ac2bddd037e4892f93dd21abbbf24efb36b
f91d0781f64467f687e60bc87e01970ebaf212d67c7159d9c1e55e42adfcd85f77bc0193f743a43176ff51e3592d78c7806f1b2541d1d592f4fdf5b2
5279234ec5bfc77b70f57e689c275da67750979fc6d3229995e950b369bee3652a35dd9d97a910131a41cb49880a83667d3d3ef2d3f8f2b9ef713e5c
8eda50c2e09dcb4c11f6ed0ef65ef17ec7bbaab9fd6ba40851ffae0144e9724233bc7f222e50c2e33db0c474f9dcb181d97bf64e9c906d7ef750f38b
ff1014ddec1d798f97acf71fa8f7abf90328c9c9f34528c0b4497dc2e54284743173bae38d25389146c47436f3bf63e05f3d5822a8fd72b91fe187ed
72d41cba99ef47b8bab9be1b837739ae8aba1cee53c79fed4d1611cfd6f11f1724752dde71c13558ccea0807006d0e229ec7e5d445335e6d960349d7
925044442b5f4c2302ba0ac1a01101ddac033f5ebd9f9268d464921c88602e769d3c0285d8bfc7806f1b1311c84d39ba1b11c855c0a0edc8384478fc
a431161cc8a003dba98a468da997dd81c14e11ec830e9b8a69d40e928423e2589929dbc14bd7aeb647e572ed2e0f57508da7c6e5671a49d4e5d8f014
f13f68e22abcde0d03aaf6d3d14372537be4e328ae0fc9b97a3e010eb5da8508e5a24c8f83c69bc7ebbd6123d47e8d08667b939de19a2e870c82489b
e398ce149959551e0654cddf192f93d5343628edc733bcc7743ec8395f9f7e5f237957164d9c845eb604798efdd14473996e2e0fa05597076a73150d
64bffb0730abd55c04756601a73672c617bf4cc8119f1444db08f21cd5abbff325939a98f109eab25f86e47c2f767526a83329e8ba91e3bd380e8e1c
eff5697d2673ef7eb99f306f0bc70471263b2891a6bd2a33633b5ff335a93e1c1494e6b99daf3655cd0f2948b22e9b9338130b1b272f1705550f1a54
758f271c1624dc465067f5fe8ab4eeabe93053a83ed48a7e7910c439f8adda07ee46294806bd215ca8bd33faff3abe99dc60fefe6146e80471e6e990
f2bfbe5cc6c789c57565c4755c4c1344b5980e03d9269ace3c24f1990d1d49b58b0e492a89260ee2212975223eabe266860c8ca4bba83c61b05b551f
87593ae84147a6347f8fdae7c1ccfb255095dd3f98ad6c3a83c6865344e30d21d4e34ed06511f0e4a023e851fd25025caeb2fd12ae954dfd69916c4d
fd0fa0be6e1ad7e04df3db42c7aaf648932c2caa41a3d3cfae7f6e3e3948f40b0e11d9eb03bc8de246060d44f743321d74bcfc4c837555347e20dce5
1dd4c9219fe507df2347bc22783b39e15bf5faa2c650905b27a833293fc6a0b9dcaacbd1e92f1a6fa451f6fed80146f57cee007b56b58fe428e0d14e
cef8311e7d8fe4289bd2a0e77acaf5b25fa6c3c6ccb72a9a9781fb17994cbd3e204064ff1e381b090f83c64695d4de9d087a1f56b0b5bad7eb088400
eda7039b94f73341a08a1b1a346a94acfe9d04d92e5a3ff20f095ea42f9798ef2a9a08ef271a848807731a34c0988f97dda07180d0795bc847a4cc99
7de13c2b1365278834f93c90f33d29a87a3cc9235440edaff1f2777948eaaa0f7899a2f55e125868da2f4bd824c5af48b35ebaebcf61037cacef0222
84e24e3a69d6ab0cf09da0cf22efa94ed06796f0d61f69d145b760c66abf11b47b517be4b791b7d6a0b189e9bc2c2d847d7f4f04bfeb039856881983
eec47169fe7b60c1b91c9bcb43d8e8a4312f4adb3d68344b5e5fbc1595ecad2fe4af91e66ad009b3c2a7c4b98c8f79592c9a7c0c8eba89070d84b698
0939cdab9e49830e780c4d0606c82dfb7b0ce44df51337933c39a42d569cc0a02387babfc7e6d234b9b81e666fa67bc08ba8fd23d410aa1fef11bd24
fa1290e96e3f0cfc3aaccb810ef2a2fe1034aa88eabe006cb77931c255b168f24f82acbc1978695ddc7ee44c4f6a8f7c0b8207e9eb3cec4969923b39
d3cbf6540ef3d0665a03d5f721d9f4c8992e1d7c8f9ce98278efe4401fccaa88c6bb47f3b72ee12dd4447379aea651d3e9727ccd89aecd4b106b535c
c0a0718010335d5f1d16d43ea8d5d2f1778254b36c328386b9693dd7b07988994710aad2520f1a1b812e5f8250abbcc53a41a4cdc2d28a7764bee8f7
448ccbc1a493d33cc9e632688407b7d742a7adf9790d12d5fc90f35c71118306b2ddeb0530a85eaee3c91c41ad6abf87dac3e561e3537b01dca9fdb5
02bca9b4d383deb10169be22df8afb87dad897c9faeafaacf5d9c1d6d27e5d77526c648d1f35d1e2fa02d141c2d91a90f1e22711c42a078d1e69d0bb
cef78af799bcad061d0e26fe3e8451f517f8988be7f31a0e0a2e4733e2fd18c9119fe8b99f1514dad73b0e1dfe3d2f8dcde7e51e7038eadf1d2c4009
0f6bd840c59f48539ee40a3de8102edc1e6a3dff1e6fcfecf946b8e8eecf4132c2623a50e535ffe487b9783d4f0cfc6e9fb8ba2a7efb9a96fca1961b
349977c5cfd305040e092b895091c95f3ee1724904e50975b793e33cfba591e2a521669322b3a0367344e42abf4b27e77911f6584f29d426553492a3
36474207edc94f30174bf289b80ec5110c1a35892eaf0473915ffaa0614617d318d4c48c1370184fe325ee23eb30a5128babf63198ca7baba716c995
f4fb00ce5c4d63d0d466891ce6d5f5013761c99508dc22c8f91e11b78247e944d816a90d068d5aca9b81fc2d8aebe991735c11d59d9ce3e569bc81e2
ebef110e9489b1270c980a321cf46436662e11345b3c1e82b014e1dc099acdc26aea6962b7a5eef5b86360f6e6be8305274998a0d52235d7a0c320ae
fac062ea9284d389f78b2ed37412c1afcb239d21bce8f7245ff26549906b95b74f27c8b528a2bf13c4dae43a3ce8c0926aa251e3687f6450730587d4
c981deca130d44bb24cb8cabb4b09f7ae430f7e59c5340a89bc6c6a1cb332732a34a78c839f28b3cc61f4198d2c1f71cde7e3a8f99500479830e3a5c
8b5d4e4e795df6391c78b4feb90277544d03b4eaf1447e14f18748836ee12a93bc4c36a84103d7a2fd91491bdc3c5fa4094e2edfb1a18959e788f3d1
cb2f73196d5ecf2b2f1909bbf9cafed3fe20e8703a043fe8f0c6d3fece609935f11bd29a3779037682148b1014068d19c0eb473e95e2f66f5c766eff
1ede7eaa1fb3852f0fd28a97c5f349e88010523a69c58b85a34c6880f90d71835936b44107dc55168dc3c2138d307e314de8c1a7bd5c083aac6b71e3
a85dd4d912413cab69801eb598041d36e564ef04118e57a63a0fdc8ab09f3a39ca9b375b41ad25837b8f9ce24a56d44b0e545cd58f4d41369241c7e5
51448781527441cd914d13f720e61d39c1ab271f88fbadab7d228c2d4910d497adc6881ce172e5eea51347e2fe478e6ea95508a2ab4a33dc09a24b8a
201e34de2c3aece4e02e3280f68224b978bef748036b1aefa9c534978bd49e91433b79fc44040b7871d004658a7997483ee4f6392cf20eeb04c1654b
fe057814abbd22edb50f3b417055c9cc068d0dc3fd031b4c408dbd84f74c331d929cfa139791849d72c461d4f8cf60aeaa9f97a56c3c8346ada19732
69ab93801d7b458da4b4d19d34d65941913dd258cb15bad7805f1173a8e18a2ee1a32ee19aef72d420ae1fb5b05f9635e17adcf43df959ba2edb0a96
9e74f283260859e3afd86c96a7ef03ae44ed95084530cde5f74407b355ff6b6099a97ee07b8452dc6ba86574de2a6a54ab21893bab7e595742177c79
d43d1c1434ff7bb8c6aabe5b387ce87bbc276580eef51ec2abbe077ec7cc9838b2dafdfb7bc4b5a83fb84e2ba878d0d86457d1c46d35f197d74cb7d9
746089994693a2977d64bebde825d250230a7876d004692e2e07055acc9eccad49aeeee316c70624fed44a7883e9fb12fcf4b13f5abccca53968a4c5
565aeb71b00036153f6d91c65ae7aba1d69be3fb84cba501af90f5ec6e3cc3e5dad9db2bc4f263315a48ca9edc808fd1b3bee1dd90a4936c01f1eece
1f1177621a358e0e3b414c557ef8bd9da425d5666e602d59b26fe107efc966f1b3d4061d3f78b916f6be04dcc4e3f09089b35a0dd7032558ccb1a760
ae5d34d85fc9e58122fc980f326d364bd21dac302f76070b4c41608326df8b2eb3ce4bc92f951ec9c5f4d2e86029f9b2e9af58616a8f20bea4cd1041
558af81ea76861fdf47d259f8d9847af1194a6febdc69d687c53722d02c6eb1d8371d1e5d9c91fb3e8b2e8bcec92e7bb87da41dfb3ff9a984f47879c
3ddfd87c56ed07e2b0da537ba88556f71703bd2575e2b02676ace840ad567d0077ca9b6834170666d5770b070e7dff8ac26b1ad46bef8780cbc8a60b
2f0d8d8f08f2cdfbe34e1a6a3197cee5fa343e803757ef5f1c68fc32266eab282ea77782fe92eb07ab2cc906d4037e48c2e3c6e5a808f1be2d78234a
f889cc9645cc765b10eea4c6da608e4a933d688026254c6e814d267e429c57535c57dfb0a10a857bd0784b89f96e2984abc77e208e2bc9757ed0bc44
f592dc22b99e5e1a1bc09916e6b6809f919a72438d29078c4edcd410bef43dfb55c0a3830e040bf5171ba64233061d7132aaaf636392a686b8aaecfd
b8917f48d861832639992e970d1ba58030071d41b59a8f1d1bb0fb87779ad5e6db356c5e2e0f6150bf0775da2f51e29a52f6fc1f013cacf938c301e1
535c91c7c7e880f50cde03be40920b9926ab2290078d37929e9911b4a4cc7f9d4c94c53ac1fd42905d757d1840c5bcc94cd9840a3ae8c8b4a7fe10d4
64c9785fc23b45f513d7b03c95874ed5f5e18a2c664ca6caa438914147f221f5872047b9ba0e1a9455319b087ab241738f6466da6c0441a5e7eff1d3
77ff12929398c54e3232c5790c3a24b72ebaa056517fb93cac33dd095254dc43df493626d7e04e9c52a99e7f2e0f616d0d3a36b3bfe7b2d265bbe3cd
f5b43ea0d0566d56e29aba92910d3a74e82e07914087616fc1fc4c6330757f90846d80de4936d63d3fc45528ae67d0a01237970327e2f5265f4e72fb
e4cb119655278ea92a8e67d0a052ebf0ed7bb8166bbdc221c1f30bb694d5863b92f7a5b97caa155b7539f01c1e7fbc3c7dfe2228d3df5f511b8959ed
57803517971307e1f5bae260f3548e4d4f2fbdfd1aaeed9a3f9287292546270eab0825b947dc951d36f608babcb83c80605d1f292a244cee642e9437
d7a079f989594626513b24eca12615f3dff1866a5e2f8230edf0b11f91cf49ed63336d9ecf23101d34df47b80ebb1cc40b9fcfa956edd68c10a75514
f734682e0fa9b9f693fc4262c6c46d95cdfc815000f3cbeb2592dd15d140e8ebbc5fe1b7e9e2f278b92fa2c3dbeed1df2b0e54d6d45c175e5ee21764
4e2d259b6ef0377f8fc38ccecb154d9685fd6be4132a6e0f1bee18ff275c2e049555c1970c3ae03054d91a3604974732194d560258519b8520b37c31
9d83d9e8f711312eb5076958bbb0b03a416459c085fd8ab796e04d068dc15c92e2b584e427ba86cd4293459098e232068d2bb02e976b6053b9fd16d8
666a1fc95b28b1fd35884ccce88af746f2e6c015d336826be89475195c238853cceaba45c4b67e8ff7953241f6d720328d8f4c9ca93dd17883e83226
d366db74386e78c759ad70cb7139fb7bbca5749823aec93690c8bc29f89e4ea6cd9ca4f6bc45d0ad2e53326536a5991d34408a9acf1b9787b0c93a99
308b10153a992d9b820007bde39d9444878156f56fbc6434bfb72de21c54cee5b068bfddf67889a83ed2342b3f4b27eea9d8467783f9db8670434d63
efb71b92a36d2e64a64cd6d9dff6b029697c04d956e9d86fd7b8bc544ebe13c5590d1ad75b090fb72b28e152abddaed844bd3e811556fd7be2169eca
8379abffb8de66f717071c4bb2b71b6a37ef2f100094a6b993d93217cf37de76b9f9fb5053b93c74f8a679a9ea32bd45d0b0f8c78dfc4b177f7f272e
eea93c103b343e5e82abf73371637668b885e6446aa6c87c69b531992ff3d37e444db63cfd1ed7f3ecef399f3e0f012fe3f5c49bcf361be2d08af24d
0d3a1c7c345f67004f3efa47dc59558a851e71674268e8c499d5544da36653ffee97e01f4934c2b23421f725cc1c55745c466a3fe0c0d43fe29ccafa
49a8c8e3e3480baace479cc1661ad44fddec64822c0256eb6482cc8a5be964761cbcc034361dbd0ceee41f51fe947ec7b5cd6a963b8759d83dfdce61
b364485051b1eb23414375f3e481fae99b3732277af1eea0345be77d0f546649f6f700ba93ce9cb89f246ca84e5c4fad1e1fde69d9fd3908fad36545
dc4e56c46e27f361b68194b89c6a49ed20798fe7ef5800b253ff88c34982fbe847a418901aed002853407b8346f2d7e13908ca13965c27335f55ceec
4e1c4cb25ae9e032b20decc0c625f8937e848384fb532222b98a0e3f7db55703984fedb53088eaf781e0a0fd72a09610a4fda0c386a2f9627f091870
d0c017c94641b2bb6c576692dd157bcf1c40f2db7bea404db079fe6f1121aedf136466c99fe474a3bffe3d2f3d498207f029befc8fc82fe3f11de14d
a8df872661338de4ad97c4113a7f9dd793500205f90dbab0df92686c6462a6e7122919aae830e89ac6a0abf374be861274d1c01525d364a62cfe3d69
702ffe3d5875179783b02161f304453b3fd1a8e9b43ee71a6a36d35c2662de67d87075d99c842e085ea71377547c999f295c7f355fa8dd6c233b238e
ccfd21c8dc0e4867e665a0f376666c88ba4c4f8467bbf29e60cf2d4f74d884d55ea441d77920995d52fea84e32bb9c252c9c5bec5fb5b711f725fe40
b2b7ec97fa898dd6de8e111764b5d91990fa4fe53864793eb1c9dac616c9df6610e8275c2e0419e545ccfc0ca04631c3d7a0a1e2f2c0965167ee6039
25d318b475939fb8ce3d4dce1192893a8b379025edf3d580a6f213c9bf9a9e92a625a93320eebd18e1fd2349f524df85b0b8b60b0638f5678bcc6e72
4d1e34926cf2f77119aca2e7e5b93dd587c1f6a1061c74c7a6d1445fd1599bc601e021196e64826b4aeeb41127d424f96c64864b9bfbb3f04cbea8ff
af87dfdf077c4c15cd7c3c249d2d92c34987bd91fcada4a7df0736d64574201ce8f78195b46a3e082a156af2a0c3a0a9f6c386d5fc7b824a178d3f82
48379503dca71ce6830e6f23d58fb794821e074d4a078f0fe6206ca4ed824348aa6a2fa3265cb45eb82a2b4ded46dc531576d4a0710dce6a0f66a108
fa41c32c16cd4718d857f5b7047c88be2fb19fd47ec0b52caa9f388be4f923cdb8102b068dc38cc707eaf4eafd51627ed59f1af98ad49f00d24c2e47
4decf1d5383f9a2fb0ddbae78720cd8bf73baed9cadcb911c75595cc6ad020622cea1f9a80e5e97b8220bdbff0265304f946f2bd5cbc7e2d843dd777
6233537d3d34311a0ff050c2da1a3497bdf73708214ffb07f82805816e110726848e410736a1f6c7aba6c2df331f5dfd05ab4e290e061da8eefa3ebc
e1bcbf5f6dda1a1f97c5e2f5dd71d5f7f84218f77e40ad2a616d230e2c090162bb7059480dbd455c98bce9065dd81f2e07f1c4fb131be4d42cfcaf2f
97f1f1ce4daaca89c857d0d2469057dacc8c30202ede0c604b756f9e33bc81b41804714987b811c455949c6c5b90a404bc386882ba74f8c9ec57e4f7
bf2d64b294c3c1a0037becd1fe9230f08a399199af2aa27f23335f55dcc44690551390e246a6be5adc1e39b5e54db545e63e6fbe8508771914b7a586
5a47fd01555a3af741a356eafe9eb8122dde0264bc6c3e838e1cee4934ae808b68f25928ffca46a6bd26b5d5a0199f36cfd2c3a0abf636823a1f6ab8
8da0aa26e0c36d21adb5d2026f9149cf97e502caf49a35bec854a9c34fa6bdac97c0a051135cd49f2b71155de3bd05369dca81ab585697c77a6abcbc
24b2e70f5768a971b7889332735f22d957d3f86e11b7a2f622535fd2f7084f82471a34de613adcc45d5539600c1a57d1ec721c2ac46c89c3aadde339
82d96a3c085fabfb7b063cc883266e29cb80bb913c6ff0f65534f02ada8faf714d0f616dd0a146a9a28107d2795b53accf223abcdf547f0ac403fd1e
20c4a2f926ce28e9653168bc3375fe561c52143ab091acaec80160d078ab994672b770455c52925a7dd091b6d834de4dba9c483657e56d37e8a92951
feaa4107769ee60b605ea5751e7462bc2e0f8711d3981174f9ad9c9feafa23adb3ebbbf232d7e54d1c4f799abf808f123f5d89f87f9a3f6c5a8a13da
220e47d86cdb4abeaaaccb73456d57aaea3b09ba74f919080a8fdf13c7922d7ca41076bb692eb3fe292f97f13171170f1bc0a0815b10734b4ba8691e
8b9d905ce55a37680e9f2623e17d559be94cf9263ab089d41e361ea99136e2668a0cae83c6bb47924e8a67b05e1a2907c4bdbe27e25e3adf41a30317
334e392e3b9517bc4df4124805ef24f7a78624acf968bc145cde500b48324f8dcb479b21017f51dddf48932a499db896523cdfd85884b5b425d4864d
973f99e352d1664fe8f4fdd222735cbbb87f576c4aba0cd22dd48c2a27684caeb91bc9d7aad4265b42b8b0a447b2b55c3cde131b9124b71c698135fe
8c3751d77e21b9d838bc4d34363d091724f36a0abadd1ec9bbf47d6069e9f28ab80da9fdb60ca2815c3d07cd7ed1612f2020f8b0156c66c2ee1a346a
4e1ddec2652d44848d7c2d63fefdfb404878f4af805d251bca5602a85187b300842a83f65670c5f5cbaeece10aabfa0212ffa2f676f2d13cd178ff68
7ecb6bda5c956373517e968dfc2c456ae98dfc2a4541738306ae47e721f2a954cfd79d20dfee72d42ecd34f9a0c42f0a0804b2e96ee45329d24c6c75
89cbf831ded7fc257aa9d5f02ed37ad735e2bc1ef557844905956e351c667419e3ca5dfc12a878730aeb6c23bf49137cd1a043edefef231f4a158dcd
4fc241cdbca47459beba867b3cb87ecba0bee1faddfcf2a9a8c594dc6cc315bc54f70f57700b2b1520616b626a25625ec25fa44c51e6d84107628468
cc1e4aae38e8f8bdfa475c52757de4434a17ff1e078a71997ec2e542be952cef8741a3031433a93d5e221a5c27f3a117a34744ba3a3b0fdfb8793579
b88e6e4fbfe7b2d06550c11692c168d0b4e7c5218850f00a83c66140925add80d4f6646f2159ebfb3d3213aa7f186095537babe810e53a3de8c86fa2
f1477e0af707d454c5390c3abc3d341fc085acba8c6aa8157539d4c804975c1f06faeadf875fbfcbc9cfe1f94492919ffba07130d8fc3d3a635dce15
57d8eef90788ce922e710045aea91b71004df0301bf964aa9fc935922d79bd3080ca4039e8f076d2e1c0e6d43d7fa839171fa693c3e2c37ce24da497
6d45ed6935503dd1c17bffe18a2e57d68db883a24c8e830e49368bc63559927a23199d6c0a830e49b38966bfebf26aa81965b3db88432856bb915fa6
5597f3d296817f6b005b26b70f731416d4a0b109248d27c54bf3b1fe2d870e5edf872baee6a761235390f3d60245f9898ef928a24332aea2f13ed4fe
261f4d56f2b541e33aaef3d422d3a4f647abe1ada7ef236e42ccb971b9cb9b72d0e11aacfef0d256dccbd6c286e6f902cea4eb65d58027d93cfe9dcb
5b2fe38683c5e6f5db43ada9fe701ead466bb770e5d7fadf71c5d5fe8cfc32cab4bb91efa50ae873d0088bc974a855d59f939787d4701d357dd7cbb9
93c2436688ad87b7ee134d5c90c64fa8455310e4a039dfd5f563735a5dcecb38b93ed4ac12befa82b7a9c6db391fd61c90bf264fa0d04fb85c3a06bd
b4bab200aed36097d8acaa3c82bc3cd8f47f33f62e59dbabb092e6945ee30b663806ecea55a3e6df2839f4fb89efe4ca5cb97b806cee08214448ef3a
6016e72ad36498c329ec1f2f06bd0bd9b1066a7a07b27af2e81dc881f3a696ef404e97276ca0d3f5c99387076b173c048bf1dc13b29ec11016984f6a
e721d4dfcdf164f6e47f24f3a23d87260792e299f0392c8e331f29c21c4ec15b70e1df4e59cf00411e71993622599c7216c623b6f6ef1d84dbab0b61
2f66bd7bd801068cb8eed0600e67c2d770f23b657ac98bee96fe6bc08a6ba79c8101641af1b4bea1bee9b3fdf0f779c1fcd5afe50533fddb042c8a69
73c465aac9e268894dc77cd03b8b8a296fcb7715d5f9e98530a6bb11d7668a24dd84820c4a72c46560e1fac9d912ce929afcdd6cdeec9b4eba3c4a8d
b80c40608e4df37163f1b55d2777c6ab494d0a2a73c4659adcfcbd1024d8fcf35d038fda229efdc5f7b286e342bab53cc9b87e9a7f7ffae74aac28ea
73a5b0e8ef053fc24946fe662a704e4dfe662aa6e2114fd3647f2f6048361bf98f89cd9efe9d69104479a956aca6eb5d15c288fcc3ace60f4dc20e9e
5723aef98bf0dbfebdfb81aef96d66db9e4475a67e8f3c97b21e2eddb15a8daba7143b28cf4dfe5b2a8fc0db55f44e0549fe5a651d8a30a6a7071578
a526ff2bb1b910df647accf85e42b5c6da36e23a0972b291ff948aa970d353841553fc76e5fc61bd5ebb5c94203c5ca966dcfdff2335f9d71f571a08
206c5df204ebcd434f11aad5fcd791fea7c8ef4ab7e5ffc55aac5d5d9393cde092a91f17e61197350f93fb920fe5eac6ebc57473650447e00b22d94d
efbee0ec92e478e11f711d7bd99cba2e780bccb2cb190ef0174da6cd2b90fd112fda1c284f4095d6c9f64d060630ff2ee6c20be526d3e7c39248fac3
385cbf5dcc90938c4c99375fe876417cfb42bd37c169b83dc26ee20578eb69aaca62ee971e7dbafe23e162e82fa91d70ced6e4ef61051b29e2b9997f
f491ce90609e63d11d06775ef2ffb0630a1df1f4d9fe953f84b860b5d358f5421de63afe3d1a852eeb321b448c2d256fe2ef62d830ed6ee3ce9314f5
93b32820f923ae47866cc6438f027111d0d2b4d36ad2214911d3d2e06d3a89b11805c17ff84e6dca7f8b25c5597432e6643157c19b90ffdcf5888d93
cc941a03cf916d1ee97c69252e497f755c6a1f97af0b6f5ec4b77925bc09f59770c28bf79610edbe439a43e30fb398539e35e9df998f8e19cff90fc8
92facae0c5cc7a0ab1c092fcadf5cabbb426ebc40d448776d7b446abc4f5a899feba53f3c1fcb9d3991bfd71b7147e76e2abe81b71b9904038b8d3ed
339a945b8fba6d80705fb99e89a7e9366ad9bb8b4effdc3de18fa84fd75308d6cf3df4eeceed133ccbc6e67527ca319bd13df52e0661e09ed2c47072
be8585c88bf788e7a360c7a556ff392e537ab757d8873ef9dc9aff38bf6b8f4c917fa8c19edc2ce17f8fe0867804de641db80254da1e09631bfc3fad
e730e86a4fde51239c3f3270d9ffdbe622d3b8837707edd10b71de2db4274d49e9bc478b07f88f8857a941a88cde3980521bf121e64cbc4ac7cb9dc7
73ca8d2a83fd34d9a123193d4d17842c9634bd4372bdc6abe35f3025bcc62bd936b097aef176de82f552c437c52bf1fbfdfedb99aff16e660bef6cae
b1e9ff85ffdfce5d30bdbef42ea4f148ed92bf9b853ba86bec2aef536b45fc7ce39f24157195f7319b6b547dff491297de8534dcac5e7a171274ca7b
ad5fdae6fc9beabb527e537eabe96f7b39995c7a97d136f7d7a5fa6cfcff9a7e371ebd5e7ae7b0e07cedd23b8605e76897de2d2c0061465cf9ed94ff
4aaa0bef062ef9b369a0e646bc8a4e7fdccaffa03f6ef5c749fd6ff5c741f9b7da7352bf5be51fd4e7517f9dd4e7ddbc96c5e5bf8bb7f168f292ff9b
056bca4bef0e16dcc05e7a77d0b800bfe4ef66013537e2b7e8feff79e9df49f8927f9b869a33e2eadf4f78b8e4cf66c1ff4dc4d51eda3f737ed3def9
9aee469cf256fddf282fe77723ff5773d078871171f57f23bf57cdd6504b465cf937f2df557ea3fe39df1bf969be83ea7d69f35d8afbeb95a41bfe70
22be8a4e7ddf3b8205e77311577fb2dee5cf6541f80dd957fdc9f8cef7ce73e19dcf35b53e3010bae67bc7b5c04caff9aac517ac072f6de60bd70211
577b587ff33d8935fc11455cf55f69ef54f92bedbb55fe4a799adfdc695ff3c9ef29ef51fb3e61f3d2d38586301bf1971f15d6effd6a021a9b53c4a7
e85ffef7a2f23ee1edbad78c93ffab696a15fe71bf061d0bd668979e32bccad8ffb0b95cf2ff113f53f82be93776fa4bef18827e10efa2d3b857f26f
d5856bb2618d71c93fc8024af025ff200d1d78c40fd1e99c576dd5aaff7f8f6d41a7b1873a9fc978e7e48339dc2ff36ddcc15c774eae93fcde4762ed
74e70dfdcfe2bd7332b17825a9b4d3edcdc9c2e29464b1f068ebd2bb850520bb88bf837dbabeb7069bc52b4964c174f0d23b87053554c4b3bcaffc47
9305d3e8eb7999d38269f2f5ac193f88c7626ea8bd225e44afc4d797ce627834d938c95db2fb6f58eb5cb2fb5f8073b99e77f36d9c542ff92759f07f
72c91fc882ff89eb394567f13ea7ca6333957f900514ea4bc2c5c2b1fe9270b1ac6e4f579cc5fa683c5716abfc6dc4dcdffd41d7075450bbdf8f972c
978ce917dc3f455c256cb4f8493a3dac11c3dea8ffb4fd600cdde59462c1b8b6ff72c4be0a7519972fd8bff55f517edf8aebbf2de38df8dba3bfe5cf
076f137927d8653dfd7e408d36d5e0a00612807e48005df6d40bbad32ebf13f1c1419ddef3e7828d5997238af7838d040df34191bba6e9410939ec95
2ae4b0574a7c1500cb0f2bcf2e93de054399fed3a6f0c3d2a6cbc6770157aacbd7c3fb0145e64c39c9f1d24c609fe8b2ca7d13a87457968d4abdcf34
de0fc8b26b289a7350118d0c86faad6c54527309ef32113f1527036d3598ab743958580067e97268101936123479903523fe56f9073fe87271f0267c
592e9a4edbb7c0223e14ffaab4acaaf3ea844d755e2942f30f63ecbeec196fc49561ac97fffb76d39743f5a783969a3f93f999742a7366fb4edaf70a
d30bd67c5d2e06de0fe8a1f7d26e411514f1911f38e19d9a389aef4b537b76aaa0798322b0cb6fc0c259bacb1e75e1ecda655fba70cb1871f51feb75
999ada7f13dea9cd79ac2f927fb783021f65c8625b5e65c3824d5617f07e6478d2898f9acc6213f2fefb01253c6af277dced82d65f90e87b59340778
80d265531a1f54e2677eb090a03a7ddb6c2f9271b74a09da4636165f914ceb2a979c44d4b0e424fa64ea5e729e7cdb722f394f18c472aa7c966ad119
8ab7edbd5c5aba586147c22be7fc698084ca1fc6099170e9034abcc44f8ee23f863ea008b10fb03d22be294e869a27586ff4a27902305417fe7a14c0
4620c3cf053c80885ff9019dfc6a3de2036aa09de987b560244c7d4095eecc912abd0612f1036c5b98ea6f02594a9cd9dde84733034fbb91f04e5eee
94bbac4b237e125706708775c981f84e3b91a06e6185afda5a7e489491a01cfec4b55b6130dbd7e3c804b27c151c0b2822113ff3032af5eafa97fdcf
0f577e4019877af6cf0fb7e2a63ffa8135bb4a07b0ff89abd26c98abd8d48ff7c35d869d0bd7897dd57e8686bbcbd073e190d557711d60d0fa9ab3cf
f98da453e3a15e3a3d30434d60c5ade3c90fe8a59c8f2c41418a2f3f6e882341dd7a92a336aff8802ca7baf5748e577ee02cd5ad1efb9cb0bc7d8804
4d5898f77a679de8251dbdb8c48eb85adda88138dd1e6ce03fec3d9bf64ecccbba6c4d17f043229e997deddd4a7e7f1057f3b8c5e832465db08cef9b
981e96d87ddb334e819ad9f8a6ebdba149c2539c2ed4f00514ef886ff90125e834048c75176cf802926cdfb47d1eaea1a469cc8ffbf6ea81172ef9fa
262ec8a56bc4f37b6aa859c743adbe75950f83d9ba542938a58884aa0f688124a60550994868fa80168cac312dd0f9eb28b440f3dc5c78d3acc5662c
e2aa5121ff3be9d45012d5cbc14838f40105be576dafb6d139bc0be570939e544fb214b7f7e67539dc241d00b85ce8c2f65eb87cea7b5127a160ec7b
ce934f811771fd00c7dbdf037c7cef1c74a8f246b0e7c4625aecbbdab020b3ec39ae347acf7145421002f5621d4adf25ea2e1675f71c1736f43dc785
0d5d18d2af12f4ebe85ddc8107f37d975463be7fe898030e6bc4f53d4bf9281a4876f443722a1e34fa919dc66a3db6fcff6bb22c59177061239e74ca
7f8db316b42e5d20c60bf7e95dc6970b57805d20c50b1e1dba8c05171eec473ce9e4af5980c78c5e5fade382e3c75ed51e9ec1f52aadcd1f0e5fdf3b
8305f8962e6bba8547945dd6740b77ae115786ac842a91890bf888e7ff07f1fcffab70ad1a722fbdfadaf62ec014f79a7a6eafc55ad5a4951a88db60
12137195c8165475a85b7877deab446be0d37acd31e1e85cafd414338fabd84775fc35225ab0108cb8d80bef4722a1e90372cc51e36c5c73d4380a0b
2d78f9db6b926f308beab2495b30fbeab2495b5e2f5dff61c73975185bf0561c091a63c6fc4c5531268c9130f5c1579d53a737d45911cfea7c3d2a34
e2c800c143f0c30b08701157835996e7ae69ceb214dcf0f2f7875db3802df9cc69c53a3d735ab14e4f894a0bd7455d8663f10119d6547fb352ceaa2a
b0524fc94e40a5445c6de4cc2bc4df0533cc2e4bb405dcab7e4a10c70cb30bc177e1416ac4f37bba68a8c9a73bf1bdadfcdb82bc30396176e76b38fd
b70512edf1c6d2cf99352043f10e6014bb307d175e2d455c7dd65c651d0979d0decf3b55f66ec36bfdb660da1d71d5808df8d43c07923de29a7920ad
46c23bf378c8d165eef67e40093a230228d39b047b3007baecd116dea477d99f2d3c7bec6dcb78259eff9fc45563f6ddb6a9c9709bf6ef9682692183
b385a747115706709ba689698157c0beefb58513d4648e262d55c73f3aad1d6a32eca969225a7c6d9a88965605f51b19b8c8f7a9eec26ba088e74d0a
3276cba9896eafe5d444d7d0de7bf3f88199d6ba7a05fed5523dfd438c97195a7c40a3722a1ea64bbf8c694a6f33bbc5fd2aa19cbbef8867b7b0fe5a
ce35b4034da7c8b2b0e09aa470eca823ae3aa02d683a3416bcc174d99e2d00f8f76bd17a82095dd20e604bd9af9c4bf09c6bd38d14cfbc22a1e88342
5c8de4ce2e12d44898d0b5fdbb63a24a92c5bd022fcd2e2f3821d7863c44a32fed8616fe2f4d166ecdfb9593836baa2e2cd9f8802ae80408d07c1716
6bfcc0641018eb9f257b492229b8ebed4267d592fd0f7bcfd533fbc3d977fd4d7da4bc2c185144c2d40754506c10238e88abc5ace84b2c04078e5de0
a30b0e1abbc045171cbe455cf9b3800536fadeab9d243cfae0ab90d047df0f1a098b3e3888ab46c8c97dc91a9161c91af1bf6e5e316beb329b7b6ff2
9ca03ee284dbd79a1f908344750c857adf34ea18174482461d654597d45678aedc8522ba80e21971f50ab340a8a2f1035359b6740bc859bde7cc6556
745dd7fa8cd875aa2cd64a779d2a9b1b293e88e3c1dec5b5f0fd14f1a45343a92a0030e85d9233969b11cfff19952bffa7fc9edf53619d119bfb543c
0ef71a11d7f7a8427ace3bf8519ff93df5d37d2ee827bde7bcf49048a4033d288acbff1b71ad334c592341eb0ca63c7e7907cac63072e6f24c2f1254
040c6ee4cc058b3012344870bca13361c19b682444a704b7a14c097e05a74391d0f4c1427c2a4e9ddef35101573ee2a7e254492cb3ec74a36c0c0b36
6d7dbc1bf09fed73ec2a007e354e65c87161482c2b3ef78e57dc2f3c87eba3e5d52ecb6d34b5110e34a4792fe0def471a90dc804430caff8e02b48cf
f2738e433f3883a13a7ba0744a2d3e1fc8b6a5f0783fe26a1427106170169e9cf4f1880154d8fe78f403eb5b209885dbc39ec625c5c734a15c16ecf4
bb502edf0f0a091a07d6b7cc4d227e12571b59dfb328ce729e45356039cf4dffb39ce796f4afd7678e33cb55309905578111570b598ef314fd3f219b
f5d9346280e846c2fafecd5a9a2defd7e1d1b369441070a6eef18aa5b0d9547fae02664e120e2cb3ab3dacbdd9557f96dacc2146b89839c40817f356
ff234bcc47f9a178988fca43f1307306205adcbffcfe20ae16c37eef5fdef0b30fde3fb598f38da02c43bc5a886f8a17e29ac4de53ee1764a1e0bfa8
0b8bb260dd1bf1a178239e360734e17ef798829ff29e4618ebefe784aa0fa8b2f69cd5dce7d6a4b14aebd6a4c1662ee2ba0f065820122e7d40bca61d
022796fb542fb0f66f4d3b605a22ae3b6a0bdff7a522d9dc65335a78fdd9ef5b19b255cb12a3f0e0a23fbfb454605c9e771f281851f747a7f7758105
0be3b060181771d58095f7bcb62dc597e24fcbefbf1a0833b0f0beaf0be6af6018d79f293a2befc916b111ca12a160081771cd0336c2e7fe67fbe004
b5e8db198770db0aa08b43386916ab87aef50b967443b867054bba215cb382e5dcf865034ff26ffaff247fddc2adfb378f8680b5e20332bcd2f66121
874b5d7252c2a551e7426afcfabf04be5027f2a834e24371daa44e2d3fdaa4f3d00aecf310fe55c1814ec495c142063acdac00044542d507d4e0f967
b0418eef856de1dd6a0803aa026d585e8ee09342c45583ef683d74c95f40dc1a42d02a20088d45aa5243f24442da6ffcf8e3550b151eff443ced377e
fca19980cdd958b469607336967f3625aea3a646d91d57063b19e8bcb4b2978fa52ac79d12ab1a7d50a5aa0c0fbe3fd5c88302d200e4a8ffe5b43396
a6d218a3a5656995f89eb9f903f5d02794463cbbf0a4fcd744be60683616e92a571ee045c2a20ff84153b754d3d5432e51ab1f50c0884fc5a9816419
1e74465c1d74d26139b14f2a24ee505c61f13b2cd7229e74cacf797e52fea3c589f63512dec589a7a95172da7e1b61c495e1b78b445c5d86d3e44850
977d3bdf2869e904b4d1109455c19a25e26f9300511e45e7b115ed6424747d70101ff90139480ac6da25e2592718487901800af66ca3a47d5c752b5f
03b837814a4890c6c26d1471795ce58eb2277d279e74ea28268905dc109e55c1cd4208faa2c30d8a16061672115713c0048a043581e55fd2960aad52
242cfa801ab42c813e105be6a96ec4d5ab2b35f86729c5be509a7a75a5065766005dd77eebe9a9f11ee90a3673a3a4a1d4e9b9f25efb158ce846d164
c5314ec4d5688eea91a046efe42805a761c286dcbf17ccea862c15caea5e93e4ee373d917065c2d74dabe6372fbc8780b00a78f463cdd9094f59370d
241c613d4467775d7360e9c5557aee0d871b9150f401194ac401b632e2aa002b5a360305bfbc63d5e9073096a1ebf402f2e010f8d262008c485081cc
f5f5d6b8326cab4459ecd9c6f6cbf897a16ecc0ba0c971845485d977e465bb004d36b67771159ef90c5d88179ec58c4d4b0973b8b11d1927ff23f323
ffd778b400553874bd5db07e1bf2721df18db8fe6769eaf6b9002538e4a5ba801636b63bf3a77c89fa5bf92f973b43d7bef131954b332d0ccd22e1d2
07d4f6d543142cf1e2bcadda7cfab5b1abb7b74fbf36e4433ae28db8be6719efd9fb9fb437f6ecfd95fc75c3b86d2c99fdbd612c784b8af83fe3bb85
84a90fa8c196b674acc25d0705bf928d842713a8a40e0658c78d3d877827cb9af67b6c9b7b8e29ab4cce990bd66e43ce990bc66d11bf9501935a905a
656359ee2d4d089b13167d40893a71824115f16c54a351398d58a7fba52ab273ebf6bc60fc36e48f79b13383b1cbc678db3d94dabb37d8a13c32bf1f
d06dafa2a2fca982ac75b6dd83addd1e60aba1ebf60270d81050d66bc548ab5e5baf0278cd9093e6f703eaf05a4614d059229e45c251771d8431688b
f8a6385578f6fce1abf4a1096d59fdd08476b7c88ff26274ac71bc4aaee25e384a56812574684af3ee31e21aaabd91e52bd8c60795781a6b36ffd1f4
c1493cebc0500801ac60b03684e8655ddf909d81557de3d085e9864dcd38b4dfbbdb0e31b19d8de878ef43ade91b82d45aecc13312167d408d6a6640
9bce2c8026c8e4753b5cc2a926204acb9ff3fb0125bcaaba82b5da109055c1c7e8105055f109e7b8d4cd074be6b8d4cd087247dac4e2a86fc80574c1
9c6d1c5dbd68fac85e63d51e43d31369575855ef073442e7ba1df1f7d0390eef4743f6190598d971e8d8b6fbff9cbd9e298ffa80152627cf054ceb88
e7ff5f8504b6b46ce08e46c2db07805e0f79857e3f7042d3075f0dab76cb03e1b56ab663dd3504b7f41ad952c22b8a96d77aeb3f6c3f352d6c71a715
09bbfe766ed900c6a06aad60fc35aace7c18770d199c148cbb227e294e7d7337b0f02d3fd76f027df6dee9160c4646ddff59053b61e8037ed0da39e0
72b25189386d78af700bb658439ead0b58bea3ead26de3567ac8e4a4f0b07908a2e9fd80464864c0d62ae26262a7abd05a265087a66e6031c901f6fb
0159ea60c7e3ed88ab88831fa4b2d84ef864d56e7078dc7337383fc55124a8151edadc0d4e166cd562f0f2abda0df0ce11f1a938dfeb2ce8d36fbdf3
7b9a70678dbe913d75d4034c6808b9a9f8707cfed2fc1a494c504ec587634133bd1f341234b7398d9e4b1a6c3357cea226b17ecf5c3dacdf53273be3
064782261b0b5a004d8b4133863c77172cc286109b0a16611157a3e10067ae07388010970a1661e3ac19e77f4d462cbe229e9de20cdeb7680557df43
aeae979d3b9a48783ba5b222cf334dc86119a7666b752fea6056dd69d25ac4264f1da5b5e0f6619c571aa973783ca5b5e0f661c898a6e0a46ec8f6a5
603516f1a4d368cd5d9013c629ab61fbaf8e8497cb602416f1333f7042d307d4407313abb171be6245c4bf1a341dd32ac3daa476d8177aad49edc093
c5d1967f86f62b096a334c41a62cc58a8f26411ac4f9d1746cc1227db49c0830faa6133fd058a31d69668feaa51d1ad79d0225126095369a4e8ad8a7
473c0ba040490058ad8d76669c0275c0c7482de27abbc093d648e8fa800275c2df79e33a5a4e24a4ea96c3fe9fccdae263d97d17c6bc0d4d74d84fcb
970cd67db5a90e81df341948ede54f824ca9aded6a521054b6f7344ad981111fb24a29d57daeb70d7bf9f3879a04c769b72626a7e52695839d238fa6
ab3c0cd7c695130ffe21e7d3cbbe7ed726e3d2010d43b321efd10543b371e9ca1608b7216fcc0533b2216fcc0533b2216fcbef5b0a32d4760866dcb8
5e58900206dcb87456c20a6cc8dd70c10a6c5c521860f43564d151b0f18ab80ae459ce907fdd8251d7b8f28dc0e61abd8f560a78b9e3ca91e6e1ce10
f25101e3735c7756a1117f3bd9dbeda5438577dbae9d062499211b900212cce8d9e71c727bf639dc43c846be5e8cb8cae388db730c10efbb6eb94f98
47d7f91593aed15bfeffd5bf4ba500c6e5e8124301941e42162a56de75cd3aebea7abe60a86e90741098848d910d86578c6c30bc628859e1a277c80e
6031aaeb105c46c13953c4f562c742d8d0a10a18cd885ff901093af260cf3546f621d2c19016c0704c63488c3b597a233b91b539f46c61f7ac18ef6d
41c1202ce2f9d4846d66e4cc67b18e9a255085d714b99c6e740e13d2827ca7162b2847beeefa53258d23f65f43ce450bf65f63e829e70ededb90f7cf
f8800cf201cedf84a60f689364b4c66a1f9a29f8fe1e82cd2800d60dc160140cccc6d0010603b3913017463c8b84451f14e29901f425333888ab0f30
941942752a96d1e6bf0730d539bc8bc3325a9a1e60a13604fb54b0211d698ad01026a60edf0d7632f7a493bfe6cd6b71f61f769db453c01c2de22ff3
323c6e24bccc8ba7ec2371298c1f1a09ea3078cd940087c1da9867c6a97ecb381da84986b9d9983a261f980a4482e6080ab799cf2eb01d18c2a92ad8
978db45d00247008caa2009237e495b380e33566ce29b895bc6a16abb467ce217749ce21f78074e0f6d414099a02b0afc4b630ac6324680ac0cf64cd
50305f8bb86a00fbba73123249d398a1210add3a2463cd36ee9c52883a774e297419b70ec971a46c24acfa8002f35d082fc7873c7b16ccd3c69d930e
76274b84f8c155d421d3cb2221268ee23a1fea0396c59df3067e784b5cc3a06cdc673e31f20fd261e2dc32e2f9a809f9e83ed52beca2b7e47eecc922
ae126187f795bd82ac720f4d6dc77362c0d26f5d62db4b4c30972861c531c010e255c4bf36c81fe66230e1919057988b8d27dff300b03ad22326d0f0
431e3057d0ad8730b256eccb22ae1ac09e1e1df00e1ec70fb9a85cb1271bcf9e7132d855009bcaa32be80320a421e0ab15e70111cf77564cdee7b552
59b1371b8f3ca8f3582de22a116143e015364189b89a0c8378e4bd038cd5f1bc87ad88d3c957e64785baf2835f3c82a5c39c6d3c77c6295f30857824
1ff2cbb81c56b33d8f0689f59e5815078f8c224135469c79e42c06ff2ab1c7a8461f3f98bf9c265f97cef48c88b95bc455a36ff9cfdf2b8dacb8299d
bf1cc34f7a99b2405931669b3fd9cf1ef8a19d720db862bd3613fde200347f0afe223ee0875d353ea0efaaf1410d72d67c137fca86657ddf03fedff7
9cf9abfab8d23d39412add73aa3b2a85e7007f9253c4d5dc4af375717a70b88d0435f724435d9cc607e4d0d5dc93fec82972d23c09e006519f829458
314f8bb87e6894a863cf515d67f90fc2dc2ca486a9f8d7c1cbcb6057e0d9229edf57e27ad1c9bbe148b8f4c1d7e84596a70732f55c346400b6455c25
2ce4a873d081ba2b125ea075accb66a2481c08c191b0e88385b8ea5868d3cbd257dc804cc14eac40b8cde5540d0a059ef93ff95f496fc4455fa9900c
550f44854858f50105f67c9dc8b8a697b465a5065d9db6520359eb1f880691a02abb0439645e9ce1cc2ad1eb8faabc52e51c6646a9bc76a92bdee067
6242d8b54724347df05520fd92e1e17cca9262c5d5c82c394f3ed923e2b73264adcbd1d88a7ddd2cf9540d4bd648d028c27c647911716a2086bfc07c
d27318f679218d669c1ae428c27c8a800ab1d79bb27b58718b398bf0fb41bd9925471dd6220488157bbe59e4c611612ae249a7c17aab5341b68b8417
131a03be885ffa80b558de8bc31503bd59848389815ec4d522f88b1020560cf466c9413f69410efa77309bab2cdb2b203991a079fa091633e11c2ac6
6d91a03e3bfd835ef781a233d79c16dfc92be2aac22713475c8f46d14d45c2a10fa893cc5b2b786a737dcddb565ede447c284e8e9a7880f9465cbdc8
439ab96a9b2e8be39be23b7195884bc538a6a804d8c3aa8980015ec45502984f91d0f50119e8c94305046acaafd6ca73eab90a50b50403f90fbbcefa
6e02eb9f1ed3bc42793785dcb0fee9b099df53b89c70e1b172ca0c246ad7c8f0d595adb8909ceba30c59eaaba611d6811157876d0b35784d19561e7f
cf4d67d38aa54624a80af4872c4b565cabcc6d51ff7c72c8dce474100cbb29bf5d2b00d673d3d2c7fc706e477ebf12cfef37e2ca9f5d71d361b16289
1a096ac14e0b6a164085043c64e71c91f0ae5dec1323ae39815fbd48d09c803b6cba85ad5c5e4782ea04bb90f5ca8a8de2dcdec3e18a49e2dc86aa04
3bd972d811463631072c1423aeefe12edb54132be54b7a2c309bedceefa970ce02988d0c5c5674b411570361369bce8af5700f3c6ae0770e9abb8447
74ba115786083b328059b1609cbbae5c2b17db9150f5c157c33d6709cc68cf597252a02e240d921f09ea029853022918a83d12344fe1567bce33a4a5
3de7d977671471f1a6460d7498acdcc844c2db49ab6b70e483ede284a90fa881ce184017477c284e0d74980c718d125ee5ff8a3de294cbb715ffb153
b6262bf688739ff93d4d98f902dc25c85301068a11579b4e9730d52637412f46ebe922a7da84b8b56ba661b1388505b162a038779d462b5ade48a8fa
80814c3005d4be91f0ae0d4c18e7a1a985a57bc45522e2d4a1e36b450f3be5386ec542711e3a8d6290187165080b3c7490596181c79aff7f4d9063b8
d50cff907b831506776cd9896c73f20cb762af388f846fe089ea4cd770ab6baca9092e60c4d54438965cc3ad982fce43a75d1c5acc04c0a8affeef3f
ec39878ec2a00cce43271d2001e7f15e55ae78a98db804056e5ba79cb3c507b437a729dc2d9dab810818713517ee76e82ab336d7e0bdca5c57d8dd3f
000f544591a00e82ffc92865055330e2ea20f8dfa1d336f69a115793e17f87ccb86a833fc9dfda8abde63c4616400d73a5c1df8ea90af97f3168ae73
22ae11423a3b74357afe7e4e508d10d70e9de5d0c1443c33a442b9ce90de64f3b2828517718d09fc510ec956000e23aefce07e724016f18db81a08f7
abb968e07e55f6dac1499cf0f61806a033414f4e1e9745c2d407d44087492c42233e14ff5a289b941580c48857c52970cb2e44b4a9520f60423aabce
96164cea9e500e8d0f74797bfa7c5b0fb9d85cfcc1961f5007ed011b2c5f6ec7d60df65875d8c43074562911b0039dc25559b1039d554a04ec4023ae
ffe175552b6943fc93414a5408de539b7a1de697302b2708e191a05eff0e978faed4370ee011977b866f678f7891d7dc95b8bae45b794f4bafad3fc7
e5bbe51bd588cb25f29f78ba577079e7ff127f7b104b8a47be93eca23be25dbe6836e2e3a5effcff9e39f6d3f5919761ec94232e5f303fda53e47ea0
905f917b8585f2e42b0944ed88cbbdc3c1f7f285841d63c4e5027ea1fef20acc59fd1174c5dffabd978e1b67f388bff5e10c15f1b73e28e11f415d6c
9c1b239ebeb01c7fdd61fc69cf21771f3bed79a7f0c63d4dc45ff724bbebfb6a4ef75fa53ef218c003c2889ff27aeafabcee41b0bd7b04bdb1afff8b
4eed3cfe371bcd23548e186ac642de07d8681e8172eca0c747fcf57ec0cbc3883ff266405fbeab6b47bc89f8eb3ae6e7ba57794ba8fe5eae793cd7ab
e68ee756bdffba8f7fda29bf4ebbe39a4b1bdfbf1be38687e2472021f6b01b7179dc3d1cd758bbfe4df91fb4afc94f91fb43eec837d74f4e47b15e8e
f8db3f7fcabf96ffd93f97eaebfe9613d2c5f579951c1b4a8c477eb7b63ffd2fd72a585347fcfa9f73537eb6ea9ffc1f7d0ffddd75b7cd6b51ae4480
cd7ce4676baf7fbed7da38a97f971fbb9dfaf4e77faea557216aef14117fe7361e8d237efcf5001c71b94eaa94f76eeadbe2facb75d0eeb5f06ef2db
9fb93ee40de3a4fe7265b2ff294f6bd7dfcbcfdd9fb52aa78d8779d12b3b6f40ee45fc569cfca75cb578adbe32c1decc9bd2e9e9497be4711b3f6b11
971fb862ba9c8816da775f7f9da83ef2331671ca7bd2e928e53d5aebe62d722a8969fb232b9abd9a773f72f5531d4f5ee7f8ebbd04a4d7475637c7f1
27feae0f0e95117fd7b379e7f5ee4d1b9a86886f720d73107fdb8fe01ff143aea50af12a3f7327f153aebc9cffbb37617dfdc80a68e53e22e2e931fe
ebef2bf79685ffffed2d5ff94f7a77f88a7f12baef9b0d8f543574e62345cd27e247342dee89bedb6cf93f3fccffffaefff7ffb9f3e3dfef95ddfe05
f5c2ec4b7f55d75f304a03eee8b7be9ce95ff0652a3cb1f8c9cbfc177c97cbd77bbfb5fb9f7498b77f94e17f865cdffdeb829f5e197dc1b781bf4fb4
8af801694d52fd48ab498292428f5c7ecb57544970f56f308baeabbea020103728c314f987393e0a1d1741bd24d9a1eca62482f247590b947c5f480d
dedb922f1833e9c41ebbfc5e73d12f1893ea2cfeeb35fcfa82afab2534654557505f707bc7ef5f0f9565a71b74c382416344bb297293b87e9483c62e
877ca82d1fa59a52c522a134535a6abca1b806c27da894f372ed2f18bd789e9fcae57de7fc91cadbab27e6af11af26bd82ff2731153d14fd82927ea1
1c94a497985cb9bcaf854da96f41c5a4dba4e72531e8c5fd50aad6cb77de7bdffa9a5445a2e61edba2b1dd2a199ecef01dcb1314edf771af49c2a83b
a1b8a80421a3fb9abbaf65abbe0951ba3be955299f3c6e883e7383df0dece4b553110cf51754d5e9f5cdb3450a56acda8ad4abff82ea25ded7469c01
914e15a3af88aea644d51b402e452ffbfe055f0102b4bf2208da7f41d59ce36f91c2f45ff0b5b2c374bbec0bcddd5f300d909edfd74b50de5303af6a
8a605cbfe0bb677c22c7fb80c914396adca14c536ec99d1f657539abcaa106eb6eca2b97b39c76f30ebdede3debfe8e1de17949f5a6ab0d107fb7bbd
86e0f33e693245b951838b11927211d73765778f4a8dc81d45393c158e43afbc0b9466ca6b270cb3a95e2ff57de37cf2a0a1d49349575f2672a2997b
514afe91222800e505ca0965491f461f65d94c1120f009e530a5bdb3f1e33611bf4d7abdc6a0e07c4d3420a97a3b75b84c792527e0ced685117faf18
df6dfdabc372ec50743af8f6abb5b8ad659133f2f5a31ca6bc0c05a4deb5d0751154b5e9a01556b3ea4e0ca970d5d3e32fd8243043b94c1972890b65
9af20a71dff97d5d9bcb79f93ed264447753e4668e1ab406e53db2ec0d0ad24604e5a77285524d39df5aef50fee4f6d67a37c5b57e8f2a0743b776d7
5ace7f176ad0dd075d9e4ee99de17f5e7907b9701ff7c701775972ee9860ecb217fb82af8b7a4eaffb33bf7188a0f6df4fd9762cccee08cafde4371d
0f81737c4131baeff8766c15925e536f40d91efbf36d07117c0f250000bcf6381f49ef21eb6b869a5266ca94ff2731f3a82c9a08be922f27fda3c2a9
232835dea7a03aa4d0f882456dfb379d0fb96efd82e72b377e13a32efd1be42af38913bba6d888bebf22f8fa7604bca01ec85211949bdd6f3ed59371
8ea03c987eabaab6ed9b6a11d489f1bb7fae1773ad0ad3f18023d5f923c3291d1686e7a78c60bee0cb98311639cffaf56104d5879f4c77ca6bf9177c
0f3668abdbb67f7df8fa027cf90bee377724f908bec7277b923d58424dfaf39dd77b4ddae52ff84eb86267d1bfaf8611d47917074f03967525b0decf
8efe7ec5a4d7ed94dd348ddf6e92d8a6dd1ffeaa49e960a041ea2689d5e1d6692cae869c9960a51bf16692447d5cdd0d666f0495215ed90682410455
797ca48de2cabf72685bed9bb10c93b22c931e48ab3c0a7e67c46baceea877f6b6d5ce1cd7d3249d60ec7772bd4c5235f0aa36900f22a876d95be3e6
76bd62405beda871736fec6a326ed5c6ee26efaa211ed4c6eeeedd550d3c1d0a52f05ff0503570e238aac74bb8197f6654756fbcb264637fbcf40ce0
0bca4b258ec946f5b411542bd65d11f7b479d7570341e21aa7ab7166356832d2690485ba8dd3b471baac77236d9b9d879eee0d190470feb8c6e9ded0
46bdb9c9cd83d2d46457beb9c94d8e345dc3e6c926470f587b45dc93ed52bbfeb81375f7becca06d78361c97275b42b37bce5faefc257fa55e2997cb
12a42d986b1177bbbaca7286dd65c94704eaeb887bbc84518b0958c43d45dfadb86d260db76ba80fff7844751f0e55e38f33548fd750f7dacfe97093
df9bbd203194d3959f1aca4a356ecf28bd615bbc2a6fd7f0560d4fcaba5dc35b13fb74869e6c7a4c84415ac45dc35b83e2a5777b509eac0683f2b8ac
27e1e429eb71598f7aa351c3c7934dd0e158ad45dc83f2a837ecabf4c70498da0236bb25359fd75ed9767b18fd0d935416fe1ce7421fce97cfc75f0d
52334919e232580f5bbee02312d5309fd7f396069e45c42f9394216e08a7f9fc4c3e6ff7a785de9872b6b8dbd3e8ba99a463899dda22c04450ed626b
9babdb253e0f7845c4ddae4d65b1cce7e6b2b62c6b83e476c99d276016d7dcdd1bda0280a588f86e926a88d3cee92d404f7c1a67e56b1eaec6a1cae3
ba534edebf60a298fb2ff7a1368edd13a0ba86558e6acff29f44d5f87cf59f89ecce34f5e631e55074b7775f6f1eb3aa966cdbf37455cec44ce72f6f
1e53aa8ddd23cdd12b824d7f518dd30373aab3f02b3abd794c6d1ebbfdfd7af310986a3becdad73bc4d40e014861c4ddc5ef81ab812411718ff42bc3
374e46d734d79ef2ac0a36c335391a453091cce90db3e629d68cfd7fc45d965833a26ac43dab86ca42cc9ad365cd2ccb244fb8a9de601b98d37d28ae
8d63b46bdeee43b1667ce944dc357c54c34a1f3eee0da14115367bbdbcfa82aa86fd1f3faec6cb391b2008d76d61fa4e946a3baeb5307dff540dfba4
e5a41841550339e04670bfee574bdeb0958b38edba8b9cfae224f65e5d0d89aac5fe812daaea6556c31dcc75afcef0e5668d670f11af269dca9076ad
dd245503ee766fae467a04804fdd9bcb4a48767b18de5cd626cfc9b86e1550ee174c486f9a6cc6778bf15597b53b4309b83cbeb8f4d6ec0bfe83c786
c4067ca7836db6edfb701fbeecb155bb4b46471dc12a12ed3a3cca42dbc552f4d213b72fa81a1e34f99826a97bed5ad99cf4ae2aeb8f97659725940b
ac4a23eef14a7e881c70574fb6537d88cf75a1fb7e417978fee3b1d94d16d3ab76c66ca6777791bc52ba7b3e9d6a204be96ddc175ce5fd996a98dbdc
92f64e7be91ece307d6a708ebd878732b90d9bfd3d3d94afb5573bed19db32e22dc779c5959f1e2ff1a8d3feb6cda3ee3b33a4acbb99f46e52a727c0
ed9e7fd4643bc8b6b4778b7d9deef9c7198a479dee43f3a85b221d8fbdafc73cead1d19d57db11af26bdcb7c65277a7ecda4f1fed59ce16d92ca4246
7c1686f29104d69ca125b0a7a48f6c32b404f688b3f188f87acca31ec952bc0ebe7451fb0533c3af7b1f9f991ff94fc71af77a2c663d2fe369cd8ea4
b7d324c163238f3e96c01e49603cf9bd1e33a247dc86abffeb31b779d2df3252acae95ff050f79f886a53c96c09ebc10430678cc6df4f4b1e1c421e2
aea1cecc3c4ebd1e8b3d8f96796bf4c6e9ee95d8c30bd5887b024880691ee5e619955e9e0b65b56292ae7641d38904d73e9d41ffecc6bc317f1fb99f
f8f13035123c2e3a79aef686deddea9e59da0f78ff93e593b48f293e66394ffa84fed95ff8f0a21859dcf6df04d6c707d047c81dabddb29b253d7287
f1e34d6624781066366267269bbd3ce90b969792d773bb5f6e5514e6f8dcee973bdb5e99298f474f27cdd573f9f1e83d594b8eb58ff9d2f3644de0fb
8f19d3f36471f827fbc17e2298c599544ccae240edffa1708c60768add78ffa6692a0e656fffc181bacc0c5e1aff2dce73491fecf6678e7d414ffb82
75779637a452f337b2e46ab1ffb62cceeeca6135114c4470930e93324b17b73dd0f6bc3fb36f794c06229888d92ba4cba4a1df00b6ffed6e41cd86db
f37b75c36b3a85a7b4fae7b7ec679c22d8ac21826b1a85d097a7fbf94cafef3877fb9d2e4e0e4ab0ffeebfe6e9d0d42905e72742aeff8209424d5f36
cf86f6cf4b3d2d68eecbc4bac78fc5ef72575e595a31cda5c9132726de11ef2609011d471632cff9821a1c7c54fcbac7bbff2b8c3a764fa1e461bc24
8b04b76d642fe3cee5373cbd4616c7e0c0c22228d0338fcdf034498fc33c2bebbfe9a53a131b99064c8f4df2afe2653c3ddc331b878f86df74e36616
872b96dfed2924f0d31fe8f391e00e4b8e6247598b39caf2cbf2701ee24bb8be24061e5e36162e232228004e9c5f2c66284b32948237c30505560457
fd4645b8b58ea02ab2d261cbe28aa42f761cf52c8b2b225603c071c459714b299923b4b29a263b33e6eb82e94304b322b80659cca11679cffa21d644
82db2d33a8dfeaaaac6edc9ac5d1004e873d1f97a3e2ee0b771c11544faefe6df3b8e97888c97cd713f42f9815c14dd9c2d13182d938d6c0b2b97169
64c60d53f7055ed705de827d7dc45ddc9ec5e1094aa6585f50edfe93a3bb39bda2f3dea82fbb6bb26737b34096ddddbc672d775acecd6a5f6ae6c94e
b054cfa1c42e64a92ed5fd9c1cdd0c71a92e2ed9364f62fa727a129d591c2ef796d3c59d591c599e9e9792f87eab979cd9761a916d6e5cf3d02547e7
ed4a24b8c3521ab447b4c52c7d49de6c06b65cfe4f30cebf3feb78f8bf646e9b0768baa393836db89a59ccc19694c000298984619a562b4c6ab93dc3
5238fb4b73674a38c3c23ce21ebb3b4b63375e6eb72005b70d7733cbe316e8fddd8f5b8c48f00025bfe442a2db482582d972b633f98cf8829aedf5f7
9f84ddf8fcf09fd978dcc2170e8f11d49530f71291d04d131baeae288d2f29bb6deca0c5bcb62c5951dab05c26a9eddc4cf4c26d414f47123ff0b123
61374de3c08d7c24b82ab9d477984ef1522fb9d431428b843fff655dd8b78a97baec195f1ae5a12c8a6002dcd2bcc3cdabd9045ce995ea5ea909944b
8ed5e3931c021d7924b89629bca1eeeee57496d2fc6c7f48ce5208493f94dadd564d5d564dafb92fff354f40718f3fc36ae651da9abf1dd03c3ec93d
0e8f9de5c12279902bac2eef195f306b02831082c417cc9a30672f977625662a93081b8c08b6cc918a5ceeca2b4bc3735ce91ef09e8dc3b75ee92e6e
64e3d844cb70e312cad3edb6f85692fb1d30e962ee5792fbd9657d99f0fd92321a80c9bd4c1727c517aff0230e5b29ba1c8dd327a37a7ba2dcea3077
caed15725ff91bc3737b78c4e176f7d7e3d1117252fc46968f1b205cfb3f6bf5f1f0c88b32a8fc111f26e96c0068735fcd16571d4ced6072f5c1744d
8e0954735f7d305d93ef01d31c09cdb41c011cebad8b8b93f1e3be99b49aa4b6b1cfaf983f4630c79b93f5ca25695f538a39d85d574b316ba241b211
ae665febaec1a988eb2b86e71114d8e01fd26d92c68d2d723ddc34f932fd61b01e09ae48a24c22deacdc274670ea3726d75a9da5cc4df63f240f4ef2
437b575fab0727a5a9ca2178ad6e778a45a8d6bb0d2f2398c5514b4b4cabf82130fc11f7e0e439b756d33c38c90f2b1e63fd702382d902b8bd0d3023
f8ef3f6a69eea5071f8b9d85ae973b252526fb63b7ad65172e4a9c91704d686bcbbee601d35ed3571f30571d3077b76eb8e5c9bdec077c1d2e6ea43d
180eefd6e1f925c7d81835f7d5f2d99af2999d54aed3359909554a8ee6506b1e304f44f9d5074c21aabc345a70bb9f537603433612dc82273bcc73fd
7187a5a075e2ff6f3347d97eff685f5d36eba5b63c2bda9df686214404b33cf6d5cd8b7c4be106957adf2cdc6c79ec6b9c3fb7729a26a6ee2cd1c4f7
2d65227bc9de2c13fd7bb503fc68df7ca0922de372e06e72f3816a4b56c4e3e1487096294a817719096e798a4b405d763f5e886016b7433a4c5287d9
7bf276b8c37299dbf3f166a5d596a79f160bef3f89bbdbe99aeaf9f60f2d7a243007b757abf41a2c42b358b16961068dd67b616e5a98afea0a9a9b21
6cb20510f948b84c7b444338dd869b38b22eec33db705d46d6050fc99b57ad9e69bc34bacd4b539836cb627fbadbf450cc6c035acecd47a74d47a7c3
4df0b2150c4efc0613dfbc6c373db75bec1c77bb57d3125894d2b0bb8a60d604fe2e289d2fa89a20226c8fa7ee939dc25ebf3dee94276b89fe70f762
df97ec6818f5eec3caae0d1dab8bbe7b43177ace628bd34868a6c99ccffae9dd4a23f9995ab0d98f3853652f6bfef64dbfbdb826521ad9dbf3ce63ad
ae573141f25f2e4ce8d48b3dc7eeabdb2d5b031e1cf41d5b830866459077fd6a2682d96e46ceef662298c5313c7e1fd3f53e66e1a56bf7039908aa6d
70e9ddfa75bd9d7973a4bb36374e8e77797bd0770c6abb9089e23716c8ce3d5f04b371b8aeddcde2769d0817b01dface256004551cac6ac7e4a0efc9
e1700abd1feeca9635c143f56e3160bff2372a6231604f4e04945cdfcd89f6e444c5837a5da609d8904b80fd72fd75c0b19d50dfbb6bd25513f6c2dd
caf05dca70de0e45dc83234897c5caf0bd7b70644a8a4f94887b7092eb5917be9bebedc9f5405f8b04b75b47a685779b7d1f6e9c8c080eafefe1c191
321ce7297db7327c9fd9931cc2762bbcf7e4425678ef56eeecc94e0003eb87d9c9f14b1a2a93c3478763c9aa9c908a496a38be36236137ad26ad41a3
9a42565a7c451e0987696ac2ca881fd6181fb9c4b98c8d0497b7657948708715b5c791ff319f8fc3ff1df91f5dedc769fd6859171c891f18cb758115
2dbcc5e98777e423978fb5b8072fc022b8268d6ef11a39fe1954c3140fdffc1c0927f833c9bdf2cfa29af57f748fd0cce2605387f58ec79dd574ebac
ed3b7417fbe7587e3cfe2ff7ac7df17feeb19c643b125cf524ab3af2f28c3ee2c5244d08a0f5228109514b16c782ad9633abe44cbce5f48a396eaf39
8f3033edd5f3a80a577ae1516624b0f2aa7c06552e2c2a6ff47acd5dc42ab4baba266bd6c424664addb22fd9e3abaf176ace5a1f2eaa676d3ad75ac0
958804b720f703dce2f5ead377e219e1bf27e2eecb3d8707cd55b582b0e622b132ac7a91d45c2487c7ce8ba41ecaf3f020f8205d75907e5d03fd2789
d7af3f23a8c61f48a7d597c65597c6b80b8af86d5256868dbe5afeae6736d013c997c6f5cce29ca72f8deb99c5d12fa7274b4b18cd6fe5555eb7f7f4
22f647f8a9cd8d9343b1ca3a177cd317cc8a2004545f4cd4e42b98bff66abe52737fc5fe35123c37af2ccea46e92da8680532f7765cfee8269ca89d9
17d414639bf13bbeae777ccb1fb9a2fab2b9caf065c1a63612dcf0dcba78b4daab05e87a672d69c0ed5a2613ab30aa6a26569389fd59cb666255a7ec
a091a7f576558f172a2d38cdc3cee461308ed33cecfce5430978d889a95b4fe768385fea278f00239815419971fa4ae2cc6d9937f4fdf491feccfdd5
d3f2f4f5efa9eb5ffc00469cfe3a535c07bca09f16d74f89eb56289dde95cf64c258bc4642332d5bc06c38cd69cfdcb1f17b15092e4e77bc1575e5e9
3bde33b929eaabd377bc678aeb18bdf673739f24a7e53d6b2430e0a7703e179e4bf7d31cf34c091ac75091304cd36480d19e564a9ec94d2b2ad0d3dc
f44c6e8aaba84870558e2c0e75d969b5e429b564e5b6e2b4eaf1947a71b1b6ecb47af14c76895fa848f018e423337c4045829b906cc3eab2d30a8233
65ef1353a0d3970b673207e0d623c1cd4b0e80e9692438cf14a34f4fcde1b5a52701f8c68ab8a75f4ad1189f46829b97ba034c4cfb69ddc199e28ff5
5ea7c59f7366b7b8ab6f77b5f4738b755ba7ef564fddadfee969dfad9ec9c370e01309ae66322aebbd4e33aa3325aae63c1f17f764710cbaaf5dcf14
b670aed39b1995f0f95eda0e8d96b7641d8d8db059346f4be6c966d1acf16b6b368fc36bb390d3640f7bbab8f53629b3643537afd8962bb6714fd8bc
625bca3fb8388984699a24b8c6d26b5607b63d9b87f6b1f1163e82ea4db6f966133621f42d05e8cdde7cb12af4bd9746f3bcd2858cf7d2e8315fac0a
152f8a3b20b9577491507eaccae68bd5a68b55dc2744fc30294bf3989b09b49a2df02098090893eea5514b5fbab6338ba32fad786c82b4064028e2dd
a4a11c57d3fe9476eb37269845a67665253900359ff69ba41190337ab334220cb9f73916f537336a3ddb06db6f6646ad6771b0fdd65d5ccfe2e8aee1
3934b29b3d677d419abe0ecd169b859836b2b4f33f0abc6db881f2da712274345f9fb69995e174de7c7dda747d8a6bb7dea607616a10dc2bd383f09a
91bc39d29b56720a1d2e7ea3c36c17277f89efeb362ae26b8b26de57162f1ff3be2641ac00a81a099e7c4f16474d7cb52a5cb960ec34e0f1e413eb2b
8075f5cbac4ff0700baf11fa65194dc86eef6f0d1a0d90ebc6a0b17a2eeb4daf35ff63ae5f3ef95d9255f04317f1cba4ec135454976d3cae355b403f
5fd62d5e5b16c72defb5b938bd13f0ae7599295e628ac066459c01bff67c7ce84eb159ef95f8b7cc85cbe7c56bcf8ab871be3db9925ff23e35125c93
2307dcb5f49deca53b596fadd7514d6a223102b643b974ca2c85a977f99479e994891bbd887bc093cb16345497af6baf64a5f8118b04372e1f6bda1a
f8f29dec2576d9fe903c383a4616dc464482fbe4cae2389a5e3ea1092f24b234a99b3444a292d79f1cb34f60609735a057cfd2e0525777697ad260b1
e1b29af31ad95fc87597559957f2442b102f5fe05cf31f8daa98455d338ba326d3a3fa647f790ef9aef3ca256e4560e7a17804d7a45568bb69da97ac
24ec565876493e05e8c74868a6f5a41dd0a669591736b46ea9a80b76ae80d21e09ec307dcd7a62acd57dfce972c68e379f88bb2a725f5240a88d846e
daaddfa8e5ca22ef5b96c600753f07e8baaee0a150c42f93b2c3387977f30df946fd23f1755f49f43d4b4375d57d25d1936f5871dacd37ba3c351520
c87b376fe8478e01bca8fb6ab5ebfab400041e09ce33d7ddc631a69f7ffe7b92c67fb685e8d2c6166b63bbb5b13dd72b381091e0f25288d93cae5e95
3da511902022c179cad9570136b377afcadeb39e6c08dd370c3d9725601091e03c735902971a09aee7c83c11a1bbcf465d024701a6b5779b3cf427f3
642be93e90741d48707d1871cfa45cce3840890477cb93af69b94011decf17ac49abd04ed3541c2d37c04f04a7485f870d2ff4a19b89b2a3e618be1f
1d8b7022d9d30cfe13c12b7fa322be0315facf0232541f808076a1ffbcbf35682e4d4a155eb245fc32490b0f20e33e7895d8d3456f0164b60f5f820a
1be8cf41c5d84011cc9a70e1377c43325288d911318739ce4869c41af1e14b50c1014571f4890595f17295f2226bff277177f88e540e85dfc7d534c2
0c696c398d50440d1e654770be252efecd5db6651b10258799d5d8b3ab912587d538238f463bc615c347a371aa816cccc3f65723f991aff58deb13c1
2b69ced2f3489edb01b4edc3672301fbbcbf310acd3569aa099bf6b031fb78d5c705af977dd81c55203f9123bbccf04dae507ffe9c088dfa13c1ac88
d781f9e290a96ab1a1e7b0adaad081e26cc76235cb1c29ac80add7876f7285015470b21971cfb0ae66bb47ac691e79b43b1071868f7602052ab8d9ec
06058a6056c453dd7c76249f05d9a11b1628829a42403b4482074ec897366d19beae152ed0fb1bb5b4f9ca48a9e9e094397c953b66b60eb63e7cb21b
799e3a60ebc3e729e1f5949f47c7977323d9734505359e3f593e49fb8a9b3e50cd94b67cb9356dc23f7f1a9fddbf5d2665964cd969edf54cfe5c110a
a76f8e677253dfefccf287964d60624eeb9a67f2b0eaba58cf34f34465edeff4896abe27aa62632063df44308b836d4c9fb666b21b2ba90d8cd367ca
3fb6b19c56410909a7fc9862d32aa899c7a60a279a561acf5433e151231218d8a95baf621bcb69e35221d014fc93f60980709fc9f84e38c0f485d814
9e5939e16e1340b32e0c9a828bd33ecddc660a5b56b04d1be20b84a6e0f934e2874967fec67430779bc9dddccdbe109bc9a6c027ef86a58960d60489
775a6134f3707422be4d6ba8e7cc3c5134192d26829aeca7496e412e657c3745c29f2c7bd218722f65b9eb5e8a2d2ca7d5c9532a63bb73efd32ae399
2ca0a1179ebedb9a29bde194bd4ff38099eb1c07ecfdf6a94af8318bbda147c2615a4f9aff1ba689d9729d6144990866711cb86ef3803b79804f4086
9b89601687fc76fbb1f42d17f45634dd16c4ee3c01e18b3c1236d376fd764072e3923b348e24b76fe1ef64010de5dbedd3d19d4720100c22c1c5ed2a
0e5e7bfb042488983fba2b43c47441c2bc9818f4894d52851153fc10dc1831115cf3371a67c6219098c57ebdbbf05fbe6016c70cbbad5511f64b0173
31e2ab496a9be790f5d377bd32474aab2ead6ae038b41b0c26825911f68adbf7f6028a59ece5bbdf66538283796914e77b7b41c3940556745bd0bac5
8a164f66bf09ba5b7617c7c5dbef7eee972b490bf89fc4dddbd7faf795b97aae5b3212764cd0b823bdfd285a603265f1f2b16071cfec164f3edf6ddd
2f637a6974f5aca69dca929e36a3ba67d6c42bd976b1b7ec62d73febc72ae3fbd67cd84cf27c905ad8ae9f2301de27d898a0b1101e6b6a8513b3d81b
727f7c2414504c010c32e2f4f3b3e46f74d8e35bf167c9df5648dd244d150e628f2fcc9f352b699a4f46027d2978138eb8ebff0f040696f2f8624b28
304183a53c6637c27a59ec0bb73f368117ee4b012c32e22eee653c2f6c0b595a89fbe85461efb891e0aa24a080f57d8f7749b99e5fec09b33fbe907d
74d161179391304c5367b2813ebee47872aaaf68331feb2312a4c43e25bb414a7a8294acd6051aa42482897bc2aef5f81e37a141ec0472fc906ac76f
cd3c0f6828e7873cc82f76c8367e747504357ab87b8a84669af2dc3ea12312fee4f9246dfd68dc214630f3fc5840249ca669da9e6489527cfcceccf2
20cbe6e6258bfbc4a661a88bf1cb09b17f93251276d36ad29ca55ba7c3e48aa3a6f1bb5cdc95c5997498a44e016a331286699a2b8dc601143b7eeff9
b0e0cf23e2ee2ef9565f79c6378c8331847b51583f43e0175f302be251edae48cf8a9c905c91f77c58c01a89b87b329708afff22c1cd1ed9932b3d39
3ca6af8aaeb0228721322298955ce9ade12994cb073dd9f84df7c9cce236aa325ddccce268dcec26bded06b032e237a43ba7c9c66f3cbf8ce0aedf68
dbed76df59919dc6dd9e41b91bec9ee7b71bf76471df713e125cdc93c5d1eec7fd954b7cffd8cd5810682398597e279548d84dcb6a7e776c63e12a70
2422c78ab6682c8bf35c72c84ffee39a70086623681f638f0426d8f24aa90527e911779625a773234b703722b8bdbfade4585cda6b9355f0c411f1d3
245584f7d091f0a7221a71e6d782edeb903f8a82d7f088179312fbe7c76fab4b5b35bd36eac80d6804b322ccafc54c36d13a560c47c7b2b94b728bc4
7b4324b8b82d8b33a99ba4b66d3400ede048d48df5287417b2fa10ea4601426618756324eac68ad1e830eac648d48df5f0e098db2f29911fec3ccbe1
e28e2ccea46a92dac6fa58ccec9794d551e58da5babb6a96c6525daa277acd16ecd4b2ba0572d91b34aa72bae5295abfcfa8ff8bb41bdf7b8abde61f
05a0cbb134d734f71e9e660ca1747cc12cd14bb239cba6913d1886cb53f3ca469c34c27b4f6279ac8757ebe57974a9afcd1c2ef7756e5900b2468247
3645a6c38bdc1bd3f26e282f8d3cbb27a0748b6b65f75c86c728f78aeaa5303c46b921542f056f08092bb262c53a0c2b12419d016ae1bfe99ed619a0
9c0cc274717906c045d4586e372f7784ea497dbbb864fbd5ccc36c3f7145561c968f8567f743102305b8cc887b9d3cd972cfeac7f3e1d17cf0203cee
e8dc11b0391dc53b42a291ac98128fe21d41302141fbb442a3a0e218c209791d697d24ae9a22980dfff4c291709aa629f69da786714346c9bd026bdb
4898a6dd49a3960b3cba681fc159fc30dcc8902fb4f88d6dab784728afbd6e01007394d5bfbd5cbef0506718a4649464c3282423a199a66e3e17ba8b
934a04df41e57410717757f2610c1a23c1c525b33d0b0d30b34d6c93a091a7c56739747b9ff0f01faf7523d89346cb0f8fea7bbb5c388d0cfb781b25
b92d3678a398db2626ca0a30ec28e6b6097c1234664a7571d27fac6ec1e95e39b3e530e2727ae84e0d1d0bd2b82723714fd6f3a096e6b40960b262a2
1b09eecc04b4c3c82b12dcf22b5be78989efaf51fef9fee23773da929cf6e4c0512e1797ec1493ac4870a7e804b0ae2ecd35e959139877e9ae49cf9a
308bba3b250f8ba717eb74691277578f9cc5dd928c0f3b9551ccf84a2a3fd08c46c26adaa62c29cd3c319148e237fa0b249208664d68dbe3c9f024b6
1e0255793c191e4d060e91e5718e2f770c121579cc509225364a5bcd12135264c53424124ed3b2b413d26552cfdf9ce5304d6d3b9c23bdbc2ed99348
f9462219422229b8a819462289605692c3facaa5fd4894929537f7c3282563d55d52d0288e9bf908667134c0a2f59a9cb4b1065673d23539e99f1cdd
27db96bfd15f9bb3d4117fc38438129ca5a43eec7622ee2cc5be36cc65c77ab871e2511bf8b363adeecb9ac5312dd7eae26a1647c3ab8bab599c2783
d9d79aecab5293ea51958a367ea305a868239835f1243a3d746716c7966b0c9321b76a2f8d211f9eb33aec6e0b32d1eac3eeaac32ef0991177ebc419
361e6647828b931a697b3587ff49dc5db1a61debad2d191166357348a08f0d6d6b24b8a2b72a8a08b3deaee89d68919bb3745feb9cbca1fe8c044f69
9d9341bc8bb8e7df9335f17a7d3c0c620ff6683e0c2b12c1fc8fd5b5f99c9c9023db82086dc891b195ace667b81309bb691a07ab54366e7123f824ed
abe7664925b143366b2b8c1d12c1cc139963e3714204df990bb468c4e9cd4d12cec6bbf44870f38e2c0eb162f3196ed3190e63b4617c90086696f4f4
76fcc9326be99ef6729657d417f3f25b44768b1a4115e78657172757569b8f469b9773c2916c986c0ec3918cad657130abcd5ac0ad6535d1486ccdd5
d4e5e9665172eb6e9e346c1bbad848f07fbae9dcac8bdd3cdf371d10b6d575f10161d30101efd9c3e819115413703416096e42ce774c1023a19ba6b5
0ea0e430b24604551ca7a69d3b890866eb585e3b4ff522a8166cf4caeea590601d41abd076d394a747d6d01a4370192f8dffbc0bc9c16c01ce74ecde
85f65c5d20a40ebb9c1d89adb16d4c693b9d1d0992b1614419092e6ecde2e815af206162c46fc8543b77ae43201936af1c06c9886096068bdbade111
8046d9d8d776ecbf86f0328a95ef3bb7b163978dfb0616e8d8b1711f82cb28a08b46bc9aa4a6b1e3edbb7b5256639bd5f2bb153cfbae8a2088ed87a7
902e6a370431236b44303b0bd1683f3c15926f6cacffdd7c63cfad7e3bc8b3bab89ac5d1c99602f6641b6cafbbd9c69e3b3de6a691e04ed64e8f056b
c43ddac95170483d7673943da500ac5423c18d933dc986956a2478b8530a008820125c9533ab4271bec6d813fa15dfd391e0417d2f6d5fbfd290dc95
c9dbb06d8d040f6acbd67160df2fb7ee12ff02a37118c164087ae445a165587d52111649f9d361dd6390ac742ffecd9dd2352ddd97c0940cc19214d0
56c7eebb8a8422891ca10d57646855719ab2e7e6919e9bff74c9742fcfccd19cc62aa68422d97cc5612892083e4923cfdbc5bd27abb2b3fdefbe3d48
04930dc3dd48f05c7885a0f88d417d3c38b91300101809cef2dd090a4ee022ee4e7eb2342f706b9884975276d41b864b89a0ea8ff479788f387e8947
cc023fac603ade8355fc56213593b222a84c0f6f2d09ceb20102380e6f2d89b2b2e12a3c124ed3de19e4a97070df1dc121d27f43228bcf5d9914eb7c
6d72f84075e840054ae630aa4b04b39e2cffa3b8edb95f81731109c3340d39dbd5e1edea58c5ee81911d4287f982aa09a2c66159f058b337d10e1c9b
c755f7f9be423b368f6bee723b9ce1d83caeb995814d370c3d13c1276954c55ab263cfe24c7203b45f81a0197177a56e1d365f9b1cbb1bf7ee4fb643
8ff86d525604bddb61fdd99152297e7e23c1037e4856f225c751dd2979c8f425c7e143e6a14326b6ed11bf4ccae2dccfd5c5e5fee25b8ec3fbcb9127
49f02f22c1c59d591c2d3fddf214747dc971344f595955ff5976cdfddcb234af64ef21090cb40172310eef2189f0b3615f1c092eeecae25821de428e
2b1bce9675744f14d947ef9521e81e82dc79007d8d04cfcbdc5e302f8e04f7d7ab2f2bfb9fd2cc1cf2e07d70823e866b32b22634c0f7ddc7c83e613b
3e86e7a54c427636b36378744696c6cdfbe13bed442fda2a1b85d18b22d893c6d059cb77cc2c8e0658cb77e4b654d9a90f6f4b476e4b6c90c7ed6ece
73bc2f68ec097bc81376018a27e21ed4dccd7c3f73f8be3be197b6ea45e7ed2c2196b66adeed3d4b684b058ff7117771cf3f747367e986e7191f2c91
6164a608663f23de570cbc23a8298b686064a608662d11efab37b49a1b5a4586afded06a9e872a8caf2e2e4e3a405f5c57df98c879fc0bc24e0b8a5b
f0de821473d95a8a49591aaca15a1191d8529baf7caab7a59a47258046465d5ddc9ac59d904e93b2e1d5bf0dd3de7979a0a2a83e45d5dc967ce5537d
199e00529bef750c20358417f5d2c8d36725e1451573fcba3bcbd71ebd80ae1471b73bf717fce84582472e3711104f86f1a346624405ad42739e8700
d34f8f8f2f616aaa3d4e5429d56a8faaf3cbe139ebf34bcdbd071c8e487071b9c19c8bb3fc53dcad2c4d4278ae7af41bbf315378f43b841515bf9954
4d7a59a977ac8a39fc48e8a8edc4e2a8da40abca408b2736a3fa645373c7c2307f183b2a821a398eabb5b9b43cbd607c3faaedb3041555bc07d6cb4d
7b2f710a384fa35e6eda951d89c2b4fae246d051c5dba3a1a322981541eb597d459eb0529b2fc8aa37ac9aeaa3139d40b58156ed591c0df0a1a76a53
02ef3de2eec991b364ff8f460cd5365a55365aa0520e63554530ebc9f65fbd67d53c13f9daadfa4c540539b3f9daad7a63aa77f60b5b6bf53d52cddd
e7f422f7dd7ae266058df2bcc5d4e4f9275b9391ac8690acfc2c6918c92a82aa0a0fea2361374d5569ec9f27ef3147c2556dc0d88c7371718b8a3b4d
72968be61fdbae90adbea01ac74b864818a66942b86dd8ec46302b82b1d5e94bf204c00a1a8df3769048569baff94e9f44046a55f0a83b4edb469da9
38e391c338795819c1cc1249feb401544259058d2698e79f79a6681c684fabc74e1940592a3a79b014c12c6e77966e81b603202423ee0edbb353d807
4f5fca9fa97ac2efe338ad7a3aa57aaadc6919ad2a8299255bc5e94bf244b20a1a9d523d897400d87f6edde9e2f496c9b2db69fdd2f9f2e3020c5cc4
dd5d7a8cb9f38035125c9ad44b958dc2d058e31413de7f2ecdfaf15378dc41e33f9b2325a4d6fef3e4f345f82906b7ffe0d0a719dc290657d92a4e9b
0e9d23ab8266f3b4e9d039b2386e1b4e9b0e256cd6fe83471b366b2434d6ceb3b748d84cdb55152691afd0ce99c3c38dc269f9f994fc6c09d3805a11
ccd2106f4e73b7f3bdbf7a1d8e504beb6ecef4aef1f34cb182e69409900d8e8c8c3512196b5f98ebcdf7dd898cb5e3bf311236d35e56643ba506845f
047bfe56a10dd35413b6bb66eba0c4dada79e3308cb5355ac92c3901342beadb9ab544e068beea6a5bb60e9ed2ac5368d22900e8388c8b15c1cc92dd
a77991276656d07668ae66fade5818bb6655b770b0fce432e2eecb235bc7c6d4ac54684766097368b6ae4960aca0d1d1661c8970b5fbe2d00857a349
3bb0fbe2b0990508d1aa58cc6f36a111a255fc86946c18ab21d8aad75b0cc5d9bca6b52c8e235a6b2eae657174a6ad6b5acf2ce100cd87eb2639a622
71188f2a82ea14de6944823b45a89a41a305c3b3f695670a4890a3e10d23825913b40acdfae0267d70f56cf0b9bb4d2d114f065b150a96eacdd1344f
a29785f8216dc4bd7a745ae71ded68168a5a721b1c778f66b6d1d20350e194df7c244f30aaa03117ac45162e55c1c549c411249bae1a2b1ac5e6ab46
c152bd20c4d4d227f2a61339988da3f944de927f15b41bcd46398961b5e3007b5c66520954b5e3dc31124ed3b2b80aa99ba4b6b5ff86c7109fd3d397
cee4fb8abafbb28076250f5b515c5fe66197d06f761c4647028dbf248cecb6edba2c8c08b6ca2f96c76561e44af606facdb87c6ebd9287d954e6320f
4b40aaa091a715a3c2a68ae21a2406fd120bb319e3e5db3a4153458ec8dd978fb4571d49234b5f92092ceaf5b604cd82ca957c63e3f2e0b25af14af1
60439f7a593cb8241ed86cd2a04d115487f992ecb2a54c023aed20ce0c033a45308b435571596377496377f2c2e6b27490584fbbaff28cf53484f514
bf31532c395cb9963716de65fbba2bd72b583491c032b974b5b3ef9e2abee44f8ca87d472dd77dc0e9b9847cffd1ad9deabffc0f41bffb4aa5e74ad8
39f376af84c48fdaf7cdff39cf25f344abd5ad9e125c54010732e2ccb1fe5e3fc46fc8767dfb43cbe2608ddd8780ae43002fe687019d22d8f3375a00
6ac1e8b9b87c6b6244a791a84dbb558b7d7771ba25f789befb96bca7db2eebecba6f1dbaeebb83c67fbeefee3a05ec808a47828bab595c85e4e2a47b
dff15d17096e5dcf2c399877dba6f414787d60ecded47a8aa73e07f4fb0f4dfb4cf55cb17eb7e7fcb341fcf0fc1b2930da0c7d5860147251017932e2
b7499925bbf9f0d44c54a3dda6e6c3535348452f6d85e6e2962cae41727145d3cf1bf3f05179bcb3d4280963f859d228d92970c6816b97086aec0e93
2e93b292eccbc3f779094fb45bef38ac54155251015138e2dda4579f8747ac31c0431b022a7a73e4375ba62472d1c95e6168a208aa2256560e5fe725
34d16e65e5f0d21ab9377993197e6134f62cce247757ae2c449ce1953552f206b9790cab5b47ae2cdbc30fef4d23c56beb0f87c5eb5175da3ad1f50f
eb5447ee4d662ac332adf0860a48ca6334573357a4d55ac32b320188f63f1d6d8b8a912765b03fc7f0e31c210745718cc1e51197e21198cb887b36f7
ec14ce1cc376188924747a32d80e6324db3811ee86d946a20ced7f6a6293b6840bda01f6880417f7eeb30598cb88bbbf52f26e9e44561f8ee452607e
448297f8fd8f465fde7f68aa66e3ea6778071de9f4b271521ebe694adc9fddbaab693de0cc1db4c1c1a685d02921b4a16f31ee4f04b32a30e1e9ab9f
c404da6dc76d4ca0086671289aa66d19e692c599c498275cd0feda6aff27a1d7684211cc12d95fa7af7f1269686f1c2f8c3414637426ed9bb8d32f1e
a7a4d0d80ce9505f9f4cade703d769637a3d27f6cf019cf230f64f04334f0f92af4fa6deb0589d39ad829bda600fb0a022c1cd3b93c616346d953d5b
56856d66fac27ceac2bcb905be99982db3849319c42782d902f60ba3f88c44f1091ad3cc17e602f489e2689d2fcc13e0e700ff6218e0674c2dcc03a0
e24870674aea3dac7599568a4dadcc03889231bd32a794f0077ec222c1cdbb334fae26a7575fa2f81c8b5791575f22f51c36bc9e3e550ab4a758393c
adde4a109f038885715becb87fd97406efb6f2fefe657108fcb745e204f839c01c1eb7576d22f51cc62030524f04cfa4f19f6f6cef25ebc9966ea89e
08be2271e355c06d91f82e591c6cf5f692bd4b3601367e7bc9debab13d0a5abfdb37b6b76e6ccd93ee95797b4bec3d0a27c0db62af507b8a9f96dcde
9cef5ce87e877c7ba1dfaf04fcd26881cf9b09e3e3172986f11909d513bf99e69ae88d48e3e07bfbad9a9079e23754c0b76f5013aac70f590cd513c1
2c0d41ed367b106acf4ba37156b4251ecf617dd37dba385d93364f142bda04bff37ae6a196be0b4d3c1ebc000ce3f144304b8373dc56c32756cf6115
d06d8e73b72c0e1e7dfb32f4beb238935693d400c49cdb2fdcee745357103c6e5f86de924900078db847e755f0bdde1f1939abf584a1f37a1d62ea19
622141757c4762509d08aadd7eea759b15dd7a731634bad96fceee570b165932bdcca5ee276b0227bafdaae47e0fdceb0f667a03d11ec12612edb6ea
2bd17d0ebfaf7acca49e57d365b8aa61e09f08664510261ff3af04053aace179ccbf9e5f168730f9f8f2f159541c37398f1f960904e8f56c492d6deb
f824fb5a19d5c767a32779d4caf03ce6514fc93ce9e7c7d788cf2b45ac008a461cc6f0ac594bfef20de3a3b3d1e117048f6f181f1d3b8e0d51ecf1b1
e3d93572c524373cb9de864cf1ec7fb2ec492bd0dc2929a76cb0bdc72affe7c8e2a8a5dfb13d3a921c1b37058f6f119faa8673c07e2cc23cc9da6c2f
fff832e049fe657bf9c7fceba9591cfcebb119e123d0836383953e063d78ce6c39fcf2f16dc07369216f488b8f2ffd1e1d650e1b873fbef44b8ca5a0
31332da83c29a8d894f8b1a0f2ccfc0f59ebf155db73abcb6280fe93cc6b48a40866899cea1f1f229ee42b36877ccc579e14636c85fcf889cef3646d
4c72874a017eec5eb25680273ad38159e0fca1008f6056f3db12226187b6fc92563f1af76d11cc267c6b2f121a34e12d1f609844c20d4df76dc751a0
81d41e414deb4f808bf861928ac33a36125c9caefe0fac97a601a6e66fcbe256f2dc5cdca6e2be291ff1cb24f51816b0f3b7bbc7920f80f31109eeb1
5cec98ff4c6356cdc4a50a1abd7938cf3c7860751309c33471b24f0a88b83b3317fb51a9667596b9a201f988045733a50e8c5923c1c55515f72dda88
bbb8f397bf91e5e9f990878ba391e5e58ebed4d1aee5e571cdf5cc6d7c24b8c3520ec0d1dbfc5d1e5729200eaece23c1c5f52cce248fab34f8078e04
e78f5bc129f8a99593d334fc5404b3b48d5a0ef7e5c8166cd412d3a629f8a99503d734fcd44c88a9f88d5a4ed764664da8242e6a22a8b6b997a7bb72
667779f94c0fead4a036da363da8c9fdf0c2377fb7e750f2b0ea6979bbdd7914c3d75e24b8b83b8b33e981942ccc6ce3712fe721ad7a9e3c9e0bc9c2
2a2c6c41c889e048da098dd62d7954397ffcb7fa3fc901d8274ca33045500d47793717ac0222589356a175d3b2b88de23617b765710dd26ad23baa60
9846fc30a9678e94c6ddde140a93611da75198229815f90eca7331034b84a603adf85cccc0126a2968f4e5eee2f62c0ed2e1feca0315ee91e6829234
829965a52ad827cca5fea37d7376a9a6e5f1e76cf4cae96aa656055f3a91e0f2f240d23ce497c7e0d21814aa79b909c9c000ec8d0417975c0a3bb7b9
984b254cd1019cc55cba8beb2a8e4d6be91e57f98639d0b844825b9e5caa6df4d8f0e0cdac0aecc6904273c9b30547de487013727171cc89843fff65
792ccae2c555e46db372848884cbb44734266041c9388b64f30afc7e240cd33491e0a6c5e241299925d3ddf839115c934635bd28cb9ac57d667c91e0
e2d62ceeebe9c2c5df4cdc9d0a2ec234eece2c7b66c99c2e08e7b31c5915387b395c959a4d80d996d3bd796a42b0f28c4c134165b9b8c33cdd13b5a6
82113c8ba77b42d354dc69cdd25c5ccbe2e8b0e6e2f4a8b382da1b0987693d69ffedd95a7cef8e69591b1860b93c7e57b6d0e3ee1596c83541a3b3bd
d797fecf5334ff7537a367cfc0af0a4f6f22f8eebe8bc7cf7240e959dce12cff1477278db1c5027a96575c58d1f9457c35296bc2e22b96038ae4000c
c222eec939b353d8f4ca74a7cccc1291a478ad27f84e5d3c03a75b70679e275541db31859a135531c9c37ee7d8c122cae399a46d1b908969149d08aa
b4620e61ae53c4752a8898b398eb24564e451d3857731dc1e644713ba4c324351c5bb1693c9c29fc1b6301cfd5fc48f037ef6f155a352db3844faf8b
b35cc43c1a3501216cae459544ca59d1ac4ea1dfbc399ae60694ec938d0680363085796374e169cc9b0866253f5d41244cd3b22b5959abb9e6bafe2b
8eaaac2e6ecde2689c2599554c1323bf88c3a3d72dbb122eb6fa4cb54a920138641a986726e44d48f334ce870e41deac78819b86bc89a0dab62e9476
ba6dc93331989a86c39909795357cf93d3c59d59dc01c9832a96899562c43da8d282468ea6b9279b7ab2d0b6e6814b6e0a1e472478e0925d62b93557
b3cbf5cae25666f3e5e2ae2c8e3eb9dc5f3dfb84ed6eedee93e4962b9c74e5fe3582594d8ea7ab59e23a324f8ecaebf0880f8d38fbc83a3ce2c912d1
4c46825b209658dc293e1aad233b054eba4e774ab244349373354b143cd0eb249eaa98edad77b60e6172f56965d569e5cf7abcdd99c912d130cef571
5592ef6d5eace67babb4311594924870714f16f7913674b23331802a2ac6690ca0b9bd3ce9a57d55d9b89a9d9b8e1d15fc8fb9f1c02182594d369f8d
476d734b11072d5c244cd3324f9abe595d91803d152ddcdc2cfe6cc748da37421b0ac808aa7d3b02e3862552043521987e46d789a0aa090c7524b89a
f54e9ab3642d6fafe0159cf71bd88d676611cc9ab01d6ca76b72aa26071d76baa35b369c696b2c9fb909b7a2f2aa3d12dc82912d7055865b90d37d6f
e4e9e9bea57400627124b8bc940030078b04e72990ada0f1dfed4190f2b1620e16099e64b94c8ec5ff39cf5c0b3c5e9f9bd742820055407f23c179ca
bb6cc57fd7dc1ef767ca0056dd192028826bd27668bb69591e137ef74249f4a0ca3bc169f4a0990841d57abd9d17b1536041eb7bfff59f84de1da389
b9e7e1e3e0b0bdfbf0b1e73e8a9866409f0866e3115776afda04fba980dfceddab76dfb238268c617b22a8e2d00fed3c4b9882e2592a0fb923c12dd8
35e59d23d7af11ecf91bb5348fd89347e0e86aeee611bbb0422b8eae22e1302dabc22ebb1faeca9155a138ab3b05b813bfc107f6ead17bb59bebeac6
5597965ca7b26fefd59325590b2fb9e76ed692303bb57a729e2eeecce22aa46a521389069ceecb3cabf1587beecdfd75657f21a7edd692eeb9915ad7
b67b23ddb591aeee666fa47b721d2bbf76739d3db9cee90eb39231e166824671d3c5cd2c8ed65993b8e7b1e37455bcffee3a7600c93a8d4413c12c0d
beb29b1f254a4d3d3de2e64709451334d6f2e3e29e2c8e063cee946439e0d44ee3cd4ce1cdd8c3c534de4c04b334b8bbf16622982d80e318706626a8
4ce519ee3c1617b7647126ad26a9019c1f0e6e52e791a715abf68c1a13c12c8d13ffc14dea4c4499ca63da7914b740373641a32a56c91c7980b0feee
f001e2d00162459639b0cf8a6056f3f46fae6672be93f3dd61ce7708dbb3e2e73b12dcf454d7603f1809aeca9655a1e556860a0ae6fded63c287b9a2
b0605e1aff71ab3b050eb35a5a36384c0455132b190f5ff424704cc524711ee698c771248daa1cee31dde6548cefe661c9e9d0d5ad057083c344502d
c0cd7424785cf5d23e6874f4e926e401a97946fb8074e880b47a3a58043a9287590179988725024cd0183b8b47879e72d6c6b5d961ddeb91471d9ec5
46827b333543582b46827bf3cabaa08f39baebd2cfa4d12dddcdcbf30cf68891e041d77906d0d669e495086635d95d8fe16a26af6d9e9ae6b5c7fc25
8dee9c6e7a4a78d6bd1a7a2582ef64397f9e64d39345d736416372fadae610233eb1c38804e7296e7be2d8751ee6b6899472f2da761a2925829b689e
658ffb45a79d137b8479f8b473e8b4b3bacb2cfc2552ca893bd2597d2d9d482927fe486735bbadba963e713a1a09c5b46cdef72e33124ed3c4211805
439e44305bc0dd59354f4d3894135cdd59cd5313d7e4b4feb85a97238893d547c76a965ad76c1df3b6fa12bcea121c0cd5881f2665691cd7aa2fc113
0ee5e4e1efac66b7896b7262303a8d6b12c19c63c16eff87d85bfff7526ff51d79ddb25f10512baf63a7105056c03623ee11dab3321c69aab9aad051
561f7fabc5d0444439174e3bf570694796468e9634eb2b58bebfd12de6b7551753a7afddaa2fa6ea91c5b92abe594f2095a0310c66b88988123446dd
4aae2a251788a7b35ac95575b37e2e5c30555f0c0801e5a591a58faa55b22608a4b35ad6143a4afce61574ba7567b60ef1a29a87d796c5b12d546bb9
aab45c1bba9edadc822b3be5db7f9fc6a9eb69af5cb3a1b389f86e527d491f238ef869d214e98074437acd5b8d0f1bf1d5a458491b78c1117759af06
75e3b160c487496f59e8569ec62d7104a36bb6fd9b08112f2655912a2457fe1584b6ffbfaa6bd76d1886817bbec24be6bee487e622ddda02fd03db12
810c710c37f9fff288faae1d02e8721025d2942dc922cd5d09c71329bc12766ad829ce7dbc0843f193548e93a816d4be7270dc891a8252ad3f6d5550
1dadc12cae16b1ec89b9ce4c01ec16f1ea4aa5e7586d6184a64e36ec655e2cb312dddbb1ac81bd1ca7544b3decc3f252b9570f312894efd6b1ac81e5
975314c8e5971767502d050e12984360472a4be51c6ed3f1a264a99c432f198a5bbb5e0c8f92636779540ebd7a095437c6e8c64081a3dac21e5262ea
50c732d4180233fd7092dbe0ec4be267e61c4be014bef1c86e4cea3ce64389f190a600798b007965eb3405c85b04c82beda66309c41428b5d2ab4860
895a99b58a2e2526394a13698a73b78865572a48cb552ae3a09d12293a56ad1a2efa42b7a9b221367dd3d3406b54dd52f0ae4ba9122d9bdab2180e89
c3c1d496455bfb52cc8c3318338cf8e7fd05a343de0ee390273fb1683a6d6871da1039ecff3d8a012ee37a787d1fd78ff1529bf9be6d75b995f37c6b
1ef06f53aa9d97bad5efeb7d9b6bb35e57d48adfe1783c2de5eb9702fa7c3bfc000a2f9d0592840200
