1f8b0800000000000400bcbd6dcf1dc791a6f9ddbfe2d9011a7003b27daaf225aa7a060dd0126513238b5a92b2c758ec87536fdd042cd2a0e86ef8df
6fe4751db92d4fa369ec022bc0be93f1d4c98a8ccc8c8c8c8c8cfa87ffe39bd73f7b76bcdfce9f959fdf9e5e9ddfbfffd387fdfcd9e7bfb9fff127ff
f00f5fbcdffff4ddf9eee3d7e7799cc70f7ffdfe9f9ebef9f07e7f7d7e7cfae9e72fbe78f1eeedc77fcc875fbcdbfff0a7e3fce1a9fffca15f9efff2
f6dd7f3c32def3f4d36fdfbdfd9faf7ff6ede7afe79ffd7a3cf4e6edc73fe41f7f447f82cba7fff9fec3799f9ea6f1d86fcf0fdfbf7dffee9f9ea6db
cf6fb79e94cfdffff1cf1fdefecbbf7efca7a79ffdbfffefc715fda5f834adebed67f36d5ae5e5e74fcffef08727fef4fdd387f3fbf3c3bf9dc7cf7f
f4e31fd7f4ea3cde7efff1c3dbed4f1f93eda7fbbbe3e94fdf9f4f6fdf3d290e28dbdb77f70f7f7ebade7ff8eefbcf9efefdedc77f7d7affe1c7f50c
e2fb3f7d7cfaeefdf1f67abbdf476d9f3ddd3f9c4f7f3c3f7cf7f6e3c7f378fae387f7fff636fbece9e3bfde3fe6ff9d3faee27aff873fbcfff7b7ef
fee5697fffee783b6af89e1abe3bff86ebffaa09df3fbdbf7ee07d7f7fe4affff4fdc714c5c77bb629dff974dfdeffdbdfbc79ff8b38dfbdfff8763f
3fcb07df7efff487ac76d4f6d7ecbc3ba8e42fbcfeb8a26464ffc3fded77e787bf5fe6df0f61ff95847f6038a575fc291bf1ff1fcf4f0f091d8f1976
ff6148fce2fd87a7f7f9970f4fdfdd3f9e1fdedefff0fd8febf84bcf3236a8e3af5af8f3a7ff42185f9f6fa979fce8ddfdbb7330efb47af7fe3fa8f4
eadb1cd3d92eeb7dffe16f78f8eefee7a7fc558ede6ceefba7f3dd918f64751f0677dfbdff783e29d1ace4c836e4bc78baf20f3fae04197efffefaf8
ef63e0fd30a8bfffe3b98f519d35bccdfafefdc318cfef1cd9df8fe9fe5ff5f69b5fbf78fdf4fae5976f7ef7ecd5f3a72c7ff3eae56f5f7cf1fc8ba7
5ffe3efff8fce9f397dffcfed58b5ffdfacdd3af5f7ef5c5f357af9f9e7dfdc5dfccf7975fbf79f5e297dfbe79997ffd6fcf5e6735ff6d3c95fffbfd
d3f3fff5cdabe7af5f3fbd7cf5f4e237df7cf5226bce57bd7af6f59b17cf5f7ff6e38a5e7cfdf957df7ef1e2eb5f7df694b53d7dfdf2cdd3572f7ef3
e24dfee6cdcbcf60e77fafe3e9e5973faee537cf5f7dfeebfcdbb35fbef8eac59bdfc3c9972fde7c3db8f832d978f6f4cdb3576f5e7cfeed57cf5e3d
7df3edab6f5ebe7efe94adff712d5fbc78fdf957cf5efce6f9173f4fbe9297a7e7bf7dfef59ba7d7bf7ef6d557ffa964b289ff855c7ef93cdbf2ec97
5f3d978794cc172f5e3dfffccd6759fb7f9452efe74b9e7df5378279fdcdf3cf5f2435a5f93c05f0ecd5ef3f1b02cd17bc7efe7f7e9bbfc83f3e7df1
ec37cf7e95f2f8e98fc5f83703fa6f649addfdf9b7af9eff6634ede5974fafbffde5eb372fde7cfbe6f9d3af5ebefc826e7bfdfcd56f5f7cfefcf57f
ff714d5fbd1cbdfae5d3b7af9f7f96ef7ef30c96b2be94f5ebff3ecabffcf6f50ba4fee2eb37cf5fbdfaf69b372f5e7efd8f3faee5d72f7f9772cda6
3ccb7abea0af5e7e8d7852c42f5ffd7ebc61c88daefcece977bf7e9ef41c4a5fff27a27e3664f83a45fef99bbffe4d72923df0e6afe4f2f4f5f35f7d
f5e257cfbffefcf9ffd6692f47fdbf7bf1faf93fe69878f17a3cfd42867ef72cb9f916318dee4f7e2dbe78fd379df5984d9f31629e5e7cf9f4ec8bdf
be18ad7bfc3207dceb178fc189cc3ffff5a3f37e3c53ff3faec8cfdf1d9fbfff6ea8caef7ff2935f3c2c8aa75ffc60635c6fdf1d1f1e6645aaa63432
7ef293694ed5b87ffce19fc0fe5d1a36fcfef59fbfff787ef7e2ddf5fea9f8dcf1a73f3e9e7d7afac5ab2ca45afdf3d34fd190ff988aec1af4971f86
46cb85f3a79a227ff9c3eb3ffdf18f7f3807834f13b4d48a60be2dad9caf87befdc58f2c9af147fef630641e76cc7fd0dffcf98fe7a3b29ffce27f7d
fbe28ba7ff2b4d9fdbd3dceaadffdf0ffaef7e3356de9bff9a6dc0588cbfffe37d3f3fdcdffdcb99dcfd8f5bfef7cf4fffe38bf8f2cb7f1eff7eeebf
bffc72fc3b39fd9b5ffc64b2a25cefb25e693fd471bb4dd73f3f4de3577ffde79f4cb7dbe3ed6f8fbffc62f617718e5f64e13ef1ef01f36d8152a524
cc5385125212a6d6a02c5212a65b40b94b49e8dd7a36290953f441d97cf780a9f0cce6db074ce506659652fef969a9058afc0c48830f4a9792305738
dce467c07cf35dab9475d4334391c3013d68c526871b1cd28a6d9792100df96c879484a8f27c4a39c733d67c49b9c6dbe17097c301bdc3cf61db07f4
cebb0ea53a602abcebb015037ad0f6c3770de8caf0f05d0342399fbe6b40346abe7cd78068f073f9ae8b77c1f3e5bb06841c5ebe6b40f4f1ab69a277
8068e35dd3ccbb80ee33734889f1abd183d9162803a24f506629f36885cf1429653c334359a4c04f817249b9c6afa8a7d22e207a85e2bb06f4a09eea
bb06446f50562909f178e62e859140bbea26651bcff0ae663d0d9e795793e706cf43ce53571a037a48511a038296ce8e2860991976f3ce43406e5e06
c58e07e6db0c6595b20e0abf3aee52ee8352a16c52b6410928be6cc07ce3f5c721e5189421d6b222b232267ca5a9e55ea4e4bbea32c4519c96651fcf
ace3ed65f7993d9f69d3e0b0de7806986ef3184175a27fead420dd2021a25a240d266b915487ceba31646ab3ae465d63c4a65cc60b13c6acbf49e952
1272484259a4ac8352a16c52b621eda162b2bc4b3ac6431dca25e5e2a11824b462c2d082b54199a5242cfde6434d5287cb4129fe6cc06cddc59f8d81
3d15d82e554ac2d2961992150d58cbecef6cdc8024d196b24aba0f0e267f68f3064ccddfd9ba010bf326c7862c0c58da0a0f210f03169b1777290aca
87ac2a18a915d9c521e91ca47683a4f0062c15169609ca42e54350d38dbe03726a4259a58ce13c0d0626fb1768eb0d4a9732b4fad036f334533330d3
b6c95e01e6ceaf667f8546aa3eb34919421a9a7f76e626d4a1c357283ed3d0e185f5f68735f23f5b36b373e9e9a98f39d26952488941695056296382
4d214576074c01bbabacac635807ecae4d4a1b430ff1ad36694510fe2aa40c8d41cf4ceb2265688cc7db15f180d9466ef23360593a3fdb94e88024d1
119b3c0e4852852493acc14bb7ae2aa942824d349bb02c0b3fdc7de3ce1b17aadffde1de0669ed900e49c7204d922e4917247e7858d7415dcceee990
fb03ee9b24b91f30adfe4ee60f986f92e4e1c082e07da7950f582787df69e50392c4b839ad7c409290f269ed039244079e76d7802421e6d3fe1ab0a2
88b36c870d583163b26c8f0d585908e6197b4ec8de86324b190d6c3e53a48cd9c5ebd2e291d28712407a39412561b2cd501629c364a3b7662725b038
2fe6db2669cc9dc58a7629281846e37cbb240d73671a2298311484194d353bbd81255071f37497741f431fbea743ca50cd0b554fa794619d167fe5cb
50d6312112953530311b66d502b04491d42429131a372b937948800e9e672530c0fe9d67991ce0b8985527f3bc0f26fd954c0e98598866753c30b1a0
ccaa78605a7cc64e1a908a108afc0c58caec434a64406a9641a90a72c0d2184ab940491a53aaae3e65e70ec8a7a8aa29a50129139e6a76d380ec147a
ae29b9c6f06254a82c817c88063785326019ea32cbea4320ad3828563e607a3c63dddd5ea1f2aea0fa10cb83a25886c594af93a47c3b5dce7235ab6c
e76057a03cc31f4640a27d61770636bffde93a37b3ced5a0aec5bac6b295247eb8c8e932a6d4c2f0596494452d1c648b621f90247a79918765ccb285
e1baf8be01c9952407d0020bd6aece9f571b4d5577c57e47ec2c5bf35d1eee580e37447af787032667ec66ed9bf39336efca0f655a83da0fd93ae0c1
b17ffad4801c7d0cacd3b9766a9925a5a8598a9a85f1512664054ce883325529c86aec64e6eaf0a8a327a3fc1deb6bedbcbad2c141d7558d963afa66
4146752952865abd21a3baa29eea363a85715fd91cce95d617c45d5d4aea50b48129d7d4b340433934cc59a18d9d68166729096d9652a40c9b857636
b523d066298794848615d36ea79473507cfb25e51af58c66b4497e06b4598afc0c684d8afc0c68747453c9028d49d8ec0aa03199dad4a4b4f1ab0ea5
4be983d2a0849418f54859a42ca31e6b5ea58c0d40b3e6bb94fba0f8cc26651bf5f88cf299908f352b9f01adca8ff2191abe61fb37153cd0b01f9b96
601b0abe7529b67da6edd433dbf699b62367d700a031879bd6621b2b41c3a26cb32d1dd0aa145b3a96808689d45c028056acc776cdb4cbb7dbaeb128
b4eedbede5018dc1dadc2e000d05d28aed2ab48bb617db556897cfd8ae42bb78bb8b4b1b4b49c3d06c2e2540ab48bed8ae42bbacd9768dfd44c3f46c
6e2780567cc67615da25c57695d12ef4672bb6abd02e28d5768d5d7843df34f72040434934d7b156793b3557df3e206b1814cd6560765edcad79c064
5fdc95d880096bb5a93981599e559c6d68c9d97971b7df07b8e36b7725366076fcdc95d880d95970576203dc4c36ed6720551d3fd37e06263b5ef319
98bacfd86168a9c0d269aa296056bb6c72346056276dbe1f1f56b0ea358d6e6072c06c76d080a9cba41db4b17e2a6b0d73609e7868b7253b261b6cef
b2bda382b174da2e930326a7cb2e9303a6ee338a6dc0ecf0dc657bc0ec44dc55153b06c422c9dedfd9cacaa34d1bb07487a32b193039eddd2800131b
c0a6726f635330abb835c8816c3f3de9ca0664dda325fd469f00138ababbd801138abaabba811945d455ddc0cca0edaa3860669a77551cb0ceb3242b
9aa888d76bd702f910241506b0f41cdb9f5c35bb130f985028dd89074ca8d7ee52dc875df660a617294c189fa95286cb9765ac77a533606621e9b8b6
841955defb228509b34259a50c1f154b42ef4a67c0dcfc95d2193037f9b1ddd87b6d1d2f0bd72820fb6b827497843b848e0e7513b0f41b3f6cfeb0f9
c32192d0500c3c16b855e7d04a8bb1195fcae8b4a2273d61086e1812592c52c6341e9ef12c2e50c69a3c8d399bc5590a26ee4d923f1b308dc157f061
0d18236da2229a57705c2dccf52c9f922e1c40b034cbd280050f68d14d24e4fb20e1022d37dad2a0dca55cf892eaa05c9b9431d96e527629fb786648
b3e8b72dd31816654c882c5629f507994c0c8b322dc96c1d5eb9e28e35772f784ecba0302184794ca3325b3390d37f81b44a52b55153b7a661aaf780
82af499887ed5234af1390122ccdab3f1b90a41ba42aa90e3b7191744a3af193f1436c6961bd0db740296c0d12f2877d68ae2c2e52924f7c7059bc4b
d987c3c95f1d5286a39a8152e4a90c067a91d2a48c057aa1e6d59a07b461f066119994fb5834579e61694b180bfd70366431a48c2382b1d32fb86d07
0c7e9a14f9b90f7e181165939f8d5650f3662bc61ad10bedda7d662c087d9810599ca5e06ca39e5d7e06f4eeafaa94619cac526ce9803e96fe2c7629
1c1ac0e16e2bf0800fe59f45a5b1d32edf6ebb06f44edb77791e8047368b9b948d5d832fbb248d864d307dd8304f5e78e6b01907cdf019593cf022c2
d02143b8e46deae1cb06f4068bb8db85a1af4751d10fe8a361f5647e08395c6e9026491c5a8ce998e522699c2d942e2924c5f038863f5c240d216160
677995b4b295f0a9bba43bbb8209d22669e348a6433a240d3b1c077b3d27f9e2b8671ed334cb55d2f09cde2a75b1a1101aae8d2c77491d5b738624ab
0372f21448b2ca0ee287ba4e4918cd0b3f9ce56b405f6748f8d4859ca192ac9ed3a2c51f16ab1f50279928367b40cf05e2930b6a3dabaf1ad06f3352
a976cd808a8b24cb8a6040364e92af1ad0d7cadbab2d19d066db5b6def803403e9ad710cf28060e4d7b329ce01050f66966def801414e26cb67740ea
18ea6abe7140f2e50f7de380d2277fe81b07b4a5c36a97fb01a5c957b7ae01b5288950120372019624ab03da4da187e336d84c4e3011321130714312
8b821e50cb425d8b750da86c70b36cb31774a4037e91d5016d56d043153fa057dbb8f8c6011d476a6efe9d88033a8647961df0033a067e96e56b402c
b2ba3a0750e6b70aabab0360404e4ddab8caea807a6bd625ababacc2d72a5f2bbba9e0877799e03caeafcccdbb4cdc39c374eadf656240c1979f6599
18107db12e45e87a5169f65dbe0604479b5996afbb879d56af080794ae96ba3b0006240ff225f7036a9da97ef38d03eae43cdfd43f9cb3579bbd2bfb
01edc1c46eb31fcb0d5dbbdbc601f1505cbb8369405914ce6ef503eacd4edb6dd0cef095fb5dee07749c7cf53cac7e40afcea143110e68b34c1c3668
403ca6d52113033afe912c2bd5016d528487f37140ee84e1eb9089833964830e271fc7f738afeb793aad0654ce7bb22cab036a75769cb23a200739ac
5e4a75405b0a0dba1c3903527b4ab2410372f231ee2f1b34a0e04ec9b2221c90cbd478e3e53205d41b7ae272b501028b34cb7749f436d3fd72b50172
2af8d4216974c78d365eecad84acbe40ba240dcd741b87eef5c23126a462a27a9729607990667f38a0aeac5c175e13a1ae3e85f12cd4bac284eb08d0
a2f8940dc24dc25970967749784586cd97651b34a0d402c98502e81c4566d9375667070daa2189c1b4229c2a130302ef4d96ad7e409f1749ca6b40c7
d4cab2cd1e90eb1b7535e535a073449665e535a0736094e52609d5310cc22cdbb50352d5d2eca6241a5dfba8deae1dd026074053380dfb9355e1ead6
35201a43eeeab2da5974723e7e7229bec2960cc83ea55e172020850edb2e40409d6649b21d4422294e1720205b02432143031ae7aef55a14d4821bcb
3e5d7ce3c21b4392036bc12472c0bb7201a9171958ae5c40ea327f285f03ca5268908b1950dbcda7ecf901addbcd8bac2e763324572e20b7c7bc7195
8995e5d3b1e69a0404fef22cfbc6012516deb8fac601bdf843153d5089b4c9b24c0c88b5f3c3cd513420c585085d0e8054eaf0b5f9c301d1d08b171b
0ba1b87c5ebb821e101a4b97cb01908b066fdc1d58ec091e9ac5e500e8ab636d97fb9da0298cc3eb505e077340cd72f8c601a53bba5d2180e0c02acb
4ed701ad39e40edf38a06a525d2a7aa0b9f85f2a7aa071665fafd3113d2088cbcab27c9d0e39aa3fe5fee4b840a99ed635a011fa52afcb1f0ec88591
a72e1b34a0ae580dd7650f0d88a6082fc7c4809cad707fd9a001a958b23b1a6e900734464e96bb2407f9026995c4b9caea539b2497624987a4b10aae
63696978501e902b7187e41b07d4f9f1946f1c100c9386c7e401390a03d25dd29de1eb53bba411c5c73163d3bd22942e5f78e0849c1d659066f91a10
0827cb4512521d0333cb5592760a4cccb23aa03cdac869b39016bb4f2d92163c2cb03acbfdcc9e76f861b2ac086794820d9a6dd080608a6659a9b24f
227cb0191d24a4610ff755ee2b5136134c54f91a904a947eacf235a0e0f7c8b2821e900b104c54e5559dc8b49175444813947e6c368845e3c144937b
5608cedf52d5f9c3016994f05428d550aa48227c2a34b3613514f4804e184596e57e40d40eabf87184dc41c1d7625d0bdbd68901b028c28581e9205f
1d00030abbb12c5b3d7e9a22ababc25909865bf8e1dd360e88d9f175b77a0c683c81cde05621f5174f6df6d0a6d5e053b28a5e9d6462b3d3363655c5
1f3aa23747347cedfe7040bdcd9264754010e39a657b68401aaa9f5e8af3517b7ee7bcb250efa1a00ef48f03fef0ed18d337db7bd85b03965b91e4db
d19e4d111cb68420d7d951745a17d6ee54190ca7223839ba5b90caa98407e4f0a0aecbf60ec8d10d5f97d36240232a31cb36e852398fa726fc3442aa
910e699234b1b414485512ee2e46d1a45e040a5ea066b49b5030afc68883342017ec09d22549a9f243f50f50398dccf25dd2984f841235c369858e5b
30cb21295877a9bef8c30195108d2cef9276143d6dac367b40bf2d48a2ca0431b5a5492a920a7be706494954d6ca4012b845842837ab57389508d905
26d43f406eb0252d9238aba4870cda15ca52256d92d8564c566f83064445094e58ce42c5a2cff22969785daabddd14e180b42de821b51450cb58b0db
d47d6a40bd29091517d0ab3fec3668409d144eb741033a4ee246e4e00372f9b42e7ba8b3723998ba6d1c1084f66459be0614ceceb26c1bf1cdb087c8
b26d24e0222485fd38a0e075cfb2dc0753d4f1a54205721bc6280c1b146ebafda10d0a1b0413215f81cba0f143d52e90752189c5ea173dd8bc71b1d9
03627214aa8981de82de5e95fd801ad6b5cafd808a7dde0c8c143a970cda7497893bba9f656abafbc33b3fb46bef3231a0867ca9c281aa8e9d36b91f
d01685a32606b21f25c9fd80fa1813bbb3035706171bb26c5d78c1d71b3f543903b53e9e7200ec1c822c3e255f032a7eef6604a55055c8d3e153874f
2189c3a70e0d7baa57d502a99079ea74986082de6ec8eb5284dc1f78b07af914f626911359b64117ca7df2298709970a380ccfb26dbc387a50335dca
7e40b8a24e97ac0e08ce2c9a074b429d1913463e0ab9b16b90baa4d143043a36431f85ee4261eca390d686d5df25ddd9d905a453d289550a49431508
8eb7b26cf5130360c43136e31885e0ca4c9bb51181c0d7d08c4814d248a37a424d843acc8d4f2ec5c6270a698df82ad91e90fb4aa452945d5176b4b7
28a882264697197f2834dc4059565003caaad08b3c1683a760dba505e855096b7b024523ccc84521b8c330f6d992821d23d557ebaa36082654f4f343
d1f346153d90abba24858e8ba433a9e7a6d09bb38e37369bdd181fac3673b3fac61685393037eb1a50172c10c319855619f0b32a1cc817c2bd2a1ce8
1c1c35c2161fd0b4dee6409701f1784a4d0ce44ec3a764624034051dd63520889b6fc4283e20569bbd28d501292f49f6238ef3db8c5417b95f8857b7
7ad52e90760a3fd400067ad8436a62209f82fb55110ec879e80f657540e140b7cd6a62a0e00c6846390a15b76c33ca5148a31549dc6575402a419aad
be062a812f59968901b96be187dac440ee18e9b4dd06ed58f40ecc5d2676b674a8dd59cb19c88189bc76a5babbb4202ff53550c319ac26060a37bdda
7c28af01b53b45358d81aaa9376b1a039db0a5e62d20a1b409be0edf7870350713c15b3f42ac8a50450fb4aebc54f4406dd89bf3610f0da821aba7ac
0e68154b723e15cee9d928d59ff6d0690f51fde55317a3d0a970d9c6016982c2aacb0190931626d4fd407fb451fb1ca82e40f325f7172a6d9524f703
52e58c215788e0118248b42c2f9216d624498724a615b658c1cf2c048178ade06716c6ee1292d53f0e3a0ba42e697824dcdc169703a011a09fe555d2
8a0b8fa766ab1fd0d539455b1f480b971fea6b000a41a859be4bbac3448524f7339e381c31451d0d8443ae149f1a5089696e455b1f487380eab5f5cb
23726f862413a86d628cb35c25717212d665b3abbb311aa4150fe4e696666bc503b1a2e58afa1ec875d11fda4398ec9c2ab4d2e46b40e32242966749
33fe14ea6ab2ca8d3c5d3fc5250008f55769b2dab0cf1d263a2980d4f70c00cd7fa08d65ee934b71e16855681a15a52be14ea8010eb1d21d32ddc35c
490aaab3dd69f0e8a201d4c5ae09eb0a02071cb75af4406e94615baf0990ebae4f396e0365b35a9722c0a25fed66571ba0bb172cae3640e18e6a2312
e6016d7174af0a7d40736766288b50bbb36e55c20362ed0c195708a013ced38a2b04109adc455b1d28aa37c25f1e102e5386b8088dc381560884174a
7344aae881b83983775925ce843b37cd4013216e9581a58ba478c668a76998039d3b9a599609acf015c3bc1cca6b40ebce4d157df140916d6b39ec0e
9dca0a47ad0e645d9034cc81345a79a3fa1a88d9ee505f03d9d992646240099696a23f0528abdc9f367b400995cd69b34f7ce96c0fcb295f03ca6306
9fce9401ad395675c400f103c9de1e50f44814b71540eed661c26d0510eee9cb651b2fc2ee9d1dae3640e7166b96ed47dcd84aa2ba3b0016bd5f5577
0d90b323202d92bcf7ec53ab242247e8b4eaee00e81d8f4425d45fc835bc413a24e16b405556f71040e808aeae364025f8a679515608354075a751dd
69b06057c2e985d46eb0ea4e03a8449665d9ea2722b9167ee86a0304714259ee92b483e1decd07d026abd7f50ce4366cf4502d4a75406a757ee82601
58f45957172020073982764700e46e0a56f53f01e1eea216e53520ab87556270844afc40967d234b4b602254d711a070e9a4798b5888ca1caaaa5aa0
2f0e004d76204974877ab5ea2961607211e50155c557d5ab40d1c0a9611b07b4b08dba4580205829cb765a304cec6d3d2540e7b02ecbf6d080e0b642
fe9f752dd4d57d4a790d28fa24eb6a5d2b77591c5fdad4403cc6c45d491038585951ab063490d39deaf5810065b187745003d15974ea665d1b73c891
a30f04c8d58aa776f922e84303a76a8c03c1addf2ccb2a9e92c5bad4d140fc3d71d0f9a8c38f73416e44b4aaf6043a61a859b6034f3b90579dbe6a40
ccca4e5d069470c89c0afd6452cba35a0a08c2eeb3ecc0c2adc1958bd48e340e086e7065b94bea28ae1952481a3b0d8d69ef0c09550fb25784844ab8
75f3768d90431c92c621d00bfb5def980839771aa4266998b60bdbc3e6440472c8c097661f10bac49bfe5ca0a9049bc742405de44bbb0c28840e65d9
1f0ea8b30dd27e02d2f61c226cdd1f76c61adaa0399f804ee06e6b4e1ea0709724cbb28a9d526d90f30908778ccd8d32504b50bdbb6220dca234fd93
401051db9a060e105c7acbb23f5c356d7dca1f62f32c981b6d95fb018b3e9fc671bb50b8aad9bc8b22645d54ef1618c87e8455b7c04023a420cb9ba4
0d1f3f9de60c6e8f196cf50a9ad3fc4956ddef02a141e8cd0e210d519ed29a0172605297c73740ea6b98d0f308d45b97e498383c5aa52eed14a07137
20cb567f7ae2c700d00f08b466a7b917043a916fcd8b1a4210869ee55512e73ee8b24eecaa50f46276376bdd8b6e7487972e84667774cf57bae94ab0
247bb1ae02ab98a05d871a909c52bde31e08ee1c37ef4808291cdea88f1f5808606b5d2b1e68c4988e3d152486ef2a49d318682bb2eff636d0b84592
e553123e105c067db3facd206d98d8fce146d40ee646d7e805aaaed4ae850b24ab34c8833f2088bfccb23f3cb808c8a2d1356781e18f83245f074a14
abb4131021e4a28124b41181dcaef0433dc840e5566f967de3e5e23f9a1d5a7f4070e52ccb5512cd66290ead3f207717fe70938495c5ca15da754027
103ad714c604d00959cfb26f9c3c14f3a92e092dc7b48ac9370ea8241fc8f225e9c2fa1b0d0a2303805cc0f8a107fc4051c1846e5d20479c24b9c7ca
ba313bc26d3e904ff1464d2a201461b88107ea0d474c6852855b73d6c7706b0ed47171ec934b7178d80614075634197ac4a4c1b6a61a909b359ed2e1
0a245715921dd8d9c870a21c6ea781a8b2ad4107049716b32c1303aa8b6cb89d064a57501a7440214430cbbb24032d180c8bb25bb8ca88420dbdab40
75f3118bfdb010532bf76e9481349c78a3fb5da01787dfddea0714fd21a19314e86439c9d54fd2eea69b06a9afe3e19fa47a0d27a03f1ae4b615a886
50c4ae7006b487a0d5d740d3a91cce4d20bb1149383781700f11973d7411a3c53e292ef91a106e5bc3190c5417d9700603396ee9b44bd95fac23a891
c533202077402ba459127142d5a79a248249d0ea8b2bc4e20af1f8e12209efeae3a955128b2c037371e3078cae1b244387809cc6fc50df1dd03c185e
3cf0013a29adb21c92027ded0fad7e40218f52962f495c58a16b17e739d056569b45230e68244dcab26f1cd01f0dd2ae0352ffc0bd67354031f86671
9e0365912f8f5c807e43552eda7540696c3e16672dd09a4fe96f5b4cad33fb94cdc6df36872465df98306c05165d70403845170d42202d10482a05a0
739b68dc5890640c0ddcab2780d04e599cdb409a2ed415f676e0e7c195ba38dd81eeb1e31232115c49419b2c1eb90085ac6759b67aa2899cc88b96e4
e24d31acd2450d00542e1364d937aec60931e456df38a0afc5a794fd80705a2deedf80aafb73d146046ac1dc585cfc81b4e2e1cbfd1bd00c4f583665
bf69c431bef49e019d3bee59b62e028cf4fa2eeedf80ec7fa4aa2509a4f505ab6a26a072f922cbd6b5b3f8db1d1a1240709f33cbb27aa0e594bd2727
406ea76990c724407d0c4c8f4980a27a5c3437801ce470af9603aa4ef8451314c8ae83093d5e4033d665d1e305f4aa66d2bd0574eeceb7452d07744f
0c17b51c90dcc3aaa71d40730fb268f42e1abd2cfeab3e23203c8559356781548fd3a797e2d5030c60b8c520754984cfb17f5b3dad583dada01f5643
2a814a169c2cef92762221f8214977841a74f3aac603aa46feaa970908cf4756952010b5f8d42689b87234deaafdb31ae0587dea947472e161c86e55
2f028d1c8559968901bdb2a75fdddc02e1267275730b344f51564da25593c87ed0f1045432ae65d90655aeb161f7afda3c409a6a3e65073e42f3e940
cd2020c8979565b9c70c72755e55a8407bbcd1284b20f4d4aeea582074fbaf2a54207406ac1e47ac1e47a06357b527d074c2afc62f01ddc56cd5a402
a2da1dee5a80eed1fd6a6412d0c9e090653bad93dd8301bf6a8b018d6bf56dd5b906d4c937ba03022aa9d2b2acec0714cf8a573d6940ce2746a1e619
901d4c83d4d740232d4f96ad7e40ed8e55b7f940271162eee5fd21fafa86565f5727ccca84615fb91a7304543745abce00a0eaf45bddac01a989f9a1
2a1ca8fadb56f76f40e8a05e37ebda38646673bbaa9c8130d677553903e1f1deaa8d0874ae756559ee07547d59abae32a05785a38d08e44e16a91e8e
9c43ffa424c7eaa19314eed5d74023b9529615342e83d951a8720652d008c71d23d03d925bf52200c50568f5581be8ba3fd7d3060d288660acbaf080
9ceeb4d1730c206e0f92d59f38621cab7af580e8f2e5a90290ad8609f5f5eac528bc7aab47d1408a70547f37541448a3e106a9482aa8da51fd5d1f3f
d0f449dedd1ededd1ea231efbafd81aea97757fb02d580f6bb9b48a0691adf75fb038d8c5f596e921a3e3649ab24628e68f65d5706101a12775df540
7039bedd3d2b062a8971b2ec0f2b667648b27a02c7490ddcee6a262016c6fd5d3504346deabb3b3b2097009830f2e46e0c2023faae8f0da81ea7de0d
46013af7d4db5dff37d0badc6bba00c5d8b1fb6ef5bb3b3b64af371ae88671df9d30778f07d1857723f280188bce2797e2bbde68a077fc9377873210
ddb77b240754ae56b7cdbd0d10aebb9bbb1660e11e75963749a4d2c12edb3cae02ca42376f2efe40708fb16d2ec54023cf47db741f004dafdc664800
9056126f7431033a49cdb23c49e2040b9fcfe6620614eee767d9063502681f758524166c74c6e68601e80b93677314018dec1b59b68d5c2ca88fea0f
49076e33dac87d67a1926cad6dfa9981a28edddc436cfa1a148ef15e4074ab7715049ac1249b8e05a091aa24cb4a8273fa6677b81f01467c3724dbc8
bd851f7e681bc3886098708b02346e74b6cdcd07506716ff4dcf36d0c90e9c65ab2704ac85241b3420b7b84842bf05d0c8e29565dfc8756a129f6459
110e286ae2cdb51218772f20c9d780a80adae513c8ee40842e9f40f75c70d3bd0e94c5ae754505ba07519b531fe89e906e4e7da04ff6a31b2ca0ebc1
d974b100a5b1686cba58809c30345b9d0134032437d770a07b74bf198b0004194eb3ec1bf1c1724730cba7240c42b602dbe630d9585143924c78b286
576ed353bbe9a945f76fde06019a67489b61c940313464f3480e18ae3f488ad0a41f367bb31f07b4eeb4f2940e084f0f37f52290cacaa76475d72505
13aa4aa0de1c5fee0581eeb1f6a6050254cf4436b78740316c6253a102393b78a31608501fbd6d601d901306d96b8100dd18d34d0b04c8cd943ff48d
071b527c7f9bdb43a07a6b63737bb87968e188566d03c5dde766080610c5badc4402b960f3468f1ab7c7fd15a4aabe079a91499b575a806ab8f4a635
03846eb7cd5501687a9636f7a8db638f2a138af044dfdb6c0d1ca03ee6b6db56a0eb6ddc8cdb03c23ddb666437d01e0dd2320282ebb259763e726d50
97f8ae1904348f1a779df040d399b97bde0974f2fb657991c4fd0298d85de68034a97cea2e89a3fbe2539b244ee0fba7334de6a387bfc0a5cd32b57b
da0a5472b467f992e4b1104f69bded666464acedaea840e883dddd4e0323206f90740d029daf1364d9f6ce6e05a8cb9d2c106472c9b24f713bdd5dcb
6ea005d00d54ddf5f00141d2dc2c2b15a2b1e341da2561422e926c7621de5da11b35b83fa20661427b60376a10dff0ee451fa090cd28cb4a6240d154
dbdd3b03455db6eb66dc75332a2f4f18806c23f2723b0d2489a7b42d80e691c9ae210174cf8a7723bb816624d7ee1618c8aea5d9da9e40dab192eca1
ee4924dde1451fa01a74b6bbdf059a5b94ddb83da09234abed2efec0884d8564a79197d610e7dda00da07a596e37f41ae824b06cfb5dd29d63120793
4e3fa02da8cadd5360a035eb724d020aa94adbbe59d780aa5f6b7701025ae0cad85d6d80dc61231c6fbc00d5a57877b50186471d92a3704025075096
edc701dd38d8ddd50668cdee707b08c463c278f6008c705548bef1647d7360aacb76d25fb845d93d8e0042236e579701390090aa5b3aa0bb00edbae0
8050c71e6a29a019957aa83a806a94c1a1ea38cc6241830ef50450e241aa922a5edf02a94be26a5195e41b27d272d0ec436d02d4461b0f7d6c87294c
31ec0fb77487915c0c80c3990654f240647997c4982034e4d08a076a61f21d1abd40735b7238ee81ae82391cf740dc58df0e4d50a018c178685c0229
7b48463f00d52883c343b1c30b5bbe518b0de82436ccf25d1297d419d187a310e83756e7c351783c46a124b91f30826221c9c4801cf7903ce9063a29
bcdba1b97118c72f5fc6720239f924f9c301e1a9f9a16d017443300e0d09a075bb56430268e47ec87293d4d82ef943df38a07b93f9d06a00525e74ad
b303482d84a0351180dc66c1aaf600909d461b8dbf04aa977b0e239b80aeefef30fe1268eeb00f671a101abd87077f408c4fa67c72293e9c75878eef
0743f278992a6a34eef4c40f68e4586ca64b1382545159ee92b059269fda25e9f3195d638a33214c6260f2322126769f662a1372cb2f6993447c2e7b
c1d3584ca0f3e98d76ea6e019a776c4e3ddb40d3a3608a3321a7f9187ea75196406fb2aa5306a87a6acd7a268c987d48d655882dc41c3d5dc38130c6
e1740d07ba3121a7fe6f20e700d5bbac03e149f7a94b1ca8c6129caa11203c643e5d8a81ea1d1b938c09a10a3f3dcb03aa5ef2d3a518a806939c6ecd
81f090e6f4fa14507419988a4c086f4a9c7a904f3dc85d92dc938acc30a4d34d371086a69daece40560f13c67502e17db0d37df849bcbc11aea63513
aad6cca99f19e85ee03ed58b40d3537bea7a065ab1d9eeb081d452bcd1edb449c6d4fda77b67a01b7374ba2b060ab9c2b22cababbb299850c702e36a
0724c7d7dd8591416e1c1ad03d1836579850bcf26462b0f6480c866639b51a8071040ec9eab93a5b9c0a1a1240d1ee3f55e140d7e3756a35005d67e4
e9861418b75020f9436344b1964f1d75a7b769d96a9a2b4ca8d571efbe12c8658aeadd4402858f8f34b380099574e759b62e7cd63ad44ea39c806ea4
a0f9bd84ea8ef1d49a01e286157faafb81f0e8de2c6042d11e38ddd201d598b6534d0c8447abe6f712729420423531903de40fe59e88a9eeacd50c02
c26b70a6fc129ab11b97fb37a0caaa29bf84d00e367397d0f86844334d97d048559be52289bb0a6cba2f2d23a07bbbfdf2d812e8dafa9796d1e525ab
b0fa45d242dcb0756d9270d533722ebde4400fdf68243c10ee8d2e4d2a20f48b5d9a544025d155bbdca001cd0170196f0174327735d38709454d6efa
302194bd29bf84a878372ea33280a2eab854b5403570ca2c6042e5bb64ed32b416a8e4f7cab20de27830d218ffe4526cfa2f21560696b9be846e5686
4b7d0d840159976e7b601c2243f2ed1c28ce0e2cad4a338279be7b79c67819b615927c63f7f2bb2445d00d70f48d87242e9ba07fcc1526e414e3876e
c380340e1194cb01508df4bbd4fdc038d285e41b09016b4ac28b51e60ae3ab4ded320619e82631307d98d0f90a4f961d1f7a6a51a897cb019096203d
ef720084a6ad89c184dab1792eddb2402eeb34c84d2490539366bb89bc4c60e3b8f51405489387ba5c47805a9c16fa60816a44f0a50f1668ee5a2e63
55806eb0f7e5d20254cf1e2eb7ad40f392c2e5d927103a9e2e77b240bb857529098cfceee4d1956a2a320d60f38e096100ede5d202d4194fdaa5fb13
084f942fed7e2007393fd4b109b48782d08b098499142efd93407db0ea86e132c12476ffe5a2010429bf9ae9c384fe187286af5c5ce9d5bb61623021
8afa47f31dc8659737eaa803ea6477684003a90469a387934023af7d0e9f41121a0902bad9b6848a42ed66db1282c43cdd3c5a42eea62aa443d2c198
80c4b1a310b5489a244da88e095293446ea2e16cea66c8121a2918ba19b284fe43f5774946abad906cd0cc45c5990655df48d29a1a545f6d23dfa020
1f63371d96906b126dac36a832266e30d16c50230679e5a9665dcd8cacbcb1d9a06608187ca144854656e22c5bbd2979c76a9323caba50a26be1a92e
5f9dc4162bf2c225252cec67ba49b384c0fccfb2f2ea9e2159bd4c90a58000a32c2bc201a576c644b76b3bee4005dd65b573f165455e5d4177977548
a170062cdc7aeda6d612daba209c4526167dd63ee51b172f72f8946f5cc8fa5190fd6ab35742f90a6f5c1d989c21e18acdb20d5a89386f923649da62
4862957b2e9c92c0b4dfee726f00ee8c54efca7e407017b8fb055c2166abbf3b56075402b2ba5fb3153a1761bbf9bd84c65eb29bdf4b48cdf4e9b3e2
eef76e85202d50f783b742c5a3d0fde2ad50381fe97ebc5648452f4909a3f126c7da6e6f7148131382da6d1c017b0fa91cce27a2f316c7daa1d00f8e
f19b24df7870f475a3ae43a11f5c4072ea9f0acabc870eacd3eacd7bb822f4cba7882e2e8ea2cba7f04ee05ecfb2e2c41551aa4f299c8b33c69b4f39
fc2e266287af4bee39ada88fba1c3218c064d1e9a6fc121a464937bf577fe4f7a28d13a7157d326e782c79593e24914124249d924eec948074494238
2bd563ed0a290949774977ce0bf821a6add008a1e8a60f134a9b20a9508132f29d6799506221d8ee64b94aaa184b92fc616167c6dc345798d0820130
151b5408ed47aa7ea357e8b33f54ed029de478dd5c614225ff77370b98d0f1ca75b380091d0f72f743bd426183d5cd0226e46a234956f548a02afde2
a7105c11cbb282c649c1f78db3ec1b9b11c1d4a5be0682a8b02cdbc6e6750d86892adcc4602e07932adcaf672c8e09553850aa6fec36dbef03b3a29a
2b4c28e4fbec660113ba93cffc5e42257ca5fb0152a1cfca2b1cabc1587514866f0c37ddbc316c63a8147863583d097239211dbb71480b177d94fd62
b3172ec1dc7cca1ec29541a868e7e3200fe8ae6f7e1955a8d561b25afd4a2c944ca8fb81989d30abc259b96a2cf758a5c2420eb32ccbc46ab8226f54
85038d10c32c2b095438f7e7b26c5d030ad7f5b3acecb9528737ba9b184c28fd41b28d5aa54e3e753f10ae95a60f13726f2449567150f3e5972c5bd7
e68d1984b33b98c850c3b795b32cf79c9ae3ddc8b2c2d107e200d86d10d17d054362da7da35fcde8fed036eefa8679e329ab279b48a7d56583b8e24a
9c6337e597501fb3f6922fbcbea4e8ef66011322ec5ab5af29bf6e8b24a53aa03c66ede54cbb548fe38d6601132a81aeddfc5e4225ad7e37bf975088
b3eee6f7122a1f99ed7eca546823bfc52797e259ad3efb31bf90a15312ee2926f53cc923b963aa4fe1fc101a5feecaf22c89a4c70cd259937b369d4c
9524db9387b90ba44bd27029e18deeb3f635904386c66926039d1c40ddc4604225637837319890565240b22e3ece8393b4fb3953a1125ed04d1f2604
277e59b6faa24a82099703a07256dce7ea1b09276b2c66b3b63a107c59b19b184c685c23e97ed254c837d26c620b85c6f75abbb9c284466c4f373198
d0097cea7ed35448db0256d5fd40b814fbdd51a1e141ee73c86a703e8225e877478536c96ac857c817820ec71a615bc429769379098d8bf4dd4f910a
f526f78bb25f5482f0a5310d94ae5455bb40b875327397306e094072c8adf84dad1ea7b2106e05f80ae903726f837054bb40efca4bfb1a088249ba09
b884688a7093898dae555e9b6fdc7463c3ea668336b7c0f0a5ed0a8c8b4f90ec476cd7d9a9bfdb201cc1935dab5e04729e53bd7a11a87c35b09bb94b
a8d5c1b4fb46f6f4eb83e41b77d3c0d1a0dd4edb098860d1980f3b0d0f3259f7bb29bf84d2b0fbe7c32177e0a92d92ecda01153f4f370b98900313ee
0f1b84cb60b2b70f1b4462b075f2873688a06af7f4260613c2a565d63e072a47417d3e25192784729e4f9b7d721cea883e9d0a840e4d33759d4ac2d0
2114fdac7d0e14ad1913830965b5875c218012aab4cbea2f223c4292d55f0a7af05534c68bf977914451f71753250c7fddf8108d24831a21a97d81dc
088dc9573886133ad781ba79b484beb2a2169cb742e763d359f68724d526942fcb8724f3557548a7242f98f094cacadc57244ec9f22e09d7227670a9
3241f6046eb9f4a2fb011817352035499ccc59979624d0707976f34a094d63bca8d28042c28d34b619ab40f6104f692302313d9e5212c115200caf12
4a224836c07c346394d0c833d20b972f84d4f7f0b5c89791a88fa7140ec908e7e5d3615bbde83ef0b36b247b4b0bc196e0d874ac157d054023a4a99b
9c4a289c8f64d996f01184c7533a06cac38b49f57747d1802020bdf369b607042ef16ebe2aa1877daaa10914c20b3adf6b7b40e09fec7eb74d68dc87
cfb242bf33fc50237e954d28a4daec7e724dc8d12bc9660f2878efbbdf4113aa26911f42137ad881ea1fbf7ba6fe296ef381b6382dd42c40a8174d4e
25a46104abaa11a0741ba41a29264ef1a94bee2f23ec6142ab12688bc2516700ad8c58a86eb225a1911fa79b5949487d3daaaf9c27098daf918c2b60
92bcc2232924614222d5aaaf13c8413a665de5829b900a82a7669f9a51a818ad7596af991d2323a7aa4680e586cbc03c47429037a3572d10a077360c
7e365b88d9a774e701b53f4836bba3b81a4c847505978642924c104baeafb33a1181caede3e16c84b412105111b4d3aa6a35605c5682bd853ef946f7
5c40e5dbac59b68d2b6194e80c131109c1315a969ba4c62a08131a12d53d17364fbd2bd5bbfb704956cfddd6d937ea8203420f5f751b06d4055d5637
abdf0843b2d9bbcde6eb53372c491311099563a52ccb2a27015ccec9b22367e7e21d6aa8bac1020a1728b32cf71c0e844cec72bf13d882b2aa5a0d40
e54e529665021381cf0267d94ee353533787895314284dee9d8f40251837cb566fa4f22ac9069de4e8bc51bd1b3f2038dac8b26d24c0c87d43d56aa8
de80f5876e0f1f1990e4deb90dc482556a522421dc1b55177fa07323b4fb3976a16ae0983a49087283743f4a2e342e5076bf26de1f5f13677cf96170
a172a5ae37f746cd2304963c3fe92d24ab54efdc065238d6754972a6417223e4b7b71bead18f6f0b857b57ddaf6f0ba9a3792391bb4221e95ff7fbdb
422106a79b8649a81a387e6f5b48a3841f12a92314a2fdb3ec1bd92e911c26cb0a87d05a523a65d9eab9a9ba844f59bdf99bfe8eb0adde08c6150a1f
41e8a677123a59e4b3ac543883265cba9bf149888951d4f4a4014527a949a084c66704b26cf51dbf034ee5e601065074c1350f3080c6dd8c914a0512
c68e5ecc160eac20e28065bd85e22459009984b32cf7840e4d76a03a161899a620d9209205a8fb9b3e32a0ba60374d22209ae3c3231320480dd14d4e
25548f139a360fd0f852736ea09c29267bc397de54e1407d74875bbae6f9aea348b7195035219b6650f35b508ec8d537123ae4eadc3c4501826c7fdd
6fb00bcd3d979f5c17ea6d96641bb9013b297b2d23a04d3648dd0f74d72453580971c3dc68779918d0b49f9aba1f18996d20593da7c07c1ca6fb0975
a1ba56fa0975a19117aafb0d75a19137bafb7d74a13ea6becb01505d2bfd8ab930922b42b2fa9d732e54b81f2d17fa829bb1a9fb81ea414373e307d4
1b6672f3e404a88b63f57430f1b5c09b935aaddefc34a0934fad0ed4d999763a7cb927bb367fa8700674e24db32cf724f7e4e36959563827d990d8b6
36377e40908632cb0e00ed3a0cafa6ee07fae498f0c8a591e3e5a1892fabbf8808c671dedc0b029def4874537e09850f766439241149c130310b9850
6d63d70f08c482c5d6f50302c177adbb1f7a176a344997a40be71c4ce8e8039a364f77ab09542e6366b9481afacb21672a32a1559c60dd731f60d1ab
e747e285465075f72bf142e3bef3c8460a8954d27cfe30cbd63573307cf32985432606bd8dddb3f56e8e290c9caeed0ab4a6705cf2cc87c6c7897bd7
6908049757b36cb30bf79d31e24c9126d445be5c2b8114b44fd91d7c5d9118e42c6f9238dbc2c5d2f51002dd13783f6c2fb4b07a4ff33bf909b51aba
9b6ea07b14ddf51076bfccbb58bd6dac0444d86c8fee81ee21626ffeb091d2a948525e8d1be9f853ba6b1ab03c3acd0323a011afdabb47414027475e
96ed344ef33554bbcb1c10e31b8c9f5c8abb5e002047b7afb29bbb3701e1d13d44770fe1e4f188a9fba119878cbe02a0694c77771a40d1d3d143a107
372715942b2a1004a065d996f099ae70c8b8a2767350db5e5754a013359865c707bb16526d8e4f7840c223baa2a5ba6b2550d4c4ddbd0d10abda4027
0390db30dee8d914d0dd997557d4ee77815951bb2b2ad0c8a293651bc4d715b576bb8b6cf793ee2cfe5d5f03d016c7daea90594dfe4a1bf53500c595
abeb580072a6f04617c6eec2c8a2616a3fa192ad3dfbcf1ff245b1e6f033e20008dd0f260014a23d7ea8700634178dee3e09288f61e2d91490ca19be
dc2775bff8ce22db753f00956c5b595638b8656707803e582048aed0bbee87ee7d0a75ac8e4da0913723cbea6b3eb33e29c243a972eba239115d2b81
e211797715049687b231ca00e8da75dd8d0c503c18ee7a31817e2332a0bbbe01459765d749d1fd8caeeacda32fa019c460fa42a1eb24357da1d00d88
e89e8601f587ea95fde539aa4f391f0704370973674f83803062ca5488429012a59bf750e88686846b653c82187c6a9344169e9074481a2b842714e1
6206a47d3e436a928cc8a37a5d2ce16772586dc22006a0729123cb56ef1d0ac66ab80a86c75d4cbe206457a8c64884eb1b508941eee650142ad1a359
be4b325b44409209beaec8a5eb2cef92765ca992e40ba7cea3d99ea601c197775207a22780ce4d9c2c2b1c5741eb72150cb36bc897ab2050f42c854e
652074cb46f587d5642792ec344ec0dc08997051a844c267f99244fa30cc0d73300abd59bddb3820f8085e961d39864dd86c777640e78e4e9695975f
4a6b3e25138dab10b2ea2a0834773de1060d08154cb8c200f5d16ce31a1e991a2749b2ca311c795bb32cab26e8762ab88d03bae751e1a20384f653e8
c60eddd88e2fb77140736f147ab681a87f4704f5085ee717def3609e870b5098120e156e9e48a1babec5e2ab168f0068896b12d03cae329ba49042a7
e73dcb03c2a3e8704d026ab7b774d401359c88eef280a2a9162e534027dd6c2ec1f235a06848847b2e209af3dcd506e8abb233ec213657679a6db41a
508c84089716a0851de8d2028caf91429209dcd82efea11b3bcc0c80ee0fa3d580c23786b33c4bf29e3e7c792407342d90d0df0674fdcca1730d4892
75291c561b3d43e1d609289eb6865b27a0905929cb72ef47109c292e40409d5449eea680eea6285c80806ae081a936fb23d5a693fa72007075df0d56
e84b07dacc9e3edc73016d7698b8b400dd5895c5f004a0f11dd22c1749856081055297c4ad1edab8a8e881caf7e5bbe93185a21f70d1970e643ffad4
5d92176aa8cbcd87b9306796bc454f1a10ee47163d6940bdd1438bd16a4021974a960f49860150bdb10840e14b0c23ba4a123b59d6ddc59d06509c30
8b3b0da0f235dc2ccb17dfacd4f25ed4c440f0a1d1bea876172fd8b24c9944536885e9bea8768170d130afa650f980605fd49e405a984855331b88ca
ac5d545c40a93e65241750abc2d1ff04546e0865d91f92e3c52304f3570abdd98fc66801c1d5b52c3b0006a465b44292d5d5659d36ea4632a525f9aa
faa21b09c80d346fd40e0642fff7a2cf08e864d0eee6c214aa1bd2c5f302a0cd72affe027af843f517501ecd36620128e10050a59931b3d9b5063100
e3b3d59094bd31b9ce0ef5d7624a1465afcf08185f5386e4f07d7c45cc1f6e92367e88bc3c42004a2855551ad00cdc343da6d08d205a742301ddd05a
33660af53130d572409bec5a23774d8fc945fcdc26292ffc4fb34ac1c3016038d92159fd6928b24f3915f888b94e9d45331b681e359a3153a8b3cdd6
34060a37ac73630613401f5f3fffe452bc92344be8eaeb553b16c80d5083744af23c69f4c3aa1204c25d8b292d85dcbfc190fe10a02dfe506503346e
b665f992c40d5899309c1568869aaf4efd558b0bbd680648a171b3a49b0152c811b34292afc6acbb59d72a698893344adda4904236c8ba6c36a65a67
036f9e48a172dd3ecb93a499559037ea9707aa1731567d0d403772c43c914227af663729a4d03cf13329a4307cd2909417770df8666eeeac6d365fb2
bad91d1a74409053a29b275208d7b7d5802c20b7f934486309e89a7dabfe6fa0eb3258b58c80aa1964224721345d5655d2aa1b9b5dcbead61cc83752
979b6ea06a4c9bc85108ddc5ab7e6620ad2cde68f4e7eaf7097da30a0248738337ea6706728b40f5ea0c2026d64a13390ab95e237ba72b508c8c3461
a2509a22d46a000a77a5b26cf5975a5d929d46d4ce8d6172e7babed0f8945996ef92ee2cfea33b4c852854be0595e522099ba7fb54481acaa65b1777
f3853098e4ee8e110875bfd911856eb0c05da304a86468cfb26f9ccd6bc753dce814820f2a647991b4b0a583552d10a035ec81bb5b3a20bc72705729
00dd08b3bb91f0401aaa92ac9eb0770f99efba2c81e2e1e4dd0b4840e7eb2f5996fb014d5bff6e480150f9fc61966515a550e4cb9d19503d5fb93bdd
81f1513f48328187d00390bbe18a40e5e36959b6410b6e11fbd15d0fd055b5772ffa00cde17bd71307549233f4bb8604d0489393e55d12a1fd6cfcee
9a084071bf7bf70a0fd0f9f24ebfbb86036dc634be3bf9803092c20c9042e5837a59f6873b016c76adfb06a07ad3e2eef20954b73877836480befa46
8d7120548f77a715d0b41a364fba816accf6e68401ca8aed6a3e47a1f37d8bbeb95a01f9c319529784270e637cf3bc00583c99db9c0a40b8cfda9c0a
c0a289b015abe733287c4027cbf2c537e5c7d7e23fb9146fce0160d156df3ce2060ac902faa6a7035854239b11c140846c1b3e07142e8667d9bafcb4
3baad2cc94424a13d939e081e628da1cf040183ab479140d744fd0cd13290cf713247b8b54511a749b9e7ca01961bfe9c9072ad9d8b2acecf8eed8c4
de66f3741a68deafdc5cdf80aa56374fa450dc026ffa3080c6f79db36c1b07543d699be7ce4033d47373ba027db5d98bacf2a1998ab7d03c914233e0
7833e018687c5db19bdb51680fe1e8ff06d238a4410605019def3574b3230a55bfd6a6adbe79beeb30d1b30d34ef8c980a51a8b3a3db235fa017678a
572c8046a68e2c3b7236460e2b84a9108571ec33482ec54090a0a49bd1b03f321afa469ddd9bb17656efeabc799f62f629c73da1c4dc94cfb26fc495
a1996c4643a1165608331a0abd380a755298d170922f1de71b4141e481c8b24cf005c95012a7242e11f3f5e06e9a40a1f069896eeebdfec8bdc79033
fb9dd05c2bcd7e2754f7f4bb0b3650834edb552340e56b007dd7230a3492c56539240d453fb30332d59dd0f90870373d9d907baec1bdb9e884ae52d8
ddc003dd30cadd0d3c504849d04d2927645d63f2edea09a0f125996e4a39a1710f3bcbb24a144b67ddddb5a981ce2777b27c48d2c295e41b89752177
4396956ae3c61ebb29d3d309dd38905d9b1a28816f785775ecaa0edba84d0df41bd1d8bb7e5320273275a960806a0cf2aecb00a8de2ddb3d73030a9f
27cfb2d5f3c9425de2bb4e52a04d5892bb8e05a079a57737fc05c81ffa946362e130859decaefb01e88673ecaa2120fae329658f47757d54af7038e5
2b4ce4dd2019a01a0e6b723da11a47bb1bd4b89b4a9a39b4ebdd00eaac08f56e00d548aedd7d0390f29224ab5c482ed8fabbd135bba9123860dbf5bb
02dde3aedd0dc7ee1d0a5c9ee6ee13aa77b876d523d0bd2d69a23e21c8c8da4dc127b411e1f1c9a578f7c40fe8a558af6fc724222d50961527d131c6
e3ec46c700b945a11f74deeea69fb7b754a840f6168d53a1ee2a540ca75d8b0b08b5d4aed70468deafdc759100c1f7d0b2ac3849e5b3ac3e25abbb79
5518456a4f20c81691653bf0d075433fe822011a9fc9c9b292e08365375935a41288665d865402e1c9fe6e3c0ed03dddd98dc701eaa4c673cf05f487
f6543903f1186b7a4d80fa90971e64a0ba15d8f520ef8fcfe84a9209cf2bd16587677940d3c039342181ea6188b90a8566dc9e590885344a1aa45592
db9d0592d57396676ce1e1360ca8a4fcea87812940d7e36efa42a1f3c9e76efa42a1e9c53cf40d03e1c1dda1390a742571b859039a8aebf0b00d58f8
a070961749ec7719be87fb37a0ebfa398c4201824fce67f99084ed2aabae4940549bed027498169f3171b8e702ba37bd0e170da01b387e788c06a4cd
c31bb537813e31f90e2d492047217519ce0104a9fdb26cf59dfd0823c7ac8d4255671c7a5d0e2fb8b17c1ec66e009d2c2959b6871e2e16ead2040552
edd2465d2c40842347131408affa1d2afae3911a82ee50ab9b27b23b0ad5ea8717446c902628d0f86844966d9079c959180ff79540906236cbb671c0
f8a6c92019ce01b4e6c054f7036d7500a8e881f0d6fda1550ab40597d4a1550ab4c5b1aa550a84772a0f6f6d005dcbe8705f79b8af0c9f52f6bbbe74
ead2de041a79a1b2ec00d8090aea921421c1153774e1a1090a544df6437b1308ef281f9e9301adb30739f40d0375766e1b827178b7acfa94e38bfdae
c1cb66b9149aead12c9742d5db68664aa187835c671350bd1068b24aa13fb489bad064959a5426ab149af757cc4c2934be0f9665457831e4d8b69a99
5288473f1aa80184a1a287de68a0910f2dcbb24af43adfcecab2ac9234820cc9fd54639e7e5574fe3b2e33996052085d4aa7177f81ee319a392785e2
3dd953bfd6693e33783cdddf03a531184ef7f740e5232c592e92f08760d19fa4a516aaf125e6af141a1f2ccb72974464f76a5df2454acb8a544e4328
8028c5ea0f49848dae92e47e4038f54fb53ad0f8664096e5abe0232316ca5c9842f7f8c55c98423779c7a97702a8a471cbb27c91f5da8c1866cc14ba
91b7a75a1dc8f1c10f3df103aa1e1833660ad57b9fa70e7d20f53cc231e8fef48b99726f0805105eb73f75d401ad305d4fc30d81aae7f17485009adb
9dd36d05d0f9ec7937d5a6103ad74ec30281549592ac1e779e2e83d3e500e81a5ea74e78202ad3d5ec9b42d7bd6ef64da17a45f5740f013443764fad
f0d3c03a969653cb19e8466c9aac52a8debb3a3d3d04caeab8f7f410a87c5ba49ffa0181ae7fe0d4550f34e32d4eafd401c56c37a6b414ba0146a78a
1e687af84ecf0581aed7c594964227857a96ad9e740e26fc3159a5500d883855f4404c3749b24a2c79a092cc5f29848eab53ad0ef4eadcd6e80582cf
4566d97ee4e37ac6469f2a7a20561ce766b914ba2105a78e85d3db469867a7f62610a6f8380d3c00bad9b64eb527101e219c861400259cdb1e0e00d5
2d9d09268546f2d82ccf92661cfa33a42e890d168ade049342f584c2049342e1b3c3dd6c9242ae2c929a24ee67a2bf2e352650bbd51b9e0004f999b3
5c24798f6881b44962915d7c6a97b4b3cba37aa3c2cc13e965f04b2d07e400e08dea2fa0f3d1ad2cdb462efa90d5b85f1a9740d70772193f0054ef61
5f9e1802c555d00c904218c178a97380aa9eb8b44a81f1716b48b6b119760af7ea1ca0b6c70f65d51067f9d27d6a6e48fd6297be52a0f341cf6ef246
a1f2c1a12c5b3d6ac80323f3390a45b3f152c100c9174c986301a8e643bbf45b006dc4597f7229be746b0055078f891c856604d0a5df1408afea5d1a
ad409842efd21c05fae2f8d01c0542cd62d646a1cfb2addf01082fd498a251287c60a95f1e7300d1fda1d76e803007c7e5e12450b5c2cda128a42d45
1bd57840e8b3bed47840ce0aaad7ef00f49bb34e2f025067fb4167005067ccf74b0318281a9a97ce002074a55eaa4aa01a31653e46a192ca3ecbf6bc
096c487570b9a7079a81849716eae587e965c28006a07bbfc94c8b4278d3f4d26805baa6cb752ad553bd88248cf702c29b38a668142a9fd7ccb22392
6b925ec5ba54a8403c9ed28e051af951b3ac082f5ce263271b3754a5d0b81f90e526a9a1e817485d1237e3269f5a25e98b6a9036491b967340ba24a1
50c72a18b7c937921c9dc42959f68d6427e3eecff8049a242f11774877497706e60cc937fa11bbc9ba76493bae7a5825fc57c8d16bf5a7240d1ceb92
d5c9d59906a19c85407b86d924854abc69984d52a8e4be0a53470afd665dc51ffabdd082708a4c700bb3ac08a7ca3d874f44fb87792285204427cb8a
d02f2477b86f3241a299aa249acd26c918811a61064821971624d1152116db62a7856fc4c5bb567e1856efe9d0cc0f4356f9aa71f38de11bc95e4e2c
4298b551288f372ef62359658a752d4ac2edf40a0957aa10a8f0917257d2c2f99d4f390af98017675b61d646a1b00d8bdb5d791102160541a3d284f6
185f772541a299b0d977dbe8074eacfe6e1bbd326ed7deed6db45cd8ec4d4173307c6b921c009c212d4a62b3419b77a5a86bb341b84ff9a660dc769f
22d14cf587bbac0e58883cc9b24c70fbefe6b83ffce181fdd498c887d59316b6381f0f1bc4f72fc775a051b62e3fd41ebcf152842461e90b43eeb2ae
8b1809b9bfac8b4f2d70f57604880c1210e43f8949d501342cef2cef9254693c35f9141f25c19511a62c141ab969b37c4af2eac8a72f33c5c4b655a8
c47e65b94b22a52eb3ce8c86422392747cf4481279d60212c7c742f6c30449b62b3980c66216e61714e25197f3fc8764820b245b5271c833a927a73e
d071336659264cc35d7963f38de48325fd4e96ad9e4f1672e89065abf7b3e7beb1db359d7308abe7905908fcdf59f68d5e170b9fb2d96cfc169bdd65
82cb5f04f264592648aa4dbc69985f50e8787dc3348142e35b19312df2b51083fc20593dd11e7cc221cc092874be2896e54b127bd48566ab46802045
5a980050e838cec36c7ff143b63fdeb85ad74aa018d362ba5bd79dbc50365b0501f41b3365da1c5f1b9b0fab7752938e6fe1343f4cc72704194663da
fda1d9229c3cd8294223f74c988e4fa8057d6d3a3ea172c726cb56bf634c37488783898076361f59b641847a722d3ecb0ac7ec512bac1e8e09cc202e
4f6459e11cae6ffcf0f429ae07f371e230db9f10b8fdb3ecc819d0c814946507c04902ae4a3f9e724f5c677544e3101382809930b59fd08869cbb23f
c4c0999d6997ac72cb97439e30db9f107837c62d2749f8bf69a3f9f684aa7066cd8dd9e308960313e2099d2f3164799744c8dc22e990e4c2485d2a18
73e4e129c9f22c091f08b363e6ec41e82e53e6c8131ac7b4599609aebbf219f02ccb2a070da477cab24c103dca75fd30b99ed0c9aa1e66d2131ad76e
b2ec1b2b97739a4f8524d22eb0149b494f08bc085956128f4c54635acdcd3692e29ae47a618e3c218d4b49aba4a1d282d5666e36881de38c093a6be0
008debc159be24e1c161d19889c111aae6ecdc65c26fb331f966551a50c9a532823c2511e8aa24c21f124a531474f81427141c216459be8214458537
2e4a7541aa8b24f9225e9ec43c31ab60804a4ee62ccbd79d15a6211c75ce6ca2504cd0590b0468da9bf3ee1b77fb911fee563fa0e080cc7295a4d785
f1a5ea00d262e787aa0e20167bfb90af837bb68e1c6d0b93c5e516ead34bf17c2a023f7c89693b9f56c267289be3e3727c5cc6e133eb343d80202420
cb4a85ab8dda65b3d6081064698a42c89b902c8ef61682d984e053d259de2411e4c2142b6e2b80160ce5e2b602e88b75e1d9163a7935b3bc4ae28889
a15cd419c5249a2380364c1c27d4c5ea9de7a57884d9209d92d861b30015bc39422724609cf140aadc02c71c2d55be2a1b2cd670f3bf099d4c8b599e
25cd2c66d485834728ab75113922e420e587dd06f1918d15a3a4b887003ae7e1614a3821483a9365f922f41af74396addefc27a870b3c409b9f3475e
a1bcf87412d19f51b41a8008995814e180343768f6628388f6509799254ee864c4c8b2d50fe8dc8bc9b2b25fdc31c2848604302c3248be71256c8b49
5d56dfc8d79466d49bc9e2847a5badcb7e5c3d8147384e7da017ac5db3b9097d52f6ee478a5752d8db944d41939c4a2babb81f298ffcf03448a30408
ee878769e084bac8973a03285579696e0075714cecf6d04e309cc37777c23cc22624c92af9aab483cd1f2714322b85c9e284ec4c7ea866010a974db2
6c5d87175925d9437c6c973bdd514e1b34a02f4ebe53499c9ee5f1c6d37e3cb910884955b4668ac94eec47ad192042d9abac808847f54a821877ed27
33d609158f7b98784ea804a766d9ba2ef504d5abbf8a91f06a000d1c20b82d396e0a0e12d0384c190e20499c02537dd5a903a47aec90baa48e5e6d90
4292e699d5af92563c38d43559fd64fc80a44d12213ea88e8aff5bc8fd0c75b9f5021adf9108b3df09f912ea528902419ce3b8c420a933616055af0b
5034ecab7a15a87caa33cbf2c52122b941c2e47ac248880fe994846fb8cac425e9c211435d5a6cf5b125a441454914fc29a8b4cab9a2506ff690461c
d008681f11b092088755aac506710591eff58519fe8446f6962ccb17f77d9c1d558b0de8249ecbb282aeda3c9f8ea0ce476dc980280aca7504681525
58abe224cbc9ac849b8de3d290664c75d1003a814f597614713f607a906c1c978696c70fadbee9cea3bdee6481ce9dec2cdb5bee64179f522a1c1490
f62e4c7228542e4f64d9b146e835dfc8cbb26de4ec80a3f72cdba001a9b7accbaee102d2a3e7350e819cfa926c10d131446884391485ec0c4821f77e
ce4fa92ef2f58866e4a9c5ee5818580e3f572ea071bf32cb32417e53028eb3ac0859b9488d9cb6b8dcb3dae0d0cfb252f5c283825ee58bb48a8b53cc
3509c8e59e36ea49035212547f97d5bbc1b848f5ae08ef3afd7c4aeeefdebaa0fabb7c91ad94c3dc2c2bc2bbbb297eb8d98f5c06774d32f9a2d0da83
e41bb939c9d94396150ea947ba23871043a1b9a2d6cd36124fc80da1a8bb73935018dd8c265f8c47f24507932b175009f709d32a0a9ddb0d615a4521
d5084c1cd6c5074e48d29365bbe3f0a63c2457aeea11822afcb4d97ececfee70310342f7a7991685ae0baeba9d063ad1b2515d8080d45b83afe63ad2
fc2a1f0ba3d91185a2cba0e9bd073a593f86eb4f121386d9610e45a1b83d6cfaee80c6314996374906b9f8d425697487de7b332d0a8de8f52cfb4602
480814cb729744c244eccde60a01744ecdc37c8c42bbc984cb41733960e3d754f4cdf4f5f82d5ab1d9c5e31b7ee86e1d288d91d35c0e8046086b98b5
51a8a4850db3360a9def986659e198115aa9bac3062ac1285996550e07c81b1da655143af9bfc3bc8942e7dc79245297640c326f6c762d37bf57eb52
470395cb1759565e28e475f58732312066a5ea3e1ca81e5a98705148eb8fa7d4ab40e5566298705158b8ce986525d159f218be4d25da4c448bb9d1dc
5d009d44fe6176452116bb36ac9e20f4999300b32b0a9538a32cfb46e2d2dbe329dfc82d17e750732b0114129484a914854e0ae32c5b17471ba4e8cf
b2225cb80f367d3a823a1f3dfd05216fb36f97a1c5b329d85eed66bee3ce895f96ed8715f5868bc4ec884269ce148f3980b63acf7559b6473e7d64a7
8e05a22928f710404e6a1aa7da05528df84325bc11e98779657644a173e325cc8e28542ef887d91185cef72bb3ac2436531df094fb91f6d88fd0ec5d
26bcfcde7ccaae19d0b98a9565abf74b7a0e52dd9f405bec2d553810c5c1a0fb13581e4ca8d581b4ea24d946b628ddc9732868f25913c0164d150ee4
b20e5f9743994c1db3d3e2f2a98ba7ec8e4bbe2ef9f2878e353e35c535a568fa408042b84fce3daa071a5f44ccf221e9a0d94384ddb3966ee835fada
9c804227d74e98135008b2c88f3c7d92269c270ba45912914993a42ac93bca01a94b425fa359ccd02754226dc2747c42252c39cbbb244e159057f7e4
04281595d47565009d2c03e32ea6a48e05c20f750d02417c5c98424fe8a47b0cf3da0995cb5f5996098e362a9beeae4aea3a3c588abb0e0f6024cf83
b448328901d5ebca00723f20c9ea0939f148aeeb53ec988d9aa066ac13ba83a9aba5ba5a8a6d9849ec84f0b0cdf4744271036f7a3a21470e7511bc2c
845addcc704270513a3aa16942e87fea9a54400dc67d77d6029dd88d2c5bbdd7cf71cb9ae04d687c2d30cbca6be7c29603535b0ce85c4c88ee4406c2
15d59c6f4221755b961534972fdc7399f34da8b352d58b00e4f0a1b73ded00aae7055dcf25d0b96b9e651b74aa1ea94bc7025035b3bb072040d54ee9
9a6740253f6a982c4ea804e08699e184ee298c69e0e291060e35648237a13e7a5b9741f72b183c159a7aa1cb80b91d9a7a40f5f0db6c6e42f079cd30
9b9b50b9e71f6673134ac57e32b79ad03d0b0c55075075ce858e51203cbe098d25a03826426309a89ead9bd64ce8e495caf22e09a5c01638dc150371
43750441b3420cf3ec934b7168ff009d6f4c45a83380c6f7d2c797382491340b0325b46c804a6ad12c5b178116e4541ed11c90c8a74ff07298244cc8
898808b446807e93098d0aa0eb650aed0120671d7cb9a503aa67f6a13d00343e6a9b65657727172f2b6ae85304aaf68039b984c29ddb30279750b9d6
9565f9dab4e879a32b3d50baa34805019415cd121e2700313b189caee14d537607e17405ea0d2f66b8a202b96620092722d0752985ee3ca0af8f1f2a
7b536b31cf4347ddffc3d8b965cbae8250b44b657c3727e6d1ff265c9c33e77bdfaf6531ac88c6002222508eef8f0e214ba79425c93dd9b68ce3308f
9650391f1e3315be807ae09f34f7955089d9de6215922797884c1a2a46a027bee061cc111093d03f5e923876c3473d5c8f00db8887542411b7c7773e
dc09008af6f5700d015437f887163dd0354a86d317289cce8ab24c981c1db53eb4d581aa5b76a8cc80caf59add54514271237da8a68046baa228fb47
8e5c929a34caf245860777b086ca6c682db3a61f7e0ac34bff788f668f125ac2fd39f45b00b95a4b27c5f89c143c5e8f3b508dab1aaabcc124d7553f
9ce440698ebdbbf94098c6921c7ba2b139fa1f659fc57943171f666912baa143c32d3920934cbe0fb7e480624096099284c209eb28cbd7e31b62089d
be40d1233a5ef9da90b91738ca32b1a1b8bd37551a4027d74537b751ff721bf186a6bb694035766cea96050ae9e9a2bc2411d4881e99cee8e99d27a8
cfa9a00762edc21fdd0103e2b3a245053d10a40949568bf38b67b99c9e7b77ba90b4666f4149625922136e8a01cd9da6a9d908347d332645121a9735
753320098d432151b68f95733558b8d3b533d0b55da75fdaf44b437d9a3a49a85af1a64e122a97ab47b94ac20782d8364f92d075d59b144968649ded
d3f5eef4ce253ba486010ad1d87dfa8902852b31a3ecb338066794c1f4e39bdfa698249fc552d5ddb4e9f708349784f374544fa6c9efef4b12bbd990
84e12a6fea2d042a578277132409c58883e9e2162846554c351750f5294ed7a8c0be2a1192fd5d9c4e2ffed1c7b3201d2c51a6ca0c08e54f2db7d180
cad1b36efe25a11e8e8adb6840fdf90295064049ce48a501d0f5a5cfdb679186f29b6b1ac0403f7c812e5b811082f0e5b215a8876f5ed31668ee3b4f
8d5620b40d8fd7a7380de441694ced58a08eec1fed10bb613fbf60c508d0f4f99c2e488161b74ff7a680ea36eda9ed09646ee98df292842d8664395d
c9029d10e77e72364368859d00d33b099df4f3ddf44e4253e59dfa27816e74cce99e3f50746299f149e886279c9ab6401bd6723fe9fcf693f6d89f3a
1081bdb90da9496a04e9594b56d9f3577d9eae8a81e296cba9b50b644e327793400999eb20a22cab1bc292842f4525106f16ee8ded010a49a2a3ece0
70a59c1140a79633d0b8c136caf6917045dd22a77211a864c6ed667cea5fc6279c91a7ae41a069829eaeb0814662c26e5e28a16b659daeb081ea0ec5
d97ddbe48477a979eaf403320992a2ece33ba65eb3966f1ba75f975557d8407389722a17814e16d57e2a178158f83338aec34f4f6d602d9fc3e93bcc
b645870c44043a69a7a29c25659c27bca1e9a740feb8e15c75fbe6f46639dfb61b334056739dda29273b279a54a7b210c8d3b1374e08685f87b46680
6208eb695010d0dd0f3f355d80a8458bfad84eaf73f743567e013b213e24dfa32786ada5ad0f94ef83d17b06f49f7f74831fa83fbbadb002f2f778b7
4980569d009aff40e3005294e59e54091c818eb2ac6ea8fa374fcd7f20739550946d116349216ab62d2173ab6894e59edceb1c838bb28fe748efa19c
301011c8c6c72d4f472c2fff40a72df75780aa937529ac80eadefa72e704685c8217e54712390350c5e6e41262ec0ba42609170bd3776978013b1df6
dfaa7819cd0814e5f5caf248aa3af793ccb625c46a3941b216b1d186cf2d779481424ef76e022e615f3001c916b963eaeb89ab16a072c74237279790
49a2126587d3ece3e891a56b10e8a5fac7228993385992dc57976130a11106144ec9455956f50322b89621ce40cdcc8fe5d60450756b2c850dd07ea8
f5e50a08c89e8b592ef3817daf0624bb3d38bd8745bf0c4302caf075284680624cdb72050454a32c97272580ee8edf720b01c8cdc171cb17c8c391d0
3f00b48619b4b4b2803047e17ec9d786f8f2ad3524b1f5e54bd358029adf9319b2fa97218bb5cd52242d737627ffe81bda104c58cb3e5e46a5f286b4
b280ae87cf74584235ba6f294680aaef6e69060125dba2060e50b9f0b55f06cc006df0accb653ed0dd63bcfc3681a2e175e93807b23bb797cb7ca0bb
e6ba5c3a018d4ce8515e9216acf247953fd0493adacd6a2514f23347f995f4f2e9f32c833e80a2a7e4f2e3031ab7df45d9c7abfc798f269412c200e1
593ace819efca35fc7f5e5066124ba2d9a4f9fa593899b844a468c284f491347f016bb665612429649aa92c89984ccb99ce440235d769487244fc05a
cb9120b4ffe35ebf18d08cacbc5c7000cd107a73260945b7ffe5bc078a6b90cbad33a07b12c7cc4a42aece1c171c97e1093f6bf9f8c56a8a4d31f311
09ddf8814bcf36508e22c93f9224833b73a36c1f35ec115697931cc8642b8db27dc41b5d30412f4d762073a74e947d3c51f53f96d3b7563c50dcf7b9
f578018d7bf1a25c24edaf968b8ca25c25b14d8ba7e4360e0d88a55787d425b1d83b7cd690c461a629e99444d02ce375bb22000a5788f6db387ea038
316f1709407532998f48a807dfd06d10039047b3d694a4cbc067c944c27e629a98b54888d7418754c540ad764809001492b245d9213c0c2fff1fabe2
5b6900ec8b2d215d92fc8261c8f508d05d93dfc6b701c58de1dbb007a0ba997b1bd0707f010df068301bd04887d5cd732454b74c6e5d3740fefaeb5e
1ed03c97772b7f80de3f92af86e065b20e45d916b98692bb54a2ec9461d56280e3adf207b2719db78e14201bfd79bb1e014a7692ba1e01fad747bdf7
4071efe0d6b70234434ecc8624349761a63e126a96d56e8b9d03c93ecb7d41a01ece48e52290c92d1b6599e072abafdb2e64806c2497d990844c22ec
6e6e22a119237a6b350095646fdddc444226255c949d399399e3489c8e2a1756abc36f0f29008df4e251f68f6e21b03ab8351180469aae7e2b2a815c
fd36159540e9f2a5d5007423054d7d24ec737b907c1d4419b8d4bc5dc8dc26c9605971bb1d719b081b1d7eebd4019aa77a6ec52e505a922fc7cb2d4c
258bb605d03d4f712b9c6fdd35ce7b973b403d948bca6ba066075a470cd0dde037f5915095c4b72b20a0937cb19b0d4928eaca5ba90ef4c36ebb3969
8224d7ceb78b22204c506bc9c483b7109be7d6c001c262f7f1beda0de59b4c2e8a80587b50cbcd49a018c66d0623a1bb39f9b87b0874979a8f221ca8
e4afec8fe1648fe164cc2f531409a1e907a45b1283c3947bb4b280aea16a2223a1713174376b91d048a4d6cd5a2474f7dc4c3e24543dc88f4214e86e
d6996948a89e8e78f4f33c5ed6e4b374ea00c54d79b30309fd4028981d4868dc2dd21fddd840fdc64b890954322246b94922d526b3f0d1d90dc4321f
265cf5008d4457512e92dc5196e4d8939a942cbddd5440423c8b1615a2406d0e8e1e1ca0ba347f148fcf7728846eebd4013237f145d991682c38aca5
9f076864148bb28fef1c717532b9ad04642e97e98f71b440278f4494adc5ddb6d5c72b0b815837405216024dcfa53984845afe478a8fa83afc07e1ac
ceb5697f27a11d7c4f2622128a51deaf7ec0d7037d04129ab645e89e9a7fd5a84076c7efd5567f0d85e1d5bc6ac1d725f021a94862679f2fe5f535bf
c66cf351bfbe2da07dcff26d01992474dd242a42d7e7631215a17a14fd55bfbd9e929bd6b2450efa18baf8920050e8ae9d5f5f3350746bbce60f008a
de6853a208850b5da22cf7e48d7609fcfae6814c9a9b6e9614211aa443ae9d81dcd149afab62a0e8ca78dd4807aa07b64c892264f22f4559be365433
3cbc7ae580f6bd6d551e30f46bbd2a33a0b8c032ff89908df57dd55c4098c9fb7335d989d03c16f1eaa803c2aca3dbaaa9f70b9861543d9c03b48276
7edd63048ad6dfeb4219a864568ab2dd264974b6db6e34bcc6c7b12832258ad09a335a35654a14ae6ae9a64411aa9acbfc274277716bfe132174127c
193207746e0f8eb27fdc908dc57c0d8501a2528cc4be9d3348424b7b877498ff4428445646394bcacc09ff5825710cf727a949e2207e9234251952e0
b32e4930b1d76fe39764c2f5c816cec3fc2742e6ba912877499c47ddb6eb30258ad038281d4ba31b129e383279ee37002913fd70f0f82cab081876ad
a2ec1f51401cfc8df22b09efead66fe3577c961752c97df159681bb6b5a37c4a620fbb42aad622d60ef7c330418950b95a22cafeb19a08840ea16d84
c2499cf16bf2e5198a0eabdd212441c9e110227384ca49c228cb7de798d2e40d7547b5bbbf0213dd91e8a8e21f83d36582583b9446946582181c82f4
c60fb7bfd08a6f7bf81ec943cac1df283b121b2a777a4559268c1b4e929c391c41cc95f1c2f72714c261a3ec64222082d37fe3377d3c49a2c99c1365
ff48fae7e6cc99f611af1e070287295184cc85b151760831ecd92689b21d225c8843d75196d5d335084c9cbec70d65fa3a4ec76b43f935f85ab688f9
cfd52551b645ae95cdfe7139aa98ffecad47d9c71362b84f5afca58ac7eff2cd6f0835c2732f9fcb41e761e72e87f322e2c0c970f9e6c971875c1cbf
dbd6c9498a8d176547f866673fc3e3ed1f37f4aa6479ec2f899d87f3e39189c74c65cceec7117ed8c6f7ab7bfd23a95638771e65ff887d4db68828fb
3dbd24c3494c99d7d7cc1de7e4631c09a78cd0d8038a7295447aa78fd42491096f8bdd2877499d5a1dd29044281e322361be0b3df1b926a51410f27a
42b2d686ec179cb0e8854c66a591b0c2858aeb39ca53923e326bf9c7c3251d8fc70a1762ecf75c4bd93f6ee89808517e24113982bc4ec5676da8c316
8bb58ab1177be698842520619e65484512b943f9785275542b27bf0f5a6c9288d0202c79984b452898ef5196096eb262d36224c51bd0921dc28b2064
4ed346d981e65a6b62a3a36cb731937f7cfaa93bf6dd75a57f74bcbc74d4c70f5be4ca1df20b46d9c76fc824ed1b665c110ac9ab87195784ccbd6523
4d6b6d88f1e2a561f40aa53999144940d816d43a65820bab713d47d939412e3afc8051962f4e8d911163a4652dc2393070a2ecd8e332e090fa488a11
a0b10e8fb24c10e141fcd2302f8b10ab16ff681f7106705ff14897ac72503a3b5e975fda855307559c2edf36f1cc53562f5be414023bf023dd7688c3
04c5b97adb22f613f197233df6f1d113478b8a0e33aeb0461da657119aaa383d3edea830a4497a1c89875d851fac3ef2451296ec40bfb648b6f7e94b
530c254f2154ded0ebb35ecee63b995e67342bff9f7cbd4e000e2690f47898aa4568a4551c879209885a92baa44e3899a42109c1c7c43c1443871719
6d7b33ca972476e6f8b60f7cc342e51ec071b0572384f4ad909624425819fb23f9ac64846c87f448c24e3924bd92f0b863811cf81a844c8e8561be18
a173a632cab648301cc1a9c3143242214276980946e8ec2b0e33c108857de7283b5e19b1cd34399485875bb3e83473bc08f1893212c5c7932182d5fa
30c78bd008d01ee66511faffb924711c6c0b09b102a2298520d009968cb2c3d938c131ade5706af6c9a34210c8accc860959c6bf842c0c7af7f19daf
0e8d7a282a0fefee737e68e301153fcd38b4b8805860c1d770ca0cbd85d6f28fc3a80a989832e1ad1f4cf8633a50dcd491b2b57cf3ac2bb3af592178
781db2dc4fbbcdde94aaf8d0083bbe335c4c86d33e6ee883efe9d02e03caaf305ea7b308b76cf2f1a72d9abd0ec3fc38ed90770a223d4d272354a206
c7a1f506f481e03a14bb40217839ca4e996564a47f74ec97ab163ab46495e49e3f5fc772ec97616ed6927b626abb5f8af21aa8ff48b2ca054ba45719
c72dab37e1863eebf60db1929d7ee7b713f336a729dcdf0ef4864e2a8d619a1ba1108f136559c5fae35857941dc2cffa9309f9225665fa2c0d42a015
5f9a221ca843561f5fed864c0eea28cb04525de57f682302ede734d1fa0372972f652cd01b3a29bbde051a7beb513e241dc8b201294b227d21c66566
2f4fc80ad4acbc060a770845794ac283c34a36bb92cdae64919e9993b94223f7fa30018e50b88039caaf242349a995e53eeb7984892c5fc4b84fe657
565402cd3764321da1b816cc59263886cb59cd28cb3da252e59f159540c5551f653be49d713f49fe919039f2ed45f994b405fd3738c50e7158b7f021
e76a87aa7302beaaaf83f81402a14776250b14f56e76259bbd3ee390e41076a2459872a6b6114af3f11a714073a5626a1ba1723fe1308f8d90494339
4c5a23545c6551f68fdcba969c4c2e2281ce31ef61d21aa1921429ca3241e4ee3738a7dc7b45917ff47307624e305e97e3456808a934a2ecdbde9095
8566a8114ab5db972d72829fe443c30c35422197efc8b703bd210f5feded48dc0402f90dddfe71434f2c84cc0423545ccf51b6438f914d3cfe710290
a577b010caaff3eb2524d3cfca6f1b28044e45d9517d352e7996b61850b705f2a72a36c38cd008671d6698112aa9c486b96384ce61a6281749262aee
904e49384999a4458b0b28a4d48df22d89045c1fe991f4b034a7455779402793f030478b50b4928a9f3ed0390039cc9822340e1147d91637146e8e1f
c56f1368eca20c1394088d1dbf61ea11217369d628cd16391dcac992283b389ef42ad66a92f6366dc6082b2ee98ab1ab4cbfd2ecd086e61ad5dc2042
c87eba8d975c283f846071fd06342de7c2594da1b2031f65dfd024632693b4688100a53bd02ec3809aada51b082844920eb36b08d16d985087036d3a
4d54d84070cf48a8b081ae7bcaec1ac23e99b4492e9d8ac1f17c88c5a513107d1f90ec1021a804ed0fd3720895046f51b68f17fb95ce894bbeb8c2b8
ca976b2ea076f9d244002ad7d10cd3720855255b1e3bf4603ff93a1ea72f6735c94c398a1f225035678bcb1da02863cd9b2114a20ca29c25998cb940
2a920873fb485d124bba9fa42189739fac0eccae21b4a3dae223092f26ac56d723d5d3da87249938b8af810960760d61a760847449621b8de54ed5f5
0c34320947f995f4b2f08355bf47a0136a15656b91b18e1bcb472df2c5791d8e2f4459bed8e8647f37ca53924a966eebae01323147c35c1742e332f9
61620ba1732bdfa87ec8406dbea1e6a87223e21cf0d5fc23497eb4d8cc4f2114bd7ab5d9472e1ee79cdaa8fa868132eda35e5fa0e88034ab83106b23
46753a12d3152343e8b70d34c550d5c50b54624a46754500f4e44bd35302746e618db21d4215e724c90ea98ad9eda89aff40ac8a192f8e7f0a9dab12
a2ec1ff1a7749459553b576f19972f3f51a011543dccc42014978455bf2b50f546d74b26c867ad18321383d00e7c6c55550c9422f7b78f279f359728
8caadfb51acbd925f9accff28655757855876395563d25405565d6d7f7f8aa3b68511f0850f61ef69faab8ea22011a379b44d9fe121ecee50ca36998
03d19304a949da762cb941a2dc2571ea8219d9d4cecd2c9788b796fca3e7f2b0179b9205a85c9a1c65ff48921e1745cdef1c28ba489a5f305038cb32
4cc12084a0df63d7f49b029d4dc0281749e41362389b7e53a0a7ef8f4bd2569f442046f992e4515049b6485cc2f191e4abaa6de863b38f8d40425bd4
490a742e6b1a4d9bb8e9d8446634f75a80e23e84091184e60aa8e99f04b24ab69df6f134808df7e8570774364d47bbe4eb32dc903faab98042e8d068
ae518158dbf0c7db679164559d645e03a10d9fe5ea13c8c4000e7311089db44051f6d5e2f42323c63059801086f96eb1bb690a74056a776202959b86
a29c25e19fc4d565fe002166e766b5abb980c6cd39513e259d98b6d6ba245dc42f41727e0199737d61313173804a8e842877494650f347e704d0c86b
373c9b2f74f21e4659be36d486d5d0395a24c464a2969e25a0e9e7e97a9680f68dc47070c8e656f01975dd4840e304c7e8fa79fa77d5d47e69dda553
77e9e4d8eb62f188fd8197aa2b7681f8f8f8a3c652f7863fb97f7c698fc7832539aa5833056bd9a3ec42e3bce1e8ae34804eb6ad284f497bfaba16ec
caafeeb93e5f873307a805bfd8d03f005442fbc7d0490a146e1e1c83a057a1e9251f1a25c34b91500743f31fc8da88c3353dd05c5d0c0ecb09853c6d
317d1809a0bbc01aee6103cd693208a5113a6904a27c4bba09ee825597e64077093c343780eab275380b81ac761e5a20e3cb670d134a392026668664
8b9c05267f537cba769b35c8f7c726131b3237334559269a190fe0de193dbeb3c08c84cb12a092267e0c779a805a314a861e5520ac6cbaadaf01e8d9
97a6fb747062f88739eba17ea1b98c1b7e0a40e908d1e1b6121083c378e97705cac12cf49cbfd03fbe74b202e5b08f3a2980ea32ce73fec2bec1e66f
553cf46100d9408ba12b02e844cb066f7c6240f673f580bfd0aa7f742133be9b862439e14913a8161c4af5619ac022c92f05cb86541a5176ca90506a
3a6f357680cac182283b50183bdf4029fb817af8d5e979048a9e219305089533d963b8e103d46c8bae6dc80c50be6fc07d672056d83c5e2fc2304f2d
2b8da9510254b2478d69dc0b90b9312aca8724979a0d529684dd8f9f79aa3480f8520aa42969c2172dba6a99a6de46c69a7840e864191853990154ee
568bb28f27c30ce7aea2bc24695fef496a4a012173d030ca45121e18dc22536d03142e7a88c9692d2ed9d0c89fae21a68942d9a1987e754025e06f78
285f082b9c3ffa89018dfb4fa2ec780d53fbd121434e80ca69da28fb3a8647a079bc5f1d9009a21a1edd17ca0f6536b5798042d6eb28fb78beba8ec2
9e7a1180cc5d1951f60db11d610886c7f5859ee55e5f0350dccb9bea3720bbc2f620be50d4361eb117b22e16cfc00bb9f81edd34057a73089dd14035
d2663aa3814e9ac0e12175a1ea253fb57980466ec728674904e3e216f1dcba108abe403a25b9c0927449220f44f3f18f24224f5079a79f02d0b94824
ca4d12091311e19e6e17baaba9d30f0628e4678ef2924414dd57eb96e4668a8f7f2571308ac13955c540e6fc6e94ab240e1722e54ebf34a0702e26ca
3e7e437c430c8e3adc33f006909c7aef81caf982e1b17821fffba38fcf1c54947b3f51a0716fd9385d70009533b751f6f155637c40927b161c06ef9c
aa62a0b94d72baba002ae746c7d97c7c23c11b66a347d985da7c8faa62a091fe39ca76a8f9c1f8c729097b009be7d48b00e4ef6dbb2b0ac40a8667a9
b081b0ab7896bba2401f5f2df922d37ee3e33bdd4200aaa156a7de46200c42ff285fac8d8c203a8d6903da7054952640e60077949dd1dc9acd8d5151
b64318bddb0cfa53157b1e5e0889078fd3d6b92e9b04cac3f3f042e33077941d28e2732702e2349804a8c5f9a1943a0d79f305ba7e038a7b07a7eb37
20562dd6920936607bb396ef94fc2546689cba5b4edd2d8a1125de698212ffa82305a8ba0f4e852090dd633cdd2105eae1fcd0bb0ab4f2d5b2db9c17
24363aca7ec1cb637fbc1a8d12a0739fecf080bf50b96a6a789a5f2806127a745fe824988cb2ef94f0152e1d8db22d72ff37574b8c53490c1402a1a3
ec787168b1a2214e97ad4033a6edd4c039dd5841319e9a2e40ed4e007748816e50e2e90e2910131ebe74dd00adfb3adc910172717eb904065afe6a39
aaa4fc7227e0744706183a234d0320d48e2d76ea19023ac9f3a3ec9cd81096111dd25904d4a91074e90414f5c8520101c5b5e072e776795323b26ca9
9380b08cac5524e9ea4a901e4986bdef0e2d6d31a0e8375dba9e81ae8db8d43640ad455297d411f4fe714a222014a5b15cd303cda5a6190b84cc69da
28df9288c761bccc58203432404679483201207f74af186886a699c440284ecc6520349049a239cc5220949f24ed3aa0bb036f9602a191c22aca0ee1
864132e661fe01a1708dc058863803953c915176242ae15198ff4b5f1650b965652c350490b553cc2c20540ec546d916cdad862a5eaa83651e64f9d2
6f01845d075faedf80ce4535c3fc03e3cb3f80105dc60002253bbff48b01d52dcce5e6d372f3095db95c992d339b206a97921ca81cd88ab27d2452f9
871e31ffc0f8f20f301297f14b40ee1fe99544882136cfe54b03fae47bbc5cd303451fdbc585544221e75b944f49841223603cf02e3437732f4d844b
cf122371f91e8192d900b95c9a5fa6b6c14eb934ec8118686b2d498b81862f952cd0c9b31d65ff48942609dec6e5da19e8e4a488b2b5705372e429ca
723f0c92a145838a80b0f5e990fa11687bf3e94f557ca93e819af8062ed527d038921265793cd15c3f6bf90249a16724c4a56204ba1b9d97ab03a01b
907ea92b81ee8ef2e53a1cc8ee1e5e8634019dcbcfa2ecfc20a74d637bef52c902d5430a9ec0171a47f7a35c247184071bef5acea20dddad9ccb9026
a07c93c1edd0cb14d7cd67c92adba1c7574b56dd0eb58f2e648056ec900a1b282e642ed736406f4e787d0d404d84175caa75a090903ccaf691b0f7d2
fda37dbcf4205bcb0e5d6e284ab243174e19ec14130f08cd25dde5a629d07ffed17809a01e5f2dff48bc3c5906a2ec48e0b738fcea8c98326381c170
a627100a973746d93e3efadb181c977440f9be143ddb404fdfb37c8f0f47ea8a7f94af0761e317acf2bfccf7e9347179081477a74d8820c4b37869ee
ef5e5f382b03ad0f04a886f69bfd4068dc173acc7e207492c50d531d082d374943125e72b837d581d0c917334c7520546e8e1fb72b46a0e94fb9d5e1
f7a7c3e14b8fc46d8a6bb8f7c0bb50dd6ebf155c40379ce356dbdc1ecc9c926c91c8245766b70a08a864098fb27ddc5038573c6e971540883249f6d1
0b3d5957de0631008d2b8cc7adc90e74bd98b70206e8e45a1db79f3bd034ec3d1f2e54cf2a78f25b68d35135ca00e89a2e9ee9168a6ffb367408e86e
9ddddac1b73759b116bcb5706f13c0b30de7996e21933d78785a5b68cd9170927b5abbc8aafe3a2093d964780e5b2864bb19b72e3ca0188ce2096ba1
69533fa49d128a63ff681002dd23071ea71632590cc7e332fff1b24bfcdf4ff68fdc954162fa285749ac18f96a1f723f088d44eb512e920aa67185d4
256de5af3ff7518703c5608147f30ce824828cb27c196b27ab7adc814edabc28dbedeaa94498704d0ff484767e9cbe4037d8e971dfe731a51c13f3d1
1307346e448cb2dc0f378619686734d0c8b41fe55bd2cdbef3f85b153f2a46a078e0ea513102d550cf47c5086443891ff50890a7af59a90e74922f46
d96791b1c015e3e3ec06a2bf3e4bb62fbc1318f98fab3ca06b973dba9e1fef8d76a05c73019d2b3ec6e3a2e8d1df3625598ba4337a6a1f17458f3b91
c89f577f1b90c93c11e52aa9f20d644853121107e891573f33103aa341f2595ff08da42289e01ba4c1ebc1ccf73b9839202d498bc5ada44bd2c5feae
cfba25ddac187dd623e9219ad15aafa4bd764e2c3e5e12b409a57ca42e095f3a6ffb35640e28dc861be553127a1765f61a8ff31a8f83767e5d14018d
cca7c3b3e642d57e7a5d2701f5e740eb6f03aa2105af27aa5e3316c8aab63a500dc67dfdce81eef993d7b30640d365f0fa5103cde340affb6f400c8e
245bfcc27d60c23d33a0ba45fefa9d03991bedc7aba30e28058bed358606a8ee0bbec6c701b923045fb50d507449bdba7e80ee59054f7e0b5537f66b
a0fdebb58c5f2df9f292565f87862ad00d4f780db4075a7216ea20024a42bfbd5a7faf172a20fb3df93dbe93dfd55a8ed745683f9fe8ab1107142e40
1d9ee9160a1933c7abfd04e46fbcb49f8066a8a847b385e232ecd5a47abf90026a19e10a5492d84559ee37642ddc57e7c9eb8d88be34f79d5fe35559
83bc5a594027fdf3f44cb7d061757aa65ba89c828af22189954af68f5992baf28054256da3647e8f6f92889bd9defb280f49833dd90e69495a6c6449
ba251115b60dfb28bf923c78075f49eed1bb98a05196fb0d79ca2a924928ec154f8f8ccf7f47c6fd63976442ce06694a6208b7bd19e55312ebaceae3
6515474cfe9ef5482278701b1251967b37070acf3ae4ded4b7074378c83de955b8572aca8efd61b4087c1d8ebd1bfcdd67d9a2e95512e3957d96b954
26b5b2cf22c9fd2fc1577624b241b3b4987d430406efe41dbb7c49da32fa1b896c8bc8af9de7f62f553c7f45868853cc0d1e8b0c15b60012f3a3f81e
3837751cbcade2a017ce1e1646b83865bc4ab1c063f13d20f1489a15657954e22546b83ae8c6551df4b7ca17592ea77fac8e707576c357751699e532
d16275ec38b59a7d35d5295309306a3ecbb1c36345e2a628cb2a577e1d4ed22aabd51708ab4d56d932c1308fb2ac7a7d46b696ac36b6981c892613cd
4f9f816eb64826f3e1a8365b241bc9cf6fb339493935961b8fefbe216ee1999d5add6e77b2fd25b8efbe347c64e9fba3b3889b888b13befb1e89c626
0954941d9c6eacaf2459ed1af93e5ebe3873db1436c3c119fa3ae9f67070482e4c16e728cb3d6ea0ee87381c2f12267e5379f86a49414cfe93699601
a1919830ca7688c4294df933ecd0e7e1f38fb2ca2e701e7468ca1709dcb97133ca0e21898a7fb6387d69469cfb219e72ff85343112a7dca3519333e7
54c69e9c6374244e597549e7943b6595cd140cf36996012193786efe96a38a4665536b9a7840c844af4759eeb92e924dc028dba2a949fd3a2eff4884
c7e1e05c32c13192e148dcce42727271227d7af45fc85319fbf878e22d9293e9719a906f78380b5ff97a8d70e5a5bdd6e2503f3efee9a17ea10e2653
4a92b070b90421ca5512e7fc914c497500544e38ce8471291442d3a27c4b229c632fd66652ec02852d97998acf2aa6ace08f4a39a071f8747ac45ee8
5c5c10e54b1247216442c10714a28ba707f185e68c4e5526486145bcc54c4d52d3490aab8a0ea0b0591765f922de220fff2813b8d77ddb49a10074f6
b0a3ece0e838673279ea5ea81c2c0ff9612d2e66e5a2e328cbc420e213199d8623c13d80e43f89b2dd1ec6cdc0c4b443933426db4b3e3d3c2f74ae0e
98e9f45927e17788da745aebf480092d9e0e21b7751d8591f083013a69cf67f2eb000aabc428174938c17eb0ea0703641655d333f042251b40941d09
72e4a5c35a8ec4e53461702eb967c5591cfb4bee398ab57774fe54c51ea4179a2a2f5df69720728ea846d9fe5e1e2286c75bb6b93805c766941d026c
6232e346d99edc045523923ca72f3482ffa22cdb383653b1967c91b42fa36d3cba2fb4e1a83c3efe51db302a8f9314fbfab0434a03208673933cc32e
146268e6a1090984c63b20254989254a877448e2a0f436cca3dc25e9796c901e495b96fd901907111a4221f551944f498697d3220b3fa111403b3d64
2ec48be7592cfc84cc1a35ca53126733102347952fe227397219e52569e158a0db9a1b87f1df92940640d172f6f8b990d9cb8bb24c909683e4d5d313
e942c3cf3c0fb533d088718f7296b43d8f0792e5183ecbec64858156570261353012d33f1238debab56cf10b5d943424b1d1892171f8e903bdd9e2f2
59cbf8121ebf7cd6c23d85b1e4396ca17e63bf1c68f30da36d0ebf3aa07d63ef0703744e7e4fcf4e0b955ce2f3781cd50db560941c4e5f2056403cfe
b5432f1944acf5dae26b52b6fd2ccf150b4583303ba3b38ba2216948c21ee06d67173240ab7bdb31ca8f24f2b421c2b3ab16a070a67b66572d402354
3dca49121280c1c9ae5a8078699264956b2c496d13e526c94cb13071c82a1bd6786aa7879b854a144b9465f520ec147bd3f3ce4298b33cbef8ac4208
3d7ac473c542619327ca3ebeb04f864eca6a54a068d867cd7f20ac066af95901c53557d6a6061a478d432730c981dcaca5d10b8494ab90fc63476133
99f2b01629f89a1d9a32c1612636c5a6478d855a7d69d33eb2314c82dc99351b81b02479165b8d42ae7c56592d087497f9f97424c878f0937b6d44a0
11aa3ef3e5e32ff70ba8a556001a9929a36c1fb91b123fe2cc9a7a40d63ecf7e1d40a90ece6b1f5f36bfb1243d542b74525ac6a7cbdb066208f71b2a
c4da09214d3aa42589e8074cbde21218e864a8999e8d153a61a7b3145b34b532cabfb8702cdba4ca9ceb9b1e8415f2f6deffa98a8bcb1da073ce23ca
af24a63282ab6a4b014d015195b14021237494b324763e903f555b0ae864639bdea92cc49bf759af24ce79f04e3d4b1740141c2677551203998de1e9
f13aa190243aca43d24073f147a71f907558d4d33f9e1ea8a14502c5848ab37b7a084f28ff48b724c25979cd5ec02c543cee51b68fec287369f2f4d2
64a1b21b36bde858a8e46e88f229e9243882c7dfb27acb2ab56e59bdc9b533acd524e1d8ec926cd18be9919ed5090f744274a6b71a0b15a7df6cb8c4
85b08cf6e07855f0fcae0ac6b1d0f0590b9d80ac283f924c29b05b6c2e3e8042c695e955c142e36edae9a134a1bad46c5a2040271bf7f44261a193ba
36ca4592fb95fed1c77329098788a7d70e0b85c0de28df9258e663a778e66d7e67deecb6df93a7d908a29a9e6613baebf0a63f05a805a3c4036e426d
725fed2307dcb4379b360fd0f48836fd2940e79e92e9adc6421820f0e5a20828c49b4eaf301662994f1fbbcfea3e0bee550740693e9e0d3221b48dcf
ea9288c8c39af1ee63a1101f37bdd558a864309a4d930a685c3d39bdd55828df4bd36fe189bd8359d8140a4018388caa0b2ca0cfef598e2ae97b3a12
af290180cc7e78946502efc6e17b542800953c6d519e920827c3f26e53263644df791d1a7140083efea834010ab1f75176bcd842687cdb4d8707d03b
df76534e008dc35f51f68fc4a770bb599465c25b58e5dec51ad0aa8fd7bb0154ad8676391224493c50feed7224dc5540ef7a4db3d0b98f767a9c51c8
1cf489b2837379e8d15af2b5a14ddf902628d038d717655f1a2bbbdff48fbe34f631b4969bf20b68c357abfc02aa0b214f4b0a959329d3d392422721
e7f41668a1e90d6a8ab4e645edce09977140210e24cace09f2a51f4e26ed60a016e7fde357cb3efdf075bcbe0ef644929ffb6b8b2f1fb26248ab0128
3b4fdb9faab8bdbe077651f4d4b6d72178d92af4e3791d024eef7108667ac85388b1cb909a241745055297c4e92a9687dda526d0d8218d7296e412a5
43f259892f980556d71705344228a6e73e85aa7bddaba485deaca5c70a284485cd9ee59e9b2bb27ca934804226e128dba2bb9a996e939e4088cf75cf
c8ae860062f9c61fd510dd833e8c6ad730070a198c66d796ea5e35f591ec7675082b24fb585d733548f6d1b3067c9b5e322d9481c2ee0a7aa0908d2d
ca7688f4049d79dbf59203cddd1d0fb2ceef202bcaac2b9c81c6118b289f923c9304ab0a54a073b8797a9055a8c381d6f002f2c03fd04f5f07891ca7
e3a51904645d4a5d271610b5fca38f3fdd008155850dd0f59277c508d0d436fd76cadd1cf4e1e3f1ae68217412a4d75a6434e4f28f28fb78c2b835f5
3cdb2ac48708abaf7d7c5915e3711f7e3040ac3426a42489e32d483c6f8116da3f5296c49171c6cb73b242271148949b246459b3c521490d61ad5312
3ea3ece32f49ecd560790f97d3407c8f0392acf2d5eaa8f3766aa17091489465951889fc91ba244e1ba10e86ab16a090a0640e3dc8c39c0176db4f14
e8c4cb47d93f66ce4ae1c61e7ea240f7e3f348af5075c27b7e57c8ce42cfef0a8d6be2a7e77785f86a6142a73210ab0efee8aa78b82af6d556f9aa64
ac43288cea4073bd2fc7f3a2ecb3c854adfb61e85902fa28921cafa662a4c566879ad2976ebb6b05743d12c30f6698e694ef71e8bc1da6e5407e0ded
01a0132836873a1ce85c10176599f05a344cbda116042ad913a6a74be777bad4c1b96d91781e058c4749854a5afd283b73d095a4be8db2636f3a51bc
1be371bc38564166a6e955d442215ffaf4c0a9d0b80625caf2f51a3d4a87dc1301ba26d5787dfc172eb4b99f7e69d37021ded0243648e89cbb8af229
89f3187c8fd36f689ab49d29e7e155a1ef53417faa620fb20ab5dbba5f0a50392114e54712960dcbb0a97b0aa85c281565ff7810fc67e774a50285bb
d7a7f7590b45bb6cba9001322960a26ce738e9fe431d4cbf14a01604c454990185cc6e513e241dec57f2783f1e204c35ffd825911c0f53cd03a34225
df42946575fa1ef8e39409c2d609439ad3e5f474392df77e1640ff46559f0f505c694cf50810efd43f3ad06c86107839bd185ae824049e5e0c2d744e
c945d93e2ecf4af947b9e7ae68226fa7f73b0b6165f186dc68009afb23dedc2c14e2bda6a756854cded5e9cdcd4256084eed5820d6a83ecb3ebad1c0
6acacb9c856a30c9f44304bada66be32417ab98c8098ea37a04dbee053650654378f3cdb2a546ec59a9e5a0de0100c26b7572b0b5d97d2a9c70ac8ae
184fd501503286b9e73e854e7adee975c842686748aee981c221be28674919f136215549783758747b85b1d039b9343d0a2a648e364eaf30163a7743
46f99474a2a678966bfad3ed88eab35e492f3b7e7b543d1d2a14ee078bb22d368ece1e921c2f8c3877354f97e640293ede790f64ce83cdd30d6ba0ab
3e4fcd20a0125715e5228970563eabd38d2c207412cf7ae48b6c48532694d74071d7dc635d4235f264698c0385f46151b6964e1d34fd329007080190
205d92883165fa7a144bc8dc0d19e543d281468509df3650dcd159dae74021bb6b94ab24529322bf3cb025340d42ef7d154a937bdf365027cb69cf5d
09c5b09ca5170168465f2dbd8d40587afc71fa4772f992e5692e8ddee5911664ce523201217d79966b67a010123e978b5b2056177be67843a990c986
1be52149936ad7badc31bcbc231d4571a9cc8030832aa443122e3ce4ea65fc00d0b98c675e7aa381ae07f9729d0534d5c9a5c5767d4958a865481490
8dc8bbd4564025edf0bcfcf880a2c3f67262028d3cdbd33b2b859afe4fd8d6f5d8d4432a0daca4cba50050b9bf727af44328eec85cae0e80ca919490
e63c0b08b5be2796d73d0acd1887db6d21a0ba3ab8d5e14075d97a3b50401fb478ab7781ac03f1d63508448bd432ae0ac8ba35bcd850287a6a6f631c
809ae4cb5828a091476bdea71d3acd13491f3534814a86ace9ad7c42e7c8e5bc353481ac7bea76d71cc804e3862eb245f309318b6ef705efefe60a3a
a49302682ab39b73b242712df8287f804ada84e92105a190aa6e3efa2781a202f2fa30a1fb9d3f7a1e1f3d8f4ce5c74d0ba0e8067a0cc7008a3bf0de
152614b7561f92ce0885c46051f6f15c6fc0418c28fb78323e19e6f668e000a5db4707faf1501adb428fb1174021f3449497243e3144e5b31c89c511
553efdc74d2da04f4742e71a500bf6c0a373edf1e227d4faa39d02ecfb8620c9d78d931407d1a31e010a19b2a22c5f371b8a4dd22589adc29f245b64
1bcd3db347c1051417dd8fdf23500646feabff090861d3210d491825a88357a30468a48a9a46fb0b993b4fe6ab990dc448ec8136c65da80455cfd7dd
d6d79026167eaf3635d0c8ac348d4b171a273ae7abb50c744e874ee3d285e60efceb570b14b22346d93e6ea81c8598decd26742ed389f225e9424d41
d2a90384548709dd35402175e47ca7dd9e9cb2c3767d757603990482d3487821b352392f1c1e01c16a22ab4c940f4931aa33ef0f26ca4552a1d68054
25356a55485dd249ad0969497aa9d53729d9e2f635a4dfe4f1aca08449c6df284f49d1c794f68c3ebd6e3b806715fe78f8ac0d8918e4d31bb803e0be
c0d721f71b12a10ea72aefe4baedc9c9a5285f926c51922d6e989c3e8ef20b69db3c892b684e75e5c9e1e649807694edd076782472e646f994448b8d
3e665bdc90386b7e7ae7f7c9a9e8c979c3f32af6b1d0c7c4e38b7ddcd377b22b1a65077a43e22cdee91168619247e2f4ce6f2111101165fb5819af0e
a93a5e95f14af34f557c7ab4fa44c54fb698a2ec106c48b80fa2ec3bad0cc180a12a8f95213878cd551e1b4330f96377083a837e3076dd41df3b5893
dc685196ed0edb074c74f9da3b589383f451769276f962d0bb7c6d885abcadeedbda10b560b53bc25b8f442d1e3fe46bc8176337e46bc3246cf4f426
f480b66b653a34646287ecc6ea50924c0c4622fb784762d0a2dd9eb638990c9916a79361321276683a129391c830311d89bd83358bac4ec77e32190a
4c4c27c38659fca8a713fea48f7e9ba77ddc7b5b1347cae961f09363de29f9d59d8ed7498bdf1f6df1a48f7e75a77d3c69d18ffab4c5451f0bdc2ffb
b868d1c72f5b5c7c629557bb7c691b26c9964e0f709f1ccd8e5a3c7ed9c7bd67368ba4cbc75ff4d12ff8b28f17a3fa911cd58b51adcc89cb51bde0ab
d2a14bbe2ee6d747f2d55e8c4483d5cb91b818894a1f2f4762abe259fcf46f1fbf217104faf49a786172e956949d4c1b52f2f1b74cdccc9c4e1f1f67
ce431f953f8f7d7ce8e3e08f8f7d7ce8a34c3c32f1d0e2f059b6f8d0c7c6eb78ece3c3373424f93a1ee68452eaf1753c8c84dae671241e46a2315e8f
23f1302794138f73e2957bc6eb95fb972f4d6df3faa56d48c9c179edd0cba82a4d5e3bf4f23d3a38af1d7ae16b3212af7cbdcc9c4e875e67cecba86e
abf4bc559f40e20c5794932446759ba0a747c685a825a94a0a98c45f46b94992af09a94b5ad43a205d92e06b9bff517e243dd4928957d24b2dfea8de
05267bb25196d5c4a8f26a6f568c019d5a30a17606a256813425c1179aeb4ef295788f43d22de9a5162daab06f153613e05661b3829a2c5ea2ece30f
be6d26c08dfb2180160ff85261df2aece1e31d897d0e72723a2bca8e7de61b6202dcd9814661578c925b850d246e0d39b9f77e032d22446f15f6adc2
c674b955d8dc753f09633abdebfee462fbc4d1ecd38bed8549fe8128fb6a0b5fad93a9c84461242aac1699288cc4fc3bc5475475a00a838e5cbcab83
5e1974676475d0d1fa446c4659b6d5fa131e55eb376a9d5da728cb236a9d7b35a32c8f8d89d51895e6e337a4c3d9dd9c581b66ed92b2a44c2dc6aec9
4463d0bb24077def7d263660a3ec6bc644a87e039a0840d462fa7599e8b4e837d06d71db03518b41d71eb8b7a69fd5d9ada6bf3b2d261f6f8b9d4fcc
b9d6fdc436245c70e7ad3d004c5c965196896d0f24f22047592606a3ea8c1c8eeab6011267b84ed326043012930e0d470213e1f07bd244b8311138cd
7fde9a0840e23448946502e5df7c692aff1be5cfee7494ede30e5f99048446d9d7b121b1748ab2736287254f8236a2ec106e489c8c8bb21ddaf94f26
e1f8e77dc9174a96433051764ea06439037fea7e1012714251b645942cfea328fb78942c111a5176165eb4886d71dfb678dba2245bdc301b16fd7dfb
3a6e6621e6d97dcbc4cd78a1fcefdbf1ba197b25cbedd8a364094b3e6f952c90c80b759a07e224e9c3249e30ca3e1e254bf07294ede34b1f3b4cbcf6
f1654e6010ea3c09802fe7976a0a48eca34659beb6b69a449845d9b9fa325791788f9aeb61e1c7199b281f926002f1f6b00e0f80096c44334f081327
699497a445ad03d225692f3e700644f996c4942b3e9e29f7ec05fc641f23ca451283b3bd7a5166709ebdf49a9c403bcd4f1100f7cc89c765d883ec67
ab30ca3e2bfb2cffe8b3b60a885a0d5297c46462e63cca7e206a49b2db1b1247d7a26cb759ac7534c4e362ed29f085f435498630bb1dc2d92d442d46
42a501cc6e878aac168455f58fb25ae08b05bc493284a82549be364c0e6c45d9d7b1177b518b91c0712ecc6e87541440e2284494932446d50ea92880
c4dd905196d50db3cb2a41324222fd7394e59ef51f71335196afca9c40773cd539b161f68f0959559d606f3eaa93a7315e32d1646243d4e2a53599d8
5e97c93e7d949dd18d198d25f9348710a5831b29caf2d5f8acba8f77faa274f615587faae2479df4a89350668f3ae9e930e473bb0c7518c21c7d5c7d
029370c328fb4ed54998a38f3ae919bc1aecc567f86a0643e01f8743801e618b29ca764e3d82fa347fc989e771e2ff8eb2b516536648f23d20d5879f
85521d48c4f447d93e22d5879f8552fd51aacb84529d04257328335c14e1c54c6c159e7a3185399cca974c28d551c5e62c09d8a33a9ccaae809e9b51
b543b7a38a541f7e294af547a9aec453aa3f8fcfe2f18fcf62b943a2ab282b20f6da660e67916b1b20916c29ca3e7ec31cbeede77b3c7dc4ec7b1efb
f8325e4e13572d40e2506c941d2f34c4f0d5aa218044084594e50b0d317c696a88470da1bc56433c2c64b889e17c55072fee3c92b09cba654f7cb009
67f7691296003a34fde32de9a6d601e991c4e3e1eb75f10124521d449969f262d14f1faf45ff1e3e8bc76bd193ec64e2ec3e5f653f90380413659fb5
61127212e543d2412dff9825ed81e6d2ad281749855ab0aa86c05d3cb9ae36caf295e5cbc7cbd786c9a1b4d32c2942229ffef9aa0e80c96e6b946515
d9cf6d5da7b95402f6ab65ef33ca43d2a45685744a6224d023aff21a885af45179fd226309d28bb2dc2363c9001965b96f8c04d2f3d5f27e919e1983
f0557abe5b404d22f4a3ec044058650cc25761f5e217e394eff96a0703518bb7ad1dfc22acc8ca17655b1c8c3d06e13b1c7b4c63b67ca3ec480c66e1
214926307aa7f34ba3f7dd866e227d58949d0038c17ee43d3ff5890b89edfc28dbc96d1bef6ad21cb10d293b9da6d31c1bf747906cfc90355c50d9f9
a40bea5d3ead30b20a5220aad1f5f53dedb51a23a42405926ef75749faee28c95d8d6e5d7e95978dc2c765a3177e777267c58f256d518d77a7780576
355b90912d5fa31a9d57bebed8c33ff22f9ce69211527686ea9b7a6f7b8a0beb559c0229db79c5e9fb386e28d75779fa3e7401d16f1a9a000704478a
19660278a74e787d3eef2b6f782c5e65259076aedf3ff5f2ab282529cd7e0a3343590a248e7c9e26aa0990a7ad6996696916396812fb06cb1c348b84
33516d4fdaf851a4c1d3fe0a97496816b96476b50eed92c6786de36a995f66914c26fdb80968994d46489cc95f669309c856e369c946938d6648369a
6894ed8af861a3ecac701470991666fd8e6e359ec6c6b690d8d588f284546cf4a05ab1519c1dc48446b949f269b6507c5af16913d2f7b469355a40c6
0989fc91cb842ac2ae660b76a1306e8d712b8e1b3b1b3ffcaecb2c2b4262cb25ca2fa4bd7fb7abc108395516d9521287afa36c17305e7fe9a375699d
6ab05bed15ce901feed265a21521b13713657bc526c70f7fe932d38a90b8e17a996965fdba3d95d6ed69b71aecf6af9a3364526d384314b89d0119ce
90c1cbc253b3cc272224b24244d9193296d5e8e9b0d141a35d928d6e886a4ea4e1580ef45da757533ef03dfc387abacc322224ae318ab29fccec5683
91e9584e5e7d67dca6af5ed18cc3237ec89ba279c0c77428e7c71b8334e5ed44fb0ff8387dcda78d1ed26cf4e4650dba70fab2d8c9f8e181881f3272
d2d3016fcb9e2e7beab7b0ece9a2a7935e2d7bba0eabd18525238bf93619dee57c5b1f6f7461c9dbe29399f0b19c5b6a17bc10f1c30151bb28569603
72f9ea33d3f2f2d55f360a1f978daa5d8ec2d32e2739daa538692e07e47aad46b76e7b8f0d5e9c34b73d556d1c8ac6db46511be5c7f0deceb7db9e2a
1a6f7bba2171d74594ede96da30ab3c74671ae1445dee388e349f91d0a8cc7163624ae1589b23d559273ae6c252579fac9c876c3c58f21cdde4f48a7
24a7030397707704ec21675731cab7245b98fc55b10d24b615a39c24b1db8eb5bcccf11290a9066f4af2e41639e672fc90b7046fdb451865794ba7d5
3a347943ba734d5994f976d371580d1a99ba021824be854470d34a2a812cbf2a0120aac19b4a201dcb6a15da258d0139243920395b8d46b3ddca364a
17b28d66e6e036effed2de51b7fb1706e2f0c10e0496f72ffbe4e2e8e389e10aee283bd2ea2f2cb1f8214f85299ae9347e97000782cf27a9bf80543e
9203516c3433fad546ab8d3210d546ab8d16fe5a6d148d53be7f3a10d5460b5d50bd0089342751b6d1eae8f395a5eae8a35e4a6122ab5d5295372c8b
d4e4ad311d8b24a763b75134b5997002185ebef6d41d5e1593b239a9988054ec55b7511513c71857523101898ddb28dbe8f01b18b4301c24bce4c5ce
0f67e890b7c19b19f236e40d3e86bc0dbf018c3473f20889d0cb28cb2e2e8f1fb9ae96797a8478e78c9b6a2e4d795328a8ac12eb88e2504e6788fa2b
4f7aaffe02527128a72f4bfda56c36ed8f9008028eb27ca89814ba49c50424b69fa3ecd3b0e87f9fd8b97cdae5d368e0f2698aeb6f2c15d740629b7a
991c27205b8d01515c27c57595644fb5f2d9535fa6c759e4c249a4158fb2e3763f56f3afafb4976afc53099e5c0c7c7f7dec298b01123d2e73e604d8
2886507a6c946de28209951e7bea9a8190e4955e5b78e929465a7aed2996fd8fcdf0f8e158be36cab8bd36fa3291d80d8f1f4ea49789241faf7ce04d
f91567ef2b23af0342e75f07448dc3aef93ad438870b05f6c8e347918624a00b07dbc0010e1253f5503101895dff284f49f2bb3d5cf163496390ba8d
c2dbe142a1606d1caa9723d9287c241b4dc86132432e13090951ad43920fb6827f6c5bc70f1951316dc754944f49afd5e0f7b0f7ecfc1684c3c1ceef
3ad4116c492ff31209216de103874c00d381d0cff87149a3a7bcac23db532528219cf1437e95a0bcac43097a2841c9ec173f7c9a12d49755bfa7d905
4c8643097a28418724bbd06c949974341bc5c3fcbde6e680747bdaf96bb7a79db780517974df8282b6da8282f650d03a1b14b487a63d3b88f1c3a7e1
f92d1fc9a70d5f16e2e718f65e098a897a28410fccf85ff3d56bc793ed287d93463148b6a35dad41b35145e3fc1fcafb50721e4acee62b57721e58fe
845544d9893ce50959779cf274ca130371ca1356fe8f7c6ff1234bdb7c7e33f4944d76317fec59c60f19d9c909d337434fe73b8b811f919cf1c3c161
35c029c828cbdbc94b6a872df892086c22e033cabea4d32e1cb4e0a20148d52174cd40e2a75d8dbf2ef9dd9088e788b2ec5e8e1b56cf71396ed8eadf
d7a3ad7ea82308345fa68312129904a22c6fea8886f03fd41140aa8eb83a02886a087fd34609896b48a2ec886bd273995cfc9037dcef354992b7fbb4
1afcde8e25ea85389228cb2e3ea41fe985e287fca271aaaf598d733cf2862a391e797be48dce3ff2f638bc7ec68fc3fbf0ea7dcd8faf5ec5c4c1dcf8
6117f0fa575ff3e3d7f3d805d4cbf1d805b450f535ab848ed76989de385e19d9aea7f4c9b0d7ef9338a45f63d57ebc3282c6e1e2bc6572ad80c76ab6
f04aa351ecccac76c978a6385415e543929def562bd2985bdbe117e52ac9ce23e8b30a074804bf44794a72d2209a4de91540a345928d263b8f5ccbc4
6907d0796ccaacc2c97aa6384e123f2e69cc548cc54c08d1ca5acf5caab9cc7815c0fbc3c0c9fa66b2b29f2dcff8611790fdf523d985cafb63cf7399
2c2b80463fd2d7e86d35f8d53993d1075592ea2013bef2e37c6ffc9037bce8152b30377bda9ad5189026bfa80daecd8ab2ecb6613506a4c92f9aa47e
ff3c257d5da05bcd2e3426cdf74f87b2d9053e0f738009a97eff7c25bd56a35bdd6e116c5bfd67f79daabe4804123fec29d1b6f5fba713c9e50447d0
e287dd22dcb67effb457fd6b147e5d27e461a38c9b6b0220aa397b5d1464b41cf91ba3ecf0eac022dde63243999038481c65dfa95a8e0b815756cb01
89b35d514e92ec29cadbe46642227229caf6747e4fa30beaa78c7e227429ca7641cb9e5c0bf1c301c1b2d712c85af6598dc2c9ad65ca3321553baf46
c9ba7506023febd6c9b875aa9dd7ad935515243d8b1f367ad9a8ffb451370df6d1a23f9577be9c676a124cb87c7d3cdd3e053e2fe7197b0a75d8bef3
4c8533944e2a9cacc2f185a870b28b126eda8a1ff6901858eea78ab23dbcf9a28662e7f68b420955df9b3a08d8d56044bf52562f0df9f08b522f0da5
937a29ab979461eaa5ac5e226b6cfcb0f7ea2567817a29ebb81a2c8cb3cb1e201116b6cc2f17604f1562ea252069d5657d5959bd341462eaa5ac5ec2
eecfeaa5fc3a81944eaa0d20aa49925d1725ec47afa2da28bf8fb6f92d4a752091d129ca49928cc09c79ed84c4ad6b519e92640493b328d58b529ded
91a2542fae0fd8fb5dc5f5019038c91d651bd52345929bf861a384866ad316424385a8967cda92c60be4c32b3aa98aab0d0ed7c48f226d0fb9a6af49
f756d1ad433aa35574eb90562f7173f82aba758a8a89b334f1c3a7559f06bbd5a7a99826fe9aa26202a21ae3a6622aae36c89ab28aeaa5341b65dc9a
8db6c36a3c8d204a21aa31202a216057a30b4d46504cdadd45c554501bbf89a42fea0d20aaf94f5f96e29a3cdeab28ae81d41c71dd3a457f0d9797c4
0f7bca0a442bbeb80029f83f7e6c04c70f5b20169183e451e6332a58f1e9274d331e48a41288b2bd42c0268eb4c50f1b3d6d94e155c01604ecde2280
664f11b0a45b8fb27c2ccf09e1ee2c1ade4072855174d60369bb1ba175699d6abc05fdf7c0ae06bf3af081e40aa32c672f5bc1895b4656b91cdecbe1
e52d5c0eefe58020f38ac21f4824178bb2ec5e0e0852aa28fc81e47aa528fccb65a3ce5ee531905caf14e571b91d102c9ca24708489c188cb203723b
bcd829457159108dcda1543496db46b1058aa211481c6d8fb28d62c5ef15003427f9634f6940d108ec6ad26404cb9eb3cd51f6c53cf286b151f42515
62701a467679e46dc33e22266fafb4976a0c88963db0abd12dfd4b406abee6d7eff4f52da0bdcbeb5bc00dd57ccd7aa1caeb80a029abf2b826df333a
a5eaafa998cf04d346b949a2857d5aed4fed5d15d740e2f47994a7244e68b83d5cdd40a8886baed38a32df453db2d5f648d4439ed840e0169728cbd3
d1ac36a1756927d5fca70d1cf49a9361ab667b4d38278768a37c48b25116c655715d15d708d3aab8aed981606ad46c4f09e874755bb33dcd36ca3baf
ee10547608b8c228ca365a0eabf134823503e829bab5bac35d8be3e620b94f5dd98026b238ca8f241be563acaa1220b908ae84ec04d853d63d555552
552548f0aa2aa9d5137ef65ec75565a5e222b8ba5001f6a1429fc64caeaa126cf5aa2aa953de5882542dd87a5a8d7f6ac156e5b05bb06648151211cd
cb0ca901bc85c377aa1caecae1e63f7d0b78588c148f1fa7b445357aaa68aeb84e0c155f55d709a954936be5eade2a908cef8e1fbe2cc5359f71555c
d7e5513ea4825958031837cce6ba1c37e5b09ba655395c95c318bc55395c95c3045cc70f074439ccc2b82a872b8e98c4bd00f1c36e612b37bf764d65
601f59f469be2cbc2ee40e8ab23df5841781ccf1c3e1c5bae5a6b3283bbcca3a374dabb20e48aec6ab7ef3aad8212e7535c54ef3bc10f192ab6906b6
242303d22189debbe3d8944e406a5886cdb093a67422602e7e0c69f0fb3500bfcd73b9c4c2c50fffaa5c99929a24ba45a058fcb8a4d12d4cd4e68e63
5360108e153fe44d818189da1418cd73376edb3577f7804496bc28cb5bf3697c1fa65b15a29a249fd67c1a6fabb9920712d73e47d9a74dbbc0db3281
6800d3818de5a6d5d3fc28dd186c7e944022903eca4952b61ac3eb47092422e9a32c6fdf994c846fd379d9b07ac82e1365c7ed3b6e895c3121a99048
3812655ffd6da3c8c1e6da0c886a8c9be6015931b790a2a76a4d2071455e946dc0937a3a08dbebd35e9f46e75f9fa622d5f3d754a44054835d156973
4673f9c832f565805d907448f20027d646d7f905a48e896a86cc4526ca5d8dbfbaece82c3b3a33b5bbece84e4b5d1bdd6909242e6789f22de9b15a85
c6274e62cbb4130ffea9bc3b01ae01f284d0edaa39125f26727245599e38a4f079173aa71484d41d1b774f7a71f4b14fcc8629242e298ab263e3a7e2
dadb0c994222034f94a724078257decbd702038131d98dd0eaaa3997c15d35d7d908e7eaeb6572cd00df255f5977290424b2432d536906f034b723ba
df2790baafd7efb3fb7dbaa0e97e9f402257f032e566008dba04e9fac13a7e3012a144d909d40fabf1348e9409a923754ccd29a4cf30effac680c425
f251b6a7ecf67c867977b7a713efc5f598517e24c99bfcbafe0212675da2ec800c07c459eba61010d51837e3bdc8fe993eabb6eb2e23fd67e24c4c94
6d9478afc4bd80cb94a0abef8da0c4a19828dbf9e90165ccc03eedd6645a2275fa745a2afe38e8153f6c9485204759a2ec0c51fc71d26b997454481d
cdd7157f5d634333d044a401362ac946157f5a6426275d64224dfa7ffb694f97e386a0ef6ec074ac081dbb5d2ba22f1bc586eaaef080d46dc0051e79
4d7735de8c315540ea36e092ac7b489c6b28e2c7f757bac022aabb9dd355e81a205d85de1fbbc03f5dbc74656e479876656e57e6621976656eff4e47
b3e4edcadcaecc6533b42b734994baabd182cea4ce0eb76ee2ee0e3790fe7d946e4b0089e336cb84aa6b2886917e664f5de33be7cc773a386b1040e7
116f66410d900f3e19d3a00a8974a351be25d979d65fa6461512a76c96a951d7d02471929be2348046b183863bd7c315512f3e6d4943802253873ead
e161670e75c50f1921f24a77f530f26ab870e25457fc28d2985b989e430367a8703864153fe48dc82b8e0045794a7240989643853354384c10b3b4ae
a11de47c1bda4183c82bf2a846d946b36f01f5350cad1a6a145cb2438d325c387defd4851390f4918fe2f0aa51be37a346196a14d4c250a30c4f2293
e22a7ef8579c6bdcbb1965670851baff5a304a17487adc4df21ae080d8822ba2c18a88c4e6cb94ae0176012b70a851861a056b74a851861aa5a37886
1a65a851b046cd06bbc8f3baabfd9d1d25eaca139b311d6375b81703ec53fc36f64ae3ebc10a1dea2060576370ba7caa976453bd34d87849ee0c0c37
5e80c4e5d9517602a970c8b01b3fe48df002ae0e8bb213c84c2403c3628c8f6617185655c4500c0f3f3cc530107c300b5cf30d177383a5ec70310724
924b2f53de0630fa032fe3500c03890bf1a2ece82b863978153f6c74d9287c2886878bb9e1a7ed626e70fe982cc15176dcaec36a3ced729eb1c0fb5e
8cebbb61e28fe1e7e3020ff8f762dc7819aef9387c153f1c5eb64cbe17e396c9d0f7369cf0fade80a8061ffade86f6b61ef7a1bd0dc48b91241fb72f
cbc9e5b60490b8aa28cabe2c02b4d274c80dd002129790aea13b0ed8d5a4c9083bed5c28b04c0d1c60ee0287dc6d89411cd737b78ce31aaaaf69b754
5f402279e232abf01aaa2f1df343f505fc9b82aaafe15a60da826b81f1da28c36b1c17b03339f83425382a8d1b5696e987855d8d9eba3f02a4f1fdd3
71736531b150a72a8d04c49b56a11569bc199e365d594c350e87d296a98285347c9a8be0996c01d3c55cc142e26ab928d3fb991d4b8c8da9193fb3fc
4a7a24f93444f8545c0389648b51f6698a6b5220c60fbb50ec027c28aea7963db7892c130d0b518d5e69d9cfe2e49a3eed95c6e4c22c9ebabee69786
02c965426221b9576942e245aae15d8d46dd32991caa20cb62944f491cb7e42ef6f8216fece5935039caf286f03f3805b6a6c21f48ee594e85ff649d
70700a2c7ed868b351d875f71dd8792dfceb92c6e4cafe533e3c3dfc4bfe554650029c8a8db22fab9bff82593e5d3b4cd6096e6d4ed709b3cb9bb346
e90e24f72ca7d27d7607c4e9a07407927b9653e93ec79774037e5d27cc61a38c9bdbeac0cebac1d3c85a2524f72ca73b3cc0ae264d4608c9e5628c28
3b469e38268975fcf81879a8c680b8c298a75d7090740692f4390d6c23933e07f84e712d4e55ca54a5601b99087a91f539aa619398f659886a7fdf48
1955fd06963c759f2c4f4b9e181bdd87d3d3d2bf616376072d44aafa355542d3e3d2bafc4d322d244e1c47d96fe0f295fb19bb6698ac0fd4a3d3f5c1
bce46df8577953e3341b70a43d574d1ad8f821bfc47191a434ca59928d62144dbd8c64a84edcdf1e651bbdfd06fc8cdd2f073ead3cdd009a1eadf6bc
9bc9ad0378e5be1095d0346306c9c6e38703a2c641794f350eb053b2f0573785263b40c317e306d044311da40d8c1f7681fd722eca88b233d4a3da49
d9a1629a2a2682a0ccb2bd260ba683f482f1c309f4da28ec1ac705443534e4348e6ba285b418a64a689a8323a1bf4e5509e9b81307b1a37c48b20bf8
184cd12d44b506892e9ca6c9707be4d4ed0a7c86c5e93e11a9b677921a68fa8d4eacfcc1a439b5f2cfec80b0623ad52ec0677f9c86d89ed92e30e466
ee1612d9b6a39c2425abc1af3b2b402243f232c17780bc31e4a7eea59343815a33a767024f135c90cb2a7e2c69cc374ce553bd04ec6afe557e514cdc
361c65e6db599d480eb94b0b128627ceab47d971abf2e620a98480cf843addb73f5542c9415209019f0975aa844e131d25bbe5d2829ce19f0975ba21
0fec4d149e66a41879c4a31a3d55099dac138e43465c289c2c0a26eaeb745170aa5d0e4cd453ed022423254e1d53a7dae5c0483bd52ec067909d6a97
d33c461ed93b8dc63a511bf323d905d5061983e2875d406d4c74e6a9da38f1421d6e049d7aa180a8c6cb52459ca7bc61ba98323d800149921c103c3d
079952e28733e4f469f4eafc9ee6b821b64fd506f0198ba76a03d8d5184b9ddfc0672c9eee349d5fd223e4b1b9db03e0cd5eb9bd0fec7c46f0e6ee13
f0d98fa71a05d8d5a4c92f5a866bcea28cd43e2fdf29aba4d3d50990a663e4e2e4547db8c373aa3e80c4453051f69dde5f351a55e09fb75da0570afc
f3f56539c9359f8144928428cbee976308ab7529df80a876404a924cb704bf4beb19886a195295c480b89bb374f50051ed7f28ef45260a613f65407b
a5bd3c65777ae92f0276b5094d3ed9fd9a1836cbddaf85457f700c3e7e0c690c2bf27569d12ffc458747b9960e23204df9d05fb492e38501b434fc81
34e543c37fe1083a3cfdbdf4040169ca87bb11c0de9694b6a431cf887f5bfa8b5676f4310f96cea1852788bb2aa2dc25d95314fa526d00892ce05196
0f73226514fa72bb61ed8548322e6a6547dc74479e3b36b9ff22937f224f45949ba46635c6b2c8083a62da795504b0ab31966e4100518d09a4da58ea
034fa32df50110d598a1eed12f1323791acd2b05d662a1e2526bb94e59d52ea05dbc6640886ab0eb1efd526db8cfb7541b4bb5813859aa8dd59c6f78
a9962b102019b3b5dca307f61e322d18ee052463b6969a6435e71bfa6bb90201d2f435bb005988e1c363b64b390c44353aaff5be14cd9e885c8ae6a5
686e92bea7bd56e369c6d302518de1359e76b15579b855b9dcaa0412577644d97153d07b426d29e88164d8d9d297b45c1f14bbe5fa6029e8b1509782
7e69f81719d1f0071209b2a36ca3c4711d05a36719c7054435d855a8af654f317a96663c90a6f35e2b7e299a3d92b414cd4bd16c038ae6a568f610d1
52342f45b39f87a2795d368a2db7741201510d3e74122dacf8a3b0f25e9af1405493241faf8d62082d5d270bd7c944f62f5d274b415f15d70afaa5a0
f79b54d0afd75c622cb3979e7f20aaede135b3b810a4092949323b1a93c66ce3429a58ca641edfd0add6a10d69b0cbe85e6e10986efcf05881f9c6d7
a58ae033bdd401973a80ab5ad7a50eb8d4017ca6a6251776b5024d7ed501bc046fd40830751b62f03202e25207602b9abe3ce0e3cdbfca1b029fbb51
96f9cb17c9ca773506c90d02329427b2db44b94932135cf5af5d5a40988a8c9b7b0697aac2d30797aa02886a8c9baa827ce7bb1a5d70d300886a0ce5
e1b811a77578ace0324e8bece79fcfc5ece70176018974a95180cfe772197671a951f679813f95b749d485780a2f498573b9007133ddfce88b9ce851
8d9176b101ec6c7774c7d5c6b5154e5463a45538979aa4f245797f897018777aa9494cad7e18646f6ef54522f5830b749789d403e4cd6f409717f0b9
8b2e358919cf8fea84777d007ceea2cb4d8b4b378df1db976e9a6bd0054cdf4b7bfb52a81bcb7829d481a8464f15ea172e99c35ddf4b9f0c09c78fdf
e13fe5032fff6190e2353e461eaaf94fbf1e0e491c06249a727c9166fcf3515d6e0403510d33e59acedac9ac3dfca7ec72703aaa31453d397ded7de3
a8c68078249074e4bb1a8cb8394c6ef2cf95656ef20079f3c353e100c7cf3152e15ce7c71b83e4f93f52994735f850e15c2e19b8e1745d2e1948497e
18d67bb93c00763518717d702d06c431720ff9d2956454dfa5e14f82f2a8e63f1d71158e7178970a07388cfe3569f9ba5438c6e199a25c387e0ea50a
c74ce307a94597a9c685a8c650ea0f027635183112edbae9a982d348349294ef6a74c12d08e03096d82ce5cb94e407b7212e73920bc7cf1763c0da75
3b2028c34bbf117070ad659465573f8c416ce6f55e24f18e6af0a1cfe552cb7556b7975a0e38c88c15651b55cb19f263b26fe130cef97abf465fab6d
deccf6bd6ed72e86dc98db7b91c8fb205bd63291b7b0e3eb12b42e8d89cfa6ecad4a0376b503da9486f8a936704a92113e2d73790b516d404a92e48d
95dbad62020e527445999775ab718c30b9d538c0f14382dfc757cd41e26d996f5b38b8af64ddaa8d5b79dcedbdf218886a34a043c85cd787dbbe26bb
5eb782b649b2a70a5ab7a96f052d70180c7e6bc5df0a5ab7a94d712d1c64195ba6b85eb7b6b89bc866af5e64ac3e8c19bfdd47f89250bbc76b166a21
aa316e6efbde6e10b81979bb41007cfee5db40a22f29b447b9cc0abdc8041dd51837cfb6dd4a77375b6ea53bf0f9996f83756ebd29eea2dc7a53480f
7d18817e2bc96f6d71b747cc02bdc8fc1cd568c013dcc0ae46ef0de0013eaff5ad24077635ff2a234af7b0befe54deb7c2ff56aabbdf712bd56fa5ba
ef4da90eecf4a1d27ce593578e50b88d0cba95ea6e64989b5a387ebe5ea5faadb82611e8ba15d7c0c10537517666e8bad1476ec26a21aa31366e227f
89a1b9ae7999193ac08190644f95753a236f65ddadacc36372dfdfd3ec298b39934a0b9fc3dda4d2ebfe728d62d7ddbaab81a8c618b9b57ab3677ae8
7bbbdd33050e2ed689b23d55724e36486f252710d5185e437e6e25a76e30d34f0b8759edbcce6b7d59a4271e1ed3480bdf66c0a3954f36e99d543541
cbd2986774fe517002bb5a8656a531bcd8be8fc2f4cb2d3db38d5ed2d05f442398493a40ded0908f5212f836031ea5e4a394d4d961c66921aa49920f
5d383a3b1e5d38cf76db7c7b065e5326ec94affef595f6528d7f6ae57fe99e754f98ef7991e3f9db5a7834471fa524d7bac68f216d508d01d1427d94
929359637a6721aaf9cf5bd26d35c64d1315383cee6116e8f5e8d820e5e632c1f3229b7354a301fde16673ce2e374ce72c7cdb1e8ff215d8d5fcabfc
6e1ff9b7ed61d6e7455ae75d8d717353961ccf872908cdf11c90adc620299a816f77c4bccf8b24cfbb1a83a468060ecf983c8a66133fe79fddd2950e
1c5c3fb41eb77349f3bcabc19bde7592371fdc3f146579eba697955f4341b9a2ee487e1eeedd92c9795783b76e0b9d8974f84f5f4cb75174fca3da00
0e4fac3cc67892f17957e365a93680a84617541ba47cded56854170e799ea31a5dd0b207764e5e9fe674406d243f36d506d7e0ed6abc056df6670bf4
6f57e931c6f339ade697a50b0738b88728cabe85cb9e62083d3a36c8e87c243f5dedcce7b6a74e4b652f70241bd0f47c6ea7a572c593c024803e3c74
f3287b9fdb46151886ba0087876e1ef71d1f3619f3f751bac9f83cbcd322c977caee61fe3e4a770f81833b8b96999e174996773ae03d966659168286
cc7b1597c091d059af3e111230ef6afe754863c85989bc5a866fb21a03f7ea8f7e93d568207dd59883e9ff6c7abfba2a5e651d1e825759f72fbbb134
4d3d521a1fe6dc7c5d7aff4b6f8c1033bfb170708d5194ab2459478899f35838b8c768bdca3a721eef6a0c84a61e898e0f2e325adeca17b055497647
ecd515fb2ac49affe4c5bdac5b33b7adae576b07384ccd6992e0f59aedd14d96572b02886a927c6f978da26f5f175bc0c19547eb352aec5f22de64b5
4b1ac38b61f1bafe7afd2e3282edf5bb008e847df9eaf033396fce482c93f30adfdeadc97997c979b37b3126e7150e2e475a26e70d30fb6ff6afaf34
f41766e8eba702ec6ad264e4e12d6086beeed19b2f379337ef325feef5cb32d2a0b1b12c1cdcac14e51b9289ac4934183f92345b68900e49cc1ab2ce
5de66015dc44be4cc11a40a36476bb48befac1c1154c972958035eabe54d6bf2db1cf209493e542fe4628b1f36daf8ca060da04aae2f1b2a89cc2ed3
a15e3fa5e936782f539f06f002c94f143f8a345ee0a057ccc1cb0ca951cda7d9e8a4a783719bf614a74826a3d0f53b6df4b45149366a36544edb5ca6
4315dce08eb27ce0988f6a3072cac8c98c1e0cc8769a6c58568391d3e13d99d19301214a47d8598be92957bb5d3f3fa3c9802c8777c9db214ddeb6bf
e4e0abbf488dbac1469d21cb46978dd28565a3eb6b147e978d6e7f89bbea517640fc76c9b373911af583e370c42f7b7af916b234dfc276d01fc890cb
0ca901f29619904bde361c872fe672bef989e3d6be4ca42ab8477f915475838d1678bb6df4b6517a7adb286138190f73fc58d2f68090a437ca0ec8e3
7c2bfcf5f13da3d30e67c3634f1f1bad74ebb1d10d518d5e3dce37555ff55b78ec29aa8fbb8ba26c4f5f1badbc85d7465f1b85ddd746099cc9a47389
1fbee70d07b97ca32c1fa6e6e6ec53fc9091970139e8e9eb80287eea96aa97495e858394bf514e92e46d4baeff1a3b7b5ddb79e30cf7be0a37a9b317
7fa53a48ba2440ee406b28012ee2188e7dff193e8f3ec470735c1cbc140fd7e690a266867fefe44333af51ac90d5cdb243d02bd2c30a1e5a08a86237
58299a40de57a1707b35e47d8dcf4bcd7df0d73ed6f0a143b62f97e96196dd7b222fd38ef814ffdaafe9cdb3a89515bfa893cae07b4da085953f5cac
9f7d860a4746c8011b70c01622138514b021df6b852323e47b0d385eb318a2b35b20ec62b49a6b6ef161b780a843992e66758bf1d36aa51b0a318642
8e57611743b6aa209557de6802c7961294ede34f950deb4294a14c2fb31e8bf17e9b2f89552ac20c0554b11bac94012fef6bc0f55a883394692b7d39
ca1d2d9c474aa043f8163fcd0e61626568e590f735e07d2d701f87bcaff17959c55158f2be0a598c0a3469f2bed6e10bd4a40185dbbe21ef6b7c9c31
b1809f0f563aacd42c2be5a0511df6e5b0cb3169c411cab42d752ac4927b7ca6fd36e937beeccfb4dfa695a2623ed34a27e36dd0d2e9789bb6b453e9
b4a593960eb36ca91ce543790f7fcac607b184326d139ce340c51692bc0624ae8560429976086a95214f8b8f5619f00c4d40f8bac1264c7eaa5506b2
18ef54abfc317c04f7c6f341414e46af5ae7b42b4f6553779cca76324206fd763a424e3f9943d994774321ee507cb4e7c02e866c97f262e38badd2c6
7f34deaca5e783f262bc8badd2784b365b879ae8f22d5cbc7a35e2e5abd7c6136a2c1f6cc2c578b3f197e34d5779a8b0beca8b8d2f365e1bff91a39c
7bd8f9e04f31de842acab41dc28e46e5a2703ef816d8d12838641f0df547ab3cfd9cb5ca4029aae170206995a79fb356f9a3553e1057ab2c116ee5ba
5b48842b64312a5856ea4c73aaae97ef795929ddbbacd49926974b43d65ba110fc28d376885679fa9d6a958142f4a34c5ba95679aa41b5ca1fadb2ef
4fab2c116e9d6ad0c74a1f4608eedde77184404b58a75aead12e6cf06857a695e3b1dffc9c1ffbede165f99a1f5f96e6966b6621c3ad50981165fa63
962ddd73c490f45628c4538aa2b985c0760709f89017e6596927eb36ebb6987fed318f4f066b57b4c0c5801993afad688281028f7ba68b5976ef9e60
850cb7019b6d81c73d64b34d5036067ed12a03a5e2c517ce732528dbb40665c3786fbaf75f1a6f3971139489915c34c1853d7cc222655a998ad11218
0685e35e42212e52a61593adfecaadb97c504e8c37140e99b65b35dedc9acb8757f48762fcb2daad065e9a8c96529577dbf502d343c0e7fbc22e46e7
545f392702888d14d2fa46d1dcb2f1920fb69425000821327d9ac5383bfc695710a6864ca933edbbd4dc7215281facb45b2903a85ba9e696ab402149
b090c5e837cdadecbf958b3a21fbaf5008b614b2ff26a073d99fc9076bc0dc56e5d0dc160e6855eea5e4836f66f016f073cbf02d686eb9fb1145730b
14a6fb99b652cd2d5b262197b05008cb1445732b977016a3f5d34a5979acb66a5ae9e4d5431d970fbefac9ab47d59543390c30c2fd8a7c5010f6b520
ddcfb46fe1b07b31def00f6f60f4a211a51c0e2987eb817b20e5b05088b91445ab2c5970e54e6048162c782c34d3be2c23877011202410160a0b1b99
b6f16fe410d61dcae9b78055262040a6ed90cbeef56b77620c677061fd238a76b468470f6c44d18e02598c0a2e65d38e72c23f240b0e0882b3981558
e9d74afd9cbf56fab55206d2d74a39b1560f15ac1363c033a999560e23871c2ad8af827c790b787ce5eb5b7091e850c12e656306591d5bce208b26ed
f4cd68d280424c83289a34c977eb6997df6a024c5a75086ad2a4d0ada77d79fbb26e2ba5f1b795c2c75539091b50ecbe5008aa1432ed0a59ccd63f0a
82e523f441142d9fe4bbf5b4f54e3e018fd586e4bbc22e86bc4e3e0b13cdeab877a209ec62bcc0c7267080a0767fe9d8d2409e344b925ea1102d29aa
0652f6ddca49d8907d3760dccd62075997595f8bf9d3308f7e1bfe927e937db7728c3464df0dd8770b619042f6dd042b6559ae6af9802cd6c93acdb2
523e40497a8552df2c5a5a3953503935990fcd3c2b455c279755d376f265554d5bd5b4bdbfb4a5dc43ac9c25cc876e1e7f0db7b836ff1acb728d4366
21876ec097eb39e3902f37e4c66d5c290bc971852c46e3874d40f7364ece8444b842d9f18d7e69bcabaa59eadcfc2bfc65368a84526df4f4854c4567
9cc9931b70e37af639d38a3e15dd91a106af6a70dce1aa06871a7717a3d587bdcfa610e18fa23a87aa87953aa854cd80679f33ed2b377606a73c423a
5dc1b3cf219d6ed4affde5000afb8b334af530cb0e612dab7d30c1d2b20614ac85984b21056b48b7dae0530bf9568542cca5906e35a058dd9172e810
96aba3aa897070e4561576319a75fb166ede029e4b5539c9addad8280ab955033ed52c46e36f6533f004b46bf9a0202aacd35ffa1658f26aeccfe483
6f81252fa28464da51fb58a99fb12a0628047acab46f01ddd108531632b526f853bebca6a2003c209ee9d32c7fcae896d055f0807848e81aad282f43
a4f9cd02598c4a5d249247b5b9782a91aa50da9bb5cc7a2c86207a8b4016a3029d4529589b0b9452b00a59ac9065a5d54af1ef9acb3a6d2fe514224e
659a2e6f3890cd45c0a6030914224e65da0e19568acb20436ac086ea51f8900d35c1bfc69b69ea13a0104a2ad3ef5f5336df8cfa0428848d0a4953a3
4d2b45e9369db4c6f670b3f1d34ab968d55c16682e800059cc5f5e66d9bd2836295885d2ec231db2765a299ab3b98a0114a24b65daee3d6d82a346e7
08c862f49bbe9194a6cd69879ca64221085548699ac05fd3d56a2ecc03598c0a9cee37ceb53437879af356a010ab2ad3b694a96cab3641230fc16616
a38f34e8cdaf4d5dd3fcda804248ab4cdb52bf36ae63843c9c4216a32bfdda9ad160b88e910f0ab2218bd1bddaf8c6b9f7a61281bbf385e2be950c9e
09888bf7dcd9cf4db08f4e8b8579f4116e71e77e53028d6ff478f7d3050ad1ae32fd31ab5a8c9f728645c8622759dd2c2a75bc758d37505a35cb4ab1
cacd97d5b5ca1dab4cecace85ae5ae2278055111741501ae5c2fef5fb309d6a022e82a02de7c5711c8dad9de9fbabe0b5367217656a6ad94fb458dd0
56f9f035ef4b31c455377483c110da2a1f14447d517fcd8f9a455127d07deebfb247466f762b7e07b75742eecf0445c71e74b50e7ca0e5addf156160
07be42f4a69c1cbf71f7126ed0846ee02bcc0644a01ba814bfb1bb4a0cec62740ec76f12e82f2be8f6d71b098c3599ee92307ca0c54d4ee940855d8c
6639bb8522b4bc150c47ad8a93684df9608770fc86805399769ca93809f4940f76888a135fa3ab38bb1e16119ca2eb61f569a5c8a1bb04ec105ffc35
fda5aee2c425e92aceae6fc4a59c7cb07bf18db8f59369dfa98a93a843d1559c5dc58919ed2aceae0bc5dd9d7cb0a5b8508488cab42d3d7c0b689d7e
f8163614424465dac6bfe1c70e6b50b643d99443d9387ed308d9930fbe990375829fdb9d1703bb9879cacbbef2db47ee2b7743f110d9271f9497539b
6f1fb95a0dec62bc0597ab3b53ea86c3d09d52774d041786f2c1266822a6598eadd3eec56390445628448d8aee6a757f839961e3a582150a51a34226
d880c275075aa3439c04c3e75adef7e724b86b977ab1985dceecf67d7fdff7af5d16a3d2af1fe5976f0147b6bb392c9f6b1623cf35e71e7cceb89e10
b9beb08b21af8bc98077afa2bb982cc56b73fb598e57a1bc3d1e6fa5f49bdbcfdd9d60685fcbdbe3cb77ba944d3decd23490c590c3a569d9619bbbd4
b2c30ae57d312e4df7f5564a0dcee33ba73888fa95692b651edfb82e950f7e801bcafbfe5cad0676315aefdc1e289e59e8ee2b4b49dbb82e1552d226
dc14f397768866bfab0635fb40e95a39a7f65db34f14967c5010cc3e519032ad1c4cf75b5799e97877f6953b3e5ad713e846777333bbbbd00d376e21
0a52488d9b401fe11a0dedf9f8b1f168c6e10af6c01527f850a64fb3ac800da9a1d9078a872286665feedde636b8dcbb4271f00ecdbea4ba8da82621
a96e40a45b1cbcc3d56a608704f4af7dcdb3529aa0d91ffaffee6f0ffd7fb8770b318a42eedd042b45e50dbd03a038c647b1a57a0750808614bd09bc
66c6f8704d79e81d40011a43ef00280edea17730aa433035e32f8df770cd19725faf24665ad1b9d6dcb841950fd33c4601cec3d0ed00763105b039b8
220449cab4ddaa2b42b48b7cb05b7145089294691b5d6d215ffb70ab79704acef31ca33980f435dc7b1ffa1a80b71933ed98d2d720f044c8552c789b
31e42a4e782c866c2e918f6ea56659a9bec67070eb6b0c7c0d622965da7e63abb9b95b3edc6a1e5c50e39a62a66fb3ac14ef7de84400c5af78b8443e
9c2fc1859a0ffe35e64b7ec5c3f9d2800fafb9bf3d86a365f02de2b90c1d06601733cf1a70223cb9327422860b2c6e830f175806d32a75c2705a3574
22866f46270228845ccab4b2e944b80d3e742200ef46665a395c6081bd341facf4b052facdb56f6007b2f4af39900e06120eced0610076315aeaa20b
c015ca9df62d38e573b77c38e51b98fd57eb68f6c7a96c2a2c57d201af5266da81a4d91fd6a0d907caab9c34fbf24fb7e14f5d228773ba784667b844
0eec209bfcb5cb0ff0e2035487b96a3ef40edc7b1f7a07402132530cbd8371f9167053865bcdd0541722338534d509cac6fed9d08900bce69969bf2c
9d08f7de874ec4d81e43e96f05be1897b9068b55c365ae11564a4b3d4e06ec00a0541a7e5981cdc47319fa15c02e86bc6e6603de06cdb4fda6af3154
5cfa1a8313a3c454cab4af5e270202f1183a114081b039d30e4b9d0808c443de6ea1bc4a5d2762b804377ffca9952e2ba5f16e060c9d08eed8c5d089
183a11b84b432762b8b6e616fd706d6d30db7f75bfb3fda177e0defbd03b008a47a086cb6d728ab7a90ed13b187a07f691de8164e16d6a0db5f11084
9757b93bb31fdc686f53c3e45a3d505eadedfeb69ce20d5ed990533cc1be648e3addcc8640bc40571d12882728088661ba5237750f785953f760ea1e
4ca68d53f760ea1e9cfe12d9a6d37db866f3c14a59d2f74cd674491fd8415df96b447015b258214b39b8abde886d970f0a821741dca24c5f66d97ad4
cf2cb67eef5017adcc2cc52c6543c14dbd08a06c62ee5f1aefe922a384ebcdcd7f09d7854258a3983a1953ef012ada987a0fd0a317c21a655a99f41e
60ffcd876adefe183d27365d779c069a85fd371f14042f420339f522a65e04571763ea4500450329177b48b2de20090e59d61316c5fce56d964d60da
33750f80e2a9b3e94934f9d99b8700e467170a8188427ef6807f7d17a3064fa701854044315d8a909fbd7908407ef68093bd68bca707d6805d8c77e9
f2045034de53c702d8717ccd535e76d02132cfb42f4b2fc24300532f02281e759bae4ec8f6dee0e60dd9de05afb4876cef218d7b83cd36a471178a1e
8334ee09d8d6c3213a6cfd066fbe675a395c9c85e335e46c0ff8d98b8e85fcec09540aa5693e58e9b4525e96ebb5d2b8b7c33733df1a6e8a9965571a
e2fc601913b2f60d566a9695bac6e0c983e91ac3e4caa7fec7d46390b2bd41111a72b60b85203a2165bbb08bd16f2e284c160fb8201fd3c583a917c1
75d47cb0435838e6827c4cd713647b6f1e7790ed3d810ee966d92110c0b7c337733a2cb9faa93733dda297edbd1dbe19170f60782f7a33d3736dc02e
86bc9e5d9fdbb32850b6c7d4b180e07d17a3096eb4c3f65e747a647b4fb052dce7a91701149d9ee9813549e19b8727248517b298bfb4435cfb3e580b
9cae7dcfaf95d204cfb5013b20b47fcd378317e1f1c5a917214f7c1633cff1c66973a2e384a4f00956aabcba074019aa3c9722a64b118782e8320045
876cc62b871d822f37f52280a24336f522a66b0c1ec598ae310045876cbac630217d6cc7fb5305c18b20086da695e3b67bf1a1a60b0a40f168e5743d
61ea451cea37bd08a08cf79756aa17013d62c8922fc86610532f4272fa2cb6fb5276fa809d5e3683909d3e01d9a0d2cb87661eb2e17d1d4ef70f6d3c
547af97098876cf89487365e5efb2c56c9bbcce35b38ccfa9af5586cf7a524f60171bddc0899563676f71bac76f950cdc3b4d1f843ef00d841be91cd
dd80e3c327839376e81dc86bdfb8f51b12db0724f6651ffbfca5f196e33e41d1390674e82900453ff7f05c9b54f80dfeb9900a5f28fab987ae801cf7
cd532472dc07bcf685583f99b6520eac35f8d4f2e1310f5b850f77e81d00bb18fde5e2c2a1c780bf76e8311cee46788ae4d0a00385203e71b82a7068
e33df77168e381a20f7eb8f320637e16a3526dfca18d3fcd520ee7f6dc1dce072be5b4b9aefaa13d3f34de1ee83834de07c69b203e99b643badd8b0b
253dbe5008e29369bbd74578d8b2428ef9804fbe10c427e4934ff0af61950f0d245088ce9369ff9a06f2b42f359040997e3d1a486017a3094ebd8142
749e80967ec396adffd87aa7d90747cc9c6d1c1e31037631e4d58e02c5d9c6e1f23db08b219bebf7076bf5d36fd109fac16cbcffd82c6d2b5cf759cc
5fdabd18c8fea3201a48a04cbf450de4c111b3fee34f9d2c03c5b9cb71be7feda618c6fbf0e0372065481c1a436017a3a52ea503528664da0ee1245a
fff103744e0d481912f2f0c781adea44adcc0707d257d990435b25fd7dff611a21ffbd50a615386d3dc24a592739b45540f1e8f3e1196c29f13bd422
2125be50a68a405b25d77d870c24e4ba0ff8eda533c9f4306b508c6581c333d84099ea0bed12b08b99a7201c3a9936de4327d2df6731f29ccac2755f
9cf3c9759fa06c9892435b0514a78187b6ea781c6fb8ecc7f3e6d104bcc0c3656899e8fb8f9f8c6bced0ce170f794b3b1fd2ce77380942da79a138a9
3c3d3b26137d166be435f3b6a2f72cf809f74cc2d76293bc308f4af1834ecf8e0159ec63a58f790c4bfca053bb741a1d987bfff9a020d82a82f964ba
98352d866c4e3e01496542fafb380dd4cb4dfd7c5036f6953d807ebaaf7c565b6aeb9dc1018598ef99a6c7659def1f0571c202c57c21e64f48319fe0
5fc34d39d596a7da12757caa2d65a2efde5495895e28ce8b4fa73a52cc77ef964a311fd0cacb8b93692b85cdb17b7ff384cd51289ea13fdd61954ebe
7b7f533e79a1101a28a4934fb05254f4a92607ca3e6aff4be37dba762a037dfe15feb28afe54d163704e15bdd4f2dd534052cb0b85004321b57cc80f
df3d0524417cc0095f9cda9fae80c2099fc5987c9e2e7702856034213f7cc0099fc51c19ce5d80e20ac0e95ee8795a29baee7469f33cad949e760202
64b1ea5ffb9af7a518e2bada79aac1bd2877aac14f35385bbca71a5c66f72cc668715d101af7e29d0369dc13e85eaf1a9d2ad353658a723a55a62741
a3ba7788a07edfc0389b56e0388300be17d49f0cf04271d9e174abf20c65b3063dfa93cdc5e94076735102f8ee751e19e0852c4687a886815dcc3ce5
5da818c7bb6af854e796374f7917b2a111e58917b2d89b6797333f80cd294ee707a7aad97b3aa7aa19c862b4d4837ef2c4772fe048142f48fa14f2c4
0bbb983fb5596a703f32353814f2bb983fb55937d605af593af9903bbe9737cf26dc3681c67b1e10d831046d82ca94834cae9c9c1e64822e7e17a3f5
ae599eac59122e284ed72c4fcd86b7574ecd06500817946947aa66a3f29d4a312f14c205c5a5d990623e8b55f20ef3ac74927599c527533ffeb5af79
b41457eed26c5cac4f76ef765cce4000c9b24272fa042b6565ead21e00e5500eedc1058765af7cf55779f34e8a35b2940db7b87b885e06f880f45dea
adb8748b2fed0104c571690f8042e49e4cdb21da030f0e5fda03a010b9272eed816cefbdf219c9f61e30bc1722f764da4a89c0db3d567b79e4e6c21e
7889e5d21e40f0be8bd17ad7b480e28ad3e59ad645088feee1b44b450b6431e4f0a40b94ec9fee21c44b1f18282e4c5dbac097dad2837e97da122887
2fc6251c19cabb67b6a4280fe8c88b176ca4234fa07b3dd672a90681e2059bcb53c0b296778fb5c85a2e1462ed84ace509568a32bb74162ff63d88ab
93692b85a9b07bd8e372150328ae865daa3c6017e3a7ae620085803999f62da8063d1372a906812c46bfa906a54aef1efd912a3da04a2faead49959e
6087a0092e15175008989369e550877874e452870050bdfdd2785f2e685c9c86e8dd01ef6908a0b8f476e985cacbde3b6e9dbcec0934c783035f3500
20895ca64fb3fc297f4eae74a110f52ba44a4f501066e35f35c0570dc000faaa01a44fefbdf9d7ac540d80272d7d7ac88bdeddba96173de0422f84e2
c9342fee4bdc89ee66f3d7393520735da6df6256ca3090413c600b979a2e640b4ff85acc9f8679bc11c585542bbeea938e0affaa4fbeea135667650b
0f69c0bbdb4ed28007d4df32d865da4a39aed7ddc6f9ba20fe559fe0707fd527527e77f767e4fc160aa178326df7321befde99ff3a1bff4e2b9d6459
297bbc7d30fffaeaf50085503c99568eaf7f8d554699b005d9f532edcb72e6e63d61d9a68572f862f418be9a60e7d45f4d3050bc78f6bddf62986067
735f4d3050bc78f6d50403bb98790ac2eea217cfbeee2eca49ddbd642b29758453213dee702a046774717556cee8901fbaebf349102d14a2f984fcd0
211974f702a964d042219a4fa6bb5956ca74235c688b8f959e645929e4ff5d87295c368b3dd8652a8c90ca4132e8eeae8f64d021cbf331ccbaccb252
fc94706205141771257e1676310429af2037c5fce563961dc2c0970c5a901e31c2c535599ebbbb3ed23807d4cd85d8409956360ed374a20ee6c3d73c
2a9dfed24a9bdd8bb7116e8349e3ec253e699c13a854ff20fcc481e202b3ccce218d7377d7471a67a110cd27c24f3cf405b4e8a12f10dd4acdb2524e
e4768d6b782237fcc4314ce1271ece0d35aee1dc10285e090cf7b7c24fdc5d9ff0130f3f71dcd1f0130776312af5de02505cfc0ea91c42cf42cb147a
16a167e168d0b308a790eefa845348a0101b28d3ca46cc98ae8e0e27844071293ddc2d0b3d0bb5aad4ce019b73391c34cec342f5e30e41a87e42f583
0f1caa1fd99efbfb9e5d0f038a971fc3e5b070edeb7d81ae7d41dd5cbcfc189e1d01b2987d7939ded81c223650a61df75fdf827de9ae8f34ce8743d0
03a8a16a7ce555350265c706faa5f50e35a764d0fd9553170b28840e8af0de842ccf1ddad090e53960762e840ecab43239853cfd069c420285d04199
564c220df4dff214842da6d3cfc2596538857cf3f4a7802c861cba53a1f287843442e50f14774fe4878eb8df6254aaf207cae94776bfc5e89093197a
e81401c54d96d0eb895bd9582e0b0f830085784599563695bf6bfad2370b9987a65fce85007954335dcc9a161be41de6d149ac79c9cb9ca0bcc39f86
79ca6b05cb2c0561cd42fa66a110ea28a46f4eb05294eed2395a1f2b35cb4a39ddd989ee900f5ff3be143bc9520ec2cd74a23be483826071dc145a5a
1cc9a0bb3732258316a4820dc9a013940d1f6a793e03284444caf469961dc2572667b4508888147246e7a0710ca263965b2b80c4b299b6a54cb686db
01cbc91650089c9469ff1a0a367d237eaa82058a3b524b052bcbf3200061c8f22c140227852ccf0956eaa871f16d0dfb0d71bda90fec62fef4316f4f
411cbd4b650aec62fc546d0ac88d9b69c71b8edb80cb3c1fec5eb651089c9469fbe8b098a3d7d535400add4c5becb4a5f824523a87f4cda77de4befd
3afd6b18aba5ba060a218f42cae6909f398b5183ea5a7e663f40f999437ee601cb72c8cf1c703217b7e8962702812c860a5f6edc03e5fd4ed5e0c02e
86bc6e5f00c51bdc4bad2edbf3802334647b16a4f70dd99e63a1410734c0f9a06ccc3e4f9cf1e5ec7331fb1c2e442f679f4016430eb72a16aa717c1c
35aac6a56ac4675faac6c5d6f5f8381c745b81e2f6a1ccce09568a77bbd4794b9de7d852e7c9f69cc5f8a93a4fb6e7d3b1a5ce93c679786b541ae780
bab9b819b95c4c02b2d8f0afa9431e74083efb727d09d8c510c4052640bee34cfb2d3cca861b282974c0f69c798c41e99e05399043b6e704e54599dd
2a5aa010a229d3a7597612ce9c0cd0425193df2a5aa99d87a48c523b0b454d2eb573c26131fe9a53ce5b459baefd2fadf7ad1e86e539ff0a8eae34cf
097cda78feb793d4bb2813d6fb56c1de2a5816ce6f15ec5dec08bc8c5b057bab60871528264ef828f807b74ef8cd76b646e8763b1bd8c5f86b1e8003
8a46e876fb04c86218d7dbfd13a0109a29d37cb3b03cef6208e25c1666e7222dc0ada37babae654a93e65928a72343757db33636644abb5d1b93f959
f600999f434ae72c669e9572b99f2849217db390c51c069ef7028a06f2568303bb18f2ba7f72abd5a7bf6424c3e2bc8b219b9b21523a6b20a5744e50
36265bb7eafa565de386deaa6bc89e77316a70cf042884448adba53c299d876bff523a0734cee574207b2c0cc862caebb130a068956fed01b08b21af
0601288444cab4fd763890fca2dc5a91f99988d021f37382b2f9534d0950889c9469078da6c4857309a28572fa91694aeed34ab1fbb72efd7d59a959
567a397ad1eab7e7bd6e4d09f3885b53725f762ffefbed79af1b979e004b99f69d12a86b543f1997230119cf336da5b8a8439e9d5b1755e6670f37c8
fc9c404ba5f9b8d5eab75a9da9ecad56bfe13819d27cdc729c4810ed190809a2d391b552d4f5edfaddbdd7ece44fcfb495c2923964dcb8652ab9b756
afc461cab4ef543d2ce38674d301b5b4fce921b574829532ff7a54cd80fce999ee66d952c69b0cd4422582523caae6e7c74a19f88fceedf3a152d4ca
e35e3090c518218fe7960069d633ad1c9c5b1a5ed77e54d74025d052a687595f8bd1521d5e208b35b29659cac6707854d140251e53a63f66d921bce7
47150d548f713caae8a758292ff0d1b97db6432b057ca66fb3d06f320b3cae9d3cd50ee197aae8877592e115eec77512a0126829d3762f6b11c34bfe
8f6b11f05acb141ff25a27f8d7f0a11e553420537ca6dfbff6b51835a8a281ead9914715fde82a3734f9a3abfc0c2b455cd71d802c862ff0b8f00064
315aaad6067631e475e101a8c463caf465d663315ea0eef333e9375ce54757f951457b25f951450375c763faa5f17e5cbd78d4e0de587ed4e040751a
f1a8c19fa94c68f0c703498094f999760071d268781bf7719b0590323fd3f6d761ef4ff3ecfd83dec7937edcf57e38f433dcb6785ce5002a31a2326d
47b0f031bc92f9e8360355a69b47af592af3e1ed48a9cc85ea14472af3787491bde3f8e8220355421cd9cd036af02c6627b9bb010fb8acff210f7882
7f0dd7e551990255629cc7f9fea332f59ed2a33205aac4388fcaf4d1f7f502d2a3effb3c566a9695426e38bce4f3486e0854a75f8ffa15d8c510c40d
92479d8baff1a8731ff65bb31882e80f0355369e477758c6f3c1b59c25e3b950393f95e98f5976c8b6adf9d0cca343f6d793e94e16076b061769f2c1
9faa4cf7d793e96296fdb635513e1ce6d16f9d0af069d70fd47f03a6dd7c58e6a1b0ba5937591cac19a3905795add221db5dcaf4308b4a396d9f0f56
aac2dafe6ea6ad9423928363f44bba77a112846a49f7be7e9a95566a6856daa8747fd999b65202c28ed1f86b0484152ad1a532ad1c84f1cb62b4be29
4843c50c7f7999f5588c96765f56e7650d7ed9ed7175eef0057665ebbcace12f7d59eadc6197770551e70e5ad595c3e589d179a7c34a87959a65a5ae
3b0c0519f6dbe0650dba77f8b2d4929ca55e3fd3bf36f96b937e9bfe35b52487a4f3c126a82527ad9a36410f95ab72f960a5934a27dd3bad14eabf31
1c9687351c0ccb89b887c3d22500eec02d09e517e4f1590c712fdfa98a8b3387f960bfa9b814f7b2df74ef3873b8e498172a07f1167cf309acd80e4e
09e683957eadd42c2b85376f4cc7dbd781f46520f9e97e9503debcc149bc7c50902f03e9a043be0e2476bdb31882846f21e89083f11676884a753a2c
43d954aa071d12be85b0431ab2858284959a65a5ae3b70da6d491ebf208caf04a3cab495b29d9d03841ad8ce4ea0437c31cb0e5976af9ff8b27b17af
fea409cb57afc29f7e6db795de8cb7930a6e47830a7f3a7a6f5baac23fa9e0b6a52e764c07fe6da5b795fe7ae69d4595898335633af63858b37eb407
6ac4c78e702d643af61ebb7543e550e592477e491a3f26c340d2f88430ef206f99b7f869250b413ecec68f1f7e5afd29ae1ee731978ce709740edb27
f9d0cc6b141b6475b3a6c526798779ca6bd669d649b16dbd972ce882e168168ce81b94ad215b53b6a66c2759ca469cd4c136723e54f3f66821f853a6
87595f8b21083b670bc67383db2c19cf13ac1463f551c102598c0a54b012a30ff65b97c4e84225f8d3faa860653c1f6ca42e19cf172ce759cc2c2b75
4181fb2bf9f098f7ec62853e52e702bb1882a874814af0a74cdb21ae3bb0f5990fbe85c15bd87ef982247d83b24d5aaaba06b298590e9af916a35215
2c50891195698bb904709c0872d821071d825596043d41d94e5a7f28dba16c5470289bd3ecd36179d9facb96d2aacb96aaae4f05515d03598c117259
a9eafab406d5355059da5c1fd5b53ce0e3f4a75f2bfd52291ec3e76ba5c4fa18ac30e783e36d83119132ad1cc4ea1ea7dfc25741d0ea4444cab4c3f2
7b5a8c0e513703598c7efbfa2db0d13658135e3091bf90c594c3b7a056674d787dd4ea40fd28473868961de227b3ec90658720c7b2439cdbb3a8b524
d6162a4798336dabd4522c32e4837f4d2de517febc7f4dd95070726d276c9b3699dce7c3346ff2d30f59875907c5f614321f4ef34e8a15b22eb31e8b
edfe95455ba8f0232e49b41714d3598c4f4b8ee9059f7416e3973a95704767311486e4d142e564f6923b7a49143df1bc9744d14216f397dd2c2bc557
2e3a95a55ae94196956ed8c5fc6b8f7968828eb8aa41208b0df31444d588cb57548db2534f783097ecd44216430efdccd2950d8551d45240654d3fd3
0cae326c29161dd6e81788cab5d3b674da6fd8609997172ccb86dd5ab22c27f0d754704585515418f89945852119f3547349c62c542276ada2c2908c
79aa6b24635e1030d78f5d795a290453930872f9600d271fe5f8f5ae77161dfee2eb5fb132fbeba4bf867fd8fe3a95c991ac1203b2187d73f9de2e3b
c2b1a7122b2ab16196625e56eaa0d299042a71bf56d1992c5f46c6fb46bed6a012c36c14951884cbbb187da8e708bb72fd380ad444e56ba50aa2da29
aa1d9442f9be95de16b30647ad6a0797bea876805d8c4a7530814a40af4c57b394cd1a74260bce24771d32ad6c1bb2183e54e1d8b850b9eb9069c55d
76af79cbee5d742f26ad2cbb775929ce6f51251655222e7d51254a373d3f7e03ebad810ec1a5877a3ae1b6d28326e84cc21d5d89ca956907d2ed0841
73ca06bd607eae509a2e999f13f86b452da91e2eea61c5550fcbfc3c09b0b4647e162a51b956510f4be93cd90b59523a2f689c2bb73a325dcc2a163b
c8abe661e69844559700805dec24af9b474b0f7f39cca2dfb807b1647e5eb03d1b642fd38f59ca86a5ae6af0aa06df075532fd31cb0ec117a81f05f9
d021681dc8a25fc862187949a30563f12d08a437281b465e82e805297416a343386720ec62caa6bc857e3b91a3d86fc50ea9e629c886cacd93258ff4
92477a123068c923bde0913600e092473a41d93073555b0554627c657a9965bfa143aab60a304e60a6edb7fa568a6cfae7b55a292dd51707b258f7a7
5ff316c5fca51dd27c0b68f5ea02081cd795edb825c7f592017a121f67c900bd6080ce62b4ca197ad56c10e86055cd0690c590c349bb44d19313f84b
a268a196f797f6380b95b33ade0e2b3dac94f7775829f485b33a900edf2966e31df79a8dcae6501633cf7e3be9371cef7ada6fda05e861f3c14ab10b
5cecc9b42f4bbb501d48da05a0126e2bd3b6f4b2525cadaad75a2f2ba5a59795722c6cd6e65ff3656da8efe7a1a9007631f314e4a2436cd565877ced
5e7c92aa270b6431e4d091ad9a8fea08d17c00f5fdd85c77a89a0ff690f24141301fefc7a6f9a861a57833d545861a0c240c750d07927681cda17cb0
52ec42fa5bbf36de55b351c3dec7ba54d72080fa7ed9cbded71eb077b424fd16eafb656b0f60eece622cad48dd2d6431baf07600c1473861dd5d5277
0b590c393411f5b6bf9844551717a0e9aeaf9e70f5a06a36d8c65955b301d4574f3ccaa1d968ea13cd0650092cb6aa66a3b24c3c9b8ae2b1d2c74acd
b252888367d36c3c7e2a1bb2d8ee3709be855dac90f7318f0e61e835ad8b3ce0934da1250fb890c50eb2e8dec611b0096d723e2cf394cd2c646bac14
4c286e57d345062a61ca32ad1c2a2cb844f3a1994787e03537186956d31d6693231fc23c462d5e73d31d6edd4a790bcd193a50896696692bd56b6693
63c9dc2d54f56bd36b867e7b17ebe459038ba7ead7e6e22990c5ec370e6d09958301abb99edad81c9a04c15cf0736fe053e15b94923b8196c2d0980f
b674da525ae5dcbe4d2b2dfe352b5535f3c9cadc2dec6208a2970f5418c4335dcd5236b453d3a36f07b2e116b743d9b8d43e7bf5a75ff3d06bf8bb4d
a50eec62fe547955f44339ecb7d3b7806a96555ca8c4465bb28aafc6a1ad09cd613e3806d5b938ad4d9ddbc27eb3f5fa994085043dd3caa1aa816e71
35554d53d5e01637554dd34325d4613e281b1e2ad71f33ad6cba9e5cb4c8072bc5f584523dd3564a7c8109e9543ef8b21623c471ef0a6863e36a72d1
62c16bfe422584da92dd3cc14a31b74d8d04544e7164da4ad548702c2d19cf855afc8ad44852994fc2092ea9cc85ca298e2595f982b63c8b55ff9aaf
fee1d5e364379514b08bd1fa4741545c38d94dc5d5f477ddce91de3ca19ad7c96be6d1e56c24741dd9ae9682db281f0ef39017ffbcaba564469f701b
2d99d1854af4b52533fa92f27cba7723e5f982e6bc723825d3c32cd644e056cc8769dea498bf540e171460235a7288afae93c6e44442f0045b8f97dd
558d5dd5887fde558df2864fd84e96bce14216f3977648b35246b484e009548a69eb2ea202396ffaf1af3de6310671e3bbebaac02ef6ebc862595639
3ba6042f1fdaf10dd3bf629e9dd3f9661593b35d095f8bd11cb57a57ab33fd92697c492b3e27664e5a71a1126a6075b53a14e2bb1835a8c281caf5d6
4cfb2e87b27dcc53b6a16cc831948d2360137e8d7cf89ab7077cb50b5d9dedda08f835f24179b1111c0dcab4bdcfced9845f231f7c977bb7ac56fb68
2a9b36020e8b7c50360e10548c509f0e6e6d044c834b9272a112a46d756d84ece373fa95e997c3385e09d2b6a01d7f218ba160651f4f38294687a8fc
bbcb39b00a2e39c4854a58b52585f8ea976f01cfa2bb4e0218a93cd356aae3e89e4dd771ec388ed5f7a767283df6742f447a6ca112566d498fbde4bd
9e877da95607aa9392ae560776317eeac61650aba3c17d2d79afe76127e967c2756d14f54c2b1b8192e761eb97236431421c0dda0360175336e5654b
ac3a1adc12eb2e4f1cb65edf13deeb4a58b525ef7582b2392cb5114025ac5aa61d21da88c31ab4114025ac5aa6954377f4f0a7baa3905c57a75f725c
0b590cad0ee1f50b95b06a4bde6b6117435eed0650ab23f5b1df54fe5ce15c72612fb8b08d17bfe4c24e503686e5d01e00c68b5fd26327d82128faa1
3d008c17bfa4cc5e72614fee3f2eb9b017fcd795b06a99b6520e944d2e0fe643358f0e618a31b407c3e50977a486cb1340ad8aab5b3c3e568ae3368a
9572528c786999fe98654bf1c8a4cc166ab555ae58407fbd8b21af8b0c4016430ed7c8870b0aee21c945bde09dae84555bf24eafa1ad82036d49322d
54a7adc31315f24e4f6e382d79a785eab47568abe098dec50ef294977507a7adc3750779a727379c96bcd30baee92c461f79a202d8c59017b249a112
7d2dd38adbec9053d99417cb577d7f5abea149e346d61ada2ca056df9f360be2ea5d0c41dc3e84c5ba3aa596c53a8126b80d36346d4016b302c79ba6
8dbb544bb26ba13af31e9ab6c161b7c985a87c98e6f165b10c3cb44f4016fb58cc1ab059d5b1a5cd82d87a17fb0776bd25be5e905c57a7f9925c27d0
11dcadc9073b82531ed511ea298f015fd6e4d24c3ef8a96cc862fc5283036431fcb571bc3fa55b59c11e1aa1e1e2d0e9e7e33c025aea5a1defce1986
46c85db2a1111a1a212cc9d008c95e3d4fc79e530b208b99a51c90b2ccd341e54a10505d8a18a79542ab354fbb1a5a2da1c2ffb086eb454016b32f5d
30022af1e5326df7ba86c401fc2555b550a18958325527d82136cb0523a056bf6cd78b64af9ea782b8410a54c2d0ade176034cd4bb183f752508a8ae
a60cf716802c86272d55b55089339769e570718813e24b0eea05df7425cedc926f3ac196e2860e6d3c5089339769e5d0c69f2a85786ba0a587bfb4a5
cbeef56bd7a003b52aaef65c5aeae996a6b4d4427541485aea84fde11d3f7ec6cb0f6ff1e1a91135fbc02e669ef2ea0ab07e3f740564afce62e4399b
036a5571ba0a35b0f1074798f341d96e65a37b3dcf22c9f5e1d6aa24d742e568f21ada78d9ab8f1f9582133ca056d5b013bcc1c9c4e3c7cfd9f5a5a1
8d671a31b4f18325a783a3b86b389b83bdbaba42267bf592bdfaf8c104cb5e2d64b142d6c72c5b8a6d95d05aa81c9b5e53e33d3999787002351ffca9
5619dd3fb5cad04d6731168ee49b5e704b67312ae0ee4c824d400f4fadf2d42a334f985a6529a80fcf174a412d5402d9ada955963cfa70a356f2e805
617475916fba1b00ec62fef46bdefe645ce49b6e1000bb983f55108c3711ea324df7c2279dc5f89c25945e90475722d42dc9a31744d1bb182dd5c603
950875993ecdb24398a14b1e2d54ce91afa98d9715faf0c89aacd042e51cf992153ac14f86c1353d35095402d9655a399a9f0ca366ba9b0d54386496
7cd20b06e85d8c4a9d7cc2fa5c092c96695f7d57365fa05619a82e674e0ff500bb183568a9218cae2e674e279cb2421f1fd66b64855e304157c29465
da4a61543b3c4735615413aaab9ed325436017f3a70ac284b3152b500e8cf7e1392a09a5854a4cb93535def04967b1cf3fb0e92ddfb45009399769df
e5b085b65a1b0f5442ce65dac18d8d3f3c3f2553b5500939b7a6365e0aea2c46ab9d684ef6890843b7a6fb4493939c87c785a62b8f40250cdd9a2e3c
c23abd8bf1d75c659c871d41df38d184893a8ba93b7405804af4b7355d519482faf0108d14d44225bedc9aba02f3b4521c8be93e1144d2598c7e739f
08d8c5fc6b7ec6279f31d388e9d611b08b21af1e03509be2ea314027bd8b654b1f691685468f3fd22c0a1532e14c17b31226e7b21f58185fa85c4d78
e46214b2b16675b3f6c08319eb81aaf1857abe59d3acfdbde23e65fa30ebf89bacd3acdd3f70ad66fa32ebdad2ef9e7da07d7ca1e1663c923f0a8deb
a40f4490097b12d5f03232adf41bfaa1f41fa5df1abe61a11f391d131659fc2df6149e736b69a31d66da2edcd0d0c899b60b3734f465a6edc23d9b6a
28bd4c5be3d6d10d95f4480ff94009d9f8c433fdd678efac628d8f59098d484ecf597db57b2bb7b101906985d81aba11b529d336684fbc5af76f55bb
70cfa40cfe95691bb49571eb95fe6af6d7d6bf0d7aa34cfb6ab79235fa55a67d691b5aeff46af3a5356a1cd4d8de1a6fb2e88966833a424cfe7c5788
4e8326a5ba0dda1ad65040995688ad60dbb00bbb356e68aca664da1a37348ec465da8edef0db00e80e930d8d336c99b6ef37340e193c5061bed0380e
f3488829340eab3c9063bed00903f4c891298cf73d0ec7c486ced9ac478a4ca1c13d906987c986b44b3468d8ec0d9d73e099f6b3dad03ff6c4f06d6f
70c93fd3bea10d9ddb1a99b6bf36f4fa36c8feda3039f1fd48d32974665f8f349d426f070360d85f1b061eed038be70bfd551dd3feda205bde2359a7
307f947eda5f1b26d39b072ecf17faabaca6fd35f990d500d3feda2b980deb90697b626f6c3542883e107e6ee04b73904fa59f7c690e80a9f4dbac18
3733d38abac1f0c59956d483cfbd21c4a1a81b1a812e33ada87bca9959fed0f7b8a13555ede17bdc66c668988f6ca1426be3ef6e819dedef8d7296b4
2107c3d63e3f6cc84943067ff6b421270d19bcacd3869c28a941079ff6e686f6f1c59f4a7dd2c17eada71dbca1355fc3e950db6014cb47a2d20752d2
cc5208c7d549db7ca5a7d26f186fd79d4a7f21fd418d97d26ff86d5c5d4a7ff11a1cb697af6143e3605da67d0d1b0c359d69db78f1661cc9976dbc68
d08110970dba68d0a91036e8bafe5f195c8eab8b069dd6688336ccf9caf536e8a1143ffcfa557c69a366e46b1bf7118bd6fd9cbe8afa45116b46be8a
fa45116b2abf8abaa1cff7cf2bea9e371b8530d38eab2f0aefa00bbf8afa45373bfabe8abae1374d198a1ae8666d6cd8f781cdf075841d1d486fdf87
d26f98dc897e60867d6170b6fc911f56307cdf0357ec0bed6317866d0c8c8d3a306ce39ec6b7ee3009c757d06c155ed8ec0dc6f3cbb4cd0e9afdca65
b3033def0f97cd5eb4f1a48dcb36ee39bc21f11ee9621fa8610d7ff7480d2bfc660d96726d68430f6129d786363ed6a85c1bdad0615bcab5c1d0748f
f4b142ca805cb723679f2c3132dd2355acd03e8ee85be937b4a1a6bc7d433736b658ca37b4a10d95e76d1b6fcc6ea541b77dbfa10d6dec6db36f5c31
7bf5b68d376dac66d9c6bd5e60a0ba0716d90d08a13e7d14e24108dbf828c483102acf47211e6c9983fc51880da3e9b03df6fd0699f81ed965853e55
69cf2b97b6df2cfb7ec38028f391825618e3cdfa98b5bf0e369b335dccdab64cd7e2d2a5061aa75f32ddccdaaf83030a99ee66ed9e60453fd3c3acb1
dd01bc8d4b971ae8cc8a1f396f05b7359f4b971aa8c4f57ba4c115aa1d2d0bae50e15f7d1e1bf4100b1217ee61062f40a69e493a900bd615e7e6d177
0298043edea77db84fcb99fbc7ebb402a72e9fc7510ab03efd789756f8e0663e0e48606f49fdad39dce9ffbefef4bb7ff9f7eb4fff71fdf7fdfbf8eb
9fff7cfff12feb0ff197dffff3cefdfdba9f3ffcf1fef3fdbffff3d73fc7fdfb3ffdcf9ff6aff8f7bb7ffaa77ffde3faaff7bff6d37ffedbeffe0f53
ebe3be79880200
