1f8b0800000000000400bcbd6baf25c775a6f95dbfe24c030dd8802e991977b72080224b52a12952c32a5a2d0ce643e63e7bdb05882ca148d9d0bf9f
88f77dd691a8365cc60c300448eef7446644645c56ac7bfcf7ffe3776f7ef2c9f3fbebfe93f4d3ede9abfb77effffce176ffc9a7bf3dfff4a3fffedf
3f7b7ffbf337f76fbfffe27e7fbe3f47e977fff4f4bb0fef6f6feedf3ffdc3a7af3f7bfdedbbefff713efcfadbdb1ffffc7c8fa7fee3877e79ff9777
dffef591d5ced33f7cfdedbbfff9e6275fbffd55ffc96fd6436fdf7dffc759f883bf3fa9974ffff3fd87fbb93fedebb17fbe7ff8eeddfb6fffe969df
7fba6d7dfee5d3f77ffacb8777fff2afdfffd3d34ffedffff3c38a5e7e3eed636c3f39b67db82f3f7dfae48f7f7c52d1774f1feedfdd3ffcdbfdf9a7
3f78f987357d757f7ef7ddf71fde5d7ffe7e76fbe9fcf6f9e9cfdfdd9fde7dfbe4e1d05fae77df9e1ffef2f478ffe19bef7efcf4efefbeffd7a7f71f
7e58cffae3fb3f7ffff4cdfbe7778f77b773d5f6e3a7f3c3fde94ff70fdfbcfbfefbfbf3d39f3ebcffb77773ce9ebeffd7f3fbf99ffb0fab78bcffe3
1fdffffbbb6fffe5e9f6fedbe777ab86ef54c337f7bfebf57ff609df3dbd7f44df6fef9fe7db7ffeeefb3914df9ff39b669b4fe7f5fedffeaee5dbcb
707efbfefb77b7fb8fe783efbe7bfae3ac76d5f6b7ddf9f65995bcf4f58715cd8edcfe78befbe6fee1bf3ee6dfadc1fe9b118e0ecfd17afef3fc88ff
fffafcc4083db3c3ce58123f7bffe1e9fd2cf9f0f4cdf9fdfdc3bbf38fdffdb08e9799d5da501d7ff3853f7dfa4f06e38bfb3bd5bc5efaf6fce6be3a
ef6df5edfbbffe55b3fa6eaee9f95daef7fd87bfebc337e75f9ee65b73f5cecf7dff74fff6793e32abfbb07af7cdfbefef4f1ed159c9f3fc86b92f9e
1eb3e08795680cbf7bfff8fedfd7c28b45fddd9feeb7b5aa670def667dfffe61ade76fbdb2bf5bdbfd3f9bedb7bf79fde6e9cd97bf7afbfb4fbe7af5
347fffeeab2ffff9f567af3e7bfae51f66e1aba74fbffcdd1fbe7afdebdfbc7dfacd979f7ff6eaab374f9f7cf1d9dfedf72fbf78fbd5eb5f7efdf6cb
59fadf3e7933abf96feba9f9ef1f9e5efdafdf7df5eacd9ba72fbf7a7afddbdf7dfe7ad63c9bfaea932fdebe7ef5e6c73face8f5179f7efef567afbf
f8f58f9f666d4f5f7cf9f6e9f3d7bf7dfd76bef3f6cb1fab3bff7b1d4f5ffeea87b5fcf6d5579ffe66967df2cbd79fbf7efb07f5e457afdf7eb17af1
abd98d4f9e7ef7c9576f5f7ffaf5e79f7cf5f4bbafbffadd976f5e3dcdafff612d9fbd7ef3e9e79fbcfeedabcf7e3afb35fbf2f4ea9f5f7df1f6e9cd
6f3ef9fcf3ff7064e627fe27e3f2cb57f35b3ef9e5e7afdc8739329fbdfeead5a76f7f3c6bffebaf49f767239f7cfe7703f3e677af3e7d3dff3a47f3
d51c804fbefac38fd780ce06debcfa3fbf9e6fccc2a7cf3ef9ed27bf9ee3f10f3f1cc6bf5bd07f37a673ba3ffdfaab57bf5d9ff6e5af9ede7cfdcb37
6f5fbffdfaedaba75f7ff9e5679ab637afbefae7d79fbe7af33f7e58d3e75fae59fdd5d3d76f5efd78b6fdf6137569d637c7facdff58bf7ff9f59bd7
1af5d75fbc7df5d5575fffeeedeb2fbff8c71fd6f29b2f7f3fc7757eca27b39ecf34575f7ea1e19943fce5577f582dac71d354fef8e9f7bf7935ff3e
97d217ffc1507fb2c6f0cd1cf24fdffeed3bb3277306defecdb83c7df1ead79fbffef5ab2f3e7df5bf4dda97abfedfbf7ef3ea1fe79a78fd663dfdda
1dfafd27b3375f6b98d6f4cffefae7eb377f3759eca61f6bc53cbdfed5d3279ffdf3ebf575bc3917dc9bd72c4e8df9a7bf61f27eb853ff3f9ec8afbe
7dfef4fd378b547ef7a31ffd0c8ee2e967c1633cde7dfbfc01b66292a6c964fce847fb3149e3edfb80fadfed9bc9d8e8fd377ff9eefbfb37afbf7dbc
7f4a7eeef9cf7fe2d9a7a79f7d357f4cb2fa97a77f1085fcc749c81eebef5f7e58146d1e9cff6056e4a5e0cd9ffff4a73fde57079f76fd6d5245fd7f
b636b99c2f16bdfdd90f389a55a8321819f898bffefded5ffe74a7b21ffdec7f7dfdfab3a7ff6bb23edbd351f29eff6ffefefbdfae937733cafe8075
187ff7a7f376ff707efb2ff7d9bb9f6fdb2f9efccfcfdbaf7eb1fef2e9d6f9dbcf3ffbd52ffdb757f36ffeebcf5fcdbff1d75fe9afebef3fff55fb25
7f9f5ff777adfc6877e3f38c9c7df1dfd4eecff7c72f9ef6f5c6df16fd68df367afbeef9f6afe7871ffdfc769cdb7a72fdd87ff1744c9e6efdccf3e7
9ef5b3cde252f4b3cf9f5bd3cff18ba7e147cf5f3cd5ea9fd72c6f75fdbc56a5497fbdf6f573d3cf59ede4e8f4b3ce16b25ab8560b9b7ff6d505d730
5be8f9d0cfd54453172e35a12e5cb75f3cb5a29e5fcff367766bf7f557bff65895add652afab93abde34b6f5b3e9e76a38edfad95713493fefeba79f
9d35347d5b3aebaa57afad6f6b45f5aaebe9d0cfbe9ed56bea435d0fe4b1af67570df9541ff4d735a6adae21c96b745addf5f3580dfbaf69fdf5d04f
d59bf4f3b11e58cf96b5325acdfab9afbf1efa79acbf16fd9cc3d7f8ab86afebe7b5feaa1a865a530d43adad6f2bea64f3cfd54975e75c43dd0fcdc0
d5db1ad555c535345b877e8ef5530f8c73fdccfa79ad9f4d3f6febe7a69fcfebe7fca2e76df57ddf8e396acffbd0ef35aef7a36f6b9a46e3f7ecd4be
ef806bf5652d2da187100f9ef39b7add406b9e8ebd02e6d2eb73804065d69e8e28ab4219b4965889a2f5e51afe89f635bebd0c77715795b9003444b9
8356b7b2ebf05ef1efdce750ef7907ac41db5d415e9350c60658bba3b8b2ac7d4917f2fac4a3f298662b47c9ea77f607d635bb7bdb0065edb50650d5
51b226934e574d67d901ab6fd95f5ad748f65e796e2dd9890ae810caa02414ef65215ad610f5ee275b579dbd809e1762b25a7f085136f4e4a4468bfe
41b7fe034aa647d5b542131a8411b5a86725902811cd2d0a3876c6beade19ee8001d423b2809255015eaa03996434b5ca8ab6c8086ca5c4b5f9fbeb3
b8fb5a537b8992b53ca8b02fa2d51ba3d0bbe8f00158949891ec6b19f5c65cf5b5c5f71e2f69f932db7d0debb1bbf37d0dd5b1539f06a7b11ffadac1
7ba3176bb7ee9d1a166ddc533cf650fff80e1d232ca5ae8dd852a0b1be8a4f5ce7458c753fefab1394e874602bf7b543f71e256bcdeebcb3686e4f47
14adee357ffb58c3d70b53307a599b70445957995f1b5a532d51a665d38e04d28c648047e6009d1a4f1ed427a7008b7cbd94f8fba9c347190370f6ac
e9eaa022d440abfedc2be812e2c9533d61839fa7e8d996406bb45801d71ad439401b6831029b6bbc7949f16d377fe80650b7923a39f25aa2651f80f9
69256d80f95239022ca2f5f2ce6d950498f3524cc126b82fd0008ff5ce61b0e6a11c01563b25c06aa7509b88a3477a82bcdec980b21eab80ba4001b4
f54e80bede890ac67a2c2a381788926bbd1325fa9ea8607d4fa69d35f125d3b7537d8b12f58d2f5db3523263b00842c9b473aa9d28513b51c11a9dcc
185c6a87da2eb51340ed50c1da1125d3eb4bed307397da09a07602a89df2519a3ac45414af922106a264031d32073359b5197c284cb03683cf840966
c70fdaad8b66725e4fb08e1f86aeae013a5254b08e1f06c8074e8be7d681b3576a5883b2d728d15eeaf44e44e308b05a623d57edc766e232742ced35
8a1639a9d1ae089c89cbd08175ec1d20ead900da99e62d265adc8a8feb0916d5ae51b2bef0881ad6171e5183e84a0f240e249a5d24bca6408b00d71d
b0b6b67981a1c36876b6801e7acbbde88bc8ec6c461d2b3b9bb1affa0e56b2cf0726b78b616321ea1018c711482f51f73a056611c8ed32f343071deb
77e8a063070daf89004bda80708cb5690e76f7d002610b0e2f900158dd2b51b2384a08c75017ca700db74512e640eca053c89f785b933dd9453ff9cc
93eaed755b5dafd9833bd1ec614d3d90d82e1fa4132dd121e7408bd9ce2d6a59fc3647d0755bf42d1f8d5ad6eec9d9b37289fc96bd538b6897d877a1
b5a5b7a8734d4c859798687ec39469022d81251790c814833451d2d6a58535e6f92881e6a06796dc44fabe4ecfd6b037d8c789443b3d66132d725047
943deb9c88f6665f521bf46591b2fcf20d6b47a71ab5ac1d9d728f27fbfaa21a658b68b517b4beb6bfbcb7e4acbed14f51b4c21c3d6bfe0623f1bcd6
5eee39cae648e4641a39d11a89cd3b71a23512a3c49375bdb7c7934d6b2283d6bcef5e9c138d352b3dda9bab203746f059e7f86ae163c4763e7a53b7
2be8b19af7b6bb9e87cf64cab4985a0b7468c1d0352da6d2f9a4754436b8f04bcbbc7696c1b316da7ef0816ba1b551a3bd53a2349fa4a31122379116
e1ce30691142a3265ad3d272bcb784d62d06662dc93981f47a1d1375dfa865314de9a53d1fab2dcad606dc3b2dace55a6b4c8444f31a7d590b74ee38
be6f719b53d28eb26b8d191be27991901c0bf4792ddedc5efab93896b6457b3a2cd9f0cf3a955bb4b716efa4dc819628fdd2c23aa5732df1deeaf588
be5c5a5a35cad616df13a3bb141e53826794d6215e3979265abd2eb124d786a83916af1404d927cc75d7164835d01aeb64ba3f91d60b5be0be36442d
db015a633d6a3c59d67634c99ca88a6da8a0a522e06099686d88de038db5a9473c798a498ab24516e11c26d27a79a9f321b5033d93b626bfa0b542aa
399d89d26aa1055a6b7eb07aee6bcda720a0f7b5e6736256ee26ae8ce77d3183adecf1a4b45989beac355ffb88b2b5e67b8c8418c2f652e7fa868d99
beaf355f5ebe68adf9b6c537ac553e8f924049b3420b22c335f1456b5de73df145eb28ac25467011e58c8661a24594396827d2de3c022dddd8c17ebf
6b5dc3154db4e84b8bf1945eab259ebcb45e366ab9d4cfced7ae75dd5aaca5b5ae5b195156d502bd166bfad73ad72aaf473c291555ccc35af3b9d678
ef5af3f7d2de6d213397d763ade4143bfca1953cd88d0fade4ceb73f44dacb0b5aa38b1431d11add25f27e94283fd6329f5d8b1745245f2a1d3a5577
d0e22f363ee9b164a0da4aa0bb3ea2824452d8720fc4a040d2e8418a1e6bd1b7c4d9fc588b7eee3ffab2167d1a5a0693aa4a7ba0e37082211154d466
a15524e67082b520bb14890b5d621c37a324ed970ed8056e4b31965c47593478e739b3875a01139841ef1d64f67a080d69618b7b784aab97e8d4b97a
3fb61ee82e559beb97443bb6e1f7eee280868b34e3470db0265c27d602a6018022a20690f2b5001657590640c778060c6d7fc0a2055b03ac33bc8da8
6e11da9d2e58a34cc9507fa2448c140d49bd163d156529b42ac25203ac45a3ce4d51ee6fb8d085b42e34390bada326d5405aa32d9e5c1f654176a121
893bca448a455616ba747856d0226afb46eb525e1f9ad685d6a6df32ef49eeb68266211d0b1af9851607d7b541175aadfff5bd45806ae7c9459ca618
09121fd8b7406b9ff578722daabc470b3a123be322c9a26ec70025f1b21954d49740ebbd910fd0b314093bc8dc64d429d5ffce7bebfb9295870b898c
f5041a2fb2c142e250473cb9f67cdde3c9b5e77ba5f5c58ca412ed89fd48f10d26b75ba035ba1bdf3e4452d34e0b975ad8fc0da7f85c1f2e0b2d1267
1dca42da43ac09e996cac1489c623b33fd3cd748542b2827d2f2b674b5d05a8396cc1712f313adaf1532997a5a5f2b642ec8025a07d656e23db79e3e
467cd7a3e2c41ad52c8e31d75141b277b0e8a5124bd6522f5464bb89f7d6108ecc2749a4911d44c84691a8659d35b5061209dfa2bdfb12d90e6a1107
b7b3cc4f19a92c06e6eb92fe2c5ab8b47173cea0b5916203ca9e923a5f744970d818deab6b89d0974bc7496e1ede4b839d598497b6e3112dace5da62
495e439c432a20719a7b94e9f8da696f681146cf244c5aa53bd1e254b20d070bad9335b3d02ef1e399cd72893fee899ec9aa358e4055cbf500357d1f
ed6953e7ea3a6f6bccf2c666b9c99c55194f846cb68084ecb9b4a26c8dd2463f6f6b29cf5a12e82141dafdbce9d0dd58a012cefb0b126734207d37f1
f123ca34ef79d082789a96a2ecd43c0492c62d57d0220d39193dfbe062bd58d0dc215316347dde650b9aade4287b96a019e8ae270fd0436491f7b471
3b8450f262b56d212313d6bd818648430169745f6a595b756f816e3a543d4792b55a61362d2575d6a7a4a4398281c4ab27daf3ce390289e78eef5b04
6db64e9d12ea0ff6ad6498d21841492d93ff0fa4e38935213965eed40dd4b5e3e2c973edb834406bf5942dca9ea5d038401e4f904630b1732c531466
4c0cca3c1ce34973afd4a9133dc593a221ad067a48e2e64971d2a9f2b55e6799f6d6484c39c5f3271e2805711513d4e2203317d41817b334b13bccd3
0c664c2c696d1cb1663bf7f6513b5b36179a2a4b445c686b9c2c0f895785a97e0cb1f59c2c626e4a9c028fe1c905494c6a703e8fd3534d2d125b4a0d
f41009a375e9923aa7d5632db43c38121e164d6228b4553708f6435b7548182993773ec4a51c202f9f0e5acbdce7ef4226ca8116c91c225a134929d3
b5d08a59f07cbc945509b6b427b1d342f642a79648942dcf865de3b9904ef8684f447913d998688d52f3172da46fd73258c8c70c2dac0330bdf453c2
647f295bfc5ae9b42e878e4d4cff42da1ed1b37538362fe585d6c2b6805a6c372f566894becb3234f6066adafe1db4daab4794597356405ee6eee76e
32d52be8d476a40591a2b651cb3a82e6c142d9e56fdf40e644687d6dab6acbec426be3e6ead68f2ef554a920f1b8fb01d24cb3428e210de69e415d9a
cf049238de79526376d4401ab3467b3a1cb742d9e52321cad6b7efd182b9be144f7a4db8bd24c1763b02ad95251f19a15307fc00c9f6967852dfd059
13492cc446cf92b4e15b0a748a933c4077cd984729e9f0dff3066ae28d3368291f3646225d520925dad37ad90ede83d0bb2c5b75352a6817d14a2009
79cc4aee62286a060dcd8abf5d26c449b07790bf9d27c54816f651d69ab7ed7e22cd4a6157c9ba36c930b5484db1a728bb8986b89f72caa95b1f202b
dc022571d105248ad90e90c8fe16b5c805a727509346e1a39cf27a54963f06540e40a9e740e291f668622dc9ccc62d5ad82d45d79618949988825eb9
816e529c7b2395c57de72d3ed03c603cb99641dee3731781997344ebd2d0e623de13e9633acbf95783c942d2fbf4a8f359a4885e9fd21a06d221600d
c4425aca4c6ed139bab144ca657e3b9e74cf68417a268be5731aba4c1690862acde760e2ebda566d67e2ab78b2d23cd6328be616efad6d951b47821c
6eaa7ce416b2369ccd59a5fd6b8c6e3d654288f6a4ab8eed2fd366e97c51f5023d02ad518a79685a683b8450a6c9b9913248f3f0527669d945d96aaf
6e518be502f7a50d975590b91b6a911267e36be54a53acf99c48fac597d635630512d6a484daf6285b4479e7706c8b6cd49d0dd8d6066c416a9b3cff
6a7199d42518d88a9d69265b59406bcc764898d42535c894d5255b8a5a4ef1950d74d7910e924aa4b504d2c8b70e92a6956fe83a7e33e3d2e50ab045
2dda01f5e5492964b6407771a7f4faf217d1331d5d8d1d27479862e9692199cde2dba55bdde21b2c9bc6d74ab71a47de30efb8056ae24037907bb683
4c431a482b72047ad63ef2488ce155479d520eed7b02897d6285485d923b47897c684a664d8c354ab34afa623f53e8d28005f4170dd9605eca74706e
23ca9ec502d24f71d1f6b92bfdd4b70f7a7d4a8566e5ed4262168f1db4662c6a39bbec5df3c98f1265eb4b1a037ada80c1869716040bf042b297727a
9c220d19f22ddf9f6cd1bfd8f7679ef71934b471f924918dbdc69397382d9e94bdb4b175a49448956570496b362006974f249696541435388a4b43d1
52200d45f5045e227d95a52ca5448e13574a897a40f6a5864865a7bdc531cd63fe00ad4360b478522219df772d02930b67ba5414b945ebeb402a9973
5b0a8b1a637d3166d42233dd60695d6bc1cc139ed6d948b4a0adf3d2cf4b5b008276890beb23908cb52ca69b46b0407ce423d0b73d909624c7e1cd1c
2f47104a090e881b5ad604aa32e40692e916d27713cf59f97659fe6b6cb2db293e0f022a3f805498e99b88cf0e69b8591c45eeb98988c46ccabe9e77
8e58d9d7d380637ab6600e3f23d546dbd98eb2afd72092526d94e0e86d43b7d96c21c9446c5cdbd0c7164f3e4bbfed6f9032a3ecac0919bfa734c37b
f2660e59ead9b229fb4fe6eebce7283b457c1ae8f6e265b1d05d049bf6349e15095006e7c9740712db5568418aa31ee372497fcf4c3fcba476447b4b
46996438cab45746bcd7b40669e1b2963c9e7c68c7b916a93d26e7e27eca245a82e99352621e3305744ae2eca087f851d7691365b0173243a6d87f77
ccebbc271f8f0195b299ae309b56436cac561b560e0e8f8765e89c4152733282b2ad5439920b49ce82f5906e610adb1d24c5266c2c9a861a6597defb
2f10652917e6794f83d2221f0ce143db6344b7a5536e10ad8707263aba086f6a6ca487cea701cff910e18da5fc90875fd9e2496dff17f410a1a73df1
48397aa6e080e0da1f973c2f59685274d403626ed506df306408ec08841379a13590e314a24c66150fef443a632d414c649eb380242578534f74d762
0af4d042ab4643df50a8c51cd34ecf74fa8f42eb3afd6ba2752dc9d479524bd226ac85cc43d017dbbba316c90cd58b696c1a97adf0e425c29be88b08
5ada190911f31ead2b9c04fe69a2bb6a71ebf2fbcfd6ed2fa458111f02139d5a05eeb582185ab6aa61ec927b3a23bf9f565f7894764b2c9ee989d6f1
cb361e5258240ea489e479433f1568d06c245b48b3c2584b7d51ad935c48212b3e9026d27b35caee5ac9fea2c39e45ccdf61c511f3a0a09fc9851590
0d68d422f9ac33668783564cdec6e1b815e6e8b09f8a0fb991641de1409a483132267d13add63bef25566b060dc959bca75d6c1bf4421e33deb3d31a
5f2435446a359ed4da8d16c43bdae57321f93cb1caa56a68855192aaa11cacb32ca60816c21ece19c583bd9ab35d158bfd8873eda053ab7ca74eef70
1f5613ade3be9be79ce8ae79707b5619a01219521294d89bc57e62b4a7709e649bd5424bfa3de859c19ae6af2da7668c552ee9b7da003fdfd2015f7c
084c94a55b88b2aa318bb275a8a696413ac45b3c29ffabf2513fe3f9a854e83b4bb95a3fcac0549d5ddd27cb44376dea067a961d950615b534584c72
239e834dd72c68992b9ae89226e7007929472d779963dc7a132fc7696c97dec95a512633dc60b3346928379faac382f256035973cb7b726f3b58840d
5dada74542ed3cd706e82eb2e13289b12d437cba9dacd88eddde205b206b0c3d4a72cc2d314adda1663eb747b7b674a70529172a4444f10f937cbb3d
b9e0ce2f6a20f935d2eb2197f49dc524dbf3dc642089bf837139edf0cef1745a9163de7f5669178e0692b989c3c3c65144f821c963b6ee9e5df65580
645e76ea87305db636d317491093c7e5bdd31c9abf41a6cbd458ca977c0e1cb7b19009bd7b7d13af5358ad37eb2421cae2f627ff144feac883f4dd30
dfb93df90057bba22c641d619469e3b2eae4039c77b6ffdffaf94e24125de24911bbd839f2bb9d931948f20b6b091f5973a7433eb22dbef619617803
891787b89a173ff6a8e52e498ef7303a1690943cec0eb97bb6cce83e9bb56a3c292e33477ba75d4f07e82ed3b3bf4f3c75aaf10d9759326ab96c9ff0
58dbc9318e0b190173b04876418c99be3b02925911375c13f32787bd841c32ecb0e700bc32c4f196ceaa7b2027775097b2ad80e47aba45d922c33112
b683a18618b283cde1f43798210cc6e7a1ddd160d01e4b4a68b0b113c9f195af95756bcef4008912793f9c9b65b7b9ea3e46944f99c5b26302169291
c524e5dc4c8abc784ff195a9bc9489f07a199ce22be751928cb401f7ce93d611462df2f36d36969c32534db2114f9e5a68512617ac0c92cfc1f0929c
4875567abd06adbef44c82d6d1e88b37b5858dd3bc5c2f8116afb379539f324ca5624ee4dc1daa14651232d1c04ed4d442202d3bf33aa74c588da53c
d15d470948fc8c3dd616b26988bee880e098396dd01a9df7acebebb4279289467422b95b79239d47b7d936d022ca2cf389a4656d94c9cdd08e3d0bd9
845540eb401a29cae4afeb25791ef64b35d77e2af235a79d3a4ff333b4a770262c04a743bc6d185e48de7129d05dfa5823718b73e00fd01a89cdc7fd
4412efbdfd2712a1679464ec6a0efd58481b977149f690379f772a163cc74ca7613b4ad422950ffd547c7846cd7226c57ef54e0ba70f9d029283558b
b287be8fd6a5df46eb799a037588c3420ae06a81c41898d09f191735d7a2a8b8b9c5779042cff822c5c555f4b1a7c3df622414ff96f711e826cb024f
cac2d3184f45ad1332b290cc8cac3319d0a6dc1a65f2196137669b3c7394dde51de42f12ff5b1ae329535bcde6da4ff3bff0a367c1b7b383743c3112
b27c65c76c2f248743333067b1a433a2cc1e1d1eb32249b5b3738a0e2b48f4446667784f2b04597fa226a3719489c7edd46955113b5c36b272442d32
bb07ad2b1e33464996afba34ef1f25ca328bd5025196596c023e42c3bb4336ca655f481a941bd3ce2294e92ba1539ee859cbce135fed54cdc2ae3ae5
f61e48410d2c8a4abc9327a98a6c6c9094ea6567eef494e92bc3af9dd51a5f08a84c5f9334f0a488c888f7643f477d712a762f237c4f74c9d040eb97
0f160fa8a2f2aaddfa1692bb37b5c8f455335f24d3d7e478fded0a37afe505594ccf20c550b528cbe2e5064875b2242d09a0693c2509a42068369921
8a9f0adc4b9839ce66717ba79f5a22db0b92dc93e349659988f6a4001a6ca46657ba4ccf1c16c2816b2fe2830d6f231952d029f35641a43ebb794e36
7c97cb721caaf2ffcef8a89cdd1c0ceb4ca1e0a5a5404522672099bee8b5648d16074417f7b6b155871c000ba46898d968817458716c0f4b87ac17c5
5e97602f068a23b770da34cb9a38adff65abca1a530fc88d6c2ca5d217db4a30254e64be3281b40a38c42feb39d9d497942e41de2e1ff016a227925e
356ad1b8ec1cf0b61e041996f363df729429049703f0d62db782a41f2d107aebf60fd81271fb0519f37c36e74a7be6da333be7d92abbc27b922a1beb
458e8335bfbc2782cd0e50f8d824160748968523ded301f852cbb3a4c3029215c732dfa9c0af143b1c29812fb2c3618d5a74cc6047391d9655a105d6
b517464952c2ec4b9439a54a203b20d0021e1d9e15053fe5a37e3448643ddaa48fcda0ae2512689d489de52ad1a394124ddcb4943be821971cde13b9
d9e07c14d3d432c324ffc336e01615d354d1659e773be01f51b6360b5abad3114ee8634f4738ed0cb6239c109f4e0b3e05c27477f8680c8cb60796e8
5306838a5afeb4c1c0993d16ba896446994e63781d451cd5d84877eb0f073db322007223cfc88226ee946764c2ac723aaaa8e57852a4217a2db7a2ca
927c740b531574683b469905bb04323795415af48cb5238750469d12fa12e68a896e5a68d4293d608cb503792a4bd98122d8dd4f9b39da114f8a8fb5
883b91748bac8987d548ac89874d7b8c8b2d1929de932cb541d01eb869f1ed228b98c526727b7c8374a708a0a7ac1c2524b2075c6db420e213bd9698
1eeb5a768d8ad87cda113378c787031aa267d75f038c1712d1f2caba3673fb3e8c2f59320ac2f744f2923659bc247f56f4cd97e5cf63449934ef29ca
a44faf81a4cc30b1bb64d7c8478bf6ac34a30c998f32ed3f84fd4bee9c93b8d26b8dfce16fbf36d819de93c6d7c1380b2994c43bee927da26276bf24
9b36675b59483ec52f48c76f0f241f95f8760cb56e61b7b06fe5c244457bba81d63ee238bcec96c98ebb907e5bbc67bfe80192543928d3b8a08cbae4
b259d1294f2427bf0c3aedcd5241870ef840568116902221775ab0fd2c055adf373fe2a344f992918588f485748efa3cbc64f4c8f83b5ef2e7ac0e15
9c48db0a01ed92185b1c86bd90c877bc779ab3f3c72bd75946e8bb2ce2b6417b9785cc0a5a5b0ea27cc958521cc9bed029bd23ed49ff8b65ffb2e9a4
3084124e5b2cbb24be2b99105e328194c632480ed96478d365dd6203c9a8b3057a96d8e5d6b3edf5e6ef2f6575c998012e1b3df055b8b239e51794a5
32482039ace5400afba09f12477319bc67ffd146eb36f431d67662ec2c2d3931a66243ca25512e2716a85c0c0bbcd5657929365239ad8737aa90ef0e
ba342e2087c3980bbb70d6a3ce2af58c436e17922f39aba0caa970db7892d90c7493404f9d12e81be44d6e76d5199026b22f0ded358fe011e859c2f7
0192858039b2d35d657495bfaa14565d93910ca7c94b9247c5dbf952feaaf97d19649ff00ed2c833d6963c36be5d8e7c647658e890fcc27bda01f0d4
13494dc60a69d25ed668cfaa8d973a1dd5e6b2ee60751bcc897b2c901bbbf5a1a7be9cef0a2f7ee217f1e2778c62730a81e2a8c4c9a70792efc0a016
c9677140587ec1f56b221d80ec8e8eecedf9eb323d9768dd7b8cd1957bdedc9bf4da66db4acfe49486bde052d2948a3d64223106ec8e61af22665ace
7a19fdfd2587bc86bef91af2bdc2bbcb91872d2883dcecf2883a4fab78694f2641545ad7f89bcc1cc551890dcfa16b589b50033511fa8f1bfae6a38a
bedba20999b03acd4ba0c71fd0c18d39ce2025ceaab86c5ff2d62b08fbd7694f453ee2b49b3b0bcd818841604e71ca98b72e8980a94286cf61ee8d16
20a7814c320748fcb605654710265ce2226690cd7262d3a53d713e89c5743afe8d45718a6c20025e72d6ab88c69745cec4397ad92a0e0f61873c4702
16220833cbe71a76d3a21659869d57af384a3017c8e9e5e08a16ef5d3ac5e3493b35d182f319c0b3c8e9aea15d7794600a427fc96b3947afb57cf678
4f2331200d8a049c63164f6a5658ca72ba6bb8263a2eb060f470629e1cad2b2eb0059fe068bfc6b1adf8bee230f785e4e5639edac9772a7ee6d7cd22
6e8927b5ce5ad4a2a0e412ef49cdc21cc928575bd4292928f8b59bccd248804ea29377b6b192e19418f99b74fb8531533c610a92a278c216e3e2b8c0
6ce9c2296752ec0ee591c998e11c259883d42a034cdee1de24c2b706b3f18cd9bd81f47dac33e5676918ec9c756539bc8024fda67852ba610e018c79
2d90fdcc03d9141c75ca338a9d23817eae339e9440bf7124c8412e63549d48f18b99be38316c7c8324c01de2ea9c28f8ed9313a5b11f10f6d9d37733
3eec4dc50cb638e01d33583990ee26bc8cae3296cc05d94172b265a6ef0e08832593cc9e538df72425b00a24b397609fee3ee061f3649ecc2880265a
ab074f1ee70569485de405d9dac70d7df3d1539f1b955aa0a01a3b54b3ad94d2231f9561ba1c6dc42789771c4c99ada3b121244437c2062e09ca7983
9c3a5346869fb197df81c82261b8c6543b4a306d81166948518b4c7b3b83f6b046db42fb445a06125c6bb7606727fb4a9c9eb778254ecfb14ed5b178
937bcb20650ca8a0d3ce7a8114e42dde7821c5644924ab8eb72b0e29a88eb7ab7fadc546c7019277e7e19eed0e1c6f0974688e026974b703a491dfdc
c22eb2ef4dbd90c3e4a973d8ec3740926d7a3ca9ec05225a1369c38f44992cdff60f5828cba37903497f9fa3ccfab5a845426dcb200557d40e92185b
a34c6e5a83ef3b4dbe414a416b7fdc4a64dee80564154594d98d29ca1420923c2e87a41207f12ca499de32483e2325900fc00a5212abea9138ec1f70
6ca02496851624c61e518b142b36d14d247597bd73ab63ff8af9d1ead8bfb9ab3ac81e39b4e754518def93ddc64aa5856e22298124173063368eb6bd
82446ee8b5cda19d194bd6a0974052d96dbc67b74cd67572942e73941ca53bfced4e8c9d989524b9c00a928594ce2b479994975b94690d56da930228
bfbca71dce8c391369a18cd83ffa69d9b4b38b259bcea3a481f40d83f7b403da0b72ec1f4f4a61615b4275cce09431419690aa473013ce34400a3f1f
819cd8a08094c38eb1965933958feb94d7a372d2a61a25e2ac3b5bb5d80cb7eda0a64d164fca8834e249715325ca14619702e9ec621b3b1178813414
47aed540cab1ce222c3820795a1c091804a698073c68fdb4f731b538a938e4b458c8ac0da4a42e0c5371ae0d164cd1d639e28b9c45a20532174d9d6c
01ea1417bdb3adaa3c4d0f464246ce7a6c512673c5d840f671700b55ca85cc3c541bc968a15ad1b10792bf317d9191b36f106c3b316636753d6d5f1e
206d4e48a6dc16939dde1792f0cd216047c5fa827450b340951ab505c97494e0d8039d72daa23d2fc2dd5f245369561a7621056bf704123167e46d38
4d1c02cd19926a3c6925017592bd0ca49ed9f85b1ded9763b55a113038461dfbd7185d47fb6d3dd0faf658ad366b26b69c63ff3244c4e9900e465ef1
7da48dac8eefcb7d8f27d7e6acac4127408a1da0d8bf798e8186b3f10612e983f076057635e6d6aa06fb8c54a7d36eba0c4168c9521bf3d0ad688cbe
70974201499fcec82b12701e48f45319b73676871c38f3017363a36adf02791fd18274c3d606d73eac4c84f40dfb61734048b950ecd3549d3d7bd639
4052cbb10a86ed593dde732c2cef3918a75790f2704078875d1520a7c36a240e4ea73cdaa3f5cbed1d20f9a89440b2f0b0424ec7ecd217690c9a1d15
ab63f852cd81b41b61c914a637f7ca47735f54c7f095144dd82807819172a1e9f2082199247aa04b7ca597a4930e1586e2945120788fd32220a7ea29
8f870a613afdf12990424e59f45612ec0cbda2f6e6326f20d9f22161a80c984e59a9f378410ec9ec201913204c562774382d45fba5020723e5c25ce6
81943227c5934e48445f1c04cd44381270ecf1a48c95900d470206d1d21d127940fa2e1b9f20149734718d0573d97ffbe03d9ba2203097032f462029
0262cc749434b6ea65e7b916c823e1f66ece49c037dc1c0c9007c8e65e90b3fe726cdf7cc8b1556fee19a4f6e67b4e9831f9ea9651a3ccf16f1564d7
2897396e6ee35893e8df0a8c8153c8ee1042a7901df0b14e0254e23dc9281b2bd2516dc17ac8033715d6a0529ece31a34ce47b7f29933b1907a05297
e69df569513c413295be67129f0e92c1fca56c68cc12c8fe4e6ecf4274ccd8dd7a7176950ddf83f5e9343c2f6588cdd4225fe49d95255377cb903e9b
b31b23a8c49bc93afa8564ace4b8b0803d8ea8c517ad18c9d89c1c745d9d9ab0a62390b2b1b0c31f0edfe078723ac1c698398560ec1c65d3299d7151
c45b8b9d4ac61c8e430599a57a04922b64945df658a1059209d082f38cc80e561df4551c425409f3eafebe492e9464780b645faf403a7efded433274
f1dd2b13c97232a24c122047fa504699c61c0d1940fbb67d9c5376bc5673e0451dbb09aff9a021ab633ba2cc0e482f481bb0b8f9dd1bd022f5384432
ed6f3c918d09b9817408f8dc1ef296ad3bb51cf6a8f4221cf296cdcecc5689adb2e66f21259b4eb48091a583cc6f07ba6bd9f19e356395f72e25b71e
b4ae2d77d06b79cbd6cd27b563abb2f56b0b29c14c09249f466fb2912c33f89899481aed1148c6196fc091b41ded94b6903891239063e86941baf612
7d396d2a1d20792e8c400ac8dea8459a54ab8a1612b73ff83efbd5c6938ee58abe4824eb3ee189ecca518be5020bbcbeed22730411f59559f4be39a2
b35cb90682f9cb0ecbf7d619d98a1c93455ff1305ba7166bc2b778cfab0ea40d58bca97d9943b2f35cf56d0e936c50a76c250e78adbedc21d934541d
2d963982465c15e52795602635c6a538812d3b40d95f4a6273da5bb6b728d38667a6ed1f3b58598a2babceaab250d3a1534072c464568afd887cac39
e6ac38d9cd429204ac5c1805d9865a74a4db8f68221d3a08d143aeacd561490bc9e7e0a02f97739ac77b3e58a24c81179455c77552566d5864e4ab83
becc6f13e386ea66226badfd0d95bcec0924e31aa364a7d7c4acd8e995037722cd1fb3597ddb488d3a65a466ffe93a8d022b37eaf9d784f50b691733
2e9223cb1e3d13b31114cc8eb45ba73da9d738c846754ef3cc9397fde8e9b5034ba06e3660af20b38f1265acdb9b07465766e458f48aa9cb414e1b3e
8d15240d1e44a4d965dbc2f0b0551c0dd044f229eed4a913beb328146197371676737a2296ab85d383056a9fdb51e249e5d31851a7c4c31cef297a2b
51e6bbdb127df1a9ca7928c1b5ee4c92acdb7399d3c2656da29741b7130e64aa931fa1833cf407485a3ace4a09ae6d87a4384d4d2b811e124069c10b
94c343826bde7220e5696372154158f2465f167fd811557deb47b1df44f5b51fc55ecb134923bab1fdbbb5c15b94ad3942349e48b16a1c41b69f97f8
226b7ccd070d09bcad421aba732770545ae0edd19e04de7d8bb253fde41b9c95cef2cb1836f870780cfc0a0a68882f09249f981eefc95e403f9df117
ede550429b86cc30867dbb2da38ce174488cd960ccfc4503f73cca34667188cb6bb9392167f52d2873dee33dbb3bd202fed40d24e5de16b568c66013
862d0b9076d9f24b8e6fd0516993e0424a33c4c80fe7a2889ee9406aace4a1553e60212c6e0f76ce693512f370fad0615d9ff668a69fce37bc712490
6f18726ac13cf540522a4186256d4fb6b2807c50472d0e8c773f9d4d27c89bd306efd0a5d34412fae214bfce64329133c1317fa72f7718b4a7312b2f
4f2a912ef4e5d4d11cb32253fedcfd6eef72200bc4f572a6c912487c33236f5f72fbf44f840f5501c9e190a34b92715dfe401f25ca4aa7d30a0bf4b2
5313e44d2ee93db68e82616b9ca397cfdf4a479d6521518b529920280fb2fab21d2f3bbef4a8c5c495f6cc6f8fa84571f22fb558031b65cadbc412d1
e53c0d031aa1b82345998c6b6cb29bf595479439976d2025238584f9029e44afe503d030378d9bf37c41b464f5cf6d8bf7cc1bfbfb64f5cf981686ac
feb9a4404b9e683d90830f1a481665b6ce4d87cef6829c4491f61c45079194ef400d0ecd798a7bbce7e08a684f9e042176dd6ca885d352f6e1947b20
a78bdf41f21de0307ee6760ef7da6103256a21047b80c44dd16bdf3a5372bca7cc2225cae4e513ad8b480617668f80d8484eaef3d26b0702ef817669
d079d2f934582fcf28d43a48924ef4cc2a0a088cb20f97e0d0a4b068d851863d0276d6eedd2128900d7b040421bca37471ebf60840d9e650e3f9ed3b
c889b6a24ce64246499efab9b1eae49b9fe2c8734e6187d74fe4ab9638127c8f4761edfae68ec117dd9ddc2aeabc7ccb8dfbe9bcc11b728f951241cc
f164876a3c1cd68d74c10515b0330f33141c17f26bafa14e7838cded11ef49c2858171369d614bc6b067798698932387f5a290e8bcb3731eec005ad7
bca3bf8f70e92d9e14a71c7df13d2570df8fcb6e7df19ef2229b609f720f284ecbba90d28a99289f527b14f4dba7d51ece6e5e1dd99c96fcf931a27c
4a2732073b5eb42b16954a583c129dc1792e838644013ae3f4959ef889ac88772d7603778a9e85c4b99ad49ebb93497b519cf22bc8cec7bb904e55f3
1ea71cbf9b73b64e649fdb442d3ea9332d68fb438a1c209d9d867222dffa609dd6a97cbc2d7b299fba393765ca0ec90c992f92d53fdb496c212dfae6
3aad82b197e642b29ffbbc9fa8e9781a2013ec0a92ef65a1cc1752edd4e9c4504720056f565a1031873b3da5ac2947f4e5b423184f3aa744f4dada67
46de1ee285d13d9cb6f405c9eacf42b3ea064398c39e8b6f5a58c819f9e249e57860494a75931adf2e654dc14aedb0e78a99ead46dd8155b3e41d031
d3c9b15c2dcae4809fa8c54efd6c8fe46b8ad83af2414f76b05a48e1ee07ed5db6a350e7658d2fbdd661d5a9c5d98077c6253b18670b64bd7f01594d
e69150fedf063745f8b2ef6e9dc89714c4939254ed0eb890bc656941e6f3827fc789899c9dea2061fb2d5582847dfb46759070720ad58514efca783a
64f838e23d1db1e6c51d409ced59be90134351e769ee3b8324a31cf19ebe2151e7e98b01e23d19c9d89b5297e48d7129f6c33613e6a8e006219c48c9
e3f906a5b2ad1c95a7d417158efeacb6cdb08bad94e09839514a98453a65b29e75f29e5816d804e279d1039cd218245f4f551dcf9ba3cee6ac2aacac
e684c636259ef2a36f3b34b261b3f2b8d8af7d197f3f4a949bf34d30140aa94d766d5bc84424906cba56b69f7657770ac085943a856d65e13b33499d
cb9ca24c9ec9f19eef25331f7b4af86e4160247c57d4f2a76cc8d9a94c16726027658ebb6223c9093d7716af72c49602a1efce3b6071f4ec4e39689e
e594137a7252f685e4a7cc4692a09cd0739ec3096d200db2fe16f8997398a4306512a273a2bd61ab38bd761ed814ef49a8457174dac27b6c81247930
9e122b6b100365692db1444e07ab40ec2c3a6e6c24f97d4f09c2ed493c4c70bca752afd602a93d1dd070f0e4e5cc73fe86cbb95220144aa89a50279c
97679a4340bed6190df3695feb419df28b6eb1c52fab2f3804eced8cf7c5296fe749b52b484632f348a72f174dccb4530965f8122507ede80fcf9baf
10a02f4a0eda83eceb62cebab3036e4e29d30329fd12c4e7e654a8f45af2448ffda05442add19ecc9329339bcfce36cea67eb6b73a4c8a2581981527
0fc2f8743edb88c4c82b64b8b623902faa8a277554565a907cd6217df24cae3bac95cc9a0557cfd31ec641529ecd3733f2cfe6165b20852f43de6cd6
c42c7d729722bdbe3b88dd922a51c1f8239cbe21b17000daac195f24b3662d8caebd819d93a73aa23623bb9d776b759995bbbfa852e6cc37ac02b9f1
d6c4ead1ed7bc5991117d21c416d14435b2b47906edf6b03f689c858eac4ac492d4e79841fd8e9b49ef61e5f4863c6de7c78b56e1ff553ae84cd2626
de61b37b74c682399f64df60e714ae84aa3a41508d60514f2e619e10d08b3b3ccceb5c62f7733b78cf3ae5c17b122f1c4cb9d02229be19ab3ab0b33a
53707580e6e4ecd41787645636c4651f5f6cc8977971bbd557022d376f8f6bb72069eef4c28f77a3167b9e24de731e3a733797bc7a57f64490ee39b3
4038913c1c33487a5c8c1ed76eeecd2a83cbe92bf7e8a778f82d5146da52debb7c3100759a8fb5bef9da1dda91a9457a71141d979315f9b6ec7a1dce
29ecc53b91ea1c5126f593b9da4b7241c5947139ed657d29530aa9975ae480e4857d1d4e70ea6d453c28d6fbeb70a608afaccbe9908e144f66f1dbf1
64d1f70592d2c5dccde59b409cc36d216b4ba34c1e401b2da000e249f14838775e24d63c2873aad78d6f70c8708a27e52d6b45c025dfe082f9e7926f
f0e4a61809e74a8951926786af21aa971372228a4fe4b08f2833c79b404e02144f4aa535a2ccc12a9e956479b0508bef1a61374af2284ec9b5904286
a3f5d39e51bc673f0d3345138916746af11dd6ecc6e4d4ab2d9075f4032453e94b0b3672520b2b3990d6193b2e4b7dc81134914cba9db2e194631924
e7391f098e702d857ecac33863709d48bae14c2db252a13c712c6c7556e64a2c2c72f2e5844ba80f2fdf5812dfe034a2b1c732572b5490f85f56810c
ca1579e9ca0ebe1bf19ef32b7e5ca77c395353e6938a13b73049127c2afe7957f11660408b6d9e9014893a7567b9ca323c279ef71451d42184ca9c94
331328ab718eed41022488abedc43b1b3e441ddebb4c0ce8a76fa3ad51a6a4ec2cde4ab8410549b063e2ab1d97e859f575b06cf8eadc1e10d0ea108d
1aefddb5e568c1b9055806d53a34a64562573ba22fbe652dd3179df09d4551c5ede3237a358e990eb2a35b9459419241ca166601fb6a4edd5903c9c4
caa6b68f2f3ccbd56c66641e942aa9d4c493ce7bc7a27772a49ea3ec94dc1365d6b9fa8b9afd4298cd86c03b407a6ff00dce98d5e349b938b1719bf3
8a41d01c86eccc7a0b69362b756a4dc47872f3c88832b977a5784f7ebc1c6bcda9a75805245bb59c45703172d6d57da7f4164829d38f784faa225a90
193515c6da72dd01b9b15c77c0a4e876918c758410e5ce71d115d68d928780e54cafbb2ff04a518bccd92390f2c9c5179977641fc9e09a9c7fa53ab4
b9a2a87268734dd11749097d8bf7148758a34eab243b488c88a53cae6d459a71d873c6d1f41acedfc161359cb183be0cfb5a9b93e46ad6c4fa946936
23fd4ea4300cbe48a6d9da38381d203da216115e5f2f507d516b83dbbf6454ad7100caa8da32eb53e1d215e589c3a5f31e7db1591a46042327744966
cd8aff91a39033ee72970c9953908b27c537978f7b5ff872d49aa3c1d319903a48692f39136c0175defe8564806153cb33b922f8387cb9ee10c2d3be
9e2c508bbf181ab8e474df02f96aa30a925d730fa4205316bd336639ade742f273856839c7ef80f3b9d0f8d2ba1dcf3839e5f1db08edb8649eacc4d4
5d97ef158ed625b83616bd7d7c837774a8f1e01b6ee283625a6e2292a82f1c6a9c511539d4381526d786c5f182e45bcae694289e6bd4e2eb6c39046e
38977590086f8fb29b38496a11b1c30ffbbad9090ebef2e60baee04474874775ee847a3ddb399003f7d98e4b900667fd0a92e92061ccbdd7b34355d9
2ccef3555fdeb3357d807c5b4b3c29ff8768cfd18516162f09ed35d528d316873397f77145a1e6b0e01487b1b37715e656a1bf9938c44bf766143c2c
7cb1680e09c95789628a8acb4319795f174a3ca8af04adbd4799e3cadcb3bbb731eddd6575c04dcbe1bd297300de9d6a3d9ef4e550ec87bbcdc490cc
3b0719fd74b612ab2faebb7663852cdab4b7b1eaeed6a0331232ede503b6c4bec871345b844768f755a219539b6376b333ae54ae0bf52d8013896bc7
18eb9b3d6bc8a60f82dffdb58ed2c595d57779d6387494962a1f5094078cdd00e9462448fbc3ab9cf5f230a98db2cb41581bc8412eab9615f9227739
d1828594ba53874ee3664f5fe2da7cb36771baa7d623315403694f8b2a36dfecd91cd6b290ae5bd6e1b1901d853faa536ebee8b339cc7a2111de3d2a
55f6b546d7e4c0e25b789b2f01adbe2da2f912d0e26dd57ced67f3166f0e35ceb69f37871a67c7c6350717d72dde73b6d5c4e7da4965f87377a7153c
fca4140fcd46a485446eea017216820c52d0f5e16f50c8f0245a3b48e205c36b95c1c83c69fddac193a47da74e730ddd4f1ece414d9d875ce2d21148
3cf50061fec92045e6c5934ed639a24ce6266dc789b45c9de8bd39a0b738426b210992f49ae44f518b3db6195d19015b8b5e8b03f5add4cd9779d61e
df70d9258ef7249239f1e4e4d9e5839e7952a6bd6e734cf3659e7563bd2432537490b4eb2cde646f81544012f61b75ca2059fb0192d581be38dfb0fd
789b2fde6c833a75d56619479479ab52369c8abc81643cac51666728b7e06b386de85b4881ff51e69cdee300299ab119712de6b68314ce540748b91a
463ce908d70e926285b5aba45175636e0bce65d4e93bb15b02dd64d7c8201932a34e11b416b5e0c8c77b76e46b51a6798f5ecb75cf16a5e6bb2e4b1f
51262e933dad98d6e2444673033925d00b92080f45713a5ee7d95b485c6d77af752f656bac25c5ad56ab4bda4ba42a750e674d74ebd50955e9b5bc88
ebc6eaa922c3236af18d25d9ef35b317ac9ee60b8121a08a2acd095ae09b28eda5b590f30882a496abec38b9ff16fb922f2429680c90e43a887973c8
fefe51ef8bf9a8b42ece45dc1cb8daacc95948774c7196c8ffb739ac742167f107394d4da77962bea9c5a7314bd2febfd69a3507aeb6c659e2fb3d0a
1f21cfdd1c9feb2c550972e3605127e5594816d01ec82493f71c3ccd94f9ee8f83a5d5ed1ac5e2ed845d0e902cdf3590be8fad2351aea41c655aae87
cb1c569a2076cadc5b9d4fa371c164810c3bac34b35906916b5e843225b69d0d61e3a1eff25d48191f205ac3997b39d3877374a42893c004291a984a
69c1090859aec3fe01ccb4fd6a7b7c837d15180985a3b60c29d20593c95ee0cd01a8c53ac98576a9a6fc7d92c8b2b33a2c24125676907d7706e8211d
a87b76319e3be8d061d540966d2ac8c9d579d2e9cd8f40f2e3658e1c6759593d17ae4a03247d25232f7929578ed10b35193d13bf1d47dee5ab3637d7
72837774cf9c9978e7e8c285927576b360cebcdba1b2c77b4e5bcae8deac0365de6f0e97de3248e6a6a845a46840b42cf71ccc986f24dc389a9fa5fc
3a20d1b83442407db3e016ef7904e3bdd32b9227a58f1d1c1ebef76fe3809061b10df68a6ffacb3dcaa43e84323c13a49f416236380e2da3345a9029
711e1015242ac51eb36be2d6e349a5f84d1bc88ca45bb0c4b2436a65744c83d5ea94c2073bcee989b611ef5967ee2fba5b4fcd01af98c8baef81bc1b
41b20cad63eda344f94e4214baed65c729277166322019a4247525cab47199a40737d876904d1281c4158d784f8e671049855da6ce79f8d01d10768d
5ac8beb381c4cf70c64af0a99d05aabb044b65e34af0291b679ef3f16606fbe16c617b207ded4b2db2f373ca29b0330f08f6c36944d99c0f3ba17308
3ceca3c229fe70c8b08fae6111c97aabe6fb02e7c4679016a85b181698ac3c59c8c761d4a278a6ce7b8e82dc033935d361e45b112aef394565a2051b
7536de33ff74c47b55cb8ed63148ee20f9238ca845bedd5bbc27cdfb1eef498190a305e5d83e780f2e939e69d5d974b2909cee62cca437b6e7c942b2
e5c7b74ba9e44490cd81abc581330b3918476b69d8f8ebf8cc857c200d90b2256c5126539b37ee703ede83af95f1b771b08cdd5bb5057276b9403214
bd3c698993f62c715a021cdc46d3a34c3ca0f935c7d066fb0a2de44c347c915437d68b2fa41b597abca7d02a4677675d075af3676b4573246ef6c507
1339f323df1ec6df06d21c317f36f0da45742149022dde9332ca8cd6387c1d6ae649fbfc30128ed2edac3339854e99c8fdb43ce8bb3c17b20b400759
1a8d327b15518b42c5adf15dc8ec1a4f4afaed51a7d88bf282c4c7267a76f9b616bedd6c17fbc8665b7b932dd38718571ff711c1cb8c252b33cc453b
4ab7dacba7394a77ee878f73ca0ee16dd6a82d64977490753e10115b6ad19e0c596a1be2b6037a2b62a5af63acb6ec4f64a50453ed7c4ff0480ecc4d
88024316d73a2022cae95437165af6edd20c850550eba616b2e126ca9c2a943a094e1d20674ae349253cb4d3fb424ed6194fca661d2d98f80cea74e2
16cb13bef0b1da677a2185c63281d9f9a2cd8f3a1038ef90220702d71a650a9ce1dbb90cc727f5705ee4c646f285373b8b4921bcb5327f05af860292
3015ef3954b5c79372511bf1a4ae83ea51a7f285b0e88b75d88c607120375bb538bcc8c7ef9011b7201e8ee290680e0fa77bca4720df86c17bceab9b
a9f3325f427ba4cb8c328561d0822ead4c0e41690ee8ad9df5e96b2a77d6a0b240b7bac77b324f1e81ac7a737b32db56eb249b6fa22c29de136928ac
1e85e296c14aaee47be920ed15bea12a2349e100944977ee87785246558e3505e6d6c19150d17dc77bcfe28de349fbedbbacc13025907c314a942993
09e4c619a933736be1bb334a0d1ffb0a52ac68b460692dea14fb547b3c291f5f8e8be6d46107ed29b4e360bd286954ae8c92b347a71c4fea9a008e4a
27866af4451275195b2085914319ba7d31a00c36bf6e1049995fdbce71df9d2184d5da1da1b107b2d772038932b03b2427e70245518c692e1c729270
4bb01e43c1f6997d64d7d9940229aff5f1719df29050db12fc85c34a6b0f24cd4aa341dfc561667c4acd125220cab65d3a0f567398676a7caeb232e7
5403c9d51bb2712280369036195c9f42401b3a4287792638738779ce29e33dbb07b1d07c256865e3caccd88ea8d3de962c9fcb39dccc378f0b1b7207
499901e1bd7cd53c137ff9da2ac8f0e504991057055aa602ffe4cb4383cf730aa26344999cec994e67494691332eb88606f2a6e63d5bef21229735f6
8cb5531739fcbc39ea3237f8201b32d1704564259bcca2788c35a98b28b32133b3cced458c0edbf1922d332e374b4f35de5bbe0a9983ece67bff2045
365d228e8e9b393b38ec1bd7d7f3e4e5b8476ab9cc07d117a7b3821bd615456d63b3e89ad116c7a10d8b0dc2246fe052207df2ffcd89c3e399184cea
94c67e67c69e6d2463cd3fdbf8cbce7976583e2d586c46ea1acae33b575d05c99468f96cdced61cc5af27d3715e22af13707a157645e2a1c6b967013
e4e68e3f09753a948b599107ee94cf3c124a88db0ec61aa757d89907570e7bac751f4c691cc60f27708503b5fc395e9e54f41d2bd932e6f1f2a472a5
a440929ea23d87917bfff9b6d0e26b251a7173f6d39888f67690d4415eadbee7b3f926ca85e4cfe5b57b6e3e1c65ea6ebecbb3b1924fdd669261217c
436741d77eda12c55172caf694ed82b79046d7e4fb74a259e479df9f599cb6b4118086eefb94ac5157a0d5c788f269df5247952fa433c8c4eeb499aa
98893f0fa793f4603b56adfa8aa2894c36a20cf1825aac0bdb2973f034c3e4b43f7904529a212fded35e9af0488e166b18a67c6566725a9589a47dc6
28e758ae6c9fe9e60b2d13c78c2fb4cc08df67f2f5f583f77478a0773cb35370f20dc46b314abe250493a0af94ccb9049265b8528bb346999c9ee286
8bafb169be36b21c4c60112fe0b4fd0b793a1348fc1375da1884eeed747a1b641bc772d5c18cd989d12e4e0bc9a1cba7ff69de9813fe74d2547ba5b4
93cbd71979c5791527035f48b246a105898e28561cd9551d7a3f91bd6ea2673a0eed6fd14e2538cd4e3fba908cb135caacf90b240db3b7f1693e16be
f2ac4eedcef755f4d40748d979132d3845a579a4b3faf61b46427c6c41c4f5bd8db3850a92df778e27e508668e69224517d297e614953e461d11560e
7add7cd12763d67c3b38b32947c5864a845b1c63c61a86e101b25a87f686bdab2b48b967f83e6e698750602782f8d84ee40bd81652463ed627b731b2
26c49df6e875b7ebe588b2ae9d738074e4b11fc4c7367b3c4c2411de374837878eb5b24799d63584d0e947b1d4706f23f29903c91a9a7edfdb587b94
a134f3b8745f5bc5aeb2032092e344da1d8c8bf9df23bec8a124857eda071db2af64a4f3f8757bb21acdc1dd413ec41348f71c410b9c62b4423586b3
871c1ff5539e8f0e6b2f79d1516616867d6d64e5143fc5375707d13622d038f3cee1d05196b953a7c08f9e4a9d9206e4cd779b38f8602139dd45ebd6
cee6a8f32145bcdfb3d92831d54eabe2bb911772f49d7ba664a4cd716c0b29052713e87b4f3a8be2746ac4124f8aa360b39cdcca479dbe593bfae2a8
2f4e40bbf5a1c33e2fcedf03a45c572c6c73d8be157721b9af4599e2e463a15dbe8a279e9410bdd1cf0b4d1c65a78d3305a4cc067ba0226e8af744a6
10a94f25074d658b271fe26e40ce250d89767e92b10592e4c1f6b81c9ace92bcd9f719b2e8db4510da2752068d1648a9e42137e2a25b860ce300c8d7
de7c5929f36e27bfd602c91f886d75b3a61fb2f8ec90172b80ce675bd321fbcf0e074f51769394d741bad58dd69f7d2440fa1c8bd7d99ce4f68030c9
2c3619f378520e5d2990393b5ad0f7d9c57021c99fecaa67878333f2bea21399e194eb5edd20df326f259caf7c7f66ad7c9f726dd4e0ec64d09a1275
05292404b27fb78f36a374b72ab3049211972fbadb1cca378887af9579b8fb4a39c6ecceddf25126251d23282b558d9545dc1ccc14b936f678b2aa85
28b389fc000d8dbc4742917205c3e9296b5341aaf47d8f39459d620f9d76b67157a2ef3b9fc854c3abe0da9ca1d2bdbe9cb50255ed65ce1ce6ed7262
0a67165948799f0f9e74de752bd4b89170a571f81851f6758565a752679f4048b9e486569d7cb1f912c2eaa4948dcb047d7952e3fac03d9e2424c41f
b83b198cb937c78e1587532ca4d4d226d1447d39557e8bc8aec193be62d5cbe73a9c62f4a54c5a41fa7258d4d902292382979623bb322a18ee0b849b
ba0e2749f74273d4572a4c2066802dcac4cb59d7e7b8abd67de85c69583f1ac8317515247e66e73d871b58fcbd94b921fb6280e63b019373802d2473
8cf9e6cbe932d18c4da4d8238b649774f4c5f9cf1692e6d652c9a5fb1aaa53e537df2cd831964c24f7b51168113b27549d487248ccad6e162c31478e
b43a5876d6fbf71a65e6efe33d1d64cc83ef79f095a713b19178cff7a39528b3ef4720999498076bfa9d736c216959cd265c4af299d1ff5e7666438f
7b85a69f3a9dbe720b640d25755aa34dcf7c05048e8a13291fd90bca9adb049261ca47d74455f2924742924ec22c7d492a4998acafa26f4fcca6b5f9
d14f27eb443d73391705d611876455f83c82b052b42ede31c77b32761dcc66f12af7317349b75f5f7a7d39617b202b413c824833569e5c96662a3b4e
e153c9b1940b698ef8866aaa010df12d8eceedb19054371bef89ec3b326f22b9499612486ab968cfd9f358f39534435126075ce6bd22bb0d9034e126
d8be0bb2e2eb75557babefd19e548bec77e9e81bfe4017720febc599340ff6a66f8d4c8c84649b563f7e716a7384560962e0eb2637c854e3bc70479b
b32bf3498ede8253be9482739ee95126a1d6a7d5d57013895a6efac02893bb0ec4558aff8c67067157683dafeed4e74c4477aa164843b74990c9b5f3
5c6722babf88a976760dce7b62b276da9319a0961ec85b8e27f1394820293338399dcc1267a1cbe92b7bbc27d31e5a724745b583ed6157baca71386c
00dd0225e9a606c8b90c2a488a234b09978d098e865bc87ae340123913ef0d6742a64e7b66f045c3d7a8f628b38bd301f2011148fc5394f9a223ab52
7cc3631925ca64aa61159cdd9cc8002960995a748b63ad8c92649bbac57b5ad899634db24dc327f53aed26c9ca7234159e19d7cd0e8e36b83a38a6e1
4bce5d7be81d7d835e89a30b6ef808240d3aabc769f42b6bd739255ede3b9d823e83e41f5b78524702dedc97b34fe07f7fd9490c23ee1519eb2a4829
3fe98b6fad4329e1d095bc43369c53026ed8f7d4a502d9902358ee1c8ee29b5383bc39f31cd2856f9f2bb8d93974250df698d2e11762087cdf5c8db1
96b3574792bbee762384f0de9dc99a635bd7c655dfd3d11c9e52f1f9f1b571a5c1763db0db0c90b27f43a21ffaa23862cd2957f68a1345247afdb0b1
1226cca12b9535c1057347202b67a9456a9de07815ac52f7e8b5d3d566caf47d989727723fd737f4be399d9514a9ddc12a7919943f4294d7a3499314
d5c873770b24e7f53d90d5f903a4e6c51f4e646e4a84a23b922539fbd342f281152fd01dd752eded3c91045087674fa4d823bba42fa4dca48d4fba9c
c53f9e94082fb2d83bd9e5e8cbeeeca76380a4992e206ff1ce93d6cba52873d847026929675ab0235173eb0e3339f8dadd41ad3d901cd6c60eb2168b
164c94b70d243d678e3ad782b13974f24de2bb3263ed9be9ec0dbc90920c8a9b5ac8124420656e280d2405c91665ba176ff7f739a784a38dba6fa66b
95395236bbe44081eed095e4acb70be910a851263de7be81cc5bd18274ed835152e84ade2aed89f37162a8ee5beb6a8a27c5f9582fbed09a153b19cd
a5af1c1dc7e82071a7f425f9c619c63a390950bc27e2e383732169d7530229fa8eade3dc109d914f44106690f4e9ac3a07b9d89b7b2109ca99be5c0a
0cda1b48ab9c19b36c33f8764b33ed052902f4c8202539aa0d2493273b20dbbb84f52919a5fae691eee09814ab555249aacc66c67d94f67c186f5166
de915a146c5498b1ec3b399969ec215086e21c16d4a97098627666221d0285d5539ceded702db64fd857a13bac25ef2d90eeb4c920a70da62fc5e145
1b2d38d489352ffebe6cace4e27bff523ca9683f6aa9bea001caa0940bc911a7dd212fb98f28934eb978bd54871ea50292568039b2b78e2f1b98c889
903b758acd5bb2e94789723557bb7b406df4c890298b02896d2ce6bf9a195fc821ae1d2477f51c4fca9cd65ca74c2093151f20894f9061e56a28638f
27a5536e1e343be16496814d19858d6bcebc31650e80311fdb1df252830c379bfdd83acd1aa08dd6150ee358ae899c6996e1c55da764901cdb994ef3
f05bb4e75bdd122df8de6bce4a9947d2488194cce7a54c1b9765d09d0d2d1d20691a59e676017272c9eebbda26692820d9dd191799474a6581761f2c
4720294f383cb8b98d85a6609c668fd18564f2844c758c95b4e73531289333dbd8028988302bcecf1764d14135be886b21694b3990ccfb37088c8263
5ab002f607f2659e0b4953ccdc2a9741b24e79211d9cd1c2653d60035909d2415a751057dfe77e30f2bab3bd7448ca69af65c8d4e9bbe1f628b3d5c1
2d9c4eb8c49a38a541f7655b0b9dd2686f20f9edd397d30e9c90e113a7bb02526e0856d6295f2827e3ef0eb8297bd4e2d84d988dd32ea9ec6207e3d8
fcdab9aaadb3c7940f308f1ac866e278d2ec133d73aa5e46c999039dcda3fb52b7dc583da7afcd78416bd56588e465432defc96fa90c56b25220b4e0
322f678de1e0c4e2022d904f53b20bde423e54a305a959e23d5f6acc085ece3312ad9fbab8a20472f64a8fe7e5dbba9995cb66bf684fb4ae42c1b848
edd841bacb08aaa8ccee258e66f92da5b5a73f4a946fce370135b75353f0b84ee6ded8e237df47c1b2730c91b32b77dfce563626c259162a1be966ce
87c9f5a5ed31a0123273f095cec0b043f66f5c55ee3ae5f0542ac48744895b2029fe216fbadebdc517c9545333cbfcd95ea810491b6706bcb113a107
19b620598f4032a430d5be73ad528b44c71a9c9684c572b03d1c2754211b8a0c2a8d03c2c90977a6d3f7aa3536996f4bdb5320796df04577e7b78827
753836781d9b4e0e241d09842936b5c37d4a8a321d021050ee18e7f855e6c0d4195ddf311ed28cdca6da0ebf66d3c9c636764e828d517216820ebff6
706e678e19e524c815c2fbb09e335a57aec0384a1e0ef2de68411bdeb17fddc138cdce6c0b395b42034930f7dc0ec975d94901baef6a6be5052949e4
a04e09aece73d0b9738dc36a6c97133a06925637538befadf1c13976c795791e083ab186b23bb024399bdd44ceda66b960380d803d8517d28d761bef
d9b49ea853fa74f8588784944eaf77672df6dee4aa369886a1dc7dc51af4851420edb91d0af5cf8d9150d8474951664d7f05d9d5cc12c47058fe6056
0e2762354b36e46dd590cf1c8631bfc1b5247bac780d0e65cf9b1bb5837421a909b603368aa3271792429479905f562ab4979ce59af6923dc63a753a
ffca06f2b1c62839d39d2394bb2f442b1cfe13c943cd3bdcd114d99afe859cb8218364ac7c41620fb7407242fd2f70ca838bb64b3428919aae653b5b
1f8194da87695118463be8b64c2e5346a1a356d2f7784fc952a26b0e47f579c88d6889c56b4730bb002da473c65ced2810de02b27904242da4939d77
0749342789ecdc6c561950df6d3d3aed6903728e3af421f768dd9720f9cc1b8aeecf837e72ef98c566071fd4cc32af4e3364d23e1ccf1f5baeda6bb9
f0a4bd2d19414b2cce49bb907c15f64022ca85d6b50113df579db1a30752088a09e1205537edf99668fb5b7407116438d0d12c7296784f52095b4eae
58d509f71792e696bec806519da26722dbba5b20f325b46ef2ed237d48622990daa16c6f1512ed20825c217676d37262a8ee4bba9293f9ac38757907
b19614a49f0bfdb4545298cdeeb0673667b74ba30fdcd1c93a1d651278a34ea9d7904a86ef69b6bb5577a0c02430fea2a1b0ee0ab9194ed4c4f749b7
dff697271d40bc83ec921a4807c40b3209733f875dfea24ea9133aebfab4b8cd0e38adc861d559478fd43594393b05e13d4f9b271bc80e5dae459e43
e56045da57e880a099ab1db4e7b0f5206fce9cdde3bd61cf64b72e1ffbe650a78564ef3940bef7843dcd6d423990b35d04929c6c298fbb8536f3bfe3
2645ce600dde349bc71e65ca7b07c95496eb54f822d90b4a831638b556ac10a5c8aa094af46c69cd92e3f095bc9523e1d9b75b42a59e7d65176bfed9
2ce7f65f20ca77677fb248369ceb2ab1a9ef249bf3f0c2cb3168846767ded3464ad607f9229996e8a814ea791c812498b3e51e763583d08b636a8965
271ea9c165fa82969a19c287af71b4e8786ed6b95aa43e951c293b99653fb96dd69bfa74fe66878a4fe4bb387c369fd26157f8a7899c6f4d5febdb53
1a7cde29ad7565ca4ef9a8343bd92fa45ccb26fbe7ee942b3ef27c274a81c73d77e70733c93c77325ad0821676f274e2caeeb8b2897454be3ca964f5
cedab6905dfce90b5ec47c838c954eb232918c4fa552267bb6af435d48f66546502ef015def17428ae6f9e5e48feaa8ca075d88767d33eef2d5ab067
cd41cfa4d12ef08ef6796fbe3d702167e4a316f187b6ec4f74d94ce55aece55e783291c72c9032f9319b04bce640453c6e02c956c2dc2aa6b5d80767
21292cf806274e3a5867bec016e9c9def1c51ed413490d98a24e99be7c63fc4256d2f93de98dcbc61cc9d32539135ce7fe926212768a272b36722e24
3edd84f024e152a74eabf3bc8bed47df32b3e2344a95be647b27346ab9cc347836c522253b5b2e24f9c572c8597c5d8379dcd30990604b4e3337d87b
4e7b7b54f643f10de0d4226ff5bab396aa2d43268ba7a235cbc62aaf768963452a3e33d9d4d6edc99e63f554e76b673f54a7d1df4152d939add1420e
05ea205994a22fce601eb55cd6d14799d919bf27e56c427eb16779ca8c6723319bbf560ad1b2ec3d1f23caa7b3d03ac4b59f8433faa4f6ed22d55151
0bc923c0420aeee30dc2646f08f433a7af0b7546d58564728110ea1e92e62c4e0bf9f6065ad7e6847b9bc8f665ea1499da5fcaacb78a5ae412077993
df44b2ffef424ed54deb363e55ea14379cd9e2763bc790727627dc678948779afefaa4fc39a32fe6e5d8aae2988afd78173227d24145627302492562
f1f0148f54ecf5ba94908a97f4696c7ff15219cf21c2bb4152a4652d6d8f2745da3982ec291163ed6cb295a525bf89beb1e5069ac628538c22cb7540
6002c93813addbfc0349396526ee7cbb2fe5ec90e1d359db5a9429d89719132f37b76a0715999ba2cc4a820c52d63d3684aeda2c99913f6d9064cc4e
5f6694a24c44b945d952ebb41a650aa92d51a72416f6c3e91094785207191cfda90b3b137aced397721e8cfc692bfc4b99ec0c8d2fbaec18e9715154
69db213ebeb0b34240b9a2930d7f39cc648b32a7dd8a5a9484b6518b0e407b4a2c24090252643e1683e479591905019506b63446fe72863cbe413ad7
b926684fb699c6285da763373bc8ce6c51a6b855f68a74b57d8b6fd001d1380075976773be9785948d1bf226eff8328e786fc9f34189c4536798c5d3
f1a7b1e3c461cfa32bca2cc9ed207ba5b86737b92af4a84592401cb84a283585df404d34249e94719b952ccebcc272da1b3f95122dc83234bfefa344
59aefa75874cc5659e54735a931a654ee0cc50c8c37130d537cc0046cac0db50a8db71bf3afeadfb6a9cbeb1b09f7da52424e5d93a5716a132f0660c
30e7331c0ce8b4aeb68194707f0f24173588b2735605dffcec2b5d5992d61b3b27570fe77cb6ffdde64926f7ae43076de9e9ab2f839cdeed760e69d0
4598a5b340a5536e1b640ae77c7f836f5649ed05c9c2ebe3c9b7a7b4e1c57bd99f04b1f2da71868a27e59de06d8567391a5fee5271b87bf7ed29d997
564ee430211f33be05a5f97a9f85944e27d39e936776da232ad1ef896f6e0e9258e8947f4002d9fce33a0f5fd0eb31bb0e277ecd9489b8fafee385cc
ff528b24016749eef63a2f580f2ea7a241937a1d56468d40e20fa32f76584bb47e5a2fce37485aab3b4fe2d14c99fd815294c9496c508b5225a1e0ba
94fc34c7581fce6851e33d79afbe949910d24fadba1c3d938204beeb92ceb555d684e482e26babbaef2fc98511b4574a6ef1a4950b5166cd6620c936
3e66ec635fe11d2f6960db164f6a251f2f658eafed20ed38569dbdf153d469c9b85366f9baf0453a2a63f5244737bcbc2727c61c4f6aafb05a9343b7
99157bbaa08bb64f7f716ef5856c766724482ce4be645f5bc58eb3df8b2332bbfdf6abaf7bedf6dbaf98e42f7bba386ca7db8bbf3883f944ced76ed2
7e65c8b7db2b4e5a415fe45d528e8f67895b8ffa621777d4ae277d0452a6a68d4ac53b3ab947f74d20d9dec7ddf77bccdd18487a6a73a757f5cd15d6
f55d760c4188beac4975bcfb44da02703776f52e38fdd89dbb0e06c6376c702271a7464c84af324447e81b36126e3017a9533a6572fd720e846ecfeb
5af906fb77645a8f4b0fa9c5810990be66032164c3da4b788f891429479d4a46da70ecb1cf747260ee4478bd528be621b1ad9c62b4b3b0874f7fb687
ee79a80dc2347cb38ab99b6b3847ec16efc9d3db128b6f84688dd6edf1703012037f4e5a20a90b2d5c36c0f09ea3359969455d56a7cb5cc89ae20cd2
f7990fba7cb3a0afdbe9be4c21e34ae7cb140ab6eecb693df155b894c8330dc6f3f266f1f1eb6b100a1ca8af4148a3c77b92190aef59a9c41abc9ccd
996f10d7d79c62a973d50122eea5bb04138a800b1d283b477aced439826c3e2f1c09be43bd40a66ea465ad201b8a02c950c42abfe15ada410ae04f81
740f4989f774d5d016ef2903ca16658a8c6db42ec7b3fc82a43c61ac6fcea7dc03890c43086fb60c41a26fdea9ac7219e84b1c6b379cd21809914cb4
f9d7cdbef9d1ba2fcd628f29a968c34fea7af695641c3366ec7035bb9cd7647f41b62fb985675fd5c66a7db646db6a4e5f98903347e57d789d5590bc
ead99b771b5c19f9bb6406bc7cf0d846b571919ef3a54c0e0f8c92ef11c70ac0d5032bc8e5a344d9593e77c8e2c3297a2037b873972873ecb69bd7b5
e2794b816408e35c5382cc141fff70e6570b1bdc1a103ce003553f65160f6ba0c523059f40f24c86179b3cbcd5c3febfdae2c32edbcdad0fee17b083
dc42e2bb523c69727a80740fee4b2d32064921b350971eb7812ee9fa02c92428ee66f82682e6f4e6c3fedbcd27fcf0bd046944eb1a33eb8dc78b6f77
3ce9f0ec0ad2d7ea4c1f5c4b60cddff0d50353f48ff79ce3610339d291f79c31e0e06b9df268e71b481b4e7bd6bcb7784fa1323bdfe7e0984199a320
77dac3ea4f9d12401df6b190d2b9c63758a02f7ecf893553dd4152d6ec19a474994702c92d330f901cd6720589173f0a485b75f7d7fa520427be1abe
14a18d78727815d09e03a477eab4f6790b2483568df764dc8e6f5066bd83b9f5bd8d47b47e3aa737ad3b1d528a3229dbe21b4eaf6b46428a801edfee
884556a43de77d07cbb0af7c75c2f68514d3bad317c983fbcb930a02614dd833c3d169c35739e412f3709965895a1ed2edbb9683b0880a923fc2b181
74e46d81644761dee57fdf1ce432f0b17744ed42ce593340964de3497d6d77cf9485a73af9e942ce26c993f620610d1ed8c13a48f7a5a44072e78c6f
307bc86c4ace2a663d867dec93a33c27f2ad833981bca7e98b947b56500e2e8ba8ac255b409654f911a2bc1e3d75ceb8520922d9eee3c38ef469b0fd
6dcad8994e0914a933f14aed537da7c6c059de9a9c6167f9d2994e2e5f6f0324d77936a02f443c68dd17b3dbe8b890f362b83d25c8cc07c4a0103271
80acef1a2069e27a3ce91b44a24c39937b0529b109935b1429d7991607bcc696f30d0dd6492e24b5408f27e529cc443845a575d80bf94eb904928bcc
6e245346a93590ece01011279e3c98f88a37b75bd0ed0dc54995865dd9dbc1e25572c99a210d15272aea34a9cd1b48b792b0019db0c7fce842121637
5a571227737dc33ee8a573243800753fa2ccb392403222312e9266724df1a43c772192f604b127ed42f63ea605dffa9078528cc1ce71d89cc5854d26
2ff7dad864f219996b37ca643885844926aa3d7a7d9a84d16b311447f48c105e23798fe7c493ddc1d31c79bacfbd65560f9ee5c7005950ae2085d0b3
033a63bd83ec33429dbe6f9979775a9cc208caef3b15e6c13251633f28bb4daaec6259328a4d820bc9db23909359b2ca8723fa5821e3f4254f81e457
0031d7e50635c1ce9c72543cd81da7e310b347e2948b5a661eec17525b94d9f81b488a540e08dfc45ea34e5f7015b5585ae32093af758971b1a6bf42
a5243dd51817ebe11b87807da67788b9bc444ae6609106bdf95ecae18b0f528db2cbd1937ecf5aeb38706f66c97a2091fdfe514e793d2a2fdbb18114
68091191e0930fe8beb5cfad04d286e073756fdc1cde40596503e4987d5a90d6bac377dd7c35241371533040e34c476082c77d26796603c90b9505aa
0433a943de9ebd59e06e14285b3afce8b3af63a475dfea96e03d14f09a6a9489b34b708b4ad3583bd3e930d64acfeebec606ded1d7a61746d05ae403
12e61bd81a07a0ee2c488525a9a48d2d78f8bb2508fa72b75e1c72aafbd16a87143d9c4f391f20f93e73b03c6cfa62f938394be18b1ed288c289d8c7
b739407a2211b4ee99763afcb9911a4876061faa4e48df1c26345e52d0fbc9ddf17626f478e75a053391641bbb312da499f6961b3aba2a5b6038eeca
f926169252c91b69f8e8724ce470cee4e4ab3d078e8ace9931913cafad291e7654ccce37b19032759bd00fa9d71252c24476e1a216a7d9dc68412bf9
af483679c62c2e25a24c22bcb3240f67492e56e70d673b2e0e37584801ee5eade437ae8c845c1313e47428af42b347c0b0a362b27bde447665f51a74
7ee36269748ccef1e42f22c3b079ffe110a2cc8c39fb9a1d6227121b3418098cdb07ef490d013f3a745c3467de18ce3edc2a5f24655bf185a40b394f
7105c906e1c37128c35ab2f97584c321bdb653a10d6fc34e850d0e7bf8ee1da7df1f76312c35fa62450e6bc9e9d690afc770bc9d19185218fbce9e85
1c0f0ab26ab1d3cfcbefd117c98a356a511446dae23d994ae731f331a2ecdcc7d936cf85a491f1361eb6a63babe870b6e31cc36bcfc8838957e4d33c
9106487786bcbc27526b723a4e7b70420c9cb5edc851b6784787562e24e3a1798f713a232e43a893b31626c29676bbc82c246d29cbdc57ba2688c8e9
5c143bdfe72cb4b42e7d652d6c960b2b6e02ad493a4cbec765b58e89ab332f3767d21df6ee4c76195bc89e9f51a62cbb7bbca76f6053db9aee5b1f16
92ee6d0739b71de37999a3605c2ebbd2b139655b6f0ec11ecedf5c11a6c6e5e4e38cfc65510e8276e165b083646e8a7191526967995fbe508b6d25fb
797684e4421add124f4a43c97ab91c7e6389c55ea8a5b2e175bd6c6d8cee4dfc36bce3b8f9d08150dc9c17839ec92a9e2b845e76f0ba1df1a4421f6a
94290a2bca2483d9ec3791be2f457b223ee50824fd68a2d738b379fe9eed82c70e78b6cb18df2e162217be9d7c722fc85f5b40e6de2a483e38acc167
e79781285b23da58e5cfce41cddcea0ad98a4a2bbc652176cfbe64a2d06b7b819b8570dee7d638aceed6f4ff3f8cbd49922c31afa537afd504497736
666f33243da2661a68ff0339f19d934f6525d5fd4749203cd98000d8a1112522d65c217fdf0b85cbf0d0f8e25eb5e8f434c29da98cdb5f728d44eb11
edade9a2e38530f564fec249a955f112d19c8be421622dd7224e8e2dc4ed8513f3d82c3df18b251dfba331b9bcec9cac665c5e362e6007119beb7f43
61b1cdf830ab6d38811c2864acbaceb833cffe2d4e4fc5b5c425161b8af921c722239a715d5993ff2f6c624e48a77f29e5f9e1462dbb1a02a26848e4
5ffda8520ce93da4b859c19ce54061208770be50bc8357fd1f6fcf28036c7c8b261e1bdf4a08f3211bdfae1612c758b59ed8f18af489081a88c74c24
82e7d03e895aa1bdff4ca43dba0ca1325527bb3e764c84ab6e3a094cee98883e7ca0b0af44386726ee16e23179eb2650e281c2b08755754694851b67
80611b588d08ab57891556af3741640e1437fd08e72cb883738298e475c1776c28423411495e28c226125eea40bc91ab67b8ed547fc933157db978a6
12cd2e8ebf5c35cc787bbe87989784a4976633ec6a1ba6664396b4cdb5c4128b71d9816299619f37890b47ccb803c533aafa1211d6ae2a0a9282544b
de8ccba832c49fa420fda07ce6cdabb804e2e66a4394e7328aa874070a03b9e12fc33b94055096adb8061c084a74414fdc8b3306ed9bd5179eac3df6
8a27204bc28c5df44b417f196ec1ec9b89eddc085e3088eddc303f3c100672fe328200a1a289d8fc921f9ac5b54ed535d2d4b54ef36f61c9cef24b54
e662d96cb8835ffebfe0333668c468beb3eb0c1eb40a6b8b6876ea4b5cac0c716b2796f465289ec524d31141b9e16476f675616fccbe72c6e3f645b0
fa81116acbe2f2ae4b09a081119ce6288277b55bf3c0450e7ec08388c66d48b986496ac1647310b4b83549ce887821387a8ca94b9edbfff78bcb4446
cb250f11f90e1426b7d950b8f4b0b59a4391d6a9652ac9da3fad2fde4fe3c86975ba706f60959bf8ed6431e18a635ed300f1231f6a9e8c17baeec65a
efd6b3ca645f724ba56c8e4852e6e190fd4a4012142fe6628a30ac2b84fc3c500ee53a0485cfbe26fec1df4e0af4c1715ce2889bb5d65fc5b9adea0b
69ef47522db2a9a016922ceae16d7e953afc23289c5aa5b4d8277489d59784b2eae74f0ed9500287e52c418aeb84d2a4a67e4c19bf2d1c8171d67ea1
30c123dfc620f2eb8d09de81c822378094b9b803c5ae564a6bd91d86df12f178d93fad4418f622289e19311c7c8f67a4d6653609317a13d6f340e178
c1f2b4709920a8e890e1922ea35e281e4ed9892c324f93216510c8b3eade7f91a44b7b9d150afbd6ae76857b43ebaa33146fd1a176ddd8ae0ffd3609
455e04c59eb3188a23bcda0bf7868a4fdd7be0e4bd605c8262a6d9072948a46ec2578b58063a91ad466251d1ace106a559690a4f9405c55d3b5cbef0
5fd4be72e14f8885ffc03ee7c277f31c82b0e86882c2b54a94d00957f33e4828a0d112954337e1c4e0bb74e7fa42113096c5714d1e8d3927af88ca71
e90972856df7d5d4cf897120d75d2f14bf69ec133eab6a7d8509acf83ab2fbb4a1312c965114fd5ac47ebbf5db088b6696c3b5385f73b25aa1892efc
e60e84cb92a1b876fc180ad34b8d68c5859376d82b32f15ca456182bce67afac3441b194a05fd62650294b25f6328510522f84ad3cfa53b626184abc
73c2eb169bc5f590c9f03f50ca189454ac505f289ee18a4415f7425d932f0e53b786fb84705e620af2d97ec44cd80d8f2428563972638c1547a4ebd6
947dc919c2eabf220077b9c5ca18a9b0d39a2b6e3d13a6352f74a6651077e0850e6112b60307ba026a82bee7cb58ad5ee8a8fd845df45ce1a797b0f8
3dd00aa809dae7ff9aa1277ea3f5d8b527eecc0fd40f14fb8403450b21e22fb4e2cb58472716bf83f437138bdff7375a8837eb71a9ce88509078273e
50d452fcdb1911bbe18905eeb84489b0c04ddcd9bdd06961e0b633b17a1d9728116fc189c40013cbd64410ff892d6b22c8d181a2ce9bd6c31b2e615b
3a891e3d884776a016bf31f6c23cd44b508cbdabf51963af6a8f3174f5853154b5be822e5dad1fb59f92db3bd41d388f4ce24ca7a419bb1851eb82de
5e0f1ed02691a513f1c80ef48ddffc7fbff35ba78538090cae980e1434eb455050a95f82a2d71adf05476a44118bed85d4c28aff1b6a018e1cd41991
970716b8070a7a8e2ae8f03c9743078a3a0775def0cbe88262ec43b5443f894d38599e521625e2017b1075fa40257ea367611e9b487c70a0a092e42f
3cf3521627c7bdffb8354735f8254b566af42c8bafe38e3ea1b45ee868868465cd64914b5c961e287a2de988ddfea8e2dd36a29fe52328da2b8c2102
0c27bc1b0e147516b5b0f8522d3086420b61ca3aaa6816b9545eb1cd828e2e68a2603cf026e25cbe50d09ab04dc7bf07487586bc3749713cdba663df
f10fa53cb17a1d4d95c651e0fdc722e88adf6e41545a05adf86d08fa1d480c3398886a283a2a518d23c4e0fef040357ecb82cec437ffdf599bdfdfba
a020a8d867c03012cec85f329a0470c2149d5ac27f6a741126ee8d5396202dd84082142bf5e81ad162aa252cb1c6268ce527b6ac896029073a53d6d5
b3f0674a5982b49824894ebcdba62cd159b088d860c754170944bcdb26cce55e68015541af580d2e2c0e94e3b726a89cdfc4ae110a2a15a994b0111d
a3183a2c892bf55c11ee690ca9fd87d6b53c4554df542448e154938a042952bfa7a245e71b8244d4bdc9129b38f44d96d854d4ebc822978a44e7479d
129d0895f4f2eaed1f57fcd8046d7ed4b7c15b84423f50d47a31a61fa3d7a2fe0bda6305f07201fd0e7e5d84a14d18862dcc1813b63c0bc3c5840dc9
0b051f60aab87a62bcb15c1de8d0e993fe7e3cc3c0a36261bd777e6c02a3c59a043dfcd8057ee3473a10d166df1f6b11d8e24735120af7c3cab7b0d9
4bbc6e2eacf412a1f116566c0977b6856d5ac2b4e940a7c50fd64c0b03b4c423f70b053d3ebc8e2fecd112311416315fcf8f6a8419e8aa2796de0f7a
76614b76c026302a1aea42f0f187b0930b6bb2c421e14051ede01f233ad1fbe94587c2853e11dbf9403d20fe311c59124fcf8bd0ab0907e945f0d3b7
9a213086c98ee940a7731fe471110cf5805414c7b74416e003ed80e840f8b1bf9f0a0cf7f484fbd181e21f0bffc872792c8bfea1a6cfa7d1c605616f
862502dc8bdfa83456c884cde3811847cf0273fc580531aade05aef87108dafc68f030d32589a9f4fc569374ee5693104762107656e912df37882c46
6fcc9ce427a2f7a7cf7f8387092f494183c69526221b6fba240471f44c97b83e8e9e6f353d098c41490858963f97c8d1560caad262677224131db9c3
bc786133f5fed804757e4c02a3078d463ab3d3546ba8a14b22d1992b756e4046f56640c60eab0c6ae99078e8ffa87386aab9243a13320e6833670812
f67f073c2bba3b1a9ecde7c72670c68f97a09065727b2ee250a65b7215decce9965cc54939dd1287781d4db7b4c78a39bea52e168254a54ec3c829e1
4378a0c98f5de08a1f6f419b1f87c0277ea403f1409a6e8d231e48df4fa506c3fbf880aa2818f2d6b016f2599bc1c366bc562daca75ea80b8a7f2c74
20fc4bde7fec4d600c5a7216c172de83a08427dc60d3fd07857e6fa24178be1eb0093cff7a4b5e2296cef9b10b1cf1a33f9dfca87a63c2eebf4fbf01
f9b75f7c2af97998b03f28baa7252522edbc9f4adf7f994d09c597d96c1f41518d68f785b0ed1214ffa75a7ed04e22f16385ebc53f46572505bf586e
3e38f1be202d4a287e886197e68b14b389c83107eafca88a420cb96038d0e4475714c4d2ecb155f860097bc0602e29c2080c946e095bdc68269ec30e
14e31aff34d7783f0d99bd91d2c1b602e38d852d55c2e7f7407c7903d13c6bdff830e7dce72e0cad1276962f14d38a25e02b6903a808ea01d144422d
604abd887c98884b78a08b1f87c03b7ef4a73b207e631b51d59b30634f18c7bd505091e788178a4a79ec39105f5e82a24e247d84217992c61ae1949b
1201690fd8e2c726a8f3a36a0dd5cfb5d122c061c2b26511d230d5fc1114eda3044624904dd8651c28dacfd4c99e81d78203c5250489050f58e34735
112297f02b3be061e4aa8e97c55511e23122d27baaea7844de495cba2e6215262ed45f28dad0a5cf0b32c75717149fa25946a45d7abfd47f7236973a
1d9ccda53f4764533af751d09ce371d5b058b331295b44de4b3a2dbf606ccd92b666a3416596b7c1511a5b91450cbd730905f11ae3ea829874247070
9a2536d681e2cbc1f474185092d3f93f490eeb6995e40ca6559233189424673028768d23c27fa426516121e4356e6178949a4425ae6513315e172635
09a7bf45a2f3d424371ce89a04259c1353933044ac85d4c4f09b1b38e9ca1137aaa96986e3a52735716ad8a3a4264e8d6c2fa989531f06c1def285f8
bf2a88ffa36b0f9366618868bb89d06e0ba393f4271b61e29a08dab00627bc26d6e484d750dce3cbfce2dff682a1b79a66fb4be738628dafeeddc46f
5f4825283209262c690e14428d9df00147fc483d3fe8cf396a70a8c3287b116d2dfdd123ac4b12c6090b6b8f740c2cfea5a931054984a73f50f49c9c
4f078cb96aaa95cb372e4c0ef8c48f371053c03848179e30415a44717bff914597c06d893824078a612128335cb6120e788b506de9bf3f8d1b29ac2a
5f089a2337133dce63d181823a5c872fcc33de1f550dda89ccc3078c26873e65b2867f8b71704e227a5ac20c6961e59188edf042512966488b986809
b79b03f125c32f28ae2ee244f083bf9eea8ab8a354c812fed753ee888996bcc8049e081bb488a69608b2b3889196b0293f5050637c0cfee2473a87ce
4fe36330c58fea6bcc230fa32fc418937a835c13036b91523c61c4bb301f393faad6386d747dcaad71d76fac0078bf2dac3b120e218b4ce189a7ca45
bcb38465f0c2822311b0f5403128a47cfaa656931aef8a0903f1453af084c9c822e577d2f68c4069e7e2d6600caaa8452ee23e2247c4884dbc6bbe10
93cc966b7230d51e8bc069ef3faa9170374a58701f889be3221022dffa4f1889d32649b9df4fc51d91922261f3b4887a767e4c0263cc2c8893b328ef
90078a9b3a9e9c5f703068512b221a24ded10ec4a025110dfee0a438c3923ae52421688844533d304fd33f8612c8499cc589b34bec232d5cea127b4e
8a5dbd1bf080e43c92afbdd5a88db8c34d5d62af7b5ade150e180391d80fdf98d3010ea096090ea01682f0b079577d0d2b0214246d43679822a721d9
9a4c6d163347848234c43edcc70ef10b47ce9c35991c2b2d3eacc339ff3b11e022a0d69f6c4d6ebc7375b52b7e540fb869e531f5804ffc4887b8041e
92ae153332245d5cd10e894c18c22612792cc24325d2111c28ea9438c5d3ea790be8027ff123cd73b7fbfe3804a6f8b10a8af6d9cf4dce98c3d54cda
d7ffc5260d63918501ca796f3018e3bfd4711e3f8a9879337797bae3b70986f53095450cfb3095b77fecfcd805461724a50f24d0c43e2281b8304c54
d29094723cd65964c66b6fd2e1633e48932efb5ef0ac0c43e38ae7de3424c1dc371324fd40fc466f38b70ef143e4864b430cc0b91567d803f17fb4f7
85cdd909bf500c5f84e39e9ab8ba8b4cc96968d3c01e66888a9c6189aa72a0188376101c0b8708cc9e0547fc77aba91686a01007acb60e181c8fde5b
1f3dc7a06bd7077ae3fd70c0a8b6eb3f613982da1c30088ea2591fe49c84318bc4caafd0ab151e3e88e57dc0113f26414f40eac1a15c26dce5817a40
7420dcdcdf6a200f863919d391173abdf36ab3e2d6dacbcb8a03e60b0d41a1b2756c5a716d9df13a7821bd2521116445ce04455c64453e3fd2f3389b
666cc517e98ddf1fe1475eaff347f5c466247ff48f11ef3e7f44f402d1b571e5c13ae31578a0e83adb61c22d65ac8d5f08896c496d40ac5bb5aef854
f3c10b72d67980204719c3cf4590a3f36316187445ca78517ea12e28c68194ad0b022056640bced854ac75337ec46ac50ee385a0e34d9d880ed191f2
c947f12f754d52de4cf8dab52a44453e567810a74cecb245965cafefabf27ca8edc70b068d59df5744933fef795960f4953b535e8033116c5f6845cf
2511158a4b041a53c55acb2b6f26e2db221dec0bd142a316cea224807da14b10b5d05e878a6c27568443f5fee185781664f158914b2a634ebb8866f4
ee2692a02ba02c28184efa9884b03949e4e22c9c31543bd00e6808e259525d8db8ed3989fd78852d96f9b0ebf41e65b1452896f9386267dd4dac3862
670c52165959df4f933f9df1a3203d54b2715ee1b19b932470063fe0477da07800d34e714d1a61ddc3682a27cdf89a510d6b194fb1196bdc77ede6c5
2b89ca11eb3163e3f742b1dd2b498aeda1039287074a4a1e222c7ad61b1b094973923c840f664e9287882193b135792126522cffe3ff582e78aacc49
faf0c73c4a1cb87e2ca5188c7ec7eab1092d9289d1b309eea17de0e635306396b209d991314bd984e5c818a2ec9ee94cbf04c5ff75ea8c3012e735b4
082cf16317c47368d27fce187057ad71e02cdcb4bfe012a85fcf4aa7ede4ee71a8cbf8d96cd22ebe10e388435d268ff326ede25bcd2530b88178d607
8a7f4cfac7d85e173cf00fd8e2c721486fb7aae75c1d66dc77debd5cb06356cfe36ca6edec266762e6366cf34e980934b1091f9171cf7fa1b8b79217
fc0179c8fde8dbd3bb8c5df78178c8fde8db98574c3d76470563eab1892791e4dabf79367c9b3414ff78eb1f6331576af24dcac34c869203c5b0ea3f
6f4436a12132461bbb5726ab6641f13c4cfee3178420a279a8eb176a826e3ef58f4181da05419eee7a823f9a9a4408f07738608a1ff569b05d6efe2d
28e03618b284206262e72c2168ccab84a031affd23286ae934df1886ba16963e394b40c2d2276359bf494398316a7e21b45cbb0c1ee12130fbee2c09
d8941c28aa1997a02046136d22c05dc6706413dae1fc38040631863e0d06201add26dfdffba9fa131e02b948b0b8492d4dc21c11ad73f9f8537a2061
8e34e119e39117c204a57924719d58b877dabc71668c4976671d2293d10b0d7ebb05f11bfd8937ce8ca1c926c043265eeb0bc53c1649e4a00549c040
b3f4db607455423851fb5d1211c1f33281115f6850eb1014bd291f4141ab920461ca204d1b56c4198b95dd59924ad16fa89dae890dc7d55c24e713b5
d335cf110f2217c927cb57919c2f668013de01635837f5700fad68189b3c76199b95cda3662ea2c742b570c23be0048404b12c66dcd0363121324133
378f9ab94896c3e7201749649cbd72d13af4303da2ce1307f7eb73f9c71c3f524d5c21e722c9fac21d92ac38b4e52229ffd1352d4bac91459c1ccb60
9217ec01a309f1e30f4ed60484ad4fc678e43d6dd320a2c4335c2602dd0b852813506c937e2c1373e3856284d8716f5eda3216d1ef913deac4e6e485
265017442dd41986b89908389bd7b38c91c9261dd80b5d82e2ff10141ebaf28956f32f5d4dceaf4cb48c3dc2fa3593376593592b5f4811af4e99fcd7
070a2b022c3c0e38e3c722e817107d0ba7b54ca2ee3d580249b1bd49c29549337da0f81291222756c6fae585a068519dc19617362d075cf1a39ab04d
4b12f8c48fb478cb5005c918776c5fe52674c01f201de28c8201ca26f955c600e58516e6302c2b0495c898956cf25d65cc4a36f9ae32762407fac63f
c27e4495c8178232b043bd8888b4c98695ffda880d03011a0e44d7c72d30c8d5d481500e989c6c1ee53236269b245749b1520ff803a4da06816ecd10
4bdb850622ebd5f97108fcc68fb7202ad2fcb10c5e92168e4997a4856bcf8b1b87039ea5ee9680600d7b71e3b0c98395f1b13e108da0bc06672a8c49
0e7405a426e369eaba35b7611e9bb5c11c9c944c83f032498a1bb14fdc9ff87108a249f17aa749f165b8ca1d3b245514fafb1627f68539d3f0b7237e
ec826853a48df8171983914d540b5dd06c5e2ab3a935e2c8ab948c2f18536d8284ad6b26ddf5817e01e91f65fa540ca6f8f112c43fd2738e58b7783d
82401c0baa2c30baca068f6c59e7c722f0891ff5694c3bb96636e11cb2b6d823d2211cdb2b7d1a9747d88e1ca8f3a36a0d0ec694e4859867fdb6304c
ab12a8f0a8797f1c822e7e4c028399ba3e8509baea09862538d80b4148ff1f93ae598ed4aff916df6f66478cbe613331fa46489b662722fae72a46e7
c2f66ab7c1113ffe33c4d2fb692826d2b61ea807c4d461d57b35699430ebcd185d1ce8e247357944249b9336bcdc44d7b8facd55cb4f98f9e6aa2586
332f6617079a013541a141b453244fd80187c0c3923c1fbfd090bd9bc11d3fead3e0ec2a7df2304ab65823ec9732f6129bdc6099c86a070a8125ecf0
1edfb805bbba145cbc4367bcb836d10f92d261bf60f0002612070a0dd2d5832fa67a5d5df88e18b5f8fe8b4aeb127d0ef755621037c3190fb0030545
ba14d33796cb2aa9082be55c357b183f5dbd5e02a3ef9abd9ffa2ee9e2cec01213f64d99b0be077a02d297b08fb4dd0fc26aad885c66ba96dcf3c33c
b3ff224042d6a1eb85b024644742bc84ac43175110ce8f43607021e79ef991d5214c303fccf35023746ea891d8d72aacdb018356481e711092bc6c37
a9cf32261c9bb00819138e03c5b010525ed0336e149bf00619138e175a404d500f48ffc7b667f81f63db4396b44d16b174738b7dc0336412b61e08ab
474476b27d6ba24e183fe5267284e7d4fb29fba717fcc58f502763e0c5ddf40153fca8466226c9c0b0790acf98781c88df9aa01d10c30affa8a40461
073c828f4dc7813a3f1a1cf1232d86f754c6c4e385429db4428bdc8b344dce85dd5e123dc28129e31fb20965707e2c02635497ea094ed6b178b22d24
94e60b3159c82bb105b2f4e9e4ae8398122f24ab4f0ee2339c883256249b87e98cd9c80b85ec624679202a5513c1479894ec592163fdb7ca9e5c7560
6072a0b09ec539e8802b7e6c82363f2681c11d6c1f27f710d2ee33c254be9f6ae622d857c6de64137ce0fc5805c69091f38901f59dffc0b00dd48dc6
e4d6823cd65b6fd677966cc7ee2d3751b261259cffbe8dfe49d2232065d68dc20b050f64497a839612666e389aa4371c9dd24d7ec0178c99c51e6493
b02b630ff242b137e812df7020ca5de23bf47f5d50b4af03e4e4069a70282f148b3a414ef6e45619c38d4d6ea88ce1c69ee10994bbc475f1a5e473c1
e65737f88b1f6942e6cd97da0ffbe6dc25ca326fbe44e4083c90bba497c33eb61a073a84d3b234c3ae2c6b559aec46bae473430d767c241bca186e6c
de8b7397ecc6fa7e0c8293c0e89bd46e5892656c655f884ad99cceb050ce5d921c7665b94b74c3c82b778967d871656227edc9a536e1fb36beff59b7
322fd4022a82b0072e0663bed9b7f23e99b1e13810d57420e8c4caca9363523caf8dcb6d2650fa81c2965b1b91c5019e904c079afc6850df5211077a
cc34361eb999340a2f8466151f2d6ed2c9a07aa0e82c72b4b09cbd35e32b328a67ec3b0e84ed725623706e174467bb9a0c25dc354a6e06b0efd8a4da
c9ba6c2249ceb15ca6035c1b60d0b1c9539331e878f790b187ba0979b2492af3fe780bc220f90f1cf1233de7427e208f2bacac3269d536beb799d82c
1b8fda8c95c80bc5a0b012d9f29a55509003a6f8310be21ff51b0d8ae278dfdc3ca06f022be4b32bf997c296abecfb9faef6b0b9b62c7a03c5f66413
9221634fb2f5223a5885d715873ef2aabedbedc16fd419a6537968c66fd5d9041d45a21868073c8a04efbc2da75705a03a6090030db0b87fc7d6e4dd
d277207a13ce37198b91ad374f2c465e08fbe48fb8a3860ceace70c9ca97f7ca4d50888c91c8d6fb28516e361eb29928309bd42f9980182fc4e4a02c
48e19275b9b81a74d3809beaec82ce342a90fa01631ad11d72985584a103c64ca14a782fcd189a1c285a94eee04ac04cc51a43ced403c508a5573a73
c3b2bfb81fc094e485e2c055b3d838eeb733d6235baeb6358bab236d4cc69864af01fda565e2cdf3fd54dd1971c231e3e2c35ab37a170917b3797330
e3d2399ce43104d90bfb2aa5badd6480c96456391096edec10d644725981d6841ed2402c81432a074fa18a1feb966fec7b1afb080c7ef48f504bca13
1f1a4590de2b4ca1ca470a2116aff21125f19a5170b8ad30131f09fdc606bca87be4652168e626134b21b6e0262245f9483fc4d9b97ca41f36627649
5b857d53f94892c3d6a868afbd1e2a95b4e289532fb15978e21442a21e084b7b715d78e2948f84972c741f49e4438bacc9b8c8eaf5fa403128492b31
823f92d66f44e2fdb0409300a510ae66f3b25c3e12dd1f2496ac126447b7ed8b203b1fc9e30f4ed6c5ca8ad87cc54a06f3e97a8b217f11db986cb907
8abec5d2fe9059e48592a0683108f528b707162a078af6431e5f28c2f293fae6212f46f9fcdba0efe165bb60a0f2ee5c607992173d64c628d8a43c72
bcad44117df0bc7d7fd4a71107fd53f55bc458c17ce5e185bc60bef2f0265e70ed782108de3e82e2ff1ac397d74bed43608cbfd14486fead098a6184
1cbf1092c271ea80318cae5af1e56845ffb962189d311628dee978418c9ac85ae8f930149f8e2a28a4a1a97771e75f3020797a643e7b21481527af42
349303f1651314ae35385e1d70c68f0c0bbf93ca16f10583e444373950d49a9aa0e84ed70cc4ed7cc162e491236bed9a90881851b0183950f4276741
3b207a1e47b842b493a7c7557d2118d081f83fea0c2ba042a6c007e7d482d9c90b212b43b313c1e3642ff29075e0fcd804def1a35a841c452d86b969
65f13c60744eb5928839a99ab8432f845b792126a00c41f19b28de83e549a6f7c8395511850f38e2471a24f47f92acc4e576499a9b4e135713f48d6a
246511a2b924893c46c68ab87dc0980d69800155a50162d57b215a24507f920698ccc6dd04f17f0c388208172c6b1ede584b925487874e4912e3499d
1263d295253151d8099724ae9990bb0e413124893189cd92c438d6b417a85d608e1fb3a0193f4a6e220070c1d0e685e0e95605c59824f18b5148e217
f4ee45507cd9a93312cc1ed79e2e30f8ad3741173f0e8141a9ee4fc379238ba937133eb2a068721441e1cd93c5e3717b5d489cf710c93f29dde70b46
6e636c720eb403fae74dc8fb69f01841df0e14a4cb620016c09c0c5d01dd82a203241679c1a05d965413b8364baaf1206a458cfc8d8874d9ff88734d
b90c3ef123d48aabda171a82ce1c981e117aa2702ff3e06c5a4c8eb86f2d59a24a9cfc2c518d07e7b7c1f11158e2479af8410e89e38fe6258e382935
f2d71ef0173f468b0383dfc6fbf001a34906c5cb75217ef30b455645e27c3d2341632497a0fa8588832f045111d5c12a8781d083ab67d14c8d04d958
55060e430dcbaf03464f6f7a9aa0dbade619059a8267ed82b5d08142ca88fe76c01c3f664131a924a838604c2a723d322e5bbccb1d307a57554f7039
96452f14db314c899e1157a12f44e70a938a0a1885ff43058c026d90f9115e400543a2178ac521a30046411a500078731636d90f0fe9857bb703c520
9afa82bb54d508c3eba76073f48c8b89ea1f41510ddb011ed90b36472f14b70eadde065bfc486f6e088e7218b72a1d826216f16d3c600c1155210f51
45c63c60f01b9a63dcd0867dc420d6202648070a4d31d422a2c96df7010f018a5b94df5b36f8c48f6a31284724bb03ed8068110fa177e342ad71db5a
8a44236cbe4a116fc689b46047f442fab209c27deee31f73fcd80545cfbb6a8d2bd352d455dc7c5a77232171181dbd50700756460fceaca588c7f1eb
695d73de629b8795d1813a3faad6d8e66174f41e4e62ee8a7e8b55fe05e0c0c8da731cffb2c06852d4892813e51812fd4b598f38f81642d81d284675
a9456640ea889c3e52aa8350b045fa07bfa28621d343968652a472f02b6ab8193d4ad350d4f1115c56a481c204ac14a91536125823bd509cc008dffb
c881b70dcd72981797220d141661a548ad44ca9f422aa403c552ca9bd2436e84420ae1178259a447c87150a44726332e3d32592cc76df04852915a91
3ff1a806638cd23284aa2dd2326c5e8ab44cb83c95222d33e1066919dc98de3da2aa09c552a47416cc214d4222d6224db220b1fe8fdd4a912659a13a
b0b13ad021aa729a3ee42428985cbd104c252db3e09baee61913bb151ed34b91065ab1392ed2401b2e92cae176a048c76c3a2a26e28c5fa46338e317
e9185c9a5e2936184962a563f0aeee1fcdd40e9ebea463b800b8a46388bf7b491bc4a3772122d0815a405d10a461891fe1de5430e47aa1a0a917ea07
5fbdcfd08fb139e8c98d902d26f9c78b1fd56628b24baa936b854b0a286cecca258d133676058bac07a7ed8245d6232fed578d7581297e6c82a21aa9
9870857aa12428c8aa03c1886cade592c6c1a1bb2789fc37c481f88f3fde0295b5fe4011a63616bd03456ecc10f19fa2a193a1fc87a76b2351c98122
86744cd5812275d61f44b859b7d0ff17e8108a47dc1f31d59578ed402b225f5f82f6f9edd6ff29d3935a8fc8a218fc1d2822517fd4eb08f70c810f14
e166132dc482abe0b33fc554273ee28122d86de5ff889b8e15d28122355ffae7fdc7f974c590fc8ffbffd5ed88027c714e3cd0e928bbff039d8e7271
fac393f7e24c732082e21b3a31813dc0783dbd39de1de88a30f8fef2445cbe53177462177f9a5a2756f2c7508f443e6efd4440c6fce6871ff15dfe7a
1619a0bb4818815b51df3fbc886f42761e2892ef7edcb35f847f1525940144752ed2ddab2fc4276efe32a27e8b41c9b2dec52211625239fd0e1419fe
2efa426a29525e1e2842c1df435030cc75098ad4b1571354ff523d1d28123f554331631a4325bc7c4d822200ba281197fbca23fd237cfe85b5e0810e
5dfeda8bb9355d2aac2cea5632c6b87512afd52ae88e2f6f41d1c2505f22e0ba798940fbedafcea0d2d06f116cfe922055a2387fd4c2220eb6bf0cde
edea67501e7bbe1fcedb7f5cdec85da75e375214f72ea8fea59d3a50445f6f4d508f16fc5b08a7b8953c8fe6c84648e05e05455ffe5a0839f29711c0
de92131b43e553fa11e6ff2296cd81be01a94ee24b4b72e209fe1e52148d59e9ea75cc0a89120e14491bb27f8b6c395963208fbb34432412b8c822ff
c3a3fcaa6e6185c449a6e385a562f7f9e3a5fe6ec5bf455cf166088d62e80463be448978d3aff50f3abc9b45dd1e6adf7a299cdcae2cfe8c9ded95c5
755d59183f826a449ecf82225bbae6a1937efae33a8fdac788f1874541a997fb42823f28d8e77f678e3d10ea3bda5b9b480cd1dc7a8804f1bfde725c
ff9b425e9cf8a1dee2bc1fdbd40360952ae02c61f9ffffd2e4ff9effd7fffcfe8fffca2f19ffab9da6ffc77fed70393d7fde5a2340c28e60fcef9f58
a0ceb4ecc80b78fe1c7e3ec4d991eafcfc8994256ff33b2ce6cf9f143a3930054c24a67847fcc4ebfaf9733afd39fb8eb75c03b540b5835a424530ae
a3559eb863387f08257648f99e5ccf0b0e85b3ad8969cabc015088d84197b0dbd8086a5dc11ea1a01096d1b7b0b7b104de031b748a42789ca8b5a360
28bcfcd0316fcc2478a6f03246cffa3ab20a523851dbb933c95ce253b8ce24b4c0de1e5edc6263947480656ce41e29603d10d2f1863ecff85c510845
04360eb314b88314b6181b2716ea0d3d48e1a5492721f07bd83785faa150c7f0ec40cde8b37d1d59d8656c6ce9c0c6452d8570ccba84adc6b6537136
fa6bf4efa03551c3e31b306f4f42bb9273f8ed842a3cd0347a0595a9246c9329a4400fa1b3d11110a60b5b8d8d98219023ae9229d06b2630ce4c14f6
418bfe61d343e1170df2754420a410dd837adc995138f31ddbbecc85581462e4783f1de832fa544d3fb813a3f08e8900290728c6be9d1e3892677c3f
a2702492003a994868144ec51cb63261ce28047a083d8c8e1c2a1fba116983289ca5f6a61bb10da640fe7961abb1910aba083b8c8d0428b7b08fb191
4b51ad2dd7bba25eb5b66e63cf46b2a9b5e57a63d16a6a6db95ef22bd1daed21dfa1e898bc1728c6460db456c5e3dc1865cd5d3375e27688cbe08cdd
3d8570a9cbc20e638f291ed2fe9ebf449d304dee551dfe7638e83d2c1da6e096a5f07c4a2102ef2561bbb083d8e860c7656c049bebc25663c761ab10
f7037d8d3e91adb99d3a69d0136898f0a6bdec5ee4d3b9116af905a6be0dbe226849e9c5df86172de60da56b464f21f2c2d3b7dbdfc621829b8d03dc
c2c602f5a1c3d5dfb2098e5d4cc117320a91065135683e0ada821873a54f487c0ad15f11f3eb2abe647c6cc2766347ec18859dc6ee480225ec63ec2f
f25c831dae37d25c15636f6323c9845a1b43d810a4216cacdc5188fc3045d8666c3f3dbb85fdabe1f4ec36d63d3b3aa76a3abfcb3d8b6c2b49ad2d8f
2df66d8511ff4c9dd81b9c2d13fb137623ff5f1b94ef7b6242c3dd586edd3c29df58a35038b90b397dbd93cca27f0ab1fe8522aaf84b53889c30c1a1
15b7650aa19fe200f2ae860b349e721709f1ea68a8f153385b6fdc30dfe310225f71ae6998965572465208ce8ba3c07b5c42644f21ee79e25aa3722a
a690a38323d03f04ee14fad93bc564bee70ef454e3cdb7632df11e2ba8fb14229b7a5c9234b2b25288e45131f76d66e6e81422d74f70f6bbe7ef0df4
cd1126ded3deed3e3cd1889654d11e6d5d30f1299cab028c373bafef146217181aafcfd8ed50089ac406a793e18ec2d99173d5781231074d4ee15c97
2b210fce6b1422612fd970f0f3a1d02329d627d0714548614436daa86476d6de5388239642c94b454ec5b9f92885c5873dc0291c9de5b0f091f49142
0df42d74339a70af43e86574a80c858f672b1c8588d7abf0fe1fa4f814629faa941552b5a7809ed4d7b0cf294407951f411bd8535881ee426fa3a9db
e89fd0e13a4b288eb9b4df3d8516c964441384e414627bad6c181fb86a92056b14e551f8c0831323d7519417454bc429cc4037a135ca882c388ad228
a4711b1d3d51ce84645245e6ee51946924a2f6446146934a949296e84d7c41cf7cf22863233558292656af1422d78b9213a4d58cee51c92df432fa17
5fd3c16caee2193229ff80365ea71071189522219b7d22d0d0b8b2d1c3e8383816d7fd181d4d6a387988b0acb2973a984dc108923f2ef7646ca38321
94bc205c44a21086fae92fcd4e36ba452e9e2a74373a02108a07f374072317d1258ecd6636023426e5b8c8cbfd0e66bb5c89998de8badc101e68191d
fd560a86bcbe46074d842e96e208ed38aebfec3fb7d1d1e45fe29f617490ca797d4cef78c31d9713fc8c6e7434d9d4e4d4cc13be31491a8a2958425c
39af4c12c0510866ebaea4191dcc566fa1dd13082bb62f262cd17db1413990eb56d04fd56d468e07e3c1a5db24de1385206c5393266c81b04a297259
8a2f08ab6c22971939d686712b9148dc855388ba9515e51aa2493c2b8f5b027859b8c3c47adc4a5e7559b8e30c316ee5dbb9ac07c3747adc4a4415c7
040a5189527e5cd683177ab0bb128df20a55702bb7cec52a750ab12576e22516dd53887e4badeb2831c9a4376ee531b9ac0763ef3a6e89d46d0d11e7
877142b8ff736b743ebefc5ff4e8127a1a1d6d48586eab84b84f18b7d25ddd5609377457aa9bdb748f1b85c1c96b624c4e2186a57437b72949eccdfc
f1d75fa3a3279aeadb421eb7e3e356baa9b81da74058ce2a74337ac6d71aa565ff0e16cd5aadaa7991bc12592ab85ad786d3fcb887bfee468ff8ba0a
3d8d8e512aad4eb5ec5708ab1c3ad5840d77ab519529a95aa986a355cad968d1242ec447d58a522dfb95a38e32dd542bbeb8961e555b8c667e219a68
56b69b660dd7828daa746db3868b3bea512f57328c8ebab53b68de9060b490b3d197d1314a69cf66418c5be651a50f9b05b1314a2deccda30c738451
1b34691e257933b2d6b6e6bd44ecbc47d546aa5986e28a7854e9ac6e9a7468e2c453a64967f0da5f75cf7c67e6b5e475ef3c7a0849d3b6ab5b48e20e
7734e536eade4b74a2848ab0dd7b89b0d91f4dc3e956c1e1dc3f9ad6cd6efec6ad3f6b1abaf93b0c22479302191ea502ae4ab887a778109bcfc9acac
82478f645cca3c34ac82874234329c61461e0cde750f571233df94876c98bfc7500844a1b5fe0c72ad69b51a5ef2e2be6f34e7de9ad5e81668f5db7b
09e2b7652d62c37a3c9c1806a921275e0b148254cecf653513d77fa3fd25ea72dd309b56c2617a0ff48996bce1256f300d4a9b373d0d712b389a56f0
698d1cf61d29ffe5ffaa4647bf95de6b5a9fc405e16862e4e9c577125658752f6bb6884430ba186279e6c33a7474ad28cb53bc08b3a7934c5c354601
e1d692b7bcf88661c6e8ca9ab6bcab09938c94d541dd504e3282be5fab6eab82487632ba36526b0ea38ffeee9acbe5b561859074ad24cb4212118346
17059797d315a4eaa68955c122a79ad686edd9d97130ebda1a6d4b0359548a14f5b61e8c180ba30f57f2353aead6ae665b48c2fa630c57e21530ec3e
deba558947b983358732fa6d8f32a2ee8fa12dc6f6ccef452590eaf1cc4736e684f9d92440208543aa2115f658b3110bb768c7f4784d8b48096328bd
dee3e13c31974333ff58b8491453b4bf7abc788539c91892e2c7bb82873b7c2d758f853b9c51c6d022f058adc7ade51862cdaf47f90dfe1e4a11f935
7f7f19e5f88fb6465fcfe997d16af2be5edbbea40c53bac5afd99f64329f8fd23e7e47357e817735623b82f17e3eda657cad5abe24a8d389eeeb017f
17d5281ddc77fd55f3038f2afa99123fd28a7d9c30cefc4b3a82a275e56735420e9ba285ef675127d6efe7a335e1e7b5eca74129b7e9cf83fa91abe8
23edfab32efe114b530ae6675dfc23adcf47a9477f5e137f2453139ffdbc2686f7cffbb90e373f4bc24fa4946efc59e07fa28d12e1e886e614a8dee8
6c34d52bf594ae684e81c12a61db079a9d42549f9470ea83382cde140f5edf0fd703d114a7d4cf894bcf89e576355fa1a1655256a80fbaf02d30aaa4
c473c9a34a745f21417b42c44f81308efebc1a4df56a3631e527cf1e37fcce03c89bde2910fcb0083d8ddef1b9b25325f73ec1af49a9cad2dac693c6
4fb5afbfcf1994d2d7e935f3140acfbc1fe16fe3c9d44702869efb363eaa6f420f4d6de6822c2b535766713a05e20b36a11fa3954170082fda2898a8
323de5598ca6f66cbc6b87eb95de29f386790a117152b99bf2722d7136c4b27075bd962d9cac4ee5eacb1ac64381a24697fb0e25b3b2f215b3471125
094b8c4316059aed4237a323ae88e85efa349ada95864aaf74a740c8bc2274369a46256ac5a250341fe2d53286f154af0495658a0d4889fcc9ca3f59
a688533458a54abb3cd80be6ce4a73a53bfcc51d7ee286ee40cbe80818a5246f9705fcd260873ef7a8ae1815577407ba8c8e468b887099c92e82f428
d7db35dc6888fda55c939705e722b555715e473319d1582ff1d8650a5cf05e71a6476b898bf47745e9e7f4c079123a16f0aa7eb9f384265372cb6b35
a3a3efd95f4fa38332459fdfa67b3c68a64b3c795bb3def01ef1260f781b4fe79d41b20fe3a95ebc7a9bcb48fa7129efdaedf9b8e1b2a29c91b727e4
2658d25f2dd5685a55dec8dbcc77a39fbd2edcd60684e0fb38a3ea6da6bc914c2bee7b75e383661291db34bb11582b9bdb027b8b96cab0a8eb8653a0
7a6550ace661ee1b2ee57ead5d7c5395e3532c5f4d9caab49449e8db686a278476af26421511b4d85513a1c2675608d57c46acbecf919d7feead566f
661462fa7d9c3bb459e488d8f7714ecfe63595ccd51fa7f36c1e0641623e97921136afa90de192be68d3cd6a147ff86e3c49378bd0d3686a77be4d0b
1121ff3e97f208b6e55ec631fc7369f9695edd9a88a4a9eca642472e2ead10dd3a39cccb92abef5eb23b1ce1bc99dde242649a0f37b0075cc6875a6b
6e55bdefa2a5569a6e712163cba59487dd2b7c87fd6f258fed667fa2e67e6e292a5d519c4210edd6fea49bcf3b44b835e5c3441870e22d311de6c4c1
d4de4a2b3ccc8943fd91ce1feecf606e6f654e1d9e5bee014ce3e1b91deabef23d0e2bc28122d4ea3cbc0c0f8dea2f83a97ba35149eca64785c9cf47
1912fbf4d472babffe3eaf46773e6fc24fe365c0a6efad09279ad0b55bd827535b9dd8d46232a1b192201229984284511cfe7c194dab5a10a7c56712
b556ebe19cae7d12ac2b0bdd8c1ed4a2462d3d13e951be42dc5f29d079e51a9e66a829233e2d42cb245e8883d2b7f56505b98840f5f1e7d36812c24a
712e8bc31289a55a9637bc4b34d35e6499665c68dcc968c9f80adabc271f666acdcbf8208e88b0ac37178930abb2fe2e6f0e17517f449bb53c56124a
2ba7615fde34c69d47b2ac2d2fdb71d591887b7aa06d74ec6bab92026f53329209246566c1af970213228db0bd6c6f115e2bd9b61edaa2a4b2036f33
2b4981eecbe86274f45debe4f6f2bc91fbaa53dbb6dc6fb18156acc79d7fe0f9a60df26375f610e8482bc963b5f20c659dfd08bf8c8fe03a7fe8afd1
311f7fc96edd28397a9b98e3f16c738ba104330499a640ce5c31c7e36925d2f4fd87ce4653bbd6a3c792f0b0e3683a6c3d3e0b105ef2d3c41d5f93e6
cbbc4a537ebdb3887b91748bf5bed6415f04a435e31fe3a95d396cbf5e93bf22bc34ebd7cae63bf4bd7a639a7d89d926e6fbce6c34839256f95a42be
2cbe5d299bbf561fbaf150ce3c5b069d42744799e5facf1af7c76835aa9f474bd2c68f32c8f59f99f827cb0be538ff7931fd914858bbb49f89a01b12
657be93f73df0fe6d68aff333bfda04dd756f5e7c5eb073f29815cff59b5ea42e5c42bfb0fb6573fd3eec76ad5c5b63faf56ba11e9e4ed18be1119ba
cae84ae8e9ab8c21c312e56d1bb22c3905ea5736d28f64747c18de505e52d9969c02062a4ae6fbd1da3c3e2484763512978179f44709d9c647fc3f74
f5319406d4571f4336dd430941d3303e144f555ed4a455729074f23394e953b621a7402f959c3679b449a3ba55cf74f593ea6fa1abd1411c65f9c22b
3d0aea3d72377cc781f1ec8b478e86ac351666b42f5e8963b37868c4bdc331eb115ebc32b88678f15d78d713fd39d719c2ab3f64b44c44f53ce034fe
1778e54c2dee27370849a9a4868c1f4e817649d6358afbcf5d415206a951cc54e4b54c4a09358a14ff5ba09f4a955ab4971f64beacea663119b82b48
04ca39e98a5d7d1ca093723c8da203f4e00ea12aa3ac2c234e8156952db89807c3462255b154916a1ee4ba3a9a5f780f5644e36e68f8266270579074
07397c59302eb2342b13ed651a708720bbaa030ee3c330467787c3970804a84f58751e48537bc122492c724db74a2a62cde0651a5cc4f9bafcb52b8f
bd4852422402de5308bed7bc5e260d570bb2685ab6933e05c624ca5f26199708325e5ab68a5e5845279c8096cda24f21fa8e4a7ba16a349411096ee9
ebb710f3a714bdb78ec90410783f17b3de664aee10647a74c0dbf8055ed59b296f9852327eeb8670dca884aa4e6a8d1bb786aa14c1d543adf070524e
e96acd5255cd2d74363a3a9925e1d592cfe15c7602079cc647241f2e5b47356b57e6354ba2aae7b532af5a1caaf698a392d05c69c1ab4e440ada9f74
3139ea5ac607659a86a433b082faeb81fee4d616e11b5a85a02507bc8d5fe087f0dbf8a85e72d6746dad3009c47a5e4449a0006594c6b9599e38d927
5d340e9fec47532fd9a40c9fd447876db2537a7b85e96ab60b9d8d8e411565d6eee6a64e778ad2cf777727621a243dcf1db01a1fdd2c9aa9ee6e72f6
d62bd1015d3fddd7c5d9f0197b0c54b4aeb6c6b08a1e3054115f0e331467e9a4bb27bb109c577cea17bffab43b2652a28b55a2ea5388c9e272990804
14a21addcc116d804201af6adc9d29b34029a869053589cdf1315ad499b20bd468a7151407c9a4cba2e183e458ccd64995f1ef4dd6fbb57ac551ed44
3b07af73ec584c8e4e886379724864f3e2fdfd30fe079e51fb54363895b58fd1d9e8e0955b89d2b715e166ce6ec9e3f61e8bd4aa4dacb5ad1b48aa9a
6e2d9fdbc423fc60baa57bf694806d329727a13dd8ad4171eb42b0020ab46af4369ab16af9f4216ef03cededf578ac05c8d8ea7d34410c28d07bd1fe
d1596570184c64c658c387414538200ef981aad17467a81a3322c7bba47b14821c5068e055bde5e28115aa88ecf3dde07c4750f3659f9b5388de57ed
c81e53e709d54924f3037d8da6762da05fabce2f44ab9af1af89c6412e55d5f3b5eafc92ec5c9af66bd5f925308b16d0af8ee74a35f0b759f89a66e4
1c6892c5afae0909bd703e2fc23fc6d3792dac5f93f82b524a48bf66d72fecfa875e4647dfb529f84e91e68bac5529b0af6ef1de42ccb7d4fbd784e7
d1fd6f7dfe5a04bfa23027e5e133e5e015fd6f49fce92e69fc109e2a76fd7965fda9975de8afd1517d9346f8597878d0fe13aa9f3505c7b717af7acc
1f3ff84329827d7a9bbc67eb5660fa3d7b7ee87c536a68f9162c6549684a11fcd19826cfdca9293fb49fb92767c3d4941bda67c3c9d9d0ec34e5337b
0a51bd7207fb397b7e10a9a644cd1f6d4967381a245d3acc8f56bec98931614876c0613cbd549ae6cf742f45ca5bf52c570f2328bdfa679906a827e5
7396e7c1293056255a968fc12950bb92252749da4c24a56f4a8d9ca46e6642189a72a127ad87331c0b12f1be0ff4359a66879a9d6e56345316f734dd
ac883054cf74f5b0df506fb4eecd04d7ebc684941114a21ac2cd1ff031fe071e0ec9e633b90f1066fe80eabe0e9eba32993e784e1eba5f62d14d19e8
9f420cab2b657516dbcfac7e567fef7ad41fb1949fb4679c4c1361f60f548d66586c11673123eb3cea94f43e8f4e1ea9ff92d3fb917ac601f4e01996
2cef4f21baa9cb8c59a4b96678aafe51b368a19d3a601253fc80ee0ed471d6f962eae884395ccf72f58beabbd05fa3a986a56dfae049d49af49735fe
32cbea84395834a64f98f3820775f9312ff3e005931092fa80dbf8c36bddd5bb3b3ad40d49d66d09bad59dfe1f78ee9daf6fff1bad6bce6ecf2561e1
9232004f3f05cf5ba353bef5db4a291e795357b6fb5b8b16516adef3ada6d24fbe44a1494eff6d17bb45b49883efc2bb7aa65eaa50b6eb8ba02defe7
12a4db4ae90ea5d495edfed6ea347950ce1f4de56dfee7e5d8d9bfa75f8e89f472f0f4c6a74a22b91c4bfa24fc653ccd5e420fa323861247a4597580
2693c8a9c5f8c7f86f7c3e84fe093de96411de3aa9864eead2e3d5a4e10c9a75ed32abb9bf8a64d2b4d5baa18a06d2b4d56cc869b38b3b9bd7be3057
7f3f171b36bd0d293b893552f3dac76133eb9686502a5188ad51d782dbb4359a9c2a9d547b36735983cbb4b2367353c45479d5d74768512c5ea59333
65134f85424c9346dabc22f276ed54dab359cb7294cde9e3efdd2a94248ad7012fe3a95ead7a45249e7dd7422987d545f494b71669231f88899c92b0
9a5db39bee3c513ba3f6f41335d9525ebc58b86b33393b2c9fc464ddcaaea3ec341fddeb336fcbce3b3dfdb63cbb7a299ac9aff614a89e97aa39cc06
033618fefc313a264acbed306b93de4e09a60fe8da099ba6f91b1e130fda4a327dc0613c9dd73ae307edc9213c27f7c63b23a25a789919baac9bbc67
0fa926bf67cf814065b187e25a9c428acfd519ef0978fe565aea03dec637f04378771e0acb826efae43f27be3232959bd394e79d7bfc7dde8d0e1a64
a9b869ca4f981b1fdb03fa7b069b8c5e46ef40abd1f9570b9d943698cb9dd1a024f6d35c16e10aff96cee9356c6aacda9ff89e602ef46a96ce5a5ea4
7888563ee7038a66bc2067fc010ed88da7d921b46690475be5573ee0637c74479740737b49e5793617d1cccfb373a3b8753934b7d7c64d77ca65fc30
7e81afc23fc6d3ae34fdf62218370b49f9790f2855bc61a982c1c6dc563824f1239cf881dc6c289c5ca416b735ce8e476a3dce4cdf10cc47a395883f
5ed41e188d83e17cacd11f118113da7c2ccba4f7f36ee6f11e907b03a5ee3de06d3c34d346deafc8f3417717ede4fdfe3b1f94b1cc29e763cee4089f
2f2963bfd0ce2fac73492f7ecd3a1ce1956bf6808ff1d4a39d86df62e7171d726ecefe83edd5d707090ee1ca207b4037cf302e4da5df5e27c7ed7ce9
7cf4b5d6f8e27677492f7f2d605f0d5b93f633ebf2569b2f6dd17f66dd9fc8214deb47d9f9d3b0b50df4ebeb5b08ed73691be8d7d78945789661cbfc
b93f3f045e02f9f3b2c2793bdfda1efab97412ec3acb6409177e0a0d7c13be1b1fd5332a7bed9fc213e8025af2b8b013cf3727e2a5b829a710918f58
3eeccd7f0a93cfd5e870ed21a6846678213d21e0ce7f3e1fc2bb765695a1dab57ce0d8ff7e7eab33daa7290b95f2ae2eb25051382166b471b6a3ff29
d02aef22cb2fb70400484ac2ba96425e2d25ae523ad6b5fca28b77ff5b7d13ba187d077a085d8d0e8d44d49d4544000acc2b970b24c2a2f09c6a923f
ff1a4d67d81a2d0591380568c3de68f9d88eab7e520ed6655ffd85777eca958b9795a5aa56a6f72c66b8ee5308dae8a9d1defaa730c1bbfa65fcc9a6
f3c9fefc2734eca427c595cd4ee1b8ef43c50bb9f6c815fa711fcd4d19a5afb740d273518809e1a8613ffe53a05131a5dfa2df42053f846fc69fcc3b
3a992cdf14e0d27f1cfe84379765b8aca8ef5acf57dc18e48f47ba4c48c4b8de6a5467045cfc338969965dfc172efeefe7e23dbf73e3e37ff04df8db
f860033c4f0f28c2c74542d6f3f7b2ed3b5efee7f3217c359ee9e668b26cfbbe78fece84263ce0233c2255bbbaa365156ffcfc1185fd108d377eca8d
6b05bcf029fcc053bdef0970bc3ff826fc657cd0f8f6e7d368aa113b5d9611deb9b3acb0d6a50574f112adec9c07fcc3d34d318eedd3716e3f2e94b4
ebfb8385a978d64ddbbaad72c3663ccb08c0feeba740f51259df1be0d77ef074c7cfbf78b02765903ca0ab1f54df8476f51a9524fff6a8743f403ce0
036a527452972dd3f2491d97f34c5e9e85df3985a8be4bdaaa399090f24ab3b87048a710b28cf5cef2091e5ff3a4cc8b2f38dc2a0c2b3557cd9811ac
f57c3e841fc647edddb588943c46e72ebef763f4d2c91e47d017d4c9fe2d409baac19a61ab68c3aedafee96f018e2256d2b213f92904636a796ceebd
cee4c46c3fe0307e816fc2abfb8d5dac4c95966dbe17b6ddcae4f782eebe8ed3e32ff8f1ff6987b59a17bec6a8c9cbb7f052a740336cea713ca7103b
9a210d69dbefd561e851fcfd363e741b37c1f6413f05aa67afbfbaf99c876925c65b764e3f05aad75ea40f571f390675b7b0ba57039db7c961b7ec59
7e0a542f311a5626e163eeab081ccd29401c76d1cbcfd26b68b0dcaf2c1fc4712e4f4ae37640571f2c91a4f27ce0c6e9dc5717763a5fb8991f175e68
303c28a2e6c9dfce5ee7a750f85c9d379ff346ae44710bbf720a542f06f2411c9ff24cd0a00315a3a3efe203db9baf8834796a51edcbb5c75a265b1a
bb982f5cccdfcfa596a7d9093374258c5bf8965358e0bbf0dbf8a85e1a639af0616e9e9398cfe6e60bb372a5835bcb66e5e76e233e6f424bb4a62826
e69bd68e539de7ed66f9bc8dc7f931a2803d96f517596a93787bb9373ce32b8fd8016fe32bf8267c33be473545e86134ad4aa4968ebd6f219cffccc4
4bd7756f2126f032ba1abdf8bc0b2fbdc369be982bfdac8f87792aa6f1f60217d6d5396967b4bdc071982f26c236e937a497606e6feb3672acddfdf6
0e76ab33c2fbb08ddb784edaf43feea39dc825af7ea5c78bfcc54b5efd4a8fbf7852baa617f4043e4ca00e038f27305eeb8f0bb8aab16ae7f0acfc4c
6bf9f0bc304056f6a103aa3b5f2450f737eb6b15fe553d3a2af995977484c798a60b5f8d8f29946fddfa59487e0849f5e75fa37f7c0e757c489513b5
d2b22c3b512f395117ddebd889fa14f0c5d612f0b322c27857f954b6dd99dfc2a29e2a3c3bbe2d4761e558d87614dea4144c4aafb0bbcc624f216691
78f0071cc647fd175992bb82a39d02f59352b2ebd5f214a887c4a03d7197770ac19a5dd5b0e06eb9fe169cafb6837c9e0278726df63c8c8779c8176a
17df4d4cd0546e920577852bdb72fd7df1aadea3e2a05388f2fe82d3d5b30a74a3abd1410482486df22252085e2049735768b2b710b962095f7ca064
74e810dc3bb67d7f37debe1939d9b8fc52a0d16cbc1b6511207fa95d7c4fe1743d8b028a59b671f57d6b21d967d73be9c6d7f7e08bf0ddf811d55c42
4fa3e90c9940bb9e55b75c820b9721bbeb5975cbc7b7e0f67140573fa85e9d47439dc219d389c5f4cfedd5f9f8abff6271be2fd5c62dc729dc519b86
e659e4e9b6e09f71c0613c6313cbea8df62d10a79b40c30774f58bea35e46512c1ca37e973bb829b9d02d590a8b4eb2d76cb4db9100178e39d4c817a
242a97497aa12009d77ac06a3cdd278b7dbf86f8e48a6ccea4d93b90ab6125c3ec7edbc5f814aef379512d265a9809e72c36b92cce9ce00aae6907fc
6b3426526c725922c268386771898c86b7fc8e0b46f49bac9d14824b2ef5c514e635bad4a446adeb3836160cb076bf4d798e8da54a6c6ff338c746a2
2e1d68191d7d27e17397d1f0968371a924d0b683f1c6c1386729c6dbd3c161b26097b5ed60bce5605caa087c5b91729a7cf1b0c76d26be61e2dbe866
74f45dbc7a5b8fdeac7adcdcbca0750e8fd0a54a44ee751b4f2f6ff566b99722a59aadd62e153552c931ddabd548452fe0c976c06dfcc9669fa5d6ab
79b88a96cdf8663cd54816aa79b8a2172ab49429f42611eafb79572fcdac9842972a11a9e656d283e7e6cfa7d1b4da5dfd633c449044551333de9d0f
5ef5acaff1f17dd36ad24c34ac9b95e867f766c9e77dba34f16bb3e4f3105d9af8b559c972182e58846dfb3f9f42ec6d5bd6f7a6663c49e74cdeecde
cc818d45af69e96fd6080d0e6ce240c55adbf2972eadf87bd703799a747b5b1e2e42ded54babcb86d4b6cbf86d7cccad88dc4ccc26628ac3bb85b98b
987717fe369eeac599dd1cc8d95819c17bf74e0123ec8231d701bbf1c12263083d8da6f6a6de586a3bdbb4d6d49b21451787e44c86c06d77e94d6283
f773e9f46ec6ecc19845ab6d37a34520b88ca1f8b673f596137569da580cf31927e9772750841fc6c7f73d419ae14dd4206ebcd6c761d270c02e5d6c
36cc663c69172cbfb67db4b77cb15fbceaf16007d2d9b5e51896ce81b875f1d9f09a41f27876cedba91a76d751ba8bcd8689c3e375e95275c3d4c149
fbc5dfc2bbfae0b3a25e4e6f8ca688264d37bd389074be4848a6374053b4acf4665aa3e914dca500a789837375e9d274d37b16acdc5fbcbeb7ba9f8a
f0afcf4d339d9abb36bcd33238454b69c0695a4e68595cbb5b15cd5ec5f81f6cb0a64537bcb03381a10e645ac0875db2b5cc870b6119da832e6bf108
f0968b266c99143a6b0fad94cbfca3b3f6d04ab9bc4309afea5c34bfcb6a0a67eaf7f322fc329e5699c8e53dc752a41d6d2e96f71c61919f8bce336b
b996c3462f5a8d7acba183fc50eddb5a4a07f9a15dc1365771902f525edb5cb5515ee37635dbf8e87b752da258bce69fcfa1989ca937ced49998d9db
ced4a740677436dce6cdad7912cf6e2bb50d6f0e2db7dbbcb9e1cdaa4e9a37f1397877faaac64a6da3d4fe6af1584532a9ccc75c138ff927d8d04778
558fb9fdf5d1e6f071f50fd5b72cf4347ac5e76508ff18ff0bbce6fbf1a90b77ea17afeacd070f7ca09dc8639ec76afffa68621f6b9707edd2d4aa57
316e2ddecfe9e5d783c56afffa48eb7cbd8a610af0e2bbf0c3789ad5eaf6f596e0abfa35b53ff3df2fa6fc4ada42fcbcbc455a835cbad1d3e8a83e49
c27fe6046e21ae24ddfbf3f2f66379d312ffb364e2a87c719b7640b7ca546989ff79aac262fe7cee6a44342ce2afa44de9cf6ae8871ad2b6ebb7aad1
b42ae1f9790fcb558912dd6dfb399f02dfc3f6e3231acbfff9225bfab6fff35b9874275ef40f781b1f44232cd9011fe37fe01bf8e57a18169186b71d
9a4f817a58875f701b7f588a705a07fa1a4df52cc3f67f3e85063e0baf61613f7e911f66932d9bc21dd557a1abd1540335479a7fd5d04b513379b449
a3aa6a76b9fa98ac4b834dcbd547749c4b5bf9a1fc565b7ed117e653db7ed16f81305b44423de06d3cdde1f83a14b5ed2dc00cda4a0d998f9f427ccf
7dda01ffbeff81e77b5fa39038fbe0a95f86dca7c0f7ea4f59fe3e36bda46adbf6143e85e83ea9060e781b4f37b96122dd3685103802386d7b109f42
54cf0e7f5cdabc8c0bb52091180a5a760ad1cb4b54f0dd811c91af4bac79999adc1d5c9eadcbd424b0d88bd7f712681228e54bc4bc4c1c6e032e2285
6d2754daf221be2eb1e06589c029f8c2c0e980ae7e51bd466bcee77cafac96dbbec21befe0a41c967b28acf9c65938e348b8ed2c7c0ab48ada19be0e
c089385f2c102fb48dfe06da95ff848e35f822a6d61e4ab2b6711ace2732d7bf7758e3d6516df0c4acdbd5a127e68da7f169a40aff181f7d62933294
b46de378fca26fa1b3d1d0a7aa762bb05bb32bd1bd2deab7a6abaa1ef3f80d8f4b0328dcfa29c488ab086149c7605d993e3779d129845aaba2a727f7
d6e4b2828e6a055035b9d2be7a06dfcaac7e5d92acea59e426e2ba2459be891861bafe36abea75d8198a8c4696b40336e3cfd9f9d25aa067f053a0f6
a1da3d21f8702b79e8c6759b42a811c2226d3b656ffcaa9392391ef0323e68692298963c9b5f77f6e71e2c8262da588bc48d4426d2d8bbf9b39c700f
71e9267934cb4983f1b92d715ab1adb4621e6a33c5b885b86e09bf6f21e465ad84c2db5ed6a7f003af7accac71ef906fad9ecdeb0f96ec1706719ba4
f414bef1b9fa6e15d24448365864ada7d0e2f32174379ada2550be84c0e53b931a79dbe3fb14a28feca246b7daed6c556f0994ef20c875ff7ede841e
46d328b760a35b4bf33e7fddda88746be92e4a8a577d3781a778beb3aad1a5f98877fa17ad4e9a253b52af7b65bccb29dcf1b9d1d5681a953c752b83
aef9903c75cf47673ea4d27d6531e2cae2fd7c185f8c8f56b5cc76d39dab8c8b0c09dbbeeaa7108467dff942d968c624311b263c371f17415eb65ddb
4fe1079e667df331b8f9b82fa38bd1d1c9ab0a5d8d0e12e85e79c886e0149ef85c9dd17976701fa284b97bf83e6470ef715509f1f0ea18371d27eea0
3aefbd0356f8976e84c7300f8739be8c340f348da67ad3cc3b1cac022e5d098f69c53a4533099a2f3e06171f7aed78218d8aa872976e845ff0323e68
26de9ea619f721579588f83e444102aeaa35679a5bb90fb9aad61cdf87e0fe9ff12cdfc400a0c0a0a49fa797a8882397c9c7b8edf47f0ad4ded51b6f
c3a648dcd51b9338ae38f2fd57fb329a56393e3976c029d06a13ba1acd58b5b62c2f4511752edfd2dacb145e62565ef4c6b23ac0a4e16ad294cb0a97
6b96175f8477f5b0a53b69b6e49ae56a5a7296f5f0420f4bfb2f6f1a16fa4097d3ce83b6c98396f1ad3fd0349ace88e997999bf8085713d32feb09e2
205c4dcaccd72f0444c8444c3c90ab5f8a62f99fbc0c8ee54d05d73357d39ab43d61784dbcf85bf8cbf8e0362d79db13c96dced5b493dc562f5cdbbc
9b8424bc06bd3563d22fdbb2c2fd8c1ecb5e681a4d2fb59ddb9e9970b6c8565edb33c3f5ccfbb97ae3eddcd68c6923b6adc1b7a6403bae6d5989f00d
997090db411b4e8141357fbe8d3f6c55754add26f1168975207aac5e1e915822f758559355e06ada9c3c168a88de90ad341f33ff13fb3082241c6818
4d2787f18ff1f44607a2c7ba5797484dc7c5c7b4896ba374f58fbf776f50185da7e3c7fbb388c297abf8e9f16e439748b8fd1ed0d543cb9e5ccd5ff5
dfa806b46f85de422c9eba611f8ad5b709ea90abd8efdb9bd1474b59b17ff57ea9080f6f2d74e6eb452ffc4464a5bdc7d7fb390c68aeae43dbd71afc
0be57524f97ab74128870b7bd21734b37e61562d0f4a177a0a35d01ae974d75117bda851d33d9c4cb2570d457838051ae562697cad45be9a26ad615f
ebf5afe8ae23ded774ffc2c392849fe91ed766b2f53e50369a5955e77f5e21c32325576dcf140fe21468544bdbcf2cacbb383d0d8c9f79f8c7e14e4f
03e367454d18c017afee58be75bbd625393ff3f04fb4d40eed67d5abfbaf8eaa76a4884da40899a46f478a3885681627c103dec647b3837563caa165
2b24c4858bfa0b0e570f9b75a35dcd08466099216e0485e83ca6b107dcc6c74cb9efa2cdc4cfe5fdbc82977c2bb0c48b57e7a75b85367a43980a2eb8
09199149e6f442cb34408eb198dd531e2aa74035979ad5de4aa1225e3cdd54a88853a01e4e25338973665cca65ade4532e2aa740f5b7abd9c63ff1b9
6b1111085d78913de5801a6c424ac893f28252f4333255bed5dc4267a3a9065d3995aa722b52c48bafc22fe34ff5b72ee81d11e214a2fa64f46d740b
7411ba1b3da9a509bf8c8fb1a2291d56e22dc458ef8f6bf758898bf8e2f5bd164785a1b83fd978cd20f77ff707b5356d4535b1a2223ffc81dcacc6ca
ed8ea34d9c02dd61a99ec583c58cea266ce10187f1348b4273188aad7013372e0b07bc8cbfa33b43e86934dde176742a2de42904e98b6a31113088ba
31ee3fa07b19c11eef4f576fb47ccd22e28cff20f6d5f97afbdf8276456336ed3080ba93d8d606500a4671932ae58097f14733c88c602aebe3292c3e
6fc26fe3a3559682a97c0c5b212dee2475a490166f61524d56f5d28e9340857762519d97b9ff52ef25eabe649c388ddc7a6598b7d55d788f6462126d
c7a03805aa47b9cfdb7c7bab9bed167e184ff59a325fe91175429e3007ba8c66545dbdf4a8b8babb6544386dffa320144a00bda7ed7f1455e2d61b86
a34a6c4595b8f586e1a812a710ddd71bc6f4ad1b7124b2b69eb35ab171197713ab703b7cc42660c40970ad6ab4544e1212dc78861fd0d50faabf8516
a755f55242ed8baed9d0482cd08e07710a41044c820f781b5fc177e19bf16707d49a6b5f46d32a87cce9fbb2c97d59d3ccfa5e6c86754ed6fe78da38
877811a716e387f16753a76df36c5e0fc365452e4b9b601214e84b575f2ce98d80e3b9ab333abd294ec48b6fc2bbfa49f5ea8cecf526a63c6da8335e
39f067b9f3506f966b8fc35bd3aaaaf48b9b3812e773d56e26c3c4e72e623e9bf8287ec44d0e950376e3a9be09bd8c8ebe7327e4ccdc6f01092cdce9
cdeef9e076ed26e3fb0145f830c679f1e2c9ae93adc24adcb2a598bea29af8a7dc7acb9fc3fa290249c8cb6b134d8202d560703487597ea89be2325b
db2850c48b573d66042e9d3a179b53d912df42e80999f8cce19500ff941b97f63d8797c3b08a39785563ddcd65d17da9fae9c1e242725faa7f5a74b8
e679f1f4d2d73c7332e5a4f638e0363e7a2f7d30ddec54b392d8654e586a56a2b6dc2c372bb7aee7a76f5626372b9d27d0b9bcaa2ef5527bd265b512
ee1e9960e1db31184e81de481a6c9032b9e3b82f2957df714c623ddeb7a67c59b972fb70df5ca14cdf3e4cae136e5de44e5f274c42e7dfba599fdb2c
c275c28befc2dfc653cfe5ef5d8fc2d573fd307d9f40f086dcc5c8be4f985bddd45ee7b1ba7cd44de99cc76218277879086e075b3885c5e75df8c778
aa9712f1c95e51156e5df5ccc793f2302997d1ae9e0d9f2e4fe6630d4894c617afefad013992df559c6cbb8e895d07818e0ee4ea2142d501c247f249
44c35b97b053110ddf82aae7b037bf3e297c558f04cb47cc89ffc75dffb32dd6cf53cc59f0f6b6d867c1b710fabd89556c523139f3ddb2e15c3ef311
86e044dcacc26fe34360b84b7ea1afd154c38ab86c0aa16805b7ac26970f77c42138f822bcab475971ae593ec5119fe0fdbcab9ae9ea0f4bca397413
bc800283edaa5d97082be201be9f1b3d8da633ac71cbf6170a3f70ebcee805bbf154a34eeab8b3c2e02213257f3b28c1260c417ab7851fe12fe3eff8
fc16ba1addf8fc127e18bfc057e11fe187aaa7370a26780a546f74333afaded54909cbc22be72678df0b9ac0d882dc32d55c36ee589c1c6fdd01ad64
92250e0cbd6854cba382cda4031cf4e02d20d3c4053b60373eba890a20ea00058820b6b11187e20fdc266676f775b8236cd55ecab1b709219049bc7a
a06574701fe7d81712f71179f0d67dc9cabadb5340813ed4778f158b92bbb3d959b62851a081fbafd5e5ce8b366c53968f8e8a28700f314e31e3c419
3213e1e940d3e81f9fd34b7bd42c9d1c714d3ea0445067bec14abc7ce65b78b5dca44538e0633cf51775d353aed39bae40964d4d166e2aef39a60adf
8d3fb41f1cf31d22e0146816fdb86c99a2d001b76c111d3ae014a89ebb8b759973e21c9747325a737869b44dbdf1683158b9893c78c0613cdd613fec
48036f21cc916ee2ac1cd0dd0f2a54dd752c9f0217de1bf5a359b141c6e2f8563fd2bbb73916d38bfa11956d7ab138bfd58fa87c6b1fbee22097758d
457e7b0a8dcf87f0c3789a95fef6318da000277271165edfe377513fd2dfd5da2532c2c9af7c3b18c029508dd48bad2048547ff0457851a16ab492ac
3a5dfda4fa2ef4349ade0ff5de2cc8b1ae12e46e3b18c0262bfd8b6731745afa5388eee888bfec2f415efa8387f8cdbc8643434d12093b342c0e4715
bfd903ba1efa99c4fab63d905b7f9581a1b3d06ffcfbb32e05973d1ae4ed5f9316551b19acae6169526c4d40c2f983bf841fc6d34dee8797cd09e4d6
5fe55b69b7fe53e8e0f5bdb52f39dd6ad27a28bffe5338dbc471ab9bda262eec09aaae1056372b7751537ad38603a4ba4f35730de45cf79b5cf7d98a
a15bcd72ccaa991386a3096cb2c7bff82cbc15c3403170963fd1e98d0ee21ca7ae7fefb3d630e7c6e3fdf9b726fc4f7868a1bd818f5572fb7f3f37de
9d8a856870965b7661c0cffffdfc56ed5e7170fbb7121b26050fff555e536b58da79e17ff1b7f0eebc4827c6f2a14d7eff5517154e2ebf0900f0aecd
1fa1a7d15423be529ab92dbfffc1e1c97effa740ed5202d3ec36356152b53e122ee2fd57f905ad69769b90f80f5d8c8e4e6acb60478885c343cd5ad4
edf0b070782000d68144790e96558e386b79355b307311572d6baaa556abd0d5e81893ccff9d927e9392fee09bf0cbf81dd50ca135511c14dfcf8537
1fc489b17ca4ef94c06d93b4be7cb433f05bb8820754d9e13b59fd29a4f8bc0a9d8da6516db2b6d50ba7d0aa0b0667b1dfa4ab3f7826649b0de2385a
7411bfec5c407481937c46bdb1447108ad4533b2bd226e515e24f6ebf52215c18b1fc26fe39f6856d5eb666ac5e3f58bd6d75e28c9445065e0bab645
87336ebdb44db1d3c122e45fbdb4743c5e1023f69f22696c07213805aabffcf9307e81cfc28b081c4e5f3c347ecc66714a7dab6f424fa3e925b7bdeb
b1ca7c182c87bdf578b03c5257d9752e65883b057a2915ebd7688550a8b2eb5c4a21700a9114e992dafafaec82d3c18bafc26b54f1e67b82f6eb7b6b
45020956193baeafa584d7db4a32c6ed500c5ba118aacceb1c8ae114625cb22d5b3f732c79d3aa8cc8d6cf1a2412a829a2c876a88453a01a1d277d76
567efa2a93a5e5775425a2af32c77322fa4d22fa4206ab0355a3833ab7e4e7676dfcd3a862d3f490679e02dd093dfa38b3fc5b88480c15039c0366e3
e96608c40187f0e1355171963ee05778b881cc9907bc8c0f5e8bcdcb81aad1513d56670774f50c0b1387c781241e0592a8d82c3c0e24f128e37cc538
e171c6f9878cf38587af034da3a9e6a2970aaff79062fe243b4ac2dfc6d3cdfb127e184f3d3754d309f714e87ed5f7a891530835124be481be46534d
537796ab11319baa5fee8ea8d335ace5ea57541f12f438a3fda3b016b56a6e73d7dc1231afd64135795ec607d1d41bc59d78945bbef24af9743d6a3e
8a475149eef07425757b082971f0cc49362b6458a1193d8d8e5e92fce3712889875012855dfee350128f92c8d763ddf4cf2dd6d38bf99c27d2f7dfaa
f0ddf858e5bad1d3683a75d15925997f082d5188fcf5905b9e420c4d04559cbd87c8126f2de27ea5937b0834f17eaea18dafd1345a99c762aee2705d
9bb84a87eb4721232a69340ee8eae1b661f44f683489245a4e22a7006534edc5a258342fd22497e7854cf5b589065757ef71b3787953df2f7f1fcdf2
eefa38eac2a32cf095cb9da75fe671bc322ad92c1fa22d50a0fa8bea6f7727e22cbcd50fa18bd1674688c775a06af4a29626fc36fe89cf2fa1bf46d3
e8cd4cddd617bcaf566e2e9f7e5b5fe880deef2ebcab1f542ff4140d7081a85d13785bb2743ee766ea80922cde4b2b6ebb8ff3b73f8a97f09eb3196d
356df05ea85c121df0369e7647175eede2475087a650b9e04e21689c9bd0d9e8a87e483154f3250110ea9062a81e964edc438aa19a432a1ca2b5a07a
8d08f782f7732986ead1ea803e2ea8d3bcc4e102508744bc595963a45f39461df0369eef87be5f7fdf53bf04a59b9a1108ef3d277faaf0d3f85fe0c5
3cdd4c82ed7a234aea01b7f1c10c973ef762c089b57dc49add8b0189d6da47aaa8bbfb04a26f38771ed0d52faa876ac37a1323f5860fe763f7fc4739
cedb473ca833e95b98342bcd383cb91cf79a95d7347526722889986e9653604b22c2340b62ffdd8845f7e0ef4ee1075ef558f1c631b070d9f138dbf8
295cf1795135d6bc187abf7857f3184ff5d222d32a1603f0e649991e2d07be17df84773d4e45a6efadd530e96e490a4026dda770969924224faf7d3c
54b6545dcd5ff55ff0107f59ab2d514dacbcbc8a45bcf792a42f96b51ab6db2d49b52fab295e245bd2daba2c294b54d39c2f536d893a5dcd7ac310e7
d5b759a3abd1105982b52ce70b39d782b24c33cea52d7ffcb97b092d09d3f4f465f9e404dab274fb360772024dfd16ba1a1d83cae2c06de2843f7bf1
98b6a596e7ce96a5ec366f1d8fdcd55b9696da56ed1bd53ed4ead062bb51995a83b7556678b39f5a8c77272763bdd4c9d98d3f139ba590e5c57e0a74
e6cac23fc6431ab1f1b60ed922a5d8789b2de384fa56afce7bad0d63eb72cc6ffe832dd6f676736b5ea4021ecf0bb6d82d6bb3fc788f1e46d905639e
c71ef78f7cdcdf5d25637eacd71e3a95b2d05fa3a3d59268f5ebd5001ff786a1c5631ff747beecad881dbe6687385fbed557a1358f61b65cb256eeaf
f5ce17092ad9f86e7c103427a1a7d1345a2ee11fe3e9bc8e355fab23ceb22f7e08efea610729c7af970e0c915b91ceff5a8278266e455aea6b09c240
b915cdc8d76ae72b5aead8f4f30cfe44cb5a84bf8c8f1994f2fd7906b15c6e45daee672d1596cb258b083faf9f042d6c454aed6749fc89c6d25e3f6b
a938799f64816ad6da084be456b40bfa79bd0d93e462d1fa99681cb85bd132ffb3ace0ffdf2ec9dccfc4e4c4dd2e6d647fe6cb1f7c89c80d19343ff2
f36fdcf93cf6f37f0b6149d0f0d53ee05778688fbff03364cc7b0a7407dd3e94f7ed2dc0525c8f1cf0319e7a86ea99ae071dcef5c83394c8ed1436f8
1bbc94f5c00eb7ddec6af09ca7109308ebd883fe14a23b84153ca0bbc34a86d7e733b25632651c6f38021eb01b1fd5c3694386b88f1cf11b972f8f1d
f1df42984d355cf50ea8ee70a86cf8483e76ac3f05ba09ef0c59c43e4a14de6e76ca4e147e0ab48b1e1fc5ed72b26bd8833ca398fa71963b787d3fdd
2e028d3dc80187f1d493fcbdeb8139f1d67b86de471f79ee37c2c03dcefd7d0a33f0c5df7f8da71eee53ecd17f0a05fc2dfc6d3cf58b0b2f732d0faa
0d6f8fc7aefe8f5cfa9b2e549c5bfcc1b7bf703b7f20cd2eb1f35abd85970c8d0b1962df6197fb472ef70d739667dc96895bbd47d2c7eddedfeaa566
d1a73b127117b2da3c4356b20ffeef27a36211be1b1f3ce85aa4c49587bb35cde1ed39e7f5b511eefe19b725ee66ad6f92a05b6bbd1cdf1bce6a0774
b3287709ae32b83d78ba9f6496905e19dc1e1cdf4b71e7976b874348f87ac0613cbd1787f8ec28cff7d6c4213e3bcaf3bd915bf38097f134db846e46
8f400fa1a7d1d4ce7e7b54cb55156d2e5563da54f586a5c3cee3a7c0a838758c6675d16856246e6e9637d9a6bb88d1ccaebcc9b62ea2299bda23eff1
17af66cd0971865438dd03694a8855d7ba9bd50a34c200b6140967f3a078f16d5dc2dc2cfcbcf8b66330f8ef7d9613843f723a6fe43d3ca05b8721a4
519b3533c7d9d6a53a7d9cc5bb5c217e1f7b979f02b54ba376cb16efc1ad4b03746b069d7ebb3480d2923ff893bfd51b5d8c8e4eb2ff1d4ac2f6e04e
fed622c5d02d5bbc12376cb85ed0b2d5350355bdf16ad659cd7a55b3162292bc35dda88ceed52c92bcbddb32d1c634d3d9ba777feeee88969c31f013
a77081efc257e3697664e1bbf1343b84562fc343fc7c8ecc0d2b2aac745b976a18d6b20362b2bdb3c7f82944abbac6190a95f7c893bc0d71bf8ffa23
62e31dbc9af5224aecbb36b4380d6f0d22085ed12ed11ee3a710bd1c627f85c47be402de86f8d5370683bc6daf0c56e1abf174531c38adc52330fcdb
ecff53d6b5ebc80dc3c0febe629bd4f143b6a93a48ba2440fec0922ce08abb5b6ceefe3f2267a648520410e71c2e4d5394448994d85c82c13e918d5c
0c76880fdc26daf2a9a1fbc4042c23d63f5e96e2a3c8dd81bc2627b370884397a4100093c087e7a0981aa263cdeff84a5ce2530d9c7a14a901a78c07
be134fc2e3e3620f4069ddde80981ccc8afa61a1d6b2d853cc029bc285054e2ec2f1b3b429c506324ad5db44e3291afd702c79e030b6a29e88d88061
67d649f10975dac4f96f913a111c30a44e35a5647b23054eeb291acf70259d4d746b45ea8c2278eb2a3568ca80e0804d1cceaa7a28f6a16da23faa72
6bb1c1ec38aca44a3d38dd6ca8b4e6a4098f9e4b6d566907d101e33e57aeea5a955adbc85e5aabd40e8d4deb7da44daf5c930c8a6f857bed6ca2ad55
b9fc1a2e3fb14357e90ccbfdf138a5d11ca0529707a5915bab541a2233592b7766510f3c11df84c346e8ee9a865d1cb6b689f3b2a6b1204e5daf8926
d2a4636c7f1b372a7293ff8a8ded552ba7261d23bbda66ceb99be6d69166bd267aa9a651374af5f9e314525e0d25fa8c5b03b9a93f63fb7be0fc5919
26f6b96da6c136b935c4296ce6e440718a8c3845a2b7539c22234e613382e248b646e3009e899bf05002a77197548cf08531b0992f7573dcca673307
d64b5e10810a9be94c15a8c80854242cdd0745297189df78dca5e927e7f9a3e19f2a6129eed426f870385c9a5326b805bc13be08fb1763b930a756c1
c39a134ac13925defe9d1272419caa829d3796cf83c298e48df1c2698b8fe7d422f808f89f48569aff9b60f9b312dfa7012c54d44fee4075e4e60dd8
02e662a4e35ae9849af44e25c19bc331f1756a176c01ebe922f87278df0977c2de83120a8a74a5f775e4f3b1ae8c53e2eddf34edd418b3ec3aee744e
3048a74cf019b09e962425f4cbd7d9f53a31ed4f8976c1697fc70dcd0935bfba6e621e8d901b473d9c5a04c797de8df02e3804e45beee8efde080338
c4a40a0e010f31d14f8671a1189553e2ed5e20a1ba54c70dd16804930c73e1d94f6fb880b8c0c1293129f1d126fe649180dee5133257baf2ff3af2ff
58e4a92bffaf23ff8f559bbaee7dee48ec4b1be5663a5fc745cf2c64e45412bc07bc113e0487c5667c1dd6d4f6c6e206b190c9a9a7cfb09375215c04
fbebe0ce60a7d86ba3b2360bfbf4f390aa62b531e04458bc4bf08e797c2f1c7e47c3cd6b896d0e279ad01ea1b34039ea749c5fc232a6eb984dc7311b
afedf9574776e2e5bc3f7df97ede7f9c2fd7ad7e3c1ed7eb7b7baeefb7cf8ededad59f5fafc7f5fbede351afdbfdedeeff2bfe3d7dfaf4f5b5fde29f
9cfaf9ede90fd28d8de3b5390200
